ISO-10303-21;
HEADER;
FILE_DESCRIPTION(('STEP AP203'),
    '1');
FILE_NAME('массажер ручка 01',
    '',
    ('UNSPECIFIED'),
    ('UNSPECIFIED'),
    'C3D Converter',
    'C3D Toolkit',
    '');
FILE_SCHEMA(('CONFIG_CONTROL_DESIGN'));
ENDSEC;

DATA;
#1=PRODUCT_DEFINITION('','UNSPECIFIED',#28,#31);
#2=SHAPE_DEFINITION_REPRESENTATION(#26,#3);
#3=SHAPE_REPRESENTATION('NONE',(#4),#8);
#4=AXIS2_PLACEMENT_3D('',#5,#6,#7);
#5=CARTESIAN_POINT('',(0.,0.,0.));
#6=DIRECTION('',(0.,0.,1.));
#7=DIRECTION('',(1.,0.,0.));
#8=(GEOMETRIC_REPRESENTATION_CONTEXT(3)GLOBAL_UNCERTAINTY_ASSIGNED_CONTEXT((#10))
GLOBAL_UNIT_ASSIGNED_CONTEXT((#9,#11,#12))REPRESENTATION_CONTEXT('NONE','NONE'));
#9=(LENGTH_UNIT()NAMED_UNIT(*)SI_UNIT(.MILLI.,.METRE.));
#10=UNCERTAINTY_MEASURE_WITH_UNIT(LENGTH_MEASURE(1.E-5),#9,'NONE','NONE');
#11=(NAMED_UNIT(*)PLANE_ANGLE_UNIT()SI_UNIT($,.RADIAN.));
#12=(NAMED_UNIT(*)SI_UNIT($,.STERADIAN.)SOLID_ANGLE_UNIT());
#13=MANIFOLD_SOLID_BREP('',#14);
#14=CLOSED_SHELL('',(#53,#54,#55,#56,#57,#58,#59,#60,#61,#62,#63,#64,#65,#66,#67,
#68,#69,#70,#71,#72,#73,#74,#75,#76,#77,#78,#79,#80,#81,#82,#83,#84,#85,#86,#87,
#88,#89,#90,#91,#92,#93,#94,#95,#96,#97,#98,#99,#100,#101,#102,#103,#104,#105,#106,
#107,#108,#109,#110,#111,#112,#113,#114,#115,#116,#117,#118,#119,#120,#121,#122,
#123,#124,#125,#126,#127,#128,#129,#130,#131,#132,#133,#134,#135,#136,#137,#138,
#139,#140,#141,#142,#143,#144,#145,#146,#147,#148,#149,#150,#151,#152,#153,#154,
#155,#156,#157,#158,#159,#160,#161,#162));
#15=COLOUR_RGB('',0.564705882352941,0.564705882352941,0.564705882352941);
#16=FILL_AREA_STYLE_COLOUR('',#15);
#17=FILL_AREA_STYLE($,(#16));
#18=SURFACE_STYLE_FILL_AREA(#17);
#19=SURFACE_SIDE_STYLE('',(#18));
#20=SURFACE_STYLE_USAGE(.BOTH.,#19);
#21=PRESENTATION_STYLE_ASSIGNMENT((#20));
#22=MECHANICAL_DESIGN_GEOMETRIC_PRESENTATION_REPRESENTATION('NONE',(#23),#8);
#23=STYLED_ITEM('',(#21),#13);
#24=ADVANCED_BREP_SHAPE_REPRESENTATION('NONE',(#13),#8);
#25=SHAPE_REPRESENTATION_RELATIONSHIP('','',#3,#24);
#26=PRODUCT_DEFINITION_SHAPE('NONE','NONE',#1);
#27=MECHANICAL_CONTEXT('NONE',#32,'mechanical');
#28=PRODUCT_DEFINITION_FORMATION_WITH_SPECIFIED_SOURCE('ANY','UNSPECIFIED',#29,.NOT_KNOWN.);
#29=PRODUCT('','\X2\0414043504420430043B044C\X0\','NONE',(#27));
#30=PRODUCT_RELATED_PRODUCT_CATEGORY('detail','',(#29));
#31=DESIGN_CONTEXT('detailed design',#32,'design');
#32=APPLICATION_CONTEXT('configuration controlled 3d designs of mechanical parts and assemblies');
#33=APPLICATION_PROTOCOL_DEFINITION('international standard','config_control_design',
1994,#32);
#34=CC_DESIGN_DATE_AND_TIME_ASSIGNMENT(#35,#39,(#1));
#35=DATE_AND_TIME(#36,#37);
#36=CALENDAR_DATE(0,1,1);
#37=LOCAL_TIME(0,0,0.,#38);
#38=COORDINATED_UNIVERSAL_TIME_OFFSET(0,0,.AHEAD.);
#39=DATE_TIME_ROLE('creation_date');
#40=CC_DESIGN_APPROVAL(#41,(#1));
#41=APPROVAL(#42,'UNSPECIFIED');
#42=APPROVAL_STATUS('not_yet_approved');
#43=APPROVAL_DATE_TIME(#44,#41);
#44=DATE_AND_TIME(#45,#46);
#45=CALENDAR_DATE(0,1,1);
#46=LOCAL_TIME(0,0,0.,#47);
#47=COORDINATED_UNIVERSAL_TIME_OFFSET(0,0,.AHEAD.);
#48=PERSON('UNSPECIFIED','SavatneevVG','UNSPECIFIED',('UNSPECIFIED'),('UNSPECIFIED'),
('UNSPECIFIED'));
#49=ORGANIZATION('UNSPECIFIED','UNSPECIFIED','UNSPECIFIED');
#50=PERSON_AND_ORGANIZATION(#48,#49);
#51=PERSON_AND_ORGANIZATION_ROLE('creator');
#52=CC_DESIGN_PERSON_AND_ORGANIZATION_ASSIGNMENT(#50,#51,(#28,#1));
#53=ADVANCED_FACE('',(#163),#165,.F.);
#54=ADVANCED_FACE('',(#170,#172),#174,.T.);
#55=ADVANCED_FACE('',(#179),#181,.F.);
#56=ADVANCED_FACE('',(#186,#188),#190,.T.);
#57=ADVANCED_FACE('',(#195),#197,.T.);
#58=ADVANCED_FACE('',(#202),#204,.F.);
#59=ADVANCED_FACE('',(#209),#211,.F.);
#60=ADVANCED_FACE('',(#216),#218,.F.);
#61=ADVANCED_FACE('',(#223),#225,.F.);
#62=ADVANCED_FACE('',(#230),#232,.T.);
#63=ADVANCED_FACE('',(#237),#239,.T.);
#64=ADVANCED_FACE('',(#244),#246,.T.);
#65=ADVANCED_FACE('',(#251),#253,.T.);
#66=ADVANCED_FACE('',(#258),#260,.T.);
#67=ADVANCED_FACE('',(#265),#267,.T.);
#68=ADVANCED_FACE('',(#272),#274,.T.);
#69=ADVANCED_FACE('',(#279),#281,.T.);
#70=ADVANCED_FACE('',(#286),#288,.T.);
#71=ADVANCED_FACE('',(#293),#295,.T.);
#72=ADVANCED_FACE('',(#300),#302,.T.);
#73=ADVANCED_FACE('',(#307),#309,.T.);
#74=ADVANCED_FACE('',(#314),#316,.T.);
#75=ADVANCED_FACE('',(#321,#323),#325,.F.);
#76=ADVANCED_FACE('',(#330),#332,.T.);
#77=ADVANCED_FACE('',(#337),#339,.T.);
#78=ADVANCED_FACE('',(#344),#346,.T.);
#79=ADVANCED_FACE('',(#351,#353),#355,.T.);
#80=ADVANCED_FACE('',(#360),#362,.T.);
#81=ADVANCED_FACE('',(#367),#369,.T.);
#82=ADVANCED_FACE('',(#374),#376,.T.);
#83=ADVANCED_FACE('',(#381),#383,.T.);
#84=ADVANCED_FACE('',(#388),#390,.T.);
#85=ADVANCED_FACE('',(#395),#397,.T.);
#86=ADVANCED_FACE('',(#402),#404,.T.);
#87=ADVANCED_FACE('',(#409),#411,.T.);
#88=ADVANCED_FACE('',(#416),#418,.F.);
#89=ADVANCED_FACE('',(#755),#757,.T.);
#90=ADVANCED_FACE('',(#762),#764,.T.);
#91=ADVANCED_FACE('',(#769),#771,.T.);
#92=ADVANCED_FACE('',(#776),#778,.T.);
#93=ADVANCED_FACE('',(#783),#785,.T.);
#94=ADVANCED_FACE('',(#790),#792,.T.);
#95=ADVANCED_FACE('',(#797),#799,.T.);
#96=ADVANCED_FACE('',(#804),#806,.T.);
#97=ADVANCED_FACE('',(#811),#813,.T.);
#98=ADVANCED_FACE('',(#818),#820,.T.);
#99=ADVANCED_FACE('',(#825),#827,.T.);
#100=ADVANCED_FACE('',(#832),#834,.T.);
#101=ADVANCED_FACE('',(#839),#841,.T.);
#102=ADVANCED_FACE('',(#846),#848,.T.);
#103=ADVANCED_FACE('',(#853),#855,.T.);
#104=ADVANCED_FACE('',(#860),#862,.T.);
#105=ADVANCED_FACE('',(#867),#869,.T.);
#106=ADVANCED_FACE('',(#874),#876,.T.);
#107=ADVANCED_FACE('',(#881),#883,.T.);
#108=ADVANCED_FACE('',(#888),#890,.T.);
#109=ADVANCED_FACE('',(#895),#897,.T.);
#110=ADVANCED_FACE('',(#902),#904,.F.);
#111=ADVANCED_FACE('',(#909),#911,.T.);
#112=ADVANCED_FACE('',(#916),#918,.T.);
#113=ADVANCED_FACE('',(#923),#925,.T.);
#114=ADVANCED_FACE('',(#930),#932,.T.);
#115=ADVANCED_FACE('',(#937),#939,.T.);
#116=ADVANCED_FACE('',(#944),#946,.T.);
#117=ADVANCED_FACE('',(#951),#953,.T.);
#118=ADVANCED_FACE('',(#958),#960,.T.);
#119=ADVANCED_FACE('',(#965),#967,.T.);
#120=ADVANCED_FACE('',(#972),#974,.T.);
#121=ADVANCED_FACE('',(#979),#981,.T.);
#122=ADVANCED_FACE('',(#986),#988,.T.);
#123=ADVANCED_FACE('',(#993),#995,.T.);
#124=ADVANCED_FACE('',(#1000),#1002,.T.);
#125=ADVANCED_FACE('',(#1007),#1009,.T.);
#126=ADVANCED_FACE('',(#1014),#1016,.T.);
#127=ADVANCED_FACE('',(#1021),#1023,.T.);
#128=ADVANCED_FACE('',(#1028),#1030,.T.);
#129=ADVANCED_FACE('',(#1035),#1037,.T.);
#130=ADVANCED_FACE('',(#1042),#1044,.T.);
#131=ADVANCED_FACE('',(#1049),#1051,.T.);
#132=ADVANCED_FACE('',(#1056),#1058,.F.);
#133=ADVANCED_FACE('',(#1395),#1397,.T.);
#134=ADVANCED_FACE('',(#1402),#1404,.F.);
#135=ADVANCED_FACE('',(#1741),#1743,.T.);
#136=ADVANCED_FACE('',(#1748),#1750,.F.);
#137=ADVANCED_FACE('',(#2087),#2089,.F.);
#138=ADVANCED_FACE('',(#2094),#2096,.T.);
#139=ADVANCED_FACE('',(#2101),#2103,.F.);
#140=ADVANCED_FACE('',(#2440),#2442,.F.);
#141=ADVANCED_FACE('',(#2447),#2449,.T.);
#142=ADVANCED_FACE('',(#2454),#2456,.F.);
#143=ADVANCED_FACE('',(#2793),#2795,.T.);
#144=ADVANCED_FACE('',(#2800),#2802,.T.);
#145=ADVANCED_FACE('',(#2807),#2809,.T.);
#146=ADVANCED_FACE('',(#2814),#2816,.F.);
#147=ADVANCED_FACE('',(#2821),#2823,.T.);
#148=ADVANCED_FACE('',(#2828),#2830,.T.);
#149=ADVANCED_FACE('',(#2835),#2837,.T.);
#150=ADVANCED_FACE('',(#2842),#2844,.T.);
#151=ADVANCED_FACE('',(#2849),#2851,.F.);
#152=ADVANCED_FACE('',(#2856),#2858,.T.);
#153=ADVANCED_FACE('',(#2863),#2865,.T.);
#154=ADVANCED_FACE('',(#2870),#2872,.T.);
#155=ADVANCED_FACE('',(#2877),#2879,.F.);
#156=ADVANCED_FACE('',(#2884),#2886,.F.);
#157=ADVANCED_FACE('',(#2891),#2893,.F.);
#158=ADVANCED_FACE('',(#2898),#2900,.F.);
#159=ADVANCED_FACE('',(#2905),#2907,.F.);
#160=ADVANCED_FACE('',(#3244),#3246,.F.);
#161=ADVANCED_FACE('',(#3583),#3585,.T.);
#162=ADVANCED_FACE('',(#3590),#3592,.T.);
#163=FACE_BOUND('',#164,.T.);
#164=EDGE_LOOP('',(#3597,#3598));
#165=PLANE('',#166);
#166=AXIS2_PLACEMENT_3D('',#167,#168,#169);
#167=CARTESIAN_POINT('',(-33.5,0.,4.10256677714363E-15));
#168=DIRECTION('',(-1.,0.,1.22464679914735E-16));
#169=DIRECTION('',(-1.22464679914735E-16,0.,-1.));
#170=FACE_BOUND('',#171,.T.);
#171=EDGE_LOOP('',(#3599,#3600,#3601,#3602,#3603));
#172=FACE_BOUND('',#173,.T.);
#173=EDGE_LOOP('',(#3604,#3605,#3606,#3607,#3608,#3609,#3610));
#174=CYLINDRICAL_SURFACE('',#175,2.25);
#175=AXIS2_PLACEMENT_3D('',#176,#177,#178);
#176=CARTESIAN_POINT('',(-38.,1.27891851440418,5.));
#177=DIRECTION('',(-1.,0.,1.22464679914735E-16));
#178=DIRECTION('',(-1.22464679914735E-16,0.,-1.));
#179=FACE_BOUND('',#180,.T.);
#180=EDGE_LOOP('',(#3611,#3612,#3613));
#181=PLANE('',#182);
#182=AXIS2_PLACEMENT_3D('',#183,#184,#185);
#183=CARTESIAN_POINT('',(33.5,1.27891851440418,10.));
#184=DIRECTION('',(0.789352217376326,0.613940613514921,0.));
#185=DIRECTION('',(0.613940613514921,-0.789352217376326,0.));
#186=FACE_BOUND('',#187,.T.);
#187=EDGE_LOOP('',(#3614,#3615,#3616,#3617,#3618,#3619,#3620));
#188=FACE_BOUND('',#189,.T.);
#189=EDGE_LOOP('',(#3621,#3622,#3623,#3624,#3625,#3626));
#190=CYLINDRICAL_SURFACE('',#191,2.25);
#191=AXIS2_PLACEMENT_3D('',#192,#193,#194);
#192=CARTESIAN_POINT('',(38.,1.27891851440418,5.));
#193=DIRECTION('',(-1.,0.,0.));
#194=DIRECTION('',(0.,0.,-1.));
#195=FACE_BOUND('',#196,.T.);
#196=EDGE_LOOP('',(#3627,#3628,#3629));
#197=PLANE('',#198);
#198=AXIS2_PLACEMENT_3D('',#199,#200,#201);
#199=CARTESIAN_POINT('',(33.5,0.,0.));
#200=DIRECTION('',(-1.,0.,0.));
#201=DIRECTION('',(0.,0.,-1.));
#202=FACE_BOUND('',#203,.T.);
#203=EDGE_LOOP('',(#3630,#3631,#3632,#3633,#3634));
#204=PLANE('',#205);
#205=AXIS2_PLACEMENT_3D('',#206,#207,#208);
#206=CARTESIAN_POINT('',(0.,0.,3.2));
#207=DIRECTION('',(0.,0.,1.));
#208=DIRECTION('',(1.,0.,0.));
#209=FACE_BOUND('',#210,.T.);
#210=EDGE_LOOP('',(#3635,#3636,#3637,#3638));
#211=PLANE('',#212);
#212=AXIS2_PLACEMENT_3D('',#213,#214,#215);
#213=CARTESIAN_POINT('',(0.,0.,3.2));
#214=DIRECTION('',(0.,0.,1.));
#215=DIRECTION('',(1.,0.,0.));
#216=FACE_BOUND('',#217,.T.);
#217=EDGE_LOOP('',(#3639,#3640,#3641));
#218=PLANE('',#219);
#219=AXIS2_PLACEMENT_3D('',#220,#221,#222);
#220=CARTESIAN_POINT('',(-36.9960823802953,5.17431879039189,0.));
#221=DIRECTION('',(-1.,0.,0.));
#222=DIRECTION('',(0.,-1.,0.));
#223=FACE_BOUND('',#224,.T.);
#224=EDGE_LOOP('',(#3642,#3643,#3644));
#225=PLANE('',#226);
#226=AXIS2_PLACEMENT_3D('',#227,#228,#229);
#227=CARTESIAN_POINT('',(36.9960823802953,-5.17431879039189,0.));
#228=DIRECTION('',(1.,0.,0.));
#229=DIRECTION('',(0.,1.,0.));
#230=FACE_BOUND('',#231,.T.);
#231=EDGE_LOOP('',(#3645,#3646,#3647,#3648,#3649,#3650,#3651));
#232=CYLINDRICAL_SURFACE('',#233,3.);
#233=AXIS2_PLACEMENT_3D('',#234,#235,#236);
#234=CARTESIAN_POINT('',(-40.,-12.9710814855958,3.));
#235=DIRECTION('',(1.74519268432305E-15,-1.,0.));
#236=DIRECTION('',(1.03336165362285E-30,0.,-1.));
#237=FACE_BOUND('',#238,.T.);
#238=EDGE_LOOP('',(#3652,#3653,#3654));
#239=PLANE('',#240);
#240=AXIS2_PLACEMENT_3D('',#241,#242,#243);
#241=CARTESIAN_POINT('',(-37.,-0.971081485595795,0.));
#242=DIRECTION('',(1.,1.57898385724467E-15,0.));
#243=DIRECTION('',(-1.57898385724467E-15,1.,0.));
#244=FACE_BOUND('',#245,.T.);
#245=EDGE_LOOP('',(#3655,#3656,#3657));
#246=PLANE('',#247);
#247=AXIS2_PLACEMENT_3D('',#248,#249,#250);
#248=CARTESIAN_POINT('',(-37.,-0.971081485595795,0.));
#249=DIRECTION('',(1.,1.57898385724467E-15,0.));
#250=DIRECTION('',(-1.57898385724467E-15,1.,0.));
#251=FACE_BOUND('',#252,.T.);
#252=EDGE_LOOP('',(#3658,#3659,#3660,#3661,#3662,#3663));
#253=CYLINDRICAL_SURFACE('',#254,3.);
#254=AXIS2_PLACEMENT_3D('',#255,#256,#257);
#255=CARTESIAN_POINT('',(-40.,-12.9710814855958,7.));
#256=DIRECTION('',(-1.74519268432305E-15,1.,0.));
#257=DIRECTION('',(1.03336165362285E-30,0.,1.));
#258=FACE_BOUND('',#259,.T.);
#259=EDGE_LOOP('',(#3664,#3665,#3666));
#260=PLANE('',#261);
#261=AXIS2_PLACEMENT_3D('',#262,#263,#264);
#262=CARTESIAN_POINT('',(-37.,-0.971081485595795,0.));
#263=DIRECTION('',(1.,1.57898385724467E-15,0.));
#264=DIRECTION('',(-1.57898385724467E-15,1.,0.));
#265=FACE_BOUND('',#266,.T.);
#266=EDGE_LOOP('',(#3667,#3668,#3669));
#267=PLANE('',#268);
#268=AXIS2_PLACEMENT_3D('',#269,#270,#271);
#269=CARTESIAN_POINT('',(-37.,-0.971081485595795,0.));
#270=DIRECTION('',(1.,1.57898385724467E-15,0.));
#271=DIRECTION('',(-1.57898385724467E-15,1.,0.));
#272=FACE_BOUND('',#273,.T.);
#273=EDGE_LOOP('',(#3670,#3671,#3672,#3673,#3674,#3675,#3676));
#274=CYLINDRICAL_SURFACE('',#275,3.);
#275=AXIS2_PLACEMENT_3D('',#276,#277,#278);
#276=CARTESIAN_POINT('',(40.,15.5289185144042,3.));
#277=DIRECTION('',(0.,1.,0.));
#278=DIRECTION('',(-2.368475785867E-15,-1.05181454029468E-30,-1.));
#279=FACE_BOUND('',#280,.T.);
#280=EDGE_LOOP('',(#3677,#3678,#3679));
#281=PLANE('',#282);
#282=AXIS2_PLACEMENT_3D('',#283,#284,#285);
#283=CARTESIAN_POINT('',(37.,3.52891851440418,0.));
#284=DIRECTION('',(-1.,0.,0.));
#285=DIRECTION('',(0.,-1.,0.));
#286=FACE_BOUND('',#287,.T.);
#287=EDGE_LOOP('',(#3680,#3681,#3682));
#288=PLANE('',#289);
#289=AXIS2_PLACEMENT_3D('',#290,#291,#292);
#290=CARTESIAN_POINT('',(37.,3.52891851440418,0.));
#291=DIRECTION('',(-1.,0.,0.));
#292=DIRECTION('',(0.,-1.,0.));
#293=FACE_BOUND('',#294,.T.);
#294=EDGE_LOOP('',(#3683,#3684,#3685,#3686,#3687,#3688));
#295=CYLINDRICAL_SURFACE('',#296,3.);
#296=AXIS2_PLACEMENT_3D('',#297,#298,#299);
#297=CARTESIAN_POINT('',(40.,15.5289185144042,7.));
#298=DIRECTION('',(0.,-1.,0.));
#299=DIRECTION('',(-2.368475785867E-15,-1.05181454029468E-30,1.));
#300=FACE_BOUND('',#301,.T.);
#301=EDGE_LOOP('',(#3689,#3690,#3691));
#302=PLANE('',#303);
#303=AXIS2_PLACEMENT_3D('',#304,#305,#306);
#304=CARTESIAN_POINT('',(37.,3.52891851440418,0.));
#305=DIRECTION('',(-1.,0.,0.));
#306=DIRECTION('',(0.,-1.,0.));
#307=FACE_BOUND('',#308,.T.);
#308=EDGE_LOOP('',(#3692,#3693,#3694));
#309=PLANE('',#310);
#310=AXIS2_PLACEMENT_3D('',#311,#312,#313);
#311=CARTESIAN_POINT('',(37.,3.52891851440418,0.));
#312=DIRECTION('',(-1.,0.,0.));
#313=DIRECTION('',(0.,-1.,0.));
#314=FACE_BOUND('',#315,.T.);
#315=EDGE_LOOP('',(#3695,#3696,#3697,#3698));
#316=CYLINDRICAL_SURFACE('',#317,3.);
#317=AXIS2_PLACEMENT_3D('',#318,#319,#320);
#318=CARTESIAN_POINT('',(-43.1836957667396,-14.9683957499846,3.));
#319=DIRECTION('',(-0.216930457818656,-0.976187060183953,-3.28888839046663E-17));
#320=DIRECTION('',(-2.37527339572952E-15,5.61529702085427E-16,-1.));
#321=FACE_BOUND('',#322,.T.);
#322=EDGE_LOOP('',(#3699,#3700,#3701,#3702,#3703,#3704,#3705,#3706,#3707,#3708,#3709,
#3710,#3711,#3712,#3713,#3714,#3715,#3716,#3717,#3718,#3719,#3720,#3721));
#323=FACE_BOUND('',#324,.T.);
#324=EDGE_LOOP('',(#3722,#3723,#3724,#3725));
#325=PLANE('',#326);
#326=AXIS2_PLACEMENT_3D('',#327,#328,#329);
#327=CARTESIAN_POINT('',(0.,0.,0.));
#328=DIRECTION('',(0.,0.,1.));
#329=DIRECTION('',(-1.,1.22464679914735E-16,0.));
#330=FACE_BOUND('',#331,.T.);
#331=EDGE_LOOP('',(#3726,#3727,#3728,#3729));
#332=CYLINDRICAL_SURFACE('',#333,3.);
#333=AXIS2_PLACEMENT_3D('',#334,#335,#336);
#334=CARTESIAN_POINT('',(-40.0285628442218,-8.46390463523822,3.));
#335=DIRECTION('',(-0.00238094563224972,-0.999997165544931,0.));
#336=DIRECTION('',(0.,0.,-1.));
#337=FACE_BOUND('',#338,.T.);
#338=EDGE_LOOP('',(#3730,#3731,#3732,#3733,#3734));
#339=PLANE('',#340);
#340=AXIS2_PLACEMENT_3D('',#341,#342,#343);
#341=CARTESIAN_POINT('',(-37.,3.5289185144042,0.));
#342=DIRECTION('',(0.999997165544931,-0.0023809456322497,0.));
#343=DIRECTION('',(0.0023809456322497,0.999997165544931,0.));
#344=FACE_BOUND('',#345,.T.);
#345=EDGE_LOOP('',(#3735,#3736,#3737,#3738));
#346=CYLINDRICAL_SURFACE('',#347,3.);
#347=AXIS2_PLACEMENT_3D('',#348,#349,#350);
#348=CARTESIAN_POINT('',(-40.0285628442218,-8.46390463523822,7.));
#349=DIRECTION('',(0.00238094563224972,0.999997165544931,0.));
#350=DIRECTION('',(0.,0.,1.));
#351=FACE_BOUND('',#352,.T.);
#352=EDGE_LOOP('',(#3739,#3740,#3741,#3742,#3743,#3744,#3745,#3746,#3747,#3748,#3749,
#3750,#3751,#3752,#3753,#3754,#3755,#3756,#3757,#3758,#3759,#3760,#3761));
#353=FACE_BOUND('',#354,.T.);
#354=EDGE_LOOP('',(#3762,#3763,#3764,#3765));
#355=PLANE('',#356);
#356=AXIS2_PLACEMENT_3D('',#357,#358,#359);
#357=CARTESIAN_POINT('',(0.,0.,10.));
#358=DIRECTION('',(0.,0.,1.));
#359=DIRECTION('',(-1.,1.22464679914735E-16,0.));
#360=FACE_BOUND('',#361,.T.);
#361=EDGE_LOOP('',(#3766,#3767,#3768,#3769));
#362=CYLINDRICAL_SURFACE('',#363,3.);
#363=AXIS2_PLACEMENT_3D('',#364,#365,#366);
#364=CARTESIAN_POINT('',(-43.1836957667396,-14.9683957499846,7.));
#365=DIRECTION('',(0.216930457818656,0.976187060183953,0.));
#366=DIRECTION('',(-2.6331877854639E-15,5.85152841214201E-16,1.));
#367=FACE_BOUND('',#368,.T.);
#368=EDGE_LOOP('',(#3770,#3771,#3772,#3773,#3774));
#369=PLANE('',#370);
#370=AXIS2_PLACEMENT_3D('',#371,#372,#373);
#371=CARTESIAN_POINT('',(-38.,-5.4710814855958,0.));
#372=DIRECTION('',(0.976187060183953,-0.216930457818656,0.));
#373=DIRECTION('',(0.216930457818656,0.976187060183953,0.));
#374=FACE_BOUND('',#375,.T.);
#375=EDGE_LOOP('',(#3775,#3776,#3777,#3778));
#376=CYLINDRICAL_SURFACE('',#377,3.);
#377=AXIS2_PLACEMENT_3D('',#378,#379,#380);
#378=CARTESIAN_POINT('',(39.9398034677439,28.8150334854648,3.));
#379=DIRECTION('',(-0.00238094563224991,0.999997165544931,0.));
#380=DIRECTION('',(-2.81959804667822E-18,-6.713328682447E-21,-1.));
#381=FACE_BOUND('',#382,.T.);
#382=EDGE_LOOP('',(#3779,#3780,#3781,#3782));
#383=CYLINDRICAL_SURFACE('',#384,3.);
#384=AXIS2_PLACEMENT_3D('',#385,#386,#387);
#385=CARTESIAN_POINT('',(37.325395686728,11.3939546100676,3.));
#386=DIRECTION('',(-0.216930457818654,0.976187060183953,3.28888839046663E-17));
#387=DIRECTION('',(4.38151170846392E-15,1.00736043824862E-15,-1.));
#388=FACE_BOUND('',#389,.T.);
#389=EDGE_LOOP('',(#3783,#3784,#3785,#3786,#3787));
#390=PLANE('',#391);
#391=AXIS2_PLACEMENT_3D('',#392,#393,#394);
#392=CARTESIAN_POINT('',(37.,-0.971081485595809,0.));
#393=DIRECTION('',(-0.976187060183953,-0.216930457818654,0.));
#394=DIRECTION('',(0.216930457818654,-0.976187060183953,0.));
#395=FACE_BOUND('',#396,.T.);
#396=EDGE_LOOP('',(#3788,#3789,#3790,#3791));
#397=CYLINDRICAL_SURFACE('',#398,3.);
#398=AXIS2_PLACEMENT_3D('',#399,#400,#401);
#399=CARTESIAN_POINT('',(37.325395686728,11.3939546100676,7.));
#400=DIRECTION('',(0.216930457818654,-0.976187060183953,-6.57777678093326E-17));
#401=DIRECTION('',(4.40291551039168E-15,9.11043329573737E-16,1.));
#402=FACE_BOUND('',#403,.T.);
#403=EDGE_LOOP('',(#3792,#3793,#3794,#3795));
#404=CYLINDRICAL_SURFACE('',#405,3.);
#405=AXIS2_PLACEMENT_3D('',#406,#407,#408);
#406=CARTESIAN_POINT('',(39.9398034677439,28.8150334854648,7.));
#407=DIRECTION('',(0.00238094563224991,-0.999997165544931,0.));
#408=DIRECTION('',(-2.81959804667822E-18,-6.713328682447E-21,1.));
#409=FACE_BOUND('',#410,.T.);
#410=EDGE_LOOP('',(#3796,#3797,#3798,#3799,#3800));
#411=PLANE('',#412);
#412=AXIS2_PLACEMENT_3D('',#413,#414,#415);
#413=CARTESIAN_POINT('',(36.95,24.5289185144042,0.));
#414=DIRECTION('',(-0.999997165544931,-0.0023809456322497,0.));
#415=DIRECTION('',(0.0023809456322497,-0.999997165544931,0.));
#416=FACE_BOUND('',#417,.T.);
#417=EDGE_LOOP('',(#3801,#3802,#3803));
#418=B_SPLINE_SURFACE_WITH_KNOTS('',3,3,(
(#419,#420,#421,#422,#423,#424,#425,#426,#427,#428,#429,#430,#431,#432,#433,#434,
#435,#436,#437,#438,#439,#440,#441,#442),
(#443,#444,#445,#446,#447,#448,#449,#450,#451,#452,#453,#454,#455,#456,#457,#458,
#459,#460,#461,#462,#463,#464,#465,#466),
(#467,#468,#469,#470,#471,#472,#473,#474,#475,#476,#477,#478,#479,#480,#481,#482,
#483,#484,#485,#486,#487,#488,#489,#490),
(#491,#492,#493,#494,#495,#496,#497,#498,#499,#500,#501,#502,#503,#504,#505,#506,
#507,#508,#509,#510,#511,#512,#513,#514),
(#515,#516,#517,#518,#519,#520,#521,#522,#523,#524,#525,#526,#527,#528,#529,#530,
#531,#532,#533,#534,#535,#536,#537,#538),
(#539,#540,#541,#542,#543,#544,#545,#546,#547,#548,#549,#550,#551,#552,#553,#554,
#555,#556,#557,#558,#559,#560,#561,#562),
(#563,#564,#565,#566,#567,#568,#569,#570,#571,#572,#573,#574,#575,#576,#577,#578,
#579,#580,#581,#582,#583,#584,#585,#586),
(#587,#588,#589,#590,#591,#592,#593,#594,#595,#596,#597,#598,#599,#600,#601,#602,
#603,#604,#605,#606,#607,#608,#609,#610),
(#611,#612,#613,#614,#615,#616,#617,#618,#619,#620,#621,#622,#623,#624,#625,#626,
#627,#628,#629,#630,#631,#632,#633,#634),
(#635,#636,#637,#638,#639,#640,#641,#642,#643,#644,#645,#646,#647,#648,#649,#650,
#651,#652,#653,#654,#655,#656,#657,#658),
(#659,#660,#661,#662,#663,#664,#665,#666,#667,#668,#669,#670,#671,#672,#673,#674,
#675,#676,#677,#678,#679,#680,#681,#682),
(#683,#684,#685,#686,#687,#688,#689,#690,#691,#692,#693,#694,#695,#696,#697,#698,
#699,#700,#701,#702,#703,#704,#705,#706),
(#707,#708,#709,#710,#711,#712,#713,#714,#715,#716,#717,#718,#719,#720,#721,#722,
#723,#724,#725,#726,#727,#728,#729,#730),
(#731,#732,#733,#734,#735,#736,#737,#738,#739,#740,#741,#742,#743,#744,#745,#746,
#747,#748,#749,#750,#751,#752,#753,#754)),
.UNSPECIFIED.,.F.,.F.,.F.,
(4,1,1,1,1,1,1,1,1,1,1,4),
(4,1,1,1,1,1,1,1,1,1,1,1,1,1,1,1,1,1,1,1,1,4),
(0.,0.0929551676793893,0.185910335358779,0.278865503038168,0.371820670717557,0.464775838396946,
0.557731006076336,0.650686173755725,0.743641341435114,0.836596509114503,0.922049395302799,
1.),
(0.,0.19167492880637,0.275169819558125,0.355314882857025,0.436555999113652,0.51349795535104,
0.581485333457204,0.640371039225729,0.695550285633577,0.749060004057862,0.797778746701412,
0.837838470554984,0.868295716665119,0.891340538200508,0.909314860563096,0.923793526314808,
0.935936363946056,0.947269491064139,0.958534316066794,0.970207212854207,0.981575737533024,
1.),
.UNSPECIFIED.);
#419=CARTESIAN_POINT('',(-40.4065148190976,-2.4710814855958,-2.22044604925031E-16));
#420=CARTESIAN_POINT('',(-40.1348227034966,-2.61255360339043,-0.000146618340372395));
#421=CARTESIAN_POINT('',(-39.7446719740436,-2.8155692454979,0.0632850400262837));
#422=CARTESIAN_POINT('',(-39.2704466864738,-3.06246086870867,0.258169579020363));
#423=CARTESIAN_POINT('',(-38.9609029653718,-3.22360521716343,0.437047671239777));
#424=CARTESIAN_POINT('',(-38.6809600633651,-3.36930260393846,0.651754733940516));
#425=CARTESIAN_POINT('',(-38.4394659980752,-3.49500292782448,0.890622945452577));
#426=CARTESIAN_POINT('',(-38.2450179054611,-3.59621349440284,1.13228809929093));
#427=CARTESIAN_POINT('',(-38.0915380200994,-3.67613575848988,1.36669031498733));
#428=CARTESIAN_POINT('',(-37.9683428572542,-3.7402695186075,1.59608327098139));
#429=CARTESIAN_POINT('',(-37.8698421501918,-3.79152280526881,1.82217043923398));
#430=CARTESIAN_POINT('',(-37.7961971209943,-3.82985021219015,2.03413689225638));
#431=CARTESIAN_POINT('',(-37.7460957983074,-3.85594978569905,2.21633949989915));
#432=CARTESIAN_POINT('',(-37.7142028386396,-3.87254805580903,2.36157434448298));
#433=CARTESIAN_POINT('',(-37.6941953635217,-3.88294995672239,2.47362462205177));
#434=CARTESIAN_POINT('',(-37.6812819853964,-3.88967638615496,2.56117805514693));
#435=CARTESIAN_POINT('',(-37.6725830974944,-3.89421227469274,2.63181273322621));
#436=CARTESIAN_POINT('',(-37.6663532691998,-3.89745229552434,2.69208867920697));
#437=CARTESIAN_POINT('',(-37.6616063960759,-3.8999395565238,2.74736126654928));
#438=CARTESIAN_POINT('',(-37.657807326269,-3.90182889131772,2.80197223165396));
#439=CARTESIAN_POINT('',(-37.654916252774,-3.90320355967164,2.85671125440999));
#440=CARTESIAN_POINT('',(-37.6525547478541,-3.90434559454933,2.92293553770903));
#441=CARTESIAN_POINT('',(-37.6519312971818,-3.90477240245541,2.97055283621091));
#442=CARTESIAN_POINT('',(-37.6519690923639,-3.90494240123311,3.));
#443=CARTESIAN_POINT('',(-40.4065148190976,-2.4710814855958,-2.22044604925031E-16));
#444=CARTESIAN_POINT('',(-40.1347991711401,-2.61256229994186,-0.000114558470946634));
#445=CARTESIAN_POINT('',(-39.7467637605142,-2.8194744921275,0.0631968579193509));
#446=CARTESIAN_POINT('',(-39.2768491730726,-3.07615427081394,0.256770793253273));
#447=CARTESIAN_POINT('',(-38.9704472032801,-3.24557512588099,0.434333016884317));
#448=CARTESIAN_POINT('',(-38.6933249732414,-3.40039954386005,0.647562739663228));
#449=CARTESIAN_POINT('',(-38.4540672830317,-3.53531711483336,0.885069358239133));
#450=CARTESIAN_POINT('',(-38.2611148722664,-3.64495424005804,1.12581634611189));
#451=CARTESIAN_POINT('',(-38.1085546008513,-3.73222338393449,1.35981590790327));
#452=CARTESIAN_POINT('',(-37.9859346206612,-3.80273919038504,1.58919855553011));
#453=CARTESIAN_POINT('',(-37.8877374595138,-3.85948371839838,1.81570737172944));
#454=CARTESIAN_POINT('',(-37.8142175543462,-3.90218988205145,2.0284741147716));
#455=CARTESIAN_POINT('',(-37.7641832310788,-3.93141153927308,2.2115083988751));
#456=CARTESIAN_POINT('',(-37.7323021295023,-3.95008248515489,2.35762135278499));
#457=CARTESIAN_POINT('',(-37.7123106670428,-3.96181441553017,2.47035300541287));
#458=CARTESIAN_POINT('',(-37.6994054274465,-3.96941784893716,2.55848435754008));
#459=CARTESIAN_POINT('',(-37.6907126088296,-3.9745538749624,2.62960874033566));
#460=CARTESIAN_POINT('',(-37.6844890305309,-3.97822839889679,2.69030974421253));
#461=CARTESIAN_POINT('',(-37.6797456558447,-3.98105160318642,2.74600325381119));
#462=CARTESIAN_POINT('',(-37.6759430526523,-3.98321353381981,2.8011835060875));
#463=CARTESIAN_POINT('',(-37.6730649914656,-3.98479028025073,2.85629726690021));
#464=CARTESIAN_POINT('',(-37.6707215828749,-3.98609702219185,2.92284840213743));
#465=CARTESIAN_POINT('',(-37.6701082619419,-3.9865685233337,2.97055232643776));
#466=CARTESIAN_POINT('',(-37.6701460175543,-3.98673856458996,3.));
#467=CARTESIAN_POINT('',(-40.4065148190976,-2.4710814855958,-2.22044604925031E-16));
#468=CARTESIAN_POINT('',(-40.1380873675978,-2.61524999134392,-5.63988839539296E-5));
#469=CARTESIAN_POINT('',(-39.7574181579382,-2.83217983855007,0.0630368375131365));
#470=CARTESIAN_POINT('',(-39.2982192079754,-3.10923148168752,0.254233075421898));
#471=CARTESIAN_POINT('',(-38.998961360559,-3.29507002765907,0.429408066080459));
#472=CARTESIAN_POINT('',(-38.7279463811084,-3.46751171899664,0.639957611329205));
#473=CARTESIAN_POINT('',(-38.4933819808668,-3.61992548297096,0.874994017416215));
#474=CARTESIAN_POINT('',(-38.3035291893681,-3.74539771638477,1.11407521533057));
#475=CARTESIAN_POINT('',(-38.152866095166,-3.84638388246105,1.3473441865447));
#476=CARTESIAN_POINT('',(-38.0314171022491,-3.92875638767866,1.57670800863344));
#477=CARTESIAN_POINT('',(-37.9338345408283,-3.99566306084263,1.80398162541092));
#478=CARTESIAN_POINT('',(-37.8605616482844,-4.0464435575045,2.01820008996154));
#479=CARTESIAN_POINT('',(-37.8106412234575,-4.08139900521904,2.20274307354342));
#480=CARTESIAN_POINT('',(-37.7787708815819,-4.10386427806831,2.35044899858692));
#481=CARTESIAN_POINT('',(-37.7587973254112,-4.11801993394607,2.46441675668192));
#482=CARTESIAN_POINT('',(-37.7458993215525,-4.12721375545163,2.55359655420529));
#483=CARTESIAN_POINT('',(-37.7372131834563,-4.13343136004027,2.62560936658982));
#484=CARTESIAN_POINT('',(-37.7309993499846,-4.1378827185346,2.68708153676054));
#485=CARTESIAN_POINT('',(-37.7262631527238,-4.14129979405644,2.74353872604691));
#486=CARTESIAN_POINT('',(-37.7224611112961,-4.14393760481869,2.79975183123127));
#487=CARTESIAN_POINT('',(-37.7196159708315,-4.14585357879963,2.85554555191407));
#488=CARTESIAN_POINT('',(-37.7173212349249,-4.14741273063815,2.92268986947664));
#489=CARTESIAN_POINT('',(-37.7167427179575,-4.14791490277254,2.97055119323377));
#490=CARTESIAN_POINT('',(-37.7167940545433,-4.14804288125342,3.));
#491=CARTESIAN_POINT('',(-40.4065148190977,-2.4710814855958,-2.22044604925031E-16));
#492=CARTESIAN_POINT('',(-40.151166669164,-2.62580134365226,1.29601283744154E-5));
#493=CARTESIAN_POINT('',(-39.7893885055916,-2.86299562333104,0.0628459248705921));
#494=CARTESIAN_POINT('',(-39.3518774274469,-3.17200257253698,0.251206418740354));
#495=CARTESIAN_POINT('',(-39.0658790494682,-3.38164843920474,0.423534327092834));
#496=CARTESIAN_POINT('',(-38.8056738404308,-3.57838623521614,0.630887426442474));
#497=CARTESIAN_POINT('',(-38.5792279530769,-3.75413605320798,0.862977795124014));
#498=CARTESIAN_POINT('',(-38.3948045768782,-3.90027630004153,1.10007231497491));
#499=CARTESIAN_POINT('',(-38.247594738704,-4.0189031591337,1.33246993771062));
#500=CARTESIAN_POINT('',(-38.1283685468695,-4.11634619890195,1.56181128786863));
#501=CARTESIAN_POINT('',(-38.0320943981414,-4.19604303964049,1.78999701871228));
#502=CARTESIAN_POINT('',(-37.9594851830516,-4.25689106656774,2.00594686398027));
#503=CARTESIAN_POINT('',(-37.9099039308646,-4.29892428018706,2.1922892335441));
#504=CARTESIAN_POINT('',(-37.8781630017116,-4.32603793696289,2.34189505972882));
#505=CARTESIAN_POINT('',(-37.8582721094211,-4.34313769780974,2.45733712231146));
#506=CARTESIAN_POINT('',(-37.845418806543,-4.35425022085594,2.5477674038932));
#507=CARTESIAN_POINT('',(-37.8367631536893,-4.36176470801465,2.62083984662203));
#508=CARTESIAN_POINT('',(-37.8305764189412,-4.36714294111629,2.68323178254034));
#509=CARTESIAN_POINT('',(-37.825859881283,-4.37126559638265,2.74059979216191));
#510=CARTESIAN_POINT('',(-37.8220752114771,-4.37447445251363,2.79804470419084));
#511=CARTESIAN_POINT('',(-37.8192792326275,-4.37679786583842,2.85464935705649));
#512=CARTESIAN_POINT('',(-37.81704478564,-4.37866636947168,2.92250106454603));
#513=CARTESIAN_POINT('',(-37.8164949713686,-4.37922069346953,2.97054998918788));
#514=CARTESIAN_POINT('',(-37.8165450879439,-4.37931959452257,3.));
#515=CARTESIAN_POINT('',(-40.4065148190976,-2.4710814855958,-2.22044604925031E-16));
#516=CARTESIAN_POINT('',(-40.1705341736799,-2.6413815005825,6.44384959510469E-5));
#517=CARTESIAN_POINT('',(-39.8338960748681,-2.90265656819786,0.0627041884139961));
#518=CARTESIAN_POINT('',(-39.4229483210111,-3.2440702655231,0.248959899059616));
#519=CARTESIAN_POINT('',(-39.1526538959617,-3.47633124876026,0.419174628773431));
#520=CARTESIAN_POINT('',(-38.9050911170799,-3.69506620214115,0.624155252615427));
#521=CARTESIAN_POINT('',(-38.6881888846097,-3.89121044711551,0.854059011084941));
#522=CARTESIAN_POINT('',(-38.5103622952812,-4.05497015139049,1.08967897914638));
#523=CARTESIAN_POINT('',(-38.3675829953896,-4.18837066832551,1.32142987188557));
#524=CARTESIAN_POINT('',(-38.251388676032,-4.29825768507434,1.55075455239426));
#525=CARTESIAN_POINT('',(-38.1571124002907,-4.38839036490607,1.77961728757246));
#526=CARTESIAN_POINT('',(-38.085704756617,-4.45736507254189,1.99685221626978));
#527=CARTESIAN_POINT('',(-38.0368093509751,-4.5050539672558,2.18453014891982));
#528=CARTESIAN_POINT('',(-38.0054246933985,-4.53585813711438,2.33554613154378));
#529=CARTESIAN_POINT('',(-37.9857440233814,-4.55528086939282,2.45208245977467));
#530=CARTESIAN_POINT('',(-37.9730141083881,-4.56790106210139,2.54344087585215));
#531=CARTESIAN_POINT('',(-37.9644384323143,-4.57643138562531,2.61729979312148));
#532=CARTESIAN_POINT('',(-37.9583112063777,-4.58253417920589,2.68037439079374));
#533=CARTESIAN_POINT('',(-37.9536378556523,-4.58720705611772,2.73841841960116));
#534=CARTESIAN_POINT('',(-37.94989668401,-4.59086666962864,2.79677758475717));
#535=CARTESIAN_POINT('',(-37.947159211266,-4.59351081624701,2.85398411929031));
#536=CARTESIAN_POINT('',(-37.9449857567532,-4.59561921892427,2.92236086814331));
#537=CARTESIAN_POINT('',(-37.9444569233812,-4.59620434096828,2.97054905826449));
#538=CARTESIAN_POINT('',(-37.9445012888332,-4.5962674100086,3.));
#539=CARTESIAN_POINT('',(-40.4065148190977,-2.4710814855958,-2.22044604925031E-16));
#540=CARTESIAN_POINT('',(-40.1943310794457,-2.66049944729874,9.80359663486228E-5));
#541=CARTESIAN_POINT('',(-39.8874634731941,-2.94826592896981,0.0626116662990407));
#542=CARTESIAN_POINT('',(-39.5071518491906,-3.32163318982187,0.247493649602663));
#543=CARTESIAN_POINT('',(-39.2548539403862,-3.57497965692931,0.416329181875416));
#544=CARTESIAN_POINT('',(-39.0218924544226,-3.81328338899142,0.619761379777065));
#545=CARTESIAN_POINT('',(-38.8162484465854,-4.02688761013016,0.848238024205701));
#546=CARTESIAN_POINT('',(-38.6465223635817,-4.20529119950083,1.08289561412801));
#547=CARTESIAN_POINT('',(-38.5094774985654,-4.35069711694891,1.31422441790933));
#548=CARTESIAN_POINT('',(-38.397430993752,-4.47051374782211,1.54353822893519));
#549=CARTESIAN_POINT('',(-38.3061168784237,-4.56884195587039,1.77284283110542));
#550=CARTESIAN_POINT('',(-38.2366753111992,-4.64410803965481,1.99091649694407));
#551=CARTESIAN_POINT('',(-38.1889833911988,-4.69611969302417,2.17946611352425));
#552=CARTESIAN_POINT('',(-38.1582962001148,-4.72972024695529,2.33140245918847));
#553=CARTESIAN_POINT('',(-38.1390301229704,-4.75089004917247,2.44865297861964));
#554=CARTESIAN_POINT('',(-38.1265537776919,-4.76463799454688,2.54061715547819));
#555=CARTESIAN_POINT('',(-38.1181434101703,-4.77392507561181,2.61498937548941));
#556=CARTESIAN_POINT('',(-38.1121344011573,-4.78056641335352,2.67850951994388));
#557=CARTESIAN_POINT('',(-38.1075480753743,-4.78564698965007,2.73699475842371));
#558=CARTESIAN_POINT('',(-38.1038906105865,-4.78964623713297,2.79595061490659));
#559=CARTESIAN_POINT('',(-38.1012322744025,-4.79253346638934,2.85354996945638));
#560=CARTESIAN_POINT('',(-38.0991289816927,-4.79482400130248,2.92226938492607));
#561=CARTESIAN_POINT('',(-38.0986137223825,-4.79543058787345,2.97054845981784));
#562=CARTESIAN_POINT('',(-38.0986439806141,-4.79546376013122,3.));
#563=CARTESIAN_POINT('',(-40.4065148190977,-2.4710814855958,-2.22044604925031E-16));
#564=CARTESIAN_POINT('',(-40.2206985919301,-2.68166415445066,0.000113752368196306));
#565=CARTESIAN_POINT('',(-39.9465894549769,-2.9969448049721,0.0625683812696707));
#566=CARTESIAN_POINT('',(-39.6001260943051,-3.400952103868,0.246807746152821));
#567=CARTESIAN_POINT('',(-39.367917297231,-3.67355396068698,0.414998103642084));
#568=CARTESIAN_POINT('',(-39.1515905824529,-3.92890861147349,0.617705964916441));
#569=CARTESIAN_POINT('',(-38.959158172381,-4.15708484069932,0.845515022464468));
#570=CARTESIAN_POINT('',(-38.799327956223,-4.34726425224868,1.0797224245381));
#571=CARTESIAN_POINT('',(-38.6696104723424,-4.50203459850521,1.31085378207476));
#572=CARTESIAN_POINT('',(-38.5631032057637,-4.62940167217528,1.54016251135504));
#573=CARTESIAN_POINT('',(-38.4759647695694,-4.73381665866715,1.76967381698143));
#574=CARTESIAN_POINT('',(-38.4094613438848,-4.81365596079098,1.98813983716262));
#575=CARTESIAN_POINT('',(-38.3636488610378,-4.86875312721434,2.17709721977751));
#576=CARTESIAN_POINT('',(-38.3341067808311,-4.90432321918297,2.32946410140033));
#577=CARTESIAN_POINT('',(-38.3155315203515,-4.92671167732628,2.44704871136681));
#578=CARTESIAN_POINT('',(-38.3034871293176,-4.94124032445655,2.5392962556118));
#579=CARTESIAN_POINT('',(-38.2953609351362,-4.95104853857263,2.61390859186716));
#580=CARTESIAN_POINT('',(-38.2895534564191,-4.95805995704875,2.67763715695394));
#581=CARTESIAN_POINT('',(-38.2851170553486,-4.96341949428026,2.73632878697582));
#582=CARTESIAN_POINT('',(-38.2815968098341,-4.9676567484745,2.79556376673351));
#583=CARTESIAN_POINT('',(-38.2790495390801,-4.97071735894663,2.85334687677556));
#584=CARTESIAN_POINT('',(-38.2770358872412,-4.97313867849349,2.92222658718532));
#585=CARTESIAN_POINT('',(-38.2765315073657,-4.97375851242561,2.97054817798434));
#586=CARTESIAN_POINT('',(-38.2765413263945,-4.97376599204054,3.));
#587=CARTESIAN_POINT('',(-40.4065148190977,-2.4710814855958,-2.22044604925031E-16));
#588=CARTESIAN_POINT('',(-40.2477779257049,-2.70338457663387,0.000111587623543973));
#589=CARTESIAN_POINT('',(-40.0077511335513,-3.04583426339304,0.0625743434281859));
#590=CARTESIAN_POINT('',(-39.6974352103179,-3.47835620932899,0.246902221568384));
#591=CARTESIAN_POINT('',(-39.4871650335919,-3.76812290505394,0.415181444329883));
#592=CARTESIAN_POINT('',(-39.2895351316693,-4.03796380645518,0.617989074433106));
#593=CARTESIAN_POINT('',(-39.1124616060837,-4.27791194629746,0.845890084146707));
#594=CARTESIAN_POINT('',(-38.9645749154671,-4.47714250289701,1.08015949420317));
#595=CARTESIAN_POINT('',(-38.8440339997425,-4.63879294420569,1.31131804753443));
#596=CARTESIAN_POINT('',(-38.7447056569046,-4.77149009122315,1.5406274766466));
#597=CARTESIAN_POINT('',(-38.6631836061707,-4.88003280528934,1.77011031118771));
#598=CARTESIAN_POINT('',(-38.6007816739041,-4.96285651798909,1.9885222890841));
#599=CARTESIAN_POINT('',(-38.5576722811836,-5.01990441476235,2.17742350664922));
#600=CARTESIAN_POINT('',(-38.5298230984977,-5.05668757355159,2.32973108698713));
#601=CARTESIAN_POINT('',(-38.512283108306,-5.07981486723685,2.44726967990228));
#602=CARTESIAN_POINT('',(-38.5008951459816,-5.094810215113,2.53947819363022));
#603=CARTESIAN_POINT('',(-38.4932042482494,-5.10492719135849,2.61405745671309));
#604=CARTESIAN_POINT('',(-38.4877054008334,-5.11215745271247,2.67775731432893));
#605=CARTESIAN_POINT('',(-38.4835003183781,-5.11768067180458,2.73642051637266));
#606=CARTESIAN_POINT('',(-38.4801836658915,-5.12206360989718,2.79561705024816));
#607=CARTESIAN_POINT('',(-38.4777902729673,-5.1252360401368,2.85337485017314));
#608=CARTESIAN_POINT('',(-38.4758953676426,-5.12774449804812,2.9222324818965));
#609=CARTESIAN_POINT('',(-38.4754029004794,-5.1283732548836,2.97054821669822));
#610=CARTESIAN_POINT('',(-38.475386728767,-5.12836114472692,3.));
#611=CARTESIAN_POINT('',(-40.4065148190976,-2.4710814855958,-2.22044604925031E-16));
#612=CARTESIAN_POINT('',(-40.2737103055027,-2.72416965444755,9.15417430259445E-5));
#613=CARTESIAN_POINT('',(-40.0674063619882,-3.09209743563892,0.0626295514054306));
#614=CARTESIAN_POINT('',(-39.7945776682615,-3.55024999234578,0.247777071428483));
#615=CARTESIAN_POINT('',(-39.6078143165294,-3.85487432849206,0.416879197201042));
#616=CARTESIAN_POINT('',(-39.4309311131242,-4.13663665095603,0.620610699462588));
#617=CARTESIAN_POINT('',(-39.2715181070158,-4.38568972480387,0.849363198853972));
#618=CARTESIAN_POINT('',(-39.137840346981,-4.59142953259528,1.08420681205222));
#619=CARTESIAN_POINT('',(-39.028552705652,-4.75766497324314,1.31561720337526));
#620=CARTESIAN_POINT('',(-38.9382674490112,-4.89365744906913,1.54493311477777));
#621=CARTESIAN_POINT('',(-38.8640103853923,-5.00454009764574,1.77415230520078));
#622=CARTESIAN_POINT('',(-38.8070501991848,-5.08890465224886,1.992063846045));
#623=CARTESIAN_POINT('',(-38.7676056219405,-5.1468814773803,2.1804449692383));
#624=CARTESIAN_POINT('',(-38.742091264895,-5.18419812948349,2.33220341242029));
#625=CARTESIAN_POINT('',(-38.7259955424372,-5.20763705678263,2.44931588166458));
#626=CARTESIAN_POINT('',(-38.7155322410316,-5.22282073424643,2.54116296764235));
#627=CARTESIAN_POINT('',(-38.7084584834711,-5.23305908806688,2.61543596861259));
#628=CARTESIAN_POINT('',(-38.7033980851672,-5.24037541039195,2.67886999101451));
#629=CARTESIAN_POINT('',(-38.6995234269777,-5.24596140392704,2.73726994585519));
#630=CARTESIAN_POINT('',(-38.6964890285201,-5.25040767169822,2.79611046495363));
#631=CARTESIAN_POINT('',(-38.6943028526448,-5.25363886402401,2.8536338893895));
#632=CARTESIAN_POINT('',(-38.6925652948699,-5.25619843964852,2.92228706904526));
#633=CARTESIAN_POINT('',(-38.6920897344363,-5.25683492660228,2.97054857604866));
#634=CARTESIAN_POINT('',(-38.6920431141612,-5.25681018928108,3.));
#635=CARTESIAN_POINT('',(-40.4065148190977,-2.4710814855958,-2.22044604925031E-16));
#636=CARTESIAN_POINT('',(-40.2966369680457,-2.74252831573524,5.3614826768976E-5));
#637=CARTESIAN_POINT('',(-40.1219962415117,-3.13292152730539,0.0627339921883963));
#638=CARTESIAN_POINT('',(-39.8869947318511,-3.61312007015966,0.249432253222786));
#639=CARTESIAN_POINT('',(-39.7249917957463,-3.93012600820792,0.420091297101703));
#640=CARTESIAN_POINT('',(-39.5708575584017,-4.22129571242343,0.625570753715238));
#641=CARTESIAN_POINT('',(-39.4315266882134,-4.4769693826931,0.855934264569805));
#642=CARTESIAN_POINT('',(-39.3145111575978,-4.68690257518154,1.09186426853591));
#643=CARTESIAN_POINT('',(-39.2187564154922,-4.85565309156491,1.32375114063711));
#644=CARTESIAN_POINT('',(-39.1395827772783,-4.99312150572387,1.55307932464212));
#645=CARTESIAN_POINT('',(-39.0744312122733,-5.10475161826997,1.7817997123197));
#646=CARTESIAN_POINT('',(-39.0244183462729,-5.18937656180577,1.99876443979028));
#647=CARTESIAN_POINT('',(-38.9897308930848,-5.24738539226161,2.18616155723904));
#648=CARTESIAN_POINT('',(-38.9672828934491,-5.28464023417407,2.33688104152769));
#649=CARTESIAN_POINT('',(-38.953102222881,-5.30802072570905,2.45318729031787));
#650=CARTESIAN_POINT('',(-38.9438738096585,-5.32315285217978,2.54435055783913));
#651=CARTESIAN_POINT('',(-38.9376285584058,-5.33335208661019,2.61804411202677));
#652=CARTESIAN_POINT('',(-38.9331582700697,-5.34064148851944,2.68097517430959));
#653=CARTESIAN_POINT('',(-38.9297301767992,-5.34620472858475,2.73887706465122));
#654=CARTESIAN_POINT('',(-38.9270684513478,-5.35064271231856,2.79704400141436));
#655=CARTESIAN_POINT('',(-38.9251530200783,-5.35388863363994,2.85412398597586));
#656=CARTESIAN_POINT('',(-38.9236208831333,-5.35647117533047,2.92239034169331));
#657=CARTESIAN_POINT('',(-38.9231717821221,-5.35711701299145,2.97054925174897));
#658=CARTESIAN_POINT('',(-38.9230923666058,-5.35708686476101,3.));
#659=CARTESIAN_POINT('',(-40.4065148190976,-2.4710814855958,-2.22044604925031E-16));
#660=CARTESIAN_POINT('',(-40.3142132391367,-2.75658096761024,-6.91543252312237E-7));
#661=CARTESIAN_POINT('',(-40.1667114922112,-3.1646425858973,0.0628835061027004));
#662=CARTESIAN_POINT('',(-39.9678437517684,-3.66218493566557,0.251802159209406));
#663=CARTESIAN_POINT('',(-39.8308210135897,-3.98871587914779,0.424690456307467));
#664=CARTESIAN_POINT('',(-39.7006960906921,-4.28669658646489,0.632672708381073));
#665=CARTESIAN_POINT('',(-39.5833515094895,-4.54662531400482,0.865342941702617));
#666=CARTESIAN_POINT('',(-39.4850952024275,-4.75865131073665,1.10282849689258));
#667=CARTESIAN_POINT('',(-39.4049048539632,-4.92809226589548,1.33539762627822));
#668=CARTESIAN_POINT('',(-39.3387396761394,-5.06546753055475,1.56474339919801));
#669=CARTESIAN_POINT('',(-39.2844145009631,-5.17649072412052,1.79274959891486));
#670=CARTESIAN_POINT('',(-39.2427805123237,-5.26030014345576,2.00835865740596));
#671=CARTESIAN_POINT('',(-39.2139086012732,-5.31760051279944,2.19434685388415));
#672=CARTESIAN_POINT('',(-39.1952424152041,-5.35430459767317,2.34357872386645));
#673=CARTESIAN_POINT('',(-39.1834436491227,-5.37732734216596,2.45873060034146));
#674=CARTESIAN_POINT('',(-39.1757602727737,-5.39221529405814,2.54891475103053));
#675=CARTESIAN_POINT('',(-39.1705564264901,-5.4022475001948,2.62177862899415));
#676=CARTESIAN_POINT('',(-39.1668300066421,-5.4094205962543,2.68398952990786));
#677=CARTESIAN_POINT('',(-39.163966821998,-5.41489372576349,2.7411782657278));
#678=CARTESIAN_POINT('',(-39.1617678377547,-5.41926456219309,2.7983807258165));
#679=CARTESIAN_POINT('',(-39.1601879619426,-5.42249089446444,2.85482576565059));
#680=CARTESIAN_POINT('',(-39.1589112156344,-5.42507658438192,2.92253823850032));
#681=CARTESIAN_POINT('',(-39.1584994574891,-5.42573714773426,2.97055023376143));
#682=CARTESIAN_POINT('',(-39.1583844450113,-5.42571112738557,3.));
#683=CARTESIAN_POINT('',(-40.4065148190976,-2.4710814855958,-2.22044604925031E-16));
#684=CARTESIAN_POINT('',(-40.324886489889,-2.76508517254434,-6.77692718231983E-5));
#685=CARTESIAN_POINT('',(-40.1981710827262,-3.1849185544888,0.063068125141874));
#686=CARTESIAN_POINT('',(-40.0318878002859,-3.69461755308664,0.25472921884431));
#687=CARTESIAN_POINT('',(-39.9189423347732,-4.02780545070093,0.430370928390001));
#688=CARTESIAN_POINT('',(-39.8131035921445,-4.33024327570473,0.641444464983075));
#689=CARTESIAN_POINT('',(-39.7188015032074,-4.59247006481878,0.876963813655484));
#690=CARTESIAN_POINT('',(-39.6406967778836,-4.80495871837903,1.11637068599488));
#691=CARTESIAN_POINT('',(-39.5775254397831,-4.97373147735391,1.34978249558704));
#692=CARTESIAN_POINT('',(-39.5257923523099,-5.1098832573895,1.5791500017818));
#693=CARTESIAN_POINT('',(-39.4836261058674,-5.2193446989133,1.80627409865266));
#694=CARTESIAN_POINT('',(-39.451508969773,-5.30159375941172,2.02020874449601));
#695=CARTESIAN_POINT('',(-39.4293172650547,-5.35768650606104,2.20445676625492));
#696=CARTESIAN_POINT('',(-39.4150258055702,-5.39351232829371,2.35185125166851));
#697=CARTESIAN_POINT('',(-39.4060026825625,-5.41598170778969,2.46557733767358));
#698=CARTESIAN_POINT('',(-39.4001283849735,-5.43050118056271,2.55455215143314));
#699=CARTESIAN_POINT('',(-39.3961484921177,-5.44028504956801,2.62639126426619));
#700=CARTESIAN_POINT('',(-39.3932984408748,-5.44728591542025,2.68771266085656));
#701=CARTESIAN_POINT('',(-39.3911024932461,-5.45262727521701,2.74402054068692));
#702=CARTESIAN_POINT('',(-39.3894420750827,-5.45689160954508,2.80003171272798));
#703=CARTESIAN_POINT('',(-39.3882541488375,-5.4600770369164,2.85569249344133));
#704=CARTESIAN_POINT('',(-39.3872797551752,-5.46265402970273,2.92272083993431));
#705=CARTESIAN_POINT('',(-39.386923463488,-5.46333204505245,2.97055139926826));
#706=CARTESIAN_POINT('',(-39.3867823703484,-5.46331220204449,3.));
#707=CARTESIAN_POINT('',(-40.4065148190976,-2.4710814855958,-2.22044604925031E-16));
#708=CARTESIAN_POINT('',(-40.3273470251052,-2.76701427041537,-0.00011973348540432));
#709=CARTESIAN_POINT('',(-40.2102267830078,-3.19089184888957,0.0632110920281827));
#710=CARTESIAN_POINT('',(-40.0632913886035,-3.70563455698667,0.2569965813365));
#711=CARTESIAN_POINT('',(-39.9657870314199,-4.04169798244978,0.434771208791923));
#712=CARTESIAN_POINT('',(-39.8763026369212,-4.34593211727114,0.648239399645895));
#713=CARTESIAN_POINT('',(-39.7980308326208,-4.60878974817262,0.885965802742409));
#714=CARTESIAN_POINT('',(-39.7342419190724,-4.82087163924348,1.12686099839536));
#715=CARTESIAN_POINT('',(-39.6833357537764,-4.98861798351163,1.36092555545305));
#716=CARTESIAN_POINT('',(-39.6421249258243,-5.12348220545113,1.59030986702768));
#717=CARTESIAN_POINT('',(-39.6089095094986,-5.23150616771263,1.81675062199565));
#718=CARTESIAN_POINT('',(-39.5838633687297,-5.3124060037615,2.02938818446286));
#719=CARTESIAN_POINT('',(-39.5666858370904,-5.367489163662,2.21228822167997));
#720=CARTESIAN_POINT('',(-39.5557024970394,-5.40259067039119,2.3582594336403));
#721=CARTESIAN_POINT('',(-39.5487968334657,-5.42460704083415,2.47088110061334));
#722=CARTESIAN_POINT('',(-39.544312477159,-5.43882495800148,2.55891916666801));
#723=CARTESIAN_POINT('',(-39.5412792703527,-5.44840487728787,2.62996450269899));
#724=CARTESIAN_POINT('',(-39.5391110163008,-5.45526314018935,2.69059689492002));
#725=CARTESIAN_POINT('',(-39.5374370814703,-5.46049478794582,2.74622246042624));
#726=CARTESIAN_POINT('',(-39.5361943633349,-5.46466572651214,2.80131081996076));
#727=CARTESIAN_POINT('',(-39.5353118007719,-5.46781227129158,2.85636409160527));
#728=CARTESIAN_POINT('',(-39.5345711200122,-5.4703804326287,2.9228624673175));
#729=CARTESIAN_POINT('',(-39.5342512918599,-5.47108146273105,2.97055240872392));
#730=CARTESIAN_POINT('',(-39.5340771147515,-5.4710814855958,3.));
#731=CARTESIAN_POINT('',(-40.4065148190976,-2.4710814855958,-2.22044604925031E-16));
#732=CARTESIAN_POINT('',(-40.3273498633525,-2.76699342448068,-0.000146618340444522));
#733=CARTESIAN_POINT('',(-40.2138041968709,-3.1918937942812,0.0632850400262387));
#734=CARTESIAN_POINT('',(-40.0756656977666,-3.70838469647367,0.258169579020314));
#735=CARTESIAN_POINT('',(-39.9855081311167,-4.04551438885978,0.437047671239733));
#736=CARTESIAN_POINT('',(-39.9040083693398,-4.35039722820518,0.651754733940476));
#737=CARTESIAN_POINT('',(-39.8336887578451,-4.61340883866094,0.890622945452537));
#738=CARTESIAN_POINT('',(-39.7770700261502,-4.82518220509223,1.1322880992909));
#739=CARTESIAN_POINT('',(-39.7323454079253,-4.99234485651915,1.3666903149873));
#740=CARTESIAN_POINT('',(-39.6964636442546,-5.12651894630982,1.59608327098136));
#741=CARTESIAN_POINT('',(-39.6677986525024,-5.2337924609033,1.82217043923396));
#742=CARTESIAN_POINT('',(-39.6463597837153,-5.31399816738319,2.03413689225636));
#743=CARTESIAN_POINT('',(-39.6317502206474,-5.36856822271842,2.21633949989913));
#744=CARTESIAN_POINT('',(-39.6224657584865,-5.40330238759103,2.36157434448297));
#745=CARTESIAN_POINT('',(-39.6166517881507,-5.42508991503539,2.47362462205176));
#746=CARTESIAN_POINT('',(-39.6128868398061,-5.43915495508091,2.56117805514692));
#747=CARTESIAN_POINT('',(-39.6103460178441,-5.44863066926593,2.6318127332262));
#748=CARTESIAN_POINT('',(-39.6085345909377,-5.45541500623662,2.69208867920696));
#749=CARTESIAN_POINT('',(-39.6071363002947,-5.46058840502382,2.74736126654928));
#750=CARTESIAN_POINT('',(-39.606116090069,-5.46470686207189,2.80197223165396));
#751=CARTESIAN_POINT('',(-39.6054013185067,-5.46782729804312,2.85671125440999));
#752=CARTESIAN_POINT('',(-39.6047987611803,-5.47038031073734,2.92293553770903));
#753=CARTESIAN_POINT('',(-39.604517362265,-5.47108150285082,2.97055283621091));
#754=CARTESIAN_POINT('',(-39.6043432127317,-5.4710814855958,3.));
#755=FACE_BOUND('',#756,.T.);
#756=EDGE_LOOP('',(#3804,#3805,#3806,#3807));
#757=CYLINDRICAL_SURFACE('',#758,3.);
#758=AXIS2_PLACEMENT_3D('',#759,#760,#761);
#759=CARTESIAN_POINT('',(27.6043432127317,-2.47108148559582,3.));
#760=DIRECTION('',(-1.,-3.56624507766568E-16,3.24204097969607E-17));
#761=DIRECTION('',(-3.24204097969607E-17,-1.48029736616687E-16,-1.));
#762=FACE_BOUND('',#763,.T.);
#763=EDGE_LOOP('',(#3808,#3809,#3810,#3811));
#764=TOROIDAL_SURFACE('',#765,13.,3.);
#765=AXIS2_PLACEMENT_3D('',#766,#767,#768);
#766=CARTESIAN_POINT('',(26.9684116632468,16.7841152057064,3.));
#767=DIRECTION('',(0.,0.,1.));
#768=DIRECTION('',(0.896426199697051,-0.44319303750928,0.));
#769=FACE_BOUND('',#770,.T.);
#770=EDGE_LOOP('',(#3812,#3813,#3814,#3815));
#771=TOROIDAL_SURFACE('',#772,135.236232993206,3.);
#772=AXIS2_PLACEMENT_3D('',#773,#774,#775);
#773=CARTESIAN_POINT('',(-1.35284347462228E-14,-102.440049411753,3.));
#774=DIRECTION('',(0.,0.,-1.));
#775=DIRECTION('',(-0.263667598273902,0.964613600163543,0.));
#776=FACE_BOUND('',#777,.T.);
#777=EDGE_LOOP('',(#3816,#3817,#3818,#3819));
#778=TOROIDAL_SURFACE('',#779,13.,3.);
#779=AXIS2_PLACEMENT_3D('',#780,#781,#782);
#780=CARTESIAN_POINT('',(-26.9684116632468,16.7841152057064,3.));
#781=DIRECTION('',(0.,0.,1.));
#782=DIRECTION('',(0.236811701744109,0.971555566047079,0.));
#783=FACE_BOUND('',#784,.T.);
#784=EDGE_LOOP('',(#3820,#3821,#3822,#3823));
#785=CYLINDRICAL_SURFACE('',#786,3.);
#786=AXIS2_PLACEMENT_3D('',#787,#788,#789);
#787=CARTESIAN_POINT('',(-55.,-2.47108148559579,3.));
#788=DIRECTION('',(-1.,7.78089835127058E-16,-3.24204097969608E-17));
#789=DIRECTION('',(3.2420409796962E-17,1.48029736616691E-16,-1.));
#790=FACE_BOUND('',#791,.T.);
#791=EDGE_LOOP('',(#3824,#3825,#3826,#3827));
#792=CYLINDRICAL_SURFACE('',#793,3.);
#793=AXIS2_PLACEMENT_3D('',#794,#795,#796);
#794=CARTESIAN_POINT('',(-42.,33.5319581404142,3.));
#795=DIRECTION('',(2.89999453577959E-16,1.,0.));
#796=DIRECTION('',(2.368475785867E-15,-5.25907270147341E-31,-1.));
#797=FACE_BOUND('',#798,.T.);
#798=EDGE_LOOP('',(#3828,#3829,#3830,#3831));
#799=TOROIDAL_SURFACE('',#800,27.,3.);
#800=AXIS2_PLACEMENT_3D('',#801,#802,#803);
#801=CARTESIAN_POINT('',(-15.,21.5319581404142,3.));
#802=DIRECTION('',(0.,0.,-1.));
#803=DIRECTION('',(-0.975410085389447,-0.220397743456122,0.));
#804=FACE_BOUND('',#805,.T.);
#805=EDGE_LOOP('',(#3832,#3833,#3834,#3835));
#806=CYLINDRICAL_SURFACE('',#807,3.);
#807=AXIS2_PLACEMENT_3D('',#808,#809,#810);
#808=CARTESIAN_POINT('',(-11.9127193606719,61.4360480763753,3.));
#809=DIRECTION('',(0.729537204140085,0.68394112888133,0.));
#810=DIRECTION('',(-1.18177585989206E-15,1.2605609172182E-15,-1.));
#811=FACE_BOUND('',#812,.T.);
#812=EDGE_LOOP('',(#3836,#3837,#3838,#3839));
#813=TOROIDAL_SURFACE('',#814,33.,3.);
#814=AXIS2_PLACEMENT_3D('',#815,#816,#817);
#815=CARTESIAN_POINT('',(-43.2372230634368,77.3034822664221,3.));
#816=DIRECTION('',(0.,0.,1.));
#817=DIRECTION('',(0.540753906366499,-0.841180844259646,0.));
#818=FACE_BOUND('',#819,.T.);
#819=EDGE_LOOP('',(#3840,#3841,#3842,#3843));
#820=CYLINDRICAL_SURFACE('',#821,3.);
#821=AXIS2_PLACEMENT_3D('',#822,#823,#824);
#822=CARTESIAN_POINT('',(-11.9411399258224,171.318884908336,3.));
#823=DIRECTION('',(-0.0181788136675148,0.999834751713323,0.));
#824=DIRECTION('',(0.,0.,-1.));
#825=FACE_BOUND('',#826,.T.);
#826=EDGE_LOOP('',(#3844,#3845,#3846,#3847));
#827=TOROIDAL_SURFACE('',#828,12.,3.);
#828=AXIS2_PLACEMENT_3D('',#829,#830,#831);
#829=CARTESIAN_POINT('',(0.275022858726371,159.539013652368,3.));
#830=DIRECTION('',(0.,0.,-1.));
#831=DIRECTION('',(-0.868722155326385,-0.495299724252982,0.));
#832=FACE_BOUND('',#833,.T.);
#833=EDGE_LOOP('',(#3848,#3849,#3850,#3851));
#834=TOROIDAL_SURFACE('',#835,12.,3.);
#835=AXIS2_PLACEMENT_3D('',#836,#837,#838);
#836=CARTESIAN_POINT('',(-0.275206406700051,159.528918514404,3.));
#837=DIRECTION('',(0.,0.,-1.));
#838=DIRECTION('',(-0.479425538604204,0.877582561890372,0.));
#839=FACE_BOUND('',#840,.T.);
#840=EDGE_LOOP('',(#3852,#3853,#3854,#3855));
#841=CYLINDRICAL_SURFACE('',#842,3.);
#842=AXIS2_PLACEMENT_3D('',#843,#844,#845);
#843=CARTESIAN_POINT('',(10.024530492887,65.9053660968902,3.));
#844=DIRECTION('',(-0.0181788136675151,-0.999834751713323,0.));
#845=DIRECTION('',(6.78021199440612E-16,-1.23276581716475E-17,-1.));
#846=FACE_BOUND('',#847,.T.);
#847=EDGE_LOOP('',(#3856,#3857,#3858,#3859));
#848=TOROIDAL_SURFACE('',#849,33.,3.);
#849=AXIS2_PLACEMENT_3D('',#850,#851,#852);
#850=CARTESIAN_POINT('',(43.2372230634369,77.3034822664221,3.));
#851=DIRECTION('',(0.,0.,1.));
#852=DIRECTION('',(-0.980066975795568,0.198667367614637,0.));
#853=FACE_BOUND('',#854,.T.);
#854=EDGE_LOOP('',(#3860,#3861,#3862,#3863));
#855=CYLINDRICAL_SURFACE('',#856,3.);
#856=AXIS2_PLACEMENT_3D('',#857,#858,#859);
#857=CARTESIAN_POINT('',(42.2208569294769,33.0221691056206,3.));
#858=DIRECTION('',(0.729537204140085,-0.68394112888133,0.));
#859=DIRECTION('',(1.18177585989206E-15,1.2605609172182E-15,-1.));
#860=FACE_BOUND('',#861,.T.);
#861=EDGE_LOOP('',(#3864,#3865,#3866,#3867));
#862=TOROIDAL_SURFACE('',#863,27.,3.);
#863=AXIS2_PLACEMENT_3D('',#864,#865,#866);
#864=CARTESIAN_POINT('',(15.,21.5319581404142,3.));
#865=DIRECTION('',(0.,0.,-1.));
#866=DIRECTION('',(0.50633472136373,0.862337028047337,0.));
#867=FACE_BOUND('',#868,.T.);
#868=EDGE_LOOP('',(#3868,#3869,#3870,#3871));
#869=CYLINDRICAL_SURFACE('',#870,3.);
#870=AXIS2_PLACEMENT_3D('',#871,#872,#873);
#871=CARTESIAN_POINT('',(42.,-15.4710814855958,3.));
#872=DIRECTION('',(-2.89999453577959E-16,-1.,0.));
#873=DIRECTION('',(-1.71714170928515E-31,0.,-1.));
#874=FACE_BOUND('',#875,.T.);
#875=EDGE_LOOP('',(#3872,#3873,#3874,#3875));
#876=CYLINDRICAL_SURFACE('',#877,4.);
#877=AXIS2_PLACEMENT_3D('',#878,#879,#880);
#878=CARTESIAN_POINT('',(7.99999999999997,140.5,4.));
#879=DIRECTION('',(1.13869028166683E-16,-1.,0.));
#880=DIRECTION('',(-1.,-1.13869028166683E-16,0.));
#881=FACE_BOUND('',#882,.T.);
#882=EDGE_LOOP('',(#3876,#3877,#3878,#3879));
#883=TOROIDAL_SURFACE('',#884,8.,4.);
#884=AXIS2_PLACEMENT_3D('',#885,#886,#887);
#885=CARTESIAN_POINT('',(-2.97539770599542E-14,163.5,4.));
#886=DIRECTION('',(0.,0.,1.));
#887=DIRECTION('',(-4.28626379701573E-16,-1.,0.));
#888=FACE_BOUND('',#889,.T.);
#889=EDGE_LOOP('',(#3880,#3881,#3882,#3883));
#890=CYLINDRICAL_SURFACE('',#891,4.);
#891=AXIS2_PLACEMENT_3D('',#892,#893,#894);
#892=CARTESIAN_POINT('',(-8.00000000000003,179.5,4.));
#893=DIRECTION('',(0.,1.,0.));
#894=DIRECTION('',(1.,0.,0.));
#895=FACE_BOUND('',#896,.T.);
#896=EDGE_LOOP('',(#3884,#3885,#3886,#3887));
#897=TOROIDAL_SURFACE('',#898,8.,4.);
#898=AXIS2_PLACEMENT_3D('',#899,#900,#901);
#899=CARTESIAN_POINT('',(-3.01980662698043E-14,156.5,4.));
#900=DIRECTION('',(0.,0.,1.));
#901=DIRECTION('',(3.06161699786838E-16,1.,0.));
#902=FACE_BOUND('',#903,.T.);
#903=EDGE_LOOP('',(#3888,#3889,#3890,#3891));
#904=CYLINDRICAL_SURFACE('',#905,10.);
#905=AXIS2_PLACEMENT_3D('',#906,#907,#908);
#906=CARTESIAN_POINT('',(-26.9684116632468,16.7841152057064,-20.));
#907=DIRECTION('',(0.,0.,1.));
#908=DIRECTION('',(-0.220625349807252,0.975358628927036,0.));
#909=FACE_BOUND('',#910,.T.);
#910=EDGE_LOOP('',(#3892,#3893,#3894,#3895));
#911=TOROIDAL_SURFACE('',#912,13.,3.);
#912=AXIS2_PLACEMENT_3D('',#913,#914,#915);
#913=CARTESIAN_POINT('',(-26.9684116632468,16.7841152057064,7.));
#914=DIRECTION('',(0.,0.,-1.));
#915=DIRECTION('',(-0.896426199697052,-0.443193037509278,0.));
#916=FACE_BOUND('',#917,.T.);
#917=EDGE_LOOP('',(#3896,#3897,#3898,#3899));
#918=CYLINDRICAL_SURFACE('',#919,3.);
#919=AXIS2_PLACEMENT_3D('',#920,#921,#922);
#920=CARTESIAN_POINT('',(27.6043432127317,-2.47108148559582,7.));
#921=DIRECTION('',(1.,3.56624507766568E-16,-6.48408195939215E-17));
#922=DIRECTION('',(6.48408195939215E-17,-1.48029736616688E-16,1.));
#923=FACE_BOUND('',#924,.T.);
#924=EDGE_LOOP('',(#3900,#3901,#3902,#3903));
#925=CYLINDRICAL_SURFACE('',#926,3.);
#926=AXIS2_PLACEMENT_3D('',#927,#928,#929);
#927=CARTESIAN_POINT('',(42.,-15.4710814855958,7.));
#928=DIRECTION('',(2.89999453577959E-16,1.,0.));
#929=DIRECTION('',(-1.71714170928515E-31,0.,1.));
#930=FACE_BOUND('',#931,.T.);
#931=EDGE_LOOP('',(#3904,#3905,#3906,#3907));
#932=TOROIDAL_SURFACE('',#933,27.,3.);
#933=AXIS2_PLACEMENT_3D('',#934,#935,#936);
#934=CARTESIAN_POINT('',(15.,21.5319581404142,7.));
#935=DIRECTION('',(0.,0.,1.));
#936=DIRECTION('',(0.975410085389447,-0.220397743456123,0.));
#937=FACE_BOUND('',#938,.T.);
#938=EDGE_LOOP('',(#3908,#3909,#3910,#3911));
#939=CYLINDRICAL_SURFACE('',#940,3.);
#940=AXIS2_PLACEMENT_3D('',#941,#942,#943);
#941=CARTESIAN_POINT('',(42.2208569294769,33.0221691056206,7.));
#942=DIRECTION('',(-0.729537204140085,0.68394112888133,0.));
#943=DIRECTION('',(1.18177585989206E-15,1.2605609172182E-15,1.));
#944=FACE_BOUND('',#945,.T.);
#945=EDGE_LOOP('',(#3912,#3913,#3914,#3915));
#946=TOROIDAL_SURFACE('',#947,33.,3.);
#947=AXIS2_PLACEMENT_3D('',#948,#949,#950);
#948=CARTESIAN_POINT('',(43.2372230634369,77.3034822664221,7.));
#949=DIRECTION('',(0.,0.,-1.));
#950=DIRECTION('',(-0.5407539063665,-0.841180844259646,0.));
#951=FACE_BOUND('',#952,.T.);
#952=EDGE_LOOP('',(#3916,#3917,#3918,#3919));
#953=CYLINDRICAL_SURFACE('',#954,3.);
#954=AXIS2_PLACEMENT_3D('',#955,#956,#957);
#955=CARTESIAN_POINT('',(10.024530492887,65.9053660968902,7.));
#956=DIRECTION('',(0.0181788136675151,0.999834751713323,0.));
#957=DIRECTION('',(6.78021199440612E-16,-1.23276581716475E-17,1.));
#958=FACE_BOUND('',#959,.T.);
#959=EDGE_LOOP('',(#3920,#3921,#3922,#3923));
#960=TOROIDAL_SURFACE('',#961,12.,3.);
#961=AXIS2_PLACEMENT_3D('',#962,#963,#964);
#962=CARTESIAN_POINT('',(-0.275206406700051,159.528918514404,7.));
#963=DIRECTION('',(0.,0.,1.));
#964=DIRECTION('',(0.868722155341869,-0.495299724225824,0.));
#965=FACE_BOUND('',#966,.T.);
#966=EDGE_LOOP('',(#3924,#3925,#3926,#3927));
#967=TOROIDAL_SURFACE('',#968,12.,3.);
#968=AXIS2_PLACEMENT_3D('',#969,#970,#971);
#969=CARTESIAN_POINT('',(0.275022858726371,159.539013652368,7.));
#970=DIRECTION('',(0.,0.,1.));
#971=DIRECTION('',(0.446911440203694,0.894578204862526,0.));
#972=FACE_BOUND('',#973,.T.);
#973=EDGE_LOOP('',(#3928,#3929,#3930,#3931));
#974=CYLINDRICAL_SURFACE('',#975,3.);
#975=AXIS2_PLACEMENT_3D('',#976,#977,#978);
#976=CARTESIAN_POINT('',(-11.9411399258224,171.318884908336,7.));
#977=DIRECTION('',(0.0181788136675148,-0.999834751713323,0.));
#978=DIRECTION('',(0.,0.,1.));
#979=FACE_BOUND('',#980,.T.);
#980=EDGE_LOOP('',(#3932,#3933,#3934,#3935));
#981=TOROIDAL_SURFACE('',#982,33.,3.);
#982=AXIS2_PLACEMENT_3D('',#983,#984,#985);
#983=CARTESIAN_POINT('',(-43.2372230634368,77.3034822664221,7.));
#984=DIRECTION('',(0.,0.,-1.));
#985=DIRECTION('',(0.980066975795568,0.198667367614636,0.));
#986=FACE_BOUND('',#987,.T.);
#987=EDGE_LOOP('',(#3936,#3937,#3938,#3939));
#988=CYLINDRICAL_SURFACE('',#989,3.);
#989=AXIS2_PLACEMENT_3D('',#990,#991,#992);
#990=CARTESIAN_POINT('',(-11.9127193606719,61.4360480763753,7.));
#991=DIRECTION('',(-0.729537204140085,-0.68394112888133,0.));
#992=DIRECTION('',(-1.18177585989206E-15,1.2605609172182E-15,1.));
#993=FACE_BOUND('',#994,.T.);
#994=EDGE_LOOP('',(#3940,#3941,#3942,#3943));
#995=TOROIDAL_SURFACE('',#996,27.,3.);
#996=AXIS2_PLACEMENT_3D('',#997,#998,#999);
#997=CARTESIAN_POINT('',(-15.,21.5319581404142,7.));
#998=DIRECTION('',(0.,0.,1.));
#999=DIRECTION('',(-0.50633472136373,0.862337028047337,0.));
#1000=FACE_BOUND('',#1001,.T.);
#1001=EDGE_LOOP('',(#3944,#3945,#3946,#3947));
#1002=CYLINDRICAL_SURFACE('',#1003,3.);
#1003=AXIS2_PLACEMENT_3D('',#1004,#1005,#1006);
#1004=CARTESIAN_POINT('',(-42.,33.5319581404142,7.));
#1005=DIRECTION('',(-2.89999453577959E-16,-1.,0.));
#1006=DIRECTION('',(2.368475785867E-15,-5.25907270147341E-31,1.));
#1007=FACE_BOUND('',#1008,.T.);
#1008=EDGE_LOOP('',(#3948,#3949,#3950,#3951));
#1009=CYLINDRICAL_SURFACE('',#1010,3.);
#1010=AXIS2_PLACEMENT_3D('',#1011,#1012,#1013);
#1011=CARTESIAN_POINT('',(-55.,-2.47108148559579,7.));
#1012=DIRECTION('',(1.,-7.78089835127058E-16,6.48408195939215E-17));
#1013=DIRECTION('',(-6.48408195939197E-17,1.48029736616691E-16,1.));
#1014=FACE_BOUND('',#1015,.T.);
#1015=EDGE_LOOP('',(#3952,#3953,#3954,#3955));
#1016=TOROIDAL_SURFACE('',#1017,135.236232993206,3.);
#1017=AXIS2_PLACEMENT_3D('',#1018,#1019,#1020);
#1018=CARTESIAN_POINT('',(-1.35284347462228E-14,-102.440049411753,7.));
#1019=DIRECTION('',(0.,0.,-1.));
#1020=DIRECTION('',(-0.263667598273902,0.964613600163543,0.));
#1021=FACE_BOUND('',#1022,.T.);
#1022=EDGE_LOOP('',(#3956,#3957,#3958,#3959));
#1023=TOROIDAL_SURFACE('',#1024,13.,3.);
#1024=AXIS2_PLACEMENT_3D('',#1025,#1026,#1027);
#1025=CARTESIAN_POINT('',(26.9684116632468,16.7841152057064,7.));
#1026=DIRECTION('',(0.,0.,-1.));
#1027=DIRECTION('',(-0.236811701744105,0.971555566047079,0.));
#1028=FACE_BOUND('',#1029,.T.);
#1029=EDGE_LOOP('',(#3960,#3961,#3962,#3963));
#1030=TOROIDAL_SURFACE('',#1031,8.,4.);
#1031=AXIS2_PLACEMENT_3D('',#1032,#1033,#1034);
#1032=CARTESIAN_POINT('',(-2.97539770599542E-14,163.5,6.));
#1033=DIRECTION('',(0.,0.,-1.));
#1034=DIRECTION('',(6.12323399573676E-17,-1.,0.));
#1035=FACE_BOUND('',#1036,.T.);
#1036=EDGE_LOOP('',(#3964,#3965,#3966,#3967));
#1037=CYLINDRICAL_SURFACE('',#1038,4.);
#1038=AXIS2_PLACEMENT_3D('',#1039,#1040,#1041);
#1039=CARTESIAN_POINT('',(7.99999999999997,140.5,6.));
#1040=DIRECTION('',(-1.13869028166683E-16,1.,0.));
#1041=DIRECTION('',(-1.,-1.13869028166683E-16,0.));
#1042=FACE_BOUND('',#1043,.T.);
#1043=EDGE_LOOP('',(#3968,#3969,#3970,#3971));
#1044=TOROIDAL_SURFACE('',#1045,8.,4.);
#1045=AXIS2_PLACEMENT_3D('',#1046,#1047,#1048);
#1046=CARTESIAN_POINT('',(-3.01980662698043E-14,156.5,6.));
#1047=DIRECTION('',(0.,0.,-1.));
#1048=DIRECTION('',(6.12323399573676E-17,1.,0.));
#1049=FACE_BOUND('',#1050,.T.);
#1050=EDGE_LOOP('',(#3972,#3973,#3974,#3975));
#1051=CYLINDRICAL_SURFACE('',#1052,4.);
#1052=AXIS2_PLACEMENT_3D('',#1053,#1054,#1055);
#1053=CARTESIAN_POINT('',(-8.00000000000003,179.5,6.));
#1054=DIRECTION('',(0.,-1.,0.));
#1055=DIRECTION('',(1.,0.,0.));
#1056=FACE_BOUND('',#1057,.T.);
#1057=EDGE_LOOP('',(#3976,#3977,#3978));
#1058=B_SPLINE_SURFACE_WITH_KNOTS('',3,3,(
(#1059,#1060,#1061,#1062,#1063,#1064,#1065,#1066,#1067,#1068,#1069,#1070,#1071,#1072,
#1073,#1074,#1075,#1076,#1077,#1078,#1079,#1080,#1081,#1082),
(#1083,#1084,#1085,#1086,#1087,#1088,#1089,#1090,#1091,#1092,#1093,#1094,#1095,#1096,
#1097,#1098,#1099,#1100,#1101,#1102,#1103,#1104,#1105,#1106),
(#1107,#1108,#1109,#1110,#1111,#1112,#1113,#1114,#1115,#1116,#1117,#1118,#1119,#1120,
#1121,#1122,#1123,#1124,#1125,#1126,#1127,#1128,#1129,#1130),
(#1131,#1132,#1133,#1134,#1135,#1136,#1137,#1138,#1139,#1140,#1141,#1142,#1143,#1144,
#1145,#1146,#1147,#1148,#1149,#1150,#1151,#1152,#1153,#1154),
(#1155,#1156,#1157,#1158,#1159,#1160,#1161,#1162,#1163,#1164,#1165,#1166,#1167,#1168,
#1169,#1170,#1171,#1172,#1173,#1174,#1175,#1176,#1177,#1178),
(#1179,#1180,#1181,#1182,#1183,#1184,#1185,#1186,#1187,#1188,#1189,#1190,#1191,#1192,
#1193,#1194,#1195,#1196,#1197,#1198,#1199,#1200,#1201,#1202),
(#1203,#1204,#1205,#1206,#1207,#1208,#1209,#1210,#1211,#1212,#1213,#1214,#1215,#1216,
#1217,#1218,#1219,#1220,#1221,#1222,#1223,#1224,#1225,#1226),
(#1227,#1228,#1229,#1230,#1231,#1232,#1233,#1234,#1235,#1236,#1237,#1238,#1239,#1240,
#1241,#1242,#1243,#1244,#1245,#1246,#1247,#1248,#1249,#1250),
(#1251,#1252,#1253,#1254,#1255,#1256,#1257,#1258,#1259,#1260,#1261,#1262,#1263,#1264,
#1265,#1266,#1267,#1268,#1269,#1270,#1271,#1272,#1273,#1274),
(#1275,#1276,#1277,#1278,#1279,#1280,#1281,#1282,#1283,#1284,#1285,#1286,#1287,#1288,
#1289,#1290,#1291,#1292,#1293,#1294,#1295,#1296,#1297,#1298),
(#1299,#1300,#1301,#1302,#1303,#1304,#1305,#1306,#1307,#1308,#1309,#1310,#1311,#1312,
#1313,#1314,#1315,#1316,#1317,#1318,#1319,#1320,#1321,#1322),
(#1323,#1324,#1325,#1326,#1327,#1328,#1329,#1330,#1331,#1332,#1333,#1334,#1335,#1336,
#1337,#1338,#1339,#1340,#1341,#1342,#1343,#1344,#1345,#1346),
(#1347,#1348,#1349,#1350,#1351,#1352,#1353,#1354,#1355,#1356,#1357,#1358,#1359,#1360,
#1361,#1362,#1363,#1364,#1365,#1366,#1367,#1368,#1369,#1370),
(#1371,#1372,#1373,#1374,#1375,#1376,#1377,#1378,#1379,#1380,#1381,#1382,#1383,#1384,
#1385,#1386,#1387,#1388,#1389,#1390,#1391,#1392,#1393,#1394)),
.UNSPECIFIED.,.F.,.F.,.F.,
(4,1,1,1,1,1,1,1,1,1,1,4),
(4,1,1,1,1,1,1,1,1,1,1,1,1,1,1,1,1,1,1,1,1,4),
(0.,0.0929551676793893,0.185910335358779,0.278865503038168,0.371820670717557,0.464775838396946,
0.557731006076336,0.650686173755725,0.743641341435114,0.836596509114503,0.922049395302799,
1.),
(0.,0.191674928805612,0.275169819561315,0.355314882864405,0.436555999101992,0.513497955348573,
0.581485333451663,0.640371039226034,0.695550285597193,0.749060003986118,0.797778746599438,
0.837838470431397,0.86829571652939,0.891340538059668,0.909314860422202,0.923793526177077,
0.935936363815085,0.947269490942011,0.958534315956373,0.970207213081958,0.981575737540832,
1.),
.UNSPECIFIED.);
#1059=CARTESIAN_POINT('',(-40.4065148190976,-2.4710814855958,10.));
#1060=CARTESIAN_POINT('',(-40.3273498633529,-2.7669934244797,10.0001466183404));
#1061=CARTESIAN_POINT('',(-40.21380419687,-3.19189379428498,9.93671495997327));
#1062=CARTESIAN_POINT('',(-40.0756656977627,-3.70838469648794,9.74183042097413));
#1063=CARTESIAN_POINT('',(-39.9855081311173,-4.0455143888577,9.56295232875984));
#1064=CARTESIAN_POINT('',(-39.9040083693422,-4.35039722819624,9.3482452660654));
#1065=CARTESIAN_POINT('',(-39.8336887578508,-4.61340883863964,9.1093770545699));
#1066=CARTESIAN_POINT('',(-39.7770700261522,-4.82518220508481,8.86771190071877));
#1067=CARTESIAN_POINT('',(-39.7323454079353,-4.99234485648157,8.63330968506672));
#1068=CARTESIAN_POINT('',(-39.6964636442771,-5.12651894622547,8.40391672916759));
#1069=CARTESIAN_POINT('',(-39.6677986525387,-5.23379246076823,8.177829561072));
#1070=CARTESIAN_POINT('',(-39.6463597837566,-5.31399816722795,7.96586310819133));
#1071=CARTESIAN_POINT('',(-39.6317502206882,-5.36856822256637,7.78366050065715));
#1072=CARTESIAN_POINT('',(-39.6224657585228,-5.40330238745455,7.63842565614104));
#1073=CARTESIAN_POINT('',(-39.616651788182,-5.42508991491825,7.52637537860481));
#1074=CARTESIAN_POINT('',(-39.6128868398323,-5.43915495498293,7.4388219455162));
#1075=CARTESIAN_POINT('',(-39.6103460178656,-5.44863066918576,7.36818726742347));
#1076=CARTESIAN_POINT('',(-39.6085345909548,-5.45541500617275,7.30791132141436));
#1077=CARTESIAN_POINT('',(-39.6071363003075,-5.46058840497521,7.25263873402956));
#1078=CARTESIAN_POINT('',(-39.6061160900673,-5.46470686207652,7.1980277683541));
#1079=CARTESIAN_POINT('',(-39.6054013185045,-5.46782729805445,7.14328874539027));
#1080=CARTESIAN_POINT('',(-39.604798761178,-5.470380310743,7.07706446191448));
#1081=CARTESIAN_POINT('',(-39.6045173622649,-5.47108150285083,7.0294471637766));
#1082=CARTESIAN_POINT('',(-39.6043432127317,-5.4710814855958,7.));
#1083=CARTESIAN_POINT('',(-40.4065148190976,-2.4710814855958,10.));
#1084=CARTESIAN_POINT('',(-40.3273464787768,-2.76701828300853,10.000114558471));
#1085=CARTESIAN_POINT('',(-40.2095381734466,-3.19069898633901,9.9368031420802));
#1086=CARTESIAN_POINT('',(-40.0609094814683,-3.70510518790487,9.74322920674126));
#1087=CARTESIAN_POINT('',(-39.9619909546148,-4.04096336966869,9.56566698311529));
#1088=CARTESIAN_POINT('',(-39.8709696134193,-4.34507263658861,9.35243726034267));
#1089=CARTESIAN_POINT('',(-39.7911671067214,-4.60790062824753,9.11493064178316));
#1090=CARTESIAN_POINT('',(-39.7259980185617,-4.82004190665061,8.87418365389787));
#1091=CARTESIAN_POINT('',(-39.6739019790885,-4.98790060480847,8.64018409215067));
#1092=CARTESIAN_POINT('',(-39.6316653697483,-5.12289766891966,8.41080144461894));
#1093=CARTESIAN_POINT('',(-39.5975740509062,-5.23106608336777,8.18429262857736));
#1094=CARTESIAN_POINT('',(-39.5718335532514,-5.31209953107079,7.97152588567773));
#1095=CARTESIAN_POINT('',(-39.5541617182473,-5.36728145749175,7.7884916016843));
#1096=CARTESIAN_POINT('',(-39.5428513644316,-5.4024536731689,7.6423786478426));
#1097=CARTESIAN_POINT('',(-39.5357355629062,-5.42451409318297,7.52964699524799));
#1098=CARTESIAN_POINT('',(-39.5311127291291,-5.43876143739484,7.44151564312738));
#1099=CARTESIAN_POINT('',(-39.5279847440989,-5.44836141494012,7.37039126031892));
#1100=CARTESIAN_POINT('',(-39.5257478050661,-5.4552339077194,7.30969025641245));
#1101=CARTESIAN_POINT('',(-39.5240208120074,-5.46047676772384,7.25399674677476));
#1102=CARTESIAN_POINT('',(-39.5227352637316,-5.46465780841166,7.19881649391923));
#1103=CARTESIAN_POINT('',(-39.5218204033984,-5.46780937883228,7.14370273289894));
#1104=CARTESIAN_POINT('',(-39.5210531355233,-5.47038045609698,7.07715159748541));
#1105=CARTESIAN_POINT('',(-39.5207259102031,-5.47108145500847,7.0294476735498));
#1106=CARTESIAN_POINT('',(-39.5205517277868,-5.4710814855958,7.));
#1107=CARTESIAN_POINT('',(-40.4065148190976,-2.4710814855958,10.));
#1108=CARTESIAN_POINT('',(-40.3240094792453,-2.76439143030152,10.000056398884));
#1109=CARTESIAN_POINT('',(-40.1948241153626,-3.18305447805583,9.93696316248638));
#1110=CARTESIAN_POINT('',(-40.0239841247708,-3.69141949085509,9.74576692457273));
#1111=CARTESIAN_POINT('',(-39.9074890827612,-4.02386517000351,9.57059193391911));
#1112=CARTESIAN_POINT('',(-39.7979451386119,-4.32583434110115,9.36004238867668));
#1113=CARTESIAN_POINT('',(-39.7000449571633,-4.58787626098138,9.12500598260575));
#1114=CARTESIAN_POINT('',(-39.6187454394654,-4.80042684843368,8.8859247846793));
#1115=CARTESIAN_POINT('',(-39.5528474648975,-4.96940918665105,8.65265581350904));
#1116=CARTESIAN_POINT('',(-39.4987824768436,-5.10583522722941,8.42329199151576));
#1117=CARTESIAN_POINT('',(-39.4546376780071,-5.21560815617598,8.19601837489735));
#1118=CARTESIAN_POINT('',(-39.4209615363905,-5.29815204210747,7.98179991049069));
#1119=CARTESIAN_POINT('',(-39.397667741261,-5.35446661614075,7.7972569270216));
#1120=CARTESIAN_POINT('',(-39.3826510804495,-5.39045143342376,7.64955100204715));
#1121=CARTESIAN_POINT('',(-39.3731653850298,-5.41302015343346,7.53558324398669));
#1122=CARTESIAN_POINT('',(-39.3669884653163,-5.42760543783072,7.44640344646999));
#1123=CARTESIAN_POINT('',(-39.3628032080777,-5.43743352127156,7.37439063407365));
#1124=CARTESIAN_POINT('',(-39.359805819248,-5.44446502035411,7.31291846387105));
#1125=CARTESIAN_POINT('',(-39.3574975397732,-5.44982970260693,7.25646127455192));
#1126=CARTESIAN_POINT('',(-39.3557473216033,-5.45411342780331,7.20024816877304));
#1127=CARTESIAN_POINT('',(-39.3544941702174,-5.45730645022853,7.14445444788306));
#1128=CARTESIAN_POINT('',(-39.3534699444799,-5.4598847692431,7.07731013014496));
#1129=CARTESIAN_POINT('',(-39.3531052284938,-5.46055844644641,7.02944880675389));
#1130=CARTESIAN_POINT('',(-39.3529691610877,-5.46053609476605,7.));
#1131=CARTESIAN_POINT('',(-40.4065148190976,-2.4710814855958,10.));
#1132=CARTESIAN_POINT('',(-40.3108720867778,-2.75391249504323,9.99998703987164));
#1133=CARTESIAN_POINT('',(-40.1578068028568,-3.15853032066736,9.93715407512897));
#1134=CARTESIAN_POINT('',(-39.9510676960133,-3.6526559928099,9.74879358125433));
#1135=CARTESIAN_POINT('',(-39.8084558728279,-3.97732248244673,9.57646567290675));
#1136=CARTESIAN_POINT('',(-39.672849417239,-4.27400986065358,9.36911257356336));
#1137=CARTESIAN_POINT('',(-39.5504077291066,-4.53318889418684,9.13702220489756));
#1138=CARTESIAN_POINT('',(-39.4477545586007,-4.7449228782919,8.8999276850351));
#1139=CARTESIAN_POINT('',(-39.3638868513701,-4.91436099627147,8.66753006234286));
#1140=CARTESIAN_POINT('',(-39.2946280092471,-5.05188642515483,8.43818871228074));
#1141=CARTESIAN_POINT('',(-39.2377137797689,-5.1631566754677,8.21000298159772));
#1142=CARTESIAN_POINT('',(-39.1940658735284,-5.24723664200492,7.99405313647544));
#1143=CARTESIAN_POINT('',(-39.1637892780318,-5.30475550309352,7.80771076702761));
#1144=CARTESIAN_POINT('',(-39.1442068514176,-5.34162236540461,7.65810494091296));
#1145=CARTESIAN_POINT('',(-39.1318292265074,-5.36474905604343,7.54266287836639));
#1146=CARTESIAN_POINT('',(-39.123769598171,-5.3797069287259,7.45223259679144));
#1147=CARTESIAN_POINT('',(-39.118311727769,-5.38978658619757,7.37916015405203));
#1148=CARTESIAN_POINT('',(-39.1144036574004,-5.39699269919032,7.31676821809914));
#1149=CARTESIAN_POINT('',(-39.1114023353407,-5.40249125173053,7.25940020845228));
#1150=CARTESIAN_POINT('',(-39.1090909016297,-5.40688189610981,7.20195529581057));
#1151=CARTESIAN_POINT('',(-39.1074293485762,-5.41011531360536,7.14535064273824));
#1152=CARTESIAN_POINT('',(-39.1060900591178,-5.41270188718365,7.07749893507411));
#1153=CARTESIAN_POINT('',(-39.1056682066689,-5.41335885851417,7.02945001079987));
#1154=CARTESIAN_POINT('',(-39.1055607889291,-5.41333139001271,7.));
#1155=CARTESIAN_POINT('',(-40.4065148190976,-2.4710814855958,10.));
#1156=CARTESIAN_POINT('',(-40.2914615375656,-2.73838599832271,9.9999355615041));
#1157=CARTESIAN_POINT('',(-40.1094352543033,-3.12368627438677,9.93729581158552));
#1158=CARTESIAN_POINT('',(-39.8652987051834,-3.5989111837897,9.75104010093513));
#1159=CARTESIAN_POINT('',(-39.697203632141,-3.91315358537496,9.58082537122613));
#1160=CARTESIAN_POINT('',(-39.5373813080064,-4.20227144027358,9.37584474739037));
#1161=CARTESIAN_POINT('',(-39.3929605347316,-4.45655825378491,9.14594098893635));
#1162=CARTESIAN_POINT('',(-39.2716764338669,-4.66567473687735,8.91032102086371));
#1163=CARTESIAN_POINT('',(-39.1724257543233,-4.83399267707569,8.67857012816774));
#1164=CARTESIAN_POINT('',(-39.0903615574148,-4.97125790890211,8.44924544775523));
#1165=CARTESIAN_POINT('',(-39.0228265973553,-5.08284171280874,8.22038271273884));
#1166=CARTESIAN_POINT('',(-38.9709848731299,-5.16751164544406,8.00314778418849));
#1167=CARTESIAN_POINT('',(-38.9350384939273,-5.22558788149828,7.81546985165685));
#1168=CARTESIAN_POINT('',(-38.9117761500385,-5.26290754079957,7.66445386910372));
#1169=CARTESIAN_POINT('',(-38.8970852668597,-5.28633293843144,7.54791754091003));
#1170=CARTESIAN_POINT('',(-38.8875271043154,-5.30149742092781,7.45655912483942));
#1171=CARTESIAN_POINT('',(-38.8810602381971,-5.31171937194968,7.38270020756045));
#1172=CARTESIAN_POINT('',(-38.876431951989,-5.3190245724476,7.3196256098516));
#1173=CARTESIAN_POINT('',(-38.8728841421164,-5.32460032629608,7.26158158102442));
#1174=CARTESIAN_POINT('',(-38.8701232488013,-5.32904629133698,7.20322241524209));
#1175=CARTESIAN_POINT('',(-38.8681359083,-5.33229217274928,7.14601588050263));
#1176=CARTESIAN_POINT('',(-38.8665492013745,-5.33487124767233,7.07763913147575));
#1177=CARTESIAN_POINT('',(-38.8660927328756,-5.33551441875475,7.02945094172335));
#1178=CARTESIAN_POINT('',(-38.8660215414768,-5.33548479137041,7.));
#1179=CARTESIAN_POINT('',(-40.4065148190977,-2.4710814855958,10.));
#1180=CARTESIAN_POINT('',(-40.2676365717015,-2.71930303177554,9.99990196403366));
#1181=CARTESIAN_POINT('',(-40.0532915862511,-3.08128853280601,9.93738833370047));
#1182=CARTESIAN_POINT('',(-39.7713164722139,-3.53353854983625,9.75250635039213));
#1183=CARTESIAN_POINT('',(-39.5787340301527,-3.83478706880487,9.58367081812412));
#1184=CARTESIAN_POINT('',(-39.3966414523288,-4.11389639461318,9.38023862022873));
#1185=CARTESIAN_POINT('',(-39.2327342244282,-4.36098067554025,9.15176197581537));
#1186=CARTESIAN_POINT('',(-39.0953977058758,-4.56536625387511,8.91710438588215));
#1187=CARTESIAN_POINT('',(-38.9831835361186,-4.73069064998078,8.68577558214384));
#1188=CARTESIAN_POINT('',(-38.8905263910849,-4.86606087465961,8.45646177121438));
#1189=CARTESIAN_POINT('',(-38.8143484796189,-4.97653091558919,8.22715716920671));
#1190=CARTESIAN_POINT('',(-38.7559386935439,-5.06064638094315,8.00908350351586));
#1191=CARTESIAN_POINT('',(-38.7155114205863,-5.118485527901,7.82053388705566));
#1192=CARTESIAN_POINT('',(-38.6893679810236,-5.15573095031395,7.66859754146276));
#1193=CARTESIAN_POINT('',(-38.6728816929542,-5.17913062042971,7.55134702206952));
#1194=CARTESIAN_POINT('',(-38.6621676258544,-5.19429221535366,7.45938284521789));
#1195=CARTESIAN_POINT('',(-38.6549261623555,-5.20451695806584,7.38501062519764));
#1196=CARTESIAN_POINT('',(-38.6497465114532,-5.21182358336396,7.32149048070527));
#1197=CARTESIAN_POINT('',(-38.6457818323553,-5.21740282700399,7.26300524220931));
#1198=CARTESIAN_POINT('',(-38.6426712341806,-5.22184075544991,7.20404938509127));
#1199=CARTESIAN_POINT('',(-38.6404294324228,-5.22506211680405,7.14645003033538));
#1200=CARTESIAN_POINT('',(-38.6386497101342,-5.22761221071229,7.07773061469229));
#1201=CARTESIAN_POINT('',(-38.6381693436146,-5.22824678728083,7.02945154017003));
#1202=CARTESIAN_POINT('',(-38.6381303973538,-5.22822444565983,7.));
#1203=CARTESIAN_POINT('',(-40.4065148190976,-2.4710814855958,10.));
#1204=CARTESIAN_POINT('',(-40.2412559418926,-2.6981546768912,9.99988624763184));
#1205=CARTESIAN_POINT('',(-39.9929456710959,-3.03413044532614,9.93743161872983));
#1206=CARTESIAN_POINT('',(-39.6737174291353,-3.45998498316209,9.75319225384197));
#1207=CARTESIAN_POINT('',(-39.4579801845951,-3.74579985171552,9.58500189635743));
#1208=CARTESIAN_POINT('',(-39.2556341320198,-4.01236939274865,9.38229403508933));
#1209=CARTESIAN_POINT('',(-39.0746359004326,-4.24971779527899,9.15448497755652));
#1210=CARTESIAN_POINT('',(-38.9236572617202,-4.44699769094571,8.92027757547207));
#1211=CARTESIAN_POINT('',(-38.8007121255915,-4.60720062223117,8.68914621797835));
#1212=CARTESIAN_POINT('',(-38.6994827065178,-4.73880143523581,8.45983748879456));
#1213=CARTESIAN_POINT('',(-38.6164571287138,-4.84651563986269,8.23032618333107));
#1214=CARTESIAN_POINT('',(-38.5529456536844,-4.92875499981286,8.01186016329808));
#1215=CARTESIAN_POINT('',(-38.5090986356469,-4.98542880629988,7.82290278080392));
#1216=CARTESIAN_POINT('',(-38.4807841491098,-5.0219836390798,7.67053589925262));
#1217=CARTESIAN_POINT('',(-38.4629583657176,-5.04497330649391,7.55295128932444));
#1218=CARTESIAN_POINT('',(-38.4513884836327,-5.0598825912626,7.46070374508637));
#1219=CARTESIAN_POINT('',(-38.4435766509387,-5.06994297726822,7.38609140882228));
#1220=CARTESIAN_POINT('',(-38.4379920139517,-5.07713315308212,7.32236284369699));
#1221=CARTESIAN_POINT('',(-38.4337224935616,-5.08262655728084,7.26367121366068));
#1222=CARTESIAN_POINT('',(-38.430349789272,-5.08698216495179,7.20443623326368));
#1223=CARTESIAN_POINT('',(-38.42791464154,-5.09013271733654,7.14665312301566));
#1224=CARTESIAN_POINT('',(-38.4259878031495,-5.09262367615717,7.0777734124327));
#1225=CARTESIAN_POINT('',(-38.4254921446468,-5.0932505061187,7.02945182200357));
#1226=CARTESIAN_POINT('',(-38.4254827130971,-5.09324254346614,7.));
#1227=CARTESIAN_POINT('',(-40.4065148190976,-2.4710814855958,10.));
#1228=CARTESIAN_POINT('',(-40.2141784145424,-2.67643200279009,9.99988841237646));
#1229=CARTESIAN_POINT('',(-39.9319525834717,-2.98503081872015,9.93742565657129));
#1230=CARTESIAN_POINT('',(-39.5770472318915,-3.38178439130637,9.7530977784264));
#1231=CARTESIAN_POINT('',(-39.3397947387664,-3.64990663892078,9.58481855566963));
#1232=CARTESIAN_POINT('',(-39.1192514876182,-3.90136710215607,9.38201092557264));
#1233=CARTESIAN_POINT('',(-38.9234298593711,-4.12627604635195,9.15410991587428));
#1234=CARTESIAN_POINT('',(-38.7610246955164,-4.31386029597106,8.91984050580699));
#1235=CARTESIAN_POINT('',(-38.6293726224953,-4.46659768233652,8.68868195251866));
#1236=CARTESIAN_POINT('',(-38.5213827275785,-4.59234677813297,8.459372523503));
#1237=CARTESIAN_POINT('',(-38.4331093504616,-4.69547376978283,8.22988968912473));
#1238=CARTESIAN_POINT('',(-38.3657947936015,-4.77435671448409,8.01147771137648));
#1239=CARTESIAN_POINT('',(-38.3194571152596,-4.82881497219483,7.822576493932));
#1240=CARTESIAN_POINT('',(-38.2895912075537,-4.86398037146064,7.67026891366557));
#1241=CARTESIAN_POINT('',(-38.2708196008076,-4.8861196973473,7.55273032078866));
#1242=CARTESIAN_POINT('',(-38.2586517321121,-4.90048942650969,7.46052180706765));
#1243=CARTESIAN_POINT('',(-38.2504440607639,-4.91019186166351,7.38594254397601));
#1244=CARTESIAN_POINT('',(-38.2445788406612,-4.91712822927999,7.32224268632174));
#1245=CARTESIAN_POINT('',(-38.2400993561033,-4.92243133082036,7.26357948426334));
#1246=CARTESIAN_POINT('',(-38.236540271546,-4.92661979688447,7.20438294974912));
#1247=CARTESIAN_POINT('',(-38.2339625860155,-4.92964439283607,7.14662514961814));
#1248=CARTESIAN_POINT('',(-38.231924924546,-4.93203833581178,7.07776751772157));
#1249=CARTESIAN_POINT('',(-38.2314179713905,-4.93265547238725,7.02945178328968));
#1250=CARTESIAN_POINT('',(-38.2314333013057,-4.93266863194179,7.));
#1251=CARTESIAN_POINT('',(-40.4065148190976,-2.4710814855958,10.));
#1252=CARTESIAN_POINT('',(-40.1882627675139,-2.65562606563784,9.99990845825699));
#1253=CARTESIAN_POINT('',(-39.8738500373458,-2.93683204778285,9.93737044859403));
#1254=CARTESIAN_POINT('',(-39.4857922933266,-3.30255113213069,9.75222292856628));
#1255=CARTESIAN_POINT('',(-39.2289366175707,-3.55094939609977,9.58312080279845));
#1256=CARTESIAN_POINT('',(-38.9922552386347,-3.78474332003013,9.37938930054318));
#1257=CARTESIAN_POINT('',(-38.7837143870524,-3.99438743113918,9.15063680116711));
#1258=CARTESIAN_POINT('',(-38.6118726265959,-4.16951316142556,8.91579318795788));
#1259=CARTESIAN_POINT('',(-38.4733035585836,-4.31225987294905,8.68438279667792));
#1260=CARTESIAN_POINT('',(-38.3601350854977,-4.42989608220547,8.45506688537176));
#1261=CARTESIAN_POINT('',(-38.2680014976105,-4.52643869050922,8.22584769511115));
#1262=CARTESIAN_POINT('',(-38.1980023103592,-4.60034372866348,8.00793615441457));
#1263=CARTESIAN_POINT('',(-38.1499628140745,-4.65142595378235,7.81955503134098));
#1264=CARTESIAN_POINT('',(-38.1190696223034,-4.68442785741814,7.66779658823016));
#1265=CARTESIAN_POINT('',(-38.0996804971942,-4.70522491065289,7.55068411902367));
#1266=CARTESIAN_POINT('',(-38.0871281964752,-4.71873285221346,7.45883703305282));
#1267=CARTESIAN_POINT('',(-38.0786681614085,-4.7278591736093,7.38456403207344));
#1268=CARTESIAN_POINT('',(-38.0726238167323,-4.73438620212078,7.32113000963387));
#1269=CARTESIAN_POINT('',(-38.0680113734877,-4.73938036545636,7.26273005477637));
#1270=CARTESIAN_POINT('',(-38.0643292378208,-4.74330703692255,7.20388953504447));
#1271=CARTESIAN_POINT('',(-38.0616492378123,-4.74614209755815,7.14636611040248));
#1272=CARTESIAN_POINT('',(-38.059527542417,-4.74839352888133,7.07771293057323));
#1273=CARTESIAN_POINT('',(-38.0590093756355,-4.74899583822436,7.02945142393921));
#1274=CARTESIAN_POINT('',(-38.0590436372461,-4.74903598205529,7.));
#1275=CARTESIAN_POINT('',(-40.4065148190976,-2.4710814855958,10.));
#1276=CARTESIAN_POINT('',(-40.165367788521,-2.63722790712825,9.9999463851732));
#1277=CARTESIAN_POINT('',(-39.8221558797596,-2.89239810267011,9.93726600781109));
#1278=CARTESIAN_POINT('',(-39.4043712609764,-3.22597322527673,9.75056774677191));
#1279=CARTESIAN_POINT('',(-39.1300575373625,-3.45288663847573,9.57990870289782));
#1280=CARTESIAN_POINT('',(-38.8792578504684,-3.66651406373599,9.37442924629054));
#1281=CARTESIAN_POINT('',(-38.6598976313897,-3.85799046263249,9.14406573545149));
#1282=CARTESIAN_POINT('',(-38.4803477979968,-4.01776041302753,8.90813573147411));
#1283=CARTESIAN_POINT('',(-38.3363878475729,-4.14784207997513,8.67624885941618));
#1284=CARTESIAN_POINT('',(-38.2193681341134,-4.25495144708795,8.44692067550732));
#1285=CARTESIAN_POINT('',(-38.1245296215893,-4.34276753317349,8.21820028799127));
#1286=CARTESIAN_POINT('',(-38.052769160678,-4.40994717353105,8.00123556066738));
#1287=CARTESIAN_POINT('',(-38.00366645611,-4.45639249863236,7.81383844333656));
#1288=CARTESIAN_POINT('',(-37.9721684163299,-4.48638765532835,7.66311895911855));
#1289=CARTESIAN_POINT('',(-37.9524209023741,-4.50530258319022,7.54681271036533));
#1290=CARTESIAN_POINT('',(-37.9396510402081,-4.51759385990348,7.45564944285092));
#1291=CARTESIAN_POINT('',(-37.9310494647307,-4.52590291797368,7.38195588865346));
#1292=CARTESIAN_POINT('',(-37.9249033865904,-4.53184804891072,7.31902482633447));
#1293=CARTESIAN_POINT('',(-37.920216281456,-4.53640134542937,7.26112293597194));
#1294=CARTESIAN_POINT('',(-37.9164613884326,-4.53996242126421,7.20295599858531));
#1295=CARTESIAN_POINT('',(-37.9137082774177,-4.54253637968639,7.14587601381745));
#1296=CARTESIAN_POINT('',(-37.9115196008115,-4.54459226389354,7.07760965792598));
#1297=CARTESIAN_POINT('',(-37.9109865661361,-4.54517077234409,7.02945074823884));
#1298=CARTESIAN_POINT('',(-37.9110332240928,-4.54524175667409,7.00000000000001));
#1299=CARTESIAN_POINT('',(-40.4065148190976,-2.4710814855958,10.));
#1300=CARTESIAN_POINT('',(-40.1478369430649,-2.62311862692789,10.0000006915432));
#1301=CARTESIAN_POINT('',(-39.7814900930208,-2.85562891730705,9.93711649389677));
#1302=CARTESIAN_POINT('',(-39.3389361592543,-3.15769312194098,9.74819784078521));
#1303=CARTESIAN_POINT('',(-39.049905282816,-3.36228745295425,9.57530954369203));
#1304=CARTESIAN_POINT('',(-38.7872484312523,-3.55395481014902,9.36732729162471));
#1305=CARTESIAN_POINT('',(-38.5589649845912,-3.72489152975899,9.13465705831899));
#1306=CARTESIAN_POINT('',(-38.373302735822,-3.86680296184351,8.89717150311733));
#1307=CARTESIAN_POINT('',(-38.2252923969621,-3.98184064632127,8.66460237377528));
#1308=CARTESIAN_POINT('',(-38.1055416835717,-4.07623111576924,8.43525660095128));
#1309=CARTESIAN_POINT('',(-38.008947063801,-4.15334696098908,8.20725040139474));
#1310=CARTESIAN_POINT('',(-37.9361650733596,-4.21217033765235,7.99164134304898));
#1311=CARTESIAN_POINT('',(-37.886492391143,-4.25278491897759,7.80565314668622));
#1312=CARTESIAN_POINT('',(-37.8547116027088,-4.27896884222798,7.65642127677373));
#1313=CARTESIAN_POINT('',(-37.8347966091552,-4.29548097951949,7.54126940033451));
#1314=CARTESIAN_POINT('',(-37.8219299414968,-4.30621104232431,7.4510852496522));
#1315=CARTESIAN_POINT('',(-37.8132655044216,-4.3134672608129,7.37822137167779));
#1316=CARTESIAN_POINT('',(-37.8070715948152,-4.31866100667422,7.31601047073001));
#1317=CARTESIAN_POINT('',(-37.8023499085524,-4.32264329897605,7.25882173488334));
#1318=CARTESIAN_POINT('',(-37.7985601811964,-4.32573808652959,7.20161927418545));
#1319=CARTESIAN_POINT('',(-37.7957534005591,-4.32798023059414,7.14517423414459));
#1320=CARTESIAN_POINT('',(-37.7935062486868,-4.32978748871361,7.0774617611201));
#1321=CARTESIAN_POINT('',(-37.7929507381773,-4.33033273799311,7.0294497662263));
#1322=CARTESIAN_POINT('',(-37.7930010886144,-4.33043936707945,7.));
#1323=CARTESIAN_POINT('',(-40.4065148190976,-2.4710814855958,10.));
#1324=CARTESIAN_POINT('',(-40.1372198950789,-2.61454435872317,10.0000677692718));
#1325=CARTESIAN_POINT('',(-39.7548724114759,-2.8293169472766,9.9369318748576));
#1326=CARTESIAN_POINT('',(-39.293382753034,-3.10220977304109,9.74527078115022));
#1327=CARTESIAN_POINT('',(-38.9926303503298,-3.2847442781415,9.56962907160953));
#1328=CARTESIAN_POINT('',(-38.7203541059506,-3.45367066499762,9.35855553502275));
#1329=CARTESIAN_POINT('',(-38.4848287029211,-3.60261212137387,9.12303618636648));
#1330=CARTESIAN_POINT('',(-38.2943433226899,-3.72495220448018,8.88362931401491));
#1331=CARTESIAN_POINT('',(-38.1432933265893,-3.8232311991623,8.65021750446668));
#1332=CARTESIAN_POINT('',(-38.0216062030902,-3.90326783768468,8.42084999836734));
#1333=CARTESIAN_POINT('',(-37.9238985034774,-3.96817550242985,8.19372590165524));
#1334=CARTESIAN_POINT('',(-37.850575219962,-4.01737016143136,7.97979125595561));
#1335=CARTESIAN_POINT('',(-37.8006322631746,-4.0512016416322,7.79554323430895));
#1336=CARTESIAN_POINT('',(-37.7687598119252,-4.0729244914803,7.64814874896425));
#1337=CARTESIAN_POINT('',(-37.7487828845982,-4.08660704019537,7.53442266299345));
#1338=CARTESIAN_POINT('',(-37.7358834772043,-4.09549116937717,7.44544784924058));
#1339=CARTESIAN_POINT('',(-37.7271959508458,-4.10149870847755,7.3736087363955));
#1340=CARTESIAN_POINT('',(-37.7209800590964,-4.10579959266662,7.31228733977371));
#1341=CARTESIAN_POINT('',(-37.7162422606902,-4.10910195196213,7.25597945990937));
#1342=CARTESIAN_POINT('',(-37.7124396679217,-4.11164789472039,7.19996828727677));
#1343=CARTESIAN_POINT('',(-37.709587792319,-4.11349854917033,7.14430750635619));
#1344=CARTESIAN_POINT('',(-37.7072835409756,-4.11500876787748,7.07727915968754));
#1345=CARTESIAN_POINT('',(-37.7066989616882,-4.11550365738837,7.02944860071936));
#1346=CARTESIAN_POINT('',(-37.7067489395752,-4.11563708613278,7.));
#1347=CARTESIAN_POINT('',(-40.4065148190976,-2.4710814855958,10.));
#1348=CARTESIAN_POINT('',(-40.1348029696685,-2.61256089616834,10.0001197334853));
#1349=CARTESIAN_POINT('',(-39.7464261101937,-2.81884411814929,9.9367889079713));
#1350=CARTESIAN_POINT('',(-39.2758157015936,-3.07394392018144,9.74300341865796));
#1351=CARTESIAN_POINT('',(-38.9689065991135,-3.24202880470934,9.56522879120761));
#1352=CARTESIAN_POINT('',(-38.6913290641071,-3.39537996285476,9.35176060035994));
#1353=CARTESIAN_POINT('',(-38.4517103845029,-3.52880971159632,9.11403419727986));
#1354=CARTESIAN_POINT('',(-38.2585165449475,-3.63708664531748,8.87313900161433));
#1355=CARTESIAN_POINT('',(-38.1058078320507,-3.72316987640701,8.63907444460085));
#1356=CARTESIAN_POINT('',(-37.9830950075292,-3.79265551077768,8.40969013312131));
#1357=CARTESIAN_POINT('',(-37.8848488488964,-3.84851365795525,8.18324937831097));
#1358=CARTESIAN_POINT('',(-37.8113087465767,-3.89051301494235,7.97061181598616));
#1359=CARTESIAN_POINT('',(-37.7612636084477,-3.91923071415081,7.7877117788789));
#1360=CARTESIAN_POINT('',(-37.7293805927571,-3.93756709451939,7.64174056698668));
#1361=CARTESIAN_POINT('',(-37.7093865455613,-3.94908433527161,7.5291189000468));
#1362=CARTESIAN_POINT('',(-37.6964799922488,-3.95654620516185,7.44108083399872));
#1363=CARTESIAN_POINT('',(-37.6877861939286,-3.96158535868305,7.37003549795477));
#1364=CARTESIAN_POINT('',(-37.681561606758,-3.96518974635144,7.30940310570434));
#1365=CARTESIAN_POINT('',(-37.6768176673501,-3.96795872362365,7.25377754015854));
#1366=CARTESIAN_POINT('',(-37.6730156344578,-3.9700766526284,7.19868918004616));
#1367=CARTESIAN_POINT('',(-37.6701354728544,-3.9716207801841,7.14363590819406));
#1368=CARTESIAN_POINT('',(-37.6677891432105,-3.97290093557047,7.07713753230544));
#1369=CARTESIAN_POINT('',(-37.6671741871682,-3.97336522245168,7.02944759126364));
#1370=CARTESIAN_POINT('',(-37.6672119491678,-3.97353525685109,7.));
#1371=CARTESIAN_POINT('',(-40.4065148190976,-2.4710814855958,10.));
#1372=CARTESIAN_POINT('',(-40.1348227034979,-2.6125536033899,10.0001466183404));
#1373=CARTESIAN_POINT('',(-39.7446719740402,-2.8155692454997,9.93671495997325));
#1374=CARTESIAN_POINT('',(-39.2704466864607,-3.06246086871548,9.74183042097411));
#1375=CARTESIAN_POINT('',(-38.9609029653737,-3.22360521716245,9.56295232875982));
#1376=CARTESIAN_POINT('',(-38.6809600633733,-3.36930260393417,9.34824526606537));
#1377=CARTESIAN_POINT('',(-38.4394659980948,-3.49500292781431,9.10937705456989));
#1378=CARTESIAN_POINT('',(-38.2450179054679,-3.59621349439926,8.86771190071875));
#1379=CARTESIAN_POINT('',(-38.0915380201339,-3.67613575847192,8.63330968506671));
#1380=CARTESIAN_POINT('',(-37.9683428573317,-3.74026951856719,8.40391672916757));
#1381=CARTESIAN_POINT('',(-37.8698421503158,-3.79152280520412,8.17782956107199));
#1382=CARTESIAN_POINT('',(-37.7961971211369,-3.82985021211613,7.96586310819132));
#1383=CARTESIAN_POINT('',(-37.746095798447,-3.85594978562618,7.78366050065714));
#1384=CARTESIAN_POINT('',(-37.714202838765,-3.87254805574398,7.63842565614103));
#1385=CARTESIAN_POINT('',(-37.6941953636293,-3.88294995666639,7.5263753786048));
#1386=CARTESIAN_POINT('',(-37.6812819854864,-3.88967638610809,7.43882194551619));
#1387=CARTESIAN_POINT('',(-37.672583097568,-3.89421227465439,7.36818726742346));
#1388=CARTESIAN_POINT('',(-37.6663532692585,-3.89745229549379,7.30791132141435));
#1389=CARTESIAN_POINT('',(-37.6616063961206,-3.89993955650071,7.25263873402955));
#1390=CARTESIAN_POINT('',(-37.6578073262648,-3.90182889132037,7.19802776835409));
#1391=CARTESIAN_POINT('',(-37.6549162527634,-3.90320355967633,7.14328874539027));
#1392=CARTESIAN_POINT('',(-37.652554747849,-3.90434559455274,7.07706446191447));
#1393=CARTESIAN_POINT('',(-37.6519312971818,-3.90477240245548,7.02944716377661));
#1394=CARTESIAN_POINT('',(-37.6519690923638,-3.90494240123312,7.));
#1395=FACE_BOUND('',#1396,.T.);
#1396=EDGE_LOOP('',(#3979,#3980,#3981,#3982));
#1397=CYLINDRICAL_SURFACE('',#1398,2.);
#1398=AXIS2_PLACEMENT_3D('',#1399,#1400,#1401);
#1399=CARTESIAN_POINT('',(-39.6043432127318,-3.4710814855958,-8.));
#1400=DIRECTION('',(0.,0.,-1.));
#1401=DIRECTION('',(0.976187060183953,-0.216930457818655,0.));
#1402=FACE_BOUND('',#1403,.T.);
#1403=EDGE_LOOP('',(#3983,#3984,#3985));
#1404=B_SPLINE_SURFACE_WITH_KNOTS('',3,3,(
(#1405,#1406,#1407,#1408,#1409,#1410,#1411,#1412,#1413,#1414,#1415,#1416,#1417,#1418,
#1419,#1420,#1421,#1422,#1423,#1424,#1425,#1426,#1427,#1428),
(#1429,#1430,#1431,#1432,#1433,#1434,#1435,#1436,#1437,#1438,#1439,#1440,#1441,#1442,
#1443,#1444,#1445,#1446,#1447,#1448,#1449,#1450,#1451,#1452),
(#1453,#1454,#1455,#1456,#1457,#1458,#1459,#1460,#1461,#1462,#1463,#1464,#1465,#1466,
#1467,#1468,#1469,#1470,#1471,#1472,#1473,#1474,#1475,#1476),
(#1477,#1478,#1479,#1480,#1481,#1482,#1483,#1484,#1485,#1486,#1487,#1488,#1489,#1490,
#1491,#1492,#1493,#1494,#1495,#1496,#1497,#1498,#1499,#1500),
(#1501,#1502,#1503,#1504,#1505,#1506,#1507,#1508,#1509,#1510,#1511,#1512,#1513,#1514,
#1515,#1516,#1517,#1518,#1519,#1520,#1521,#1522,#1523,#1524),
(#1525,#1526,#1527,#1528,#1529,#1530,#1531,#1532,#1533,#1534,#1535,#1536,#1537,#1538,
#1539,#1540,#1541,#1542,#1543,#1544,#1545,#1546,#1547,#1548),
(#1549,#1550,#1551,#1552,#1553,#1554,#1555,#1556,#1557,#1558,#1559,#1560,#1561,#1562,
#1563,#1564,#1565,#1566,#1567,#1568,#1569,#1570,#1571,#1572),
(#1573,#1574,#1575,#1576,#1577,#1578,#1579,#1580,#1581,#1582,#1583,#1584,#1585,#1586,
#1587,#1588,#1589,#1590,#1591,#1592,#1593,#1594,#1595,#1596),
(#1597,#1598,#1599,#1600,#1601,#1602,#1603,#1604,#1605,#1606,#1607,#1608,#1609,#1610,
#1611,#1612,#1613,#1614,#1615,#1616,#1617,#1618,#1619,#1620),
(#1621,#1622,#1623,#1624,#1625,#1626,#1627,#1628,#1629,#1630,#1631,#1632,#1633,#1634,
#1635,#1636,#1637,#1638,#1639,#1640,#1641,#1642,#1643,#1644),
(#1645,#1646,#1647,#1648,#1649,#1650,#1651,#1652,#1653,#1654,#1655,#1656,#1657,#1658,
#1659,#1660,#1661,#1662,#1663,#1664,#1665,#1666,#1667,#1668),
(#1669,#1670,#1671,#1672,#1673,#1674,#1675,#1676,#1677,#1678,#1679,#1680,#1681,#1682,
#1683,#1684,#1685,#1686,#1687,#1688,#1689,#1690,#1691,#1692),
(#1693,#1694,#1695,#1696,#1697,#1698,#1699,#1700,#1701,#1702,#1703,#1704,#1705,#1706,
#1707,#1708,#1709,#1710,#1711,#1712,#1713,#1714,#1715,#1716),
(#1717,#1718,#1719,#1720,#1721,#1722,#1723,#1724,#1725,#1726,#1727,#1728,#1729,#1730,
#1731,#1732,#1733,#1734,#1735,#1736,#1737,#1738,#1739,#1740)),
.UNSPECIFIED.,.F.,.F.,.F.,
(4,1,1,1,1,1,1,1,1,1,1,4),
(4,1,1,1,1,1,1,1,1,1,1,1,1,1,1,1,1,1,1,1,1,4),
(0.,0.0929551676793892,0.185910335358778,0.278865503038168,0.371820670717557,0.464775838396946,
0.557731006076335,0.650686173755725,0.743641341435114,0.836596509114503,0.922049395302799,
1.),
(0.,0.191674928807137,0.275169819558614,0.355314882857079,0.436555999049483,0.513497955282349,
0.581485333382601,0.64037103920727,0.695550285609836,0.749060004023827,0.797778746654652,
0.837838470494826,0.868295716597025,0.891340538128539,0.909314860490454,0.923793526243419,
0.93593636387774,0.947269490999816,0.958534316007664,0.970207213332266,0.981575737536372,
1.),
.UNSPECIFIED.);
#1405=CARTESIAN_POINT('',(40.4065148190976,-2.47108148559582,2.22044604925031E-16));
#1406=CARTESIAN_POINT('',(40.3273498633523,-2.7669934244822,-0.000146618340410065));
#1407=CARTESIAN_POINT('',(40.2138041968704,-3.19189379428323,0.0632850400266357));
#1408=CARTESIAN_POINT('',(40.0756656977661,-3.70838469647557,0.258169579021241));
#1409=CARTESIAN_POINT('',(39.9855081311402,-4.04551438877218,0.437047671193376));
#1410=CARTESIAN_POINT('',(39.9040083693844,-4.35039722803832,0.651754733815615));
#1411=CARTESIAN_POINT('',(39.8336887579066,-4.61340883843109,0.890622945220499));
#1412=CARTESIAN_POINT('',(39.7770700261919,-4.82518220493627,1.13228809908817));
#1413=CARTESIAN_POINT('',(39.7323454079513,-4.99234485642167,1.36669031483003));
#1414=CARTESIAN_POINT('',(39.69646364427,-5.12651894625231,1.59608327087487));
#1415=CARTESIAN_POINT('',(39.6677986525203,-5.23379246083669,1.82217043908149));
#1416=CARTESIAN_POINT('',(39.6463597837349,-5.31399816730953,2.03413689204414));
#1417=CARTESIAN_POINT('',(39.6317502206672,-5.36856822264457,2.21633949962973));
#1418=CARTESIAN_POINT('',(39.6224657585047,-5.40330238752265,2.36157434417077));
#1419=CARTESIAN_POINT('',(39.6166517881667,-5.42508991497567,2.47362462171724));
#1420=CARTESIAN_POINT('',(39.6128868398196,-5.43915495503044,2.56117805480546));
#1421=CARTESIAN_POINT('',(39.6103460178553,-5.44863066922437,2.63181273288939));
#1422=CARTESIAN_POINT('',(39.6085345909466,-5.45541500620327,2.69208867888261));
#1423=CARTESIAN_POINT('',(39.6071363003015,-5.46058840499817,2.74736126624392));
#1424=CARTESIAN_POINT('',(39.6061160900575,-5.46470686211727,2.8019722322188));
#1425=CARTESIAN_POINT('',(39.6054013184997,-5.46782729807636,2.85671125508418));
#1426=CARTESIAN_POINT('',(39.6047987611757,-5.47038031074873,2.92293553847846));
#1427=CARTESIAN_POINT('',(39.6045173622649,-5.47108150285084,2.97055283621627));
#1428=CARTESIAN_POINT('',(39.6043432127318,-5.47108148559582,3.));
#1429=CARTESIAN_POINT('',(40.4065148190976,-2.47108148559582,2.22044604925031E-16));
#1430=CARTESIAN_POINT('',(40.3273464787762,-2.76701828301103,-0.000114558470984763));
#1431=CARTESIAN_POINT('',(40.209538173447,-3.19069898633726,0.0631968579197042));
#1432=CARTESIAN_POINT('',(40.0609094814719,-3.70510518789255,0.256770793254142));
#1433=CARTESIAN_POINT('',(39.96199095464,-4.04096336958348,0.434333016838268));
#1434=CARTESIAN_POINT('',(39.8709696134667,-4.34507263643102,0.647562739539138));
#1435=CARTESIAN_POINT('',(39.7911671067851,-4.60790062803901,0.885069358008363));
#1436=CARTESIAN_POINT('',(39.7259980186077,-4.82004190650163,1.12581634590964));
#1437=CARTESIAN_POINT('',(39.6739019791074,-4.98790060474815,1.35981590774602));
#1438=CARTESIAN_POINT('',(39.6316653697399,-5.12289766894667,1.5891985554235));
#1439=CARTESIAN_POINT('',(39.5975740508843,-5.23106608343685,1.81570737157653));
#1440=CARTESIAN_POINT('',(39.5718335532252,-5.31209953115321,2.0284741145586));
#1441=CARTESIAN_POINT('',(39.5541617182218,-5.3672814575709,2.21150839860418));
#1442=CARTESIAN_POINT('',(39.5428513644095,-5.40245367323783,2.35762135247099));
#1443=CARTESIAN_POINT('',(39.5357355628874,-5.42451409324113,2.47035300507615));
#1444=CARTESIAN_POINT('',(39.5311127291134,-5.43876143744297,2.55848435719638));
#1445=CARTESIAN_POINT('',(39.5279847440862,-5.44836141497925,2.6296087399963));
#1446=CARTESIAN_POINT('',(39.525747805056,-5.45523390775028,2.69030974388626));
#1447=CARTESIAN_POINT('',(39.5240208119999,-5.46047676774721,2.74600325350211));
#1448=CARTESIAN_POINT('',(39.5227352637191,-5.46465780845297,2.80118350665889));
#1449=CARTESIAN_POINT('',(39.5218204033922,-5.46780937885435,2.8562972675782));
#1450=CARTESIAN_POINT('',(39.5210531355206,-5.47038045610271,2.92284840290815));
#1451=CARTESIAN_POINT('',(39.5207259102031,-5.47108145500848,2.97055232644305));
#1452=CARTESIAN_POINT('',(39.5205517277868,-5.47108148559582,3.));
#1453=CARTESIAN_POINT('',(40.4065148190976,-2.47108148559582,2.22044604925031E-16));
#1454=CARTESIAN_POINT('',(40.3240094792448,-2.76439143030398,-5.63988839921914E-5));
#1455=CARTESIAN_POINT('',(40.1948241153633,-3.18305447805411,0.0630368375134927));
#1456=CARTESIAN_POINT('',(40.023984124775,-3.69141949084292,0.254233075422749));
#1457=CARTESIAN_POINT('',(39.9074890827909,-4.02386516991915,0.429408066035048));
#1458=CARTESIAN_POINT('',(39.7979451386691,-4.3258343409445,0.639957611206584));
#1459=CARTESIAN_POINT('',(39.7000449572421,-4.58787626077319,0.874994017187815));
#1460=CARTESIAN_POINT('',(39.6187454395232,-4.80042684828404,1.11407521512925));
#1461=CARTESIAN_POINT('',(39.5528474649218,-4.96940918659,1.34734418638754));
#1462=CARTESIAN_POINT('',(39.4987824768327,-5.10583522725671,1.57670800852666));
#1463=CARTESIAN_POINT('',(39.4546376779787,-5.21560815624618,1.80398162525725));
#1464=CARTESIAN_POINT('',(39.4209615363561,-5.29815204219144,2.01820008974717));
#1465=CARTESIAN_POINT('',(39.3976677412273,-5.35446661622168,2.20274307326978));
#1466=CARTESIAN_POINT('',(39.3826510804199,-5.39045143349423,2.35044899826968));
#1467=CARTESIAN_POINT('',(39.3731653850047,-5.41302015349302,2.46441675634126));
#1468=CARTESIAN_POINT('',(39.3669884652953,-5.42760543787998,2.55359655385755));
#1469=CARTESIAN_POINT('',(39.3628032080607,-5.43743352131164,2.62560936624586));
#1470=CARTESIAN_POINT('',(39.3598058192344,-5.44446502038564,2.68708153643081));
#1471=CARTESIAN_POINT('',(39.3574975397631,-5.449829702631,2.74353872573109));
#1472=CARTESIAN_POINT('',(39.3557473215863,-5.45411342784548,2.79975183181456));
#1473=CARTESIAN_POINT('',(39.354494170209,-5.45730645025073,2.85554555259898));
#1474=CARTESIAN_POINT('',(39.3534699444769,-5.4598847692486,2.92268987024973));
#1475=CARTESIAN_POINT('',(39.3531052284939,-5.46055844644642,2.9705511932389));
#1476=CARTESIAN_POINT('',(39.3529691610877,-5.46053609476606,3.));
#1477=CARTESIAN_POINT('',(40.4065148190976,-2.47108148559582,2.22044604925031E-16));
#1478=CARTESIAN_POINT('',(40.3108720867772,-2.75391249504563,1.29601283399767E-5));
#1479=CARTESIAN_POINT('',(40.1578068028573,-3.15853032066568,0.0628459248709531));
#1480=CARTESIAN_POINT('',(39.9510676960183,-3.65265599279808,0.251206418741189));
#1481=CARTESIAN_POINT('',(39.8084558728643,-3.9773224823643,0.423534327048189));
#1482=CARTESIAN_POINT('',(39.6728494173103,-4.27400986049942,0.630887426321611));
#1483=CARTESIAN_POINT('',(39.5504077292055,-4.53318889398043,0.862977794898448));
#1484=CARTESIAN_POINT('',(39.4477545586743,-4.7449228781423,1.10007231477471));
#1485=CARTESIAN_POINT('',(39.3638868514012,-4.91436099620982,1.33246993755355));
#1486=CARTESIAN_POINT('',(39.2946280092334,-5.05188642518234,1.56181128776166));
#1487=CARTESIAN_POINT('',(39.2377137797322,-5.16315667553899,1.78999701855772));
#1488=CARTESIAN_POINT('',(39.1940658734839,-5.24723664209048,2.00594686376426));
#1489=CARTESIAN_POINT('',(39.163789277988,-5.30475550317634,2.19228923326722));
#1490=CARTESIAN_POINT('',(39.1442068513791,-5.3416223654768,2.34189505940774));
#1491=CARTESIAN_POINT('',(39.1318292264747,-5.36474905610449,2.45733712196609));
#1492=CARTESIAN_POINT('',(39.1237695981437,-5.37970692877642,2.54776740354067));
#1493=CARTESIAN_POINT('',(39.1183117277467,-5.38978658623869,2.62083984627258));
#1494=CARTESIAN_POINT('',(39.1144036573828,-5.3969926992226,2.6832317822065));
#1495=CARTESIAN_POINT('',(39.1114023353274,-5.40249125175536,2.74059979183806));
#1496=CARTESIAN_POINT('',(39.1090909016073,-5.40688189615289,2.79804470478833));
#1497=CARTESIAN_POINT('',(39.1074293485649,-5.41011531362769,2.85464935774966));
#1498=CARTESIAN_POINT('',(39.1060900591143,-5.41270188718899,2.92250106532195));
#1499=CARTESIAN_POINT('',(39.1056682066689,-5.41335885851418,2.97054998919288));
#1500=CARTESIAN_POINT('',(39.1055607889291,-5.41333139001273,3.));
#1501=CARTESIAN_POINT('',(40.4065148190976,-2.47108148559581,2.22044604925031E-16));
#1502=CARTESIAN_POINT('',(40.2914615375647,-2.73838599832497,6.44384959215866E-5));
#1503=CARTESIAN_POINT('',(40.109435254304,-3.12368627438518,0.0627041884143628));
#1504=CARTESIAN_POINT('',(39.8652987051894,-3.59891118377833,0.24895989906044));
#1505=CARTESIAN_POINT('',(39.6972036321838,-3.91315358529512,0.419174628729354));
#1506=CARTESIAN_POINT('',(39.5373813080903,-4.20227144012306,0.624155252495869));
#1507=CARTESIAN_POINT('',(39.3929605348481,-4.45655825358189,0.854059010861479));
#1508=CARTESIAN_POINT('',(39.2716764339539,-4.66567473672909,1.08967897894701));
#1509=CARTESIAN_POINT('',(39.1724257543602,-4.83399267701409,1.32142987172858));
#1510=CARTESIAN_POINT('',(39.0903615573984,-4.97125790892956,1.55075455228716));
#1511=CARTESIAN_POINT('',(39.0228265973117,-5.08284171288034,1.77961728741722));
#1512=CARTESIAN_POINT('',(38.970984873077,-5.16751164553028,1.99685221605256));
#1513=CARTESIAN_POINT('',(38.9350384938751,-5.22558788158205,2.18453014864055));
#1514=CARTESIAN_POINT('',(38.9117761499929,-5.26290754087263,2.33554613121984));
#1515=CARTESIAN_POINT('',(38.8970852668209,-5.28633293849332,2.45208245942583));
#1516=CARTESIAN_POINT('',(38.887527104283,-5.30149742097902,2.54344087549604));
#1517=CARTESIAN_POINT('',(38.8810602381708,-5.31171937199139,2.61729979276796));
#1518=CARTESIAN_POINT('',(38.8764319519682,-5.31902457248026,2.68037439045684));
#1519=CARTESIAN_POINT('',(38.8728841421005,-5.32460032632132,2.73841841927135));
#1520=CARTESIAN_POINT('',(38.8701232487744,-5.32904629138047,2.79677758536518));
#1521=CARTESIAN_POINT('',(38.8681359082865,-5.33229217277156,2.85398411998959));
#1522=CARTESIAN_POINT('',(38.8665492013708,-5.33487124767755,2.92236086892131));
#1523=CARTESIAN_POINT('',(38.8660927328757,-5.33551441875476,2.97054905826935));
#1524=CARTESIAN_POINT('',(38.8660215414768,-5.33548479137041,3.));
#1525=CARTESIAN_POINT('',(40.4065148190977,-2.47108148559582,2.22044604925031E-16));
#1526=CARTESIAN_POINT('',(40.2676365717005,-2.71930303177763,9.80359663271922E-5));
#1527=CARTESIAN_POINT('',(40.053291586252,-3.08128853280453,0.0626116662994126));
#1528=CARTESIAN_POINT('',(39.7713164722207,-3.53353854982544,0.247493649603485));
#1529=CARTESIAN_POINT('',(39.5787340302018,-3.83478706872828,0.416329181831714));
#1530=CARTESIAN_POINT('',(39.3966414524244,-4.1138963944676,0.619761379658365));
#1531=CARTESIAN_POINT('',(39.2327342245603,-4.36098067534249,0.84823802398362));
#1532=CARTESIAN_POINT('',(39.0953977059743,-4.56536625372979,1.08289561392919));
#1533=CARTESIAN_POINT('',(38.9831835361601,-4.73069064991998,1.31422441775239));
#1534=CARTESIAN_POINT('',(38.8905263910665,-4.86606087468666,1.54353822882799));
#1535=CARTESIAN_POINT('',(38.8143484795698,-4.97653091566017,1.77284283094976));
#1536=CARTESIAN_POINT('',(38.7559386934844,-5.06064638102887,1.99091649672608));
#1537=CARTESIAN_POINT('',(38.7155114205278,-5.11848552798452,2.17946611324341));
#1538=CARTESIAN_POINT('',(38.6893679809724,-5.15573095038689,2.33140245886267));
#1539=CARTESIAN_POINT('',(38.6728816929106,-5.17913062049156,2.44865297826853));
#1540=CARTESIAN_POINT('',(38.6621676258182,-5.19429221540488,2.54061715511978));
#1541=CARTESIAN_POINT('',(38.654926162326,-5.20451695810758,2.61498937513325));
#1542=CARTESIAN_POINT('',(38.6497465114299,-5.21182358339663,2.67850951960499));
#1543=CARTESIAN_POINT('',(38.6457818323374,-5.21740282702928,2.73699475809002));
#1544=CARTESIAN_POINT('',(38.6426712341503,-5.22184075549324,2.79595061552148));
#1545=CARTESIAN_POINT('',(38.6404294324077,-5.22506211682608,2.85354997015967));
#1546=CARTESIAN_POINT('',(38.6386497101302,-5.22761221071743,2.92226938570544));
#1547=CARTESIAN_POINT('',(38.6381693436145,-5.22824678728083,2.97054845982263));
#1548=CARTESIAN_POINT('',(38.6381303973538,-5.22822444565985,3.));
#1549=CARTESIAN_POINT('',(40.4065148190976,-2.47108148559582,2.22044604925031E-16));
#1550=CARTESIAN_POINT('',(40.2412559418912,-2.69815467689311,0.000113752368183149));
#1551=CARTESIAN_POINT('',(39.9929456710971,-3.03413044532477,0.0625683812700479));
#1552=CARTESIAN_POINT('',(39.6737174291429,-3.45998498315191,0.246807746153644));
#1553=CARTESIAN_POINT('',(39.4579801846501,-3.74579985164279,0.414998103598559));
#1554=CARTESIAN_POINT('',(39.2556341321257,-4.01236939260938,0.617705964798142));
#1555=CARTESIAN_POINT('',(39.0746359005781,-4.24971779508863,0.845515022243032));
#1556=CARTESIAN_POINT('',(38.923657261828,-4.44699769080505,1.07972242433954));
#1557=CARTESIAN_POINT('',(38.8007121256371,-4.60720062217207,1.31085378191785));
#1558=CARTESIAN_POINT('',(38.6994827064975,-4.73880143526209,1.54016251124781));
#1559=CARTESIAN_POINT('',(38.6164571286604,-4.84651563993196,1.76967381682558));
#1560=CARTESIAN_POINT('',(38.5529456536197,-4.92875499989673,1.98813983694426));
#1561=CARTESIAN_POINT('',(38.5090986355835,-4.98542880638182,2.17709721949596));
#1562=CARTESIAN_POINT('',(38.4807841490542,-5.02198363915141,2.32946410107367));
#1563=CARTESIAN_POINT('',(38.4629583656705,-5.04497330655471,2.44704871101465));
#1564=CARTESIAN_POINT('',(38.4513884835936,-5.05988259131298,2.53929625525231));
#1565=CARTESIAN_POINT('',(38.4435766509068,-5.06994297730929,2.61390859150976));
#1566=CARTESIAN_POINT('',(38.4379920139268,-5.07713315311428,2.67763715661412));
#1567=CARTESIAN_POINT('',(38.4337224935423,-5.08262655730572,2.73632878664031));
#1568=CARTESIAN_POINT('',(38.4303497892391,-5.08698216499428,2.79556376735163));
#1569=CARTESIAN_POINT('',(38.4279146415234,-5.09013271735804,2.85334687748071));
#1570=CARTESIAN_POINT('',(38.4259878031455,-5.09262367616225,2.92222658796533));
#1571=CARTESIAN_POINT('',(38.425492144647,-5.09325050611869,2.97054817798908));
#1572=CARTESIAN_POINT('',(38.4254827130971,-5.09324254346615,3.));
#1573=CARTESIAN_POINT('',(40.4065148190976,-2.47108148559581,2.22044604925031E-16));
#1574=CARTESIAN_POINT('',(40.214178414541,-2.67643200279181,0.000111587623540215));
#1575=CARTESIAN_POINT('',(39.9319525834728,-2.9850308187189,0.0625743434285678));
#1576=CARTESIAN_POINT('',(39.5770472319001,-3.38178439129688,0.246902221569215));
#1577=CARTESIAN_POINT('',(39.3397947388267,-3.6499066388525,0.41518144428634));
#1578=CARTESIAN_POINT('',(39.1192514877335,-3.90136710202452,0.617989074314761));
#1579=CARTESIAN_POINT('',(38.923429859528,-4.12627604617122,0.845890083925189));
#1580=CARTESIAN_POINT('',(38.7610246956321,-4.3138602958371,1.08015949400459));
#1581=CARTESIAN_POINT('',(38.6293726225438,-4.46659768228002,1.31131804737752));
#1582=CARTESIAN_POINT('',(38.5213827275569,-4.59234677815806,1.54062747653938));
#1583=CARTESIAN_POINT('',(38.4331093504049,-4.69547376984921,1.77011031103188));
#1584=CARTESIAN_POINT('',(38.365794793533,-4.77435671456459,1.98852228886582));
#1585=CARTESIAN_POINT('',(38.3194571151926,-4.82881497227359,2.17742350636776));
#1586=CARTESIAN_POINT('',(38.2895912074953,-4.86398037152956,2.32973108666061));
#1587=CARTESIAN_POINT('',(38.2708196007579,-4.88611969740588,2.44726967955027));
#1588=CARTESIAN_POINT('',(38.258651732071,-4.90048942655827,2.5394781932709));
#1589=CARTESIAN_POINT('',(38.2504440607305,-4.91019186170312,2.61405745635587));
#1590=CARTESIAN_POINT('',(38.2445788406349,-4.91712822931103,2.67775731398925));
#1591=CARTESIAN_POINT('',(38.2400993560829,-4.92243133084432,2.73642051603741));
#1592=CARTESIAN_POINT('',(38.2365402715113,-4.92661979692532,2.79561705086583));
#1593=CARTESIAN_POINT('',(38.233962585998,-4.92964439285667,2.85337485087805));
#1594=CARTESIAN_POINT('',(38.2319249245419,-4.93203833581679,2.92223248267642));
#1595=CARTESIAN_POINT('',(38.2314179713905,-4.93265547238723,2.97054821670296));
#1596=CARTESIAN_POINT('',(38.2314333013057,-4.9326686319418,3.));
#1597=CARTESIAN_POINT('',(40.4065148190976,-2.47108148559581,2.22044604925031E-16));
#1598=CARTESIAN_POINT('',(40.1882627675123,-2.65562606563939,9.15417430318148E-5));
#1599=CARTESIAN_POINT('',(39.8738500373471,-2.93683204778171,0.0626295514058158));
#1600=CARTESIAN_POINT('',(39.485792293336,-3.30255113212195,0.247777071429327));
#1601=CARTESIAN_POINT('',(39.2289366176359,-3.55094939603648,0.416879197157284));
#1602=CARTESIAN_POINT('',(38.992255238758,-3.78474331990772,0.62061069934374));
#1603=CARTESIAN_POINT('',(38.7837143872191,-3.99438743097055,0.849363198631645));
#1604=CARTESIAN_POINT('',(38.6118726267179,-4.16951316130036,1.08420681185332));
#1605=CARTESIAN_POINT('',(38.4733035586345,-4.31225987289624,1.31561720321833));
#1606=CARTESIAN_POINT('',(38.3601350854751,-4.42989608222893,1.54493311467062));
#1607=CARTESIAN_POINT('',(38.2680014975515,-4.52643869057138,1.77415230504522));
#1608=CARTESIAN_POINT('',(38.1980023102879,-4.60034372873894,1.99206384582718));
#1609=CARTESIAN_POINT('',(38.1499628140053,-4.65142595385625,2.18044496895781));
#1610=CARTESIAN_POINT('',(38.1190696222428,-4.68442785748285,2.33220341209489));
#1611=CARTESIAN_POINT('',(38.099680497143,-4.70522491070793,2.44931588131395));
#1612=CARTESIAN_POINT('',(38.0871281964328,-4.71873285225915,2.54116296728442));
#1613=CARTESIAN_POINT('',(38.0786681613739,-4.72785917364656,2.61543596825696));
#1614=CARTESIAN_POINT('',(38.0726238167053,-4.73438620215001,2.67886999067603));
#1615=CARTESIAN_POINT('',(38.0680113734668,-4.73938036547886,2.73726994552228));
#1616=CARTESIAN_POINT('',(38.0643292377847,-4.74330703696081,2.79611046556721));
#1617=CARTESIAN_POINT('',(38.061649237794,-4.74614209757748,2.85363389009201));
#1618=CARTESIAN_POINT('',(38.0595275424128,-4.74839352888621,2.92228706982438));
#1619=CARTESIAN_POINT('',(38.0590093756356,-4.74899583822434,2.97054857605343));
#1620=CARTESIAN_POINT('',(38.059043637246,-4.7490359820553,3.));
#1621=CARTESIAN_POINT('',(40.4065148190976,-2.47108148559582,2.22044604925031E-16));
#1622=CARTESIAN_POINT('',(40.1653677885193,-2.63722790712964,5.36148267832561E-5));
#1623=CARTESIAN_POINT('',(39.822155879761,-2.89239810266909,0.0627339921887848));
#1624=CARTESIAN_POINT('',(39.4043712609865,-3.22597322526874,0.249432253223647));
#1625=CARTESIAN_POINT('',(39.1300575374322,-3.45288663841791,0.420091297057534));
#1626=CARTESIAN_POINT('',(38.8792578505988,-3.66651406362415,0.625570753595434));
#1627=CARTESIAN_POINT('',(38.6598976315645,-3.85799046247847,0.855934264345936));
#1628=CARTESIAN_POINT('',(38.4803477981238,-4.01776041291337,1.09186426833641));
#1629=CARTESIAN_POINT('',(38.3363878476254,-4.14784207992707,1.32375114048013));
#1630=CARTESIAN_POINT('',(38.21936813409,-4.25495144710931,1.55307932453508));
#1631=CARTESIAN_POINT('',(38.1245296215285,-4.34276753323002,1.78179971216464));
#1632=CARTESIAN_POINT('',(38.052769160605,-4.40994717359966,1.99876443957338));
#1633=CARTESIAN_POINT('',(38.0036664560392,-4.45639249869955,2.18616155696031));
#1634=CARTESIAN_POINT('',(37.9721684162683,-4.48638765538718,2.3368810412044));
#1635=CARTESIAN_POINT('',(37.9524209023219,-4.5053025832403,2.45318728996981));
#1636=CARTESIAN_POINT('',(37.9396510401649,-4.51759385994506,2.54435055748383));
#1637=CARTESIAN_POINT('',(37.9310494646957,-4.5259029180076,2.61804411167414));
#1638=CARTESIAN_POINT('',(37.9249033865629,-4.53184804893739,2.68097517397337));
#1639=CARTESIAN_POINT('',(37.9202162814348,-4.53640134544979,2.7388770643227));
#1640=CARTESIAN_POINT('',(37.9164613883959,-4.53996242129893,2.79704400202019));
#1641=CARTESIAN_POINT('',(37.9137082773988,-4.54253637970394,2.85412398667387));
#1642=CARTESIAN_POINT('',(37.9115196008071,-4.54459226389826,2.92239034247087));
#1643=CARTESIAN_POINT('',(37.9109865661361,-4.54517077234406,2.97054925175385));
#1644=CARTESIAN_POINT('',(37.9110332240928,-4.5452417566741,3.));
#1645=CARTESIAN_POINT('',(40.4065148190976,-2.47108148559581,2.22044604925031E-16));
#1646=CARTESIAN_POINT('',(40.1478369430628,-2.62311862692915,-6.91543230878155E-7));
#1647=CARTESIAN_POINT('',(39.7814900930226,-2.85562891730611,0.0628835061030911));
#1648=CARTESIAN_POINT('',(39.3389361592649,-3.15769312193375,0.251802159210286));
#1649=CARTESIAN_POINT('',(39.0499052828893,-3.36228745290214,0.424690456262705));
#1650=CARTESIAN_POINT('',(38.7872484313887,-3.55395481004881,0.632672708259899));
#1651=CARTESIAN_POINT('',(38.5589649847727,-3.72489152962174,0.865342941476536));
#1652=CARTESIAN_POINT('',(38.3733027359528,-3.86680296174236,1.10282849669221));
#1653=CARTESIAN_POINT('',(38.2252923970158,-3.98184064627898,1.33539762612117));
#1654=CARTESIAN_POINT('',(38.1055416835477,-4.07623111578805,1.56474339909112));
#1655=CARTESIAN_POINT('',(38.0089470637392,-4.1533469610387,1.79274959876051));
#1656=CARTESIAN_POINT('',(37.9361650732856,-4.21217033771239,2.00835865719033));
#1657=CARTESIAN_POINT('',(37.8864923910715,-4.2527849190363,2.19434685360797));
#1658=CARTESIAN_POINT('',(37.8547116026465,-4.27896884227932,2.34357872354618));
#1659=CARTESIAN_POINT('',(37.8347966091027,-4.2954809795632,2.45873059999708));
#1660=CARTESIAN_POINT('',(37.8219299414534,-4.30621104236061,2.54891475067899));
#1661=CARTESIAN_POINT('',(37.8132655043863,-4.31346726084252,2.62177862864582));
#1662=CARTESIAN_POINT('',(37.8070715947874,-4.31866100669756,2.68398952957487));
#1663=CARTESIAN_POINT('',(37.8023499085312,-4.32264329899382,2.74117826540557));
#1664=CARTESIAN_POINT('',(37.7985601811591,-4.32573808655978,2.79838072641121));
#1665=CARTESIAN_POINT('',(37.7957534005397,-4.32798023060946,2.85482576634214));
#1666=CARTESIAN_POINT('',(37.7935062486823,-4.32978748871807,2.92253823927569));
#1667=CARTESIAN_POINT('',(37.7929507381773,-4.33033273799308,2.97055023376642));
#1668=CARTESIAN_POINT('',(37.7930010886144,-4.33043936707946,2.99999999999999));
#1669=CARTESIAN_POINT('',(40.4065148190976,-2.47108148559581,2.22044604925031E-16));
#1670=CARTESIAN_POINT('',(40.1372198950769,-2.61454435872436,-6.77692717963574E-5));
#1671=CARTESIAN_POINT('',(39.7548724114775,-2.82931694727572,0.0630681251422646));
#1672=CARTESIAN_POINT('',(39.2933827530452,-3.10220977303456,0.254729218845213));
#1673=CARTESIAN_POINT('',(38.9926303504062,-3.28474427809506,0.430370928344506));
#1674=CARTESIAN_POINT('',(38.7203541060917,-3.4536706649096,0.641444464860206));
#1675=CARTESIAN_POINT('',(38.4848287031081,-3.60261212125476,0.876963813426668));
#1676=CARTESIAN_POINT('',(38.2943433228238,-3.72495220439346,1.11637068579343));
#1677=CARTESIAN_POINT('',(38.1432933266438,-3.82323119912652,1.34978249542989));
#1678=CARTESIAN_POINT('',(38.0216062030658,-3.90326783770064,1.5791500016751));
#1679=CARTESIAN_POINT('',(37.923898503415,-3.96817550247155,1.80627409849918));
#1680=CARTESIAN_POINT('',(37.8505752198875,-4.01737016148148,2.02020874428195));
#1681=CARTESIAN_POINT('',(37.800632263103,-4.05120164168101,2.20445676598186));
#1682=CARTESIAN_POINT('',(37.7687598118628,-4.07292449152288,2.35185125135195));
#1683=CARTESIAN_POINT('',(37.7487828845456,-4.08660704023157,2.46557733733375));
#1684=CARTESIAN_POINT('',(37.7358834771607,-4.09549116940724,2.55455215108623));
#1685=CARTESIAN_POINT('',(37.7271959508103,-4.10149870850206,2.62639126392317));
#1686=CARTESIAN_POINT('',(37.7209800590686,-4.10579959268597,2.68771266052754));
#1687=CARTESIAN_POINT('',(37.7162422606689,-4.10910195197677,2.74402054037245));
#1688=CARTESIAN_POINT('',(37.7124396678841,-4.11164789474523,2.80003171330897));
#1689=CARTESIAN_POINT('',(37.7095877922992,-4.11349854918301,2.8556924941249));
#1690=CARTESIAN_POINT('',(37.7072835409709,-4.11500876788153,2.92272084070694));
#1691=CARTESIAN_POINT('',(37.7066989616882,-4.11550365738832,2.97055139927342));
#1692=CARTESIAN_POINT('',(37.7067489395752,-4.11563708613279,3.));
#1693=CARTESIAN_POINT('',(40.4065148190976,-2.47108148559581,2.22044604925031E-16));
#1694=CARTESIAN_POINT('',(40.1348029696665,-2.61256089616951,-0.000119733485375222));
#1695=CARTESIAN_POINT('',(39.7464261101954,-2.81884411814844,0.0632110920285726));
#1696=CARTESIAN_POINT('',(39.275815701605,-3.07394392017534,0.256996581337417));
#1697=CARTESIAN_POINT('',(38.9689065991914,-3.24202880466664,0.434771208745858));
#1698=CARTESIAN_POINT('',(38.691329064251,-3.39537996277516,0.648239399521713));
#1699=CARTESIAN_POINT('',(38.451710384693,-3.52880971149014,0.88596580251147));
#1700=CARTESIAN_POINT('',(38.2585165450831,-3.63708664524122,1.12686099819307));
#1701=CARTESIAN_POINT('',(38.1058078321055,-3.723169876376,1.36092555529583));
#1702=CARTESIAN_POINT('',(37.9830950075046,-3.79265551079155,1.59030986692112));
#1703=CARTESIAN_POINT('',(37.8848488488337,-3.84851365799105,1.81675062184284));
#1704=CARTESIAN_POINT('',(37.8113087465019,-3.89051301498505,2.02938818425002));
#1705=CARTESIAN_POINT('',(37.761263608376,-3.91923071419213,2.21228822140933));
#1706=CARTESIAN_POINT('',(37.7293805926946,-3.93756709455528,2.35825943332662));
#1707=CARTESIAN_POINT('',(37.7093865455086,-3.94908433530204,2.470881100277));
#1708=CARTESIAN_POINT('',(37.6964799922052,-3.95654620518708,2.5589191663247));
#1709=CARTESIAN_POINT('',(37.6877861938932,-3.96158535870359,2.62996450236007));
#1710=CARTESIAN_POINT('',(37.68156160673,-3.96518974636769,2.69059689459408));
#1711=CARTESIAN_POINT('',(37.6768176673289,-3.96795872363584,2.74622246011778));
#1712=CARTESIAN_POINT('',(37.6730156344202,-3.97007665264908,2.80131082053111));
#1713=CARTESIAN_POINT('',(37.6701354728342,-3.97162078019472,2.85636409228266));
#1714=CARTESIAN_POINT('',(37.6677891432055,-3.97290093557429,2.92286246808802));
#1715=CARTESIAN_POINT('',(37.6671741871683,-3.97336522245163,2.9705524087292));
#1716=CARTESIAN_POINT('',(37.6672119491678,-3.9735352568511,2.99999999999999));
#1717=CARTESIAN_POINT('',(40.4065148190976,-2.47108148559581,2.22044604925031E-16));
#1718=CARTESIAN_POINT('',(40.1348227034959,-2.61255360339107,-0.000146618340414755));
#1719=CARTESIAN_POINT('',(39.7446719740419,-2.81556924549885,0.0632850400266281));
#1720=CARTESIAN_POINT('',(39.2704466864721,-3.06246086870957,0.258169579021238));
#1721=CARTESIAN_POINT('',(38.9609029654523,-3.22360521712155,0.437047671193373));
#1722=CARTESIAN_POINT('',(38.6809600635184,-3.36930260385873,0.651754733815613));
#1723=CARTESIAN_POINT('',(38.4394659982863,-3.49500292771461,0.890622945220499));
#1724=CARTESIAN_POINT('',(38.2450179056044,-3.59621349432828,1.13228809908817));
#1725=CARTESIAN_POINT('',(38.0915380201889,-3.67613575844333,1.36669031483003));
#1726=CARTESIAN_POINT('',(37.9683428573071,-3.74026951858,1.59608327087487));
#1727=CARTESIAN_POINT('',(37.869842150253,-3.79152280523693,1.8221704390815));
#1728=CARTESIAN_POINT('',(37.796197121062,-3.82985021215503,2.03413689204415));
#1729=CARTESIAN_POINT('',(37.7460957983752,-3.85594978566367,2.21633949962974));
#1730=CARTESIAN_POINT('',(37.7142028387024,-3.87254805577643,2.36157434417077));
#1731=CARTESIAN_POINT('',(37.6941953635766,-3.88294995669386,2.47362462171724));
#1732=CARTESIAN_POINT('',(37.6812819854427,-3.88967638613083,2.56117805480546));
#1733=CARTESIAN_POINT('',(37.6725830975326,-3.89421227467286,2.6318127328894));
#1734=CARTESIAN_POINT('',(37.6663532692304,-3.8974522955084,2.69208867888261));
#1735=CARTESIAN_POINT('',(37.6616063960995,-3.89993955651161,2.74736126624393));
#1736=CARTESIAN_POINT('',(37.6578073262272,-3.90182889133881,2.80197223221881));
#1737=CARTESIAN_POINT('',(37.6549162527431,-3.90320355968577,2.85671125508418));
#1738=CARTESIAN_POINT('',(37.652554747844,-3.90434559455625,2.92293553847846));
#1739=CARTESIAN_POINT('',(37.6519312971818,-3.90477240245545,2.97055283621626));
#1740=CARTESIAN_POINT('',(37.6519690923638,-3.90494240123313,2.99999999999999));
#1741=FACE_BOUND('',#1742,.T.);
#1742=EDGE_LOOP('',(#3986,#3987,#3988,#3989));
#1743=CYLINDRICAL_SURFACE('',#1744,2.);
#1744=AXIS2_PLACEMENT_3D('',#1745,#1746,#1747);
#1745=CARTESIAN_POINT('',(39.6043432127317,-3.47108148559582,-8.));
#1746=DIRECTION('',(0.,0.,-1.));
#1747=DIRECTION('',(0.,-1.,0.));
#1748=FACE_BOUND('',#1749,.T.);
#1749=EDGE_LOOP('',(#3990,#3991,#3992));
#1750=B_SPLINE_SURFACE_WITH_KNOTS('',3,3,(
(#1751,#1752,#1753,#1754,#1755,#1756,#1757,#1758,#1759,#1760,#1761,#1762,#1763,#1764,
#1765,#1766,#1767,#1768,#1769,#1770,#1771,#1772,#1773,#1774),
(#1775,#1776,#1777,#1778,#1779,#1780,#1781,#1782,#1783,#1784,#1785,#1786,#1787,#1788,
#1789,#1790,#1791,#1792,#1793,#1794,#1795,#1796,#1797,#1798),
(#1799,#1800,#1801,#1802,#1803,#1804,#1805,#1806,#1807,#1808,#1809,#1810,#1811,#1812,
#1813,#1814,#1815,#1816,#1817,#1818,#1819,#1820,#1821,#1822),
(#1823,#1824,#1825,#1826,#1827,#1828,#1829,#1830,#1831,#1832,#1833,#1834,#1835,#1836,
#1837,#1838,#1839,#1840,#1841,#1842,#1843,#1844,#1845,#1846),
(#1847,#1848,#1849,#1850,#1851,#1852,#1853,#1854,#1855,#1856,#1857,#1858,#1859,#1860,
#1861,#1862,#1863,#1864,#1865,#1866,#1867,#1868,#1869,#1870),
(#1871,#1872,#1873,#1874,#1875,#1876,#1877,#1878,#1879,#1880,#1881,#1882,#1883,#1884,
#1885,#1886,#1887,#1888,#1889,#1890,#1891,#1892,#1893,#1894),
(#1895,#1896,#1897,#1898,#1899,#1900,#1901,#1902,#1903,#1904,#1905,#1906,#1907,#1908,
#1909,#1910,#1911,#1912,#1913,#1914,#1915,#1916,#1917,#1918),
(#1919,#1920,#1921,#1922,#1923,#1924,#1925,#1926,#1927,#1928,#1929,#1930,#1931,#1932,
#1933,#1934,#1935,#1936,#1937,#1938,#1939,#1940,#1941,#1942),
(#1943,#1944,#1945,#1946,#1947,#1948,#1949,#1950,#1951,#1952,#1953,#1954,#1955,#1956,
#1957,#1958,#1959,#1960,#1961,#1962,#1963,#1964,#1965,#1966),
(#1967,#1968,#1969,#1970,#1971,#1972,#1973,#1974,#1975,#1976,#1977,#1978,#1979,#1980,
#1981,#1982,#1983,#1984,#1985,#1986,#1987,#1988,#1989,#1990),
(#1991,#1992,#1993,#1994,#1995,#1996,#1997,#1998,#1999,#2000,#2001,#2002,#2003,#2004,
#2005,#2006,#2007,#2008,#2009,#2010,#2011,#2012,#2013,#2014),
(#2015,#2016,#2017,#2018,#2019,#2020,#2021,#2022,#2023,#2024,#2025,#2026,#2027,#2028,
#2029,#2030,#2031,#2032,#2033,#2034,#2035,#2036,#2037,#2038),
(#2039,#2040,#2041,#2042,#2043,#2044,#2045,#2046,#2047,#2048,#2049,#2050,#2051,#2052,
#2053,#2054,#2055,#2056,#2057,#2058,#2059,#2060,#2061,#2062),
(#2063,#2064,#2065,#2066,#2067,#2068,#2069,#2070,#2071,#2072,#2073,#2074,#2075,#2076,
#2077,#2078,#2079,#2080,#2081,#2082,#2083,#2084,#2085,#2086)),
.UNSPECIFIED.,.F.,.F.,.F.,
(4,1,1,1,1,1,1,1,1,1,1,4),
(4,1,1,1,1,1,1,1,1,1,1,1,1,1,1,1,1,1,1,1,1,4),
(0.,0.0929551676793892,0.185910335358778,0.278865503038168,0.371820670717557,0.464775838396946,
0.557731006076335,0.650686173755725,0.743641341435114,0.836596509114503,0.922049395302799,
1.),
(0.,0.19167492880419,0.275169819555519,0.355314882854107,0.436555999052278,0.513497955282985,
0.581485333376844,0.640371039184778,0.695550285573832,0.749060003975269,0.797778746596095,
0.837838470430129,0.868295716529455,0.891340538060146,0.909314860422302,0.923793526176171,
0.93593636381227,0.94726949093668,0.958534315947662,0.97020721313644,0.981575737563433,
1.),
.UNSPECIFIED.);
#1751=CARTESIAN_POINT('',(40.4065148190976,-2.47108148559581,10.));
#1752=CARTESIAN_POINT('',(40.1348227035,-2.61255360338889,10.0001466183404));
#1753=CARTESIAN_POINT('',(39.7446719740505,-2.81556924549438,9.93671495997505));
#1754=CARTESIAN_POINT('',(39.2704466864839,-3.06246086870345,9.74183042098454));
#1755=CARTESIAN_POINT('',(38.9609029654561,-3.2236052171196,9.5629523288098));
#1756=CARTESIAN_POINT('',(38.6809600635177,-3.36930260385912,9.34824526618421));
#1757=CARTESIAN_POINT('',(38.4394659982892,-3.49500292771314,9.10937705478154));
#1758=CARTESIAN_POINT('',(38.2450179056305,-3.59621349431465,8.86771190094482));
#1759=CARTESIAN_POINT('',(38.0915380202414,-3.67613575841606,8.63330968525416));
#1760=CARTESIAN_POINT('',(37.9683428573815,-3.74026951854125,8.40391672927456));
#1761=CARTESIAN_POINT('',(37.8698421503362,-3.79152280519349,8.17782956112751));
#1762=CARTESIAN_POINT('',(37.7961971211437,-3.8298502121126,7.96586310821484));
#1763=CARTESIAN_POINT('',(37.7460957984486,-3.85594978562535,7.78366050066419));
#1764=CARTESIAN_POINT('',(37.7142028387652,-3.87254805574389,7.63842565614217));
#1765=CARTESIAN_POINT('',(37.6941953636291,-3.8829499566665,7.5263753786038));
#1766=CARTESIAN_POINT('',(37.6812819854865,-3.88967638610805,7.4388219455167));
#1767=CARTESIAN_POINT('',(37.6725830975687,-3.89421227465404,7.36818726742921));
#1768=CARTESIAN_POINT('',(37.6663532692598,-3.89745229549306,7.30791132142873));
#1769=CARTESIAN_POINT('',(37.6616063961228,-3.8999395564996,7.25263873405639));
#1770=CARTESIAN_POINT('',(37.6578073262601,-3.90182889132276,7.19802776828968));
#1771=CARTESIAN_POINT('',(37.6549162527581,-3.90320355967878,7.14328874528113));
#1772=CARTESIAN_POINT('',(37.6525547478471,-3.90434559455392,7.07706446179128));
#1773=CARTESIAN_POINT('',(37.6519312971818,-3.9047724024557,7.02944716374049));
#1774=CARTESIAN_POINT('',(37.6519690923638,-3.90494240123312,7.00000000000001));
#1775=CARTESIAN_POINT('',(40.4065148190976,-2.47108148559581,10.));
#1776=CARTESIAN_POINT('',(40.1347991711435,-2.61256229994032,10.000114558471));
#1777=CARTESIAN_POINT('',(39.7467637605209,-2.8194744921239,9.93680314208197));
#1778=CARTESIAN_POINT('',(39.2768491730826,-3.07615427080849,9.74322920675159));
#1779=CARTESIAN_POINT('',(38.9704472033635,-3.24557512583489,9.56566698316489));
#1780=CARTESIAN_POINT('',(38.6933249733924,-3.40039954377549,9.35243726046068));
#1781=CARTESIAN_POINT('',(38.4540672832437,-3.53531711471341,9.11493064199369));
#1782=CARTESIAN_POINT('',(38.2611148724346,-3.64495423996208,8.87418365412319));
#1783=CARTESIAN_POINT('',(38.1085546009926,-3.73222338385355,8.64018409233811));
#1784=CARTESIAN_POINT('',(37.985934620788,-3.802739190312,8.41080144472605));
#1785=CARTESIAN_POINT('',(37.887737459658,-3.85948371831479,8.18429262863304));
#1786=CARTESIAN_POINT('',(37.8142175544953,-3.90218988196487,7.97152588570133));
#1787=CARTESIAN_POINT('',(37.7641832312199,-3.9314115391904,7.78849160169138));
#1788=CARTESIAN_POINT('',(37.7323021296278,-3.95008248508152,7.64237864784373));
#1789=CARTESIAN_POINT('',(37.7123106671501,-3.96181441546706,7.52964699524697));
#1790=CARTESIAN_POINT('',(37.6994054275365,-3.96941784888409,7.44151564312787));
#1791=CARTESIAN_POINT('',(37.6907126089039,-3.97455387491854,7.3703912603247));
#1792=CARTESIAN_POINT('',(37.6844890305908,-3.97822839886132,7.30969025642688));
#1793=CARTESIAN_POINT('',(37.6797456558917,-3.98105160315881,7.25399674680189));
#1794=CARTESIAN_POINT('',(37.6759430526433,-3.98321353382555,7.19881649385407));
#1795=CARTESIAN_POINT('',(37.6730649914498,-3.98479028025895,7.14370273278914));
#1796=CARTESIAN_POINT('',(37.6707215828681,-3.98609702219693,7.07715159736196));
#1797=CARTESIAN_POINT('',(37.6701082619419,-3.98656852333399,7.02944767351368));
#1798=CARTESIAN_POINT('',(37.6701460175543,-3.98673856458997,7.00000000000001));
#1799=CARTESIAN_POINT('',(40.4065148190976,-2.47108148559581,10.));
#1800=CARTESIAN_POINT('',(40.138087367601,-2.61524999134235,10.000056398884));
#1801=CARTESIAN_POINT('',(39.7574181579448,-2.83217983854629,9.93696316248818));
#1802=CARTESIAN_POINT('',(39.2982192079852,-3.10923148168158,9.74576692458291));
#1803=CARTESIAN_POINT('',(38.9989613606404,-3.29507002760845,9.57059193396807));
#1804=CARTESIAN_POINT('',(38.7279463812562,-3.46751171890206,9.36004238879323));
#1805=CARTESIAN_POINT('',(38.4933819810747,-3.61992548283478,9.12500598281425));
#1806=CARTESIAN_POINT('',(38.3035291895339,-3.74539771627426,8.88592478490328));
#1807=CARTESIAN_POINT('',(38.1528660953058,-3.84638388236683,8.65265581369647));
#1808=CARTESIAN_POINT('',(38.0314171023748,-3.928756387593,8.42329199162312));
#1809=CARTESIAN_POINT('',(37.9338345409718,-3.99566306074375,8.19601837495335));
#1810=CARTESIAN_POINT('',(37.8605616484329,-4.0464435574013,7.98179991051446));
#1811=CARTESIAN_POINT('',(37.8106412235987,-4.08139900511985,7.79725692702874));
#1812=CARTESIAN_POINT('',(37.778770881707,-4.10386427797991,7.6495510020483));
#1813=CARTESIAN_POINT('',(37.7587973255185,-4.11801993386983,7.53558324398564));
#1814=CARTESIAN_POINT('',(37.7458993216424,-4.12721375538742,7.44640344647048));
#1815=CARTESIAN_POINT('',(37.7372131835305,-4.13343135998713,7.37439063407951));
#1816=CARTESIAN_POINT('',(37.7309993500442,-4.13788271849169,7.3129184638856));
#1817=CARTESIAN_POINT('',(37.726263152771,-4.1412997940228,7.2564612745796));
#1818=CARTESIAN_POINT('',(37.7224611112868,-4.14393760482572,7.20024816870653));
#1819=CARTESIAN_POINT('',(37.719615970816,-4.14585357880966,7.14445444777206));
#1820=CARTESIAN_POINT('',(37.7173212349184,-4.14741273064362,7.07731013002103));
#1821=CARTESIAN_POINT('',(37.7167427179575,-4.14791490277274,7.02944880671778));
#1822=CARTESIAN_POINT('',(37.7167940545433,-4.14804288125343,7.00000000000001));
#1823=CARTESIAN_POINT('',(40.4065148190977,-2.47108148559581,10.));
#1824=CARTESIAN_POINT('',(40.1511666691673,-2.62580134365059,9.99998703987166));
#1825=CARTESIAN_POINT('',(39.7893885055979,-2.86299562332688,9.93715407513072));
#1826=CARTESIAN_POINT('',(39.3518774274562,-3.17200257253033,9.74879358126437));
#1827=CARTESIAN_POINT('',(39.0658790495461,-3.38164843914761,9.57646567295489));
#1828=CARTESIAN_POINT('',(38.805673840573,-3.57838623510788,9.36911257367818));
#1829=CARTESIAN_POINT('',(38.5792279532779,-3.7541360530504,9.13702220510364));
#1830=CARTESIAN_POINT('',(38.3948045770398,-3.9002762999122,8.8999276852575));
#1831=CARTESIAN_POINT('',(38.2475947388412,-4.01890315902251,8.66753006253033));
#1832=CARTESIAN_POINT('',(38.1283685469932,-4.11634619880031,8.4381887123884));
#1833=CARTESIAN_POINT('',(38.032094398283,-4.19604303952244,8.2100029816541));
#1834=CARTESIAN_POINT('',(37.9594851831989,-4.2568910664439,7.99405313649942));
#1835=CARTESIAN_POINT('',(37.9099039310047,-4.29892428006759,7.80771076703486));
#1836=CARTESIAN_POINT('',(37.8781630018364,-4.32603793685617,7.65810494091411));
#1837=CARTESIAN_POINT('',(37.858272109528,-4.3431376977176,7.54266287836534));
#1838=CARTESIAN_POINT('',(37.8454188066327,-4.35425022077835,7.45223259679188));
#1839=CARTESIAN_POINT('',(37.8367631537633,-4.3617647079504,7.37916015405802));
#1840=CARTESIAN_POINT('',(37.8305764190005,-4.36714294106456,7.31676821811382));
#1841=CARTESIAN_POINT('',(37.8258598813303,-4.37126559634179,7.25940020848065));
#1842=CARTESIAN_POINT('',(37.8220752114676,-4.3744744525222,7.20195529574245));
#1843=CARTESIAN_POINT('',(37.8192792326125,-4.37679786585063,7.14535064262579));
#1844=CARTESIAN_POINT('',(37.8170447856339,-4.37866636947775,7.07749893494964));
#1845=CARTESIAN_POINT('',(37.8164949713688,-4.37922069346969,7.02945001076375));
#1846=CARTESIAN_POINT('',(37.8165450879439,-4.37931959452258,7.00000000000001));
#1847=CARTESIAN_POINT('',(40.4065148190976,-2.47108148559582,10.));
#1848=CARTESIAN_POINT('',(40.1705341736827,-2.64138150058067,9.99993556150408));
#1849=CARTESIAN_POINT('',(39.833896074874,-2.90265656819328,9.9372958115873));
#1850=CARTESIAN_POINT('',(39.4229483210199,-3.24407026551574,9.75104010094505));
#1851=CARTESIAN_POINT('',(39.1526538960353,-3.47633124869696,9.58082537127371));
#1852=CARTESIAN_POINT('',(38.9050911172154,-3.69506620202064,9.37584474750391));
#1853=CARTESIAN_POINT('',(38.6881888848026,-3.89121044693946,9.14594098914061));
#1854=CARTESIAN_POINT('',(38.5103622954375,-4.05497015124528,8.91032102108494));
#1855=CARTESIAN_POINT('',(38.3675829955229,-4.18837066820022,8.67857012835519));
#1856=CARTESIAN_POINT('',(38.2513886761528,-4.29825768495956,8.44924544786312));
#1857=CARTESIAN_POINT('',(38.1571124004299,-4.38839036477247,8.22038271279551));
#1858=CARTESIAN_POINT('',(38.0857047567617,-4.45736507240147,8.00314778421263));
#1859=CARTESIAN_POINT('',(38.0368093511138,-4.50505396712017,7.81546985166416));
#1860=CARTESIAN_POINT('',(38.0054246935217,-4.53585813699314,7.66445386910488));
#1861=CARTESIAN_POINT('',(37.9857440234872,-4.55528086928816,7.54791754090896));
#1862=CARTESIAN_POINT('',(37.9730141084768,-4.56790106201329,7.45655912483987));
#1863=CARTESIAN_POINT('',(37.9644384323877,-4.57643138555235,7.38270020756651));
#1864=CARTESIAN_POINT('',(37.9583112064363,-4.58253417914729,7.31962560986639));
#1865=CARTESIAN_POINT('',(37.9536378556993,-4.58720705607117,7.26158158105329));
#1866=CARTESIAN_POINT('',(37.9498966840004,-4.59086666963844,7.20322241517278));
#1867=CARTESIAN_POINT('',(37.9471592112513,-4.59351081626092,7.14601588038913));
#1868=CARTESIAN_POINT('',(37.9449857567473,-4.59561921893073,7.07763913135086));
#1869=CARTESIAN_POINT('',(37.9444569233813,-4.59620434096836,7.02945094168723));
#1870=CARTESIAN_POINT('',(37.9445012888332,-4.59626741000861,7.));
#1871=CARTESIAN_POINT('',(40.4065148190977,-2.47108148559582,10.));
#1872=CARTESIAN_POINT('',(40.1943310794484,-2.66049944729671,9.99990196403369));
#1873=CARTESIAN_POINT('',(39.8874634731995,-2.94826592896479,9.93738833370224));
#1874=CARTESIAN_POINT('',(39.5071518491988,-3.32163318981384,9.75250635040198));
#1875=CARTESIAN_POINT('',(39.254853940455,-3.57497965686028,9.58367081817132));
#1876=CARTESIAN_POINT('',(39.0218924545503,-3.81328338886016,9.38023862034142));
#1877=CARTESIAN_POINT('',(38.8162484467689,-4.02688760993853,9.15176197601849));
#1878=CARTESIAN_POINT('',(38.6465223637314,-4.2052911993426,8.9171043861026));
#1879=CARTESIAN_POINT('',(38.5094774986938,-4.35069711681226,8.68577558233131));
#1880=CARTESIAN_POINT('',(38.3974309938687,-4.47051374769692,8.45646177132242));
#1881=CARTESIAN_POINT('',(38.3061168785586,-4.56884195572465,8.22715716926356));
#1882=CARTESIAN_POINT('',(38.2366753113402,-4.64410803950162,8.00908350354011));
#1883=CARTESIAN_POINT('',(38.1889833913342,-4.69611969287622,7.82053388706302));
#1884=CARTESIAN_POINT('',(38.1582962002354,-4.72972024682309,7.66859754146393));
#1885=CARTESIAN_POINT('',(38.1390301230741,-4.75089004905841,7.55134702206846));
#1886=CARTESIAN_POINT('',(38.1265537777789,-4.76463799445096,7.45938284521834));
#1887=CARTESIAN_POINT('',(38.1181434102423,-4.77392507553236,7.38501062520376));
#1888=CARTESIAN_POINT('',(38.1121344012149,-4.78056641328982,7.32149048072015));
#1889=CARTESIAN_POINT('',(38.1075480754205,-4.78564698959925,7.2630052422385));
#1890=CARTESIAN_POINT('',(38.1038906105769,-4.78964623714368,7.20404938502118));
#1891=CARTESIAN_POINT('',(38.1012322743884,-4.79253346640456,7.1464500302212));
#1892=CARTESIAN_POINT('',(38.0991289816869,-4.79482400130919,7.07773061456712));
#1893=CARTESIAN_POINT('',(38.0986137223826,-4.79543058787349,7.02945154013393));
#1894=CARTESIAN_POINT('',(38.0986439806141,-4.79546376013123,7.00000000000001));
#1895=CARTESIAN_POINT('',(40.4065148190976,-2.47108148559582,10.));
#1896=CARTESIAN_POINT('',(40.2206985919323,-2.68166415444842,9.99988624763184));
#1897=CARTESIAN_POINT('',(39.9465894549817,-2.99694480496661,9.93743161873162));
#1898=CARTESIAN_POINT('',(39.6001260943126,-3.40095210385934,9.75319225385178));
#1899=CARTESIAN_POINT('',(39.3679172972942,-3.67355396061272,9.58500189640448));
#1900=CARTESIAN_POINT('',(39.1515905825719,-3.92890861133297,9.38229403520163));
#1901=CARTESIAN_POINT('',(38.9591581725532,-4.15708484049488,9.15448497775908));
#1902=CARTESIAN_POINT('',(38.7993279563643,-4.34726425208019,8.92027757569219));
#1903=CARTESIAN_POINT('',(38.6696104724642,-4.50203459835982,8.68914621816582));
#1904=CARTESIAN_POINT('',(38.5631032058749,-4.62940167204226,8.45983748890268));
#1905=CARTESIAN_POINT('',(38.4759647696984,-4.73381665851247,8.23032618338803));
#1906=CARTESIAN_POINT('',(38.40946134402,-4.81365596062859,8.0118601633224));
#1907=CARTESIAN_POINT('',(38.3636488611681,-4.86875312705767,7.8229027808113));
#1908=CARTESIAN_POINT('',(38.3341067809472,-4.9043232190431,7.6705358992538));
#1909=CARTESIAN_POINT('',(38.3155315204515,-4.92671167720569,7.55295128932337));
#1910=CARTESIAN_POINT('',(38.3034871294016,-4.9412403243552,7.46070374508684));
#1911=CARTESIAN_POINT('',(38.2953609352058,-4.95104853848875,7.38609140882842));
#1912=CARTESIAN_POINT('',(38.2895534564747,-4.95805995698155,7.32236284371191));
#1913=CARTESIAN_POINT('',(38.2851170553933,-4.96341949422652,7.26367121369002));
#1914=CARTESIAN_POINT('',(38.2815968098248,-4.96765674848582,7.20443623319325));
#1915=CARTESIAN_POINT('',(38.2790495390666,-4.9707173589628,7.14665312290115));
#1916=CARTESIAN_POINT('',(38.2770358872356,-4.97313867850039,7.0777734123074));
#1917=CARTESIAN_POINT('',(38.2765315073657,-4.97375851242559,7.02945182196748));
#1918=CARTESIAN_POINT('',(38.2765413263945,-4.97376599204056,7.00000000000001));
#1919=CARTESIAN_POINT('',(40.4065148190976,-2.47108148559582,10.));
#1920=CARTESIAN_POINT('',(40.247777925707,-2.70338457663141,9.99988841237648));
#1921=CARTESIAN_POINT('',(40.0077511335555,-3.0458342633871,9.93742565657309));
#1922=CARTESIAN_POINT('',(39.6974352103247,-3.47835620931975,9.75309777843622));
#1923=CARTESIAN_POINT('',(39.4871650336493,-3.76812290497503,9.58481855571669));
#1924=CARTESIAN_POINT('',(39.2895351317781,-4.03796380630689,9.38201092568501));
#1925=CARTESIAN_POINT('',(39.1124616062426,-4.27791194608288,9.15410991607692));
#1926=CARTESIAN_POINT('',(38.9645749155982,-4.4771425027208,8.91984050602716));
#1927=CARTESIAN_POINT('',(38.8440339998559,-4.63879294405404,8.68868195270614));
#1928=CARTESIAN_POINT('',(38.7447056570083,-4.77149009108468,8.45937252361111));
#1929=CARTESIAN_POINT('',(38.6631836062915,-4.88003280512871,8.22988968918168));
#1930=CARTESIAN_POINT('',(38.600781674031,-4.96285651782074,8.01147771140079));
#1931=CARTESIAN_POINT('',(38.5576722813062,-5.01990441460024,7.82257649393938));
#1932=CARTESIAN_POINT('',(38.5298230986073,-5.05668757340702,7.67026891366675));
#1933=CARTESIAN_POINT('',(38.5122831084006,-5.07981486711232,7.5527303207876));
#1934=CARTESIAN_POINT('',(38.5008951460609,-5.09481021500846,7.46052180706812));
#1935=CARTESIAN_POINT('',(38.4932042483153,-5.10492719127195,7.38594254398215));
#1936=CARTESIAN_POINT('',(38.4877054008861,-5.11215745264322,7.32224268633666));
#1937=CARTESIAN_POINT('',(38.4835003184202,-5.11768067174909,7.26357948429267));
#1938=CARTESIAN_POINT('',(38.4801836658826,-5.12206360990882,7.20438294967874));
#1939=CARTESIAN_POINT('',(38.4777902729546,-5.12523604015361,7.14662514950368));
#1940=CARTESIAN_POINT('',(38.4758953676371,-5.12774449805513,7.07776751759629));
#1941=CARTESIAN_POINT('',(38.4754029004794,-5.12837325488356,7.02945178325358));
#1942=CARTESIAN_POINT('',(38.475386728767,-5.12836114472693,7.));
#1943=CARTESIAN_POINT('',(40.4065148190976,-2.47108148559582,10.));
#1944=CARTESIAN_POINT('',(40.2737103055043,-2.72416965444488,9.99990845825699));
#1945=CARTESIAN_POINT('',(40.0674063619919,-3.09209743563255,9.93737044859583));
#1946=CARTESIAN_POINT('',(39.7945776682675,-3.55024999233603,9.75222292857613));
#1947=CARTESIAN_POINT('',(39.6078143165804,-3.85487432840915,9.58312080284577));
#1948=CARTESIAN_POINT('',(39.4309311132219,-4.13663665080146,9.37938930065603));
#1949=CARTESIAN_POINT('',(39.2715181071591,-4.38568972458163,9.15063680137046));
#1950=CARTESIAN_POINT('',(39.1378403470998,-4.59142953241376,8.91579318817852));
#1951=CARTESIAN_POINT('',(39.0285527057548,-4.75766497308748,8.68438279686537));
#1952=CARTESIAN_POINT('',(38.9382674491057,-4.89365744892741,8.45506688547981));
#1953=CARTESIAN_POINT('',(38.8640103855024,-5.00454009748187,8.22584769516797));
#1954=CARTESIAN_POINT('',(38.8070501993008,-5.08890465207751,8.00793615443883));
#1955=CARTESIAN_POINT('',(38.7676056220528,-5.14688147721572,7.81955503134834));
#1956=CARTESIAN_POINT('',(38.7420912649954,-5.18419812933687,7.66779658823133));
#1957=CARTESIAN_POINT('',(38.725995542524,-5.2076370566565,7.55068411902263));
#1958=CARTESIAN_POINT('',(38.7155322411047,-5.2228207341406,7.4588370330533));
#1959=CARTESIAN_POINT('',(38.7084584835317,-5.23305908797933,7.38456403207957));
#1960=CARTESIAN_POINT('',(38.7033980852157,-5.24037541032188,7.32113000964876));
#1961=CARTESIAN_POINT('',(38.6995234270164,-5.2459614038709,7.26273005480552));
#1962=CARTESIAN_POINT('',(38.6964890285119,-5.25040767170992,7.20388953497456));
#1963=CARTESIAN_POINT('',(38.6943028526333,-5.25363886404118,7.14636611028844));
#1964=CARTESIAN_POINT('',(38.6925652948647,-5.25619843965563,7.07771293044809));
#1965=CARTESIAN_POINT('',(38.6920897344363,-5.25683492660222,7.02945142390312));
#1966=CARTESIAN_POINT('',(38.6920431141612,-5.2568101892811,7.));
#1967=CARTESIAN_POINT('',(40.4065148190976,-2.47108148559582,10.));
#1968=CARTESIAN_POINT('',(40.2966369680472,-2.74252831573237,9.99994638517323));
#1969=CARTESIAN_POINT('',(40.1219962415148,-3.13292152729866,9.93726600781289));
#1970=CARTESIAN_POINT('',(39.8869947318562,-3.61312007014948,9.75056774678185));
#1971=CARTESIAN_POINT('',(39.7249917957906,-3.93012600812165,9.57990870294554));
#1972=CARTESIAN_POINT('',(39.5708575584868,-4.22129571226402,9.37442924640435));
#1973=CARTESIAN_POINT('',(39.431526688339,-4.47696938246547,9.14406573565617));
#1974=CARTESIAN_POINT('',(39.3145111577019,-4.68690257499688,8.90813573169562));
#1975=CARTESIAN_POINT('',(39.2187564155823,-4.85565309140729,8.67624885960368));
#1976=CARTESIAN_POINT('',(39.139582777361,-4.99312150558088,8.44692067561519));
#1977=CARTESIAN_POINT('',(39.0744312123702,-5.10475161810527,8.21820028804791));
#1978=CARTESIAN_POINT('',(39.0244183463749,-5.18937656163402,8.00123556069153));
#1979=CARTESIAN_POINT('',(38.9897308931835,-5.24738539209717,7.81383844334389));
#1980=CARTESIAN_POINT('',(38.9672828935376,-5.2846402340277,7.66311895911972));
#1981=CARTESIAN_POINT('',(38.9531022229575,-5.30802072558331,7.5468127103643));
#1982=CARTESIAN_POINT('',(38.9438738097229,-5.32315285207431,7.45564944285143));
#1983=CARTESIAN_POINT('',(38.9376285584593,-5.33335208652298,7.38195588865953));
#1984=CARTESIAN_POINT('',(38.9331582701127,-5.34064148844959,7.31902482634929));
#1985=CARTESIAN_POINT('',(38.9297301768332,-5.3462047285289,7.26112293600071));
#1986=CARTESIAN_POINT('',(38.9270684513406,-5.35064271233008,7.2029559985163));
#1987=CARTESIAN_POINT('',(38.9251530200683,-5.35388863365726,7.14587601370418));
#1988=CARTESIAN_POINT('',(38.9236208831283,-5.3564711753377,7.07760965780116));
#1989=CARTESIAN_POINT('',(38.9231717821221,-5.35711701299138,7.02945074820275));
#1990=CARTESIAN_POINT('',(38.9230923666058,-5.35708686476103,7.));
#1991=CARTESIAN_POINT('',(40.4065148190976,-2.47108148559581,10.));
#1992=CARTESIAN_POINT('',(40.3142132391378,-2.75658096760724,10.0000006915432));
#1993=CARTESIAN_POINT('',(40.1667114922138,-3.16464258589026,9.9371164938986));
#1994=CARTESIAN_POINT('',(39.9678437517728,-3.66218493565506,9.74819784079529));
#1995=CARTESIAN_POINT('',(39.8308210136271,-3.98871587905895,9.5753095437404));
#1996=CARTESIAN_POINT('',(39.7006960907639,-4.28669658630207,9.36732729173991));
#1997=CARTESIAN_POINT('',(39.583351509595,-4.54662531377391,9.13465705852555));
#1998=CARTESIAN_POINT('',(39.4850952025147,-4.75865131055074,8.89717150334008));
#1999=CARTESIAN_POINT('',(39.4049048540385,-4.92809226573769,8.66460237396274));
#2000=CARTESIAN_POINT('',(39.3387396762086,-5.06546753041216,8.43525660105895));
#2001=CARTESIAN_POINT('',(39.2844145010437,-5.17649072395703,8.20725040145105));
#2002=CARTESIAN_POINT('',(39.2427805124085,-5.26030014328576,7.99164134307297));
#2003=CARTESIAN_POINT('',(39.2139086013555,-5.31760051263725,7.80565314669346));
#2004=CARTESIAN_POINT('',(39.1952424152775,-5.35430459752897,7.65642127677491));
#2005=CARTESIAN_POINT('',(39.1834436491864,-5.37732734204219,7.54126940033348));
#2006=CARTESIAN_POINT('',(39.1757602728274,-5.3922152939544,7.45108524965271));
#2007=CARTESIAN_POINT('',(39.1705564265347,-5.40224750010904,7.37822137168377));
#2008=CARTESIAN_POINT('',(39.166830006678,-5.40942059618548,7.31601047074473));
#2009=CARTESIAN_POINT('',(39.1639668220262,-5.41489372570873,7.25882173491158));
#2010=CARTESIAN_POINT('',(39.1617678377487,-5.4192645622042,7.20161927411768));
#2011=CARTESIAN_POINT('',(39.1601879619344,-5.42249089448177,7.14517423403245));
#2012=CARTESIAN_POINT('',(39.1589112156299,-5.42507658438929,7.07746176099573));
#2013=CARTESIAN_POINT('',(39.1584994574888,-5.42573714773421,7.02944976619019));
#2014=CARTESIAN_POINT('',(39.1583844450113,-5.42571112738559,7.));
#2015=CARTESIAN_POINT('',(40.4065148190976,-2.47108148559582,10.));
#2016=CARTESIAN_POINT('',(40.32488648989,-2.76508517254127,10.0000677692718));
#2017=CARTESIAN_POINT('',(40.1981710827286,-3.18491855448156,9.9369318748594));
#2018=CARTESIAN_POINT('',(40.0318878002895,-3.69461755307588,9.74527078116046));
#2019=CARTESIAN_POINT('',(39.9189423348041,-4.02780545061031,9.56962907165864));
#2020=CARTESIAN_POINT('',(39.8131035922027,-4.33024327553976,9.3585555351396));
#2021=CARTESIAN_POINT('',(39.7188015032921,-4.59247006458624,9.1230361865754));
#2022=CARTESIAN_POINT('',(39.6406967779525,-4.80495871819335,8.8836293142392));
#2023=CARTESIAN_POINT('',(39.5775254398422,-4.97373147719724,8.65021750465415));
#2024=CARTESIAN_POINT('',(39.5257923523638,-5.10988325724854,8.42084999847469));
#2025=CARTESIAN_POINT('',(39.4836261059299,-5.21934469875243,8.19372590171124));
#2026=CARTESIAN_POINT('',(39.4515089698384,-5.30159375924493,7.97979125597938));
#2027=CARTESIAN_POINT('',(39.4293172651178,-5.35768650590262,7.79554323431612));
#2028=CARTESIAN_POINT('',(39.4150258056265,-5.39351232815287,7.64814874896541));
#2029=CARTESIAN_POINT('',(39.4060026826112,-5.415981707669,7.53442266299245));
#2030=CARTESIAN_POINT('',(39.4001283850146,-5.4305011804615,7.44544784924111));
#2031=CARTESIAN_POINT('',(39.3961484921518,-5.44028504948441,7.37360873640138));
#2032=CARTESIAN_POINT('',(39.3932984409023,-5.44728591535294,7.31228733978827));
#2033=CARTESIAN_POINT('',(39.3911024932677,-5.4526272751639,7.25597945993698));
#2034=CARTESIAN_POINT('',(39.3894420750781,-5.4568916095556,7.19996828721056));
#2035=CARTESIAN_POINT('',(39.3882541488314,-5.46007703693364,7.14430750624543));
#2036=CARTESIAN_POINT('',(39.3872797551714,-5.46265402971031,7.07727915956371));
#2037=CARTESIAN_POINT('',(39.3869234634879,-5.46333204505242,7.02944860068326));
#2038=CARTESIAN_POINT('',(39.3867823703484,-5.4633122020445,7.));
#2039=CARTESIAN_POINT('',(40.4065148190976,-2.47108148559582,10.));
#2040=CARTESIAN_POINT('',(40.3273470251062,-2.76701427041227,10.0001197334854));
#2041=CARTESIAN_POINT('',(40.2102267830099,-3.19089184888226,9.93678890797313));
#2042=CARTESIAN_POINT('',(40.0632913886066,-3.70563455697581,9.74300341866831));
#2043=CARTESIAN_POINT('',(39.9657870314465,-4.04169798235837,9.56522879125732));
#2044=CARTESIAN_POINT('',(39.8763026369701,-4.34593211710536,9.35176060047811));
#2045=CARTESIAN_POINT('',(39.7980308326905,-4.60878974793974,9.1140341974906));
#2046=CARTESIAN_POINT('',(39.7342419191283,-4.82087163905856,8.87313900183979));
#2047=CARTESIAN_POINT('',(39.6833357538236,-4.98861798335629,8.63907444478832));
#2048=CARTESIAN_POINT('',(39.642124925867,-5.12348220531174,8.40969013322844));
#2049=CARTESIAN_POINT('',(39.6089095095477,-5.2315061675541,8.18324937836664));
#2050=CARTESIAN_POINT('',(39.5838633687804,-5.31240600359747,7.97061181600978));
#2051=CARTESIAN_POINT('',(39.5666858371391,-5.36748916350665,7.78771177888599));
#2052=CARTESIAN_POINT('',(39.5557024970825,-5.40259067025314,7.64174056698783));
#2053=CARTESIAN_POINT('',(39.5487968335029,-5.42460704071593,7.5291189000458));
#2054=CARTESIAN_POINT('',(39.5443124771904,-5.43882495790235,7.44108083399924));
#2055=CARTESIAN_POINT('',(39.5412792703786,-5.44840487720605,7.37003549796057));
#2056=CARTESIAN_POINT('',(39.5391110163218,-5.45526314012329,7.30940310571879));
#2057=CARTESIAN_POINT('',(39.5374370814866,-5.4604947878941,7.25377754018565));
#2058=CARTESIAN_POINT('',(39.5361943633314,-5.46466572652217,7.19868917998114));
#2059=CARTESIAN_POINT('',(39.5353118007675,-5.4678122713087,7.14363590808436));
#2060=CARTESIAN_POINT('',(39.5345711200088,-5.4703804326365,7.07713753218203));
#2061=CARTESIAN_POINT('',(39.5342512918596,-5.47108146273106,7.02944759122751));
#2062=CARTESIAN_POINT('',(39.5340771147515,-5.47108148559582,7.));
#2063=CARTESIAN_POINT('',(40.4065148190976,-2.47108148559582,10.));
#2064=CARTESIAN_POINT('',(40.3273498633535,-2.76699342447759,10.0001466183404));
#2065=CARTESIAN_POINT('',(40.2138041968729,-3.19189379427387,9.93671495997508));
#2066=CARTESIAN_POINT('',(40.0756656977695,-3.70838469646277,9.74183042098453));
#2067=CARTESIAN_POINT('',(39.9855081311413,-4.04551438876808,9.56295232880983));
#2068=CARTESIAN_POINT('',(39.9040083693841,-4.35039722803911,9.34824526618421));
#2069=CARTESIAN_POINT('',(39.8336887579075,-4.61340883842801,9.10937705478156));
#2070=CARTESIAN_POINT('',(39.7770700261995,-4.82518220490778,8.86771190094483));
#2071=CARTESIAN_POINT('',(39.7323454079666,-4.99234485636454,8.63330968525417));
#2072=CARTESIAN_POINT('',(39.6964636442916,-5.12651894617127,8.40391672927457));
#2073=CARTESIAN_POINT('',(39.6677986525446,-5.23379246074598,8.17782956112752));
#2074=CARTESIAN_POINT('',(39.6463597837586,-5.31399816722055,7.96586310821485));
#2075=CARTESIAN_POINT('',(39.6317502206887,-5.36856822256464,7.7836605006642));
#2076=CARTESIAN_POINT('',(39.6224657585229,-5.40330238745438,7.63842565614218));
#2077=CARTESIAN_POINT('',(39.6166517881819,-5.42508991491844,7.52637537860381));
#2078=CARTESIAN_POINT('',(39.6128868398324,-5.43915495498284,7.43882194551671));
#2079=CARTESIAN_POINT('',(39.6103460178658,-5.44863066918502,7.36818726742922));
#2080=CARTESIAN_POINT('',(39.6085345909552,-5.45541500617121,7.30791132142874));
#2081=CARTESIAN_POINT('',(39.6071363003082,-5.46058840497286,7.2526387340564));
#2082=CARTESIAN_POINT('',(39.606116090066,-5.46470686208168,7.19802776828969));
#2083=CARTESIAN_POINT('',(39.6054013185032,-5.46782729806015,7.14328874528113));
#2084=CARTESIAN_POINT('',(39.6047987611773,-5.47038031074515,7.07706446179128));
#2085=CARTESIAN_POINT('',(39.6045173622647,-5.47108150285084,7.02944716374048));
#2086=CARTESIAN_POINT('',(39.6043432127317,-5.47108148559582,7.));
#2087=FACE_BOUND('',#2088,.T.);
#2088=EDGE_LOOP('',(#3993,#3994,#3995,#3996));
#2089=CYLINDRICAL_SURFACE('',#2090,10.);
#2090=AXIS2_PLACEMENT_3D('',#2091,#2092,#2093);
#2091=CARTESIAN_POINT('',(26.9684116632468,16.7841152057064,-20.));
#2092=DIRECTION('',(0.,0.,1.));
#2093=DIRECTION('',(0.999997165544931,0.00238094563224962,0.));
#2094=FACE_BOUND('',#2095,.T.);
#2095=EDGE_LOOP('',(#3997,#3998,#3999,#4000));
#2096=PLANE('',#2097);
#2097=AXIS2_PLACEMENT_3D('',#2098,#2099,#2100);
#2098=CARTESIAN_POINT('',(38.,-5.47108148559582,0.));
#2099=DIRECTION('',(3.80647894157196E-16,-1.,0.));
#2100=DIRECTION('',(1.,3.80647894157196E-16,0.));
#2101=FACE_BOUND('',#2102,.T.);
#2102=EDGE_LOOP('',(#4001,#4002,#4003));
#2103=B_SPLINE_SURFACE_WITH_KNOTS('',3,3,(
(#2104,#2105,#2106,#2107,#2108,#2109,#2110,#2111,#2112,#2113,#2114,#2115,#2116,#2117,
#2118,#2119),
(#2120,#2121,#2122,#2123,#2124,#2125,#2126,#2127,#2128,#2129,#2130,#2131,#2132,#2133,
#2134,#2135),
(#2136,#2137,#2138,#2139,#2140,#2141,#2142,#2143,#2144,#2145,#2146,#2147,#2148,#2149,
#2150,#2151),
(#2152,#2153,#2154,#2155,#2156,#2157,#2158,#2159,#2160,#2161,#2162,#2163,#2164,#2165,
#2166,#2167),
(#2168,#2169,#2170,#2171,#2172,#2173,#2174,#2175,#2176,#2177,#2178,#2179,#2180,#2181,
#2182,#2183),
(#2184,#2185,#2186,#2187,#2188,#2189,#2190,#2191,#2192,#2193,#2194,#2195,#2196,#2197,
#2198,#2199),
(#2200,#2201,#2202,#2203,#2204,#2205,#2206,#2207,#2208,#2209,#2210,#2211,#2212,#2213,
#2214,#2215),
(#2216,#2217,#2218,#2219,#2220,#2221,#2222,#2223,#2224,#2225,#2226,#2227,#2228,#2229,
#2230,#2231),
(#2232,#2233,#2234,#2235,#2236,#2237,#2238,#2239,#2240,#2241,#2242,#2243,#2244,#2245,
#2246,#2247),
(#2248,#2249,#2250,#2251,#2252,#2253,#2254,#2255,#2256,#2257,#2258,#2259,#2260,#2261,
#2262,#2263),
(#2264,#2265,#2266,#2267,#2268,#2269,#2270,#2271,#2272,#2273,#2274,#2275,#2276,#2277,
#2278,#2279),
(#2280,#2281,#2282,#2283,#2284,#2285,#2286,#2287,#2288,#2289,#2290,#2291,#2292,#2293,
#2294,#2295),
(#2296,#2297,#2298,#2299,#2300,#2301,#2302,#2303,#2304,#2305,#2306,#2307,#2308,#2309,
#2310,#2311),
(#2312,#2313,#2314,#2315,#2316,#2317,#2318,#2319,#2320,#2321,#2322,#2323,#2324,#2325,
#2326,#2327),
(#2328,#2329,#2330,#2331,#2332,#2333,#2334,#2335,#2336,#2337,#2338,#2339,#2340,#2341,
#2342,#2343),
(#2344,#2345,#2346,#2347,#2348,#2349,#2350,#2351,#2352,#2353,#2354,#2355,#2356,#2357,
#2358,#2359),
(#2360,#2361,#2362,#2363,#2364,#2365,#2366,#2367,#2368,#2369,#2370,#2371,#2372,#2373,
#2374,#2375),
(#2376,#2377,#2378,#2379,#2380,#2381,#2382,#2383,#2384,#2385,#2386,#2387,#2388,#2389,
#2390,#2391),
(#2392,#2393,#2394,#2395,#2396,#2397,#2398,#2399,#2400,#2401,#2402,#2403,#2404,#2405,
#2406,#2407),
(#2408,#2409,#2410,#2411,#2412,#2413,#2414,#2415,#2416,#2417,#2418,#2419,#2420,#2421,
#2422,#2423),
(#2424,#2425,#2426,#2427,#2428,#2429,#2430,#2431,#2432,#2433,#2434,#2435,#2436,#2437,
#2438,#2439)),
.UNSPECIFIED.,.F.,.F.,.F.,
(4,1,1,1,1,1,1,1,1,1,1,1,1,1,1,1,1,1,4),
(4,1,1,1,1,1,1,1,1,1,1,1,1,4),
(0.,0.0515654047586619,0.0985135982708068,0.145461791782952,0.198242575155126,0.255557146172203,
0.322821177102068,0.396160571624218,0.471511234362712,0.547375063962032,0.622099909740137,
0.689450929341537,0.755015955191076,0.815155194356839,0.867608002683636,0.912253399421833,
0.953345603392191,0.981574629301652,1.),
(0.,0.182263062576267,0.262421849531576,0.340156661448552,0.419349611033932,0.499627248504879,
0.580411036082564,0.660882425017509,0.740871761958426,0.815229612760538,0.876704126939916,
0.923456000460522,0.957214466305152,1.),
.UNSPECIFIED.);
#2104=CARTESIAN_POINT('',(42.,-2.47108148559582,0.));
#2105=CARTESIAN_POINT('',(42.2863216784967,-2.53183583978791,-0.000163202571831196));
#2106=CARTESIAN_POINT('',(42.6984513183262,-2.61930978963176,0.0594946191941306));
#2107=CARTESIAN_POINT('',(43.2015038864,-2.73269534344795,0.242712505855094));
#2108=CARTESIAN_POINT('',(43.5336034042653,-2.81172419293384,0.412771385228248));
#2109=CARTESIAN_POINT('',(43.8424528797587,-2.89079265925827,0.622490376879778));
#2110=CARTESIAN_POINT('',(44.1263020580636,-2.97087745080294,0.8723315401205));
#2111=CARTESIAN_POINT('',(44.3776999116781,-3.05138838879747,1.15750378561675));
#2112=CARTESIAN_POINT('',(44.5908058416229,-3.13180322661532,1.47176590174938));
#2113=CARTESIAN_POINT('',(44.7581376288014,-3.21007608550797,1.80129583452413));
#2114=CARTESIAN_POINT('',(44.8741458205521,-3.28201665281544,2.12045695960965));
#2115=CARTESIAN_POINT('',(44.9429425286851,-3.34287806564948,2.39923061485447));
#2116=CARTESIAN_POINT('',(44.9778269402744,-3.39020635016434,2.61966709574163));
#2117=CARTESIAN_POINT('',(44.9959578837934,-3.43130497451771,2.81255765253766));
#2118=CARTESIAN_POINT('',(45.0000002977573,-3.45681964103087,2.93279263236304));
#2119=CARTESIAN_POINT('',(45.,-3.47108148559581,3.));
#2120=CARTESIAN_POINT('',(42.,-2.47108148559582,0.));
#2121=CARTESIAN_POINT('',(42.2863216784967,-2.53183583978791,-0.000163202571831196));
#2122=CARTESIAN_POINT('',(42.6984513183262,-2.62189255946114,0.0594946191941306));
#2123=CARTESIAN_POINT('',(43.2015038864,-2.74168907123276,0.242712505855094));
#2124=CARTESIAN_POINT('',(43.5336034042653,-2.82614680328639,0.412771385228248));
#2125=CARTESIAN_POINT('',(43.8424528797587,-2.91128946657479,0.622490376879778));
#2126=CARTESIAN_POINT('',(44.1263020580636,-2.997860245964,0.8723315401205));
#2127=CARTESIAN_POINT('',(44.3776999116781,-3.08489325102599,1.15750378561675));
#2128=CARTESIAN_POINT('',(44.5908058416229,-3.1714845366282,1.47176590174938));
#2129=CARTESIAN_POINT('',(44.7581376288014,-3.25511464700368,1.80129583452413));
#2130=CARTESIAN_POINT('',(44.8741458205521,-3.33111250669673,2.12045695960965));
#2131=CARTESIAN_POINT('',(44.9429425286851,-3.39456204471925,2.39923061485447));
#2132=CARTESIAN_POINT('',(44.9778269402744,-3.44327779751636,2.61966709574163));
#2133=CARTESIAN_POINT('',(44.9959578837934,-3.48512729414306,2.81255765253766));
#2134=CARTESIAN_POINT('',(45.0000002977573,-3.5108188066206,2.93279263236304));
#2135=CARTESIAN_POINT('',(45.,-3.52508065118555,3.));
#2136=CARTESIAN_POINT('',(42.,-2.47108148559582,1.12796296060455E-18));
#2137=CARTESIAN_POINT('',(42.2851756944096,-2.53298159199229,-0.00016317518968662));
#2138=CARTESIAN_POINT('',(42.6960400717366,-2.62922881532252,0.0594775613836289));
#2139=CARTESIAN_POINT('',(43.1980855469448,-2.76230681344382,0.242645402116667));
#2140=CARTESIAN_POINT('',(43.5297306772727,-2.85763340921306,0.412658654636152));
#2141=CARTESIAN_POINT('',(43.83835220406,-2.95468190917021,0.622322428287345));
#2142=CARTESIAN_POINT('',(44.122180216945,-3.05377509949782,0.872099268262182));
#2143=CARTESIAN_POINT('',(44.373740892474,-3.15325234507726,1.1572003317761));
#2144=CARTESIAN_POINT('',(44.5871592915409,-3.25150935289038,1.4713874170066));
#2145=CARTESIAN_POINT('',(44.7548955292579,-3.34515070118732,1.80084521564581));
#2146=CARTESIAN_POINT('',(44.8713186493107,-3.42863107546558,2.1199456883892));
#2147=CARTESIAN_POINT('',(44.9404119481264,-3.49670031266727,2.39868959101412));
#2148=CARTESIAN_POINT('',(44.9754350521427,-3.54771350777961,2.61912853728085));
#2149=CARTESIAN_POINT('',(44.9933711698878,-3.59032199483157,2.81210415272893));
#2150=CARTESIAN_POINT('',(44.9969375060404,-3.61551000366984,2.93248509783866));
#2151=CARTESIAN_POINT('',(44.9958195791603,-3.62824379744626,3.));
#2152=CARTESIAN_POINT('',(42.,-2.47108148559582,5.64721456652556E-18));
#2153=CARTESIAN_POINT('',(42.2805840612157,-2.53757187637,-0.000163015913199315));
#2154=CARTESIAN_POINT('',(42.6862601602127,-2.64603526603999,0.0594207380381972));
#2155=CARTESIAN_POINT('',(43.1839414803166,-2.8010347820991,0.242427295108499));
#2156=CARTESIAN_POINT('',(43.5134701660664,-2.91338530970302,0.412296319684995));
#2157=CARTESIAN_POINT('',(43.8208210467008,-3.02842227909385,0.62179011838275));
#2158=CARTESIAN_POINT('',(44.104140569229,-3.14590064185872,0.871376746198607));
#2159=CARTESIAN_POINT('',(44.3558613511929,-3.26318099393891,1.15628026739318));
#2160=CARTESIAN_POINT('',(44.5699555206468,-3.37767036022943,1.47028194244443));
#2161=CARTESIAN_POINT('',(44.7386469738581,-3.48473758816212,1.79959858200705));
#2162=CARTESIAN_POINT('',(44.8559361076651,-3.57760030951548,2.11865071904031));
#2163=CARTESIAN_POINT('',(44.9254402755919,-3.65068046366207,2.39747652042362));
#2164=CARTESIAN_POINT('',(44.960217122626,-3.70315893555938,2.61814058781604));
#2165=CARTESIAN_POINT('',(44.9772984900501,-3.74505077195687,2.81148272200473));
#2166=CARTESIAN_POINT('',(44.9796413676138,-3.76819584918622,2.93227289559953));
#2167=CARTESIAN_POINT('',(44.9778937212565,-3.77961691678895,3.));
#2168=CARTESIAN_POINT('',(42.,-2.47108148559582,1.2659796762405E-17));
#2169=CARTESIAN_POINT('',(42.2734591194232,-2.54469460410865,-0.000162754464123754));
#2170=CARTESIAN_POINT('',(42.6709466470558,-2.6680343793548,0.0593447701827736));
#2171=CARTESIAN_POINT('',(43.1614882597497,-2.84688405667934,0.242140079252451));
#2172=CARTESIAN_POINT('',(43.487409370362,-2.977023862519,0.411822439068016));
#2173=CARTESIAN_POINT('',(43.7924096219537,-3.11029507669759,0.62109982544331));
#2174=CARTESIAN_POINT('',(44.0745110054634,-3.24592937341429,0.870450139593988));
#2175=CARTESIAN_POINT('',(44.326014585697,-3.38035207215765,1.15511784935246));
#2176=CARTESIAN_POINT('',(44.5406724299674,-3.51003329167877,1.46891383753913));
#2177=CARTESIAN_POINT('',(44.7103733464884,-3.62917991155246,1.79810090003691));
#2178=CARTESIAN_POINT('',(44.8286262521913,-3.72992186497998,2.11715716036613));
#2179=CARTESIAN_POINT('',(44.8985764983126,-3.80655670355917,2.39615293869498));
#2180=CARTESIAN_POINT('',(44.9331528746585,-3.85938059163045,2.61711925703608));
#2181=CARTESIAN_POINT('',(44.9494939622681,-3.89970614320592,2.81088058411509));
#2182=CARTESIAN_POINT('',(44.9509716357001,-3.92067461456397,2.93203805884664));
#2183=CARTESIAN_POINT('',(44.9486212807607,-3.93050818926818,3.));
#2184=CARTESIAN_POINT('',(42.,-2.47108148559582,2.26338875415437E-17));
#2185=CARTESIAN_POINT('',(42.2633252804143,-2.554825399819,-0.000162395092754625));
#2186=CARTESIAN_POINT('',(42.6489638846577,-2.69656078141346,0.0592532264988373));
#2187=CARTESIAN_POINT('',(43.1288239153363,-2.90243321098168,0.241798410544924));
#2188=CARTESIAN_POINT('',(43.4491572703837,-3.05201427075752,0.411262009332315));
#2189=CARTESIAN_POINT('',(43.7502895862103,-3.20463923511915,0.620289302930404));
#2190=CARTESIAN_POINT('',(44.0300811589791,-3.35903874820779,0.869372212600879));
#2191=CARTESIAN_POINT('',(44.2806765582305,-3.51070863592669,1.15378214131883));
#2192=CARTESIAN_POINT('',(44.4955535493659,-3.65520330933865,1.46736789606095));
#2193=CARTESIAN_POINT('',(44.6661894060354,-3.78561819412323,1.79644725797338));
#2194=CARTESIAN_POINT('',(44.7854939130145,-3.89313345804427,2.11555934450704));
#2195=CARTESIAN_POINT('',(44.8560487377407,-3.97218064637971,2.39479113353075));
#2196=CARTESIAN_POINT('',(44.8906225154456,-4.02442227646927,2.61611288545996));
#2197=CARTESIAN_POINT('',(44.9065165408375,-4.06247593216354,2.81031788805546));
#2198=CARTESIAN_POINT('',(44.9074178437798,-4.08094844208568,2.93183409508264));
#2199=CARTESIAN_POINT('',(44.9047270636046,-4.08914443797486,3.));
#2200=CARTESIAN_POINT('',(42.,-2.47108148559582,3.65149546067234E-17));
#2201=CARTESIAN_POINT('',(42.2492221194922,-2.56892478329449,-0.000161949028658335));
#2202=CARTESIAN_POINT('',(42.6180516544325,-2.73390901440847,0.0591495486768497));
#2203=CARTESIAN_POINT('',(43.0822318382762,-2.97150802348208,0.241415828497476));
#2204=CARTESIAN_POINT('',(43.3940908582816,-3.14314848081619,0.410637698361671));
#2205=CARTESIAN_POINT('',(43.6890509812419,-3.31709722777823,0.619392028985959));
#2206=CARTESIAN_POINT('',(43.9647792348402,-3.49159976507558,0.868188418238625));
#2207=CARTESIAN_POINT('',(44.2132594272368,-3.66120980153207,1.152330442916));
#2208=CARTESIAN_POINT('',(44.4276583570065,-3.8205806771792,1.4657107847059));
#2209=CARTESIAN_POINT('',(44.5989850956494,-3.96174890685009,1.79470725937228));
#2210=CARTESIAN_POINT('',(44.7194496530369,-4.07511106876471,2.11391767954277));
#2211=CARTESIAN_POINT('',(44.790931748636,-4.1555333670528,2.39342989056391));
#2212=CARTESIAN_POINT('',(44.8259270258188,-4.20633199365444,2.61513201605015));
#2213=CARTESIAN_POINT('',(44.8418879139087,-4.24141110731051,2.80978316987777));
#2214=CARTESIAN_POINT('',(44.8426471868102,-4.25703249685658,2.9316385960757));
#2215=CARTESIAN_POINT('',(44.8398577063001,-4.26337902751907,3.));
#2216=CARTESIAN_POINT('',(42.,-2.47108148559582,5.46816012252881E-17));
#2217=CARTESIAN_POINT('',(42.2307652737102,-2.58737762939503,-0.000161476721722171));
#2218=CARTESIAN_POINT('',(42.5771067813881,-2.78062245240774,0.059046723271205));
#2219=CARTESIAN_POINT('',(43.0195343148845,-3.05432874529892,0.241040140760567));
#2220=CARTESIAN_POINT('',(43.319255727212,-3.25024114699392,0.410027389511613));
#2221=CARTESIAN_POINT('',(43.6049671948414,-3.44694100036591,0.618519619017631));
#2222=CARTESIAN_POINT('',(43.8741379362209,-3.64224242605387,0.867045280950185));
#2223=CARTESIAN_POINT('',(44.1186345478513,-3.82980276851211,1.15094087201648));
#2224=CARTESIAN_POINT('',(44.3313279554297,-4.00345864051859,1.46414268495935));
#2225=CARTESIAN_POINT('',(44.5027648990557,-4.15433132965252,1.79308520603676));
#2226=CARTESIAN_POINT('',(44.6244010669489,-4.27229159768144,2.11241556644489));
#2227=CARTESIAN_POINT('',(44.6972477538023,-4.35296233452288,2.39220945456689));
#2228=CARTESIAN_POINT('',(44.7333005654203,-4.40150942308516,2.61426865942723));
#2229=CARTESIAN_POINT('',(44.7500924370513,-4.43302347397619,2.80932110929417));
#2230=CARTESIAN_POINT('',(44.7513094613656,-4.44551384901433,2.93147150616526));
#2231=CARTESIAN_POINT('',(44.7487871910064,-4.44987996564227,3.));
#2232=CARTESIAN_POINT('',(42.,-2.47108148559582,7.68928859651076E-17));
#2233=CARTESIAN_POINT('',(42.2081999336713,-2.60993962031312,-0.000161081236959994));
#2234=CARTESIAN_POINT('',(42.5263158480503,-2.83573979067191,0.0589642384657261));
#2235=CARTESIAN_POINT('',(42.9403269931592,-3.14860848607563,0.240741101605475));
#2236=CARTESIAN_POINT('',(43.2236699437707,-3.36997111997211,0.409543300460531));
#2237=CARTESIAN_POINT('',(43.4963653976039,-3.58976166375965,0.617830533623312));
#2238=CARTESIAN_POINT('',(43.755727360235,-3.80546544690614,0.866147087430143));
#2239=CARTESIAN_POINT('',(43.9936198373843,-4.0099691026652,1.1498562935847));
#2240=CARTESIAN_POINT('',(44.2027133606886,-4.19646346692745,1.46292916917493));
#2241=CARTESIAN_POINT('',(44.3731933516839,-4.35539928128365,1.79184353696863));
#2242=CARTESIAN_POINT('',(44.4957847364817,-4.47645415608262,2.11128065070796));
#2243=CARTESIAN_POINT('',(44.5704478442194,-4.556290027202,2.39129982465192));
#2244=CARTESIAN_POINT('',(44.608340507821,-4.6019736340393,2.61363244164968));
#2245=CARTESIAN_POINT('',(44.626928385581,-4.62958948847887,2.80898410079204));
#2246=CARTESIAN_POINT('',(44.6293632286357,-4.63886963746002,2.93134964262457));
#2247=CARTESIAN_POINT('',(44.627564001551,-4.64123611573318,3.));
#2248=CARTESIAN_POINT('',(42.,-2.47108148559582,1.01528372316503E-16));
#2249=CARTESIAN_POINT('',(42.1831727069505,-2.63496507622865,-0.000160872129408987));
#2250=CARTESIAN_POINT('',(42.4690227634976,-2.89519036892636,0.0589215934383483));
#2251=CARTESIAN_POINT('',(42.8491375102706,-3.2473077285507,0.240587209128886));
#2252=CARTESIAN_POINT('',(43.112309640576,-3.49335570594081,0.409294696153079));
#2253=CARTESIAN_POINT('',(43.3683489038223,-3.73480985909538,0.617477529792244));
#2254=CARTESIAN_POINT('',(43.6145111401604,-3.96896881418821,0.865688377729294));
#2255=CARTESIAN_POINT('',(43.8428388774031,-4.18815150530593,1.14930453747878));
#2256=CARTESIAN_POINT('',(44.0459822669312,-4.3851444184651,1.46231484403034));
#2257=CARTESIAN_POINT('',(44.2139713519519,-4.55004065342437,1.79121882627735));
#2258=CARTESIAN_POINT('',(44.3369341886304,-4.67266560698364,2.11071378044918));
#2259=CARTESIAN_POINT('',(44.4136501198302,-4.75087667833498,2.39084880426227));
#2260=CARTESIAN_POINT('',(44.4540684056325,-4.79349111277612,2.6133188896691));
#2261=CARTESIAN_POINT('',(44.4753770160081,-4.81732545706515,2.80881892050847));
#2262=CARTESIAN_POINT('',(44.4797859557243,-4.82364084550277,2.93129004682381));
#2263=CARTESIAN_POINT('',(44.4791741417029,-4.82418703393033,3.));
#2264=CARTESIAN_POINT('',(42.,-2.47108148559582,1.26748098694667E-16));
#2265=CARTESIAN_POINT('',(42.1575529815464,-2.66058506104692,-0.000160902762612724));
#2266=CARTESIAN_POINT('',(42.4092058643043,-2.95469590921991,0.0589278050620448));
#2267=CARTESIAN_POINT('',(42.751732113012,-3.3436296250448,0.240609596610363));
#2268=CARTESIAN_POINT('',(42.9918205419485,-3.61211017471887,0.409330841203319));
#2269=CARTESIAN_POINT('',(43.2281113394244,-3.87259082269178,0.61752881902291));
#2270=CARTESIAN_POINT('',(43.4579354839027,-4.1223305298579,0.865754969670713));
#2271=CARTESIAN_POINT('',(43.6737317231347,-4.35330830512363,1.14938455357207));
#2272=CARTESIAN_POINT('',(43.8683629710575,-4.55815925887141,1.46240381687118));
#2273=CARTESIAN_POINT('',(44.0319812637454,-4.72692844886904,1.79130915551033));
#2274=CARTESIAN_POINT('',(44.1543461654023,-4.84987409997419,2.11079559104663));
#2275=CARTESIAN_POINT('',(44.2330115766108,-4.92607618780245,2.39091377332291));
#2276=CARTESIAN_POINT('',(44.2763832029701,-4.96581691142171,2.6133639877147));
#2277=CARTESIAN_POINT('',(44.3011215551446,-4.98637501905076,2.80884264662918));
#2278=CARTESIAN_POINT('',(44.3081338092383,-4.99022995894753,2.93129860065241));
#2279=CARTESIAN_POINT('',(44.3091057347084,-4.9892835889228,3.));
#2280=CARTESIAN_POINT('',(42.,-2.47108148559582,1.50384415391092E-16));
#2281=CARTESIAN_POINT('',(42.1335427507704,-2.68459746351044,-0.000161159208809583));
#2282=CARTESIAN_POINT('',(42.3518048754757,-3.00942395131982,0.0589803079337586));
#2283=CARTESIAN_POINT('',(42.6557752501116,-3.43028103207621,0.24079922169908));
#2284=CARTESIAN_POINT('',(42.8714197647742,-3.71761023342517,0.409637285291583));
#2285=CARTESIAN_POINT('',(43.0860803251215,-3.99351355835693,0.617964147177575));
#2286=CARTESIAN_POINT('',(43.2973061868405,-4.25533428764035,0.866320969814317));
#2287=CARTESIAN_POINT('',(43.4981435669739,-4.49492535594704,1.15006583694466));
#2288=CARTESIAN_POINT('',(43.6819115598823,-4.70499134017898,1.46316302378864));
#2289=CARTESIAN_POINT('',(43.8391889632354,-4.87578656480722,1.7920820430572));
#2290=CARTESIAN_POINT('',(43.9596699797739,-4.99819365415557,2.11149781521257));
#2291=CARTESIAN_POINT('',(44.0397665800485,-5.07242106102331,2.3914731981409));
#2292=CARTESIAN_POINT('',(44.0861238432998,-5.10984254221633,2.61375331185962));
#2293=CARTESIAN_POINT('',(44.1146216638866,-5.12795284505328,2.8090479384148));
#2294=CARTESIAN_POINT('',(44.1246147075471,-5.13005485704097,2.93137271832569));
#2295=CARTESIAN_POINT('',(44.1274229696989,-5.12805724396074,3.));
#2296=CARTESIAN_POINT('',(42.,-2.47108148559582,1.71304163939993E-16));
#2297=CARTESIAN_POINT('',(42.1122928523648,-2.70585083689295,-0.000161569555433526));
#2298=CARTESIAN_POINT('',(42.2995351762132,-3.05711014813691,0.0590665823665785));
#2299=CARTESIAN_POINT('',(42.5657291130554,-3.5043546605802,0.241112480475956));
#2300=CARTESIAN_POINT('',(42.7566481562657,-3.80679210649495,0.410144745858499));
#2301=CARTESIAN_POINT('',(42.9487171915516,-4.09460221149405,0.618687100568464));
#2302=CARTESIAN_POINT('',(43.1398314350784,-4.36529252077982,0.867264285217928));
#2303=CARTESIAN_POINT('',(43.3238221397692,-4.6107475084288,1.15120639299167));
#2304=CARTESIAN_POINT('',(43.4946808393364,-4.82389349671585,1.46444130954135));
#2305=CARTESIAN_POINT('',(43.6436987990488,-4.99536614482455,1.79339276731813));
#2306=CARTESIAN_POINT('',(43.7608315072208,-5.11677360644473,2.11269888540632));
#2307=CARTESIAN_POINT('',(43.8415288183475,-5.18931400482747,2.39243836540406));
#2308=CARTESIAN_POINT('',(43.8905769631469,-5.22510366890247,2.61442981501803));
#2309=CARTESIAN_POINT('',(43.9228387220866,-5.24166719049189,2.80940697129697));
#2310=CARTESIAN_POINT('',(43.9359704345771,-5.24274432662888,2.93150249638338));
#2311=CARTESIAN_POINT('',(43.9407396285309,-5.24013950490132,3.));
#2312=CARTESIAN_POINT('',(42.,-2.47108148559582,1.88595549736233E-16));
#2313=CARTESIAN_POINT('',(42.0947291474787,-2.72341852770446,-0.000162040237976911));
#2314=CARTESIAN_POINT('',(42.2547566404569,-3.09599491462672,0.0591700557406735));
#2315=CARTESIAN_POINT('',(42.4857938386304,-3.56372488699961,0.24149114110872));
#2316=CARTESIAN_POINT('',(42.6529405954886,-3.87752940973823,0.410760330169882));
#2317=CARTESIAN_POINT('',(42.8226043234618,-4.17393557314192,0.619567817511623));
#2318=CARTESIAN_POINT('',(42.9931211836028,-4.45064934836742,0.868419571548146));
#2319=CARTESIAN_POINT('',(43.1592256429618,-4.69968360746788,1.15261269698813));
#2320=CARTESIAN_POINT('',(43.3157407210939,-4.91426603191465,1.46603117118781));
#2321=CARTESIAN_POINT('',(43.4548985628871,-5.08549824991706,1.79504118942316));
#2322=CARTESIAN_POINT('',(43.5672275425648,-5.2057324978345,2.11422982401279));
#2323=CARTESIAN_POINT('',(43.6474810949568,-5.27699857888944,2.39368605946411));
#2324=CARTESIAN_POINT('',(43.6986338019594,-5.31186154602424,2.61531491218027));
#2325=CARTESIAN_POINT('',(43.7343468585772,-5.32774907217443,2.80988195687744));
#2326=CARTESIAN_POINT('',(43.7505492127256,-5.32848763539084,2.9316747082689));
#2327=CARTESIAN_POINT('',(43.7572694357331,-5.32568890283779,3.));
#2328=CARTESIAN_POINT('',(42.,-2.47108148559582,2.02016305395572E-16));
#2329=CARTESIAN_POINT('',(42.0810973764206,-2.73705407225462,-0.000162485835093642));
#2330=CARTESIAN_POINT('',(42.2182481431822,-3.12581185164291,0.0592752899827345));
#2331=CARTESIAN_POINT('',(42.4176135678066,-3.60852359427536,0.241880315755626));
#2332=CARTESIAN_POINT('',(42.5625851750085,-3.93036945158121,0.411396027435672));
#2333=CARTESIAN_POINT('',(42.7106813223634,-4.2325722682633,0.620482548012766));
#2334=CARTESIAN_POINT('',(42.8607438637606,-4.51303240629288,0.869628225971957));
#2335=CARTESIAN_POINT('',(43.0084788666157,-4.76393125959417,1.15409778113836));
#2336=CARTESIAN_POINT('',(43.1496456020383,-4.97881313712823,1.4677307436299));
#2337=CARTESIAN_POINT('',(43.2775849156765,-5.14925487148491,1.79683181532904));
#2338=CARTESIAN_POINT('',(43.3836752293045,-5.26831179534053,2.11592640946441));
#2339=CARTESIAN_POINT('',(43.4622884226703,-5.33870418669795,2.39509949085022));
#2340=CARTESIAN_POINT('',(43.514750948079,-5.37324441889898,2.6163374991589));
#2341=CARTESIAN_POINT('',(43.5533869181474,-5.38919527600346,2.81044159069944));
#2342=CARTESIAN_POINT('',(43.5724563840455,-5.39018837509893,2.93187852485422));
#2343=CARTESIAN_POINT('',(43.5810375125158,-5.38754998690269,3.));
#2344=CARTESIAN_POINT('',(42.,-2.47108148559582,2.11383408739599E-16));
#2345=CARTESIAN_POINT('',(42.0715831275586,-2.74657122767462,-0.000162829059300967));
#2346=CARTESIAN_POINT('',(42.1909234138045,-3.14640551636242,0.0593653160255657));
#2347=CARTESIAN_POINT('',(42.3635753538306,-3.6390161895541,0.242217387173484));
#2348=CARTESIAN_POINT('',(42.4891543492237,-3.96599533278873,0.411949712495095));
#2349=CARTESIAN_POINT('',(42.6178003976654,-4.27170012622248,0.621284724161558));
#2350=CARTESIAN_POINT('',(42.748873255944,-4.55418724151593,0.870697467492642));
#2351=CARTESIAN_POINT('',(42.879030242682,-4.80579352396202,1.15542666720257));
#2352=CARTESIAN_POINT('',(43.0049728151157,-5.02033157305309,1.46927496020283));
#2353=CARTESIAN_POINT('',(43.1211931013454,-5.18978181470414,1.79849263511579));
#2354=CARTESIAN_POINT('',(43.2200801815931,-5.30778620180419,2.11754292000787));
#2355=CARTESIAN_POINT('',(43.2959411555831,-5.37761626200212,2.39648922476474));
#2356=CARTESIAN_POINT('',(43.348769059461,-5.41223131333525,2.61737422841453));
#2357=CARTESIAN_POINT('',(43.3895546307688,-5.42873839796668,2.81102747181528));
#2358=CARTESIAN_POINT('',(43.4110893272431,-5.43040470893591,2.93209500562003));
#2359=CARTESIAN_POINT('',(43.4213278482925,-5.42818678940383,3.));
#2360=CARTESIAN_POINT('',(42.,-2.47108148559582,2.17425318240402E-16));
#2361=CARTESIAN_POINT('',(42.0654463117639,-2.75270994226115,-0.000163053280308594));
#2362=CARTESIAN_POINT('',(42.1713522274423,-3.15957059620107,0.0594332467109824));
#2363=CARTESIAN_POINT('',(42.3219161146953,-3.6582566817258,0.242475112405046));
#2364=CARTESIAN_POINT('',(42.4308614275635,-3.98827754184745,0.412375609483676));
#2365=CARTESIAN_POINT('',(42.5423304287023,-4.29593026451167,0.621906333012572));
#2366=CARTESIAN_POINT('',(42.6561877929563,-4.57938031232097,0.871534001273347));
#2367=CARTESIAN_POINT('',(42.7699851833124,-4.83108137409858,1.15647967220022));
#2368=CARTESIAN_POINT('',(42.8813225345078,-5.04504022863137,1.47052008884521));
#2369=CARTESIAN_POINT('',(42.9858094888174,-5.21353389771147,1.79986477508793));
#2370=CARTESIAN_POINT('',(43.0769026668217,-5.33064492611741,2.11892355521226));
#2371=CARTESIAN_POINT('',(43.1490779673152,-5.40006894133951,2.39772742205839));
#2372=CARTESIAN_POINT('',(43.201342478502,-5.43490307596268,2.61833988801522));
#2373=CARTESIAN_POINT('',(43.2434341848409,-5.45215686073763,2.81160429342955));
#2374=CARTESIAN_POINT('',(43.2670093120551,-5.45473771429644,2.93231187429626));
#2375=CARTESIAN_POINT('',(43.2786850709857,-5.45309777313521,3.));
#2376=CARTESIAN_POINT('',(42.,-2.47108148559582,2.20619235183843E-16));
#2377=CARTESIAN_POINT('',(42.0622021792589,-2.75595500357471,-0.000163162959708839));
#2378=CARTESIAN_POINT('',(42.1589077507466,-3.16647363869455,0.059474238602475));
#2379=CARTESIAN_POINT('',(42.2925687922066,-3.66822000056997,0.242632882530592));
#2380=CARTESIAN_POINT('',(42.3882869143118,-3.99971514461993,0.412638036525978));
#2381=CARTESIAN_POINT('',(42.4857024434302,-4.30824013407109,0.622292472880734));
#2382=CARTESIAN_POINT('',(42.5851312579789,-4.5920193715004,0.872059229938324));
#2383=CARTESIAN_POINT('',(42.6848977139389,-4.84357285873714,1.15715043911872));
#2384=CARTESIAN_POINT('',(42.7833817700395,-5.05701487192635,1.47132949142689));
#2385=CARTESIAN_POINT('',(42.8771697201957,-5.22479051231748,1.80078318537821));
#2386=CARTESIAN_POINT('',(42.9606934925186,-5.34124074426557,2.11988780253674));
#2387=CARTESIAN_POINT('',(43.0287185960227,-5.410336494116,2.39864342763348));
#2388=CARTESIAN_POINT('',(43.0795987106931,-5.44530762323728,2.61910677466906));
#2389=CARTESIAN_POINT('',(43.1220656469121,-5.46319249119808,2.81210539547946));
#2390=CARTESIAN_POINT('',(43.1470715307203,-5.46665980106562,2.93251843590855));
#2391=CARTESIAN_POINT('',(43.1599419571262,-5.46567872512796,3.));
#2392=CARTESIAN_POINT('',(42.,-2.47108148559582,2.21853729930953E-16));
#2393=CARTESIAN_POINT('',(42.0609482413844,-2.75720924105001,-0.000163198338421543));
#2394=CARTESIAN_POINT('',(42.1518945131291,-3.16912486796498,0.0594917155323879));
#2395=CARTESIAN_POINT('',(42.2735465012283,-3.67200739394672,0.242701052874989));
#2396=CARTESIAN_POINT('',(42.3595116074817,-4.00403042572371,0.412752119812762));
#2397=CARTESIAN_POINT('',(42.4462978485055,-4.31284191569719,0.622461628493661));
#2398=CARTESIAN_POINT('',(42.5345917657619,-4.59668844018142,0.872291677441174));
#2399=CARTESIAN_POINT('',(42.62333294643,-4.84811514466734,1.15745154779731));
#2400=CARTESIAN_POINT('',(42.7115235997577,-5.06127665295503,1.47170026049099));
#2401=CARTESIAN_POINT('',(42.7965231992333,-5.22867952636807,1.80121729054301));
#2402=CARTESIAN_POINT('',(42.8735540449867,-5.34476999256222,2.12036494348804));
#2403=CARTESIAN_POINT('',(42.9376307904919,-5.41361995958081,2.39913274416966));
#2404=CARTESIAN_POINT('',(42.9867072799253,-5.44857315521057,2.619557572526));
#2405=CARTESIAN_POINT('',(43.0286435572013,-5.46667452762223,2.81246161166853));
#2406=CARTESIAN_POINT('',(43.0544189937966,-5.47077978374958,2.93268310615315));
#2407=CARTESIAN_POINT('',(43.0681513723744,-5.47037443230984,3.));
#2408=CARTESIAN_POINT('',(42.,-2.47108148559582,2.22044604925031E-16));
#2409=CARTESIAN_POINT('',(42.0607543541921,-2.75740316409252,-0.000163202571831124));
#2410=CARTESIAN_POINT('',(42.1491511803667,-3.16953280392195,0.059494619194131));
#2411=CARTESIAN_POINT('',(42.2648275001996,-3.67258537199586,0.242712505855094));
#2412=CARTESIAN_POINT('',(42.3457962001386,-4.00468488986107,0.412771385228249));
#2413=CARTESIAN_POINT('',(42.4270351009099,-4.31353436535451,0.622490376879778));
#2414=CARTESIAN_POINT('',(42.5094374681808,-4.59738354365942,0.872331540120501));
#2415=CARTESIAN_POINT('',(42.5922788737436,-4.84878139727397,1.15750378561675));
#2416=CARTESIAN_POINT('',(42.6749006823117,-5.06188732721877,1.47176590174939));
#2417=CARTESIAN_POINT('',(42.7550877964101,-5.22921911439714,1.80129583452413));
#2418=CARTESIAN_POINT('',(42.8284781170277,-5.34522730614791,2.12045695960966));
#2419=CARTESIAN_POINT('',(42.8902643197715,-5.41402401428091,2.39923061485447));
#2420=CARTESIAN_POINT('',(42.9380883749983,-5.44890842587021,2.61966709574163));
#2421=CARTESIAN_POINT('',(42.9794553013276,-5.46703936938921,2.81255765253767));
#2422=CARTESIAN_POINT('',(43.0050331585102,-5.47108178335314,2.93279263236304));
#2423=CARTESIAN_POINT('',(43.0192950030752,-5.47108148559582,3.));
#2424=CARTESIAN_POINT('',(42.,-2.47108148559582,2.22044604925031E-16));
#2425=CARTESIAN_POINT('',(42.0607543541921,-2.75740316409252,-0.000163202571831124));
#2426=CARTESIAN_POINT('',(42.148228304036,-3.16953280392195,0.059494619194131));
#2427=CARTESIAN_POINT('',(42.2616138578521,-3.67258537199586,0.242712505855094));
#2428=CARTESIAN_POINT('',(42.340642707338,-4.00468488986107,0.412771385228249));
#2429=CARTESIAN_POINT('',(42.4197111736625,-4.31353436535451,0.622490376879778));
#2430=CARTESIAN_POINT('',(42.4997959652071,-4.59738354365942,0.872331540120501));
#2431=CARTESIAN_POINT('',(42.5803069032016,-4.84878139727397,1.15750378561675));
#2432=CARTESIAN_POINT('',(42.6607217410195,-5.06188732721877,1.47176590174939));
#2433=CARTESIAN_POINT('',(42.7389945999122,-5.22921911439714,1.80129583452413));
#2434=CARTESIAN_POINT('',(42.8109351672196,-5.34522730614791,2.12045695960966));
#2435=CARTESIAN_POINT('',(42.8717965800537,-5.41402401428091,2.39923061485447));
#2436=CARTESIAN_POINT('',(42.9191248645685,-5.44890842587021,2.61966709574163));
#2437=CARTESIAN_POINT('',(42.9602234889219,-5.46703936938921,2.81255765253767));
#2438=CARTESIAN_POINT('',(42.985738155435,-5.47108178335314,2.93279263236304));
#2439=CARTESIAN_POINT('',(43.,-5.47108148559582,3.));
#2440=FACE_BOUND('',#2441,.T.);
#2441=EDGE_LOOP('',(#4004,#4005,#4006,#4007));
#2442=CYLINDRICAL_SURFACE('',#2443,132.236232993206);
#2443=AXIS2_PLACEMENT_3D('',#2444,#2445,#2446);
#2444=CARTESIAN_POINT('',(-1.35284347462228E-14,-102.440049411753,0.));
#2445=DIRECTION('',(0.,0.,-1.));
#2446=DIRECTION('',(-0.2794241726615,0.960167762285548,0.));
#2447=FACE_BOUND('',#2448,.T.);
#2448=EDGE_LOOP('',(#4008,#4009,#4010,#4011));
#2449=PLANE('',#2450);
#2450=AXIS2_PLACEMENT_3D('',#2451,#2452,#2453);
#2451=CARTESIAN_POINT('',(-45.,-5.4710814855958,0.));
#2452=DIRECTION('',(-7.61295788314393E-16,-1.,0.));
#2453=DIRECTION('',(1.,-7.61295788314393E-16,0.));
#2454=FACE_BOUND('',#2455,.T.);
#2455=EDGE_LOOP('',(#4012,#4013,#4014));
#2456=B_SPLINE_SURFACE_WITH_KNOTS('',3,3,(
(#2457,#2458,#2459,#2460,#2461,#2462,#2463,#2464,#2465,#2466,#2467,#2468,#2469,#2470,
#2471,#2472),
(#2473,#2474,#2475,#2476,#2477,#2478,#2479,#2480,#2481,#2482,#2483,#2484,#2485,#2486,
#2487,#2488),
(#2489,#2490,#2491,#2492,#2493,#2494,#2495,#2496,#2497,#2498,#2499,#2500,#2501,#2502,
#2503,#2504),
(#2505,#2506,#2507,#2508,#2509,#2510,#2511,#2512,#2513,#2514,#2515,#2516,#2517,#2518,
#2519,#2520),
(#2521,#2522,#2523,#2524,#2525,#2526,#2527,#2528,#2529,#2530,#2531,#2532,#2533,#2534,
#2535,#2536),
(#2537,#2538,#2539,#2540,#2541,#2542,#2543,#2544,#2545,#2546,#2547,#2548,#2549,#2550,
#2551,#2552),
(#2553,#2554,#2555,#2556,#2557,#2558,#2559,#2560,#2561,#2562,#2563,#2564,#2565,#2566,
#2567,#2568),
(#2569,#2570,#2571,#2572,#2573,#2574,#2575,#2576,#2577,#2578,#2579,#2580,#2581,#2582,
#2583,#2584),
(#2585,#2586,#2587,#2588,#2589,#2590,#2591,#2592,#2593,#2594,#2595,#2596,#2597,#2598,
#2599,#2600),
(#2601,#2602,#2603,#2604,#2605,#2606,#2607,#2608,#2609,#2610,#2611,#2612,#2613,#2614,
#2615,#2616),
(#2617,#2618,#2619,#2620,#2621,#2622,#2623,#2624,#2625,#2626,#2627,#2628,#2629,#2630,
#2631,#2632),
(#2633,#2634,#2635,#2636,#2637,#2638,#2639,#2640,#2641,#2642,#2643,#2644,#2645,#2646,
#2647,#2648),
(#2649,#2650,#2651,#2652,#2653,#2654,#2655,#2656,#2657,#2658,#2659,#2660,#2661,#2662,
#2663,#2664),
(#2665,#2666,#2667,#2668,#2669,#2670,#2671,#2672,#2673,#2674,#2675,#2676,#2677,#2678,
#2679,#2680),
(#2681,#2682,#2683,#2684,#2685,#2686,#2687,#2688,#2689,#2690,#2691,#2692,#2693,#2694,
#2695,#2696),
(#2697,#2698,#2699,#2700,#2701,#2702,#2703,#2704,#2705,#2706,#2707,#2708,#2709,#2710,
#2711,#2712),
(#2713,#2714,#2715,#2716,#2717,#2718,#2719,#2720,#2721,#2722,#2723,#2724,#2725,#2726,
#2727,#2728),
(#2729,#2730,#2731,#2732,#2733,#2734,#2735,#2736,#2737,#2738,#2739,#2740,#2741,#2742,
#2743,#2744),
(#2745,#2746,#2747,#2748,#2749,#2750,#2751,#2752,#2753,#2754,#2755,#2756,#2757,#2758,
#2759,#2760),
(#2761,#2762,#2763,#2764,#2765,#2766,#2767,#2768,#2769,#2770,#2771,#2772,#2773,#2774,
#2775,#2776),
(#2777,#2778,#2779,#2780,#2781,#2782,#2783,#2784,#2785,#2786,#2787,#2788,#2789,#2790,
#2791,#2792)),
.UNSPECIFIED.,.F.,.F.,.F.,
(4,1,1,1,1,1,1,1,1,1,1,1,1,1,1,1,1,1,4),
(4,1,1,1,1,1,1,1,1,1,1,1,1,4),
(0.,0.0515654047565329,0.0985135982669889,0.145461791777445,0.198242575150822,0.255557146168337,
0.322821177098959,0.396160571621212,0.471511234360351,0.547375063958398,0.622099909738784,
0.689450929346913,0.755015955190343,0.815155194361899,0.86760800268901,0.91225339942788,
0.953345603401019,0.981574629309113,1.),
(0.,0.182263062576156,0.262421849531761,0.340156661449038,0.419349611035046,0.499627248506312,
0.580411036084645,0.660882425019869,0.740871761962411,0.815229612769009,0.876704126946898,
0.923456000471531,0.957214466314431,1.),
.UNSPECIFIED.);
#2457=CARTESIAN_POINT('',(-42.,-2.4710814855958,-2.22044604925031E-16));
#2458=CARTESIAN_POINT('',(-42.0607543541921,-2.75740316409233,-0.000163202571829483));
#2459=CARTESIAN_POINT('',(-42.148228304036,-3.16953280392205,0.0594946191941342));
#2460=CARTESIAN_POINT('',(-42.2616138578523,-3.67258537199667,0.242712505855393));
#2461=CARTESIAN_POINT('',(-42.3406427073386,-4.00468488986351,0.412771385229602));
#2462=CARTESIAN_POINT('',(-42.4197111736635,-4.31353436535833,0.62249037688263));
#2463=CARTESIAN_POINT('',(-42.4997959652087,-4.59738354366463,0.872331540125582));
#2464=CARTESIAN_POINT('',(-42.5803069032036,-4.8487813972797,1.15750378562401));
#2465=CARTESIAN_POINT('',(-42.6607217410223,-5.06188732722566,1.47176590176071));
#2466=CARTESIAN_POINT('',(-42.7389945999171,-5.22921911440695,1.80129583454528));
#2467=CARTESIAN_POINT('',(-42.8109351672261,-5.34522730615711,2.12045695963885));
#2468=CARTESIAN_POINT('',(-42.8717965800625,-5.41402401428937,2.39923061489521));
#2469=CARTESIAN_POINT('',(-42.9191248645776,-5.44890842587575,2.61966709578413));
#2470=CARTESIAN_POINT('',(-42.9602234889286,-5.46703936939066,2.81255765256953));
#2471=CARTESIAN_POINT('',(-42.9857381554382,-5.47108178335312,2.93279263237761));
#2472=CARTESIAN_POINT('',(-43.,-5.4710814855958,3.));
#2473=CARTESIAN_POINT('',(-42.,-2.4710814855958,-2.22044604925031E-16));
#2474=CARTESIAN_POINT('',(-42.0607543541921,-2.75740316409233,-0.000163202571829483));
#2475=CARTESIAN_POINT('',(-42.1508110738653,-3.16953280392205,0.0594946191941342));
#2476=CARTESIAN_POINT('',(-42.2706075856368,-3.67258537199667,0.242712505855393));
#2477=CARTESIAN_POINT('',(-42.3550653176906,-4.00468488986351,0.412771385229602));
#2478=CARTESIAN_POINT('',(-42.4402079809792,-4.31353436535833,0.62249037688263));
#2479=CARTESIAN_POINT('',(-42.5267787603687,-4.59738354366463,0.872331540125582));
#2480=CARTESIAN_POINT('',(-42.6138117654309,-4.8487813972797,1.15750378562401));
#2481=CARTESIAN_POINT('',(-42.7004030510338,-5.06188732722566,1.47176590176071));
#2482=CARTESIAN_POINT('',(-42.7840331614113,-5.22921911440695,1.80129583454528));
#2483=CARTESIAN_POINT('',(-42.8600310211057,-5.34522730615711,2.12045695963885));
#2484=CARTESIAN_POINT('',(-42.9234805591304,-5.41402401428937,2.39923061489521));
#2485=CARTESIAN_POINT('',(-42.9721963119277,-5.44890842587575,2.61966709578413));
#2486=CARTESIAN_POINT('',(-43.0140458085518,-5.46703936939066,2.81255765256953));
#2487=CARTESIAN_POINT('',(-43.0397373210257,-5.47108178335312,2.93279263237761));
#2488=CARTESIAN_POINT('',(-43.0539991655875,-5.4710814855958,3.));
#2489=CARTESIAN_POINT('',(-42.,-2.4710814855958,-2.20916641964517E-16));
#2490=CARTESIAN_POINT('',(-42.0619001063963,-2.75625718000524,-0.000163175189685255));
#2491=CARTESIAN_POINT('',(-42.1581473297262,-3.16712155733269,0.0594775613836344));
#2492=CARTESIAN_POINT('',(-42.2912253278469,-3.66916703254178,0.242645402116972));
#2493=CARTESIAN_POINT('',(-42.386551923616,-4.00081216287124,0.412658654637514));
#2494=CARTESIAN_POINT('',(-42.4836004235729,-4.30943368965996,0.622322428290212));
#2495=CARTESIAN_POINT('',(-42.5826936139004,-4.59326170254626,0.872099268267281));
#2496=CARTESIAN_POINT('',(-42.6821708594796,-4.84482237807584,1.15720033178338));
#2497=CARTESIAN_POINT('',(-42.7804278672931,-5.05824077714388,1.47138741701796));
#2498=CARTESIAN_POINT('',(-42.8740692155919,-5.22597701486375,1.800845215667));
#2499=CARTESIAN_POINT('',(-42.9575495898712,-5.34240013491598,2.11994568841843));
#2500=CARTESIAN_POINT('',(-43.0256188270749,-5.41149343373095,2.39868959105489));
#2501=CARTESIAN_POINT('',(-43.0766320221871,-5.44651653774425,2.6191285373234));
#2502=CARTESIAN_POINT('',(-43.1192405092361,-5.46445265548517,2.81210415276087));
#2503=CARTESIAN_POINT('',(-43.1444285180705,-5.46801899163624,2.93248509785329));
#2504=CARTESIAN_POINT('',(-43.1571623118442,-5.46690106475639,3.));
#2505=CARTESIAN_POINT('',(-42.,-2.4710814855958,-2.16397390358933E-16));
#2506=CARTESIAN_POINT('',(-42.0664903907737,-2.75166554681177,-0.000163015913197834));
#2507=CARTESIAN_POINT('',(-42.1749537804427,-3.15734164580955,0.0594207380382062));
#2508=CARTESIAN_POINT('',(-42.3299532965003,-3.65502296591454,0.242427295108818));
#2509=CARTESIAN_POINT('',(-42.4423038241034,-3.98455165166623,0.41229631968638));
#2510=CARTESIAN_POINT('',(-42.5573407934935,-4.29190253230215,0.621790118385646));
#2511=CARTESIAN_POINT('',(-42.6748191562577,-4.57522205483172,0.871376746203748));
#2512=CARTESIAN_POINT('',(-42.7920995083371,-4.82694283679617,1.15628026740052));
#2513=CARTESIAN_POINT('',(-42.9065888746275,-5.04103700625127,1.47028194245584));
#2514=CARTESIAN_POINT('',(-43.0136561025618,-5.20972845946537,1.7995985820283));
#2515=CARTESIAN_POINT('',(-43.106518823916,-5.3270175932718,2.11865071906961));
#2516=CARTESIAN_POINT('',(-43.1795989780644,-5.39652176119764,2.39747652046448));
#2517=CARTESIAN_POINT('',(-43.2320774499611,-5.43129860822888,2.61814058785869));
#2518=CARTESIAN_POINT('',(-43.2739692863552,-5.44837997564848,2.81148272203676));
#2519=CARTESIAN_POINT('',(-43.297114363581,-5.45072285321104,2.93227289561423));
#2520=CARTESIAN_POINT('',(-43.3085354311813,-5.44897520685399,3.));
#2521=CARTESIAN_POINT('',(-42.,-2.4710814855958,-2.0938480816339E-16));
#2522=CARTESIAN_POINT('',(-42.073613118512,-2.7445406050196,-0.0001627544641221));
#2523=CARTESIAN_POINT('',(-42.1969528937568,-3.14202813265343,0.0593447701827847));
#2524=CARTESIAN_POINT('',(-42.3758025710793,-3.63256974534868,0.242140079252778));
#2525=CARTESIAN_POINT('',(-42.5059423769179,-3.9584908559631,0.411822439069414));
#2526=CARTESIAN_POINT('',(-42.6392135910956,-4.26349110755641,0.621099825446225));
#2527=CARTESIAN_POINT('',(-42.7748478878115,-4.54559249106772,0.87045013959915));
#2528=CARTESIAN_POINT('',(-42.9092705865539,-4.79709607130186,1.15511784935982));
#2529=CARTESIAN_POINT('',(-43.0389518060749,-5.0117539155735,1.46891383755058));
#2530=CARTESIAN_POINT('',(-43.1580984259505,-5.18145483209738,1.79810090005819));
#2531=CARTESIAN_POINT('',(-43.2588403793788,-5.29970773779969,2.11715716039546));
#2532=CARTESIAN_POINT('',(-43.3354752179595,-5.36965798392007,2.3961529387359));
#2533=CARTESIAN_POINT('',(-43.3882991060299,-5.40423436026275,2.61711925707881));
#2534=CARTESIAN_POINT('',(-43.4286246576017,-5.42057544786794,2.81088058414723));
#2535=CARTESIAN_POINT('',(-43.4495931289562,-5.42205312129857,2.93203805886139));
#2536=CARTESIAN_POINT('',(-43.4594267036584,-5.41970276635974,3.));
#2537=CARTESIAN_POINT('',(-42.,-2.4710814855958,-1.99410717384476E-16));
#2538=CARTESIAN_POINT('',(-42.0837439142221,-2.73440676601101,-0.000162395092753203));
#2539=CARTESIAN_POINT('',(-42.225479295815,-3.12004537025579,0.0592532264988493));
#2540=CARTESIAN_POINT('',(-42.431351725381,-3.59990540093618,0.241798410545252));
#2541=CARTESIAN_POINT('',(-42.580932785156,-3.92023875598572,0.411262009333713));
#2542=CARTESIAN_POINT('',(-42.7335577495168,-4.22137107181411,0.620289302933317));
#2543=CARTESIAN_POINT('',(-42.8879572626048,-4.50116264458452,0.86937221260604));
#2544=CARTESIAN_POINT('',(-43.039627150323,-4.75175804383676,1.15378214132619));
#2545=CARTESIAN_POINT('',(-43.184121823735,-4.96663503497332,1.46736789607239));
#2546=CARTESIAN_POINT('',(-43.3145367085218,-5.13727089164585,1.79644725799465));
#2547=CARTESIAN_POINT('',(-43.4220519724435,-5.25657539862435,2.11555934453637));
#2548=CARTESIAN_POINT('',(-43.5010991607803,-5.3271302233495,2.39479113357171));
#2549=CARTESIAN_POINT('',(-43.5533407908686,-5.36170400105125,2.61611288550276));
#2550=CARTESIAN_POINT('',(-43.591394446559,-5.37759802643842,2.81031788808767));
#2551=CARTESIAN_POINT('',(-43.6098669564779,-5.37849932937957,2.93183409509743));
#2552=CARTESIAN_POINT('',(-43.6180629523654,-5.37580854920489,3.));
#2553=CARTESIAN_POINT('',(-42.,-2.4710814855958,-1.85529650319284E-16));
#2554=CARTESIAN_POINT('',(-42.0978432976977,-2.72030360508885,-0.000161949028657232));
#2555=CARTESIAN_POINT('',(-42.2628275288101,-3.08913314003059,0.0591495486768602));
#2556=CARTESIAN_POINT('',(-42.5004265378821,-3.5533133238761,0.241415828497796));
#2557=CARTESIAN_POINT('',(-42.6720669952156,-3.8651723438837,0.410637698363055));
#2558=CARTESIAN_POINT('',(-42.8460157421773,-4.16013246684587,0.619392028988853));
#2559=CARTESIAN_POINT('',(-43.0205182794746,-4.43586072044587,0.868188418243757));
#2560=CARTESIAN_POINT('',(-43.1901283159307,-4.68434091284326,1.15233044292332));
#2561=CARTESIAN_POINT('',(-43.3494991915783,-4.89873984261437,1.46571078471729));
#2562=CARTESIAN_POINT('',(-43.4906674212518,-5.07006658126023,1.79470725939351));
#2563=CARTESIAN_POINT('',(-43.6040295831671,-5.19053113864721,2.11391767957208));
#2564=CARTESIAN_POINT('',(-43.6844518814563,-5.26201323424542,2.39342989060488));
#2565=CARTESIAN_POINT('',(-43.7352505080563,-5.2970085114248,2.61513201609301));
#2566=CARTESIAN_POINT('',(-43.7703296217081,-5.31296939951006,2.80978316991006));
#2567=CARTESIAN_POINT('',(-43.7859510112512,-5.3137286724102,2.93163859609054));
#2568=CARTESIAN_POINT('',(-43.7922975419124,-5.31093919190063,3.));
#2569=CARTESIAN_POINT('',(-42.,-2.4710814855958,-1.67363003700727E-16));
#2570=CARTESIAN_POINT('',(-42.1162961437982,-2.70184675930694,-0.000161476721720721));
#2571=CARTESIAN_POINT('',(-42.3095409668095,-3.0481882669861,0.0590467232712127));
#2572=CARTESIAN_POINT('',(-42.5832472596992,-3.49061580048449,0.24104014076088));
#2573=CARTESIAN_POINT('',(-42.7791596613941,-3.79033721281414,0.410027389512983));
#2574=CARTESIAN_POINT('',(-42.975859514766,-4.0760486804455,0.618519619020503));
#2575=CARTESIAN_POINT('',(-43.1711609404542,-4.34521942182672,0.867045280955287));
#2576=CARTESIAN_POINT('',(-43.3587212829123,-4.58971603345808,1.15094087202376));
#2577=CARTESIAN_POINT('',(-43.5323771549196,-4.80240944103794,1.46414268497071));
#2578=CARTESIAN_POINT('',(-43.6832498440563,-4.97384638466714,1.79308520605795));
#2579=CARTESIAN_POINT('',(-43.8012101120858,-5.09548255255988,2.11241556647418));
#2580=CARTESIAN_POINT('',(-43.881880848928,-5.16832923941237,2.39220945460788));
#2581=CARTESIAN_POINT('',(-43.9304279374882,-5.20438205102696,2.61426865947013));
#2582=CARTESIAN_POINT('',(-43.9619419883748,-5.22117392265312,2.80932110932653));
#2583=CARTESIAN_POINT('',(-43.9744323634102,-5.22239094696605,2.93147150618012));
#2584=CARTESIAN_POINT('',(-43.9787984800374,-5.2198686766074,3.));
#2585=CARTESIAN_POINT('',(-42.,-2.4710814855958,-1.45151718960834E-16));
#2586=CARTESIAN_POINT('',(-42.1388581347162,-2.67928141926788,-0.000161081236958414));
#2587=CARTESIAN_POINT('',(-42.364658305074,-2.9973973336483,0.0589642384657317));
#2588=CARTESIAN_POINT('',(-42.6775270004766,-3.41140847875899,0.240741101605781));
#2589=CARTESIAN_POINT('',(-42.8988896343732,-3.69475142937267,0.409543300461889));
#2590=CARTESIAN_POINT('',(-43.118680178161,-3.96744688320769,0.617830533626166));
#2591=CARTESIAN_POINT('',(-43.3343839613081,-4.22680884584069,0.866147087435224));
#2592=CARTESIAN_POINT('',(-43.5388876170673,-4.46470132299103,1.14985629359196));
#2593=CARTESIAN_POINT('',(-43.7253819813305,-4.67379484629678,1.46292916918626));
#2594=CARTESIAN_POINT('',(-43.8843177956898,-4.84427483729547,1.7918435369898));
#2595=CARTESIAN_POINT('',(-44.0053726704891,-4.96686622209298,2.11128065073725));
#2596=CARTESIAN_POINT('',(-44.0852085416088,-5.04152932982997,2.39129982469294));
#2597=CARTESIAN_POINT('',(-44.1308921484437,-5.07942199342822,2.61363244169264));
#2598=CARTESIAN_POINT('',(-44.1585080028786,-5.09800987118331,2.80898410082444));
#2599=CARTESIAN_POINT('',(-44.1677881518574,-5.10044471423638,2.93134964263946));
#2600=CARTESIAN_POINT('',(-44.1701546301301,-5.09864548715202,3.));
#2601=CARTESIAN_POINT('',(-42.,-2.4710814855958,-1.20516232609529E-16));
#2602=CARTESIAN_POINT('',(-42.1638835906317,-2.65425419254726,-0.000160872129407175));
#2603=CARTESIAN_POINT('',(-42.4241088833283,-2.9401042490958,0.0589215934383517));
#2604=CARTESIAN_POINT('',(-42.7762262429515,-3.32021899587078,0.240587209129185));
#2605=CARTESIAN_POINT('',(-43.022274220342,-3.58339112617832,0.409294696154425));
#2606=CARTESIAN_POINT('',(-43.263728373497,-3.8394303894267,0.617477529795082));
#2607=CARTESIAN_POINT('',(-43.4978873285904,-4.08559262576672,0.86568837773435));
#2608=CARTESIAN_POINT('',(-43.7170700197084,-4.31392036301059,1.14930453748601));
#2609=CARTESIAN_POINT('',(-43.9140629328686,-4.51706375254046,1.46231484404164));
#2610=CARTESIAN_POINT('',(-44.0789591678309,-4.68505283756448,1.79121882629849));
#2611=CARTESIAN_POINT('',(-44.2015841213903,-4.808015674243,2.11071378047845));
#2612=CARTESIAN_POINT('',(-44.2797951927417,-4.8847316054424,2.39084880430328));
#2613=CARTESIAN_POINT('',(-44.32240962718,-4.9251498912415,2.61331888971207));
#2614=CARTESIAN_POINT('',(-44.3462439714643,-4.94645850161208,2.8088189205409));
#2615=CARTESIAN_POINT('',(-44.3525593599,-4.95086744132637,2.9312900468387));
#2616=CARTESIAN_POINT('',(-44.3531055483275,-4.95025562730508,3.));
#2617=CARTESIAN_POINT('',(-42.,-2.4710814855958,-9.52965062311806E-17));
#2618=CARTESIAN_POINT('',(-42.1895035754502,-2.62863446714285,-0.000160902762610752));
#2619=CARTESIAN_POINT('',(-42.4836144236222,-2.88028734990209,0.0589278050620458));
#2620=CARTESIAN_POINT('',(-42.8725481394466,-3.22281359861161,0.240609596610655));
#2621=CARTESIAN_POINT('',(-43.1410286891214,-3.46290202755016,0.409330841204654));
#2622=CARTESIAN_POINT('',(-43.4015093370949,-3.6991928250279,0.617528819025731));
#2623=CARTESIAN_POINT('',(-43.651249044262,-3.92901696950808,0.865754969675752));
#2624=CARTESIAN_POINT('',(-43.8822268195281,-4.14481320874141,1.14938455357928));
#2625=CARTESIAN_POINT('',(-44.0870777732771,-4.33944445666587,1.46240381688246));
#2626=CARTESIAN_POINT('',(-44.2558469632779,-4.50306274935725,1.79130915553145));
#2627=CARTESIAN_POINT('',(-44.3787926143831,-4.62542765101449,2.11079559107587));
#2628=CARTESIAN_POINT('',(-44.4549947022108,-4.70409306222284,2.3909137733639));
#2629=CARTESIAN_POINT('',(-44.4947354258271,-4.74746468857926,2.61336398775765));
#2630=CARTESIAN_POINT('',(-44.5152935334513,-4.77220304074877,2.80884264666158));
#2631=CARTESIAN_POINT('',(-44.5191484733465,-4.77921529484025,2.93129860066731));
#2632=CARTESIAN_POINT('',(-44.518202103322,-4.78018722031012,3.));
#2633=CARTESIAN_POINT('',(-42.,-2.47108148559579,-7.16601895338677E-17));
#2634=CARTESIAN_POINT('',(-42.2135159779147,-2.60462423636599,-0.000161159208807974));
#2635=CARTESIAN_POINT('',(-42.5383424657242,-2.8228863610715,0.0589803079337605));
#2636=CARTESIAN_POINT('',(-42.9591995464814,-3.12685673570768,0.240799221699373));
#2637=CARTESIAN_POINT('',(-43.2465287478319,-3.34250125037146,0.409637285292922));
#2638=CARTESIAN_POINT('',(-43.5224320727651,-3.55716181071989,0.617964147180402));
#2639=CARTESIAN_POINT('',(-43.7842528020499,-3.7683876724401,0.866320969819361));
#2640=CARTESIAN_POINT('',(-44.0238438703574,-3.96922505257425,1.15006583695188));
#2641=CARTESIAN_POINT('',(-44.2339098545908,-4.1529930454842,1.46316302379993));
#2642=CARTESIAN_POINT('',(-44.4047050792223,-4.31027044884062,1.79208204307832));
#2643=CARTESIAN_POINT('',(-44.5271121685703,-4.43075146537968,2.11149781524181));
#2644=CARTESIAN_POINT('',(-44.6013395754374,-4.51084806565462,2.39147319818187));
#2645=CARTESIAN_POINT('',(-44.6387610566271,-4.55720532890348,2.61375331190254));
#2646=CARTESIAN_POINT('',(-44.6568713594592,-4.58570314948547,2.80904793844718));
#2647=CARTESIAN_POINT('',(-44.6589733714454,-4.59569619314358,2.93137271834056));
#2648=CARTESIAN_POINT('',(-44.6569757583656,-4.59850445529471,3.));
#2649=CARTESIAN_POINT('',(-42.,-2.4710814855958,-5.07404409847113E-17));
#2650=CARTESIAN_POINT('',(-42.2347693512973,-2.58337433796026,-0.000161569555431873));
#2651=CARTESIAN_POINT('',(-42.586028662542,-2.77061666180809,0.0590665823665824));
#2652=CARTESIAN_POINT('',(-43.0332731749862,-3.03681059865023,0.241112480476259));
#2653=CARTESIAN_POINT('',(-43.3357106209027,-3.22772964186107,0.410144745859852));
#2654=CARTESIAN_POINT('',(-43.6235207259034,-3.41979867714759,0.618687100571312));
#2655=CARTESIAN_POINT('',(-43.8942110351907,-3.61091292067528,0.867264285223001));
#2656=CARTESIAN_POINT('',(-44.1396660228404,-3.79490362536655,1.15120639299892));
#2657=CARTESIAN_POINT('',(-44.3528120111288,-3.96576232493488,1.46444130955267));
#2658=CARTESIAN_POINT('',(-44.5242846592406,-4.11478028465048,1.79339276733929));
#2659=CARTESIAN_POINT('',(-44.6456921208604,-4.23191299282325,2.11269888543556));
#2660=CARTESIAN_POINT('',(-44.7182325192423,-4.31261030395072,2.39243836544502));
#2661=CARTESIAN_POINT('',(-44.7540221833139,-4.36165844874802,2.61442981506091));
#2662=CARTESIAN_POINT('',(-44.7705857048986,-4.39392020768314,2.80940697132929));
#2663=CARTESIAN_POINT('',(-44.7716628410342,-4.40705192017086,2.93150249639824));
#2664=CARTESIAN_POINT('',(-44.7690580193072,-4.41182111412366,3.));
#2665=CARTESIAN_POINT('',(-42.,-2.47108148559579,-3.34490551880024E-17));
#2666=CARTESIAN_POINT('',(-42.2523370421093,-2.56581063307366,-0.000162040237975272));
#2667=CARTESIAN_POINT('',(-42.6249134290328,-2.72583812605066,0.0591700557406811));
#2668=CARTESIAN_POINT('',(-43.0926434014073,-2.95687532422265,0.241491141109037));
#2669=CARTESIAN_POINT('',(-43.406447924148,-3.12402208108058,0.410760330171259));
#2670=CARTESIAN_POINT('',(-43.7028540875534,-3.29368580905364,0.619567817514506));
#2671=CARTESIAN_POINT('',(-43.9795678627805,-3.4642026691945,0.868419571553268));
#2672=CARTESIAN_POINT('',(-44.2286021218817,-3.63030712855342,1.15261269699544));
#2673=CARTESIAN_POINT('',(-44.4431845463298,-3.78682220668592,1.46603117119919));
#2674=CARTESIAN_POINT('',(-44.6144167643353,-3.92598004848185,1.79504118944438));
#2675=CARTESIAN_POINT('',(-44.7346510122522,-4.03830902816026,2.11422982404208));
#2676=CARTESIAN_POINT('',(-44.8059170933062,-4.11856258055346,2.39368605950506));
#2677=CARTESIAN_POINT('',(-44.8407800604376,-4.1697152875544,2.6153149122231));
#2678=CARTESIAN_POINT('',(-44.8566675865832,-4.20542834416805,2.8098819569097));
#2679=CARTESIAN_POINT('',(-44.8574061497982,-4.22163069831336,2.93167470828372));
#2680=CARTESIAN_POINT('',(-44.8546074172458,-4.22835092131944,3.));
#2681=CARTESIAN_POINT('',(-42.,-2.4710814855958,-2.00282995287476E-17));
#2682=CARTESIAN_POINT('',(-42.2659725866593,-2.5521788620157,-0.000162485835091973));
#2683=CARTESIAN_POINT('',(-42.6547303660488,-2.68932962877596,0.0592752899827424));
#2684=CARTESIAN_POINT('',(-43.1374421086827,-2.88869505339913,0.241880315755944));
#2685=CARTESIAN_POINT('',(-43.4592879659905,-3.03366666060048,0.411396027437055));
#2686=CARTESIAN_POINT('',(-43.7614907826744,-3.18176280795506,0.620482548015658));
#2687=CARTESIAN_POINT('',(-44.0419509207055,-3.33182534935215,0.86962822597709));
#2688=CARTESIAN_POINT('',(-44.2928497740075,-3.47956035220676,1.15409778114568));
#2689=CARTESIAN_POINT('',(-44.5077316515428,-3.62072708762988,1.4677307436413));
#2690=CARTESIAN_POINT('',(-44.6781733859025,-3.74866640127049,1.79683181535028));
#2691=CARTESIAN_POINT('',(-44.7972303097574,-3.85475671489944,2.1159264094937));
#2692=CARTESIAN_POINT('',(-44.8676227011139,-3.93336990826669,2.39509949089113));
#2693=CARTESIAN_POINT('',(-44.9021629333118,-3.98583243367424,2.61633749920165));
#2694=CARTESIAN_POINT('',(-44.9181137904116,-4.02446840373871,2.81044159073162));
#2695=CARTESIAN_POINT('',(-44.9191068895058,-4.04353786963345,2.93187852486899));
#2696=CARTESIAN_POINT('',(-44.9164685013101,-4.05211899810192,3.));
#2697=CARTESIAN_POINT('',(-42.,-2.47108148559579,-1.06611961845639E-17));
#2698=CARTESIAN_POINT('',(-42.2754897420795,-2.54266461315347,-0.000162829059298834));
#2699=CARTESIAN_POINT('',(-42.6753240307686,-2.66200489939766,0.059365316025576));
#2700=CARTESIAN_POINT('',(-43.1679347039619,-2.83465683942123,0.242217387173815));
#2701=CARTESIAN_POINT('',(-43.4949138471986,-2.96023583481303,0.411949712496498));
#2702=CARTESIAN_POINT('',(-43.800618640634,-3.08888188325344,0.621284724164484));
#2703=CARTESIAN_POINT('',(-44.0831057559291,-3.21995474153079,0.870697467497821));
#2704=CARTESIAN_POINT('',(-44.3347120383757,-3.35011172826758,1.15542666720995));
#2705=CARTESIAN_POINT('',(-44.5492500874679,-3.47605430070078,1.4692749602143));
#2706=CARTESIAN_POINT('',(-44.7187003291219,-3.59227458693205,1.7984926351371));
#2707=CARTESIAN_POINT('',(-44.8367047162213,-3.69116166718035,2.11754292003722));
#2708=CARTESIAN_POINT('',(-44.9065347764183,-3.76702264117197,2.39648922480567));
#2709=CARTESIAN_POINT('',(-44.9411498277483,-3.81985054504906,2.61737422845725));
#2710=CARTESIAN_POINT('',(-44.9576569123754,-3.86063611635322,2.8110274718474));
#2711=CARTESIAN_POINT('',(-44.9593232233432,-3.88217081282406,2.93209500563477));
#2712=CARTESIAN_POINT('',(-44.9571053038117,-3.89240933387142,3.));
#2713=CARTESIAN_POINT('',(-42.,-2.47108148559579,-4.6192866838693E-18));
#2714=CARTESIAN_POINT('',(-42.2816284566659,-2.53652779735899,-0.000163053280306867));
#2715=CARTESIAN_POINT('',(-42.688489110607,-2.64243371303549,0.0594332467109932));
#2716=CARTESIAN_POINT('',(-43.1871751961332,-2.79299760028554,0.242475112405378));
#2717=CARTESIAN_POINT('',(-43.5171960562568,-2.90194291315197,0.412375609485083));
#2718=CARTESIAN_POINT('',(-43.8248487789227,-3.01341191428881,0.621906333015503));
#2719=CARTESIAN_POINT('',(-44.1082988267334,-3.12726927854105,0.871534001278534));
#2720=CARTESIAN_POINT('',(-44.3599998885116,-3.24106666889536,1.15647967220761));
#2721=CARTESIAN_POINT('',(-44.5739587430455,-3.35240402008956,1.4705200888567));
#2722=CARTESIAN_POINT('',(-44.7424524121284,-3.45689097440011,1.79986477510926));
#2723=CARTESIAN_POINT('',(-44.8595634405336,-3.54798415240464,2.11892355524164));
#2724=CARTESIAN_POINT('',(-44.9289874557549,-3.62015945289964,2.39772742209932));
#2725=CARTESIAN_POINT('',(-44.9638215903751,-3.67242396408595,2.61833988805792));
#2726=CARTESIAN_POINT('',(-44.9810753751458,-3.71451567042169,2.81160429346161));
#2727=CARTESIAN_POINT('',(-44.9836562287033,-3.73809079763231,2.93231187431096));
#2728=CARTESIAN_POINT('',(-44.9820162875425,-3.74976655656054,3.));
#2729=CARTESIAN_POINT('',(-42.,-2.47108148559579,-1.42536974069246E-18));
#2730=CARTESIAN_POINT('',(-42.2848735179792,-2.53328366485411,-0.000163162959706677));
#2731=CARTESIAN_POINT('',(-42.6953921531,-2.62998923634033,0.059474238602483));
#2732=CARTESIAN_POINT('',(-43.1971385149765,-2.76365027779725,0.242632882530916));
#2733=CARTESIAN_POINT('',(-43.5286336590283,-2.85936839990038,0.412638036527372));
#2734=CARTESIAN_POINT('',(-43.837158648481,-2.95678392901653,0.622292472883647));
#2735=CARTESIAN_POINT('',(-44.1209378859118,-3.05621274356315,0.872059229943489));
#2736=CARTESIAN_POINT('',(-44.372491373149,-3.15597919952091,1.15715043912609));
#2737=CARTESIAN_POINT('',(-44.5859333863393,-3.25446325561989,1.47132949143835));
#2738=CARTESIAN_POINT('',(-44.7537090267332,-3.34825120577633,1.80078318539952));
#2739=CARTESIAN_POINT('',(-44.8701592586805,-3.4317749780993,2.11988780256609));
#2740=CARTESIAN_POINT('',(-44.9392550085303,-3.49980008160472,2.39864342767438));
#2741=CARTESIAN_POINT('',(-44.9742261376485,-3.55068019627474,2.61910677471172));
#2742=CARTESIAN_POINT('',(-44.9921110056052,-3.5931471324907,2.81210539551145));
#2743=CARTESIAN_POINT('',(-44.9955783154715,-3.61815301629542,2.93251843592321));
#2744=CARTESIAN_POINT('',(-44.9945972395341,-3.63102344269869,3.));
#2745=CARTESIAN_POINT('',(-42.,-2.47108148559579,-1.90874993965039E-19));
#2746=CARTESIAN_POINT('',(-42.2861277554541,-2.53202972698008,-0.000163198338419743));
#2747=CARTESIAN_POINT('',(-42.6980433823695,-2.62297599872376,0.0594917155323911));
#2748=CARTESIAN_POINT('',(-43.2009259083521,-2.7446279868211,0.242701052875294));
#2749=CARTESIAN_POINT('',(-43.5329489401307,-2.83059309307319,0.412752119814124));
#2750=CARTESIAN_POINT('',(-43.8417604301056,-2.91737933409559,0.622461628496528));
#2751=CARTESIAN_POINT('',(-44.1256069545911,-3.00567325135037,0.872291677446274));
#2752=CARTESIAN_POINT('',(-44.3770336590777,-3.09441443201688,1.15745154780459));
#2753=CARTESIAN_POINT('',(-44.5901951673664,-3.18260508534362,1.47170026050235));
#2754=CARTESIAN_POINT('',(-44.7575980407824,-3.26760468481974,1.80121729056421));
#2755=CARTESIAN_POINT('',(-44.8736885069759,-3.34463553057352,2.12036494351729));
#2756=CARTESIAN_POINT('',(-44.9425384739936,-3.4087122760802,2.39913274421046));
#2757=CARTESIAN_POINT('',(-44.9774916696205,-3.45778876551345,2.61955757256855));
#2758=CARTESIAN_POINT('',(-44.995593042028,-3.49972504278662,2.81246161170047));
#2759=CARTESIAN_POINT('',(-44.999698298154,-3.52550047937825,2.93268310616776));
#2760=CARTESIAN_POINT('',(-44.9992929467144,-3.53923285795309,3.));
#2761=CARTESIAN_POINT('',(-42.,-2.47108148559579,0.));
#2762=CARTESIAN_POINT('',(-42.2863216784965,-2.53183583978787,-0.000163202571829251));
#2763=CARTESIAN_POINT('',(-42.6984513183262,-2.62023266596208,0.0594946191941326));
#2764=CARTESIAN_POINT('',(-43.2015038864009,-2.73590898579426,0.242712505855391));
#2765=CARTESIAN_POINT('',(-43.5336034042677,-2.81687768573294,0.4127713852296));
#2766=CARTESIAN_POINT('',(-43.8424528797625,-2.89811658650382,0.622490376882627));
#2767=CARTESIAN_POINT('',(-44.1263020580688,-2.98051895377428,0.87233154012558));
#2768=CARTESIAN_POINT('',(-44.3776999116839,-3.06336035933663,1.157503785624));
#2769=CARTESIAN_POINT('',(-44.5908058416299,-3.14598216790468,1.47176590176071));
#2770=CARTESIAN_POINT('',(-44.7581376288111,-3.22616928200448,1.80129583454528));
#2771=CARTESIAN_POINT('',(-44.8741458205613,-3.299559602623,2.12045695963884));
#2772=CARTESIAN_POINT('',(-44.9429425286936,-3.36134580536873,2.3992306148952));
#2773=CARTESIAN_POINT('',(-44.97782694028,-3.40916986059564,2.61966709578413));
#2774=CARTESIAN_POINT('',(-44.9959578837948,-3.45053678692237,2.81255765256953));
#2775=CARTESIAN_POINT('',(-45.0000002977573,-3.47611464410134,2.93279263237761));
#2776=CARTESIAN_POINT('',(-45.,-3.49037648866318,3.));
#2777=CARTESIAN_POINT('',(-42.,-2.47108148559579,0.));
#2778=CARTESIAN_POINT('',(-42.2863216784965,-2.53183583978787,-0.000163202571829251));
#2779=CARTESIAN_POINT('',(-42.6984513183262,-2.61930978963176,0.0594946191941326));
#2780=CARTESIAN_POINT('',(-43.2015038864009,-2.73269534344812,0.242712505855391));
#2781=CARTESIAN_POINT('',(-43.5336034042677,-2.81172419293441,0.4127713852296));
#2782=CARTESIAN_POINT('',(-43.8424528797625,-2.89079265925928,0.622490376882627));
#2783=CARTESIAN_POINT('',(-44.1263020580688,-2.97087745080445,0.87233154012558));
#2784=CARTESIAN_POINT('',(-44.3776999116839,-3.05138838879941,1.157503785624));
#2785=CARTESIAN_POINT('',(-44.5908058416299,-3.13180322661811,1.47176590176071));
#2786=CARTESIAN_POINT('',(-44.7581376288111,-3.2100760855129,1.80129583454528));
#2787=CARTESIAN_POINT('',(-44.8741458205613,-3.2820166528219,2.12045695963884));
#2788=CARTESIAN_POINT('',(-44.9429425286936,-3.34287806565829,2.3992306148952));
#2789=CARTESIAN_POINT('',(-44.97782694028,-3.39020635017342,2.61966709578413));
#2790=CARTESIAN_POINT('',(-44.9959578837948,-3.43130497452445,2.81255765256953));
#2791=CARTESIAN_POINT('',(-45.0000002977573,-3.45681964103396,2.93279263237761));
#2792=CARTESIAN_POINT('',(-45.,-3.4710814855958,3.));
#2793=FACE_BOUND('',#2794,.T.);
#2794=EDGE_LOOP('',(#4015,#4016,#4017,#4018));
#2795=PLANE('',#2796);
#2796=AXIS2_PLACEMENT_3D('',#2797,#2798,#2799);
#2797=CARTESIAN_POINT('',(-45.,34.5289185144042,0.));
#2798=DIRECTION('',(-1.,1.77635683940025E-16,0.));
#2799=DIRECTION('',(-1.77635683940025E-16,-1.,0.));
#2800=FACE_BOUND('',#2801,.T.);
#2801=EDGE_LOOP('',(#4019,#4020,#4021,#4022));
#2802=CYLINDRICAL_SURFACE('',#2803,30.);
#2803=AXIS2_PLACEMENT_3D('',#2804,#2805,#2806);
#2804=CARTESIAN_POINT('',(-15.,21.5319581404142,-70.));
#2805=DIRECTION('',(0.,0.,-1.));
#2806=DIRECTION('',(-1.,3.5527136788005E-16,0.));
#2807=FACE_BOUND('',#2808,.T.);
#2808=EDGE_LOOP('',(#4023,#4024,#4025,#4026));
#2809=PLANE('',#2810);
#2810=AXIS2_PLACEMENT_3D('',#2811,#2812,#2813);
#2811=CARTESIAN_POINT('',(-13.,64.5289185144042,0.));
#2812=DIRECTION('',(-0.68394112888133,0.729537204140085,0.));
#2813=DIRECTION('',(-0.729537204140085,-0.68394112888133,0.));
#2814=FACE_BOUND('',#2815,.T.);
#2815=EDGE_LOOP('',(#4027,#4028,#4029,#4030));
#2816=CYLINDRICAL_SURFACE('',#2817,30.);
#2817=AXIS2_PLACEMENT_3D('',#2818,#2819,#2820);
#2818=CARTESIAN_POINT('',(-43.2372230634368,77.3034822664221,-70.));
#2819=DIRECTION('',(0.,0.,1.));
#2820=DIRECTION('',(0.68394112888133,-0.729537204140085,0.));
#2821=FACE_BOUND('',#2822,.T.);
#2822=EDGE_LOOP('',(#4031,#4032,#4033,#4034));
#2823=PLANE('',#2824);
#2824=AXIS2_PLACEMENT_3D('',#2825,#2826,#2827);
#2825=CARTESIAN_POINT('',(-15.,174.528918514404,0.));
#2826=DIRECTION('',(-0.999834751713323,-0.0181788136675148,0.));
#2827=DIRECTION('',(0.0181788136675148,-0.999834751713323,0.));
#2828=FACE_BOUND('',#2829,.T.);
#2829=EDGE_LOOP('',(#4035,#4036,#4037,#4038));
#2830=CYLINDRICAL_SURFACE('',#2831,15.);
#2831=AXIS2_PLACEMENT_3D('',#2832,#2833,#2834);
#2832=CARTESIAN_POINT('',(0.275022858726371,159.539013652368,-60.));
#2833=DIRECTION('',(0.,0.,-1.));
#2834=DIRECTION('',(-0.999834751712618,-0.0181788137062576,0.));
#2835=FACE_BOUND('',#2836,.T.);
#2836=EDGE_LOOP('',(#4039,#4040,#4041,#4042));
#2837=CYLINDRICAL_SURFACE('',#2838,15.);
#2838=AXIS2_PLACEMENT_3D('',#2839,#2840,#2841);
#2839=CARTESIAN_POINT('',(-0.275206406700051,159.528918514404,-60.));
#2840=DIRECTION('',(0.,0.,-1.));
#2841=DIRECTION('',(-1.77635683940025E-16,1.,0.));
#2842=FACE_BOUND('',#2843,.T.);
#2843=EDGE_LOOP('',(#4043,#4044,#4045,#4046));
#2844=PLANE('',#2845);
#2845=AXIS2_PLACEMENT_3D('',#2846,#2847,#2848);
#2846=CARTESIAN_POINT('',(13.,64.5289185144042,0.));
#2847=DIRECTION('',(0.999834751713323,-0.0181788136675151,0.));
#2848=DIRECTION('',(0.0181788136675151,0.999834751713323,0.));
#2849=FACE_BOUND('',#2850,.T.);
#2850=EDGE_LOOP('',(#4047,#4048,#4049,#4050));
#2851=CYLINDRICAL_SURFACE('',#2852,30.);
#2852=AXIS2_PLACEMENT_3D('',#2853,#2854,#2855);
#2853=CARTESIAN_POINT('',(43.2372230634369,77.3034822664221,-70.));
#2854=DIRECTION('',(0.,0.,1.));
#2855=DIRECTION('',(-0.999834751713323,0.0181788136675152,0.));
#2856=FACE_BOUND('',#2857,.T.);
#2857=EDGE_LOOP('',(#4051,#4052,#4053,#4054));
#2858=PLANE('',#2859);
#2859=AXIS2_PLACEMENT_3D('',#2860,#2861,#2862);
#2860=CARTESIAN_POINT('',(45.,34.5289185144042,0.));
#2861=DIRECTION('',(0.68394112888133,0.729537204140085,0.));
#2862=DIRECTION('',(-0.729537204140085,0.68394112888133,0.));
#2863=FACE_BOUND('',#2864,.T.);
#2864=EDGE_LOOP('',(#4055,#4056,#4057,#4058));
#2865=CYLINDRICAL_SURFACE('',#2866,30.);
#2866=AXIS2_PLACEMENT_3D('',#2867,#2868,#2869);
#2867=CARTESIAN_POINT('',(15.,21.5319581404142,-70.));
#2868=DIRECTION('',(0.,0.,-1.));
#2869=DIRECTION('',(0.68394112888133,0.729537204140085,0.));
#2870=FACE_BOUND('',#2871,.T.);
#2871=EDGE_LOOP('',(#4059,#4060,#4061,#4062));
#2872=PLANE('',#2873);
#2873=AXIS2_PLACEMENT_3D('',#2874,#2875,#2876);
#2874=CARTESIAN_POINT('',(45.,-5.47108148559581,0.));
#2875=DIRECTION('',(1.,-1.77635683940025E-16,0.));
#2876=DIRECTION('',(1.77635683940025E-16,1.,0.));
#2877=FACE_BOUND('',#2878,.T.);
#2878=EDGE_LOOP('',(#4063,#4064,#4065,#4066));
#2879=PLANE('',#2880);
#2880=AXIS2_PLACEMENT_3D('',#2881,#2882,#2883);
#2881=CARTESIAN_POINT('',(3.99999999999997,167.5,10.));
#2882=DIRECTION('',(1.,1.1842378929335E-16,0.));
#2883=DIRECTION('',(1.1842378929335E-16,-1.,0.));
#2884=FACE_BOUND('',#2885,.T.);
#2885=EDGE_LOOP('',(#4067,#4068,#4069,#4070));
#2886=CYLINDRICAL_SURFACE('',#2887,4.);
#2887=AXIS2_PLACEMENT_3D('',#2888,#2889,#2890);
#2888=CARTESIAN_POINT('',(-2.97539770599542E-14,163.5,26.));
#2889=DIRECTION('',(0.,0.,1.));
#2890=DIRECTION('',(1.,0.,0.));
#2891=FACE_BOUND('',#2892,.T.);
#2892=EDGE_LOOP('',(#4071,#4072,#4073,#4074));
#2893=PLANE('',#2894);
#2894=AXIS2_PLACEMENT_3D('',#2895,#2896,#2897);
#2895=CARTESIAN_POINT('',(-4.00000000000003,152.5,10.));
#2896=DIRECTION('',(-1.,-1.1842378929335E-16,0.));
#2897=DIRECTION('',(-1.1842378929335E-16,1.,0.));
#2898=FACE_BOUND('',#2899,.T.);
#2899=EDGE_LOOP('',(#4075,#4076,#4077,#4078));
#2900=CYLINDRICAL_SURFACE('',#2901,4.);
#2901=AXIS2_PLACEMENT_3D('',#2902,#2903,#2904);
#2902=CARTESIAN_POINT('',(-3.01980662698043E-14,156.5,26.));
#2903=DIRECTION('',(0.,0.,1.));
#2904=DIRECTION('',(-1.,0.,0.));
#2905=FACE_BOUND('',#2906,.T.);
#2906=EDGE_LOOP('',(#4079,#4080,#4081));
#2907=B_SPLINE_SURFACE_WITH_KNOTS('',3,3,(
(#2908,#2909,#2910,#2911,#2912,#2913,#2914,#2915,#2916,#2917,#2918,#2919,#2920,#2921,
#2922,#2923),
(#2924,#2925,#2926,#2927,#2928,#2929,#2930,#2931,#2932,#2933,#2934,#2935,#2936,#2937,
#2938,#2939),
(#2940,#2941,#2942,#2943,#2944,#2945,#2946,#2947,#2948,#2949,#2950,#2951,#2952,#2953,
#2954,#2955),
(#2956,#2957,#2958,#2959,#2960,#2961,#2962,#2963,#2964,#2965,#2966,#2967,#2968,#2969,
#2970,#2971),
(#2972,#2973,#2974,#2975,#2976,#2977,#2978,#2979,#2980,#2981,#2982,#2983,#2984,#2985,
#2986,#2987),
(#2988,#2989,#2990,#2991,#2992,#2993,#2994,#2995,#2996,#2997,#2998,#2999,#3000,#3001,
#3002,#3003),
(#3004,#3005,#3006,#3007,#3008,#3009,#3010,#3011,#3012,#3013,#3014,#3015,#3016,#3017,
#3018,#3019),
(#3020,#3021,#3022,#3023,#3024,#3025,#3026,#3027,#3028,#3029,#3030,#3031,#3032,#3033,
#3034,#3035),
(#3036,#3037,#3038,#3039,#3040,#3041,#3042,#3043,#3044,#3045,#3046,#3047,#3048,#3049,
#3050,#3051),
(#3052,#3053,#3054,#3055,#3056,#3057,#3058,#3059,#3060,#3061,#3062,#3063,#3064,#3065,
#3066,#3067),
(#3068,#3069,#3070,#3071,#3072,#3073,#3074,#3075,#3076,#3077,#3078,#3079,#3080,#3081,
#3082,#3083),
(#3084,#3085,#3086,#3087,#3088,#3089,#3090,#3091,#3092,#3093,#3094,#3095,#3096,#3097,
#3098,#3099),
(#3100,#3101,#3102,#3103,#3104,#3105,#3106,#3107,#3108,#3109,#3110,#3111,#3112,#3113,
#3114,#3115),
(#3116,#3117,#3118,#3119,#3120,#3121,#3122,#3123,#3124,#3125,#3126,#3127,#3128,#3129,
#3130,#3131),
(#3132,#3133,#3134,#3135,#3136,#3137,#3138,#3139,#3140,#3141,#3142,#3143,#3144,#3145,
#3146,#3147),
(#3148,#3149,#3150,#3151,#3152,#3153,#3154,#3155,#3156,#3157,#3158,#3159,#3160,#3161,
#3162,#3163),
(#3164,#3165,#3166,#3167,#3168,#3169,#3170,#3171,#3172,#3173,#3174,#3175,#3176,#3177,
#3178,#3179),
(#3180,#3181,#3182,#3183,#3184,#3185,#3186,#3187,#3188,#3189,#3190,#3191,#3192,#3193,
#3194,#3195),
(#3196,#3197,#3198,#3199,#3200,#3201,#3202,#3203,#3204,#3205,#3206,#3207,#3208,#3209,
#3210,#3211),
(#3212,#3213,#3214,#3215,#3216,#3217,#3218,#3219,#3220,#3221,#3222,#3223,#3224,#3225,
#3226,#3227),
(#3228,#3229,#3230,#3231,#3232,#3233,#3234,#3235,#3236,#3237,#3238,#3239,#3240,#3241,
#3242,#3243)),
.UNSPECIFIED.,.F.,.F.,.F.,
(4,1,1,1,1,1,1,1,1,1,1,1,1,1,1,1,1,1,4),
(4,1,1,1,1,1,1,1,1,1,1,1,1,4),
(0.,0.051565404759183,0.0985135982717054,0.145461791784228,0.198242575156553,0.255557146173626,
0.322821177103453,0.396160571628172,0.471511234363683,0.547375063965226,0.622099909746366,
0.689450929349288,0.755015955193114,0.815155194364562,0.867608002690623,0.91225339942838,
0.953345603399699,0.981574629308079,1.),
(0.,0.182263062575349,0.262421849530462,0.340156661447363,0.41934961103249,0.499627248503228,
0.580411036080821,0.660882425015891,0.74087176195727,0.815229612761894,0.876704126939464,
0.923456000470471,0.95721446631983,1.),
.UNSPECIFIED.);
#2908=CARTESIAN_POINT('',(42.,-2.47108148559582,10.));
#2909=CARTESIAN_POINT('',(42.0607543541918,-2.75740316409108,10.0001632025718));
#2910=CARTESIAN_POINT('',(42.1482283040353,-3.16953280391876,9.94050538080643));
#2911=CARTESIAN_POINT('',(42.261613857851,-3.6725853719912,9.75728749414691));
#2912=CARTESIAN_POINT('',(42.3406427073368,-4.00468488985598,9.58722861477473));
#2913=CARTESIAN_POINT('',(42.419711173661,-4.31353436534915,9.37750962312431));
#2914=CARTESIAN_POINT('',(42.4997959652055,-4.59738354365402,9.12766845988487));
#2915=CARTESIAN_POINT('',(42.5803069032,-4.84878139726914,8.84249621438949));
#2916=CARTESIAN_POINT('',(42.660721741018,-5.06188732721521,8.52823409825677));
#2917=CARTESIAN_POINT('',(42.7389945999117,-5.22921911439651,8.19870416547804));
#2918=CARTESIAN_POINT('',(42.8109351672196,-5.34522730614786,7.87954304039073));
#2919=CARTESIAN_POINT('',(42.8717965800573,-5.41402401428485,7.60076938512893));
#2920=CARTESIAN_POINT('',(42.9191248645766,-5.44890842587578,7.38033290422077));
#2921=CARTESIAN_POINT('',(42.9602234889301,-5.46703936939113,7.18744234742365));
#2922=CARTESIAN_POINT('',(42.9857381554399,-5.47108178335314,7.06720736761391));
#2923=CARTESIAN_POINT('',(43.,-5.47108148559582,7.));
#2924=CARTESIAN_POINT('',(42.,-2.47108148559582,10.));
#2925=CARTESIAN_POINT('',(42.0607543541918,-2.75740316409108,10.0001632025718));
#2926=CARTESIAN_POINT('',(42.1508110738647,-3.16953280391876,9.94050538080643));
#2927=CARTESIAN_POINT('',(42.2706075856359,-3.6725853719912,9.75728749414691));
#2928=CARTESIAN_POINT('',(42.3550653176894,-4.00468488985598,9.58722861477473));
#2929=CARTESIAN_POINT('',(42.4402079809776,-4.31353436534915,9.37750962312431));
#2930=CARTESIAN_POINT('',(42.5267787603667,-4.59738354365402,9.12766845988487));
#2931=CARTESIAN_POINT('',(42.6138117654287,-4.84878139726914,8.84249621438949));
#2932=CARTESIAN_POINT('',(42.7004030510312,-5.06188732721521,8.52823409825677));
#2933=CARTESIAN_POINT('',(42.7840331614078,-5.22921911439651,8.19870416547804));
#2934=CARTESIAN_POINT('',(42.8600310211014,-5.34522730614786,7.87954304039073));
#2935=CARTESIAN_POINT('',(42.9234805591277,-5.41402401428485,7.60076938512893));
#2936=CARTESIAN_POINT('',(42.9721963119294,-5.44890842587578,7.38033290422077));
#2937=CARTESIAN_POINT('',(43.0140458085561,-5.46703936939113,7.18744234742365));
#2938=CARTESIAN_POINT('',(43.0397373210302,-5.47108178335314,7.06720736761391));
#2939=CARTESIAN_POINT('',(43.0539991655903,-5.47108148559582,7.));
#2940=CARTESIAN_POINT('',(42.,-2.47108148559582,10.));
#2941=CARTESIAN_POINT('',(42.0619001063963,-2.75625718000388,10.0001631751897));
#2942=CARTESIAN_POINT('',(42.158147329726,-3.16712155732917,9.94052243861695));
#2943=CARTESIAN_POINT('',(42.291225327847,-3.66916703253597,9.75735459788534));
#2944=CARTESIAN_POINT('',(42.3865519236162,-4.00081216286333,9.58734134536682));
#2945=CARTESIAN_POINT('',(42.4836004235733,-4.30943368965038,9.37767757171675));
#2946=CARTESIAN_POINT('',(42.5826936139009,-4.59326170253524,9.12790073174319));
#2947=CARTESIAN_POINT('',(42.6821708594804,-4.84482237806487,8.84279966823015));
#2948=CARTESIAN_POINT('',(42.7804278672939,-5.05824077713305,8.52861258299956));
#2949=CARTESIAN_POINT('',(42.8740692155923,-5.22597701485295,8.19915478435637));
#2950=CARTESIAN_POINT('',(42.9575495898711,-5.34240013490641,7.88005431161119));
#2951=CARTESIAN_POINT('',(43.0256188270769,-5.41149343372614,7.60131040896929));
#2952=CARTESIAN_POINT('',(43.076632022194,-5.44651653774405,7.38087146268155));
#2953=CARTESIAN_POINT('',(43.1192405092454,-5.46445265548532,7.18789584723234));
#2954=CARTESIAN_POINT('',(43.1444285180801,-5.46801899163581,7.06751490213822));
#2955=CARTESIAN_POINT('',(43.1571623118519,-5.46690106475599,7.));
#2956=CARTESIAN_POINT('',(42.,-2.47108148559582,10.));
#2957=CARTESIAN_POINT('',(42.0664903907739,-2.75166554681,10.0001630159132));
#2958=CARTESIAN_POINT('',(42.1749537804436,-3.15734164580517,9.94057926196236));
#2959=CARTESIAN_POINT('',(42.3299532965026,-3.65502296590745,9.75757270489351));
#2960=CARTESIAN_POINT('',(42.4423038241065,-3.98455165165683,9.587703680318));
#2961=CARTESIAN_POINT('',(42.5573407934974,-4.29190253229092,9.37820988162135));
#2962=CARTESIAN_POINT('',(42.6748191562623,-4.57522205481897,9.12862325380678));
#2963=CARTESIAN_POINT('',(42.7920995083428,-4.82694283678344,8.84371973261306));
#2964=CARTESIAN_POINT('',(42.9065888746339,-5.04103700623869,8.52971805756176));
#2965=CARTESIAN_POINT('',(43.0136561025683,-5.20972845945285,8.20040141799512));
#2966=CARTESIAN_POINT('',(43.1065188239224,-5.32701759326056,7.88134928096011));
#2967=CARTESIAN_POINT('',(43.1795989780734,-5.39652176119125,7.6025234795598));
#2968=CARTESIAN_POINT('',(43.2320774499753,-5.43129860822709,7.38185941214634));
#2969=CARTESIAN_POINT('',(43.2739692863717,-5.44837997564695,7.18851727795645));
#2970=CARTESIAN_POINT('',(43.2971143635971,-5.45072285320879,7.06772710437726));
#2971=CARTESIAN_POINT('',(43.3085354311959,-5.44897520685188,7.));
#2972=CARTESIAN_POINT('',(42.,-2.47108148559582,10.));
#2973=CARTESIAN_POINT('',(42.0736131185126,-2.74454060501743,10.0001627544641));
#2974=CARTESIAN_POINT('',(42.1969528937587,-3.14202813264814,9.94065522981779));
#2975=CARTESIAN_POINT('',(42.3758025710829,-3.63256974534022,9.75785992074956));
#2976=CARTESIAN_POINT('',(42.5059423769228,-3.95849085595207,9.58817756093497));
#2977=CARTESIAN_POINT('',(42.6392135911014,-4.26349110754335,9.37890017456079));
#2978=CARTESIAN_POINT('',(42.7748478878183,-4.54559249105298,9.1295498604114));
#2979=CARTESIAN_POINT('',(42.909270586562,-4.79709607128705,8.8448821506538));
#2980=CARTESIAN_POINT('',(43.0389518060839,-5.01175391555877,8.53108616246705));
#2981=CARTESIAN_POINT('',(43.1580984259596,-5.1814548320827,8.20189909996531));
#2982=CARTESIAN_POINT('',(43.2588403793879,-5.29970773778633,7.8828428396343));
#2983=CARTESIAN_POINT('',(43.3354752179716,-5.36965798391162,7.60384706128844));
#2984=CARTESIAN_POINT('',(43.3882991060474,-5.40423436025899,7.38288074292625));
#2985=CARTESIAN_POINT('',(43.428624657621,-5.42057544786436,7.18911941584598));
#2986=CARTESIAN_POINT('',(43.4495931289754,-5.42205312129425,7.06796194113005));
#2987=CARTESIAN_POINT('',(43.4594267036761,-5.41970276635565,7.));
#2988=CARTESIAN_POINT('',(42.,-2.47108148559581,10.));
#2989=CARTESIAN_POINT('',(42.0837439142231,-2.73440676600856,10.0001623950927));
#2990=CARTESIAN_POINT('',(42.2254792958173,-3.12004537024987,9.94074677350173));
#2991=CARTESIAN_POINT('',(42.4313517253854,-3.59990540092668,9.75820158945707));
#2992=CARTESIAN_POINT('',(42.5809327851614,-3.92023875597341,9.58873799067068));
#2993=CARTESIAN_POINT('',(42.7335577495231,-4.22137107179958,9.37971069707369));
#2994=CARTESIAN_POINT('',(42.887957262612,-4.50116264456813,9.1306277874045));
#2995=CARTESIAN_POINT('',(43.0396271503312,-4.75175804382013,8.84621785868742));
#2996=CARTESIAN_POINT('',(43.184121823744,-4.96663503495666,8.53263210394524));
#2997=CARTESIAN_POINT('',(43.3145367085308,-5.13727089162919,8.20355274202882));
#2998=CARTESIAN_POINT('',(43.4220519724527,-5.25657539860897,7.88444065549339));
#2999=CARTESIAN_POINT('',(43.5010991607928,-5.32713022333917,7.60520886645265));
#3000=CARTESIAN_POINT('',(43.5533407908865,-5.36170400104566,7.38388711450229));
#3001=CARTESIAN_POINT('',(43.5913944465783,-5.37759802643304,7.18968211190552));
#3002=CARTESIAN_POINT('',(43.6098669564969,-5.37849932937344,7.06816590489398));
#3003=CARTESIAN_POINT('',(43.6180629523832,-5.37580854919908,7.));
#3004=CARTESIAN_POINT('',(42.,-2.47108148559582,10.));
#3005=CARTESIAN_POINT('',(42.0978432976984,-2.7203036050864,10.0001619490287));
#3006=CARTESIAN_POINT('',(42.2628275288124,-3.08913314002464,9.94085045132373));
#3007=CARTESIAN_POINT('',(42.5004265378857,-3.55331332386645,9.75858417150452));
#3008=CARTESIAN_POINT('',(42.6720669952199,-3.86517234387116,9.58936230164131));
#3009=CARTESIAN_POINT('',(42.846015742182,-4.16013246683097,9.38060797101814));
#3010=CARTESIAN_POINT('',(43.0205182794795,-4.43586072042898,9.13181158176676));
#3011=CARTESIAN_POINT('',(43.1901283159365,-4.68434091282597,8.84766955709025));
#3012=CARTESIAN_POINT('',(43.3494991915845,-4.89873984259692,8.53428921530029));
#3013=CARTESIAN_POINT('',(43.4906674212578,-5.07006658124266,8.20529274062993));
#3014=CARTESIAN_POINT('',(43.6040295831731,-5.19053113863087,7.88608232045767));
#3015=CARTESIAN_POINT('',(43.684451881466,-5.26201323423416,7.60657010941948));
#3016=CARTESIAN_POINT('',(43.7352505080713,-5.29700851141842,7.38486798391204));
#3017=CARTESIAN_POINT('',(43.7703296217246,-5.31296939950391,7.19021683008309));
#3018=CARTESIAN_POINT('',(43.7859510112671,-5.31372867240336,7.06836140390085));
#3019=CARTESIAN_POINT('',(43.7922975419274,-5.31093919189415,7.));
#3020=CARTESIAN_POINT('',(42.,-2.47108148559582,10.));
#3021=CARTESIAN_POINT('',(42.1162961437993,-2.70184675930428,10.0001614767217));
#3022=CARTESIAN_POINT('',(42.309540966812,-3.04818826697963,9.94095327672936));
#3023=CARTESIAN_POINT('',(42.5832472597033,-3.49061580047391,9.75895985924143));
#3024=CARTESIAN_POINT('',(42.7791596613987,-3.79033721280043,9.58997261049138));
#3025=CARTESIAN_POINT('',(42.9758595147711,-4.07604868042918,9.38148038098645));
#3026=CARTESIAN_POINT('',(43.1711609404593,-4.34521942180817,9.1329547190552));
#3027=CARTESIAN_POINT('',(43.3587212829183,-4.58971603343889,8.84905912798978));
#3028=CARTESIAN_POINT('',(43.5323771549259,-4.80240944101839,8.53585731504684));
#3029=CARTESIAN_POINT('',(43.6832498440625,-4.9738463846473,8.20691479396546));
#3030=CARTESIAN_POINT('',(43.8012101120922,-5.09548255254118,7.88758443355555));
#3031=CARTESIAN_POINT('',(43.8818808489383,-5.16832923939879,7.60779054541648));
#3032=CARTESIAN_POINT('',(43.9304279375039,-5.20438205101842,7.38573134053491));
#3033=CARTESIAN_POINT('',(43.9619419883914,-5.22117392264493,7.1906788906666));
#3034=CARTESIAN_POINT('',(43.9744323634264,-5.22239094695721,7.06852849381124));
#3035=CARTESIAN_POINT('',(43.9787984800527,-5.21986867659893,7.));
#3036=CARTESIAN_POINT('',(42.,-2.47108148559581,10.));
#3037=CARTESIAN_POINT('',(42.1388581347173,-2.67928141926535,10.000161081237));
#3038=CARTESIAN_POINT('',(42.364658305076,-2.99739733364208,9.94103576153483));
#3039=CARTESIAN_POINT('',(42.6775270004796,-3.41140847874864,9.75925889839652));
#3040=CARTESIAN_POINT('',(42.8988896343763,-3.69475142935913,9.59045669954243));
#3041=CARTESIAN_POINT('',(43.118680178164,-3.96744688319144,9.38216946638078));
#3042=CARTESIAN_POINT('',(43.3343839613108,-4.22680884582203,9.1338529125752));
#3043=CARTESIAN_POINT('',(43.5388876170705,-4.46470132297152,8.85014370642154));
#3044=CARTESIAN_POINT('',(43.7253819813339,-4.67379484627667,8.53707083083123));
#3045=CARTESIAN_POINT('',(43.8843177956928,-4.84427483727487,8.20815646303355));
#3046=CARTESIAN_POINT('',(44.0053726704925,-4.96686622207334,7.88871934929246));
#3047=CARTESIAN_POINT('',(44.0852085416165,-5.04152932981541,7.60870017533141));
#3048=CARTESIAN_POINT('',(44.1308921484566,-5.07942199341886,7.38636755831238));
#3049=CARTESIAN_POINT('',(44.1585080028923,-5.09800987117447,7.19101589916866));
#3050=CARTESIAN_POINT('',(44.1677881518704,-5.10044471422697,7.06865035735188));
#3051=CARTESIAN_POINT('',(44.1701546301427,-5.09864548714291,7.));
#3052=CARTESIAN_POINT('',(42.,-2.47108148559582,10.));
#3053=CARTESIAN_POINT('',(42.163883590633,-2.65425419254453,10.0001608721294));
#3054=CARTESIAN_POINT('',(42.4241088833306,-2.94010424908903,9.94107840656222));
#3055=CARTESIAN_POINT('',(42.776226242955,-3.32021899585938,9.75941279087309));
#3056=CARTESIAN_POINT('',(43.0222742203455,-3.58339112616341,9.5907053038499));
#3057=CARTESIAN_POINT('',(43.2637283735004,-3.83943038940872,9.38252247021181));
#3058=CARTESIAN_POINT('',(43.4978873285936,-4.08559262574598,9.13431162227607));
#3059=CARTESIAN_POINT('',(43.717070019712,-4.31392036298859,8.85069546252743));
#3060=CARTESIAN_POINT('',(43.9140629328724,-4.51706375251753,8.53768515597582));
#3061=CARTESIAN_POINT('',(44.0789591678345,-4.68505283754075,8.20878117372482));
#3062=CARTESIAN_POINT('',(44.2015841213945,-4.80801567421998,7.88928621955122));
#3063=CARTESIAN_POINT('',(44.2797951927503,-4.88473160542434,7.60915119572105));
#3064=CARTESIAN_POINT('',(44.3224096271938,-4.92514989122888,7.38668111029294));
#3065=CARTESIAN_POINT('',(44.3462439714786,-4.94645850160025,7.19118107945218));
#3066=CARTESIAN_POINT('',(44.3525593599134,-4.95086744131408,7.06870995315263));
#3067=CARTESIAN_POINT('',(44.3531055483407,-4.95025562729298,7.));
#3068=CARTESIAN_POINT('',(42.,-2.47108148559581,10.));
#3069=CARTESIAN_POINT('',(42.1895035754513,-2.62863446714016,10.0001609027626));
#3070=CARTESIAN_POINT('',(42.4836144236246,-2.88028734989533,9.94107219493851));
#3071=CARTESIAN_POINT('',(42.8725481394496,-3.22281359860004,9.75939040339162));
#3072=CARTESIAN_POINT('',(43.1410286891243,-3.46290202753494,9.59066915879964));
#3073=CARTESIAN_POINT('',(43.4015093370976,-3.69919282500942,9.38247118098115));
#3074=CARTESIAN_POINT('',(43.6512490442641,-3.92901696948662,9.13424503033461));
#3075=CARTESIAN_POINT('',(43.8822268195307,-4.14481320871836,8.85061544643412));
#3076=CARTESIAN_POINT('',(44.0870777732798,-4.33944445664155,8.53759618313495));
#3077=CARTESIAN_POINT('',(44.2558469632805,-4.50306274933185,8.20869084449182));
#3078=CARTESIAN_POINT('',(44.3787926143862,-4.62542765098945,7.88920440895375));
#3079=CARTESIAN_POINT('',(44.4549947022188,-4.70409306220254,7.6090862266604));
#3080=CARTESIAN_POINT('',(44.49473542584,-4.74746468856456,7.38663601224733));
#3081=CARTESIAN_POINT('',(44.5152935334645,-4.7722030407352,7.19115735333149));
#3082=CARTESIAN_POINT('',(44.5191484733589,-4.77921529482631,7.06870139932401));
#3083=CARTESIAN_POINT('',(44.5182021033344,-4.7801872202962,7.));
#3084=CARTESIAN_POINT('',(42.,-2.47108148559582,10.));
#3085=CARTESIAN_POINT('',(42.2135159779153,-2.60462423636361,10.0001611592088));
#3086=CARTESIAN_POINT('',(42.5383424657257,-2.82288636106541,9.9410196920668));
#3087=CARTESIAN_POINT('',(42.9591995464831,-3.1268567356969,9.75920077830288));
#3088=CARTESIAN_POINT('',(43.2465287478329,-3.3425012503571,9.59036271471135));
#3089=CARTESIAN_POINT('',(43.5224320727654,-3.55716181070221,9.38203585282645));
#3090=CARTESIAN_POINT('',(43.7842528020495,-3.7683876724193,9.13367903019096));
#3091=CARTESIAN_POINT('',(44.0238438703572,-3.96922505255157,8.84993416306148));
#3092=CARTESIAN_POINT('',(44.2339098545906,-4.15299304545993,8.53683697621742));
#3093=CARTESIAN_POINT('',(44.4047050792218,-4.31027044881491,8.20791795694488));
#3094=CARTESIAN_POINT('',(44.5271121685708,-4.4307514653539,7.88850218478775));
#3095=CARTESIAN_POINT('',(44.6013395754426,-4.51084806563324,7.60852680184235));
#3096=CARTESIAN_POINT('',(44.6387610566372,-4.55720532888781,7.38624668810241));
#3097=CARTESIAN_POINT('',(44.6568713594695,-4.58570314947121,7.19095206154588));
#3098=CARTESIAN_POINT('',(44.6589733714549,-4.59569619312908,7.06862728165077));
#3099=CARTESIAN_POINT('',(44.6569757583753,-4.59850445528001,6.99999999999999));
#3100=CARTESIAN_POINT('',(42.,-2.47108148559582,10.));
#3101=CARTESIAN_POINT('',(42.2347693512975,-2.58337433795857,10.0001615695554));
#3102=CARTESIAN_POINT('',(42.5860286625418,-2.77061666180354,9.94093341763397));
#3103=CARTESIAN_POINT('',(43.0332731749855,-3.03681059864189,9.758887519526));
#3104=CARTESIAN_POINT('',(43.3357106209008,-3.2277296418497,9.58985525414442));
#3105=CARTESIAN_POINT('',(43.6235207259004,-3.41979867713333,9.38131289943553));
#3106=CARTESIAN_POINT('',(43.8942110351865,-3.6109129206582,9.13273571478734));
#3107=CARTESIAN_POINT('',(44.1396660228362,-3.79490362534768,8.84879360701443));
#3108=CARTESIAN_POINT('',(44.3528120111246,-3.96576232491439,8.53555869046468));
#3109=CARTESIAN_POINT('',(44.5242846592363,-4.1147802846284,8.20660723268391));
#3110=CARTESIAN_POINT('',(44.6456921208569,-4.23191299280075,7.88730111459397));
#3111=CARTESIAN_POINT('',(44.7182325192438,-4.31261030393216,7.60756163457919));
#3112=CARTESIAN_POINT('',(44.7540221833202,-4.36165844873517,7.38557018494402));
#3113=CARTESIAN_POINT('',(44.7705857049051,-4.39392020767192,7.19059302866377));
#3114=CARTESIAN_POINT('',(44.7716628410399,-4.40705192015945,7.06849750359311));
#3115=CARTESIAN_POINT('',(44.7690580193132,-4.41182111411177,7.00000000000001));
#3116=CARTESIAN_POINT('',(42.,-2.47108148559582,10.));
#3117=CARTESIAN_POINT('',(42.2523370421088,-2.56581063307258,10.000162040238));
#3118=CARTESIAN_POINT('',(42.6249134290312,-2.72583812604766,9.94082994425986));
#3119=CARTESIAN_POINT('',(43.0926434014043,-2.95687532421692,9.75850885889324));
#3120=CARTESIAN_POINT('',(43.4064479241434,-3.12402208107256,9.58923966983302));
#3121=CARTESIAN_POINT('',(43.7028540875474,-3.29368580904338,9.38043218249238));
#3122=CARTESIAN_POINT('',(43.9795678627732,-3.46420266918198,9.13158042845708));
#3123=CARTESIAN_POINT('',(44.2286021218745,-3.63030712853945,8.84738730301796));
#3124=CARTESIAN_POINT('',(44.4431845463225,-3.78682220667054,8.53396882881817));
#3125=CARTESIAN_POINT('',(44.6144167643278,-3.92598004846493,8.20495881057885));
#3126=CARTESIAN_POINT('',(44.7346510122458,-4.0383090281427,7.88577017598745));
#3127=CARTESIAN_POINT('',(44.8059170933047,-4.11856258053937,7.60631394051912));
#3128=CARTESIAN_POINT('',(44.8407800604409,-4.16971528754593,7.38468508778181));
#3129=CARTESIAN_POINT('',(44.8566675865866,-4.20542834416143,7.19011804308339));
#3130=CARTESIAN_POINT('',(44.857406149801,-4.22163069830656,7.06832529170763));
#3131=CARTESIAN_POINT('',(44.8546074172489,-4.22835092131188,7.));
#3132=CARTESIAN_POINT('',(42.,-2.47108148559582,10.));
#3133=CARTESIAN_POINT('',(42.2659725866587,-2.55217886201487,10.0001624858351));
#3134=CARTESIAN_POINT('',(42.6547303660467,-2.68932962877353,9.94072471001784));
#3135=CARTESIAN_POINT('',(43.1374421086789,-2.88869505339434,9.75811968424633));
#3136=CARTESIAN_POINT('',(43.4592879659851,-3.03366666059365,9.58860397256726));
#3137=CARTESIAN_POINT('',(43.7614907826673,-3.18176280794618,9.37951745199121));
#3138=CARTESIAN_POINT('',(44.0419509206971,-3.33182534934117,9.1303717740333));
#3139=CARTESIAN_POINT('',(44.292849773999,-3.47956035219433,8.84590221886772));
#3140=CARTESIAN_POINT('',(44.5077316515343,-3.62072708761599,8.53226925637609));
#3141=CARTESIAN_POINT('',(44.6781733858939,-3.74866640125493,8.20316818467294));
#3142=CARTESIAN_POINT('',(44.79723030975,-3.85475671488292,7.88407359053582));
#3143=CARTESIAN_POINT('',(44.8676227011114,-3.93336990825314,7.60490050913301));
#3144=CARTESIAN_POINT('',(44.9021629333139,-3.98583243366617,7.38366250080326));
#3145=CARTESIAN_POINT('',(44.918113790414,-4.02446840373273,7.18955840926149));
#3146=CARTESIAN_POINT('',(44.9191068895076,-4.04353786962738,7.0681214751224));
#3147=CARTESIAN_POINT('',(44.9164685013122,-4.05211899809485,7.));
#3148=CARTESIAN_POINT('',(42.,-2.47108148559582,10.));
#3149=CARTESIAN_POINT('',(42.2754897420785,-2.54266461315292,10.0001628290593));
#3150=CARTESIAN_POINT('',(42.6753240307659,-2.66200489939599,9.94063468397499));
#3151=CARTESIAN_POINT('',(43.1679347039573,-2.83465683941778,9.75778261282847));
#3152=CARTESIAN_POINT('',(43.494913847192,-2.96023583480801,9.58805028750781));
#3153=CARTESIAN_POINT('',(43.8006186406258,-3.08888188324678,9.37871527584244));
#3154=CARTESIAN_POINT('',(44.0831057559194,-3.21995474152241,9.12930253251257));
#3155=CARTESIAN_POINT('',(44.3347120383662,-3.35011172825797,8.84457333280349));
#3156=CARTESIAN_POINT('',(44.5492500874583,-3.47605430068985,8.53072503980311));
#3157=CARTESIAN_POINT('',(44.7187003291122,-3.59227458691953,8.20150736488616));
#3158=CARTESIAN_POINT('',(44.8367047162127,-3.6911616671667,7.88245707999231));
#3159=CARTESIAN_POINT('',(44.9065347764146,-3.76702264116083,7.60351077521845));
#3160=CARTESIAN_POINT('',(44.9411498277493,-3.81985054504315,7.38262577154765));
#3161=CARTESIAN_POINT('',(44.9576569123767,-3.86063611634957,7.18897252814572));
#3162=CARTESIAN_POINT('',(44.9593232233439,-3.88217081282042,7.06790499435666));
#3163=CARTESIAN_POINT('',(44.9571053038127,-3.89240933386653,7.));
#3164=CARTESIAN_POINT('',(42.,-2.47108148559582,10.));
#3165=CARTESIAN_POINT('',(42.2816284566647,-2.53652779735869,10.0001630532803));
#3166=CARTESIAN_POINT('',(42.6884891106038,-2.6424337130346,9.94056675328956));
#3167=CARTESIAN_POINT('',(43.1871751961277,-2.7929976002837,9.75752488759692));
#3168=CARTESIAN_POINT('',(43.5171960562494,-2.90194291314918,9.58762439051925));
#3169=CARTESIAN_POINT('',(43.8248487789135,-3.01341191428501,9.37809366699142));
#3170=CARTESIAN_POINT('',(44.1082988267229,-3.12726927853615,9.12846599873192));
#3171=CARTESIAN_POINT('',(44.359999888501,-3.24106666888973,8.84352032780586));
#3172=CARTESIAN_POINT('',(44.573958743035,-3.35240402008304,8.52947991116077));
#3173=CARTESIAN_POINT('',(44.7424524121178,-3.45689097439229,8.20013522491404));
#3174=CARTESIAN_POINT('',(44.8595634405243,-3.54798415239575,7.88107644478792));
#3175=CARTESIAN_POINT('',(44.9289874557504,-3.62015945289291,7.60227257792483));
#3176=CARTESIAN_POINT('',(44.9638215903751,-3.67242396408417,7.38166011194698));
#3177=CARTESIAN_POINT('',(44.9810753751462,-3.71451567042229,7.18839570653156));
#3178=CARTESIAN_POINT('',(44.9836562287031,-3.73809079763297,7.06768812568049));
#3179=CARTESIAN_POINT('',(44.9820162875425,-3.74976655655971,7.));
#3180=CARTESIAN_POINT('',(42.,-2.47108148559582,10.));
#3181=CARTESIAN_POINT('',(42.2848735179778,-2.53328366485388,10.0001631629597));
#3182=CARTESIAN_POINT('',(42.6953921530965,-2.62998923633978,9.94052576139808));
#3183=CARTESIAN_POINT('',(43.1971385149709,-2.76365027779624,9.75736711747139));
#3184=CARTESIAN_POINT('',(43.5286336590206,-2.85936839989884,9.58736196347696));
#3185=CARTESIAN_POINT('',(43.8371586484716,-2.95678392901444,9.37770752712329));
#3186=CARTESIAN_POINT('',(44.1209378859009,-3.05621274356043,9.12794077006696));
#3187=CARTESIAN_POINT('',(44.3724913731381,-3.15597919951783,8.84284956088741));
#3188=CARTESIAN_POINT('',(44.5859333863286,-3.25446325561626,8.52867050857914));
#3189=CARTESIAN_POINT('',(44.7537090267225,-3.3482512057717,8.19921681462381));
#3190=CARTESIAN_POINT('',(44.870159258671,-3.4317749780937,7.8801121974635));
#3191=CARTESIAN_POINT('',(44.9392550085254,-3.499800081601,7.60135657234977));
#3192=CARTESIAN_POINT('',(44.9742261376484,-3.55068019627574,7.3808932252932));
#3193=CARTESIAN_POINT('',(44.9921110056054,-3.59314713249416,7.18789460448173));
#3194=CARTESIAN_POINT('',(44.9955783154711,-3.61815301629903,7.06748156406828));
#3195=CARTESIAN_POINT('',(44.9945972395338,-3.63102344270063,7.));
#3196=CARTESIAN_POINT('',(42.,-2.47108148559582,10.));
#3197=CARTESIAN_POINT('',(42.2861277554529,-2.53202972697983,10.0001631983384));
#3198=CARTESIAN_POINT('',(42.6980433823662,-2.62297599872322,9.94050828446819));
#3199=CARTESIAN_POINT('',(43.2009259083466,-2.74462798682021,9.757298947127));
#3200=CARTESIAN_POINT('',(43.5329489401232,-2.83059309307192,9.58724788019022));
#3201=CARTESIAN_POINT('',(43.8417604300964,-2.91737933409391,9.37753837151042));
#3202=CARTESIAN_POINT('',(44.1256069545806,-3.00567325134822,9.12770832256419));
#3203=CARTESIAN_POINT('',(44.3770336590671,-3.0944144320145,8.84254845220891));
#3204=CARTESIAN_POINT('',(44.590195167356,-3.18260508534079,8.52829973951514));
#3205=CARTESIAN_POINT('',(44.7575980407719,-3.26760468481603,8.19878270945912));
#3206=CARTESIAN_POINT('',(44.8736885069667,-3.34463553056885,7.8796350565123));
#3207=CARTESIAN_POINT('',(44.9425384739892,-3.40871227607719,7.60086725581369));
#3208=CARTESIAN_POINT('',(44.9774916696206,-3.45778876551493,7.38044242743636));
#3209=CARTESIAN_POINT('',(44.9955930420284,-3.49972504279056,7.18753838829271));
#3210=CARTESIAN_POINT('',(44.9996982981541,-3.52550047938258,7.06731689382377));
#3211=CARTESIAN_POINT('',(44.9992929467144,-3.53923285795557,7.));
#3212=CARTESIAN_POINT('',(42.,-2.47108148559582,10.));
#3213=CARTESIAN_POINT('',(42.2863216784952,-2.5318358397876,10.0001632025718));
#3214=CARTESIAN_POINT('',(42.698451318323,-2.62023266596146,9.94050538080643));
#3215=CARTESIAN_POINT('',(43.2015038863954,-2.73590898579317,9.75728749414691));
#3216=CARTESIAN_POINT('',(43.5336034042602,-2.81687768573136,9.58722861477473));
#3217=CARTESIAN_POINT('',(43.8424528797533,-2.89811658650173,9.37750962312431));
#3218=CARTESIAN_POINT('',(44.1263020580582,-2.98051895377161,9.12766845988487));
#3219=CARTESIAN_POINT('',(44.3776999116733,-3.06336035933358,8.84249621438949));
#3220=CARTESIAN_POINT('',(44.5908058416194,-3.14598216790106,8.52823409825677));
#3221=CARTESIAN_POINT('',(44.7581376288007,-3.22616928199986,8.19870416547804));
#3222=CARTESIAN_POINT('',(44.8741458205521,-3.29955960261732,7.87954304039073));
#3223=CARTESIAN_POINT('',(44.9429425286891,-3.36134580536451,7.60076938512893));
#3224=CARTESIAN_POINT('',(44.97782694028,-3.40916986059569,7.38033290422077));
#3225=CARTESIAN_POINT('',(44.9959578837953,-3.45053678692493,7.18744234742365));
#3226=CARTESIAN_POINT('',(45.0000002977573,-3.47611464410423,7.06720736761391));
#3227=CARTESIAN_POINT('',(45.,-3.49037648866428,7.));
#3228=CARTESIAN_POINT('',(42.,-2.47108148559582,10.));
#3229=CARTESIAN_POINT('',(42.2863216784952,-2.5318358397876,10.0001632025718));
#3230=CARTESIAN_POINT('',(42.698451318323,-2.61930978963109,9.94050538080643));
#3231=CARTESIAN_POINT('',(43.2015038863954,-2.73269534344688,9.75728749414691));
#3232=CARTESIAN_POINT('',(43.5336034042602,-2.81172419293259,9.58722861477473));
#3233=CARTESIAN_POINT('',(43.8424528797533,-2.89079265925684,9.37750962312431));
#3234=CARTESIAN_POINT('',(44.1263020580582,-2.97087745080133,9.12766845988487));
#3235=CARTESIAN_POINT('',(44.3776999116733,-3.05138838879579,8.84249621438949));
#3236=CARTESIAN_POINT('',(44.5908058416194,-3.13180322661381,8.52823409825677));
#3237=CARTESIAN_POINT('',(44.7581376288007,-3.2100760855075,8.19870416547804));
#3238=CARTESIAN_POINT('',(44.8741458205521,-3.28201665281536,7.87954304039073));
#3239=CARTESIAN_POINT('',(44.9429425286891,-3.34287806565309,7.60076938512893));
#3240=CARTESIAN_POINT('',(44.97782694028,-3.3902063501724,7.38033290422077));
#3241=CARTESIAN_POINT('',(44.9959578837953,-3.43130497452592,7.18744234742365));
#3242=CARTESIAN_POINT('',(45.0000002977573,-3.45681964103576,7.06720736761391));
#3243=CARTESIAN_POINT('',(45.,-3.47108148559582,7.));
#3244=FACE_BOUND('',#3245,.T.);
#3245=EDGE_LOOP('',(#4082,#4083,#4084));
#3246=B_SPLINE_SURFACE_WITH_KNOTS('',3,3,(
(#3247,#3248,#3249,#3250,#3251,#3252,#3253,#3254,#3255,#3256,#3257,#3258,#3259,#3260,
#3261,#3262),
(#3263,#3264,#3265,#3266,#3267,#3268,#3269,#3270,#3271,#3272,#3273,#3274,#3275,#3276,
#3277,#3278),
(#3279,#3280,#3281,#3282,#3283,#3284,#3285,#3286,#3287,#3288,#3289,#3290,#3291,#3292,
#3293,#3294),
(#3295,#3296,#3297,#3298,#3299,#3300,#3301,#3302,#3303,#3304,#3305,#3306,#3307,#3308,
#3309,#3310),
(#3311,#3312,#3313,#3314,#3315,#3316,#3317,#3318,#3319,#3320,#3321,#3322,#3323,#3324,
#3325,#3326),
(#3327,#3328,#3329,#3330,#3331,#3332,#3333,#3334,#3335,#3336,#3337,#3338,#3339,#3340,
#3341,#3342),
(#3343,#3344,#3345,#3346,#3347,#3348,#3349,#3350,#3351,#3352,#3353,#3354,#3355,#3356,
#3357,#3358),
(#3359,#3360,#3361,#3362,#3363,#3364,#3365,#3366,#3367,#3368,#3369,#3370,#3371,#3372,
#3373,#3374),
(#3375,#3376,#3377,#3378,#3379,#3380,#3381,#3382,#3383,#3384,#3385,#3386,#3387,#3388,
#3389,#3390),
(#3391,#3392,#3393,#3394,#3395,#3396,#3397,#3398,#3399,#3400,#3401,#3402,#3403,#3404,
#3405,#3406),
(#3407,#3408,#3409,#3410,#3411,#3412,#3413,#3414,#3415,#3416,#3417,#3418,#3419,#3420,
#3421,#3422),
(#3423,#3424,#3425,#3426,#3427,#3428,#3429,#3430,#3431,#3432,#3433,#3434,#3435,#3436,
#3437,#3438),
(#3439,#3440,#3441,#3442,#3443,#3444,#3445,#3446,#3447,#3448,#3449,#3450,#3451,#3452,
#3453,#3454),
(#3455,#3456,#3457,#3458,#3459,#3460,#3461,#3462,#3463,#3464,#3465,#3466,#3467,#3468,
#3469,#3470),
(#3471,#3472,#3473,#3474,#3475,#3476,#3477,#3478,#3479,#3480,#3481,#3482,#3483,#3484,
#3485,#3486),
(#3487,#3488,#3489,#3490,#3491,#3492,#3493,#3494,#3495,#3496,#3497,#3498,#3499,#3500,
#3501,#3502),
(#3503,#3504,#3505,#3506,#3507,#3508,#3509,#3510,#3511,#3512,#3513,#3514,#3515,#3516,
#3517,#3518),
(#3519,#3520,#3521,#3522,#3523,#3524,#3525,#3526,#3527,#3528,#3529,#3530,#3531,#3532,
#3533,#3534),
(#3535,#3536,#3537,#3538,#3539,#3540,#3541,#3542,#3543,#3544,#3545,#3546,#3547,#3548,
#3549,#3550),
(#3551,#3552,#3553,#3554,#3555,#3556,#3557,#3558,#3559,#3560,#3561,#3562,#3563,#3564,
#3565,#3566),
(#3567,#3568,#3569,#3570,#3571,#3572,#3573,#3574,#3575,#3576,#3577,#3578,#3579,#3580,
#3581,#3582)),
.UNSPECIFIED.,.F.,.F.,.F.,
(4,1,1,1,1,1,1,1,1,1,1,1,1,1,1,1,1,1,4),
(4,1,1,1,1,1,1,1,1,1,1,1,1,4),
(0.,0.0515654047591726,0.0985135982717677,0.145461791784363,0.19824257515497,0.255557146170169,
0.322821177099511,0.396160571624894,0.471511234360549,0.547375063961669,0.622099909742552,
0.689450929344946,0.755015955196951,0.815155194360886,0.867608002687487,0.912253399426821,
0.953345603402216,0.981574629310819,1.),
(0.,0.182263062573991,0.262421849528958,0.340156661446048,0.419349611031739,0.499627248502792,
0.580411036080494,0.660882425015337,0.74087176195542,0.81522961275619,0.876704126934342,
0.923456000462199,0.95721446631247,1.),
.UNSPECIFIED.);
#3247=CARTESIAN_POINT('',(-42.,-2.47108148559579,10.));
#3248=CARTESIAN_POINT('',(-42.2863216784931,-2.53183583978711,10.0001632025718));
#3249=CARTESIAN_POINT('',(-42.6984513183184,-2.61930978963012,9.94050538080721));
#3250=CARTESIAN_POINT('',(-43.2015038863894,-2.73269534344547,9.75728749414955));
#3251=CARTESIAN_POINT('',(-43.5336034042553,-2.81172419293138,9.58722861477766));
#3252=CARTESIAN_POINT('',(-43.8424528797503,-2.89079265925599,9.3775096231268));
#3253=CARTESIAN_POINT('',(-44.1263020580565,-2.97087745080081,9.12766845988658));
#3254=CARTESIAN_POINT('',(-44.377699911672,-3.05138838879533,8.84249621439113));
#3255=CARTESIAN_POINT('',(-44.5908058416171,-3.13180322661289,8.5282340982604));
#3256=CARTESIAN_POINT('',(-44.7581376287951,-3.21007608550477,8.19870416548955));
#3257=CARTESIAN_POINT('',(-44.874145820546,-3.28201665281113,7.87954304040974));
#3258=CARTESIAN_POINT('',(-44.9429425286829,-3.34287806564671,7.60076938515833));
#3259=CARTESIAN_POINT('',(-44.9778269402757,-3.39020635016548,7.38033290425312));
#3260=CARTESIAN_POINT('',(-44.9959578837942,-3.43130497452069,7.18744234744822));
#3261=CARTESIAN_POINT('',(-45.0000002977573,-3.4568196410333,7.06720736762547));
#3262=CARTESIAN_POINT('',(-45.,-3.4710814855958,7.));
#3263=CARTESIAN_POINT('',(-42.,-2.47108148559579,10.));
#3264=CARTESIAN_POINT('',(-42.2863216784931,-2.53183583978711,10.0001632025718));
#3265=CARTESIAN_POINT('',(-42.6984513183184,-2.62189255945946,9.94050538080721));
#3266=CARTESIAN_POINT('',(-43.2015038863894,-2.74168907123022,9.75728749414955));
#3267=CARTESIAN_POINT('',(-43.5336034042553,-2.8261468032839,9.58722861477766));
#3268=CARTESIAN_POINT('',(-43.8424528797503,-2.91128946657253,9.3775096231268));
#3269=CARTESIAN_POINT('',(-44.1263020580565,-2.99786024596196,9.12766845988658));
#3270=CARTESIAN_POINT('',(-44.377699911672,-3.08489325102402,8.84249621439113));
#3271=CARTESIAN_POINT('',(-44.5908058416171,-3.17148453662599,8.5282340982604));
#3272=CARTESIAN_POINT('',(-44.7581376287951,-3.25511464700072,8.19870416548955));
#3273=CARTESIAN_POINT('',(-44.874145820546,-3.33111250669268,7.87954304040974));
#3274=CARTESIAN_POINT('',(-44.9429425286829,-3.3945620447169,7.60076938515833));
#3275=CARTESIAN_POINT('',(-44.9778269402757,-3.44327779751807,7.38033290425312));
#3276=CARTESIAN_POINT('',(-44.9959578837942,-3.48512729414661,7.18744234744822));
#3277=CARTESIAN_POINT('',(-45.0000002977573,-3.51081880662356,7.06720736762547));
#3278=CARTESIAN_POINT('',(-45.,-3.52508065118607,7.));
#3279=CARTESIAN_POINT('',(-42.,-2.47108148559579,10.));
#3280=CARTESIAN_POINT('',(-42.2851756944059,-2.5329815919915,10.0001631751897));
#3281=CARTESIAN_POINT('',(-42.6960400717289,-2.6292288153208,9.94052243861773));
#3282=CARTESIAN_POINT('',(-43.1980855469341,-2.7623068134412,9.75735459788797));
#3283=CARTESIAN_POINT('',(-43.5297306772627,-2.85763340921055,9.58734134536976));
#3284=CARTESIAN_POINT('',(-43.8383522040515,-2.95468190916806,9.37767757171923));
#3285=CARTESIAN_POINT('',(-44.1221802169377,-3.05377509949603,9.1279007317449));
#3286=CARTESIAN_POINT('',(-44.3737408924678,-3.15325234507568,8.84279966823177));
#3287=CARTESIAN_POINT('',(-44.5871592915349,-3.25150935288865,8.52861258300319));
#3288=CARTESIAN_POINT('',(-44.7548955292516,-3.3451507011849,8.19915478436787));
#3289=CARTESIAN_POINT('',(-44.8713186493044,-3.42863107546211,7.88005431163019));
#3290=CARTESIAN_POINT('',(-44.9404119481242,-3.49670031266579,7.60131040899869));
#3291=CARTESIAN_POINT('',(-44.9754350521439,-3.54771350778248,7.3808714627139));
#3292=CARTESIAN_POINT('',(-44.9933711698885,-3.59032199483612,7.18789584725694));
#3293=CARTESIAN_POINT('',(-44.9969375060401,-3.61551000367365,7.06751490214982));
#3294=CARTESIAN_POINT('',(-44.9958195791602,-3.62824379744778,7.));
#3295=CARTESIAN_POINT('',(-42.,-2.47108148559579,10.));
#3296=CARTESIAN_POINT('',(-42.2805840612121,-2.53757187636924,10.0001630159132));
#3297=CARTESIAN_POINT('',(-42.6862601602049,-2.64603526603827,9.94057926196314));
#3298=CARTESIAN_POINT('',(-43.1839414803056,-2.80103478209646,9.75757270489614));
#3299=CARTESIAN_POINT('',(-43.5134701660562,-2.91338530970064,9.58770368032092));
#3300=CARTESIAN_POINT('',(-43.820821046692,-3.02842227909204,9.37820988162383));
#3301=CARTESIAN_POINT('',(-44.1041405692215,-3.14590064185749,9.12862325380849));
#3302=CARTESIAN_POINT('',(-44.3558613511862,-3.26318099393807,8.84371973261471));
#3303=CARTESIAN_POINT('',(-44.5699555206405,-3.37767036022857,8.52971805756538));
#3304=CARTESIAN_POINT('',(-44.7386469738514,-3.48473758816063,8.20040141800665));
#3305=CARTESIAN_POINT('',(-44.8559361076585,-3.57760030951303,7.88134928097911));
#3306=CARTESIAN_POINT('',(-44.9254402755892,-3.65068046366199,7.60252347958921));
#3307=CARTESIAN_POINT('',(-44.960217122627,-3.70315893556388,7.38185941217872));
#3308=CARTESIAN_POINT('',(-44.9772984900502,-3.7450507719628,7.18851727798112));
#3309=CARTESIAN_POINT('',(-44.9796413676132,-3.7681958491912,7.06772710438889));
#3310=CARTESIAN_POINT('',(-44.977893721256,-3.77961691679193,7.));
#3311=CARTESIAN_POINT('',(-42.,-2.47108148559579,10.));
#3312=CARTESIAN_POINT('',(-42.2734591194195,-2.54469460410783,10.0001627544641));
#3313=CARTESIAN_POINT('',(-42.6709466470481,-2.66803437935281,9.94065522981855));
#3314=CARTESIAN_POINT('',(-43.1614882597388,-2.84688405667611,9.75785992075219));
#3315=CARTESIAN_POINT('',(-43.4874093703517,-2.97702386251594,9.58817756093788));
#3316=CARTESIAN_POINT('',(-43.7924096219448,-3.11029507669505,9.37890017456326));
#3317=CARTESIAN_POINT('',(-44.0745110054558,-3.2459293734123,9.1295498604131));
#3318=CARTESIAN_POINT('',(-44.3260145856902,-3.38035207215599,8.84488215065541));
#3319=CARTESIAN_POINT('',(-44.5406724299609,-3.51003329167699,8.53108616247068));
#3320=CARTESIAN_POINT('',(-44.7103733464815,-3.62917991154994,8.20189909997678));
#3321=CARTESIAN_POINT('',(-44.8286262521845,-3.72992186497647,7.88284283965329));
#3322=CARTESIAN_POINT('',(-44.8985764983098,-3.80655670355832,7.60384706131785));
#3323=CARTESIAN_POINT('',(-44.9331528746593,-3.85938059163429,7.38288074295869));
#3324=CARTESIAN_POINT('',(-44.9494939622681,-3.89970614321089,7.18911941587069));
#3325=CARTESIAN_POINT('',(-44.9509716356991,-3.92067461456795,7.06796194114175));
#3326=CARTESIAN_POINT('',(-44.9486212807601,-3.93050818927042,7.));
#3327=CARTESIAN_POINT('',(-42.,-2.47108148559579,10.));
#3328=CARTESIAN_POINT('',(-42.2633252804112,-2.55482539981788,10.0001623950927));
#3329=CARTESIAN_POINT('',(-42.6489638846505,-2.69656078141062,9.94074677350252));
#3330=CARTESIAN_POINT('',(-43.1288239153262,-2.90243321097685,9.75820158945969));
#3331=CARTESIAN_POINT('',(-43.4491572703742,-3.0520142707525,9.58873799067359));
#3332=CARTESIAN_POINT('',(-43.7502895862022,-3.20463923511433,9.37971069707615));
#3333=CARTESIAN_POINT('',(-44.0300811589722,-3.3590387482032,9.13062778740618));
#3334=CARTESIAN_POINT('',(-44.2806765582245,-3.51070863592215,8.84621785868902));
#3335=CARTESIAN_POINT('',(-44.49555354936,-3.65520330933371,8.5326321039488));
#3336=CARTESIAN_POINT('',(-44.6661894060291,-3.78561819411731,8.20355274204029));
#3337=CARTESIAN_POINT('',(-44.7854939130083,-3.8931334580373,7.88444065551235));
#3338=CARTESIAN_POINT('',(-44.8560487377385,-3.97218064637567,7.60520886648208));
#3339=CARTESIAN_POINT('',(-44.8906225154471,-4.02442227646997,7.38388711453477));
#3340=CARTESIAN_POINT('',(-44.906516540838,-4.06247593216512,7.1896821119303));
#3341=CARTESIAN_POINT('',(-44.9074178437795,-4.08094844208624,7.06816590490571));
#3342=CARTESIAN_POINT('',(-44.9047270636047,-4.08914443797402,7.));
#3343=CARTESIAN_POINT('',(-42.,-2.47108148559579,10.));
#3344=CARTESIAN_POINT('',(-42.2492221194895,-2.56892478329285,10.0001619490287));
#3345=CARTESIAN_POINT('',(-42.6180516544265,-2.73390901440424,9.94085045132448));
#3346=CARTESIAN_POINT('',(-43.0822318382676,-2.97150802347489,9.75858417150713));
#3347=CARTESIAN_POINT('',(-43.3940908582739,-3.14314848080833,9.58936230164419));
#3348=CARTESIAN_POINT('',(-43.6890509812355,-3.31709722777019,9.38060797102058));
#3349=CARTESIAN_POINT('',(-43.9647792348352,-3.49159976506743,9.1318115817684));
#3350=CARTESIAN_POINT('',(-44.2132594272326,-3.66120980152366,8.84766955709182));
#3351=CARTESIAN_POINT('',(-44.4276583570025,-3.82058067717014,8.53428921530382));
#3352=CARTESIAN_POINT('',(-44.5989850956449,-3.96174890683988,8.20529274064134));
#3353=CARTESIAN_POINT('',(-44.7194496530324,-4.07511106875346,7.88608232047661));
#3354=CARTESIAN_POINT('',(-44.7909317486356,-4.15553336704478,7.60657010944891));
#3355=CARTESIAN_POINT('',(-44.8259270258221,-4.20633199365119,7.38486798394456));
#3356=CARTESIAN_POINT('',(-44.8418879139111,-4.24141110730789,7.19021683010793));
#3357=CARTESIAN_POINT('',(-44.8426471868116,-4.257032496853,7.0683614039126));
#3358=CARTESIAN_POINT('',(-44.839857706302,-4.26337902751443,7.));
#3359=CARTESIAN_POINT('',(-42.,-2.4710814855958,10.));
#3360=CARTESIAN_POINT('',(-42.2307652737078,-2.58737762939313,10.0001614767217));
#3361=CARTESIAN_POINT('',(-42.5771067813823,-2.78062245240303,9.94095327673013));
#3362=CARTESIAN_POINT('',(-43.0195343148765,-3.05432874529113,9.75895985924403));
#3363=CARTESIAN_POINT('',(-43.3192557272046,-3.25024114698564,9.58997261049426));
#3364=CARTESIAN_POINT('',(-43.6049671948355,-3.4469410003577,9.3814803809889));
#3365=CARTESIAN_POINT('',(-43.8741379362162,-3.6422424260458,9.13295471905685));
#3366=CARTESIAN_POINT('',(-44.1186345478475,-3.82980276850403,8.84905912799135));
#3367=CARTESIAN_POINT('',(-44.3313279554261,-4.00345864051004,8.53585731505039));
#3368=CARTESIAN_POINT('',(-44.5027648990517,-4.154331329643,8.20691479397688));
#3369=CARTESIAN_POINT('',(-44.6244010669447,-4.27229159767109,7.88758443357451));
#3370=CARTESIAN_POINT('',(-44.6972477538022,-4.35296233451611,7.60779054544598));
#3371=CARTESIAN_POINT('',(-44.7333005654239,-4.40150942308307,7.3857313405675));
#3372=CARTESIAN_POINT('',(-44.750092437054,-4.43302347397437,7.1906788906915));
#3373=CARTESIAN_POINT('',(-44.7513094613673,-4.44551384901153,7.06852849382302));
#3374=CARTESIAN_POINT('',(-44.7487871910086,-4.44987996563875,7.));
#3375=CARTESIAN_POINT('',(-42.,-2.47108148559579,10.));
#3376=CARTESIAN_POINT('',(-42.2081999336691,-2.60993962031092,10.0001610812369));
#3377=CARTESIAN_POINT('',(-42.5263158480452,-2.83573979066653,9.9410357615356));
#3378=CARTESIAN_POINT('',(-42.9403269931518,-3.14860848606696,9.75925889839913));
#3379=CARTESIAN_POINT('',(-43.223669943764,-3.36997111996304,9.59045669954532));
#3380=CARTESIAN_POINT('',(-43.4963653975985,-3.5897616637508,9.38216946638322));
#3381=CARTESIAN_POINT('',(-43.7557273602309,-3.80546544689757,9.13385291257689));
#3382=CARTESIAN_POINT('',(-43.993619837381,-4.00996910265675,8.85014370642311));
#3383=CARTESIAN_POINT('',(-44.2027133606853,-4.19646346691862,8.53707083083481));
#3384=CARTESIAN_POINT('',(-44.3731933516802,-4.35539928127395,8.20815646304501));
#3385=CARTESIAN_POINT('',(-44.4957847364778,-4.47645415607229,7.88871934931146));
#3386=CARTESIAN_POINT('',(-44.5704478442196,-4.55629002719546,7.60870017536095));
#3387=CARTESIAN_POINT('',(-44.608340507825,-4.60197363403731,7.38636755834503));
#3388=CARTESIAN_POINT('',(-44.6269283855842,-4.6295894884768,7.19101589919362));
#3389=CARTESIAN_POINT('',(-44.6293632286379,-4.63886963745696,7.06865035736369));
#3390=CARTESIAN_POINT('',(-44.6275640015535,-4.64123611572974,7.));
#3391=CARTESIAN_POINT('',(-42.,-2.4710814855958,10.));
#3392=CARTESIAN_POINT('',(-42.1831727069485,-2.63496507622636,10.0001608721294));
#3393=CARTESIAN_POINT('',(-42.4690227634927,-2.8951903689209,9.94107840656298));
#3394=CARTESIAN_POINT('',(-42.8491375102631,-3.24730772854216,9.75941279087571));
#3395=CARTESIAN_POINT('',(-43.1123096405689,-3.49335570593223,9.59070530385279));
#3396=CARTESIAN_POINT('',(-43.3683489038162,-3.73480985908739,9.38252247021427));
#3397=CARTESIAN_POINT('',(-43.6145111401553,-3.96896881418085,9.13431162227776));
#3398=CARTESIAN_POINT('',(-43.8428388773986,-4.18815150529897,8.85069546252904));
#3399=CARTESIAN_POINT('',(-44.0459822669269,-4.38514441845796,8.53768515597942));
#3400=CARTESIAN_POINT('',(-44.2139713519469,-4.55004065341652,8.20878117373631));
#3401=CARTESIAN_POINT('',(-44.3369341886251,-4.67266560697535,7.88928621957026));
#3402=CARTESIAN_POINT('',(-44.413650119829,-4.75087667833067,7.60915119575063));
#3403=CARTESIAN_POINT('',(-44.4540684056354,-4.79349111277612,7.38668111032563));
#3404=CARTESIAN_POINT('',(-44.4753770160104,-4.81732545706476,7.19118107947717));
#3405=CARTESIAN_POINT('',(-44.4797859557255,-4.82364084550136,7.06870995316444));
#3406=CARTESIAN_POINT('',(-44.4791741417042,-4.82418703392883,7.));
#3407=CARTESIAN_POINT('',(-42.,-2.4710814855958,10.));
#3408=CARTESIAN_POINT('',(-42.1575529815444,-2.66058506104452,10.0001609027626));
#3409=CARTESIAN_POINT('',(-42.4092058642994,-2.95469590921432,9.9410721949393));
#3410=CARTESIAN_POINT('',(-42.7517321130046,-3.34362962503635,9.75939040339424));
#3411=CARTESIAN_POINT('',(-42.9918205419413,-3.61211017471071,9.59066915880255));
#3412=CARTESIAN_POINT('',(-43.2281113394179,-3.87259082268455,9.38247118098363));
#3413=CARTESIAN_POINT('',(-43.457935483897,-4.12233052985161,9.13424503033633));
#3414=CARTESIAN_POINT('',(-43.6737317231295,-4.35330830511797,8.85061544643578));
#3415=CARTESIAN_POINT('',(-43.8683629710523,-4.55815925886575,8.53759618313857));
#3416=CARTESIAN_POINT('',(-44.0319812637394,-4.72692844886282,8.20869084450334));
#3417=CARTESIAN_POINT('',(-44.1543461653959,-4.84987409996768,7.88920440897281));
#3418=CARTESIAN_POINT('',(-44.2330115766083,-4.92607618780003,7.60908622669));
#3419=CARTESIAN_POINT('',(-44.276383202972,-4.96581691142337,7.38663601228002));
#3420=CARTESIAN_POINT('',(-44.3011215551461,-4.98637501905176,7.19115735335648));
#3421=CARTESIAN_POINT('',(-44.3081338092387,-4.99022995894749,7.06870139933583));
#3422=CARTESIAN_POINT('',(-44.3091057347087,-4.98928358892292,7.));
#3423=CARTESIAN_POINT('',(-42.,-2.4710814855958,10.));
#3424=CARTESIAN_POINT('',(-42.133542750768,-2.68459746350834,10.0001611592088));
#3425=CARTESIAN_POINT('',(-42.3518048754702,-3.00942395131506,9.94101969206756));
#3426=CARTESIAN_POINT('',(-42.6557752501025,-3.43028103206926,9.75920077830552));
#3427=CARTESIAN_POINT('',(-42.8714197647645,-3.71761023341906,9.59036271471428));
#3428=CARTESIAN_POINT('',(-43.0860803251119,-3.99351355835226,9.38203585282895));
#3429=CARTESIAN_POINT('',(-43.297306186831,-4.25533428763698,9.13367903019271));
#3430=CARTESIAN_POINT('',(-43.4981435669643,-4.49492535594459,8.84993416306315));
#3431=CARTESIAN_POINT('',(-43.6819115598724,-4.7049913401767,8.53683697622109));
#3432=CARTESIAN_POINT('',(-43.8391889632245,-4.87578656480447,8.20791795695643));
#3433=CARTESIAN_POINT('',(-43.9596699797624,-4.99819365415264,7.88850218480685));
#3434=CARTESIAN_POINT('',(-44.0397665800406,-5.07242106102445,7.60852680187195));
#3435=CARTESIAN_POINT('',(-44.0861238432966,-5.10984254222134,7.38624668813511));
#3436=CARTESIAN_POINT('',(-44.1146216638834,-5.1279528450574,7.19095206157085));
#3437=CARTESIAN_POINT('',(-44.124614707543,-5.13005485704405,7.06862728166259));
#3438=CARTESIAN_POINT('',(-44.1274229696943,-5.12805724396414,7.));
#3439=CARTESIAN_POINT('',(-42.,-2.4710814855958,10.));
#3440=CARTESIAN_POINT('',(-42.1122928523622,-2.70585083689115,10.0001615695554));
#3441=CARTESIAN_POINT('',(-42.2995351762066,-3.05711014813288,9.94093341763474));
#3442=CARTESIAN_POINT('',(-42.5657291130445,-3.50435466057456,9.75888751952863));
#3443=CARTESIAN_POINT('',(-42.7566481562533,-3.8067921064906,9.58985525414734));
#3444=CARTESIAN_POINT('',(-42.9487171915383,-4.09460221149149,9.38131289943804));
#3445=CARTESIAN_POINT('',(-43.1398314350645,-4.36529252077885,9.13273571478905));
#3446=CARTESIAN_POINT('',(-43.3238221397547,-4.61074750842888,8.84879360701611));
#3447=CARTESIAN_POINT('',(-43.4946808393207,-4.82389349671618,8.53555869046833));
#3448=CARTESIAN_POINT('',(-43.6436987990319,-4.99536614482446,8.20660723269544));
#3449=CARTESIAN_POINT('',(-43.7608315072029,-5.11677360644446,7.88730111461302));
#3450=CARTESIAN_POINT('',(-43.8415288183331,-5.18931400483126,7.60756163460875));
#3451=CARTESIAN_POINT('',(-43.8905769631373,-5.22510366890997,7.38557018497666));
#3452=CARTESIAN_POINT('',(-43.9228387220774,-5.24166719049843,7.19059302868869));
#3453=CARTESIAN_POINT('',(-43.9359704345671,-5.24274432663438,7.06849750360488));
#3454=CARTESIAN_POINT('',(-43.9407396285202,-5.24013950490723,7.));
#3455=CARTESIAN_POINT('',(-42.,-2.4710814855958,10.));
#3456=CARTESIAN_POINT('',(-42.0947291474764,-2.72341852770241,10.000162040238));
#3457=CARTESIAN_POINT('',(-42.2547566404509,-3.09599491462222,9.94082994426067));
#3458=CARTESIAN_POINT('',(-42.4857938386199,-3.56372488699335,9.75850885889585));
#3459=CARTESIAN_POINT('',(-42.6529405954764,-3.87752940973327,9.58923966983597));
#3460=CARTESIAN_POINT('',(-42.8226043234484,-4.17393557313876,9.38043218249486));
#3461=CARTESIAN_POINT('',(-42.9931211835882,-4.45064934836579,9.13158042845883));
#3462=CARTESIAN_POINT('',(-43.1592256429462,-4.69968360746731,8.8473873030196));
#3463=CARTESIAN_POINT('',(-43.3157407210769,-4.91426603191425,8.53396882882185));
#3464=CARTESIAN_POINT('',(-43.4548985628685,-5.08549824991625,8.20495881059037));
#3465=CARTESIAN_POINT('',(-43.5672275425449,-5.20573249783356,7.88577017600651));
#3466=CARTESIAN_POINT('',(-43.6474810949401,-5.27699857889256,7.60631394054865));
#3467=CARTESIAN_POINT('',(-43.6986338019475,-5.311861546031,7.3846850878144));
#3468=CARTESIAN_POINT('',(-43.7343468585662,-5.32774907218025,7.19011804310824));
#3469=CARTESIAN_POINT('',(-43.7505492127137,-5.32848763539568,7.06832529171941));
#3470=CARTESIAN_POINT('',(-43.7572694357201,-5.3256889028431,7.));
#3471=CARTESIAN_POINT('',(-42.,-2.4710814855958,10.));
#3472=CARTESIAN_POINT('',(-42.0810973764188,-2.73705407225221,10.0001624858351));
#3473=CARTESIAN_POINT('',(-42.2182481431768,-3.12581185163766,9.94072471001859));
#3474=CARTESIAN_POINT('',(-42.4176135677973,-3.60852359426806,9.75811968424897));
#3475=CARTESIAN_POINT('',(-42.5625851749972,-3.93036945157512,9.58860397257016));
#3476=CARTESIAN_POINT('',(-42.7106813223508,-4.23257226825892,9.37951745199373));
#3477=CARTESIAN_POINT('',(-42.8607438637467,-4.51303240629,9.13037177403501));
#3478=CARTESIAN_POINT('',(-43.0084788666003,-4.76393125959225,8.84590221886937));
#3479=CARTESIAN_POINT('',(-43.1496456020214,-4.97881313712651,8.53226925637972));
#3480=CARTESIAN_POINT('',(-43.2775849156577,-5.14925487148274,8.20316818468446));
#3481=CARTESIAN_POINT('',(-43.3836752292841,-5.26831179533825,7.88407359055485));
#3482=CARTESIAN_POINT('',(-43.4622884226527,-5.33870418669969,7.6049005091625));
#3483=CARTESIAN_POINT('',(-43.5147509480661,-5.37324441890436,7.38366250083576));
#3484=CARTESIAN_POINT('',(-43.5533869181358,-5.389195276008,7.18955840928627));
#3485=CARTESIAN_POINT('',(-43.572456384033,-5.39018837510254,7.06812147513411));
#3486=CARTESIAN_POINT('',(-43.5810375125019,-5.38754998690678,7.));
#3487=CARTESIAN_POINT('',(-42.,-2.4710814855958,10.));
#3488=CARTESIAN_POINT('',(-42.071583127557,-2.74657122767186,10.0001628290593));
#3489=CARTESIAN_POINT('',(-42.1909234138002,-3.14640551635642,9.94063468397577));
#3490=CARTESIAN_POINT('',(-42.3635753538225,-3.63901618954577,9.75778261283112));
#3491=CARTESIAN_POINT('',(-42.489154349214,-3.96599533278149,9.58805028751076));
#3492=CARTESIAN_POINT('',(-42.6178003976543,-4.27170012621689,9.37871527584495));
#3493=CARTESIAN_POINT('',(-42.7488732559315,-4.55418724151177,9.12930253251434));
#3494=CARTESIAN_POINT('',(-42.8790302426682,-4.80579352395882,8.84457333280519));
#3495=CARTESIAN_POINT('',(-43.0049728151003,-5.02033157305005,8.53072503980682));
#3496=CARTESIAN_POINT('',(-43.121193101328,-5.18978181470067,8.20150736489774));
#3497=CARTESIAN_POINT('',(-43.220080181574,-5.30778620180063,7.88245708001139));
#3498=CARTESIAN_POINT('',(-43.2959411555663,-5.37761626200256,7.60351077524796));
#3499=CARTESIAN_POINT('',(-43.3487690594488,-5.41223131333931,7.38262577158013));
#3500=CARTESIAN_POINT('',(-43.389554630758,-5.42873839797002,7.18897252817047));
#3501=CARTESIAN_POINT('',(-43.4110893272315,-5.43040470893836,7.06790499436834));
#3502=CARTESIAN_POINT('',(-43.4213278482793,-5.42818678940669,7.));
#3503=CARTESIAN_POINT('',(-42.,-2.4710814855958,10.));
#3504=CARTESIAN_POINT('',(-42.0654463117625,-2.75270994225834,10.0001630532803));
#3505=CARTESIAN_POINT('',(-42.1713522274378,-3.15957059619506,9.94056675329037));
#3506=CARTESIAN_POINT('',(-42.3219161146865,-3.65825668171749,9.75752488759954));
#3507=CARTESIAN_POINT('',(-42.4308614275524,-3.98827754184027,9.58762439052218));
#3508=CARTESIAN_POINT('',(-42.542330428689,-4.29593026450615,9.37809366699391));
#3509=CARTESIAN_POINT('',(-42.6561877929409,-4.57938031231688,9.12846599873362));
#3510=CARTESIAN_POINT('',(-42.7699851832949,-4.83108137409543,8.84352032780752));
#3511=CARTESIAN_POINT('',(-42.8813225344878,-5.04504022862835,8.5294799111644));
#3512=CARTESIAN_POINT('',(-42.9858094887949,-5.21353389770801,8.20013522492556));
#3513=CARTESIAN_POINT('',(-43.0769026667969,-5.33064492611385,7.88107644480695));
#3514=CARTESIAN_POINT('',(-43.1490779672921,-5.40006894133985,7.60227257795424));
#3515=CARTESIAN_POINT('',(-43.2013424784833,-5.43490307596667,7.38166011197938));
#3516=CARTESIAN_POINT('',(-43.2434341848239,-5.45215686074103,7.1883957065562));
#3517=CARTESIAN_POINT('',(-43.2670093120374,-5.45473771429904,7.06768812569214));
#3518=CARTESIAN_POINT('',(-43.2786850709662,-5.45309777313817,7.));
#3519=CARTESIAN_POINT('',(-42.,-2.4710814855958,10.));
#3520=CARTESIAN_POINT('',(-42.0622021792575,-2.7559550035717,10.0001631629597));
#3521=CARTESIAN_POINT('',(-42.1589077507425,-3.16647363868808,9.94052576139884));
#3522=CARTESIAN_POINT('',(-42.2925687921978,-3.66822000056101,9.75736711747402));
#3523=CARTESIAN_POINT('',(-42.3882869143002,-3.99971514461202,9.58736196347988));
#3524=CARTESIAN_POINT('',(-42.4857024434157,-4.30824013406477,9.37770752712577));
#3525=CARTESIAN_POINT('',(-42.5851312579617,-4.59201937149547,9.12794077006866));
#3526=CARTESIAN_POINT('',(-42.6848977139187,-4.84357285873312,8.84284956088901));
#3527=CARTESIAN_POINT('',(-42.7833817700161,-5.05701487192246,8.52867050858273));
#3528=CARTESIAN_POINT('',(-42.877169720169,-5.22479051231315,8.19921681463528));
#3529=CARTESIAN_POINT('',(-42.9606934924893,-5.34124074426109,7.88011219748247));
#3530=CARTESIAN_POINT('',(-43.0287185959942,-5.41033649411543,7.60135657237912));
#3531=CARTESIAN_POINT('',(-43.0795987106686,-5.44530762324028,7.38089322532553));
#3532=CARTESIAN_POINT('',(-43.1220656468892,-5.46319249120062,7.18789460450629));
#3533=CARTESIAN_POINT('',(-43.1470715306971,-5.46665980106749,7.06748156407988));
#3534=CARTESIAN_POINT('',(-43.159941957101,-5.4656787251301,7.));
#3535=CARTESIAN_POINT('',(-42.,-2.4710814855958,10.));
#3536=CARTESIAN_POINT('',(-42.0609482413835,-2.75720924104655,10.0001631983384));
#3537=CARTESIAN_POINT('',(-42.151894513126,-3.16912486795756,9.94050828446897));
#3538=CARTESIAN_POINT('',(-42.2735465012219,-3.67200739393644,9.75729894712964));
#3539=CARTESIAN_POINT('',(-42.3595116074732,-4.00403042571427,9.58724788019314));
#3540=CARTESIAN_POINT('',(-42.446297848495,-4.31284191568925,9.37753837151289));
#3541=CARTESIAN_POINT('',(-42.5345917657489,-4.59668844017483,9.12770832256587));
#3542=CARTESIAN_POINT('',(-42.6233329464146,-4.84811514466169,8.84254845221052));
#3543=CARTESIAN_POINT('',(-42.7115235997398,-5.06127665294957,8.52829973951876));
#3544=CARTESIAN_POINT('',(-42.7965231992126,-5.22867952636226,8.19878270947061));
#3545=CARTESIAN_POINT('',(-42.8735540449634,-5.34476999255638,7.87963505653128));
#3546=CARTESIAN_POINT('',(-42.9376307904694,-5.41361995957884,7.60086725584307));
#3547=CARTESIAN_POINT('',(-42.9867072799065,-5.44857315521216,7.38044242746867));
#3548=CARTESIAN_POINT('',(-43.0286435571839,-5.46667452762321,7.18753838831727));
#3549=CARTESIAN_POINT('',(-43.0544189937788,-5.4707797837499,7.0673168938353));
#3550=CARTESIAN_POINT('',(-43.0681513723543,-5.47037443231033,7.));
#3551=CARTESIAN_POINT('',(-42.,-2.4710814855958,10.));
#3552=CARTESIAN_POINT('',(-42.0607543541913,-2.75740316408893,10.0001632025718));
#3553=CARTESIAN_POINT('',(-42.1491511803645,-3.16953280391425,9.94050538080722));
#3554=CARTESIAN_POINT('',(-42.2648275001955,-3.67258537198515,9.75728749414954));
#3555=CARTESIAN_POINT('',(-42.3457962001335,-4.00468488985116,9.58722861477766));
#3556=CARTESIAN_POINT('',(-42.427035100904,-4.31353436534607,9.3775096231268));
#3557=CARTESIAN_POINT('',(-42.5094374681739,-4.59738354365234,9.12766845988658));
#3558=CARTESIAN_POINT('',(-42.5922788737355,-4.84878139726785,8.84249621439113));
#3559=CARTESIAN_POINT('',(-42.6749006823022,-5.06188732721288,8.52823409826039));
#3560=CARTESIAN_POINT('',(-42.7550877963988,-5.22921911439095,8.19870416548954));
#3561=CARTESIAN_POINT('',(-42.8284781170146,-5.34522730614173,7.87954304040974));
#3562=CARTESIAN_POINT('',(-42.8902643197595,-5.41402401427867,7.60076938515832));
#3563=CARTESIAN_POINT('',(-42.9380883749901,-5.44890842587152,7.38033290425312));
#3564=CARTESIAN_POINT('',(-42.979455301321,-5.46703936938998,7.1874423474482));
#3565=CARTESIAN_POINT('',(-43.0050331585031,-5.47108178335312,7.06720736762547));
#3566=CARTESIAN_POINT('',(-43.0192950030656,-5.4710814855958,7.));
#3567=CARTESIAN_POINT('',(-42.,-2.4710814855958,10.));
#3568=CARTESIAN_POINT('',(-42.0607543541913,-2.75740316408893,10.0001632025718));
#3569=CARTESIAN_POINT('',(-42.1482283040343,-3.16953280391425,9.94050538080722));
#3570=CARTESIAN_POINT('',(-42.2616138578497,-3.67258537198515,9.75728749414954));
#3571=CARTESIAN_POINT('',(-42.3406427073356,-4.00468488985116,9.58722861477766));
#3572=CARTESIAN_POINT('',(-42.4197111736602,-4.31353436534607,9.3775096231268));
#3573=CARTESIAN_POINT('',(-42.499795965205,-4.59738354365234,9.12766845988658));
#3574=CARTESIAN_POINT('',(-42.5803069031995,-4.84878139726785,8.84249621439113));
#3575=CARTESIAN_POINT('',(-42.6607217410171,-5.06188732721288,8.52823409826039));
#3576=CARTESIAN_POINT('',(-42.7389945999089,-5.22921911439095,8.19870416548954));
#3577=CARTESIAN_POINT('',(-42.8109351672153,-5.34522730614173,7.87954304040974));
#3578=CARTESIAN_POINT('',(-42.8717965800509,-5.41402401427867,7.60076938515832));
#3579=CARTESIAN_POINT('',(-42.9191248645697,-5.44890842587152,7.38033290425312));
#3580=CARTESIAN_POINT('',(-42.9602234889249,-5.46703936938998,7.1874423474482));
#3581=CARTESIAN_POINT('',(-42.9857381554375,-5.47108178335312,7.06720736762547));
#3582=CARTESIAN_POINT('',(-43.,-5.4710814855958,7.));
#3583=FACE_BOUND('',#3584,.T.);
#3584=EDGE_LOOP('',(#4085,#4086,#4087,#4088));
#3585=CYLINDRICAL_SURFACE('',#3586,2.);
#3586=AXIS2_PLACEMENT_3D('',#3587,#3588,#3589);
#3587=CARTESIAN_POINT('',(43.,-3.47108148559581,-8.));
#3588=DIRECTION('',(0.,0.,-1.));
#3589=DIRECTION('',(1.,-2.22044604925031E-16,0.));
#3590=FACE_BOUND('',#3591,.T.);
#3591=EDGE_LOOP('',(#4089,#4090,#4091,#4092));
#3592=CYLINDRICAL_SURFACE('',#3593,2.);
#3593=AXIS2_PLACEMENT_3D('',#3594,#3595,#3596);
#3594=CARTESIAN_POINT('',(-43.,-3.4710814855958,-8.));
#3595=DIRECTION('',(0.,0.,-1.));
#3596=DIRECTION('',(0.,-1.,0.));
#3597=ORIENTED_EDGE('',*,*,#4093,.T.);
#3598=ORIENTED_EDGE('',*,*,#4094,.F.);
#3599=ORIENTED_EDGE('',*,*,#4095,.T.);
#3600=ORIENTED_EDGE('',*,*,#4096,.T.);
#3601=ORIENTED_EDGE('',*,*,#4097,.T.);
#3602=ORIENTED_EDGE('',*,*,#4098,.T.);
#3603=ORIENTED_EDGE('',*,*,#4094,.T.);
#3604=ORIENTED_EDGE('',*,*,#4099,.T.);
#3605=ORIENTED_EDGE('',*,*,#4100,.T.);
#3606=ORIENTED_EDGE('',*,*,#4101,.T.);
#3607=ORIENTED_EDGE('',*,*,#4102,.T.);
#3608=ORIENTED_EDGE('',*,*,#4103,.T.);
#3609=ORIENTED_EDGE('',*,*,#4104,.T.);
#3610=ORIENTED_EDGE('',*,*,#4105,.T.);
#3611=ORIENTED_EDGE('',*,*,#4106,.T.);
#3612=ORIENTED_EDGE('',*,*,#4107,.F.);
#3613=ORIENTED_EDGE('',*,*,#4108,.F.);
#3614=ORIENTED_EDGE('',*,*,#4109,.T.);
#3615=ORIENTED_EDGE('',*,*,#4110,.T.);
#3616=ORIENTED_EDGE('',*,*,#4111,.T.);
#3617=ORIENTED_EDGE('',*,*,#4112,.T.);
#3618=ORIENTED_EDGE('',*,*,#4113,.T.);
#3619=ORIENTED_EDGE('',*,*,#4114,.T.);
#3620=ORIENTED_EDGE('',*,*,#4115,.T.);
#3621=ORIENTED_EDGE('',*,*,#4116,.T.);
#3622=ORIENTED_EDGE('',*,*,#4117,.F.);
#3623=ORIENTED_EDGE('',*,*,#4107,.T.);
#3624=ORIENTED_EDGE('',*,*,#4118,.T.);
#3625=ORIENTED_EDGE('',*,*,#4119,.T.);
#3626=ORIENTED_EDGE('',*,*,#4120,.T.);
#3627=ORIENTED_EDGE('',*,*,#4121,.T.);
#3628=ORIENTED_EDGE('',*,*,#4108,.T.);
#3629=ORIENTED_EDGE('',*,*,#4117,.T.);
#3630=ORIENTED_EDGE('',*,*,#4121,.F.);
#3631=ORIENTED_EDGE('',*,*,#4116,.F.);
#3632=ORIENTED_EDGE('',*,*,#4122,.F.);
#3633=ORIENTED_EDGE('',*,*,#4118,.F.);
#3634=ORIENTED_EDGE('',*,*,#4106,.F.);
#3635=ORIENTED_EDGE('',*,*,#4095,.F.);
#3636=ORIENTED_EDGE('',*,*,#4093,.F.);
#3637=ORIENTED_EDGE('',*,*,#4098,.F.);
#3638=ORIENTED_EDGE('',*,*,#4123,.F.);
#3639=ORIENTED_EDGE('',*,*,#4097,.F.);
#3640=ORIENTED_EDGE('',*,*,#4096,.F.);
#3641=ORIENTED_EDGE('',*,*,#4123,.T.);
#3642=ORIENTED_EDGE('',*,*,#4119,.F.);
#3643=ORIENTED_EDGE('',*,*,#4122,.T.);
#3644=ORIENTED_EDGE('',*,*,#4120,.F.);
#3645=ORIENTED_EDGE('',*,*,#4103,.F.);
#3646=ORIENTED_EDGE('',*,*,#4124,.F.);
#3647=ORIENTED_EDGE('',*,*,#4125,.F.);
#3648=ORIENTED_EDGE('',*,*,#4126,.T.);
#3649=ORIENTED_EDGE('',*,*,#4127,.T.);
#3650=ORIENTED_EDGE('',*,*,#4128,.F.);
#3651=ORIENTED_EDGE('',*,*,#4104,.F.);
#3652=ORIENTED_EDGE('',*,*,#4105,.F.);
#3653=ORIENTED_EDGE('',*,*,#4128,.T.);
#3654=ORIENTED_EDGE('',*,*,#4129,.T.);
#3655=ORIENTED_EDGE('',*,*,#4099,.F.);
#3656=ORIENTED_EDGE('',*,*,#4130,.T.);
#3657=ORIENTED_EDGE('',*,*,#4131,.F.);
#3658=ORIENTED_EDGE('',*,*,#4100,.F.);
#3659=ORIENTED_EDGE('',*,*,#4131,.T.);
#3660=ORIENTED_EDGE('',*,*,#4132,.T.);
#3661=ORIENTED_EDGE('',*,*,#4133,.F.);
#3662=ORIENTED_EDGE('',*,*,#4134,.F.);
#3663=ORIENTED_EDGE('',*,*,#4135,.T.);
#3664=ORIENTED_EDGE('',*,*,#4101,.F.);
#3665=ORIENTED_EDGE('',*,*,#4135,.F.);
#3666=ORIENTED_EDGE('',*,*,#4136,.F.);
#3667=ORIENTED_EDGE('',*,*,#4102,.F.);
#3668=ORIENTED_EDGE('',*,*,#4137,.F.);
#3669=ORIENTED_EDGE('',*,*,#4124,.T.);
#3670=ORIENTED_EDGE('',*,*,#4109,.F.);
#3671=ORIENTED_EDGE('',*,*,#4115,.F.);
#3672=ORIENTED_EDGE('',*,*,#4138,.F.);
#3673=ORIENTED_EDGE('',*,*,#4139,.F.);
#3674=ORIENTED_EDGE('',*,*,#4140,.T.);
#3675=ORIENTED_EDGE('',*,*,#4141,.T.);
#3676=ORIENTED_EDGE('',*,*,#4142,.F.);
#3677=ORIENTED_EDGE('',*,*,#4110,.F.);
#3678=ORIENTED_EDGE('',*,*,#4142,.T.);
#3679=ORIENTED_EDGE('',*,*,#4143,.T.);
#3680=ORIENTED_EDGE('',*,*,#4111,.F.);
#3681=ORIENTED_EDGE('',*,*,#4144,.T.);
#3682=ORIENTED_EDGE('',*,*,#4145,.F.);
#3683=ORIENTED_EDGE('',*,*,#4112,.F.);
#3684=ORIENTED_EDGE('',*,*,#4145,.T.);
#3685=ORIENTED_EDGE('',*,*,#4146,.T.);
#3686=ORIENTED_EDGE('',*,*,#4147,.F.);
#3687=ORIENTED_EDGE('',*,*,#4148,.F.);
#3688=ORIENTED_EDGE('',*,*,#4149,.T.);
#3689=ORIENTED_EDGE('',*,*,#4113,.F.);
#3690=ORIENTED_EDGE('',*,*,#4149,.F.);
#3691=ORIENTED_EDGE('',*,*,#4150,.F.);
#3692=ORIENTED_EDGE('',*,*,#4114,.F.);
#3693=ORIENTED_EDGE('',*,*,#4151,.F.);
#3694=ORIENTED_EDGE('',*,*,#4138,.T.);
#3695=ORIENTED_EDGE('',*,*,#4152,.F.);
#3696=ORIENTED_EDGE('',*,*,#4153,.F.);
#3697=ORIENTED_EDGE('',*,*,#4154,.T.);
#3698=ORIENTED_EDGE('',*,*,#4125,.T.);
#3699=ORIENTED_EDGE('',*,*,#4155,.F.);
#3700=ORIENTED_EDGE('',*,*,#4156,.F.);
#3701=ORIENTED_EDGE('',*,*,#4140,.F.);
#3702=ORIENTED_EDGE('',*,*,#4157,.F.);
#3703=ORIENTED_EDGE('',*,*,#4158,.F.);
#3704=ORIENTED_EDGE('',*,*,#4159,.F.);
#3705=ORIENTED_EDGE('',*,*,#4160,.F.);
#3706=ORIENTED_EDGE('',*,*,#4161,.F.);
#3707=ORIENTED_EDGE('',*,*,#4126,.F.);
#3708=ORIENTED_EDGE('',*,*,#4154,.F.);
#3709=ORIENTED_EDGE('',*,*,#4162,.F.);
#3710=ORIENTED_EDGE('',*,*,#4163,.F.);
#3711=ORIENTED_EDGE('',*,*,#4164,.F.);
#3712=ORIENTED_EDGE('',*,*,#4165,.F.);
#3713=ORIENTED_EDGE('',*,*,#4166,.F.);
#3714=ORIENTED_EDGE('',*,*,#4167,.F.);
#3715=ORIENTED_EDGE('',*,*,#4168,.F.);
#3716=ORIENTED_EDGE('',*,*,#4169,.F.);
#3717=ORIENTED_EDGE('',*,*,#4170,.F.);
#3718=ORIENTED_EDGE('',*,*,#4171,.F.);
#3719=ORIENTED_EDGE('',*,*,#4172,.F.);
#3720=ORIENTED_EDGE('',*,*,#4173,.F.);
#3721=ORIENTED_EDGE('',*,*,#4174,.F.);
#3722=ORIENTED_EDGE('',*,*,#4175,.T.);
#3723=ORIENTED_EDGE('',*,*,#4176,.F.);
#3724=ORIENTED_EDGE('',*,*,#4177,.T.);
#3725=ORIENTED_EDGE('',*,*,#4178,.F.);
#3726=ORIENTED_EDGE('',*,*,#4179,.F.);
#3727=ORIENTED_EDGE('',*,*,#4127,.F.);
#3728=ORIENTED_EDGE('',*,*,#4161,.T.);
#3729=ORIENTED_EDGE('',*,*,#4180,.T.);
#3730=ORIENTED_EDGE('',*,*,#4181,.F.);
#3731=ORIENTED_EDGE('',*,*,#4130,.F.);
#3732=ORIENTED_EDGE('',*,*,#4129,.F.);
#3733=ORIENTED_EDGE('',*,*,#4179,.T.);
#3734=ORIENTED_EDGE('',*,*,#4182,.T.);
#3735=ORIENTED_EDGE('',*,*,#4181,.T.);
#3736=ORIENTED_EDGE('',*,*,#4183,.T.);
#3737=ORIENTED_EDGE('',*,*,#4184,.F.);
#3738=ORIENTED_EDGE('',*,*,#4132,.F.);
#3739=ORIENTED_EDGE('',*,*,#4185,.T.);
#3740=ORIENTED_EDGE('',*,*,#4186,.T.);
#3741=ORIENTED_EDGE('',*,*,#4187,.F.);
#3742=ORIENTED_EDGE('',*,*,#4188,.T.);
#3743=ORIENTED_EDGE('',*,*,#4189,.F.);
#3744=ORIENTED_EDGE('',*,*,#4190,.T.);
#3745=ORIENTED_EDGE('',*,*,#4191,.F.);
#3746=ORIENTED_EDGE('',*,*,#4192,.F.);
#3747=ORIENTED_EDGE('',*,*,#4193,.T.);
#3748=ORIENTED_EDGE('',*,*,#4194,.F.);
#3749=ORIENTED_EDGE('',*,*,#4195,.T.);
#3750=ORIENTED_EDGE('',*,*,#4196,.F.);
#3751=ORIENTED_EDGE('',*,*,#4197,.T.);
#3752=ORIENTED_EDGE('',*,*,#4198,.T.);
#3753=ORIENTED_EDGE('',*,*,#4199,.T.);
#3754=ORIENTED_EDGE('',*,*,#4133,.T.);
#3755=ORIENTED_EDGE('',*,*,#4184,.T.);
#3756=ORIENTED_EDGE('',*,*,#4200,.F.);
#3757=ORIENTED_EDGE('',*,*,#4201,.T.);
#3758=ORIENTED_EDGE('',*,*,#4202,.F.);
#3759=ORIENTED_EDGE('',*,*,#4203,.T.);
#3760=ORIENTED_EDGE('',*,*,#4147,.T.);
#3761=ORIENTED_EDGE('',*,*,#4204,.T.);
#3762=ORIENTED_EDGE('',*,*,#4205,.F.);
#3763=ORIENTED_EDGE('',*,*,#4206,.T.);
#3764=ORIENTED_EDGE('',*,*,#4207,.F.);
#3765=ORIENTED_EDGE('',*,*,#4208,.T.);
#3766=ORIENTED_EDGE('',*,*,#4209,.T.);
#3767=ORIENTED_EDGE('',*,*,#4134,.T.);
#3768=ORIENTED_EDGE('',*,*,#4199,.F.);
#3769=ORIENTED_EDGE('',*,*,#4210,.F.);
#3770=ORIENTED_EDGE('',*,*,#4209,.F.);
#3771=ORIENTED_EDGE('',*,*,#4211,.F.);
#3772=ORIENTED_EDGE('',*,*,#4152,.T.);
#3773=ORIENTED_EDGE('',*,*,#4137,.T.);
#3774=ORIENTED_EDGE('',*,*,#4136,.T.);
#3775=ORIENTED_EDGE('',*,*,#4212,.F.);
#3776=ORIENTED_EDGE('',*,*,#4213,.F.);
#3777=ORIENTED_EDGE('',*,*,#4157,.T.);
#3778=ORIENTED_EDGE('',*,*,#4139,.T.);
#3779=ORIENTED_EDGE('',*,*,#4214,.F.);
#3780=ORIENTED_EDGE('',*,*,#4141,.F.);
#3781=ORIENTED_EDGE('',*,*,#4156,.T.);
#3782=ORIENTED_EDGE('',*,*,#4215,.T.);
#3783=ORIENTED_EDGE('',*,*,#4216,.F.);
#3784=ORIENTED_EDGE('',*,*,#4144,.F.);
#3785=ORIENTED_EDGE('',*,*,#4143,.F.);
#3786=ORIENTED_EDGE('',*,*,#4214,.T.);
#3787=ORIENTED_EDGE('',*,*,#4217,.T.);
#3788=ORIENTED_EDGE('',*,*,#4216,.T.);
#3789=ORIENTED_EDGE('',*,*,#4218,.T.);
#3790=ORIENTED_EDGE('',*,*,#4204,.F.);
#3791=ORIENTED_EDGE('',*,*,#4146,.F.);
#3792=ORIENTED_EDGE('',*,*,#4219,.T.);
#3793=ORIENTED_EDGE('',*,*,#4148,.T.);
#3794=ORIENTED_EDGE('',*,*,#4203,.F.);
#3795=ORIENTED_EDGE('',*,*,#4220,.F.);
#3796=ORIENTED_EDGE('',*,*,#4219,.F.);
#3797=ORIENTED_EDGE('',*,*,#4221,.F.);
#3798=ORIENTED_EDGE('',*,*,#4212,.T.);
#3799=ORIENTED_EDGE('',*,*,#4151,.T.);
#3800=ORIENTED_EDGE('',*,*,#4150,.T.);
#3801=ORIENTED_EDGE('',*,*,#4222,.F.);
#3802=ORIENTED_EDGE('',*,*,#4223,.F.);
#3803=ORIENTED_EDGE('',*,*,#4153,.T.);
#3804=ORIENTED_EDGE('',*,*,#4224,.F.);
#3805=ORIENTED_EDGE('',*,*,#4225,.F.);
#3806=ORIENTED_EDGE('',*,*,#4155,.T.);
#3807=ORIENTED_EDGE('',*,*,#4226,.T.);
#3808=ORIENTED_EDGE('',*,*,#4158,.T.);
#3809=ORIENTED_EDGE('',*,*,#4213,.T.);
#3810=ORIENTED_EDGE('',*,*,#4227,.F.);
#3811=ORIENTED_EDGE('',*,*,#4228,.F.);
#3812=ORIENTED_EDGE('',*,*,#4229,.F.);
#3813=ORIENTED_EDGE('',*,*,#4230,.F.);
#3814=ORIENTED_EDGE('',*,*,#4159,.T.);
#3815=ORIENTED_EDGE('',*,*,#4228,.T.);
#3816=ORIENTED_EDGE('',*,*,#4160,.T.);
#3817=ORIENTED_EDGE('',*,*,#4230,.T.);
#3818=ORIENTED_EDGE('',*,*,#4231,.F.);
#3819=ORIENTED_EDGE('',*,*,#4180,.F.);
#3820=ORIENTED_EDGE('',*,*,#4232,.F.);
#3821=ORIENTED_EDGE('',*,*,#4233,.F.);
#3822=ORIENTED_EDGE('',*,*,#4162,.T.);
#3823=ORIENTED_EDGE('',*,*,#4223,.T.);
#3824=ORIENTED_EDGE('',*,*,#4234,.F.);
#3825=ORIENTED_EDGE('',*,*,#4235,.F.);
#3826=ORIENTED_EDGE('',*,*,#4163,.T.);
#3827=ORIENTED_EDGE('',*,*,#4236,.T.);
#3828=ORIENTED_EDGE('',*,*,#4164,.T.);
#3829=ORIENTED_EDGE('',*,*,#4235,.T.);
#3830=ORIENTED_EDGE('',*,*,#4237,.F.);
#3831=ORIENTED_EDGE('',*,*,#4238,.F.);
#3832=ORIENTED_EDGE('',*,*,#4239,.F.);
#3833=ORIENTED_EDGE('',*,*,#4240,.F.);
#3834=ORIENTED_EDGE('',*,*,#4165,.T.);
#3835=ORIENTED_EDGE('',*,*,#4238,.T.);
#3836=ORIENTED_EDGE('',*,*,#4166,.T.);
#3837=ORIENTED_EDGE('',*,*,#4240,.T.);
#3838=ORIENTED_EDGE('',*,*,#4241,.F.);
#3839=ORIENTED_EDGE('',*,*,#4242,.F.);
#3840=ORIENTED_EDGE('',*,*,#4243,.F.);
#3841=ORIENTED_EDGE('',*,*,#4244,.F.);
#3842=ORIENTED_EDGE('',*,*,#4167,.T.);
#3843=ORIENTED_EDGE('',*,*,#4242,.T.);
#3844=ORIENTED_EDGE('',*,*,#4168,.T.);
#3845=ORIENTED_EDGE('',*,*,#4244,.T.);
#3846=ORIENTED_EDGE('',*,*,#4245,.F.);
#3847=ORIENTED_EDGE('',*,*,#4246,.F.);
#3848=ORIENTED_EDGE('',*,*,#4169,.T.);
#3849=ORIENTED_EDGE('',*,*,#4246,.T.);
#3850=ORIENTED_EDGE('',*,*,#4247,.F.);
#3851=ORIENTED_EDGE('',*,*,#4248,.F.);
#3852=ORIENTED_EDGE('',*,*,#4249,.F.);
#3853=ORIENTED_EDGE('',*,*,#4250,.F.);
#3854=ORIENTED_EDGE('',*,*,#4170,.T.);
#3855=ORIENTED_EDGE('',*,*,#4248,.T.);
#3856=ORIENTED_EDGE('',*,*,#4171,.T.);
#3857=ORIENTED_EDGE('',*,*,#4250,.T.);
#3858=ORIENTED_EDGE('',*,*,#4251,.F.);
#3859=ORIENTED_EDGE('',*,*,#4252,.F.);
#3860=ORIENTED_EDGE('',*,*,#4253,.F.);
#3861=ORIENTED_EDGE('',*,*,#4254,.F.);
#3862=ORIENTED_EDGE('',*,*,#4172,.T.);
#3863=ORIENTED_EDGE('',*,*,#4252,.T.);
#3864=ORIENTED_EDGE('',*,*,#4173,.T.);
#3865=ORIENTED_EDGE('',*,*,#4254,.T.);
#3866=ORIENTED_EDGE('',*,*,#4255,.F.);
#3867=ORIENTED_EDGE('',*,*,#4256,.F.);
#3868=ORIENTED_EDGE('',*,*,#4257,.F.);
#3869=ORIENTED_EDGE('',*,*,#4258,.F.);
#3870=ORIENTED_EDGE('',*,*,#4174,.T.);
#3871=ORIENTED_EDGE('',*,*,#4256,.T.);
#3872=ORIENTED_EDGE('',*,*,#4175,.F.);
#3873=ORIENTED_EDGE('',*,*,#4259,.F.);
#3874=ORIENTED_EDGE('',*,*,#4260,.T.);
#3875=ORIENTED_EDGE('',*,*,#4261,.T.);
#3876=ORIENTED_EDGE('',*,*,#4176,.T.);
#3877=ORIENTED_EDGE('',*,*,#4261,.F.);
#3878=ORIENTED_EDGE('',*,*,#4262,.F.);
#3879=ORIENTED_EDGE('',*,*,#4263,.T.);
#3880=ORIENTED_EDGE('',*,*,#4177,.F.);
#3881=ORIENTED_EDGE('',*,*,#4263,.F.);
#3882=ORIENTED_EDGE('',*,*,#4264,.T.);
#3883=ORIENTED_EDGE('',*,*,#4265,.T.);
#3884=ORIENTED_EDGE('',*,*,#4178,.T.);
#3885=ORIENTED_EDGE('',*,*,#4265,.F.);
#3886=ORIENTED_EDGE('',*,*,#4266,.F.);
#3887=ORIENTED_EDGE('',*,*,#4259,.T.);
#3888=ORIENTED_EDGE('',*,*,#4267,.T.);
#3889=ORIENTED_EDGE('',*,*,#4182,.F.);
#3890=ORIENTED_EDGE('',*,*,#4231,.T.);
#3891=ORIENTED_EDGE('',*,*,#4268,.T.);
#3892=ORIENTED_EDGE('',*,*,#4200,.T.);
#3893=ORIENTED_EDGE('',*,*,#4183,.F.);
#3894=ORIENTED_EDGE('',*,*,#4267,.F.);
#3895=ORIENTED_EDGE('',*,*,#4269,.T.);
#3896=ORIENTED_EDGE('',*,*,#4270,.T.);
#3897=ORIENTED_EDGE('',*,*,#4271,.T.);
#3898=ORIENTED_EDGE('',*,*,#4185,.F.);
#3899=ORIENTED_EDGE('',*,*,#4272,.F.);
#3900=ORIENTED_EDGE('',*,*,#4273,.T.);
#3901=ORIENTED_EDGE('',*,*,#4274,.T.);
#3902=ORIENTED_EDGE('',*,*,#4186,.F.);
#3903=ORIENTED_EDGE('',*,*,#4275,.F.);
#3904=ORIENTED_EDGE('',*,*,#4187,.T.);
#3905=ORIENTED_EDGE('',*,*,#4274,.F.);
#3906=ORIENTED_EDGE('',*,*,#4276,.F.);
#3907=ORIENTED_EDGE('',*,*,#4277,.T.);
#3908=ORIENTED_EDGE('',*,*,#4278,.T.);
#3909=ORIENTED_EDGE('',*,*,#4279,.T.);
#3910=ORIENTED_EDGE('',*,*,#4188,.F.);
#3911=ORIENTED_EDGE('',*,*,#4277,.F.);
#3912=ORIENTED_EDGE('',*,*,#4189,.T.);
#3913=ORIENTED_EDGE('',*,*,#4279,.F.);
#3914=ORIENTED_EDGE('',*,*,#4280,.F.);
#3915=ORIENTED_EDGE('',*,*,#4281,.T.);
#3916=ORIENTED_EDGE('',*,*,#4282,.T.);
#3917=ORIENTED_EDGE('',*,*,#4283,.T.);
#3918=ORIENTED_EDGE('',*,*,#4190,.F.);
#3919=ORIENTED_EDGE('',*,*,#4281,.F.);
#3920=ORIENTED_EDGE('',*,*,#4191,.T.);
#3921=ORIENTED_EDGE('',*,*,#4283,.F.);
#3922=ORIENTED_EDGE('',*,*,#4284,.F.);
#3923=ORIENTED_EDGE('',*,*,#4285,.T.);
#3924=ORIENTED_EDGE('',*,*,#4192,.T.);
#3925=ORIENTED_EDGE('',*,*,#4285,.F.);
#3926=ORIENTED_EDGE('',*,*,#4286,.F.);
#3927=ORIENTED_EDGE('',*,*,#4287,.T.);
#3928=ORIENTED_EDGE('',*,*,#4288,.T.);
#3929=ORIENTED_EDGE('',*,*,#4289,.T.);
#3930=ORIENTED_EDGE('',*,*,#4193,.F.);
#3931=ORIENTED_EDGE('',*,*,#4287,.F.);
#3932=ORIENTED_EDGE('',*,*,#4194,.T.);
#3933=ORIENTED_EDGE('',*,*,#4289,.F.);
#3934=ORIENTED_EDGE('',*,*,#4290,.F.);
#3935=ORIENTED_EDGE('',*,*,#4291,.T.);
#3936=ORIENTED_EDGE('',*,*,#4292,.T.);
#3937=ORIENTED_EDGE('',*,*,#4293,.T.);
#3938=ORIENTED_EDGE('',*,*,#4195,.F.);
#3939=ORIENTED_EDGE('',*,*,#4291,.F.);
#3940=ORIENTED_EDGE('',*,*,#4196,.T.);
#3941=ORIENTED_EDGE('',*,*,#4293,.F.);
#3942=ORIENTED_EDGE('',*,*,#4294,.F.);
#3943=ORIENTED_EDGE('',*,*,#4295,.T.);
#3944=ORIENTED_EDGE('',*,*,#4296,.T.);
#3945=ORIENTED_EDGE('',*,*,#4297,.T.);
#3946=ORIENTED_EDGE('',*,*,#4197,.F.);
#3947=ORIENTED_EDGE('',*,*,#4295,.F.);
#3948=ORIENTED_EDGE('',*,*,#4298,.T.);
#3949=ORIENTED_EDGE('',*,*,#4299,.T.);
#3950=ORIENTED_EDGE('',*,*,#4198,.F.);
#3951=ORIENTED_EDGE('',*,*,#4300,.F.);
#3952=ORIENTED_EDGE('',*,*,#4301,.T.);
#3953=ORIENTED_EDGE('',*,*,#4302,.T.);
#3954=ORIENTED_EDGE('',*,*,#4201,.F.);
#3955=ORIENTED_EDGE('',*,*,#4269,.F.);
#3956=ORIENTED_EDGE('',*,*,#4202,.T.);
#3957=ORIENTED_EDGE('',*,*,#4302,.F.);
#3958=ORIENTED_EDGE('',*,*,#4303,.F.);
#3959=ORIENTED_EDGE('',*,*,#4220,.T.);
#3960=ORIENTED_EDGE('',*,*,#4205,.T.);
#3961=ORIENTED_EDGE('',*,*,#4304,.T.);
#3962=ORIENTED_EDGE('',*,*,#4305,.F.);
#3963=ORIENTED_EDGE('',*,*,#4306,.F.);
#3964=ORIENTED_EDGE('',*,*,#4206,.F.);
#3965=ORIENTED_EDGE('',*,*,#4306,.T.);
#3966=ORIENTED_EDGE('',*,*,#4307,.T.);
#3967=ORIENTED_EDGE('',*,*,#4308,.F.);
#3968=ORIENTED_EDGE('',*,*,#4207,.T.);
#3969=ORIENTED_EDGE('',*,*,#4308,.T.);
#3970=ORIENTED_EDGE('',*,*,#4309,.F.);
#3971=ORIENTED_EDGE('',*,*,#4310,.F.);
#3972=ORIENTED_EDGE('',*,*,#4208,.F.);
#3973=ORIENTED_EDGE('',*,*,#4310,.T.);
#3974=ORIENTED_EDGE('',*,*,#4311,.T.);
#3975=ORIENTED_EDGE('',*,*,#4304,.F.);
#3976=ORIENTED_EDGE('',*,*,#4210,.T.);
#3977=ORIENTED_EDGE('',*,*,#4299,.F.);
#3978=ORIENTED_EDGE('',*,*,#4312,.F.);
#3979=ORIENTED_EDGE('',*,*,#4312,.T.);
#3980=ORIENTED_EDGE('',*,*,#4313,.F.);
#3981=ORIENTED_EDGE('',*,*,#4222,.T.);
#3982=ORIENTED_EDGE('',*,*,#4211,.T.);
#3983=ORIENTED_EDGE('',*,*,#4225,.T.);
#3984=ORIENTED_EDGE('',*,*,#4314,.F.);
#3985=ORIENTED_EDGE('',*,*,#4215,.F.);
#3986=ORIENTED_EDGE('',*,*,#4315,.T.);
#3987=ORIENTED_EDGE('',*,*,#4217,.F.);
#3988=ORIENTED_EDGE('',*,*,#4314,.T.);
#3989=ORIENTED_EDGE('',*,*,#4316,.T.);
#3990=ORIENTED_EDGE('',*,*,#4218,.F.);
#3991=ORIENTED_EDGE('',*,*,#4315,.F.);
#3992=ORIENTED_EDGE('',*,*,#4272,.T.);
#3993=ORIENTED_EDGE('',*,*,#4303,.T.);
#3994=ORIENTED_EDGE('',*,*,#4317,.F.);
#3995=ORIENTED_EDGE('',*,*,#4227,.T.);
#3996=ORIENTED_EDGE('',*,*,#4221,.T.);
#3997=ORIENTED_EDGE('',*,*,#4270,.F.);
#3998=ORIENTED_EDGE('',*,*,#4316,.F.);
#3999=ORIENTED_EDGE('',*,*,#4224,.T.);
#4000=ORIENTED_EDGE('',*,*,#4318,.T.);
#4001=ORIENTED_EDGE('',*,*,#4319,.F.);
#4002=ORIENTED_EDGE('',*,*,#4226,.F.);
#4003=ORIENTED_EDGE('',*,*,#4258,.T.);
#4004=ORIENTED_EDGE('',*,*,#4301,.F.);
#4005=ORIENTED_EDGE('',*,*,#4268,.F.);
#4006=ORIENTED_EDGE('',*,*,#4229,.T.);
#4007=ORIENTED_EDGE('',*,*,#4317,.T.);
#4008=ORIENTED_EDGE('',*,*,#4298,.F.);
#4009=ORIENTED_EDGE('',*,*,#4320,.F.);
#4010=ORIENTED_EDGE('',*,*,#4232,.T.);
#4011=ORIENTED_EDGE('',*,*,#4313,.T.);
#4012=ORIENTED_EDGE('',*,*,#4233,.T.);
#4013=ORIENTED_EDGE('',*,*,#4321,.F.);
#4014=ORIENTED_EDGE('',*,*,#4236,.F.);
#4015=ORIENTED_EDGE('',*,*,#4296,.F.);
#4016=ORIENTED_EDGE('',*,*,#4322,.F.);
#4017=ORIENTED_EDGE('',*,*,#4234,.T.);
#4018=ORIENTED_EDGE('',*,*,#4323,.T.);
#4019=ORIENTED_EDGE('',*,*,#4294,.T.);
#4020=ORIENTED_EDGE('',*,*,#4324,.F.);
#4021=ORIENTED_EDGE('',*,*,#4237,.T.);
#4022=ORIENTED_EDGE('',*,*,#4322,.T.);
#4023=ORIENTED_EDGE('',*,*,#4292,.F.);
#4024=ORIENTED_EDGE('',*,*,#4325,.F.);
#4025=ORIENTED_EDGE('',*,*,#4239,.T.);
#4026=ORIENTED_EDGE('',*,*,#4324,.T.);
#4027=ORIENTED_EDGE('',*,*,#4290,.T.);
#4028=ORIENTED_EDGE('',*,*,#4326,.F.);
#4029=ORIENTED_EDGE('',*,*,#4241,.T.);
#4030=ORIENTED_EDGE('',*,*,#4325,.T.);
#4031=ORIENTED_EDGE('',*,*,#4288,.F.);
#4032=ORIENTED_EDGE('',*,*,#4327,.F.);
#4033=ORIENTED_EDGE('',*,*,#4243,.T.);
#4034=ORIENTED_EDGE('',*,*,#4326,.T.);
#4035=ORIENTED_EDGE('',*,*,#4286,.T.);
#4036=ORIENTED_EDGE('',*,*,#4328,.F.);
#4037=ORIENTED_EDGE('',*,*,#4245,.T.);
#4038=ORIENTED_EDGE('',*,*,#4327,.T.);
#4039=ORIENTED_EDGE('',*,*,#4284,.T.);
#4040=ORIENTED_EDGE('',*,*,#4329,.F.);
#4041=ORIENTED_EDGE('',*,*,#4247,.T.);
#4042=ORIENTED_EDGE('',*,*,#4328,.T.);
#4043=ORIENTED_EDGE('',*,*,#4282,.F.);
#4044=ORIENTED_EDGE('',*,*,#4330,.F.);
#4045=ORIENTED_EDGE('',*,*,#4249,.T.);
#4046=ORIENTED_EDGE('',*,*,#4329,.T.);
#4047=ORIENTED_EDGE('',*,*,#4280,.T.);
#4048=ORIENTED_EDGE('',*,*,#4331,.F.);
#4049=ORIENTED_EDGE('',*,*,#4251,.T.);
#4050=ORIENTED_EDGE('',*,*,#4330,.T.);
#4051=ORIENTED_EDGE('',*,*,#4278,.F.);
#4052=ORIENTED_EDGE('',*,*,#4332,.F.);
#4053=ORIENTED_EDGE('',*,*,#4253,.T.);
#4054=ORIENTED_EDGE('',*,*,#4331,.T.);
#4055=ORIENTED_EDGE('',*,*,#4276,.T.);
#4056=ORIENTED_EDGE('',*,*,#4333,.F.);
#4057=ORIENTED_EDGE('',*,*,#4255,.T.);
#4058=ORIENTED_EDGE('',*,*,#4332,.T.);
#4059=ORIENTED_EDGE('',*,*,#4273,.F.);
#4060=ORIENTED_EDGE('',*,*,#4334,.F.);
#4061=ORIENTED_EDGE('',*,*,#4257,.T.);
#4062=ORIENTED_EDGE('',*,*,#4333,.T.);
#4063=ORIENTED_EDGE('',*,*,#4260,.F.);
#4064=ORIENTED_EDGE('',*,*,#4335,.F.);
#4065=ORIENTED_EDGE('',*,*,#4307,.F.);
#4066=ORIENTED_EDGE('',*,*,#4336,.T.);
#4067=ORIENTED_EDGE('',*,*,#4262,.T.);
#4068=ORIENTED_EDGE('',*,*,#4336,.F.);
#4069=ORIENTED_EDGE('',*,*,#4305,.T.);
#4070=ORIENTED_EDGE('',*,*,#4337,.T.);
#4071=ORIENTED_EDGE('',*,*,#4264,.F.);
#4072=ORIENTED_EDGE('',*,*,#4337,.F.);
#4073=ORIENTED_EDGE('',*,*,#4311,.F.);
#4074=ORIENTED_EDGE('',*,*,#4338,.T.);
#4075=ORIENTED_EDGE('',*,*,#4266,.T.);
#4076=ORIENTED_EDGE('',*,*,#4338,.F.);
#4077=ORIENTED_EDGE('',*,*,#4309,.T.);
#4078=ORIENTED_EDGE('',*,*,#4335,.T.);
#4079=ORIENTED_EDGE('',*,*,#4275,.T.);
#4080=ORIENTED_EDGE('',*,*,#4271,.F.);
#4081=ORIENTED_EDGE('',*,*,#4339,.F.);
#4082=ORIENTED_EDGE('',*,*,#4297,.F.);
#4083=ORIENTED_EDGE('',*,*,#4340,.F.);
#4084=ORIENTED_EDGE('',*,*,#4300,.T.);
#4085=ORIENTED_EDGE('',*,*,#4339,.T.);
#4086=ORIENTED_EDGE('',*,*,#4318,.F.);
#4087=ORIENTED_EDGE('',*,*,#4319,.T.);
#4088=ORIENTED_EDGE('',*,*,#4334,.T.);
#4089=ORIENTED_EDGE('',*,*,#4340,.T.);
#4090=ORIENTED_EDGE('',*,*,#4323,.F.);
#4091=ORIENTED_EDGE('',*,*,#4321,.T.);
#4092=ORIENTED_EDGE('',*,*,#4320,.T.);
#4093=EDGE_CURVE('',#4341,#4342,#4343,.T.);
#4094=EDGE_CURVE('',#4341,#4342,#4344,.T.);
#4095=EDGE_CURVE('',#4342,#4345,#4346,.F.);
#4096=EDGE_CURVE('',#4345,#4347,#4348,.T.);
#4097=EDGE_CURVE('',#4347,#4349,#4350,.T.);
#4098=EDGE_CURVE('',#4349,#4341,#4351,.T.);
#4099=EDGE_CURVE('',#4352,#4353,#4354,.F.);
#4100=EDGE_CURVE('',#4353,#4355,#4356,.F.);
#4101=EDGE_CURVE('',#4355,#4357,#4358,.F.);
#4102=EDGE_CURVE('',#4357,#4359,#4360,.F.);
#4103=EDGE_CURVE('',#4359,#4361,#4362,.T.);
#4104=EDGE_CURVE('',#4361,#4363,#4364,.T.);
#4105=EDGE_CURVE('',#4363,#4352,#4365,.F.);
#4106=EDGE_CURVE('',#4366,#4367,#4368,.T.);
#4107=EDGE_CURVE('',#4369,#4367,#4370,.F.);
#4108=EDGE_CURVE('',#4366,#4369,#4371,.F.);
#4109=EDGE_CURVE('',#4372,#4373,#4374,.F.);
#4110=EDGE_CURVE('',#4373,#4375,#4376,.T.);
#4111=EDGE_CURVE('',#4375,#4377,#4378,.T.);
#4112=EDGE_CURVE('',#4377,#4379,#4380,.T.);
#4113=EDGE_CURVE('',#4379,#4381,#4382,.T.);
#4114=EDGE_CURVE('',#4381,#4383,#4384,.T.);
#4115=EDGE_CURVE('',#4383,#4372,#4385,.F.);
#4116=EDGE_CURVE('',#4386,#4387,#4388,.T.);
#4117=EDGE_CURVE('',#4369,#4387,#4389,.T.);
#4118=EDGE_CURVE('',#4367,#4390,#4391,.F.);
#4119=EDGE_CURVE('',#4390,#4392,#4393,.F.);
#4120=EDGE_CURVE('',#4392,#4386,#4394,.F.);
#4121=EDGE_CURVE('',#4387,#4366,#4395,.F.);
#4122=EDGE_CURVE('',#4390,#4386,#4396,.T.);
#4123=EDGE_CURVE('',#4345,#4349,#4397,.T.);
#4124=EDGE_CURVE('',#4398,#4359,#4399,.T.);
#4125=EDGE_CURVE('',#4400,#4398,#4401,.F.);
#4126=EDGE_CURVE('',#4400,#4402,#4403,.T.);
#4127=EDGE_CURVE('',#4402,#4404,#4405,.F.);
#4128=EDGE_CURVE('',#4363,#4404,#4406,.T.);
#4129=EDGE_CURVE('',#4404,#4352,#4407,.T.);
#4130=EDGE_CURVE('',#4352,#4408,#4409,.T.);
#4131=EDGE_CURVE('',#4353,#4408,#4410,.T.);
#4132=EDGE_CURVE('',#4408,#4411,#4412,.T.);
#4133=EDGE_CURVE('',#4413,#4411,#4414,.T.);
#4134=EDGE_CURVE('',#4415,#4413,#4416,.T.);
#4135=EDGE_CURVE('',#4415,#4355,#4417,.T.);
#4136=EDGE_CURVE('',#4357,#4415,#4418,.T.);
#4137=EDGE_CURVE('',#4398,#4357,#4419,.T.);
#4138=EDGE_CURVE('',#4420,#4383,#4421,.T.);
#4139=EDGE_CURVE('',#4422,#4420,#4423,.F.);
#4140=EDGE_CURVE('',#4422,#4424,#4425,.T.);
#4141=EDGE_CURVE('',#4424,#4426,#4427,.F.);
#4142=EDGE_CURVE('',#4373,#4426,#4428,.T.);
#4143=EDGE_CURVE('',#4426,#4375,#4429,.T.);
#4144=EDGE_CURVE('',#4375,#4430,#4431,.T.);
#4145=EDGE_CURVE('',#4377,#4430,#4432,.T.);
#4146=EDGE_CURVE('',#4430,#4433,#4434,.T.);
#4147=EDGE_CURVE('',#4435,#4433,#4436,.T.);
#4148=EDGE_CURVE('',#4437,#4435,#4438,.T.);
#4149=EDGE_CURVE('',#4437,#4379,#4439,.T.);
#4150=EDGE_CURVE('',#4381,#4437,#4440,.T.);
#4151=EDGE_CURVE('',#4420,#4381,#4441,.T.);
#4152=EDGE_CURVE('',#4442,#4398,#4443,.T.);
#4153=EDGE_CURVE('',#4444,#4442,#4445,.T.);
#4154=EDGE_CURVE('',#4444,#4400,#4446,.T.);
#4155=EDGE_CURVE('',#4447,#4448,#4449,.T.);
#4156=EDGE_CURVE('',#4424,#4447,#4450,.T.);
#4157=EDGE_CURVE('',#4451,#4422,#4452,.T.);
#4158=EDGE_CURVE('',#4453,#4451,#4454,.F.);
#4159=EDGE_CURVE('',#4455,#4453,#4456,.T.);
#4160=EDGE_CURVE('',#4457,#4455,#4458,.F.);
#4161=EDGE_CURVE('',#4402,#4457,#4459,.T.);
#4162=EDGE_CURVE('',#4460,#4444,#4461,.T.);
#4163=EDGE_CURVE('',#4462,#4460,#4463,.T.);
#4164=EDGE_CURVE('',#4464,#4462,#4465,.F.);
#4165=EDGE_CURVE('',#4466,#4464,#4467,.T.);
#4166=EDGE_CURVE('',#4468,#4466,#4469,.F.);
#4167=EDGE_CURVE('',#4470,#4468,#4471,.T.);
#4168=EDGE_CURVE('',#4472,#4470,#4473,.F.);
#4169=EDGE_CURVE('',#4474,#4472,#4475,.F.);
#4170=EDGE_CURVE('',#4476,#4474,#4477,.T.);
#4171=EDGE_CURVE('',#4478,#4476,#4479,.F.);
#4172=EDGE_CURVE('',#4480,#4478,#4481,.T.);
#4173=EDGE_CURVE('',#4482,#4480,#4483,.F.);
#4174=EDGE_CURVE('',#4448,#4482,#4484,.T.);
#4175=EDGE_CURVE('',#4485,#4486,#4487,.T.);
#4176=EDGE_CURVE('',#4488,#4486,#4489,.F.);
#4177=EDGE_CURVE('',#4488,#4490,#4491,.T.);
#4178=EDGE_CURVE('',#4485,#4490,#4492,.F.);
#4179=EDGE_CURVE('',#4404,#4493,#4494,.T.);
#4180=EDGE_CURVE('',#4457,#4493,#4495,.F.);
#4181=EDGE_CURVE('',#4408,#4496,#4497,.T.);
#4182=EDGE_CURVE('',#4493,#4496,#4498,.T.);
#4183=EDGE_CURVE('',#4496,#4499,#4500,.T.);
#4184=EDGE_CURVE('',#4411,#4499,#4501,.T.);
#4185=EDGE_CURVE('',#4502,#4503,#4504,.T.);
#4186=EDGE_CURVE('',#4503,#4505,#4506,.T.);
#4187=EDGE_CURVE('',#4507,#4505,#4508,.F.);
#4188=EDGE_CURVE('',#4507,#4509,#4510,.T.);
#4189=EDGE_CURVE('',#4511,#4509,#4512,.F.);
#4190=EDGE_CURVE('',#4511,#4513,#4514,.T.);
#4191=EDGE_CURVE('',#4515,#4513,#4516,.F.);
#4192=EDGE_CURVE('',#4517,#4515,#4518,.F.);
#4193=EDGE_CURVE('',#4517,#4519,#4520,.T.);
#4194=EDGE_CURVE('',#4521,#4519,#4522,.F.);
#4195=EDGE_CURVE('',#4521,#4523,#4524,.T.);
#4196=EDGE_CURVE('',#4525,#4523,#4526,.F.);
#4197=EDGE_CURVE('',#4525,#4527,#4528,.T.);
#4198=EDGE_CURVE('',#4527,#4529,#4530,.T.);
#4199=EDGE_CURVE('',#4529,#4413,#4531,.T.);
#4200=EDGE_CURVE('',#4532,#4499,#4533,.F.);
#4201=EDGE_CURVE('',#4532,#4534,#4535,.T.);
#4202=EDGE_CURVE('',#4536,#4534,#4537,.F.);
#4203=EDGE_CURVE('',#4536,#4435,#4538,.T.);
#4204=EDGE_CURVE('',#4433,#4502,#4539,.T.);
#4205=EDGE_CURVE('',#4540,#4541,#4542,.F.);
#4206=EDGE_CURVE('',#4540,#4543,#4544,.F.);
#4207=EDGE_CURVE('',#4545,#4543,#4546,.F.);
#4208=EDGE_CURVE('',#4545,#4541,#4547,.F.);
#4209=EDGE_CURVE('',#4548,#4415,#4549,.T.);
#4210=EDGE_CURVE('',#4548,#4529,#4550,.F.);
#4211=EDGE_CURVE('',#4442,#4548,#4551,.T.);
#4212=EDGE_CURVE('',#4552,#4420,#4553,.T.);
#4213=EDGE_CURVE('',#4451,#4552,#4554,.T.);
#4214=EDGE_CURVE('',#4426,#4555,#4556,.T.);
#4215=EDGE_CURVE('',#4447,#4555,#4557,.T.);
#4216=EDGE_CURVE('',#4430,#4558,#4559,.T.);
#4217=EDGE_CURVE('',#4555,#4558,#4560,.T.);
#4218=EDGE_CURVE('',#4558,#4502,#4561,.F.);
#4219=EDGE_CURVE('',#4562,#4437,#4563,.T.);
#4220=EDGE_CURVE('',#4562,#4536,#4564,.F.);
#4221=EDGE_CURVE('',#4552,#4562,#4565,.T.);
#4222=EDGE_CURVE('',#4566,#4442,#4567,.F.);
#4223=EDGE_CURVE('',#4444,#4566,#4568,.T.);
#4224=EDGE_CURVE('',#4569,#4570,#4571,.T.);
#4225=EDGE_CURVE('',#4447,#4569,#4572,.T.);
#4226=EDGE_CURVE('',#4448,#4570,#4573,.T.);
#4227=EDGE_CURVE('',#4574,#4552,#4575,.F.);
#4228=EDGE_CURVE('',#4453,#4574,#4576,.F.);
#4229=EDGE_CURVE('',#4577,#4574,#4578,.T.);
#4230=EDGE_CURVE('',#4455,#4577,#4579,.T.);
#4231=EDGE_CURVE('',#4493,#4577,#4580,.F.);
#4232=EDGE_CURVE('',#4581,#4566,#4582,.T.);
#4233=EDGE_CURVE('',#4460,#4581,#4583,.T.);
#4234=EDGE_CURVE('',#4584,#4585,#4586,.T.);
#4235=EDGE_CURVE('',#4462,#4584,#4587,.T.);
#4236=EDGE_CURVE('',#4460,#4585,#4588,.T.);
#4237=EDGE_CURVE('',#4589,#4584,#4590,.F.);
#4238=EDGE_CURVE('',#4464,#4589,#4591,.F.);
#4239=EDGE_CURVE('',#4592,#4589,#4593,.T.);
#4240=EDGE_CURVE('',#4466,#4592,#4594,.T.);
#4241=EDGE_CURVE('',#4595,#4592,#4596,.F.);
#4242=EDGE_CURVE('',#4468,#4595,#4597,.F.);
#4243=EDGE_CURVE('',#4598,#4595,#4599,.T.);
#4244=EDGE_CURVE('',#4470,#4598,#4600,.T.);
#4245=EDGE_CURVE('',#4601,#4598,#4602,.F.);
#4246=EDGE_CURVE('',#4472,#4601,#4603,.T.);
#4247=EDGE_CURVE('',#4604,#4601,#4605,.F.);
#4248=EDGE_CURVE('',#4474,#4604,#4606,.F.);
#4249=EDGE_CURVE('',#4607,#4604,#4608,.T.);
#4250=EDGE_CURVE('',#4476,#4607,#4609,.T.);
#4251=EDGE_CURVE('',#4610,#4607,#4611,.F.);
#4252=EDGE_CURVE('',#4478,#4610,#4612,.F.);
#4253=EDGE_CURVE('',#4613,#4610,#4614,.T.);
#4254=EDGE_CURVE('',#4480,#4613,#4615,.T.);
#4255=EDGE_CURVE('',#4616,#4613,#4617,.F.);
#4256=EDGE_CURVE('',#4482,#4616,#4618,.F.);
#4257=EDGE_CURVE('',#4619,#4616,#4620,.T.);
#4258=EDGE_CURVE('',#4448,#4619,#4621,.T.);
#4259=EDGE_CURVE('',#4622,#4485,#4623,.F.);
#4260=EDGE_CURVE('',#4622,#4624,#4625,.T.);
#4261=EDGE_CURVE('',#4624,#4486,#4626,.F.);
#4262=EDGE_CURVE('',#4627,#4624,#4628,.F.);
#4263=EDGE_CURVE('',#4627,#4488,#4629,.F.);
#4264=EDGE_CURVE('',#4627,#4630,#4631,.T.);
#4265=EDGE_CURVE('',#4630,#4490,#4632,.F.);
#4266=EDGE_CURVE('',#4622,#4630,#4633,.F.);
#4267=EDGE_CURVE('',#4634,#4496,#4635,.F.);
#4268=EDGE_CURVE('',#4577,#4634,#4636,.T.);
#4269=EDGE_CURVE('',#4634,#4532,#4637,.F.);
#4270=EDGE_CURVE('',#4638,#4639,#4640,.T.);
#4271=EDGE_CURVE('',#4639,#4503,#4641,.F.);
#4272=EDGE_CURVE('',#4638,#4502,#4642,.F.);
#4273=EDGE_CURVE('',#4643,#4644,#4645,.T.);
#4274=EDGE_CURVE('',#4644,#4505,#4646,.T.);
#4275=EDGE_CURVE('',#4643,#4503,#4647,.F.);
#4276=EDGE_CURVE('',#4648,#4644,#4649,.F.);
#4277=EDGE_CURVE('',#4648,#4507,#4650,.F.);
#4278=EDGE_CURVE('',#4648,#4651,#4652,.T.);
#4279=EDGE_CURVE('',#4651,#4509,#4653,.T.);
#4280=EDGE_CURVE('',#4654,#4651,#4655,.F.);
#4281=EDGE_CURVE('',#4654,#4511,#4656,.F.);
#4282=EDGE_CURVE('',#4654,#4657,#4658,.T.);
#4283=EDGE_CURVE('',#4657,#4513,#4659,.T.);
#4284=EDGE_CURVE('',#4660,#4657,#4661,.F.);
#4285=EDGE_CURVE('',#4660,#4515,#4662,.F.);
#4286=EDGE_CURVE('',#4663,#4660,#4664,.F.);
#4287=EDGE_CURVE('',#4663,#4517,#4665,.F.);
#4288=EDGE_CURVE('',#4663,#4666,#4667,.T.);
#4289=EDGE_CURVE('',#4666,#4519,#4668,.T.);
#4290=EDGE_CURVE('',#4669,#4666,#4670,.F.);
#4291=EDGE_CURVE('',#4669,#4521,#4671,.F.);
#4292=EDGE_CURVE('',#4669,#4672,#4673,.T.);
#4293=EDGE_CURVE('',#4672,#4523,#4674,.T.);
#4294=EDGE_CURVE('',#4675,#4672,#4676,.F.);
#4295=EDGE_CURVE('',#4675,#4525,#4677,.F.);
#4296=EDGE_CURVE('',#4675,#4678,#4679,.T.);
#4297=EDGE_CURVE('',#4678,#4527,#4680,.F.);
#4298=EDGE_CURVE('',#4681,#4682,#4683,.T.);
#4299=EDGE_CURVE('',#4682,#4529,#4684,.F.);
#4300=EDGE_CURVE('',#4681,#4527,#4685,.F.);
#4301=EDGE_CURVE('',#4634,#4686,#4687,.T.);
#4302=EDGE_CURVE('',#4686,#4534,#4688,.T.);
#4303=EDGE_CURVE('',#4562,#4686,#4689,.F.);
#4304=EDGE_CURVE('',#4541,#4690,#4691,.T.);
#4305=EDGE_CURVE('',#4692,#4690,#4693,.F.);
#4306=EDGE_CURVE('',#4540,#4692,#4694,.T.);
#4307=EDGE_CURVE('',#4692,#4695,#4696,.F.);
#4308=EDGE_CURVE('',#4543,#4695,#4697,.T.);
#4309=EDGE_CURVE('',#4698,#4695,#4699,.F.);
#4310=EDGE_CURVE('',#4545,#4698,#4700,.T.);
#4311=EDGE_CURVE('',#4698,#4690,#4701,.F.);
#4312=EDGE_CURVE('',#4548,#4682,#4702,.F.);
#4313=EDGE_CURVE('',#4566,#4682,#4703,.T.);
#4314=EDGE_CURVE('',#4555,#4569,#4704,.F.);
#4315=EDGE_CURVE('',#4638,#4558,#4705,.F.);
#4316=EDGE_CURVE('',#4569,#4638,#4706,.T.);
#4317=EDGE_CURVE('',#4574,#4686,#4707,.T.);
#4318=EDGE_CURVE('',#4570,#4639,#4708,.T.);
#4319=EDGE_CURVE('',#4570,#4619,#4709,.F.);
#4320=EDGE_CURVE('',#4581,#4681,#4710,.T.);
#4321=EDGE_CURVE('',#4585,#4581,#4711,.F.);
#4322=EDGE_CURVE('',#4584,#4675,#4712,.T.);
#4323=EDGE_CURVE('',#4585,#4678,#4713,.T.);
#4324=EDGE_CURVE('',#4589,#4672,#4714,.T.);
#4325=EDGE_CURVE('',#4592,#4669,#4715,.T.);
#4326=EDGE_CURVE('',#4595,#4666,#4716,.T.);
#4327=EDGE_CURVE('',#4598,#4663,#4717,.T.);
#4328=EDGE_CURVE('',#4601,#4660,#4718,.T.);
#4329=EDGE_CURVE('',#4604,#4657,#4719,.T.);
#4330=EDGE_CURVE('',#4607,#4654,#4720,.T.);
#4331=EDGE_CURVE('',#4610,#4651,#4721,.T.);
#4332=EDGE_CURVE('',#4613,#4648,#4722,.T.);
#4333=EDGE_CURVE('',#4616,#4644,#4723,.T.);
#4334=EDGE_CURVE('',#4619,#4643,#4724,.T.);
#4335=EDGE_CURVE('',#4695,#4622,#4725,.T.);
#4336=EDGE_CURVE('',#4692,#4624,#4726,.T.);
#4337=EDGE_CURVE('',#4690,#4627,#4727,.T.);
#4338=EDGE_CURVE('',#4698,#4630,#4728,.T.);
#4339=EDGE_CURVE('',#4643,#4639,#4729,.F.);
#4340=EDGE_CURVE('',#4681,#4678,#4730,.F.);
#4341=VERTEX_POINT('',#4731);
#4342=VERTEX_POINT('',#4732);
#4343=LINE('',#4733,#4734);
#4344=CIRCLE('',#4736,2.25);
#4345=VERTEX_POINT('',#4740);
#4346=LINE('',#4741,#4742);
#4347=VERTEX_POINT('',#4744);
#4348=CIRCLE('',#4745,2.25);
#4349=VERTEX_POINT('',#4749);
#4350=CIRCLE('',#4750,2.25);
#4351=LINE('',#4754,#4755);
#4352=VERTEX_POINT('',#4757);
#4353=VERTEX_POINT('',#4758);
#4354=CIRCLE('',#4759,2.25);
#4355=VERTEX_POINT('',#4763);
#4356=B_SPLINE_CURVE_WITH_KNOTS('',3,
(#4764,#4765,#4766,#4767,#4768,#4769,#4770,#4771,#4772,#4773,#4774,#4775,#4776,#4777,
#4778,#4779,#4780,#4781,#4782,#4783,#4784,#4785,#4786,#4787,#4788,#4789,#4790,#4791,
#4792,#4793,#4794,#4795,#4796,#4797,#4798,#4799,#4800,#4801,#4802,#4803,#4804,#4805,
#4806,#4807,#4808),
.UNSPECIFIED.,.F.,.F.,
(4,1,1,1,1,1,1,1,1,1,1,1,1,1,1,1,1,1,1,1,1,1,1,1,1,1,1,1,1,1,1,1,1,1,1,1,1,1,1,1,
1,1,4),
(0.,0.0134812315159637,0.0272171271198533,0.041169745581231,0.055503256407411,0.07000973219436,
0.0849438294921574,0.100151082292368,0.115653961167179,0.131177478430898,0.14703448427124,
0.16318627348298,0.179887611719436,0.196818260759411,0.214426396513478,0.23247059618629,
0.251152460271908,0.27004127312918,0.289594568686869,0.30961630755302,0.330350028356977,
0.351338719061922,0.375390817005123,0.402234087090827,0.44224319037797,0.492999218337701,
0.499981120778559,0.544546652649571,0.586667709017646,0.629942170414609,0.673444422314291,
0.717268747693532,0.747694923172744,0.775421775708773,0.800424113908488,0.825407973306561,
0.85037703388874,0.875353793300187,0.900361374415606,0.925418192948559,0.950486663920295,
0.975371077012111,1.),
.UNSPECIFIED.);
#4357=VERTEX_POINT('',#4809);
#4358=CIRCLE('',#4810,2.25);
#4359=VERTEX_POINT('',#4814);
#4360=CIRCLE('',#4815,2.25);
#4361=VERTEX_POINT('',#4819);
#4362=B_SPLINE_CURVE_WITH_KNOTS('',3,
(#4820,#4821,#4822,#4823,#4824,#4825,#4826,#4827,#4828,#4829,#4830,#4831,#4832,#4833,
#4834,#4835,#4836,#4837,#4838,#4839,#4840,#4841,#4842,#4843,#4844,#4845,#4846,#4847,
#4848,#4849,#4850,#4851,#4852,#4853,#4854,#4855,#4856),
.UNSPECIFIED.,.F.,.F.,
(4,1,1,1,1,1,1,1,1,1,1,1,1,1,1,1,1,1,1,1,1,1,1,1,1,1,1,1,1,1,1,1,1,1,4),
(0.,0.0194905902167828,0.0392843695453579,0.0593358894847127,0.0797664379265411,
0.100408929179736,0.12154758237651,0.142962292306959,0.164697175603666,0.186495722779986,
0.208957281077578,0.231987014861407,0.256055000173939,0.280580298410941,0.306394317475057,
0.33303132208445,0.360852540703169,0.389032654923478,0.418135313239131,0.447813335255307,
0.478286288145387,0.508984508791981,0.539920998015442,0.570879483368973,0.601665863434046,
0.632250413746047,0.661985579189115,0.69105345209859,0.719034297752341,0.746582103698926,
0.775526403108137,0.806314411229711,0.853225051345652,0.917798782291328,1.),
.UNSPECIFIED.);
#4363=VERTEX_POINT('',#4857);
#4364=B_SPLINE_CURVE_WITH_KNOTS('',3,
(#4858,#4859,#4860,#4861,#4862,#4863,#4864,#4865,#4866,#4867,#4868,#4869,#4870,#4871,
#4872,#4873,#4874,#4875,#4876,#4877,#4878,#4879,#4880,#4881),
.UNSPECIFIED.,.F.,.F.,
(4,1,1,1,1,1,1,1,1,1,1,1,1,1,1,1,1,1,1,1,1,4),
(0.,0.0592979259401863,0.117966586799392,0.175967431797381,0.251003531654704,0.341170366956434,
0.445248134126466,0.526878739410381,0.588682666311357,0.630847759023994,0.671771439280979,
0.709567290026007,0.745510457475081,0.779014359157043,0.812009153729761,0.843151645129639,
0.872901599014889,0.900423995781325,0.927156568575909,0.952337854545373,0.976636840435741,
1.),
.UNSPECIFIED.);
#4365=CIRCLE('',#4882,2.25);
#4366=VERTEX_POINT('',#4886);
#4367=VERTEX_POINT('',#4887);
#4368=LINE('',#4888,#4889);
#4369=VERTEX_POINT('',#4891);
#4370=(BOUNDED_CURVE()B_SPLINE_CURVE(3,
(#4892,#4893,#4894,#4895),
.UNSPECIFIED.,.F.,.F.)B_SPLINE_CURVE_WITH_KNOTS((4,4),
(0.,1.),
.UNSPECIFIED.)CURVE()GEOMETRIC_REPRESENTATION_ITEM()RATIONAL_B_SPLINE_CURVE((1.,
0.544151844011225,0.544151844011225,1.))REPRESENTATION_ITEM(''));
#4371=LINE('',#4896,#4897);
#4372=VERTEX_POINT('',#4899);
#4373=VERTEX_POINT('',#4900);
#4374=B_SPLINE_CURVE_WITH_KNOTS('',3,
(#4901,#4902,#4903,#4904,#4905,#4906,#4907,#4908,#4909,#4910,#4911,#4912,#4913,#4914,
#4915,#4916,#4917,#4918,#4919,#4920,#4921,#4922,#4923,#4924,#4925,#4926),
.UNSPECIFIED.,.F.,.F.,
(4,1,1,1,1,1,1,1,1,1,1,1,1,1,1,1,1,1,1,1,1,1,1,4),
(0.,0.0427728683600013,0.0861090300457274,0.129737094678409,0.173704821937107,0.217572533549853,
0.275392895836776,0.332795775865039,0.389819329962286,0.432153511314362,0.47424523823034,
0.515993620768583,0.557647947547021,0.598950568542938,0.640015266008103,0.680719395306714,
0.721284656176804,0.761555265459275,0.801695952435755,0.841616842145577,0.881460910965515,
0.921110121008114,0.960628401770327,1.),
.UNSPECIFIED.);
#4375=VERTEX_POINT('',#4927);
#4376=CIRCLE('',#4928,2.25);
#4377=VERTEX_POINT('',#4932);
#4378=CIRCLE('',#4933,2.25);
#4379=VERTEX_POINT('',#4937);
#4380=B_SPLINE_CURVE_WITH_KNOTS('',3,
(#4938,#4939,#4940,#4941,#4942,#4943,#4944,#4945,#4946,#4947,#4948,#4949,#4950,#4951,
#4952,#4953,#4954,#4955,#4956,#4957,#4958,#4959,#4960,#4961,#4962,#4963,#4964,#4965,
#4966,#4967,#4968,#4969,#4970,#4971,#4972,#4973,#4974,#4975,#4976,#4977,#4978,#4979,
#4980,#4981,#4982),
.UNSPECIFIED.,.F.,.F.,
(4,1,1,1,1,1,1,1,1,1,1,1,1,1,1,1,1,1,1,1,1,1,1,1,1,1,1,1,1,1,1,1,1,1,1,1,1,1,1,1,
1,1,4),
(0.,0.0134812315159637,0.0272171271198527,0.0411697455812287,0.0555032564074076,
0.0700097321943564,0.0849438294921536,0.100151082292364,0.115653961167175,0.131177478430895,
0.147034484271236,0.163186273482975,0.179887611719431,0.196818260759406,0.214426396513473,
0.232470596186285,0.251152460271904,0.270041273129175,0.289594568686864,0.309616307553016,
0.330350028356973,0.351338719061918,0.375390817005119,0.402234087090823,0.442243190377965,
0.4929992183377,0.499981120778538,0.544546652649572,0.586667709017646,0.629942170414611,
0.673444422314294,0.717268747693533,0.747694923172744,0.775421775708771,0.800424113908485,
0.825407973306557,0.850377033888738,0.875353793300184,0.900361374415605,0.925418192948559,
0.950486663920293,0.975371077012111,1.),
.UNSPECIFIED.);
#4381=VERTEX_POINT('',#4983);
#4382=CIRCLE('',#4984,2.25);
#4383=VERTEX_POINT('',#4988);
#4384=CIRCLE('',#4989,2.25);
#4385=B_SPLINE_CURVE_WITH_KNOTS('',3,
(#4993,#4994,#4995,#4996,#4997,#4998,#4999,#5000,#5001,#5002,#5003,#5004,#5005,#5006,
#5007,#5008,#5009,#5010,#5011,#5012,#5013,#5014,#5015),
.UNSPECIFIED.,.F.,.F.,
(4,1,1,1,1,1,1,1,1,1,1,1,1,1,1,1,1,1,1,1,4),
(0.,0.0981555423782603,0.175941800292331,0.250993893784339,0.34116455036925,0.445243603926176,
0.526875176795278,0.588679892786421,0.630845535015039,0.671769746180473,0.709566068324567,
0.745509658860531,0.779013905545,0.812009000594957,0.843151702968866,0.872901804710908,
0.90042426030259,0.927156848101204,0.952338081189707,0.97663697330869,1.),
.UNSPECIFIED.);
#4386=VERTEX_POINT('',#5016);
#4387=VERTEX_POINT('',#5017);
#4388=LINE('',#5018,#5019);
#4389=CIRCLE('',#5021,2.25);
#4390=VERTEX_POINT('',#5025);
#4391=LINE('',#5026,#5027);
#4392=VERTEX_POINT('',#5029);
#4393=CIRCLE('',#5030,2.25);
#4394=CIRCLE('',#5034,2.25);
#4395=LINE('',#5038,#5039);
#4396=LINE('',#5041,#5042);
#4397=LINE('',#5044,#5045);
#4398=VERTEX_POINT('',#5047);
#4399=LINE('',#5048,#5049);
#4400=VERTEX_POINT('',#5051);
#4401=(BOUNDED_CURVE()B_SPLINE_CURVE(3,
(#5052,#5053,#5054,#5055),
.UNSPECIFIED.,.F.,.F.)B_SPLINE_CURVE_WITH_KNOTS((4,4),
(0.,1.),
.UNSPECIFIED.)CURVE()GEOMETRIC_REPRESENTATION_ITEM()RATIONAL_B_SPLINE_CURVE((1.,
0.804737854124365,0.804737854124365,1.))REPRESENTATION_ITEM(''));
#4402=VERTEX_POINT('',#5056);
#4403=LINE('',#5057,#5058);
#4404=VERTEX_POINT('',#5060);
#4405=(BOUNDED_CURVE()B_SPLINE_CURVE(3,
(#5061,#5062,#5063,#5064),
.UNSPECIFIED.,.F.,.F.)B_SPLINE_CURVE_WITH_KNOTS((4,4),
(0.,1.),
.UNSPECIFIED.)CURVE()GEOMETRIC_REPRESENTATION_ITEM()RATIONAL_B_SPLINE_CURVE((1.,
0.804737854124341,0.804737854124341,1.))REPRESENTATION_ITEM(''));
#4406=LINE('',#5065,#5066);
#4407=LINE('',#5068,#5069);
#4408=VERTEX_POINT('',#5071);
#4409=LINE('',#5072,#5073);
#4410=LINE('',#5075,#5076);
#4411=VERTEX_POINT('',#5078);
#4412=(BOUNDED_CURVE()B_SPLINE_CURVE(3,
(#5079,#5080,#5081,#5082),
.UNSPECIFIED.,.F.,.F.)B_SPLINE_CURVE_WITH_KNOTS((4,4),
(0.,1.),
.UNSPECIFIED.)CURVE()GEOMETRIC_REPRESENTATION_ITEM()RATIONAL_B_SPLINE_CURVE((1.,
0.804737854124341,0.804737854124341,1.))REPRESENTATION_ITEM(''));
#4413=VERTEX_POINT('',#5083);
#4414=LINE('',#5084,#5085);
#4415=VERTEX_POINT('',#5087);
#4416=(BOUNDED_CURVE()B_SPLINE_CURVE(3,
(#5088,#5089,#5090,#5091),
.UNSPECIFIED.,.F.,.F.)B_SPLINE_CURVE_WITH_KNOTS((4,4),
(0.,1.),
.UNSPECIFIED.)CURVE()GEOMETRIC_REPRESENTATION_ITEM()RATIONAL_B_SPLINE_CURVE((1.,
0.804737854124365,0.804737854124365,1.))REPRESENTATION_ITEM(''));
#4417=LINE('',#5092,#5093);
#4418=LINE('',#5095,#5096);
#4419=LINE('',#5098,#5099);
#4420=VERTEX_POINT('',#5101);
#4421=LINE('',#5102,#5103);
#4422=VERTEX_POINT('',#5105);
#4423=(BOUNDED_CURVE()B_SPLINE_CURVE(3,
(#5106,#5107,#5108,#5109),
.UNSPECIFIED.,.F.,.F.)B_SPLINE_CURVE_WITH_KNOTS((4,4),
(0.,1.),
.UNSPECIFIED.)CURVE()GEOMETRIC_REPRESENTATION_ITEM()RATIONAL_B_SPLINE_CURVE((1.,
0.804737854124357,0.804737854124357,1.))REPRESENTATION_ITEM(''));
#4424=VERTEX_POINT('',#5110);
#4425=LINE('',#5111,#5112);
#4426=VERTEX_POINT('',#5114);
#4427=(BOUNDED_CURVE()B_SPLINE_CURVE(3,
(#5115,#5116,#5117,#5118),
.UNSPECIFIED.,.F.,.F.)B_SPLINE_CURVE_WITH_KNOTS((4,4),
(0.,1.),
.UNSPECIFIED.)CURVE()GEOMETRIC_REPRESENTATION_ITEM()RATIONAL_B_SPLINE_CURVE((1.,
0.804737854124365,0.804737854124365,1.))REPRESENTATION_ITEM(''));
#4428=LINE('',#5119,#5120);
#4429=LINE('',#5122,#5123);
#4430=VERTEX_POINT('',#5125);
#4431=LINE('',#5126,#5127);
#4432=LINE('',#5129,#5130);
#4433=VERTEX_POINT('',#5132);
#4434=(BOUNDED_CURVE()B_SPLINE_CURVE(3,
(#5133,#5134,#5135,#5136),
.UNSPECIFIED.,.F.,.F.)B_SPLINE_CURVE_WITH_KNOTS((4,4),
(0.,1.),
.UNSPECIFIED.)CURVE()GEOMETRIC_REPRESENTATION_ITEM()RATIONAL_B_SPLINE_CURVE((1.,
0.804737854124365,0.804737854124365,1.))REPRESENTATION_ITEM(''));
#4435=VERTEX_POINT('',#5137);
#4436=LINE('',#5138,#5139);
#4437=VERTEX_POINT('',#5141);
#4438=(BOUNDED_CURVE()B_SPLINE_CURVE(3,
(#5142,#5143,#5144,#5145),
.UNSPECIFIED.,.F.,.F.)B_SPLINE_CURVE_WITH_KNOTS((4,4),
(0.,1.),
.UNSPECIFIED.)CURVE()GEOMETRIC_REPRESENTATION_ITEM()RATIONAL_B_SPLINE_CURVE((1.,
0.804737854124357,0.804737854124357,1.))REPRESENTATION_ITEM(''));
#4439=LINE('',#5146,#5147);
#4440=LINE('',#5149,#5150);
#4441=LINE('',#5152,#5153);
#4442=VERTEX_POINT('',#5155);
#4443=LINE('',#5156,#5157);
#4444=VERTEX_POINT('',#5159);
#4445=B_SPLINE_CURVE_WITH_KNOTS('',3,
(#5160,#5161,#5162,#5163,#5164,#5165,#5166,#5167,#5168,#5169,#5170,#5171,#5172,#5173,
#5174,#5175),
.UNSPECIFIED.,.F.,.F.,
(4,1,1,1,1,1,1,1,1,1,1,1,1,4),
(0.,0.107235200621289,0.200461378096631,0.282306070141499,0.365095610016817,0.448606858962491,
0.528955654471656,0.60740762874038,0.683651086094379,0.759289777316043,0.831178777926267,
0.905842029241496,0.960928442543386,1.),
.UNSPECIFIED.);
#4446=LINE('',#5176,#5177);
#4447=VERTEX_POINT('',#5179);
#4448=VERTEX_POINT('',#5180);
#4449=LINE('',#5181,#5182);
#4450=LINE('',#5184,#5185);
#4451=VERTEX_POINT('',#5187);
#4452=LINE('',#5188,#5189);
#4453=VERTEX_POINT('',#5191);
#4454=CIRCLE('',#5192,13.);
#4455=VERTEX_POINT('',#5196);
#4456=CIRCLE('',#5197,135.236232993206);
#4457=VERTEX_POINT('',#5201);
#4458=CIRCLE('',#5202,13.);
#4459=LINE('',#5206,#5207);
#4460=VERTEX_POINT('',#5209);
#4461=LINE('',#5210,#5211);
#4462=VERTEX_POINT('',#5213);
#4463=LINE('',#5214,#5215);
#4464=VERTEX_POINT('',#5217);
#4465=CIRCLE('',#5218,27.);
#4466=VERTEX_POINT('',#5222);
#4467=LINE('',#5223,#5224);
#4468=VERTEX_POINT('',#5226);
#4469=CIRCLE('',#5227,33.);
#4470=VERTEX_POINT('',#5231);
#4471=LINE('',#5232,#5233);
#4472=VERTEX_POINT('',#5235);
#4473=CIRCLE('',#5236,12.);
#4474=VERTEX_POINT('',#5240);
#4475=CIRCLE('',#5241,12.);
#4476=VERTEX_POINT('',#5245);
#4477=LINE('',#5246,#5247);
#4478=VERTEX_POINT('',#5249);
#4479=CIRCLE('',#5250,33.);
#4480=VERTEX_POINT('',#5254);
#4481=LINE('',#5255,#5256);
#4482=VERTEX_POINT('',#5258);
#4483=CIRCLE('',#5259,27.);
#4484=LINE('',#5263,#5264);
#4485=VERTEX_POINT('',#5266);
#4486=VERTEX_POINT('',#5267);
#4487=LINE('',#5268,#5269);
#4488=VERTEX_POINT('',#5271);
#4489=CIRCLE('',#5272,8.);
#4490=VERTEX_POINT('',#5276);
#4491=LINE('',#5277,#5278);
#4492=CIRCLE('',#5280,8.);
#4493=VERTEX_POINT('',#5284);
#4494=LINE('',#5285,#5286);
#4495=CIRCLE('',#5288,3.);
#4496=VERTEX_POINT('',#5292);
#4497=LINE('',#5293,#5294);
#4498=LINE('',#5296,#5297);
#4499=VERTEX_POINT('',#5299);
#4500=CIRCLE('',#5300,3.);
#4501=LINE('',#5304,#5305);
#4502=VERTEX_POINT('',#5307);
#4503=VERTEX_POINT('',#5308);
#4504=LINE('',#5309,#5310);
#4505=VERTEX_POINT('',#5312);
#4506=LINE('',#5313,#5314);
#4507=VERTEX_POINT('',#5316);
#4508=CIRCLE('',#5317,27.);
#4509=VERTEX_POINT('',#5321);
#4510=LINE('',#5322,#5323);
#4511=VERTEX_POINT('',#5325);
#4512=CIRCLE('',#5326,33.);
#4513=VERTEX_POINT('',#5330);
#4514=LINE('',#5331,#5332);
#4515=VERTEX_POINT('',#5334);
#4516=CIRCLE('',#5335,12.);
#4517=VERTEX_POINT('',#5339);
#4518=CIRCLE('',#5340,12.);
#4519=VERTEX_POINT('',#5344);
#4520=LINE('',#5345,#5346);
#4521=VERTEX_POINT('',#5348);
#4522=CIRCLE('',#5349,33.);
#4523=VERTEX_POINT('',#5353);
#4524=LINE('',#5354,#5355);
#4525=VERTEX_POINT('',#5357);
#4526=CIRCLE('',#5358,27.);
#4527=VERTEX_POINT('',#5362);
#4528=LINE('',#5363,#5364);
#4529=VERTEX_POINT('',#5366);
#4530=LINE('',#5367,#5368);
#4531=LINE('',#5370,#5371);
#4532=VERTEX_POINT('',#5373);
#4533=CIRCLE('',#5374,13.);
#4534=VERTEX_POINT('',#5378);
#4535=CIRCLE('',#5379,135.236232993206);
#4536=VERTEX_POINT('',#5383);
#4537=CIRCLE('',#5384,13.);
#4538=LINE('',#5388,#5389);
#4539=LINE('',#5391,#5392);
#4540=VERTEX_POINT('',#5394);
#4541=VERTEX_POINT('',#5395);
#4542=CIRCLE('',#5396,8.);
#4543=VERTEX_POINT('',#5400);
#4544=LINE('',#5401,#5402);
#4545=VERTEX_POINT('',#5404);
#4546=CIRCLE('',#5405,8.);
#4547=LINE('',#5409,#5410);
#4548=VERTEX_POINT('',#5412);
#4549=LINE('',#5413,#5414);
#4550=B_SPLINE_CURVE_WITH_KNOTS('',3,
(#5416,#5417,#5418,#5419,#5420,#5421,#5422,#5423,#5424,#5425,#5426,#5427,#5428,#5429,
#5430,#5431),
.UNSPECIFIED.,.F.,.F.,
(4,1,1,1,1,1,1,1,1,1,1,1,1,4),
(0.,0.107235200619934,0.20046137809438,0.282306070139102,0.36509561001423,0.448606858959819,
0.528955654468229,0.607407628736836,0.68365108609053,0.759289777313743,0.831178777927147,
0.905842029248854,0.960928442550702,1.),
.UNSPECIFIED.);
#4551=LINE('',#5432,#5433);
#4552=VERTEX_POINT('',#5435);
#4553=LINE('',#5436,#5437);
#4554=CIRCLE('',#5439,3.);
#4555=VERTEX_POINT('',#5443);
#4556=LINE('',#5444,#5445);
#4557=B_SPLINE_CURVE_WITH_KNOTS('',3,
(#5447,#5448,#5449,#5450,#5451,#5452,#5453,#5454,#5455,#5456,#5457,#5458,#5459,#5460,
#5461,#5462),
.UNSPECIFIED.,.F.,.F.,
(4,1,1,1,1,1,1,1,1,1,1,1,1,4),
(0.,0.107235200620293,0.200461378094768,0.28230607013967,0.365095610015116,0.448606858961168,
0.528955654469708,0.607407628738479,0.683651086092305,0.75928977731549,0.831178777930377,
0.905842029257542,0.960928442558878,1.),
.UNSPECIFIED.);
#4558=VERTEX_POINT('',#5463);
#4559=LINE('',#5464,#5465);
#4560=LINE('',#5467,#5468);
#4561=B_SPLINE_CURVE_WITH_KNOTS('',3,
(#5470,#5471,#5472,#5473,#5474,#5475,#5476,#5477,#5478,#5479,#5480,#5481,#5482,#5483,
#5484,#5485),
.UNSPECIFIED.,.F.,.F.,
(4,1,1,1,1,1,1,1,1,1,1,1,1,4),
(0.,0.107235200621384,0.200461378096674,0.28230607014117,0.365095610016266,0.448606858961806,
0.528955654470742,0.607407628739351,0.683651086093345,0.759289777316546,0.831178777931677,
0.905842029257339,0.960928442558212,1.),
.UNSPECIFIED.);
#4562=VERTEX_POINT('',#5486);
#4563=LINE('',#5487,#5488);
#4564=CIRCLE('',#5490,3.);
#4565=LINE('',#5494,#5495);
#4566=VERTEX_POINT('',#5497);
#4567=CIRCLE('',#5498,2.);
#4568=B_SPLINE_CURVE_WITH_KNOTS('',3,
(#5502,#5503,#5504,#5505,#5506,#5507,#5508,#5509,#5510,#5511,#5512,#5513,#5514,#5515,
#5516,#5517),
.UNSPECIFIED.,.F.,.F.,
(4,1,1,1,1,1,1,1,1,1,1,1,1,4),
(0.,0.107235186458823,0.200461356672098,0.282306102550477,0.365095692061305,0.448606987954525,
0.528955658856586,0.607407571150672,0.683651087106204,0.759293003939486,0.831199321647284,
0.905909372985657,0.960992638470479,1.),
.UNSPECIFIED.);
#4569=VERTEX_POINT('',#5518);
#4570=VERTEX_POINT('',#5519);
#4571=LINE('',#5520,#5521);
#4572=B_SPLINE_CURVE_WITH_KNOTS('',3,
(#5523,#5524,#5525,#5526,#5527,#5528,#5529,#5530,#5531,#5532,#5533,#5534,#5535,#5536,
#5537,#5538),
.UNSPECIFIED.,.F.,.F.,
(4,1,1,1,1,1,1,1,1,1,1,1,1,4),
(0.,0.107235186460811,0.200461356675576,0.282306102555208,0.365095692066922,0.44860698796059,
0.528955658862508,0.607407571156377,0.683651087111746,0.759293003944017,0.831199321646918,
0.905909372973545,0.960992638457439,1.),
.UNSPECIFIED.);
#4573=B_SPLINE_CURVE_WITH_KNOTS('',3,
(#5539,#5540,#5541,#5542,#5543,#5544,#5545,#5546,#5547,#5548,#5549,#5550,#5551,#5552,
#5553,#5554,#5555),
.UNSPECIFIED.,.F.,.F.,
(4,1,1,1,1,1,1,1,1,1,1,1,1,1,4),
(0.,0.0714285714285714,0.142857142857143,0.214285714285714,0.285714285714286,0.357142857142857,
0.428571428571429,0.5,0.571428571428571,0.642857142857143,0.714285714285714,0.785714285714286,
0.857142857142857,0.928571428571429,1.),
.UNSPECIFIED.);
#4574=VERTEX_POINT('',#5556);
#4575=CIRCLE('',#5557,10.);
#4576=CIRCLE('',#5561,3.);
#4577=VERTEX_POINT('',#5565);
#4578=CIRCLE('',#5566,132.236232993206);
#4579=CIRCLE('',#5570,3.);
#4580=CIRCLE('',#5574,10.);
#4581=VERTEX_POINT('',#5578);
#4582=LINE('',#5579,#5580);
#4583=B_SPLINE_CURVE_WITH_KNOTS('',3,
(#5582,#5583,#5584,#5585,#5586,#5587,#5588,#5589,#5590,#5591,#5592,#5593,#5594,#5595,
#5596,#5597,#5598),
.UNSPECIFIED.,.F.,.F.,
(4,1,1,1,1,1,1,1,1,1,1,1,1,1,4),
(0.,0.0714285714285714,0.142857142857143,0.214285714285714,0.285714285714286,0.357142857142857,
0.428571428571429,0.5,0.571428571428571,0.642857142857143,0.714285714285714,0.785714285714286,
0.857142857142857,0.928571428571429,1.),
.UNSPECIFIED.);
#4584=VERTEX_POINT('',#5599);
#4585=VERTEX_POINT('',#5600);
#4586=LINE('',#5601,#5602);
#4587=CIRCLE('',#5604,3.);
#4588=B_SPLINE_CURVE_WITH_KNOTS('',3,
(#5608,#5609,#5610,#5611,#5612,#5613,#5614,#5615,#5616,#5617,#5618,#5619,#5620,#5621,
#5622,#5623,#5624),
.UNSPECIFIED.,.F.,.F.,
(4,1,1,1,1,1,1,1,1,1,1,1,1,1,4),
(0.,0.0714285714285714,0.142857142857143,0.214285714285714,0.285714285714286,0.357142857142857,
0.428571428571429,0.5,0.571428571428571,0.642857142857143,0.714285714285714,0.785714285714286,
0.857142857142857,0.928571428571429,1.),
.UNSPECIFIED.);
#4589=VERTEX_POINT('',#5625);
#4590=CIRCLE('',#5626,30.);
#4591=CIRCLE('',#5630,3.);
#4592=VERTEX_POINT('',#5634);
#4593=LINE('',#5635,#5636);
#4594=CIRCLE('',#5638,3.);
#4595=VERTEX_POINT('',#5642);
#4596=CIRCLE('',#5643,30.);
#4597=CIRCLE('',#5647,3.);
#4598=VERTEX_POINT('',#5651);
#4599=LINE('',#5652,#5653);
#4600=CIRCLE('',#5655,3.);
#4601=VERTEX_POINT('',#5659);
#4602=CIRCLE('',#5660,15.);
#4603=B_SPLINE_CURVE_WITH_KNOTS('',3,
(#5664,#5665,#5666,#5667,#5668,#5669,#5670,#5671,#5672,#5673,#5674,#5675,#5676,#5677,
#5678,#5679,#5680,#5681,#5682,#5683,#5684,#5685),
.UNSPECIFIED.,.F.,.F.,
(4,1,1,1,1,1,1,1,1,1,1,1,1,1,1,1,1,1,1,4),
(0.,0.0399167141102324,0.0798554538331475,0.119808191923402,0.173077989152553,0.239648065559604,
0.319535851865584,0.399424392787143,0.479307378015834,0.559189955595898,0.639074487714947,
0.716765355500765,0.790067365039248,0.845670457076259,0.88577063062612,0.911469251330035,
0.936074799531419,0.958484471158392,0.979791932580999,1.),
.UNSPECIFIED.);
#4604=VERTEX_POINT('',#5686);
#4605=CIRCLE('',#5687,15.);
#4606=CIRCLE('',#5691,3.);
#4607=VERTEX_POINT('',#5695);
#4608=LINE('',#5696,#5697);
#4609=CIRCLE('',#5699,3.);
#4610=VERTEX_POINT('',#5703);
#4611=CIRCLE('',#5704,30.);
#4612=CIRCLE('',#5708,3.);
#4613=VERTEX_POINT('',#5712);
#4614=LINE('',#5713,#5714);
#4615=CIRCLE('',#5716,3.);
#4616=VERTEX_POINT('',#5720);
#4617=CIRCLE('',#5721,30.);
#4618=CIRCLE('',#5725,3.);
#4619=VERTEX_POINT('',#5729);
#4620=LINE('',#5730,#5731);
#4621=B_SPLINE_CURVE_WITH_KNOTS('',3,
(#5733,#5734,#5735,#5736,#5737,#5738,#5739,#5740,#5741,#5742,#5743,#5744,#5745,#5746,
#5747,#5748,#5749),
.UNSPECIFIED.,.F.,.F.,
(4,1,1,1,1,1,1,1,1,1,1,1,1,1,4),
(0.,0.0714285714285714,0.142857142857143,0.214285714285714,0.285714285714286,0.357142857142857,
0.428571428571429,0.5,0.571428571428572,0.642857142857143,0.714285714285714,0.785714285714286,
0.857142857142857,0.928571428571429,1.),
.UNSPECIFIED.);
#4622=VERTEX_POINT('',#5750);
#4623=CIRCLE('',#5751,4.);
#4624=VERTEX_POINT('',#5755);
#4625=LINE('',#5756,#5757);
#4626=CIRCLE('',#5759,4.);
#4627=VERTEX_POINT('',#5763);
#4628=CIRCLE('',#5764,4.);
#4629=CIRCLE('',#5768,4.);
#4630=VERTEX_POINT('',#5772);
#4631=LINE('',#5773,#5774);
#4632=CIRCLE('',#5776,4.);
#4633=CIRCLE('',#5780,4.);
#4634=VERTEX_POINT('',#5784);
#4635=CIRCLE('',#5785,10.);
#4636=LINE('',#5789,#5790);
#4637=CIRCLE('',#5792,3.);
#4638=VERTEX_POINT('',#5796);
#4639=VERTEX_POINT('',#5797);
#4640=LINE('',#5798,#5799);
#4641=B_SPLINE_CURVE_WITH_KNOTS('',3,
(#5801,#5802,#5803,#5804,#5805,#5806,#5807,#5808,#5809,#5810,#5811,#5812,#5813,#5814,
#5815,#5816,#5817),
.UNSPECIFIED.,.F.,.F.,
(4,1,1,1,1,1,1,1,1,1,1,1,1,1,4),
(0.,0.0714285714285714,0.142857142857143,0.214285714285714,0.285714285714286,0.357142857142857,
0.428571428571429,0.5,0.571428571428571,0.642857142857143,0.714285714285714,0.785714285714286,
0.857142857142857,0.928571428571429,1.),
.UNSPECIFIED.);
#4642=B_SPLINE_CURVE_WITH_KNOTS('',3,
(#5818,#5819,#5820,#5821,#5822,#5823,#5824,#5825,#5826,#5827,#5828,#5829,#5830,#5831,
#5832,#5833),
.UNSPECIFIED.,.F.,.F.,
(4,1,1,1,1,1,1,1,1,1,1,1,1,4),
(0.,0.107235186460507,0.200461356674916,0.282306102554335,0.365095692065753,0.448606987959472,
0.528955658861399,0.607407571155477,0.683651087110904,0.759293003944025,0.831199321651701,
0.90590937299163,0.960992638474962,1.),
.UNSPECIFIED.);
#4643=VERTEX_POINT('',#5834);
#4644=VERTEX_POINT('',#5835);
#4645=LINE('',#5836,#5837);
#4646=CIRCLE('',#5839,3.);
#4647=B_SPLINE_CURVE_WITH_KNOTS('',3,
(#5843,#5844,#5845,#5846,#5847,#5848,#5849,#5850,#5851,#5852,#5853,#5854,#5855,#5856,
#5857,#5858,#5859),
.UNSPECIFIED.,.F.,.F.,
(4,1,1,1,1,1,1,1,1,1,1,1,1,1,4),
(0.,0.0714285714285714,0.142857142857143,0.214285714285714,0.285714285714286,0.357142857142857,
0.428571428571429,0.5,0.571428571428572,0.642857142857143,0.714285714285714,0.785714285714286,
0.857142857142857,0.928571428571429,1.),
.UNSPECIFIED.);
#4648=VERTEX_POINT('',#5860);
#4649=CIRCLE('',#5861,30.);
#4650=CIRCLE('',#5865,3.);
#4651=VERTEX_POINT('',#5869);
#4652=LINE('',#5870,#5871);
#4653=CIRCLE('',#5873,3.);
#4654=VERTEX_POINT('',#5877);
#4655=CIRCLE('',#5878,30.);
#4656=CIRCLE('',#5882,3.);
#4657=VERTEX_POINT('',#5886);
#4658=LINE('',#5887,#5888);
#4659=CIRCLE('',#5890,3.);
#4660=VERTEX_POINT('',#5894);
#4661=CIRCLE('',#5895,15.);
#4662=B_SPLINE_CURVE_WITH_KNOTS('',3,
(#5899,#5900,#5901,#5902,#5903,#5904,#5905,#5906,#5907,#5908,#5909,#5910,#5911,#5912,
#5913,#5914,#5915,#5916,#5917,#5918,#5919,#5920),
.UNSPECIFIED.,.F.,.F.,
(4,1,1,1,1,1,1,1,1,1,1,1,1,1,1,1,1,1,1,4),
(0.,0.0399167141101898,0.0798554538330825,0.119808191923292,0.173077989152386,0.2396480655594,
0.319535851865318,0.399424392786826,0.479307378015463,0.559189955595457,0.63907448771444,
0.716765355500208,0.790067365038609,0.845670457075581,0.885770630625497,0.911469251329528,
0.936074799531019,0.958484471158115,0.979791932580859,1.),
.UNSPECIFIED.);
#4663=VERTEX_POINT('',#5921);
#4664=CIRCLE('',#5922,15.);
#4665=CIRCLE('',#5926,3.);
#4666=VERTEX_POINT('',#5930);
#4667=LINE('',#5931,#5932);
#4668=CIRCLE('',#5934,3.);
#4669=VERTEX_POINT('',#5938);
#4670=CIRCLE('',#5939,30.);
#4671=CIRCLE('',#5943,3.);
#4672=VERTEX_POINT('',#5947);
#4673=LINE('',#5948,#5949);
#4674=CIRCLE('',#5951,3.);
#4675=VERTEX_POINT('',#5955);
#4676=CIRCLE('',#5956,30.);
#4677=CIRCLE('',#5960,3.);
#4678=VERTEX_POINT('',#5964);
#4679=LINE('',#5965,#5966);
#4680=B_SPLINE_CURVE_WITH_KNOTS('',3,
(#5968,#5969,#5970,#5971,#5972,#5973,#5974,#5975,#5976,#5977,#5978,#5979,#5980,#5981,
#5982,#5983,#5984),
.UNSPECIFIED.,.F.,.F.,
(4,1,1,1,1,1,1,1,1,1,1,1,1,1,4),
(0.,0.0714285714285714,0.142857142857143,0.214285714285714,0.285714285714286,0.357142857142857,
0.428571428571429,0.5,0.571428571428571,0.642857142857143,0.714285714285714,0.785714285714286,
0.857142857142857,0.928571428571429,1.),
.UNSPECIFIED.);
#4681=VERTEX_POINT('',#5985);
#4682=VERTEX_POINT('',#5986);
#4683=LINE('',#5987,#5988);
#4684=B_SPLINE_CURVE_WITH_KNOTS('',3,
(#5990,#5991,#5992,#5993,#5994,#5995,#5996,#5997,#5998,#5999,#6000,#6001,#6002,#6003,
#6004,#6005),
.UNSPECIFIED.,.F.,.F.,
(4,1,1,1,1,1,1,1,1,1,1,1,1,4),
(0.,0.107235186459239,0.200461356672631,0.28230610255113,0.365095692062192,0.448606987955417,
0.528955658857117,0.607407571150582,0.683651087106037,0.759293003938858,0.831199321644313,
0.905909372976766,0.960992638462051,1.),
.UNSPECIFIED.);
#4685=B_SPLINE_CURVE_WITH_KNOTS('',3,
(#6006,#6007,#6008,#6009,#6010,#6011,#6012,#6013,#6014,#6015,#6016,#6017,#6018,#6019,
#6020,#6021,#6022),
.UNSPECIFIED.,.F.,.F.,
(4,1,1,1,1,1,1,1,1,1,1,1,1,1,4),
(0.,0.0714285714285714,0.142857142857143,0.214285714285714,0.285714285714286,0.357142857142857,
0.428571428571429,0.5,0.571428571428571,0.642857142857143,0.714285714285714,0.785714285714286,
0.857142857142857,0.928571428571429,1.),
.UNSPECIFIED.);
#4686=VERTEX_POINT('',#6023);
#4687=CIRCLE('',#6024,132.236232993206);
#4688=CIRCLE('',#6028,3.);
#4689=CIRCLE('',#6032,10.);
#4690=VERTEX_POINT('',#6036);
#4691=CIRCLE('',#6037,4.);
#4692=VERTEX_POINT('',#6041);
#4693=CIRCLE('',#6042,4.);
#4694=CIRCLE('',#6046,4.);
#4695=VERTEX_POINT('',#6050);
#4696=LINE('',#6051,#6052);
#4697=CIRCLE('',#6054,4.);
#4698=VERTEX_POINT('',#6058);
#4699=CIRCLE('',#6059,4.);
#4700=CIRCLE('',#6063,4.);
#4701=LINE('',#6067,#6068);
#4702=CIRCLE('',#6070,2.);
#4703=LINE('',#6074,#6075);
#4704=CIRCLE('',#6077,2.);
#4705=CIRCLE('',#6081,2.);
#4706=LINE('',#6085,#6086);
#4707=LINE('',#6088,#6089);
#4708=LINE('',#6091,#6092);
#4709=CIRCLE('',#6094,2.);
#4710=LINE('',#6098,#6099);
#4711=CIRCLE('',#6101,2.);
#4712=LINE('',#6105,#6106);
#4713=LINE('',#6108,#6109);
#4714=LINE('',#6111,#6112);
#4715=LINE('',#6114,#6115);
#4716=LINE('',#6117,#6118);
#4717=LINE('',#6120,#6121);
#4718=LINE('',#6123,#6124);
#4719=LINE('',#6126,#6127);
#4720=LINE('',#6129,#6130);
#4721=LINE('',#6132,#6133);
#4722=LINE('',#6135,#6136);
#4723=LINE('',#6138,#6139);
#4724=LINE('',#6141,#6142);
#4725=LINE('',#6144,#6145);
#4726=LINE('',#6147,#6148);
#4727=LINE('',#6150,#6151);
#4728=LINE('',#6153,#6154);
#4729=CIRCLE('',#6156,2.);
#4730=CIRCLE('',#6160,2.);
#4731=CARTESIAN_POINT('',(-33.5,-0.0710814855958168,3.2));
#4732=CARTESIAN_POINT('',(-33.5,2.62891851440418,3.2));
#4733=CARTESIAN_POINT('',(-33.5,-0.0710814855958113,3.2));
#4734=VECTOR('',#4735,1.);
#4735=DIRECTION('',(0.,1.,0.));
#4736=AXIS2_PLACEMENT_3D('',#4737,#4738,#4739);
#4737=CARTESIAN_POINT('',(-33.5,1.27891851440418,5.));
#4738=DIRECTION('',(-1.,0.,1.22464679914735E-16));
#4739=DIRECTION('',(-9.79717439317882E-17,-0.6,-0.8));
#4740=CARTESIAN_POINT('',(-36.9960823802953,2.62891851440418,3.2));
#4741=CARTESIAN_POINT('',(-36.9960823802953,2.62891851440418,3.2));
#4742=VECTOR('',#4743,1.);
#4743=DIRECTION('',(1.,0.,-1.27024812788467E-16));
#4744=CARTESIAN_POINT('',(-36.9960823802953,1.27891851440418,2.75));
#4745=AXIS2_PLACEMENT_3D('',#4746,#4747,#4748);
#4746=CARTESIAN_POINT('',(-36.9960823802953,1.27891851440418,5.));
#4747=DIRECTION('',(-1.,0.,0.));
#4748=DIRECTION('',(0.,0.599999999999997,-0.800000000000002));
#4749=CARTESIAN_POINT('',(-36.9960823802953,-0.0710814855958075,3.2));
#4750=AXIS2_PLACEMENT_3D('',#4751,#4752,#4753);
#4751=CARTESIAN_POINT('',(-36.9960823802953,1.27891851440418,5.));
#4752=DIRECTION('',(-1.,0.,0.));
#4753=DIRECTION('',(0.,0.,-1.));
#4754=CARTESIAN_POINT('',(-36.9960823802953,-0.0710814855958166,3.2));
#4755=VECTOR('',#4756,1.);
#4756=DIRECTION('',(1.,0.,0.));
#4757=CARTESIAN_POINT('',(-37.,3.5289185144042,5.));
#4758=CARTESIAN_POINT('',(-37.,2.30969492440822,7.));
#4759=AXIS2_PLACEMENT_3D('',#4760,#4761,#4762);
#4760=CARTESIAN_POINT('',(-37.,1.27891851440418,5.));
#4761=DIRECTION('',(-1.,-1.57898385724467E-15,0.));
#4762=DIRECTION('',(-7.23368580507225E-16,0.458122847290854,0.888888888888887));
#4763=CARTESIAN_POINT('',(-37.,0.248142107996662,7.));
#4764=CARTESIAN_POINT('',(-37.,0.248142107996988,6.99999999999937));
#4765=CARTESIAN_POINT('',(-37.0000000040512,0.25666269258487,7.00439142044187));
#4766=CARTESIAN_POINT('',(-37.000019463498,0.273927763654142,7.01315048404116));
#4767=CARTESIAN_POINT('',(-37.0001040845492,0.300230634588859,7.02607047286242));
#4768=CARTESIAN_POINT('',(-37.0002432812961,0.327266734829953,7.03891233964894));
#4769=CARTESIAN_POINT('',(-37.0004353327661,0.354988982968763,7.05162649469254));
#4770=CARTESIAN_POINT('',(-37.0006793385359,0.383539150997324,7.0642496407692));
#4771=CARTESIAN_POINT('',(-37.0009726403348,0.412852784511023,7.07672271455938));
#4772=CARTESIAN_POINT('',(-37.0013136181189,0.443016334371144,7.08904959724087));
#4773=CARTESIAN_POINT('',(-37.00169592965,0.473763970896848,7.10109368014702));
#4774=CARTESIAN_POINT('',(-37.0021158299544,0.50513529141804,7.11285039735453));
#4775=CARTESIAN_POINT('',(-37.0025689281564,0.53712685635985,7.12429703759099));
#4776=CARTESIAN_POINT('',(-37.0030560201058,0.570094397320518,7.13552858065618));
#4777=CARTESIAN_POINT('',(-37.0035716709999,0.603968777524698,7.14648006952322));
#4778=CARTESIAN_POINT('',(-37.004114826122,0.639010712976716,7.15719159214231));
#4779=CARTESIAN_POINT('',(-37.0046788049208,0.675143708672007,7.16758929111909));
#4780=CARTESIAN_POINT('',(-37.0052617224608,0.712649251069784,7.17769511630152));
#4781=CARTESIAN_POINT('',(-37.0058515159505,0.75120092842311,7.18736247147437));
#4782=CARTESIAN_POINT('',(-37.0064429209234,0.790951233221567,7.19657762527837));
#4783=CARTESIAN_POINT('',(-37.0070261713847,0.83178369129039,7.20525942810469));
#4784=CARTESIAN_POINT('',(-37.0075973643142,0.87405272785873,7.21341779304663));
#4785=CARTESIAN_POINT('',(-37.0081430382993,0.917471593095484,7.22092793917764));
#4786=CARTESIAN_POINT('',(-37.0086745396689,0.963867502927593,7.22800777222622));
#4787=CARTESIAN_POINT('',(-37.0091890609172,1.01472481940678,7.23465695680008));
#4788=CARTESIAN_POINT('',(-37.0097341392822,1.07922774606768,7.24150673741599));
#4789=CARTESIAN_POINT('',(-37.0102429177125,1.16294266566497,7.24771284889267));
#4790=CARTESIAN_POINT('',(-37.0104233687748,1.23271180696628,7.24986302052763));
#4791=CARTESIAN_POINT('',(-37.0104436578029,1.30575128535437,7.25010573427551));
#4792=CARTESIAN_POINT('',(-37.0103245634673,1.3726290451479,7.2486869501858));
#4793=CARTESIAN_POINT('',(-37.0098459226193,1.46525428323068,7.24289269114741));
#4794=CARTESIAN_POINT('',(-37.009087258621,1.55680306466318,7.23341862214584));
#4795=CARTESIAN_POINT('',(-37.0080644724009,1.64907235295567,7.22000015806675));
#4796=CARTESIAN_POINT('',(-37.0069599393003,1.73168575406365,7.20445716917853));
#4797=CARTESIAN_POINT('',(-37.0059147896089,1.80270098029234,7.18848005398637));
#4798=CARTESIAN_POINT('',(-37.0050298709767,1.86022379287621,7.17385541476424));
#4799=CARTESIAN_POINT('',(-37.0041955030033,1.91361993112981,7.15884428610781));
#4800=CARTESIAN_POINT('',(-37.0034022606711,1.96476106201843,7.14314564144029));
#4801=CARTESIAN_POINT('',(-37.0026402957626,2.01549724994449,7.12624193235588));
#4802=CARTESIAN_POINT('',(-37.0019298844856,2.06583443912034,7.10813136311407));
#4803=CARTESIAN_POINT('',(-37.0012926006719,2.11578713134441,7.08880554183834));
#4804=CARTESIAN_POINT('',(-37.0007520366456,2.1653287480288,7.06826908973473));
#4805=CARTESIAN_POINT('',(-37.0003343386673,2.2142900601317,7.04659077977881));
#4806=CARTESIAN_POINT('',(-37.0000651808987,2.26245079070684,7.02388275034346));
#4807=CARTESIAN_POINT('',(-37.0000000745635,2.29406349204528,7.00805630659073));
#4808=CARTESIAN_POINT('',(-37.,2.30969492403047,6.99999999926709));
#4809=CARTESIAN_POINT('',(-37.,-0.971081485595795,5.));
#4810=AXIS2_PLACEMENT_3D('',#4811,#4812,#4813);
#4811=CARTESIAN_POINT('',(-37.,1.27891851440418,5.));
#4812=DIRECTION('',(-1.,-1.57898385724467E-15,0.));
#4813=DIRECTION('',(1.57898385724467E-15,-1.,0.));
#4814=CARTESIAN_POINT('',(-37.,0.248142103621785,3.));
#4815=AXIS2_PLACEMENT_3D('',#4816,#4817,#4818);
#4816=CARTESIAN_POINT('',(-37.,1.27891851440418,5.));
#4817=DIRECTION('',(-1.,-1.57898385724467E-15,0.));
#4818=DIRECTION('',(7.23368580507215E-16,-0.458122847290848,-0.888888888888891));
#4819=CARTESIAN_POINT('',(-37.0104348142246,1.27891851440418,2.75));
#4820=CARTESIAN_POINT('',(-37.,0.248142104081229,3.00000000089139));
#4821=CARTESIAN_POINT('',(-37.000000001377,0.254319150034794,2.99681642234885));
#4822=CARTESIAN_POINT('',(-37.0000102128928,0.266800506694287,2.99045668371438));
#4823=CARTESIAN_POINT('',(-37.0000550866784,0.285745631110211,2.98102522791688));
#4824=CARTESIAN_POINT('',(-37.0001293044176,0.305084783860187,2.97162520337691));
#4825=CARTESIAN_POINT('',(-37.0002323084791,0.324790899297236,2.96228029352305));
#4826=CARTESIAN_POINT('',(-37.0003639609974,0.34494302649681,2.95296395678381));
#4827=CARTESIAN_POINT('',(-37.0005235221466,0.365510501087097,2.94370263599041));
#4828=CARTESIAN_POINT('',(-37.0007106287534,0.386531227178352,2.93449209221018));
#4829=CARTESIAN_POINT('',(-37.0009230349084,0.407865419601091,2.92540420178198));
#4830=CARTESIAN_POINT('',(-37.0011607713407,0.429641105873004,2.91639368787916));
#4831=CARTESIAN_POINT('',(-37.0014237674453,0.451941832352414,2.9074399546662));
#4832=CARTESIAN_POINT('',(-37.0017152411831,0.475094821815023,2.89843398557851));
#4833=CARTESIAN_POINT('',(-37.0020338277654,0.499037377131746,2.88942867754729));
#4834=CARTESIAN_POINT('',(-37.0023819199992,0.524016065004207,2.88036212406889));
#4835=CARTESIAN_POINT('',(-37.0027575364225,0.549965371461943,2.87129372213815));
#4836=CARTESIAN_POINT('',(-37.0031629196681,0.577137844106294,2.86217693835083));
#4837=CARTESIAN_POINT('',(-37.003591493423,0.605225047012833,2.85315655555035));
#4838=CARTESIAN_POINT('',(-37.0040411398144,0.634264124359695,2.84425555201871));
#4839=CARTESIAN_POINT('',(-37.0045056170154,0.664052005002088,2.83556726661366));
#4840=CARTESIAN_POINT('',(-37.0049838299739,0.694742516767508,2.82707943710477));
#4841=CARTESIAN_POINT('',(-37.0054682831794,0.726099303922324,2.81888834701185));
#4842=CARTESIAN_POINT('',(-37.0059531734625,0.758006992617783,2.81104734122902));
#4843=CARTESIAN_POINT('',(-37.0064304924088,0.790195932698562,2.80363575322897));
#4844=CARTESIAN_POINT('',(-37.0068944722438,0.822524109243399,2.79669154960395));
#4845=CARTESIAN_POINT('',(-37.0073395995188,0.854832458154391,2.79024645290284));
#4846=CARTESIAN_POINT('',(-37.0077589734891,0.886808846217162,2.78435163607853));
#4847=CARTESIAN_POINT('',(-37.00814848849,0.918267082567859,2.77901800262279));
#4848=CARTESIAN_POINT('',(-37.0085034977864,0.94888235523976,2.77426702224727));
#4849=CARTESIAN_POINT('',(-37.0088256255241,0.978788770727613,2.77004104429034));
#4850=CARTESIAN_POINT('',(-37.0091222818411,1.00870635431071,2.76621608182656));
#4851=CARTESIAN_POINT('',(-37.0094008797407,1.03966904224551,2.76267996300927));
#4852=CARTESIAN_POINT('',(-37.0097032166996,1.07755734414286,2.75889778426549));
#4853=CARTESIAN_POINT('',(-37.0100373400118,1.12818578831218,2.75478782904591));
#4854=CARTESIAN_POINT('',(-37.0103486204381,1.19722292866894,2.75102391441371));
#4855=CARTESIAN_POINT('',(-37.0104355265106,1.24959422791448,2.74999964776953));
#4856=CARTESIAN_POINT('',(-37.0104348142246,1.27891851440418,2.75));
#4857=CARTESIAN_POINT('',(-37.,2.30969492080859,3.));
#4858=CARTESIAN_POINT('',(-37.0104348142246,1.27891851440418,2.75));
#4859=CARTESIAN_POINT('',(-37.010435080041,1.3000745467046,2.74999987763177));
#4860=CARTESIAN_POINT('',(-37.0103849601361,1.34216574136586,2.75059370248958));
#4861=CARTESIAN_POINT('',(-37.010164924753,1.4049120083429,2.7532409650478));
#4862=CARTESIAN_POINT('',(-37.0097729188782,1.47317298314654,2.75802189937314));
#4863=CARTESIAN_POINT('',(-37.0091258766507,1.55244945333659,2.766102668743));
#4864=CARTESIAN_POINT('',(-37.0080910867636,1.64765429730798,2.77960621890582));
#4865=CARTESIAN_POINT('',(-37.0067878263127,1.74446461154299,2.79793692894318));
#4866=CARTESIAN_POINT('',(-37.0054926929876,1.83050654259945,2.81820466467059));
#4867=CARTESIAN_POINT('',(-37.0044947399905,1.89446239509723,2.8355943904491));
#4868=CARTESIAN_POINT('',(-37.0037227149233,1.94403315246879,2.85039943540729));
#4869=CARTESIAN_POINT('',(-37.0030942018492,1.98513401124105,2.86356551872615));
#4870=CARTESIAN_POINT('',(-37.0025220324018,2.02387428781796,2.87678060056553));
#4871=CARTESIAN_POINT('',(-37.00201638709,2.05988102041948,2.88977287289874));
#4872=CARTESIAN_POINT('',(-37.0015674662901,2.0940617632607,2.90274849679135));
#4873=CARTESIAN_POINT('',(-37.0011773470135,2.12643682062958,2.91562823935194));
#4874=CARTESIAN_POINT('',(-37.000843515875,2.15737055407025,2.92848460022076));
#4875=CARTESIAN_POINT('',(-37.0005714999476,2.18631915469357,2.94101061330687));
#4876=CARTESIAN_POINT('',(-37.0003556675592,2.21365578182776,2.95328381687659));
#4877=CARTESIAN_POINT('',(-37.0001937851985,2.23935070875787,2.96522060894062));
#4878=CARTESIAN_POINT('',(-37.0000808957979,2.26385677502184,2.97697500022273));
#4879=CARTESIAN_POINT('',(-37.000014849396,2.28714288158925,2.98848309701943));
#4880=CARTESIAN_POINT('',(-37.0000000034253,2.30229113557034,2.99618417280869));
#4881=CARTESIAN_POINT('',(-37.,2.30969492080859,3.));
#4882=AXIS2_PLACEMENT_3D('',#4883,#4884,#4885);
#4883=CARTESIAN_POINT('',(-37.,1.27891851440418,5.));
#4884=DIRECTION('',(-1.,-1.57898385724467E-15,0.));
#4885=DIRECTION('',(-1.57898385724467E-15,1.,0.));
#4886=CARTESIAN_POINT('',(33.5,1.27891851440418,3.2));
#4887=CARTESIAN_POINT('',(34.55,-0.0710814855958165,3.2));
#4888=CARTESIAN_POINT('',(33.5,1.27891851440418,3.2));
#4889=VECTOR('',#4890,1.);
#4890=DIRECTION('',(0.613940613514919,-0.789352217376327,-2.59661335191147E-16));
#4891=CARTESIAN_POINT('',(33.5,1.27891851440418,7.25));
#4892=CARTESIAN_POINT('',(34.55,-0.0710814855958164,3.2));
#4893=CARTESIAN_POINT('',(36.1771887242357,-2.1631812738989,4.76907484122731));
#4894=CARTESIAN_POINT('',(35.5339859052947,-1.33620622097467,7.25));
#4895=CARTESIAN_POINT('',(33.5,1.27891851440418,7.25));
#4896=CARTESIAN_POINT('',(33.5,1.27891851440418,7.25));
#4897=VECTOR('',#4898,1.);
#4898=DIRECTION('',(0.,0.,-1.));
#4899=CARTESIAN_POINT('',(37.0104348141857,1.27891851440418,2.75));
#4900=CARTESIAN_POINT('',(37.,0.248142107999751,3.));
#4901=CARTESIAN_POINT('',(37.,0.248142107999754,3.00000000000001));
#4902=CARTESIAN_POINT('',(37.0000000454438,0.261734246397252,2.99299475040096));
#4903=CARTESIAN_POINT('',(37.0000493600784,0.289235703502628,2.97917390231114));
#4904=CARTESIAN_POINT('',(37.0002558780156,0.33107394482841,2.95921226871444));
#4905=CARTESIAN_POINT('',(37.000581209226,0.373691402430534,2.9399519801207));
#4906=CARTESIAN_POINT('',(37.0010087592263,0.416863021465355,2.92151547915631));
#4907=CARTESIAN_POINT('',(37.0015758245582,0.465099363507355,2.90209801670764));
#4908=CARTESIAN_POINT('',(37.0022905236477,0.518271339469993,2.88217471550461));
#4909=CARTESIAN_POINT('',(37.0031464049301,0.576396922895677,2.86219422488876));
#4910=CARTESIAN_POINT('',(37.0039702298465,0.629763718961502,2.84545893783366));
#4911=CARTESIAN_POINT('',(37.0047275604943,0.678255118967752,2.83150196491227));
#4912=CARTESIAN_POINT('',(37.0054025766008,0.721748866144756,2.8199236780354));
#4913=CARTESIAN_POINT('',(37.0060631585345,0.765227996513036,2.80927276191316));
#4914=CARTESIAN_POINT('',(37.0066995380516,0.808634899581252,2.7995477655358));
#4915=CARTESIAN_POINT('',(37.0073040308112,0.851986869868942,2.79072934782508));
#4916=CARTESIAN_POINT('',(37.0078682323961,0.895171392150871,2.78282245247785));
#4917=CARTESIAN_POINT('',(37.0083870142578,0.938244298463242,2.77579867897743));
#4918=CARTESIAN_POINT('',(37.0088548893339,0.981167753316556,2.76964838420482));
#4919=CARTESIAN_POINT('',(37.0092682623574,1.02400665879731,2.76434854952025));
#4920=CARTESIAN_POINT('',(37.009623146703,1.06671643055207,2.75989228594858));
#4921=CARTESIAN_POINT('',(37.0099171395722,1.10935894166461,2.75626259493384));
#4922=CARTESIAN_POINT('',(37.0101476753817,1.15189617951497,2.7534538857889));
#4923=CARTESIAN_POINT('',(37.0103132235225,1.19434517689109,2.75145673156005));
#4924=CARTESIAN_POINT('',(37.0104126643216,1.23666666567335,2.75026438118545));
#4925=CARTESIAN_POINT('',(37.0104348662073,1.26485051766536,2.7499999856477));
#4926=CARTESIAN_POINT('',(37.010434814205,1.27891851440418,2.75000000000162));
#4927=CARTESIAN_POINT('',(37.,-0.971081485595808,5.));
#4928=AXIS2_PLACEMENT_3D('',#4929,#4930,#4931);
#4929=CARTESIAN_POINT('',(37.,1.27891851440418,5.));
#4930=DIRECTION('',(-1.,0.,0.));
#4931=DIRECTION('',(0.,-0.458122847290852,-0.888888888888889));
#4932=CARTESIAN_POINT('',(37.,0.248142107996656,7.));
#4933=AXIS2_PLACEMENT_3D('',#4934,#4935,#4936);
#4934=CARTESIAN_POINT('',(37.,1.27891851440418,5.));
#4935=DIRECTION('',(-1.,0.,0.));
#4936=DIRECTION('',(0.,-1.,0.));
#4937=CARTESIAN_POINT('',(37.,2.30969492440823,7.));
#4938=CARTESIAN_POINT('',(37.,0.248142107996984,6.99999999999936));
#4939=CARTESIAN_POINT('',(37.0000000040512,0.256662692584865,7.00439142044186));
#4940=CARTESIAN_POINT('',(37.000019463498,0.273927763654136,7.01315048404115));
#4941=CARTESIAN_POINT('',(37.0001040845492,0.300230634588853,7.02607047286241));
#4942=CARTESIAN_POINT('',(37.0002432812961,0.327266734829944,7.03891233964893));
#4943=CARTESIAN_POINT('',(37.0004353327661,0.354988982968753,7.05162649469252));
#4944=CARTESIAN_POINT('',(37.0006793385359,0.383539150997314,7.06424964076919));
#4945=CARTESIAN_POINT('',(37.0009726403348,0.412852784511011,7.07672271455937));
#4946=CARTESIAN_POINT('',(37.0013136181189,0.443016334371132,7.08904959724086));
#4947=CARTESIAN_POINT('',(37.00169592965,0.473763970896835,7.10109368014701));
#4948=CARTESIAN_POINT('',(37.0021158299544,0.505135291418028,7.11285039735452));
#4949=CARTESIAN_POINT('',(37.0025689281564,0.53712685635984,7.12429703759098));
#4950=CARTESIAN_POINT('',(37.0030560201058,0.570094397320506,7.13552858065617));
#4951=CARTESIAN_POINT('',(37.0035716709999,0.603968777524687,7.14648006952321));
#4952=CARTESIAN_POINT('',(37.004114826122,0.639010712976704,7.1571915921423));
#4953=CARTESIAN_POINT('',(37.0046788049208,0.675143708671994,7.16758929111908));
#4954=CARTESIAN_POINT('',(37.0052617224608,0.712649251069772,7.17769511630152));
#4955=CARTESIAN_POINT('',(37.0058515159505,0.751200928423099,7.18736247147437));
#4956=CARTESIAN_POINT('',(37.0064429209234,0.790951233221555,7.19657762527837));
#4957=CARTESIAN_POINT('',(37.0070261713847,0.831783691290379,7.20525942810468));
#4958=CARTESIAN_POINT('',(37.0075973643142,0.87405272785872,7.21341779304663));
#4959=CARTESIAN_POINT('',(37.0081430382993,0.917471593095474,7.22092793917763));
#4960=CARTESIAN_POINT('',(37.0086745396688,0.963867502927583,7.22800777222621));
#4961=CARTESIAN_POINT('',(37.0091890609172,1.01472481940677,7.23465695680007));
#4962=CARTESIAN_POINT('',(37.0097341392822,1.07922774606767,7.24150673741598));
#4963=CARTESIAN_POINT('',(37.0102429177125,1.16294266566497,7.24771284889267));
#4964=CARTESIAN_POINT('',(37.0104233687748,1.23271180696626,7.24986302052762));
#4965=CARTESIAN_POINT('',(37.010443657803,1.30575128535435,7.25010573427551));
#4966=CARTESIAN_POINT('',(37.0103245634673,1.37262904514788,7.24868695018579));
#4967=CARTESIAN_POINT('',(37.0098459226193,1.46525428323068,7.24289269114741));
#4968=CARTESIAN_POINT('',(37.009087258621,1.55680306466318,7.23341862214584));
#4969=CARTESIAN_POINT('',(37.0080644724009,1.64907235295567,7.22000015806674));
#4970=CARTESIAN_POINT('',(37.0069599393004,1.73168575406366,7.20445716917853));
#4971=CARTESIAN_POINT('',(37.0059147896089,1.80270098029234,7.18848005398636));
#4972=CARTESIAN_POINT('',(37.0050298709768,1.86022379287621,7.17385541476424));
#4973=CARTESIAN_POINT('',(37.0041955030033,1.91361993112981,7.15884428610781));
#4974=CARTESIAN_POINT('',(37.0034022606711,1.96476106201842,7.14314564144028));
#4975=CARTESIAN_POINT('',(37.0026402957626,2.01549724994449,7.12624193235588));
#4976=CARTESIAN_POINT('',(37.0019298844856,2.06583443912034,7.10813136311406));
#4977=CARTESIAN_POINT('',(37.0012926006718,2.11578713134442,7.08880554183834));
#4978=CARTESIAN_POINT('',(37.0007520366456,2.1653287480288,7.06826908973473));
#4979=CARTESIAN_POINT('',(37.0003343386672,2.2142900601317,7.0465907797788));
#4980=CARTESIAN_POINT('',(37.0000651808987,2.26245079070685,7.02388275034345));
#4981=CARTESIAN_POINT('',(37.0000000745635,2.29406349204529,7.00805630659073));
#4982=CARTESIAN_POINT('',(37.,2.30969492403047,6.99999999926708));
#4983=CARTESIAN_POINT('',(37.,3.52891851440419,5.));
#4984=AXIS2_PLACEMENT_3D('',#4985,#4986,#4987);
#4985=CARTESIAN_POINT('',(37.,1.27891851440418,5.));
#4986=DIRECTION('',(-1.,0.,0.));
#4987=DIRECTION('',(0.,0.458122847290851,0.888888888888889));
#4988=CARTESIAN_POINT('',(37.,2.30969492080861,3.));
#4989=AXIS2_PLACEMENT_3D('',#4990,#4991,#4992);
#4990=CARTESIAN_POINT('',(37.,1.27891851440418,5.));
#4991=DIRECTION('',(-1.,0.,0.));
#4992=DIRECTION('',(0.,1.,0.));
#4993=CARTESIAN_POINT('',(37.010434814205,1.27891851440418,2.75000000000162));
#4994=CARTESIAN_POINT('',(37.010436370888,1.31393837702238,2.74999928022907));
#4995=CARTESIAN_POINT('',(37.0103110116214,1.37671957364739,2.75146609429737));
#4996=CARTESIAN_POINT('',(37.0098305795861,1.46612542489301,2.75730372441722));
#4997=CARTESIAN_POINT('',(37.0091259592923,1.55243649442831,2.76610096687369));
#4998=CARTESIAN_POINT('',(37.0080911736179,1.647648832707,2.77960526292382));
#4999=CARTESIAN_POINT('',(37.0067878734126,1.74446110047656,2.79793617477636));
#5000=CARTESIAN_POINT('',(37.0054927357766,1.8305038195414,2.81820396830294));
#5001=CARTESIAN_POINT('',(37.0044947736975,1.89446023433461,2.83559377170829));
#5002=CARTESIAN_POINT('',(37.0037227413098,1.9440314467886,2.85039890485708));
#5003=CARTESIAN_POINT('',(37.003094221799,1.98513268343835,2.86356507732365));
#5004=CARTESIAN_POINT('',(37.0025220464768,2.02387330833914,2.8767802547809));
#5005=CARTESIAN_POINT('',(37.0020163962221,2.05988034417453,2.8897726208824));
#5006=CARTESIAN_POINT('',(37.0015674714275,2.09406134970759,2.90274833462276));
#5007=CARTESIAN_POINT('',(37.0011773492629,2.12643661739819,2.91562815559673));
#5008=CARTESIAN_POINT('',(37.000843516215,2.15737051433841,2.92848458261136));
#5009=CARTESIAN_POINT('',(37.0005714993529,2.18631921852416,2.94101064100796));
#5010=CARTESIAN_POINT('',(37.0003556666731,2.213655903701,2.95328387237054));
#5011=CARTESIAN_POINT('',(37.0001937844733,2.2393508412528,2.96522067150139));
#5012=CARTESIAN_POINT('',(37.0000808954055,2.26385688604225,2.976975054473));
#5013=CARTESIAN_POINT('',(37.0000148493208,2.28714294006764,2.98848312662633));
#5014=CARTESIAN_POINT('',(37.0000000034269,2.30229115744028,2.99618418408503));
#5015=CARTESIAN_POINT('',(37.,2.30969492080861,3.00000000000001));
#5016=CARTESIAN_POINT('',(36.9960823802953,2.62891851440418,3.2));
#5017=CARTESIAN_POINT('',(33.5,2.62891851440418,3.2));
#5018=CARTESIAN_POINT('',(36.9960823802953,2.62891851440418,3.2));
#5019=VECTOR('',#5020,1.);
#5020=DIRECTION('',(-1.,0.,0.));
#5021=AXIS2_PLACEMENT_3D('',#5022,#5023,#5024);
#5022=CARTESIAN_POINT('',(33.5,1.27891851440418,5.));
#5023=DIRECTION('',(-1.,0.,0.));
#5024=DIRECTION('',(0.,-9.86864910777917E-17,1.));
#5025=CARTESIAN_POINT('',(36.9960823802953,-0.0710814855958166,3.2));
#5026=CARTESIAN_POINT('',(36.9960823802953,-0.0710814855958164,3.2));
#5027=VECTOR('',#5028,1.);
#5028=DIRECTION('',(-1.,0.,0.));
#5029=CARTESIAN_POINT('',(36.9960823802953,1.27891851440418,2.75));
#5030=AXIS2_PLACEMENT_3D('',#5031,#5032,#5033);
#5031=CARTESIAN_POINT('',(36.9960823802953,1.27891851440418,5.));
#5032=DIRECTION('',(-1.,0.,0.));
#5033=DIRECTION('',(0.,0.,-1.));
#5034=AXIS2_PLACEMENT_3D('',#5035,#5036,#5037);
#5035=CARTESIAN_POINT('',(36.9960823802953,1.27891851440418,5.));
#5036=DIRECTION('',(-1.,0.,0.));
#5037=DIRECTION('',(0.,0.600000000000001,-0.799999999999999));
#5038=CARTESIAN_POINT('',(33.5,1.27891851440418,3.2));
#5039=VECTOR('',#5040,1.);
#5040=DIRECTION('',(0.,1.,0.));
#5041=CARTESIAN_POINT('',(36.9960823802953,-0.0710814855958166,3.2));
#5042=VECTOR('',#5043,1.);
#5043=DIRECTION('',(0.,1.,0.));
#5044=CARTESIAN_POINT('',(-36.9960823802953,2.62891851440418,3.2));
#5045=VECTOR('',#5046,1.);
#5046=DIRECTION('',(-2.63163976207446E-15,-1.,0.));
#5047=CARTESIAN_POINT('',(-37.,-0.971081485595786,3.));
#5048=CARTESIAN_POINT('',(-37.,-0.971081485595796,3.));
#5049=VECTOR('',#5050,1.);
#5050=DIRECTION('',(0.,1.,0.));
#5051=CARTESIAN_POINT('',(-40.,-0.641764799656387,-1.48029736616688E-16));
#5052=CARTESIAN_POINT('',(-37.,-0.971081485595761,2.99999999999999));
#5053=CARTESIAN_POINT('',(-37.,-0.97108148559576,1.24264068711928));
#5054=CARTESIAN_POINT('',(-38.2426406871193,-0.834674047963929,-4.88498130835069E-15));
#5055=CARTESIAN_POINT('',(-40.,-0.641764799656431,-4.44089209850063E-16));
#5056=CARTESIAN_POINT('',(-40.,3.53248993791508,0.));
#5057=CARTESIAN_POINT('',(-40.,-0.641764799656366,0.));
#5058=VECTOR('',#5059,1.);
#5059=DIRECTION('',(-3.40440524323865E-15,1.,0.));
#5060=CARTESIAN_POINT('',(-37.,3.52891851440419,3.));
#5061=CARTESIAN_POINT('',(-36.9999999999994,3.52891851465313,3.));
#5062=CARTESIAN_POINT('',(-36.9999999999994,3.52891851465313,1.24264068711915));
#5063=CARTESIAN_POINT('',(-38.2426406871189,3.53039784670788,-1.76747505520325E-13));
#5064=CARTESIAN_POINT('',(-39.9999999999997,3.53248993816295,0.));
#5065=CARTESIAN_POINT('',(-37.,2.30969492080859,3.));
#5066=VECTOR('',#5067,1.);
#5067=DIRECTION('',(0.,1.,0.));
#5068=CARTESIAN_POINT('',(-37.,3.5289185144042,3.));
#5069=VECTOR('',#5070,1.);
#5070=DIRECTION('',(0.,0.,1.));
#5071=CARTESIAN_POINT('',(-37.,3.5289185144042,7.));
#5072=CARTESIAN_POINT('',(-37.,3.5289185144042,5.));
#5073=VECTOR('',#5074,1.);
#5074=DIRECTION('',(0.,0.,1.));
#5075=CARTESIAN_POINT('',(-37.,2.30969492440822,7.));
#5076=VECTOR('',#5077,1.);
#5077=DIRECTION('',(0.,1.,0.));
#5078=CARTESIAN_POINT('',(-40.,3.53248993791508,10.));
#5079=CARTESIAN_POINT('',(-36.9999999999994,3.52891851465313,7.));
#5080=CARTESIAN_POINT('',(-36.9999999999994,3.52891851465313,8.75735931288085));
#5081=CARTESIAN_POINT('',(-38.2426406871189,3.53039784670788,10.0000000000002));
#5082=CARTESIAN_POINT('',(-39.9999999999997,3.53248993816295,10.));
#5083=CARTESIAN_POINT('',(-40.,-0.641764799656433,10.));
#5084=CARTESIAN_POINT('',(-40.,-0.641764799656434,10.));
#5085=VECTOR('',#5086,1.);
#5086=DIRECTION('',(-3.40440524323859E-15,1.,0.));
#5087=CARTESIAN_POINT('',(-37.,-0.971081485595788,7.));
#5088=CARTESIAN_POINT('',(-37.,-0.971081485595761,7.00000000000001));
#5089=CARTESIAN_POINT('',(-37.,-0.97108148559576,8.75735931288072));
#5090=CARTESIAN_POINT('',(-38.2426406871193,-0.834674047963929,10.));
#5091=CARTESIAN_POINT('',(-40.,-0.641764799656431,10.));
#5092=CARTESIAN_POINT('',(-37.,-0.971081485595793,7.));
#5093=VECTOR('',#5094,1.);
#5094=DIRECTION('',(0.,1.,0.));
#5095=CARTESIAN_POINT('',(-37.,-0.971081485595795,5.));
#5096=VECTOR('',#5097,1.);
#5097=DIRECTION('',(0.,0.,1.));
#5098=CARTESIAN_POINT('',(-37.,-0.971081485595795,3.));
#5099=VECTOR('',#5100,1.);
#5100=DIRECTION('',(0.,0.,1.));
#5101=CARTESIAN_POINT('',(37.,3.52891851440419,3.));
#5102=CARTESIAN_POINT('',(37.,3.52891851440418,3.));
#5103=VECTOR('',#5104,1.);
#5104=DIRECTION('',(0.,-1.,0.));
#5105=CARTESIAN_POINT('',(40.,3.53248993791852,0.));
#5106=CARTESIAN_POINT('',(37.,3.52891851431205,3.));
#5107=CARTESIAN_POINT('',(37.,3.52891851431205,1.24264068711924));
#5108=CARTESIAN_POINT('',(38.2426406871193,3.53039784636674,-6.21724893790088E-14));
#5109=CARTESIAN_POINT('',(40.0000000000001,3.53248993782174,0.));
#5110=CARTESIAN_POINT('',(40.,-0.641764799656374,1.48029736616688E-16));
#5111=CARTESIAN_POINT('',(40.,3.53248993791852,0.));
#5112=VECTOR('',#5113,1.);
#5113=DIRECTION('',(0.,-1.,0.));
#5114=CARTESIAN_POINT('',(37.,-0.971081485595794,3.));
#5115=CARTESIAN_POINT('',(37.,-0.97108148559575,3.00000000000001));
#5116=CARTESIAN_POINT('',(37.,-0.97108148559575,1.24264068711929));
#5117=CARTESIAN_POINT('',(38.2426406871193,-0.83467404796392,3.99680288865056E-15));
#5118=CARTESIAN_POINT('',(40.,-0.641764799656424,0.));
#5119=CARTESIAN_POINT('',(37.,0.248142107999751,3.));
#5120=VECTOR('',#5121,1.);
#5121=DIRECTION('',(0.,-1.,0.));
#5122=CARTESIAN_POINT('',(37.,-0.971081485595809,3.));
#5123=VECTOR('',#5124,1.);
#5124=DIRECTION('',(0.,2.22044604925031E-16,1.));
#5125=CARTESIAN_POINT('',(37.,-0.971081485595795,7.));
#5126=CARTESIAN_POINT('',(37.,-0.971081485595808,5.));
#5127=VECTOR('',#5128,1.);
#5128=DIRECTION('',(0.,-2.22044604925031E-16,1.));
#5129=CARTESIAN_POINT('',(37.,0.248142107996656,7.));
#5130=VECTOR('',#5131,1.);
#5131=DIRECTION('',(0.,-1.,0.));
#5132=CARTESIAN_POINT('',(40.,-0.641764799656374,10.));
#5133=CARTESIAN_POINT('',(37.,-0.97108148559575,6.99999999999999));
#5134=CARTESIAN_POINT('',(37.,-0.971081485595751,8.75735931288071));
#5135=CARTESIAN_POINT('',(38.2426406871193,-0.834674047963921,10.));
#5136=CARTESIAN_POINT('',(40.,-0.641764799656424,10.));
#5137=CARTESIAN_POINT('',(40.,3.53248993791852,10.));
#5138=CARTESIAN_POINT('',(40.,3.53248993791852,10.));
#5139=VECTOR('',#5140,1.);
#5140=DIRECTION('',(0.,-1.,0.));
#5141=CARTESIAN_POINT('',(37.,3.52891851440418,7.));
#5142=CARTESIAN_POINT('',(37.,3.52891851431205,7.));
#5143=CARTESIAN_POINT('',(37.,3.52891851431205,8.75735931288076));
#5144=CARTESIAN_POINT('',(38.2426406871193,3.53039784636674,10.0000000000001));
#5145=CARTESIAN_POINT('',(40.0000000000001,3.53248993782174,10.));
#5146=CARTESIAN_POINT('',(37.,3.52891851440418,7.));
#5147=VECTOR('',#5148,1.);
#5148=DIRECTION('',(0.,-1.,0.));
#5149=CARTESIAN_POINT('',(37.,3.52891851440419,5.));
#5150=VECTOR('',#5151,1.);
#5151=DIRECTION('',(0.,0.,1.));
#5152=CARTESIAN_POINT('',(37.,3.52891851440419,3.));
#5153=VECTOR('',#5154,1.);
#5154=DIRECTION('',(0.,0.,1.));
#5155=CARTESIAN_POINT('',(-37.6519690923639,-3.90494240123311,3.));
#5156=CARTESIAN_POINT('',(-37.6519690923639,-3.90494240123311,3.));
#5157=VECTOR('',#5158,1.);
#5158=DIRECTION('',(0.216930457818659,0.976187060183952,0.));
#5159=CARTESIAN_POINT('',(-40.4065148190976,-2.4710814855958,-2.59052039079203E-16));
#5160=CARTESIAN_POINT('',(-40.4065148190976,-2.4710814855958,-4.44089209850063E-16));
#5161=CARTESIAN_POINT('',(-40.2545106032744,-2.55023478689857,-8.36136715420821E-16));
#5162=CARTESIAN_POINT('',(-39.9703184334974,-2.69814536914203,0.0256637083394109));
#5163=CARTESIAN_POINT('',(-39.5796269765728,-2.90149785391155,0.128700748541511));
#5164=CARTESIAN_POINT('',(-39.2370313859674,-3.07986560150704,0.274772244597897));
#5165=CARTESIAN_POINT('',(-38.9254128738588,-3.2420703949197,0.460606166265435));
#5166=CARTESIAN_POINT('',(-38.639019109606,-3.39111850198027,0.688306487477917));
#5167=CARTESIAN_POINT('',(-38.3851874779119,-3.52326170978643,0.950475286733001));
#5168=CARTESIAN_POINT('',(-38.1690415489105,-3.63578167891996,1.23743214469618));
#5169=CARTESIAN_POINT('',(-37.9895538249643,-3.72921637807857,1.54589392873613));
#5170=CARTESIAN_POINT('',(-37.8489886733834,-3.80238400977929,1.86737852955956));
#5171=CARTESIAN_POINT('',(-37.7444123034192,-3.85682678403686,2.20311799188704));
#5172=CARTESIAN_POINT('',(-37.6826265326054,-3.88894473054441,2.51853383321795));
#5173=CARTESIAN_POINT('',(-37.6562974225218,-3.90275593190902,2.7870661464546));
#5174=CARTESIAN_POINT('',(-37.6518890045566,-3.90458200610063,2.93756065959436));
#5175=CARTESIAN_POINT('',(-37.6519690923639,-3.90494240123311,2.99999999999999));
#5176=CARTESIAN_POINT('',(-40.4065148190976,-2.4710814855958,-2.22044604925031E-16));
#5177=VECTOR('',#5178,1.);
#5178=DIRECTION('',(0.216930457818656,0.976187060183953,0.));
#5179=CARTESIAN_POINT('',(40.4065148190976,-2.47108148559581,2.59052039079203E-16));
#5180=CARTESIAN_POINT('',(42.,-2.47108148559582,1.29526019539602E-16));
#5181=CARTESIAN_POINT('',(40.4065148190976,-2.47108148559582,2.22044604925031E-16));
#5182=VECTOR('',#5183,1.);
#5183=DIRECTION('',(1.,5.57381035195549E-16,0.));
#5184=CARTESIAN_POINT('',(40.,-0.641764799656348,2.22044604925031E-16));
#5185=VECTOR('',#5186,1.);
#5186=DIRECTION('',(0.216930457818652,-0.976187060183953,0.));
#5187=CARTESIAN_POINT('',(39.9683748153309,16.8150674989256,0.));
#5188=CARTESIAN_POINT('',(39.9683748153309,16.8150674989256,0.));
#5189=VECTOR('',#5190,1.);
#5190=DIRECTION('',(0.00238094563225006,-0.999997165544931,0.));
#5191=CARTESIAN_POINT('',(29.8365412107411,29.4637773817579,0.));
#5192=AXIS2_PLACEMENT_3D('',#5193,#5194,#5195);
#5193=CARTESIAN_POINT('',(26.9684116632468,16.7841152057064,0.));
#5194=DIRECTION('',(0.,0.,1.));
#5195=DIRECTION('',(0.999997165544931,0.00238094563224869,0.));
#5196=CARTESIAN_POINT('',(-29.8365412107411,29.4637773817579,0.));
#5197=AXIS2_PLACEMENT_3D('',#5198,#5199,#5200);
#5198=CARTESIAN_POINT('',(-1.35284347462228E-14,-102.440049411753,0.));
#5199=DIRECTION('',(0.,0.,-1.));
#5200=DIRECTION('',(-0.220625349807252,0.975358628927036,0.));
#5201=CARTESIAN_POINT('',(-39.9683748153309,16.8150674989256,0.));
#5202=AXIS2_PLACEMENT_3D('',#5203,#5204,#5205);
#5203=CARTESIAN_POINT('',(-26.9684116632468,16.7841152057064,0.));
#5204=DIRECTION('',(0.,0.,1.));
#5205=DIRECTION('',(-0.22062534980725,0.975358628927037,0.));
#5206=CARTESIAN_POINT('',(-40.,3.53248993791508,0.));
#5207=VECTOR('',#5208,1.);
#5208=DIRECTION('',(0.00238094563224998,0.999997165544931,0.));
#5209=CARTESIAN_POINT('',(-42.,-2.4710814855958,-1.29526019539602E-16));
#5210=CARTESIAN_POINT('',(-42.,-2.4710814855958,-2.22044604925031E-16));
#5211=VECTOR('',#5212,1.);
#5212=DIRECTION('',(1.,-5.57381035195549E-16,0.));
#5213=CARTESIAN_POINT('',(-42.,21.5319581404142,0.));
#5214=CARTESIAN_POINT('',(-42.,21.5319581404142,0.));
#5215=VECTOR('',#5216,1.);
#5216=DIRECTION('',(-2.96021981728575E-16,-1.,0.));
#5217=CARTESIAN_POINT('',(-33.4664104797959,41.2294626521965,0.));
#5218=AXIS2_PLACEMENT_3D('',#5219,#5220,#5221);
#5219=CARTESIAN_POINT('',(-15.,21.5319581404142,0.));
#5220=DIRECTION('',(0.,0.,-1.));
#5221=DIRECTION('',(-1.,1.31581988103722E-16,0.));
#5222=CARTESIAN_POINT('',(-20.6671658103529,53.2287545297993,0.));
#5223=CARTESIAN_POINT('',(-20.6671658103529,53.2287545297993,0.));
#5224=VECTOR('',#5225,1.);
#5225=DIRECTION('',(-0.729537204140086,-0.683941128881329,0.));
#5226=CARTESIAN_POINT('',(-10.2426762568972,77.9033831174501,0.));
#5227=AXIS2_PLACEMENT_3D('',#5228,#5229,#5230);
#5228=CARTESIAN_POINT('',(-43.2372230634368,77.3034822664221,0.));
#5229=DIRECTION('',(0.,0.,1.));
#5230=DIRECTION('',(0.68394112888133,-0.729537204140085,0.));
#5231=CARTESIAN_POINT('',(-11.7229941618192,159.320867887864,0.));
#5232=CARTESIAN_POINT('',(-11.7229941618122,159.320867887777,0.));
#5233=VECTOR('',#5234,1.);
#5234=DIRECTION('',(0.0181788136675148,-0.999834751713323,0.));
#5235=CARTESIAN_POINT('',(-0.220162629550068,171.52879227135,0.));
#5236=AXIS2_PLACEMENT_3D('',#5237,#5238,#5239);
#5237=CARTESIAN_POINT('',(0.275022858726371,159.539013652368,0.));
#5238=DIRECTION('',(0.,0.,-1.));
#5239=DIRECTION('',(-0.999834751712618,-0.0181788137062592,0.));
#5240=CARTESIAN_POINT('',(11.7228106138598,159.310772750394,0.));
#5241=AXIS2_PLACEMENT_3D('',#5242,#5243,#5244);
#5242=CARTESIAN_POINT('',(-0.275206406700051,159.528918514404,0.));
#5243=DIRECTION('',(0.,0.,-1.));
#5244=DIRECTION('',(0.00458698142667127,0.999989479745358,0.));
#5245=CARTESIAN_POINT('',(10.2426762568972,77.9033831174501,0.));
#5246=CARTESIAN_POINT('',(10.2426762568972,77.9033831174501,0.));
#5247=VECTOR('',#5248,1.);
#5248=DIRECTION('',(0.0181788136675151,0.999834751713323,0.));
#5249=CARTESIAN_POINT('',(20.667165810353,53.2287545297993,0.));
#5250=AXIS2_PLACEMENT_3D('',#5251,#5252,#5253);
#5251=CARTESIAN_POINT('',(43.2372230634369,77.3034822664221,0.));
#5252=DIRECTION('',(0.,0.,1.));
#5253=DIRECTION('',(-0.999834751713323,0.0181788136675159,0.));
#5254=CARTESIAN_POINT('',(33.4664104797959,41.2294626521965,0.));
#5255=CARTESIAN_POINT('',(33.4664104797959,41.2294626521965,0.));
#5256=VECTOR('',#5257,1.);
#5257=DIRECTION('',(-0.729537204140085,0.68394112888133,0.));
#5258=CARTESIAN_POINT('',(42.,21.5319581404142,0.));
#5259=AXIS2_PLACEMENT_3D('',#5260,#5261,#5262);
#5260=CARTESIAN_POINT('',(15.,21.5319581404142,0.));
#5261=DIRECTION('',(0.,0.,-1.));
#5262=DIRECTION('',(0.683941128881331,0.729537204140084,0.));
#5263=CARTESIAN_POINT('',(42.,-2.47108148559582,0.));
#5264=VECTOR('',#5265,1.);
#5265=DIRECTION('',(5.9204396345715E-16,1.,0.));
#5266=CARTESIAN_POINT('',(7.99999999999997,156.5,-1.1842378929335E-15));
#5267=CARTESIAN_POINT('',(7.99999999999997,163.5,-1.1842378929335E-15));
#5268=CARTESIAN_POINT('',(7.99999999999997,156.5,0.));
#5269=VECTOR('',#5270,1.);
#5270=DIRECTION('',(0.,1.,0.));
#5271=CARTESIAN_POINT('',(-8.00000000000003,163.5,-1.1842378929335E-15));
#5272=AXIS2_PLACEMENT_3D('',#5273,#5274,#5275);
#5273=CARTESIAN_POINT('',(-2.97539770599542E-14,163.5,0.));
#5274=DIRECTION('',(0.,0.,1.));
#5275=DIRECTION('',(1.,0.,0.));
#5276=CARTESIAN_POINT('',(-8.00000000000003,156.5,-1.1842378929335E-15));
#5277=CARTESIAN_POINT('',(-8.00000000000003,163.5,0.));
#5278=VECTOR('',#5279,1.);
#5279=DIRECTION('',(0.,-1.,0.));
#5280=AXIS2_PLACEMENT_3D('',#5281,#5282,#5283);
#5281=CARTESIAN_POINT('',(-3.01980662698043E-14,156.5,0.));
#5282=DIRECTION('',(0.,0.,1.));
#5283=DIRECTION('',(-1.,0.,0.));
#5284=CARTESIAN_POINT('',(-36.9683833186961,16.8079246620289,3.));
#5285=CARTESIAN_POINT('',(-37.,3.5289185144042,3.));
#5286=VECTOR('',#5287,1.);
#5287=DIRECTION('',(0.00238094563224969,0.999997165544931,0.));
#5288=AXIS2_PLACEMENT_3D('',#5289,#5290,#5291);
#5289=CARTESIAN_POINT('',(-39.9683748153309,16.8150674989256,3.));
#5290=DIRECTION('',(0.00238094563224972,0.999997165544931,0.));
#5291=DIRECTION('',(0.999997165544931,-0.00238094563224972,-6.12323399573677E-17));
#5292=CARTESIAN_POINT('',(-36.9683833186961,16.8079246620289,7.));
#5293=CARTESIAN_POINT('',(-37.,3.5289185144042,7.));
#5294=VECTOR('',#5295,1.);
#5295=DIRECTION('',(0.00238094563224968,0.999997165544931,0.));
#5296=CARTESIAN_POINT('',(-36.9683833186961,16.8079246620289,3.));
#5297=VECTOR('',#5298,1.);
#5298=DIRECTION('',(0.,0.,1.));
#5299=CARTESIAN_POINT('',(-39.9683748153309,16.8150674989256,10.));
#5300=AXIS2_PLACEMENT_3D('',#5301,#5302,#5303);
#5301=CARTESIAN_POINT('',(-39.9683748153309,16.8150674989256,7.));
#5302=DIRECTION('',(-0.00238094563224972,-0.999997165544931,0.));
#5303=DIRECTION('',(0.999997165544931,-0.00238094563224972,6.12323399573677E-17));
#5304=CARTESIAN_POINT('',(-40.,3.53248993791508,10.));
#5305=VECTOR('',#5306,1.);
#5306=DIRECTION('',(0.00238094563224998,0.999997165544931,0.));
#5307=CARTESIAN_POINT('',(40.4065148190976,-2.47108148559581,10.));
#5308=CARTESIAN_POINT('',(42.,-2.47108148559582,10.));
#5309=CARTESIAN_POINT('',(40.4065148190976,-2.47108148559582,10.));
#5310=VECTOR('',#5311,1.);
#5311=DIRECTION('',(1.,5.57381035195549E-16,0.));
#5312=CARTESIAN_POINT('',(42.,21.5319581404142,10.));
#5313=CARTESIAN_POINT('',(42.,-2.47108148559582,10.));
#5314=VECTOR('',#5315,1.);
#5315=DIRECTION('',(2.96021981728575E-16,1.,0.));
#5316=CARTESIAN_POINT('',(33.4664104797959,41.2294626521965,10.));
#5317=AXIS2_PLACEMENT_3D('',#5318,#5319,#5320);
#5318=CARTESIAN_POINT('',(15.,21.5319581404142,10.));
#5319=DIRECTION('',(0.,0.,1.));
#5320=DIRECTION('',(1.,-2.63163976207445E-16,0.));
#5321=CARTESIAN_POINT('',(20.667165810353,53.2287545297993,10.));
#5322=CARTESIAN_POINT('',(33.4664104797959,41.2294626521965,10.));
#5323=VECTOR('',#5324,1.);
#5324=DIRECTION('',(-0.729537204140085,0.68394112888133,0.));
#5325=CARTESIAN_POINT('',(10.2426762568972,77.9033831174501,10.));
#5326=AXIS2_PLACEMENT_3D('',#5327,#5328,#5329);
#5327=CARTESIAN_POINT('',(43.2372230634369,77.3034822664221,10.));
#5328=DIRECTION('',(0.,0.,-1.));
#5329=DIRECTION('',(-0.68394112888133,-0.729537204140085,0.));
#5330=CARTESIAN_POINT('',(11.7228106138598,159.310772750394,10.));
#5331=CARTESIAN_POINT('',(10.2426762568972,77.9033831174501,10.));
#5332=VECTOR('',#5333,1.);
#5333=DIRECTION('',(0.0181788136675151,0.999834751713323,0.));
#5334=CARTESIAN_POINT('',(-0.22016262970269,171.528792271343,10.));
#5335=AXIS2_PLACEMENT_3D('',#5336,#5337,#5338);
#5336=CARTESIAN_POINT('',(-0.275206406700051,159.528918514404,10.));
#5337=DIRECTION('',(0.,0.,1.));
#5338=DIRECTION('',(0.999834751713323,-0.0181788136675133,0.));
#5339=CARTESIAN_POINT('',(-11.7229941618164,159.320867887712,10.));
#5340=AXIS2_PLACEMENT_3D('',#5341,#5342,#5343);
#5341=CARTESIAN_POINT('',(0.275022858726371,159.539013652368,10.));
#5342=DIRECTION('',(0.,0.,1.));
#5343=DIRECTION('',(-0.0412654573588513,0.999148218248406,0.));
#5344=CARTESIAN_POINT('',(-10.2426762568972,77.9033831174501,10.));
#5345=CARTESIAN_POINT('',(-11.7229941618122,159.320867887777,10.));
#5346=VECTOR('',#5347,1.);
#5347=DIRECTION('',(0.0181788136675148,-0.999834751713323,0.));
#5348=CARTESIAN_POINT('',(-20.6671658103529,53.2287545297993,10.));
#5349=AXIS2_PLACEMENT_3D('',#5350,#5351,#5352);
#5350=CARTESIAN_POINT('',(-43.2372230634368,77.3034822664221,10.));
#5351=DIRECTION('',(0.,0.,-1.));
#5352=DIRECTION('',(0.999834751713323,0.0181788136675137,0.));
#5353=CARTESIAN_POINT('',(-33.4664104797959,41.2294626521965,10.));
#5354=CARTESIAN_POINT('',(-20.6671658103529,53.2287545297993,10.));
#5355=VECTOR('',#5356,1.);
#5356=DIRECTION('',(-0.729537204140085,-0.68394112888133,0.));
#5357=CARTESIAN_POINT('',(-42.,21.5319581404143,10.));
#5358=AXIS2_PLACEMENT_3D('',#5359,#5360,#5361);
#5359=CARTESIAN_POINT('',(-15.,21.5319581404142,10.));
#5360=DIRECTION('',(0.,0.,1.));
#5361=DIRECTION('',(-0.68394112888133,0.729537204140085,0.));
#5362=CARTESIAN_POINT('',(-42.,-2.4710814855958,10.));
#5363=CARTESIAN_POINT('',(-42.,21.5319581404143,10.));
#5364=VECTOR('',#5365,1.);
#5365=DIRECTION('',(-2.96021981728575E-16,-1.,0.));
#5366=CARTESIAN_POINT('',(-40.4065148190976,-2.4710814855958,10.));
#5367=CARTESIAN_POINT('',(-42.,-2.4710814855958,10.));
#5368=VECTOR('',#5369,1.);
#5369=DIRECTION('',(1.,-8.36071552793319E-16,0.));
#5370=CARTESIAN_POINT('',(-40.4065148190976,-2.4710814855958,10.));
#5371=VECTOR('',#5372,1.);
#5372=DIRECTION('',(0.216930457818656,0.976187060183953,0.));
#5373=CARTESIAN_POINT('',(-29.8365412107411,29.4637773817579,10.));
#5374=AXIS2_PLACEMENT_3D('',#5375,#5376,#5377);
#5375=CARTESIAN_POINT('',(-26.9684116632468,16.7841152057064,10.));
#5376=DIRECTION('',(0.,0.,-1.));
#5377=DIRECTION('',(-0.999997165544931,0.00238094563225033,0.));
#5378=CARTESIAN_POINT('',(29.8365412107411,29.4637773817579,10.));
#5379=AXIS2_PLACEMENT_3D('',#5380,#5381,#5382);
#5380=CARTESIAN_POINT('',(-1.35284347462228E-14,-102.440049411753,10.));
#5381=DIRECTION('',(0.,0.,-1.));
#5382=DIRECTION('',(-0.220625349807252,0.975358628927036,0.));
#5383=CARTESIAN_POINT('',(39.9683748153309,16.8150674989256,10.));
#5384=AXIS2_PLACEMENT_3D('',#5385,#5386,#5387);
#5385=CARTESIAN_POINT('',(26.9684116632468,16.7841152057064,10.));
#5386=DIRECTION('',(0.,0.,-1.));
#5387=DIRECTION('',(0.220625349807256,0.975358628927035,0.));
#5388=CARTESIAN_POINT('',(39.9683748153309,16.8150674989256,10.));
#5389=VECTOR('',#5390,1.);
#5390=DIRECTION('',(0.00238094563225006,-0.999997165544931,0.));
#5391=CARTESIAN_POINT('',(40.,-0.641764799656348,10.));
#5392=VECTOR('',#5393,1.);
#5393=DIRECTION('',(0.216930457818652,-0.976187060183953,0.));
#5394=CARTESIAN_POINT('',(7.99999999999997,163.5,10.));
#5395=CARTESIAN_POINT('',(-8.00000000000003,163.5,10.));
#5396=AXIS2_PLACEMENT_3D('',#5397,#5398,#5399);
#5397=CARTESIAN_POINT('',(-2.97539770599542E-14,163.5,10.));
#5398=DIRECTION('',(0.,0.,-1.));
#5399=DIRECTION('',(-1.,0.,0.));
#5400=CARTESIAN_POINT('',(7.99999999999997,156.5,10.));
#5401=CARTESIAN_POINT('',(7.99999999999997,156.5,10.));
#5402=VECTOR('',#5403,1.);
#5403=DIRECTION('',(-1.26882631385733E-16,1.,0.));
#5404=CARTESIAN_POINT('',(-8.00000000000003,156.5,10.));
#5405=AXIS2_PLACEMENT_3D('',#5406,#5407,#5408);
#5406=CARTESIAN_POINT('',(-3.01980662698043E-14,156.5,10.));
#5407=DIRECTION('',(0.,0.,-1.));
#5408=DIRECTION('',(1.,0.,0.));
#5409=CARTESIAN_POINT('',(-8.00000000000003,163.5,10.));
#5410=VECTOR('',#5411,1.);
#5411=DIRECTION('',(0.,-1.,0.));
#5412=CARTESIAN_POINT('',(-37.6519690923638,-3.90494240123312,7.));
#5413=CARTESIAN_POINT('',(-37.6519690923638,-3.90494240123312,7.));
#5414=VECTOR('',#5415,1.);
#5415=DIRECTION('',(0.216930457818657,0.976187060183953,0.));
#5416=CARTESIAN_POINT('',(-40.4065148190976,-2.4710814855958,10.));
#5417=CARTESIAN_POINT('',(-40.2545106032764,-2.55023478689766,10.));
#5418=CARTESIAN_POINT('',(-39.9703184335026,-2.69814536913936,9.97433629166122));
#5419=CARTESIAN_POINT('',(-39.579626976581,-2.9014978539073,9.87129925146119));
#5420=CARTESIAN_POINT('',(-39.2370313859768,-3.07986560150216,9.72522775540685));
#5421=CARTESIAN_POINT('',(-38.9254128738681,-3.24207039491488,9.53939383374097));
#5422=CARTESIAN_POINT('',(-38.6390191096156,-3.39111850197525,9.31169351253075));
#5423=CARTESIAN_POINT('',(-38.3851874779215,-3.52326170978144,9.04952471327807));
#5424=CARTESIAN_POINT('',(-38.1690415489197,-3.63578167891516,8.76256785531768));
#5425=CARTESIAN_POINT('',(-37.9895538249711,-3.72921637807506,8.45410607127743));
#5426=CARTESIAN_POINT('',(-37.848988673386,-3.80238400977799,8.13262147044841));
#5427=CARTESIAN_POINT('',(-37.7444123034161,-3.85682678403846,7.79688200810409));
#5428=CARTESIAN_POINT('',(-37.6826265326012,-3.88894473054664,7.48146616675753));
#5429=CARTESIAN_POINT('',(-37.6562974225206,-3.90275593190949,7.21293385352195));
#5430=CARTESIAN_POINT('',(-37.6518890045566,-3.9045820061007,7.06243934039395));
#5431=CARTESIAN_POINT('',(-37.6519690923638,-3.90494240123312,7.00000000000001));
#5432=CARTESIAN_POINT('',(-37.6519690923638,-3.90494240123311,3.));
#5433=VECTOR('',#5434,1.);
#5434=DIRECTION('',(0.,0.,1.));
#5435=CARTESIAN_POINT('',(36.9683833186961,16.8079246620289,3.));
#5436=CARTESIAN_POINT('',(36.9683833186961,16.8079246620289,3.));
#5437=VECTOR('',#5438,1.);
#5438=DIRECTION('',(0.00238094563225022,-0.999997165544931,0.));
#5439=AXIS2_PLACEMENT_3D('',#5440,#5441,#5442);
#5440=CARTESIAN_POINT('',(39.9683748153309,16.8150674989256,3.));
#5441=DIRECTION('',(-0.0023809456322485,0.999997165544931,0.));
#5442=DIRECTION('',(0.,0.,-1.));
#5443=CARTESIAN_POINT('',(37.6519690923638,-3.90494240123313,3.));
#5444=CARTESIAN_POINT('',(37.,-0.971081485595809,2.99999999999999));
#5445=VECTOR('',#5446,1.);
#5446=DIRECTION('',(0.216930457818654,-0.976187060183953,0.));
#5447=CARTESIAN_POINT('',(40.4065148190976,-2.47108148559581,4.44089209850063E-16));
#5448=CARTESIAN_POINT('',(40.254510603276,-2.55023478689802,-2.94902990916057E-16));
#5449=CARTESIAN_POINT('',(39.9703184335017,-2.69814536913992,0.0256637083388924));
#5450=CARTESIAN_POINT('',(39.5796269765793,-2.90149785390825,0.128700748539394));
#5451=CARTESIAN_POINT('',(39.2370313859744,-3.07986560150343,0.2747722445943));
#5452=CARTESIAN_POINT('',(38.9254128738647,-3.24207039491667,0.460606166261297));
#5453=CARTESIAN_POINT('',(38.6390191096115,-3.39111850197743,0.688306487472921));
#5454=CARTESIAN_POINT('',(38.3851874779171,-3.52326170978377,0.950475286727051));
#5455=CARTESIAN_POINT('',(38.1690415489155,-3.63578167891734,1.23743214468858));
#5456=CARTESIAN_POINT('',(37.9895538249674,-3.72921637807698,1.54589392872974));
#5457=CARTESIAN_POINT('',(37.8489886733821,-3.80238400978,1.8673785295615));
#5458=CARTESIAN_POINT('',(37.7444123034102,-3.85682678404152,2.20311799191677));
#5459=CARTESIAN_POINT('',(37.6826265325962,-3.88894473054939,2.51853383327417));
#5460=CARTESIAN_POINT('',(37.6562974225193,-3.90275593191002,2.787066146505));
#5461=CARTESIAN_POINT('',(37.6518890045567,-3.90458200610079,2.93756065961911));
#5462=CARTESIAN_POINT('',(37.6519690923638,-3.90494240123313,2.99999999999999));
#5463=CARTESIAN_POINT('',(37.6519690923638,-3.90494240123313,7.00000000000001));
#5464=CARTESIAN_POINT('',(37.,-0.971081485595807,7.00000000000001));
#5465=VECTOR('',#5466,1.);
#5466=DIRECTION('',(0.216930457818654,-0.976187060183953,0.));
#5467=CARTESIAN_POINT('',(37.6519690923638,-3.90494240123312,3.));
#5468=VECTOR('',#5469,1.);
#5469=DIRECTION('',(0.,0.,1.));
#5470=CARTESIAN_POINT('',(40.4065148190976,-2.47108148559581,10.));
#5471=CARTESIAN_POINT('',(40.2545106032744,-2.55023478689879,10.));
#5472=CARTESIAN_POINT('',(39.9703184334974,-2.69814536914214,9.9743362916606));
#5473=CARTESIAN_POINT('',(39.5796269765731,-2.90149785391145,9.87129925145855));
#5474=CARTESIAN_POINT('',(39.2370313859685,-3.07986560150649,9.72522775540263));
#5475=CARTESIAN_POINT('',(38.9254128738608,-3.24207039491872,9.53939383373586));
#5476=CARTESIAN_POINT('',(38.6390191096084,-3.39111850197904,9.31169351252424));
#5477=CARTESIAN_POINT('',(38.3851874779145,-3.52326170978508,9.04952471327003));
#5478=CARTESIAN_POINT('',(38.169041548913,-3.63578167891865,8.76256785530764));
#5479=CARTESIAN_POINT('',(37.9895538249653,-3.72921637807807,8.45410607126614));
#5480=CARTESIAN_POINT('',(37.8489886733802,-3.80238400978098,8.13262147043349));
#5481=CARTESIAN_POINT('',(37.7444123034095,-3.8568267840419,7.79688200807987));
#5482=CARTESIAN_POINT('',(37.6826265325962,-3.88894473054936,7.48146616672513));
#5483=CARTESIAN_POINT('',(37.6562974225194,-3.90275593190998,7.21293385349639));
#5484=CARTESIAN_POINT('',(37.6518890045567,-3.90458200610077,7.06243934038196));
#5485=CARTESIAN_POINT('',(37.6519690923638,-3.90494240123313,7.00000000000002));
#5486=CARTESIAN_POINT('',(36.9683833186961,16.8079246620289,7.));
#5487=CARTESIAN_POINT('',(36.9683833186961,16.8079246620289,7.));
#5488=VECTOR('',#5489,1.);
#5489=DIRECTION('',(0.00238094563225022,-0.999997165544931,0.));
#5490=AXIS2_PLACEMENT_3D('',#5491,#5492,#5493);
#5491=CARTESIAN_POINT('',(39.9683748153309,16.8150674989257,7.));
#5492=DIRECTION('',(0.00238094563225102,-0.999997165544931,0.));
#5493=DIRECTION('',(0.,0.,1.));
#5494=CARTESIAN_POINT('',(36.9683833186961,16.8079246620289,3.));
#5495=VECTOR('',#5496,1.);
#5496=DIRECTION('',(0.,0.,1.));
#5497=CARTESIAN_POINT('',(-39.6043432127317,-5.4710814855958,3.));
#5498=AXIS2_PLACEMENT_3D('',#5499,#5500,#5501);
#5499=CARTESIAN_POINT('',(-39.6043432127318,-3.4710814855958,3.));
#5500=DIRECTION('',(0.,0.,-1.));
#5501=DIRECTION('',(0.976187060183953,-0.216930457818655,0.));
#5502=CARTESIAN_POINT('',(-40.4065148190977,-2.4710814855958,-4.44089209850063E-16));
#5503=CARTESIAN_POINT('',(-40.362220740574,-2.6366367741983,-4.70110061989715E-16));
#5504=CARTESIAN_POINT('',(-40.2794822904094,-2.94614777016557,0.0256637021935027));
#5505=CARTESIAN_POINT('',(-40.1657250891314,-3.37164911392303,0.12870074243525));
#5506=CARTESIAN_POINT('',(-40.0659241829499,-3.74478003247556,0.274772296482595));
#5507=CARTESIAN_POINT('',(-39.9751814583297,-4.08416534274971,0.460606361861539));
#5508=CARTESIAN_POINT('',(-39.8918101735929,-4.39607223310951,0.688306710393165));
#5509=CARTESIAN_POINT('',(-39.8178775473978,-4.67252508642666,0.950475386864401));
#5510=CARTESIAN_POINT('',(-39.7549256722983,-4.90793283650228,1.2374320781611));
#5511=CARTESIAN_POINT('',(-39.7026515614464,-5.10341801124025,1.54589816646906));
#5512=CARTESIAN_POINT('',(-39.6617155173921,-5.25652149184415,1.86741283734622));
#5513=CARTESIAN_POINT('',(-39.6312475851127,-5.37044621500845,2.20325659826696));
#5514=CARTESIAN_POINT('',(-39.6132974394826,-5.43772652427171,2.51877374296214));
#5515=CARTESIAN_POINT('',(-39.6055369254979,-5.46639299293963,2.78727635398294));
#5516=CARTESIAN_POINT('',(-39.6047117929015,-5.4710814855958,2.93766321467738));
#5517=CARTESIAN_POINT('',(-39.6043432127317,-5.4710814855958,3.));
#5518=CARTESIAN_POINT('',(39.6043432127317,-5.47108148559582,3.));
#5519=CARTESIAN_POINT('',(43.,-5.47108148559581,3.));
#5520=CARTESIAN_POINT('',(39.6043432127317,-5.47108148559582,3.));
#5521=VECTOR('',#5522,1.);
#5522=DIRECTION('',(1.,0.,0.));
#5523=CARTESIAN_POINT('',(40.4065148190976,-2.47108148559582,4.44089209850063E-16));
#5524=CARTESIAN_POINT('',(40.3622207405733,-2.63663677420158,4.77048955893622E-16));
#5525=CARTESIAN_POINT('',(40.2794822904072,-2.94614777017423,0.0256637021944662));
#5526=CARTESIAN_POINT('',(40.1657250891274,-3.37164911393831,0.128700742439735));
#5527=CARTESIAN_POINT('',(40.0659241829447,-3.74478003249523,0.274772296491542));
#5528=CARTESIAN_POINT('',(39.9751814583239,-4.08416534277149,0.460606361875201));
#5529=CARTESIAN_POINT('',(39.8918101735872,-4.39607223313081,0.688306710410846));
#5530=CARTESIAN_POINT('',(39.8178775473928,-4.67252508644567,0.950475386884861));
#5531=CARTESIAN_POINT('',(39.7549256722941,-4.90793283651822,1.23743207818317));
#5532=CARTESIAN_POINT('',(39.7026515614431,-5.1034180112523,1.54589816649109));
#5533=CARTESIAN_POINT('',(39.6617155173907,-5.25652149184951,1.8674128373608));
#5534=CARTESIAN_POINT('',(39.631247585114,-5.37044621500361,2.20325659825519));
#5535=CARTESIAN_POINT('',(39.6132974394847,-5.43772652426409,2.51877374292195));
#5536=CARTESIAN_POINT('',(39.6055369254982,-5.46639299293748,2.78727635394275));
#5537=CARTESIAN_POINT('',(39.6047117929016,-5.47108148559582,2.93766321465655));
#5538=CARTESIAN_POINT('',(39.6043432127317,-5.47108148559582,3.));
#5539=CARTESIAN_POINT('',(42.,-2.47108148559582,4.44089209850063E-16));
#5540=CARTESIAN_POINT('',(42.0238095238095,-2.58328122322402,4.59926192940652E-16));
#5541=CARTESIAN_POINT('',(42.0714285714286,-2.80768035576933,0.0126019931093884));
#5542=CARTESIAN_POINT('',(42.1428571428571,-3.14004640340574,0.0690732460387764));
#5543=CARTESIAN_POINT('',(42.2142857142857,-3.46399975539626,0.162402603462683));
#5544=CARTESIAN_POINT('',(42.2857142857143,-3.77546660377711,0.291416394559879));
#5545=CARTESIAN_POINT('',(42.3571428571428,-4.07053004718625,0.454492196054258));
#5546=CARTESIAN_POINT('',(42.4285714285714,-4.34547949832883,0.649579235113979));
#5547=CARTESIAN_POINT('',(42.5,-4.59685730653052,0.874224179065296));
#5548=CARTESIAN_POINT('',(42.5714285714286,-4.82150225048184,1.12560198726699));
#5549=CARTESIAN_POINT('',(42.6428571428571,-5.01658928954156,1.40055143840956));
#5550=CARTESIAN_POINT('',(42.7142857142857,-5.17966509103594,1.69561488181871));
#5551=CARTESIAN_POINT('',(42.7857142857143,-5.30867888213313,2.00708173019955));
#5552=CARTESIAN_POINT('',(42.8571428571429,-5.40200823955704,2.33103508219008));
#5553=CARTESIAN_POINT('',(42.9285714285714,-5.45847949248643,2.66340112982649));
#5554=CARTESIAN_POINT('',(42.9761904761905,-5.47108148559581,2.88780026237179));
#5555=CARTESIAN_POINT('',(43.,-5.47108148559581,3.));
#5556=CARTESIAN_POINT('',(29.1746651613194,26.5377014949768,3.));
#5557=AXIS2_PLACEMENT_3D('',#5558,#5559,#5560);
#5558=CARTESIAN_POINT('',(26.9684116632468,16.7841152057064,3.));
#5559=DIRECTION('',(0.,0.,1.));
#5560=DIRECTION('',(0.999997165544931,0.00238094563224962,0.));
#5561=AXIS2_PLACEMENT_3D('',#5562,#5563,#5564);
#5562=CARTESIAN_POINT('',(29.8365412107412,29.4637773817579,3.));
#5563=DIRECTION('',(0.975358628927036,-0.220625349807253,0.));
#5564=DIRECTION('',(-0.220625349807253,-0.975358628927036,-1.48029736616688E-16));
#5565=CARTESIAN_POINT('',(-29.1746651613193,26.5377014949768,3.));
#5566=AXIS2_PLACEMENT_3D('',#5567,#5568,#5569);
#5567=CARTESIAN_POINT('',(-1.35284347462228E-14,-102.440049411753,3.));
#5568=DIRECTION('',(0.,0.,-1.));
#5569=DIRECTION('',(-0.220625349807252,0.975358628927036,0.));
#5570=AXIS2_PLACEMENT_3D('',#5571,#5572,#5573);
#5571=CARTESIAN_POINT('',(-29.8365412107411,29.4637773817579,3.));
#5572=DIRECTION('',(-0.975358628927037,-0.22062534980725,0.));
#5573=DIRECTION('',(0.,0.,-1.));
#5574=AXIS2_PLACEMENT_3D('',#5575,#5576,#5577);
#5575=CARTESIAN_POINT('',(-26.9684116632468,16.7841152057064,3.));
#5576=DIRECTION('',(0.,0.,1.));
#5577=DIRECTION('',(-0.220625349807252,0.975358628927036,0.));
#5578=CARTESIAN_POINT('',(-43.,-5.4710814855958,3.));
#5579=CARTESIAN_POINT('',(-43.,-5.4710814855958,3.));
#5580=VECTOR('',#5581,1.);
#5581=DIRECTION('',(1.,-5.23126143390157E-16,0.));
#5582=CARTESIAN_POINT('',(-42.,-2.4710814855958,-4.44089209850063E-16));
#5583=CARTESIAN_POINT('',(-42.0238095238095,-2.58328122322401,-4.61470021978603E-16));
#5584=CARTESIAN_POINT('',(-42.0714285714286,-2.80768035576932,0.0126019931093875));
#5585=CARTESIAN_POINT('',(-42.1428571428572,-3.14004640340572,0.0690732460387755));
#5586=CARTESIAN_POINT('',(-42.2142857142857,-3.46399975539625,0.162402603462682));
#5587=CARTESIAN_POINT('',(-42.2857142857143,-3.77546660377709,0.291416394559879));
#5588=CARTESIAN_POINT('',(-42.3571428571429,-4.07053004718624,0.454492196054255));
#5589=CARTESIAN_POINT('',(-42.4285714285714,-4.34547949832881,0.649579235113977));
#5590=CARTESIAN_POINT('',(-42.5,-4.5968573065305,0.874224179065294));
#5591=CARTESIAN_POINT('',(-42.5714285714286,-4.82150225048182,1.12560198726698));
#5592=CARTESIAN_POINT('',(-42.6428571428571,-5.01658928954154,1.40055143840956));
#5593=CARTESIAN_POINT('',(-42.7142857142857,-5.17966509103592,1.69561488181871));
#5594=CARTESIAN_POINT('',(-42.7857142857143,-5.30867888213312,2.00708173019955));
#5595=CARTESIAN_POINT('',(-42.8571428571429,-5.40200823955702,2.33103508219008));
#5596=CARTESIAN_POINT('',(-42.9285714285714,-5.45847949248641,2.66340112982648));
#5597=CARTESIAN_POINT('',(-42.9761904761905,-5.4710814855958,2.88780026237179));
#5598=CARTESIAN_POINT('',(-43.,-5.4710814855958,3.));
#5599=CARTESIAN_POINT('',(-45.,21.5319581404143,2.99999999999999));
#5600=CARTESIAN_POINT('',(-45.,-3.4710814855958,3.));
#5601=CARTESIAN_POINT('',(-45.,21.5319581404142,3.));
#5602=VECTOR('',#5603,1.);
#5603=DIRECTION('',(-5.68365083916389E-16,-1.,0.));
#5604=AXIS2_PLACEMENT_3D('',#5605,#5606,#5607);
#5605=CARTESIAN_POINT('',(-42.,21.5319581404142,3.));
#5606=DIRECTION('',(5.55111512312578E-17,1.,0.));
#5607=DIRECTION('',(2.368475785867E-15,-1.31476817536835E-31,-1.));
#5608=CARTESIAN_POINT('',(-42.,-2.47108148559579,0.));
#5609=CARTESIAN_POINT('',(-42.1121997376282,-2.49489100940531,-2.65742361753038E-16));
#5610=CARTESIAN_POINT('',(-42.3365988701735,-2.54251005702436,0.0126019931093871));
#5611=CARTESIAN_POINT('',(-42.6689649178099,-2.61393862845293,0.069073246038774));
#5612=CARTESIAN_POINT('',(-42.9929182698004,-2.68536719988151,0.16240260346268));
#5613=CARTESIAN_POINT('',(-43.3043851181813,-2.75679577131008,0.291416394559876));
#5614=CARTESIAN_POINT('',(-43.5994485615904,-2.82822434273865,0.454492196054252));
#5615=CARTESIAN_POINT('',(-43.874398012733,-2.89965291416722,0.649579235113974));
#5616=CARTESIAN_POINT('',(-44.1257758209347,-2.97108148559579,0.87422417906529));
#5617=CARTESIAN_POINT('',(-44.350420764886,-3.04251005702436,1.12560198726698));
#5618=CARTESIAN_POINT('',(-44.5455078039457,-3.11393862845294,1.40055143840956));
#5619=CARTESIAN_POINT('',(-44.7085836054401,-3.18536719988151,1.6956148818187));
#5620=CARTESIAN_POINT('',(-44.8375973965373,-3.25679577131008,2.00708173019954));
#5621=CARTESIAN_POINT('',(-44.9309267539612,-3.32822434273865,2.33103508219007));
#5622=CARTESIAN_POINT('',(-44.9873980068906,-3.39965291416722,2.66340112982648));
#5623=CARTESIAN_POINT('',(-45.,-3.44727196178627,2.88780026237179));
#5624=CARTESIAN_POINT('',(-45.,-3.4710814855958,2.99999999999999));
#5625=CARTESIAN_POINT('',(-35.5182338664399,43.4180742646168,3.));
#5626=AXIS2_PLACEMENT_3D('',#5627,#5628,#5629);
#5627=CARTESIAN_POINT('',(-15.,21.5319581404142,2.99999999999999));
#5628=DIRECTION('',(0.,0.,-1.));
#5629=DIRECTION('',(-1.,3.5527136788005E-16,0.));
#5630=AXIS2_PLACEMENT_3D('',#5631,#5632,#5633);
#5631=CARTESIAN_POINT('',(-33.4664104797959,41.2294626521965,3.));
#5632=DIRECTION('',(-0.729537204140085,-0.68394112888133,2.95822839457879E-31));
#5633=DIRECTION('',(-0.68394112888133,0.729537204140085,1.66665886293754E-15));
#5634=CARTESIAN_POINT('',(-22.7189891969969,55.4173661422196,3.));
#5635=CARTESIAN_POINT('',(-22.7189891969969,55.4173661422196,3.));
#5636=VECTOR('',#5637,1.);
#5637=DIRECTION('',(-0.729537204140085,-0.683941128881329,0.));
#5638=AXIS2_PLACEMENT_3D('',#5639,#5640,#5641);
#5639=CARTESIAN_POINT('',(-20.667165810353,53.2287545297993,3.));
#5640=DIRECTION('',(0.729537204140085,0.68394112888133,0.));
#5641=DIRECTION('',(2.28969072854086E-15,-2.44233677711025E-15,-1.));
#5642=CARTESIAN_POINT('',(-13.2421805120371,77.8488466764476,3.));
#5643=AXIS2_PLACEMENT_3D('',#5644,#5645,#5646);
#5644=CARTESIAN_POINT('',(-43.2372230634368,77.3034822664221,3.));
#5645=DIRECTION('',(0.,0.,1.));
#5646=DIRECTION('',(0.68394112888133,-0.729537204140085,0.));
#5647=AXIS2_PLACEMENT_3D('',#5648,#5649,#5650);
#5648=CARTESIAN_POINT('',(-10.2426762568972,77.9033831174501,3.));
#5649=DIRECTION('',(0.0181788136675148,-0.999834751713323,0.));
#5650=DIRECTION('',(-0.999834751713323,-0.0181788136675148,-6.12323399573677E-17));
#5651=CARTESIAN_POINT('',(-14.722498416958,159.266331446802,3.));
#5652=CARTESIAN_POINT('',(-14.7224984169521,159.266331446774,3.));
#5653=VECTOR('',#5654,1.);
#5654=DIRECTION('',(0.0181788136675148,-0.999834751713323,0.));
#5655=AXIS2_PLACEMENT_3D('',#5656,#5657,#5658);
#5656=CARTESIAN_POINT('',(-11.7229941618267,159.320867887982,3.));
#5657=DIRECTION('',(-0.0181788136987707,0.999834751712755,0.));
#5658=DIRECTION('',(1.77576980805672E-15,3.22867238383801E-17,-1.));
#5659=CARTESIAN_POINT('',(-0.275206406806537,174.528918514109,3.00000000000001));
#5660=AXIS2_PLACEMENT_3D('',#5661,#5662,#5663);
#5661=CARTESIAN_POINT('',(0.275022858726371,159.539013652368,3.00000000000001));
#5662=DIRECTION('',(0.,0.,-1.));
#5663=DIRECTION('',(-0.999834751712618,-0.0181788137062578,0.));
#5664=CARTESIAN_POINT('',(-0.220162629535101,171.52879227135,0.));
#5665=CARTESIAN_POINT('',(-0.221313758228245,171.591533829961,-2.95552553321895E-6));
#5666=CARTESIAN_POINT('',(-0.223615928632389,171.717012206276,0.00393917767444986));
#5667=CARTESIAN_POINT('',(-0.227054946548439,171.904453754581,0.0216250327234753));
#5668=CARTESIAN_POINT('',(-0.230846295106356,172.111098868239,0.0542970106571367));
#5669=CARTESIAN_POINT('',(-0.235333006260799,172.355644291398,0.111550391063327));
#5670=CARTESIAN_POINT('',(-0.240797555217643,172.653486160251,0.211605911444656));
#5671=CARTESIAN_POINT('',(-0.246713030503785,172.975905490616,0.363051426286464));
#5672=CARTESIAN_POINT('',(-0.252559326000061,173.294554219061,0.56487558617433));
#5673=CARTESIAN_POINT('',(-0.257896624486053,173.585460379693,0.805014956431479));
#5674=CARTESIAN_POINT('',(-0.262640370127328,173.844015308568,1.0796698839549));
#5675=CARTESIAN_POINT('',(-0.266678760273296,174.064125271945,1.38173270630499));
#5676=CARTESIAN_POINT('',(-0.269909690453045,174.24022512656,1.69956850564219));
#5677=CARTESIAN_POINT('',(-0.272162732201545,174.363025780581,2.00058080444959));
#5678=CARTESIAN_POINT('',(-0.273538792707807,174.438027099564,2.25554994323844));
#5679=CARTESIAN_POINT('',(-0.274271767571717,174.477977464647,2.44214990660706));
#5680=CARTESIAN_POINT('',(-0.274684998516741,174.500500340192,2.58240398885567));
#5681=CARTESIAN_POINT('',(-0.274935314364105,174.514143671512,2.69582189906563));
#5682=CARTESIAN_POINT('',(-0.275098161006544,174.523019469498,2.8027775658625));
#5683=CARTESIAN_POINT('',(-0.275187404071397,174.527883817258,2.90306800725534));
#5684=CARTESIAN_POINT('',(-0.275206401678712,174.528918763556,2.96826513173739));
#5685=CARTESIAN_POINT('',(-0.275206406633261,174.528918514116,3.00000000000001));
#5686=CARTESIAN_POINT('',(14.7223148689998,159.256236309392,3.00000000000001));
#5687=AXIS2_PLACEMENT_3D('',#5688,#5689,#5690);
#5688=CARTESIAN_POINT('',(-0.275206406700051,159.528918514404,3.00000000000001));
#5689=DIRECTION('',(0.,0.,-1.));
#5690=DIRECTION('',(-6.66133814775094E-17,1.,0.));
#5691=AXIS2_PLACEMENT_3D('',#5692,#5693,#5694);
#5692=CARTESIAN_POINT('',(11.7228106138598,159.310772750394,3.));
#5693=DIRECTION('',(0.0181788136675151,0.999834751713323,9.70668691971167E-32));
#5694=DIRECTION('',(0.999834751713323,-0.0181788136675151,5.3078875986797E-16));
#5695=CARTESIAN_POINT('',(13.2421805120372,77.8488466764476,3.));
#5696=CARTESIAN_POINT('',(13.2421805120372,77.8488466764476,3.));
#5697=VECTOR('',#5698,1.);
#5698=DIRECTION('',(0.0181788136675151,0.999834751713323,0.));
#5699=AXIS2_PLACEMENT_3D('',#5700,#5701,#5702);
#5700=CARTESIAN_POINT('',(10.2426762568972,77.9033831174501,3.));
#5701=DIRECTION('',(-0.0181788136675152,-0.999834751713323,0.));
#5702=DIRECTION('',(0.,0.,-1.));
#5703=CARTESIAN_POINT('',(22.718989196997,55.4173661422195,3.));
#5704=AXIS2_PLACEMENT_3D('',#5705,#5706,#5707);
#5705=CARTESIAN_POINT('',(43.2372230634369,77.3034822664221,3.));
#5706=DIRECTION('',(0.,0.,1.));
#5707=DIRECTION('',(-0.999834751713323,0.0181788136675152,0.));
#5708=AXIS2_PLACEMENT_3D('',#5709,#5710,#5711);
#5709=CARTESIAN_POINT('',(20.667165810353,53.2287545297993,3.));
#5710=DIRECTION('',(-0.729537204140085,0.68394112888133,-9.86076131526265E-32));
#5711=DIRECTION('',(0.68394112888133,0.729537204140085,2.47660786429452E-15));
#5712=CARTESIAN_POINT('',(35.5182338664399,43.4180742646168,3.));
#5713=CARTESIAN_POINT('',(35.5182338664399,43.4180742646168,3.));
#5714=VECTOR('',#5715,1.);
#5715=DIRECTION('',(-0.729537204140085,0.68394112888133,0.));
#5716=AXIS2_PLACEMENT_3D('',#5717,#5718,#5719);
#5717=CARTESIAN_POINT('',(33.4664104797959,41.2294626521965,3.));
#5718=DIRECTION('',(0.729537204140085,-0.68394112888133,0.));
#5719=DIRECTION('',(0.,0.,-1.));
#5720=CARTESIAN_POINT('',(45.,21.5319581404142,3.));
#5721=AXIS2_PLACEMENT_3D('',#5722,#5723,#5724);
#5722=CARTESIAN_POINT('',(15.,21.5319581404142,3.));
#5723=DIRECTION('',(0.,0.,-1.));
#5724=DIRECTION('',(0.68394112888133,0.729537204140085,0.));
#5725=AXIS2_PLACEMENT_3D('',#5726,#5727,#5728);
#5726=CARTESIAN_POINT('',(42.,21.5319581404142,3.));
#5727=DIRECTION('',(2.89999453577959E-16,1.,-4.97970157408615E-47));
#5728=DIRECTION('',(1.,-2.89999453577959E-16,-6.12323399573677E-17));
#5729=CARTESIAN_POINT('',(45.,-3.47108148559581,3.));
#5730=CARTESIAN_POINT('',(45.,-3.47108148559581,3.));
#5731=VECTOR('',#5732,1.);
#5732=DIRECTION('',(5.68365083916389E-16,1.,0.));
#5733=CARTESIAN_POINT('',(42.,-2.47108148559582,0.));
#5734=CARTESIAN_POINT('',(42.1121997376282,-2.49489100940534,-1.92662849252244E-32));
#5735=CARTESIAN_POINT('',(42.3365988701735,-2.54251005702439,0.012601993109388));
#5736=CARTESIAN_POINT('',(42.6689649178099,-2.61393862845296,0.0690732460387759));
#5737=CARTESIAN_POINT('',(42.9929182698005,-2.68536719988153,0.162402603462683));
#5738=CARTESIAN_POINT('',(43.3043851181813,-2.7567957713101,0.291416394559879));
#5739=CARTESIAN_POINT('',(43.5994485615904,-2.82822434273867,0.454492196054257));
#5740=CARTESIAN_POINT('',(43.874398012733,-2.89965291416725,0.649579235113977));
#5741=CARTESIAN_POINT('',(44.1257758209347,-2.97108148559582,0.874224179065295));
#5742=CARTESIAN_POINT('',(44.350420764886,-3.04251005702439,1.12560198726698));
#5743=CARTESIAN_POINT('',(44.5455078039458,-3.11393862845296,1.40055143840956));
#5744=CARTESIAN_POINT('',(44.7085836054401,-3.18536719988153,1.69561488181871));
#5745=CARTESIAN_POINT('',(44.8375973965373,-3.2567957713101,2.00708173019955));
#5746=CARTESIAN_POINT('',(44.9309267539612,-3.32822434273867,2.33103508219008));
#5747=CARTESIAN_POINT('',(44.9873980068906,-3.39965291416724,2.66340112982648));
#5748=CARTESIAN_POINT('',(45.,-3.44727196178629,2.88780026237179));
#5749=CARTESIAN_POINT('',(45.,-3.47108148559581,3.));
#5750=CARTESIAN_POINT('',(3.99999999999997,156.5,4.));
#5751=AXIS2_PLACEMENT_3D('',#5752,#5753,#5754);
#5752=CARTESIAN_POINT('',(7.99999999999997,156.5,4.));
#5753=DIRECTION('',(4.89858719658941E-16,1.,0.));
#5754=DIRECTION('',(0.,0.,-1.));
#5755=CARTESIAN_POINT('',(3.99999999999997,163.5,4.));
#5756=CARTESIAN_POINT('',(3.99999999999997,156.5,4.));
#5757=VECTOR('',#5758,1.);
#5758=DIRECTION('',(-1.26882631385732E-16,1.,0.));
#5759=AXIS2_PLACEMENT_3D('',#5760,#5761,#5762);
#5760=CARTESIAN_POINT('',(7.99999999999997,163.5,4.));
#5761=DIRECTION('',(-1.13869028166683E-16,1.,0.));
#5762=DIRECTION('',(-6.12323399573677E-17,-6.9724670433174E-33,-1.));
#5763=CARTESIAN_POINT('',(-4.00000000000003,163.5,4.));
#5764=AXIS2_PLACEMENT_3D('',#5765,#5766,#5767);
#5765=CARTESIAN_POINT('',(-2.97539770599542E-14,163.5,3.99999999999999));
#5766=DIRECTION('',(0.,0.,1.));
#5767=DIRECTION('',(1.,0.,0.));
#5768=AXIS2_PLACEMENT_3D('',#5769,#5770,#5771);
#5769=CARTESIAN_POINT('',(-8.00000000000003,163.5,4.));
#5770=DIRECTION('',(-6.12323399573676E-16,-1.,0.));
#5771=DIRECTION('',(0.,0.,-1.));
#5772=CARTESIAN_POINT('',(-4.00000000000003,156.5,4.));
#5773=CARTESIAN_POINT('',(-4.00000000000003,163.5,4.));
#5774=VECTOR('',#5775,1.);
#5775=DIRECTION('',(0.,-1.,0.));
#5776=AXIS2_PLACEMENT_3D('',#5777,#5778,#5779);
#5777=CARTESIAN_POINT('',(-8.00000000000003,156.5,4.));
#5778=DIRECTION('',(0.,-1.,0.));
#5779=DIRECTION('',(6.12323399573677E-17,0.,-1.));
#5780=AXIS2_PLACEMENT_3D('',#5781,#5782,#5783);
#5781=CARTESIAN_POINT('',(-3.01980662698043E-14,156.5,3.99999999999999));
#5782=DIRECTION('',(0.,0.,1.));
#5783=DIRECTION('',(-1.,0.,0.));
#5784=CARTESIAN_POINT('',(-29.1746651613193,26.5377014949768,7.));
#5785=AXIS2_PLACEMENT_3D('',#5786,#5787,#5788);
#5786=CARTESIAN_POINT('',(-26.9684116632468,16.7841152057064,7.));
#5787=DIRECTION('',(0.,0.,-1.));
#5788=DIRECTION('',(-0.999997165544931,0.00238094563224978,0.));
#5789=CARTESIAN_POINT('',(-29.1746651613193,26.5377014949768,3.));
#5790=VECTOR('',#5791,1.);
#5791=DIRECTION('',(0.,0.,1.));
#5792=AXIS2_PLACEMENT_3D('',#5793,#5794,#5795);
#5793=CARTESIAN_POINT('',(-29.8365412107411,29.4637773817579,7.));
#5794=DIRECTION('',(0.975358628927037,0.22062534980725,0.));
#5795=DIRECTION('',(0.,0.,1.));
#5796=CARTESIAN_POINT('',(39.6043432127317,-5.47108148559582,7.));
#5797=CARTESIAN_POINT('',(43.,-5.47108148559582,7.));
#5798=CARTESIAN_POINT('',(39.6043432127317,-5.47108148559582,7.));
#5799=VECTOR('',#5800,1.);
#5800=DIRECTION('',(1.,0.,0.));
#5801=CARTESIAN_POINT('',(42.,-2.47108148559582,10.));
#5802=CARTESIAN_POINT('',(42.0238095238095,-2.58328122322402,10.));
#5803=CARTESIAN_POINT('',(42.0714285714286,-2.80768035576933,9.98739800689061));
#5804=CARTESIAN_POINT('',(42.1428571428571,-3.14004640340574,9.93092675396122));
#5805=CARTESIAN_POINT('',(42.2142857142857,-3.46399975539626,9.83759739653732));
#5806=CARTESIAN_POINT('',(42.2857142857143,-3.77546660377711,9.70858360544012));
#5807=CARTESIAN_POINT('',(42.3571428571429,-4.07053004718625,9.54550780394574));
#5808=CARTESIAN_POINT('',(42.4285714285714,-4.34547949832883,9.35042076488602));
#5809=CARTESIAN_POINT('',(42.5,-4.59685730653052,9.12577582093471));
#5810=CARTESIAN_POINT('',(42.5714285714286,-4.82150225048184,8.87439801273302));
#5811=CARTESIAN_POINT('',(42.6428571428571,-5.01658928954156,8.59944856159044));
#5812=CARTESIAN_POINT('',(42.7142857142857,-5.17966509103594,8.30438511818129));
#5813=CARTESIAN_POINT('',(42.7857142857143,-5.30867888213313,7.99291826980045));
#5814=CARTESIAN_POINT('',(42.8571428571429,-5.40200823955704,7.66896491780992));
#5815=CARTESIAN_POINT('',(42.9285714285714,-5.45847949248643,7.33659887017352));
#5816=CARTESIAN_POINT('',(42.9761904761905,-5.47108148559581,7.11219973762821));
#5817=CARTESIAN_POINT('',(43.,-5.47108148559581,7.));
#5818=CARTESIAN_POINT('',(40.4065148190976,-2.47108148559582,10.));
#5819=CARTESIAN_POINT('',(40.3622207405734,-2.63663677420108,10.));
#5820=CARTESIAN_POINT('',(40.2794822904076,-2.9461477701727,9.9743362978057));
#5821=CARTESIAN_POINT('',(40.1657250891281,-3.37164911393554,9.87129925756107));
#5822=CARTESIAN_POINT('',(40.0659241829457,-3.74478003249139,9.7252277035102));
#5823=CARTESIAN_POINT('',(39.9751814583251,-4.08416534276729,9.53939363812744));
#5824=CARTESIAN_POINT('',(39.8918101735883,-4.39607223312672,9.31169328959258));
#5825=CARTESIAN_POINT('',(39.8178775473937,-4.67252508644232,9.04952461311877));
#5826=CARTESIAN_POINT('',(39.7549256722948,-4.90793283651559,8.76256792182051));
#5827=CARTESIAN_POINT('',(39.7026515614435,-5.10341801125104,8.45410183351138));
#5828=CARTESIAN_POINT('',(39.6617155173899,-5.25652149185235,8.13258716263359));
#5829=CARTESIAN_POINT('',(39.631247585111,-5.37044621501492,7.79674340171008));
#5830=CARTESIAN_POINT('',(39.6132974394815,-5.43772652427556,7.48122625701435));
#5831=CARTESIAN_POINT('',(39.6055369254978,-5.46639299294048,7.21272364600036));
#5832=CARTESIAN_POINT('',(39.6047117929015,-5.47108148559582,7.06233678531546));
#5833=CARTESIAN_POINT('',(39.6043432127317,-5.47108148559582,7.));
#5834=CARTESIAN_POINT('',(45.,-3.47108148559582,7.));
#5835=CARTESIAN_POINT('',(45.,21.5319581404142,7.));
#5836=CARTESIAN_POINT('',(45.,-3.47108148559582,7.));
#5837=VECTOR('',#5838,1.);
#5838=DIRECTION('',(5.68365083916389E-16,1.,0.));
#5839=AXIS2_PLACEMENT_3D('',#5840,#5841,#5842);
#5840=CARTESIAN_POINT('',(42.,21.5319581404142,7.));
#5841=DIRECTION('',(-2.89999453577959E-16,-1.,-4.97970157408615E-47));
#5842=DIRECTION('',(1.,-2.89999453577959E-16,6.12323399573677E-17));
#5843=CARTESIAN_POINT('',(42.,-2.47108148559582,10.));
#5844=CARTESIAN_POINT('',(42.1121997376282,-2.49489100940534,10.));
#5845=CARTESIAN_POINT('',(42.3365988701735,-2.54251005702439,9.98739800689061));
#5846=CARTESIAN_POINT('',(42.6689649178099,-2.61393862845296,9.93092675396122));
#5847=CARTESIAN_POINT('',(42.9929182698005,-2.68536719988153,9.83759739653732));
#5848=CARTESIAN_POINT('',(43.3043851181813,-2.7567957713101,9.70858360544012));
#5849=CARTESIAN_POINT('',(43.5994485615904,-2.82822434273867,9.54550780394574));
#5850=CARTESIAN_POINT('',(43.874398012733,-2.89965291416725,9.35042076488602));
#5851=CARTESIAN_POINT('',(44.1257758209347,-2.97108148559582,9.1257758209347));
#5852=CARTESIAN_POINT('',(44.350420764886,-3.04251005702439,8.87439801273301));
#5853=CARTESIAN_POINT('',(44.5455078039458,-3.11393862845296,8.59944856159044));
#5854=CARTESIAN_POINT('',(44.7085836054401,-3.18536719988153,8.30438511818129));
#5855=CARTESIAN_POINT('',(44.8375973965373,-3.2567957713101,7.99291826980045));
#5856=CARTESIAN_POINT('',(44.9309267539612,-3.32822434273867,7.66896491780992));
#5857=CARTESIAN_POINT('',(44.9873980068906,-3.39965291416725,7.33659887017352));
#5858=CARTESIAN_POINT('',(45.,-3.44727196178629,7.11219973762821));
#5859=CARTESIAN_POINT('',(45.,-3.47108148559582,7.));
#5860=CARTESIAN_POINT('',(35.5182338664399,43.4180742646168,7.));
#5861=AXIS2_PLACEMENT_3D('',#5862,#5863,#5864);
#5862=CARTESIAN_POINT('',(15.,21.5319581404142,6.99999999999999));
#5863=DIRECTION('',(0.,0.,1.));
#5864=DIRECTION('',(1.,-2.77555756156289E-16,0.));
#5865=AXIS2_PLACEMENT_3D('',#5866,#5867,#5868);
#5866=CARTESIAN_POINT('',(33.4664104797959,41.2294626521965,7.));
#5867=DIRECTION('',(-0.729537204140085,0.68394112888133,0.));
#5868=DIRECTION('',(0.,0.,1.));
#5869=CARTESIAN_POINT('',(22.718989196997,55.4173661422195,6.99999999999999));
#5870=CARTESIAN_POINT('',(35.5182338664399,43.4180742646168,7.));
#5871=VECTOR('',#5872,1.);
#5872=DIRECTION('',(-0.729537204140085,0.68394112888133,0.));
#5873=AXIS2_PLACEMENT_3D('',#5874,#5875,#5876);
#5874=CARTESIAN_POINT('',(20.667165810353,53.2287545297993,7.));
#5875=DIRECTION('',(0.729537204140085,-0.68394112888133,-9.86076131526265E-32));
#5876=DIRECTION('',(0.68394112888133,0.729537204140085,-2.47660786429452E-15));
#5877=CARTESIAN_POINT('',(13.2421805120372,77.8488466764476,7.));
#5878=AXIS2_PLACEMENT_3D('',#5879,#5880,#5881);
#5879=CARTESIAN_POINT('',(43.2372230634369,77.3034822664221,6.99999999999999));
#5880=DIRECTION('',(0.,0.,-1.));
#5881=DIRECTION('',(-0.68394112888133,-0.729537204140085,0.));
#5882=AXIS2_PLACEMENT_3D('',#5883,#5884,#5885);
#5883=CARTESIAN_POINT('',(10.2426762568972,77.9033831174501,7.));
#5884=DIRECTION('',(0.0181788136675159,0.999834751713323,0.));
#5885=DIRECTION('',(-5.91923269352914E-16,1.07622412609627E-17,1.));
#5886=CARTESIAN_POINT('',(14.7223148689998,159.256236309392,7.));
#5887=CARTESIAN_POINT('',(13.2421805120372,77.8488466764476,7.));
#5888=VECTOR('',#5889,1.);
#5889=DIRECTION('',(0.0181788136675151,0.999834751713323,0.));
#5890=AXIS2_PLACEMENT_3D('',#5891,#5892,#5893);
#5891=CARTESIAN_POINT('',(11.7228106138598,159.310772750394,7.));
#5892=DIRECTION('',(-0.0181788136675151,-0.999834751713323,9.70668691971167E-32));
#5893=DIRECTION('',(0.999834751713323,-0.0181788136675151,-5.3078875986797E-16));
#5894=CARTESIAN_POINT('',(-0.275206406949789,174.528918514104,6.99999999999999));
#5895=AXIS2_PLACEMENT_3D('',#5896,#5897,#5898);
#5896=CARTESIAN_POINT('',(-0.275206406700051,159.528918514404,7.));
#5897=DIRECTION('',(0.,0.,1.));
#5898=DIRECTION('',(0.999834751713323,-0.0181788136675148,0.));
#5899=CARTESIAN_POINT('',(-0.220162629764112,171.528792271341,10.));
#5900=CARTESIAN_POINT('',(-0.221313758410419,171.591533829952,10.0000029555256));
#5901=CARTESIAN_POINT('',(-0.223615928721079,171.717012206269,9.99606082232587));
#5902=CARTESIAN_POINT('',(-0.227054946529973,171.904453754576,9.97837496727719));
#5903=CARTESIAN_POINT('',(-0.230846295087693,172.111098868234,9.94570298934388));
#5904=CARTESIAN_POINT('',(-0.235333006265869,172.355644291393,9.88844960893809));
#5905=CARTESIAN_POINT('',(-0.240797555213942,172.653486160246,9.78839408855725));
#5906=CARTESIAN_POINT('',(-0.246713030504588,172.975905490611,9.63694857371587));
#5907=CARTESIAN_POINT('',(-0.252559325998657,173.294554219057,9.43512441382848));
#5908=CARTESIAN_POINT('',(-0.257896624484574,173.58546037969,9.19498504357167));
#5909=CARTESIAN_POINT('',(-0.262640370126397,173.844015308565,8.92033011604856));
#5910=CARTESIAN_POINT('',(-0.266678760272116,174.064125271942,8.61826729369867));
#5911=CARTESIAN_POINT('',(-0.269909690452697,174.240225126558,8.30043149436185));
#5912=CARTESIAN_POINT('',(-0.272162732199795,174.36302578058,7.99941919555447));
#5913=CARTESIAN_POINT('',(-0.273538792709531,174.438027099563,7.74445005676529));
#5914=CARTESIAN_POINT('',(-0.27427176756669,174.477977464646,7.55785009339638));
#5915=CARTESIAN_POINT('',(-0.274684998517917,174.500500340191,7.41759601114724));
#5916=CARTESIAN_POINT('',(-0.274935314356583,174.514143671512,7.30417810093665));
#5917=CARTESIAN_POINT('',(-0.275098161021497,174.523019469497,7.19722243413917));
#5918=CARTESIAN_POINT('',(-0.275187404015076,174.52788381726,7.09693199274564));
#5919=CARTESIAN_POINT('',(-0.275206401791405,174.528918763552,7.03173486826297));
#5920=CARTESIAN_POINT('',(-0.275206406919764,174.528918514105,6.99999999999999));
#5921=CARTESIAN_POINT('',(-14.7224984169554,159.266331446659,7.));
#5922=AXIS2_PLACEMENT_3D('',#5923,#5924,#5925);
#5923=CARTESIAN_POINT('',(0.275022858726371,159.539013652368,7.));
#5924=DIRECTION('',(0.,0.,1.));
#5925=DIRECTION('',(-0.0366819510657299,0.999326990762289,0.));
#5926=AXIS2_PLACEMENT_3D('',#5927,#5928,#5929);
#5927=CARTESIAN_POINT('',(-11.7229941618183,159.320867887524,7.));
#5928=DIRECTION('',(0.0181788137369922,-0.99983475171206,0.));
#5929=DIRECTION('',(-3.55153961610851E-15,-6.45734478124829E-17,1.));
#5930=CARTESIAN_POINT('',(-13.2421805120371,77.8488466764476,7.));
#5931=CARTESIAN_POINT('',(-14.7224984169521,159.266331446774,7.));
#5932=VECTOR('',#5933,1.);
#5933=DIRECTION('',(0.0181788136675148,-0.999834751713323,0.));
#5934=AXIS2_PLACEMENT_3D('',#5935,#5936,#5937);
#5935=CARTESIAN_POINT('',(-10.2426762568972,77.9033831174501,7.));
#5936=DIRECTION('',(-0.0181788136675148,0.999834751713323,0.));
#5937=DIRECTION('',(-0.999834751713323,-0.0181788136675148,6.12323399573677E-17));
#5938=CARTESIAN_POINT('',(-22.7189891969969,55.4173661422196,7.));
#5939=AXIS2_PLACEMENT_3D('',#5940,#5941,#5942);
#5940=CARTESIAN_POINT('',(-43.2372230634368,77.3034822664221,7.00000000000001));
#5941=DIRECTION('',(0.,0.,-1.));
#5942=DIRECTION('',(0.999834751713323,0.0181788136675146,0.));
#5943=AXIS2_PLACEMENT_3D('',#5944,#5945,#5946);
#5944=CARTESIAN_POINT('',(-20.6671658103529,53.2287545297993,7.));
#5945=DIRECTION('',(-0.729537204140085,-0.68394112888133,0.));
#5946=DIRECTION('',(0.,0.,1.));
#5947=CARTESIAN_POINT('',(-35.5182338664399,43.4180742646168,6.99999999999999));
#5948=CARTESIAN_POINT('',(-22.7189891969969,55.4173661422196,7.));
#5949=VECTOR('',#5950,1.);
#5950=DIRECTION('',(-0.729537204140085,-0.68394112888133,0.));
#5951=AXIS2_PLACEMENT_3D('',#5952,#5953,#5954);
#5952=CARTESIAN_POINT('',(-33.4664104797959,41.2294626521965,7.));
#5953=DIRECTION('',(0.729537204140085,0.68394112888133,2.95822839457879E-31));
#5954=DIRECTION('',(-0.68394112888133,0.729537204140085,-1.66665886293754E-15));
#5955=CARTESIAN_POINT('',(-45.,21.5319581404143,7.));
#5956=AXIS2_PLACEMENT_3D('',#5957,#5958,#5959);
#5957=CARTESIAN_POINT('',(-15.,21.5319581404142,6.99999999999999));
#5958=DIRECTION('',(0.,0.,1.));
#5959=DIRECTION('',(-0.68394112888133,0.729537204140085,0.));
#5960=AXIS2_PLACEMENT_3D('',#5961,#5962,#5963);
#5961=CARTESIAN_POINT('',(-42.,21.5319581404142,7.));
#5962=DIRECTION('',(-1.11022302462516E-16,-1.,0.));
#5963=DIRECTION('',(0.,0.,1.));
#5964=CARTESIAN_POINT('',(-45.,-3.4710814855958,7.));
#5965=CARTESIAN_POINT('',(-45.,21.5319581404143,7.));
#5966=VECTOR('',#5967,1.);
#5967=DIRECTION('',(-5.68365083916389E-16,-1.,0.));
#5968=CARTESIAN_POINT('',(-42.,-2.47108148559579,10.));
#5969=CARTESIAN_POINT('',(-42.1121997376282,-2.49489100940531,10.));
#5970=CARTESIAN_POINT('',(-42.3365988701735,-2.54251005702436,9.98739800689061));
#5971=CARTESIAN_POINT('',(-42.6689649178099,-2.61393862845293,9.93092675396123));
#5972=CARTESIAN_POINT('',(-42.9929182698004,-2.68536719988151,9.83759739653732));
#5973=CARTESIAN_POINT('',(-43.3043851181813,-2.75679577131008,9.70858360544013));
#5974=CARTESIAN_POINT('',(-43.5994485615904,-2.82822434273865,9.54550780394575));
#5975=CARTESIAN_POINT('',(-43.874398012733,-2.89965291416722,9.35042076488603));
#5976=CARTESIAN_POINT('',(-44.1257758209347,-2.9710814855958,9.12577582093471));
#5977=CARTESIAN_POINT('',(-44.350420764886,-3.04251005702437,8.87439801273302));
#5978=CARTESIAN_POINT('',(-44.5455078039457,-3.11393862845294,8.59944856159044));
#5979=CARTESIAN_POINT('',(-44.7085836054401,-3.18536719988151,8.3043851181813));
#5980=CARTESIAN_POINT('',(-44.8375973965373,-3.25679577131009,7.99291826980046));
#5981=CARTESIAN_POINT('',(-44.9309267539612,-3.32822434273866,7.66896491780993));
#5982=CARTESIAN_POINT('',(-44.9873980068906,-3.39965291416723,7.33659887017353));
#5983=CARTESIAN_POINT('',(-45.,-3.44727196178628,7.11219973762821));
#5984=CARTESIAN_POINT('',(-45.,-3.4710814855958,7.00000000000001));
#5985=CARTESIAN_POINT('',(-43.,-5.4710814855958,7.));
#5986=CARTESIAN_POINT('',(-39.6043432127317,-5.4710814855958,7.));
#5987=CARTESIAN_POINT('',(-43.,-5.4710814855958,7.));
#5988=VECTOR('',#5989,1.);
#5989=DIRECTION('',(1.,-5.23126143390157E-16,0.));
#5990=CARTESIAN_POINT('',(-40.4065148190976,-2.4710814855958,10.));
#5991=CARTESIAN_POINT('',(-40.3622207405739,-2.63663677419906,10.));
#5992=CARTESIAN_POINT('',(-40.2794822904091,-2.94614777016716,9.9743362978063));
#5993=CARTESIAN_POINT('',(-40.1657250891308,-3.37164911392544,9.87129925756402));
#5994=CARTESIAN_POINT('',(-40.0659241829491,-3.74478003247853,9.72522770351605));
#5995=CARTESIAN_POINT('',(-39.9751814583289,-4.08416534275295,9.53939363813643));
#5996=CARTESIAN_POINT('',(-39.8918101735921,-4.39607223311229,9.31169328960448));
#5997=CARTESIAN_POINT('',(-39.8178775473975,-4.67252508642803,9.04952461313398));
#5998=CARTESIAN_POINT('',(-39.7549256722982,-4.90793283650249,8.7625679218385));
#5999=CARTESIAN_POINT('',(-39.7026515614466,-5.10341801123953,8.45410183353213));
#6000=CARTESIAN_POINT('',(-39.6617155173928,-5.25652149184166,8.13258716265923));
#6001=CARTESIAN_POINT('',(-39.6312475851143,-5.37044621500243,7.79674340175205));
#6002=CARTESIAN_POINT('',(-39.6132974394841,-5.43772652426603,7.48122625706987));
#6003=CARTESIAN_POINT('',(-39.6055369254981,-5.46639299293817,7.21272364604474));
#6004=CARTESIAN_POINT('',(-39.6047117929016,-5.4710814855958,7.06233678533608));
#6005=CARTESIAN_POINT('',(-39.6043432127317,-5.4710814855958,7.));
#6006=CARTESIAN_POINT('',(-42.,-2.4710814855958,10.));
#6007=CARTESIAN_POINT('',(-42.0238095238095,-2.58328122322401,10.));
#6008=CARTESIAN_POINT('',(-42.0714285714286,-2.80768035576932,9.98739800689061));
#6009=CARTESIAN_POINT('',(-42.1428571428572,-3.14004640340572,9.93092675396122));
#6010=CARTESIAN_POINT('',(-42.2142857142857,-3.46399975539625,9.83759739653732));
#6011=CARTESIAN_POINT('',(-42.2857142857143,-3.77546660377709,9.70858360544012));
#6012=CARTESIAN_POINT('',(-42.3571428571429,-4.07053004718624,9.54550780394574));
#6013=CARTESIAN_POINT('',(-42.4285714285714,-4.34547949832881,9.35042076488602));
#6014=CARTESIAN_POINT('',(-42.5,-4.5968573065305,9.1257758209347));
#6015=CARTESIAN_POINT('',(-42.5714285714286,-4.82150225048182,8.87439801273302));
#6016=CARTESIAN_POINT('',(-42.6428571428571,-5.01658928954154,8.59944856159044));
#6017=CARTESIAN_POINT('',(-42.7142857142857,-5.17966509103592,8.30438511818129));
#6018=CARTESIAN_POINT('',(-42.7857142857143,-5.30867888213312,7.99291826980045));
#6019=CARTESIAN_POINT('',(-42.8571428571429,-5.40200823955702,7.66896491780992));
#6020=CARTESIAN_POINT('',(-42.9285714285714,-5.45847949248641,7.33659887017352));
#6021=CARTESIAN_POINT('',(-42.9761904761905,-5.4710814855958,7.11219973762821));
#6022=CARTESIAN_POINT('',(-43.,-5.4710814855958,7.));
#6023=CARTESIAN_POINT('',(29.1746651613194,26.5377014949768,7.));
#6024=AXIS2_PLACEMENT_3D('',#6025,#6026,#6027);
#6025=CARTESIAN_POINT('',(-1.35284347462228E-14,-102.440049411753,7.));
#6026=DIRECTION('',(0.,0.,-1.));
#6027=DIRECTION('',(-0.220625349807252,0.975358628927036,0.));
#6028=AXIS2_PLACEMENT_3D('',#6029,#6030,#6031);
#6029=CARTESIAN_POINT('',(29.8365412107412,29.4637773817579,7.));
#6030=DIRECTION('',(-0.975358628927036,0.220625349807253,0.));
#6031=DIRECTION('',(-0.220625349807253,-0.975358628927036,0.));
#6032=AXIS2_PLACEMENT_3D('',#6033,#6034,#6035);
#6033=CARTESIAN_POINT('',(26.9684116632468,16.7841152057064,7.));
#6034=DIRECTION('',(0.,0.,-1.));
#6035=DIRECTION('',(0.220625349807252,0.975358628927036,0.));
#6036=CARTESIAN_POINT('',(-4.00000000000003,163.5,6.));
#6037=AXIS2_PLACEMENT_3D('',#6038,#6039,#6040);
#6038=CARTESIAN_POINT('',(-8.00000000000003,163.5,6.));
#6039=DIRECTION('',(-1.22464679914735E-16,1.,0.));
#6040=DIRECTION('',(0.,0.,1.));
#6041=CARTESIAN_POINT('',(3.99999999999997,163.5,6.));
#6042=AXIS2_PLACEMENT_3D('',#6043,#6044,#6045);
#6043=CARTESIAN_POINT('',(-2.97539770599542E-14,163.5,6.));
#6044=DIRECTION('',(0.,0.,-1.));
#6045=DIRECTION('',(-1.,1.22464679914735E-16,0.));
#6046=AXIS2_PLACEMENT_3D('',#6047,#6048,#6049);
#6047=CARTESIAN_POINT('',(7.99999999999997,163.5,6.));
#6048=DIRECTION('',(1.13869028166683E-16,-1.,0.));
#6049=DIRECTION('',(-6.12323399573677E-17,-6.9724670433174E-33,1.));
#6050=CARTESIAN_POINT('',(3.99999999999997,156.5,6.));
#6051=CARTESIAN_POINT('',(3.99999999999997,156.5,6.));
#6052=VECTOR('',#6053,1.);
#6053=DIRECTION('',(-1.26882631385732E-16,1.,0.));
#6054=AXIS2_PLACEMENT_3D('',#6055,#6056,#6057);
#6055=CARTESIAN_POINT('',(7.99999999999997,156.5,6.));
#6056=DIRECTION('',(8.62816615085482E-32,-1.,0.));
#6057=DIRECTION('',(0.,0.,1.));
#6058=CARTESIAN_POINT('',(-4.00000000000003,156.5,6.));
#6059=AXIS2_PLACEMENT_3D('',#6060,#6061,#6062);
#6060=CARTESIAN_POINT('',(-3.01980662698043E-14,156.5,6.));
#6061=DIRECTION('',(0.,0.,-1.));
#6062=DIRECTION('',(1.,-1.22464679914735E-16,0.));
#6063=AXIS2_PLACEMENT_3D('',#6064,#6065,#6066);
#6064=CARTESIAN_POINT('',(-8.00000000000003,156.5,6.));
#6065=DIRECTION('',(0.,1.,0.));
#6066=DIRECTION('',(6.12323399573677E-17,0.,1.));
#6067=CARTESIAN_POINT('',(-4.00000000000003,163.5,6.));
#6068=VECTOR('',#6069,1.);
#6069=DIRECTION('',(0.,-1.,0.));
#6070=AXIS2_PLACEMENT_3D('',#6071,#6072,#6073);
#6071=CARTESIAN_POINT('',(-39.6043432127318,-3.4710814855958,7.));
#6072=DIRECTION('',(0.,0.,1.));
#6073=DIRECTION('',(-3.05311331771918E-16,-1.,0.));
#6074=CARTESIAN_POINT('',(-39.6043432127318,-5.4710814855958,3.));
#6075=VECTOR('',#6076,1.);
#6076=DIRECTION('',(0.,0.,1.));
#6077=AXIS2_PLACEMENT_3D('',#6078,#6079,#6080);
#6078=CARTESIAN_POINT('',(39.6043432127317,-3.47108148559582,3.));
#6079=DIRECTION('',(0.,0.,-1.));
#6080=DIRECTION('',(0.,-1.,0.));
#6081=AXIS2_PLACEMENT_3D('',#6082,#6083,#6084);
#6082=CARTESIAN_POINT('',(39.6043432127317,-3.47108148559582,7.));
#6083=DIRECTION('',(0.,0.,1.));
#6084=DIRECTION('',(-0.976187060183953,-0.216930457818654,0.));
#6085=CARTESIAN_POINT('',(39.6043432127317,-5.47108148559582,3.));
#6086=VECTOR('',#6087,1.);
#6087=DIRECTION('',(0.,0.,1.));
#6088=CARTESIAN_POINT('',(29.1746651613193,26.5377014949768,3.));
#6089=VECTOR('',#6090,1.);
#6090=DIRECTION('',(0.,0.,1.));
#6091=CARTESIAN_POINT('',(43.,-5.47108148559581,3.));
#6092=VECTOR('',#6093,1.);
#6093=DIRECTION('',(0.,0.,1.));
#6094=AXIS2_PLACEMENT_3D('',#6095,#6096,#6097);
#6095=CARTESIAN_POINT('',(43.,-3.47108148559581,3.));
#6096=DIRECTION('',(0.,0.,-1.));
#6097=DIRECTION('',(1.,-2.22044604925031E-16,0.));
#6098=CARTESIAN_POINT('',(-43.,-5.4710814855958,3.));
#6099=VECTOR('',#6100,1.);
#6100=DIRECTION('',(0.,0.,1.));
#6101=AXIS2_PLACEMENT_3D('',#6102,#6103,#6104);
#6102=CARTESIAN_POINT('',(-43.,-3.4710814855958,3.));
#6103=DIRECTION('',(0.,0.,-1.));
#6104=DIRECTION('',(0.,-1.,0.));
#6105=CARTESIAN_POINT('',(-45.,21.5319581404143,3.));
#6106=VECTOR('',#6107,1.);
#6107=DIRECTION('',(0.,0.,1.));
#6108=CARTESIAN_POINT('',(-45.,-3.4710814855958,3.));
#6109=VECTOR('',#6110,1.);
#6110=DIRECTION('',(0.,1.11022302462516E-16,1.));
#6111=CARTESIAN_POINT('',(-35.5182338664399,43.4180742646168,3.));
#6112=VECTOR('',#6113,1.);
#6113=DIRECTION('',(0.,0.,1.));
#6114=CARTESIAN_POINT('',(-22.7189891969969,55.4173661422196,3.));
#6115=VECTOR('',#6116,1.);
#6116=DIRECTION('',(0.,0.,1.));
#6117=CARTESIAN_POINT('',(-13.2421805120371,77.8488466764476,3.));
#6118=VECTOR('',#6119,1.);
#6119=DIRECTION('',(0.,0.,1.));
#6120=CARTESIAN_POINT('',(-14.7224984169575,159.266331446774,3.));
#6121=VECTOR('',#6122,1.);
#6122=DIRECTION('',(0.,0.,1.));
#6123=CARTESIAN_POINT('',(-0.275206406700054,174.528918514404,3.00000000000001));
#6124=VECTOR('',#6125,1.);
#6125=DIRECTION('',(0.,0.,1.));
#6126=CARTESIAN_POINT('',(14.7223148689998,159.256236309392,3.));
#6127=VECTOR('',#6128,1.);
#6128=DIRECTION('',(0.,0.,1.));
#6129=CARTESIAN_POINT('',(13.2421805120372,77.8488466764476,3.));
#6130=VECTOR('',#6131,1.);
#6131=DIRECTION('',(0.,0.,1.));
#6132=CARTESIAN_POINT('',(22.718989196997,55.4173661422195,3.));
#6133=VECTOR('',#6134,1.);
#6134=DIRECTION('',(0.,0.,1.));
#6135=CARTESIAN_POINT('',(35.5182338664399,43.4180742646168,3.));
#6136=VECTOR('',#6137,1.);
#6137=DIRECTION('',(0.,0.,1.));
#6138=CARTESIAN_POINT('',(45.,21.5319581404142,3.));
#6139=VECTOR('',#6140,1.);
#6140=DIRECTION('',(0.,0.,1.));
#6141=CARTESIAN_POINT('',(45.,-3.47108148559582,3.));
#6142=VECTOR('',#6143,1.);
#6143=DIRECTION('',(0.,0.,1.));
#6144=CARTESIAN_POINT('',(3.99999999999997,156.5,6.));
#6145=VECTOR('',#6146,1.);
#6146=DIRECTION('',(0.,0.,-1.));
#6147=CARTESIAN_POINT('',(3.99999999999997,163.5,6.));
#6148=VECTOR('',#6149,1.);
#6149=DIRECTION('',(0.,0.,-1.));
#6150=CARTESIAN_POINT('',(-4.00000000000003,163.5,6.));
#6151=VECTOR('',#6152,1.);
#6152=DIRECTION('',(0.,0.,-1.));
#6153=CARTESIAN_POINT('',(-4.00000000000003,156.5,6.));
#6154=VECTOR('',#6155,1.);
#6155=DIRECTION('',(0.,0.,-1.));
#6156=AXIS2_PLACEMENT_3D('',#6157,#6158,#6159);
#6157=CARTESIAN_POINT('',(43.,-3.47108148559581,7.));
#6158=DIRECTION('',(0.,0.,1.));
#6159=DIRECTION('',(2.83276944882399E-16,-1.,0.));
#6160=AXIS2_PLACEMENT_3D('',#6161,#6162,#6163);
#6161=CARTESIAN_POINT('',(-43.,-3.4710814855958,7.));
#6162=DIRECTION('',(0.,0.,1.));
#6163=DIRECTION('',(-1.,-5.0532154980743E-16,0.));
ENDSEC;
END-ISO-10303-21;
