ISO-10303-21;
HEADER;
FILE_DESCRIPTION (( 'STEP AP214' ),
    '1' );
FILE_NAME ('TOP2.STEP',
    '2018-02-13T18:23:48',
    ( '' ),
    ( '' ),
    'SwSTEP 2.0',
    'SolidWorks 2015',
    '' );
FILE_SCHEMA (( 'AUTOMOTIVE_DESIGN' ));
ENDSEC;

DATA;
#1 = DIRECTION ( 'NONE',  ( 3.731462476970945300E-014, 0.0000000000000000000, -1.000000000000000000 ) ) ;
#2 = CONICAL_SURFACE ( 'NONE', #5812, 0.04115427318801198600, 0.5235987755983027000 ) ;
#3 = VERTEX_POINT ( 'NONE', #4473 ) ;
#4 = LINE ( 'NONE', #2875, #2182 ) ;
#5 = CARTESIAN_POINT ( 'NONE',  ( -8.948805684721977000, -0.3510874706924105300, 34.20000000000000300 ) ) ;
#6 = CARTESIAN_POINT ( 'NONE',  ( 3.400000000000003900, 51.86052635461288000, -10.70000000000000300 ) ) ;
#7 = EDGE_CURVE ( 'NONE', #4582, #5374, #8863, .T. ) ;
#8 = FACE_BOUND ( 'NONE', #3046, .T. ) ;
#9 = LINE ( 'NONE', #8713, #4172 ) ;
#10 = CARTESIAN_POINT ( 'NONE',  ( -0.4004429737938605100, 34.19646377351816800, 9.312413171104170200 ) ) ;
#11 = VERTEX_POINT ( 'NONE', #8588 ) ;
#12 = CARTESIAN_POINT ( 'NONE',  ( 23.64876824391529600, -0.8494868481944115600, 3.783818538867707000 ) ) ;
#13 = VERTEX_POINT ( 'NONE', #6072 ) ;
#14 = VECTOR ( 'NONE', #2795, 999.9999999999998900 ) ;
#15 = FACE_OUTER_BOUND ( 'NONE', #2174, .T. ) ;
#16 = CARTESIAN_POINT ( 'NONE',  ( 17.51563868756141700, -2.826794919243119400, -18.23833840126219000 ) ) ;
#17 = EDGE_CURVE ( 'NONE', #7584, #2739, #2219, .T. ) ;
#18 = DIRECTION ( 'NONE',  ( -0.0000000000000000000, 1.000000000000000000, -0.0000000000000000000 ) ) ;
#19 = ORIENTED_EDGE ( 'NONE', *, *, #1331, .F. ) ;
#20 = CARTESIAN_POINT ( 'NONE',  ( -1.279080479274649700, 34.14958281297941800, 9.509488866751661700 ) ) ;
#21 = EDGE_LOOP ( 'NONE', ( #9386, #4869, #9203, #2612, #9632, #1388 ) ) ;
#22 = ADVANCED_FACE ( 'NONE', ( #284 ), #4190, .F. ) ;
#23 = VECTOR ( 'NONE', #9423, 1000.000000000000000 ) ;
#24 = B_SPLINE_CURVE_WITH_KNOTS ( 'NONE', 3,
 ( #3194, #8224, #4098, #9887 ),
 .UNSPECIFIED., .F., .F.,
 ( 4, 4 ),
 ( 0.0000000000000000000, 1.402167466443473000E-005 ),
 .UNSPECIFIED. ) ;
#25 = DIRECTION ( 'NONE',  ( -1.000000000000000000, 0.0000000000000000000, 1.156482317317873100E-015 ) ) ;
#26 = EDGE_LOOP ( 'NONE', ( #533, #9194, #1596, #6036 ) ) ;
#27 = EDGE_CURVE ( 'NONE', #2941, #8729, #8597, .T. ) ;
#28 = DIRECTION ( 'NONE',  ( 0.03309444466356237900, 0.0000000000000000000, -0.9994522288395830700 ) ) ;
#29 = CARTESIAN_POINT ( 'NONE',  ( 6.802924392296731100, 3.000000000000000400, 13.11064607191517000 ) ) ;
#30 = PLANE ( 'NONE',  #3868 ) ;
#31 = ORIENTED_EDGE ( 'NONE', *, *, #7201, .F. ) ;
#32 = CIRCLE ( 'NONE', #10075, 12.15470053837925800 ) ;
#33 = ORIENTED_EDGE ( 'NONE', *, *, #1942, .F. ) ;
#34 = CARTESIAN_POINT ( 'NONE',  ( -6.599999999999997000, -3.000000000000000000, 17.80000000000000400 ) ) ;
#35 = DIRECTION ( 'NONE',  ( -1.000000000000000000, 0.0000000000000000000, 0.0000000000000000000 ) ) ;
#36 = EDGE_CURVE ( 'NONE', #651, #1940, #4464, .T. ) ;
#37 = AXIS2_PLACEMENT_3D ( 'NONE', #10418, #2016, #7924 ) ;
#38 = ORIENTED_EDGE ( 'NONE', *, *, #3889, .T. ) ;
#39 = CARTESIAN_POINT ( 'NONE',  ( 23.59695025252360200, 0.0000000000000000000, 11.50687466109646100 ) ) ;
#40 = VERTEX_POINT ( 'NONE', #8625 ) ;
#41 = ADVANCED_FACE ( 'NONE', ( #10547 ), #7858, .T. ) ;
#42 = AXIS2_PLACEMENT_3D ( 'NONE', #7515, #8347, #3352 ) ;
#43 = CARTESIAN_POINT ( 'NONE',  ( -5.351995843260896300, 52.74355634447698500, 10.85901645101336200 ) ) ;
#44 = LINE ( 'NONE', #6417, #1709 ) ;
#45 = ORIENTED_EDGE ( 'NONE', *, *, #1476, .T. ) ;
#46 = CARTESIAN_POINT ( 'NONE',  ( 0.2150476222992616900, 34.00000000000005000, 9.619263164512567200 ) ) ;
#47 = DIRECTION ( 'NONE',  ( -0.0000000000000000000, 1.000000000000000000, -0.0000000000000000000 ) ) ;
#48 = ORIENTED_EDGE ( 'NONE', *, *, #2962, .T. ) ;
#49 = EDGE_CURVE ( 'NONE', #5929, #8572, #6403, .T. ) ;
#50 = VERTEX_POINT ( 'NONE', #2904 ) ;
#51 = ORIENTED_EDGE ( 'NONE', *, *, #8585, .F. ) ;
#52 = DIRECTION ( 'NONE',  ( -1.000000000000000000, 0.0000000000000000000, 0.0000000000000000000 ) ) ;
#53 = CARTESIAN_POINT ( 'NONE',  ( -0.4580594571273483600, 50.76689272695350800, -9.800000000000002500 ) ) ;
#54 = AXIS2_PLACEMENT_3D ( 'NONE', #6703, #1694, #7524 ) ;
#55 = DIRECTION ( 'NONE',  ( -0.2786143930305750600, -0.8660254037844399300, -0.4151795033430745700 ) ) ;
#56 = FACE_OUTER_BOUND ( 'NONE', #6179, .T. ) ;
#57 = CARTESIAN_POINT ( 'NONE',  ( -44.22702436849784400, -2.648912529307589900, 34.20000000000000300 ) ) ;
#58 = CARTESIAN_POINT ( 'NONE',  ( -5.199999999999996600, 52.29999999999999700, -10.50000000000000400 ) ) ;
#59 = CARTESIAN_POINT ( 'NONE',  ( 0.4867301630655929700, 33.79999999999999700, 8.979274057836304800 ) ) ;
#60 = ORIENTED_EDGE ( 'NONE', *, *, #1664, .F. ) ;
#61 = CARTESIAN_POINT ( 'NONE',  ( -3.599999999999998300, 5.000000000000000000, 20.80000000000000400 ) ) ;
#62 = ORIENTED_EDGE ( 'NONE', *, *, #4858, .F. ) ;
#63 = CARTESIAN_POINT ( 'NONE',  ( -0.5999999999999944300, 50.79999999999999700, 9.800000000000007800 ) ) ;
#64 = ORIENTED_EDGE ( 'NONE', *, *, #7350, .T. ) ;
#65 = FACE_OUTER_BOUND ( 'NONE', #5375, .T. ) ;
#66 = DIRECTION ( 'NONE',  ( 0.0000000000000000000, 0.0000000000000000000, 1.000000000000000000 ) ) ;
#67 = ORIENTED_EDGE ( 'NONE', *, *, #908, .F. ) ;
#68 = CARTESIAN_POINT ( 'NONE',  ( 0.1598635461912017400, 33.79999999999999700, -8.979274057836294200 ) ) ;
#70 = ORIENTED_EDGE ( 'NONE', *, *, #8161, .T. ) ;
#69 = DIRECTION ( 'NONE',  ( 0.0000000000000000000, 1.000000000000000000, 0.0000000000000000000 ) ) ;
#71 = ORIENTED_EDGE ( 'NONE', *, *, #9387, .F. ) ;
#72 = EDGE_CURVE ( 'NONE', #269, #2404, #8337, .T. ) ;
#73 = CARTESIAN_POINT ( 'NONE',  ( -8.599999999999992500, 5.000000000000000000, -30.20000000000000300 ) ) ;
#74 = AXIS2_PLACEMENT_3D ( 'NONE', #153, #5978, #960 ) ;
#75 = VECTOR ( 'NONE', #4406, 1000.000000000000000 ) ;
#76 = EDGE_LOOP ( 'NONE', ( #45, #5203, #10311, #1579 ) ) ;
#77 = ORIENTED_EDGE ( 'NONE', *, *, #9692, .T. ) ;
#78 = EDGE_LOOP ( 'NONE', ( #9675, #3962, #3802, #3481 ) ) ;
#79 = ADVANCED_FACE ( 'NONE', ( #1945 ), #1691, .T. ) ;
#80 = CARTESIAN_POINT ( 'NONE',  ( -35.84869558690839100, -2.420970472004824600, -33.94384167337115300 ) ) ;
#81 = ORIENTED_EDGE ( 'NONE', *, *, #2580, .F. ) ;
#82 = ORIENTED_EDGE ( 'NONE', *, *, #728, .F. ) ;
#83 = CYLINDRICAL_SURFACE ( 'NONE', #10552, 0.4411542731880182500 ) ;
#84 = CARTESIAN_POINT ( 'NONE',  ( 22.14394809929214600, -2.000000000000000000, 1.109053650640951000 ) ) ;
#85 = EDGE_CURVE ( 'NONE', #5961, #5013, #6144, .T. ) ;
#86 = FACE_OUTER_BOUND ( 'NONE', #5636, .T. ) ;
#87 = AXIS2_PLACEMENT_3D ( 'NONE', #4872, #5676, #10631 ) ;
#88 = CARTESIAN_POINT ( 'NONE',  ( -29.05247073620112600, 3.000000000000000400, -20.54907451495396100 ) ) ;
#89 = ORIENTED_EDGE ( 'NONE', *, *, #1535, .T. ) ;
#90 = CARTESIAN_POINT ( 'NONE',  ( 0.7366222850441617200, 31.67912854606260000, 10.62422998352652600 ) ) ;
#91 = CARTESIAN_POINT ( 'NONE',  ( 0.06332495807109264600, 28.80000000000000100, -11.49999999999999600 ) ) ;
#92 = VECTOR ( 'NONE', #3111, 1000.000000000000000 ) ;
#93 = CARTESIAN_POINT ( 'NONE',  ( -35.19999999999999600, 5.000000000000000000, -3.469446951953614200E-015 ) ) ;
#94 = LINE ( 'NONE', #5597, #8670 ) ;
#95 = ADVANCED_FACE ( 'NONE', ( #10269 ), #7818, .F. ) ;
#96 = DIRECTION ( 'NONE',  ( 1.000000000000000000, 0.0000000000000000000, 2.502005013428087100E-016 ) ) ;
#97 = VECTOR ( 'NONE', #6534, 1000.000000000000000 ) ;
#98 = CARTESIAN_POINT ( 'NONE',  ( 3.800000000000003800, 27.52871870788983700, 12.60000000000000100 ) ) ;
#99 = EDGE_CURVE ( 'NONE', #8475, #3343, #3662, .T. ) ;
#100 = EDGE_CURVE ( 'NONE', #7186, #10384, #939, .T. ) ;
#101 = VECTOR ( 'NONE', #3056, 1000.000000000000000 ) ;
#102 = ORIENTED_EDGE ( 'NONE', *, *, #3626, .F. ) ;
#103 = CARTESIAN_POINT ( 'NONE',  ( 3.498788260581759100, 52.56624665647765900, 10.76666675551934600 ) ) ;
#104 = ORIENTED_EDGE ( 'NONE', *, *, #7026, .F. ) ;
#105 = FACE_OUTER_BOUND ( 'NONE', #1330, .T. ) ;
#106 = DIRECTION ( 'NONE',  ( 1.000000000000000000, 0.0000000000000000000, 0.0000000000000000000 ) ) ;
#107 = ORIENTED_EDGE ( 'NONE', *, *, #3637, .T. ) ;
#108 = DIRECTION ( 'NONE',  ( 0.0000000000000000000, 0.0000000000000000000, -1.000000000000000000 ) ) ;
#109 = CARTESIAN_POINT ( 'NONE',  ( 12.81764762517409700, 5.000000000000000000, -15.45887714203045800 ) ) ;
#110 = DIRECTION ( 'NONE',  ( 0.0000000000000000000, 0.0000000000000000000, -1.000000000000000000 ) ) ;
#111 = DIRECTION ( 'NONE',  ( 0.0000000000000000000, 0.0000000000000000000, -1.000000000000000000 ) ) ;
#112 = EDGE_CURVE ( 'NONE', #5666, #10371, #10015, .T. ) ;
#113 = LINE ( 'NONE', #10564, #8418 ) ;
#114 = ADVANCED_FACE ( 'NONE', ( #1172 ), #2390, .T. ) ;
#115 = FACE_OUTER_BOUND ( 'NONE', #3159, .T. ) ;
#116 = EDGE_CURVE ( 'NONE', #8105, #4288, #7563, .T. ) ;
#117 = DIRECTION ( 'NONE',  ( -0.0000000000000000000, -0.0000000000000000000, 1.000000000000000000 ) ) ;
#118 = ORIENTED_EDGE ( 'NONE', *, *, #7461, .F. ) ;
#119 = AXIS2_PLACEMENT_3D ( 'NONE', #8088, #3090, #8921 ) ;
#120 = CARTESIAN_POINT ( 'NONE',  ( -36.66300965295926100, -0.9675505764976780600, -33.69953536583751200 ) ) ;
#121 = CARTESIAN_POINT ( 'NONE',  ( 2.400000000000005200, 33.05000000000000400, -13.00000000000000400 ) ) ;
#122 = DIRECTION ( 'NONE',  ( 9.293161478447181700E-017, -1.000000000000000000, 0.0000000000000000000 ) ) ;
#123 = CARTESIAN_POINT ( 'NONE',  ( -4.599999999999997900, 0.0000000000000000000, 19.80000000000000100 ) ) ;
#124 = AXIS2_PLACEMENT_3D ( 'NONE', #6852, #1835, #7681 ) ;
#125 = LINE ( 'NONE', #9482, #10635 ) ;
#126 = CARTESIAN_POINT ( 'NONE',  ( -0.3416488146387753900, 50.67896788608043600, -9.800000000000000700 ) ) ;
#127 = VECTOR ( 'NONE', #4053, 1000.000000000000000 ) ;
#128 = DIRECTION ( 'NONE',  ( 0.5002054845274750400, 0.8659067347287662300, -1.940357487703134700E-015 ) ) ;
#129 = CARTESIAN_POINT ( 'NONE',  ( 5.400000000000005700, 0.0000000000000000000, -9.400000000000003900 ) ) ;
#130 = CARTESIAN_POINT ( 'NONE',  ( -4.790441158789784400, 52.71180470701560200, 10.87004640409806900 ) ) ;
#131 = DIRECTION ( 'NONE',  ( 0.05233595624294721400, 0.0000000000000000000, 0.9986295347545737200 ) ) ;
#132 = CARTESIAN_POINT ( 'NONE',  ( -1.468269558862956000, 29.65624228885389300, 11.37167368782262900 ) ) ;
#133 = CIRCLE ( 'NONE', #2078, 0.1000000000000007000 ) ;
#134 = ADVANCED_FACE ( 'NONE', ( #9756 ), #8906, .T. ) ;
#135 = VECTOR ( 'NONE', #8199, 1000.000000000000000 ) ;
#136 = EDGE_CURVE ( 'NONE', #6571, #4709, #904, .T. ) ;
#137 = ORIENTED_EDGE ( 'NONE', *, *, #10089, .F. ) ;
#138 = ORIENTED_EDGE ( 'NONE', *, *, #10563, .T. ) ;
#139 = AXIS2_PLACEMENT_3D ( 'NONE', #10392, #5457, #449 ) ;
#140 = VERTEX_POINT ( 'NONE', #5728 ) ;
#141 = EDGE_LOOP ( 'NONE', ( #8882, #6609, #8866, #836, #954, #4072, #2127, #8781, #9484, #8883, #2651, #9446 ) ) ;
#142 = DIRECTION ( 'NONE',  ( 1.224646799147353200E-016, 1.000000000000000000, -0.0000000000000000000 ) ) ;
#143 = DIRECTION ( 'NONE',  ( -0.03309444466356214300, 0.0000000000000000000, -0.9994522288395830700 ) ) ;
#144 = CARTESIAN_POINT ( 'NONE',  ( -0.1948730837802479200, 29.31579402454120500, 11.64758385016561000 ) ) ;
#145 = CARTESIAN_POINT ( 'NONE',  ( -8.199999999999992200, 33.79999999999999700, -9.400000000000002100 ) ) ;
#146 = DIRECTION ( 'NONE',  ( 0.03309444466356214300, 0.0000000000000000000, 0.9994522288395830700 ) ) ;
#147 = LINE ( 'NONE', #6583, #2849 ) ;
#148 = ADVANCED_FACE ( 'NONE', ( #3118 ), #9344, .F. ) ;
#149 = VERTEX_POINT ( 'NONE', #490 ) ;
#150 = ORIENTED_EDGE ( 'NONE', *, *, #1556, .F. ) ;
#151 = CARTESIAN_POINT ( 'NONE',  ( -5.099999999999995200, 52.79999999999999700, 10.90000000000000400 ) ) ;
#152 = AXIS2_PLACEMENT_3D ( 'NONE', #6854, #4391, #10165 ) ;
#153 = CARTESIAN_POINT ( 'NONE',  ( -0.5999999999999937600, 35.17373870972728900, -10.50000000000000000 ) ) ;
#154 = LINE ( 'NONE', #1227, #2075 ) ;
#155 = CARTESIAN_POINT ( 'NONE',  ( 0.4914110112726662900, 30.77069935430984800, 11.01759136232573200 ) ) ;
#156 = CIRCLE ( 'NONE', #4880, 1.199999999999999700 ) ;
#157 = ORIENTED_EDGE ( 'NONE', *, *, #5491, .F. ) ;
#158 = EDGE_CURVE ( 'NONE', #10531, #6901, #5103, .T. ) ;
#159 = PLANE ( 'NONE',  #1771 ) ;
#160 = PLANE ( 'NONE',  #3305 ) ;
#161 = ORIENTED_EDGE ( 'NONE', *, *, #8678, .F. ) ;
#162 = ORIENTED_EDGE ( 'NONE', *, *, #6373, .F. ) ;
#163 = EDGE_CURVE ( 'NONE', #9641, #10676, #2859, .T. ) ;
#164 = CARTESIAN_POINT ( 'NONE',  ( -5.099999999999995200, 52.79999999999999700, 10.90000000000000400 ) ) ;
#165 = CARTESIAN_POINT ( 'NONE',  ( -4.599999999999994300, 36.79999999999999700, 9.800000000000000700 ) ) ;
#166 = CARTESIAN_POINT ( 'NONE',  ( 11.20000000000000100, 50.79999999999999700, -9.841154273188021100 ) ) ;
#167 =( BOUNDED_CURVE ( )  B_SPLINE_CURVE ( 3, ( #5039, #10470, #8884, #59 ),
 .UNSPECIFIED., .F., .F. ) 
 B_SPLINE_CURVE_WITH_KNOTS ( ( 4, 4 ),
 ( 1.013367092184007900, 2.394911902693166900 ),
 .UNSPECIFIED. ) 
 CURVE ( )  GEOMETRIC_REPRESENTATION_ITEM ( )  RATIONAL_B_SPLINE_CURVE ( ( 1.000000000000000000, 0.8471694135434854100, 0.8471694135434854100, 1.000000000000000000 ) ) 
 REPRESENTATION_ITEM ( '' )  );
#168 = VECTOR ( 'NONE', #3444, 1000.000000000000000 ) ;
#169 = VERTEX_POINT ( 'NONE', #411 ) ;
#170 = VERTEX_POINT ( 'NONE', #2165 ) ;
#171 = VERTEX_POINT ( 'NONE', #7173 ) ;
#172 = CARTESIAN_POINT ( 'NONE',  ( -6.599999999999993400, 50.79999999999999700, -10.90000000000000400 ) ) ;
#173 = EDGE_CURVE ( 'NONE', #3539, #5870, #404, .T. ) ;
#174 = DIRECTION ( 'NONE',  ( 0.6601821655035222700, 0.7511055241116789700, 0.0000000000000000000 ) ) ;
#175 = CARTESIAN_POINT ( 'NONE',  ( -6.599999999999993400, 52.79999999999999700, 10.90000000000000400 ) ) ;
#176 = CARTESIAN_POINT ( 'NONE',  ( 11.40000000000000000, -3.000000000000000000, 17.80000000000000400 ) ) ;
#177 = EDGE_CURVE ( 'NONE', #9213, #3387, #8757, .T. ) ;
#178 = FACE_OUTER_BOUND ( 'NONE', #6451, .T. ) ;
#179 = AXIS2_PLACEMENT_3D ( 'NONE', #4525, #9473, #7020 ) ;
#180 = ORIENTED_EDGE ( 'NONE', *, *, #4778, .T. ) ;
#181 = VERTEX_POINT ( 'NONE', #7820 ) ;
#182 = ORIENTED_EDGE ( 'NONE', *, *, #8857, .F. ) ;
#183 = AXIS2_PLACEMENT_3D ( 'NONE', #6497, #1495, #2302 ) ;
#184 = CARTESIAN_POINT ( 'NONE',  ( -4.599999999999996100, 52.79999999999999700, 10.90000000000000400 ) ) ;
#185 = ADVANCED_FACE ( 'NONE', ( #4842 ), #5520, .T. ) ;
#186 = DIRECTION ( 'NONE',  ( 0.03309444466356237200, 0.0000000000000000000, -0.9994522288395830700 ) ) ;
#187 = CARTESIAN_POINT ( 'NONE',  ( 13.40000000000000600, 3.400000000000023900, -13.64339877915259800 ) ) ;
#188 = CARTESIAN_POINT ( 'NONE',  ( 3.900000000000005200, 52.29999999999999700, -10.76666666666666900 ) ) ;
#189 = LINE ( 'NONE', #6377, #6306 ) ;
#190 = EDGE_CURVE ( 'NONE', #8059, #3032, #9501, .T. ) ;
#191 = CARTESIAN_POINT ( 'NONE',  ( 0.4661579404781624500, 32.41662811851572500, 9.777964186001620200 ) ) ;
#192 = EDGE_LOOP ( 'NONE', ( #6819, #3117, #1564, #4242 ) ) ;
#193 = EDGE_LOOP ( 'NONE', ( #7154, #8378, #8219, #1258, #10214, #3428, #1585, #7677, #204, #891, #9227, #5776 ) ) ;
#194 = ORIENTED_EDGE ( 'NONE', *, *, #3353, .F. ) ;
#195 = CARTESIAN_POINT ( 'NONE',  ( 0.1333466195439232700, 49.95393300122839300, -9.800000000000002500 ) ) ;
#196 = CARTESIAN_POINT ( 'NONE',  ( 3.460526354612881100, 52.79999999999999700, 10.90000000000000400 ) ) ;
#197 = EDGE_CURVE ( 'NONE', #8747, #5805, #5178, .T. ) ;
#198 = DIRECTION ( 'NONE',  ( -1.000000000000000000, 0.0000000000000000000, 0.0000000000000000000 ) ) ;
#199 = DIRECTION ( 'NONE',  ( 1.000000000000000000, -0.0000000000000000000, -0.0000000000000000000 ) ) ;
#200 = ADVANCED_FACE ( 'NONE', ( #6788 ), #1196, .T. ) ;
#201 = DIRECTION ( 'NONE',  ( -0.9961946980917451000, 0.0000000000000000000, -0.08715574274766288400 ) ) ;
#202 = LINE ( 'NONE', #3791, #8768 ) ;
#203 = ORIENTED_EDGE ( 'NONE', *, *, #3433, .F. ) ;
#204 = ORIENTED_EDGE ( 'NONE', *, *, #6409, .T. ) ;
#205 = EDGE_LOOP ( 'NONE', ( #6945, #7902, #5293, #672, #4936, #7114 ) ) ;
#206 = ORIENTED_EDGE ( 'NONE', *, *, #1173, .F. ) ;
#207 = LINE ( 'NONE', #10125, #7097 ) ;
#208 = CARTESIAN_POINT ( 'NONE',  ( -34.32555969028118900, 3.400000000000018100, -26.40809735350795200 ) ) ;
#209 = CARTESIAN_POINT ( 'NONE',  ( 3.681537680576830500, 52.74321161118982100, -10.76666666666666900 ) ) ;
#210 = FACE_OUTER_BOUND ( 'NONE', #4855, .T. ) ;
#211 = CARTESIAN_POINT ( 'NONE',  ( -1.175632000246485700, 34.18255877671881400, 9.447076545853299500 ) ) ;
#212 = ORIENTED_EDGE ( 'NONE', *, *, #8818, .T. ) ;
#213 = VERTEX_POINT ( 'NONE', #10381 ) ;
#214 = DIRECTION ( 'NONE',  ( 0.0000000000000000000, -0.8660254037844366000, 0.5000000000000035500 ) ) ;
#215 = CARTESIAN_POINT ( 'NONE',  ( 36.00000000000000700, -2.000000000000000000, 1.109053650640951000 ) ) ;
#216 = VERTEX_POINT ( 'NONE', #4605 ) ;
#217 = DIRECTION ( 'NONE',  ( -0.0000000000000000000, 0.5000000000000046600, -0.8660254037844359300 ) ) ;
#218 = AXIS2_PLACEMENT_3D ( 'NONE', #5012, #5853, #843 ) ;
#219 = VECTOR ( 'NONE', #9233, 1000.000000000000000 ) ;
#220 = CONICAL_SURFACE ( 'NONE', #7427, 1.199999999999999700, 0.3490658503988626800 ) ;
#221 = VECTOR ( 'NONE', #4851, 1000.000000000000000 ) ;
#222 = CARTESIAN_POINT ( 'NONE',  ( -1.690871211463566200, 36.79999999999999700, 11.00000000000000000 ) ) ;
#224 = ORIENTED_EDGE ( 'NONE', *, *, #8994, .F. ) ;
#223 = PLANE ( 'NONE',  #4541 ) ;
#225 = PLANE ( 'NONE',  #9886 ) ;
#226 = CARTESIAN_POINT ( 'NONE',  ( 3.400000000000005200, 52.00132267488853400, -10.90000000000000400 ) ) ;
#227 = B_SPLINE_CURVE_WITH_KNOTS ( 'NONE', 3,
 ( #4944, #8235, #9898, #5791, #777, #6615, #1607, #7446, #2450, #8274, #3273, #9104, #4144, #9933, #4975, #5 ),
 .UNSPECIFIED., .F., .F.,
 ( 4, 2, 2, 2, 2, 2, 2, 4 ),
 ( 0.007458754611456645500, 0.007691877044056143000, 0.007924999476655640600, 0.008391244341854640900, 0.008857489207053639500, 0.009323734072252639800, 0.01025622380265064200, 0.01118871353304864600 ),
 .UNSPECIFIED. ) ;
#228 = CARTESIAN_POINT ( 'NONE',  ( 0.4867301630655931400, 33.79999999999999700, 8.979274057836303100 ) ) ;
#229 = LINE ( 'NONE', #5257, #8805 ) ;
#230 = EDGE_CURVE ( 'NONE', #2994, #4200, #8720, .T. ) ;
#231 = CYLINDRICAL_SURFACE ( 'NONE', #8388, 1.000000000000000200 ) ;
#232 = PLANE ( 'NONE',  #1243 ) ;
#233 = DIRECTION ( 'NONE',  ( 0.0000000000000000000, -2.503857664561900200E-015, 1.000000000000000000 ) ) ;
#234 = DIRECTION ( 'NONE',  ( 1.000000000000000000, 5.661944678535407600E-016, -0.0000000000000000000 ) ) ;
#235 = CARTESIAN_POINT ( 'NONE',  ( 13.87755258156076700, -2.826794919243119400, -20.67974782551007000 ) ) ;
#236 = CARTESIAN_POINT ( 'NONE',  ( 2.360084470508810800E-015, 33.79999999999999700, 8.979274057836304800 ) ) ;
#237 = CYLINDRICAL_SURFACE ( 'NONE', #9418, 1.199999999999999700 ) ;
#238 = EDGE_CURVE ( 'NONE', #1044, #13, #4588, .T. ) ;
#239 =( BOUNDED_SURFACE ( )  B_SPLINE_SURFACE ( 3, 2, ( 
 ( #9509, #7849, #10337 ),
 ( #5403, #398, #6230 ),
 ( #1218, #7054, #2051 ),
 ( #7885, #2888, #8715 ),
 ( #3738, #9539, #4596 ),
 ( #10373, #5439, #432 ) ),
 .UNSPECIFIED., .F., .F., .F. ) 
 B_SPLINE_SURFACE_WITH_KNOTS ( ( 4, 2, 4 ),
 ( 3, 3 ),
 ( 0.0003790122493140212700, 0.0006499964602233454500, 0.0009209806711326696800 ),
 ( 0.0000000000000000000, 1.000000000000000000 ),
 .UNSPECIFIED. ) 
 GEOMETRIC_REPRESENTATION_ITEM ( )  RATIONAL_B_SPLINE_SURFACE ( (
 ( 1.000000000000000000, 0.8164965809277096000, 1.000000000000000000),
 ( 1.000000000000000000, 0.8810678731622649800, 1.000000000000000000),
 ( 1.000000000000000000, 0.9263207691517941800, 1.000000000000000000),
 ( 1.000000000000000000, 0.9855849900691853200, 1.000000000000000000),
 ( 1.000000000000000000, 0.9999584033010604500, 1.000000000000000000),
 ( 1.000000000000000000, 1.000000000000000000, 1.000000000000000000) ) ) 
 REPRESENTATION_ITEM ( '' )  SURFACE ( )  );
#240 = EDGE_CURVE ( 'NONE', #8130, #3250, #154, .T. ) ;
#241 = AXIS2_PLACEMENT_3D ( 'NONE', #6411, #9693, #3896 ) ;
#242 = CARTESIAN_POINT ( 'NONE',  ( 8.801923788646670100, 1.500000000000000200, 10.87179676972449000 ) ) ;
#243 = DIRECTION ( 'NONE',  ( -1.000000000000000000, 0.0000000000000000000, 0.0000000000000000000 ) ) ;
#244 = CARTESIAN_POINT ( 'NONE',  ( -33.73576973346460800, -3.000000000000000000, -34.10000000000002300 ) ) ;
#245 = PLANE ( 'NONE',  #4868 ) ;
#246 = CARTESIAN_POINT ( 'NONE',  ( 0.5313708498984812700, 36.79999999999999700, -10.90000000000000400 ) ) ;
#247 = VECTOR ( 'NONE', #122, 1000.000000000000000 ) ;
#248 = CARTESIAN_POINT ( 'NONE',  ( -28.07601047457014700, -3.000000000000000000, 28.19999999999999600 ) ) ;
#249 = PLANE ( 'NONE',  #10546 ) ;
#250 = CARTESIAN_POINT ( 'NONE',  ( -5.182352374825901700, 4.999999999999998200, -28.11091036373494500 ) ) ;
#251 = CARTESIAN_POINT ( 'NONE',  ( 22.14394809929214600, -3.000000000000000000, 1.109053650640949900 ) ) ;
#252 = ORIENTED_EDGE ( 'NONE', *, *, #9725, .T. ) ;
#253 = ADVANCED_FACE ( 'NONE', ( #7046 ), #4049, .F. ) ;
#254 = EDGE_CURVE ( 'NONE', #5317, #4277, #10668, .T. ) ;
#255 = FACE_OUTER_BOUND ( 'NONE', #2919, .T. ) ;
#256 = EDGE_CURVE ( 'NONE', #6660, #4123, #4313, .T. ) ;
#257 = DIRECTION ( 'NONE',  ( 0.0000000000000000000, -1.000000000000000000, 0.0000000000000000000 ) ) ;
#258 = CIRCLE ( 'NONE', #5903, 0.4411542731880199700 ) ;
#259 = DIRECTION ( 'NONE',  ( -1.000000000000000000, 0.0000000000000000000, 0.0000000000000000000 ) ) ;
#260 = CARTESIAN_POINT ( 'NONE',  ( -6.599999999999997900, -3.000000000000000000, 22.13012701892219900 ) ) ;
#261 = ORIENTED_EDGE ( 'NONE', *, *, #9349, .F. ) ;
#262 = AXIS2_PLACEMENT_3D ( 'NONE', #6985, #366, #6189 ) ;
#263 = LINE ( 'NONE', #5400, #8573 ) ;
#264 = CARTESIAN_POINT ( 'NONE',  ( -35.19780771448755300, 3.400363229070559400, 7.121509440834603300E-014 ) ) ;
#265 = CARTESIAN_POINT ( 'NONE',  ( -1.690871211463564200, 35.79999999999999700, -11.00000000000000400 ) ) ;
#266 = EDGE_LOOP ( 'NONE', ( #8682, #9787, #10276, #7554, #838, #9527, #3866, #9071, #4358, #1011, #2812, #7439, #1039, #4422, #2627, #6004, #5044, #9036, #6686, #3106, #6587, #10714 ) ) ;
#267 = CARTESIAN_POINT ( 'NONE',  ( -0.5999999999999944300, 49.42626129027264900, 9.300000000000000700 ) ) ;
#268 = DIRECTION ( 'NONE',  ( 1.000000000000000000, 0.0000000000000000000, 0.0000000000000000000 ) ) ;
#269 = VERTEX_POINT ( 'NONE', #8697 ) ;
#270 = EDGE_CURVE ( 'NONE', #7266, #8890, #6008, .T. ) ;
#271 = LINE ( 'NONE', #9990, #4454 ) ;
#272 = CIRCLE ( 'NONE', #579, 2.758845726811978100 ) ;
#273 = CARTESIAN_POINT ( 'NONE',  ( -1.574679434480892500, 35.79999999999999700, 9.800000000000002500 ) ) ;
#274 = ORIENTED_EDGE ( 'NONE', *, *, #8382, .F. ) ;
#275 = CARTESIAN_POINT ( 'NONE',  ( -6.599999999999993400, 50.79999999999999700, 9.800000000000002500 ) ) ;
#276 = PLANE ( 'NONE',  #9114 ) ;
#277 = CARTESIAN_POINT ( 'NONE',  ( 11.20000000000000100, 50.10717967697243600, 6.858022075225178600E-016 ) ) ;
#278 = DIRECTION ( 'NONE',  ( -1.000000000000000000, 0.0000000000000000000, 0.0000000000000000000 ) ) ;
#279 = VECTOR ( 'NONE', #6871, 1000.000000000000000 ) ;
#280 = ORIENTED_EDGE ( 'NONE', *, *, #3574, .T. ) ;
#281 = DIRECTION ( 'NONE',  ( 0.0000000000000000000, 0.0000000000000000000, 1.000000000000000000 ) ) ;
#282 = CARTESIAN_POINT ( 'NONE',  ( -30.33025804561338000, 5.000000000000000000, 30.19999999999999600 ) ) ;
#283 = ORIENTED_EDGE ( 'NONE', *, *, #10304, .F. ) ;
#284 = FACE_OUTER_BOUND ( 'NONE', #1035, .T. ) ;
#285 = ORIENTED_EDGE ( 'NONE', *, *, #436, .F. ) ;
#286 = EDGE_CURVE ( 'NONE', #6042, #10634, #8200, .T. ) ;
#287 = ORIENTED_EDGE ( 'NONE', *, *, #9087, .F. ) ;
#288 = AXIS2_PLACEMENT_3D ( 'NONE', #5169, #3473, #2619 ) ;
#289 = VECTOR ( 'NONE', #2047, 1000.000000000000000 ) ;
#290 = ORIENTED_EDGE ( 'NONE', *, *, #5827, .F. ) ;
#291 = DIRECTION ( 'NONE',  ( 1.000000000000000000, 0.0000000000000000000, 0.0000000000000000000 ) ) ;
#292 = DIRECTION ( 'NONE',  ( -0.0000000000000000000, -1.000000000000000000, -0.0000000000000000000 ) ) ;
#293 = DIRECTION ( 'NONE',  ( 0.0000000000000000000, 0.0000000000000000000, 1.000000000000000000 ) ) ;
#294 = DIRECTION ( 'NONE',  ( 0.0000000000000000000, 0.0000000000000000000, -1.000000000000000000 ) ) ;
#295 = CARTESIAN_POINT ( 'NONE',  ( 0.1500000000000043500, 36.80000000000000400, -12.60000000000000300 ) ) ;
#296 = ORIENTED_EDGE ( 'NONE', *, *, #2256, .T. ) ;
#297 = ORIENTED_EDGE ( 'NONE', *, *, #4600, .T. ) ;
#298 = CARTESIAN_POINT ( 'NONE',  ( 0.7577885838694628000, 30.50000000000001100, 11.34641016151377400 ) ) ;
#299 =( BOUNDED_CURVE ( )  B_SPLINE_CURVE ( 3, ( #8955, #8121, #9780, #4830 ),
 .UNSPECIFIED., .F., .F. ) 
 B_SPLINE_CURVE_WITH_KNOTS ( ( 4, 4 ),
 ( 2.710505431213751200E-017, 0.001996868395742348800 ),
 .UNSPECIFIED. ) 
 CURVE ( )  GEOMETRIC_REPRESENTATION_ITEM ( )  RATIONAL_B_SPLINE_CURVE ( ( 1.000000000000000000, 0.9999996677097451300, 0.9999996677097451300, 1.000000000000000000 ) ) 
 REPRESENTATION_ITEM ( '' )  );
#300 = EDGE_CURVE ( 'NONE', #564, #9274, #1558, .T. ) ;
#301 = FACE_OUTER_BOUND ( 'NONE', #912, .T. ) ;
#302 = CARTESIAN_POINT ( 'NONE',  ( 3.460526354612882800, 52.79999999999999700, -10.90000000000000400 ) ) ;
#303 = CARTESIAN_POINT ( 'NONE',  ( -4.599999999999994300, 51.92838805007068700, -10.90000000000000400 ) ) ;
#304 = EDGE_CURVE ( 'NONE', #6616, #7202, #9015, .T. ) ;
#305 = DIRECTION ( 'NONE',  ( 0.0000000000000000000, 0.0000000000000000000, 1.000000000000000000 ) ) ;
#306 = ADVANCED_FACE ( 'NONE', ( #7941 ), #4307, .F. ) ;
#307 = DIRECTION ( 'NONE',  ( -0.0000000000000000000, 1.000000000000000000, -0.0000000000000000000 ) ) ;
#308 = ORIENTED_EDGE ( 'NONE', *, *, #4427, .F. ) ;
#309 = EDGE_LOOP ( 'NONE', ( #2055, #1987, #6289, #9583, #10477 ) ) ;
#310 = CARTESIAN_POINT ( 'NONE',  ( -42.50228307667197200, 0.0000000000000000000, -26.16697053617943800 ) ) ;
#311 = EDGE_LOOP ( 'NONE', ( #7123, #3829, #4571, #9454 ) ) ;
#312 = FACE_OUTER_BOUND ( 'NONE', #6546, .T. ) ;
#313 = DIRECTION ( 'NONE',  ( 0.8660254037844360400, 0.5000000000000042200, 0.0000000000000000000 ) ) ;
#314 = EDGE_CURVE ( 'NONE', #10212, #9571, #10134, .T. ) ;
#315 = CARTESIAN_POINT ( 'NONE',  ( -33.73576973346460800, 0.0000000000000000000, 34.20000000000000300 ) ) ;
#316 = ORIENTED_EDGE ( 'NONE', *, *, #5661, .T. ) ;
#317 = ORIENTED_EDGE ( 'NONE', *, *, #6387, .T. ) ;
#318 = CARTESIAN_POINT ( 'NONE',  ( 7.935898384862222000, 3.000000000000002700, 11.00000000000000200 ) ) ;
#319 = CARTESIAN_POINT ( 'NONE',  ( 4.377123616632828500, 52.29999999999999700, 10.76666666666666900 ) ) ;
#320 = EDGE_CURVE ( 'NONE', #7457, #1209, #1811, .T. ) ;
#321 = AXIS2_PLACEMENT_3D ( 'NONE', #6908, #4443, #2733 ) ;
#322 = LINE ( 'NONE', #5775, #8898 ) ;
#323 = ORIENTED_EDGE ( 'NONE', *, *, #2077, .F. ) ;
#324 = VERTEX_POINT ( 'NONE', #5237 ) ;
#325 = ORIENTED_EDGE ( 'NONE', *, *, #4156, .F. ) ;
#326 = AXIS2_PLACEMENT_3D ( 'NONE', #7323, #10648, #5697 ) ;
#327 = ORIENTED_EDGE ( 'NONE', *, *, #8161, .F. ) ;
#328 = ORIENTED_EDGE ( 'NONE', *, *, #4207, .T. ) ;
#329 = CARTESIAN_POINT ( 'NONE',  ( -29.70033893432542300, 3.000000000000000400, 0.9834549316001737200 ) ) ;
#330 = CARTESIAN_POINT ( 'NONE',  ( -1.308554566645818700, 33.79999999999999700, -8.954700538379276200 ) ) ;
#331 = CARTESIAN_POINT ( 'NONE',  ( 5.800000000000005200, 52.79999999999999700, 11.00000000000000200 ) ) ;
#332 = CARTESIAN_POINT ( 'NONE',  ( 6.936785082397765500, 33.79999999999999700, -8.954700538379276200 ) ) ;
#333 = LINE ( 'NONE', #3546, #75 ) ;
#334 = VERTEX_POINT ( 'NONE', #10206 ) ;
#335 = EDGE_LOOP ( 'NONE', ( #9778, #8299, #5696, #1087, #3414, #8058 ) ) ;
#336 = EDGE_CURVE ( 'NONE', #7635, #5113, #5499, .T. ) ;
#337 = CARTESIAN_POINT ( 'NONE',  ( -1.123533499359325300, 33.79999999999999700, 8.979274057836304800 ) ) ;
#338 = CARTESIAN_POINT ( 'NONE',  ( -4.999999999999993800, 52.29999999999999700, -10.90000000000000400 ) ) ;
#339 = VERTEX_POINT ( 'NONE', #7650 ) ;
#340 = ORIENTED_EDGE ( 'NONE', *, *, #9703, .F. ) ;
#341 = CARTESIAN_POINT ( 'NONE',  ( -4.698788260581746800, 52.56624665647770200, 10.76666675551943400 ) ) ;
#342 = CYLINDRICAL_SURFACE ( 'NONE', #7776, 3.999999999999999100 ) ;
#343 = AXIS2_PLACEMENT_3D ( 'NONE', #2129, #7959, #2968 ) ;
#344 = FACE_OUTER_BOUND ( 'NONE', #5769, .T. ) ;
#345 = EDGE_LOOP ( 'NONE', ( #325, #1086, #8210, #10023 ) ) ;
#346 = ORIENTED_EDGE ( 'NONE', *, *, #2926, .T. ) ;
#347 = FACE_OUTER_BOUND ( 'NONE', #8756, .T. ) ;
#348 = CARTESIAN_POINT ( 'NONE',  ( -32.19020367161343200, 5.000000000000000000, -29.61764762517409400 ) ) ;
#349 = DIRECTION ( 'NONE',  ( 0.0000000000000000000, -1.000000000000000000, -0.0000000000000000000 ) ) ;
#350 = VECTOR ( 'NONE', #1350, 1000.000000000000000 ) ;
#351 = CARTESIAN_POINT ( 'NONE',  ( 11.20000000000000100, 4.999999999999997300, 6.858022075225178600E-016 ) ) ;
#352 = VERTEX_POINT ( 'NONE', #5117 ) ;
#353 = DIRECTION ( 'NONE',  ( 0.8660254037844404800, -0.4999999999999969500, 0.0000000000000000000 ) ) ;
#354 = DIRECTION ( 'NONE',  ( 0.0000000000000000000, 0.0000000000000000000, -1.000000000000000000 ) ) ;
#355 = DIRECTION ( 'NONE',  ( 0.0000000000000000000, 0.0000000000000000000, 1.000000000000000000 ) ) ;
#356 = AXIS2_PLACEMENT_3D ( 'NONE', #10675, #1307, #5619 ) ;
#357 = DIRECTION ( 'NONE',  ( -1.000000000000000000, 0.0000000000000000000, 0.0000000000000000000 ) ) ;
#358 = ORIENTED_EDGE ( 'NONE', *, *, #695, .F. ) ;
#359 = AXIS2_PLACEMENT_3D ( 'NONE', #9881, #4927, #10716 ) ;
#360 = ADVANCED_FACE ( 'NONE', ( #1295 ), #7428, .T. ) ;
#361 =( BOUNDED_CURVE ( )  B_SPLINE_CURVE ( 3, ( #8185, #2361, #9850, #4888 ),
 .UNSPECIFIED., .F., .F. ) 
 B_SPLINE_CURVE_WITH_KNOTS ( ( 4, 4 ),
 ( 3.141592653589792700, 4.430352584528612200 ),
 .UNSPECIFIED. ) 
 CURVE ( )  GEOMETRIC_REPRESENTATION_ITEM ( )  RATIONAL_B_SPLINE_CURVE ( ( 1.000000000000000000, 0.8663149180710690800, 0.8663149180710690800, 1.000000000000000000 ) ) 
 REPRESENTATION_ITEM ( '' )  );
#362 = LINE ( 'NONE', #8289, #5188 ) ;
#363 = ORIENTED_EDGE ( 'NONE', *, *, #2025, .F. ) ;
#364 = VECTOR ( 'NONE', #4873, 1000.000000000000200 ) ;
#365 = ORIENTED_EDGE ( 'NONE', *, *, #7193, .F. ) ;
#366 = DIRECTION ( 'NONE',  ( 0.0000000000000000000, -0.5000000000000035500, -0.8660254037844366000 ) ) ;
#367 = CARTESIAN_POINT ( 'NONE',  ( -11.20000000000000100, 52.79999999999999700, -13.00000000000000400 ) ) ;
#368 = CARTESIAN_POINT ( 'NONE',  ( -0.5999999999999954300, 33.80000000000000400, -13.00000000000000400 ) ) ;
#369 = CARTESIAN_POINT ( 'NONE',  ( -11.19999999999999900, 50.89999999999999900, -11.30000000000000200 ) ) ;
#370 = EDGE_CURVE ( 'NONE', #6851, #2613, #491, .T. ) ;
#371 = LINE ( 'NONE', #8862, #6748 ) ;
#372 = ORIENTED_EDGE ( 'NONE', *, *, #5554, .F. ) ;
#373 = VECTOR ( 'NONE', #4121, 1000.000000000000000 ) ;
#374 = CARTESIAN_POINT ( 'NONE',  ( -0.4932694205437676600, 33.86477899723249200, 9.300085857138499900 ) ) ;
#375 = CARTESIAN_POINT ( 'NONE',  ( -29.05247073620112600, 3.000000000000000400, -20.54907451495396100 ) ) ;
#376 = VERTEX_POINT ( 'NONE', #1840 ) ;
#377 = EDGE_CURVE ( 'NONE', #7303, #10331, #7693, .T. ) ;
#378 = FACE_OUTER_BOUND ( 'NONE', #5406, .T. ) ;
#379 = CIRCLE ( 'NONE', #4012, 0.6656854249492386600 ) ;
#380 = EDGE_CURVE ( 'NONE', #1352, #9615, #5241, .T. ) ;
#381 = VERTEX_POINT ( 'NONE', #3537 ) ;
#382 = DIRECTION ( 'NONE',  ( -1.000000000000000000, 0.0000000000000000000, -2.990902544787598600E-016 ) ) ;
#383 = CARTESIAN_POINT ( 'NONE',  ( -5.099999999999995200, 52.29999999999999700, 10.50000000000000400 ) ) ;
#384 = CARTESIAN_POINT ( 'NONE',  ( 14.40000000000000600, 0.0000000000000000000, -13.62938002992065600 ) ) ;
#385 = CARTESIAN_POINT ( 'NONE',  ( 3.400000000000005200, 36.79999999999999700, -9.800000000000002500 ) ) ;
#386 = AXIS2_PLACEMENT_3D ( 'NONE', #7011, #3694, #9500 ) ;
#387 = CARTESIAN_POINT ( 'NONE',  ( 6.670458424064061200, 4.038893521914900500, 13.73609293032529700 ) ) ;
#388 = LINE ( 'NONE', #5716, #4564 ) ;
#389 = EDGE_CURVE ( 'NONE', #376, #7303, #7170, .T. ) ;
#390 = ORIENTED_EDGE ( 'NONE', *, *, #7708, .F. ) ;
#391 = CARTESIAN_POINT ( 'NONE',  ( 14.01170327230939500, 4.048925683557582600, -12.69335429409235300 ) ) ;
#392 = CARTESIAN_POINT ( 'NONE',  ( -5.772183122024038000, -1.654978430674035400, 33.60671360893596200 ) ) ;
#393 = FACE_OUTER_BOUND ( 'NONE', #5423, .T. ) ;
#394 = CARTESIAN_POINT ( 'NONE',  ( -4.599999999999994300, 36.79999999999999700, 11.00000000000000200 ) ) ;
#395 = CARTESIAN_POINT ( 'NONE',  ( 0.4000000000000110100, 33.80000000000000400, 15.00000000000000200 ) ) ;
#396 = VECTOR ( 'NONE', #6338, 1000.000000000000000 ) ;
#397 = DIRECTION ( 'NONE',  ( -0.0000000000000000000, -0.0000000000000000000, 1.000000000000000000 ) ) ;
#398 = CARTESIAN_POINT ( 'NONE',  ( 3.590441158790336700, 52.71180470701494900, -10.87004640409833200 ) ) ;
#399 = ORIENTED_EDGE ( 'NONE', *, *, #5342, .F. ) ;
#400 = VERTEX_POINT ( 'NONE', #1876 ) ;
#401 = ORIENTED_EDGE ( 'NONE', *, *, #4180, .T. ) ;
#402 = CARTESIAN_POINT ( 'NONE',  ( -0.1124982130241554100, 34.19665521659046400, 9.402344427916054000 ) ) ;
#403 = CARTESIAN_POINT ( 'NONE',  ( -11.20000000000000100, 4.999999999999997300, 13.00000000000000400 ) ) ;
#404 = LINE ( 'NONE', #8837, #8983 ) ;
#405 = DIRECTION ( 'NONE',  ( 0.0000000000000000000, 0.0000000000000000000, -1.000000000000000000 ) ) ;
#406 = ADVANCED_FACE ( 'NONE', ( #2728 ), #6899, .F. ) ;
#407 = CARTESIAN_POINT ( 'NONE',  ( 8.143835730068678600, 2.639841953311445000, -11.00000000000000200 ) ) ;
#408 = VERTEX_POINT ( 'NONE', #7724 ) ;
#409 = ORIENTED_EDGE ( 'NONE', *, *, #5617, .T. ) ;
#410 = ORIENTED_EDGE ( 'NONE', *, *, #10528, .F. ) ;
#411 = CARTESIAN_POINT ( 'NONE',  ( 22.08852607105300000, -1.900000000000066500, -1.562049935181392100 ) ) ;
#412 = ORIENTED_EDGE ( 'NONE', *, *, #3729, .T. ) ;
#413 = CARTESIAN_POINT ( 'NONE',  ( -1.349999999999995000, 33.05000000000000400, -13.00000000000000400 ) ) ;
#414 = PLANE ( 'NONE',  #7651 ) ;
#415 = DIRECTION ( 'NONE',  ( -0.0000000000000000000, 1.000000000000000000, -0.0000000000000000000 ) ) ;
#417 = EDGE_LOOP ( 'NONE', ( #7481, #6826, #6903 ) ) ;
#416 = VERTEX_POINT ( 'NONE', #9382 ) ;
#418 = CARTESIAN_POINT ( 'NONE',  ( 3.400000000000004400, 52.22457190937662800, 10.89999999999476500 ) ) ;
#419 = ORIENTED_EDGE ( 'NONE', *, *, #8095, .F. ) ;
#420 = CIRCLE ( 'NONE', #74, 1.199999999999999700 ) ;
#421 = ORIENTED_EDGE ( 'NONE', *, *, #8726, .F. ) ;
#422 = ORIENTED_EDGE ( 'NONE', *, *, #696, .F. ) ;
#423 = ORIENTED_EDGE ( 'NONE', *, *, #3942, .F. ) ;
#424 = VERTEX_POINT ( 'NONE', #267 ) ;
#425 = EDGE_CURVE ( 'NONE', #6967, #4710, #778, .T. ) ;
#426 = AXIS2_PLACEMENT_3D ( 'NONE', #8646, #4524, #9472 ) ;
#427 = PLANE ( 'NONE',  #4742 ) ;
#428 = DIRECTION ( 'NONE',  ( 0.7511055241116797500, -0.6601821655035214900, -5.204170427930464800E-014 ) ) ;
#429 = DIRECTION ( 'NONE',  ( 0.0000000000000000000, 0.0000000000000000000, -1.000000000000000000 ) ) ;
#430 = LINE ( 'NONE', #4350, #6813 ) ;
#431 = CARTESIAN_POINT ( 'NONE',  ( -29.73132152140111700, 3.000000000000000400, -0.04778080191415912100 ) ) ;
#432 = CARTESIAN_POINT ( 'NONE',  ( 3.900000000000005200, 52.79999999999999700, -10.90000000000000400 ) ) ;
#433 = ORIENTED_EDGE ( 'NONE', *, *, #4059, .T. ) ;
#434 = ORIENTED_EDGE ( 'NONE', *, *, #2385, .F. ) ;
#435 = VERTEX_POINT ( 'NONE', #5274 ) ;
#436 = EDGE_CURVE ( 'NONE', #5185, #3959, #9368, .T. ) ;
#437 = EDGE_CURVE ( 'NONE', #3679, #4200, #3522, .T. ) ;
#438 = CARTESIAN_POINT ( 'NONE',  ( -11.20000000000000100, 52.79999999999999700, -12.41764762517407500 ) ) ;
#439 = CIRCLE ( 'NONE', #343, 0.3999999999999993000 ) ;
#440 = DIRECTION ( 'NONE',  ( 0.0000000000000000000, -1.000000000000000000, 0.0000000000000000000 ) ) ;
#441 = AXIS2_PLACEMENT_3D ( 'NONE', #4221, #6766, #1762 ) ;
#442 = CARTESIAN_POINT ( 'NONE',  ( -0.03895913503639932000, 34.06152697653523400, 9.439079626697145300 ) ) ;
#443 = CARTESIAN_POINT ( 'NONE',  ( -31.69742592492191200, 10.84897940006420400, -23.85441716132835000 ) ) ;
#444 = ORIENTED_EDGE ( 'NONE', *, *, #9039, .F. ) ;
#445 = ORIENTED_EDGE ( 'NONE', *, *, #10316, .T. ) ;
#446 = ORIENTED_EDGE ( 'NONE', *, *, #4752, .F. ) ;
#447 = DIRECTION ( 'NONE',  ( -0.0000000000000000000, -1.000000000000000000, -0.0000000000000000000 ) ) ;
#448 = CARTESIAN_POINT ( 'NONE',  ( 0.2150476222992616900, 34.00000000000005000, 9.619263164512567200 ) ) ;
#449 = DIRECTION ( 'NONE',  ( 0.0000000000000000000, 0.0000000000000000000, 1.000000000000000000 ) ) ;
#450 = EDGE_CURVE ( 'NONE', #1220, #9889, #10627, .T. ) ;
#451 = CARTESIAN_POINT ( 'NONE',  ( -8.199999999999992200, 33.07128129211017900, -9.400000000000003900 ) ) ;
#452 = VERTEX_POINT ( 'NONE', #6135 ) ;
#453 = CARTESIAN_POINT ( 'NONE',  ( -4.602291112640150700, 3.406294780244262900, 26.35631709995848100 ) ) ;
#454 = EDGE_LOOP ( 'NONE', ( #9301, #971, #6032, #138 ) ) ;
#455 = CARTESIAN_POINT ( 'NONE',  ( -0.5999999999999937600, 35.17373870972728900, -10.50000000000000000 ) ) ;
#456 = DIRECTION ( 'NONE',  ( -0.0000000000000000000, 1.000000000000000000, -0.0000000000000000000 ) ) ;
#457 = VERTEX_POINT ( 'NONE', #1123 ) ;
#458 = VERTEX_POINT ( 'NONE', #1948 ) ;
#459 = CARTESIAN_POINT ( 'NONE',  ( -42.40266360686279500, -3.000000000000000000, -26.15825496190467400 ) ) ;
#460 = EDGE_CURVE ( 'NONE', #10694, #4954, #2204, .T. ) ;
#461 = ADVANCED_FACE ( 'NONE', ( #6651 ), #1417, .F. ) ;
#462 = FACE_OUTER_BOUND ( 'NONE', #8136, .T. ) ;
#463 = LINE ( 'NONE', #9827, #10719 ) ;
#464 = AXIS2_PLACEMENT_3D ( 'NONE', #7316, #3966, #2321 ) ;
#465 = ORIENTED_EDGE ( 'NONE', *, *, #7968, .T. ) ;
#466 = ORIENTED_EDGE ( 'NONE', *, *, #1916, .F. ) ;
#467 = ORIENTED_EDGE ( 'NONE', *, *, #3263, .F. ) ;
#469 = VERTEX_POINT ( 'NONE', #8617 ) ;
#468 = CARTESIAN_POINT ( 'NONE',  ( -1.282079852499054900, 33.16268418868813200, 9.347228513056306200 ) ) ;
#470 = CARTESIAN_POINT ( 'NONE',  ( 9.058877142030455700, 5.000000000000000900, -19.21764762517409500 ) ) ;
#471 = DIRECTION ( 'NONE',  ( 0.0000000000000000000, 1.000000000000000000, 0.0000000000000000000 ) ) ;
#472 = CARTESIAN_POINT ( 'NONE',  ( -6.599999999999992500, 50.79999999999999700, 9.400000000000002100 ) ) ;
#473 = CARTESIAN_POINT ( 'NONE',  ( -3.599999999999999200, 33.05000000000000400, -13.00000000000000400 ) ) ;
#474 = CYLINDRICAL_SURFACE ( 'NONE', #5939, 11.00000000000000400 ) ;
#475 = CIRCLE ( 'NONE', #10186, 0.6656854249492391000 ) ;
#476 = CARTESIAN_POINT ( 'NONE',  ( 8.149787678622887600, 6.129622199673779200, 14.54978767862289000 ) ) ;
#477 = FACE_OUTER_BOUND ( 'NONE', #6501, .T. ) ;
#478 = ORIENTED_EDGE ( 'NONE', *, *, #4600, .F. ) ;
#479 = ORIENTED_EDGE ( 'NONE', *, *, #8709, .F. ) ;
#480 = EDGE_CURVE ( 'NONE', #9602, #3553, #271, .T. ) ;
#481 = ORIENTED_EDGE ( 'NONE', *, *, #7488, .F. ) ;
#482 = DIRECTION ( 'NONE',  ( 1.000000000000000000, 0.0000000000000000000, 0.0000000000000000000 ) ) ;
#483 = CARTESIAN_POINT ( 'NONE',  ( 103.5729756315021700, -3.000000000000002700, -6.938893903907228400E-015 ) ) ;
#484 = CARTESIAN_POINT ( 'NONE',  ( -4.805668059466119900, 5.000000000000000000, 19.21764762517410200 ) ) ;
#485 = AXIS2_PLACEMENT_3D ( 'NONE', #5919, #901, #5078 ) ;
#486 = CARTESIAN_POINT ( 'NONE',  ( 5.400000000000005700, 36.79999999999999700, 11.00000000000000200 ) ) ;
#487 = CARTESIAN_POINT ( 'NONE',  ( -9.799999999999993600, 50.10717967697243600, -9.400000000000002100 ) ) ;
#488 = VECTOR ( 'NONE', #6051, 1000.000000000000000 ) ;
#489 = VECTOR ( 'NONE', #5328, 1000.000000000000000 ) ;
#490 = CARTESIAN_POINT ( 'NONE',  ( -43.56498127664862400, -3.000000000000000000, 12.87290320382961000 ) ) ;
#491 =( BOUNDED_CURVE ( )  B_SPLINE_CURVE ( 3, ( #6026, #348, #9258, #7001 ),
 .UNSPECIFIED., .F., .F. ) 
 B_SPLINE_CURVE_WITH_KNOTS ( ( 4, 4 ),
 ( 2.429557898408359200, 3.853627408771234600 ),
 .UNSPECIFIED. ) 
 CURVE ( )  GEOMETRIC_REPRESENTATION_ITEM ( )  RATIONAL_B_SPLINE_CURVE ( ( 1.000000000000000000, 0.8380226565783052100, 0.8380226565783052100, 1.000000000000000000 ) ) 
 REPRESENTATION_ITEM ( '' )  );
#492 = DIRECTION ( 'NONE',  ( 1.000000000000000000, 0.0000000000000000000, 0.0000000000000000000 ) ) ;
#493 = VECTOR ( 'NONE', #10004, 1000.000000000000000 ) ;
#494 = CARTESIAN_POINT ( 'NONE',  ( 3.400000000000003900, 52.79999999999999700, 10.90000000000000400 ) ) ;
#495 = VECTOR ( 'NONE', #4491, 1000.000000000000000 ) ;
#496 = AXIS2_PLACEMENT_3D ( 'NONE', #384, #5391, #10320 ) ;
#497 = CARTESIAN_POINT ( 'NONE',  ( 3.400000000000005200, 52.35387104441625200, -10.86708516314666500 ) ) ;
#498 = ORIENTED_EDGE ( 'NONE', *, *, #4728, .F. ) ;
#499 = FACE_OUTER_BOUND ( 'NONE', #1168, .T. ) ;
#500 = EDGE_CURVE ( 'NONE', #9909, #1129, #530, .T. ) ;
#501 = DIRECTION ( 'NONE',  ( 0.0000000000000000000, -1.000000000000000000, -0.0000000000000000000 ) ) ;
#502 = CARTESIAN_POINT ( 'NONE',  ( -2.202932322697427100, 31.49469640328542800, 10.31024170996328400 ) ) ;
#503 = CARTESIAN_POINT ( 'NONE',  ( 4.377123616632831100, 52.29999999999999700, -10.76666666666666900 ) ) ;
#504 = DIRECTION ( 'NONE',  ( 0.0000000000000000000, -1.000000000000000000, 0.0000000000000000000 ) ) ;
#505 = CARTESIAN_POINT ( 'NONE',  ( 0.1500000000000043500, 36.80000000000000400, -12.60000000000000300 ) ) ;
#506 = CARTESIAN_POINT ( 'NONE',  ( 0.4908712114635766000, 27.42626129027272300, -11.00000000000000400 ) ) ;
#507 = EDGE_CURVE ( 'NONE', #8890, #2453, #2468, .T. ) ;
#508 = VECTOR ( 'NONE', #8258, 1000.000000000000000 ) ;
#509 = FACE_OUTER_BOUND ( 'NONE', #3341, .T. ) ;
#510 = DIRECTION ( 'NONE',  ( -2.628368902995160100E-016, 0.0000000000000000000, -1.000000000000000000 ) ) ;
#511 = CARTESIAN_POINT ( 'NONE',  ( -35.19999999999999600, 3.400000000000023900, -3.469446951953614200E-015 ) ) ;
#512 = CARTESIAN_POINT ( 'NONE',  ( -11.20000000000000100, 52.79999999999999700, 13.00000000000000400 ) ) ;
#513 = CARTESIAN_POINT ( 'NONE',  ( -35.19561662984588000, 3.400000000000023900, 0.1323777786542460500 ) ) ;
#514 = ADVANCED_FACE ( 'NONE', ( #6394 ), #1680, .F. ) ;
#515 = DIRECTION ( 'NONE',  ( 1.000000000000000000, 0.0000000000000000000, 0.0000000000000000000 ) ) ;
#516 = DIRECTION ( 'NONE',  ( 0.0000000000000000000, 0.0000000000000000000, -1.000000000000000000 ) ) ;
#517 = EDGE_CURVE ( 'NONE', #4560, #7091, #8326, .T. ) ;
#518 = CARTESIAN_POINT ( 'NONE',  ( 36.00000000000000700, -1.899999999999999700, -1.562049935181336400 ) ) ;
#519 = FACE_OUTER_BOUND ( 'NONE', #8628, .T. ) ;
#520 = EDGE_CURVE ( 'NONE', #400, #9689, #1934, .T. ) ;
#521 = AXIS2_PLACEMENT_3D ( 'NONE', #7338, #703, #9829 ) ;
#522 = CARTESIAN_POINT ( 'NONE',  ( -5.409558841209707800, 52.71180470701495600, -10.87004640409832300 ) ) ;
#523 = DIRECTION ( 'NONE',  ( 0.0000000000000000000, 0.0000000000000000000, -1.000000000000000000 ) ) ;
#524 = CARTESIAN_POINT ( 'NONE',  ( 0.2352608536614327600, 33.79999999999999700, 8.979274057836304800 ) ) ;
#525 = DIRECTION ( 'NONE',  ( -0.0000000000000000000, 0.0000000000000000000, 1.000000000000000000 ) ) ;
#526 = VERTEX_POINT ( 'NONE', #1706 ) ;
#527 = AXIS2_PLACEMENT_3D ( 'NONE', #9522, #4577, #10351 ) ;
#528 = DIRECTION ( 'NONE',  ( 0.0000000000000000000, 0.0000000000000000000, -1.000000000000000000 ) ) ;
#529 = DIRECTION ( 'NONE',  ( -0.0000000000000000000, -0.0000000000000000000, 1.000000000000000000 ) ) ;
#530 = LINE ( 'NONE', #7520, #4181 ) ;
#531 = EDGE_CURVE ( 'NONE', #4472, #5666, #5872, .T. ) ;
#532 = CIRCLE ( 'NONE', #5253, 2.758845726811978100 ) ;
#533 = ORIENTED_EDGE ( 'NONE', *, *, #6158, .F. ) ;
#534 = DIRECTION ( 'NONE',  ( -0.0000000000000000000, -1.000000000000000000, -0.0000000000000000000 ) ) ;
#535 = CARTESIAN_POINT ( 'NONE',  ( 4.113807452875753300, 52.73774451017705900, 10.78409504372313600 ) ) ;
#536 = EDGE_LOOP ( 'NONE', ( #10454, #7704, #261, #2788 ) ) ;
#537 = EDGE_CURVE ( 'NONE', #698, #4604, #8071, .T. ) ;
#538 = VERTEX_POINT ( 'NONE', #3053 ) ;
#539 = CARTESIAN_POINT ( 'NONE',  ( -44.22702436849784400, -1.500000000000000000, -35.00000000000001400 ) ) ;
#540 = CARTESIAN_POINT ( 'NONE',  ( 5.400000000000005700, 50.79999999999999700, -9.400000000000003900 ) ) ;
#541 = EDGE_LOOP ( 'NONE', ( #9764, #1052, #6879, #563 ) ) ;
#542 = CYLINDRICAL_SURFACE ( 'NONE', #7314, 13.00000000000000400 ) ;
#543 = VERTEX_POINT ( 'NONE', #8366 ) ;
#544 = FILL_AREA_STYLE_COLOUR ( '', #4516 ) ;
#545 = DIRECTION ( 'NONE',  ( 0.0000000000000000000, 0.0000000000000000000, -1.000000000000000000 ) ) ;
#546 = CARTESIAN_POINT ( 'NONE',  ( -5.035403782943911100, 52.80004289087794000, -10.88355492216287100 ) ) ;
#547 =( BOUNDED_SURFACE ( )  B_SPLINE_SURFACE ( 3, 2, ( 
 ( #6757, #7581, #9247 ),
 ( #4283, #10071, #5129 ),
 ( #144, #5968, #948 ),
 ( #6796, #1785, #7624 ),
 ( #2620, #8447, #3474 ),
 ( #9284, #4319, #10109 ) ),
 .UNSPECIFIED., .F., .F., .F. ) 
 B_SPLINE_SURFACE_WITH_KNOTS ( ( 4, 2, 4 ),
 ( 3, 3 ),
 ( 2.710505431213744400E-017, 0.5066835460920076100, 1.013367092184015200 ),
 ( 0.0000000000000000000, 1.000000000000000000 ),
 .UNSPECIFIED. ) 
 GEOMETRIC_REPRESENTATION_ITEM ( )  RATIONAL_B_SPLINE_SURFACE ( (
 ( 1.000000000000000000, 0.9659258262890676500, 1.000000000000000000),
 ( 1.000000000000000000, 0.9659494097063545700, 1.000000000000000000),
 ( 1.000000000000000000, 0.9562724763529533200, 1.000000000000000000),
 ( 1.000000000000000000, 0.9184098250712025000, 1.000000000000000000),
 ( 1.000000000000000000, 0.8902220212055738100, 1.000000000000000000),
 ( 1.000000000000000000, 0.8538538922677616500, 1.000000000000000000) ) ) 
 REPRESENTATION_ITEM ( '' )  SURFACE ( )  );
#548 = ORIENTED_EDGE ( 'NONE', *, *, #7263, .F. ) ;
#549 = CARTESIAN_POINT ( 'NONE',  ( 0.1500000000000069600, 30.80000000000000400, -13.00000000000000400 ) ) ;
#550 = ORIENTED_EDGE ( 'NONE', *, *, #4893, .T. ) ;
#551 = CARTESIAN_POINT ( 'NONE',  ( -4.599999999999992500, 5.000000000000000000, -26.20000000000000300 ) ) ;
#552 = EDGE_CURVE ( 'NONE', #4914, #4552, #167, .T. ) ;
#553 = LINE ( 'NONE', #4642, #2491 ) ;
#554 = VERTEX_POINT ( 'NONE', #9635 ) ;
#555 = CARTESIAN_POINT ( 'NONE',  ( 0.1587151823453058800, 34.09088461225462700, 9.568884556363229900 ) ) ;
#556 = EDGE_LOOP ( 'NONE', ( #5637, #7706, #5995, #9237, #8666, #5469, #2229 ) ) ;
#557 = ORIENTED_EDGE ( 'NONE', *, *, #1664, .T. ) ;
#558 = CARTESIAN_POINT ( 'NONE',  ( -8.948805684721968100, 0.0000000000000000000, -25.40000000000000900 ) ) ;
#559 = CARTESIAN_POINT ( 'NONE',  ( -0.5999999999999954300, 33.80000000000000400, -12.60000000000000300 ) ) ;
#560 = ADVANCED_FACE ( 'NONE', ( #7808 ), #8848, .F. ) ;
#561 = LINE ( 'NONE', #8703, #7211 ) ;
#562 = EDGE_CURVE ( 'NONE', #2402, #6769, #5616, .T. ) ;
#563 = ORIENTED_EDGE ( 'NONE', *, *, #908, .T. ) ;
#564 = VERTEX_POINT ( 'NONE', #7148 ) ;
#565 = DIRECTION ( 'NONE',  ( -0.0000000000000000000, 1.000000000000000000, -0.0000000000000000000 ) ) ;
#566 = CARTESIAN_POINT ( 'NONE',  ( -8.948805684721973500, 52.81990284774145300, 25.40000000000000900 ) ) ;
#567 = CARTESIAN_POINT ( 'NONE',  ( -3.754700538379248900, 3.000000000000000400, 13.00000000000000200 ) ) ;
#568 = DIRECTION ( 'NONE',  ( 0.0000000000000000000, 1.000000000000000000, 0.0000000000000000000 ) ) ;
#569 = CARTESIAN_POINT ( 'NONE',  ( 13.23440534143755100, 5.000000000000000900, -12.92648677693969700 ) ) ;
#570 = CYLINDRICAL_SURFACE ( 'NONE', #7991, 3.999999999999998200 ) ;
#571 = VERTEX_POINT ( 'NONE', #5740 ) ;
#572 = EDGE_CURVE ( 'NONE', #7482, #2147, #9747, .T. ) ;
#573 = VERTEX_POINT ( 'NONE', #6318 ) ;
#574 = ORIENTED_EDGE ( 'NONE', *, *, #2749, .F. ) ;
#575 =( NAMED_UNIT ( * ) PLANE_ANGLE_UNIT ( ) SI_UNIT ( $, .RADIAN. ) );
#576 = EDGE_CURVE ( 'NONE', #10212, #4751, #1162, .T. ) ;
#577 = CARTESIAN_POINT ( 'NONE',  ( -14.39422863405996500, 3.000000000000000400, 24.73589838486222100 ) ) ;
#578 = CARTESIAN_POINT ( 'NONE',  ( -5.351995843260897200, 52.74355634447730500, -10.85901645101344000 ) ) ;
#579 = AXIS2_PLACEMENT_3D ( 'NONE', #10017, #2536, #9984 ) ;
#580 = CARTESIAN_POINT ( 'NONE',  ( -8.365641852756123600, 3.418878932851070900, -30.19312863038751300 ) ) ;
#581 = LINE ( 'NONE', #6906, #8650 ) ;
#582 = CARTESIAN_POINT ( 'NONE',  ( 0.3746794344809081200, 35.79999999999999700, -9.800000000000007800 ) ) ;
#583 = ORIENTED_EDGE ( 'NONE', *, *, #3848, .T. ) ;
#584 = EDGE_LOOP ( 'NONE', ( #827, #8477, #1674, #6196, #3527, #1708, #3136, #7557, #9838, #826, #4862, #861, #4908 ) ) ;
#585 = AXIS2_PLACEMENT_3D ( 'NONE', #5093, #7550, #111 ) ;
#586 = ORIENTED_EDGE ( 'NONE', *, *, #10475, .F. ) ;
#587 = CARTESIAN_POINT ( 'NONE',  ( -4.599999999999996100, 52.67161194992930700, 10.90000000000000400 ) ) ;
#588 = CIRCLE ( 'NONE', #5182, 1.199999999999999700 ) ;
#589 = EDGE_CURVE ( 'NONE', #6003, #324, #5370, .T. ) ;
#590 = FACE_OUTER_BOUND ( 'NONE', #2762, .T. ) ;
#591 = CARTESIAN_POINT ( 'NONE',  ( 14.06385115588275700, 3.556300405162446900, -12.68111065373099000 ) ) ;
#592 = DIRECTION ( 'NONE',  ( -0.4472135954999609300, 0.7745966692414798500, 0.4472135954999609300 ) ) ;
#593 = CARTESIAN_POINT ( 'NONE',  ( -2.599999999999996500, 5.000000000000018700, 13.00000000000000200 ) ) ;
#594 = LINE ( 'NONE', #2818, #8396 ) ;
#595 = DIRECTION ( 'NONE',  ( 0.0000000000000000000, 0.9396926207859077600, 0.3420201433256703800 ) ) ;
#596 = DIRECTION ( 'NONE',  ( -1.000000000000000000, 0.0000000000000000000, 0.0000000000000000000 ) ) ;
#597 = VERTEX_POINT ( 'NONE', #10434 ) ;
#598 = VECTOR ( 'NONE', #9255, 1000.000000000000000 ) ;
#599 = VECTOR ( 'NONE', #492, 1000.000000000000000 ) ;
#600 = VECTOR ( 'NONE', #8959, 1000.000000000000000 ) ;
#601 = AXIS2_PLACEMENT_3D ( 'NONE', #5640, #634, #1463 ) ;
#602 = ORIENTED_EDGE ( 'NONE', *, *, #8253, .F. ) ;
#603 = DIRECTION ( 'NONE',  ( 0.0000000000000000000, 0.0000000000000000000, 1.000000000000000000 ) ) ;
#604 = DIRECTION ( 'NONE',  ( -0.0000000000000000000, -1.000000000000000000, -0.0000000000000000000 ) ) ;
#605 = CARTESIAN_POINT ( 'NONE',  ( -3.599999999999993000, 0.0000000000000000000, -20.80000000000000400 ) ) ;
#606 = CARTESIAN_POINT ( 'NONE',  ( -9.799999999999993600, 30.30000000000000800, -11.00000000000000400 ) ) ;
#607 = CARTESIAN_POINT ( 'NONE',  ( -6.599999999999993400, 52.79999999999999700, -10.90000000000000400 ) ) ;
#608 = CARTESIAN_POINT ( 'NONE',  ( 3.585011497558471000, 52.65837018413705600, 10.76666666666667100 ) ) ;
#609 = DIRECTION ( 'NONE',  ( -9.035018104045872900E-016, 0.0000000000000000000, -1.000000000000000000 ) ) ;
#610 = TOROIDAL_SURFACE ( 'NONE', #2863, 0.6656854249492384400, 0.2000000000000000100 ) ;
#611 = DIRECTION ( 'NONE',  ( 1.000000000000000000, 0.0000000000000000000, 0.0000000000000000000 ) ) ;
#612 = ORIENTED_EDGE ( 'NONE', *, *, #9135, .T. ) ;
#613 = VECTOR ( 'NONE', #9794, 1000.000000000000100 ) ;
#614 = EDGE_CURVE ( 'NONE', #9174, #2992, #3197, .T. ) ;
#615 = CARTESIAN_POINT ( 'NONE',  ( -11.19999999999999900, 50.89999999999999900, 0.0000000000000000000 ) ) ;
#616 = EDGE_LOOP ( 'NONE', ( #5304, #1986, #5501, #6512, #2867, #9109 ) ) ;
#617 = ADVANCED_FACE ( 'NONE', ( #894 ), #7910, .F. ) ;
#618 = CARTESIAN_POINT ( 'NONE',  ( 11.76154595579108900, 3.761888886423173900, 19.66828321723024000 ) ) ;
#619 = B_SPLINE_CURVE_WITH_KNOTS ( 'NONE', 3,
 ( #8203, #7385, #4878, #9840, #4039, #9008, #3174, #2350, #7346, #1516, #6516, #674, #5684, #4848 ),
 .UNSPECIFIED., .F., .F.,
 ( 4, 2, 2, 2, 2, 2, 4 ),
 ( 0.0000000000000000000, 0.0004660507962319996300, 0.0009321015924639992600, 0.001398152388695998900, 0.001864203184927998500, 0.002796304777391993600, 0.003728406369855988800 ),
 .UNSPECIFIED. ) ;
#620 = VECTOR ( 'NONE', #397, 1000.000000000000000 ) ;
#621 = DIRECTION ( 'NONE',  ( 0.0000000000000000000, -1.000000000000000000, 0.0000000000000000000 ) ) ;
#622 = FACE_OUTER_BOUND ( 'NONE', #8940, .T. ) ;
#623 = CARTESIAN_POINT ( 'NONE',  ( -36.13761359919571000, -0.6751889578918632800, 33.86715210352903700 ) ) ;
#624 = CARTESIAN_POINT ( 'NONE',  ( 14.17142857142857600, 3.576326980708486800, -12.65585288492632700 ) ) ;
#625 = EDGE_CURVE ( 'NONE', #597, #9641, #7299, .T. ) ;
#626 = DIRECTION ( 'NONE',  ( -1.000000000000000000, 0.0000000000000000000, 0.0000000000000000000 ) ) ;
#627 = ADVANCED_FACE ( 'NONE', ( #9488 ), #9229, .T. ) ;
#628 = DIRECTION ( 'NONE',  ( -1.314184451497581300E-016, 0.0000000000000000000, 1.000000000000000000 ) ) ;
#629 = CARTESIAN_POINT ( 'NONE',  ( -8.599999999999999600, 3.400000000000023900, 30.20000000000000300 ) ) ;
#630 = LINE ( 'NONE', #8658, #8699 ) ;
#631 = LINE ( 'NONE', #2296, #2569 ) ;
#632 = ORIENTED_EDGE ( 'NONE', *, *, #1097, .F. ) ;
#633 = EDGE_CURVE ( 'NONE', #9024, #1106, #645, .T. ) ;
#634 = DIRECTION ( 'NONE',  ( -0.0000000000000000000, -1.000000000000000000, -0.0000000000000000000 ) ) ;
#635 = DIRECTION ( 'NONE',  ( -1.000000000000000000, -0.0000000000000000000, -0.0000000000000000000 ) ) ;
#636 = VECTOR ( 'NONE', #10335, 1000.000000000000000 ) ;
#637 = CARTESIAN_POINT ( 'NONE',  ( 0.4000000000000110100, 33.80000000000000400, 14.60000000000000100 ) ) ;
#638 = DIRECTION ( 'NONE',  ( -1.000000000000000000, 0.0000000000000000000, 0.0000000000000000000 ) ) ;
#639 = VECTOR ( 'NONE', #2312, 1000.000000000000200 ) ;
#640 = CARTESIAN_POINT ( 'NONE',  ( 5.400000000000005700, 50.79999999999999700, 9.800000000000000700 ) ) ;
#641 = EDGE_CURVE ( 'NONE', #2465, #4267, #2846, .T. ) ;
#642 = ORIENTED_EDGE ( 'NONE', *, *, #4980, .T. ) ;
#643 = EDGE_LOOP ( 'NONE', ( #5412, #2073, #7953, #644 ) ) ;
#644 = ORIENTED_EDGE ( 'NONE', *, *, #2151, .T. ) ;
#645 = LINE ( 'NONE', #9528, #3915 ) ;
#646 = CARTESIAN_POINT ( 'NONE',  ( -5.446109788177941400, 52.69377763810278000, 10.90000000000001600 ) ) ;
#647 = LINE ( 'NONE', #10376, #7037 ) ;
#648 = CARTESIAN_POINT ( 'NONE',  ( -7.965125569813498200, 0.9503889160396370400, -26.83487443018649500 ) ) ;
#649 = EDGE_CURVE ( 'NONE', #8126, #3184, #3070, .T. ) ;
#650 = CARTESIAN_POINT ( 'NONE',  ( -4.599957109158300900, 52.23540378295052700, 10.88355492213730900 ) ) ;
#651 = VERTEX_POINT ( 'NONE', #2033 ) ;
#652 = CARTESIAN_POINT ( 'NONE',  ( -34.20000000000000300, 3.400000000000023900, 30.19999999999999600 ) ) ;
#653 = EDGE_CURVE ( 'NONE', #7237, #6142, #8976, .T. ) ;
#654 = AXIS2_PLACEMENT_3D ( 'NONE', #7224, #8052, #3054 ) ;
#655 = CARTESIAN_POINT ( 'NONE',  ( -500000.0000000000600, 30.30000000000000800, 10.99999999978315800 ) ) ;
#656 = CARTESIAN_POINT ( 'NONE',  ( 3.964596217055925900, 52.80004289094730300, -10.88355492216158800 ) ) ;
#657 = CARTESIAN_POINT ( 'NONE',  ( -29.05247073620113300, 3.000000000000000400, 20.54907451495396100 ) ) ;
#658 = ORIENTED_EDGE ( 'NONE', *, *, #10024, .T. ) ;
#659 = ADVANCED_FACE ( 'NONE', ( #393 ), #7008, .T. ) ;
#660 = ORIENTED_EDGE ( 'NONE', *, *, #7921, .F. ) ;
#661 = ORIENTED_EDGE ( 'NONE', *, *, #9932, .T. ) ;
#662 = CARTESIAN_POINT ( 'NONE',  ( 3.900000000000003900, 52.29999999999999700, 10.90000000000000400 ) ) ;
#663 = PLANE ( 'NONE',  #87 ) ;
#664 = LINE ( 'NONE', #820, #3394 ) ;
#665 = ORIENTED_EDGE ( 'NONE', *, *, #6249, .F. ) ;
#666 = EDGE_CURVE ( 'NONE', #5727, #7691, #5698, .T. ) ;
#667 = DIRECTION ( 'NONE',  ( -1.000000000000000000, 0.0000000000000000000, 2.628368902995160100E-016 ) ) ;
#668 = AXIS2_PLACEMENT_3D ( 'NONE', #2905, #8733, #3755 ) ;
#669 =( BOUNDED_CURVE ( )  B_SPLINE_CURVE ( 3, ( #1446, #3080, #4824, #10608 ),
 .UNSPECIFIED., .F., .F. ) 
 B_SPLINE_CURVE_WITH_KNOTS ( ( 4, 4 ),
 ( 5.624127271353178700, 6.942243343005992900 ),
 .UNSPECIFIED. ) 
 CURVE ( )  GEOMETRIC_REPRESENTATION_ITEM ( )  RATIONAL_B_SPLINE_CURVE ( ( 1.000000000000000000, 0.8603796100280638500, 0.8603796100280638500, 1.000000000000000000 ) ) 
 REPRESENTATION_ITEM ( '' )  );
#670 = ORIENTED_EDGE ( 'NONE', *, *, #100, .T. ) ;
#671 = DIRECTION ( 'NONE',  ( 0.0000000000000000000, 0.0000000000000000000, -1.000000000000000000 ) ) ;
#672 = ORIENTED_EDGE ( 'NONE', *, *, #5570, .F. ) ;
#673 = ADVANCED_FACE ( 'NONE', ( #4575 ), #7798, .F. ) ;
#674 = CARTESIAN_POINT ( 'NONE',  ( -34.34702640190342000, -2.638414022058766400, 34.18413395070967200 ) ) ;
#675 = LINE ( 'NONE', #5991, #3143 ) ;
#676 = DIRECTION ( 'NONE',  ( -0.05233595624294717900, -0.0000000000000000000, 0.9986295347545737200 ) ) ;
#677 = CARTESIAN_POINT ( 'NONE',  ( -6.156564389871775200, -0.8711274328679159400, -33.74640802141252700 ) ) ;
#678 = VERTEX_POINT ( 'NONE', #9429 ) ;
#679 = ORIENTED_EDGE ( 'NONE', *, *, #5404, .T. ) ;
#680 = ORIENTED_EDGE ( 'NONE', *, *, #336, .F. ) ;
#681 = CARTESIAN_POINT ( 'NONE',  ( -4.706222361897208600, 52.64610978817793100, -10.90000000000001300 ) ) ;
#682 = AXIS2_PLACEMENT_3D ( 'NONE', #4202, #1629, #3019 ) ;
#683 = CARTESIAN_POINT ( 'NONE',  ( -4.599999999999995200, 52.29999999999999700, 10.90000000000000400 ) ) ;
#684 = DIRECTION ( 'NONE',  ( 0.0000000000000000000, 0.0000000000000000000, 1.000000000000000000 ) ) ;
#685 = LINE ( 'NONE', #7132, #4354 ) ;
#686 = CARTESIAN_POINT ( 'NONE',  ( -10.06410161513777800, 3.000000000000000400, 20.40577136594004400 ) ) ;
#687 = DIRECTION ( 'NONE',  ( -1.000000000000000000, 0.0000000000000000000, -3.212450881438533200E-016 ) ) ;
#688 = CARTESIAN_POINT ( 'NONE',  ( -3.769982236696492400, 5.000000000000012400, 11.00000000000000000 ) ) ;
#689 = ORIENTED_EDGE ( 'NONE', *, *, #9664, .T. ) ;
#690 = CARTESIAN_POINT ( 'NONE',  ( -3.599999999999993000, 3.400000000000023900, -19.80000000000000100 ) ) ;
#691 = ORIENTED_EDGE ( 'NONE', *, *, #6593, .T. ) ;
#692 = DIRECTION ( 'NONE',  ( -0.0000000000000000000, -0.0000000000000000000, -1.000000000000000000 ) ) ;
#693 = EDGE_LOOP ( 'NONE', ( #1151, #7626, #5285, #6723 ) ) ;
#694 = CARTESIAN_POINT ( 'NONE',  ( -1.690871211463564200, 35.17373870972728900, -11.00000000000000400 ) ) ;
#695 = EDGE_CURVE ( 'NONE', #7064, #9571, #7036, .T. ) ;
#696 = EDGE_CURVE ( 'NONE', #1161, #7727, #3892, .T. ) ;
#697 = VECTOR ( 'NONE', #8734, 1000.000000000000000 ) ;
#698 = VERTEX_POINT ( 'NONE', #6907 ) ;
#699 = ORIENTED_EDGE ( 'NONE', *, *, #17, .T. ) ;
#701 = ORIENTED_EDGE ( 'NONE', *, *, #5316, .T. ) ;
#700 = SURFACE_STYLE_USAGE ( .BOTH. , #5714 ) ;
#702 = VERTEX_POINT ( 'NONE', #2769 ) ;
#703 = DIRECTION ( 'NONE',  ( 0.0000000000000000000, 1.000000000000000000, 0.0000000000000000000 ) ) ;
#704 = CARTESIAN_POINT ( 'NONE',  ( -1.109515093523809400, 33.66817826521087700, 9.410930511574171900 ) ) ;
#705 = CARTESIAN_POINT ( 'NONE',  ( -8.941122857969549600, 5.000000000000000000, 29.61764762517409000 ) ) ;
#706 = VECTOR ( 'NONE', #10093, 1000.000000000000000 ) ;
#707 = DIRECTION ( 'NONE',  ( -0.3236155771181819000, 0.8891264907159905900, 0.3236155771181814500 ) ) ;
#708 = CIRCLE ( 'NONE', #6398, 0.4411542731880199700 ) ;
#709 = EDGE_CURVE ( 'NONE', #5013, #4097, #6775, .T. ) ;
#710 = VERTEX_POINT ( 'NONE', #248 ) ;
#711 = ORIENTED_EDGE ( 'NONE', *, *, #9489, .F. ) ;
#712 = ORIENTED_EDGE ( 'NONE', *, *, #9434, .F. ) ;
#713 = EDGE_CURVE ( 'NONE', #3315, #7190, #5092, .T. ) ;
#714 = DIRECTION ( 'NONE',  ( 1.000000000000000000, 0.0000000000000000000, 0.0000000000000000000 ) ) ;
#715 = ADVANCED_FACE ( 'NONE', ( #4300 ), #2696, .T. ) ;
#716 = DIRECTION ( 'NONE',  ( -1.000000000000000000, 0.0000000000000000000, -0.0000000000000000000 ) ) ;
#717 = DIRECTION ( 'NONE',  ( -1.000000000000000000, 3.083952846180984600E-015, 0.0000000000000000000 ) ) ;
#718 = CARTESIAN_POINT ( 'NONE',  ( -6.972880373829576200, -2.456392128390450800, -33.97662728362093500 ) ) ;
#719 = VECTOR ( 'NONE', #7096, 1000.000000000000000 ) ;
#720 = LINE ( 'NONE', #830, #9310 ) ;
#721 = CIRCLE ( 'NONE', #9083, 0.4771236166328253800 ) ;
#722 = CARTESIAN_POINT ( 'NONE',  ( -4.599957109124236600, 52.36459621705020600, -10.88355492213994000 ) ) ;
#723 = CARTESIAN_POINT ( 'NONE',  ( -8.948805684721973500, 52.81990284774145300, 34.20000000000000300 ) ) ;
#724 = LINE ( 'NONE', #8177, #221 ) ;
#725 = EDGE_LOOP ( 'NONE', ( #7425, #4537, #9123, #10019, #5712 ) ) ;
#726 = CARTESIAN_POINT ( 'NONE',  ( -0.2928063775736207100, 50.62592474535193800, -9.800000000000000700 ) ) ;
#727 = ORIENTED_EDGE ( 'NONE', *, *, #3280, .F. ) ;
#728 = EDGE_CURVE ( 'NONE', #8755, #2917, #8746, .T. ) ;
#729 = CARTESIAN_POINT ( 'NONE',  ( -30.40601912019882000, 3.400000000000024300, 30.19999999999999600 ) ) ;
#730 = LINE ( 'NONE', #1580, #8018 ) ;
#731 = ORIENTED_EDGE ( 'NONE', *, *, #8745, .T. ) ;
#732 = CARTESIAN_POINT ( 'NONE',  ( -4.045192367383852300, -2.826794919243118500, -32.70715925883816800 ) ) ;
#733 = ADVANCED_FACE ( 'NONE', ( #2337 ), #9324, .F. ) ;
#734 = ORIENTED_EDGE ( 'NONE', *, *, #7129, .F. ) ;
#735 = FACE_OUTER_BOUND ( 'NONE', #1672, .T. ) ;
#736 = CARTESIAN_POINT ( 'NONE',  ( -9.799999999999993600, 48.10000000000002300, 11.00000000000000400 ) ) ;
#737 = CARTESIAN_POINT ( 'NONE',  ( 17.51563868756142000, 52.81990284774145300, -18.23833840126219700 ) ) ;
#738 = ORIENTED_EDGE ( 'NONE', *, *, #389, .T. ) ;
#739 = EDGE_CURVE ( 'NONE', #3954, #7545, #10658, .T. ) ;
#740 = CONICAL_SURFACE ( 'NONE', #6101, 11.00000000000000400, 0.5235987755983029200 ) ;
#741 = ORIENTED_EDGE ( 'NONE', *, *, #6334, .F. ) ;
#742 = ORIENTED_EDGE ( 'NONE', *, *, #314, .F. ) ;
#743 = CYLINDRICAL_SURFACE ( 'NONE', #3950, 4.999999999999998200 ) ;
#744 = DIRECTION ( 'NONE',  ( -0.03309444466356237200, 0.0000000000000000000, 0.9994522288395830700 ) ) ;
#745 = DIRECTION ( 'NONE',  ( 0.0000000000000000000, -0.0000000000000000000, 1.000000000000000000 ) ) ;
#746 = CARTESIAN_POINT ( 'NONE',  ( -1.618341437898068100, 30.49999999998511400, 11.13480762114177800 ) ) ;
#747 = PLANE ( 'NONE',  #8749 ) ;
#748 = DIRECTION ( 'NONE',  ( 0.0000000000000000000, -1.000000000000000000, 0.0000000000000000000 ) ) ;
#749 = FACE_OUTER_BOUND ( 'NONE', #5920, .T. ) ;
#750 = FACE_OUTER_BOUND ( 'NONE', #7464, .T. ) ;
#751 = AXIS2_PLACEMENT_3D ( 'NONE', #9209, #4250, #10034 ) ;
#752 = CARTESIAN_POINT ( 'NONE',  ( 4.471796769724493400, 1.500000000000001300, -15.20192378864667200 ) ) ;
#753 = DIRECTION ( 'NONE',  ( 0.0000000000000000000, 0.0000000000000000000, -1.000000000000000000 ) ) ;
#754 = EDGE_LOOP ( 'NONE', ( #1250, #7052, #4459, #3850, #62 ) ) ;
#755 = CARTESIAN_POINT ( 'NONE',  ( -1.456282091394679900, 49.69047578855433000, -9.800000000000000700 ) ) ;
#756 = CARTESIAN_POINT ( 'NONE',  ( -9.799999999999993600, 48.10000000000002300, -11.00000000000000400 ) ) ;
#757 = VECTOR ( 'NONE', #10623, 999.9999999999998900 ) ;
#758 = CIRCLE ( 'NONE', #9978, 0.4771236166328258200 ) ;
#759 = DIRECTION ( 'NONE',  ( 1.000000000000000000, -0.0000000000000000000, -0.0000000000000000000 ) ) ;
#760 = CARTESIAN_POINT ( 'NONE',  ( 3.800000000000003800, 52.79999999999999700, 13.00000000000000200 ) ) ;
#761 = EDGE_CURVE ( 'NONE', #8510, #816, #6262, .T. ) ;
#762 = CARTESIAN_POINT ( 'NONE',  ( -4.600000000000000500, 3.400000000000023900, 30.20000000000000300 ) ) ;
#763 = EDGE_LOOP ( 'NONE', ( #6923, #8093, #2525, #5349, #4623, #7364, #9788, #9808 ) ) ;
#764 = DIRECTION ( 'NONE',  ( 4.818676322157800300E-016, 1.000000000000000000, 0.0000000000000000000 ) ) ;
#765 = CARTESIAN_POINT ( 'NONE',  ( 27.80435283436214200, -3.000000000000000000, 11.21346404308391300 ) ) ;
#766 = DIRECTION ( 'NONE',  ( 1.000000000000000000, 0.0000000000000000000, 0.0000000000000000000 ) ) ;
#767 = TOROIDAL_SURFACE ( 'NONE', #7526, 0.6656854249492388800, 0.2000000000000000100 ) ;
#768 = ADVANCED_FACE ( 'NONE', ( #4038 ), #9283, .F. ) ;
#769 = VECTOR ( 'NONE', #294, 1000.000000000000000 ) ;
#770 = ORIENTED_EDGE ( 'NONE', *, *, #5922, .T. ) ;
#771 = ORIENTED_EDGE ( 'NONE', *, *, #8745, .F. ) ;
#772 = EDGE_CURVE ( 'NONE', #3583, #9497, #8449, .T. ) ;
#773 = DIRECTION ( 'NONE',  ( 1.000000000000000000, -0.0000000000000000000, 0.0000000000000000000 ) ) ;
#774 = CARTESIAN_POINT ( 'NONE',  ( -42.50228307667197200, -2.826794919243119400, -26.16697053617943800 ) ) ;
#775 = CARTESIAN_POINT ( 'NONE',  ( -34.12741212423124900, 3.742089980426100300, -28.62987375614717300 ) ) ;
#776 = CARTESIAN_POINT ( 'NONE',  ( 3.648004156739084200, 52.74355634447731200, 10.85901645101343900 ) ) ;
#777 = CARTESIAN_POINT ( 'NONE',  ( -5.876386380200658600, -1.137563391828509300, 33.64639266795470000 ) ) ;
#778 = LINE ( 'NONE', #4433, #9105 ) ;
#779 = DIRECTION ( 'NONE',  ( -8.854317741964955000E-015, 0.0000000000000000000, -1.000000000000000000 ) ) ;
#780 = EDGE_CURVE ( 'NONE', #4582, #4677, #5999, .T. ) ;
#781 = ADVANCED_FACE ( 'NONE', ( #7931 ), #5128, .T. ) ;
#782 = LINE ( 'NONE', #175, #9108 ) ;
#783 = EDGE_LOOP ( 'NONE', ( #3937, #6311, #5848, #10398, #4740, #6477 ) ) ;
#784 = EDGE_LOOP ( 'NONE', ( #3888, #10084, #3290, #1064, #4668, #1994 ) ) ;
#785 = CARTESIAN_POINT ( 'NONE',  ( -35.19570474352801900, 3.400000000000026100, 0.1297167454537450900 ) ) ;
#786 = CARTESIAN_POINT ( 'NONE',  ( -4.599999999999997900, 3.400000000000023900, 20.80000000000000400 ) ) ;
#787 = ORIENTED_EDGE ( 'NONE', *, *, #9629, .F. ) ;
#788 = EDGE_CURVE ( 'NONE', #8030, #2147, #8194, .T. ) ;
#789 = DIRECTION ( 'NONE',  ( -0.4825742844489217500, 0.4999999999999940000, 0.7191119940514253400 ) ) ;
#790 = CARTESIAN_POINT ( 'NONE',  ( -9.799999999999993600, 50.79999999999999700, 9.400000000000002100 ) ) ;
#791 = EDGE_CURVE ( 'NONE', #6966, #334, #3764, .T. ) ;
#792 = CARTESIAN_POINT ( 'NONE',  ( -24.72471563598085400, 3.000000000000000400, -24.73589838486222400 ) ) ;
#793 = VECTOR ( 'NONE', #2884, 1000.000000000000000 ) ;
#794 = EDGE_LOOP ( 'NONE', ( #6600, #10312, #2217, #9091, #5158, #10529 ) ) ;
#795 = AXIS2_PLACEMENT_3D ( 'NONE', #1345, #9663, #7177 ) ;
#796 = DIRECTION ( 'NONE',  ( -1.000000000000000000, 0.0000000000000000000, 0.0000000000000000000 ) ) ;
#797 = ORIENTED_EDGE ( 'NONE', *, *, #2104, .F. ) ;
#799 = EDGE_LOOP ( 'NONE', ( #9999, #412, #9661, #9555, #8836, #2554 ) ) ;
#798 = CARTESIAN_POINT ( 'NONE',  ( -5.318462319423171700, 52.74321161118982100, -10.76666666666667100 ) ) ;
#800 = ORIENTED_EDGE ( 'NONE', *, *, #8639, .T. ) ;
#801 = CARTESIAN_POINT ( 'NONE',  ( 12.81764762517409100, 4.999999999999999100, 15.45887714203045200 ) ) ;
#802 = AXIS2_PLACEMENT_3D ( 'NONE', #1214, #7048, #2046 ) ;
#803 = ORIENTED_EDGE ( 'NONE', *, *, #2326, .T. ) ;
#804 =( BOUNDED_CURVE ( )  B_SPLINE_CURVE ( 3, ( #7873, #10325, #10361, #5430 ),
 .UNSPECIFIED., .F., .T. ) 
 B_SPLINE_CURVE_WITH_KNOTS ( ( 4, 4 ),
 ( 5.624127271353179600, 6.942243343005992900 ),
 .UNSPECIFIED. ) 
 CURVE ( )  GEOMETRIC_REPRESENTATION_ITEM ( )  RATIONAL_B_SPLINE_CURVE ( ( 1.000000000000000000, 0.8603796100280641800, 0.8603796100280641800, 1.000000000000000000 ) ) 
 REPRESENTATION_ITEM ( '' )  );
#805 = EDGE_LOOP ( 'NONE', ( #9420, #5385, #9833 ) ) ;
#806 = EDGE_LOOP ( 'NONE', ( #6707, #3264, #1283, #7869, #10403, #2490 ) ) ;
#807 = DIRECTION ( 'NONE',  ( -1.000000000000000000, 0.0000000000000000000, 0.0000000000000000000 ) ) ;
#808 = CARTESIAN_POINT ( 'NONE',  ( -32.63313608145963200, 3.742089980426102500, -30.07548942968420400 ) ) ;
#809 = EDGE_CURVE ( 'NONE', #814, #2308, #5745, .T. ) ;
#810 = DIRECTION ( 'NONE',  ( -0.0000000000000000000, -1.000000000000000000, -0.0000000000000000000 ) ) ;
#811 = DIRECTION ( 'NONE',  ( 0.7511055241116864100, 0.6601821655035138300, 0.0000000000000000000 ) ) ;
#812 = CIRCLE ( 'NONE', #9797, 13.00000000000000400 ) ;
#813 = EDGE_LOOP ( 'NONE', ( #3108, #9379, #8840, #7792 ) ) ;
#814 = VERTEX_POINT ( 'NONE', #5089 ) ;
#815 = ORIENTED_EDGE ( 'NONE', *, *, #1813, .T. ) ;
#816 = VERTEX_POINT ( 'NONE', #1752 ) ;
#817 = CARTESIAN_POINT ( 'NONE',  ( -5.231501903345257900, 52.78631836646667400, 10.86695313951654500 ) ) ;
#818 = ADVANCED_FACE ( 'NONE', ( #10124 ), #3228, .F. ) ;
#819 = CARTESIAN_POINT ( 'NONE',  ( -0.1109159869692850400, 34.20201361977561300, 9.399645933375216700 ) ) ;
#820 = CARTESIAN_POINT ( 'NONE',  ( -32.85261889318192600, 0.0000000000000000000, 8.548478100685333200 ) ) ;
#821 = VECTOR ( 'NONE', #759, 1000.000000000000000 ) ;
#822 = CARTESIAN_POINT ( 'NONE',  ( 23.91403747689561500, -1.476612844116240100, 2.727044974234003500 ) ) ;
#823 = EDGE_CURVE ( 'NONE', #5112, #1436, #1285, .T. ) ;
#824 = ORIENTED_EDGE ( 'NONE', *, *, #7840, .F. ) ;
#825 = AXIS2_PLACEMENT_3D ( 'NONE', #910, #5931, #108 ) ;
#826 = ORIENTED_EDGE ( 'NONE', *, *, #7167, .T. ) ;
#827 = ORIENTED_EDGE ( 'NONE', *, *, #6935, .F. ) ;
#828 = DIRECTION ( 'NONE',  ( -0.9986295347545737200, 0.0000000000000000000, 0.05233595624294756800 ) ) ;
#829 = DIRECTION ( 'NONE',  ( -0.0000000000000000000, 1.000000000000000000, -0.0000000000000000000 ) ) ;
#830 = CARTESIAN_POINT ( 'NONE',  ( -35.19999999999999600, 3.400000000000024800, -3.469446951953614200E-015 ) ) ;
#831 = CARTESIAN_POINT ( 'NONE',  ( 3.800000000000003800, 5.000000000000018700, 13.00000000000000400 ) ) ;
#832 = ADVANCED_FACE ( 'NONE', ( #1023, #5487 ), #5054, .F. ) ;
#833 = FACE_OUTER_BOUND ( 'NONE', #8640, .T. ) ;
#834 = CARTESIAN_POINT ( 'NONE',  ( -1.175632000246485700, 34.18255877671881400, 9.447076545853299500 ) ) ;
#835 = ORIENTED_EDGE ( 'NONE', *, *, #9792, .T. ) ;
#836 = ORIENTED_EDGE ( 'NONE', *, *, #6361, .T. ) ;
#837 = EDGE_CURVE ( 'NONE', #4288, #8695, #2228, .T. ) ;
#838 = ORIENTED_EDGE ( 'NONE', *, *, #9584, .F. ) ;
#839 = EDGE_CURVE ( 'NONE', #3858, #4321, #9608, .T. ) ;
#840 = FACE_OUTER_BOUND ( 'NONE', #21, .T. ) ;
#841 = LINE ( 'NONE', #4418, #6983 ) ;
#842 = CARTESIAN_POINT ( 'NONE',  ( -8.143693519319954900, 33.79999999999999700, 8.979274057836288800 ) ) ;
#843 = DIRECTION ( 'NONE',  ( 1.000000000000000000, 0.0000000000000000000, 1.548860246407864100E-016 ) ) ;
#844 = CARTESIAN_POINT ( 'NONE',  ( 7.265636464504726900, 2.999999999999999600, 12.54952468982145000 ) ) ;
#845 = DIRECTION ( 'NONE',  ( 1.000000000000000000, 0.0000000000000000000, 1.314184451497581300E-016 ) ) ;
#846 = DIRECTION ( 'NONE',  ( 1.000000000000000000, 0.0000000000000000000, 0.0000000000000000000 ) ) ;
#847 = EDGE_LOOP ( 'NONE', ( #942, #5306, #3114, #5376, #1201, #8790, #7321, #8205 ) ) ;
#848 = DIRECTION ( 'NONE',  ( 0.0000000000000000000, -0.8660254037844366000, 0.5000000000000035500 ) ) ;
#849 = DIRECTION ( 'NONE',  ( 1.000000000000000000, 0.0000000000000000000, 0.0000000000000000000 ) ) ;
#850 = VECTOR ( 'NONE', #10394, 1000.000000000000000 ) ;
#851 = EDGE_CURVE ( 'NONE', #9024, #10616, #5227, .T. ) ;
#852 = LINE ( 'NONE', #2225, #5043 ) ;
#853 = EDGE_CURVE ( 'NONE', #10384, #1400, #2741, .T. ) ;
#854 = ORIENTED_EDGE ( 'NONE', *, *, #377, .F. ) ;
#855 = CARTESIAN_POINT ( 'NONE',  ( -0.5999999999999937600, 50.79999999999999700, -11.70000000000000100 ) ) ;
#856 = CIRCLE ( 'NONE', #8661, 1.199999999999999700 ) ;
#857 = ORIENTED_EDGE ( 'NONE', *, *, #10387, .T. ) ;
#858 = FACE_OUTER_BOUND ( 'NONE', #3974, .T. ) ;
#859 = AXIS2_PLACEMENT_3D ( 'NONE', #2431, #8256, #3251 ) ;
#860 = CARTESIAN_POINT ( 'NONE',  ( -1.076642846071756100, 33.58984174649968700, 9.342864427280735700 ) ) ;
#861 = ORIENTED_EDGE ( 'NONE', *, *, #6737, .T. ) ;
#862 =( BOUNDED_CURVE ( )  B_SPLINE_CURVE ( 3, ( #6152, #10264, #8604, #1150 ),
 .UNSPECIFIED., .F., .F. ) 
 B_SPLINE_CURVE_WITH_KNOTS ( ( 4, 4 ),
 ( 2.414817599270095100, 3.868367707909492000 ),
 .UNSPECIFIED. ) 
 CURVE ( )  GEOMETRIC_REPRESENTATION_ITEM ( )  RATIONAL_B_SPLINE_CURVE ( ( 1.000000000000000000, 0.8315474279732688600, 0.8315474279732688600, 1.000000000000000000 ) ) 
 REPRESENTATION_ITEM ( '' )  );
#863 = CARTESIAN_POINT ( 'NONE',  ( -6.599999999999993400, 20.74968880069896200, -10.90000000000000400 ) ) ;
#864 = CARTESIAN_POINT ( 'NONE',  ( -3.531562100281529400, 30.30000000000000800, -11.00000000000000400 ) ) ;
#865 = DIRECTION ( 'NONE',  ( 1.000000000000000000, -0.0000000000000000000, -0.0000000000000000000 ) ) ;
#866 = DIRECTION ( 'NONE',  ( 0.0000000000000000000, 1.000000000000000000, 0.0000000000000000000 ) ) ;
#867 = LINE ( 'NONE', #10411, #5059 ) ;
#868 = LINE ( 'NONE', #4854, #3085 ) ;
#869 = ADVANCED_FACE ( 'NONE', ( #9360 ), #9930, .T. ) ;
#870 = ORIENTED_EDGE ( 'NONE', *, *, #1651, .F. ) ;
#871 = EDGE_CURVE ( 'NONE', #4709, #10555, #7162, .T. ) ;
#872 = ORIENTED_EDGE ( 'NONE', *, *, #7493, .T. ) ;
#873 = VERTEX_POINT ( 'NONE', #746 ) ;
#874 = CARTESIAN_POINT ( 'NONE',  ( -33.73576973346460800, -3.000000000000000000, 25.40000000000000200 ) ) ;
#875 = CARTESIAN_POINT ( 'NONE',  ( -10.93012701892216200, -3.000000000000000000, -28.20000000000000300 ) ) ;
#876 = CYLINDRICAL_SURFACE ( 'NONE', #3919, 1.599999999999999900 ) ;
#877 = CARTESIAN_POINT ( 'NONE',  ( 7.644023499756538200, 3.000000000000000900, 11.92456421607080200 ) ) ;
#878 = CARTESIAN_POINT ( 'NONE',  ( 0.0000000000000000000, 5.000000000000000000, 0.0000000000000000000 ) ) ;
#879 = LINE ( 'NONE', #1424, #7275 ) ;
#880 = CARTESIAN_POINT ( 'NONE',  ( 9.400000000000005700, 3.400000000000023900, -19.80000000000000100 ) ) ;
#881 = CARTESIAN_POINT ( 'NONE',  ( -0.5999999999999937600, 33.79999999999999700, -10.50000000000000000 ) ) ;
#882 = ORIENTED_EDGE ( 'NONE', *, *, #2892, .F. ) ;
#883 = ADVANCED_FACE ( 'NONE', ( #2715 ), #767, .F. ) ;
#884 = LINE ( 'NONE', #6263, #7285 ) ;
#885 = CARTESIAN_POINT ( 'NONE',  ( -0.5999999999999954300, 33.80000000000000400, -12.60000000000000300 ) ) ;
#886 = AXIS2_PLACEMENT_3D ( 'NONE', #4860, #5700, #687 ) ;
#887 = LINE ( 'NONE', #8967, #639 ) ;
#888 = CARTESIAN_POINT ( 'NONE',  ( -36.27319698593489500, -2.269273903582502200, -33.82734275687192100 ) ) ;
#889 = CARTESIAN_POINT ( 'NONE',  ( -43.66460074645779300, -2.826794919243119400, 12.88161877810437500 ) ) ;
#890 = CARTESIAN_POINT ( 'NONE',  ( -33.73576973346460800, -3.000000000000000000, 34.10000000000000900 ) ) ;
#891 = ORIENTED_EDGE ( 'NONE', *, *, #6655, .T. ) ;
#892 = ORIENTED_EDGE ( 'NONE', *, *, #8036, .F. ) ;
#893 = DIRECTION ( 'NONE',  ( -0.0000000000000000000, -1.000000000000000000, -0.0000000000000000000 ) ) ;
#894 = FACE_OUTER_BOUND ( 'NONE', #7750, .T. ) ;
#895 = LINE ( 'NONE', #9041, #5371 ) ;
#896 = CARTESIAN_POINT ( 'NONE',  ( -4.599999999999992500, -0.0000000000000000000, -30.20000000000000300 ) ) ;
#897 = CARTESIAN_POINT ( 'NONE',  ( 14.17142857142857600, 3.576326980708486800, -12.65585288492632700 ) ) ;
#898 = EDGE_CURVE ( 'NONE', #5284, #7091, #4946, .T. ) ;
#899 = DIRECTION ( 'NONE',  ( -0.9994522288395831800, 0.0000000000000000000, 0.03309444466356216400 ) ) ;
#900 = ORIENTED_EDGE ( 'NONE', *, *, #7921, .T. ) ;
#901 = DIRECTION ( 'NONE',  ( -0.0000000000000000000, -1.000000000000000000, -0.0000000000000000000 ) ) ;
#902 = ADVANCED_FACE ( 'NONE', ( #519 ), #3204, .T. ) ;
#903 = ORIENTED_EDGE ( 'NONE', *, *, #9640, .F. ) ;
#904 = LINE ( 'NONE', #3787, #5624 ) ;
#905 = CARTESIAN_POINT ( 'NONE',  ( -0.5999999999999936500, 35.17373870972728900, -9.300000000000000700 ) ) ;
#906 = CARTESIAN_POINT ( 'NONE',  ( 3.456443655523018200, 52.55199584326090400, 10.85901645101359800 ) ) ;
#907 = EDGE_LOOP ( 'NONE', ( #2979, #4743, #2882, #9897 ) ) ;
#908 = EDGE_CURVE ( 'NONE', #7944, #6522, #2455, .T. ) ;
#909 = CARTESIAN_POINT ( 'NONE',  ( 2.400000000000006100, 34.55000000000000400, -12.60000000000000300 ) ) ;
#910 = CARTESIAN_POINT ( 'NONE',  ( 12.61202537022329100, -2.826794919243119400, 10.93117914242403700 ) ) ;
#911 = VECTOR ( 'NONE', #8965, 1000.000000000000000 ) ;
#912 = EDGE_LOOP ( 'NONE', ( #9493, #6928, #5654, #6594 ) ) ;
#913 = CARTESIAN_POINT ( 'NONE',  ( -33.73576973346460800, 0.0000000000000000000, 25.40000000000000200 ) ) ;
#914 = CARTESIAN_POINT ( 'NONE',  ( -4.206355086669865400, 2.318469489342294600, 26.83487443018649500 ) ) ;
#915 = EDGE_CURVE ( 'NONE', #4512, #3, #8547, .T. ) ;
#916 = AXIS2_PLACEMENT_3D ( 'NONE', #5273, #8322, #9699 ) ;
#917 = VERTEX_POINT ( 'NONE', #6541 ) ;
#918 = ORIENTED_EDGE ( 'NONE', *, *, #2513, .T. ) ;
#919 = DIRECTION ( 'NONE',  ( -1.000000000000000000, 0.0000000000000000000, 0.0000000000000000000 ) ) ;
#920 = ADVANCED_FACE ( 'NONE', ( #8841 ), #663, .F. ) ;
#921 = VECTOR ( 'NONE', #4950, 1000.000000000000000 ) ;
#922 = CARTESIAN_POINT ( 'NONE',  ( -36.27919444370454000, -0.7334073064529447200, -33.82553757222388700 ) ) ;
#923 = DIRECTION ( 'NONE',  ( 1.224646799147353200E-016, 1.000000000000000000, -0.0000000000000000000 ) ) ;
#924 = EDGE_CURVE ( 'NONE', #6769, #8717, #6625, .T. ) ;
#925 = CARTESIAN_POINT ( 'NONE',  ( -2.599999999999989900, 33.05000000000000400, 15.00000000000000200 ) ) ;
#926 = ORIENTED_EDGE ( 'NONE', *, *, #1930, .T. ) ;
#927 = ORIENTED_EDGE ( 'NONE', *, *, #3440, .F. ) ;
#928 = CARTESIAN_POINT ( 'NONE',  ( -11.20000000000000100, 5.000000000000018700, -11.00000000000000400 ) ) ;
#929 = CARTESIAN_POINT ( 'NONE',  ( -4.881527902176419100, 52.74320301649128600, -10.76666666666667100 ) ) ;
#930 = DIRECTION ( 'NONE',  ( -0.0000000000000000000, 1.000000000000000000, -0.0000000000000000000 ) ) ;
#931 = CARTESIAN_POINT ( 'NONE',  ( 3.900000000000003900, 52.29999999999999700, 10.90000000000000400 ) ) ;
#932 = CARTESIAN_POINT ( 'NONE',  ( -43.56498127664863100, -3.000000000000000000, -12.87290320382954400 ) ) ;
#933 = CARTESIAN_POINT ( 'NONE',  ( -4.801322674888727900, 52.79999999999995500, 10.89999999999995900 ) ) ;
#934 = ADVANCED_FACE ( 'NONE', ( #8, #6638 ), #4030, .T. ) ;
#935 = DIRECTION ( 'NONE',  ( 0.0000000000000000000, -1.000000000000000000, 0.0000000000000000000 ) ) ;
#936 = ORIENTED_EDGE ( 'NONE', *, *, #7840, .T. ) ;
#937 = DIRECTION ( 'NONE',  ( 0.0000000000000000000, 0.0000000000000000000, -1.000000000000000000 ) ) ;
#938 = AXIS2_PLACEMENT_3D ( 'NONE', #10107, #5167, #174 ) ;
#939 =( BOUNDED_CURVE ( )  B_SPLINE_CURVE ( 3, ( #8006, #9905, #7180, #3820 ),
 .UNSPECIFIED., .F., .F. ) 
 B_SPLINE_CURVE_WITH_KNOTS ( ( 4, 4 ),
 ( 0.0000000000000000000, 0.05681316385834178600 ),
 .UNSPECIFIED. ) 
 CURVE ( )  GEOMETRIC_REPRESENTATION_ITEM ( )  RATIONAL_B_SPLINE_CURVE ( ( 1.000000000000000000, 0.9997310401211670900, 0.9997310401211670900, 1.000000000000000000 ) ) 
 REPRESENTATION_ITEM ( '' )  );
#940 = EDGE_LOOP ( 'NONE', ( #7887, #7850, #4965, #7302 ) ) ;
#941 = CARTESIAN_POINT ( 'NONE',  ( -1.005126916219040600, 29.31579402454123000, 11.64758385016578900 ) ) ;
#942 = ORIENTED_EDGE ( 'NONE', *, *, #898, .T. ) ;
#943 = VECTOR ( 'NONE', #2719, 1000.000000000000000 ) ;
#944 = ORIENTED_EDGE ( 'NONE', *, *, #7153, .F. ) ;
#945 = CARTESIAN_POINT ( 'NONE',  ( 0.5313708498984812700, 50.79999999999999700, -10.90000000000000400 ) ) ;
#946 = ORIENTED_EDGE ( 'NONE', *, *, #7430, .T. ) ;
#947 = ORIENTED_EDGE ( 'NONE', *, *, #7956, .F. ) ;
#948 = CARTESIAN_POINT ( 'NONE',  ( -0.05983077837366766000, 29.11579402454134100, 11.68370163870703300 ) ) ;
#949 = PLANE ( 'NONE',  #1949 ) ;
#950 = DIRECTION ( 'NONE',  ( 0.0000000000000000000, 1.000000000000000000, 0.0000000000000000000 ) ) ;
#951 = AXIS2_PLACEMENT_3D ( 'NONE', #6504, #1505, #7337 ) ;
#952 = LINE ( 'NONE', #10317, #7349 ) ;
#953 = ADVANCED_FACE ( 'NONE', ( #6383 ), #1465, .F. ) ;
#954 = ORIENTED_EDGE ( 'NONE', *, *, #2842, .T. ) ;
#955 = ORIENTED_EDGE ( 'NONE', *, *, #10410, .T. ) ;
#956 = ORIENTED_EDGE ( 'NONE', *, *, #5757, .T. ) ;
#957 = ORIENTED_EDGE ( 'NONE', *, *, #6270, .F. ) ;
#958 = CARTESIAN_POINT ( 'NONE',  ( -5.099999999999995200, 52.79999999999999700, -10.90000000000000400 ) ) ;
#959 = CARTESIAN_POINT ( 'NONE',  ( -5.765685424949234400, 52.29999999999999700, -10.90000000000000400 ) ) ;
#960 = DIRECTION ( 'NONE',  ( 1.807003620809174600E-015, 0.0000000000000000000, 1.000000000000000000 ) ) ;
#961 = CARTESIAN_POINT ( 'NONE',  ( -34.19999999999999600, 5.000000000000000000, -30.20000000000000300 ) ) ;
#962 = FACE_OUTER_BOUND ( 'NONE', #6931, .T. ) ;
#963 = CARTESIAN_POINT ( 'NONE',  ( 0.8552189129072616000, 30.57071111077473100, 10.84370486732159800 ) ) ;
#964 = DIRECTION ( 'NONE',  ( -0.03309444466356238600, 0.0000000000000000000, 0.9994522288395830700 ) ) ;
#965 = EDGE_CURVE ( 'NONE', #9305, #6933, #2189, .T. ) ;
#966 = PLANE ( 'NONE',  #1479 ) ;
#967 = LINE ( 'NONE', #9606, #7362 ) ;
#968 = ORIENTED_EDGE ( 'NONE', *, *, #7553, .T. ) ;
#969 = ORIENTED_EDGE ( 'NONE', *, *, #8197, .F. ) ;
#970 = ORIENTED_EDGE ( 'NONE', *, *, #8986, .F. ) ;
#971 = ORIENTED_EDGE ( 'NONE', *, *, #8752, .T. ) ;
#972 = DIRECTION ( 'NONE',  ( 0.0000000000000000000, -0.0000000000000000000, 1.000000000000000000 ) ) ;
#973 = CARTESIAN_POINT ( 'NONE',  ( 13.39312863038750800, 3.418878932851069100, 16.03435814724387100 ) ) ;
#974 = VECTOR ( 'NONE', #9587, 1000.000000000000100 ) ;
#975 = CIRCLE ( 'NONE', #2563, 1.600000000000000800 ) ;
#976 = DIRECTION ( 'NONE',  ( 0.0000000000000000000, -0.0000000000000000000, -1.000000000000000000 ) ) ;
#977 = CONICAL_SURFACE ( 'NONE', #4087, 0.04115427318801198600, 0.5235987755983027000 ) ;
#978 = CARTESIAN_POINT ( 'NONE',  ( 5.400000000000005700, 50.79999999999999700, 10.90000000000000400 ) ) ;
#979 = LINE ( 'NONE', #7248, #10078 ) ;
#980 = EDGE_CURVE ( 'NONE', #2885, #2678, #4169, .T. ) ;
#981 = ADVANCED_FACE ( 'NONE', ( #8571 ), #8098, .T. ) ;
#982 = ORIENTED_EDGE ( 'NONE', *, *, #5969, .F. ) ;
#983 = EDGE_CURVE ( 'NONE', #140, #2465, #10524, .T. ) ;
#984 = EDGE_LOOP ( 'NONE', ( #10198, #8092, #3230, #3477 ) ) ;
#985 = CARTESIAN_POINT ( 'NONE',  ( 9.058877142030455700, 5.000000000000000900, -19.21764762517409500 ) ) ;
#986 = DIRECTION ( 'NONE',  ( -1.000000000000000000, 0.0000000000000000000, -0.0000000000000000000 ) ) ;
#987 = VECTOR ( 'NONE', #993, 1000.000000000000000 ) ;
#988 = CARTESIAN_POINT ( 'NONE',  ( 3.800000000000003800, 27.52871870788983700, 12.60000000000000100 ) ) ;
#989 = PLANE ( 'NONE',  #4688 ) ;
#990 = ORIENTED_EDGE ( 'NONE', *, *, #713, .F. ) ;
#991 = DIRECTION ( 'NONE',  ( -0.0000000000000000000, -1.000000000000000000, -0.0000000000000000000 ) ) ;
#992 = CARTESIAN_POINT ( 'NONE',  ( -10.06410161513777100, 3.000000000000000400, 0.0000000000000000000 ) ) ;
#993 = DIRECTION ( 'NONE',  ( 0.0000000000000000000, 0.0000000000000000000, 1.000000000000000000 ) ) ;
#994 = ADVANCED_FACE ( 'NONE', ( #8315 ), #10252, .T. ) ;
#995 = EDGE_CURVE ( 'NONE', #5405, #6837, #6128, .T. ) ;
#996 = FACE_OUTER_BOUND ( 'NONE', #2313, .T. ) ;
#997 = ORIENTED_EDGE ( 'NONE', *, *, #8652, .T. ) ;
#998 = CIRCLE ( 'NONE', #3366, 8.799999999999998900 ) ;
#999 = EDGE_CURVE ( 'NONE', #469, #702, #2411, .T. ) ;
#1000 = AXIS2_PLACEMENT_3D ( 'NONE', #165, #5989, #976 ) ;
#1001 = DIRECTION ( 'NONE',  ( -0.0000000000000000000, 1.000000000000000000, -0.0000000000000000000 ) ) ;
#1002 = DIRECTION ( 'NONE',  ( 1.000000000000000000, -0.0000000000000000000, -0.0000000000000000000 ) ) ;
#1003 =( BOUNDED_CURVE ( )  B_SPLINE_CURVE ( 3, ( #9981, #9151, #4191, #5030 ),
 .UNSPECIFIED., .F., .F. ) 
 B_SPLINE_CURVE_WITH_KNOTS ( ( 4, 4 ),
 ( 6.224562198101836900, 6.283185307179586200 ),
 .UNSPECIFIED. ) 
 CURVE ( )  GEOMETRIC_REPRESENTATION_ITEM ( )  RATIONAL_B_SPLINE_CURVE ( ( 1.000000000000000000, 0.9997136314275932900, 0.9997136314275932900, 1.000000000000000000 ) ) 
 REPRESENTATION_ITEM ( '' )  );
#1004 = CARTESIAN_POINT ( 'NONE',  ( 0.5287382507898879000, 32.95943467452720200, 10.06984116759116300 ) ) ;
#1005 = AXIS2_PLACEMENT_3D ( 'NONE', #6553, #1549, #7387 ) ;
#1006 = LINE ( 'NONE', #2495, #7140 ) ;
#1007 = CIRCLE ( 'NONE', #10118, 0.4771236166328258200 ) ;
#1008 = CARTESIAN_POINT ( 'NONE',  ( -9.358845726811972900, 50.10717967697243600, -9.400000000000002100 ) ) ;
#1009 = DIRECTION ( 'NONE',  ( 0.0000000000000000000, -1.000000000000000000, 0.0000000000000000000 ) ) ;
#1010 = DIRECTION ( 'NONE',  ( 0.08715574274766232900, 0.0000000000000000000, 0.9961946980917452100 ) ) ;
#1011 = ORIENTED_EDGE ( 'NONE', *, *, #9150, .F. ) ;
#1012 = CARTESIAN_POINT ( 'NONE',  ( 0.1500000000000043500, 36.80000000000000400, -12.60000000000000300 ) ) ;
#1013 = DIRECTION ( 'NONE',  ( 0.0000000000000000000, 0.0000000000000000000, -1.000000000000000000 ) ) ;
#1014 =( BOUNDED_SURFACE ( )  B_SPLINE_SURFACE ( 3, 2, ( 
 ( #9111, #646, #4947 ),
 ( #9079, #3242, #9903 ),
 ( #4114, #43, #10745 ),
 ( #7452, #817, #4822 ),
 ( #6620, #3441, #8420 ),
 ( #10079, #4292, #151 ) ),
 .UNSPECIFIED., .F., .F., .T. ) 
 B_SPLINE_SURFACE_WITH_KNOTS ( ( 4, 2, 4 ),
 ( 3, 3 ),
 ( 0.0003790122493140920200, 0.0006499964602234172300, 0.0009209806711327423200 ),
 ( 0.0000000000000000000, 1.000000000000000000 ),
 .UNSPECIFIED. ) 
 GEOMETRIC_REPRESENTATION_ITEM ( )  RATIONAL_B_SPLINE_SURFACE ( (
 ( 1.000000000000000000, 0.8164965809277029400, 1.000000000000000000),
 ( 1.000000000000000000, 0.8810678731622785300, 1.000000000000000000),
 ( 1.000000000000000000, 0.9263207691517790800, 1.000000000000000000),
 ( 1.000000000000000000, 0.9855849900692003100, 1.000000000000000000),
 ( 1.000000000000000000, 0.9999584033010514600, 1.000000000000000000),
 ( 1.000000000000000000, 1.000000000000000000, 1.000000000000000000) ) ) 
 REPRESENTATION_ITEM ( '' )  SURFACE ( )  );
#1015 = LINE ( 'NONE', #7222, #4940 ) ;
#1016 = FACE_OUTER_BOUND ( 'NONE', #10344, .T. ) ;
#1017 = EDGE_CURVE ( 'NONE', #4646, #4724, #1669, .T. ) ;
#1018 = AXIS2_PLACEMENT_3D ( 'NONE', #6027, #1013, #1842 ) ;
#1019 = CARTESIAN_POINT ( 'NONE',  ( 3.456796983508724000, 52.51847209782357600, -10.76666666666666900 ) ) ;
#1020 = CARTESIAN_POINT ( 'NONE',  ( -11.19999999999999900, 50.79999999999999700, -11.30000000000000200 ) ) ;
#1021 = CARTESIAN_POINT ( 'NONE',  ( -0.9934210261435796300, 34.20134035667395300, 9.361960115918345000 ) ) ;
#1022 = CARTESIAN_POINT ( 'NONE',  ( 5.400000000000005700, 20.74968880069896200, -9.800000000000002500 ) ) ;
#1023 = FACE_BOUND ( 'NONE', #4990, .T. ) ;
#1024 = CARTESIAN_POINT ( 'NONE',  ( 13.26828321723023800, 3.761888886423176100, -18.16154595579109100 ) ) ;
#1025 = LINE ( 'NONE', #8754, #5229 ) ;
#1026 = ORIENTED_EDGE ( 'NONE', *, *, #5491, .T. ) ;
#1027 = EDGE_LOOP ( 'NONE', ( #10054, #3811, #2880, #287, #5675 ) ) ;
#1028 = AXIS2_PLACEMENT_3D ( 'NONE', #6252, #4581, #1238 ) ;
#1029 = CARTESIAN_POINT ( 'NONE',  ( 5.800000000000005200, 50.10717967697243600, 9.841154273188022800 ) ) ;
#1030 = ADVANCED_FACE ( 'NONE', ( #9094, #8061 ), #5539, .F. ) ;
#1031 = CARTESIAN_POINT ( 'NONE',  ( 5.800000000000005200, 48.10000000000002300, 11.00000000000000200 ) ) ;
#1032 = CARTESIAN_POINT ( 'NONE',  ( 13.40000000000000000, 3.400000000000023900, 15.80000000000000400 ) ) ;
#1033 = CARTESIAN_POINT ( 'NONE',  ( 3.462255489823054900, 52.08619254712396400, -10.78409504372310900 ) ) ;
#1034 = CARTESIAN_POINT ( 'NONE',  ( 12.61202537022329500, 0.0000000000000000000, -10.93117914242403400 ) ) ;
#1035 = EDGE_LOOP ( 'NONE', ( #5918, #5255, #2340, #5558 ) ) ;
#1036 = VERTEX_POINT ( 'NONE', #2190 ) ;
#1037 = CARTESIAN_POINT ( 'NONE',  ( -1.367509333661983200, 33.79999999999999700, 8.979274057836304800 ) ) ;
#1038 = LINE ( 'NONE', #909, #3240 ) ;
#1039 = ORIENTED_EDGE ( 'NONE', *, *, #537, .F. ) ;
#1040 = EDGE_CURVE ( 'NONE', #3332, #3032, #3638, .T. ) ;
#1041 = CARTESIAN_POINT ( 'NONE',  ( 9.400000000000000400, 3.400000000000023900, 19.80000000000000100 ) ) ;
#1042 = CARTESIAN_POINT ( 'NONE',  ( -35.19716275768892200, 3.400249447218809600, -0.08294131588541225900 ) ) ;
#1044 = VERTEX_POINT ( 'NONE', #503 ) ;
#1043 = CARTESIAN_POINT ( 'NONE',  ( -45.06175324714763500, -3.000000000000000000, -4.235278704280369200 ) ) ;
#1045 = ORIENTED_EDGE ( 'NONE', *, *, #1198, .F. ) ;
#1046 = EDGE_CURVE ( 'NONE', #8651, #5787, #5863, .T. ) ;
#1047 = ADVANCED_FACE ( 'NONE', ( #5606 ), #8786, .T. ) ;
#1048 = CARTESIAN_POINT ( 'NONE',  ( -5.099999999999995200, 52.29999999999999700, -10.70000000000000300 ) ) ;
#1049 = DIRECTION ( 'NONE',  ( -0.0000000000000000000, -0.0000000000000000000, -1.000000000000000000 ) ) ;
#1050 = DIRECTION ( 'NONE',  ( 1.000000000000000000, 0.0000000000000000000, 0.0000000000000000000 ) ) ;
#1051 = VECTOR ( 'NONE', #1070, 1000.000000000000000 ) ;
#1052 = ORIENTED_EDGE ( 'NONE', *, *, #7350, .F. ) ;
#1053 = ORIENTED_EDGE ( 'NONE', *, *, #389, .F. ) ;
#1054 = ORIENTED_EDGE ( 'NONE', *, *, #2872, .F. ) ;
#1055 = PLANE ( 'NONE',  #7033 ) ;
#1056 = EDGE_CURVE ( 'NONE', #4186, #6300, #2557, .T. ) ;
#1057 = DIRECTION ( 'NONE',  ( 1.000000000000000000, 0.0000000000000000000, -0.0000000000000000000 ) ) ;
#1058 = CARTESIAN_POINT ( 'NONE',  ( -9.799999999999993600, 48.10000000000002300, -11.00000000000000400 ) ) ;
#1059 = CARTESIAN_POINT ( 'NONE',  ( -6.599999999999993400, 20.74968880069896200, 10.90000000000000400 ) ) ;
#1060 = CARTESIAN_POINT ( 'NONE',  ( -1.415047622299090600, 34.00000000000020600, 9.619263164512471300 ) ) ;
#1061 = PLANE ( 'NONE',  #7284 ) ;
#1062 = EDGE_CURVE ( 'NONE', #10049, #2517, #9735, .T. ) ;
#1063 = VECTOR ( 'NONE', #2018, 1000.000000000000000 ) ;
#1064 = ORIENTED_EDGE ( 'NONE', *, *, #5316, .F. ) ;
#1065 = EDGE_LOOP ( 'NONE', ( #9800, #9642, #3211, #9691, #7345, #3145 ) ) ;
#1066 = ORIENTED_EDGE ( 'NONE', *, *, #6107, .T. ) ;
#1067 = AXIS2_PLACEMENT_3D ( 'NONE', #2028, #7864, #2870 ) ;
#1068 = CARTESIAN_POINT ( 'NONE',  ( 9.400000000000005700, 5.000000000000000000, -15.80000000000000100 ) ) ;
#1069 = DIRECTION ( 'NONE',  ( -0.0000000000000000000, 0.0000000000000000000, 1.000000000000000000 ) ) ;
#1070 = DIRECTION ( 'NONE',  ( -0.0000000000000000000, -1.000000000000000000, -0.0000000000000000000 ) ) ;
#1071 = CARTESIAN_POINT ( 'NONE',  ( -2.599999999999996500, 5.000000000000018700, 13.00000000000000200 ) ) ;
#1072 = FACE_OUTER_BOUND ( 'NONE', #311, .T. ) ;
#1073 = EDGE_CURVE ( 'NONE', #8066, #5758, #1419, .T. ) ;
#1074 = CARTESIAN_POINT ( 'NONE',  ( -0.5999999999999936500, 50.79999999999999700, -9.300000000000000700 ) ) ;
#1075 = ORIENTED_EDGE ( 'NONE', *, *, #7065, .T. ) ;
#1076 = VERTEX_POINT ( 'NONE', #7085 ) ;
#1077 = ORIENTED_EDGE ( 'NONE', *, *, #9039, .T. ) ;
#1078 = PLANE ( 'NONE',  #5705 ) ;
#1079 = EDGE_CURVE ( 'NONE', #10160, #5098, #7538, .T. ) ;
#1080 = DIRECTION ( 'NONE',  ( 0.0000000000000000000, -0.0000000000000000000, -1.000000000000000000 ) ) ;
#1081 = CARTESIAN_POINT ( 'NONE',  ( 8.600000000000005000, 33.79999999999999700, -9.400000000000002100 ) ) ;
#1082 = CARTESIAN_POINT ( 'NONE',  ( 0.4589247982276449800, 29.46960408346910800, 11.47942930594308700 ) ) ;
#1083 = LINE ( 'NONE', #8217, #821 ) ;
#1084 = CARTESIAN_POINT ( 'NONE',  ( 0.4908712114635766000, 50.79999999999999700, -11.00000000000000400 ) ) ;
#1085 = EDGE_LOOP ( 'NONE', ( #7396, #10258, #6442, #5076, #4768, #3023, #3173, #6883, #4853, #5536, #8689, #8851, #10279, #5702, #642, #2775, #6724, #6045, #1344, #5946, #8950, #1448, #6057, #4948, #8345, #6676, #1512, #872, #3286, #8416, #8743, #2118, #89, #2173, #4474, #445, #1530, #8068, #9390, #3731, #3516, #1857 ) ) ;
#1086 = ORIENTED_EDGE ( 'NONE', *, *, #7335, .T. ) ;
#1087 = ORIENTED_EDGE ( 'NONE', *, *, #6290, .F. ) ;
#1088 = PLANE ( 'NONE',  #10754 ) ;
#1089 = CARTESIAN_POINT ( 'NONE',  ( 3.400000000000005200, 36.79999999999999700, -9.800000000000002500 ) ) ;
#1090 = LINE ( 'NONE', #5927, #3040 ) ;
#1091 = CARTESIAN_POINT ( 'NONE',  ( 17.45991580895531200, -3.000000000000000000, -18.15530250059358500 ) ) ;
#1092 = DIRECTION ( 'NONE',  ( 4.818676322157793400E-016, 1.000000000000000000, -0.0000000000000000000 ) ) ;
#1093 = ORIENTED_EDGE ( 'NONE', *, *, #1017, .F. ) ;
#1094 = CARTESIAN_POINT ( 'NONE',  ( 1.079420770476018400, 33.33316034911976500, -9.248804055940386300 ) ) ;
#1095 = EDGE_LOOP ( 'NONE', ( #3875, #4484, #4985, #3836 ) ) ;
#1096 = CARTESIAN_POINT ( 'NONE',  ( 5.400000000000005700, 50.89999999999999900, -9.800000000000002500 ) ) ;
#1097 = EDGE_CURVE ( 'NONE', #7814, #5185, #884, .T. ) ;
#1098 = ORIENTED_EDGE ( 'NONE', *, *, #9412, .F. ) ;
#1099 = DIRECTION ( 'NONE',  ( 0.0000000000000000000, -1.000000000000000000, -2.503857664561900200E-015 ) ) ;
#1100 = AXIS2_PLACEMENT_3D ( 'NONE', #383, #6215, #1200 ) ;
#1101 = LINE ( 'NONE', #10303, #3048 ) ;
#1102 = ADVANCED_FACE ( 'NONE', ( #9478 ), #4826, .F. ) ;
#1103 = ORIENTED_EDGE ( 'NONE', *, *, #1799, .T. ) ;
#1104 = FACE_OUTER_BOUND ( 'NONE', #6322, .T. ) ;
#1105 = LINE ( 'NONE', #4329, #8014 ) ;
#1106 = VERTEX_POINT ( 'NONE', #6228 ) ;
#1107 = PLANE ( 'NONE',  #5485 ) ;
#1108 = DIRECTION ( 'NONE',  ( -0.0000000000000000000, -0.0000000000000000000, -1.000000000000000000 ) ) ;
#1110 = ORIENTED_EDGE ( 'NONE', *, *, #4648, .F. ) ;
#1109 = CARTESIAN_POINT ( 'NONE',  ( 3.400000000000004800, 52.19133800584299400, -10.83360921628982100 ) ) ;
#1111 = DIRECTION ( 'NONE',  ( 0.0000000000000000000, -1.000000000000000000, 0.0000000000000000000 ) ) ;
#1112 = DIRECTION ( 'NONE',  ( -0.8660254037844362700, -0.5000000000000042200, 0.0000000000000000000 ) ) ;
#1113 = VECTOR ( 'NONE', #9219, 1000.000000000000000 ) ;
#1114 = DIRECTION ( 'NONE',  ( 0.0000000000000000000, 0.5000000000000051100, 0.8660254037844357100 ) ) ;
#1115 = EDGE_CURVE ( 'NONE', #6286, #4988, #9217, .T. ) ;
#1116 = LINE ( 'NONE', #7908, #3599 ) ;
#1117 = LINE ( 'NONE', #8888, #9698 ) ;
#1118 = AXIS2_PLACEMENT_3D ( 'NONE', #2644, #5199, #7649 ) ;
#1119 = CARTESIAN_POINT ( 'NONE',  ( -1.367509333656546300, 33.79999999999999700, 8.979274057836304800 ) ) ;
#1120 = CARTESIAN_POINT ( 'NONE',  ( -4.656443655522966900, 52.04800415673909700, -10.85901645101360200 ) ) ;
#1121 = CARTESIAN_POINT ( 'NONE',  ( 3.541629815862949600, 52.61498850244153400, 10.76666666666667100 ) ) ;
#1122 = CARTESIAN_POINT ( 'NONE',  ( 5.800000000000004300, 52.79999999999999700, 13.00000000000000200 ) ) ;
#1123 = CARTESIAN_POINT ( 'NONE',  ( 0.4908712114635766000, 36.79999999999999700, -11.00000000000000400 ) ) ;
#1124 = DIRECTION ( 'NONE',  ( -0.4472135954999609800, 0.7745966692414798500, -0.4472135954999609300 ) ) ;
#1125 = FACE_OUTER_BOUND ( 'NONE', #8263, .T. ) ;
#1126 = EDGE_CURVE ( 'NONE', #1515, #7279, #5080, .T. ) ;
#1127 = CYLINDRICAL_SURFACE ( 'NONE', #2600, 1.399999999999998600 ) ;
#1128 = ORIENTED_EDGE ( 'NONE', *, *, #5626, .F. ) ;
#1129 = VERTEX_POINT ( 'NONE', #2847 ) ;
#1130 = EDGE_CURVE ( 'NONE', #538, #6220, #3268, .T. ) ;
#1131 = ORIENTED_EDGE ( 'NONE', *, *, #1458, .F. ) ;
#1132 = AXIS2_PLACEMENT_3D ( 'NONE', #2970, #4298, #9303 ) ;
#1133 = CARTESIAN_POINT ( 'NONE',  ( 1.604617092752004900, 3.966100874945184300, 8.004617092752008400 ) ) ;
#1134 = CARTESIAN_POINT ( 'NONE',  ( -11.20000000000000100, 51.19999999999999600, -13.00000000000000400 ) ) ;
#1135 = CARTESIAN_POINT ( 'NONE',  ( -11.19999999999999900, 50.79999999999999700, -9.841154273188021100 ) ) ;
#1136 = VECTOR ( 'NONE', #7051, 1000.000000000000000 ) ;
#1137 = CARTESIAN_POINT ( 'NONE',  ( -8.143693519319954900, 33.79999999999999700, 8.979274057836288800 ) ) ;
#1138 = CARTESIAN_POINT ( 'NONE',  ( -3.619543835050106100, 3.400000000000022600, -19.80000000000000100 ) ) ;
#1139 = FACE_OUTER_BOUND ( 'NONE', #3436, .T. ) ;
#1140 = DIRECTION ( 'NONE',  ( 0.0000000000000000000, 0.0000000000000000000, -1.000000000000000000 ) ) ;
#1141 = ORIENTED_EDGE ( 'NONE', *, *, #6785, .F. ) ;
#1142 = ORIENTED_EDGE ( 'NONE', *, *, #8952, .T. ) ;
#1143 = EDGE_CURVE ( 'NONE', #1293, #2376, #5362, .T. ) ;
#1144 =( BOUNDED_CURVE ( )  B_SPLINE_CURVE ( 3, ( #5997, #9280, #3471, #988 ),
 .UNSPECIFIED., .F., .T. ) 
 B_SPLINE_CURVE_WITH_KNOTS ( ( 4, 4 ),
 ( 3.141595450422655300, 4.712388980384689700 ),
 .UNSPECIFIED. ) 
 CURVE ( )  GEOMETRIC_REPRESENTATION_ITEM ( )  RATIONAL_B_SPLINE_CURVE ( ( 1.000000000000000000, 0.8047385133437317000, 0.8047385133437317000, 1.000000000000000000 ) ) 
 REPRESENTATION_ITEM ( '' )  );
#1145 = VECTOR ( 'NONE', #199, 1000.000000000000000 ) ;
#1146 = AXIS2_PLACEMENT_3D ( 'NONE', #9225, #7595, #1769 ) ;
#1147 = LINE ( 'NONE', #8885, #7529 ) ;
#1148 = DIRECTION ( 'NONE',  ( -1.000000000000000000, 0.0000000000000000000, 0.0000000000000000000 ) ) ;
#1149 = CARTESIAN_POINT ( 'NONE',  ( -0.3603999832739907500, 34.01991768441991600, -8.827731004079872400 ) ) ;
#1150 = CARTESIAN_POINT ( 'NONE',  ( -8.365641852756123600, 3.418878932851070900, -30.19312863038751300 ) ) ;
#1151 = ORIENTED_EDGE ( 'NONE', *, *, #5193, .F. ) ;
#1152 = CARTESIAN_POINT ( 'NONE',  ( -4.741629815862938600, 52.61498850244153400, -10.76666666666666900 ) ) ;
#1153 = ORIENTED_EDGE ( 'NONE', *, *, #7356, .T. ) ;
#1154 = VECTOR ( 'NONE', #9718, 1000.000000000000000 ) ;
#1155 = CARTESIAN_POINT ( 'NONE',  ( -0.9926501239349090300, 34.20069793222130300, 9.364933891260736900 ) ) ;
#1156 = ORIENTED_EDGE ( 'NONE', *, *, #6580, .F. ) ;
#1157 = ADVANCED_FACE ( 'NONE', ( #6765 ), #6505, .T. ) ;
#1158 = ORIENTED_EDGE ( 'NONE', *, *, #2451, .F. ) ;
#1159 = ORIENTED_EDGE ( 'NONE', *, *, #10402, .F. ) ;
#1160 = PLANE ( 'NONE',  #6617 ) ;
#1161 = VERTEX_POINT ( 'NONE', #6988 ) ;
#1162 = CIRCLE ( 'NONE', #7392, 9.841154273188022800 ) ;
#1163 = VECTOR ( 'NONE', #707, 999.9999999999998900 ) ;
#1164 = CARTESIAN_POINT ( 'NONE',  ( -3.599999999999999200, 34.54999999999999700, -13.00000000000000400 ) ) ;
#1165 = DIRECTION ( 'NONE',  ( 0.0000000000000000000, 0.0000000000000000000, 1.000000000000000000 ) ) ;
#1166 = DIRECTION ( 'NONE',  ( -0.4354491588380096600, -0.7796076080634726200, -0.4501066623777311100 ) ) ;
#1167 = DIRECTION ( 'NONE',  ( 0.3236155771181816700, -0.8891264907159905900, 0.3236155771181814500 ) ) ;
#1168 = EDGE_LOOP ( 'NONE', ( #7739, #5476, #3998, #296, #8856, #2043 ) ) ;
#1169 = PLANE ( 'NONE',  #6453 ) ;
#1170 = CARTESIAN_POINT ( 'NONE',  ( -0.5259120469948370700, 50.79999999999999700, 9.800000000000007800 ) ) ;
#1171 = CARTESIAN_POINT ( 'NONE',  ( -8.948805684721973500, -2.826794919243119400, 34.20000000000000300 ) ) ;
#1172 = FACE_OUTER_BOUND ( 'NONE', #1300, .T. ) ;
#1173 = EDGE_CURVE ( 'NONE', #2881, #1406, #1275, .T. ) ;
#1174 = ORIENTED_EDGE ( 'NONE', *, *, #5747, .T. ) ;
#1175 = LINE ( 'NONE', #3162, #911 ) ;
#1176 = VERTEX_POINT ( 'NONE', #3633 ) ;
#1177 = CARTESIAN_POINT ( 'NONE',  ( 14.17142857142857600, 3.576326980708486800, -12.65585288492632700 ) ) ;
#1178 = CARTESIAN_POINT ( 'NONE',  ( -8.337647362325252900, -2.638395834162958300, 34.18411519509347600 ) ) ;
#1179 = CARTESIAN_POINT ( 'NONE',  ( -10.06410161513777100, 3.000000000000000400, -20.40577136594004100 ) ) ;
#1180 = DIRECTION ( 'NONE',  ( -1.000000000000000000, 0.0000000000000000000, 0.0000000000000000000 ) ) ;
#1181 = VERTEX_POINT ( 'NONE', #8603 ) ;
#1182 = DIRECTION ( 'NONE',  ( -1.000000000000000000, 0.0000000000000000000, -3.212450881438533200E-016 ) ) ;
#1183 = VERTEX_POINT ( 'NONE', #2781 ) ;
#1184 = ORIENTED_EDGE ( 'NONE', *, *, #6821, .T. ) ;
#1185 = DIRECTION ( 'NONE',  ( 9.293161478447181700E-017, -1.000000000000000000, 1.439380837741577400E-032 ) ) ;
#1186 = STYLED_ITEM ( 'NONE', ( #1486 ), #4330 ) ;
#1187 = EDGE_CURVE ( 'NONE', #13, #10764, #133, .T. ) ;
#1188 = FACE_OUTER_BOUND ( 'NONE', #2680, .T. ) ;
#1189 = CARTESIAN_POINT ( 'NONE',  ( -0.3333235031995116500, 33.79999999999999700, 8.979274057836304800 ) ) ;
#1190 = CARTESIAN_POINT ( 'NONE',  ( 24.14187696106416300, -3.000000000000000000, 1.109053650640950300 ) ) ;
#1191 = EDGE_CURVE ( 'NONE', #6893, #8519, #7555, .T. ) ;
#1192 = CARTESIAN_POINT ( 'NONE',  ( -500000.0000000000600, 35.79999999999999700, 11.00000000000000200 ) ) ;
#1193 = VERTEX_POINT ( 'NONE', #2674 ) ;
#1194 = EDGE_LOOP ( 'NONE', ( #5097, #419, #423, #6804 ) ) ;
#1195 = LINE ( 'NONE', #7536, #5401 ) ;
#1196 = PLANE ( 'NONE',  #6488 ) ;
#1197 = CARTESIAN_POINT ( 'NONE',  ( 3.721063572389477200, 3.000000000000000400, 14.33589838486222600 ) ) ;
#1198 = EDGE_CURVE ( 'NONE', #5814, #10706, #8707, .T. ) ;
#1199 = DIRECTION ( 'NONE',  ( -0.0000000000000000000, 1.000000000000000000, -0.0000000000000000000 ) ) ;
#1201 = ORIENTED_EDGE ( 'NONE', *, *, #9078, .T. ) ;
#1200 = DIRECTION ( 'NONE',  ( -1.000000000000000000, 0.0000000000000000000, 0.0000000000000000000 ) ) ;
#1202 = ORIENTED_EDGE ( 'NONE', *, *, #9629, .T. ) ;
#1203 = CARTESIAN_POINT ( 'NONE',  ( -4.599999999999996100, 52.73947364538712200, 10.90000000000000400 ) ) ;
#1204 = CARTESIAN_POINT ( 'NONE',  ( 3.498788260581766200, 52.03375334352228500, 10.76666675551943400 ) ) ;
#1205 = EDGE_CURVE ( 'NONE', #9939, #3415, #4291, .T. ) ;
#1206 = DIRECTION ( 'NONE',  ( 2.202847093891201100E-016, -0.3420201433256655500, -0.9396926207859096500 ) ) ;
#1207 = ADVANCED_FACE ( 'NONE', ( #4563 ), #1790, .T. ) ;
#1208 = VECTOR ( 'NONE', #198, 1000.000000000000000 ) ;
#1209 = VERTEX_POINT ( 'NONE', #9741 ) ;
#1210 = AXIS2_PLACEMENT_3D ( 'NONE', #6776, #9267, #4301 ) ;
#1211 =( BOUNDED_CURVE ( )  B_SPLINE_CURVE ( 3, ( #5272, #1874, #1082, #6929 ),
 .UNSPECIFIED., .F., .F. ) 
 B_SPLINE_CURVE_WITH_KNOTS ( ( 4, 4 ),
 ( 2.710505431213744400E-017, 1.013367092184014600 ),
 .UNSPECIFIED. ) 
 CURVE ( )  GEOMETRIC_REPRESENTATION_ITEM ( )  RATIONAL_B_SPLINE_CURVE ( ( 1.000000000000000000, 0.9162391482802019200, 0.9162391482802019200, 1.000000000000000000 ) ) 
 REPRESENTATION_ITEM ( '' )  );
#1212 = ORIENTED_EDGE ( 'NONE', *, *, #8393, .T. ) ;
#1213 = ORIENTED_EDGE ( 'NONE', *, *, #695, .T. ) ;
#1214 = CARTESIAN_POINT ( 'NONE',  ( -11.20000000000000100, 50.10717967697243600, 6.858022075225178600E-016 ) ) ;
#1215 = CARTESIAN_POINT ( 'NONE',  ( -5.755061800187753800, -1.500000000000000900, 33.60000000000001600 ) ) ;
#1216 = CARTESIAN_POINT ( 'NONE',  ( -6.599999999999993400, 50.79999999999999700, -9.800000000000002500 ) ) ;
#1217 = DIRECTION ( 'NONE',  ( 1.000000000000000000, 0.0000000000000000000, 0.0000000000000000000 ) ) ;
#1218 = CARTESIAN_POINT ( 'NONE',  ( 3.601322674888700600, 52.79999999999995500, -10.89999999999995900 ) ) ;
#1219 = LINE ( 'NONE', #4544, #2906 ) ;
#1220 = VERTEX_POINT ( 'NONE', #4235 ) ;
#1221 = ORIENTED_EDGE ( 'NONE', *, *, #2407, .T. ) ;
#1222 = EDGE_CURVE ( 'NONE', #6667, #9350, #4029, .T. ) ;
#1223 = CARTESIAN_POINT ( 'NONE',  ( -0.1057964921681947100, 33.70690699519530400, 9.405937177032480900 ) ) ;
#1224 = CARTESIAN_POINT ( 'NONE',  ( -1.618341437898068100, 30.49999999998511400, 11.13480762114177800 ) ) ;
#1225 = CARTESIAN_POINT ( 'NONE',  ( 3.194703692029455300E-015, 3.000000000000000400, 12.15470053837925200 ) ) ;
#1226 = CARTESIAN_POINT ( 'NONE',  ( 11.20000000000000100, -1.899999999999999900, 6.858022075225178600E-016 ) ) ;
#1227 = CARTESIAN_POINT ( 'NONE',  ( -4.206355086669859100, 2.318469489342296400, -26.83487443018649500 ) ) ;
#1228 = FACE_OUTER_BOUND ( 'NONE', #3929, .T. ) ;
#1229 = AXIS2_PLACEMENT_3D ( 'NONE', #2871, #3721, #9523 ) ;
#1230 = FACE_OUTER_BOUND ( 'NONE', #10073, .T. ) ;
#1231 = VERTEX_POINT ( 'NONE', #7673 ) ;
#1232 = FACE_OUTER_BOUND ( 'NONE', #3658, .T. ) ;
#1233 = DIRECTION ( 'NONE',  ( 0.0000000000000000000, -1.000000000000000000, 0.0000000000000000000 ) ) ;
#1234 = LINE ( 'NONE', #2365, #5951 ) ;
#1235 = FACE_OUTER_BOUND ( 'NONE', #3105, .T. ) ;
#1236 = DIRECTION ( 'NONE',  ( 0.0000000000000000000, 0.0000000000000000000, -1.000000000000000000 ) ) ;
#1237 = DIRECTION ( 'NONE',  ( 1.000000000000000000, 0.0000000000000000000, -0.0000000000000000000 ) ) ;
#1238 = DIRECTION ( 'NONE',  ( 0.0000000000000000000, 0.0000000000000000000, -1.000000000000000000 ) ) ;
#1239 = CIRCLE ( 'NONE', #9027, 8.799999999999998900 ) ;
#1240 = CARTESIAN_POINT ( 'NONE',  ( 3.400000000000004400, 52.29999999999999700, 10.90000000000000400 ) ) ;
#1241 = AXIS2_PLACEMENT_3D ( 'NONE', #236, #2725, #3571 ) ;
#1242 = EDGE_LOOP ( 'NONE', ( #1586, #8214, #4733, #1221, #1066 ) ) ;
#1243 = AXIS2_PLACEMENT_3D ( 'NONE', #3566, #6097, #1080 ) ;
#1244 = ORIENTED_EDGE ( 'NONE', *, *, #3206, .F. ) ;
#1245 = VECTOR ( 'NONE', #7519, 1000.000000000000000 ) ;
#1246 = ORIENTED_EDGE ( 'NONE', *, *, #5747, .F. ) ;
#1247 = FACE_OUTER_BOUND ( 'NONE', #1027, .T. ) ;
#1248 = EDGE_CURVE ( 'NONE', #4663, #9007, #7024, .T. ) ;
#1249 = CARTESIAN_POINT ( 'NONE',  ( 13.69026644067500900, 4.999999999999996400, -12.75925440825003100 ) ) ;
#1250 = ORIENTED_EDGE ( 'NONE', *, *, #27, .F. ) ;
#1251 = PLANE ( 'NONE',  #1271 ) ;
#1252 = CARTESIAN_POINT ( 'NONE',  ( -29.72815852977529600, 3.000000000000000400, 0.1433031490139621000 ) ) ;
#1253 = EDGE_CURVE ( 'NONE', #7794, #7274, #8439, .T. ) ;
#1254 = AXIS2_PLACEMENT_3D ( 'NONE', #2821, #8648, #3669 ) ;
#1255 = FACE_OUTER_BOUND ( 'NONE', #799, .T. ) ;
#1256 = CARTESIAN_POINT ( 'NONE',  ( -1.690871211463564200, 27.42626129027272300, -11.00000000000000400 ) ) ;
#1257 = LINE ( 'NONE', #7643, #7654 ) ;
#1258 = ORIENTED_EDGE ( 'NONE', *, *, #9202, .F. ) ;
#1259 = CARTESIAN_POINT ( 'NONE',  ( -8.948805684721973500, -2.826794919243119400, 25.40000000000000900 ) ) ;
#1260 = CARTESIAN_POINT ( 'NONE',  ( -6.599999999999993400, 50.79999999999999700, 10.90000000000000400 ) ) ;
#1261 = CARTESIAN_POINT ( 'NONE',  ( -6.599999999999992500, 0.0000000000000000000, -7.800000000000003400 ) ) ;
#1262 = ORIENTED_EDGE ( 'NONE', *, *, #9740, .F. ) ;
#1263 = ADVANCED_FACE ( 'NONE', ( #5992 ), #6807, .T. ) ;
#1264 = DIRECTION ( 'NONE',  ( -0.0000000000000000000, 1.000000000000000000, -0.0000000000000000000 ) ) ;
#1265 = PLANE ( 'NONE',  #10501 ) ;
#1266 = EDGE_CURVE ( 'NONE', #10676, #2239, #3758, .T. ) ;
#1267 = VECTOR ( 'NONE', #4680, 999.9999999999998900 ) ;
#1268 = CIRCLE ( 'NONE', #9568, 8.700000000000009900 ) ;
#1269 = EDGE_CURVE ( 'NONE', #324, #678, #1537, .T. ) ;
#1270 = ORIENTED_EDGE ( 'NONE', *, *, #7785, .F. ) ;
#1271 = AXIS2_PLACEMENT_3D ( 'NONE', #9538, #7086, #2083 ) ;
#1272 = CARTESIAN_POINT ( 'NONE',  ( 0.03067643394410551200, 34.16770839297198800, 9.478712418734472700 ) ) ;
#1273 = CARTESIAN_POINT ( 'NONE',  ( -1.349999999999993900, 36.80000000000000400, -13.00000000000000400 ) ) ;
#1274 = CARTESIAN_POINT ( 'NONE',  ( -35.19780771448755300, 3.400363229070557700, 0.04147316555477728600 ) ) ;
#1275 =( BOUNDED_CURVE ( )  B_SPLINE_CURVE ( 3, ( #6151, #1149, #1973, #330 ),
 .UNSPECIFIED., .F., .F. ) 
 B_SPLINE_CURVE_WITH_KNOTS ( ( 4, 4 ),
 ( 2.934435640291337000, 3.348749666888251500 ),
 .UNSPECIFIED. ) 
 CURVE ( )  GEOMETRIC_REPRESENTATION_ITEM ( )  RATIONAL_B_SPLINE_CURVE ( ( 1.000000000000000000, 0.9857464067654687600, 0.9857464067654687600, 1.000000000000000000 ) ) 
 REPRESENTATION_ITEM ( '' )  );
#1276 = CARTESIAN_POINT ( 'NONE',  ( -3.599999999999999200, 33.05000000000000400, -13.00000000000000400 ) ) ;
#1277 = CARTESIAN_POINT ( 'NONE',  ( -4.606871369612489000, 3.418878932851065600, 26.43435814724387000 ) ) ;
#1278 = DIRECTION ( 'NONE',  ( 0.0000000000000000000, 0.0000000000000000000, 1.000000000000000000 ) ) ;
#1279 = CARTESIAN_POINT ( 'NONE',  ( 7.930332847618101000, 3.009639793278236800, 11.00000000000000200 ) ) ;
#1280 = CARTESIAN_POINT ( 'NONE',  ( 3.541629815862963800, 52.61498850244154800, -10.76666666666666900 ) ) ;
#1281 = LINE ( 'NONE', #6873, #3218 ) ;
#1282 = EDGE_CURVE ( 'NONE', #3127, #3250, #10377, .T. ) ;
#1283 = ORIENTED_EDGE ( 'NONE', *, *, #7575, .F. ) ;
#1284 = CARTESIAN_POINT ( 'NONE',  ( -1.728738250790189400, 32.95943467452491400, 10.06984116759190500 ) ) ;
#1285 = LINE ( 'NONE', #10002, #7680 ) ;
#1286 = CARTESIAN_POINT ( 'NONE',  ( 11.31091036373494800, 5.000000000000000000, -19.21764762517409900 ) ) ;
#1287 = FACE_OUTER_BOUND ( 'NONE', #3585, .T. ) ;
#1288 = EDGE_CURVE ( 'NONE', #6070, #1044, #10645, .T. ) ;
#1289 = DIRECTION ( 'NONE',  ( 0.0000000000000000000, 0.0000000000000000000, -1.000000000000000000 ) ) ;
#1290 = PLANE ( 'NONE',  #1497 ) ;
#1291 = EDGE_LOOP ( 'NONE', ( #4978, #658, #5735, #2386 ) ) ;
#1292 = EDGE_LOOP ( 'NONE', ( #4962, #1174 ) ) ;
#1293 = VERTEX_POINT ( 'NONE', #5140 ) ;
#1294 = DIRECTION ( 'NONE',  ( 1.000000000000000000, 0.0000000000000000000, 0.0000000000000000000 ) ) ;
#1295 = FACE_OUTER_BOUND ( 'NONE', #8251, .T. ) ;
#1296 = DIRECTION ( 'NONE',  ( -0.4354491588380096600, -0.7796076080634725100, -0.4501066623777311100 ) ) ;
#1297 = DIRECTION ( 'NONE',  ( -1.000000000000000000, -0.0000000000000000000, -0.0000000000000000000 ) ) ;
#1298 = CARTESIAN_POINT ( 'NONE',  ( 2.400000000000005200, 33.05000000000000400, -12.60000000000000300 ) ) ;
#1299 = DIRECTION ( 'NONE',  ( 0.0000000000000000000, 0.0000000000000000000, 1.000000000000000000 ) ) ;
#1300 = EDGE_LOOP ( 'NONE', ( #10591, #7431, #8659, #7841 ) ) ;
#1301 = DIRECTION ( 'NONE',  ( 0.0000000000000000000, 0.0000000000000000000, -1.000000000000000000 ) ) ;
#1302 = LINE ( 'NONE', #1677, #9888 ) ;
#1303 = ORIENTED_EDGE ( 'NONE', *, *, #4128, .T. ) ;
#1304 = ORIENTED_EDGE ( 'NONE', *, *, #8273, .T. ) ;
#1305 = AXIS2_PLACEMENT_3D ( 'NONE', #5088, #69, #8377 ) ;
#1306 = ORIENTED_EDGE ( 'NONE', *, *, #9487, .F. ) ;
#1307 = DIRECTION ( 'NONE',  ( 0.0000000000000000000, -0.0000000000000000000, 1.000000000000000000 ) ) ;
#1308 = ORIENTED_EDGE ( 'NONE', *, *, #9296, .F. ) ;
#1309 = CARTESIAN_POINT ( 'NONE',  ( 2.400000000000005200, 33.05000000000000400, -12.60000000000000300 ) ) ;
#1310 = CARTESIAN_POINT ( 'NONE',  ( -0.5999999999999943200, 29.19474411167425400, 11.70000000000000100 ) ) ;
#1311 = CARTESIAN_POINT ( 'NONE',  ( 13.40000000000000200, 3.400000000000022600, 15.87817534019966800 ) ) ;
#1312 = ORIENTED_EDGE ( 'NONE', *, *, #5278, .T. ) ;
#1313 = CARTESIAN_POINT ( 'NONE',  ( 3.400000000000005200, 52.37542809062340900, -10.89999999999476500 ) ) ;
#1314 = CIRCLE ( 'NONE', #2833, 0.4000000000000001900 ) ;
#1315 = ORIENTED_EDGE ( 'NONE', *, *, #8927, .F. ) ;
#1316 =( BOUNDED_CURVE ( )  B_SPLINE_CURVE ( 3, ( #4613, #1274, #10585, #5632 ),
 .UNSPECIFIED., .F., .F. ) 
 B_SPLINE_CURVE_WITH_KNOTS ( ( 4, 4 ),
 ( 3.141592653589969400, 3.172696273909583600 ),
 .UNSPECIFIED. ) 
 CURVE ( )  GEOMETRIC_REPRESENTATION_ITEM ( )  RATIONAL_B_SPLINE_CURVE ( ( 1.000000000000000000, 0.9999193820251179900, 0.9999193820251179900, 1.000000000000000000 ) ) 
 REPRESENTATION_ITEM ( '' )  );
#1317 = ADVANCED_FACE ( 'NONE', ( #7919 ), #225, .T. ) ;
#1318 = EDGE_LOOP ( 'NONE', ( #8218, #3901, #770, #699 ) ) ;
#1319 = ORIENTED_EDGE ( 'NONE', *, *, #8336, .T. ) ;
#1320 = EDGE_CURVE ( 'NONE', #6142, #3623, #9862, .T. ) ;
#1321 = DIRECTION ( 'NONE',  ( 0.0000000000000000000, -1.000000000000000000, 0.0000000000000000000 ) ) ;
#1322 = CARTESIAN_POINT ( 'NONE',  ( -1.830237937515261100, 30.92745599501429900, 10.63773811237372000 ) ) ;
#1323 = CARTESIAN_POINT ( 'NONE',  ( 0.0000000000000000000, 50.79999999999999700, -9.800000000000002500 ) ) ;
#1324 = ORIENTED_EDGE ( 'NONE', *, *, #10385, .T. ) ;
#1325 = FACE_OUTER_BOUND ( 'NONE', #9330, .T. ) ;
#1326 = ORIENTED_EDGE ( 'NONE', *, *, #4713, .T. ) ;
#1327 = CARTESIAN_POINT ( 'NONE',  ( 2.030804146887342100, 31.11456285266266200, -11.00000000000000000 ) ) ;
#1328 = EDGE_LOOP ( 'NONE', ( #8081, #9095, #4218 ) ) ;
#1329 = CARTESIAN_POINT ( 'NONE',  ( -4.599999999999994300, 52.79999999999999700, -11.30000000000000100 ) ) ;
#1330 = EDGE_LOOP ( 'NONE', ( #1823, #701, #4991, #4035, #6847, #206 ) ) ;
#1331 = EDGE_CURVE ( 'NONE', #4677, #7900, #8687, .T. ) ;
#1332 = CARTESIAN_POINT ( 'NONE',  ( 36.00000000000000700, 4.099999999999999600, 0.0000000000000000000 ) ) ;
#1333 = DIRECTION ( 'NONE',  ( 0.9391778842685889500, -0.3420201433256590500, -0.03109860543935705900 ) ) ;
#1334 = EDGE_CURVE ( 'NONE', #7872, #3679, #3499, .T. ) ;
#1335 = DIRECTION ( 'NONE',  ( 0.05233595624294731800, 0.0000000000000000000, 0.9986295347545737200 ) ) ;
#1336 = CARTESIAN_POINT ( 'NONE',  ( -4.660526354612844800, 52.79999999999999700, -10.90000000000000400 ) ) ;
#1337 = VECTOR ( 'NONE', #10173, 1000.000000000000000 ) ;
#1338 = CARTESIAN_POINT ( 'NONE',  ( 6.981119945250294600, 33.56215130529343300, -9.116596065751531700 ) ) ;
#1339 =( BOUNDED_CURVE ( )  B_SPLINE_CURVE ( 3, ( #5251, #10181, #6078, #1060 ),
 .UNSPECIFIED., .F., .T. ) 
 B_SPLINE_CURVE_WITH_KNOTS ( ( 4, 4 ),
 ( 1.013367092176286100, 2.394911902693275700 ),
 .UNSPECIFIED. ) 
 CURVE ( )  GEOMETRIC_REPRESENTATION_ITEM ( )  RATIONAL_B_SPLINE_CURVE ( ( 1.000000000000000000, 0.8471694135418222900, 0.8471694135418222900, 1.000000000000000000 ) ) 
 REPRESENTATION_ITEM ( '' )  );
#1340 = CARTESIAN_POINT ( 'NONE',  ( -0.5999999999999949800, 28.99474411167425500, 11.75358983848622600 ) ) ;
#1341 = CARTESIAN_POINT ( 'NONE',  ( 5.400000000000005700, 50.79999999999999700, -6.641154273188021800 ) ) ;
#1342 = ORIENTED_EDGE ( 'NONE', *, *, #10256, .F. ) ;
#1343 = VERTEX_POINT ( 'NONE', #6531 ) ;
#1344 = ORIENTED_EDGE ( 'NONE', *, *, #6982, .T. ) ;
#1345 = CARTESIAN_POINT ( 'NONE',  ( -3.599999999999993000, 5.000000000000000000, -20.80000000000000400 ) ) ;
#1346 = CARTESIAN_POINT ( 'NONE',  ( -6.599999999999993400, 50.89999999999999900, 10.90000000000000400 ) ) ;
#1347 = FACE_OUTER_BOUND ( 'NONE', #9546, .T. ) ;
#1348 = EDGE_CURVE ( 'NONE', #2941, #2201, #1736, .T. ) ;
#1349 = CARTESIAN_POINT ( 'NONE',  ( 0.3834377494719219400, 33.79999999999999700, 8.979274057836304800 ) ) ;
#1350 = DIRECTION ( 'NONE',  ( 1.000000000000000000, 2.795463207713270200E-032, -2.628368902995160100E-016 ) ) ;
#1351 = CARTESIAN_POINT ( 'NONE',  ( 3.400000000000005200, 51.86052635461287300, 10.70000000000000300 ) ) ;
#1352 = VERTEX_POINT ( 'NONE', #8987 ) ;
#1353 = DIRECTION ( 'NONE',  ( 0.0000000000000000000, 0.0000000000000000000, 1.000000000000000000 ) ) ;
#1354 = ORIENTED_EDGE ( 'NONE', *, *, #1356, .T. ) ;
#1355 = EDGE_LOOP ( 'NONE', ( #4054, #1534, #9262, #1303, #1128, #8642, #2100, #7405, #10737 ) ) ;
#1356 = EDGE_CURVE ( 'NONE', #9292, #3920, #5639, .T. ) ;
#1357 = AXIS2_PLACEMENT_3D ( 'NONE', #5555, #2213, #8045 ) ;
#1358 = CIRCLE ( 'NONE', #9510, 8.700000000000006400 ) ;
#1359 = AXIS2_PLACEMENT_3D ( 'NONE', #7017, #10291, #2844 ) ;
#1360 = VERTEX_POINT ( 'NONE', #6493 ) ;
#1361 = VERTEX_POINT ( 'NONE', #3977 ) ;
#1362 = CARTESIAN_POINT ( 'NONE',  ( 13.03160419245253200, 4.412159162658463500, -13.72475854427299600 ) ) ;
#1363 = EDGE_LOOP ( 'NONE', ( #1839, #6864, #6704, #19 ) ) ;
#1364 = CARTESIAN_POINT ( 'NONE',  ( -5.209594358130214400, 52.79999999999999700, 10.83303955644752900 ) ) ;
#1365 = CARTESIAN_POINT ( 'NONE',  ( 4.031501903345263000, 52.78631836646666600, 10.86695313951654100 ) ) ;
#1366 = ORIENTED_EDGE ( 'NONE', *, *, #788, .T. ) ;
#1367 = VECTOR ( 'NONE', #1908, 1000.000000000000000 ) ;
#1368 = EDGE_LOOP ( 'NONE', ( #8497, #6156, #5717 ) ) ;
#1369 = CYLINDRICAL_SURFACE ( 'NONE', #1621, 3.999999999999999100 ) ;
#1370 = CARTESIAN_POINT ( 'NONE',  ( -6.599999999999992500, 50.10717967697243600, -6.641154273188023500 ) ) ;
#1371 = LINE ( 'NONE', #3482, #5314 ) ;
#1372 = ORIENTED_EDGE ( 'NONE', *, *, #8316, .T. ) ;
#1373 = EDGE_CURVE ( 'NONE', #6082, #458, #2967, .T. ) ;
#1374 =( LENGTH_UNIT ( ) NAMED_UNIT ( * ) SI_UNIT ( .MILLI., .METRE. ) );
#1375 = ORIENTED_EDGE ( 'NONE', *, *, #4816, .T. ) ;
#1376 = CARTESIAN_POINT ( 'NONE',  ( 13.20675441325088100, 3.930937886002489300, 13.68786949737588400 ) ) ;
#1377 = CARTESIAN_POINT ( 'NONE',  ( -5.099999999999995200, 52.79999999999999700, -10.90000000000000400 ) ) ;
#1378 = ADVANCED_FACE ( 'NONE', ( #5216 ), #9347, .F. ) ;
#1379 = CARTESIAN_POINT ( 'NONE',  ( -5.099999999999995200, 52.79999999999999700, -10.90000000000000400 ) ) ;
#1380 = AXIS2_PLACEMENT_3D ( 'NONE', #10459, #5523, #516 ) ;
#1381 = DIRECTION ( 'NONE',  ( 0.0000000000000000000, 0.0000000000000000000, 1.000000000000000000 ) ) ;
#1382 = CARTESIAN_POINT ( 'NONE',  ( 22.14394809929214600, 13.00000000000000500, 1.109053650640949900 ) ) ;
#1383 = LINE ( 'NONE', #5099, #9950 ) ;
#1384 = VECTOR ( 'NONE', #3687, 1000.000000000000200 ) ;
#1385 = LINE ( 'NONE', #10474, #10218 ) ;
#1386 = DIRECTION ( 'NONE',  ( 0.0000000000000000000, -1.000000000000000000, 0.0000000000000000000 ) ) ;
#1387 =( BOUNDED_CURVE ( )  B_SPLINE_CURVE ( 3, ( #7905, #5419, #7105, #2103 ),
 .UNSPECIFIED., .F., .T. ) 
 B_SPLINE_CURVE_WITH_KNOTS ( ( 4, 4 ),
 ( 3.110489033270340500, 3.141592653589954800 ),
 .UNSPECIFIED. ) 
 CURVE ( )  GEOMETRIC_REPRESENTATION_ITEM ( )  RATIONAL_B_SPLINE_CURVE ( ( 1.000000000000000000, 0.9999193820251179900, 0.9999193820251179900, 1.000000000000000000 ) ) 
 REPRESENTATION_ITEM ( '' )  );
#1388 = ORIENTED_EDGE ( 'NONE', *, *, #3052, .F. ) ;
#1389 = CARTESIAN_POINT ( 'NONE',  ( 0.2150476222992616900, 34.00000000000005000, 9.619263164512567200 ) ) ;
#1390 = CARTESIAN_POINT ( 'NONE',  ( 12.61202537022329500, 52.81990284774145300, -10.93117914242403400 ) ) ;
#1391 = LINE ( 'NONE', #8635, #8029 ) ;
#1392 = EDGE_CURVE ( 'NONE', #3185, #3129, #3215, .T. ) ;
#1393 = PLANE ( 'NONE',  #654 ) ;
#1394 = VECTOR ( 'NONE', #5541, 1000.000000000000000 ) ;
#1395 = DIRECTION ( 'NONE',  ( -0.0000000000000000000, -0.0000000000000000000, -1.000000000000000000 ) ) ;
#1396 = AXIS2_PLACEMENT_3D ( 'NONE', #10070, #9246, #3429 ) ;
#1397 = ORIENTED_EDGE ( 'NONE', *, *, #10494, .T. ) ;
#1398 = VECTOR ( 'NONE', #7811, 1000.000000000000000 ) ;
#1399 = EDGE_CURVE ( 'NONE', #3959, #7826, #1015, .T. ) ;
#1400 = VERTEX_POINT ( 'NONE', #6562 ) ;
#1401 = LINE ( 'NONE', #551, #5592 ) ;
#1402 = CARTESIAN_POINT ( 'NONE',  ( -11.20000000000000100, 3.000000000000000400, -12.15470053837925800 ) ) ;
#1403 = DIRECTION ( 'NONE',  ( -0.0000000000000000000, -1.000000000000000000, -0.0000000000000000000 ) ) ;
#1404 = CARTESIAN_POINT ( 'NONE',  ( 12.81764762517409700, 5.000000000000000000, -13.52143857847863600 ) ) ;
#1405 = EDGE_CURVE ( 'NONE', #9154, #3243, #7409, .T. ) ;
#1406 = VERTEX_POINT ( 'NONE', #9090 ) ;
#1407 = CARTESIAN_POINT ( 'NONE',  ( 3.400000000000005200, 50.89999999999999900, -11.30000000000000100 ) ) ;
#1408 = LINE ( 'NONE', #1838, #9983 ) ;
#1409 = LINE ( 'NONE', #4732, #3350 ) ;
#1410 = ORIENTED_EDGE ( 'NONE', *, *, #6123, .T. ) ;
#1411 = CARTESIAN_POINT ( 'NONE',  ( 12.61202537022329500, -3.000000000000002700, -10.93117914242403400 ) ) ;
#1412 = DIRECTION ( 'NONE',  ( 0.0000000000000000000, 0.0000000000000000000, -1.000000000000000000 ) ) ;
#1413 = CARTESIAN_POINT ( 'NONE',  ( -0.5999999999999943200, 38.80000000000000400, 11.70000000000000100 ) ) ;
#1414 = DIRECTION ( 'NONE',  ( 0.0000000000000000000, -1.000000000000000000, 0.0000000000000000000 ) ) ;
#1415 = VERTEX_POINT ( 'NONE', #1561 ) ;
#1416 = EDGE_CURVE ( 'NONE', #2260, #7100, #6763, .T. ) ;
#1417 =( BOUNDED_SURFACE ( )  B_SPLINE_SURFACE ( 3, 2, ( 
 ( #9451, #3646, #5352 ),
 ( #341, #6166, #587 ),
 ( #7322, #4013, #7830 ),
 ( #10647, #8982, #6525 ),
 ( #1523, #8333, #3336 ),
 ( #9161, #5489, #683 ) ),
 .UNSPECIFIED., .F., .F., .F. ) 
 B_SPLINE_SURFACE_WITH_KNOTS ( ( 4, 2, 4 ),
 ( 3, 3 ),
 ( 0.0003790122493140947300, 0.0006499964602234237300, 0.0009209806711327526200 ),
 ( 0.0000000000000000000, 1.000000000000000000 ),
 .UNSPECIFIED. ) 
 GEOMETRIC_REPRESENTATION_ITEM ( )  RATIONAL_B_SPLINE_SURFACE ( (
 ( 1.000000000000000000, 0.8164965809277026100, 1.000000000000000000),
 ( 1.000000000000000000, 0.8810678731623441400, 1.000000000000000000),
 ( 1.000000000000000000, 0.9263207691517013600, 1.000000000000000000),
 ( 1.000000000000000000, 0.9855849900692829100, 1.000000000000000000),
 ( 1.000000000000000000, 0.9999584033009919500, 1.000000000000000000),
 ( 1.000000000000000000, 1.000000000000000000, 1.000000000000000000) ) ) 
 REPRESENTATION_ITEM ( '' )  SURFACE ( )  );
#1418 = CARTESIAN_POINT ( 'NONE',  ( -4.598282157597498800, 3.395280266788989600, -20.74141046318840500 ) ) ;
#1419 = LINE ( 'NONE', #4669, #3097 ) ;
#1420 = EDGE_CURVE ( 'NONE', #9292, #2992, #9084, .T. ) ;
#1421 = AXIS2_PLACEMENT_3D ( 'NONE', #1961, #7799, #2810 ) ;
#1422 = CARTESIAN_POINT ( 'NONE',  ( -6.599999999999992500, 0.0000000000000000000, 7.800000000000001600 ) ) ;
#1423 = DIRECTION ( 'NONE',  ( 1.000000000000000000, 0.0000000000000000000, 0.0000000000000000000 ) ) ;
#1424 = CARTESIAN_POINT ( 'NONE',  ( 13.40000000000000600, 5.000000000000000000, -15.80000000000000100 ) ) ;
#1425 = VERTEX_POINT ( 'NONE', #1591 ) ;
#1426 = AXIS2_PLACEMENT_3D ( 'NONE', #6527, #7358, #684 ) ;
#1427 = CARTESIAN_POINT ( 'NONE',  ( -4.599999999999994300, 52.79999999999999700, -12.41764762517407500 ) ) ;
#1428 = DIRECTION ( 'NONE',  ( 0.0000000000000000000, 1.000000000000000000, -0.0000000000000000000 ) ) ;
#1429 = VECTOR ( 'NONE', #3793, 1000.000000000000000 ) ;
#1430 = ADVANCED_FACE ( 'NONE', ( #2446 ), #8051, .F. ) ;
#1431 = FACE_OUTER_BOUND ( 'NONE', #3531, .T. ) ;
#1432 = ORIENTED_EDGE ( 'NONE', *, *, #3989, .F. ) ;
#1433 = ORIENTED_EDGE ( 'NONE', *, *, #4716, .T. ) ;
#1434 = DIRECTION ( 'NONE',  ( -0.8303590066861543700, 0.0000000000000000000, 0.5572287860611502300 ) ) ;
#1435 = CARTESIAN_POINT ( 'NONE',  ( -4.045192367383854100, 52.81990284774145300, -32.70715925883816800 ) ) ;
#1436 = VERTEX_POINT ( 'NONE', #831 ) ;
#1437 = EDGE_CURVE ( 'NONE', #3716, #5801, #2704, .T. ) ;
#1438 = CARTESIAN_POINT ( 'NONE',  ( 3.400000000000005200, 51.86052635461288000, -10.90000000000000400 ) ) ;
#1439 = VECTOR ( 'NONE', #3012, 1000.000000000000000 ) ;
#1440 = CARTESIAN_POINT ( 'NONE',  ( 3.681527902176428700, 52.74320301649128600, 10.76666666666667100 ) ) ;
#1441 = ADVANCED_FACE ( 'NONE', ( #255 ), #2, .F. ) ;
#1442 = ORIENTED_EDGE ( 'NONE', *, *, #9882, .T. ) ;
#1443 = VECTOR ( 'NONE', #635, 1000.000000000000000 ) ;
#1444 = ORIENTED_EDGE ( 'NONE', *, *, #5106, .F. ) ;
#1445 = EDGE_LOOP ( 'NONE', ( #10440, #2363, #365, #2379, #4514, #2986 ) ) ;
#1446 = CARTESIAN_POINT ( 'NONE',  ( -10.06410161513777100, 3.000000000000000400, -18.66602540378440600 ) ) ;
#1447 = CARTESIAN_POINT ( 'NONE',  ( 5.399995525067424800, 30.30000000000000800, 11.00000000000000200 ) ) ;
#1448 = ORIENTED_EDGE ( 'NONE', *, *, #5980, .T. ) ;
#1449 = CARTESIAN_POINT ( 'NONE',  ( -4.741629815862952800, 51.98501149755845300, 10.76666666666666900 ) ) ;
#1450 = LINE ( 'NONE', #3360, #6803 ) ;
#1451 = CARTESIAN_POINT ( 'NONE',  ( -36.53723625089657600, -0.8772944533482534000, 33.74330204218026100 ) ) ;
#1452 = CARTESIAN_POINT ( 'NONE',  ( 13.96044682922884500, 3.536274762555020600, -12.72419912436994600 ) ) ;
#1453 = ORIENTED_EDGE ( 'NONE', *, *, #5065, .T. ) ;
#1454 = VERTEX_POINT ( 'NONE', #10513 ) ;
#1455 = CARTESIAN_POINT ( 'NONE',  ( 0.4867301630655929700, 33.79999999999999700, 8.979274057836304800 ) ) ;
#1456 = CARTESIAN_POINT ( 'NONE',  ( 4.339473645387155200, 52.79999999999999700, -10.90000000000000400 ) ) ;
#1457 = VECTOR ( 'NONE', #4096, 999.9999999999998900 ) ;
#1458 = EDGE_CURVE ( 'NONE', #4340, #2260, #4695, .T. ) ;
#1459 = ORIENTED_EDGE ( 'NONE', *, *, #3814, .F. ) ;
#1460 = AXIS2_PLACEMENT_3D ( 'NONE', #5519, #1412, #7247 ) ;
#1461 = ORIENTED_EDGE ( 'NONE', *, *, #7728, .F. ) ;
#1462 = ORIENTED_EDGE ( 'NONE', *, *, #27, .T. ) ;
#1463 = DIRECTION ( 'NONE',  ( 0.0000000000000000000, 0.0000000000000000000, -1.000000000000000000 ) ) ;
#1464 = DIRECTION ( 'NONE',  ( 5.782411586589351700E-016, -1.000000000000000000, -0.0000000000000000000 ) ) ;
#1465 = PLANE ( 'NONE',  #3405 ) ;
#1466 = DIRECTION ( 'NONE',  ( -0.0000000000000000000, -0.0000000000000000000, -1.000000000000000000 ) ) ;
#1467 = CARTESIAN_POINT ( 'NONE',  ( -3.619543835050111500, 3.400000000000022600, 19.80000000000000100 ) ) ;
#1468 = CARTESIAN_POINT ( 'NONE',  ( -11.20000000000000100, 30.30000000000003600, 11.00000000000000400 ) ) ;
#1469 = LINE ( 'NONE', #2642, #10307 ) ;
#1470 =( BOUNDED_CURVE ( )  B_SPLINE_CURVE ( 3, ( #9196, #3367, #90, #5912 ),
 .UNSPECIFIED., .F., .F. ) 
 B_SPLINE_CURVE_WITH_KNOTS ( ( 4, 4 ),
 ( 3.888273404486448600, 5.269818214996966800 ),
 .UNSPECIFIED. ) 
 CURVE ( )  GEOMETRIC_REPRESENTATION_ITEM ( )  RATIONAL_B_SPLINE_CURVE ( ( 1.000000000000000000, 0.8471694135431967500, 0.8471694135431967500, 1.000000000000000000 ) ) 
 REPRESENTATION_ITEM ( '' )  );
#1471 = CARTESIAN_POINT ( 'NONE',  ( -1.263324958071080100, 28.80000000000000100, -11.49999999999999600 ) ) ;
#1472 = ORIENTED_EDGE ( 'NONE', *, *, #3404, .T. ) ;
#1473 = EDGE_CURVE ( 'NONE', #5157, #7031, #2180, .T. ) ;
#1474 = ORIENTED_EDGE ( 'NONE', *, *, #1187, .T. ) ;
#1475 = ORIENTED_EDGE ( 'NONE', *, *, #3775, .T. ) ;
#1476 = EDGE_CURVE ( 'NONE', #7216, #9133, #6628, .T. ) ;
#1477 = DIRECTION ( 'NONE',  ( -0.9396926207859096500, -0.3420201433256653800, -1.234929431423855300E-016 ) ) ;
#1478 = ADVANCED_FACE ( 'NONE', ( #6900 ), #5844, .T. ) ;
#1479 = AXIS2_PLACEMENT_3D ( 'NONE', #652, #1206, #3536 ) ;
#1480 = CARTESIAN_POINT ( 'NONE',  ( 11.20000000000000300, 50.10717967697243600, 9.841154273188024600 ) ) ;
#1481 = CARTESIAN_POINT ( 'NONE',  ( -8.948805684721969900, -0.3510874706924020900, -34.20000000000001700 ) ) ;
#1482 = LINE ( 'NONE', #2808, #5934 ) ;
#1483 = CARTESIAN_POINT ( 'NONE',  ( -4.599999999999995200, 52.29999999999999700, 10.90000000000000400 ) ) ;
#1484 = VERTEX_POINT ( 'NONE', #3828 ) ;
#1485 = VERTEX_POINT ( 'NONE', #9234 ) ;
#1486 = PRESENTATION_STYLE_ASSIGNMENT (( #10533 ) ) ;
#1487 = EDGE_CURVE ( 'NONE', #10615, #10688, #4159, .T. ) ;
#1488 = FACE_OUTER_BOUND ( 'NONE', #6140, .T. ) ;
#1489 = DIRECTION ( 'NONE',  ( 0.0000000000000000000, -1.000000000000000000, 0.0000000000000000000 ) ) ;
#1490 = CARTESIAN_POINT ( 'NONE',  ( -4.598282157597504100, 3.395280266788988800, 20.74141046318840500 ) ) ;
#1491 = ADVANCED_FACE ( 'NONE', ( #4434 ), #5915, .T. ) ;
#1492 = CARTESIAN_POINT ( 'NONE',  ( 11.40000000000000200, -3.000000000000000000, 13.46987298107783100 ) ) ;
#1493 = LINE ( 'NONE', #8783, #3448 ) ;
#1494 = CARTESIAN_POINT ( 'NONE',  ( 3.900000000000005200, 52.79999999999999700, -10.90000000000000400 ) ) ;
#1495 = DIRECTION ( 'NONE',  ( 0.0000000000000000000, -1.000000000000000000, 0.0000000000000000000 ) ) ;
#1496 = EDGE_LOOP ( 'NONE', ( #8353, #71, #2673, #7143, #2614 ) ) ;
#1497 = AXIS2_PLACEMENT_3D ( 'NONE', #8788, #3809, #9613 ) ;
#1498 = ORIENTED_EDGE ( 'NONE', *, *, #7240, .F. ) ;
#1499 = FACE_OUTER_BOUND ( 'NONE', #984, .T. ) ;
#1500 = VECTOR ( 'NONE', #8954, 1000.000000000000000 ) ;
#1501 = ORIENTED_EDGE ( 'NONE', *, *, #6561, .F. ) ;
#1502 = CIRCLE ( 'NONE', #4657, 2.758845726811978100 ) ;
#1503 = AXIS2_PLACEMENT_3D ( 'NONE', #5890, #1750, #7579 ) ;
#1504 = VECTOR ( 'NONE', #5552, 1000.000000000000000 ) ;
#1505 = DIRECTION ( 'NONE',  ( -0.0000000000000000000, -0.0000000000000000000, 1.000000000000000000 ) ) ;
#1506 = EDGE_LOOP ( 'NONE', ( #1969, #1675, #8969, #10187 ) ) ;
#1507 = CARTESIAN_POINT ( 'NONE',  ( 3.900000000000003900, 52.29999999999999700, 10.70000000000000300 ) ) ;
#1508 = EDGE_LOOP ( 'NONE', ( #5256, #5428, #9653, #10226 ) ) ;
#1509 = CARTESIAN_POINT ( 'NONE',  ( -3.658589536811588200, 3.395280266788987000, -19.80171784240250000 ) ) ;
#1510 = VECTOR ( 'NONE', #7484, 1000.000000000000200 ) ;
#1511 = PLANE ( 'NONE',  #6729 ) ;
#1512 = ORIENTED_EDGE ( 'NONE', *, *, #5138, .T. ) ;
#1513 = ORIENTED_EDGE ( 'NONE', *, *, #4736, .F. ) ;
#1514 = VECTOR ( 'NONE', #5932, 999.9999999999998900 ) ;
#1515 = VERTEX_POINT ( 'NONE', #6744 ) ;
#1516 = CARTESIAN_POINT ( 'NONE',  ( -35.26339016419719000, -2.551626355349916300, 34.07162685698342100 ) ) ;
#1517 = ORIENTED_EDGE ( 'NONE', *, *, #1883, .F. ) ;
#1518 = AXIS2_PLACEMENT_3D ( 'NONE', #6470, #7305, #2311 ) ;
#1519 = CARTESIAN_POINT ( 'NONE',  ( -5.833810822954606400, -1.183905122117847600, -33.63093300400508700 ) ) ;
#1520 = CARTESIAN_POINT ( 'NONE',  ( -4.741629815862952800, 52.61498850244154800, -10.76666666666666900 ) ) ;
#1521 = LINE ( 'NONE', #1797, #3741 ) ;
#1522 = ORIENTED_EDGE ( 'NONE', *, *, #8798, .T. ) ;
#1523 = CARTESIAN_POINT ( 'NONE',  ( -4.599999999999995200, 52.35387104441753100, 10.86708516314872400 ) ) ;
#1524 = PLANE ( 'NONE',  #4262 ) ;
#1525 = EDGE_CURVE ( 'NONE', #8468, #3988, #1913, .T. ) ;
#1526 = CARTESIAN_POINT ( 'NONE',  ( -4.599999999999994300, 36.79999999999999700, 10.99999999999999800 ) ) ;
#1527 = DIRECTION ( 'NONE',  ( 1.000000000000000000, -0.0000000000000000000, -0.0000000000000000000 ) ) ;
#1528 = LINE ( 'NONE', #6304, #10108 ) ;
#1529 = CARTESIAN_POINT ( 'NONE',  ( 9.058877142030455700, 5.000000000000000000, 19.21764762517409500 ) ) ;
#1530 = ORIENTED_EDGE ( 'NONE', *, *, #4156, .T. ) ;
#1531 = FACE_OUTER_BOUND ( 'NONE', #1683, .T. ) ;
#1532 = ADVANCED_FACE ( 'NONE', ( #10516 ), #5910, .F. ) ;
#1533 = ORIENTED_EDGE ( 'NONE', *, *, #8375, .F. ) ;
#1534 = ORIENTED_EDGE ( 'NONE', *, *, #1173, .T. ) ;
#1535 = EDGE_CURVE ( 'NONE', #2402, #6694, #1659, .T. ) ;
#1536 =( NAMED_UNIT ( * ) PLANE_ANGLE_UNIT ( ) SI_UNIT ( $, .RADIAN. ) );
#1537 = LINE ( 'NONE', #8493, #10115 ) ;
#1538 = CARTESIAN_POINT ( 'NONE',  ( -1.349999999999993900, 36.80000000000000400, -12.60000000000000300 ) ) ;
#1539 = DIRECTION ( 'NONE',  ( 0.0000000000000000000, -0.0000000000000000000, -1.000000000000000000 ) ) ;
#1540 = CIRCLE ( 'NONE', #5560, 0.4771236166328253800 ) ;
#1541 = CARTESIAN_POINT ( 'NONE',  ( -34.20000000000000300, 3.400000000000023900, 30.19999999999999600 ) ) ;
#1542 = CARTESIAN_POINT ( 'NONE',  ( -5.182352374825909700, 5.000000000000000000, 28.11091036373494500 ) ) ;
#1543 = EDGE_CURVE ( 'NONE', #7363, #7900, #10240, .T. ) ;
#1544 = AXIS2_PLACEMENT_3D ( 'NONE', #1225, #2629, #8456 ) ;
#1545 = ORIENTED_EDGE ( 'NONE', *, *, #9859, .F. ) ;
#1546 = ADVANCED_FACE ( 'NONE', ( #8054 ), #5600, .F. ) ;
#1547 = VECTOR ( 'NONE', #5967, 1000.000000000000000 ) ;
#1548 = LINE ( 'NONE', #4175, #10126 ) ;
#1549 = DIRECTION ( 'NONE',  ( 0.0000000000000000000, 0.0000000000000000000, -1.000000000000000000 ) ) ;
#1550 = CARTESIAN_POINT ( 'NONE',  ( -7.720792638785401800, -2.589104404821645400, -34.11937338560230200 ) ) ;
#1551 = EDGE_CURVE ( 'NONE', #9939, #7584, #1408, .T. ) ;
#1552 = ORIENTED_EDGE ( 'NONE', *, *, #4631, .T. ) ;
#1553 = CARTESIAN_POINT ( 'NONE',  ( -4.599999999999993400, 52.29999999999999700, -10.90000000000000400 ) ) ;
#1554 = ORIENTED_EDGE ( 'NONE', *, *, #8672, .F. ) ;
#1555 = CARTESIAN_POINT ( 'NONE',  ( 12.81764762517408800, 4.999999999999999100, 13.64318411683375500 ) ) ;
#1556 = EDGE_CURVE ( 'NONE', #9963, #5648, #5854, .T. ) ;
#1557 = DIRECTION ( 'NONE',  ( 0.0000000000000000000, -1.000000000000000000, 0.0000000000000000000 ) ) ;
#1558 = CIRCLE ( 'NONE', #7586, 0.3999999999999993000 ) ;
#1559 = CARTESIAN_POINT ( 'NONE',  ( 7.000000000000008000, 31.44790229634288900, 10.33725830020305400 ) ) ;
#1560 = DIRECTION ( 'NONE',  ( -1.000000000000000000, 0.0000000000000000000, -3.212450881438533200E-016 ) ) ;
#1561 = CARTESIAN_POINT ( 'NONE',  ( -34.61320943391748300, 4.999999999999997300, 0.1243944217576002500 ) ) ;
#1562 = DIRECTION ( 'NONE',  ( 0.0000000000000000000, 0.0000000000000000000, -1.000000000000000000 ) ) ;
#1563 = ORIENTED_EDGE ( 'NONE', *, *, #7676, .F. ) ;
#1564 = ORIENTED_EDGE ( 'NONE', *, *, #7012, .F. ) ;
#1565 = AXIS2_PLACEMENT_3D ( 'NONE', #10642, #7347, #2353 ) ;
#1566 = PLANE ( 'NONE',  #1824 ) ;
#1567 = LINE ( 'NONE', #10069, #9627 ) ;
#1568 = ORIENTED_EDGE ( 'NONE', *, *, #4456, .T. ) ;
#1569 = ORIENTED_EDGE ( 'NONE', *, *, #5357, .F. ) ;
#1570 = ORIENTED_EDGE ( 'NONE', *, *, #4858, .T. ) ;
#1571 = DIRECTION ( 'NONE',  ( -0.0000000000000000000, 0.0000000000000000000, 1.000000000000000000 ) ) ;
#1572 = CARTESIAN_POINT ( 'NONE',  ( 3.585011497558454200, 52.65837018413704100, 10.76666666666666900 ) ) ;
#1573 = VECTOR ( 'NONE', #8459, 1000.000000000000000 ) ;
#1574 = ORIENTED_EDGE ( 'NONE', *, *, #9908, .T. ) ;
#1575 = EDGE_CURVE ( 'NONE', #554, #3610, #3347, .T. ) ;
#1576 = DIRECTION ( 'NONE',  ( 1.000000000000000000, 0.0000000000000000000, -0.0000000000000000000 ) ) ;
#1577 = DIRECTION ( 'NONE',  ( -0.6601821655035397000, -0.7511055241116637600, 0.0000000000000000000 ) ) ;
#1578 = ORIENTED_EDGE ( 'NONE', *, *, #2241, .F. ) ;
#1579 = ORIENTED_EDGE ( 'NONE', *, *, #1865, .F. ) ;
#1580 = CARTESIAN_POINT ( 'NONE',  ( 0.1500000000000069600, 30.80000000000000400, -12.60000000000000300 ) ) ;
#1581 = ADVANCED_FACE ( 'NONE', ( #5353 ), #8504, .T. ) ;
#1582 = FACE_OUTER_BOUND ( 'NONE', #4311, .T. ) ;
#1583 = DIRECTION ( 'NONE',  ( 0.0000000000000000000, 1.000000000000000000, 0.0000000000000000000 ) ) ;
#1584 = CARTESIAN_POINT ( 'NONE',  ( -0.5999999999999954300, 33.80000000000000400, -12.60000000000000300 ) ) ;
#1585 = ORIENTED_EDGE ( 'NONE', *, *, #1543, .F. ) ;
#1586 = ORIENTED_EDGE ( 'NONE', *, *, #9334, .T. ) ;
#1587 = VERTEX_POINT ( 'NONE', #1872 ) ;
#1588 = CARTESIAN_POINT ( 'NONE',  ( -1.434097826183079000, 33.79999999999999700, 8.979274057836304800 ) ) ;
#1589 = CARTESIAN_POINT ( 'NONE',  ( 8.930127018922188900, 1.277945491468362600, -11.00000000000000400 ) ) ;
#1590 = VECTOR ( 'NONE', #8444, 1000.000000000000000 ) ;
#1591 = CARTESIAN_POINT ( 'NONE',  ( 22.14394809929214200, -1.999999999999998200, -1.109053650640955200 ) ) ;
#1592 = ADVANCED_FACE ( 'NONE', ( #3092 ), #7273, .T. ) ;
#1593 = VERTEX_POINT ( 'NONE', #8543 ) ;
#1594 = CARTESIAN_POINT ( 'NONE',  ( -6.599999999999993400, 52.79999999999999700, -11.30000000000000200 ) ) ;
#1595 = ORIENTED_EDGE ( 'NONE', *, *, #9218, .T. ) ;
#1596 = ORIENTED_EDGE ( 'NONE', *, *, #3021, .T. ) ;
#1597 = DIRECTION ( 'NONE',  ( 0.0000000000000000000, 0.0000000000000000000, -1.000000000000000000 ) ) ;
#1598 = EDGE_CURVE ( 'NONE', #4635, #6715, #9468, .T. ) ;
#1599 = EDGE_CURVE ( 'NONE', #1076, #4335, #9723, .T. ) ;
#1600 = CYLINDRICAL_SURFACE ( 'NONE', #5238, 2.758845726811981300 ) ;
#1601 = B_SPLINE_CURVE_WITH_KNOTS ( 'NONE', 3,
 ( #4109, #9934, #1646, #7476, #2485, #8310 ),
 .UNSPECIFIED., .F., .F.,
 ( 4, 2, 4 ),
 ( 0.0000000000000000000, 0.002604902802116709100, 0.005209805604233418200 ),
 .UNSPECIFIED. ) ;
#1602 = VERTEX_POINT ( 'NONE', #265 ) ;
#1604 = ORIENTED_EDGE ( 'NONE', *, *, #1348, .F. ) ;
#1603 = DIRECTION ( 'NONE',  ( 0.0000000000000000000, 0.9396926207859090900, 0.3420201433256667700 ) ) ;
#1605 = EDGE_LOOP ( 'NONE', ( #2454, #3801, #5259, #7601 ) ) ;
#1606 = CARTESIAN_POINT ( 'NONE',  ( 3.792022598519544400, 52.78691979585988000, 10.83404619769887800 ) ) ;
#1607 = CARTESIAN_POINT ( 'NONE',  ( -6.148453519841970300, -0.8766460801103619400, 33.74366150243964300 ) ) ;
#1608 = CARTESIAN_POINT ( 'NONE',  ( -10.06410161513778000, 3.000000000000000400, 16.01350168479047700 ) ) ;
#1609 = FACE_OUTER_BOUND ( 'NONE', #2098, .T. ) ;
#1610 = EDGE_CURVE ( 'NONE', #6570, #4803, #9210, .T. ) ;
#1611 = EDGE_LOOP ( 'NONE', ( #8991, #2357, #7092, #2497 ) ) ;
#1612 = ORIENTED_EDGE ( 'NONE', *, *, #10341, .F. ) ;
#1613 = VERTEX_POINT ( 'NONE', #8576 ) ;
#1614 = EDGE_CURVE ( 'NONE', #5414, #8229, #5068, .T. ) ;
#1615 = CARTESIAN_POINT ( 'NONE',  ( 3.400000000000005200, 38.80000000000000400, -10.90000000000000400 ) ) ;
#1616 = CARTESIAN_POINT ( 'NONE',  ( -4.599999999999992500, 0.0000000000000000000, -20.80000000000000400 ) ) ;
#1617 = VECTOR ( 'NONE', #6815, 1000.000000000000000 ) ;
#1618 = VECTOR ( 'NONE', #8669, 1000.000000000000000 ) ;
#1619 = DIRECTION ( 'NONE',  ( 0.0000000000000000000, 0.0000000000000000000, -1.000000000000000000 ) ) ;
#1620 = FACE_OUTER_BOUND ( 'NONE', #10599, .T. ) ;
#1621 = AXIS2_PLACEMENT_3D ( 'NONE', #2804, #8626, #6174 ) ;
#1622 = PLANE ( 'NONE',  #8586 ) ;
#1623 = EDGE_LOOP ( 'NONE', ( #5672, #8782, #2141, #7614 ) ) ;
#1624 = CARTESIAN_POINT ( 'NONE',  ( 7.000000000000005300, 33.07128129211017900, 9.400000000000002100 ) ) ;
#1625 = EDGE_CURVE ( 'NONE', #10245, #10160, #6578, .T. ) ;
#1626 = DIRECTION ( 'NONE',  ( -0.0000000000000000000, -1.000000000000000000, -0.0000000000000000000 ) ) ;
#1627 = CARTESIAN_POINT ( 'NONE',  ( 13.40000000000000200, 3.409594613782890100, 13.40193324087879400 ) ) ;
#1628 = FACE_OUTER_BOUND ( 'NONE', #4886, .T. ) ;
#1629 = DIRECTION ( 'NONE',  ( 0.0000000000000000000, -1.000000000000000000, 0.0000000000000000000 ) ) ;
#1630 = LINE ( 'NONE', #7834, #10740 ) ;
#1631 = CARTESIAN_POINT ( 'NONE',  ( 3.400000000000005200, 52.73947364538712200, -10.90000000000000400 ) ) ;
#1632 = FACE_OUTER_BOUND ( 'NONE', #3163, .T. ) ;
#1633 = CARTESIAN_POINT ( 'NONE',  ( -1.415047622299090600, 34.00000000000020600, 9.619263164512471300 ) ) ;
#1634 = VERTEX_POINT ( 'NONE', #3604 ) ;
#1635 = ADVANCED_FACE ( 'NONE', ( #8958 ), #876, .F. ) ;
#1636 = EDGE_CURVE ( 'NONE', #4123, #2458, #2545, .T. ) ;
#1637 = CARTESIAN_POINT ( 'NONE',  ( 7.935898384862279700, -4.499999999999991100, 18.66602540378446000 ) ) ;
#1638 = ORIENTED_EDGE ( 'NONE', *, *, #4966, .F. ) ;
#1639 = FACE_OUTER_BOUND ( 'NONE', #6148, .T. ) ;
#1640 = CARTESIAN_POINT ( 'NONE',  ( -35.19999999999999600, 3.400000000000023900, -3.469446951953614200E-015 ) ) ;
#1641 = CARTESIAN_POINT ( 'NONE',  ( -44.22702436849784400, -1.500000000000000000, 35.00000000000001400 ) ) ;
#1642 = CARTESIAN_POINT ( 'NONE',  ( 3.966057053435724000, 3.000000000000000400, 14.33589838486222200 ) ) ;
#1643 = CARTESIAN_POINT ( 'NONE',  ( -2.279420770476004800, 33.33316034911976500, -9.248804055940382800 ) ) ;
#1644 = ORIENTED_EDGE ( 'NONE', *, *, #3995, .F. ) ;
#1645 = CARTESIAN_POINT ( 'NONE',  ( 11.20000000000000100, 48.10000000000002300, 6.858022075225178600E-016 ) ) ;
#1646 = CARTESIAN_POINT ( 'NONE',  ( -2.319485250974802500, 33.55488640532679100, -11.00000000000000500 ) ) ;
#1647 = CLOSED_SHELL ( 'NONE', ( #6693, #8920, #9870, #2304, #4843, #8298, #79, #5058, #7342, #3224, #3335, #2406, #9401, #2625, #8470, #7668, #185, #7588, #5046, #5817, #8259, #5234, #2369, #5988, #3323, #768, #10081, #8365, #7723, #8417, #8039, #306, #8457, #10639, #4795, #9166, #6621, #10420, #9343, #6800, #10040, #9126, #2419, #5500, #7436, #6100, #3778, #7062, #1478, #7295, #4236, #10062, #1317, #7819, #5877, #7450, #4327, #4894, #6517, #920, #2017, #5551, #3210, #2318, #5602, #9235, #2512, #8637, #5137, #7573, #9601, #5100, #5662, #8905, #6359, #10747, #1030, #4879, #10363, #3171, #3392, #4170, #7230, #6764, #6568, #1263, #5176, #1491, #869, #4739, #4466, #4130, #2076, #5723, #7331, #2246, #10478, #8313, #253, #6030, #5975, #4834, #5921, #10601, #7552, #2793, #4681, #9063, #2670, #10704, #200, #4570, #673, #6464, #934, #9183, #3418, #3275, #1047, #3500, #8742, #733, #9821, #3951, #5115, #8350, #4310, #1378, #9112, #1102, #4257, #6305, #781, #4060, #8526, #1791, #9551, #4004, #1742, #9779, #5933, #6681, #5350, #1778, #7172, #5001, #4115, #2740, #8511, #461, #9074, #1532, #2685, #2610, #3728, #10652, #8961, #148, #2562, #7014, #3960, #3058, #883, #4983, #10255, #9936, #5763, #10132, #7400, #994, #134, #8696, #10588, #7539, #4809, #2521, #114, #10692, #981, #5448, #1546, #3157, #1805, #8403, #9502, #8975, #8091, #1757, #1687, #1157, #953, #2183, #7502, #9924, #5289, #8385, #5710, #4346, #3442, #1207, #8156, #3112, #3377, #560, #3625, #10758, #7655, #8201, #4276, #617, #4517, #8854, #41, #2457, #8577, #902, #2955, #4945, #715, #1855, #6259, #9834, #659, #10096, #2841, #6478, #9713, #2574, #22, #1967, #9253, #3835, #1648, #8243, #10204, #5217, #7925, #5778, #10148, #406, #5650, #7606, #10026, #3677, #627, #10536, #1635, #6959, #8800, #6635, #4412, #6840, #4075, #2351, #5395, #7278, #4222, #1441, #9988, #7773, #2130, #7386, #5161, #9023, #9287, #6201, #1430, #5865, #8437, #9658, #4185, #3261, #1910, #5079, #7115, #1592, #8195, #6044, #9275, #2897, #6532, #8141, #3458, #9220, #10306, #3122, #6413, #6745, #7485, #9450, #5956, #514, #5830, #4935, #6912, #1844, #9884, #6858, #9976, #3005, #832, #95, #818, #6145, #2587, #7977, #2473, #1581, #3568, #9329, #4620, #6584, #9009, #3514, #6786, #7874, #4016, #9762, #4290, #6734, #360, #8106, #3897, #1704 ) ) ;
#1648 = ADVANCED_FACE ( 'NONE', ( #378 ), #2319, .F. ) ;
#1649 = VECTOR ( 'NONE', #10228, 1000.000000000000000 ) ;
#1650 = VECTOR ( 'NONE', #1947, 1000.000000000000000 ) ;
#1651 = EDGE_CURVE ( 'NONE', #8673, #3610, #6755, .T. ) ;
#1652 = DIRECTION ( 'NONE',  ( 0.0000000000000000000, 0.0000000000000000000, -1.000000000000000000 ) ) ;
#1653 = ORIENTED_EDGE ( 'NONE', *, *, #625, .T. ) ;
#1654 = AXIS2_PLACEMENT_3D ( 'NONE', #7797, #353, #6178 ) ;
#1655 = DIRECTION ( 'NONE',  ( 0.0000000000000000000, 0.0000000000000000000, -1.000000000000000000 ) ) ;
#1656 = CARTESIAN_POINT ( 'NONE',  ( 24.06904231340660500, -1.820908167253634000, 1.865850079971905800 ) ) ;
#1657 = PLANE ( 'NONE',  #9712 ) ;
#1658 = CARTESIAN_POINT ( 'NONE',  ( -5.414988502441529400, 52.65837018413705600, -10.76666666666667100 ) ) ;
#1659 = LINE ( 'NONE', #1732, #6374 ) ;
#1660 = VECTOR ( 'NONE', #3757, 999.9999999999998900 ) ;
#1661 = B_SPLINE_CURVE_WITH_KNOTS ( 'NONE', 3,
 ( #5340, #3636, #6157, #1152 ),
 .UNSPECIFIED., .F., .F.,
 ( 4, 4 ),
 ( -4.495778883729224200E-006, 0.0003775161607630006200 ),
 .UNSPECIFIED. ) ;
#1662 = CARTESIAN_POINT ( 'NONE',  ( -8.199999999999992200, 48.10000000000002300, 9.400000000000002100 ) ) ;
#1663 = CARTESIAN_POINT ( 'NONE',  ( 3.900000000000005200, 52.29999999999999700, -10.50000000000000400 ) ) ;
#1664 = EDGE_CURVE ( 'NONE', #2776, #10242, #630, .T. ) ;
#1665 = VERTEX_POINT ( 'NONE', #375 ) ;
#1666 = DIRECTION ( 'NONE',  ( 0.3236155771181814500, -0.8891264907159907000, -0.3236155771181814000 ) ) ;
#1667 = AXIS2_PLACEMENT_3D ( 'NONE', #4392, #233, #6061 ) ;
#1668 = CARTESIAN_POINT ( 'NONE',  ( -1.456113298449988700, 49.69085246544612700, 9.799999999999997200 ) ) ;
#1669 = CIRCLE ( 'NONE', #6224, 4.000000000000000000 ) ;
#1670 = ORIENTED_EDGE ( 'NONE', *, *, #9970, .T. ) ;
#1671 = FACE_OUTER_BOUND ( 'NONE', #6137, .T. ) ;
#1672 = EDGE_LOOP ( 'NONE', ( #5063, #10689, #6443, #5053, #10684 ) ) ;
#1673 = ORIENTED_EDGE ( 'NONE', *, *, #8036, .T. ) ;
#1674 = ORIENTED_EDGE ( 'NONE', *, *, #8585, .T. ) ;
#1675 = ORIENTED_EDGE ( 'NONE', *, *, #9752, .T. ) ;
#1676 = EDGE_CURVE ( 'NONE', #4500, #2288, #4554, .T. ) ;
#1677 = CARTESIAN_POINT ( 'NONE',  ( -44.22702436849784400, -0.3510874706924105300, 34.20000000000000300 ) ) ;
#1678 = CARTESIAN_POINT ( 'NONE',  ( 7.820898051672176400, 3.000000000000002700, 11.47556293385728000 ) ) ;
#1679 = CARTESIAN_POINT ( 'NONE',  ( -10.06410161513777100, 3.000000000000000400, -18.66602540378440600 ) ) ;
#1680 = CYLINDRICAL_SURFACE ( 'NONE', #5179, 1.000000000000000900 ) ;
#1681 = EDGE_CURVE ( 'NONE', #7860, #10694, #125, .T. ) ;
#1682 = VECTOR ( 'NONE', #3365, 1000.000000000000000 ) ;
#1683 = EDGE_LOOP ( 'NONE', ( #10104, #410, #7958, #6639 ) ) ;
#1684 = EDGE_LOOP ( 'NONE', ( #290, #2011, #8775, #6425, #10257, #10723 ) ) ;
#1685 = AXIS2_PLACEMENT_3D ( 'NONE', #8450, #3475, #9285 ) ;
#1686 = CARTESIAN_POINT ( 'NONE',  ( -5.280763603158440000, 5.270382627664432100, 20.05892901762747400 ) ) ;
#1687 = ADVANCED_FACE ( 'NONE', ( #6496 ), #9516, .F. ) ;
#1688 = EDGE_LOOP ( 'NONE', ( #9342, #6563, #10746, #3411 ) ) ;
#1689 = DIRECTION ( 'NONE',  ( 0.0000000000000000000, -1.000000000000000000, 0.0000000000000000000 ) ) ;
#1690 = CARTESIAN_POINT ( 'NONE',  ( -30.00024368684214000, 5.000000000000000900, 29.61764762517408700 ) ) ;
#1691 = TOROIDAL_SURFACE ( 'NONE', #6697, 0.1000000000000008500, 0.4000000000000000200 ) ;
#1692 = EDGE_CURVE ( 'NONE', #2776, #9824, #6245, .T. ) ;
#1693 = CARTESIAN_POINT ( 'NONE',  ( -11.19999999999999900, 50.89999999999999900, 11.30000000000000200 ) ) ;
#1694 = DIRECTION ( 'NONE',  ( 0.0000000000000000000, -1.000000000000000000, -0.0000000000000000000 ) ) ;
#1695 = ORIENTED_EDGE ( 'NONE', *, *, #9970, .F. ) ;
#1696 = LINE ( 'NONE', #8933, #10018 ) ;
#1697 = ORIENTED_EDGE ( 'NONE', *, *, #3867, .T. ) ;
#1698 = AXIS2_PLACEMENT_3D ( 'NONE', #6740, #7564, #2534 ) ;
#1699 = CARTESIAN_POINT ( 'NONE',  ( -9.799999999999993600, 50.79999999999999700, 9.400000000000002100 ) ) ;
#1701 = EDGE_LOOP ( 'NONE', ( #3785, #9811, #8488, #5335 ) ) ;
#1700 = CARTESIAN_POINT ( 'NONE',  ( -1.367509333661983200, 33.79999999999999700, 8.979274057836304800 ) ) ;
#1702 = ORIENTED_EDGE ( 'NONE', *, *, #10523, .F. ) ;
#1703 = DIRECTION ( 'NONE',  ( 0.03309444466356215700, 0.0000000000000000000, 0.9994522288395830700 ) ) ;
#1704 = ADVANCED_FACE ( 'NONE', ( #2042 ), #7061, .T. ) ;
#1705 = CARTESIAN_POINT ( 'NONE',  ( 0.4183414379020997100, 30.50000000000001100, 11.13480762113532800 ) ) ;
#1706 = CARTESIAN_POINT ( 'NONE',  ( 6.943693519319972500, 33.79999999999999700, 8.979274057836292400 ) ) ;
#1707 = CARTESIAN_POINT ( 'NONE',  ( 0.1500000000000059300, 33.05000000000000400, -12.60000000000000300 ) ) ;
#1708 = ORIENTED_EDGE ( 'NONE', *, *, #10725, .T. ) ;
#1709 = VECTOR ( 'NONE', #7249, 999.9999999999998900 ) ;
#1710 = ORIENTED_EDGE ( 'NONE', *, *, #4562, .T. ) ;
#1711 = ORIENTED_EDGE ( 'NONE', *, *, #5969, .T. ) ;
#1712 = DIRECTION ( 'NONE',  ( 0.0000000000000000000, -1.000000000000000000, 0.0000000000000000000 ) ) ;
#1713 = DIRECTION ( 'NONE',  ( 0.0000000000000000000, 0.0000000000000000000, -1.000000000000000000 ) ) ;
#1714 = CARTESIAN_POINT ( 'NONE',  ( 11.19999999999999900, 50.89999999999999900, 4.114813245135106300E-015 ) ) ;
#1715 = CARTESIAN_POINT ( 'NONE',  ( 3.400000000000007000, 33.80000000000000400, -13.00000000000000400 ) ) ;
#1716 = DIRECTION ( 'NONE',  ( 0.0000000000000000000, 0.0000000000000000000, 1.000000000000000000 ) ) ;
#1717 = CIRCLE ( 'NONE', #6823, 1.599999999999999900 ) ;
#1718 = AXIS2_PLACEMENT_3D ( 'NONE', #5941, #923, #6768 ) ;
#1719 = VERTEX_POINT ( 'NONE', #6241 ) ;
#1720 = ORIENTED_EDGE ( 'NONE', *, *, #1191, .T. ) ;
#1721 = VERTEX_POINT ( 'NONE', #4603 ) ;
#1722 = DIRECTION ( 'NONE',  ( -1.000000000000000000, 0.0000000000000000000, 0.0000000000000000000 ) ) ;
#1723 = CARTESIAN_POINT ( 'NONE',  ( -36.65763684056778300, -2.036829622704040800, -33.70143638515329300 ) ) ;
#1724 = CARTESIAN_POINT ( 'NONE',  ( -6.599999999999993400, 20.74968880069896200, 9.800000000000002500 ) ) ;
#1725 = LINE ( 'NONE', #3453, #8116 ) ;
#1726 = CARTESIAN_POINT ( 'NONE',  ( -8.948805684721969900, -3.000000000000000000, -34.10000000000002300 ) ) ;
#1727 = EDGE_CURVE ( 'NONE', #8972, #6037, #10364, .T. ) ;
#1728 = ORIENTED_EDGE ( 'NONE', *, *, #1676, .T. ) ;
#1729 = EDGE_LOOP ( 'NONE', ( #5893, #9215, #5396, #5275 ) ) ;
#1730 = VERTEX_POINT ( 'NONE', #438 ) ;
#1731 = CARTESIAN_POINT ( 'NONE',  ( 13.39312863038751400, 3.418878932851070500, -16.03435814724387500 ) ) ;
#1732 = CARTESIAN_POINT ( 'NONE',  ( -35.19999999999999600, -0.0000000000000000000, -3.469446951953614200E-015 ) ) ;
#1733 = FACE_OUTER_BOUND ( 'NONE', #1605, .T. ) ;
#1734 = PRESENTATION_LAYER_ASSIGNMENT (  '', '', ( #1186 ) ) ;
#1735 = DIRECTION ( 'NONE',  ( 0.0000000000000000000, 0.0000000000000000000, 1.000000000000000000 ) ) ;
#1736 =( BOUNDED_CURVE ( )  B_SPLINE_CURVE ( 3, ( #5186, #688, #10651, #9816 ),
 .UNSPECIFIED., .F., .F. ) 
 B_SPLINE_CURVE_WITH_KNOTS ( ( 4, 4 ),
 ( 3.141592653589793100, 3.926990816987240100 ),
 .UNSPECIFIED. ) 
 CURVE ( )  GEOMETRIC_REPRESENTATION_ITEM ( )  RATIONAL_B_SPLINE_CURVE ( ( 1.000000000000000000, 0.9492530216741912300, 0.9492530216741912300, 1.000000000000000000 ) ) 
 REPRESENTATION_ITEM ( '' )  );
#1737 = DIRECTION ( 'NONE',  ( 0.3236155771181817300, -0.8891264907159905900, 0.3236155771181814500 ) ) ;
#1738 = EDGE_LOOP ( 'NONE', ( #2430, #10087, #5806, #2276, #8831, #6155, #4762, #8561, #8478, #2464, #6523, #81, #4667 ) ) ;
#1739 = ORIENTED_EDGE ( 'NONE', *, *, #9177, .T. ) ;
#1740 = EDGE_CURVE ( 'NONE', #7748, #10063, #4022, .T. ) ;
#1741 = ORIENTED_EDGE ( 'NONE', *, *, #9019, .T. ) ;
#1742 = ADVANCED_FACE ( 'NONE', ( #8427 ), #1783, .T. ) ;
#1743 = EDGE_CURVE ( 'NONE', #10676, #452, #1528, .T. ) ;
#1744 = ORIENTED_EDGE ( 'NONE', *, *, #5162, .T. ) ;
#1745 = PRODUCT_DEFINITION_SHAPE ( 'NONE', 'NONE',  #5116 ) ;
#1746 = CYLINDRICAL_SURFACE ( 'NONE', #1426, 1.600000000000000800 ) ;
#1747 = AXIS2_PLACEMENT_3D ( 'NONE', #6659, #7855, #1652 ) ;
#1748 = CARTESIAN_POINT ( 'NONE',  ( 3.400000000000003900, 52.45113308919623300, 10.90000000000000400 ) ) ;
#1749 = CIRCLE ( 'NONE', #802, 9.841154273188019300 ) ;
#1750 = DIRECTION ( 'NONE',  ( -1.000000000000000000, 0.0000000000000000000, 0.0000000000000000000 ) ) ;
#1751 = EDGE_LOOP ( 'NONE', ( #5509, #4820, #3645, #8762 ) ) ;
#1752 = CARTESIAN_POINT ( 'NONE',  ( 11.20000000000000100, 4.999999999999997300, -13.00000000000000400 ) ) ;
#1753 = VERTEX_POINT ( 'NONE', #7136 ) ;
#1754 = CARTESIAN_POINT ( 'NONE',  ( -34.57941409319108300, 5.000000000000000000, 1.145013711695061600 ) ) ;
#1755 = LINE ( 'NONE', #512, #8667 ) ;
#1756 = VECTOR ( 'NONE', #8118, 1000.000000000000000 ) ;
#1757 = ADVANCED_FACE ( 'NONE', ( #7915 ), #7659, .T. ) ;
#1758 = EDGE_CURVE ( 'NONE', #4624, #2729, #5983, .T. ) ;
#1759 = VECTOR ( 'NONE', #1597, 1000.000000000000000 ) ;
#1760 = LINE ( 'NONE', #6446, #7370 ) ;
#1761 = EDGE_CURVE ( 'NONE', #8972, #8126, #5724, .T. ) ;
#1762 = DIRECTION ( 'NONE',  ( 0.0000000000000000000, 0.0000000000000000000, 1.000000000000000000 ) ) ;
#1763 = EDGE_LOOP ( 'NONE', ( #10421, #7352, #6068, #10499 ) ) ;
#1764 = CARTESIAN_POINT ( 'NONE',  ( -35.85639169593591900, -0.5811837508972871300, -33.94193879173678900 ) ) ;
#1766 = ORIENTED_EDGE ( 'NONE', *, *, #3014, .F. ) ;
#1765 = CARTESIAN_POINT ( 'NONE',  ( -4.599999999999994300, 51.19999999999999600, -13.00000000000000400 ) ) ;
#1767 = CIRCLE ( 'NONE', #1747, 0.4411542731880182500 ) ;
#1768 = ORIENTED_EDGE ( 'NONE', *, *, #10670, .F. ) ;
#1769 = DIRECTION ( 'NONE',  ( 0.0000000000000000000, 0.0000000000000000000, 1.000000000000000000 ) ) ;
#1770 = VECTOR ( 'NONE', #2558, 1000.000000000000200 ) ;
#1771 = AXIS2_PLACEMENT_3D ( 'NONE', #6812, #2641, #8466 ) ;
#1772 = ORIENTED_EDGE ( 'NONE', *, *, #5193, .T. ) ;
#1773 = CARTESIAN_POINT ( 'NONE',  ( 11.20000000000000100, 52.79999999999999700, 6.858022075225178600E-016 ) ) ;
#1774 = CARTESIAN_POINT ( 'NONE',  ( -4.886192547124208500, 52.73774451017705200, 10.78409504372314000 ) ) ;
#1775 = CARTESIAN_POINT ( 'NONE',  ( 0.09812698147770634900, 34.13475005891300600, 9.523892699873618600 ) ) ;
#1776 = CARTESIAN_POINT ( 'NONE',  ( -1.140169221625368500, 29.11579402454108100, 11.68370163870718100 ) ) ;
#1777 = LINE ( 'NONE', #607, #10354 ) ;
#1778 = ADVANCED_FACE ( 'NONE', ( #5468 ), #4838, .F. ) ;
#1779 = LINE ( 'NONE', #10088, #7911 ) ;
#1780 = EDGE_CURVE ( 'NONE', #1909, #9154, #9591, .T. ) ;
#1781 = PLANE ( 'NONE',  #6881 ) ;
#1782 = CARTESIAN_POINT ( 'NONE',  ( -2.884547686177434800E-015, 33.79999999999999700, 8.979274057836290600 ) ) ;
#1783 = TOROIDAL_SURFACE ( 'NONE', #8930, 0.1000000000000008500, 0.4000000000000000200 ) ;
#1784 = CARTESIAN_POINT ( 'NONE',  ( 13.40000000000000600, 3.400000000000023900, -19.80000000000000100 ) ) ;
#1785 = CARTESIAN_POINT ( 'NONE',  ( 0.2682695588643092500, 29.65624228885567200, 11.37167368782191800 ) ) ;
#1786 = LINE ( 'NONE', #4959, #4555 ) ;
#1787 = CARTESIAN_POINT ( 'NONE',  ( -9.358845726811971100, 50.10717967697243600, 9.400000000000002100 ) ) ;
#1788 = CARTESIAN_POINT ( 'NONE',  ( -0.5367646814325045500, 52.81990284774145300, 10.24208025555776100 ) ) ;
#1789 = VERTEX_POINT ( 'NONE', #513 ) ;
#1790 = CONICAL_SURFACE ( 'NONE', #6016, 12.41764762517408200, 0.3490658503988639000 ) ;
#1791 = ADVANCED_FACE ( 'NONE', ( #9855 ), #4755, .T. ) ;
#1792 = CARTESIAN_POINT ( 'NONE',  ( 3.400000000000007000, 52.79999999999999700, -12.41764762517408200 ) ) ;
#1793 = VECTOR ( 'NONE', #8343, 1000.000000000000100 ) ;
#1794 = DIRECTION ( 'NONE',  ( 1.314184451497581000E-016, 0.0000000000000000000, -1.000000000000000000 ) ) ;
#1795 =( BOUNDED_SURFACE ( )  B_SPLINE_SURFACE ( 3, 2, ( 
 ( #3841, #10483, #6365 ),
 ( #1362, #7194, #2187 ),
 ( #8024, #3024, #8858 ),
 ( #3884, #9679, #4744 ) ),
 .UNSPECIFIED., .F., .F., .T. ) 
 B_SPLINE_SURFACE_WITH_KNOTS ( ( 4, 4 ),
 ( 3, 3 ),
 ( 4.895806086892104500, 4.943280460287773800 ),
 ( 0.0000000000000000000, 1.000000000000000000 ),
 .UNSPECIFIED. ) 
 GEOMETRIC_REPRESENTATION_ITEM ( )  RATIONAL_B_SPLINE_SURFACE ( (
 ( 1.000000000000000000, 0.7653074323743575000, 1.000000000000000000),
 ( 1.000000000000000000, 0.7700836205904365600, 1.000000000000000000),
 ( 1.000000000000000000, 0.7747940592816104900, 1.000000000000000000),
 ( 1.000000000000000000, 0.7794370944184572100, 1.000000000000000000) ) ) 
 REPRESENTATION_ITEM ( '' )  SURFACE ( )  );
#1796 = CARTESIAN_POINT ( 'NONE',  ( 0.6302379375155581200, 30.92745599501853700, 10.63773811237192700 ) ) ;
#1797 = CARTESIAN_POINT ( 'NONE',  ( 0.1500000000000043500, 36.80000000000000400, -13.00000000000000400 ) ) ;
#1798 = CARTESIAN_POINT ( 'NONE',  ( 12.81764762517409300, 5.000000000000000000, 13.76444735056200300 ) ) ;
#1799 = EDGE_CURVE ( 'NONE', #5787, #3575, #10671, .T. ) ;
#1800 = VECTOR ( 'NONE', #991, 1000.000000000000000 ) ;
#1801 = VECTOR ( 'NONE', #4431, 1000.000000000000100 ) ;
#1802 = CARTESIAN_POINT ( 'NONE',  ( -6.599999999999992500, 50.10717967697243600, -6.641154273188023500 ) ) ;
#1803 = EDGE_CURVE ( 'NONE', #4969, #7966, #6824, .T. ) ;
#1804 = DIRECTION ( 'NONE',  ( -0.03309444466356215700, -0.0000000000000000000, -0.9994522288395830700 ) ) ;
#1805 = ADVANCED_FACE ( 'NONE', ( #9336 ), #10750, .F. ) ;
#1806 = CARTESIAN_POINT ( 'NONE',  ( -6.599999999999994300, 36.79999999999999700, -11.00000000000000400 ) ) ;
#1807 = ORIENTED_EDGE ( 'NONE', *, *, #7417, .T. ) ;
#1808 = AXIS2_PLACEMENT_3D ( 'NONE', #5300, #5339, #1112 ) ;
#1809 = ORIENTED_EDGE ( 'NONE', *, *, #8296, .F. ) ;
#1810 = ORIENTED_EDGE ( 'NONE', *, *, #10133, .F. ) ;
#1811 = LINE ( 'NONE', #6818, #9878 ) ;
#1812 = CARTESIAN_POINT ( 'NONE',  ( -9.358845726811974700, 50.79999999999999700, -9.400000000000002100 ) ) ;
#1813 = EDGE_CURVE ( 'NONE', #3575, #7748, #7402, .T. ) ;
#1814 = DIRECTION ( 'NONE',  ( -0.0000000000000000000, 1.000000000000000000, -0.0000000000000000000 ) ) ;
#1815 = DIRECTION ( 'NONE',  ( -1.000000000000000000, -0.0000000000000000000, -0.0000000000000000000 ) ) ;
#1816 = VECTOR ( 'NONE', #9101, 1000.000000000000100 ) ;
#1817 = ORIENTED_EDGE ( 'NONE', *, *, #2945, .F. ) ;
#1818 = DIRECTION ( 'NONE',  ( 0.0000000000000000000, -0.0000000000000000000, -1.000000000000000000 ) ) ;
#1819 = EDGE_CURVE ( 'NONE', #4321, #1634, #4890, .T. ) ;
#1820 = EDGE_LOOP ( 'NONE', ( #8110, #3912, #8828, #6332 ) ) ;
#1821 = ORIENTED_EDGE ( 'NONE', *, *, #2523, .T. ) ;
#1822 = B_SPLINE_CURVE_WITH_KNOTS ( 'NONE', 3,
 ( #3667, #5369, #1178, #7018, #2003, #7845, #2845, #8684, #3700, #9506, #4557, #10333, #5399, #392, #6226, #1215 ),
 .UNSPECIFIED., .F., .F.,
 ( 4, 2, 2, 2, 2, 2, 2, 4 ),
 ( 0.003728406369855999200, 0.004660993430256164500, 0.005593580490656328000, 0.006059874020856406700, 0.006526167551056484600, 0.006992461081256562400, 0.007225607846356604800, 0.007458754611456645500 ),
 .UNSPECIFIED. ) ;
#1823 = ORIENTED_EDGE ( 'NONE', *, *, #3260, .F. ) ;
#1824 = AXIS2_PLACEMENT_3D ( 'NONE', #4933, #5781, #766 ) ;
#1825 = CARTESIAN_POINT ( 'NONE',  ( -32.31851730892844200, -3.000000000000000900, -26.58767375912321300 ) ) ;
#1826 = LINE ( 'NONE', #1765, #8213 ) ;
#1827 = ORIENTED_EDGE ( 'NONE', *, *, #254, .T. ) ;
#1828 = DIRECTION ( 'NONE',  ( -1.000000000000000000, 0.0000000000000000000, 0.0000000000000000000 ) ) ;
#1829 = EDGE_CURVE ( 'NONE', #6570, #6286, #1006, .T. ) ;
#1830 = CARTESIAN_POINT ( 'NONE',  ( 0.9049843343865283700, 32.75943467452709300, 9.580044728607479200 ) ) ;
#1831 = ORIENTED_EDGE ( 'NONE', *, *, #5295, .T. ) ;
#1832 = ORIENTED_EDGE ( 'NONE', *, *, #2375, .T. ) ;
#1833 = CARTESIAN_POINT ( 'NONE',  ( 8.600000000000003200, 30.30000000000000800, -11.00000000000000400 ) ) ;
#1834 = ORIENTED_EDGE ( 'NONE', *, *, #238, .T. ) ;
#1835 = DIRECTION ( 'NONE',  ( 0.0000000000000000000, -1.000000000000000000, 0.0000000000000000000 ) ) ;
#1836 = LINE ( 'NONE', #3572, #8226 ) ;
#1837 = EDGE_CURVE ( 'NONE', #9921, #2393, #1003, .T. ) ;
#1838 = CARTESIAN_POINT ( 'NONE',  ( 3.400000000000003900, 52.79999999999999700, 10.90000000000000400 ) ) ;
#1839 = ORIENTED_EDGE ( 'NONE', *, *, #780, .F. ) ;
#1840 = CARTESIAN_POINT ( 'NONE',  ( 3.400000000000005200, 52.79999999999999700, -10.90000000000000400 ) ) ;
#1841 = ORIENTED_EDGE ( 'NONE', *, *, #4374, .T. ) ;
#1842 = DIRECTION ( 'NONE',  ( -1.000000000000000000, 0.0000000000000000000, 0.0000000000000000000 ) ) ;
#1843 = EDGE_LOOP ( 'NONE', ( #6739, #2751, #33, #5964 ) ) ;
#1844 = ADVANCED_FACE ( 'NONE', ( #499 ), #4989, .F. ) ;
#1845 = VECTOR ( 'NONE', #8834, 1000.000000000000000 ) ;
#1846 = CARTESIAN_POINT ( 'NONE',  ( 3.541629815862950000, 52.61498850244153400, -10.76666666666666900 ) ) ;
#1847 = EDGE_LOOP ( 'NONE', ( #8902, #2856, #1262, #3707 ) ) ;
#1848 = DIRECTION ( 'NONE',  ( -0.0000000000000000000, 1.000000000000000000, -0.0000000000000000000 ) ) ;
#1850 = ORIENTED_EDGE ( 'NONE', *, *, #7525, .T. ) ;
#1849 = DIRECTION ( 'NONE',  ( 0.4472135954999609300, -0.7745966692414798500, -0.4472135954999609300 ) ) ;
#1851 = ORIENTED_EDGE ( 'NONE', *, *, #8300, .T. ) ;
#1852 = DIRECTION ( 'NONE',  ( 2.502005013428087100E-016, 0.0000000000000000000, -1.000000000000000000 ) ) ;
#1853 = CARTESIAN_POINT ( 'NONE',  ( -6.599999999999992500, 48.10000000000002300, -9.400000000000003900 ) ) ;
#1854 = DIRECTION ( 'NONE',  ( 0.0000000000000000000, -0.8660254037844366000, 0.5000000000000035500 ) ) ;
#1855 = ADVANCED_FACE ( 'NONE', ( #749 ), #10016, .T. ) ;
#1856 = LINE ( 'NONE', #4859, #8245 ) ;
#1857 = ORIENTED_EDGE ( 'NONE', *, *, #2157, .T. ) ;
#1858 = ORIENTED_EDGE ( 'NONE', *, *, #4270, .T. ) ;
#1859 = VERTEX_POINT ( 'NONE', #890 ) ;
#1860 = CARTESIAN_POINT ( 'NONE',  ( 4.954700538379256600, 3.000000000000002700, 11.06321491760224700 ) ) ;
#1861 = DIRECTION ( 'NONE',  ( -0.0000000000000000000, 0.0000000000000000000, 1.000000000000000000 ) ) ;
#1862 = DIRECTION ( 'NONE',  ( -0.0000000000000000000, 0.5000000000000006700, 0.8660254037844383700 ) ) ;
#1863 = CARTESIAN_POINT ( 'NONE',  ( 3.413681633533337800, 52.16849809665473700, -10.86695313951631500 ) ) ;
#1864 = DIRECTION ( 'NONE',  ( 0.0000000000000000000, 0.0000000000000000000, 1.000000000000000000 ) ) ;
#1865 = EDGE_CURVE ( 'NONE', #7216, #2913, #5208, .T. ) ;
#1866 = CYLINDRICAL_SURFACE ( 'NONE', #4530, 11.00000000000000400 ) ;
#1867 = ORIENTED_EDGE ( 'NONE', *, *, #9240, .F. ) ;
#1868 = EDGE_LOOP ( 'NONE', ( #5429, #308, #1867, #10462, #6913, #10490 ) ) ;
#1869 = ORIENTED_EDGE ( 'NONE', *, *, #2094, .F. ) ;
#1870 = CARTESIAN_POINT ( 'NONE',  ( -34.12741212423126300, 3.742089980426105600, 28.62987375614716300 ) ) ;
#1871 = DIRECTION ( 'NONE',  ( -0.0000000000000000000, 0.0000000000000000000, -1.000000000000000000 ) ) ;
#1872 = CARTESIAN_POINT ( 'NONE',  ( 13.69026644067500900, 4.999999999999996400, -12.75925440825003100 ) ) ;
#1873 = LINE ( 'NONE', #2683, #8525 ) ;
#1874 = CARTESIAN_POINT ( 'NONE',  ( -0.03504688533671317800, 28.99474411167425500, 11.75358983848622600 ) ) ;
#1875 = ORIENTED_EDGE ( 'NONE', *, *, #2172, .F. ) ;
#1876 = CARTESIAN_POINT ( 'NONE',  ( 11.19999999999999900, 52.79999999999999700, 11.30000000000000600 ) ) ;
#1877 = LINE ( 'NONE', #1134, #6083 ) ;
#1878 = CARTESIAN_POINT ( 'NONE',  ( -6.599999999999993400, 3.000000000000000400, -24.73589838486222400 ) ) ;
#1879 = EDGE_CURVE ( 'NONE', #7102, #6161, #6889, .T. ) ;
#1880 = VERTEX_POINT ( 'NONE', #9224 ) ;
#1881 = ORIENTED_EDGE ( 'NONE', *, *, #2397, .T. ) ;
#1882 = ORIENTED_EDGE ( 'NONE', *, *, #3790, .F. ) ;
#1883 = EDGE_CURVE ( 'NONE', #10245, #9939, #4932, .T. ) ;
#1884 = AXIS2_PLACEMENT_3D ( 'NONE', #5549, #893, #545 ) ;
#1885 = LINE ( 'NONE', #9052, #3862 ) ;
#1886 = FACE_OUTER_BOUND ( 'NONE', #1893, .T. ) ;
#1887 = DIRECTION ( 'NONE',  ( -1.000000000000000000, 0.0000000000000000000, 0.0000000000000000000 ) ) ;
#1888 = CARTESIAN_POINT ( 'NONE',  ( 5.800000000000003400, 51.20000000000001000, 15.00000000000000400 ) ) ;
#1889 = CARTESIAN_POINT ( 'NONE',  ( 13.40000000000000600, 0.0000000000000000000, -19.80000000000000100 ) ) ;
#1890 = DIRECTION ( 'NONE',  ( 0.0000000000000000000, 1.000000000000000000, -2.503857664561900200E-015 ) ) ;
#1891 = EDGE_CURVE ( 'NONE', #2348, #1613, #9076, .T. ) ;
#1892 = VERTEX_POINT ( 'NONE', #925 ) ;
#1893 = EDGE_LOOP ( 'NONE', ( #602, #903, #7204, #9168 ) ) ;
#1894 = LINE ( 'NONE', #6192, #6104 ) ;
#1895 = EDGE_CURVE ( 'NONE', #8519, #7691, #2168, .T. ) ;
#1896 = CARTESIAN_POINT ( 'NONE',  ( 8.158845726811987800, 50.79999999999999700, 9.400000000000002100 ) ) ;
#1897 = AXIS2_PLACEMENT_3D ( 'NONE', #5622, #621, #6449 ) ;
#1898 = CARTESIAN_POINT ( 'NONE',  ( -6.599999999999992500, 50.79999999999999700, 6.641154273188021800 ) ) ;
#1899 = DIRECTION ( 'NONE',  ( -0.0000000000000000000, 0.0000000000000000000, 1.000000000000000000 ) ) ;
#1900 = CARTESIAN_POINT ( 'NONE',  ( 3.400000000000005200, 50.89999999999999900, -9.800000000000002500 ) ) ;
#1901 = CARTESIAN_POINT ( 'NONE',  ( 3.900000000000003900, 52.29999999999999700, 10.90000000000000400 ) ) ;
#1902 = AXIS2_PLACEMENT_3D ( 'NONE', #4590, #10367, #5434 ) ;
#1903 = LINE ( 'NONE', #1074, #2437 ) ;
#1904 = LINE ( 'NONE', #8809, #8297 ) ;
#1905 = CARTESIAN_POINT ( 'NONE',  ( 23.59695025252360500, -10.80000000000000100, -11.50687466109645400 ) ) ;
#1906 = VERTEX_POINT ( 'NONE', #2597 ) ;
#1907 = CARTESIAN_POINT ( 'NONE',  ( -11.19999999999999800, 52.79999999999999700, 12.41764762517407500 ) ) ;
#1908 = DIRECTION ( 'NONE',  ( -1.000000000000000000, -0.0000000000000000000, -0.0000000000000000000 ) ) ;
#1909 = VERTEX_POINT ( 'NONE', #9261 ) ;
#1910 = ADVANCED_FACE ( 'NONE', ( #8821 ), #2937, .T. ) ;
#1911 = DIRECTION ( 'NONE',  ( 0.0000000000000000000, -0.8660254037844367100, 0.5000000000000034400 ) ) ;
#1912 = CARTESIAN_POINT ( 'NONE',  ( -6.599999999999992500, 50.79999999999999700, 9.400000000000002100 ) ) ;
#1913 = LINE ( 'NONE', #5074, #6117 ) ;
#1914 = ORIENTED_EDGE ( 'NONE', *, *, #915, .F. ) ;
#1915 = LINE ( 'NONE', #7109, #6376 ) ;
#1916 = EDGE_CURVE ( 'NONE', #2074, #9174, #9866, .T. ) ;
#1917 = AXIS2_PLACEMENT_3D ( 'NONE', #7213, #2210, #8043 ) ;
#1918 = DIRECTION ( 'NONE',  ( -1.000000000000000000, 0.0000000000000000000, 2.628368902995160100E-016 ) ) ;
#1919 = CARTESIAN_POINT ( 'NONE',  ( -5.182352374825900800, 5.000000000000000000, -20.15734024596000400 ) ) ;
#1920 = CARTESIAN_POINT ( 'NONE',  ( -11.20000000000000100, 50.79999999999999700, 6.858022075225178600E-016 ) ) ;
#1921 = DIRECTION ( 'NONE',  ( -1.000000000000000000, -1.239088197126291100E-016, 0.0000000000000000000 ) ) ;
#1922 = CARTESIAN_POINT ( 'NONE',  ( 1.843913096595808400, 32.10107261927365100, -9.960150238432286000 ) ) ;
#1923 = CARTESIAN_POINT ( 'NONE',  ( 14.17142857142857600, 0.0000000000000000000, -12.65585288492632700 ) ) ;
#1924 = DIRECTION ( 'NONE',  ( -0.0000000000000000000, -1.000000000000000000, -0.0000000000000000000 ) ) ;
#1925 = VECTOR ( 'NONE', #6436, 1000.000000000000000 ) ;
#1926 = DIRECTION ( 'NONE',  ( 0.3236155771181817300, -0.8891264907159907000, 0.3236155771181814500 ) ) ;
#1927 = VECTOR ( 'NONE', #2924, 1000.000000000000000 ) ;
#1928 = ORIENTED_EDGE ( 'NONE', *, *, #9205, .F. ) ;
#1929 =( BOUNDED_CURVE ( )  B_SPLINE_CURVE ( 3, ( #1529, #9031, #4056, #9856 ),
 .UNSPECIFIED., .F., .F. ) 
 B_SPLINE_CURVE_WITH_KNOTS ( ( 4, 4 ),
 ( 2.414817599270094200, 3.868367707909491600 ),
 .UNSPECIFIED. ) 
 CURVE ( )  GEOMETRIC_REPRESENTATION_ITEM ( )  RATIONAL_B_SPLINE_CURVE ( ( 1.000000000000000000, 0.8315474279732688600, 0.8315474279732688600, 1.000000000000000000 ) ) 
 REPRESENTATION_ITEM ( '' )  );
#1930 = EDGE_CURVE ( 'NONE', #3799, #8890, #4151, .T. ) ;
#1931 = AXIS2_PLACEMENT_3D ( 'NONE', #8380, #2553, #7547 ) ;
#1932 = CARTESIAN_POINT ( 'NONE',  ( -4.656788388810174000, 52.08153768057682200, 10.76666666666667100 ) ) ;
#1933 = CARTESIAN_POINT ( 'NONE',  ( 11.20000000000000100, 50.10717967697243600, -9.841154273188022800 ) ) ;
#1934 = CIRCLE ( 'NONE', #3479, 11.30000000000000200 ) ;
#1935 = CARTESIAN_POINT ( 'NONE',  ( -0.9411339456664426000, 33.45112688117726000, 9.180696046900413500 ) ) ;
#1936 = PLANE ( 'NONE',  #8176 ) ;
#1937 = LINE ( 'NONE', #8149, #1682 ) ;
#1938 = CARTESIAN_POINT ( 'NONE',  ( 24.10581264392134300, -1.899999999999999900, -1.562049935181336400 ) ) ;
#1939 = DIRECTION ( 'NONE',  ( -1.567410432191813800E-016, 0.3420201433256697700, 0.9396926207859080900 ) ) ;
#1940 = VERTEX_POINT ( 'NONE', #3446 ) ;
#1941 = ORIENTED_EDGE ( 'NONE', *, *, #10512, .T. ) ;
#1942 = EDGE_CURVE ( 'NONE', #3539, #1859, #10503, .T. ) ;
#1943 = CARTESIAN_POINT ( 'NONE',  ( -1.109515093523428100, 33.66817826522367300, 9.410930511574294500 ) ) ;
#1944 = CARTESIAN_POINT ( 'NONE',  ( -4.613080204140033800, 52.19202259851978500, -10.83404619769884100 ) ) ;
#1945 = FACE_OUTER_BOUND ( 'NONE', #763, .T. ) ;
#1946 = EDGE_CURVE ( 'NONE', #7748, #6234, #1903, .T. ) ;
#1947 = DIRECTION ( 'NONE',  ( 1.000000000000000000, -0.0000000000000000000, -0.0000000000000000000 ) ) ;
#1948 = CARTESIAN_POINT ( 'NONE',  ( -8.948805684721969900, 0.0000000000000000000, -34.20000000000001700 ) ) ;
#1949 = AXIS2_PLACEMENT_3D ( 'NONE', #992, #8485, #3509 ) ;
#1950 = CARTESIAN_POINT ( 'NONE',  ( -7.339626776672188800, 35.80000000000000400, -7.800000000000004300 ) ) ;
#1951 = ORIENTED_EDGE ( 'NONE', *, *, #9296, .T. ) ;
#1952 = ORIENTED_EDGE ( 'NONE', *, *, #5827, .T. ) ;
#1953 = LINE ( 'NONE', #3025, #3930 ) ;
#1954 = ORIENTED_EDGE ( 'NONE', *, *, #10183, .T. ) ;
#1955 = ORIENTED_EDGE ( 'NONE', *, *, #5883, .F. ) ;
#1956 = DIRECTION ( 'NONE',  ( 0.0000000000000000000, 0.9396926207859077600, 0.3420201433256704300 ) ) ;
#1957 = EDGE_CURVE ( 'NONE', #2136, #9963, #6363, .T. ) ;
#1958 = DIRECTION ( 'NONE',  ( 1.000000000000000000, 0.0000000000000000000, 0.0000000000000000000 ) ) ;
#1959 = CARTESIAN_POINT ( 'NONE',  ( 23.95626156566004300, 0.0000000000000000000, 4.650806381693394400 ) ) ;
#1960 = CARTESIAN_POINT ( 'NONE',  ( -8.181119945250280500, 33.56215130529344700, 9.116596065751535200 ) ) ;
#1961 = CARTESIAN_POINT ( 'NONE',  ( -33.73576973346460800, -2.826794919243119400, -25.40000000000000900 ) ) ;
#1962 = CARTESIAN_POINT ( 'NONE',  ( -11.20000000000000100, 48.10000000000002300, 11.00000000000000400 ) ) ;
#1963 = EDGE_CURVE ( 'NONE', #3100, #10574, #7942, .T. ) ;
#1964 = LINE ( 'NONE', #3900, #6160 ) ;
#1965 = ORIENTED_EDGE ( 'NONE', *, *, #3464, .T. ) ;
#1966 = AXIS2_PLACEMENT_3D ( 'NONE', #6941, #9431, #4479 ) ;
#1967 = ADVANCED_FACE ( 'NONE', ( #10231 ), #3618, .T. ) ;
#1968 = ORIENTED_EDGE ( 'NONE', *, *, #10301, .F. ) ;
#1969 = ORIENTED_EDGE ( 'NONE', *, *, #8499, .T. ) ;
#1970 = ORIENTED_EDGE ( 'NONE', *, *, #9475, .T. ) ;
#1971 = CARTESIAN_POINT ( 'NONE',  ( 11.20000000000000300, 48.10000000000002300, 11.00000000000000400 ) ) ;
#1972 = DIRECTION ( 'NONE',  ( -0.0000000000000000000, -1.000000000000000000, -0.0000000000000000000 ) ) ;
#1973 = CARTESIAN_POINT ( 'NONE',  ( -0.8396000167260036000, 34.01991768441991600, -8.827731004079872400 ) ) ;
#1974 = VECTOR ( 'NONE', #692, 1000.000000000000000 ) ;
#1975 = CARTESIAN_POINT ( 'NONE',  ( 3.400000000000003900, 52.79999999999999700, 11.30000000000000400 ) ) ;
#1976 = ORIENTED_EDGE ( 'NONE', *, *, #4909, .F. ) ;
#1977 = ORIENTED_EDGE ( 'NONE', *, *, #6772, .F. ) ;
#1978 = EDGE_CURVE ( 'NONE', #8810, #8240, #3882, .T. ) ;
#1979 = CARTESIAN_POINT ( 'NONE',  ( -0.9500754490334957200, 33.81241503559493100, 9.351174027094270300 ) ) ;
#1980 = CARTESIAN_POINT ( 'NONE',  ( -6.599999999999993400, 52.79999999999999700, -10.90000000000000400 ) ) ;
#1981 = CARTESIAN_POINT ( 'NONE',  ( -25.39344281302148000, 0.5120495374814705300, 4.651227319962814000E-014 ) ) ;
#1982 = FACE_OUTER_BOUND ( 'NONE', #2097, .T. ) ;
#1983 = DIRECTION ( 'NONE',  ( 0.0000000000000000000, -1.000000000000000000, 0.0000000000000000000 ) ) ;
#1984 = AXIS2_PLACEMENT_3D ( 'NONE', #10455, #510, #6341 ) ;
#1985 = DIRECTION ( 'NONE',  ( -1.000000000000000000, 4.818676322157801300E-016, 0.0000000000000000000 ) ) ;
#1986 = ORIENTED_EDGE ( 'NONE', *, *, #6033, .F. ) ;
#1987 = ORIENTED_EDGE ( 'NONE', *, *, #4816, .F. ) ;
#1988 = VERTEX_POINT ( 'NONE', #6154 ) ;
#1989 = CARTESIAN_POINT ( 'NONE',  ( -4.599999999999994300, 51.19999999999999600, -13.00000000000000400 ) ) ;
#1990 = CARTESIAN_POINT ( 'NONE',  ( 13.40000000000000000, 3.400095291546951800, 13.63405001238499100 ) ) ;
#1991 = LINE ( 'NONE', #4476, #3704 ) ;
#1992 = CARTESIAN_POINT ( 'NONE',  ( -21.01272838178271800, 7.145766665687935100, -16.56883619253362000 ) ) ;
#1993 = ORIENTED_EDGE ( 'NONE', *, *, #4578, .F. ) ;
#1994 = ORIENTED_EDGE ( 'NONE', *, *, #177, .F. ) ;
#1995 = CARTESIAN_POINT ( 'NONE',  ( 23.59695025252360200, -3.000000000000000000, 11.50687466109646100 ) ) ;
#1996 = CARTESIAN_POINT ( 'NONE',  ( -0.4574360175055988700, 50.76660018080058700, 9.799999999999998900 ) ) ;
#1997 = ORIENTED_EDGE ( 'NONE', *, *, #5577, .T. ) ;
#1998 = CARTESIAN_POINT ( 'NONE',  ( -0.5999999999999950900, 29.19474411167425400, 12.10000000000000100 ) ) ;
#1999 = EDGE_LOOP ( 'NONE', ( #9639, #6069, #10722, #4240, #5294, #2124, #6169, #3435, #9867, #731, #9726, #3993, #2626, #7943, #8216, #4726, #2339, #9512, #2667, #2639, #297, #252, #2278, #4362, #3378 ) ) ;
#2000 = LINE ( 'NONE', #3973, #10600 ) ;
#2001 = VECTOR ( 'NONE', #6149, 999.9999999999998900 ) ;
#2002 = EDGE_LOOP ( 'NONE', ( #8776, #60, #4003, #9678 ) ) ;
#2004 = ORIENTED_EDGE ( 'NONE', *, *, #10541, .F. ) ;
#2003 = CARTESIAN_POINT ( 'NONE',  ( -7.421400664221756000, -2.551697184745918400, 34.07168683256656300 ) ) ;
#2005 = CARTESIAN_POINT ( 'NONE',  ( -11.74170491506602200, 3.000000000000002200, -24.73589838486222100 ) ) ;
#2006 = CARTESIAN_POINT ( 'NONE',  ( -4.567070804307395100, 3.309527778394257200, 20.20961351105220400 ) ) ;
#2007 = VECTOR ( 'NONE', #6445, 1000.000000000000000 ) ;
#2008 = EDGE_CURVE ( 'NONE', #7377, #5926, #8044, .T. ) ;
#2009 = CIRCLE ( 'NONE', #7803, 1.599999999999999900 ) ;
#2010 = LINE ( 'NONE', #3227, #1759 ) ;
#2011 = ORIENTED_EDGE ( 'NONE', *, *, #10385, .F. ) ;
#2012 = FACE_OUTER_BOUND ( 'NONE', #616, .T. ) ;
#2013 = CARTESIAN_POINT ( 'NONE',  ( -0.3999926281211561600, 34.19647958619037100, 9.312508180963899200 ) ) ;
#2014 = DIRECTION ( 'NONE',  ( -0.05233595624294765100, 0.0000000000000000000, 0.9986295347545736100 ) ) ;
#2015 = VERTEX_POINT ( 'NONE', #5372 ) ;
#2016 = DIRECTION ( 'NONE',  ( 0.0000000000000000000, 0.0000000000000000000, -1.000000000000000000 ) ) ;
#2017 = ADVANCED_FACE ( 'NONE', ( #9971 ), #10296, .T. ) ;
#2018 = DIRECTION ( 'NONE',  ( -2.502005013428086600E-016, 0.0000000000000000000, 1.000000000000000000 ) ) ;
#2019 = VECTOR ( 'NONE', #595, 1000.000000000000100 ) ;
#2020 = ORIENTED_EDGE ( 'NONE', *, *, #6993, .T. ) ;
#2021 = EDGE_CURVE ( 'NONE', #3920, #6127, #6035, .T. ) ;
#2022 = LINE ( 'NONE', #9180, #1770 ) ;
#2023 = VERTEX_POINT ( 'NONE', #5402 ) ;
#2024 = ORIENTED_EDGE ( 'NONE', *, *, #3590, .T. ) ;
#2025 = EDGE_CURVE ( 'NONE', #3129, #7091, #7783, .T. ) ;
#2026 = AXIS2_PLACEMENT_3D ( 'NONE', #3139, #7945, #3860 ) ;
#2027 = CARTESIAN_POINT ( 'NONE',  ( -9.799999999999993600, 52.79999999999999700, -11.00000000000000400 ) ) ;
#2028 = CARTESIAN_POINT ( 'NONE',  ( -5.099999999999995200, 52.29999999999999700, -10.50000000000000400 ) ) ;
#2029 = CARTESIAN_POINT ( 'NONE',  ( -1.580323219931454100, 33.79999999999999700, 8.979274057836304800 ) ) ;
#2030 = CARTESIAN_POINT ( 'NONE',  ( -6.599999999999993400, 52.81990284774145300, 9.800000000000002500 ) ) ;
#2031 = CARTESIAN_POINT ( 'NONE',  ( -8.181119945250280500, 33.56215130529343300, -9.116596065751529900 ) ) ;
#2032 = LINE ( 'NONE', #10632, #6232 ) ;
#2033 = CARTESIAN_POINT ( 'NONE',  ( 22.14394809929214600, -3.000000000000000000, -1.109053650640950300 ) ) ;
#2034 = DIRECTION ( 'NONE',  ( 0.0000000000000000000, -1.000000000000000000, 0.0000000000000000000 ) ) ;
#2035 = LINE ( 'NONE', #5031, #6750 ) ;
#2036 = AXIS2_PLACEMENT_3D ( 'NONE', #9710, #4774, #10553 ) ;
#2037 = CARTESIAN_POINT ( 'NONE',  ( 3.400000000000003900, 51.92838805007068700, 10.90000000000000400 ) ) ;
#2038 = DIRECTION ( 'NONE',  ( -0.0000000000000000000, 1.000000000000000000, -0.0000000000000000000 ) ) ;
#2039 = CARTESIAN_POINT ( 'NONE',  ( 13.45262279979184500, 5.000000000000000000, 12.80563611401401400 ) ) ;
#2040 = ORIENTED_EDGE ( 'NONE', *, *, #10670, .T. ) ;
#2041 = EDGE_CURVE ( 'NONE', #4097, #9492, #6110, .T. ) ;
#2042 = FACE_OUTER_BOUND ( 'NONE', #2546, .T. ) ;
#2043 = ORIENTED_EDGE ( 'NONE', *, *, #5331, .F. ) ;
#2044 = AXIS2_PLACEMENT_3D ( 'NONE', #3926, #9721, #4784 ) ;
#2045 = FACE_OUTER_BOUND ( 'NONE', #4372, .T. ) ;
#2046 = DIRECTION ( 'NONE',  ( 0.0000000000000000000, 0.0000000000000000000, 1.000000000000000000 ) ) ;
#2047 = DIRECTION ( 'NONE',  ( 1.000000000000000000, -0.0000000000000000000, -0.0000000000000000000 ) ) ;
#2048 = DIRECTION ( 'NONE',  ( 0.0000000000000000000, -1.000000000000000000, 0.0000000000000000000 ) ) ;
#2049 = DIRECTION ( 'NONE',  ( -9.293161478447183000E-017, 1.000000000000000000, -0.0000000000000000000 ) ) ;
#2050 = CARTESIAN_POINT ( 'NONE',  ( 8.600000000000005000, 48.10000000000002300, 9.400000000000002100 ) ) ;
#2051 = CARTESIAN_POINT ( 'NONE',  ( 3.686192547124184800, 52.73774451017703800, -10.78409504372314300 ) ) ;
#2052 = ORIENTED_EDGE ( 'NONE', *, *, #7117, .F. ) ;
#2053 = AXIS2_PLACEMENT_3D ( 'NONE', #4317, #9323, #4359 ) ;
#2054 = VECTOR ( 'NONE', #1794, 1000.000000000000000 ) ;
#2055 = ORIENTED_EDGE ( 'NONE', *, *, #6098, .F. ) ;
#2056 = FACE_OUTER_BOUND ( 'NONE', #4829, .T. ) ;
#2057 = CARTESIAN_POINT ( 'NONE',  ( 0.1689346443168992500, 33.79999999999999700, 8.979274057836304800 ) ) ;
#2058 = CARTESIAN_POINT ( 'NONE',  ( -27.30062427347579400, 3.000000000000000900, -24.73589838486221700 ) ) ;
#2059 = CARTESIAN_POINT ( 'NONE',  ( -8.948805684721973500, 0.0000000000000000000, 25.40000000000000900 ) ) ;
#2060 = ORIENTED_EDGE ( 'NONE', *, *, #4661, .T. ) ;
#2061 = ORIENTED_EDGE ( 'NONE', *, *, #8455, .T. ) ;
#2062 = VECTOR ( 'NONE', #1815, 1000.000000000000000 ) ;
#2063 = STYLED_ITEM ( 'NONE', ( #3126 ), #9806 ) ;
#2064 = FACE_OUTER_BOUND ( 'NONE', #9625, .T. ) ;
#2065 = DIRECTION ( 'NONE',  ( 0.0000000000000000000, -0.0000000000000000000, -1.000000000000000000 ) ) ;
#2066 = DIRECTION ( 'NONE',  ( -0.0000000000000000000, -1.000000000000000000, -0.0000000000000000000 ) ) ;
#2067 = ORIENTED_EDGE ( 'NONE', *, *, #6737, .F. ) ;
#2068 =( BOUNDED_CURVE ( )  B_SPLINE_CURVE ( 3, ( #10117, #4326, #1825, #7670 ),
 .UNSPECIFIED., .F., .T. ) 
 B_SPLINE_CURVE_WITH_KNOTS ( ( 4, 4 ),
 ( 5.636988821747629600, 6.929381792611543700 ),
 .UNSPECIFIED. ) 
 CURVE ( )  GEOMETRIC_REPRESENTATION_ITEM ( )  RATIONAL_B_SPLINE_CURVE ( ( 1.000000000000000000, 0.8655865799697808300, 0.8655865799697808300, 1.000000000000000000 ) ) 
 REPRESENTATION_ITEM ( '' )  );
#2069 = CARTESIAN_POINT ( 'NONE',  ( 3.400000000000005200, 52.29999999999999700, -10.90000000000000400 ) ) ;
#2070 = DIRECTION ( 'NONE',  ( -0.0000000000000000000, -0.3420201433256648800, 0.9396926207859097600 ) ) ;
#2071 = ORIENTED_EDGE ( 'NONE', *, *, #3637, .F. ) ;
#2072 = DIRECTION ( 'NONE',  ( 1.000000000000000000, 0.0000000000000000000, 0.0000000000000000000 ) ) ;
#2073 = ORIENTED_EDGE ( 'NONE', *, *, #10277, .T. ) ;
#2074 = VERTEX_POINT ( 'NONE', #3737 ) ;
#2075 = VECTOR ( 'NONE', #8723, 1000.000000000000000 ) ;
#2076 = ADVANCED_FACE ( 'NONE', ( #9714 ), #7021, .F. ) ;
#2077 = EDGE_CURVE ( 'NONE', #4196, #2586, #4092, .T. ) ;
#2078 = AXIS2_PLACEMENT_3D ( 'NONE', #6122, #293, #6009 ) ;
#2079 = CIRCLE ( 'NONE', #7666, 11.30000000000000200 ) ;
#2080 = ORIENTED_EDGE ( 'NONE', *, *, #2231, .F. ) ;
#2081 = CARTESIAN_POINT ( 'NONE',  ( -0.9411339456669007800, 33.45112688117869500, 9.180696046900804300 ) ) ;
#2082 = DIRECTION ( 'NONE',  ( 1.000000000000000000, 0.0000000000000000000, 0.0000000000000000000 ) ) ;
#2083 = DIRECTION ( 'NONE',  ( 1.000000000000000000, 0.0000000000000000000, 0.0000000000000000000 ) ) ;
#2084 = CARTESIAN_POINT ( 'NONE',  ( -29.72815852977530000, 3.000000000000000400, -0.1433031490138646200 ) ) ;
#2085 = ORIENTED_EDGE ( 'NONE', *, *, #9078, .F. ) ;
#2086 = ORIENTED_EDGE ( 'NONE', *, *, #2151, .F. ) ;
#2087 = CARTESIAN_POINT ( 'NONE',  ( 2.331562100281544300, 30.30000000000000800, -11.00000000000000400 ) ) ;
#2088 = CARTESIAN_POINT ( 'NONE',  ( -1.349999999999994800, 34.55000000000000400, -12.60000000000000300 ) ) ;
#2089 = EDGE_CURVE ( 'NONE', #7312, #7480, #7518, .T. ) ;
#2090 = LINE ( 'NONE', #5102, #168 ) ;
#2091 = ORIENTED_EDGE ( 'NONE', *, *, #5213, .F. ) ;
#2092 = DIRECTION ( 'NONE',  ( -1.774149009521735600E-015, 0.0000000000000000000, -1.000000000000000000 ) ) ;
#2093 = DIRECTION ( 'NONE',  ( 0.0000000000000000000, 1.000000000000000000, 0.0000000000000000000 ) ) ;
#2094 = EDGE_CURVE ( 'NONE', #10676, #3963, #3083, .T. ) ;
#2095 = CARTESIAN_POINT ( 'NONE',  ( -1.399891737889895600, 33.79999999999999700, 8.979274057836304800 ) ) ;
#2096 = CARTESIAN_POINT ( 'NONE',  ( -5.099999999999995200, 52.29999999999999700, 10.90000000000000400 ) ) ;
#2097 = EDGE_LOOP ( 'NONE', ( #5096, #10129, #9289, #9339, #3783, #7466, #6566, #4749 ) ) ;
#2098 = EDGE_LOOP ( 'NONE', ( #6034, #5823, #3299, #7030 ) ) ;
#2099 = ORIENTED_EDGE ( 'NONE', *, *, #3301, .F. ) ;
#2100 = ORIENTED_EDGE ( 'NONE', *, *, #9426, .F. ) ;
#2101 = LINE ( 'NONE', #4397, #6550 ) ;
#2102 = CARTESIAN_POINT ( 'NONE',  ( 0.1729276080742792000, 33.95121781726850000, 9.580284645547552100 ) ) ;
#2103 = CARTESIAN_POINT ( 'NONE',  ( -34.61526844602046500, 5.000000000000000000, 1.715480592091519500E-013 ) ) ;
#2104 = EDGE_CURVE ( 'NONE', #2628, #8275, #3339, .T. ) ;
#2105 = CARTESIAN_POINT ( 'NONE',  ( -8.199999999999992200, 48.10000000000002300, -9.400000000000002100 ) ) ;
#2107 = EDGE_LOOP ( 'NONE', ( #2516, #5879, #8407, #3670 ) ) ;
#2106 = DIRECTION ( 'NONE',  ( 0.4472135954999609300, -0.7745966692414798500, 0.4472135954999608700 ) ) ;
#2108 = EDGE_LOOP ( 'NONE', ( #7381, #38, #2866, #4245 ) ) ;
#2109 = DIRECTION ( 'NONE',  ( 0.0000000000000000000, 0.0000000000000000000, -1.000000000000000000 ) ) ;
#2110 = DIRECTION ( 'NONE',  ( -0.0000000000000000000, -1.000000000000000000, -0.0000000000000000000 ) ) ;
#2111 = CARTESIAN_POINT ( 'NONE',  ( 7.083733558942586900, 3.613630907591394600, 13.98161841518203000 ) ) ;
#2112 = CARTESIAN_POINT ( 'NONE',  ( 3.498788260581750600, 52.56624665647768800, -10.76666675551942000 ) ) ;
#2113 = EDGE_CURVE ( 'NONE', #10331, #8510, #867, .T. ) ;
#2114 = AXIS2_PLACEMENT_3D ( 'NONE', #4347, #201, #6025 ) ;
#2115 = LINE ( 'NONE', #3856, #1845 ) ;
#2116 = ORIENTED_EDGE ( 'NONE', *, *, #7335, .F. ) ;
#2117 = ORIENTED_EDGE ( 'NONE', *, *, #7117, .T. ) ;
#2118 = ORIENTED_EDGE ( 'NONE', *, *, #9956, .T. ) ;
#2119 = CARTESIAN_POINT ( 'NONE',  ( -2.104984334386852400, 32.75943467452496800, 9.580044728608704900 ) ) ;
#2120 = CARTESIAN_POINT ( 'NONE',  ( 7.000000000000005300, 33.07128129211017900, 9.400000000000002100 ) ) ;
#2121 = DIRECTION ( 'NONE',  ( 0.0000000000000000000, -1.000000000000000000, 0.0000000000000000000 ) ) ;
#2122 = LINE ( 'NONE', #3051, #6569 ) ;
#2123 = PLANE ( 'NONE',  #9490 ) ;
#2124 = ORIENTED_EDGE ( 'NONE', *, *, #5615, .T. ) ;
#2125 = ORIENTED_EDGE ( 'NONE', *, *, #1222, .F. ) ;
#2126 = ORIENTED_EDGE ( 'NONE', *, *, #3420, .F. ) ;
#2127 = ORIENTED_EDGE ( 'NONE', *, *, #9362, .T. ) ;
#2128 = EDGE_CURVE ( 'NONE', #2885, #2308, #5341, .T. ) ;
#2129 = CARTESIAN_POINT ( 'NONE',  ( 3.800000000000003800, 52.29999999999999700, 10.90000000000000400 ) ) ;
#2130 = ADVANCED_FACE ( 'NONE', ( #2823 ), #7164, .T. ) ;
#2131 =( BOUNDED_CURVE ( )  B_SPLINE_CURVE ( 3, ( #4817, #9755, #1467, #7307 ),
 .UNSPECIFIED., .F., .F. ) 
 B_SPLINE_CURVE_WITH_KNOTS ( ( 4, 4 ),
 ( 6.224562198101246200, 6.283185307179586200 ),
 .UNSPECIFIED. ) 
 CURVE ( )  GEOMETRIC_REPRESENTATION_ITEM ( )  RATIONAL_B_SPLINE_CURVE ( ( 1.000000000000000000, 0.9997136314275876200, 0.9997136314275876200, 1.000000000000000000 ) ) 
 REPRESENTATION_ITEM ( '' )  );
#2132 = CARTESIAN_POINT ( 'NONE',  ( 22.10983759908076600, -1.938675188090780200, -1.413494422762499000 ) ) ;
#2133 = VECTOR ( 'NONE', #744, 1000.000000000000100 ) ;
#2134 = DIRECTION ( 'NONE',  ( -1.000000000000000000, 0.0000000000000000000, -0.0000000000000000000 ) ) ;
#2135 = ORIENTED_EDGE ( 'NONE', *, *, #4567, .F. ) ;
#2136 = VERTEX_POINT ( 'NONE', #505 ) ;
#2137 = ORIENTED_EDGE ( 'NONE', *, *, #2483, .F. ) ;
#2138 = CARTESIAN_POINT ( 'NONE',  ( -5.398677325111262500, 52.79999999999995500, -10.89999999999995900 ) ) ;
#2139 = CARTESIAN_POINT ( 'NONE',  ( 0.4908712114635766000, 27.42626129027272300, -11.00000000000000400 ) ) ;
#2140 = CYLINDRICAL_SURFACE ( 'NONE', #7589, 1.599999999999999900 ) ;
#2141 = ORIENTED_EDGE ( 'NONE', *, *, #6921, .F. ) ;
#2142 = LINE ( 'NONE', #2764, #4119 ) ;
#2143 = DIRECTION ( 'NONE',  ( -0.0000000000000000000, 1.000000000000000000, -0.0000000000000000000 ) ) ;
#2144 = CARTESIAN_POINT ( 'NONE',  ( 4.214988502441538100, 52.65837018413705600, -10.76666666666667100 ) ) ;
#2145 = VECTOR ( 'NONE', #2423, 1000.000000000000300 ) ;
#2146 = CARTESIAN_POINT ( 'NONE',  ( 3.400000000000005200, 52.29999999999999700, -10.90000000000000400 ) ) ;
#2147 = VERTEX_POINT ( 'NONE', #2993 ) ;
#2148 = CYLINDRICAL_SURFACE ( 'NONE', #3779, 4.000000000000000000 ) ;
#2149 = VECTOR ( 'NONE', #2732, 1000.000000000000000 ) ;
#2150 = LINE ( 'NONE', #2877, #10482 ) ;
#2151 = EDGE_CURVE ( 'NONE', #334, #1454, #7265, .T. ) ;
#2152 = CARTESIAN_POINT ( 'NONE',  ( -1.691411011271508400, 30.77069935430576600, 11.01759136232803400 ) ) ;
#2153 = CARTESIAN_POINT ( 'NONE',  ( 8.158845726811987800, 50.79999999999999700, -9.400000000000003900 ) ) ;
#2154 = CARTESIAN_POINT ( 'NONE',  ( 3.400000000000005200, 38.80000000000000400, -13.00000000000000400 ) ) ;
#2155 = DIRECTION ( 'NONE',  ( 0.0000000000000000000, -0.5000000000000035500, 0.8660254037844366000 ) ) ;
#2156 = CARTESIAN_POINT ( 'NONE',  ( 13.40000000000000000, 0.0000000000000000000, 15.79999999999999200 ) ) ;
#2157 = EDGE_CURVE ( 'NONE', #7050, #3503, #7007, .T. ) ;
#2158 =( BOUNDED_CURVE ( )  B_SPLINE_CURVE ( 3, ( #4475, #3615, #5244, #10246 ),
 .UNSPECIFIED., .F., .F. ) 
 B_SPLINE_CURVE_WITH_KNOTS ( ( 4, 4 ),
 ( 5.624127271353178700, 6.942243343005992900 ),
 .UNSPECIFIED. ) 
 CURVE ( )  GEOMETRIC_REPRESENTATION_ITEM ( )  RATIONAL_B_SPLINE_CURVE ( ( 1.000000000000000000, 0.8603796100280638500, 0.8603796100280638500, 1.000000000000000000 ) ) 
 REPRESENTATION_ITEM ( '' )  );
#2159 = VECTOR ( 'NONE', #6040, 1000.000000000000000 ) ;
#2160 = ORIENTED_EDGE ( 'NONE', *, *, #10038, .F. ) ;
#2161 = CIRCLE ( 'NONE', #7298, 8.700000000000004600 ) ;
#2162 = CARTESIAN_POINT ( 'NONE',  ( -32.40376557479040500, -3.000000000000000000, -24.01317613009175000 ) ) ;
#2163 = CARTESIAN_POINT ( 'NONE',  ( -4.922396700071726800, -3.000000000000000400, -17.80000000000001800 ) ) ;
#2164 = CARTESIAN_POINT ( 'NONE',  ( -4.790441158789808400, 52.71180470701570900, -10.87004640409808200 ) ) ;
#2165 = CARTESIAN_POINT ( 'NONE',  ( -1.731370849898469500, 38.80000000000000400, 10.90000000000000400 ) ) ;
#2166 = CARTESIAN_POINT ( 'NONE',  ( 3.400000000000003900, 52.79999999999999700, 10.90000000000000400 ) ) ;
#2167 = EDGE_CURVE ( 'NONE', #4687, #9053, #9201, .T. ) ;
#2168 = LINE ( 'NONE', #5104, #10761 ) ;
#2169 = CARTESIAN_POINT ( 'NONE',  ( -0.5999999999999944300, 49.42626129027264900, 10.50000000000000000 ) ) ;
#2170 = CARTESIAN_POINT ( 'NONE',  ( -2.382163046725687100, 31.47912854605980500, 10.31922981652321000 ) ) ;
#2171 = VECTOR ( 'NONE', #10238, 1000.000000000000000 ) ;
#2172 = EDGE_CURVE ( 'NONE', #554, #7642, #371, .T. ) ;
#2173 = ORIENTED_EDGE ( 'NONE', *, *, #4501, .T. ) ;
#2174 = EDGE_LOOP ( 'NONE', ( #5084, #4777, #9483, #741, #10567, #3376 ) ) ;
#2175 = CARTESIAN_POINT ( 'NONE',  ( -0.09008478989519917700, 33.66717459471497900, 9.411061816850937200 ) ) ;
#2176 = CARTESIAN_POINT ( 'NONE',  ( -11.20000000000000100, 50.10717967697243600, 9.841154273188022800 ) ) ;
#2177 = CARTESIAN_POINT ( 'NONE',  ( -4.599999999999995200, 52.73947364538712900, 10.70000000000000300 ) ) ;
#2178 = AXIS2_PLACEMENT_3D ( 'NONE', #6248, #1233, #7070 ) ;
#2179 = DIRECTION ( 'NONE',  ( 0.0000000000000000000, -1.000000000000000000, 0.0000000000000000000 ) ) ;
#2180 = LINE ( 'NONE', #9058, #8830 ) ;
#2181 = CARTESIAN_POINT ( 'NONE',  ( 13.24847569949782600, 3.816309594128411800, 13.67917881967464800 ) ) ;
#2182 = VECTOR ( 'NONE', #2911, 1000.000000000000000 ) ;
#2183 = ADVANCED_FACE ( 'NONE', ( #4812 ), #4273, .T. ) ;
#2184 = EDGE_CURVE ( 'NONE', #7189, #3587, #4546, .T. ) ;
#2185 = EDGE_LOOP ( 'NONE', ( #7294, #6589, #1498, #5663, #6798, #9923 ) ) ;
#2186 = ORIENTED_EDGE ( 'NONE', *, *, #3190, .F. ) ;
#2187 = CARTESIAN_POINT ( 'NONE',  ( 13.77334704096990800, 4.754179305671044600, -12.74441864823503900 ) ) ;
#2188 = DIRECTION ( 'NONE',  ( -0.0000000000000000000, -0.0000000000000000000, -1.000000000000000000 ) ) ;
#2189 = CIRCLE ( 'NONE', #2843, 1.000000000000000900 ) ;
#2190 = CARTESIAN_POINT ( 'NONE',  ( -5.182352374825907900, 4.999999999999999100, 25.85887714203045100 ) ) ;
#2191 = CARTESIAN_POINT ( 'NONE',  ( 3.975428090623497100, 52.79999999999999700, 10.89999999999476500 ) ) ;
#2192 = ORIENTED_EDGE ( 'NONE', *, *, #4217, .F. ) ;
#2193 = FACE_OUTER_BOUND ( 'NONE', #5850, .T. ) ;
#2194 = EDGE_CURVE ( 'NONE', #2015, #334, #2306, .T. ) ;
#2195 = DIRECTION ( 'NONE',  ( 0.0000000000000000000, -1.000000000000000000, 0.0000000000000000000 ) ) ;
#2196 = DIRECTION ( 'NONE',  ( 1.000000000000000000, -0.0000000000000000000, -0.0000000000000000000 ) ) ;
#2197 = VERTEX_POINT ( 'NONE', #5578 ) ;
#2198 = ORIENTED_EDGE ( 'NONE', *, *, #1320, .F. ) ;
#2199 = AXIS2_PLACEMENT_3D ( 'NONE', #931, #9232, #8430 ) ;
#2200 = CARTESIAN_POINT ( 'NONE',  ( 13.40000000000000000, 3.400000000000023900, 13.64339877915260100 ) ) ;
#2201 = VERTEX_POINT ( 'NONE', #3924 ) ;
#2202 = DIRECTION ( 'NONE',  ( -0.0000000000000000000, 1.000000000000000000, -0.0000000000000000000 ) ) ;
#2203 =( NAMED_UNIT ( * ) SI_UNIT ( $, .STERADIAN. ) SOLID_ANGLE_UNIT ( ) );
#2204 = LINE ( 'NONE', #6962, #14 ) ;
#2205 = CARTESIAN_POINT ( 'NONE',  ( 7.000000000000005300, 48.10000000000002300, 9.400000000000002100 ) ) ;
#2206 = CARTESIAN_POINT ( 'NONE',  ( -5.099999999999995200, 52.79999999999999700, -10.90000000000000400 ) ) ;
#2207 = CARTESIAN_POINT ( 'NONE',  ( -5.099999999999995200, 52.79999999999999700, -10.90000000000000400 ) ) ;
#2208 = VECTOR ( 'NONE', #5069, 1000.000000000000000 ) ;
#2209 = CARTESIAN_POINT ( 'NONE',  ( -1.731370849898469500, 36.79999999999999700, 10.90000000000000400 ) ) ;
#2210 = DIRECTION ( 'NONE',  ( 0.7511055241116725300, -0.6601821655035295900, 0.0000000000000000000 ) ) ;
#2211 = ORIENTED_EDGE ( 'NONE', *, *, #6572, .F. ) ;
#2212 =( BOUNDED_CURVE ( )  B_SPLINE_CURVE ( 3, ( #1256, #3740, #7341, #1471 ),
 .UNSPECIFIED., .F., .T. ) 
 B_SPLINE_CURVE_WITH_KNOTS ( ( 4, 4 ),
 ( 2.000571758099426700, 2.555907110132635800 ),
 .UNSPECIFIED. ) 
 CURVE ( )  GEOMETRIC_REPRESENTATION_ITEM ( )  RATIONAL_B_SPLINE_CURVE ( ( 1.000000000000000000, 0.9744649164607690500, 0.9744649164607690500, 1.000000000000000000 ) ) 
 REPRESENTATION_ITEM ( '' )  );
#2213 = DIRECTION ( 'NONE',  ( 2.030154863158317700E-016, -0.5000000000000043300, -0.8660254037844362700 ) ) ;
#2214 = VERTEX_POINT ( 'NONE', #9720 ) ;
#2215 = ORIENTED_EDGE ( 'NONE', *, *, #9548, .T. ) ;
#2216 = EDGE_CURVE ( 'NONE', #7233, #9602, #113, .T. ) ;
#2217 = ORIENTED_EDGE ( 'NONE', *, *, #1803, .T. ) ;
#2218 = CARTESIAN_POINT ( 'NONE',  ( -6.599999999999993400, 52.79999999999999700, -10.90000000000000400 ) ) ;
#2219 = LINE ( 'NONE', #5319, #23 ) ;
#2220 = CARTESIAN_POINT ( 'NONE',  ( 3.400000000000005700, 52.73947364538712900, 10.70000000000000300 ) ) ;
#2221 = DIRECTION ( 'NONE',  ( -0.0000000000000000000, -0.0000000000000000000, 1.000000000000000000 ) ) ;
#2222 = DIRECTION ( 'NONE',  ( 0.0000000000000000000, 0.0000000000000000000, -1.000000000000000000 ) ) ;
#2223 = DIRECTION ( 'NONE',  ( -1.000000000000000000, -0.0000000000000000000, -0.0000000000000000000 ) ) ;
#2224 = DIRECTION ( 'NONE',  ( -1.000000000000000000, 0.0000000000000000000, 0.0000000000000000000 ) ) ;
#2225 = CARTESIAN_POINT ( 'NONE',  ( -6.599999999999993400, 35.79999999999999700, -11.00000000000000400 ) ) ;
#2226 = FACE_OUTER_BOUND ( 'NONE', #3276, .T. ) ;
#2227 = ORIENTED_EDGE ( 'NONE', *, *, #500, .T. ) ;
#2228 = B_SPLINE_CURVE_WITH_KNOTS ( 'NONE', 3,
 ( #6688, #1678, #877, #844, #5855, #29, #5015, #9964, #4179, #9138, #3312, #8306, #2480, #7474, #1642, #6648 ),
 .UNSPECIFIED., .F., .F.,
 ( 4, 2, 2, 2, 2, 2, 2, 4 ),
 ( 0.0000000000000000000, 0.001447088690096558700, 0.002170633035144837500, 0.002894177380193116100, 0.003617721725241395100, 0.004341266070289673300, 0.005064810415337952700, 0.005788354760386231300 ),
 .UNSPECIFIED. ) ;
#2229 = ORIENTED_EDGE ( 'NONE', *, *, #9346, .F. ) ;
#2230 = EDGE_LOOP ( 'NONE', ( #5348, #711, #5020, #3891 ) ) ;
#2231 = EDGE_CURVE ( 'NONE', #571, #5374, #10629, .T. ) ;
#2232 = AXIS2_PLACEMENT_3D ( 'NONE', #10236, #5309, #305 ) ;
#2233 = DIRECTION ( 'NONE',  ( -0.8303590066861545900, 0.0000000000000000000, -0.5572287860611497800 ) ) ;
#2234 = LINE ( 'NONE', #1382, #4205 ) ;
#2235 = EDGE_LOOP ( 'NONE', ( #10300, #7122, #5945, #5145 ) ) ;
#2236 = CARTESIAN_POINT ( 'NONE',  ( 5.800000000000004300, 52.79999999999999700, 13.00000000000000200 ) ) ;
#2237 = CARTESIAN_POINT ( 'NONE',  ( -0.5999999999999937600, 35.79999999999999700, -10.50000000000000000 ) ) ;
#2238 = ORIENTED_EDGE ( 'NONE', *, *, #2722, .F. ) ;
#2239 = VERTEX_POINT ( 'NONE', #1438 ) ;
#2240 = VERTEX_POINT ( 'NONE', #5610 ) ;
#2241 = EDGE_CURVE ( 'NONE', #7903, #4597, #1777, .T. ) ;
#2242 = DIRECTION ( 'NONE',  ( 1.000000000000000000, 0.0000000000000000000, 0.0000000000000000000 ) ) ;
#2243 = EDGE_CURVE ( 'NONE', #6127, #3449, #2131, .T. ) ;
#2244 = DIRECTION ( 'NONE',  ( 0.0000000000000000000, 0.0000000000000000000, 1.000000000000000000 ) ) ;
#2245 = CARTESIAN_POINT ( 'NONE',  ( -0.7425639824943886000, 50.76660018080058700, -9.800000000000002500 ) ) ;
#2246 = ADVANCED_FACE ( 'NONE', ( #6484 ), #3992, .F. ) ;
#2247 = CARTESIAN_POINT ( 'NONE',  ( -5.471611949929217300, 52.79999999999999700, -10.90000000000000400 ) ) ;
#2248 = AXIS2_PLACEMENT_3D ( 'NONE', #4339, #6708, #10052 ) ;
#2249 = DIRECTION ( 'NONE',  ( 0.0000000000000000000, 0.0000000000000000000, -1.000000000000000000 ) ) ;
#2250 = VERTEX_POINT ( 'NONE', #5646 ) ;
#2251 = VERTEX_POINT ( 'NONE', #5677 ) ;
#2252 = ORIENTED_EDGE ( 'NONE', *, *, #6361, .F. ) ;
#2253 = AXIS2_PLACEMENT_3D ( 'NONE', #6760, #3431, #9250 ) ;
#2254 = CARTESIAN_POINT ( 'NONE',  ( 3.900000000000003900, 52.29999999999999700, 10.76666666666666900 ) ) ;
#2255 = VECTOR ( 'NONE', #5874, 1000.000000000000000 ) ;
#2256 = EDGE_CURVE ( 'NONE', #400, #9165, #2032, .T. ) ;
#2257 = DIRECTION ( 'NONE',  ( -0.0000000000000000000, 1.000000000000000000, -0.0000000000000000000 ) ) ;
#2258 = ORIENTED_EDGE ( 'NONE', *, *, #4671, .T. ) ;
#2259 = DIRECTION ( 'NONE',  ( -0.0000000000000000000, 1.000000000000000000, -0.0000000000000000000 ) ) ;
#2260 = VERTEX_POINT ( 'NONE', #8168 ) ;
#2261 = ORIENTED_EDGE ( 'NONE', *, *, #6513, .F. ) ;
#2262 = CARTESIAN_POINT ( 'NONE',  ( 36.00000000000000700, 0.0000000000000000000, 4.650806381693396200 ) ) ;
#2263 = FACE_OUTER_BOUND ( 'NONE', #1701, .T. ) ;
#2264 = AXIS2_PLACEMENT_3D ( 'NONE', #8964, #2341, #8165 ) ;
#2265 = VERTEX_POINT ( 'NONE', #2345 ) ;
#2266 = CARTESIAN_POINT ( 'NONE',  ( -35.19818120000947900, 3.399337648124137100, 7.115076756936122800E-014 ) ) ;
#2268 = ORIENTED_EDGE ( 'NONE', *, *, #4578, .T. ) ;
#2267 = DIRECTION ( 'NONE',  ( 0.0000000000000000000, 1.000000000000000000, 0.0000000000000000000 ) ) ;
#2269 = DIRECTION ( 'NONE',  ( -1.000000000000000000, -0.0000000000000000000, -0.0000000000000000000 ) ) ;
#2270 = CARTESIAN_POINT ( 'NONE',  ( 3.900000000000004400, 52.79999999999999700, 10.90000000000000400 ) ) ;
#2271 = FACE_OUTER_BOUND ( 'NONE', #205, .T. ) ;
#2272 = EDGE_LOOP ( 'NONE', ( #7980, #4760, #1397, #8320, #4176, #8608, #8873, #2061, #3788, #7831, #7053, #10425, #107, #2605, #2086, #5194, #10288, #7449, #1308, #1045, #5389, #4595, #7179, #4074, #3009, #3671, #4470, #10146, #4451, #10686, #2637 ) ) ;
#2273 = FACE_OUTER_BOUND ( 'NONE', #6136, .T. ) ;
#2274 = B_SPLINE_CURVE_WITH_KNOTS ( 'NONE', 3,
 ( #5596, #4765, #3941, #9737, #4805, #10578, #5625, #623, #6454, #1451, #7287, #2289, #8115, #3119 ),
 .UNSPECIFIED., .F., .F.,
 ( 4, 2, 2, 2, 2, 2, 4 ),
 ( 0.01118871353304859400, 0.01212145013318612100, 0.01305418673332364700, 0.01352055503339241000, 0.01398692333346117400, 0.01445329163352993700, 0.01491965993359870000 ),
 .UNSPECIFIED. ) ;
#2275 = TOROIDAL_SURFACE ( 'NONE', #9920, 0.1000000000000004200, 0.4000000000000000200 ) ;
#2276 = ORIENTED_EDGE ( 'NONE', *, *, #2483, .T. ) ;
#2277 = PRODUCT ( 'TOP2', 'TOP2', '', ( #8070 ) ) ;
#2278 = ORIENTED_EDGE ( 'NONE', *, *, #1598, .T. ) ;
#2279 = DIRECTION ( 'NONE',  ( 0.0000000000000000000, -1.000000000000000000, 0.0000000000000000000 ) ) ;
#2280 = AXIS2_PLACEMENT_3D ( 'NONE', #8391, #10014, #5905 ) ;
#2281 = DIRECTION ( 'NONE',  ( -0.0000000000000000000, -1.000000000000000000, -0.0000000000000000000 ) ) ;
#2282 = CARTESIAN_POINT ( 'NONE',  ( 13.39312863038750800, 3.418878932851069100, 16.03435814724387100 ) ) ;
#2283 = CYLINDRICAL_SURFACE ( 'NONE', #9351, 4.000000000000000000 ) ;
#2284 = VECTOR ( 'NONE', #2221, 1000.000000000000000 ) ;
#2285 = LINE ( 'NONE', #6607, #6467 ) ;
#2286 = CARTESIAN_POINT ( 'NONE',  ( -4.688195292985055200, 51.99044115878989900, 10.87004640409761100 ) ) ;
#2287 = EDGE_LOOP ( 'NONE', ( #8566, #4111, #10188, #6787 ) ) ;
#2288 = VERTEX_POINT ( 'NONE', #3167 ) ;
#2289 = CARTESIAN_POINT ( 'NONE',  ( -36.85738685362895900, -1.195029823096336300, 33.62838881939474300 ) ) ;
#2290 = CARTESIAN_POINT ( 'NONE',  ( 13.68828182725760800, 3.480279680027105200, -12.91795347127269400 ) ) ;
#2291 = DIRECTION ( 'NONE',  ( -0.3236155771181816700, 0.8891264907159904800, -0.3236155771181820600 ) ) ;
#2292 = LINE ( 'NONE', #5599, #6476 ) ;
#2293 = ORIENTED_EDGE ( 'NONE', *, *, #5416, .F. ) ;
#2294 = EDGE_CURVE ( 'NONE', #543, #4560, #3739, .T. ) ;
#2295 = DIRECTION ( 'NONE',  ( 0.0000000000000000000, -1.000000000000000000, 0.0000000000000000000 ) ) ;
#2296 = CARTESIAN_POINT ( 'NONE',  ( -6.599999999999993400, 52.79999999999999700, 6.858022075225178600E-016 ) ) ;
#2297 = ORIENTED_EDGE ( 'NONE', *, *, #3881, .F. ) ;
#2298 = CIRCLE ( 'NONE', #1685, 4.000000000000001800 ) ;
#2299 = CARTESIAN_POINT ( 'NONE',  ( 4.209558841210340000, 52.71180470701570200, -10.87004640409808700 ) ) ;
#2300 = AXIS2_PLACEMENT_3D ( 'NONE', #637, #5642, #10595 ) ;
#2301 = CARTESIAN_POINT ( 'NONE',  ( -2.000000000000000000, -2.000000000000000000, -1.109053650640949900 ) ) ;
#2302 = DIRECTION ( 'NONE',  ( 0.0000000000000000000, 0.0000000000000000000, -1.000000000000000000 ) ) ;
#2303 = ORIENTED_EDGE ( 'NONE', *, *, #9192, .T. ) ;
#2304 = ADVANCED_FACE ( 'NONE', ( #7909 ), #5972, .F. ) ;
#2305 = MECHANICAL_DESIGN_GEOMETRIC_PRESENTATION_REPRESENTATION (  '', ( #1186 ), #2853 ) ;
#2306 = LINE ( 'NONE', #2236, #8946 ) ;
#2307 = EDGE_CURVE ( 'NONE', #10484, #8755, #9073, .T. ) ;
#2308 = VERTEX_POINT ( 'NONE', #4034 ) ;
#2309 = VECTOR ( 'NONE', #9119, 1000.000000000000000 ) ;
#2310 = CARTESIAN_POINT ( 'NONE',  ( -4.599999999999992500, 3.400000000000022600, -26.27817534019966300 ) ) ;
#2311 = DIRECTION ( 'NONE',  ( -1.000000000000000000, 0.0000000000000000000, 2.628368902995160100E-016 ) ) ;
#2312 = DIRECTION ( 'NONE',  ( 0.0000000000000000000, -0.9396926207859094300, -0.3420201433256657200 ) ) ;
#2313 = EDGE_LOOP ( 'NONE', ( #9421, #2691, #2999, #926, #3140, #10007 ) ) ;
#2314 = DIRECTION ( 'NONE',  ( 1.000000000000000000, 0.0000000000000000000, -2.628368902995160100E-016 ) ) ;
#2315 = EDGE_CURVE ( 'NONE', #9576, #6555, #8163, .T. ) ;
#2316 = VERTEX_POINT ( 'NONE', #4907 ) ;
#2317 = AXIS2_PLACEMENT_3D ( 'NONE', #10473, #6356, #1353 ) ;
#2318 = ADVANCED_FACE ( 'NONE', ( #1255 ), #6577, .F. ) ;
#2319 = CYLINDRICAL_SURFACE ( 'NONE', #5604, 5.000000000000000900 ) ;
#2320 = LINE ( 'NONE', #1526, #127 ) ;
#2321 = DIRECTION ( 'NONE',  ( 1.000000000000000000, 0.0000000000000000000, 0.0000000000000000000 ) ) ;
#2322 = CARTESIAN_POINT ( 'NONE',  ( 5.400000000000003900, 3.000000000000002700, 12.60000000000000100 ) ) ;
#2323 = VERTEX_POINT ( 'NONE', #4070 ) ;
#2324 = EDGE_CURVE ( 'NONE', #7522, #1220, #3476, .T. ) ;
#2325 = CARTESIAN_POINT ( 'NONE',  ( -4.599999999999995200, 52.29999999999999700, 10.90000000000000400 ) ) ;
#2326 = EDGE_CURVE ( 'NONE', #7190, #10242, #227, .T. ) ;
#2327 = AXIS2_PLACEMENT_3D ( 'NONE', #6391, #5630, #628 ) ;
#2328 = PLANE ( 'NONE',  #326 ) ;
#2329 = EDGE_LOOP ( 'NONE', ( #6726, #8764, #3398, #10080 ) ) ;
#2330 = CARTESIAN_POINT ( 'NONE',  ( 17.45991580895530500, -3.000000000000000000, 18.15530250059357400 ) ) ;
#2331 = CARTESIAN_POINT ( 'NONE',  ( -4.599427221839947700, 3.398426304938930700, 20.76092072500998900 ) ) ;
#2332 = DIRECTION ( 'NONE',  ( 0.0000000000000000000, 0.0000000000000000000, -1.000000000000000000 ) ) ;
#2333 = AXIS2_PLACEMENT_3D ( 'NONE', #4389, #10163, #5228 ) ;
#2334 = CARTESIAN_POINT ( 'NONE',  ( 3.900000000000005700, 52.79999999999999700, -10.90000000000000400 ) ) ;
#2335 = CARTESIAN_POINT ( 'NONE',  ( -6.599999999999992500, 33.79999999999999700, -9.400000000000003900 ) ) ;
#2336 = CARTESIAN_POINT ( 'NONE',  ( 11.20000000000000100, 51.19999999999999600, 13.00000000000000400 ) ) ;
#2337 = FACE_OUTER_BOUND ( 'NONE', #1611, .T. ) ;
#2338 = VECTOR ( 'NONE', #748, 1000.000000000000000 ) ;
#2339 = ORIENTED_EDGE ( 'NONE', *, *, #5761, .T. ) ;
#2340 = ORIENTED_EDGE ( 'NONE', *, *, #2231, .T. ) ;
#2341 = DIRECTION ( 'NONE',  ( -3.083952846180984600E-015, 1.000000000000000000, 0.0000000000000000000 ) ) ;
#2342 = DIRECTION ( 'NONE',  ( -1.000000000000000000, 0.0000000000000000000, 0.0000000000000000000 ) ) ;
#2343 = CARTESIAN_POINT ( 'NONE',  ( -8.948805684721973500, -3.000000000000000000, 25.40000000000000900 ) ) ;
#2344 = EDGE_CURVE ( 'NONE', #6654, #1406, #5459, .T. ) ;
#2345 = CARTESIAN_POINT ( 'NONE',  ( -4.599999999999992500, 3.400000000000023900, -26.20000000000000300 ) ) ;
#2346 = CARTESIAN_POINT ( 'NONE',  ( -35.19999999999999600, 3.400000000000023900, -3.469446951953614200E-015 ) ) ;
#2347 = DIRECTION ( 'NONE',  ( 5.782411586589351700E-016, -1.000000000000000000, -0.0000000000000000000 ) ) ;
#2348 = VERTEX_POINT ( 'NONE', #10736 ) ;
#2349 = FACE_OUTER_BOUND ( 'NONE', #9238, .T. ) ;
#2350 = CARTESIAN_POINT ( 'NONE',  ( -35.85077777850981600, -2.420402784269446900, 33.94333221575960400 ) ) ;
#2351 = ADVANCED_FACE ( 'NONE', ( #5711 ), #740, .F. ) ;
#2352 = EDGE_LOOP ( 'NONE', ( #2125, #4450, #7066, #7718 ) ) ;
#2353 = DIRECTION ( 'NONE',  ( -1.000000000000000000, 0.0000000000000000000, -0.0000000000000000000 ) ) ;
#2354 = CARTESIAN_POINT ( 'NONE',  ( -5.753451517064738700, -1.567034127570636800, -33.59937285657640200 ) ) ;
#2355 = EDGE_LOOP ( 'NONE', ( #5005, #4228, #10319, #8780, #9363, #4043 ) ) ;
#2356 = CARTESIAN_POINT ( 'NONE',  ( -4.688195292984304700, 52.60955884121013800, -10.87004640409798900 ) ) ;
#2357 = ORIENTED_EDGE ( 'NONE', *, *, #9202, .T. ) ;
#2358 = CARTESIAN_POINT ( 'NONE',  ( -8.443682900041521200, 3.406294780244271300, 30.19770888735984500 ) ) ;
#2359 = VECTOR ( 'NONE', #9188, 1000.000000000000000 ) ;
#2360 = ORIENTED_EDGE ( 'NONE', *, *, #8019, .T. ) ;
#2361 = CARTESIAN_POINT ( 'NONE',  ( 3.800000000000003400, 5.000000000000024000, 11.86037322332781800 ) ) ;
#2362 = ORIENTED_EDGE ( 'NONE', *, *, #7749, .F. ) ;
#2363 = ORIENTED_EDGE ( 'NONE', *, *, #552, .T. ) ;
#2364 = DIRECTION ( 'NONE',  ( 0.0000000000000000000, 0.0000000000000000000, -1.000000000000000000 ) ) ;
#2366 = EDGE_LOOP ( 'NONE', ( #10145, #6323, #2135, #8718, #51, #2395 ) ) ;
#2365 = CARTESIAN_POINT ( 'NONE',  ( -42.50228307667197200, -2.826794919243119400, 26.16697053617942400 ) ) ;
#2367 = ORIENTED_EDGE ( 'NONE', *, *, #3277, .T. ) ;
#2368 = DIRECTION ( 'NONE',  ( 0.0000000000000000000, -1.000000000000000000, 1.251928832280950100E-015 ) ) ;
#2369 = ADVANCED_FACE ( 'NONE', ( #996 ), #5017, .F. ) ;
#2370 = CARTESIAN_POINT ( 'NONE',  ( 3.900000000000005200, 52.29999999999999700, -10.90000000000000400 ) ) ;
#2371 = CARTESIAN_POINT ( 'NONE',  ( -4.599999999999994300, 52.73947364538712200, -10.90000000000000400 ) ) ;
#2372 = EDGE_CURVE ( 'NONE', #4914, #9252, #9580, .T. ) ;
#2373 = VERTEX_POINT ( 'NONE', #1679 ) ;
#2374 = FACE_OUTER_BOUND ( 'NONE', #8454, .T. ) ;
#2375 = EDGE_CURVE ( 'NONE', #5556, #9034, #7389, .T. ) ;
#2376 = VERTEX_POINT ( 'NONE', #3351 ) ;
#2377 = AXIS2_PLACEMENT_3D ( 'NONE', #2050, #7883, #2887 ) ;
#2378 = ORIENTED_EDGE ( 'NONE', *, *, #6185, .F. ) ;
#2379 = ORIENTED_EDGE ( 'NONE', *, *, #3932, .T. ) ;
#2380 = DIRECTION ( 'NONE',  ( 0.8655510200440548200, -0.5000000000000041100, 0.02866062980278329500 ) ) ;
#2381 = CARTESIAN_POINT ( 'NONE',  ( -1.175632000246485700, 34.18255877671881400, 9.447076545853299500 ) ) ;
#2382 = VECTOR ( 'NONE', #9585, 1000.000000000000000 ) ;
#2383 = ORIENTED_EDGE ( 'NONE', *, *, #1575, .F. ) ;
#2384 = ORIENTED_EDGE ( 'NONE', *, *, #3532, .T. ) ;
#2385 = EDGE_CURVE ( 'NONE', #5884, #3390, #7653, .T. ) ;
#2386 = ORIENTED_EDGE ( 'NONE', *, *, #8535, .F. ) ;
#2387 = ORIENTED_EDGE ( 'NONE', *, *, #9974, .F. ) ;
#2388 = EDGE_CURVE ( 'NONE', #381, #40, #9327, .T. ) ;
#2389 = CARTESIAN_POINT ( 'NONE',  ( -35.19636327973358900, 3.398675616613669800, 0.1243944217574995000 ) ) ;
#2390 = PLANE ( 'NONE',  #10009 ) ;
#2391 = CARTESIAN_POINT ( 'NONE',  ( -8.642306541713505700, -2.648912529308667300, -34.20000000000001700 ) ) ;
#2392 = CARTESIAN_POINT ( 'NONE',  ( -4.599999999999993400, 52.29999999999999700, -10.90000000000000400 ) ) ;
#2393 = VERTEX_POINT ( 'NONE', #880 ) ;
#2394 = AXIS2_PLACEMENT_3D ( 'NONE', #9998, #5049, #66 ) ;
#2395 = ORIENTED_EDGE ( 'NONE', *, *, #1269, .F. ) ;
#2396 = EDGE_LOOP ( 'NONE', ( #586, #9017, #2303 ) ) ;
#2397 = EDGE_CURVE ( 'NONE', #6058, #2477, #2689, .T. ) ;
#2398 = CIRCLE ( 'NONE', #124, 13.00000000000000200 ) ;
#2399 = CARTESIAN_POINT ( 'NONE',  ( -9.799999999999993600, 50.10717967697243600, -9.841154273188022800 ) ) ;
#2400 = CARTESIAN_POINT ( 'NONE',  ( -1.403578328260002300, 34.02451168633027100, 9.608649300689192400 ) ) ;
#2401 = DIRECTION ( 'NONE',  ( -0.0000000000000000000, -1.000000000000000000, -0.0000000000000000000 ) ) ;
#2402 = VERTEX_POINT ( 'NONE', #7548 ) ;
#2403 = ORIENTED_EDGE ( 'NONE', *, *, #9614, .F. ) ;
#2404 = VERTEX_POINT ( 'NONE', #1715 ) ;
#2405 = ORIENTED_EDGE ( 'NONE', *, *, #2184, .T. ) ;
#2406 = ADVANCED_FACE ( 'NONE', ( #9066 ), #237, .F. ) ;
#2407 = EDGE_CURVE ( 'NONE', #9300, #4316, #4921, .T. ) ;
#2408 = LINE ( 'NONE', #2603, #6592 ) ;
#2409 = ORIENTED_EDGE ( 'NONE', *, *, #4353, .T. ) ;
#2410 = LINE ( 'NONE', #9353, #6862 ) ;
#2411 = B_SPLINE_CURVE_WITH_KNOTS ( 'NONE', 3,
 ( #3886, #9681, #1364, #6367 ),
 .UNSPECIFIED., .F., .F.,
 ( 4, 4 ),
 ( 0.0000000000000000000, 0.0003852897569917527900 ),
 .UNSPECIFIED. ) ;
#2412 = LINE ( 'NONE', #5729, #6598 ) ;
#2413 = DIRECTION ( 'NONE',  ( 0.0000000000000000000, -1.000000000000000000, 0.0000000000000000000 ) ) ;
#2414 = CARTESIAN_POINT ( 'NONE',  ( -4.045192367383857700, 0.0000000000000000000, 32.70715925883817500 ) ) ;
#2415 = CARTESIAN_POINT ( 'NONE',  ( -5.099999999999995200, 52.29999999999999700, 10.70000000000000300 ) ) ;
#2416 = VERTEX_POINT ( 'NONE', #7582 ) ;
#2417 = DIRECTION ( 'NONE',  ( -1.000000000000000000, 0.0000000000000000000, 0.0000000000000000000 ) ) ;
#2418 = VECTOR ( 'NONE', #3594, 1000.000000000000000 ) ;
#2419 = ADVANCED_FACE ( 'NONE', ( #6608 ), #9249, .T. ) ;
#2420 = CIRCLE ( 'NONE', #7835, 0.09999999999999982500 ) ;
#2421 = DIRECTION ( 'NONE',  ( -1.000000000000000000, 0.0000000000000000000, 0.0000000000000000000 ) ) ;
#2422 = AXIS2_PLACEMENT_3D ( 'NONE', #7622, #2618, #8445 ) ;
#2423 = DIRECTION ( 'NONE',  ( 0.4354491588380096600, 0.7796076080634725100, 0.4501066623777311100 ) ) ;
#2424 = DIRECTION ( 'NONE',  ( -1.000000000000000000, 0.0000000000000000000, 0.0000000000000000000 ) ) ;
#2425 = FACE_OUTER_BOUND ( 'NONE', #2185, .T. ) ;
#2426 = PLANE ( 'NONE',  #6951 ) ;
#2427 = ORIENTED_EDGE ( 'NONE', *, *, #2872, .T. ) ;
#2428 = LINE ( 'NONE', #9443, #495 ) ;
#2429 = CARTESIAN_POINT ( 'NONE',  ( -11.20000000000000100, 48.10000000000002300, -11.00000000000000400 ) ) ;
#2430 = ORIENTED_EDGE ( 'NONE', *, *, #2572, .T. ) ;
#2431 = CARTESIAN_POINT ( 'NONE',  ( 3.900000000000003900, 52.29999999999999700, 10.50000000000000400 ) ) ;
#2432 = CARTESIAN_POINT ( 'NONE',  ( -30.92246679508567900, 1.012843327603691000, -26.81214288337857400 ) ) ;
#2433 = CARTESIAN_POINT ( 'NONE',  ( -6.599999999999992500, 48.10000000000002300, 9.400000000000002100 ) ) ;
#2434 = EDGE_CURVE ( 'NONE', #181, #8562, #6878, .T. ) ;
#2435 = DIRECTION ( 'NONE',  ( -0.0000000000000000000, -0.0000000000000000000, -1.000000000000000000 ) ) ;
#2436 = PLANE ( 'NONE',  #10135 ) ;
#2437 = VECTOR ( 'NONE', #9409, 1000.000000000000000 ) ;
#2438 = CIRCLE ( 'NONE', #4925, 11.00000000000000400 ) ;
#2439 = ORIENTED_EDGE ( 'NONE', *, *, #965, .F. ) ;
#2440 = VERTEX_POINT ( 'NONE', #1787 ) ;
#2441 = CARTESIAN_POINT ( 'NONE',  ( 0.4908712114635772600, 36.79999999999999700, 11.00000000000000000 ) ) ;
#2442 = CARTESIAN_POINT ( 'NONE',  ( 11.20000000000000100, -3.000000000000000000, 6.858022075225178600E-016 ) ) ;
#2443 = EDGE_CURVE ( 'NONE', #6340, #5760, #3252, .T. ) ;
#2444 = CARTESIAN_POINT ( 'NONE',  ( -33.19732171148503100, -3.000000000000000400, -0.04778080191415878100 ) ) ;
#2445 = CARTESIAN_POINT ( 'NONE',  ( -11.19999999999999900, 52.79999999999999700, 0.0000000000000000000 ) ) ;
#2446 = FACE_OUTER_BOUND ( 'NONE', #4136, .T. ) ;
#2447 = CARTESIAN_POINT ( 'NONE',  ( -30.55738846886118100, 3.417731491135571600, -30.19354626501751000 ) ) ;
#2448 = CARTESIAN_POINT ( 'NONE',  ( 3.748866910803929600, 52.80000000000004000, 10.90000000000004700 ) ) ;
#2449 = VECTOR ( 'NONE', #3691, 1000.000000000000000 ) ;
#2450 = CARTESIAN_POINT ( 'NONE',  ( -6.548079650963086500, -0.6747080441461412700, 33.86748624289776900 ) ) ;
#2451 = EDGE_CURVE ( 'NONE', #7569, #2260, #4413, .T. ) ;
#2452 = AXIS2_PLACEMENT_3D ( 'NONE', #6849, #4717, #6379 ) ;
#2453 = VERTEX_POINT ( 'NONE', #10111 ) ;
#2454 = ORIENTED_EDGE ( 'NONE', *, *, #3790, .T. ) ;
#2455 = LINE ( 'NONE', #1538, #4703 ) ;
#2456 = DIRECTION ( 'NONE',  ( -0.0000000000000000000, 1.000000000000000000, -0.0000000000000000000 ) ) ;
#2457 = ADVANCED_FACE ( 'NONE', ( #8549 ), #949, .T. ) ;
#2458 = VERTEX_POINT ( 'NONE', #4365 ) ;
#2459 = CYLINDRICAL_SURFACE ( 'NONE', #179, 5.000000000000000000 ) ;
#2460 = CARTESIAN_POINT ( 'NONE',  ( -6.599999999999992500, 50.79999999999999700, -9.400000000000003900 ) ) ;
#2461 = EDGE_CURVE ( 'NONE', #2755, #10064, #4137, .T. ) ;
#2462 = ORIENTED_EDGE ( 'NONE', *, *, #3654, .F. ) ;
#2463 = CARTESIAN_POINT ( 'NONE',  ( 23.33960460641120300, 0.0000000000000000000, 4.650806381693396200 ) ) ;
#2464 = ORIENTED_EDGE ( 'NONE', *, *, #8253, .T. ) ;
#2465 = VERTEX_POINT ( 'NONE', #5171 ) ;
#2466 = EDGE_LOOP ( 'NONE', ( #8392, #9132, #8877, #5611, #6574, #1970, #1159, #6328, #3834 ) ) ;
#2467 = EDGE_CURVE ( 'NONE', #5494, #2994, #10489, .T. ) ;
#2468 = LINE ( 'NONE', #5880, #10534 ) ;
#2469 = DIRECTION ( 'NONE',  ( -0.9396323643375587000, 0.3421856512032751500, 0.0000000000000000000 ) ) ;
#2470 = VECTOR ( 'NONE', #482, 1000.000000000000000 ) ;
#2471 =( BOUNDED_CURVE ( )  B_SPLINE_CURVE ( 3, ( #10249, #1138, #3657, #9463 ),
 .UNSPECIFIED., .F., .F. ) 
 B_SPLINE_CURVE_WITH_KNOTS ( ( 4, 4 ),
 ( 0.0000000000000000000, 0.05862310907833977200 ),
 .UNSPECIFIED. ) 
 CURVE ( )  GEOMETRIC_REPRESENTATION_ITEM ( )  RATIONAL_B_SPLINE_CURVE ( ( 1.000000000000000000, 0.9997136314275876200, 0.9997136314275876200, 1.000000000000000000 ) ) 
 REPRESENTATION_ITEM ( '' )  );
#2472 = DIRECTION ( 'NONE',  ( -0.0000000000000000000, -0.3420201433256648800, 0.9396926207859097600 ) ) ;
#2473 = ADVANCED_FACE ( 'NONE', ( #6353 ), #2699, .F. ) ;
#2474 = CARTESIAN_POINT ( 'NONE',  ( -3.599999999999999200, 33.05000000000000400, -12.60000000000000300 ) ) ;
#2475 = FACE_OUTER_BOUND ( 'NONE', #2466, .T. ) ;
#2476 = ORIENTED_EDGE ( 'NONE', *, *, #1079, .F. ) ;
#2477 = VERTEX_POINT ( 'NONE', #6874 ) ;
#2478 = VECTOR ( 'NONE', #2803, 1000.000000000000000 ) ;
#2479 = PLANE ( 'NONE',  #8963 ) ;
#2480 = CARTESIAN_POINT ( 'NONE',  ( 4.689063228951184200, 3.000000000000000400, 14.24404963251704700 ) ) ;
#2481 = CARTESIAN_POINT ( 'NONE',  ( -1.359863546191189200, 33.79999999999999700, -8.979274057836294200 ) ) ;
#2482 = ORIENTED_EDGE ( 'NONE', *, *, #1803, .F. ) ;
#2483 = EDGE_CURVE ( 'NONE', #873, #6893, #1339, .T. ) ;
#2484 = CARTESIAN_POINT ( 'NONE',  ( -0.5999999999999937600, 33.79999999999999700, -10.50000000000000000 ) ) ;
#2485 = CARTESIAN_POINT ( 'NONE',  ( -3.230803737355994400, 31.11456396182372300, -11.00000000000000400 ) ) ;
#2486 = AXIS2_PLACEMENT_3D ( 'NONE', #7998, #9660, #4721 ) ;
#2487 = ORIENTED_EDGE ( 'NONE', *, *, #6233, .F. ) ;
#2488 = ORIENTED_EDGE ( 'NONE', *, *, #10326, .F. ) ;
#2489 = CARTESIAN_POINT ( 'NONE',  ( 5.400000000000005700, 36.79999999999999700, -9.800000000000002500 ) ) ;
#2490 = ORIENTED_EDGE ( 'NONE', *, *, #10466, .F. ) ;
#2491 = VECTOR ( 'NONE', #2900, 1000.000000000000000 ) ;
#2492 = ORIENTED_EDGE ( 'NONE', *, *, #2315, .T. ) ;
#2493 = DIRECTION ( 'NONE',  ( -1.000000000000000000, 0.0000000000000000000, 0.0000000000000000000 ) ) ;
#2494 = DIRECTION ( 'NONE',  ( 0.0000000000000000000, -0.0000000000000000000, 1.000000000000000000 ) ) ;
#2495 = CARTESIAN_POINT ( 'NONE',  ( -6.599999999999993400, 20.74968880069896200, -10.90000000000000400 ) ) ;
#2496 = ORIENTED_EDGE ( 'NONE', *, *, #10725, .F. ) ;
#2497 = ORIENTED_EDGE ( 'NONE', *, *, #9014, .F. ) ;
#2498 = CARTESIAN_POINT ( 'NONE',  ( -4.599999999999994300, 38.80000000000000400, 9.800000000000000700 ) ) ;
#2499 = EDGE_CURVE ( 'NONE', #3250, #5388, #10194, .T. ) ;
#2500 = AXIS2_PLACEMENT_3D ( 'NONE', #9102, #3271, #8271 ) ;
#2501 = CARTESIAN_POINT ( 'NONE',  ( -1.686730163066189500, 33.79999999999999700, 8.979274057836304800 ) ) ;
#2502 = CIRCLE ( 'NONE', #139, 13.00000000000000400 ) ;
#2503 = DIRECTION ( 'NONE',  ( 0.4472135954999608100, -0.7745966692414799600, -0.4472135954999608700 ) ) ;
#2504 = DIRECTION ( 'NONE',  ( 1.000000000000000000, 0.0000000000000000000, 0.0000000000000000000 ) ) ;
#2505 = DIRECTION ( 'NONE',  ( 0.6601821655035222700, -0.7511055241116789700, 0.0000000000000000000 ) ) ;
#2506 = CARTESIAN_POINT ( 'NONE',  ( -2.599999999999990800, 34.55000000000000400, 15.00000000000000200 ) ) ;
#2507 = CARTESIAN_POINT ( 'NONE',  ( 5.400000000000005700, 50.79999999999999700, 6.241154273188014300 ) ) ;
#2508 = ORIENTED_EDGE ( 'NONE', *, *, #5693, .F. ) ;
#2509 = CARTESIAN_POINT ( 'NONE',  ( -1.333346619543909700, 49.95393300122840700, 9.800000000000000700 ) ) ;
#2510 = EDGE_LOOP ( 'NONE', ( #3843, #1807, #9891, #8368, #1670, #10008, #8992, #8910 ) ) ;
#2511 = EDGE_CURVE ( 'NONE', #6299, #1515, #3873, .T. ) ;
#2512 = ADVANCED_FACE ( 'NONE', ( #2425 ), #7769, .F. ) ;
#2513 = EDGE_CURVE ( 'NONE', #4846, #5760, #3607, .T. ) ;
#2514 = VECTOR ( 'NONE', #7497, 1000.000000000000200 ) ;
#2515 = CARTESIAN_POINT ( 'NONE',  ( -25.51903941266792600, 1.577880225504543200, 25.55695961948707100 ) ) ;
#2516 = ORIENTED_EDGE ( 'NONE', *, *, #9362, .F. ) ;
#2517 = VERTEX_POINT ( 'NONE', #4480 ) ;
#2518 = VERTEX_POINT ( 'NONE', #319 ) ;
#2519 = CARTESIAN_POINT ( 'NONE',  ( -500000.0000000000600, 30.30000000000000800, 10.99999999978315800 ) ) ;
#2520 = DIRECTION ( 'NONE',  ( 1.000000000000000000, -0.0000000000000000000, 2.990902544787600600E-016 ) ) ;
#2521 = ADVANCED_FACE ( 'NONE', ( #5836 ), #5581, .T. ) ;
#2522 = FACE_OUTER_BOUND ( 'NONE', #10174, .T. ) ;
#2523 = EDGE_CURVE ( 'NONE', #4634, #7918, #1391, .T. ) ;
#2524 = ORIENTED_EDGE ( 'NONE', *, *, #8896, .F. ) ;
#2525 = ORIENTED_EDGE ( 'NONE', *, *, #10114, .F. ) ;
#2526 = ORIENTED_EDGE ( 'NONE', *, *, #4439, .T. ) ;
#2527 = EDGE_CURVE ( 'NONE', #5530, #10493, #9959, .T. ) ;
#2528 = CARTESIAN_POINT ( 'NONE',  ( -33.73576973346460800, -0.3510874706913261200, 34.20000000000000300 ) ) ;
#2529 = CARTESIAN_POINT ( 'NONE',  ( -34.04111592333065800, -2.648912529308673500, -34.20000000000001000 ) ) ;
#2530 = VECTOR ( 'NONE', #6272, 1000.000000000000000 ) ;
#2531 = VERTEX_POINT ( 'NONE', #2811 ) ;
#2532 = CIRCLE ( 'NONE', #7225, 0.2000000000000016200 ) ;
#2533 = DIRECTION ( 'NONE',  ( -1.548860246407864100E-016, 0.0000000000000000000, 1.000000000000000000 ) ) ;
#2534 = DIRECTION ( 'NONE',  ( 0.0000000000000000000, 0.0000000000000000000, 1.000000000000000000 ) ) ;
#2535 = VECTOR ( 'NONE', #10227, 1000.000000000000000 ) ;
#2536 = DIRECTION ( 'NONE',  ( 0.0000000000000000000, -1.000000000000000000, 0.0000000000000000000 ) ) ;
#2537 = ORIENTED_EDGE ( 'NONE', *, *, #5206, .T. ) ;
#2538 = DIRECTION ( 'NONE',  ( 0.0000000000000000000, 1.000000000000000000, 0.0000000000000000000 ) ) ;
#2539 = CARTESIAN_POINT ( 'NONE',  ( 13.40000000000000600, 3.400000000000019000, -15.87817534019966500 ) ) ;
#2540 = DIRECTION ( 'NONE',  ( -0.0000000000000000000, -1.000000000000000000, -0.0000000000000000000 ) ) ;
#2541 = VECTOR ( 'NONE', #714, 1000.000000000000000 ) ;
#2542 = CYLINDRICAL_SURFACE ( 'NONE', #7255, 5.000000000000000000 ) ;
#2543 = CARTESIAN_POINT ( 'NONE',  ( -4.600000000000000500, 5.000000000000000000, 30.20000000000000300 ) ) ;
#2544 = FACE_OUTER_BOUND ( 'NONE', #6406, .T. ) ;
#2545 =( BOUNDED_CURVE ( )  B_SPLINE_CURVE ( 3, ( #10270, #3643, #8614, #5347 ),
 .UNSPECIFIED., .F., .F. ) 
 B_SPLINE_CURVE_WITH_KNOTS ( ( 4, 4 ),
 ( 5.624127271353179600, 6.523366845080344600 ),
 .UNSPECIFIED. ) 
 CURVE ( )  GEOMETRIC_REPRESENTATION_ITEM ( )  RATIONAL_B_SPLINE_CURVE ( ( 1.000000000000000000, 0.9337416112489471700, 0.9337416112489471700, 1.000000000000000000 ) ) 
 REPRESENTATION_ITEM ( '' )  );
#2546 = EDGE_LOOP ( 'NONE', ( #10101, #3984, #10179, #2738 ) ) ;
#2547 = CARTESIAN_POINT ( 'NONE',  ( 3.400000000000014600, 34.54999999999999700, 15.00000000000000200 ) ) ;
#2548 = EDGE_CURVE ( 'NONE', #9169, #2348, #8276, .T. ) ;
#2549 = VECTOR ( 'NONE', #2224, 1000.000000000000000 ) ;
#2550 = CARTESIAN_POINT ( 'NONE',  ( -5.099999999999995200, 52.29999999999999700, 10.90000000000000400 ) ) ;
#2551 = ORIENTED_EDGE ( 'NONE', *, *, #7406, .T. ) ;
#2552 = CIRCLE ( 'NONE', #4299, 0.2000000000000016200 ) ;
#2553 = DIRECTION ( 'NONE',  ( 0.0000000000000000000, 0.0000000000000000000, 1.000000000000000000 ) ) ;
#2554 = ORIENTED_EDGE ( 'NONE', *, *, #158, .F. ) ;
#2555 = PLANE ( 'NONE',  #6115 ) ;
#2556 = CARTESIAN_POINT ( 'NONE',  ( -0.5999999999999937600, 50.79999999999999700, -10.50000000000000000 ) ) ;
#2557 =( BOUNDED_CURVE ( )  B_SPLINE_CURVE ( 3, ( #3804, #6293, #1286, #470 ),
 .UNSPECIFIED., .F., .T. ) 
 B_SPLINE_CURVE_WITH_KNOTS ( ( 4, 4 ),
 ( 2.414817599270095500, 3.868367707909492900 ),
 .UNSPECIFIED. ) 
 CURVE ( )  GEOMETRIC_REPRESENTATION_ITEM ( )  RATIONAL_B_SPLINE_CURVE ( ( 1.000000000000000000, 0.8315474279732688600, 0.8315474279732688600, 1.000000000000000000 ) ) 
 REPRESENTATION_ITEM ( '' )  );
#2558 = DIRECTION ( 'NONE',  ( 0.4472135954999609300, -0.7745966692414798500, -0.4472135954999609300 ) ) ;
#2559 = ORIENTED_EDGE ( 'NONE', *, *, #10374, .T. ) ;
#2560 = VECTOR ( 'NONE', #10487, 1000.000000000000000 ) ;
#2561 = FACE_OUTER_BOUND ( 'NONE', #7763, .T. ) ;
#2562 = ADVANCED_FACE ( 'NONE', ( #1125 ), #6360, .F. ) ;
#2563 = AXIS2_PLACEMENT_3D ( 'NONE', #2433, #8257, #3254 ) ;
#2564 = CARTESIAN_POINT ( 'NONE',  ( -36.84935510211339200, -1.800719465620225900, -33.63083583792806800 ) ) ;
#2565 = CARTESIAN_POINT ( 'NONE',  ( -8.948805684721968100, -2.826794919243119400, -25.40000000000000900 ) ) ;
#2566 = CARTESIAN_POINT ( 'NONE',  ( 3.460526354612882400, 52.79999999999999700, -10.70000000000000300 ) ) ;
#2567 = VECTOR ( 'NONE', #10305, 1000.000000000000000 ) ;
#2568 = CARTESIAN_POINT ( 'NONE',  ( -35.19587300007701500, 3.400021911033896500, -0.1243944217573579600 ) ) ;
#2569 = VECTOR ( 'NONE', #2332, 1000.000000000000000 ) ;
#2570 = DIRECTION ( 'NONE',  ( -0.0000000000000000000, -1.000000000000000000, -0.0000000000000000000 ) ) ;
#2571 = CARTESIAN_POINT ( 'NONE',  ( -1.349999999999995000, 33.05000000000000400, -12.60000000000000300 ) ) ;
#2572 = EDGE_CURVE ( 'NONE', #170, #6977, #7509, .T. ) ;
#2573 = DIRECTION ( 'NONE',  ( -1.000000000000000000, 0.0000000000000000000, 0.0000000000000000000 ) ) ;
#2574 = ADVANCED_FACE ( 'NONE', ( #3328 ), #8605, .F. ) ;
#2575 = CARTESIAN_POINT ( 'NONE',  ( -4.599999999999994300, 38.80000000000000400, 13.00000000000000200 ) ) ;
#2576 = VECTOR ( 'NONE', #9864, 1000.000000000000100 ) ;
#2577 = ORIENTED_EDGE ( 'NONE', *, *, #7067, .F. ) ;
#2578 = CARTESIAN_POINT ( 'NONE',  ( -6.599999999999992500, 50.10717967697243600, 9.400000000000002100 ) ) ;
#2579 = CARTESIAN_POINT ( 'NONE',  ( 3.413080204140019400, 52.40797740148020300, 10.83404619769892100 ) ) ;
#2580 = EDGE_CURVE ( 'NONE', #6949, #7279, #856, .T. ) ;
#2581 = DIRECTION ( 'NONE',  ( 0.0000000000000000000, 0.0000000000000000000, 1.000000000000000000 ) ) ;
#2582 = CARTESIAN_POINT ( 'NONE',  ( 3.900000000000005200, 52.29999999999999700, -10.76666666666666900 ) ) ;
#2583 = CARTESIAN_POINT ( 'NONE',  ( -0.5367646814325045500, -3.000000000000000000, 10.24208025555776100 ) ) ;
#2584 = EDGE_CURVE ( 'NONE', #10224, #6965, #3071, .T. ) ;
#2585 = VECTOR ( 'NONE', #8939, 1000.000000000000000 ) ;
#2586 = VERTEX_POINT ( 'NONE', #8738 ) ;
#2587 = ADVANCED_FACE ( 'NONE', ( #2814 ), #4694, .F. ) ;
#2588 = ORIENTED_EDGE ( 'NONE', *, *, #2407, .F. ) ;
#2589 = ORIENTED_EDGE ( 'NONE', *, *, #8174, .F. ) ;
#2590 = AXIS2_PLACEMENT_3D ( 'NONE', #4584, #2914, #8739 ) ;
#2591 = CARTESIAN_POINT ( 'NONE',  ( 24.14187696106416300, -2.000000000000000000, 1.109053650640950300 ) ) ;
#2592 = ORIENTED_EDGE ( 'NONE', *, *, #36, .T. ) ;
#2593 = CARTESIAN_POINT ( 'NONE',  ( -35.26747853630914900, -0.4489771847214660800, -34.07091164731703300 ) ) ;
#2594 = VECTOR ( 'NONE', #10422, 999.9999999999998900 ) ;
#2595 = EDGE_CURVE ( 'NONE', #9013, #6612, #5330, .T. ) ;
#2596 =( BOUNDED_CURVE ( )  B_SPLINE_CURVE ( 3, ( #5522, #10458, #6346, #1340 ),
 .UNSPECIFIED., .F., .F. ) 
 B_SPLINE_CURVE_WITH_KNOTS ( ( 4, 4 ),
 ( 5.269818214998187100, 6.283185307179586200 ),
 .UNSPECIFIED. ) 
 CURVE ( )  GEOMETRIC_REPRESENTATION_ITEM ( )  RATIONAL_B_SPLINE_CURVE ( ( 1.000000000000000000, 0.9162391482806249200, 0.9162391482806249200, 1.000000000000000000 ) ) 
 REPRESENTATION_ITEM ( '' )  );
#2597 = CARTESIAN_POINT ( 'NONE',  ( -6.599999999999993400, 52.79999999999999700, 10.90000000000000400 ) ) ;
#2598 = PLANE ( 'NONE',  #2817 ) ;
#2599 = ORIENTED_EDGE ( 'NONE', *, *, #1963, .T. ) ;
#2600 = AXIS2_PLACEMENT_3D ( 'NONE', #539, #2196, #6370 ) ;
#2601 = CARTESIAN_POINT ( 'NONE',  ( -1.957788583864084100, 30.49999999998512100, 11.34641016152238500 ) ) ;
#2602 = DIRECTION ( 'NONE',  ( 0.0000000000000000000, 0.0000000000000000000, 1.000000000000000000 ) ) ;
#2604 = VERTEX_POINT ( 'NONE', #3879 ) ;
#2603 = CARTESIAN_POINT ( 'NONE',  ( -33.19890385724377100, -3.000000000000000000, -3.015146087666336900E-015 ) ) ;
#2605 = ORIENTED_EDGE ( 'NONE', *, *, #7694, .F. ) ;
#2606 = CARTESIAN_POINT ( 'NONE',  ( -4.968498096654733400, 52.78631836646638200, 10.86695313951646800 ) ) ;
#2607 = CARTESIAN_POINT ( 'NONE',  ( 500000.0000000000600, 35.79999999999999700, -11.00000000000000400 ) ) ;
#2608 = CARTESIAN_POINT ( 'NONE',  ( 0.2150476222992616900, 34.00000000000005000, 9.619263164512567200 ) ) ;
#2609 = CARTESIAN_POINT ( 'NONE',  ( -0.8341462935942710600, 29.08756443473228600, 11.69999999998124100 ) ) ;
#2610 = ADVANCED_FACE ( 'NONE', ( #9190 ), #610, .F. ) ;
#2611 = CIRCLE ( 'NONE', #8624, 1.199999999999999700 ) ;
#2612 = ORIENTED_EDGE ( 'NONE', *, *, #8941, .T. ) ;
#2613 = VERTEX_POINT ( 'NONE', #5567 ) ;
#2614 = ORIENTED_EDGE ( 'NONE', *, *, #8874, .T. ) ;
#2615 = CARTESIAN_POINT ( 'NONE',  ( 7.935898384862222000, 3.000000000000000400, 1.042923426605070000E-015 ) ) ;
#2616 = CARTESIAN_POINT ( 'NONE',  ( -1.731370849898469500, 50.79999999999999700, 10.90000000000000400 ) ) ;
#2617 = DIRECTION ( 'NONE',  ( -0.0000000000000000000, 1.000000000000000000, -0.0000000000000000000 ) ) ;
#2618 = DIRECTION ( 'NONE',  ( 0.0000000000000000000, -1.000000000000000000, 0.0000000000000000000 ) ) ;
#2619 = DIRECTION ( 'NONE',  ( -9.293161478447181700E-017, 1.000000000000000000, 0.0000000000000000000 ) ) ;
#2620 = CARTESIAN_POINT ( 'NONE',  ( 0.3109684875722820700, 30.10221762652171100, 11.30705244144079600 ) ) ;
#2621 = CARTESIAN_POINT ( 'NONE',  ( -7.339626776672175400, 35.79999999999999000, 7.800000000000003400 ) ) ;
#2622 = CARTESIAN_POINT ( 'NONE',  ( 3.400000000000005200, 52.79999999999999700, -11.30000000000000100 ) ) ;
#2623 = VECTOR ( 'NONE', #3498, 1000.000000000000000 ) ;
#2624 = AXIS2_PLACEMENT_3D ( 'NONE', #662, #3132, #2342 ) ;
#2625 = ADVANCED_FACE ( 'NONE', ( #9453 ), #8938, .F. ) ;
#2626 = ORIENTED_EDGE ( 'NONE', *, *, #7263, .T. ) ;
#2627 = ORIENTED_EDGE ( 'NONE', *, *, #6968, .F. ) ;
#2628 = VERTEX_POINT ( 'NONE', #8053 ) ;
#2629 = DIRECTION ( 'NONE',  ( -2.276234240510850500E-016, -0.4999999999999967800, -0.8660254037844404800 ) ) ;
#2630 = DIRECTION ( 'NONE',  ( 1.314184451497581300E-016, 0.0000000000000000000, -1.000000000000000000 ) ) ;
#2631 = DIRECTION ( 'NONE',  ( -0.0000000000000000000, -1.000000000000000000, -0.0000000000000000000 ) ) ;
#2632 = CARTESIAN_POINT ( 'NONE',  ( -1.415047622299090600, 34.00000000000020600, 9.619263164512471300 ) ) ;
#2633 = CYLINDRICAL_SURFACE ( 'NONE', #3107, 6.200000000000001100 ) ;
#2634 = CARTESIAN_POINT ( 'NONE',  ( 0.6021992420232976700, 31.69469640328887600, 10.61748890360583500 ) ) ;
#2635 = CARTESIAN_POINT ( 'NONE',  ( 3.400000000000003900, 52.79999999999999700, 9.800000000000000700 ) ) ;
#2636 = EDGE_CURVE ( 'NONE', #1484, #213, #6999, .T. ) ;
#2637 = ORIENTED_EDGE ( 'NONE', *, *, #370, .T. ) ;
#2638 = ORIENTED_EDGE ( 'NONE', *, *, #5138, .F. ) ;
#2639 = ORIENTED_EDGE ( 'NONE', *, *, #1636, .T. ) ;
#2640 = ORIENTED_EDGE ( 'NONE', *, *, #190, .F. ) ;
#2641 = DIRECTION ( 'NONE',  ( -0.0000000000000000000, 1.000000000000000000, 0.0000000000000000000 ) ) ;
#2642 = CARTESIAN_POINT ( 'NONE',  ( 0.4908712114635766000, 50.79999999999999700, -11.00000000000000400 ) ) ;
#2643 = PLANE ( 'NONE',  #9812 ) ;
#2644 = CARTESIAN_POINT ( 'NONE',  ( -44.22702436849784400, -1.500000000000000000, 35.00000000000001400 ) ) ;
#2645 = CARTESIAN_POINT ( 'NONE',  ( -4.599999999999994300, 50.79999999999999700, -9.800000000000002500 ) ) ;
#2646 = LINE ( 'NONE', #2907, #697 ) ;
#2647 = DIRECTION ( 'NONE',  ( 1.000000000000000000, 0.0000000000000000000, 0.0000000000000000000 ) ) ;
#2648 = CARTESIAN_POINT ( 'NONE',  ( -1.349999999999996100, 30.80000000000000400, -12.60000000000000300 ) ) ;
#2649 = ORIENTED_EDGE ( 'NONE', *, *, #7403, .F. ) ;
#2650 = EDGE_CURVE ( 'NONE', #8695, #5557, #4808, .T. ) ;
#2651 = ORIENTED_EDGE ( 'NONE', *, *, #6968, .T. ) ;
#2652 = ORIENTED_EDGE ( 'NONE', *, *, #7785, .T. ) ;
#2653 = EDGE_CURVE ( 'NONE', #3184, #2251, #4536, .T. ) ;
#2654 = CIRCLE ( 'NONE', #2333, 2.758845726811978100 ) ;
#2655 = CARTESIAN_POINT ( 'NONE',  ( -6.599999999999993400, 36.79999999999999700, 10.90000000000000400 ) ) ;
#2656 = LINE ( 'NONE', #8932, #4896 ) ;
#2657 = DIRECTION ( 'NONE',  ( 1.000000000000000000, 0.0000000000000000000, 0.0000000000000000000 ) ) ;
#2658 = DIRECTION ( 'NONE',  ( 1.548860246407863300E-016, 0.0000000000000000000, -1.000000000000000000 ) ) ;
#2659 = DIRECTION ( 'NONE',  ( 0.0000000000000000000, -0.0000000000000000000, 1.000000000000000000 ) ) ;
#2660 = EDGE_LOOP ( 'NONE', ( #7954, #7934, #1869 ) ) ;
#2661 = EDGE_LOOP ( 'NONE', ( #3971, #4700, #8335, #9422, #7638 ) ) ;
#2662 = CARTESIAN_POINT ( 'NONE',  ( -33.19534597945803300, -3.002055267513610700, -0.1433031490138566300 ) ) ;
#2663 = ORIENTED_EDGE ( 'NONE', *, *, #3761, .F. ) ;
#2664 = DIRECTION ( 'NONE',  ( -0.9986295347545736100, 0.0000000000000000000, -0.05233595624294763000 ) ) ;
#2665 = LINE ( 'NONE', #6743, #9048 ) ;
#2666 = EDGE_CURVE ( 'NONE', #7903, #8770, #2292, .T. ) ;
#2667 = ORIENTED_EDGE ( 'NONE', *, *, #256, .T. ) ;
#2668 = VECTOR ( 'NONE', #9803, 1000.000000000000000 ) ;
#2669 = EDGE_CURVE ( 'NONE', #6416, #8770, #8680, .T. ) ;
#2670 = ADVANCED_FACE ( 'NONE', ( #8406 ), #3091, .T. ) ;
#2671 = CARTESIAN_POINT ( 'NONE',  ( -2.599999999999996500, 5.000000000000018700, 11.00000000000000200 ) ) ;
#2673 = ORIENTED_EDGE ( 'NONE', *, *, #9640, .T. ) ;
#2672 = CARTESIAN_POINT ( 'NONE',  ( 3.400000000000003900, 52.19040564187154300, 10.83303955644464400 ) ) ;
#2674 = CARTESIAN_POINT ( 'NONE',  ( 0.1689346443117211200, 33.79999999999999700, 8.979274057836304800 ) ) ;
#2675 = CARTESIAN_POINT ( 'NONE',  ( 0.08207985249845264900, 33.16268418868782000, 9.347228513055755500 ) ) ;
#2676 = VECTOR ( 'NONE', #6839, 1000.000000000000000 ) ;
#2677 = PLANE ( 'NONE',  #5070 ) ;
#2678 = VERTEX_POINT ( 'NONE', #7261 ) ;
#2679 = LINE ( 'NONE', #6112, #7118 ) ;
#2680 = EDGE_LOOP ( 'NONE', ( #4432, #7981, #10400, #5315 ) ) ;
#2681 = ORIENTED_EDGE ( 'NONE', *, *, #2666, .T. ) ;
#2682 = CARTESIAN_POINT ( 'NONE',  ( -5.765685424949234400, 52.29999999999999700, -10.70000000000000300 ) ) ;
#2683 = CARTESIAN_POINT ( 'NONE',  ( -1.574679434480891200, 50.79999999999999700, 9.800000000000000700 ) ) ;
#2684 = CARTESIAN_POINT ( 'NONE',  ( -6.599999999999993400, 50.89999999999999900, -11.30000000000000200 ) ) ;
#2685 = ADVANCED_FACE ( 'NONE', ( #4265 ), #10538, .F. ) ;
#2686 = CARTESIAN_POINT ( 'NONE',  ( 13.40000000000000600, 3.400000000000023900, -13.64339877915259800 ) ) ;
#2687 = CARTESIAN_POINT ( 'NONE',  ( -6.599999999999992500, 48.10000000000002300, -7.800000000000003400 ) ) ;
#2688 = DIRECTION ( 'NONE',  ( -0.4472135954999608100, 0.7745966692414799600, 0.4472135954999608700 ) ) ;
#2689 = CIRCLE ( 'NONE', #7203, 0.2000000000000002900 ) ;
#2690 = CIRCLE ( 'NONE', #4522, 0.4000000000000004700 ) ;
#2691 = ORIENTED_EDGE ( 'NONE', *, *, #1551, .F. ) ;
#2692 = EDGE_CURVE ( 'NONE', #8900, #2934, #3997, .T. ) ;
#2693 = CARTESIAN_POINT ( 'NONE',  ( -5.099999999999995200, 52.79999999999999700, -10.90000000000000400 ) ) ;
#2694 = DIRECTION ( 'NONE',  ( 0.0000000000000000000, -1.000000000000000000, 0.0000000000000000000 ) ) ;
#2695 = CARTESIAN_POINT ( 'NONE',  ( -4.242659754039991100, 5.000000000000000000, -19.21764762517409500 ) ) ;
#2696 = PLANE ( 'NONE',  #8852 ) ;
#2697 = DIRECTION ( 'NONE',  ( 0.0000000000000000000, 0.0000000000000000000, 1.000000000000000000 ) ) ;
#2698 = VECTOR ( 'NONE', #9311, 1000.000000000000000 ) ;
#2699 = PLANE ( 'NONE',  #3069 ) ;
#2700 = CARTESIAN_POINT ( 'NONE',  ( 11.76154595579108900, 3.761888886423175200, -19.66828321723024000 ) ) ;
#2701 = ORIENTED_EDGE ( 'NONE', *, *, #6932, .T. ) ;
#2702 = ORIENTED_EDGE ( 'NONE', *, *, #3593, .F. ) ;
#2703 =( BOUNDED_CURVE ( )  B_SPLINE_CURVE ( 3, ( #9731, #618, #7281, #2282 ),
 .UNSPECIFIED., .F., .T. ) 
 B_SPLINE_CURVE_WITH_KNOTS ( ( 4, 4 ),
 ( 2.414817599270095100, 3.868367707909490700 ),
 .UNSPECIFIED. ) 
 CURVE ( )  GEOMETRIC_REPRESENTATION_ITEM ( )  RATIONAL_B_SPLINE_CURVE ( ( 1.000000000000000000, 0.8315474279732690800, 0.8315474279732690800, 1.000000000000000000 ) ) 
 REPRESENTATION_ITEM ( '' )  );
#2704 = CIRCLE ( 'NONE', #3561, 1.199999999999999700 ) ;
#2705 = CARTESIAN_POINT ( 'NONE',  ( -6.599999999999993400, 50.79999999999999700, 10.90000000000000400 ) ) ;
#2706 = FACE_OUTER_BOUND ( 'NONE', #794, .T. ) ;
#2707 = DIRECTION ( 'NONE',  ( -2.782064071735475600E-016, 0.5000000000000031100, 0.8660254037844368200 ) ) ;
#2708 = DIRECTION ( 'NONE',  ( 0.4472135954999552100, -0.7745966692414860700, 0.4472135954999557100 ) ) ;
#2709 = DIRECTION ( 'NONE',  ( 0.0000000000000000000, 0.0000000000000000000, -1.000000000000000000 ) ) ;
#2710 = CARTESIAN_POINT ( 'NONE',  ( 3.400000000000005200, 52.22457190937641500, -10.89999999999476500 ) ) ;
#2711 = ORIENTED_EDGE ( 'NONE', *, *, #9140, .T. ) ;
#2712 = DIRECTION ( 'NONE',  ( 1.000000000000000000, 0.0000000000000000000, 0.0000000000000000000 ) ) ;
#2713 = ORIENTED_EDGE ( 'NONE', *, *, #8285, .F. ) ;
#2714 = EDGE_CURVE ( 'NONE', #9576, #2074, #4369, .T. ) ;
#2715 = FACE_OUTER_BOUND ( 'NONE', #6029, .T. ) ;
#2716 = CARTESIAN_POINT ( 'NONE',  ( 13.40000000000000600, 0.0000000000000000000, -19.80000000000000100 ) ) ;
#2717 = ORIENTED_EDGE ( 'NONE', *, *, #6439, .T. ) ;
#2718 = CIRCLE ( 'NONE', #6518, 4.000000000000002700 ) ;
#2719 = DIRECTION ( 'NONE',  ( 1.314184451497581000E-016, 0.0000000000000000000, -1.000000000000000000 ) ) ;
#2720 = CARTESIAN_POINT ( 'NONE',  ( -6.599999999999993400, 52.79999999999999700, -10.90000000000000400 ) ) ;
#2721 =( BOUNDED_CURVE ( )  B_SPLINE_CURVE ( 3, ( #6106, #10217, #6939, #1919 ),
 .UNSPECIFIED., .F., .F. ) 
 B_SPLINE_CURVE_WITH_KNOTS ( ( 4, 4 ),
 ( 2.414817599270095500, 3.868367707909490700 ),
 .UNSPECIFIED. ) 
 CURVE ( )  GEOMETRIC_REPRESENTATION_ITEM ( )  RATIONAL_B_SPLINE_CURVE ( ( 1.000000000000000000, 0.8315474279732693000, 0.8315474279732693000, 1.000000000000000000 ) ) 
 REPRESENTATION_ITEM ( '' )  );
#2722 = EDGE_CURVE ( 'NONE', #3332, #9749, #1767, .T. ) ;
#2723 = DIRECTION ( 'NONE',  ( 0.0000000000000000000, 0.0000000000000000000, -1.000000000000000000 ) ) ;
#2724 = ORIENTED_EDGE ( 'NONE', *, *, #7231, .T. ) ;
#2725 = DIRECTION ( 'NONE',  ( 2.276234240510838200E-016, 0.5000000000000052200, 0.8660254037844357100 ) ) ;
#2726 = AXIS2_PLACEMENT_3D ( 'NONE', #10596, #9793, #4841 ) ;
#2727 = CARTESIAN_POINT ( 'NONE',  ( -11.19999999999999900, 50.79999999999999700, -9.841154273188021100 ) ) ;
#2728 = FACE_OUTER_BOUND ( 'NONE', #4188, .T. ) ;
#2729 = VERTEX_POINT ( 'NONE', #10654 ) ;
#2730 = EDGE_CURVE ( 'NONE', #3673, #2373, #3730, .T. ) ;
#2731 = ORIENTED_EDGE ( 'NONE', *, *, #1143, .T. ) ;
#2732 = DIRECTION ( 'NONE',  ( -1.314184451497581300E-016, 0.0000000000000000000, 1.000000000000000000 ) ) ;
#2733 = DIRECTION ( 'NONE',  ( 0.0000000000000000000, 0.0000000000000000000, -1.000000000000000000 ) ) ;
#2734 = VECTOR ( 'NONE', #5168, 1000.000000000000000 ) ;
#2735 = ORIENTED_EDGE ( 'NONE', *, *, #3775, .F. ) ;
#2736 = CARTESIAN_POINT ( 'NONE',  ( -6.599999999999994300, 36.79999999999999700, 9.800000000000000700 ) ) ;
#2737 = EDGE_CURVE ( 'NONE', #3799, #2518, #5960, .T. ) ;
#2738 = ORIENTED_EDGE ( 'NONE', *, *, #4924, .T. ) ;
#2739 = VERTEX_POINT ( 'NONE', #8317 ) ;
#2740 = ADVANCED_FACE ( 'NONE', ( #8153 ), #10086, .F. ) ;
#2741 =( BOUNDED_CURVE ( )  B_SPLINE_CURVE ( 3, ( #2447, #808, #775, #5789 ),
 .UNSPECIFIED., .F., .F. ) 
 B_SPLINE_CURVE_WITH_KNOTS ( ( 4, 4 ),
 ( 2.429557898408359200, 3.853627408771235000 ),
 .UNSPECIFIED. ) 
 CURVE ( )  GEOMETRIC_REPRESENTATION_ITEM ( )  RATIONAL_B_SPLINE_CURVE ( ( 1.000000000000000000, 0.8380226565783051000, 0.8380226565783051000, 1.000000000000000000 ) ) 
 REPRESENTATION_ITEM ( '' )  );
#2742 = AXIS2_PLACEMENT_3D ( 'NONE', #8732, #2066, #9558 ) ;
#2743 = DIRECTION ( 'NONE',  ( 4.577742506049911000E-016, -1.000000000000000000, -0.0000000000000000000 ) ) ;
#2744 = LINE ( 'NONE', #7807, #6934 ) ;
#2745 = VERTEX_POINT ( 'NONE', #690 ) ;
#2746 = CARTESIAN_POINT ( 'NONE',  ( 3.400000000000006100, 52.79999999999999700, -12.41764762517408200 ) ) ;
#2747 = CARTESIAN_POINT ( 'NONE',  ( 22.14394809929214600, 13.00000000000000500, -1.109053650640949900 ) ) ;
#2748 = DIRECTION ( 'NONE',  ( 0.0000000000000000000, 0.0000000000000000000, -1.000000000000000000 ) ) ;
#2749 = EDGE_CURVE ( 'NONE', #4597, #8570, #7899, .T. ) ;
#2750 = DIRECTION ( 'NONE',  ( 1.000000000000000000, 0.0000000000000000000, 0.0000000000000000000 ) ) ;
#2751 = ORIENTED_EDGE ( 'NONE', *, *, #7692, .F. ) ;
#2752 = ORIENTED_EDGE ( 'NONE', *, *, #10032, .T. ) ;
#2753 = DIRECTION ( 'NONE',  ( -1.000000000000000000, 0.0000000000000000000, -1.548860246407863300E-016 ) ) ;
#2754 = FACE_OUTER_BOUND ( 'NONE', #5143, .T. ) ;
#2755 = VERTEX_POINT ( 'NONE', #2591 ) ;
#2756 = EDGE_CURVE ( 'NONE', #3920, #8747, #3466, .T. ) ;
#2757 = DIRECTION ( 'NONE',  ( 2.469858862847703200E-016, 0.3420201433256704300, 0.9396926207859077600 ) ) ;
#2758 = CARTESIAN_POINT ( 'NONE',  ( 3.400000000000003900, 52.40866199415700100, 10.83360921628982100 ) ) ;
#2759 = AXIS2_PLACEMENT_3D ( 'NONE', #2682, #8501, #3533 ) ;
#2760 = ORIENTED_EDGE ( 'NONE', *, *, #5119, .F. ) ;
#2761 = DIRECTION ( 'NONE',  ( 0.0000000000000000000, -1.000000000000000000, 0.0000000000000000000 ) ) ;
#2762 = EDGE_LOOP ( 'NONE', ( #3256, #2943, #2713, #8792 ) ) ;
#2763 = VECTOR ( 'NONE', #8671, 1000.000000000000000 ) ;
#2764 = CARTESIAN_POINT ( 'NONE',  ( 3.800000000000003800, 3.000000000000000400, 14.15470053837925400 ) ) ;
#2765 = DIRECTION ( 'NONE',  ( 0.0000000000000000000, 0.0000000000000000000, -1.000000000000000000 ) ) ;
#2767 = VERTEX_POINT ( 'NONE', #2528 ) ;
#2766 = DIRECTION ( 'NONE',  ( 0.0000000000000000000, -1.000000000000000000, -0.0000000000000000000 ) ) ;
#2768 = EDGE_LOOP ( 'NONE', ( #870, #927, #7740, #9564, #3529, #3944 ) ) ;
#2769 = CARTESIAN_POINT ( 'NONE',  ( -5.099999999999995200, 52.79999999999999700, 10.90000000000000400 ) ) ;
#2770 = DIRECTION ( 'NONE',  ( -1.156482317317873100E-015, 0.0000000000000000000, -1.000000000000000000 ) ) ;
#2771 = DIRECTION ( 'NONE',  ( 1.000000000000000000, 0.0000000000000000000, 0.0000000000000000000 ) ) ;
#2772 = EDGE_CURVE ( 'NONE', #269, #5647, #5701, .T. ) ;
#2773 = DIRECTION ( 'NONE',  ( -1.000000000000000000, 0.0000000000000000000, 0.0000000000000000000 ) ) ;
#2774 = LINE ( 'NONE', #10757, #9149 ) ;
#2775 = ORIENTED_EDGE ( 'NONE', *, *, #7906, .T. ) ;
#2776 = VERTEX_POINT ( 'NONE', #3358 ) ;
#2777 = ORIENTED_EDGE ( 'NONE', *, *, #7968, .F. ) ;
#2778 = CARTESIAN_POINT ( 'NONE',  ( 0.4908712114635773700, 4.799999999999984700, 11.00000000000000000 ) ) ;
#2779 = CARTESIAN_POINT ( 'NONE',  ( 3.900000000000005200, 52.29999999999999700, -10.90000000000000400 ) ) ;
#2780 = CARTESIAN_POINT ( 'NONE',  ( -6.599999999999993400, 50.79999999999999700, -10.90000000000000400 ) ) ;
#2781 = CARTESIAN_POINT ( 'NONE',  ( -8.948805684721941500, -2.648912529307726700, -34.20000000000001000 ) ) ;
#2782 = DIRECTION ( 'NONE',  ( -1.000000000000000000, 0.0000000000000000000, -0.0000000000000000000 ) ) ;
#2783 = CARTESIAN_POINT ( 'NONE',  ( 23.64397069008114000, -0.8320573571538630900, -3.769223668477011700 ) ) ;
#2784 = EDGE_CURVE ( 'NONE', #3623, #3780, #5452, .T. ) ;
#2785 = VECTOR ( 'NONE', #2617, 1000.000000000000000 ) ;
#2786 = AXIS2_PLACEMENT_3D ( 'NONE', #5233, #9341, #6897 ) ;
#2787 = ORIENTED_EDGE ( 'NONE', *, *, #8709, .T. ) ;
#2788 = ORIENTED_EDGE ( 'NONE', *, *, #3293, .F. ) ;
#2789 = EDGE_LOOP ( 'NONE', ( #4312, #2702, #9164, #7542, #1638 ) ) ;
#2790 = CARTESIAN_POINT ( 'NONE',  ( -4.599999999999994300, 52.14886691080377500, -10.90000000000000400 ) ) ;
#2791 = DIRECTION ( 'NONE',  ( 0.8659067347287662300, -0.5002054845274750400, 0.0000000000000000000 ) ) ;
#2792 = CYLINDRICAL_SURFACE ( 'NONE', #4048, 8.799999999999998900 ) ;
#2793 = ADVANCED_FACE ( 'NONE', ( #3188 ), #3393, .T. ) ;
#2794 = DIRECTION ( 'NONE',  ( -1.000000000000000000, 0.0000000000000000000, -4.336808689942014300E-016 ) ) ;
#2795 = DIRECTION ( 'NONE',  ( -8.732715265068676900E-017, 0.9396926207859080900, -0.3420201433256697700 ) ) ;
#2796 = CONICAL_SURFACE ( 'NONE', #2742, 12.15470053837925600, 0.5235987755982958200 ) ;
#2797 = FACE_OUTER_BOUND ( 'NONE', #3279, .T. ) ;
#2798 = EDGE_CURVE ( 'NONE', #10545, #7303, #9570, .T. ) ;
#2799 = ORIENTED_EDGE ( 'NONE', *, *, #4399, .F. ) ;
#2800 = EDGE_CURVE ( 'NONE', #6340, #4132, #362, .T. ) ;
#2801 =( BOUNDED_SURFACE ( )  B_SPLINE_SURFACE ( 3, 2, ( 
 ( #1572, #6576, #4107 ),
 ( #9895, #4941, #10735 ),
 ( #5790, #776, #6613 ),
 ( #1606, #7443, #2448 ),
 ( #8272, #3272, #9103 ),
 ( #4143, #9931, #4972 ) ),
 .UNSPECIFIED., .F., .F., .F. ) 
 B_SPLINE_SURFACE_WITH_KNOTS ( ( 4, 2, 4 ),
 ( 3, 3 ),
 ( 0.0003790122493140934800, 0.0006499964602234182000, 0.0009209806711327429800 ),
 ( 0.0000000000000000000, 1.000000000000000000 ),
 .UNSPECIFIED. ) 
 GEOMETRIC_REPRESENTATION_ITEM ( )  RATIONAL_B_SPLINE_SURFACE ( (
 ( 1.000000000000000000, 0.8164965809277025000, 1.000000000000000000),
 ( 1.000000000000000000, 0.8810678731622778600, 1.000000000000000000),
 ( 1.000000000000000000, 0.9263207691517823000, 1.000000000000000000),
 ( 1.000000000000000000, 0.9855849900691935300, 1.000000000000000000),
 ( 1.000000000000000000, 0.9999584033010560100, 1.000000000000000000),
 ( 1.000000000000000000, 1.000000000000000000, 1.000000000000000000) ) ) 
 REPRESENTATION_ITEM ( '' )  SURFACE ( )  );
#2802 = VECTOR ( 'NONE', #6549, 1000.000000000000000 ) ;
#2803 = DIRECTION ( 'NONE',  ( -1.000000000000000000, -0.0000000000000000000, 2.628368902995160100E-016 ) ) ;
#2804 = CARTESIAN_POINT ( 'NONE',  ( -27.94071438784758500, 9.480898826761597700, 23.73002273957089200 ) ) ;
#2805 = FACE_OUTER_BOUND ( 'NONE', #5407, .T. ) ;
#2806 = DIRECTION ( 'NONE',  ( 0.0000000000000000000, -1.000000000000000000, 0.0000000000000000000 ) ) ;
#2807 = FACE_OUTER_BOUND ( 'NONE', #6187, .T. ) ;
#2808 = CARTESIAN_POINT ( 'NONE',  ( -8.199999999999992200, 33.79999999999999700, 9.400000000000002100 ) ) ;
#2809 = CARTESIAN_POINT ( 'NONE',  ( 24.06929055107039500, -1.748184603188892100, 2.494084861403408600 ) ) ;
#2810 = DIRECTION ( 'NONE',  ( 0.0000000000000000000, 0.0000000000000000000, -1.000000000000000000 ) ) ;
#2811 = CARTESIAN_POINT ( 'NONE',  ( 5.400000000000004800, 50.89999999999999900, -10.90000000000000400 ) ) ;
#2812 = ORIENTED_EDGE ( 'NONE', *, *, #4799, .F. ) ;
#2813 = EDGE_CURVE ( 'NONE', #5731, #8570, #10612, .T. ) ;
#2814 = FACE_OUTER_BOUND ( 'NONE', #4645, .T. ) ;
#2815 = VERTEX_POINT ( 'NONE', #2568 ) ;
#2816 = LINE ( 'NONE', #2346, #364 ) ;
#2817 = AXIS2_PLACEMENT_3D ( 'NONE', #3447, #5982, #964 ) ;
#2818 = CARTESIAN_POINT ( 'NONE',  ( -4.599999999999992500, 3.400000000000023900, -30.20000000000000300 ) ) ;
#2819 = CARTESIAN_POINT ( 'NONE',  ( 2.400000000000007000, 33.05000000000000400, -13.00000000000000400 ) ) ;
#2820 = CARTESIAN_POINT ( 'NONE',  ( -1.686730163066189500, 33.79999999999999700, 8.979274057836304800 ) ) ;
#2821 = CARTESIAN_POINT ( 'NONE',  ( -9.799999999999993600, 48.10000000000002300, 9.400000000000002100 ) ) ;
#2822 = CARTESIAN_POINT ( 'NONE',  ( 6.139626776672201900, 35.80000000000000400, -7.800000000000004300 ) ) ;
#2823 = FACE_OUTER_BOUND ( 'NONE', #4977, .T. ) ;
#2824 = LINE ( 'NONE', #5768, #9204 ) ;
#2825 = CARTESIAN_POINT ( 'NONE',  ( -0.8666254537392796800, 33.79999999999999700, 8.979274057836304800 ) ) ;
#2826 = CARTESIAN_POINT ( 'NONE',  ( 17.51563868756141700, 0.0000000000000000000, 18.23833840126218700 ) ) ;
#2827 = DIRECTION ( 'NONE',  ( -0.0000000000000000000, -1.000000000000000000, -0.0000000000000000000 ) ) ;
#2828 = ORIENTED_EDGE ( 'NONE', *, *, #6580, .T. ) ;
#2829 = CARTESIAN_POINT ( 'NONE',  ( -0.5999999999999954300, 33.80000000000000400, -12.60000000000000300 ) ) ;
#2830 = DIRECTION ( 'NONE',  ( -0.0000000000000000000, 0.0000000000000000000, 1.000000000000000000 ) ) ;
#2831 = VECTOR ( 'NONE', #6099, 1000.000000000000000 ) ;
#2832 = LINE ( 'NONE', #6459, #5071 ) ;
#2833 = AXIS2_PLACEMENT_3D ( 'NONE', #10190, #5260, #259 ) ;
#2834 = CARTESIAN_POINT ( 'NONE',  ( 13.40000000000000000, 3.400000000000023900, 13.64339877915260100 ) ) ;
#2835 = CARTESIAN_POINT ( 'NONE',  ( -1.349999999999993900, 36.80000000000000400, -12.60000000000000300 ) ) ;
#2836 = DIRECTION ( 'NONE',  ( 1.000000000000000000, 0.0000000000000000000, 0.0000000000000000000 ) ) ;
#2837 = CARTESIAN_POINT ( 'NONE',  ( -0.2914025264839300600, 50.62435302841083000, 9.800000000000000700 ) ) ;
#2838 = VECTOR ( 'NONE', #4558, 1000.000000000000000 ) ;
#2839 = DIRECTION ( 'NONE',  ( -5.421010862427532000E-016, 0.0000000000000000000, 1.000000000000000000 ) ) ;
#2840 = FACE_OUTER_BOUND ( 'NONE', #4209, .T. ) ;
#2841 = ADVANCED_FACE ( 'NONE', ( #7380 ), #7634, .T. ) ;
#2842 = EDGE_CURVE ( 'NONE', #4340, #8066, #2940, .T. ) ;
#2843 = AXIS2_PLACEMENT_3D ( 'NONE', #605, #5607, #10560 ) ;
#2844 = DIRECTION ( 'NONE',  ( 0.8303590066861543700, 0.0000000000000000000, -0.5572287860611502300 ) ) ;
#2845 = CARTESIAN_POINT ( 'NONE',  ( -6.832886439102813000, -2.420150249743116400, 33.94310781135745000 ) ) ;
#2846 = CIRCLE ( 'NONE', #496, 1.000000000000000900 ) ;
#2847 = CARTESIAN_POINT ( 'NONE',  ( -28.07601047457014000, -3.000000000000000000, -28.20000000000000300 ) ) ;
#2848 = CARTESIAN_POINT ( 'NONE',  ( -9.758845726811980400, 50.79999999999999700, 9.400000000000002100 ) ) ;
#2849 = VECTOR ( 'NONE', #3769, 1000.000000000000000 ) ;
#2850 = CARTESIAN_POINT ( 'NONE',  ( -11.20000000000000100, 50.10717967697243600, -9.841154273188022800 ) ) ;
#2851 = DIRECTION ( 'NONE',  ( 1.000000000000000000, 0.0000000000000000000, 1.548860246407863300E-016 ) ) ;
#2852 = CARTESIAN_POINT ( 'NONE',  ( 13.69026644067500300, 4.999999999999997300, 12.75925440825003500 ) ) ;
#2853 =( GEOMETRIC_REPRESENTATION_CONTEXT ( 3 ) GLOBAL_UNCERTAINTY_ASSIGNED_CONTEXT ( ( #10293 ) ) GLOBAL_UNIT_ASSIGNED_CONTEXT ( ( #5586, #575, #6410 ) ) REPRESENTATION_CONTEXT ( 'NONE', 'WORKASPACE' ) );
#2854 = ORIENTED_EDGE ( 'NONE', *, *, #8336, .F. ) ;
#2855 = EDGE_CURVE ( 'NONE', #1129, #8469, #2068, .T. ) ;
#2856 = ORIENTED_EDGE ( 'NONE', *, *, #3642, .T. ) ;
#2857 = CARTESIAN_POINT ( 'NONE',  ( -0.2486618359049083100, 33.81195255424307800, 9.351542351217432300 ) ) ;
#2858 = PLANE ( 'NONE',  #5736 ) ;
#2859 = LINE ( 'NONE', #2218, #9241 ) ;
#2860 = EDGE_CURVE ( 'NONE', #1360, #1719, #7116, .T. ) ;
#2861 = CARTESIAN_POINT ( 'NONE',  ( -1.109515093523809200, 33.66817826521087700, 9.410930511574171900 ) ) ;
#2862 = DIRECTION ( 'NONE',  ( 1.000000000000000000, -0.0000000000000000000, -0.0000000000000000000 ) ) ;
#2863 = AXIS2_PLACEMENT_3D ( 'NONE', #8015, #528, #4734 ) ;
#2864 = DIRECTION ( 'NONE',  ( -0.5000000000000044400, 0.8660254037844360400, -1.606225440719280900E-016 ) ) ;
#2865 = ORIENTED_EDGE ( 'NONE', *, *, #8171, .F. ) ;
#2866 = ORIENTED_EDGE ( 'NONE', *, *, #437, .T. ) ;
#2867 = ORIENTED_EDGE ( 'NONE', *, *, #5346, .F. ) ;
#2868 = CARTESIAN_POINT ( 'NONE',  ( 3.400000000000007000, 33.80000000000000400, -12.60000000000000300 ) ) ;
#2869 = VERTEX_POINT ( 'NONE', #3480 ) ;
#2870 = DIRECTION ( 'NONE',  ( 1.000000000000000000, 0.0000000000000000000, 0.0000000000000000000 ) ) ;
#2871 = CARTESIAN_POINT ( 'NONE',  ( -33.73576973346460800, 52.81990284774145300, 25.40000000000000200 ) ) ;
#2872 = EDGE_CURVE ( 'NONE', #4560, #7064, #9057, .T. ) ;
#2873 = CARTESIAN_POINT ( 'NONE',  ( -4.599999999999992500, 3.400000000000023900, -20.80000000000000400 ) ) ;
#2874 = CARTESIAN_POINT ( 'NONE',  ( 17.51563868756142000, 0.0000000000000000000, -18.23833840126219700 ) ) ;
#2875 = CARTESIAN_POINT ( 'NONE',  ( -4.599999999999994300, 36.79999999999999700, 10.90000000000000400 ) ) ;
#2876 = CARTESIAN_POINT ( 'NONE',  ( 3.456443655522975600, 52.04800415673909000, 10.85901645101360200 ) ) ;
#2877 = CARTESIAN_POINT ( 'NONE',  ( 5.400000000000005700, 33.79999999999999700, 11.00000000000000400 ) ) ;
#2878 = EDGE_CURVE ( 'NONE', #4494, #4599, #4910, .T. ) ;
#2879 = VECTOR ( 'NONE', #3283, 1000.000000000000000 ) ;
#2880 = ORIENTED_EDGE ( 'NONE', *, *, #3995, .T. ) ;
#2881 = VERTEX_POINT ( 'NONE', #4417 ) ;
#2882 = ORIENTED_EDGE ( 'NONE', *, *, #9269, .T. ) ;
#2883 = ORIENTED_EDGE ( 'NONE', *, *, #9269, .F. ) ;
#2884 = DIRECTION ( 'NONE',  ( -0.0000000000000000000, -1.000000000000000000, -0.0000000000000000000 ) ) ;
#2885 = VERTEX_POINT ( 'NONE', #6882 ) ;
#2886 = CYLINDRICAL_SURFACE ( 'NONE', #485, 13.00000000000000400 ) ;
#2887 = DIRECTION ( 'NONE',  ( 0.0000000000000000000, 0.0000000000000000000, 1.000000000000000000 ) ) ;
#2888 = CARTESIAN_POINT ( 'NONE',  ( 3.768498096654764300, 52.78631836646638200, -10.86695313951646800 ) ) ;
#2889 = ORIENTED_EDGE ( 'NONE', *, *, #5542, .T. ) ;
#2890 = ORIENTED_EDGE ( 'NONE', *, *, #4919, .F. ) ;
#2891 = VERTEX_POINT ( 'NONE', #10189 ) ;
#2892 = EDGE_CURVE ( 'NONE', #3673, #9005, #229, .T. ) ;
#2893 = CARTESIAN_POINT ( 'NONE',  ( -0.02329901676232471900, 34.18231965798429400, 9.447661662803875900 ) ) ;
#2894 = CARTESIAN_POINT ( 'NONE',  ( 0.1500000000000069600, 30.80000000000000400, -12.60000000000000300 ) ) ;
#2895 = CARTESIAN_POINT ( 'NONE',  ( -1.415047622299090600, 34.00000000000020600, 9.619263164512471300 ) ) ;
#2896 = DIRECTION ( 'NONE',  ( 0.0000000000000000000, 0.0000000000000000000, 1.000000000000000000 ) ) ;
#2897 = ADVANCED_FACE ( 'NONE', ( #4662 ), #2148, .T. ) ;
#2898 = VECTOR ( 'NONE', #10200, 1000.000000000000000 ) ;
#2899 = DIRECTION ( 'NONE',  ( 1.000000000000000000, 0.0000000000000000000, 0.0000000000000000000 ) ) ;
#2900 = DIRECTION ( 'NONE',  ( 1.000000000000000000, 0.0000000000000000000, 1.668003342285391800E-016 ) ) ;
#2901 = ORIENTED_EDGE ( 'NONE', *, *, #9475, .F. ) ;
#2902 = ORIENTED_EDGE ( 'NONE', *, *, #7728, .T. ) ;
#2903 = ORIENTED_EDGE ( 'NONE', *, *, #4077, .T. ) ;
#2904 = CARTESIAN_POINT ( 'NONE',  ( -8.143693519319954900, 33.79999999999999700, -8.979274057836294200 ) ) ;
#2905 = CARTESIAN_POINT ( 'NONE',  ( 5.400000000000005700, 50.79999999999999700, 9.400000000000002100 ) ) ;
#2906 = VECTOR ( 'NONE', #3686, 1000.000000000000000 ) ;
#2907 = CARTESIAN_POINT ( 'NONE',  ( -44.22702436849784400, -2.648912529307599200, -34.20000000000001700 ) ) ;
#2908 = CARTESIAN_POINT ( 'NONE',  ( 3.541629815862949600, 52.61498850244153400, 10.76666666666667100 ) ) ;
#2909 = ORIENTED_EDGE ( 'NONE', *, *, #5006, .F. ) ;
#2910 = ORIENTED_EDGE ( 'NONE', *, *, #1740, .F. ) ;
#2911 = DIRECTION ( 'NONE',  ( -1.000000000000000000, 0.0000000000000000000, 0.0000000000000000000 ) ) ;
#2912 = EDGE_LOOP ( 'NONE', ( #10310, #1158, #3095, #4850 ) ) ;
#2913 = VERTEX_POINT ( 'NONE', #7742 ) ;
#2914 = DIRECTION ( 'NONE',  ( 0.0000000000000000000, 1.000000000000000000, -0.0000000000000000000 ) ) ;
#2915 = CIRCLE ( 'NONE', #7565, 0.4000000000000004700 ) ;
#2916 = LINE ( 'NONE', #2266, #7099 ) ;
#2917 = VERTEX_POINT ( 'NONE', #6915 ) ;
#2918 = ORIENTED_EDGE ( 'NONE', *, *, #5603, .F. ) ;
#2919 = EDGE_LOOP ( 'NONE', ( #3079, #10451, #3910, #363 ) ) ;
#2920 = EDGE_CURVE ( 'NONE', #7100, #4865, #5971, .T. ) ;
#2921 = CARTESIAN_POINT ( 'NONE',  ( 22.08852607105300000, -1.900000000000066300, 1.562049935181392100 ) ) ;
#2922 = ORIENTED_EDGE ( 'NONE', *, *, #8382, .T. ) ;
#2923 = DIRECTION ( 'NONE',  ( -1.000000000000000000, -0.0000000000000000000, -0.0000000000000000000 ) ) ;
#2924 = DIRECTION ( 'NONE',  ( -0.0000000000000000000, -0.0000000000000000000, -1.000000000000000000 ) ) ;
#2925 = LINE ( 'NONE', #1261, #719 ) ;
#2926 = EDGE_CURVE ( 'NONE', #2891, #3185, #6602, .T. ) ;
#2927 = ORIENTED_EDGE ( 'NONE', *, *, #4008, .F. ) ;
#2928 = VECTOR ( 'NONE', #7618, 1000.000000000000000 ) ;
#2929 = AXIS2_PLACEMENT_3D ( 'NONE', #331, #6191, #1182 ) ;
#2930 = CARTESIAN_POINT ( 'NONE',  ( -11.20000000000000100, 52.79999999999999700, -12.41764762517408200 ) ) ;
#2931 = VECTOR ( 'NONE', #2281, 1000.000000000000000 ) ;
#2932 = CARTESIAN_POINT ( 'NONE',  ( -4.991338005841276600, 52.79999999999999700, 10.83360921629264000 ) ) ;
#2933 = CARTESIAN_POINT ( 'NONE',  ( -6.599999999999993400, 20.74968880069896200, 10.90000000000000400 ) ) ;
#2934 = VERTEX_POINT ( 'NONE', #1860 ) ;
#2935 = DIRECTION ( 'NONE',  ( 0.0000000000000000000, 1.000000000000000000, 0.0000000000000000000 ) ) ;
#2936 = CARTESIAN_POINT ( 'NONE',  ( -5.182352374825907000, 5.000000000000000000, 20.15734024596000400 ) ) ;
#2937 =( BOUNDED_SURFACE ( )  B_SPLINE_SURFACE ( 3, 2, ( 
 ( #4264, #10085, #5142 ),
 ( #155, #5981, #963 ),
 ( #6809, #1796, #7640 ),
 ( #2634, #8461, #3485 ),
 ( #9298, #4334, #10122 ),
 ( #5187, #191, #6010 ),
 ( #1004, #6844, #1830 ),
 ( #7674, #2675, #8495 ),
 ( #3526, #9332, #4381 ),
 ( #10158, #5224, #228 ) ),
 .UNSPECIFIED., .F., .F., .F. ) 
 B_SPLINE_SURFACE_WITH_KNOTS ( ( 4, 2, 2, 2, 4 ),
 ( 3, 3 ),
 ( 1.013367092184008300, 1.358753294811298100, 1.704139497438587700, 2.049525700065877300, 2.394911902693167300 ),
 ( 0.0000000000000000000, 1.000000000000000000 ),
 .UNSPECIFIED. ) 
 GEOMETRIC_REPRESENTATION_ITEM ( )  RATIONAL_B_SPLINE_SURFACE ( (
 ( 1.000000000000000000, 0.8538538922677629800, 1.000000000000000000),
 ( 1.000000000000000000, 0.8290876485974998400, 1.000000000000000000),
 ( 1.000000000000000000, 0.8005441792808730700, 1.000000000000000000),
 ( 1.000000000000000000, 0.7371564666676110300, 1.000000000000000000),
 ( 1.000000000000000000, 0.7022968154671724900, 1.000000000000000000),
 ( 1.000000000000000000, 0.6280139241161664100, 1.000000000000000000),
 ( 1.000000000000000000, 0.5885647587298238300, 1.000000000000000000),
 ( 1.000000000000000000, 0.5078511025278925600, 1.000000000000000000),
 ( 1.000000000000000000, 0.4665666951385691900, 1.000000000000000000),
 ( 1.000000000000000000, 0.4268389266940353900, 1.000000000000000000) ) ) 
 REPRESENTATION_ITEM ( '' )  SURFACE ( )  );
#2938 = CARTESIAN_POINT ( 'NONE',  ( 9.634358147243874600, 3.418878932851059800, 19.79312863038751800 ) ) ;
#2939 = DIRECTION ( 'NONE',  ( -1.000000000000000000, 0.0000000000000000000, -0.0000000000000000000 ) ) ;
#2940 = LINE ( 'NONE', #184, #9318 ) ;
#2941 = VERTEX_POINT ( 'NONE', #4375 ) ;
#2942 = EDGE_CURVE ( 'NONE', #3716, #5317, #8536, .T. ) ;
#2943 = ORIENTED_EDGE ( 'NONE', *, *, #9110, .T. ) ;
#2944 = EDGE_LOOP ( 'NONE', ( #9433, #5136, #5709, #6287, #2116, #3927 ) ) ;
#2945 = EDGE_CURVE ( 'NONE', #7274, #7279, #10739, .T. ) ;
#2946 = DIRECTION ( 'NONE',  ( -0.0000000000000000000, 1.000000000000000000, 0.0000000000000000000 ) ) ;
#2947 = CARTESIAN_POINT ( 'NONE',  ( 0.1293200029173698600, 33.82011025528517900, 9.400321871110591600 ) ) ;
#2948 = CARTESIAN_POINT ( 'NONE',  ( 17.51563868756141700, -2.826794919243119400, 18.23833840126218700 ) ) ;
#2949 = CARTESIAN_POINT ( 'NONE',  ( -13.79730669589471000, 9.466100874945206900, 14.93282032302748200 ) ) ;
#2950 = VECTOR ( 'NONE', #9178, 1000.000000000000000 ) ;
#2951 = DIRECTION ( 'NONE',  ( 0.0000000000000000000, -1.000000000000000000, 0.0000000000000000000 ) ) ;
#2952 = AXIS2_PLACEMENT_3D ( 'NONE', #8302, #25, #5851 ) ;
#2953 = CARTESIAN_POINT ( 'NONE',  ( 4.247151070822277500, 1.889097765034139200, 14.97727808926313000 ) ) ;
#2954 = CARTESIAN_POINT ( 'NONE',  ( 3.400000000000005200, 52.67161194992930700, -10.90000000000000400 ) ) ;
#2955 = ADVANCED_FACE ( 'NONE', ( #10479 ), #5334, .T. ) ;
#2956 = EDGE_CURVE ( 'NONE', #7448, #1129, #8277, .T. ) ;
#2957 = VECTOR ( 'NONE', #3413, 1000.000000000000000 ) ;
#2958 = DIRECTION ( 'NONE',  ( -1.000000000000000000, 0.0000000000000000000, 0.0000000000000000000 ) ) ;
#2959 = CARTESIAN_POINT ( 'NONE',  ( -1.666157940478477900, 32.41662811851217900, 9.777964186002899200 ) ) ;
#2960 = DIRECTION ( 'NONE',  ( -1.000000000000000000, -5.782411586589351700E-016, 0.0000000000000000000 ) ) ;
#2961 = ORIENTED_EDGE ( 'NONE', *, *, #1040, .T. ) ;
#2962 = EDGE_CURVE ( 'NONE', #324, #5113, #1885, .T. ) ;
#2963 = DIRECTION ( 'NONE',  ( -0.7511055241116747500, 0.6601821655035270400, 0.0000000000000000000 ) ) ;
#2964 = CARTESIAN_POINT ( 'NONE',  ( -8.941122857969542500, 5.000000000000000900, -29.61764762517409400 ) ) ;
#2965 = AXIS2_PLACEMENT_3D ( 'NONE', #8918, #9738, #4806 ) ;
#2966 =( BOUNDED_SURFACE ( )  B_SPLINE_SURFACE ( 3, 2, ( 
 ( #7084, #2081, #3763 ),
 ( #9575, #4628, #10408 ),
 ( #5472, #468, #6292 ),
 ( #1284, #7121, #2119 ),
 ( #7950, #2959, #8784 ),
 ( #3803, #9607, #4666 ),
 ( #10445, #5507, #502 ),
 ( #6331, #1322, #7161 ),
 ( #2152, #7985, #2989 ),
 ( #8823, #3842, #9644 ) ),
 .UNSPECIFIED., .F., .F., .F. ) 
 B_SPLINE_SURFACE_WITH_KNOTS ( ( 4, 2, 2, 2, 4 ),
 ( 3, 3 ),
 ( 3.888273404486438000, 4.233659607114168100, 4.579045809741897300, 4.924432012369626600, 5.269818214997355800 ),
 ( 0.0000000000000000000, 1.000000000000000000 ),
 .UNSPECIFIED. ) 
 GEOMETRIC_REPRESENTATION_ITEM ( )  RATIONAL_B_SPLINE_SURFACE ( (
 ( 1.000000000000000000, 0.4268389266940418300, 1.000000000000000000),
 ( 1.000000000000000000, 0.4665666951385747900, 1.000000000000000000),
 ( 1.000000000000000000, 0.5078511025280719700, 1.000000000000000000),
 ( 1.000000000000000000, 0.5885647587299633900, 1.000000000000000000),
 ( 1.000000000000000000, 0.6280139241162389100, 1.000000000000000000),
 ( 1.000000000000000000, 0.7022968154676815200, 1.000000000000000000),
 ( 1.000000000000000000, 0.7371564666679603100, 1.000000000000000000),
 ( 1.000000000000000000, 0.8005441792812587600, 1.000000000000000000),
 ( 1.000000000000000000, 0.8290876485978874200, 1.000000000000000000),
 ( 1.000000000000000000, 0.8538538922681454500, 1.000000000000000000) ) ) 
 REPRESENTATION_ITEM ( '' )  SURFACE ( )  );
#2967 = CIRCLE ( 'NONE', #10441, 8.799999999999998900 ) ;
#2968 = DIRECTION ( 'NONE',  ( 0.0000000000000000000, 0.0000000000000000000, -1.000000000000000000 ) ) ;
#2969 = CARTESIAN_POINT ( 'NONE',  ( -10.93012701892217500, -3.000000000000000000, 28.20000000000000300 ) ) ;
#2970 = CARTESIAN_POINT ( 'NONE',  ( -0.5999999999999944300, 50.79999999999999700, 10.50000000000000000 ) ) ;
#2971 = ORIENTED_EDGE ( 'NONE', *, *, #2669, .F. ) ;
#2972 = DIRECTION ( 'NONE',  ( 0.3236155771181814500, -0.8891264907159907000, -0.3236155771181814500 ) ) ;
#2973 = DIRECTION ( 'NONE',  ( -1.000000000000000000, 0.0000000000000000000, 0.0000000000000000000 ) ) ;
#2974 = VECTOR ( 'NONE', #5824, 1000.000000000000000 ) ;
#2975 = AXIS2_PLACEMENT_3D ( 'NONE', #7580, #8412, #3426 ) ;
#2976 = VECTOR ( 'NONE', #9440, 1000.000000000000000 ) ;
#2977 = CARTESIAN_POINT ( 'NONE',  ( 7.000000000000005300, 33.07128129211017900, -9.400000000000003900 ) ) ;
#2978 = CARTESIAN_POINT ( 'NONE',  ( 21.39996527606354000, 52.81990284774145300, 11.39173555736197600 ) ) ;
#2979 = ORIENTED_EDGE ( 'NONE', *, *, #7214, .T. ) ;
#2980 = DIRECTION ( 'NONE',  ( 4.818676322157793400E-016, 1.000000000000000000, -0.0000000000000000000 ) ) ;
#2981 = ORIENTED_EDGE ( 'NONE', *, *, #2692, .F. ) ;
#2982 = CARTESIAN_POINT ( 'NONE',  ( -6.943030897107867300E-015, 5.000000000000000000, 29.61764762517409400 ) ) ;
#2983 = VECTOR ( 'NONE', #4542, 1000.000000000000000 ) ;
#2984 = EDGE_CURVE ( 'NONE', #5013, #3303, #6091, .T. ) ;
#2985 = ORIENTED_EDGE ( 'NONE', *, *, #8031, .T. ) ;
#2986 = ORIENTED_EDGE ( 'NONE', *, *, #6995, .F. ) ;
#2987 = LINE ( 'NONE', #9245, #9375 ) ;
#2988 = ORIENTED_EDGE ( 'NONE', *, *, #6673, .F. ) ;
#2989 = CARTESIAN_POINT ( 'NONE',  ( -2.055218912906144900, 30.57071111077040700, 10.84370486732409900 ) ) ;
#2990 = DIRECTION ( 'NONE',  ( 1.668003342285391800E-016, 0.0000000000000000000, -1.000000000000000000 ) ) ;
#2991 = CARTESIAN_POINT ( 'NONE',  ( 4.339473645387149900, 52.79999999999999700, 10.90000000000000400 ) ) ;
#2992 = VERTEX_POINT ( 'NONE', #4078 ) ;
#2993 = CARTESIAN_POINT ( 'NONE',  ( 21.39996527606354000, -2.826794919243119400, 11.39173555736197600 ) ) ;
#2994 = VERTEX_POINT ( 'NONE', #6590 ) ;
#2995 = ORIENTED_EDGE ( 'NONE', *, *, #3864, .F. ) ;
#2996 = CARTESIAN_POINT ( 'NONE',  ( 1.119489235429101500, 33.55487585816203500, -11.00000000000000200 ) ) ;
#2997 = EDGE_CURVE ( 'NONE', #3343, #1161, #5828, .T. ) ;
#2998 = VECTOR ( 'NONE', #292, 1000.000000000000000 ) ;
#2999 = ORIENTED_EDGE ( 'NONE', *, *, #5963, .T. ) ;
#3000 = DIRECTION ( 'NONE',  ( -1.000000000000000000, 0.0000000000000000000, 0.0000000000000000000 ) ) ;
#3001 = CARTESIAN_POINT ( 'NONE',  ( 0.0000000000000000000, 0.0000000000000000000, 0.0000000000000000000 ) ) ;
#3002 = EDGE_CURVE ( 'NONE', #435, #8560, #730, .T. ) ;
#3003 = PLANE ( 'NONE',  #2452 ) ;
#3004 = CARTESIAN_POINT ( 'NONE',  ( -4.886192547124208500, 52.73774451017705200, -10.78409504372314000 ) ) ;
#3005 = ADVANCED_FACE ( 'NONE', ( #1628 ), #1107, .T. ) ;
#3006 = CARTESIAN_POINT ( 'NONE',  ( 7.000000000000005300, 33.31780555794899400, -9.257669148756182400 ) ) ;
#3007 = ORIENTED_EDGE ( 'NONE', *, *, #9110, .F. ) ;
#3008 = DIRECTION ( 'NONE',  ( 0.0000000000000000000, 1.000000000000000000, 0.0000000000000000000 ) ) ;
#3009 = ORIENTED_EDGE ( 'NONE', *, *, #1056, .T. ) ;
#3010 = DIRECTION ( 'NONE',  ( 9.035018104045872900E-016, 0.0000000000000000000, -1.000000000000000000 ) ) ;
#3011 = VECTOR ( 'NONE', #9518, 1000.000000000000000 ) ;
#3012 = DIRECTION ( 'NONE',  ( -0.0000000000000000000, -1.000000000000000000, 0.0000000000000000000 ) ) ;
#3013 = DIRECTION ( 'NONE',  ( -0.3236155771181819000, 0.8891264907159904800, 0.3236155771181814000 ) ) ;
#3014 = EDGE_CURVE ( 'NONE', #4968, #10063, #1383, .T. ) ;
#3015 = CARTESIAN_POINT ( 'NONE',  ( -0.09815529632046320100, 33.63420211676901800, 9.391878019589123400 ) ) ;
#3017 = ORIENTED_EDGE ( 'NONE', *, *, #3361, .T. ) ;
#3016 = DIRECTION ( 'NONE',  ( 0.0000000000000000000, 1.000000000000000000, 0.0000000000000000000 ) ) ;
#3018 = ORIENTED_EDGE ( 'NONE', *, *, #5413, .T. ) ;
#3019 = DIRECTION ( 'NONE',  ( 0.0000000000000000000, 0.0000000000000000000, -1.000000000000000000 ) ) ;
#3020 = CARTESIAN_POINT ( 'NONE',  ( 13.97472772708207600, 4.158329734187908000, 12.70209461801178300 ) ) ;
#3021 = EDGE_CURVE ( 'NONE', #2745, #2393, #5572, .T. ) ;
#3022 = ORIENTED_EDGE ( 'NONE', *, *, #8812, .T. ) ;
#3023 = ORIENTED_EDGE ( 'NONE', *, *, #3216, .T. ) ;
#3024 = CARTESIAN_POINT ( 'NONE',  ( 13.22637924612198300, 3.877019100832161500, -12.86570737062491300 ) ) ;
#3025 = CARTESIAN_POINT ( 'NONE',  ( 5.400000000000005700, 20.74968880069896200, 10.90000000000000400 ) ) ;
#3026 = CARTESIAN_POINT ( 'NONE',  ( 3.953871044417072600, 52.79999999999999700, 10.86708516314835600 ) ) ;
#3027 = DIRECTION ( 'NONE',  ( 0.0000000000000000000, 0.0000000000000000000, 1.000000000000000000 ) ) ;
#3028 = DIRECTION ( 'NONE',  ( -1.000000000000000000, 0.0000000000000000000, 0.0000000000000000000 ) ) ;
#3029 = CIRCLE ( 'NONE', #4672, 0.4411542731880182500 ) ;
#3030 = ORIENTED_EDGE ( 'NONE', *, *, #8425, .F. ) ;
#3031 = ORIENTED_EDGE ( 'NONE', *, *, #8086, .T. ) ;
#3032 = VERTEX_POINT ( 'NONE', #10638 ) ;
#3033 = EDGE_CURVE ( 'NONE', #8229, #4027, #7499, .T. ) ;
#3034 = CARTESIAN_POINT ( 'NONE',  ( -1.686730163066189500, 33.79999999999999700, 8.979274057836304800 ) ) ;
#3035 = APPLICATION_PROTOCOL_DEFINITION ( 'draft international standard', 'automotive_design', 1998, #3895 ) ;
#3036 = CARTESIAN_POINT ( 'NONE',  ( -5.164596217054537400, 52.80004289089951200, -10.88355492215652600 ) ) ;
#3037 = AXIS2_PLACEMENT_3D ( 'NONE', #9082, #4918, #753 ) ;
#3038 = DIRECTION ( 'NONE',  ( 4.577742506049911000E-016, -1.000000000000000000, -0.0000000000000000000 ) ) ;
#3039 = DIRECTION ( 'NONE',  ( 0.0000000000000000000, 0.0000000000000000000, 1.000000000000000000 ) ) ;
#3040 = VECTOR ( 'NONE', #4281, 1000.000000000000000 ) ;
#3041 = EDGE_LOOP ( 'NONE', ( #3983, #4101, #9226, #8681 ) ) ;
#3042 = CARTESIAN_POINT ( 'NONE',  ( 3.800000000000003800, 52.79999999999999700, 12.60000000000000100 ) ) ;
#3043 = ORIENTED_EDGE ( 'NONE', *, *, #2669, .T. ) ;
#3044 = CARTESIAN_POINT ( 'NONE',  ( -2.275510462850759200, 32.85626356535691200, 9.524140542421553900 ) ) ;
#3045 = EDGE_LOOP ( 'NONE', ( #1533, #1375, #7598, #1304, #9701 ) ) ;
#3046 = EDGE_LOOP ( 'NONE', ( #5170, #3381, #10636, #4349 ) ) ;
#3047 = DIRECTION ( 'NONE',  ( -0.7511055241116587600, 0.6601821655035452500, 0.0000000000000000000 ) ) ;
#3048 = VECTOR ( 'NONE', #6199, 1000.000000000000000 ) ;
#3049 = EDGE_LOOP ( 'NONE', ( #8154, #1954, #3665, #4171 ) ) ;
#3050 = CYLINDRICAL_SURFACE ( 'NONE', #3878, 4.000000000000001800 ) ;
#3051 = CARTESIAN_POINT ( 'NONE',  ( -0.5999999999999944300, 50.79999999999999700, 9.300000000000000700 ) ) ;
#3052 = EDGE_CURVE ( 'NONE', #6612, #8248, #7764, .T. ) ;
#3053 = CARTESIAN_POINT ( 'NONE',  ( -14.39422863405995300, 3.000000000000000400, -24.73589838486222400 ) ) ;
#3054 = DIRECTION ( 'NONE',  ( 1.000000000000000000, 0.0000000000000000000, 0.0000000000000000000 ) ) ;
#3055 = FACE_OUTER_BOUND ( 'NONE', #3735, .T. ) ;
#3056 = DIRECTION ( 'NONE',  ( 0.4472135954999608700, -0.7745966692414798500, 0.4472135954999610900 ) ) ;
#3057 = ORIENTED_EDGE ( 'NONE', *, *, #8716, .T. ) ;
#3058 = ADVANCED_FACE ( 'NONE', ( #3059 ), #1014, .F. ) ;
#3059 = FACE_OUTER_BOUND ( 'NONE', #7705, .T. ) ;
#3060 = LINE ( 'NONE', #2949, #7251 ) ;
#3061 = VECTOR ( 'NONE', #3949, 1000.000000000000000 ) ;
#3062 = EDGE_CURVE ( 'NONE', #1721, #9571, #5037, .T. ) ;
#3063 = CARTESIAN_POINT ( 'NONE',  ( 8.600000000000005000, 50.10717967697243600, -9.400000000000002100 ) ) ;
#3064 = DIRECTION ( 'NONE',  ( -0.7511055241116738600, 0.6601821655035280400, 0.0000000000000000000 ) ) ;
#3065 = DIRECTION ( 'NONE',  ( 1.000000000000000000, 0.0000000000000000000, 0.0000000000000000000 ) ) ;
#3066 = CARTESIAN_POINT ( 'NONE',  ( -8.199999999999992200, 31.44790229634287500, -10.33725830020305000 ) ) ;
#3067 = DIRECTION ( 'NONE',  ( 1.000000000000000000, 3.083952846180984600E-015, 0.0000000000000000000 ) ) ;
#3068 = EDGE_CURVE ( 'NONE', #6042, #1454, #3317, .T. ) ;
#3069 = AXIS2_PLACEMENT_3D ( 'NONE', #7702, #8521, #3549 ) ;
#3070 =( BOUNDED_CURVE ( )  B_SPLINE_CURVE ( 3, ( #4547, #7868, #8705, #3690 ),
 .UNSPECIFIED., .F., .F. ) 
 B_SPLINE_CURVE_WITH_KNOTS ( ( 4, 4 ),
 ( 5.624127271353179600, 6.942243343005993800 ),
 .UNSPECIFIED. ) 
 CURVE ( )  GEOMETRIC_REPRESENTATION_ITEM ( )  RATIONAL_B_SPLINE_CURVE ( ( 1.000000000000000000, 0.8603796100280638500, 0.8603796100280638500, 1.000000000000000000 ) ) 
 REPRESENTATION_ITEM ( '' )  );
#3071 = LINE ( 'NONE', #2982, #7258 ) ;
#3072 = VERTEX_POINT ( 'NONE', #10709 ) ;
#3073 = LINE ( 'NONE', #9757, #7260 ) ;
#3074 = VERTEX_POINT ( 'NONE', #3209 ) ;
#3075 = ORIENTED_EDGE ( 'NONE', *, *, #761, .F. ) ;
#3076 = APPLICATION_CONTEXT ( 'automotive_design' ) ;
#3077 = DIRECTION ( 'NONE',  ( -1.000000000000000000, 0.0000000000000000000, 0.0000000000000000000 ) ) ;
#3078 = CARTESIAN_POINT ( 'NONE',  ( -0.5999999999999938700, 50.79999999999999700, -9.800000000000007800 ) ) ;
#3079 = ORIENTED_EDGE ( 'NONE', *, *, #1392, .F. ) ;
#3080 = CARTESIAN_POINT ( 'NONE',  ( -10.06410161513777300, 3.000000000000001300, -16.01350168479047700 ) ) ;
#3081 = PLANE ( 'NONE',  #4758 ) ;
#3082 = EDGE_CURVE ( 'NONE', #1415, #6048, #6989, .T. ) ;
#3083 = CIRCLE ( 'NONE', #7407, 0.2000000000000020100 ) ;
#3084 = CARTESIAN_POINT ( 'NONE',  ( -4.599999999999996100, 51.86052635461285100, 10.90000000000000400 ) ) ;
#3085 = VECTOR ( 'NONE', #4086, 1000.000000000000000 ) ;
#3086 = EDGE_CURVE ( 'NONE', #3315, #216, #619, .T. ) ;
#3087 = EDGE_LOOP ( 'NONE', ( #7384, #1366, #7355, #9786 ) ) ;
#3088 = DIRECTION ( 'NONE',  ( 1.000000000000000000, 0.0000000000000000000, 0.0000000000000000000 ) ) ;
#3089 = PLANE ( 'NONE',  #2965 ) ;
#3090 = DIRECTION ( 'NONE',  ( 0.0000000000000000000, -1.000000000000000000, 0.0000000000000000000 ) ) ;
#3091 = PLANE ( 'NONE',  #4573 ) ;
#3092 = FACE_OUTER_BOUND ( 'NONE', #2944, .T. ) ;
#3093 = FACE_OUTER_BOUND ( 'NONE', #3045, .T. ) ;
#3094 = ORIENTED_EDGE ( 'NONE', *, *, #6378, .F. ) ;
#3095 = ORIENTED_EDGE ( 'NONE', *, *, #7753, .F. ) ;
#3096 = CARTESIAN_POINT ( 'NONE',  ( -11.19999999999999900, 50.79999999999999700, 11.30000000000000200 ) ) ;
#3097 = VECTOR ( 'NONE', #7124, 1000.000000000000000 ) ;
#3098 = DIRECTION ( 'NONE',  ( -1.000000000000000000, 0.0000000000000000000, 0.0000000000000000000 ) ) ;
#3099 = CARTESIAN_POINT ( 'NONE',  ( -34.61526844602046500, 5.000000000000000000, 1.715480592091519500E-013 ) ) ;
#3100 = VERTEX_POINT ( 'NONE', #5726 ) ;
#3101 = VECTOR ( 'NONE', #638, 1000.000000000000000 ) ;
#3102 = EDGE_CURVE ( 'NONE', #5805, #7074, #4797, .T. ) ;
#3103 = CARTESIAN_POINT ( 'NONE',  ( 4.599999999999999600, -1.222054508531656800, 11.00000000000000400 ) ) ;
#3104 = CARTESIAN_POINT ( 'NONE',  ( 12.84081442752487400, 4.999999999999999100, 13.52451057148114400 ) ) ;
#3105 = EDGE_LOOP ( 'NONE', ( #2192, #3022, #8993, #10244 ) ) ;
#3106 = ORIENTED_EDGE ( 'NONE', *, *, #3729, .F. ) ;
#3107 = AXIS2_PLACEMENT_3D ( 'NONE', #1332, #3000, #5517 ) ;
#3108 = ORIENTED_EDGE ( 'NONE', *, *, #853, .T. ) ;
#3109 = ORIENTED_EDGE ( 'NONE', *, *, #6426, .T. ) ;
#3110 = VECTOR ( 'NONE', #10355, 1000.000000000000000 ) ;
#3111 = DIRECTION ( 'NONE',  ( 0.0000000000000000000, -1.000000000000000000, 0.0000000000000000000 ) ) ;
#3112 = ADVANCED_FACE ( 'NONE', ( #347 ), #4002, .F. ) ;
#3113 = FACE_OUTER_BOUND ( 'NONE', #5021, .T. ) ;
#3114 = ORIENTED_EDGE ( 'NONE', *, *, #1543, .T. ) ;
#3115 = CARTESIAN_POINT ( 'NONE',  ( -4.599999999999996100, 52.00132267488884000, 10.90000000000000400 ) ) ;
#3116 = ORIENTED_EDGE ( 'NONE', *, *, #1266, .F. ) ;
#3117 = ORIENTED_EDGE ( 'NONE', *, *, #10032, .F. ) ;
#3118 = FACE_OUTER_BOUND ( 'NONE', #417, .T. ) ;
#3119 = CARTESIAN_POINT ( 'NONE',  ( -36.92951361799882200, -1.500000000000000000, 33.60000000000001600 ) ) ;
#3120 = CARTESIAN_POINT ( 'NONE',  ( 13.40000000000000400, 3.409594536154268300, -13.40193513774096000 ) ) ;
#3121 = DIRECTION ( 'NONE',  ( 0.0000000000000000000, 0.3420201433256658300, 0.9396926207859095400 ) ) ;
#3122 = ADVANCED_FACE ( 'NONE', ( #6730 ), #2283, .T. ) ;
#3123 = DIRECTION ( 'NONE',  ( -0.0000000000000000000, 1.000000000000000000, -0.0000000000000000000 ) ) ;
#3124 = CARTESIAN_POINT ( 'NONE',  ( 4.113807452875756900, 52.73774451017705900, -10.78409504372313600 ) ) ;
#3125 = DIRECTION ( 'NONE',  ( 0.0000000000000000000, 0.0000000000000000000, -1.000000000000000000 ) ) ;
#3126 = PRESENTATION_STYLE_ASSIGNMENT (( #700 ) ) ;
#3127 = VERTEX_POINT ( 'NONE', #3450 ) ;
#3128 = ORIENTED_EDGE ( 'NONE', *, *, #9676, .T. ) ;
#3129 = VERTEX_POINT ( 'NONE', #2205 ) ;
#3130 = EDGE_CURVE ( 'NONE', #7862, #4206, #7250, .T. ) ;
#3131 = AXIS2_PLACEMENT_3D ( 'NONE', #9118, #4157, #9944 ) ;
#3132 = DIRECTION ( 'NONE',  ( 0.0000000000000000000, 0.0000000000000000000, -1.000000000000000000 ) ) ;
#3133 = CARTESIAN_POINT ( 'NONE',  ( -34.31410000593553600, 3.417731491135569800, 26.55917020363127500 ) ) ;
#3134 = DIRECTION ( 'NONE',  ( -1.000000000000000000, 0.0000000000000000000, -3.212450881438533700E-016 ) ) ;
#3135 = LINE ( 'NONE', #7454, #2879 ) ;
#3136 = ORIENTED_EDGE ( 'NONE', *, *, #1891, .F. ) ;
#3137 = ORIENTED_EDGE ( 'NONE', *, *, #4139, .T. ) ;
#3138 = EDGE_CURVE ( 'NONE', #9497, #5414, #8926, .T. ) ;
#3139 = CARTESIAN_POINT ( 'NONE',  ( 11.20000000000000100, 48.10000000000002300, 6.858022075225178600E-016 ) ) ;
#3140 = ORIENTED_EDGE ( 'NONE', *, *, #507, .T. ) ;
#3141 = EDGE_CURVE ( 'NONE', #9767, #4803, #4527, .T. ) ;
#3142 = CARTESIAN_POINT ( 'NONE',  ( -6.599999999999991700, 33.79999999999999700, -11.00000000000000900 ) ) ;
#3143 = VECTOR ( 'NONE', #1737, 1000.000000000000100 ) ;
#3144 = DIRECTION ( 'NONE',  ( 0.0000000000000000000, 0.0000000000000000000, 1.000000000000000000 ) ) ;
#3145 = ORIENTED_EDGE ( 'NONE', *, *, #7493, .F. ) ;
#3146 = ORIENTED_EDGE ( 'NONE', *, *, #8728, .T. ) ;
#3147 = ORIENTED_EDGE ( 'NONE', *, *, #2511, .F. ) ;
#3148 = CARTESIAN_POINT ( 'NONE',  ( -0.02329901676553080100, 34.18231965798501900, 9.447661662802119100 ) ) ;
#3149 = CYLINDRICAL_SURFACE ( 'NONE', #5008, 1.199999999999999700 ) ;
#3150 = EDGE_CURVE ( 'NONE', #4415, #5937, #9181, .T. ) ;
#3151 = CARTESIAN_POINT ( 'NONE',  ( 8.149787678622887600, 7.497702772976436900, 18.30855816176653100 ) ) ;
#3152 = CARTESIAN_POINT ( 'NONE',  ( -4.599999999999997900, 3.400000000000023900, 20.80000000000000400 ) ) ;
#3153 = ORIENTED_EDGE ( 'NONE', *, *, #6256, .T. ) ;
#3154 = EDGE_LOOP ( 'NONE', ( #1433, #6479, #946, #800, #3075, #3057, #4877, #9650, #7035, #1697, #5235, #5583, #7191, #2599 ) ) ;
#3155 = ORIENTED_EDGE ( 'NONE', *, *, #5859, .T. ) ;
#3156 = CARTESIAN_POINT ( 'NONE',  ( -6.599999999999993400, 52.79999999999999700, 6.858022075225178600E-016 ) ) ;
#3157 = ADVANCED_FACE ( 'NONE', ( #10609 ), #10336, .T. ) ;
#3158 = CIRCLE ( 'NONE', #4308, 11.00000000000000400 ) ;
#3159 = EDGE_LOOP ( 'NONE', ( #10102, #5465, #4875, #274, #8819, #1569, #10406 ) ) ;
#3160 = ORIENTED_EDGE ( 'NONE', *, *, #4924, .F. ) ;
#3161 = CARTESIAN_POINT ( 'NONE',  ( -2.764560673638940500, 4.714972552329603800, 11.77269762656410300 ) ) ;
#3163 = EDGE_LOOP ( 'NONE', ( #9542, #67, #1026, #2020 ) ) ;
#3162 = CARTESIAN_POINT ( 'NONE',  ( -3.599999999999998300, 0.0000000000000000000, 19.80000000000000100 ) ) ;
#3164 = VERTEX_POINT ( 'NONE', #5587 ) ;
#3165 = CARTESIAN_POINT ( 'NONE',  ( 14.17142857142857300, 3.576326980708486800, 12.65585288492632700 ) ) ;
#3166 = DIRECTION ( 'NONE',  ( 0.0000000000000000000, 0.0000000000000000000, -1.000000000000000000 ) ) ;
#3167 = CARTESIAN_POINT ( 'NONE',  ( -3.754700538379248900, 3.000000000000000400, 14.15470053837925200 ) ) ;
#3168 = CARTESIAN_POINT ( 'NONE',  ( -4.598282157597498800, 3.395280266788989600, -20.74141046318840500 ) ) ;
#3169 = VECTOR ( 'NONE', #55, 1000.000000000000200 ) ;
#3170 = DIRECTION ( 'NONE',  ( -1.000000000000000000, 0.0000000000000000000, 0.0000000000000000000 ) ) ;
#3171 = ADVANCED_FACE ( 'NONE', ( #6208 ), #4754, .T. ) ;
#3172 = VECTOR ( 'NONE', #7160, 1000.000000000000000 ) ;
#3173 = ORIENTED_EDGE ( 'NONE', *, *, #5230, .T. ) ;
#3174 = CARTESIAN_POINT ( 'NONE',  ( -36.13608846929751900, -2.325444695193659600, 33.86760027078812400 ) ) ;
#3175 = PRESENTATION_LAYER_ASSIGNMENT (  '', '', ( #2063 ) ) ;
#3176 = B_SPLINE_CURVE_WITH_KNOTS ( 'NONE', 3,
 ( #6825, #8482, #209, #6039 ),
 .UNSPECIFIED., .F., .F.,
 ( 4, 4 ),
 ( -4.495778883720269300E-006, 0.0003775161607630004500 ),
 .UNSPECIFIED. ) ;
#3177 = CARTESIAN_POINT ( 'NONE',  ( 8.600000000000005000, 48.10000000000002300, 11.00000000000000400 ) ) ;
#3178 = CARTESIAN_POINT ( 'NONE',  ( -5.827998925225935900, -1.788334444942634800, -33.62809507010044300 ) ) ;
#3179 = FACE_OUTER_BOUND ( 'NONE', #10575, .T. ) ;
#3180 = CIRCLE ( 'NONE', #359, 8.799999999999998900 ) ;
#3181 = CIRCLE ( 'NONE', #6321, 8.800000000000006000 ) ;
#3182 = CARTESIAN_POINT ( 'NONE',  ( -4.599999999999994300, 52.59867732511114700, -10.90000000000000400 ) ) ;
#3183 = VECTOR ( 'NONE', #1381, 1000.000000000000000 ) ;
#3184 = VERTEX_POINT ( 'NONE', #577 ) ;
#3185 = VERTEX_POINT ( 'NONE', #8037 ) ;
#3186 = CARTESIAN_POINT ( 'NONE',  ( 9.400000000000000400, 5.000000000000000000, 15.80000000000000400 ) ) ;
#3187 = CARTESIAN_POINT ( 'NONE',  ( -30.48174962975009800, 3.405912087159452800, 30.19784817625158300 ) ) ;
#3188 = FACE_OUTER_BOUND ( 'NONE', #7206, .T. ) ;
#3189 = ORIENTED_EDGE ( 'NONE', *, *, #3199, .F. ) ;
#3190 = EDGE_CURVE ( 'NONE', #3583, #9007, #3685, .T. ) ;
#3191 = CARTESIAN_POINT ( 'NONE',  ( 11.40000000000000200, -3.000000000000000000, 10.99818166789401800 ) ) ;
#3192 = DIRECTION ( 'NONE',  ( -1.000000000000000000, 0.0000000000000000000, 0.0000000000000000000 ) ) ;
#3193 = FACE_OUTER_BOUND ( 'NONE', #1242, .T. ) ;
#3194 = CARTESIAN_POINT ( 'NONE',  ( 13.40000000000000600, 3.400000000000023900, -13.64339877915259800 ) ) ;
#3195 = ORIENTED_EDGE ( 'NONE', *, *, #7288, .T. ) ;
#3196 = ORIENTED_EDGE ( 'NONE', *, *, #589, .T. ) ;
#3197 =( BOUNDED_CURVE ( )  B_SPLINE_CURVE ( 3, ( #1277, #453, #7108, #10395 ),
 .UNSPECIFIED., .F., .F. ) 
 B_SPLINE_CURVE_WITH_KNOTS ( ( 4, 4 ),
 ( 6.224562198101836900, 6.283185307179586200 ),
 .UNSPECIFIED. ) 
 CURVE ( )  GEOMETRIC_REPRESENTATION_ITEM ( )  RATIONAL_B_SPLINE_CURVE ( ( 1.000000000000000000, 0.9997136314275932900, 0.9997136314275932900, 1.000000000000000000 ) ) 
 REPRESENTATION_ITEM ( '' )  );
#3198 = VECTOR ( 'NONE', #4108, 1000.000000000000200 ) ;
#3199 = EDGE_CURVE ( 'NONE', #4624, #10706, #1755, .T. ) ;
#3200 = EDGE_LOOP ( 'NONE', ( #9900, #665, #6129, #7344 ) ) ;
#3201 = VECTOR ( 'NONE', #10123, 1000.000000000000000 ) ;
#3202 = CARTESIAN_POINT ( 'NONE',  ( 11.20000000000000100, 52.79999999999999700, 6.858022075225178600E-016 ) ) ;
#3203 = PLANE ( 'NONE',  #6552 ) ;
#3204 = PLANE ( 'NONE',  #8641 ) ;
#3205 = ORIENTED_EDGE ( 'NONE', *, *, #2008, .T. ) ;
#3206 = EDGE_CURVE ( 'NONE', #1361, #2316, #4254, .T. ) ;
#3207 = VECTOR ( 'NONE', #5588, 1000.000000000000000 ) ;
#3208 = FACE_OUTER_BOUND ( 'NONE', #4306, .T. ) ;
#3209 = CARTESIAN_POINT ( 'NONE',  ( -33.73576973346460800, 0.0000000000000000000, -34.20000000000001700 ) ) ;
#3210 = ADVANCED_FACE ( 'NONE', ( #1499 ), #3003, .T. ) ;
#3211 = ORIENTED_EDGE ( 'NONE', *, *, #2021, .F. ) ;
#3212 = DIRECTION ( 'NONE',  ( 0.3421856512032753800, 0.9396323643375587000, 5.893594261527310800E-014 ) ) ;
#3213 = ORIENTED_EDGE ( 'NONE', *, *, #10452, .F. ) ;
#3214 = EDGE_CURVE ( 'NONE', #5926, #710, #9143, .T. ) ;
#3215 = LINE ( 'NONE', #5629, #757 ) ;
#3216 = EDGE_CURVE ( 'NONE', #7457, #6622, #3985, .T. ) ;
#3217 = CARTESIAN_POINT ( 'NONE',  ( -11.20000000000000100, 52.79999999999999700, -13.00000000000000400 ) ) ;
#3218 = VECTOR ( 'NONE', #214, 999.9999999999998900 ) ;
#3219 = CARTESIAN_POINT ( 'NONE',  ( 11.20000000000000100, -2.653589838486194900, -11.00000000000000400 ) ) ;
#3220 = CARTESIAN_POINT ( 'NONE',  ( -34.20000000000000300, 0.0000000000000000000, 30.19999999999999600 ) ) ;
#3221 = DIRECTION ( 'NONE',  ( 1.000000000000000000, -0.0000000000000000000, 4.336808689942014300E-016 ) ) ;
#3222 = CARTESIAN_POINT ( 'NONE',  ( -11.19999999999999900, 50.79999999999999700, -11.30000000000000200 ) ) ;
#3223 = ORIENTED_EDGE ( 'NONE', *, *, #9567, .F. ) ;
#3224 = ADVANCED_FACE ( 'NONE', ( #7884 ), #5438, .F. ) ;
#3225 = AXIS2_PLACEMENT_3D ( 'NONE', #4080, #3212, #4917 ) ;
#3226 = DIRECTION ( 'NONE',  ( -0.0000000000000000000, 1.000000000000000000, -0.0000000000000000000 ) ) ;
#3227 = CARTESIAN_POINT ( 'NONE',  ( 5.400000000000005700, 35.79999999999999700, 11.00000000000000200 ) ) ;
#3228 = CYLINDRICAL_SURFACE ( 'NONE', #3627, 11.30000000000000200 ) ;
#3229 = LINE ( 'NONE', #7745, #7682 ) ;
#3230 = ORIENTED_EDGE ( 'NONE', *, *, #5899, .F. ) ;
#3231 = CARTESIAN_POINT ( 'NONE',  ( -11.06504600571809500, 10.83543088909621100, -27.49372447742554100 ) ) ;
#3232 = CARTESIAN_POINT ( 'NONE',  ( -9.799999999999993600, 48.10000000000002300, -9.400000000000002100 ) ) ;
#3233 = DIRECTION ( 'NONE',  ( 1.000000000000000000, 0.0000000000000000000, 2.344220913482171700E-016 ) ) ;
#3234 = CARTESIAN_POINT ( 'NONE',  ( 3.605771365940046100, 3.000000000000000400, -14.33589838486222600 ) ) ;
#3235 = EDGE_CURVE ( 'NONE', #6977, #678, #7629, .T. ) ;
#3236 = VECTOR ( 'NONE', #2647, 1000.000000000000000 ) ;
#3237 = CARTESIAN_POINT ( 'NONE',  ( -8.386498315209530900, 3.000000000000000400, 14.33589838486222600 ) ) ;
#3238 = CARTESIAN_POINT ( 'NONE',  ( 24.00504915270503400, -1.055985572763702400, -3.719883764623544800 ) ) ;
#3239 = AXIS2_PLACEMENT_3D ( 'NONE', #1912, #3606, #9419 ) ;
#3240 = VECTOR ( 'NONE', #5928, 1000.000000000000000 ) ;
#3241 = ORIENTED_EDGE ( 'NONE', *, *, #4847, .T. ) ;
#3242 = CARTESIAN_POINT ( 'NONE',  ( -5.409558841210180300, 52.71180470701570900, 10.87004640409808200 ) ) ;
#3243 = VERTEX_POINT ( 'NONE', #9549 ) ;
#3244 = DIRECTION ( 'NONE',  ( -0.0000000000000000000, 1.000000000000000000, -0.0000000000000000000 ) ) ;
#3245 = ORIENTED_EDGE ( 'NONE', *, *, #5279, .T. ) ;
#3246 = CARTESIAN_POINT ( 'NONE',  ( -4.599999999999992500, 3.400000000000023900, -20.80000000000000400 ) ) ;
#3247 = DIRECTION ( 'NONE',  ( 0.0000000000000000000, -0.0000000000000000000, -1.000000000000000000 ) ) ;
#3248 = DIRECTION ( 'NONE',  ( 1.000000000000000000, 0.0000000000000000000, -0.0000000000000000000 ) ) ;
#3249 = LINE ( 'NONE', #2780, #7188 ) ;
#3250 = VERTEX_POINT ( 'NONE', #4602 ) ;
#3251 = DIRECTION ( 'NONE',  ( -1.000000000000000000, 0.0000000000000000000, 0.0000000000000000000 ) ) ;
#3252 =( BOUNDED_CURVE ( )  B_SPLINE_CURVE ( 3, ( #6797, #7625, #2621, #8448 ),
 .UNSPECIFIED., .F., .F. ) 
 B_SPLINE_CURVE_WITH_KNOTS ( ( 4, 4 ),
 ( 4.994425376240773300, 6.283185307179586200 ),
 .UNSPECIFIED. ) 
 CURVE ( )  GEOMETRIC_REPRESENTATION_ITEM ( )  RATIONAL_B_SPLINE_CURVE ( ( 1.000000000000000000, 0.8663149180710704200, 0.8663149180710704200, 1.000000000000000000 ) ) 
 REPRESENTATION_ITEM ( '' )  );
#3253 = DIRECTION ( 'NONE',  ( 0.0000000000000000000, -0.3420201433256649900, 0.9396926207859098700 ) ) ;
#3255 = ORIENTED_EDGE ( 'NONE', *, *, #10456, .F. ) ;
#3254 = DIRECTION ( 'NONE',  ( 0.0000000000000000000, 0.0000000000000000000, 1.000000000000000000 ) ) ;
#3256 = ORIENTED_EDGE ( 'NONE', *, *, #7375, .T. ) ;
#3257 = CARTESIAN_POINT ( 'NONE',  ( -4.741629815862939500, 52.61498850244153400, 10.76666666666667100 ) ) ;
#3258 = CARTESIAN_POINT ( 'NONE',  ( -11.20000000000000300, 50.79999999999999700, 9.841154273188017500 ) ) ;
#3259 = DIRECTION ( 'NONE',  ( 0.0000000000000000000, 1.000000000000000000, 0.0000000000000000000 ) ) ;
#3260 = EDGE_CURVE ( 'NONE', #3699, #2881, #5687, .T. ) ;
#3261 = ADVANCED_FACE ( 'NONE', ( #1232 ), #9744, .F. ) ;
#3262 = LINE ( 'NONE', #7034, #1063 ) ;
#3263 = EDGE_CURVE ( 'NONE', #1665, #7448, #8621, .T. ) ;
#3264 = ORIENTED_EDGE ( 'NONE', *, *, #5213, .T. ) ;
#3265 = AXIS2_PLACEMENT_3D ( 'NONE', #1507, #9001, #5719 ) ;
#3266 = ORIENTED_EDGE ( 'NONE', *, *, #7987, .T. ) ;
#3267 = ORIENTED_EDGE ( 'NONE', *, *, #2997, .F. ) ;
#3268 =( BOUNDED_CURVE ( )  B_SPLINE_CURVE ( 3, ( #7846, #2005, #7019, #1179 ),
 .UNSPECIFIED., .F., .F. ) 
 B_SPLINE_CURVE_WITH_KNOTS ( ( 4, 4 ),
 ( 5.624127271353179600, 6.942243343005992900 ),
 .UNSPECIFIED. ) 
 CURVE ( )  GEOMETRIC_REPRESENTATION_ITEM ( )  RATIONAL_B_SPLINE_CURVE ( ( 1.000000000000000000, 0.8603796100280641800, 0.8603796100280641800, 1.000000000000000000 ) ) 
 REPRESENTATION_ITEM ( '' )  );
#3269 = CARTESIAN_POINT ( 'NONE',  ( -33.19415871985920300, -3.000000000000000000, 0.1433031490139749500 ) ) ;
#3270 = DIRECTION ( 'NONE',  ( 0.0000000000000000000, 0.0000000000000000000, 1.000000000000000000 ) ) ;
#3271 = DIRECTION ( 'NONE',  ( 0.0000000000000000000, 1.000000000000000000, 0.0000000000000000000 ) ) ;
#3272 = CARTESIAN_POINT ( 'NONE',  ( 3.835403782944449200, 52.80004289084232000, 10.88355492216128800 ) ) ;
#3273 = CARTESIAN_POINT ( 'NONE',  ( -6.978925377566320700, -0.5421452252041388800, 33.97801000707409000 ) ) ;
#3274 = LINE ( 'NONE', #8555, #5534 ) ;
#3275 = ADVANCED_FACE ( 'NONE', ( #3179 ), #1622, .T. ) ;
#3276 = EDGE_LOOP ( 'NONE', ( #7688, #2137, #1977, #6586 ) ) ;
#3277 = EDGE_CURVE ( 'NONE', #149, #10555, #7366, .T. ) ;
#3278 = VERTEX_POINT ( 'NONE', #7135 ) ;
#3279 = EDGE_LOOP ( 'NONE', ( #7687, #7234, #6327 ) ) ;
#3280 = EDGE_CURVE ( 'NONE', #9615, #9593, #2925, .T. ) ;
#3281 = DIRECTION ( 'NONE',  ( -0.0000000000000000000, -1.000000000000000000, -0.0000000000000000000 ) ) ;
#3282 = AXIS2_PLACEMENT_3D ( 'NONE', #4213, #10003, #5055 ) ;
#3283 = DIRECTION ( 'NONE',  ( -0.0000000000000000000, -0.0000000000000000000, 1.000000000000000000 ) ) ;
#3284 = LINE ( 'NONE', #3220, #9925 ) ;
#3285 = DIRECTION ( 'NONE',  ( 1.000000000000000000, 0.0000000000000000000, 0.0000000000000000000 ) ) ;
#3286 = ORIENTED_EDGE ( 'NONE', *, *, #9447, .T. ) ;
#3287 = EDGE_LOOP ( 'NONE', ( #8349, #3205, #2004, #1851 ) ) ;
#3288 = AXIS2_PLACEMENT_3D ( 'NONE', #4612, #10391, #5456 ) ;
#3289 = ORIENTED_EDGE ( 'NONE', *, *, #6433, .F. ) ;
#3290 = ORIENTED_EDGE ( 'NONE', *, *, #7134, .F. ) ;
#3291 = CARTESIAN_POINT ( 'NONE',  ( -1.227401663022741600, 34.17103464311092900, 9.475378958928647700 ) ) ;
#3292 = CARTESIAN_POINT ( 'NONE',  ( 8.600000000000005000, 30.30000000000000800, 11.00000000000000400 ) ) ;
#3293 = EDGE_CURVE ( 'NONE', #8717, #5387, #5174, .T. ) ;
#3294 = CARTESIAN_POINT ( 'NONE',  ( 13.68828634936871100, 3.480280669037226500, 12.91794881664902500 ) ) ;
#3295 = PLANE ( 'NONE',  #7357 ) ;
#3296 = LINE ( 'NONE', #10033, #5302 ) ;
#3297 = CARTESIAN_POINT ( 'NONE',  ( -1.389388317028716200, 34.04745504825096000, 9.595937840024909300 ) ) ;
#3298 = ORIENTED_EDGE ( 'NONE', *, *, #300, .T. ) ;
#3299 = ORIENTED_EDGE ( 'NONE', *, *, #2800, .F. ) ;
#3300 = ORIENTED_EDGE ( 'NONE', *, *, #6393, .F. ) ;
#3301 = EDGE_CURVE ( 'NONE', #7691, #6340, #9309, .T. ) ;
#3302 = VECTOR ( 'NONE', #2014, 1000.000000000000200 ) ;
#3303 = VERTEX_POINT ( 'NONE', #2429 ) ;
#3304 = CIRCLE ( 'NONE', #2178, 0.4411542731880182500 ) ;
#3305 = AXIS2_PLACEMENT_3D ( 'NONE', #6778, #5986, #972 ) ;
#3306 = ORIENTED_EDGE ( 'NONE', *, *, #7553, .F. ) ;
#3307 = CARTESIAN_POINT ( 'NONE',  ( -4.599999999999992500, -0.0000000000000000000, -19.80000000000000100 ) ) ;
#3308 = FACE_OUTER_BOUND ( 'NONE', #8869, .T. ) ;
#3309 = DIRECTION ( 'NONE',  ( 0.0000000000000000000, -1.000000000000000000, 0.0000000000000000000 ) ) ;
#3310 = CARTESIAN_POINT ( 'NONE',  ( -11.19999999999999900, 50.89999999999999900, 11.30000000000000200 ) ) ;
#3311 = VERTEX_POINT ( 'NONE', #6890 ) ;
#3312 = CARTESIAN_POINT ( 'NONE',  ( 5.391431018682086000, 3.000000000000000900, 14.03605283458335000 ) ) ;
#3313 = CARTESIAN_POINT ( 'NONE',  ( -3.531562100281529400, 30.30000000000000800, -11.00000000000000400 ) ) ;
#3314 = DIRECTION ( 'NONE',  ( 0.0000000000000000000, 0.0000000000000000000, 1.000000000000000000 ) ) ;
#3315 = VERTEX_POINT ( 'NONE', #8463 ) ;
#3316 = PLANE ( 'NONE',  #42 ) ;
#3317 = LINE ( 'NONE', #7418, #598 ) ;
#3318 = CARTESIAN_POINT ( 'NONE',  ( 13.40000000000000600, 0.0000000000000000000, -15.80000000000000100 ) ) ;
#3319 = CYLINDRICAL_SURFACE ( 'NONE', #3324, 8.799999999999998900 ) ;
#3320 = FACE_OUTER_BOUND ( 'NONE', #2661, .T. ) ;
#3321 = DIRECTION ( 'NONE',  ( -0.0000000000000000000, 0.0000000000000000000, 1.000000000000000000 ) ) ;
#3322 = ORIENTED_EDGE ( 'NONE', *, *, #1963, .F. ) ;
#3323 = ADVANCED_FACE ( 'NONE', ( #9106 ), #7961, .F. ) ;
#3324 = AXIS2_PLACEMENT_3D ( 'NONE', #10318, #7867, #5390 ) ;
#3325 = CARTESIAN_POINT ( 'NONE',  ( -4.100915245989972900, -3.000000000000000000, 32.62412335816955500 ) ) ;
#3326 = CARTESIAN_POINT ( 'NONE',  ( 11.20000000000000100, -2.653589838486194900, -11.00000000000000400 ) ) ;
#3327 = DIRECTION ( 'NONE',  ( 0.0000000000000000000, -0.5000000000000041100, -0.8660254037844362700 ) ) ;
#3328 = FACE_OUTER_BOUND ( 'NONE', #9117, .T. ) ;
#3329 = DIRECTION ( 'NONE',  ( 0.0000000000000000000, -0.0000000000000000000, -1.000000000000000000 ) ) ;
#3330 = CARTESIAN_POINT ( 'NONE',  ( 24.14187696106416300, -2.000000000000000000, -1.109053650640950300 ) ) ;
#3331 = CIRCLE ( 'NONE', #2044, 1.000000000000000900 ) ;
#3332 = VERTEX_POINT ( 'NONE', #5148 ) ;
#3333 = EDGE_CURVE ( 'NONE', #5515, #8066, #6919, .T. ) ;
#3334 = DIRECTION ( 'NONE',  ( 0.7511055241116788600, 0.6601821655035224900, -6.938893903907297800E-014 ) ) ;
#3335 = ADVANCED_FACE ( 'NONE', ( #9556 ), #4457, .F. ) ;
#3336 = CARTESIAN_POINT ( 'NONE',  ( -4.599999999999995200, 52.37542809062340900, 10.89999999999476500 ) ) ;
#3337 = AXIS2_PLACEMENT_3D ( 'NONE', #2059, #7895, #2896 ) ;
#3338 = CARTESIAN_POINT ( 'NONE',  ( -1.043738834982687000, 50.45711404932661300, 9.800000000000000700 ) ) ;
#3339 = LINE ( 'NONE', #3767, #9461 ) ;
#3340 = CIRCLE ( 'NONE', #1897, 1.600000000000000800 ) ;
#3341 = EDGE_LOOP ( 'NONE', ( #3137, #8047, #9831 ) ) ;
#3342 = ORIENTED_EDGE ( 'NONE', *, *, #8476, .F. ) ;
#3343 = VERTEX_POINT ( 'NONE', #1833 ) ;
#3344 = DIRECTION ( 'NONE',  ( 0.4354491588380098300, 0.7796076080634725100, -0.4501066623777310600 ) ) ;
#3345 = EDGE_CURVE ( 'NONE', #10063, #5787, #7810, .T. ) ;
#3346 = CARTESIAN_POINT ( 'NONE',  ( 3.400000000000005200, 36.79999999999999700, -11.00000000000000400 ) ) ;
#3347 = LINE ( 'NONE', #2684, #7527 ) ;
#3348 = DIRECTION ( 'NONE',  ( 0.0000000000000000000, -1.000000000000000000, 0.0000000000000000000 ) ) ;
#3349 = CARTESIAN_POINT ( 'NONE',  ( -34.19999999999999600, -0.0000000000000000000, -30.20000000000000300 ) ) ;
#3350 = VECTOR ( 'NONE', #10514, 999.9999999999998900 ) ;
#3351 = CARTESIAN_POINT ( 'NONE',  ( -1.349999999999994800, 34.55000000000000400, -13.00000000000000400 ) ) ;
#3352 = DIRECTION ( 'NONE',  ( 0.0000000000000000000, -0.0000000000000000000, -1.000000000000000000 ) ) ;
#3353 = EDGE_CURVE ( 'NONE', #3679, #3185, #272, .T. ) ;
#3354 = ORIENTED_EDGE ( 'NONE', *, *, #3190, .T. ) ;
#3355 = AXIS2_PLACEMENT_3D ( 'NONE', #3217, #9228, #3248 ) ;
#3356 = ORIENTED_EDGE ( 'NONE', *, *, #9688, .T. ) ;
#3357 = VECTOR ( 'NONE', #9609, 1000.000000000000000 ) ;
#3358 = CARTESIAN_POINT ( 'NONE',  ( -8.948805684721973500, 0.0000000000000000000, 34.20000000000000300 ) ) ;
#3359 = LINE ( 'NONE', #567, #1154 ) ;
#3360 = CARTESIAN_POINT ( 'NONE',  ( -4.599999999999996100, 52.79999999999999700, 12.41764762517407300 ) ) ;
#3361 = EDGE_CURVE ( 'NONE', #2316, #8826, #8855, .T. ) ;
#3362 = ORIENTED_EDGE ( 'NONE', *, *, #6313, .T. ) ;
#3363 = CARTESIAN_POINT ( 'NONE',  ( 22.10985212370647100, -1.938701546718395700, 1.413393176469324600 ) ) ;
#3364 = ORIENTED_EDGE ( 'NONE', *, *, #7134, .T. ) ;
#3365 = DIRECTION ( 'NONE',  ( -0.0000000000000000000, -1.000000000000000000, -0.0000000000000000000 ) ) ;
#3366 = AXIS2_PLACEMENT_3D ( 'NONE', #1034, #6888, #1864 ) ;
#3367 = CARTESIAN_POINT ( 'NONE',  ( 0.6566328471375927300, 33.05626356535842100, 10.02791302795084300 ) ) ;
#3368 = LINE ( 'NONE', #4036, #7551 ) ;
#3369 = DIRECTION ( 'NONE',  ( 0.0000000000000000000, 1.000000000000000000, 0.0000000000000000000 ) ) ;
#3370 = CARTESIAN_POINT ( 'NONE',  ( -34.61526844602046500, 4.999999999999999100, 0.04147316555487669900 ) ) ;
#3371 = ORIENTED_EDGE ( 'NONE', *, *, #1420, .F. ) ;
#3372 = DIRECTION ( 'NONE',  ( 0.08715574274766232900, 0.0000000000000000000, 0.9961946980917452100 ) ) ;
#3373 = ORIENTED_EDGE ( 'NONE', *, *, #7893, .T. ) ;
#3374 = ORIENTED_EDGE ( 'NONE', *, *, #10494, .F. ) ;
#3375 = CARTESIAN_POINT ( 'NONE',  ( 4.954700538379254800, 3.000000000000000400, 14.15470053837925400 ) ) ;
#3376 = ORIENTED_EDGE ( 'NONE', *, *, #8113, .T. ) ;
#3377 = ADVANCED_FACE ( 'NONE', ( #15 ), #5518, .F. ) ;
#3378 = ORIENTED_EDGE ( 'NONE', *, *, #6373, .T. ) ;
#3379 = DIRECTION ( 'NONE',  ( 1.000000000000000000, 0.0000000000000000000, 0.0000000000000000000 ) ) ;
#3380 = CARTESIAN_POINT ( 'NONE',  ( 11.20000000000000100, 51.19999999999999600, -13.00000000000000400 ) ) ;
#3381 = ORIENTED_EDGE ( 'NONE', *, *, #6310, .F. ) ;
#3382 = DIRECTION ( 'NONE',  ( 0.0000000000000000000, 1.000000000000000000, 0.0000000000000000000 ) ) ;
#3383 = PLANE ( 'NONE',  #2975 ) ;
#3384 = DIRECTION ( 'NONE',  ( -0.0000000000000000000, -1.000000000000000000, -0.0000000000000000000 ) ) ;
#3385 = CARTESIAN_POINT ( 'NONE',  ( -5.539473645387119800, 52.79999999999999700, 10.70000000000000300 ) ) ;
#3386 = FACE_OUTER_BOUND ( 'NONE', #6242, .T. ) ;
#3387 = VERTEX_POINT ( 'NONE', #8759 ) ;
#3388 = DIRECTION ( 'NONE',  ( 0.0000000000000000000, -1.000000000000000000, 0.0000000000000000000 ) ) ;
#3389 = ORIENTED_EDGE ( 'NONE', *, *, #9019, .F. ) ;
#3390 = VERTEX_POINT ( 'NONE', #7894 ) ;
#3391 = EDGE_LOOP ( 'NONE', ( #8861, #9152, #9507, #8160, #6486, #4761 ) ) ;
#3392 = ADVANCED_FACE ( 'NONE', ( #8587, #4720 ), #4269, .F. ) ;
#3393 = PLANE ( 'NONE',  #441 ) ;
#3394 = VECTOR ( 'NONE', #6663, 1000.000000000000100 ) ;
#3395 = ORIENTED_EDGE ( 'NONE', *, *, #6452, .F. ) ;
#3396 = CARTESIAN_POINT ( 'NONE',  ( -36.92884032710776400, -1.582826868031151700, -33.60026223220834400 ) ) ;
#3397 = CARTESIAN_POINT ( 'NONE',  ( -35.19561662984588000, 0.0000000000000000000, -0.1323777786542520400 ) ) ;
#3398 = ORIENTED_EDGE ( 'NONE', *, *, #8598, .F. ) ;
#3399 =( BOUNDED_CURVE ( )  B_SPLINE_CURVE ( 3, ( #5421, #3756, #4615, #10393 ),
 .UNSPECIFIED., .F., .F. ) 
 B_SPLINE_CURVE_WITH_KNOTS ( ( 4, 4 ),
 ( 3.141592653589793100, 4.712388980384689700 ),
 .UNSPECIFIED. ) 
 CURVE ( )  GEOMETRIC_REPRESENTATION_ITEM ( )  RATIONAL_B_SPLINE_CURVE ( ( 1.000000000000000000, 0.8047378541243649400, 0.8047378541243649400, 1.000000000000000000 ) ) 
 REPRESENTATION_ITEM ( '' )  );
#3400 = DIRECTION ( 'NONE',  ( 3.548298019043469500E-015, 0.0000000000000000000, -1.000000000000000000 ) ) ;
#3401 = VERTEX_POINT ( 'NONE', #8358 ) ;
#3402 = ORIENTED_EDGE ( 'NONE', *, *, #7890, .F. ) ;
#3403 = DIRECTION ( 'NONE',  ( 0.6601821655035210500, -0.7511055241116799700, 0.0000000000000000000 ) ) ;
#3404 = EDGE_CURVE ( 'NONE', #3825, #7189, #6653, .T. ) ;
#3405 = AXIS2_PLACEMENT_3D ( 'NONE', #8934, #6471, #3098 ) ;
#3406 = DIRECTION ( 'NONE',  ( -0.0000000000000000000, 1.000000000000000000, -0.0000000000000000000 ) ) ;
#3407 = FACE_OUTER_BOUND ( 'NONE', #9465, .T. ) ;
#3408 = ORIENTED_EDGE ( 'NONE', *, *, #3488, .F. ) ;
#3409 = CARTESIAN_POINT ( 'NONE',  ( 4.000000000000003600, 52.29999999999999700, 10.50000000000000400 ) ) ;
#3410 = DIRECTION ( 'NONE',  ( 0.0000000000000000000, 0.0000000000000000000, 1.000000000000000000 ) ) ;
#3411 = ORIENTED_EDGE ( 'NONE', *, *, #4204, .F. ) ;
#3412 = CARTESIAN_POINT ( 'NONE',  ( -44.22702436849784400, -0.3510874706924007600, -34.20000000000001700 ) ) ;
#3413 = DIRECTION ( 'NONE',  ( -1.000000000000000000, -0.0000000000000000000, -0.0000000000000000000 ) ) ;
#3414 = ORIENTED_EDGE ( 'NONE', *, *, #3881, .T. ) ;
#3415 = VERTEX_POINT ( 'NONE', #10715 ) ;
#3416 = CARTESIAN_POINT ( 'NONE',  ( -1.957788583869124700, 30.29999999999909500, 11.00000000000052600 ) ) ;
#3417 = EDGE_LOOP ( 'NONE', ( #5655, #5958, #4897, #444 ) ) ;
#3418 = ADVANCED_FACE ( 'NONE', ( #4183 ), #9195, .T. ) ;
#3419 = EDGE_CURVE ( 'NONE', #6817, #6280, #6139, .T. ) ;
#3420 = EDGE_CURVE ( 'NONE', #7719, #2767, #1937, .T. ) ;
#3421 = LINE ( 'NONE', #3492, #1208 ) ;
#3422 = DIRECTION ( 'NONE',  ( 0.0000000000000000000, 0.0000000000000000000, -1.000000000000000000 ) ) ;
#3423 = CARTESIAN_POINT ( 'NONE',  ( 3.399957109124246200, 52.36459621704927500, 10.88355492213610600 ) ) ;
#3424 = EDGE_LOOP ( 'NONE', ( #5535, #7437, #4278, #6588 ) ) ;
#3425 = CARTESIAN_POINT ( 'NONE',  ( -4.741629815862938600, 51.98501149755846700, -10.76666666666667100 ) ) ;
#3427 = ORIENTED_EDGE ( 'NONE', *, *, #983, .T. ) ;
#3426 = DIRECTION ( 'NONE',  ( -0.9986295347545737200, 0.0000000000000000000, 0.05233595624294756800 ) ) ;
#3428 = ORIENTED_EDGE ( 'NONE', *, *, #1331, .T. ) ;
#3429 = DIRECTION ( 'NONE',  ( 1.000000000000000000, 0.0000000000000000000, -0.0000000000000000000 ) ) ;
#3430 = DIRECTION ( 'NONE',  ( -1.000000000000000000, 0.0000000000000000000, 0.0000000000000000000 ) ) ;
#3431 = DIRECTION ( 'NONE',  ( -0.9986295347545737200, 0.0000000000000000000, 0.05233595624294721400 ) ) ;
#3432 = VECTOR ( 'NONE', #9460, 1000.000000000000000 ) ;
#3433 = EDGE_CURVE ( 'NONE', #6837, #2628, #2212, .T. ) ;
#3434 = B_SPLINE_CURVE_WITH_KNOTS ( 'NONE', 3,
 ( #1846, #1019, #6867, #7696 ),
 .UNSPECIFIED., .F., .F.,
 ( 4, 4 ),
 ( 0.0000000000000000000, 0.0003852897569917529500 ),
 .UNSPECIFIED. ) ;
#3435 = ORIENTED_EDGE ( 'NONE', *, *, #649, .T. ) ;
#3436 = EDGE_LOOP ( 'NONE', ( #4746, #10404, #1997 ) ) ;
#3437 = ORIENTED_EDGE ( 'NONE', *, *, #995, .F. ) ;
#3438 = ORIENTED_EDGE ( 'NONE', *, *, #6233, .T. ) ;
#3439 = EDGE_LOOP ( 'NONE', ( #4912, #3146, #10143, #3374 ) ) ;
#3440 = EDGE_CURVE ( 'NONE', #4772, #8673, #3916, .T. ) ;
#3441 = CARTESIAN_POINT ( 'NONE',  ( -5.164596217056081100, 52.80004289087794000, 10.88355492216287100 ) ) ;
#3442 = ADVANCED_FACE ( 'NONE', ( #1431 ), #1511, .T. ) ;
#3443 = CARTESIAN_POINT ( 'NONE',  ( -34.35529385614049100, -0.3619988474793197600, -34.18354220445721100 ) ) ;
#3444 = DIRECTION ( 'NONE',  ( 0.9986295347545737200, 0.0000000000000000000, -0.05233595624294756100 ) ) ;
#3445 = FACE_OUTER_BOUND ( 'NONE', #1194, .T. ) ;
#3446 = CARTESIAN_POINT ( 'NONE',  ( 11.39999999999999700, -3.000000000000000000, -10.99818166789401800 ) ) ;
#3447 = CARTESIAN_POINT ( 'NONE',  ( -35.19999999999999600, 5.000000000000000000, -3.469446951953614200E-015 ) ) ;
#3448 = VECTOR ( 'NONE', #1321, 1000.000000000000000 ) ;
#3449 = VERTEX_POINT ( 'NONE', #7415 ) ;
#3450 = CARTESIAN_POINT ( 'NONE',  ( -5.182352374825900800, 5.000000000000000000, -20.15734024596000400 ) ) ;
#3451 = ORIENTED_EDGE ( 'NONE', *, *, #2375, .F. ) ;
#3452 = DIRECTION ( 'NONE',  ( 0.0000000000000000000, -0.5000000000000051100, -0.8660254037844357100 ) ) ;
#3453 = CARTESIAN_POINT ( 'NONE',  ( -29.72934578937410800, 2.997944732486380800, 0.1433031490139620400 ) ) ;
#3454 = CARTESIAN_POINT ( 'NONE',  ( -8.365641852756123600, 3.418878932851070900, -30.19312863038751300 ) ) ;
#3455 = VECTOR ( 'NONE', #6240, 1000.000000000000000 ) ;
#3456 = CARTESIAN_POINT ( 'NONE',  ( -5.024571909376529500, 52.79999999999999700, 10.89999999999476500 ) ) ;
#3457 = FACE_OUTER_BOUND ( 'NONE', #643, .T. ) ;
#3458 = ADVANCED_FACE ( 'NONE', ( #3651 ), #5620, .T. ) ;
#3459 = DIRECTION ( 'NONE',  ( 0.0000000000000000000, -0.0000000000000000000, -1.000000000000000000 ) ) ;
#3460 = CARTESIAN_POINT ( 'NONE',  ( 0.1589691730519987300, 34.09070007032448000, 9.569074082566764600 ) ) ;
#3461 = LINE ( 'NONE', #10066, #7369 ) ;
#3462 = CARTESIAN_POINT ( 'NONE',  ( -0.5999999999999960900, 29.19474411167425400, 11.70000000000000300 ) ) ;
#3463 = VECTOR ( 'NONE', #3038, 1000.000000000000000 ) ;
#3464 = EDGE_CURVE ( 'NONE', #10562, #8468, #10005, .T. ) ;
#3465 = ORIENTED_EDGE ( 'NONE', *, *, #5718, .T. ) ;
#3466 = LINE ( 'NONE', #1686, #7641 ) ;
#3467 = ORIENTED_EDGE ( 'NONE', *, *, #9279, .T. ) ;
#3468 = DIRECTION ( 'NONE',  ( -0.8660254037844361500, -0.5000000000000045500, -1.138117120255420600E-016 ) ) ;
#3469 = CARTESIAN_POINT ( 'NONE',  ( -4.599999999999997900, 0.0000000000000000000, 20.80000000000000400 ) ) ;
#3470 = LINE ( 'NONE', #2622, #7645 ) ;
#3471 = CARTESIAN_POINT ( 'NONE',  ( 3.800000000000004300, 29.15209410367070900, 11.66274377825008600 ) ) ;
#3472 = CARTESIAN_POINT ( 'NONE',  ( -11.20000000000000100, 48.10000000000002300, 11.00000000000000400 ) ) ;
#3473 = DIRECTION ( 'NONE',  ( 1.000000000000000000, 9.293161478447181700E-017, 0.0000000000000000000 ) ) ;
#3474 = CARTESIAN_POINT ( 'NONE',  ( 0.6146438767932668200, 29.90227104809350300, 11.22962891744773000 ) ) ;
#3475 = DIRECTION ( 'NONE',  ( 0.0000000000000000000, 0.0000000000000000000, 1.000000000000000000 ) ) ;
#3476 = LINE ( 'NONE', #7376, #3198 ) ;
#3477 = ORIENTED_EDGE ( 'NONE', *, *, #254, .F. ) ;
#3478 = CONICAL_SURFACE ( 'NONE', #1146, 3.158845726811988700, 0.5235987755983028100 ) ;
#3479 = AXIS2_PLACEMENT_3D ( 'NONE', #6422, #4856, #1735 ) ;
#3480 = CARTESIAN_POINT ( 'NONE',  ( -4.741629815862938600, 51.98501149755846700, -10.76666666666667100 ) ) ;
#3481 = ORIENTED_EDGE ( 'NONE', *, *, #7987, .F. ) ;
#3482 = CARTESIAN_POINT ( 'NONE',  ( 5.400000000000005700, 20.74968880069896200, -10.90000000000000400 ) ) ;
#3483 = DIRECTION ( 'NONE',  ( 0.0000000000000000000, 0.0000000000000000000, -1.000000000000000000 ) ) ;
#3484 = DIRECTION ( 'NONE',  ( -1.000000000000000000, 0.0000000000000000000, 0.0000000000000000000 ) ) ;
#3485 = CARTESIAN_POINT ( 'NONE',  ( 1.002932322697631200, 31.49469640328901600, 10.31024170996121300 ) ) ;
#3486 = DIRECTION ( 'NONE',  ( 1.000000000000000000, 0.0000000000000000000, -2.628368902995160100E-016 ) ) ;
#3487 = CARTESIAN_POINT ( 'NONE',  ( -6.599999999999993400, 52.79999999999999700, 10.90000000000000400 ) ) ;
#3488 = EDGE_CURVE ( 'NONE', #408, #4186, #8076, .T. ) ;
#3489 = VECTOR ( 'NONE', #8471, 1000.000000000000000 ) ;
#3490 = CARTESIAN_POINT ( 'NONE',  ( -42.50228307667197200, -2.826794919243119400, -26.16697053617943800 ) ) ;
#3491 = ORIENTED_EDGE ( 'NONE', *, *, #4445, .T. ) ;
#3492 = CARTESIAN_POINT ( 'NONE',  ( 36.00000000000000700, -1.899999999999999700, 1.562049935181336400 ) ) ;
#3493 = EDGE_CURVE ( 'NONE', #1106, #7100, #3368, .T. ) ;
#3494 = CARTESIAN_POINT ( 'NONE',  ( 11.20000000000000300, 52.79999999999999700, 11.00000000000000400 ) ) ;
#3495 = VERTEX_POINT ( 'NONE', #39 ) ;
#3496 = PLANE ( 'NONE',  #2114 ) ;
#3497 = DIRECTION ( 'NONE',  ( 0.0000000000000000000, 0.0000000000000000000, -1.000000000000000000 ) ) ;
#3498 = DIRECTION ( 'NONE',  ( 1.000000000000000000, 0.0000000000000000000, 0.0000000000000000000 ) ) ;
#3499 = LINE ( 'NONE', #7399, #7669 ) ;
#3500 = ADVANCED_FACE ( 'NONE', ( #9748 ), #10530, .F. ) ;
#3501 = LINE ( 'NONE', #2662, #7920 ) ;
#3502 = EDGE_LOOP ( 'NONE', ( #3972, #1695, #7426, #8489, #82 ) ) ;
#3503 = VERTEX_POINT ( 'NONE', #3318 ) ;
#3504 = CARTESIAN_POINT ( 'NONE',  ( -34.32090278608207300, 3.405912087159447000, -26.48371516665816100 ) ) ;
#3505 = CARTESIAN_POINT ( 'NONE',  ( 0.1500000000000069600, 30.80000000000000400, -12.60000000000000300 ) ) ;
#3506 = EDGE_CURVE ( 'NONE', #2147, #9300, #7809, .T. ) ;
#3507 = CARTESIAN_POINT ( 'NONE',  ( 5.400000000000005700, 50.79999999999999700, -9.400000000000003900 ) ) ;
#3508 = CARTESIAN_POINT ( 'NONE',  ( 5.400000000000005700, 48.10000000000002300, 7.800000000000001600 ) ) ;
#3509 = DIRECTION ( 'NONE',  ( -0.0000000000000000000, 0.0000000000000000000, -1.000000000000000000 ) ) ;
#3510 = VECTOR ( 'NONE', #6795, 1000.000000000000000 ) ;
#3511 = EDGE_CURVE ( 'NONE', #4710, #1892, #895, .T. ) ;
#3512 = AXIS2_PLACEMENT_3D ( 'NONE', #3805, #504, #6333 ) ;
#3513 = CYLINDRICAL_SURFACE ( 'NONE', #4289, 1.600000000000000800 ) ;
#3514 = ADVANCED_FACE ( 'NONE', ( #3113 ), #2123, .F. ) ;
#3515 = ORIENTED_EDGE ( 'NONE', *, *, #9725, .F. ) ;
#3516 = ORIENTED_EDGE ( 'NONE', *, *, #6158, .T. ) ;
#3517 = ORIENTED_EDGE ( 'NONE', *, *, #8798, .F. ) ;
#3518 = AXIS2_PLACEMENT_3D ( 'NONE', #2550, #8372, #3379 ) ;
#3519 =( BOUNDED_CURVE ( )  B_SPLINE_CURVE ( 3, ( #5493, #9596, #6317, #1310 ),
 .UNSPECIFIED., .F., .F. ) 
 B_SPLINE_CURVE_WITH_KNOTS ( ( 4, 4 ),
 ( 5.269818214996960600, 6.283185307179585300 ),
 .UNSPECIFIED. ) 
 CURVE ( )  GEOMETRIC_REPRESENTATION_ITEM ( )  RATIONAL_B_SPLINE_CURVE ( ( 1.000000000000000000, 0.9162391482804267400, 0.9162391482804267400, 1.000000000000000000 ) ) 
 REPRESENTATION_ITEM ( '' )  );
#3520 = CARTESIAN_POINT ( 'NONE',  ( -1.690871211463565800, 35.79999999999999700, 11.00000000000000000 ) ) ;
#3521 = CARTESIAN_POINT ( 'NONE',  ( -11.20000000000000100, 50.10717967697243600, -9.841154273188022800 ) ) ;
#3522 = LINE ( 'NONE', #2507, #6918 ) ;
#3523 =( BOUNDED_CURVE ( )  B_SPLINE_CURVE ( 3, ( #7995, #2163, #3857, #9655 ),
 .UNSPECIFIED., .F., .F. ) 
 B_SPLINE_CURVE_WITH_KNOTS ( ( 4, 4 ),
 ( 5.624127271353179600, 6.942243343005992900 ),
 .UNSPECIFIED. ) 
 CURVE ( )  GEOMETRIC_REPRESENTATION_ITEM ( )  RATIONAL_B_SPLINE_CURVE ( ( 1.000000000000000000, 0.8603796100280641800, 0.8603796100280641800, 1.000000000000000000 ) ) 
 REPRESENTATION_ITEM ( '' )  );
#3524 = CARTESIAN_POINT ( 'NONE',  ( 3.900000000000005200, 52.29999999999999700, -10.90000000000000400 ) ) ;
#3525 = EDGE_CURVE ( 'NONE', #8572, #5156, #7300, .T. ) ;
#3526 = CARTESIAN_POINT ( 'NONE',  ( 0.3164072922914956100, 33.78337859104758700, 9.713062986088694100 ) ) ;
#3527 = ORIENTED_EDGE ( 'NONE', *, *, #2942, .T. ) ;
#3528 = CIRCLE ( 'NONE', #751, 11.30000000000000200 ) ;
#3529 = ORIENTED_EDGE ( 'NONE', *, *, #7827, .T. ) ;
#3530 = DIRECTION ( 'NONE',  ( 0.0000000000000000000, 1.000000000000000000, -0.0000000000000000000 ) ) ;
#3531 = EDGE_LOOP ( 'NONE', ( #854, #8374, #5987, #3706 ) ) ;
#3532 = EDGE_CURVE ( 'NONE', #4791, #9708, #647, .T. ) ;
#3533 = DIRECTION ( 'NONE',  ( 0.0000000000000000000, 0.0000000000000000000, -1.000000000000000000 ) ) ;
#3534 = EDGE_LOOP ( 'NONE', ( #9373, #6202, #1453, #892 ) ) ;
#3535 = EDGE_LOOP ( 'NONE', ( #5083, #212, #6575, #5261 ) ) ;
#3536 = DIRECTION ( 'NONE',  ( -1.000000000000000000, 0.0000000000000000000, -2.344220913482171700E-016 ) ) ;
#3537 = CARTESIAN_POINT ( 'NONE',  ( 5.400000000000003900, 50.89999999999999900, 11.30000000000000400 ) ) ;
#3538 = CARTESIAN_POINT ( 'NONE',  ( -6.599999999999998800, -3.000000000000000000, 23.86987298107783700 ) ) ;
#3539 = VERTEX_POINT ( 'NONE', #9581 ) ;
#3540 = CIRCLE ( 'NONE', #5094, 0.6656854249492391000 ) ;
#3541 = ORIENTED_EDGE ( 'NONE', *, *, #1599, .T. ) ;
#3542 = ORIENTED_EDGE ( 'NONE', *, *, #9605, .F. ) ;
#3543 = ORIENTED_EDGE ( 'NONE', *, *, #6107, .F. ) ;
#3544 = DIRECTION ( 'NONE',  ( 1.000000000000000000, 0.0000000000000000000, 0.0000000000000000000 ) ) ;
#3545 = CARTESIAN_POINT ( 'NONE',  ( -8.199999999999992200, 33.07128129211017900, -9.400000000000003900 ) ) ;
#3546 = CARTESIAN_POINT ( 'NONE',  ( -4.599999999999996100, 52.79999999999999700, 15.00000000000000200 ) ) ;
#3547 = DIRECTION ( 'NONE',  ( 0.0000000000000000000, -1.000000000000000000, 0.0000000000000000000 ) ) ;
#3548 = DIRECTION ( 'NONE',  ( 1.000000000000000000, -0.0000000000000000000, -0.0000000000000000000 ) ) ;
#3549 = DIRECTION ( 'NONE',  ( 0.0000000000000000000, 0.0000000000000000000, -1.000000000000000000 ) ) ;
#3550 = CONICAL_SURFACE ( 'NONE', #3239, 3.158845726811989600, 0.5235987755983028100 ) ;
#3551 = B_SPLINE_CURVE_WITH_KNOTS ( 'NONE', 3,
 ( #4748, #10527, #569, #6404, #1404, #7241 ),
 .UNSPECIFIED., .F., .F.,
 ( 4, 2, 4 ),
 ( 0.0000000000000000000, 0.0007187953702290177400, 0.001437590740458035500 ),
 .UNSPECIFIED. ) ;
#3552 = ORIENTED_EDGE ( 'NONE', *, *, #5626, .T. ) ;
#3553 = VERTEX_POINT ( 'NONE', #4911 ) ;
#3554 = CARTESIAN_POINT ( 'NONE',  ( -4.599999999999994300, 52.79999999999999700, -10.90000000000000400 ) ) ;
#3555 = CARTESIAN_POINT ( 'NONE',  ( 12.81764762517409500, 5.000000000000000000, 1.684475321377869000E-015 ) ) ;
#3556 = CARTESIAN_POINT ( 'NONE',  ( 3.400000000000005200, 52.24612895558237100, -10.86708516314888400 ) ) ;
#3557 = VECTOR ( 'NONE', #10106, 1000.000000000000000 ) ;
#3558 = CARTESIAN_POINT ( 'NONE',  ( -4.731716782769767700, 3.761888886423175600, 28.56154595579107900 ) ) ;
#3559 = EDGE_CURVE ( 'NONE', #8252, #1906, #9231, .T. ) ;
#3560 = EDGE_LOOP ( 'NONE', ( #4979, #4026, #2799, #446 ) ) ;
#3561 = AXIS2_PLACEMENT_3D ( 'NONE', #9951, #18, #3874 ) ;
#3562 = ORIENTED_EDGE ( 'NONE', *, *, #9703, .T. ) ;
#3563 = ORIENTED_EDGE ( 'NONE', *, *, #9758, .F. ) ;
#3564 = CARTESIAN_POINT ( 'NONE',  ( -30.55738846886119100, 3.417731491135574300, 30.19354626501749900 ) ) ;
#3565 = PLANE ( 'NONE',  #7789 ) ;
#3566 = CARTESIAN_POINT ( 'NONE',  ( -4.599999999999994300, 36.79999999999999700, 9.800000000000000700 ) ) ;
#3567 = CARTESIAN_POINT ( 'NONE',  ( -2.599999999999996100, 3.000000000000000400, 12.15470053837925200 ) ) ;
#3568 = ADVANCED_FACE ( 'NONE', ( #8977 ), #4576, .T. ) ;
#3569 = DIRECTION ( 'NONE',  ( -1.224646799147353200E-016, 1.000000000000000000, 0.0000000000000000000 ) ) ;
#3570 = FACE_OUTER_BOUND ( 'NONE', #1868, .T. ) ;
#3571 = DIRECTION ( 'NONE',  ( -1.000000000000000000, 0.0000000000000000000, 2.628368902995160100E-016 ) ) ;
#3572 = CARTESIAN_POINT ( 'NONE',  ( 24.14187696106416300, -3.000000000000000000, 1.109053650640950300 ) ) ;
#3573 = VERTEX_POINT ( 'NONE', #1407 ) ;
#3574 = EDGE_CURVE ( 'NONE', #7642, #5254, #6777, .T. ) ;
#3575 = VERTEX_POINT ( 'NONE', #7310 ) ;
#3576 = ORIENTED_EDGE ( 'NONE', *, *, #8069, .T. ) ;
#3577 = EDGE_CURVE ( 'NONE', #5857, #702, #4835, .T. ) ;
#3578 = CARTESIAN_POINT ( 'NONE',  ( 3.900000000000003900, 52.29999999999999700, 10.76666666666666900 ) ) ;
#3579 = CARTESIAN_POINT ( 'NONE',  ( -11.20000000000000100, 51.19999999999999600, -13.00000000000000400 ) ) ;
#3580 = VECTOR ( 'NONE', #4210, 1000.000000000000000 ) ;
#3581 = DIRECTION ( 'NONE',  ( 1.000000000000000000, 0.0000000000000000000, 2.703627126807408800E-016 ) ) ;
#3582 = CARTESIAN_POINT ( 'NONE',  ( -500000.0000000000600, 35.79999999999999700, 11.00000000000000200 ) ) ;
#3583 = VERTEX_POINT ( 'NONE', #2200 ) ;
#3584 = CARTESIAN_POINT ( 'NONE',  ( 0.1598635461912017400, 33.79999999999999700, -8.979274057836294200 ) ) ;
#3585 = EDGE_LOOP ( 'NONE', ( #3223, #6279, #409 ) ) ;
#3586 = CARTESIAN_POINT ( 'NONE',  ( -5.182352374825900800, 5.000000000000000000, -25.85887714203045500 ) ) ;
#3587 = VERTEX_POINT ( 'NONE', #2088 ) ;
#3588 = CARTESIAN_POINT ( 'NONE',  ( -6.599999999999993400, 20.74968880069896200, 10.90000000000000400 ) ) ;
#3589 = FACE_OUTER_BOUND ( 'NONE', #1751, .T. ) ;
#3590 = EDGE_CURVE ( 'NONE', #917, #6967, #6519, .T. ) ;
#3591 = LINE ( 'NONE', #1164, #1618 ) ;
#3592 = VECTOR ( 'NONE', #5866, 1000.000000000000000 ) ;
#3593 = EDGE_CURVE ( 'NONE', #8105, #9252, #147, .T. ) ;
#3594 = DIRECTION ( 'NONE',  ( -2.503857664561900200E-015, -1.000000000000000000, 0.0000000000000000000 ) ) ;
#3595 = ORIENTED_EDGE ( 'NONE', *, *, #3525, .F. ) ;
#3596 = CARTESIAN_POINT ( 'NONE',  ( -6.599999999999993400, 20.74968880069896200, -10.90000000000000400 ) ) ;
#3597 = DIRECTION ( 'NONE',  ( 0.0000000000000000000, -0.8660254037844383700, -0.5000000000000006700 ) ) ;
#3598 = VECTOR ( 'NONE', #2421, 1000.000000000000000 ) ;
#3599 = VECTOR ( 'NONE', #7072, 1000.000000000000000 ) ;
#3600 = FACE_OUTER_BOUND ( 'NONE', #9763, .T. ) ;
#3601 = CARTESIAN_POINT ( 'NONE',  ( 9.478175340199669600, 3.400000000000011900, 19.80000000000000100 ) ) ;
#3602 = DIRECTION ( 'NONE',  ( 0.0000000000000000000, 0.0000000000000000000, 1.000000000000000000 ) ) ;
#3603 = CARTESIAN_POINT ( 'NONE',  ( -4.706222361897208600, 51.95389021182204900, -10.90000000000001500 ) ) ;
#3604 = CARTESIAN_POINT ( 'NONE',  ( 24.10581264392134300, -1.899999999999999900, 1.562049935181336400 ) ) ;
#3605 = CARTESIAN_POINT ( 'NONE',  ( -2.599999999972624200, 27.52871870788983300, 12.60000000000000100 ) ) ;
#3606 = DIRECTION ( 'NONE',  ( -0.0000000000000000000, 1.000000000000000000, -0.0000000000000000000 ) ) ;
#3607 = LINE ( 'NONE', #10251, #10223 ) ;
#3608 = EDGE_LOOP ( 'NONE', ( #6716, #10237, #6714, #3196, #48, #9929, #8150, #6114, #1711, #4104, #8011, #9628 ) ) ;
#3609 = LINE ( 'NONE', #5511, #1394 ) ;
#3610 = VERTEX_POINT ( 'NONE', #3781 ) ;
#3611 = EDGE_CURVE ( 'NONE', #8826, #1209, #5896, .T. ) ;
#3612 = ORIENTED_EDGE ( 'NONE', *, *, #6028, .T. ) ;
#3613 = B_SPLINE_CURVE_WITH_KNOTS ( 'NONE', 3,
 ( #3425, #8411, #10068, #5127 ),
 .UNSPECIFIED., .F., .F.,
 ( 4, 4 ),
 ( 0.0000000000000000000, 0.0003852897569917521400 ),
 .UNSPECIFIED. ) ;
#3614 = CARTESIAN_POINT ( 'NONE',  ( -4.599999999999996100, 52.79999999999999700, 10.90000000000000400 ) ) ;
#3615 = CARTESIAN_POINT ( 'NONE',  ( -6.599999999999973900, -3.000000000000000400, -26.52239670007176300 ) ) ;
#3616 = DIRECTION ( 'NONE',  ( 0.0000000000000000000, -1.000000000000000000, 0.0000000000000000000 ) ) ;
#3617 = CARTESIAN_POINT ( 'NONE',  ( -4.599999999999996100, 52.79999999999999700, 9.800000000000000700 ) ) ;
#3618 = CYLINDRICAL_SURFACE ( 'NONE', #1808, 5.000000000000000900 ) ;
#3619 = DIRECTION ( 'NONE',  ( 0.0000000000000000000, 0.0000000000000000000, 1.000000000000000000 ) ) ;
#3620 = CYLINDRICAL_SURFACE ( 'NONE', #795, 1.000000000000000900 ) ;
#3621 = CARTESIAN_POINT ( 'NONE',  ( -0.5999999999999944300, 50.79999999999999700, 9.800000000000007800 ) ) ;
#3622 = ORIENTED_EDGE ( 'NONE', *, *, #320, .T. ) ;
#3623 = VERTEX_POINT ( 'NONE', #1658 ) ;
#3624 = ORIENTED_EDGE ( 'NONE', *, *, #6709, .T. ) ;
#3625 = ADVANCED_FACE ( 'NONE', ( #2064 ), #966, .F. ) ;
#3626 = EDGE_CURVE ( 'NONE', #6828, #5098, #6265, .T. ) ;
#3627 = AXIS2_PLACEMENT_3D ( 'NONE', #1714, #3384, #6725 ) ;
#3628 = VECTOR ( 'NONE', #4345, 1000.000000000000000 ) ;
#3629 = DIRECTION ( 'NONE',  ( -0.0000000000000000000, 1.000000000000000000, -0.0000000000000000000 ) ) ;
#3630 = CYLINDRICAL_SURFACE ( 'NONE', #9773, 1.600000000000000800 ) ;
#3631 = DIRECTION ( 'NONE',  ( 0.0000000000000000000, 0.0000000000000000000, 1.000000000000000000 ) ) ;
#3632 = CARTESIAN_POINT ( 'NONE',  ( 3.541629815862950000, 51.98501149755846700, -10.76666666666666900 ) ) ;
#3633 = CARTESIAN_POINT ( 'NONE',  ( -4.599999999999996100, 51.19999999999999600, 13.00000000000000200 ) ) ;
#3634 = EDGE_LOOP ( 'NONE', ( #10170, #1741, #8340, #9131 ) ) ;
#3635 = CARTESIAN_POINT ( 'NONE',  ( 23.41667630581315500, -0.2281999895326580500, -4.449632675394482800 ) ) ;
#3636 = CARTESIAN_POINT ( 'NONE',  ( -4.599999999999994300, 52.40866199415700100, -10.83360921628982100 ) ) ;
#3637 = EDGE_CURVE ( 'NONE', #9007, #4512, #9729, .T. ) ;
#3638 = LINE ( 'NONE', #2153, #7801 ) ;
#3639 = VECTOR ( 'NONE', #8063, 1000.000000000000000 ) ;
#3640 = CARTESIAN_POINT ( 'NONE',  ( -1.093768269058550800, 33.70736109663766900, 9.405731736409556700 ) ) ;
#3641 = CARTESIAN_POINT ( 'NONE',  ( -4.599957109053262300, 52.23540378294998700, -10.88355492213797900 ) ) ;
#3642 = EDGE_CURVE ( 'NONE', #11, #7216, #8451, .T. ) ;
#3643 = CARTESIAN_POINT ( 'NONE',  ( 5.340453416191071100, 3.000000000000000400, -14.33589838486222200 ) ) ;
#3644 = PLANE ( 'NONE',  #9912 ) ;
#3645 = ORIENTED_EDGE ( 'NONE', *, *, #4943, .F. ) ;
#3646 = CARTESIAN_POINT ( 'NONE',  ( -4.706222361897209400, 52.64610978817794500, 10.90000000000001600 ) ) ;
#3647 = CARTESIAN_POINT ( 'NONE',  ( -6.599999999999992500, 35.80000000000000400, -7.800000000000003400 ) ) ;
#3648 = ORIENTED_EDGE ( 'NONE', *, *, #6515, .F. ) ;
#3649 = ORIENTED_EDGE ( 'NONE', *, *, #1334, .T. ) ;
#3650 = VECTOR ( 'NONE', #9706, 1000.000000000000000 ) ;
#3651 = FACE_OUTER_BOUND ( 'NONE', #7458, .T. ) ;
#3652 = CARTESIAN_POINT ( 'NONE',  ( 0.0000000000000000000, 3.000000000000000400, -14.33589838486222600 ) ) ;
#3653 = CARTESIAN_POINT ( 'NONE',  ( 5.400000000000005700, 50.79999999999999700, -9.800000000000002500 ) ) ;
#3654 = EDGE_CURVE ( 'NONE', #5236, #5870, #4041, .T. ) ;
#3655 = DIRECTION ( 'NONE',  ( 1.444533268016503100E-016, -0.4999999999999966700, -0.8660254037844405900 ) ) ;
#3656 = ORIENTED_EDGE ( 'NONE', *, *, #1636, .F. ) ;
#3657 = CARTESIAN_POINT ( 'NONE',  ( -3.639079274990005200, 3.398426304938928500, -19.80057277816005300 ) ) ;
#3658 = EDGE_LOOP ( 'NONE', ( #161, #8741, #8807, #1720 ) ) ;
#3659 = DIRECTION ( 'NONE',  ( -1.000000000000000000, 0.0000000000000000000, 0.0000000000000000000 ) ) ;
#3660 = DIRECTION ( 'NONE',  ( 0.0000000000000000000, 0.0000000000000000000, -1.000000000000000000 ) ) ;
#3661 = EDGE_CURVE ( 'NONE', #8519, #7365, #4775, .T. ) ;
#3662 = LINE ( 'NONE', #3869, #1439 ) ;
#3663 = AXIS2_PLACEMENT_3D ( 'NONE', #7530, #2538, #8359 ) ;
#3664 = LINE ( 'NONE', #6435, #1443 ) ;
#3665 = ORIENTED_EDGE ( 'NONE', *, *, #1727, .F. ) ;
#3666 = PLANE ( 'NONE',  #262 ) ;
#3667 = CARTESIAN_POINT ( 'NONE',  ( -8.948805684721977000, -2.648912529307589900, 34.20000000000000300 ) ) ;
#3668 = CARTESIAN_POINT ( 'NONE',  ( 23.95626156566004300, 0.0000000000000000000, 4.650806381693394400 ) ) ;
#3669 = DIRECTION ( 'NONE',  ( 0.0000000000000000000, 0.0000000000000000000, 1.000000000000000000 ) ) ;
#3670 = ORIENTED_EDGE ( 'NONE', *, *, #5833, .F. ) ;
#3671 = ORIENTED_EDGE ( 'NONE', *, *, #4008, .T. ) ;
#3672 = CYLINDRICAL_SURFACE ( 'NONE', #4182, 4.000000000000000000 ) ;
#3673 = VERTEX_POINT ( 'NONE', #6013 ) ;
#3674 = EDGE_CURVE ( 'NONE', #3954, #1719, #1548, .T. ) ;
#3675 = CARTESIAN_POINT ( 'NONE',  ( -0.7999690901579575900, 34.19646070037024500, 9.312579536437509000 ) ) ;
#3676 = CARTESIAN_POINT ( 'NONE',  ( 4.339473645387127700, 52.79999999999999700, -10.90000000000000400 ) ) ;
#3677 = ADVANCED_FACE ( 'NONE', ( #10389 ), #3513, .T. ) ;
#3678 = AXIS2_PLACEMENT_3D ( 'NONE', #9321, #4357, #10137 ) ;
#3679 = VERTEX_POINT ( 'NONE', #9823 ) ;
#3680 = EDGE_LOOP ( 'NONE', ( #4793, #4625, #180, #3298, #7992 ) ) ;
#3681 = CIRCLE ( 'NONE', #8479, 2.758845726811981300 ) ;
#3682 = EDGE_LOOP ( 'NONE', ( #8763, #1955, #9965, #4253 ) ) ;
#3683 = CARTESIAN_POINT ( 'NONE',  ( -10.06410161513777800, 3.000000000000000400, 18.66602540378441000 ) ) ;
#3684 = ORIENTED_EDGE ( 'NONE', *, *, #6789, .T. ) ;
#3685 =( BOUNDED_CURVE ( )  B_SPLINE_CURVE ( 3, ( #8904, #1376, #7209, #1798 ),
 .UNSPECIFIED., .F., .F. ) 
 B_SPLINE_CURVE_WITH_KNOTS ( ( 4, 4 ),
 ( 1.344608841085776400, 1.387097751670511000 ),
 .UNSPECIFIED. ) 
 CURVE ( )  GEOMETRIC_REPRESENTATION_ITEM ( )  RATIONAL_B_SPLINE_CURVE ( ( 1.000000000000000000, 0.9998495633645793100, 0.9998495633645793100, 1.000000000000000000 ) ) 
 REPRESENTATION_ITEM ( '' )  );
#3686 = DIRECTION ( 'NONE',  ( -1.000000000000000000, 0.0000000000000000000, 2.628368902995160100E-016 ) ) ;
#3688 = EDGE_LOOP ( 'NONE', ( #1570, #3515, #4113, #8370 ) ) ;
#3687 = DIRECTION ( 'NONE',  ( 0.3236155771181818400, -0.8891264907159904800, -0.3236155771181814000 ) ) ;
#3689 = ORIENTED_EDGE ( 'NONE', *, *, #823, .F. ) ;
#3690 = CARTESIAN_POINT ( 'NONE',  ( -14.39422863405996500, 3.000000000000000400, 24.73589838486222100 ) ) ;
#3691 = DIRECTION ( 'NONE',  ( -0.0000000000000000000, -1.000000000000000000, -0.0000000000000000000 ) ) ;
#3692 = CARTESIAN_POINT ( 'NONE',  ( -0.07903741026482540000, 50.33046116327486900, 9.800000000000002500 ) ) ;
#3693 = CARTESIAN_POINT ( 'NONE',  ( 3.541629815862962000, 51.98501149755845300, -10.76666666666666900 ) ) ;
#3694 = DIRECTION ( 'NONE',  ( 0.0000000000000000000, 0.0000000000000000000, 1.000000000000000000 ) ) ;
#3695 = AXIS2_PLACEMENT_3D ( 'NONE', #1663, #7498, #2504 ) ;
#3696 = LINE ( 'NONE', #5150, #7857 ) ;
#3697 = ORIENTED_EDGE ( 'NONE', *, *, #4033, .T. ) ;
#3698 = ORIENTED_EDGE ( 'NONE', *, *, #2548, .F. ) ;
#3699 = VERTEX_POINT ( 'NONE', #6705 ) ;
#3700 = CARTESIAN_POINT ( 'NONE',  ( -6.408033364137002900, -2.267876944071279600, 33.82635185625155600 ) ) ;
#3701 = DIRECTION ( 'NONE',  ( 1.000000000000000000, 3.083952846180984600E-015, 0.0000000000000000000 ) ) ;
#3702 = CARTESIAN_POINT ( 'NONE',  ( -3.658589536811593900, 3.395280266788987000, 19.80171784240250000 ) ) ;
#3703 = EDGE_CURVE ( 'NONE', #1602, #6267, #7932, .T. ) ;
#3704 = VECTOR ( 'NONE', #3616, 1000.000000000000000 ) ;
#3705 = AXIS2_PLACEMENT_3D ( 'NONE', #4951, #789, #6626 ) ;
#3706 = ORIENTED_EDGE ( 'NONE', *, *, #2113, .F. ) ;
#3707 = ORIENTED_EDGE ( 'NONE', *, *, #8691, .F. ) ;
#3708 = ORIENTED_EDGE ( 'NONE', *, *, #5783, .T. ) ;
#3709 = CARTESIAN_POINT ( 'NONE',  ( -0.07414556687436545100, 33.79999999999999700, 8.979274057836304800 ) ) ;
#3710 = CARTESIAN_POINT ( 'NONE',  ( -28.96722247033915900, 3.000000000000000900, -23.12357214398541000 ) ) ;
#3711 = SURFACE_STYLE_FILL_AREA ( #9690 ) ;
#3712 = FACE_OUTER_BOUND ( 'NONE', #26, .T. ) ;
#3713 = CARTESIAN_POINT ( 'NONE',  ( 7.248096931492502100, 3.898868401809021400, -11.00000000000000200 ) ) ;
#3714 = VECTOR ( 'NONE', #9505, 1000.000000000000200 ) ;
#3715 = EDGE_CURVE ( 'NONE', #7363, #1721, #6002, .T. ) ;
#3716 = VERTEX_POINT ( 'NONE', #2441 ) ;
#3717 = EDGE_CURVE ( 'NONE', #1231, #9274, #3766, .T. ) ;
#3718 = AXIS2_PLACEMENT_3D ( 'NONE', #2237, #9795, #609 ) ;
#3719 = DIRECTION ( 'NONE',  ( -1.000000000000000000, -0.0000000000000000000, -0.0000000000000000000 ) ) ;
#3720 = CYLINDRICAL_SURFACE ( 'NONE', #10577, 3.999999999999999600 ) ;
#3721 = DIRECTION ( 'NONE',  ( -0.0000000000000000000, -1.000000000000000000, -0.0000000000000000000 ) ) ;
#3722 = FACE_OUTER_BOUND ( 'NONE', #10197, .T. ) ;
#3723 = CARTESIAN_POINT ( 'NONE',  ( 3.400000000000014600, 33.05000000000000400, 15.00000000000000200 ) ) ;
#3724 = LINE ( 'NONE', #8838, #1504 ) ;
#3725 = CARTESIAN_POINT ( 'NONE',  ( 3.413080204140043900, 52.19202259851978500, 10.83404619769884100 ) ) ;
#3726 = CARTESIAN_POINT ( 'NONE',  ( -34.61320943391749000, 5.000000000000000000, -0.1243944217572579100 ) ) ;
#3727 = ORIENTED_EDGE ( 'NONE', *, *, #2241, .T. ) ;
#3728 = ADVANCED_FACE ( 'NONE', ( #1287 ), #5242, .F. ) ;
#3729 = EDGE_CURVE ( 'NONE', #8931, #5521, #3229, .T. ) ;
#3730 = LINE ( 'NONE', #5831, #1510 ) ;
#3731 = ORIENTED_EDGE ( 'NONE', *, *, #965, .T. ) ;
#3732 = VECTOR ( 'NONE', #146, 1000.000000000000100 ) ;
#3733 = AXIS2_PLACEMENT_3D ( 'NONE', #6438, #8937, #3957 ) ;
#3734 = CARTESIAN_POINT ( 'NONE',  ( -6.599999999999993400, 20.74968880069896200, 10.90000000000000400 ) ) ;
#3735 = EDGE_LOOP ( 'NONE', ( #7435, #2427, #9535, #9391 ) ) ;
#3736 = DIRECTION ( 'NONE',  ( 0.0000000000000000000, -0.0000000000000000000, -1.000000000000000000 ) ) ;
#3737 = CARTESIAN_POINT ( 'NONE',  ( -8.365641852756128900, 3.418878932851066500, 30.19312863038750900 ) ) ;
#3738 = CARTESIAN_POINT ( 'NONE',  ( 3.824571909376510700, 52.79999999999999700, -10.89999999999476500 ) ) ;
#3739 = LINE ( 'NONE', #6508, #10098 ) ;
#3740 = CARTESIAN_POINT ( 'NONE',  ( -1.597105767588546300, 27.98831836925104400, -11.20457204670672100 ) ) ;
#3741 = VECTOR ( 'NONE', #8462, 1000.000000000000000 ) ;
#3742 = DIRECTION ( 'NONE',  ( 1.000000000000000000, 4.577742506049911000E-016, -0.0000000000000000000 ) ) ;
#3743 = ORIENTED_EDGE ( 'NONE', *, *, #10221, .T. ) ;
#3744 = DIRECTION ( 'NONE',  ( 0.0000000000000000000, -0.0000000000000000000, -1.000000000000000000 ) ) ;
#3745 = CARTESIAN_POINT ( 'NONE',  ( 5.400000000000005700, 48.10000000000002300, 7.800000000000001600 ) ) ;
#3746 =( BOUNDED_CURVE ( )  B_SPLINE_CURVE ( 3, ( #9775, #5627, #10619, #5659 ),
 .UNSPECIFIED., .F., .F. ) 
 B_SPLINE_CURVE_WITH_KNOTS ( ( 4, 4 ),
 ( 5.624127271353179600, 6.942243343005992900 ),
 .UNSPECIFIED. ) 
 CURVE ( )  GEOMETRIC_REPRESENTATION_ITEM ( )  RATIONAL_B_SPLINE_CURVE ( ( 1.000000000000000000, 0.8603796100280641800, 0.8603796100280641800, 1.000000000000000000 ) ) 
 REPRESENTATION_ITEM ( '' )  );
#3747 = CARTESIAN_POINT ( 'NONE',  ( -11.20000000000000100, 27.42626129027272300, -11.00000000000000400 ) ) ;
#3748 = ORIENTED_EDGE ( 'NONE', *, *, #9548, .F. ) ;
#3749 = VECTOR ( 'NONE', #10419, 999.9999999999998900 ) ;
#3750 = VECTOR ( 'NONE', #1666, 1000.000000000000000 ) ;
#3751 = ORIENTED_EDGE ( 'NONE', *, *, #8812, .F. ) ;
#3752 = MECHANICAL_DESIGN_GEOMETRIC_PRESENTATION_REPRESENTATION (  '', ( #2063 ), #4322 ) ;
#3753 = DIRECTION ( 'NONE',  ( 0.0000000000000000000, 0.0000000000000000000, -1.000000000000000000 ) ) ;
#3754 = ORIENTED_EDGE ( 'NONE', *, *, #9414, .F. ) ;
#3755 = DIRECTION ( 'NONE',  ( 0.0000000000000000000, 0.0000000000000000000, -1.000000000000000000 ) ) ;
#3756 = CARTESIAN_POINT ( 'NONE',  ( -8.862741699796945500, 30.30000000000003300, 11.00000000000000200 ) ) ;
#3757 = DIRECTION ( 'NONE',  ( 0.4980973490458814900, -0.8660254037844336000, -0.04357787137383171300 ) ) ;
#3758 = CIRCLE ( 'NONE', #7119, 0.6656854249492386600 ) ;
#3759 = CARTESIAN_POINT ( 'NONE',  ( 3.506222361897219000, 52.64610978817793100, -10.90000000000001600 ) ) ;
#3760 = FACE_OUTER_BOUND ( 'NONE', #2272, .T. ) ;
#3761 = EDGE_CURVE ( 'NONE', #1436, #4500, #5746, .T. ) ;
#3762 = AXIS2_PLACEMENT_3D ( 'NONE', #6842, #9369, #6090 ) ;
#3763 = CARTESIAN_POINT ( 'NONE',  ( -1.686730163065604200, 33.79999999999996200, 8.979274057836322600 ) ) ;
#3764 = LINE ( 'NONE', #6756, #3510 ) ;
#3765 = DIRECTION ( 'NONE',  ( -0.0000000000000000000, 1.000000000000000000, -0.0000000000000000000 ) ) ;
#3766 = CIRCLE ( 'NONE', #4849, 0.1000000000000011300 ) ;
#3767 = CARTESIAN_POINT ( 'NONE',  ( -0.5999999999999937600, 28.80000000000000100, -11.49999999999999600 ) ) ;
#3768 = DIRECTION ( 'NONE',  ( -0.0000000000000000000, 1.000000000000000000, -0.0000000000000000000 ) ) ;
#3769 = DIRECTION ( 'NONE',  ( -0.0000000000000000000, 1.000000000000000000, -0.0000000000000000000 ) ) ;
#3770 = ORIENTED_EDGE ( 'NONE', *, *, #5718, .F. ) ;
#3771 = EDGE_LOOP ( 'NONE', ( #10661, #9469, #5146, #2752 ) ) ;
#3772 = EDGE_CURVE ( 'NONE', #5870, #6685, #1025, .T. ) ;
#3773 = CARTESIAN_POINT ( 'NONE',  ( -4.599999999999996100, 52.79999999999999700, 13.00000000000000200 ) ) ;
#3774 = VECTOR ( 'NONE', #5411, 1000.000000000000000 ) ;
#3775 = EDGE_CURVE ( 'NONE', #7936, #3573, #5488, .T. ) ;
#3776 = CARTESIAN_POINT ( 'NONE',  ( -1.358471860140952000, 34.09117881140055300, 9.568673884555748200 ) ) ;
#3777 = DIRECTION ( 'NONE',  ( 0.0000000000000000000, 1.000000000000000000, 0.0000000000000000000 ) ) ;
#3778 = ADVANCED_FACE ( 'NONE', ( #7420 ), #1936, .F. ) ;
#3779 = AXIS2_PLACEMENT_3D ( 'NONE', #1068, #257, #10150 ) ;
#3780 = VERTEX_POINT ( 'NONE', #5299 ) ;
#3781 = CARTESIAN_POINT ( 'NONE',  ( -6.599999999999993400, 50.89999999999999900, -10.90000000000000400 ) ) ;
#3782 = CYLINDRICAL_SURFACE ( 'NONE', #10427, 1.399999999999998600 ) ;
#3783 = ORIENTED_EDGE ( 'NONE', *, *, #1625, .T. ) ;
#3784 = B_SPLINE_CURVE_WITH_KNOTS ( 'NONE', 3,
 ( #9295, #7672, #10155, #5220 ),
 .UNSPECIFIED., .F., .F.,
 ( 4, 4 ),
 ( 0.0000000000000000000, 1.000000000000000000 ),
 .UNSPECIFIED. ) ;
#3785 = ORIENTED_EDGE ( 'NONE', *, *, #4785, .F. ) ;
#3786 = ORIENTED_EDGE ( 'NONE', *, *, #4648, .T. ) ;
#3787 = CARTESIAN_POINT ( 'NONE',  ( -43.66460074645780800, 52.81990284774145300, -12.88161877810431100 ) ) ;
#3788 = ORIENTED_EDGE ( 'NONE', *, *, #197, .T. ) ;
#3789 = CARTESIAN_POINT ( 'NONE',  ( 0.1967657259353651800, 33.74489745255222300, 9.197167927089287400 ) ) ;
#3790 = EDGE_CURVE ( 'NONE', #9492, #10371, #7163, .T. ) ;
#3791 = CARTESIAN_POINT ( 'NONE',  ( -30.92246679508568300, 2.380923900906361600, 30.57091336652219800 ) ) ;
#3792 = CARTESIAN_POINT ( 'NONE',  ( 0.0000000000000000000, 33.79999999999999700, -8.979274057836294200 ) ) ;
#3793 = DIRECTION ( 'NONE',  ( 9.293161478447181700E-017, -1.000000000000000000, 0.0000000000000000000 ) ) ;
#3794 = DIRECTION ( 'NONE',  ( 0.0000000000000000000, 0.0000000000000000000, 1.000000000000000000 ) ) ;
#3795 = CARTESIAN_POINT ( 'NONE',  ( 8.577284647794357400, 1.889086405324820400, 11.00000000000000200 ) ) ;
#3796 = CARTESIAN_POINT ( 'NONE',  ( 3.456443655522999100, 52.55199584326091200, -10.85901645101359700 ) ) ;
#3797 = EDGE_CURVE ( 'NONE', #8130, #6973, #862, .T. ) ;
#3798 = FACE_OUTER_BOUND ( 'NONE', #7354, .T. ) ;
#3799 = VERTEX_POINT ( 'NONE', #8647 ) ;
#3800 = AXIS2_PLACEMENT_3D ( 'NONE', #8544, #3569, #9381 ) ;
#3801 = ORIENTED_EDGE ( 'NONE', *, *, #112, .F. ) ;
#3802 = ORIENTED_EDGE ( 'NONE', *, *, #7912, .T. ) ;
#3803 = CARTESIAN_POINT ( 'NONE',  ( -1.807714970195221500, 32.01824089426206400, 10.47739002938738500 ) ) ;
#3804 = CARTESIAN_POINT ( 'NONE',  ( 12.81764762517409700, 5.000000000000000000, -15.45887714203045800 ) ) ;
#3805 = CARTESIAN_POINT ( 'NONE',  ( 500000.0000000000600, 35.79999999999999700, -11.00000000000000400 ) ) ;
#3806 = ORIENTED_EDGE ( 'NONE', *, *, #10681, .T. ) ;
#3807 = VECTOR ( 'NONE', #4535, 1000.000000000000000 ) ;
#3808 = CARTESIAN_POINT ( 'NONE',  ( 4.400000000000013700, 33.80000000000000400, 14.60000000000000100 ) ) ;
#3809 = DIRECTION ( 'NONE',  ( 0.0000000000000000000, 0.5000000000000035500, -0.8660254037844366000 ) ) ;
#3810 = ORIENTED_EDGE ( 'NONE', *, *, #8452, .T. ) ;
#3811 = ORIENTED_EDGE ( 'NONE', *, *, #10166, .T. ) ;
#3812 = DIRECTION ( 'NONE',  ( 1.668003342285391800E-016, 0.0000000000000000000, -1.000000000000000000 ) ) ;
#3813 = VERTEX_POINT ( 'NONE', #3668 ) ;
#3814 = EDGE_CURVE ( 'NONE', #2404, #7993, #2718, .T. ) ;
#3815 = DIRECTION ( 'NONE',  ( 2.502005013428086600E-016, 0.0000000000000000000, -1.000000000000000000 ) ) ;
#3816 = CARTESIAN_POINT ( 'NONE',  ( -6.599999999999987200, -2.999999999999999600, 26.52239670007176300 ) ) ;
#3817 = CARTESIAN_POINT ( 'NONE',  ( -1.175632000246485700, 34.18255877671881400, 9.447076545853299500 ) ) ;
#3818 = CARTESIAN_POINT ( 'NONE',  ( -4.785011497558444100, 52.65837018413704100, -10.76666666666666900 ) ) ;
#3819 = FACE_OUTER_BOUND ( 'NONE', #8796, .T. ) ;
#3820 = CARTESIAN_POINT ( 'NONE',  ( -30.55738846886118100, 3.417731491135571600, -30.19354626501751000 ) ) ;
#3821 = AXIS2_PLACEMENT_3D ( 'NONE', #2727, #5276, #268 ) ;
#3822 = CARTESIAN_POINT ( 'NONE',  ( 11.19999999999999600, 50.79999999999999700, 11.30000000000000600 ) ) ;
#3823 = ORIENTED_EDGE ( 'NONE', *, *, #5603, .T. ) ;
#3824 = ORIENTED_EDGE ( 'NONE', *, *, #3235, .F. ) ;
#3825 = VERTEX_POINT ( 'NONE', #6953 ) ;
#3826 = LINE ( 'NONE', #7360, #10184 ) ;
#3827 = DIRECTION ( 'NONE',  ( -0.4472135954999608700, 0.7745966692414799600, 0.4472135954999608700 ) ) ;
#3828 = CARTESIAN_POINT ( 'NONE',  ( -4.599999999999996100, 4.999999999999997300, 13.00000000000000200 ) ) ;
#3829 = ORIENTED_EDGE ( 'NONE', *, *, #10256, .T. ) ;
#3830 = CARTESIAN_POINT ( 'NONE',  ( 3.900000000000005700, 52.79999999999999700, -10.90000000000000400 ) ) ;
#3831 = DIRECTION ( 'NONE',  ( -0.0000000000000000000, 1.000000000000000000, -0.0000000000000000000 ) ) ;
#3832 = AXIS2_PLACEMENT_3D ( 'NONE', #6181, #3655, #8633 ) ;
#3833 = EDGE_LOOP ( 'NONE', ( #2496, #1827, #1410, #8509 ) ) ;
#3834 = ORIENTED_EDGE ( 'NONE', *, *, #450, .T. ) ;
#3835 = ADVANCED_FACE ( 'NONE', ( #9361 ), #2459, .F. ) ;
#3836 = ORIENTED_EDGE ( 'NONE', *, *, #6033, .T. ) ;
#3837 = CIRCLE ( 'NONE', #5638, 4.000000000000000000 ) ;
#3838 = ORIENTED_EDGE ( 'NONE', *, *, #2956, .F. ) ;
#3839 = ORIENTED_EDGE ( 'NONE', *, *, #6673, .T. ) ;
#3840 = EDGE_CURVE ( 'NONE', #2440, #8240, #6911, .T. ) ;
#3841 = CARTESIAN_POINT ( 'NONE',  ( 12.81377326396401300, 5.010644719939510800, -13.76516661633336000 ) ) ;
#3843 = ORIENTED_EDGE ( 'NONE', *, *, #2800, .T. ) ;
#3842 = CARTESIAN_POINT ( 'NONE',  ( -1.724992837362020700, 30.36283829498978500, 10.96372029347224800 ) ) ;
#3844 = DIRECTION ( 'NONE',  ( 0.0000000000000000000, -1.000000000000000000, 0.0000000000000000000 ) ) ;
#3845 = CARTESIAN_POINT ( 'NONE',  ( 4.271611949929201100, 52.79999999999999700, 10.90000000000000400 ) ) ;
#3846 = CARTESIAN_POINT ( 'NONE',  ( 5.800000000000004300, 4.999999999999997300, 13.00000000000000200 ) ) ;
#3847 = CARTESIAN_POINT ( 'NONE',  ( 0.4908712114635766000, 35.17373870972728900, -11.00000000000000400 ) ) ;
#3848 = EDGE_CURVE ( 'NONE', #2308, #814, #4949, .T. ) ;
#3849 = LINE ( 'NONE', #2720, #5818 ) ;
#3850 = ORIENTED_EDGE ( 'NONE', *, *, #1598, .F. ) ;
#3851 = LINE ( 'NONE', #5356, #10207 ) ;
#3852 = VECTOR ( 'NONE', #9115, 1000.000000000000000 ) ;
#3853 =( BOUNDED_CURVE ( )  B_SPLINE_CURVE ( 3, ( #3647, #1950, #4499, #10272 ),
 .UNSPECIFIED., .F., .T. ) 
 B_SPLINE_CURVE_WITH_KNOTS ( ( 4, 4 ),
 ( 0.0000000000000000000, 1.288759930938833300 ),
 .UNSPECIFIED. ) 
 CURVE ( )  GEOMETRIC_REPRESENTATION_ITEM ( )  RATIONAL_B_SPLINE_CURVE ( ( 1.000000000000000000, 0.8663149180710663100, 0.8663149180710663100, 1.000000000000000000 ) ) 
 REPRESENTATION_ITEM ( '' )  );
#3854 = ORIENTED_EDGE ( 'NONE', *, *, #2580, .T. ) ;
#3855 = ORIENTED_EDGE ( 'NONE', *, *, #7080, .T. ) ;
#3856 = CARTESIAN_POINT ( 'NONE',  ( 21.39996527606354000, 52.81990284774145300, -11.39173555736197600 ) ) ;
#3857 = CARTESIAN_POINT ( 'NONE',  ( -6.599999999999977400, -3.000000000000000400, -19.47760329992826600 ) ) ;
#3858 = VERTEX_POINT ( 'NONE', #4559 ) ;
#3859 = CARTESIAN_POINT ( 'NONE',  ( -4.801322674888688800, 52.79999999999995500, -10.89999999999995900 ) ) ;
#3860 = DIRECTION ( 'NONE',  ( 0.0000000000000000000, 0.0000000000000000000, 1.000000000000000000 ) ) ;
#3861 = CARTESIAN_POINT ( 'NONE',  ( -3.599999999999993000, 0.0000000000000000000, -19.80000000000000100 ) ) ;
#3862 = VECTOR ( 'NONE', #7394, 1000.000000000000000 ) ;
#3863 = LINE ( 'NONE', #4545, #1384 ) ;
#3864 = EDGE_CURVE ( 'NONE', #5113, #10694, #6640, .T. ) ;
#3865 = VECTOR ( 'NONE', #5463, 1000.000000000000000 ) ;
#3866 = ORIENTED_EDGE ( 'NONE', *, *, #1046, .T. ) ;
#3867 = EDGE_CURVE ( 'NONE', #3, #3858, #4706, .T. ) ;
#3868 = AXIS2_PLACEMENT_3D ( 'NONE', #5016, #845, #6689 ) ;
#3869 = CARTESIAN_POINT ( 'NONE',  ( 8.600000000000003200, 52.79999999999999700, -11.00000000000000400 ) ) ;
#3870 = DIRECTION ( 'NONE',  ( 0.0000000000000000000, -1.000000000000000000, 0.0000000000000000000 ) ) ;
#3871 = CARTESIAN_POINT ( 'NONE',  ( -0.1546695526176757000, 33.54232416068494900, 9.293759080260182200 ) ) ;
#3872 = CARTESIAN_POINT ( 'NONE',  ( -34.19999999999999600, 3.400000000000023900, -30.20000000000000300 ) ) ;
#3873 = LINE ( 'NONE', #2736, #6102 ) ;
#3874 = DIRECTION ( 'NONE',  ( 0.0000000000000000000, 0.0000000000000000000, -1.000000000000000000 ) ) ;
#3875 = ORIENTED_EDGE ( 'NONE', *, *, #9911, .T. ) ;
#3876 = ORIENTED_EDGE ( 'NONE', *, *, #8622, .T. ) ;
#3877 = VECTOR ( 'NONE', #10449, 1000.000000000000000 ) ;
#3878 = AXIS2_PLACEMENT_3D ( 'NONE', #10313, #6210, #5418 ) ;
#3879 = CARTESIAN_POINT ( 'NONE',  ( -0.5999999999999949800, 28.99474411167425500, 11.75358983848622600 ) ) ;
#3880 = CARTESIAN_POINT ( 'NONE',  ( 13.01072103291065200, 4.469535171945717700, 12.89850324914370100 ) ) ;
#3881 = EDGE_CURVE ( 'NONE', #3074, #10615, #263, .T. ) ;
#3882 = CIRCLE ( 'NONE', #1254, 1.600000000000000800 ) ;
#3883 = VECTOR ( 'NONE', #4722, 1000.000000000000000 ) ;
#3884 = CARTESIAN_POINT ( 'NONE',  ( 13.46414349515134700, 3.223767195466812100, -13.62847879046726800 ) ) ;
#3885 = CARTESIAN_POINT ( 'NONE',  ( 11.20000000000000300, 52.79999999999999700, -11.29999999999999900 ) ) ;
#3886 = CARTESIAN_POINT ( 'NONE',  ( -5.414988502441529400, 52.65837018413705600, 10.76666666666667100 ) ) ;
#3887 = CARTESIAN_POINT ( 'NONE',  ( 3.900000000000004400, 52.79999999999999700, 10.90000000000000400 ) ) ;
#3888 = ORIENTED_EDGE ( 'NONE', *, *, #5065, .F. ) ;
#3889 = EDGE_CURVE ( 'NONE', #5494, #3679, #9, .T. ) ;
#3890 = CARTESIAN_POINT ( 'NONE',  ( 3.400000000000006600, 52.73947364538712900, -10.70000000000000300 ) ) ;
#3891 = ORIENTED_EDGE ( 'NONE', *, *, #304, .F. ) ;
#3892 =( BOUNDED_CURVE ( )  B_SPLINE_CURVE ( 3, ( #9396, #1922, #1094, #3584 ),
 .UNSPECIFIED., .F., .F. ) 
 B_SPLINE_CURVE_WITH_KNOTS ( ( 4, 4 ),
 ( 2.114247125251704800, 2.917873442775416500 ),
 .UNSPECIFIED. ) 
 CURVE ( )  GEOMETRIC_REPRESENTATION_ITEM ( )  RATIONAL_B_SPLINE_CURVE ( ( 1.000000000000000000, 0.9469022687307996300, 0.9469022687307996300, 1.000000000000000000 ) ) 
 REPRESENTATION_ITEM ( '' )  );
#3893 = DIRECTION ( 'NONE',  ( 1.000000000000000000, 0.0000000000000000000, 0.0000000000000000000 ) ) ;
#3894 = VECTOR ( 'NONE', #2980, 1000.000000000000000 ) ;
#3895 = APPLICATION_CONTEXT ( 'automotive_design' ) ;
#3896 = DIRECTION ( 'NONE',  ( 0.0000000000000000000, -0.0000000000000000000, 1.000000000000000000 ) ) ;
#3897 = ADVANCED_FACE ( 'NONE', ( #2193 ), #1251, .T. ) ;
#3898 = CARTESIAN_POINT ( 'NONE',  ( -5.207977401480455600, 52.78691979585988700, -10.83404619769887800 ) ) ;
#3899 = DIRECTION ( 'NONE',  ( -0.0000000000000000000, 1.000000000000000000, 0.0000000000000000000 ) ) ;
#3900 = CARTESIAN_POINT ( 'NONE',  ( -4.599999999999994300, 50.89999999999999900, -9.800000000000002500 ) ) ;
#3901 = ORIENTED_EDGE ( 'NONE', *, *, #2388, .T. ) ;
#3902 = CARTESIAN_POINT ( 'NONE',  ( 3.400000000000003900, 52.79999999999999700, 14.41764762517407800 ) ) ;
#3903 = AXIS2_PLACEMENT_3D ( 'NONE', #2442, #10280, #9457 ) ;
#3904 = VECTOR ( 'NONE', #7196, 1000.000000000000000 ) ;
#3905 = AXIS2_PLACEMENT_3D ( 'NONE', #5422, #6251, #1237 ) ;
#3906 = VECTOR ( 'NONE', #3765, 1000.000000000000000 ) ;
#3907 = DIRECTION ( 'NONE',  ( 1.000000000000000000, 0.0000000000000000000, -0.0000000000000000000 ) ) ;
#3908 = CARTESIAN_POINT ( 'NONE',  ( 5.800000000000004300, 51.19999999999999600, 13.00000000000000200 ) ) ;
#3909 = DIRECTION ( 'NONE',  ( 0.5000000000000041100, -0.8660254037844363800, -0.0000000000000000000 ) ) ;
#3910 = ORIENTED_EDGE ( 'NONE', *, *, #517, .T. ) ;
#3911 = DIRECTION ( 'NONE',  ( -1.000000000000000000, 0.0000000000000000000, 0.0000000000000000000 ) ) ;
#3912 = ORIENTED_EDGE ( 'NONE', *, *, #7328, .T. ) ;
#3913 = CARTESIAN_POINT ( 'NONE',  ( -6.599999999999997000, 3.000000000000000400, 14.33589838486222600 ) ) ;
#3914 = DIRECTION ( 'NONE',  ( 9.293161478447181700E-017, -1.000000000000000000, 0.0000000000000000000 ) ) ;
#3915 = VECTOR ( 'NONE', #8736, 1000.000000000000000 ) ;
#3916 = LINE ( 'NONE', #9006, #5873 ) ;
#3917 = EDGE_CURVE ( 'NONE', #5647, #7993, #6384, .T. ) ;
#3918 = ORIENTED_EDGE ( 'NONE', *, *, #3761, .T. ) ;
#3919 = AXIS2_PLACEMENT_3D ( 'NONE', #1081, #7787, #6958 ) ;
#3920 = VERTEX_POINT ( 'NONE', #4629 ) ;
#3921 = DIRECTION ( 'NONE',  ( 0.0000000000000000000, 0.0000000000000000000, 1.000000000000000000 ) ) ;
#3922 = CARTESIAN_POINT ( 'NONE',  ( 0.4000000000000110100, 33.80000000000000400, 14.60000000000000100 ) ) ;
#3923 = CARTESIAN_POINT ( 'NONE',  ( -8.862741699796945500, 30.30000000000000400, -11.00000000000000400 ) ) ;
#3924 = CARTESIAN_POINT ( 'NONE',  ( -3.068629150101515300, 4.188310502116359600, 11.46862915010151900 ) ) ;
#3925 = VECTOR ( 'NONE', #7863, 1000.000000000000000 ) ;
#3926 = CARTESIAN_POINT ( 'NONE',  ( 14.40000000000000200, 0.0000000000000000000, 13.62938002992065900 ) ) ;
#3927 = ORIENTED_EDGE ( 'NONE', *, *, #10316, .F. ) ;
#3928 = EDGE_CURVE ( 'NONE', #1076, #917, #8318, .T. ) ;
#3929 = EDGE_LOOP ( 'NONE', ( #2922, #4177, #421, #2091 ) ) ;
#3930 = VECTOR ( 'NONE', #565, 1000.000000000000000 ) ;
#3931 = UNCERTAINTY_MEASURE_WITH_UNIT (LENGTH_MEASURE( 1.000000000000000100E-005 ), #6540, 'distance_accuracy_value', 'NONE');
#3932 = EDGE_CURVE ( 'NONE', #526, #171, #5571, .T. ) ;
#3933 = CARTESIAN_POINT ( 'NONE',  ( -34.32806696097171100, 5.000000000000000000, -26.33237777865424800 ) ) ;
#3934 = DIRECTION ( 'NONE',  ( -0.0000000000000000000, -1.000000000000000000, -0.0000000000000000000 ) ) ;
#3935 = ORIENTED_EDGE ( 'NONE', *, *, #2772, .T. ) ;
#3936 = CARTESIAN_POINT ( 'NONE',  ( -6.599999999999993400, 20.74968880069896200, -9.800000000000002500 ) ) ;
#3937 = ORIENTED_EDGE ( 'NONE', *, *, #1819, .F. ) ;
#3938 = DIRECTION ( 'NONE',  ( -0.0000000000000000000, 1.000000000000000000, -0.0000000000000000000 ) ) ;
#3939 = AXIS2_PLACEMENT_3D ( 'NONE', #1788, #7664, #2664 ) ;
#3940 = ORIENTED_EDGE ( 'NONE', *, *, #1761, .F. ) ;
#3941 = CARTESIAN_POINT ( 'NONE',  ( -34.34669772087221400, -0.3616017682787132600, 34.18412149286740500 ) ) ;
#3942 = EDGE_CURVE ( 'NONE', #4267, #10500, #10526, .T. ) ;
#3944 = ORIENTED_EDGE ( 'NONE', *, *, #4091, .F. ) ;
#3943 = DIRECTION ( 'NONE',  ( -0.0000000000000000000, 1.000000000000000000, -0.0000000000000000000 ) ) ;
#3945 = ORIENTED_EDGE ( 'NONE', *, *, #1946, .F. ) ;
#3946 = CARTESIAN_POINT ( 'NONE',  ( 13.69026644067500300, 4.999999999999997300, 12.75925440825003500 ) ) ;
#3947 = CARTESIAN_POINT ( 'NONE',  ( 4.214988502441555900, 52.65837018413704100, -10.76666666666666900 ) ) ;
#3948 = CARTESIAN_POINT ( 'NONE',  ( -11.20000000000000100, 5.000000000000018700, 11.00000000000000400 ) ) ;
#3949 = DIRECTION ( 'NONE',  ( -0.0000000000000000000, 1.000000000000000000, -0.0000000000000000000 ) ) ;
#3950 = AXIS2_PLACEMENT_3D ( 'NONE', #4337, #7675, #8424 ) ;
#3951 = ADVANCED_FACE ( 'NONE', ( #1671 ), #10447, .F. ) ;
#3952 = VECTOR ( 'NONE', #4055, 1000.000000000000000 ) ;
#3953 = ORIENTED_EDGE ( 'NONE', *, *, #7967, .T. ) ;
#3954 = VERTEX_POINT ( 'NONE', #4670 ) ;
#3955 = DIRECTION ( 'NONE',  ( 1.000000000000000000, 0.0000000000000000000, 0.0000000000000000000 ) ) ;
#3956 = DIRECTION ( 'NONE',  ( -0.8660254037844360400, -0.5000000000000045500, 0.0000000000000000000 ) ) ;
#3957 = DIRECTION ( 'NONE',  ( 0.0000000000000000000, -0.0000000000000000000, -1.000000000000000000 ) ) ;
#3958 = FACE_OUTER_BOUND ( 'NONE', #1999, .T. ) ;
#3959 = VERTEX_POINT ( 'NONE', #2154 ) ;
#3960 = ADVANCED_FACE ( 'NONE', ( #9993 ), #7478, .F. ) ;
#3961 = EDGE_LOOP ( 'NONE', ( #3698, #3697, #2890 ) ) ;
#3962 = ORIENTED_EDGE ( 'NONE', *, *, #1978, .T. ) ;
#3963 = VERTEX_POINT ( 'NONE', #6401 ) ;
#3964 = CARTESIAN_POINT ( 'NONE',  ( 13.40000000000000000, 5.000000000000000000, 15.80000000000000400 ) ) ;
#3965 = AXIS2_PLACEMENT_3D ( 'NONE', #7637, #2631, #3483 ) ;
#3966 = DIRECTION ( 'NONE',  ( -0.0000000000000000000, 0.0000000000000000000, 1.000000000000000000 ) ) ;
#3967 = CARTESIAN_POINT ( 'NONE',  ( -18.47538290724802600, 7.568766554688460600, 16.32461709275197500 ) ) ;
#3968 = VECTOR ( 'NONE', #5325, 1000.000000000000000 ) ;
#3969 = CARTESIAN_POINT ( 'NONE',  ( -4.662255489823029300, 52.08619254712396400, 10.78409504372318400 ) ) ;
#3970 = VERTEX_POINT ( 'NONE', #1402 ) ;
#3971 = ORIENTED_EDGE ( 'NONE', *, *, #1046, .F. ) ;
#3972 = ORIENTED_EDGE ( 'NONE', *, *, #2307, .F. ) ;
#3973 = CARTESIAN_POINT ( 'NONE',  ( 0.0000000000000000000, 50.79999999999999700, -9.800000000000002500 ) ) ;
#3974 = EDGE_LOOP ( 'NONE', ( #8582, #2592, #2903, #7495, #10362, #5263, #7597, #3876, #2227, #7963, #1312, #8980, #6836, #7113, #936, #5668, #6089, #9711, #1832, #10584, #7644, #3241, #4607, #3806, #2588, #5425, #8665, #433, #6444, #6865, #5976, #2367, #9153, #8943, #7058, #7326, #8212, #8725, #10321, #9033 ) ) ;
#3975 = CIRCLE ( 'NONE', #859, 0.09999999999999982500 ) ;
#3976 = EDGE_CURVE ( 'NONE', #8770, #1730, #10254, .T. ) ;
#3977 = CARTESIAN_POINT ( 'NONE',  ( 23.59695025252360500, -3.000000000000000000, -11.50687466109646100 ) ) ;
#3978 = LINE ( 'NONE', #6225, #3714 ) ;
#3979 = CARTESIAN_POINT ( 'NONE',  ( 4.198677325111154000, 52.79999999999995500, -10.89999999999995900 ) ) ;
#3980 = AXIS2_PLACEMENT_3D ( 'NONE', #3922, #8894, #3065 ) ;
#3981 = CARTESIAN_POINT ( 'NONE',  ( -5.182352374825907000, 5.000000000000000000, 20.15734024596000400 ) ) ;
#3982 = PLANE ( 'NONE',  #9846 ) ;
#3983 = ORIENTED_EDGE ( 'NONE', *, *, #2021, .T. ) ;
#3984 = ORIENTED_EDGE ( 'NONE', *, *, #8328, .T. ) ;
#3985 = LINE ( 'NONE', #6629, #8143 ) ;
#3986 = LINE ( 'NONE', #10620, #5688 ) ;
#3987 = LINE ( 'NONE', #1637, #8145 ) ;
#3988 = VERTEX_POINT ( 'NONE', #8895 ) ;
#3989 = EDGE_CURVE ( 'NONE', #6715, #2288, #3359, .T. ) ;
#3990 = CARTESIAN_POINT ( 'NONE',  ( -34.32806696097171800, 3.400000000000023900, 26.33237777865424800 ) ) ;
#3991 = CARTESIAN_POINT ( 'NONE',  ( 3.900000000000005200, 52.29999999999999700, -10.50000000000000400 ) ) ;
#3992 = PLANE ( 'NONE',  #2726 ) ;
#3993 = ORIENTED_EDGE ( 'NONE', *, *, #2077, .T. ) ;
#3994 = CARTESIAN_POINT ( 'NONE',  ( -2.269872981077806000, -3.000000000000000000, 17.80000000000000400 ) ) ;
#3995 = EDGE_CURVE ( 'NONE', #8562, #5961, #7157, .T. ) ;
#3996 = AXIS2_PLACEMENT_3D ( 'NONE', #559, #1395, #9671 ) ;
#3997 = LINE ( 'NONE', #4020, #10621 ) ;
#3998 = ORIENTED_EDGE ( 'NONE', *, *, #5680, .T. ) ;
#3999 = VERTEX_POINT ( 'NONE', #3099 ) ;
#4000 = LINE ( 'NONE', #9214, #8158 ) ;
#4001 = ORIENTED_EDGE ( 'NONE', *, *, #2434, .F. ) ;
#4002 = PLANE ( 'NONE',  #8239 ) ;
#4003 = ORIENTED_EDGE ( 'NONE', *, *, #7906, .F. ) ;
#4004 = ADVANCED_FACE ( 'NONE', ( #7540 ), #7804, .T. ) ;
#4005 = CARTESIAN_POINT ( 'NONE',  ( 5.400000000000003900, 52.79999999999999700, 12.60000000000000100 ) ) ;
#4006 = CARTESIAN_POINT ( 'NONE',  ( 0.1500000000000056300, 34.55000000000000400, -12.60000000000000300 ) ) ;
#4007 = CARTESIAN_POINT ( 'NONE',  ( -8.334599523364685700, -0.3618577365635918800, -34.18378411409798900 ) ) ;
#4008 = EDGE_CURVE ( 'NONE', #6300, #10029, #5366, .T. ) ;
#4009 = EDGE_LOOP ( 'NONE', ( #8490, #1319, #7368, #2198 ) ) ;
#4010 = FACE_OUTER_BOUND ( 'NONE', #4900, .T. ) ;
#4011 = EDGE_CURVE ( 'NONE', #8560, #10049, #9736, .T. ) ;
#4012 = AXIS2_PLACEMENT_3D ( 'NONE', #2370, #8190, #3192 ) ;
#4013 = CARTESIAN_POINT ( 'NONE',  ( -4.656443655523048600, 52.55199584326090400, 10.85901645101352000 ) ) ;
#4014 = CARTESIAN_POINT ( 'NONE',  ( 21.39996527606354000, 0.0000000000000000000, -11.39173555736197600 ) ) ;
#4015 = DIRECTION ( 'NONE',  ( 1.000000000000000000, -0.0000000000000000000, -0.0000000000000000000 ) ) ;
#4016 = ADVANCED_FACE ( 'NONE', ( #5081 ), #6472, .F. ) ;
#4017 = CARTESIAN_POINT ( 'NONE',  ( 2.400000000000005200, 33.05000000000000400, -12.60000000000000300 ) ) ;
#4018 = CARTESIAN_POINT ( 'NONE',  ( 3.506222361897219500, 51.95389021182205600, -10.90000000000001100 ) ) ;
#4019 = AXIS2_PLACEMENT_3D ( 'NONE', #9338, #3530, #6019 ) ;
#4020 = CARTESIAN_POINT ( 'NONE',  ( 4.954700538379256600, 3.000000000000000400, 11.00000000000000200 ) ) ;
#4021 = CARTESIAN_POINT ( 'NONE',  ( -3.599999999999999200, 33.05000000000000400, -12.60000000000000300 ) ) ;
#4022 = CIRCLE ( 'NONE', #7264, 1.199999999999999700 ) ;
#4023 = CARTESIAN_POINT ( 'NONE',  ( -35.19587300007701500, 3.400021911033895600, 0.1243944217574995800 ) ) ;
#4024 = EDGE_LOOP ( 'NONE', ( #6792, #612, #5897, #8583 ) ) ;
#4025 = LINE ( 'NONE', #7463, #5985 ) ;
#4026 = ORIENTED_EDGE ( 'NONE', *, *, #3277, .F. ) ;
#4027 = VERTEX_POINT ( 'NONE', #9754 ) ;
#4028 = DIRECTION ( 'NONE',  ( -1.483275929709977900E-016, -0.9396926207859080900, 0.3420201433256697700 ) ) ;
#4029 = LINE ( 'NONE', #7500, #6255 ) ;
#4030 = PLANE ( 'NONE',  #2300 ) ;
#4031 = DIRECTION ( 'NONE',  ( 1.000000000000000000, 0.0000000000000000000, -0.0000000000000000000 ) ) ;
#4032 = FACE_OUTER_BOUND ( 'NONE', #8250, .T. ) ;
#4033 = EDGE_CURVE ( 'NONE', #9169, #424, #887, .T. ) ;
#4034 = CARTESIAN_POINT ( 'NONE',  ( 4.400000000000013700, 33.80000000000000400, 15.00000000000000200 ) ) ;
#4035 = ORIENTED_EDGE ( 'NONE', *, *, #9062, .T. ) ;
#4036 = CARTESIAN_POINT ( 'NONE',  ( -4.599999999999996100, 52.79999999999999700, 10.90000000000000400 ) ) ;
#4037 = ORIENTED_EDGE ( 'NONE', *, *, #7912, .F. ) ;
#4038 = FACE_OUTER_BOUND ( 'NONE', #3608, .T. ) ;
#4039 = CARTESIAN_POINT ( 'NONE',  ( -36.53586394683875900, -2.123524789896301000, 33.74374804352552800 ) ) ;
#4040 = DIRECTION ( 'NONE',  ( 1.000000000000000000, -0.0000000000000000000, 3.212450881438533200E-016 ) ) ;
#4041 = LINE ( 'NONE', #723, #8196 ) ;
#4042 = CARTESIAN_POINT ( 'NONE',  ( -6.016831853914450100, -2.028423502467982900, -33.69785280361158900 ) ) ;
#4043 = ORIENTED_EDGE ( 'NONE', *, *, #4220, .T. ) ;
#4044 = CARTESIAN_POINT ( 'NONE',  ( -4.662255489823049700, 52.51380745287603700, -10.78409504372310000 ) ) ;
#4045 = ORIENTED_EDGE ( 'NONE', *, *, #2128, .T. ) ;
#4046 = VERTEX_POINT ( 'NONE', #9791 ) ;
#4047 = ORIENTED_EDGE ( 'NONE', *, *, #4147, .T. ) ;
#4048 = AXIS2_PLACEMENT_3D ( 'NONE', #8693, #7028, #7853 ) ;
#4049 = CYLINDRICAL_SURFACE ( 'NONE', #8147, 4.000000000000002700 ) ;
#4050 = DIRECTION ( 'NONE',  ( 1.000000000000000000, 0.0000000000000000000, 3.212450881438533200E-016 ) ) ;
#4051 = DIRECTION ( 'NONE',  ( -3.018716387924979200E-016, 0.3420201433256666600, 0.9396926207859090900 ) ) ;
#4052 = DIRECTION ( 'NONE',  ( -0.0000000000000000000, -1.000000000000000000, -0.0000000000000000000 ) ) ;
#4053 = DIRECTION ( 'NONE',  ( 1.000000000000000000, 0.0000000000000000000, 3.212450881438533200E-016 ) ) ;
#4054 = ORIENTED_EDGE ( 'NONE', *, *, #5673, .F. ) ;
#4055 = DIRECTION ( 'NONE',  ( -0.0000000000000000000, -1.000000000000000000, -0.0000000000000000000 ) ) ;
#4056 = CARTESIAN_POINT ( 'NONE',  ( 12.81764762517409800, 5.000000000000000000, 17.71091036373494600 ) ) ;
#4057 = VECTOR ( 'NONE', #8304, 1000.000000000000000 ) ;
#4058 = ORIENTED_EDGE ( 'NONE', *, *, #9770, .T. ) ;
#4059 = EDGE_CURVE ( 'NONE', #7181, #6685, #5609, .T. ) ;
#4060 = ADVANCED_FACE ( 'NONE', ( #2840 ), #6506, .T. ) ;
#4061 = ORIENTED_EDGE ( 'NONE', *, *, #3002, .T. ) ;
#4062 = ORIENTED_EDGE ( 'NONE', *, *, #4368, .F. ) ;
#4063 = EDGE_CURVE ( 'NONE', #564, #469, #9221, .T. ) ;
#4064 = EDGE_LOOP ( 'NONE', ( #6992, #4231, #4155, #8101 ) ) ;
#4065 = PLANE ( 'NONE',  #5077 ) ;
#4066 = CARTESIAN_POINT ( 'NONE',  ( 0.0000000000000000000, 33.79999999999999700, 0.0000000000000000000 ) ) ;
#4067 = CARTESIAN_POINT ( 'NONE',  ( -29.70033893432542300, 3.000000000000000400, -0.9834549316001803800 ) ) ;
#4068 = CARTESIAN_POINT ( 'NONE',  ( -3.003760430703405600, 4.300666419935815600, 11.40376043070340900 ) ) ;
#4069 = VECTOR ( 'NONE', #10121, 1000.000000000000000 ) ;
#4070 = CARTESIAN_POINT ( 'NONE',  ( -2.599999999999996500, 5.000000000000018700, 12.60000000000000100 ) ) ;
#4071 =( BOUNDED_SURFACE ( )  B_SPLINE_SURFACE ( 3, 2, ( 
 ( #7207, #8373, #4248 ),
 ( #10031, #5086, #103 ),
 ( #5925, #906, #6752 ),
 ( #1748, #7578, #2579 ),
 ( #8409, #3423, #9243 ),
 ( #4279, #10067, #5126 ) ),
 .UNSPECIFIED., .F., .F., .T. ) 
 B_SPLINE_SURFACE_WITH_KNOTS ( ( 4, 2, 4 ),
 ( 3, 3 ),
 ( 0.0003790122493140190000, 0.0006499964602233464300, 0.0009209806711326738000 ),
 ( 0.0000000000000000000, 1.000000000000000000 ),
 .UNSPECIFIED. ) 
 GEOMETRIC_REPRESENTATION_ITEM ( )  RATIONAL_B_SPLINE_SURFACE ( (
 ( 1.000000000000000000, 0.8164965809277011700, 1.000000000000000000),
 ( 1.000000000000000000, 0.8810678731623496900, 1.000000000000000000),
 ( 1.000000000000000000, 0.9263207691516897000, 1.000000000000000000),
 ( 1.000000000000000000, 0.9855849900692810200, 1.000000000000000000),
 ( 1.000000000000000000, 0.9999584033009926200, 1.000000000000000000),
 ( 1.000000000000000000, 1.000000000000000000, 1.000000000000000000) ) ) 
 REPRESENTATION_ITEM ( '' )  SURFACE ( )  );
#4072 = ORIENTED_EDGE ( 'NONE', *, *, #1073, .T. ) ;
#4073 = ORIENTED_EDGE ( 'NONE', *, *, #4287, .T. ) ;
#4074 = ORIENTED_EDGE ( 'NONE', *, *, #8375, .T. ) ;
#4075 = ADVANCED_FACE ( 'NONE', ( #7286 ), #8968, .F. ) ;
#4076 = EDGE_CURVE ( 'NONE', #2201, #6715, #7025, .T. ) ;
#4077 = EDGE_CURVE ( 'NONE', #1940, #5160, #388, .T. ) ;
#4078 = CARTESIAN_POINT ( 'NONE',  ( -4.599999999999999600, 3.400000000000023900, 26.20000000000000300 ) ) ;
#4079 = VECTOR ( 'NONE', #2761, 1000.000000000000000 ) ;
#4080 = CARTESIAN_POINT ( 'NONE',  ( -31.43965174265924000, 2.030595043311035600, 7.115076756936122800E-014 ) ) ;
#4081 = CARTESIAN_POINT ( 'NONE',  ( 5.800000000000004300, 52.79999999999999700, 14.41764762517408200 ) ) ;
#4082 = ORIENTED_EDGE ( 'NONE', *, *, #625, .F. ) ;
#4083 = CARTESIAN_POINT ( 'NONE',  ( -0.8594907259111634900, 50.67792614530241500, -9.799999999999998900 ) ) ;
#4084 = ORIENTED_EDGE ( 'NONE', *, *, #6614, .F. ) ;
#4085 = ORIENTED_EDGE ( 'NONE', *, *, #7738, .F. ) ;
#4086 = DIRECTION ( 'NONE',  ( -0.0000000000000000000, -1.000000000000000000, -0.0000000000000000000 ) ) ;
#4087 = AXIS2_PLACEMENT_3D ( 'NONE', #6718, #1712, #5888 ) ;
#4088 = CARTESIAN_POINT ( 'NONE',  ( 3.400000000000014600, 34.54999999999999700, 14.60000000000000100 ) ) ;
#4089 = CARTESIAN_POINT ( 'NONE',  ( 11.33333976220400700, -2.884541081292678800, -10.99939387259856200 ) ) ;
#4090 = FACE_OUTER_BOUND ( 'NONE', #783, .T. ) ;
#4091 = EDGE_CURVE ( 'NONE', #3610, #7646, #4827, .T. ) ;
#4092 =( BOUNDED_CURVE ( )  B_SPLINE_CURVE ( 3, ( #1252, #6266, #431, #2084 ),
 .UNSPECIFIED., .F., .F. ) 
 B_SPLINE_CURVE_WITH_KNOTS ( ( 4, 4 ),
 ( 6.254520752134042500, 6.311849862225135300 ),
 .UNSPECIFIED. ) 
 CURVE ( )  GEOMETRIC_REPRESENTATION_ITEM ( )  RATIONAL_B_SPLINE_CURVE ( ( 1.000000000000000000, 0.9997261331808264800, 0.9997261331808264800, 1.000000000000000000 ) ) 
 REPRESENTATION_ITEM ( '' )  );
#4093 = ORIENTED_EDGE ( 'NONE', *, *, #980, .F. ) ;
#4094 = CARTESIAN_POINT ( 'NONE',  ( -11.20000000000000100, 51.19999999999999600, 13.00000000000000400 ) ) ;
#4095 = ORIENTED_EDGE ( 'NONE', *, *, #5416, .T. ) ;
#4096 = DIRECTION ( 'NONE',  ( -0.8303590066861543700, 0.0000000000000000000, 0.5572287860611502300 ) ) ;
#4097 = VERTEX_POINT ( 'NONE', #7410 ) ;
#4098 = CARTESIAN_POINT ( 'NONE',  ( 13.40000000000000600, 3.400095291546951300, -13.63405001238498900 ) ) ;
#4099 = EDGE_CURVE ( 'NONE', #816, #5814, #6507, .T. ) ;
#4100 = VECTOR ( 'NONE', #4767, 1000.000000000000000 ) ;
#4101 = ORIENTED_EDGE ( 'NONE', *, *, #10103, .F. ) ;
#4102 = DIRECTION ( 'NONE',  ( -0.0000000000000000000, -1.000000000000000000, -0.0000000000000000000 ) ) ;
#4104 = ORIENTED_EDGE ( 'NONE', *, *, #9205, .T. ) ;
#4103 = DIRECTION ( 'NONE',  ( 0.0000000000000000000, 0.0000000000000000000, 1.000000000000000000 ) ) ;
#4105 = EDGE_LOOP ( 'NONE', ( #2971, #712, #317, #4145 ) ) ;
#4106 = DIRECTION ( 'NONE',  ( 0.4980973490459084100, -0.8660254037844179500, 0.04357787137383102600 ) ) ;
#4107 = CARTESIAN_POINT ( 'NONE',  ( 3.460526354612854800, 52.79999999999999700, 10.90000000000000400 ) ) ;
#4108 = DIRECTION ( 'NONE',  ( 0.0000000000000000000, 0.8660254037844359300, -0.5000000000000046600 ) ) ;
#4109 = CARTESIAN_POINT ( 'NONE',  ( -1.690871211463564200, 35.17373870972728900, -11.00000000000000400 ) ) ;
#4110 = FACE_OUTER_BOUND ( 'NONE', #806, .T. ) ;
#4111 = ORIENTED_EDGE ( 'NONE', *, *, #7438, .T. ) ;
#4112 = ORIENTED_EDGE ( 'NONE', *, *, #7403, .T. ) ;
#4113 = ORIENTED_EDGE ( 'NONE', *, *, #7231, .F. ) ;
#4114 = CARTESIAN_POINT ( 'NONE',  ( -5.313807452875781900, 52.73774451017705200, 10.78409504372314000 ) ) ;
#4115 = ADVANCED_FACE ( 'NONE', ( #2056 ), #2801, .F. ) ;
#4116 = AXIS2_PLACEMENT_3D ( 'NONE', #3507, #1814, #7658 ) ;
#4117 = PLANE ( 'NONE',  #10278 ) ;
#4118 = VECTOR ( 'NONE', #6896, 1000.000000000000100 ) ;
#4119 = VECTOR ( 'NONE', #7765, 1000.000000000000000 ) ;
#4120 = B_SPLINE_CURVE_WITH_KNOTS ( 'NONE', 3,
 ( #6680, #1668, #2509, #8334, #3338, #9162, #4203, #9991, #5045, #63 ),
 .UNSPECIFIED., .F., .F.,
 ( 4, 2, 2, 2, 4 ),
 ( 0.0000000000000000000, 0.0008696334886164649700, 0.001304450232924706800, 0.001521858605078819400, 0.001739266977232932300 ),
 .UNSPECIFIED. ) ;
#4121 = DIRECTION ( 'NONE',  ( -0.5000000000000044400, 0.8660254037844360400, -1.606225440719280900E-016 ) ) ;
#4122 = VECTOR ( 'NONE', #5765, 1000.000000000000100 ) ;
#4123 = VERTEX_POINT ( 'NONE', #3234 ) ;
#4124 = CARTESIAN_POINT ( 'NONE',  ( -9.799999999999993600, 50.79999999999999700, -9.841154273188021100 ) ) ;
#4125 = DIRECTION ( 'NONE',  ( 0.0000000000000000000, -1.000000000000000000, 0.0000000000000000000 ) ) ;
#4126 = DIRECTION ( 'NONE',  ( -4.336808689942014300E-016, 0.0000000000000000000, 1.000000000000000000 ) ) ;
#4127 = VECTOR ( 'NONE', #1296, 1000.000000000000300 ) ;
#4128 = EDGE_CURVE ( 'NONE', #6654, #10508, #6692, .T. ) ;
#4129 = CARTESIAN_POINT ( 'NONE',  ( -11.20000000000000100, 48.10000000000002300, -11.00000000000000400 ) ) ;
#4130 = ADVANCED_FACE ( 'NONE', ( #4032 ), #30, .T. ) ;
#4131 = DIRECTION ( 'NONE',  ( 0.0000000000000000000, 0.0000000000000000000, -1.000000000000000000 ) ) ;
#4132 = VERTEX_POINT ( 'NONE', #8307 ) ;
#4133 = LINE ( 'NONE', #6219, #8279 ) ;
#4134 = ORIENTED_EDGE ( 'NONE', *, *, #6046, .F. ) ;
#4135 = DIRECTION ( 'NONE',  ( -0.0000000000000000000, 1.000000000000000000, -0.0000000000000000000 ) ) ;
#4136 = EDGE_LOOP ( 'NONE', ( #5172, #6955, #10755, #6195 ) ) ;
#4137 = LINE ( 'NONE', #215, #2159 ) ;
#4138 = ORIENTED_EDGE ( 'NONE', *, *, #5559, .F. ) ;
#4139 = EDGE_CURVE ( 'NONE', #8275, #7269, #10646, .T. ) ;
#4140 = VECTOR ( 'NONE', #3768, 1000.000000000000000 ) ;
#4141 = CARTESIAN_POINT ( 'NONE',  ( 11.20000000000000100, 51.19999999999999600, -13.00000000000000400 ) ) ;
#4142 = CARTESIAN_POINT ( 'NONE',  ( -4.599999999999996100, 50.89999999999999900, 9.800000000000000700 ) ) ;
#4143 = CARTESIAN_POINT ( 'NONE',  ( 3.900000000000003900, 52.79999999999999700, 10.90000000000000400 ) ) ;
#4144 = CARTESIAN_POINT ( 'NONE',  ( -7.725040639361414400, -0.4104566101867900300, 34.11993021855243300 ) ) ;
#4145 = ORIENTED_EDGE ( 'NONE', *, *, #3976, .F. ) ;
#4146 = PLANE ( 'NONE',  #9700 ) ;
#4147 = EDGE_CURVE ( 'NONE', #10384, #6851, #8440, .T. ) ;
#4148 = ORIENTED_EDGE ( 'NONE', *, *, #1130, .F. ) ;
#4149 = AXIS2_PLACEMENT_3D ( 'NONE', #5446, #5409, #405 ) ;
#4150 = B_SPLINE_CURVE_WITH_KNOTS ( 'NONE', 3,
 ( #6007, #6841, #2672, #8492 ),
 .UNSPECIFIED., .F., .F.,
 ( 4, 4 ),
 ( 0.0000000000000000000, 0.0003852897569917532700 ),
 .UNSPECIFIED. ) ;
#4151 = CIRCLE ( 'NONE', #8162, 0.6656854249492377700 ) ;
#4152 = CIRCLE ( 'NONE', #9366, 1.199999999999999700 ) ;
#4153 = CARTESIAN_POINT ( 'NONE',  ( -0.4995236276704663700, 34.19206584109542700, 9.299999999998577800 ) ) ;
#4154 = DIRECTION ( 'NONE',  ( 0.0000000000000000000, -1.000000000000000000, 0.0000000000000000000 ) ) ;
#4155 = ORIENTED_EDGE ( 'NONE', *, *, #10466, .T. ) ;
#4156 = EDGE_CURVE ( 'NONE', #5505, #3390, #6258, .T. ) ;
#4157 = DIRECTION ( 'NONE',  ( 0.0000000000000000000, 1.000000000000000000, 0.0000000000000000000 ) ) ;
#4158 = DIRECTION ( 'NONE',  ( 0.0000000000000000000, -1.000000000000000000, 0.0000000000000000000 ) ) ;
#4159 = LINE ( 'NONE', #3412, #8305 ) ;
#4160 = EDGE_CURVE ( 'NONE', #5857, #469, #8708, .T. ) ;
#4161 = CARTESIAN_POINT ( 'NONE',  ( -1.045655534538754200, 33.54283494277233000, 9.294089623170023600 ) ) ;
#4162 = ORIENTED_EDGE ( 'NONE', *, *, #9544, .F. ) ;
#4163 = LINE ( 'NONE', #8773, #1660 ) ;
#4164 = ORIENTED_EDGE ( 'NONE', *, *, #1676, .F. ) ;
#4165 = CARTESIAN_POINT ( 'NONE',  ( 13.96045510105607900, 3.536276391743099300, 12.72419501132051100 ) ) ;
#4166 = ORIENTED_EDGE ( 'NONE', *, *, #9412, .T. ) ;
#4167 = ORIENTED_EDGE ( 'NONE', *, *, #7823, .F. ) ;
#4168 = CARTESIAN_POINT ( 'NONE',  ( -1.355979974090543400, 34.08772610210820600, 9.567994221385834700 ) ) ;
#4169 = CIRCLE ( 'NONE', #3980, 4.000000000000001800 ) ;
#4170 = ADVANCED_FACE ( 'NONE', ( #3760 ), #2555, .T. ) ;
#4171 = ORIENTED_EDGE ( 'NONE', *, *, #1761, .T. ) ;
#4172 = VECTOR ( 'NONE', #10370, 1000.000000000000000 ) ;
#4173 = EDGE_LOOP ( 'NONE', ( #3267, #1673, #5742, #957, #422 ) ) ;
#4174 = VERTEX_POINT ( 'NONE', #8381 ) ;
#4175 = CARTESIAN_POINT ( 'NONE',  ( 5.400000000000005700, 33.79999999999999700, -11.00000000000000400 ) ) ;
#4176 = ORIENTED_EDGE ( 'NONE', *, *, #9349, .T. ) ;
#4177 = ORIENTED_EDGE ( 'NONE', *, *, #7514, .T. ) ;
#4178 = CARTESIAN_POINT ( 'NONE',  ( -11.20000000000000100, 52.79999999999999700, 6.858022075225178600E-016 ) ) ;
#4179 = CARTESIAN_POINT ( 'NONE',  ( 6.042303547082577900, 3.000000000000000400, 13.71345350182152100 ) ) ;
#4180 = EDGE_CURVE ( 'NONE', #1044, #3963, #1540, .T. ) ;
#4181 = VECTOR ( 'NONE', #7788, 1000.000000000000000 ) ;
#4182 = AXIS2_PLACEMENT_3D ( 'NONE', #10540, #1414, #2249 ) ;
#4183 = FACE_OUTER_BOUND ( 'NONE', #3424, .T. ) ;
#4184 = CARTESIAN_POINT ( 'NONE',  ( -6.599999999999993400, 20.74968880069896200, 10.90000000000000400 ) ) ;
#4185 = ADVANCED_FACE ( 'NONE', ( #10119 ), #547, .T. ) ;
#4186 = VERTEX_POINT ( 'NONE', #109 ) ;
#4187 = CARTESIAN_POINT ( 'NONE',  ( 4.565685424949241300, 52.29999999999999700, 10.70000000000000300 ) ) ;
#4188 = EDGE_LOOP ( 'NONE', ( #4539, #6077, #7041, #4414, #3266, #10674 ) ) ;
#4189 = CARTESIAN_POINT ( 'NONE',  ( -3.599999999999999200, 34.54999999999999700, -12.60000000000000300 ) ) ;
#4190 = CYLINDRICAL_SURFACE ( 'NONE', #4481, 5.000000000000000000 ) ;
#4191 = CARTESIAN_POINT ( 'NONE',  ( 9.478175340199671300, 3.400000000000022600, -19.79999999999999700 ) ) ;
#4192 = EDGE_CURVE ( 'NONE', #2586, #10598, #3501, .T. ) ;
#4193 = AXIS2_PLACEMENT_3D ( 'NONE', #9211, #3348, #8342 ) ;
#4194 = CARTESIAN_POINT ( 'NONE',  ( -0.5264266440494884700, 50.79999999999999700, -9.800000000000004300 ) ) ;
#4195 = VECTOR ( 'NONE', #7195, 1000.000000000000000 ) ;
#4196 = VERTEX_POINT ( 'NONE', #7661 ) ;
#4197 = DIRECTION ( 'NONE',  ( -0.0000000000000000000, 1.000000000000000000, -0.0000000000000000000 ) ) ;
#4198 = CARTESIAN_POINT ( 'NONE',  ( -1.731370849898468800, 38.80000000000000400, -10.90000000000000400 ) ) ;
#4200 = VERTEX_POINT ( 'NONE', #3508 ) ;
#4199 = CARTESIAN_POINT ( 'NONE',  ( -11.20000000000000100, 52.79999999999999700, 6.858022075225178600E-016 ) ) ;
#4201 = ORIENTED_EDGE ( 'NONE', *, *, #437, .F. ) ;
#4202 = CARTESIAN_POINT ( 'NONE',  ( -11.19999999999999900, 50.79999999999999700, 0.0000000000000000000 ) ) ;
#4203 = CARTESIAN_POINT ( 'NONE',  ( -0.8583511853612099100, 50.67896788608041400, 9.799999999999998900 ) ) ;
#4204 = EDGE_CURVE ( 'NONE', #6267, #1343, #9865, .T. ) ;
#4205 = VECTOR ( 'NONE', #3008, 1000.000000000000000 ) ;
#4206 = VERTEX_POINT ( 'NONE', #4364 ) ;
#4207 = EDGE_CURVE ( 'NONE', #9615, #181, #5993, .T. ) ;
#4208 = EDGE_LOOP ( 'NONE', ( #9926, #6898, #2293, #2487 ) ) ;
#4209 = EDGE_LOOP ( 'NONE', ( #1474, #9902 ) ) ;
#4210 = DIRECTION ( 'NONE',  ( 0.8303590066861545900, 0.0000000000000000000, 0.5572287860611498900 ) ) ;
#4211 = DIRECTION ( 'NONE',  ( -0.0000000000000000000, 1.000000000000000000, -0.0000000000000000000 ) ) ;
#4212 = DIRECTION ( 'NONE',  ( 0.0000000000000000000, -1.000000000000000000, 0.0000000000000000000 ) ) ;
#4213 = CARTESIAN_POINT ( 'NONE',  ( -0.5999999999999937600, 28.80000000000000100, -10.50000000000000000 ) ) ;
#4214 = DIRECTION ( 'NONE',  ( 1.000000000000000000, 0.0000000000000000000, 0.0000000000000000000 ) ) ;
#4215 = LINE ( 'NONE', #8191, #3952 ) ;
#4216 = ORIENTED_EDGE ( 'NONE', *, *, #2714, .T. ) ;
#4217 = EDGE_CURVE ( 'NONE', #5245, #8810, #1281, .T. ) ;
#4218 = ORIENTED_EDGE ( 'NONE', *, *, #7753, .T. ) ;
#4219 = ORIENTED_EDGE ( 'NONE', *, *, #3574, .F. ) ;
#4220 = EDGE_CURVE ( 'NONE', #7794, #8332, #5480, .T. ) ;
#4221 = CARTESIAN_POINT ( 'NONE',  ( -3.599999999999999200, 34.54999999999999700, -12.60000000000000300 ) ) ;
#4222 = ADVANCED_FACE ( 'NONE', ( #5218 ), #7155, .F. ) ;
#4223 = CARTESIAN_POINT ( 'NONE',  ( -34.95516640658781400, -2.589977279407038600, -34.12048342460728600 ) ) ;
#4224 = CARTESIAN_POINT ( 'NONE',  ( 11.40000000000000600, -3.000000000000000000, -17.80000000000000400 ) ) ;
#4225 = CIRCLE ( 'NONE', #10208, 12.41764762517408200 ) ;
#4226 =( BOUNDED_CURVE ( )  B_SPLINE_CURVE ( 3, ( #6314, #7103, #7145, #2139 ),
 .UNSPECIFIED., .F., .T. ) 
 B_SPLINE_CURVE_WITH_KNOTS ( ( 4, 4 ),
 ( 3.727278197046950400, 4.282613549080159600 ),
 .UNSPECIFIED. ) 
 CURVE ( )  GEOMETRIC_REPRESENTATION_ITEM ( )  RATIONAL_B_SPLINE_CURVE ( ( 1.000000000000000000, 0.9744649164607690500, 0.9744649164607690500, 1.000000000000000000 ) ) 
 REPRESENTATION_ITEM ( '' )  );
#4227 = DIRECTION ( 'NONE',  ( -0.3236155771181815600, 0.8891264907159903700, -0.3236155771181820100 ) ) ;
#4228 = ORIENTED_EDGE ( 'NONE', *, *, #7876, .T. ) ;
#4229 = AXIS2_PLACEMENT_3D ( 'NONE', #5807, #9086, #796 ) ;
#4230 = ORIENTED_EDGE ( 'NONE', *, *, #7893, .F. ) ;
#4231 = ORIENTED_EDGE ( 'NONE', *, *, #5357, .T. ) ;
#4232 = DIRECTION ( 'NONE',  ( 1.000000000000000000, 0.0000000000000000000, 0.0000000000000000000 ) ) ;
#4233 = DIRECTION ( 'NONE',  ( 0.0000000000000000000, 0.0000000000000000000, -1.000000000000000000 ) ) ;
#4234 = CARTESIAN_POINT ( 'NONE',  ( -34.61320943391748300, 4.999999999999997300, 0.1243944217576002500 ) ) ;
#4235 = CARTESIAN_POINT ( 'NONE',  ( -2.599999999972624200, 27.52871870788983300, 12.60000000000000100 ) ) ;
#4236 = ADVANCED_FACE ( 'NONE', ( #7411 ), #249, .F. ) ;
#4237 = CARTESIAN_POINT ( 'NONE',  ( 4.600000000000001400, 1.277945491468363400, 15.33012701892218400 ) ) ;
#4238 = LINE ( 'NONE', #8556, #8384 ) ;
#4239 = DIRECTION ( 'NONE',  ( 0.0000000000000000000, -0.8660254037844368200, 0.5000000000000031100 ) ) ;
#4240 = ORIENTED_EDGE ( 'NONE', *, *, #837, .T. ) ;
#4241 =( BOUNDED_CURVE ( )  B_SPLINE_CURVE ( 3, ( #8996, #3161, #4871, #10663 ),
 .UNSPECIFIED., .F., .F. ) 
 B_SPLINE_CURVE_WITH_KNOTS ( ( 4, 4 ),
 ( 2.356194490192343900, 3.141592653589793100 ),
 .UNSPECIFIED. ) 
 CURVE ( )  GEOMETRIC_REPRESENTATION_ITEM ( )  RATIONAL_B_SPLINE_CURVE ( ( 1.000000000000000000, 0.9492530216741910100, 0.9492530216741910100, 1.000000000000000000 ) ) 
 REPRESENTATION_ITEM ( '' )  );
#4242 = ORIENTED_EDGE ( 'NONE', *, *, #2730, .F. ) ;
#4243 = EDGE_CURVE ( 'NONE', #3780, #2869, #758, .T. ) ;
#4244 = EDGE_LOOP ( 'NONE', ( #8553, #5546, #9519, #7156 ) ) ;
#4245 = ORIENTED_EDGE ( 'NONE', *, *, #230, .F. ) ;
#4246 = LINE ( 'NONE', #7429, #10065 ) ;
#4247 = DIRECTION ( 'NONE',  ( 0.0000000000000000000, 1.000000000000000000, 0.0000000000000000000 ) ) ;
#4248 = CARTESIAN_POINT ( 'NONE',  ( 3.541629815862962000, 52.61498850244154800, 10.76666666666666900 ) ) ;
#4249 = FACE_OUTER_BOUND ( 'NONE', #7440, .T. ) ;
#4250 = DIRECTION ( 'NONE',  ( 0.0000000000000000000, -1.000000000000000000, 0.0000000000000000000 ) ) ;
#4251 = DIRECTION ( 'NONE',  ( 0.6601821655035222700, -0.7511055241116789700, -8.673617379883948700E-015 ) ) ;
#4252 = CARTESIAN_POINT ( 'NONE',  ( -4.599999999999992500, 52.73947364538712200, -10.70000000000000300 ) ) ;
#4253 = ORIENTED_EDGE ( 'NONE', *, *, #173, .F. ) ;
#4254 = LINE ( 'NONE', #9265, #5948 ) ;
#4255 = CYLINDRICAL_SURFACE ( 'NONE', #8352, 8.799999999999998900 ) ;
#4256 = VECTOR ( 'NONE', #2401, 1000.000000000000000 ) ;
#4257 = ADVANCED_FACE ( 'NONE', ( #9348 ), #9085, .F. ) ;
#4258 = VECTOR ( 'NONE', #10502, 1000.000000000000000 ) ;
#4259 = AXIS2_PLACEMENT_3D ( 'NONE', #10308, #7137, #2065 ) ;
#4260 = CARTESIAN_POINT ( 'NONE',  ( -5.099999999999995200, 52.29999999999999700, -10.76666666666667100 ) ) ;
#4261 = ORIENTED_EDGE ( 'NONE', *, *, #136, .T. ) ;
#4262 = AXIS2_PLACEMENT_3D ( 'NONE', #760, #9089, #4126 ) ;
#4263 = CARTESIAN_POINT ( 'NONE',  ( -36.91325829097707600, -1.348222417985453600, -33.60637581566710000 ) ) ;
#4264 = CARTESIAN_POINT ( 'NONE',  ( 0.4183414379029779000, 30.50000000000328600, 11.13480762113392200 ) ) ;
#4265 = FACE_OUTER_BOUND ( 'NONE', #2660, .T. ) ;
#4266 = ORIENTED_EDGE ( 'NONE', *, *, #2813, .T. ) ;
#4267 = VERTEX_POINT ( 'NONE', #1923 ) ;
#4268 = CIRCLE ( 'NONE', #10250, 1.699999999999986200 ) ;
#4269 = PLANE ( 'NONE',  #3355 ) ;
#4270 = EDGE_CURVE ( 'NONE', #2531, #2214, #4942, .T. ) ;
#4271 = DIRECTION ( 'NONE',  ( 0.0000000000000000000, 1.000000000000000000, 0.0000000000000000000 ) ) ;
#4272 = CARTESIAN_POINT ( 'NONE',  ( -1.630232722430561100, 29.99243166826473200, 11.17757465912128200 ) ) ;
#4273 = CONICAL_SURFACE ( 'NONE', #10168, 8.699999999999995700, 0.5235987755982930400 ) ;
#4274 = EDGE_LOOP ( 'NONE', ( #2735, #9402, #6980, #5082, #8002, #738, #4622, #2652, #285, #5738, #5277, #956 ) ) ;
#4275 = CYLINDRICAL_SURFACE ( 'NONE', #9156, 4.000000000000000000 ) ;
#4276 = ADVANCED_FACE ( 'NONE', ( #2706 ), #9397, .F. ) ;
#4277 = VERTEX_POINT ( 'NONE', #8593 ) ;
#4278 = ORIENTED_EDGE ( 'NONE', *, *, #3928, .T. ) ;
#4279 = CARTESIAN_POINT ( 'NONE',  ( 3.400000000000004400, 52.29999999999999700, 10.90000000000000400 ) ) ;
#4280 = EDGE_CURVE ( 'NONE', #6161, #6810, #6902, .T. ) ;
#4281 = DIRECTION ( 'NONE',  ( -0.0000000000000000000, -0.0000000000000000000, 1.000000000000000000 ) ) ;
#4282 = VECTOR ( 'NONE', #7029, 1000.000000000000100 ) ;
#4283 = CARTESIAN_POINT ( 'NONE',  ( -0.3972259098553676500, 29.19474411170192600, 11.70000000000000300 ) ) ;
#4284 = ORIENTED_EDGE ( 'NONE', *, *, #3889, .F. ) ;
#4285 = VECTOR ( 'NONE', #4895, 1000.000000000000000 ) ;
#4286 = DIRECTION ( 'NONE',  ( -0.0000000000000000000, 1.000000000000000000, 0.0000000000000000000 ) ) ;
#4287 = EDGE_CURVE ( 'NONE', #2745, #573, #2471, .T. ) ;
#4288 = VERTEX_POINT ( 'NONE', #318 ) ;
#4289 = AXIS2_PLACEMENT_3D ( 'NONE', #4005, #6749, #671 ) ;
#4290 = ADVANCED_FACE ( 'NONE', ( #1016 ), #8832, .F. ) ;
#4291 = CIRCLE ( 'NONE', #5467, 0.1999999999999980100 ) ;
#4292 = CARTESIAN_POINT ( 'NONE',  ( -5.099999999999995200, 52.79999999999999700, 10.90000000000000400 ) ) ;
#4293 = VECTOR ( 'NONE', #8234, 1000.000000000000000 ) ;
#4294 = CARTESIAN_POINT ( 'NONE',  ( -33.73576973346460800, -0.3510874706924007600, -34.20000000000001700 ) ) ;
#4295 = CARTESIAN_POINT ( 'NONE',  ( -4.600000000000000500, 0.0000000000000000000, 30.20000000000000300 ) ) ;
#4296 = EDGE_CURVE ( 'NONE', #9824, #9907, #4698, .T. ) ;
#4297 = CARTESIAN_POINT ( 'NONE',  ( 3.400000000000005200, 38.80000000000000400, -10.90000000000000400 ) ) ;
#4298 = DIRECTION ( 'NONE',  ( 0.0000000000000000000, -1.000000000000000000, 0.0000000000000000000 ) ) ;
#4299 = AXIS2_PLACEMENT_3D ( 'NONE', #6579, #1577, #7413 ) ;
#4300 = FACE_OUTER_BOUND ( 'NONE', #3049, .T. ) ;
#4301 = DIRECTION ( 'NONE',  ( 0.0000000000000000000, 0.0000000000000000000, -1.000000000000000000 ) ) ;
#4302 = VECTOR ( 'NONE', #3170, 1000.000000000000000 ) ;
#4303 = CARTESIAN_POINT ( 'NONE',  ( -8.521824659800328700, 3.400000000000022600, -30.19999999999999900 ) ) ;
#4304 = CARTESIAN_POINT ( 'NONE',  ( -5.046128955582379800, 52.79999999999999700, 10.86708516314920400 ) ) ;
#4305 = CARTESIAN_POINT ( 'NONE',  ( 3.400000000000005200, 52.79999999999999700, -10.90000000000000400 ) ) ;
#4306 = EDGE_LOOP ( 'NONE', ( #5653, #7973, #10324, #1841 ) ) ;
#4307 = PLANE ( 'NONE',  #9254 ) ;
#4308 = AXIS2_PLACEMENT_3D ( 'NONE', #6214, #1199, #7040 ) ;
#4309 = CARTESIAN_POINT ( 'NONE',  ( -0.5999999999999964300, 28.99474411167425100, 11.75358983848622600 ) ) ;
#4310 = ADVANCED_FACE ( 'NONE', ( #509 ), #9496, .T. ) ;
#4311 = EDGE_LOOP ( 'NONE', ( #7734, #3438, #6634, #4770 ) ) ;
#4312 = ORIENTED_EDGE ( 'NONE', *, *, #7767, .F. ) ;
#4313 = LINE ( 'NONE', #5381, #10401 ) ;
#4314 = CARTESIAN_POINT ( 'NONE',  ( 0.0000000000000000000, 33.79999999999999700, -8.979274057836294200 ) ) ;
#4315 = PLANE ( 'NONE',  #5382 ) ;
#4316 = VERTEX_POINT ( 'NONE', #1995 ) ;
#4317 = CARTESIAN_POINT ( 'NONE',  ( 5.400000000000005700, 50.79999999999999700, 9.400000000000002100 ) ) ;
#4318 = CARTESIAN_POINT ( 'NONE',  ( -11.19999999999999900, 50.89999999999999900, -11.30000000000000200 ) ) ;
#4319 = CARTESIAN_POINT ( 'NONE',  ( 0.5249928373630734500, 30.36283829499383600, 10.96372029346989800 ) ) ;
#4320 = LINE ( 'NONE', #774, #1816 ) ;
#4321 = VERTEX_POINT ( 'NONE', #6216 ) ;
#4322 =( GEOMETRIC_REPRESENTATION_CONTEXT ( 3 ) GLOBAL_UNCERTAINTY_ASSIGNED_CONTEXT ( ( #3931 ) ) GLOBAL_UNIT_ASSIGNED_CONTEXT ( ( #6540, #1536, #7372 ) ) REPRESENTATION_CONTEXT ( 'NONE', 'WORKASPACE' ) );
#4323 = EDGE_LOOP ( 'NONE', ( #6285, #7087, #2902, #550, #9719 ) ) ;
#4324 = ORIENTED_EDGE ( 'NONE', *, *, #1143, .F. ) ;
#4325 = B_SPLINE_CURVE_WITH_KNOTS ( 'NONE', 3,
 ( #4958, #9916, #798, #6633 ),
 .UNSPECIFIED., .F., .F.,
 ( 4, 4 ),
 ( -4.495778883716982000E-006, 0.0003775161607630029500 ),
 .UNSPECIFIED. ) ;
#4326 = CARTESIAN_POINT ( 'NONE',  ( -30.65191911206508700, -3.000000000000000900, -28.20000000000002400 ) ) ;
#4327 = ADVANCED_FACE ( 'NONE', ( #4435 ), #1169, .T. ) ;
#4328 = CIRCLE ( 'NONE', #1718, 0.4000000000000001900 ) ;
#4329 = CARTESIAN_POINT ( 'NONE',  ( -11.20000000000000100, 5.000000000000018700, -11.00000000000000400 ) ) ;
#4330 = ADVANCED_BREP_SHAPE_REPRESENTATION ( 'TOP2', ( #9806, #4561 ), #9200 ) ;
#4331 = CARTESIAN_POINT ( 'NONE',  ( -500000.0000000000600, 35.79999999999999700, 11.00000000000000200 ) ) ;
#4332 = ORIENTED_EDGE ( 'NONE', *, *, #4671, .F. ) ;
#4333 = ORIENTED_EDGE ( 'NONE', *, *, #8300, .F. ) ;
#4334 = CARTESIAN_POINT ( 'NONE',  ( 0.6017931061513104300, 31.83284772384272500, 10.11500995401180500 ) ) ;
#4335 = VERTEX_POINT ( 'NONE', #3723 ) ;
#4336 = ORIENTED_EDGE ( 'NONE', *, *, #10544, .T. ) ;
#4337 = CARTESIAN_POINT ( 'NONE',  ( -11.51538290724792400, -4.486307065990950500, -23.28461709275207200 ) ) ;
#4338 = EDGE_CURVE ( 'NONE', #3185, #4560, #258, .T. ) ;
#4339 = CARTESIAN_POINT ( 'NONE',  ( -4.599999999999997900, 3.400000000000023900, 19.80000000000000100 ) ) ;
#4340 = VERTEX_POINT ( 'NONE', #1203 ) ;
#4341 = LINE ( 'NONE', #6067, #7068 ) ;
#4342 = ORIENTED_EDGE ( 'NONE', *, *, #425, .T. ) ;
#4343 = CARTESIAN_POINT ( 'NONE',  ( 3.800000000000003800, 52.29999999999999700, 10.50000000000000400 ) ) ;
#4344 = DIRECTION ( 'NONE',  ( -0.0000000000000000000, -1.000000000000000000, -0.0000000000000000000 ) ) ;
#4345 = DIRECTION ( 'NONE',  ( -0.0000000000000000000, -1.000000000000000000, -0.0000000000000000000 ) ) ;
#4346 = ADVANCED_FACE ( 'NONE', ( #6630 ), #9529, .T. ) ;
#4347 = CARTESIAN_POINT ( 'NONE',  ( -44.45135385998504100, 52.81990284774145300, -3.888989541128226700 ) ) ;
#4348 = ORIENTED_EDGE ( 'NONE', *, *, #2772, .F. ) ;
#4349 = ORIENTED_EDGE ( 'NONE', *, *, #3590, .F. ) ;
#4350 = CARTESIAN_POINT ( 'NONE',  ( -4.599999999999994300, 38.80000000000000400, 9.800000000000000700 ) ) ;
#4351 = ORIENTED_EDGE ( 'NONE', *, *, #8622, .F. ) ;
#4352 = EDGE_CURVE ( 'NONE', #6949, #6299, #4, .T. ) ;
#4353 = EDGE_CURVE ( 'NONE', #6234, #6056, #8565, .T. ) ;
#4354 = VECTOR ( 'NONE', #3815, 1000.000000000000000 ) ;
#4355 = AXIS2_PLACEMENT_3D ( 'NONE', #329, #6146, #10260 ) ;
#4356 = DIRECTION ( 'NONE',  ( -0.0000000000000000000, 1.000000000000000000, -0.0000000000000000000 ) ) ;
#4357 = DIRECTION ( 'NONE',  ( 0.0000000000000000000, -1.000000000000000000, 0.0000000000000000000 ) ) ;
#4358 = ORIENTED_EDGE ( 'NONE', *, *, #1115, .F. ) ;
#4359 = DIRECTION ( 'NONE',  ( 0.0000000000000000000, 0.0000000000000000000, 1.000000000000000000 ) ) ;
#4361 = VERTEX_POINT ( 'NONE', #10397 ) ;
#4360 = CARTESIAN_POINT ( 'NONE',  ( -500000.0000000000600, 30.30000000000000800, 10.99999999978315800 ) ) ;
#4362 = ORIENTED_EDGE ( 'NONE', *, *, #3989, .T. ) ;
#4363 = CARTESIAN_POINT ( 'NONE',  ( -0.6000000000170092600, 34.19206584109581100, 9.300000000000000700 ) ) ;
#4364 = CARTESIAN_POINT ( 'NONE',  ( 21.30010232258808900, -3.000000000000000000, -11.38650196173768100 ) ) ;
#4365 = CARTESIAN_POINT ( 'NONE',  ( 7.436758775517181300, 3.000000000000000000, -12.15470053837925600 ) ) ;
#4366 = CARTESIAN_POINT ( 'NONE',  ( 0.5313708498984806000, 36.79999999999999700, 10.90000000000000400 ) ) ;
#4367 = FACE_OUTER_BOUND ( 'NONE', #2230, .T. ) ;
#4368 = EDGE_CURVE ( 'NONE', #1176, #8912, #10519, .T. ) ;
#4369 =( BOUNDED_CURVE ( )  B_SPLINE_CURVE ( 3, ( #629, #5706, #2358, #7679 ),
 .UNSPECIFIED., .F., .F. ) 
 B_SPLINE_CURVE_WITH_KNOTS ( ( 4, 4 ),
 ( 0.0000000000000000000, 0.05862310907775038900 ),
 .UNSPECIFIED. ) 
 CURVE ( )  GEOMETRIC_REPRESENTATION_ITEM ( )  RATIONAL_B_SPLINE_CURVE ( ( 1.000000000000000000, 0.9997136314275932900, 0.9997136314275932900, 1.000000000000000000 ) ) 
 REPRESENTATION_ITEM ( '' )  );
#4370 = EDGE_LOOP ( 'NONE', ( #7071, #10213, #1142, #9669, #7131, #8198, #4652, #3824 ) ) ;
#4371 = ORIENTED_EDGE ( 'NONE', *, *, #49, .F. ) ;
#4372 = EDGE_LOOP ( 'NONE', ( #2961, #481, #8643, #2238 ) ) ;
#4373 = EDGE_LOOP ( 'NONE', ( #9384, #4813, #1710, #10153 ) ) ;
#4374 = EDGE_CURVE ( 'NONE', #2992, #4646, #1915, .T. ) ;
#4375 = CARTESIAN_POINT ( 'NONE',  ( -4.199999999999996600, 5.000000000000018700, 11.00000000000000200 ) ) ;
#4376 = AXIS2_PLACEMENT_3D ( 'NONE', #1012, #234, #6062 ) ;
#4377 = DIRECTION ( 'NONE',  ( 0.0000000000000000000, 0.0000000000000000000, -1.000000000000000000 ) ) ;
#4378 = CARTESIAN_POINT ( 'NONE',  ( 13.97128129211022000, -3.000000000000000000, -34.10000000000002300 ) ) ;
#4379 = DIRECTION ( 'NONE',  ( 0.0000000000000000000, 0.0000000000000000000, -1.000000000000000000 ) ) ;
#4380 = CARTESIAN_POINT ( 'NONE',  ( 3.400000000000005200, 51.92838805007090700, -10.90000000000000400 ) ) ;
#4381 = CARTESIAN_POINT ( 'NONE',  ( 0.6218884791974892400, 33.58335921322451900, 9.104351674398577300 ) ) ;
#4382 = CARTESIAN_POINT ( 'NONE',  ( -21.13570691371649000, 0.0000000000000000000, 44.17608606896528300 ) ) ;
#4383 = FACE_OUTER_BOUND ( 'NONE', #9376, .T. ) ;
#4384 = AXIS2_PLACEMENT_3D ( 'NONE', #9942, #1655, #2493 ) ;
#4385 = ORIENTED_EDGE ( 'NONE', *, *, #8779, .F. ) ;
#4386 = ORIENTED_EDGE ( 'NONE', *, *, #3976, .T. ) ;
#4387 = EDGE_LOOP ( 'NONE', ( #3748, #7333, #2995, #680, #10375, #3362 ) ) ;
#4388 = ORIENTED_EDGE ( 'NONE', *, *, #9994, .T. ) ;
#4389 = CARTESIAN_POINT ( 'NONE',  ( -6.599999999999992500, 50.10717967697243600, -9.400000000000003900 ) ) ;
#4390 = DIRECTION ( 'NONE',  ( 0.0000000000000000000, -1.000000000000000000, 0.0000000000000000000 ) ) ;
#4391 = DIRECTION ( 'NONE',  ( -1.000000000000000000, 4.818676322157793400E-016, 0.0000000000000000000 ) ) ;
#4392 = CARTESIAN_POINT ( 'NONE',  ( -11.19999999999999900, 50.79999999999999700, -6.641154273188021800 ) ) ;
#4393 = CIRCLE ( 'NONE', #7045, 11.00000000000000400 ) ;
#4394 = PLANE ( 'NONE',  #4376 ) ;
#4395 = CARTESIAN_POINT ( 'NONE',  ( 3.400000000000005200, 38.80000000000000400, -9.800000000000002500 ) ) ;
#4396 = VECTOR ( 'NONE', #243, 1000.000000000000000 ) ;
#4397 = CARTESIAN_POINT ( 'NONE',  ( 7.436758775517178700, 3.000000000000000400, -12.15470053837925600 ) ) ;
#4398 = FACE_OUTER_BOUND ( 'NONE', #3439, .T. ) ;
#4399 = EDGE_CURVE ( 'NONE', #9380, #149, #4163, .T. ) ;
#4400 = VERTEX_POINT ( 'NONE', #4655 ) ;
#4401 = VECTOR ( 'NONE', #3629, 1000.000000000000000 ) ;
#4402 = DIRECTION ( 'NONE',  ( 1.000000000000000000, -0.0000000000000000000, 1.668003342285392000E-016 ) ) ;
#4403 = LINE ( 'NONE', #1889, #2149 ) ;
#4404 = CARTESIAN_POINT ( 'NONE',  ( -2.269872981077799800, -3.000000000000000000, -17.80000000000000400 ) ) ;
#4405 = VECTOR ( 'NONE', #357, 1000.000000000000000 ) ;
#4406 = DIRECTION ( 'NONE',  ( -0.0000000000000000000, -1.000000000000000000, -0.0000000000000000000 ) ) ;
#4407 = DIRECTION ( 'NONE',  ( -3.755786496842883800E-016, 0.5000000000000046600, 0.8660254037844359300 ) ) ;
#4408 = CARTESIAN_POINT ( 'NONE',  ( -44.22702436849784400, -1.500000000000000000, 33.60000000000001600 ) ) ;
#4409 = DIRECTION ( 'NONE',  ( 0.0000000000000000000, -1.000000000000000000, 0.0000000000000000000 ) ) ;
#4410 = CARTESIAN_POINT ( 'NONE',  ( -6.689089636265054000, 4.999999999999998200, -29.61764762517408700 ) ) ;
#4411 = ORIENTED_EDGE ( 'NONE', *, *, #1416, .F. ) ;
#4412 = ADVANCED_FACE ( 'NONE', ( #10241 ), #3630, .T. ) ;
#4413 = CIRCLE ( 'NONE', #8301, 0.4771236166328258200 ) ;
#4414 = ORIENTED_EDGE ( 'NONE', *, *, #5538, .F. ) ;
#4415 = VERTEX_POINT ( 'NONE', #7149 ) ;
#4416 = VECTOR ( 'NONE', #1185, 1000.000000000000000 ) ;
#4417 = CARTESIAN_POINT ( 'NONE',  ( 0.1085545666458262000, 33.79999999999999700, -8.954700538379274400 ) ) ;
#4418 = CARTESIAN_POINT ( 'NONE',  ( -35.19561662984588000, 5.000000000000000000, 0.1323777786542460800 ) ) ;
#4419 = CARTESIAN_POINT ( 'NONE',  ( 3.400000000000005200, 52.29999999999999700, -10.90000000000000400 ) ) ;
#4420 = CARTESIAN_POINT ( 'NONE',  ( -9.799999999999993600, 50.10717967697243600, 9.841154273188022800 ) ) ;
#4421 = EDGE_CURVE ( 'NONE', #3963, #452, #9408, .T. ) ;
#4422 = ORIENTED_EDGE ( 'NONE', *, *, #7525, .F. ) ;
#4423 = LINE ( 'NONE', #9415, #2171 ) ;
#4424 = ORIENTED_EDGE ( 'NONE', *, *, #1198, .T. ) ;
#4425 = CARTESIAN_POINT ( 'NONE',  ( -35.19587300007701500, 3.400021911033896500, -0.1243944217573579600 ) ) ;
#4426 = DIRECTION ( 'NONE',  ( -1.000000000000000000, -0.0000000000000000000, -0.0000000000000000000 ) ) ;
#4427 = EDGE_CURVE ( 'NONE', #10586, #9497, #4436, .T. ) ;
#4428 = CARTESIAN_POINT ( 'NONE',  ( -6.599999999999994300, 36.79999999999999700, -9.800000000000002500 ) ) ;
#4429 = ORIENTED_EDGE ( 'NONE', *, *, #3577, .F. ) ;
#4430 = DIRECTION ( 'NONE',  ( -1.000000000000000000, 0.0000000000000000000, 0.0000000000000000000 ) ) ;
#4431 = DIRECTION ( 'NONE',  ( -0.8303590066861545900, 0.0000000000000000000, -0.5572287860611497800 ) ) ;
#4432 = ORIENTED_EDGE ( 'NONE', *, *, #3797, .T. ) ;
#4433 = CARTESIAN_POINT ( 'NONE',  ( -2.599999999999990800, 34.55000000000000400, 14.60000000000000100 ) ) ;
#4434 = FACE_OUTER_BOUND ( 'NONE', #1820, .T. ) ;
#4435 = FACE_OUTER_BOUND ( 'NONE', #6954, .T. ) ;
#4436 =( BOUNDED_CURVE ( )  B_SPLINE_CURVE ( 3, ( #10471, #4693, #1311, #5532 ),
 .UNSPECIFIED., .F., .F. ) 
 B_SPLINE_CURVE_WITH_KNOTS ( ( 4, 4 ),
 ( 6.224562198101836900, 6.283185307179586200 ),
 .UNSPECIFIED. ) 
 CURVE ( )  GEOMETRIC_REPRESENTATION_ITEM ( )  RATIONAL_B_SPLINE_CURVE ( ( 1.000000000000000000, 0.9997136314275932900, 0.9997136314275932900, 1.000000000000000000 ) ) 
 REPRESENTATION_ITEM ( '' )  );
#4437 = DIRECTION ( 'NONE',  ( 1.000000000000000000, 0.0000000000000000000, 0.0000000000000000000 ) ) ;
#4438 = CARTESIAN_POINT ( 'NONE',  ( 0.5313708498984806000, 50.79999999999999700, 10.90000000000000400 ) ) ;
#4439 = EDGE_CURVE ( 'NONE', #2376, #6522, #5858, .T. ) ;
#4440 = DIRECTION ( 'NONE',  ( -1.000000000000000000, -0.0000000000000000000, -0.0000000000000000000 ) ) ;
#4441 = DIRECTION ( 'NONE',  ( 1.000000000000000000, 0.0000000000000000000, -0.0000000000000000000 ) ) ;
#4442 = DIRECTION ( 'NONE',  ( -0.9396926207859096500, -0.3420201433256652700, -2.351115648287724200E-016 ) ) ;
#4443 = DIRECTION ( 'NONE',  ( -0.0000000000000000000, -1.000000000000000000, -0.0000000000000000000 ) ) ;
#4444 = DIRECTION ( 'NONE',  ( 1.000000000000000000, 0.0000000000000000000, 0.0000000000000000000 ) ) ;
#4445 = EDGE_CURVE ( 'NONE', #2913, #5156, #6119, .T. ) ;
#4446 = ORIENTED_EDGE ( 'NONE', *, *, #4909, .T. ) ;
#4447 = AXIS2_PLACEMENT_3D ( 'NONE', #3385, #9212, #4251 ) ;
#4448 = VECTOR ( 'NONE', #2049, 1000.000000000000000 ) ;
#4449 = ORIENTED_EDGE ( 'NONE', *, *, #4661, .F. ) ;
#4450 = ORIENTED_EDGE ( 'NONE', *, *, #5342, .T. ) ;
#4451 = ORIENTED_EDGE ( 'NONE', *, *, #2499, .T. ) ;
#4452 = CARTESIAN_POINT ( 'NONE',  ( 0.0000000000000000000, 0.0000000000000000000, 7.800000000000001600 ) ) ;
#4453 = DIRECTION ( 'NONE',  ( 0.0000000000000000000, 0.0000000000000000000, 1.000000000000000000 ) ) ;
#4454 = VECTOR ( 'NONE', #5917, 1000.000000000000000 ) ;
#4455 = DIRECTION ( 'NONE',  ( 0.0000000000000000000, -0.8660254037844383700, -0.5000000000000006700 ) ) ;
#4456 = EDGE_CURVE ( 'NONE', #3303, #9492, #1409, .T. ) ;
#4457 = CYLINDRICAL_SURFACE ( 'NONE', #1132, 1.199999999999999700 ) ;
#4458 = CARTESIAN_POINT ( 'NONE',  ( -11.20000000000000300, 52.79999999999999700, 14.41764762517407800 ) ) ;
#4459 = ORIENTED_EDGE ( 'NONE', *, *, #4076, .T. ) ;
#4460 = ORIENTED_EDGE ( 'NONE', *, *, #1334, .F. ) ;
#4461 = EDGE_CURVE ( 'NONE', #2393, #7050, #5601, .T. ) ;
#4462 = CARTESIAN_POINT ( 'NONE',  ( 11.20000000000000300, 50.79999999999999700, 9.841154273188022800 ) ) ;
#4463 = CARTESIAN_POINT ( 'NONE',  ( -4.599999999999994300, 51.86052635461285100, -10.90000000000000400 ) ) ;
#4464 = CIRCLE ( 'NONE', #3903, 11.00000000000000400 ) ;
#4465 = CARTESIAN_POINT ( 'NONE',  ( 3.456788388810184900, 52.51846231942317900, 10.76666666666667100 ) ) ;
#4466 = ADVANCED_FACE ( 'NONE', ( #5354 ), #1393, .T. ) ;
#4467 =( BOUNDED_CURVE ( )  B_SPLINE_CURVE ( 3, ( #4425, #1042, #5269, #264 ),
 .UNSPECIFIED., .F., .T. ) 
 B_SPLINE_CURVE_WITH_KNOTS ( ( 4, 4 ),
 ( 3.110489033270355600, 3.141592653589969400 ),
 .UNSPECIFIED. ) 
 CURVE ( )  GEOMETRIC_REPRESENTATION_ITEM ( )  RATIONAL_B_SPLINE_CURVE ( ( 1.000000000000000000, 0.9999193820251179900, 0.9999193820251179900, 1.000000000000000000 ) ) 
 REPRESENTATION_ITEM ( '' )  );
#4468 = CARTESIAN_POINT ( 'NONE',  ( 7.069872981077832500, -3.000000000000000000, 17.80000000000000400 ) ) ;
#4469 = ORIENTED_EDGE ( 'NONE', *, *, #380, .F. ) ;
#4470 = ORIENTED_EDGE ( 'NONE', *, *, #8598, .T. ) ;
#4471 = VECTOR ( 'NONE', #7917, 1000.000000000000000 ) ;
#4472 = VERTEX_POINT ( 'NONE', #9707 ) ;
#4473 = CARTESIAN_POINT ( 'NONE',  ( 14.17142857142857300, 3.576326980708486800, 12.65585288492632700 ) ) ;
#4474 = ORIENTED_EDGE ( 'NONE', *, *, #7416, .T. ) ;
#4475 = CARTESIAN_POINT ( 'NONE',  ( -6.599999999999993400, -3.000000000000000000, -23.86987298107783000 ) ) ;
#4476 = CARTESIAN_POINT ( 'NONE',  ( -4.199999999999996600, 52.79999999999999700, 11.00000000000000200 ) ) ;
#4477 = CARTESIAN_POINT ( 'NONE',  ( 22.14394809929214600, -2.000000000000000000, 1.109053650640951000 ) ) ;
#4478 = CARTESIAN_POINT ( 'NONE',  ( -11.20000000000000100, 52.79999999999999700, -13.00000000000000400 ) ) ;
#4479 = DIRECTION ( 'NONE',  ( 0.0000000000000000000, -0.0000000000000000000, 1.000000000000000000 ) ) ;
#4480 = CARTESIAN_POINT ( 'NONE',  ( -1.349999999999996100, 30.80000000000000400, -13.00000000000000400 ) ) ;
#4481 = AXIS2_PLACEMENT_3D ( 'NONE', #1133, #8811, #313 ) ;
#4482 = LINE ( 'NONE', #1341, #9130 ) ;
#4483 = ORIENTED_EDGE ( 'NONE', *, *, #6409, .F. ) ;
#4484 = ORIENTED_EDGE ( 'NONE', *, *, #2256, .F. ) ;
#4485 = ORIENTED_EDGE ( 'NONE', *, *, #10618, .F. ) ;
#4486 = DIRECTION ( 'NONE',  ( 1.000000000000000000, 0.0000000000000000000, 0.0000000000000000000 ) ) ;
#4487 = CARTESIAN_POINT ( 'NONE',  ( -8.599999999999999600, 3.400000000000023900, 30.20000000000000300 ) ) ;
#4488 = CARTESIAN_POINT ( 'NONE',  ( -11.20000000000000100, 50.10717967697243600, -9.841154273188022800 ) ) ;
#4489 = LINE ( 'NONE', #5707, #8360 ) ;
#4490 = CARTESIAN_POINT ( 'NONE',  ( -33.19808935147747800, -4.422119774495447700, 24.83423736471659600 ) ) ;
#4491 = DIRECTION ( 'NONE',  ( -1.000000000000000000, 0.0000000000000000000, -2.344220913482171200E-016 ) ) ;
#4492 = EDGE_CURVE ( 'NONE', #6565, #4968, #1147, .T. ) ;
#4493 = ORIENTED_EDGE ( 'NONE', *, *, #8135, .F. ) ;
#4494 = VERTEX_POINT ( 'NONE', #10551 ) ;
#4495 = CARTESIAN_POINT ( 'NONE',  ( -1.248811320911102900, 33.79999999999999700, 8.979274057836304800 ) ) ;
#4496 = CARTESIAN_POINT ( 'NONE',  ( -4.599999999999993400, 52.29999999999999700, -10.90000000000000400 ) ) ;
#4497 = CARTESIAN_POINT ( 'NONE',  ( -6.599999999999993400, 20.74968880069896200, -10.90000000000000400 ) ) ;
#4498 = FACE_OUTER_BOUND ( 'NONE', #9966, .T. ) ;
#4499 = CARTESIAN_POINT ( 'NONE',  ( -7.930937953990000900, 35.03045690111044100, -8.244295915296920200 ) ) ;
#4500 = VERTEX_POINT ( 'NONE', #593 ) ;
#4501 = EDGE_CURVE ( 'NONE', #6694, #9411, #9470, .T. ) ;
#4502 = ORIENTED_EDGE ( 'NONE', *, *, #7628, .T. ) ;
#4503 = ORIENTED_EDGE ( 'NONE', *, *, #3361, .F. ) ;
#4504 = EDGE_CURVE ( 'NONE', #3503, #8844, #879, .T. ) ;
#4505 = AXIS2_PLACEMENT_3D ( 'NONE', #4088, #4232, #8694 ) ;
#4506 = DIRECTION ( 'NONE',  ( 0.0000000000000000000, 0.0000000000000000000, -1.000000000000000000 ) ) ;
#4507 = DIRECTION ( 'NONE',  ( -0.8303590066861545900, -0.0000000000000000000, -0.5572287860611497800 ) ) ;
#4508 = CONICAL_SURFACE ( 'NONE', #2053, 3.158845726811987800, 0.5235987755983025900 ) ;
#4509 = CARTESIAN_POINT ( 'NONE',  ( -11.20000000000000100, 48.10000000000002300, 11.00000000000000400 ) ) ;
#4510 = ORIENTED_EDGE ( 'NONE', *, *, #4217, .T. ) ;
#4511 = DIRECTION ( 'NONE',  ( 0.0000000000000000000, 0.0000000000000000000, -1.000000000000000000 ) ) ;
#4512 = VERTEX_POINT ( 'NONE', #3946 ) ;
#4513 = CARTESIAN_POINT ( 'NONE',  ( 3.541629815862962900, 51.98501149755845300, 10.76666666666666900 ) ) ;
#4514 = ORIENTED_EDGE ( 'NONE', *, *, #6684, .T. ) ;
#4515 = DIRECTION ( 'NONE',  ( 2.276234240510840100E-016, 0.5000000000000035500, 0.8660254037844366000 ) ) ;
#4516 = COLOUR_RGB ( '',0.8823529411764705600, 0.1843137254901960900, 0.1843137254901960900 ) ;
#4517 = ADVANCED_FACE ( 'NONE', ( #3093 ), #9742, .F. ) ;
#4518 = ORIENTED_EDGE ( 'NONE', *, *, #7201, .T. ) ;
#4519 = EDGE_CURVE ( 'NONE', #2913, #6161, #2832, .T. ) ;
#4520 = CIRCLE ( 'NONE', #8325, 0.4771236166328253800 ) ;
#4521 = VECTOR ( 'NONE', #8601, 1000.000000000000000 ) ;
#4522 = AXIS2_PLACEMENT_3D ( 'NONE', #298, #6125, #1114 ) ;
#4523 = ORIENTED_EDGE ( 'NONE', *, *, #7470, .T. ) ;
#4524 = DIRECTION ( 'NONE',  ( 0.0000000000000000000, 1.000000000000000000, 0.0000000000000000000 ) ) ;
#4525 = CARTESIAN_POINT ( 'NONE',  ( -20.03651469935340800, 8.893533536907622100, 15.55976251895420700 ) ) ;
#4526 = CARTESIAN_POINT ( 'NONE',  ( -4.598282157597504100, 3.395280266788988800, 20.74141046318840500 ) ) ;
#4527 = LINE ( 'NONE', #3142, #6465 ) ;
#4528 = LINE ( 'NONE', #3908, #10610 ) ;
#4529 = LINE ( 'NONE', #737, #4256 ) ;
#4530 = AXIS2_PLACEMENT_3D ( 'NONE', #3202, #9035, #6503 ) ;
#4531 = FACE_OUTER_BOUND ( 'NONE', #7762, .T. ) ;
#4532 = CARTESIAN_POINT ( 'NONE',  ( -0.7047619873687678300, 33.86491920525386200, 9.299914947904884600 ) ) ;
#4533 = CARTESIAN_POINT ( 'NONE',  ( -6.599999999999993400, 50.89999999999999900, -10.90000000000000400 ) ) ;
#4534 = DIRECTION ( 'NONE',  ( -0.0000000000000000000, -0.0000000000000000000, -1.000000000000000000 ) ) ;
#4535 = DIRECTION ( 'NONE',  ( 0.0000000000000000000, 0.0000000000000000000, -1.000000000000000000 ) ) ;
#4536 = LINE ( 'NONE', #10515, #101 ) ;
#4537 = ORIENTED_EDGE ( 'NONE', *, *, #6572, .T. ) ;
#4538 = CIRCLE ( 'NONE', #8193, 1.199999999999999700 ) ;
#4539 = ORIENTED_EDGE ( 'NONE', *, *, #1895, .F. ) ;
#4540 = CARTESIAN_POINT ( 'NONE',  ( -5.099999999999995200, 52.29999999999999700, 10.50000000000000400 ) ) ;
#4541 = AXIS2_PLACEMENT_3D ( 'NONE', #4378, #1862, #7714 ) ;
#4542 = DIRECTION ( 'NONE',  ( 0.0000000000000000000, -0.9396926207859090900, -0.3420201433256668300 ) ) ;
#4543 = CARTESIAN_POINT ( 'NONE',  ( 5.400000000000005700, 52.79999999999999700, 6.858022075225178600E-016 ) ) ;
#4544 = CARTESIAN_POINT ( 'NONE',  ( -11.19999999999999800, 50.79999999999999700, 9.841154273188021100 ) ) ;
#4545 = CARTESIAN_POINT ( 'NONE',  ( 8.149787678622887600, 7.497702772976437800, -18.30855816176653100 ) ) ;
#4546 = LINE ( 'NONE', #8065, #8688 ) ;
#4547 = CARTESIAN_POINT ( 'NONE',  ( -10.06410161513777800, 3.000000000000000400, 20.40577136594004400 ) ) ;
#4548 = DIRECTION ( 'NONE',  ( 0.0000000000000000000, 1.000000000000000000, 0.0000000000000000000 ) ) ;
#4549 = FACE_OUTER_BOUND ( 'NONE', #3833, .T. ) ;
#4550 = CARTESIAN_POINT ( 'NONE',  ( 0.2562820913946907700, 49.69047578855433000, 9.799999999999998900 ) ) ;
#4551 = CARTESIAN_POINT ( 'NONE',  ( 13.97128129211022000, -3.000000000000000000, 34.10000000000000900 ) ) ;
#4552 = VERTEX_POINT ( 'NONE', #1455 ) ;
#4553 = EDGE_CURVE ( 'NONE', #8797, #2815, #299, .T. ) ;
#4554 = LINE ( 'NONE', #6200, #4282 ) ;
#4555 = VECTOR ( 'NONE', #2435, 1000.000000000000000 ) ;
#4556 = CARTESIAN_POINT ( 'NONE',  ( 13.40000000000000000, 5.000000000000000000, 13.62938002992065600 ) ) ;
#4557 = CARTESIAN_POINT ( 'NONE',  ( -6.024909612863052800, -2.035235989355319600, 33.70072087980815900 ) ) ;
#4558 = DIRECTION ( 'NONE',  ( 1.000000000000000000, 0.0000000000000000000, -2.628368902995160100E-016 ) ) ;
#4559 = CARTESIAN_POINT ( 'NONE',  ( 14.17142857142857300, 0.0000000000000000000, 12.65585288492632700 ) ) ;
#4560 = VERTEX_POINT ( 'NONE', #6494 ) ;
#4561 = AXIS2_PLACEMENT_3D ( 'NONE', #3001, #7245, #2242 ) ;
#4562 = EDGE_CURVE ( 'NONE', #4174, #1906, #631, .T. ) ;
#4563 = FACE_OUTER_BOUND ( 'NONE', #8286, .T. ) ;
#4564 = VECTOR ( 'NONE', #10699, 1000.000000000000000 ) ;
#4565 = CARTESIAN_POINT ( 'NONE',  ( -0.2056091749991524300, 34.20067363164729800, 9.365556689654910700 ) ) ;
#4566 = CARTESIAN_POINT ( 'NONE',  ( -1.023714835993930500, 29.19474411167425400, 11.70000000000000100 ) ) ;
#4567 = EDGE_CURVE ( 'NONE', #10531, #8931, #7016, .T. ) ;
#4568 = CARTESIAN_POINT ( 'NONE',  ( -9.358845726811972900, 50.10717967697243600, -9.400000000000002100 ) ) ;
#4569 = DIRECTION ( 'NONE',  ( 0.8627299156628249800, 0.4999999999999924500, -0.07547908730517731400 ) ) ;
#4570 = ADVANCED_FACE ( 'NONE', ( #6759 ), #8988, .T. ) ;
#4571 = ORIENTED_EDGE ( 'NONE', *, *, #9002, .F. ) ;
#4572 = ORIENTED_EDGE ( 'NONE', *, *, #2997, .T. ) ;
#4573 = AXIS2_PLACEMENT_3D ( 'NONE', #8923, #9743, #4810 ) ;
#4574 = B_SPLINE_CURVE_WITH_KNOTS ( 'NONE', 3,
 ( #6307, #4641, #2132, #7964 ),
 .UNSPECIFIED., .F., .F.,
 ( 4, 4 ),
 ( 1.601686258676948300E-017, 0.0004628407704379767700 ),
 .UNSPECIFIED. ) ;
#4575 = FACE_OUTER_BOUND ( 'NONE', #9732, .T. ) ;
#4576 = CYLINDRICAL_SURFACE ( 'NONE', #10607, 2.758845726811981300 ) ;
#4577 = DIRECTION ( 'NONE',  ( 0.0000000000000000000, 1.000000000000000000, 0.0000000000000000000 ) ) ;
#4578 = EDGE_CURVE ( 'NONE', #4687, #8401, #379, .T. ) ;
#4579 = ORIENTED_EDGE ( 'NONE', *, *, #3199, .T. ) ;
#4580 = CARTESIAN_POINT ( 'NONE',  ( -4.599999999999996100, 52.79999999999999700, 11.30000000000000400 ) ) ;
#4581 = DIRECTION ( 'NONE',  ( 0.0000000000000000000, -1.000000000000000000, 0.0000000000000000000 ) ) ;
#4582 = VERTEX_POINT ( 'NONE', #1492 ) ;
#4583 = CARTESIAN_POINT ( 'NONE',  ( 3.399999999999994600, 52.14886691080377500, 10.90000000000001500 ) ) ;
#4584 = CARTESIAN_POINT ( 'NONE',  ( 0.1500000000000043500, 36.80000000000000400, -12.60000000000000300 ) ) ;
#4585 = EDGE_CURVE ( 'NONE', #3716, #6901, #2320, .T. ) ;
#4586 = ORIENTED_EDGE ( 'NONE', *, *, #4427, .T. ) ;
#4587 = AXIS2_PLACEMENT_3D ( 'NONE', #4017, #4863, #10653 ) ;
#4588 = CIRCLE ( 'NONE', #5936, 0.3999999999999993000 ) ;
#4589 = FACE_OUTER_BOUND ( 'NONE', #3535, .T. ) ;
#4590 = CARTESIAN_POINT ( 'NONE',  ( 5.400000000000005700, 33.79999999999999700, 9.400000000000002100 ) ) ;
#4591 = CARTESIAN_POINT ( 'NONE',  ( 3.400000000000005200, 52.79999999999999700, -10.90000000000000400 ) ) ;
#4592 = CARTESIAN_POINT ( 'NONE',  ( 3.900000000000003900, 52.29999999999999700, 10.76666666666667100 ) ) ;
#4593 = CARTESIAN_POINT ( 'NONE',  ( -4.599999999999997900, 33.80000000000000400, -12.60000000000000300 ) ) ;
#4594 = ORIENTED_EDGE ( 'NONE', *, *, #10523, .T. ) ;
#4595 = ORIENTED_EDGE ( 'NONE', *, *, #8639, .F. ) ;
#4596 = CARTESIAN_POINT ( 'NONE',  ( 3.846128955582674100, 52.79999999999999700, -10.86708516314871200 ) ) ;
#4597 = VERTEX_POINT ( 'NONE', #9853 ) ;
#4598 = LINE ( 'NONE', #1724, #8740 ) ;
#4599 = VERTEX_POINT ( 'NONE', #9025 ) ;
#4600 = EDGE_CURVE ( 'NONE', #2458, #3970, #6498, .T. ) ;
#4601 = DIRECTION ( 'NONE',  ( 1.000000000000000000, 0.0000000000000000000, 0.0000000000000000000 ) ) ;
#4602 = CARTESIAN_POINT ( 'NONE',  ( -5.182352374825900800, 5.000000000000000000, -25.85887714203045500 ) ) ;
#4603 = CARTESIAN_POINT ( 'NONE',  ( 11.20000000000000100, 48.10000000000002300, -11.00000000000000400 ) ) ;
#4604 = VERTEX_POINT ( 'NONE', #10691 ) ;
#4605 = CARTESIAN_POINT ( 'NONE',  ( -33.73576973346460100, -2.648912529308669500, 34.20000000000000300 ) ) ;
#4606 = AXIS2_PLACEMENT_3D ( 'NONE', #9818, #4864, #10656 ) ;
#4607 = ORIENTED_EDGE ( 'NONE', *, *, #7771, .T. ) ;
#4608 = CARTESIAN_POINT ( 'NONE',  ( 0.1689346443117211200, 33.79999999999999700, 8.979274057836304800 ) ) ;
#4609 = DIRECTION ( 'NONE',  ( -0.0000000000000000000, -0.3420201433256724900, -0.9396926207859069800 ) ) ;
#4610 = VERTEX_POINT ( 'NONE', #5741 ) ;
#4611 = TOROIDAL_SURFACE ( 'NONE', #1018, 0.6656854249492388800, 0.2000000000000000100 ) ;
#4612 = CARTESIAN_POINT ( 'NONE',  ( 3.900000000000005200, 52.29999999999999700, -10.76666666666666900 ) ) ;
#4613 = CARTESIAN_POINT ( 'NONE',  ( -35.19780771448755300, 3.400363229070559400, 7.121509440834603300E-014 ) ) ;
#4614 = ORIENTED_EDGE ( 'NONE', *, *, #4519, .F. ) ;
#4615 = CARTESIAN_POINT ( 'NONE',  ( -8.199999999999992200, 31.44790229634290000, 10.33725830020305000 ) ) ;
#4616 = EDGE_LOOP ( 'NONE', ( #8017, #1213, #6423, #8974 ) ) ;
#4617 = EDGE_LOOP ( 'NONE', ( #6829, #6987, #1141, #8731, #1270, #10707, #10604, #9045 ) ) ;
#4618 = CARTESIAN_POINT ( 'NONE',  ( -4.599999999999996100, 52.79999999999999700, 13.00000000000000200 ) ) ;
#4619 = CARTESIAN_POINT ( 'NONE',  ( 3.693224404548083800, 3.063344093086116900, 14.29932665566738200 ) ) ;
#4620 = ADVANCED_FACE ( 'NONE', ( #2045 ), #10637, .F. ) ;
#4621 = FACE_OUTER_BOUND ( 'NONE', #8820, .T. ) ;
#4622 = ORIENTED_EDGE ( 'NONE', *, *, #377, .T. ) ;
#4623 = ORIENTED_EDGE ( 'NONE', *, *, #4063, .T. ) ;
#4624 = VERTEX_POINT ( 'NONE', #4094 ) ;
#4625 = ORIENTED_EDGE ( 'NONE', *, *, #2920, .T. ) ;
#4626 = EDGE_CURVE ( 'NONE', #7842, #9169, #8960, .T. ) ;
#4627 = DIRECTION ( 'NONE',  ( 1.000000000000000000, 0.0000000000000000000, 0.0000000000000000000 ) ) ;
#4628 = CARTESIAN_POINT ( 'NONE',  ( -1.107594240914133900, 33.34564811114496800, 9.241594243171370200 ) ) ;
#4629 = CARTESIAN_POINT ( 'NONE',  ( -4.598282157597504100, 3.395280266788988800, 20.74141046318840500 ) ) ;
#4630 = DIRECTION ( 'NONE',  ( -1.000000000000000000, 0.0000000000000000000, 0.0000000000000000000 ) ) ;
#4631 = EDGE_CURVE ( 'NONE', #7083, #4361, #8700, .T. ) ;
#4632 = CIRCLE ( 'NONE', #9314, 1.199999999999999700 ) ;
#4633 = ORIENTED_EDGE ( 'NONE', *, *, #6222, .F. ) ;
#4634 = VERTEX_POINT ( 'NONE', #1594 ) ;
#4635 = VERTEX_POINT ( 'NONE', #6605 ) ;
#4636 = ORIENTED_EDGE ( 'NONE', *, *, #2714, .F. ) ;
#4637 = CARTESIAN_POINT ( 'NONE',  ( 5.400000000000003900, 52.81990284774145300, 11.30000000000000400 ) ) ;
#4638 = DIRECTION ( 'NONE',  ( -0.0000000000000000000, 1.000000000000000000, -0.0000000000000000000 ) ) ;
#4639 = DIRECTION ( 'NONE',  ( -1.000000000000000000, 0.0000000000000000000, 0.0000000000000000000 ) ) ;
#4640 = FACE_OUTER_BOUND ( 'NONE', #6419, .T. ) ;
#4641 = CARTESIAN_POINT ( 'NONE',  ( 22.12839369954265600, -1.972094009250164600, -1.262541755996013000 ) ) ;
#4642 = CARTESIAN_POINT ( 'NONE',  ( 5.800000000000003400, 52.79999999999999700, 14.41764762517408200 ) ) ;
#4643 = FACE_OUTER_BOUND ( 'NONE', #193, .T. ) ;
#4644 = EDGE_CURVE ( 'NONE', #4597, #6058, #6246, .T. ) ;
#4645 = EDGE_LOOP ( 'NONE', ( #7741, #3810, #1372, #77 ) ) ;
#4646 = VERTEX_POINT ( 'NONE', #5779 ) ;
#4647 = ORIENTED_EDGE ( 'NONE', *, *, #6561, .T. ) ;
#4648 = EDGE_CURVE ( 'NONE', #4751, #543, #10366, .T. ) ;
#4649 = CARTESIAN_POINT ( 'NONE',  ( 8.600000000000005000, 50.79999999999999700, 9.441154273188015400 ) ) ;
#4650 = CARTESIAN_POINT ( 'NONE',  ( 0.3543082603655496300, 33.74894928770258000, 9.033946149446073500 ) ) ;
#4651 = VECTOR ( 'NONE', #7568, 1000.000000000000000 ) ;
#4652 = ORIENTED_EDGE ( 'NONE', *, *, #1269, .T. ) ;
#4653 = LINE ( 'NONE', #10172, #7106 ) ;
#4654 = CARTESIAN_POINT ( 'NONE',  ( -11.20000000000000100, 52.79999999999999700, 6.858022075225178600E-016 ) ) ;
#4655 = CARTESIAN_POINT ( 'NONE',  ( 7.069872981077835100, -3.000000000000000000, -17.80000000000000400 ) ) ;
#4656 = CIRCLE ( 'NONE', #1005, 4.000000000000002700 ) ;
#4657 = AXIS2_PLACEMENT_3D ( 'NONE', #2578, #8408, #3422 ) ;
#4658 = CARTESIAN_POINT ( 'NONE',  ( 8.064101615139309200, 2.777945491467110500, 14.46410161513845900 ) ) ;
#4659 = CARTESIAN_POINT ( 'NONE',  ( 3.413080204140025200, 52.40797740148020300, -10.83404619769891900 ) ) ;
#4660 = ORIENTED_EDGE ( 'NONE', *, *, #3932, .F. ) ;
#4661 = EDGE_CURVE ( 'NONE', #7189, #1293, #1786, .T. ) ;
#4662 = FACE_OUTER_BOUND ( 'NONE', #7972, .T. ) ;
#4663 = VERTEX_POINT ( 'NONE', #801 ) ;
#4664 = FACE_OUTER_BOUND ( 'NONE', #3041, .T. ) ;
#4665 = CARTESIAN_POINT ( 'NONE',  ( 23.59695025252360500, 0.0000000000000000000, -11.50687466109646100 ) ) ;
#4666 = CARTESIAN_POINT ( 'NONE',  ( -2.210286626926983200, 31.81824089426208600, 10.12344321100309400 ) ) ;
#4667 = ORIENTED_EDGE ( 'NONE', *, *, #8515, .T. ) ;
#4668 = ORIENTED_EDGE ( 'NONE', *, *, #7451, .F. ) ;
#4669 = CARTESIAN_POINT ( 'NONE',  ( -4.599999999999996100, 52.79999999999999700, 9.800000000000000700 ) ) ;
#4670 = CARTESIAN_POINT ( 'NONE',  ( 5.400000000008731100, 35.79999999999999700, -11.00000000000000400 ) ) ;
#4671 = EDGE_CURVE ( 'NONE', #6828, #7266, #4025, .T. ) ;
#4672 = AXIS2_PLACEMENT_3D ( 'NONE', #9088, #4125, #9915 ) ;
#4673 = VECTOR ( 'NONE', #8414, 1000.000000000000100 ) ;
#4674 = LINE ( 'NONE', #369, #8552 ) ;
#4675 = B_SPLINE_CURVE_WITH_KNOTS ( 'NONE', 3,
 ( #6212, #7039, #2029, #7865 ),
 .UNSPECIFIED., .F., .F.,
 ( 4, 4 ),
 ( 0.0000000000000000000, 1.000000000000000000 ),
 .UNSPECIFIED. ) ;
#4676 = ORIENTED_EDGE ( 'NONE', *, *, #5840, .F. ) ;
#4677 = VERTEX_POINT ( 'NONE', #9127 ) ;
#4678 = PLANE ( 'NONE',  #1984 ) ;
#4679 = CARTESIAN_POINT ( 'NONE',  ( -6.599999999999992500, 33.79999999999999700, 9.400000000000002100 ) ) ;
#4680 = DIRECTION ( 'NONE',  ( 0.0000000000000000000, 0.9396926207859077600, -0.3420201433256704300 ) ) ;
#4681 = ADVANCED_FACE ( 'NONE', ( #1531 ), #3295, .T. ) ;
#4682 = CARTESIAN_POINT ( 'NONE',  ( -11.20000000000000100, 52.79999999999999700, 11.30000000000000200 ) ) ;
#4683 = CARTESIAN_POINT ( 'NONE',  ( -0.5999999999999944300, 50.79999999999999700, 9.800000000000007800 ) ) ;
#4684 = VECTOR ( 'NONE', #5906, 1000.000000000000000 ) ;
#4685 = FACE_OUTER_BOUND ( 'NONE', #4009, .T. ) ;
#4686 = EDGE_LOOP ( 'NONE', ( #5930, #7044, #5721, #2910 ) ) ;
#4687 = VERTEX_POINT ( 'NONE', #1631 ) ;
#4688 = AXIS2_PLACEMENT_3D ( 'NONE', #4318, #2658, #8483 ) ;
#4689 = ORIENTED_EDGE ( 'NONE', *, *, #8986, .T. ) ;
#4690 = DIRECTION ( 'NONE',  ( -1.000000000000000000, 0.0000000000000000000, 0.0000000000000000000 ) ) ;
#4691 = CARTESIAN_POINT ( 'NONE',  ( 0.2011831083270818600, 33.79999999999999700, 8.979274057836304800 ) ) ;
#4692 = CARTESIAN_POINT ( 'NONE',  ( -30.00024368684214000, 5.000000000000000900, 29.61764762517408700 ) ) ;
#4693 = CARTESIAN_POINT ( 'NONE',  ( 13.39770888735984600, 3.406294780244270000, 15.95631709995848300 ) ) ;
#4694 = PLANE ( 'NONE',  #2317 ) ;
#4695 = CIRCLE ( 'NONE', #6362, 0.1999999999999977100 ) ;
#4696 = CARTESIAN_POINT ( 'NONE',  ( -34.32806696097171100, 0.0000000000000000000, -26.33237777865424400 ) ) ;
#4697 = ORIENTED_EDGE ( 'NONE', *, *, #5783, .F. ) ;
#4698 = LINE ( 'NONE', #8675, #2449 ) ;
#4699 = EDGE_CURVE ( 'NONE', #3127, #4969, #7916, .T. ) ;
#4700 = ORIENTED_EDGE ( 'NONE', *, *, #10650, .F. ) ;
#4701 = AXIS2_PLACEMENT_3D ( 'NONE', #8119, #2295, #2222 ) ;
#4702 = CARTESIAN_POINT ( 'NONE',  ( 21.39996527606354000, 0.0000000000000000000, 11.39173555736197600 ) ) ;
#4703 = VECTOR ( 'NONE', #9863, 1000.000000000000000 ) ;
#4704 = DIRECTION ( 'NONE',  ( -2.503857664561900200E-015, -1.000000000000000000, 0.0000000000000000000 ) ) ;
#4705 = CARTESIAN_POINT ( 'NONE',  ( 4.166246656477846400, 52.70121173941807800, 10.76666675551934200 ) ) ;
#4706 = LINE ( 'NONE', #7882, #8842 ) ;
#4707 = CARTESIAN_POINT ( 'NONE',  ( -8.948805684721973500, -3.000000000000002700, 25.40000000000000900 ) ) ;
#4708 = DIRECTION ( 'NONE',  ( 1.000000000000000000, -0.0000000000000000000, -0.0000000000000000000 ) ) ;
#4709 = VERTEX_POINT ( 'NONE', #6636 ) ;
#4710 = VERTEX_POINT ( 'NONE', #2506 ) ;
#4711 =( BOUNDED_CURVE ( )  B_SPLINE_CURVE ( 3, ( #1509, #6509, #8169, #3168 ),
 .UNSPECIFIED., .F., .F. ) 
 B_SPLINE_CURVE_WITH_KNOTS ( ( 4, 4 ),
 ( 2.414817599270390000, 3.868367707909194900 ),
 .UNSPECIFIED. ) 
 CURVE ( )  GEOMETRIC_REPRESENTATION_ITEM ( )  RATIONAL_B_SPLINE_CURVE ( ( 1.000000000000000000, 0.8315474279733999800, 0.8315474279733999800, 1.000000000000000000 ) ) 
 REPRESENTATION_ITEM ( '' )  );
#4712 = ORIENTED_EDGE ( 'NONE', *, *, #6452, .T. ) ;
#4713 = EDGE_CURVE ( 'NONE', #6058, #7513, #5725, .T. ) ;
#4714 = CARTESIAN_POINT ( 'NONE',  ( 8.600000000000003200, 48.10000000000002300, -11.00000000000000400 ) ) ;
#4715 = VECTOR ( 'NONE', #8581, 1000.000000000000000 ) ;
#4716 = EDGE_CURVE ( 'NONE', #10574, #4267, #10110, .T. ) ;
#4717 = DIRECTION ( 'NONE',  ( -2.628368902995160100E-016, 0.0000000000000000000, -1.000000000000000000 ) ) ;
#4718 = CARTESIAN_POINT ( 'NONE',  ( -4.968498096654733400, 52.78631836646667400, -10.86695313951654500 ) ) ;
#4719 = CARTESIAN_POINT ( 'NONE',  ( 5.400000000000005700, 36.79999999999999700, 9.800000000000000700 ) ) ;
#4720 = FACE_OUTER_BOUND ( 'NONE', #4617, .T. ) ;
#4721 = DIRECTION ( 'NONE',  ( -1.000000000000000000, 3.083952846180984600E-015, 0.0000000000000000000 ) ) ;
#4722 = DIRECTION ( 'NONE',  ( -1.000000000000000000, 0.0000000000000000000, 0.0000000000000000000 ) ) ;
#4723 = LINE ( 'NONE', #1020, #279 ) ;
#4724 = VERTEX_POINT ( 'NONE', #5041 ) ;
#4725 = ORIENTED_EDGE ( 'NONE', *, *, #7055, .T. ) ;
#4726 = ORIENTED_EDGE ( 'NONE', *, *, #1130, .T. ) ;
#4727 = CARTESIAN_POINT ( 'NONE',  ( -4.599999999999992500, 5.000000000000000000, -30.20000000000000300 ) ) ;
#4728 = EDGE_CURVE ( 'NONE', #10371, #6677, #7662, .T. ) ;
#4729 = CARTESIAN_POINT ( 'NONE',  ( -0.02329901676553080100, 34.18231965798501900, 9.447661662802119100 ) ) ;
#4730 = DIRECTION ( 'NONE',  ( 1.000000000000000000, 0.0000000000000000000, 0.0000000000000000000 ) ) ;
#4731 = CARTESIAN_POINT ( 'NONE',  ( -4.600000000000000500, 3.400000000000023900, 30.20000000000000300 ) ) ;
#4732 = CARTESIAN_POINT ( 'NONE',  ( -11.20000000000000100, 48.10000000000002300, -11.00000000000000400 ) ) ;
#4733 = ORIENTED_EDGE ( 'NONE', *, *, #3506, .T. ) ;
#4734 = DIRECTION ( 'NONE',  ( -1.000000000000000000, 0.0000000000000000000, 0.0000000000000000000 ) ) ;
#4735 = CARTESIAN_POINT ( 'NONE',  ( 12.81377326396401100, 5.010644719939510800, 13.76516661633336000 ) ) ;
#4736 = EDGE_CURVE ( 'NONE', #8695, #571, #5324, .T. ) ;
#4737 = LINE ( 'NONE', #7880, #289 ) ;
#4738 = ORIENTED_EDGE ( 'NONE', *, *, #10544, .F. ) ;
#4739 = ADVANCED_FACE ( 'NONE', ( #3208 ), #10025, .T. ) ;
#4740 = ORIENTED_EDGE ( 'NONE', *, *, #5122, .F. ) ;
#4741 = VERTEX_POINT ( 'NONE', #1705 ) ;
#4742 = AXIS2_PLACEMENT_3D ( 'NONE', #3734, #9574, #4627 ) ;
#4743 = ORIENTED_EDGE ( 'NONE', *, *, #1487, .T. ) ;
#4744 = CARTESIAN_POINT ( 'NONE',  ( 14.17499067908459400, 3.565787338792477400, -12.65501601971960500 ) ) ;
#4745 = FACE_OUTER_BOUND ( 'NONE', #6022, .T. ) ;
#4746 = ORIENTED_EDGE ( 'NONE', *, *, #2920, .F. ) ;
#4747 = DIRECTION ( 'NONE',  ( -0.7511055241116788600, 0.6601821655035224900, -3.469446951953648900E-014 ) ) ;
#4748 = CARTESIAN_POINT ( 'NONE',  ( 13.69026644067500900, 4.999999999999996400, -12.75925440825003100 ) ) ;
#4749 = ORIENTED_EDGE ( 'NONE', *, *, #10475, .T. ) ;
#4750 = CARTESIAN_POINT ( 'NONE',  ( 13.97128129211022000, -3.000000000000000000, -34.10000000000002300 ) ) ;
#4751 = VERTEX_POINT ( 'NONE', #6746 ) ;
#4752 = EDGE_CURVE ( 'NONE', #4709, #9380, #9592, .T. ) ;
#4753 = SURFACE_SIDE_STYLE ('',( #3711 ) ) ;
#4754 = PLANE ( 'NONE',  #241 ) ;
#4755 = PLANE ( 'NONE',  #1460 ) ;
#4756 = CIRCLE ( 'NONE', #668, 2.758845726811980800 ) ;
#4757 = CARTESIAN_POINT ( 'NONE',  ( -5.251133089196107700, 52.80000000000004000, -10.90000000000004300 ) ) ;
#4758 = AXIS2_PLACEMENT_3D ( 'NONE', #3936, #8078, #10572 ) ;
#4759 = CARTESIAN_POINT ( 'NONE',  ( -8.941122857969549600, 5.000000000000000000, 29.61764762517409000 ) ) ;
#4760 = ORIENTED_EDGE ( 'NONE', *, *, #8726, .T. ) ;
#4761 = ORIENTED_EDGE ( 'NONE', *, *, #1610, .F. ) ;
#4762 = ORIENTED_EDGE ( 'NONE', *, *, #8049, .F. ) ;
#4763 = DIRECTION ( 'NONE',  ( -0.0000000000000000000, 1.000000000000000000, -0.0000000000000000000 ) ) ;
#4764 = CARTESIAN_POINT ( 'NONE',  ( 12.92903625391489300, 5.000000000000000000, 13.30019040020823200 ) ) ;
#4765 = CARTESIAN_POINT ( 'NONE',  ( -34.04138763435039300, -0.3510874706913255100, 34.20000000000000300 ) ) ;
#4766 = LINE ( 'NONE', #16, #2514 ) ;
#4767 = DIRECTION ( 'NONE',  ( 0.0000000000000000000, 1.000000000000000000, -0.0000000000000000000 ) ) ;
#4768 = ORIENTED_EDGE ( 'NONE', *, *, #320, .F. ) ;
#4769 = EDGE_CURVE ( 'NONE', #5156, #9133, #1268, .T. ) ;
#4770 = ORIENTED_EDGE ( 'NONE', *, *, #10410, .F. ) ;
#4771 = DIRECTION ( 'NONE',  ( -0.0000000000000000000, -0.0000000000000000000, -1.000000000000000000 ) ) ;
#4772 = VERTEX_POINT ( 'NONE', #7571 ) ;
#4773 = ORIENTED_EDGE ( 'NONE', *, *, #7276, .T. ) ;
#4774 = DIRECTION ( 'NONE',  ( -0.0000000000000000000, 0.0000000000000000000, 1.000000000000000000 ) ) ;
#4775 =( BOUNDED_CURVE ( )  B_SPLINE_CURVE ( 3, ( #6860, #3044, #2170, #9734 ),
 .UNSPECIFIED., .F., .F. ) 
 B_SPLINE_CURVE_WITH_KNOTS ( ( 4, 4 ),
 ( 3.888273404486697800, 5.269818214998191600 ),
 .UNSPECIFIED. ) 
 CURVE ( )  GEOMETRIC_REPRESENTATION_ITEM ( )  RATIONAL_B_SPLINE_CURVE ( ( 1.000000000000000000, 0.8471694135429894700, 0.8471694135429894700, 1.000000000000000000 ) ) 
 REPRESENTATION_ITEM ( '' )  );
#4776 = LINE ( 'NONE', #6870, #8908 ) ;
#4777 = ORIENTED_EDGE ( 'NONE', *, *, #10103, .T. ) ;
#4778 = EDGE_CURVE ( 'NONE', #4865, #564, #1007, .T. ) ;
#4779 = CARTESIAN_POINT ( 'NONE',  ( 27.80435283436214200, -3.000000000000000000, 11.21346404308391300 ) ) ;
#4781 = ORIENTED_EDGE ( 'NONE', *, *, #9835, .F. ) ;
#4780 = DIRECTION ( 'NONE',  ( 1.000000000000000000, 0.0000000000000000000, 0.0000000000000000000 ) ) ;
#4782 = DIRECTION ( 'NONE',  ( 0.0000000000000000000, 0.0000000000000000000, -1.000000000000000000 ) ) ;
#4783 = CARTESIAN_POINT ( 'NONE',  ( -5.099999999999995200, 52.29999999999999700, -10.90000000000000400 ) ) ;
#4784 = DIRECTION ( 'NONE',  ( 0.0000000000000000000, 0.0000000000000000000, 1.000000000000000000 ) ) ;
#4785 = EDGE_CURVE ( 'NONE', #1602, #9767, #7404, .T. ) ;
#4786 = LINE ( 'NONE', #2933, #8914 ) ;
#4787 = ORIENTED_EDGE ( 'NONE', *, *, #7780, .T. ) ;
#4788 = FACE_OUTER_BOUND ( 'NONE', #6297, .T. ) ;
#4789 = DIRECTION ( 'NONE',  ( -1.000000000000000000, 0.0000000000000000000, -1.668003342285391800E-016 ) ) ;
#4790 = LINE ( 'NONE', #6120, #2535 ) ;
#4791 = VERTEX_POINT ( 'NONE', #5153 ) ;
#4792 = ORIENTED_EDGE ( 'NONE', *, *, #4160, .T. ) ;
#4793 = ORIENTED_EDGE ( 'NONE', *, *, #4836, .F. ) ;
#4794 = CARTESIAN_POINT ( 'NONE',  ( -11.20000000000000100, 48.10000000000002300, -11.00000000000000400 ) ) ;
#4795 = ADVANCED_FACE ( 'NONE', ( #750 ), #7607, .T. ) ;
#4796 = CARTESIAN_POINT ( 'NONE',  ( 12.61202537022329100, 0.0000000000000000000, 10.93117914242403700 ) ) ;
#4797 = LINE ( 'NONE', #9802, #2541 ) ;
#4798 = CIRCLE ( 'NONE', #6698, 8.799999999999998900 ) ;
#4799 = EDGE_CURVE ( 'NONE', #5254, #9013, #7142, .T. ) ;
#4800 = VECTOR ( 'NONE', #5669, 1000.000000000000000 ) ;
#4801 = CARTESIAN_POINT ( 'NONE',  ( -11.19999999999999900, 50.89999999999999900, 11.30000000000000200 ) ) ;
#4802 = EDGE_CURVE ( 'NONE', #2239, #10151, #9337, .T. ) ;
#4803 = VERTEX_POINT ( 'NONE', #1806 ) ;
#4804 = AXIS2_PLACEMENT_3D ( 'NONE', #8634, #6976, #354 ) ;
#4805 = CARTESIAN_POINT ( 'NONE',  ( -35.26229271049294300, -0.4480767874132277100, 34.07189582665844100 ) ) ;
#4806 = DIRECTION ( 'NONE',  ( 0.08715574274766288400, 0.0000000000000000000, -0.9961946980917451000 ) ) ;
#4807 = CARTESIAN_POINT ( 'NONE',  ( -11.06504600571810600, 9.467350315793554600, 23.73495399428189100 ) ) ;
#4808 = LINE ( 'NONE', #3913, #2549 ) ;
#4809 = ADVANCED_FACE ( 'NONE', ( #5211 ), #3496, .T. ) ;
#4810 = DIRECTION ( 'NONE',  ( 0.0000000000000000000, -0.0000000000000000000, -1.000000000000000000 ) ) ;
#4811 = DIRECTION ( 'NONE',  ( -0.0000000000000000000, 0.0000000000000000000, -1.000000000000000000 ) ) ;
#4812 = FACE_OUTER_BOUND ( 'NONE', #6392, .T. ) ;
#4813 = ORIENTED_EDGE ( 'NONE', *, *, #7604, .F. ) ;
#4814 = LINE ( 'NONE', #10751, #2309 ) ;
#4815 = DIRECTION ( 'NONE',  ( -0.08715574274766288400, 0.0000000000000000000, 0.9961946980917451000 ) ) ;
#4816 = EDGE_CURVE ( 'NONE', #6260, #9464, #9477, .T. ) ;
#4817 = CARTESIAN_POINT ( 'NONE',  ( -3.658589536811593900, 3.395280266788987000, 19.80171784240250000 ) ) ;
#4818 =( BOUNDED_CURVE ( )  B_SPLINE_CURVE ( 3, ( #2969, #9586, #3816, #9618 ),
 .UNSPECIFIED., .F., .F. ) 
 B_SPLINE_CURVE_WITH_KNOTS ( ( 4, 4 ),
 ( 5.624127271353179600, 6.942243343005992900 ),
 .UNSPECIFIED. ) 
 CURVE ( )  GEOMETRIC_REPRESENTATION_ITEM ( )  RATIONAL_B_SPLINE_CURVE ( ( 1.000000000000000000, 0.8603796100280641800, 0.8603796100280641800, 1.000000000000000000 ) ) 
 REPRESENTATION_ITEM ( '' )  );
#4819 = CARTESIAN_POINT ( 'NONE',  ( -4.999999999999993800, 52.29999999999999700, -10.50000000000000400 ) ) ;
#4820 = ORIENTED_EDGE ( 'NONE', *, *, #1437, .T. ) ;
#4821 = VECTOR ( 'NONE', #3123, 1000.000000000000000 ) ;
#4822 = CARTESIAN_POINT ( 'NONE',  ( -5.251133089196068600, 52.80000000000004000, 10.90000000000004300 ) ) ;
#4823 =( BOUNDED_CURVE ( )  B_SPLINE_CURVE ( 3, ( #9705, #7257, #10580, #5628 ),
 .UNSPECIFIED., .F., .T. ) 
 B_SPLINE_CURVE_WITH_KNOTS ( ( 4, 4 ),
 ( 0.0000000000000000000, 1.288759930938813400 ),
 .UNSPECIFIED. ) 
 CURVE ( )  GEOMETRIC_REPRESENTATION_ITEM ( )  RATIONAL_B_SPLINE_CURVE ( ( 1.000000000000000000, 0.8663149180710704200, 0.8663149180710704200, 1.000000000000000000 ) ) 
 REPRESENTATION_ITEM ( '' )  );
#4824 = CARTESIAN_POINT ( 'NONE',  ( -8.386498315209523800, 3.000000000000001300, -14.33589838486222600 ) ) ;
#4825 = CARTESIAN_POINT ( 'NONE',  ( -4.613681633533361500, 52.16849809665473700, 10.86695313951639400 ) ) ;
#4826 = CONICAL_SURFACE ( 'NONE', #10655, 1.199999999999999700, 0.3490658503988620100 ) ;
#4827 = LINE ( 'NONE', #4906, #135 ) ;
#4828 = ORIENTED_EDGE ( 'NONE', *, *, #2326, .F. ) ;
#4829 = EDGE_LOOP ( 'NONE', ( #2258, #6396, #102 ) ) ;
#4830 = CARTESIAN_POINT ( 'NONE',  ( -35.19587300007701500, 3.400021911033896500, -0.1243944217573579600 ) ) ;
#4831 = CARTESIAN_POINT ( 'NONE',  ( 4.031501903345376700, 52.78631836646637500, -10.86695313951647000 ) ) ;
#4832 = CARTESIAN_POINT ( 'NONE',  ( -24.72471563598086100, 3.000000000000000400, 24.73589838486222100 ) ) ;
#4833 = DIRECTION ( 'NONE',  ( -1.000000000000000000, 0.0000000000000000000, -0.0000000000000000000 ) ) ;
#4834 = ADVANCED_FACE ( 'NONE', ( #9077 ), #4394, .T. ) ;
#4835 = LINE ( 'NONE', #7205, #2585 ) ;
#4836 = EDGE_CURVE ( 'NONE', #7100, #1231, #6891, .T. ) ;
#4837 = ORIENTED_EDGE ( 'NONE', *, *, #1837, .F. ) ;
#4838 =( BOUNDED_SURFACE ( )  B_SPLINE_SURFACE ( 3, 2, ( 
 ( #3818, #6345, #1336 ),
 ( #7171, #2164, #7997 ),
 ( #3004, #8835, #3859 ),
 ( #9657, #4718, #10498 ),
 ( #5550, #546, #6380 ),
 ( #1377, #7210, #2206 ) ),
 .UNSPECIFIED., .F., .F., .T. ) 
 B_SPLINE_SURFACE_WITH_KNOTS ( ( 4, 2, 4 ),
 ( 3, 3 ),
 ( 0.0003790122493140920200, 0.0006499964602234172300, 0.0009209806711327423200 ),
 ( 0.0000000000000000000, 1.000000000000000000 ),
 .UNSPECIFIED. ) 
 GEOMETRIC_REPRESENTATION_ITEM ( )  RATIONAL_B_SPLINE_SURFACE ( (
 ( 1.000000000000000000, 0.8164965809277029400, 1.000000000000000000),
 ( 1.000000000000000000, 0.8810678731622785300, 1.000000000000000000),
 ( 1.000000000000000000, 0.9263207691517790800, 1.000000000000000000),
 ( 1.000000000000000000, 0.9855849900692003100, 1.000000000000000000),
 ( 1.000000000000000000, 0.9999584033010514600, 1.000000000000000000),
 ( 1.000000000000000000, 1.000000000000000000, 1.000000000000000000) ) ) 
 REPRESENTATION_ITEM ( '' )  SURFACE ( )  );
#4839 = CARTESIAN_POINT ( 'NONE',  ( -4.606871369612483700, 3.418878932851070500, -26.43435814724387000 ) ) ;
#4840 = CARTESIAN_POINT ( 'NONE',  ( -34.32090278608208000, 3.405912087159454600, 26.48371516665814300 ) ) ;
#4841 = DIRECTION ( 'NONE',  ( -1.000000000000000000, 0.0000000000000000000, 0.0000000000000000000 ) ) ;
#4842 = FACE_OUTER_BOUND ( 'NONE', #9456, .T. ) ;
#4843 = ADVANCED_FACE ( 'NONE', ( #4685 ), #4934, .F. ) ;
#4844 = ORIENTED_EDGE ( 'NONE', *, *, #10024, .F. ) ;
#4845 = EDGE_CURVE ( 'NONE', #2604, #4914, #1211, .T. ) ;
#4846 = VERTEX_POINT ( 'NONE', #10205 ) ;
#4847 = EDGE_CURVE ( 'NONE', #4677, #5794, #2438, .T. ) ;
#4848 = CARTESIAN_POINT ( 'NONE',  ( -33.73576973346460100, -2.648912529308669500, 34.20000000000000300 ) ) ;
#4849 = AXIS2_PLACEMENT_3D ( 'NONE', #4540, #6751, #8094 ) ;
#4850 = ORIENTED_EDGE ( 'NONE', *, *, #9533, .F. ) ;
#4851 = DIRECTION ( 'NONE',  ( 0.0000000000000000000, -1.000000000000000000, 0.0000000000000000000 ) ) ;
#4852 = CARTESIAN_POINT ( 'NONE',  ( -7.432555811121443600, -0.4467568389210095900, -34.07357705718197100 ) ) ;
#4853 = ORIENTED_EDGE ( 'NONE', *, *, #1373, .T. ) ;
#4854 = CARTESIAN_POINT ( 'NONE',  ( -11.20000000000000100, 52.79999999999999700, 11.00000000000000400 ) ) ;
#4855 = EDGE_LOOP ( 'NONE', ( #4261, #6975, #8592, #5838 ) ) ;
#4856 = DIRECTION ( 'NONE',  ( 0.0000000000000000000, 1.000000000000000000, 0.0000000000000000000 ) ) ;
#4857 = CARTESIAN_POINT ( 'NONE',  ( 5.800000000000005200, 48.10000000000002300, 11.00000000000000200 ) ) ;
#4858 = EDGE_CURVE ( 'NONE', #8729, #4635, #4423, .T. ) ;
#4859 = CARTESIAN_POINT ( 'NONE',  ( 0.0000000000000000000, 50.79999999999999700, 9.800000000000000700 ) ) ;
#4861 = ORIENTED_EDGE ( 'NONE', *, *, #5822, .T. ) ;
#4860 = CARTESIAN_POINT ( 'NONE',  ( 5.800000000000004300, 52.79999999999999700, 13.00000000000000200 ) ) ;
#4862 = ORIENTED_EDGE ( 'NONE', *, *, #304, .T. ) ;
#4863 = DIRECTION ( 'NONE',  ( 1.000000000000000000, -5.782411586589351700E-016, 0.0000000000000000000 ) ) ;
#4864 = DIRECTION ( 'NONE',  ( 0.0000000000000000000, 1.000000000000000000, 0.0000000000000000000 ) ) ;
#4865 = VERTEX_POINT ( 'NONE', #6960 ) ;
#4866 = AXIS2_PLACEMENT_3D ( 'NONE', #10633, #5679, #667 ) ;
#4867 = VECTOR ( 'NONE', #9315, 1000.000000000000000 ) ;
#4868 = AXIS2_PLACEMENT_3D ( 'NONE', #9356, #6074, #1057 ) ;
#4869 = ORIENTED_EDGE ( 'NONE', *, *, #9150, .T. ) ;
#4870 = ORIENTED_EDGE ( 'NONE', *, *, #4192, .F. ) ;
#4871 = CARTESIAN_POINT ( 'NONE',  ( -2.599999999999996100, 5.000000000000018700, 12.16998223669649600 ) ) ;
#4872 = CARTESIAN_POINT ( 'NONE',  ( 500000.0000000000600, 35.79999999999999700, -11.00000000000000400 ) ) ;
#4873 = DIRECTION ( 'NONE',  ( -0.03309444466356215700, 0.0000000000000000000, -0.9994522288395830700 ) ) ;
#4874 = CIRCLE ( 'NONE', #8338, 8.799999999999995400 ) ;
#4875 = ORIENTED_EDGE ( 'NONE', *, *, #8728, .F. ) ;
#4876 = ORIENTED_EDGE ( 'NONE', *, *, #4287, .F. ) ;
#4877 = ORIENTED_EDGE ( 'NONE', *, *, #3068, .T. ) ;
#4878 = CARTESIAN_POINT ( 'NONE',  ( -36.85722943147170100, -1.805450369915635500, 33.62845662374869000 ) ) ;
#4879 = ADVANCED_FACE ( 'NONE', ( #10762 ), #8578, .F. ) ;
#4880 = AXIS2_PLACEMENT_3D ( 'NONE', #9861, #4904, #10697 ) ;
#4881 = CARTESIAN_POINT ( 'NONE',  ( -6.401420281877476800, -2.264800145347456400, -33.82434107333885700 ) ) ;
#4882 = LINE ( 'NONE', #2105, #6834 ) ;
#4883 = CARTESIAN_POINT ( 'NONE',  ( -4.613681633533286900, 52.43150190334526400, -10.86695313951631700 ) ) ;
#4884 = ORIENTED_EDGE ( 'NONE', *, *, #9140, .F. ) ;
#4885 = ORIENTED_EDGE ( 'NONE', *, *, #5198, .T. ) ;
#4886 = EDGE_LOOP ( 'NONE', ( #2383, #5214, #9799, #10396 ) ) ;
#4887 = EDGE_LOOP ( 'NONE', ( #7455, #3754, #6848, #3342, #5591 ) ) ;
#4888 = CARTESIAN_POINT ( 'NONE',  ( 4.954700538379256600, 3.000000000000002700, 11.06321491760224700 ) ) ;
#4889 = VECTOR ( 'NONE', #930, 1000.000000000000000 ) ;
#4890 = B_SPLINE_CURVE_WITH_KNOTS ( 'NONE', 3,
 ( #2463, #7456, #12, #5835, #822, #6665, #1656, #7490 ),
 .UNSPECIFIED., .F., .F.,
 ( 4, 2, 2, 4 ),
 ( 0.03245325272581316800, 0.03431834845607447500, 0.03525089632120512200, 0.03618344418633577500 ),
 .UNSPECIFIED. ) ;
#4891 = PLANE ( 'NONE',  #6337 ) ;
#4892 = CARTESIAN_POINT ( 'NONE',  ( -30.55738846886119100, 3.417731491135574300, 30.19354626501749900 ) ) ;
#4893 = EDGE_CURVE ( 'NONE', #7513, #5530, #8822, .T. ) ;
#4894 = ADVANCED_FACE ( 'NONE', ( #6364 ), #3644, .F. ) ;
#4895 = DIRECTION ( 'NONE',  ( -1.000000000000000000, 0.0000000000000000000, 0.0000000000000000000 ) ) ;
#4896 = VECTOR ( 'NONE', #6469, 1000.000000000000100 ) ;
#4897 = ORIENTED_EDGE ( 'NONE', *, *, #5615, .F. ) ;
#4898 = ORIENTED_EDGE ( 'NONE', *, *, #99, .T. ) ;
#4899 = ORIENTED_EDGE ( 'NONE', *, *, #4461, .F. ) ;
#4900 = EDGE_LOOP ( 'NONE', ( #3322, #3160, #7301, #10682, #6547, #2589 ) ) ;
#4901 = VECTOR ( 'NONE', #8443, 1000.000000000000000 ) ;
#4902 = LINE ( 'NONE', #4006, #2668 ) ;
#4903 = EDGE_CURVE ( 'NONE', #9571, #6399, #8558, .T. ) ;
#4904 = DIRECTION ( 'NONE',  ( -0.0000000000000000000, 1.000000000000000000, -0.0000000000000000000 ) ) ;
#4905 = DIRECTION ( 'NONE',  ( 0.0000000000000000000, 1.000000000000000000, 0.0000000000000000000 ) ) ;
#4906 = CARTESIAN_POINT ( 'NONE',  ( -6.599999999999993400, 20.74968880069896200, -10.90000000000000400 ) ) ;
#4907 = CARTESIAN_POINT ( 'NONE',  ( 24.14187696106416300, -3.000000000000000000, -1.109053650640950300 ) ) ;
#4908 = ORIENTED_EDGE ( 'NONE', *, *, #10193, .T. ) ;
#4909 = EDGE_CURVE ( 'NONE', #2517, #8701, #1904, .T. ) ;
#4910 = LINE ( 'NONE', #2705, #488 ) ;
#4911 = CARTESIAN_POINT ( 'NONE',  ( 0.1500000000000059300, 33.05000000000000400, -13.00000000000000400 ) ) ;
#4912 = ORIENTED_EDGE ( 'NONE', *, *, #7514, .F. ) ;
#4913 = LINE ( 'NONE', #8596, #6606 ) ;
#4914 = VERTEX_POINT ( 'NONE', #10461 ) ;
#4915 = CARTESIAN_POINT ( 'NONE',  ( 11.20000000000000100, 48.10000000000002300, -11.00000000000000400 ) ) ;
#4916 = CARTESIAN_POINT ( 'NONE',  ( -4.242659754039997300, 5.000000000000000000, 19.21764762517409500 ) ) ;
#4917 = DIRECTION ( 'NONE',  ( -0.9396323643375587000, 0.3421856512032751500, 0.0000000000000000000 ) ) ;
#4918 = DIRECTION ( 'NONE',  ( 0.0000000000000000000, -1.000000000000000000, 0.0000000000000000000 ) ) ;
#4919 = EDGE_CURVE ( 'NONE', #2348, #424, #4152, .T. ) ;
#4920 = CARTESIAN_POINT ( 'NONE',  ( -1.044863820861754900, 50.45538830498947600, -9.800000000000002500 ) ) ;
#4921 = LINE ( 'NONE', #2583, #4673 ) ;
#4922 = CARTESIAN_POINT ( 'NONE',  ( -6.599999999999993400, 50.89999999999999900, 11.30000000000000200 ) ) ;
#4923 = VECTOR ( 'NONE', #9372, 1000.000000000000100 ) ;
#4924 = EDGE_CURVE ( 'NONE', #169, #3100, #6111, .T. ) ;
#4925 = AXIS2_PLACEMENT_3D ( 'NONE', #5311, #307, #6133 ) ;
#4926 = DIRECTION ( 'NONE',  ( 0.0000000000000000000, 1.000000000000000000, 2.503857664561900200E-015 ) ) ;
#4927 = DIRECTION ( 'NONE',  ( 0.0000000000000000000, 1.000000000000000000, 0.0000000000000000000 ) ) ;
#4928 = CARTESIAN_POINT ( 'NONE',  ( -4.599999999999994300, 52.40959435813020000, 10.83303955644749900 ) ) ;
#4929 = DIRECTION ( 'NONE',  ( 1.000000000000000000, 0.0000000000000000000, 0.0000000000000000000 ) ) ;
#4930 = AXIS2_PLACEMENT_3D ( 'NONE', #6884, #1861, #7713 ) ;
#4931 = CARTESIAN_POINT ( 'NONE',  ( -6.599999999999992500, 33.79999999999999700, -9.400000000000003900 ) ) ;
#4932 = LINE ( 'NONE', #10048, #247 ) ;
#4933 = CARTESIAN_POINT ( 'NONE',  ( -6.599999999999993400, 20.74968880069896200, 10.90000000000000400 ) ) ;
#4934 = TOROIDAL_SURFACE ( 'NONE', #5498, 0.6656854249492388800, 0.2000000000000000100 ) ;
#4935 = ADVANCED_FACE ( 'NONE', ( #10506 ), #3620, .F. ) ;
#4936 = ORIENTED_EDGE ( 'NONE', *, *, #924, .T. ) ;
#4937 = ORIENTED_EDGE ( 'NONE', *, *, #4160, .F. ) ;
#4938 = CARTESIAN_POINT ( 'NONE',  ( 0.0000000000000000000, 33.79999999999999700, 8.954700538379247700 ) ) ;
#4939 = DIRECTION ( 'NONE',  ( -0.8660254037844407100, -0.4999999999999965600, -3.755786496842904500E-016 ) ) ;
#4940 = VECTOR ( 'NONE', #626, 1000.000000000000000 ) ;
#4941 = CARTESIAN_POINT ( 'NONE',  ( 3.590441158789758000, 52.71180470701569500, 10.87004640409809000 ) ) ;
#4942 = LINE ( 'NONE', #1096, #5737 ) ;
#4943 = EDGE_CURVE ( 'NONE', #10531, #5801, #8046, .T. ) ;
#4944 = CARTESIAN_POINT ( 'NONE',  ( -5.755061800187753800, -1.500000000000000900, 33.60000000000001600 ) ) ;
#4945 = ADVANCED_FACE ( 'NONE', ( #10232 ), #7217, .T. ) ;
#4946 = LINE ( 'NONE', #5752, #6909 ) ;
#4947 = CARTESIAN_POINT ( 'NONE',  ( -5.539473645387145600, 52.79999999999999700, 10.90000000000000400 ) ) ;
#4948 = ORIENTED_EDGE ( 'NONE', *, *, #5482, .T. ) ;
#4949 = CIRCLE ( 'NONE', #10388, 4.000000000000001800 ) ;
#4950 = DIRECTION ( 'NONE',  ( 1.000000000000000000, 0.0000000000000000000, -2.628368902995160100E-016 ) ) ;
#4951 = CARTESIAN_POINT ( 'NONE',  ( 19.10559393809758800, -3.000000000000000000, -17.05093773936936700 ) ) ;
#4952 = DIRECTION ( 'NONE',  ( 0.0000000000000000000, 0.0000000000000000000, 1.000000000000000000 ) ) ;
#4953 = ORIENTED_EDGE ( 'NONE', *, *, #6950, .F. ) ;
#4954 = VERTEX_POINT ( 'NONE', #3902 ) ;
#4955 = VECTOR ( 'NONE', #1049, 1000.000000000000000 ) ;
#4956 = CARTESIAN_POINT ( 'NONE',  ( -31.43965174265924000, 2.030595043311035600, 7.115076756936122800E-014 ) ) ;
#4957 = CARTESIAN_POINT ( 'NONE',  ( -34.19999999999999600, 3.400000000000023900, -30.20000000000000300 ) ) ;
#4958 = CARTESIAN_POINT ( 'NONE',  ( -5.099999999999995200, 52.79999999999999700, -10.90000000000000400 ) ) ;
#4959 = CARTESIAN_POINT ( 'NONE',  ( -3.599999999999999200, 34.54999999999999700, -12.60000000000000300 ) ) ;
#4960 = DIRECTION ( 'NONE',  ( -0.8660254037844363800, -0.5000000000000041100, -1.138117120255420800E-016 ) ) ;
#4961 = FACE_OUTER_BOUND ( 'NONE', #8981, .T. ) ;
#4962 = ORIENTED_EDGE ( 'NONE', *, *, #980, .T. ) ;
#4963 = EDGE_CURVE ( 'NONE', #1988, #2265, #1401, .T. ) ;
#4964 = ORIENTED_EDGE ( 'NONE', *, *, #6658, .T. ) ;
#4965 = ORIENTED_EDGE ( 'NONE', *, *, #6515, .T. ) ;
#4966 = EDGE_CURVE ( 'NONE', #8901, #9810, #7784, .T. ) ;
#4967 = AXIS2_PLACEMENT_3D ( 'NONE', #2484, #8309, #3314 ) ;
#4968 = VERTEX_POINT ( 'NONE', #582 ) ;
#4969 = VERTEX_POINT ( 'NONE', #1418 ) ;
#4970 = CARTESIAN_POINT ( 'NONE',  ( -4.599999999999994300, 38.80000000000000400, 15.00000000000000200 ) ) ;
#4971 = DIRECTION ( 'NONE',  ( -0.0000000000000000000, 1.000000000000000000, -0.0000000000000000000 ) ) ;
#4972 = CARTESIAN_POINT ( 'NONE',  ( 3.900000000000004400, 52.79999999999999700, 10.90000000000000400 ) ) ;
#4973 = CIRCLE ( 'NONE', #6761, 0.1999999999999983200 ) ;
#4974 = ORIENTED_EDGE ( 'NONE', *, *, #4903, .F. ) ;
#4975 = CARTESIAN_POINT ( 'NONE',  ( -8.643268672493922700, -0.3510874706913225700, 34.20000000000000300 ) ) ;
#4976 = CARTESIAN_POINT ( 'NONE',  ( 2.400000000000006100, 34.55000000000000400, -12.60000000000000300 ) ) ;
#4977 = EDGE_LOOP ( 'NONE', ( #2889, #465, #7469, #4469 ) ) ;
#4978 = ORIENTED_EDGE ( 'NONE', *, *, #190, .T. ) ;
#4979 = ORIENTED_EDGE ( 'NONE', *, *, #871, .T. ) ;
#4980 = EDGE_CURVE ( 'NONE', #7031, #7719, #9973, .T. ) ;
#4981 = EDGE_CURVE ( 'NONE', #4200, #3129, #3340, .T. ) ;
#4982 = CARTESIAN_POINT ( 'NONE',  ( 3.900000000000003900, 52.29999999999999700, 10.70000000000000300 ) ) ;
#4983 = ADVANCED_FACE ( 'NONE', ( #1139 ), #7824, .F. ) ;
#4984 = VECTOR ( 'NONE', #5451, 1000.000000000000000 ) ;
#4985 = ORIENTED_EDGE ( 'NONE', *, *, #520, .T. ) ;
#4986 = CARTESIAN_POINT ( 'NONE',  ( -2.884547686177434800E-015, 33.79999999999999700, 8.979274057836290600 ) ) ;
#4987 = CARTESIAN_POINT ( 'NONE',  ( 0.0000000000000000000, 33.79999999999999700, 0.0000000000000000000 ) ) ;
#4988 = VERTEX_POINT ( 'NONE', #9807 ) ;
#4989 = PLANE ( 'NONE',  #6502 ) ;
#4990 = EDGE_LOOP ( 'NONE', ( #2787, #4594, #5240, #8916, #3953, #5510, #10660, #8004, #10043, #9938, #3624, #9278, #3373, #9476, #3786, #4712 ) ) ;
#4991 = ORIENTED_EDGE ( 'NONE', *, *, #6256, .F. ) ;
#4992 = DIRECTION ( 'NONE',  ( 0.0000000000000000000, 0.0000000000000000000, -1.000000000000000000 ) ) ;
#4993 =( BOUNDED_CURVE ( )  B_SPLINE_CURVE ( 3, ( #1959, #10248, #2809, #8630 ),
 .UNSPECIFIED., .F., .T. ) 
 B_SPLINE_CURVE_WITH_KNOTS ( ( 4, 4 ),
 ( 0.7225375912850166000, 1.390948739497227100 ),
 .UNSPECIFIED. ) 
 CURVE ( )  GEOMETRIC_REPRESENTATION_ITEM ( )  RATIONAL_B_SPLINE_CURVE ( ( 1.000000000000000000, 0.9631141295548479900, 0.9631141295548479900, 1.000000000000000000 ) ) 
 REPRESENTATION_ITEM ( '' )  );
#4994 = DIRECTION ( 'NONE',  ( 0.0000000000000000000, -1.000000000000000000, -0.0000000000000000000 ) ) ;
#4995 = CARTESIAN_POINT ( 'NONE',  ( -3.754700538379248900, 3.000000000000000400, 12.15470053837925200 ) ) ;
#4996 = LINE ( 'NONE', #9459, #2763 ) ;
#4997 = EDGE_CURVE ( 'NONE', #10616, #5048, #5343, .T. ) ;
#4998 = CARTESIAN_POINT ( 'NONE',  ( 9.400000000000000400, 0.0000000000000000000, 19.80000000000000100 ) ) ;
#4999 = CARTESIAN_POINT ( 'NONE',  ( 14.17142857142857300, 3.576326980708486800, 12.65585288492632700 ) ) ;
#5000 = DIRECTION ( 'NONE',  ( 0.0000000000000000000, 0.0000000000000000000, -1.000000000000000000 ) ) ;
#5001 = ADVANCED_FACE ( 'NONE', ( #9715 ), #6430, .F. ) ;
#5002 = DIRECTION ( 'NONE',  ( 0.0000000000000000000, -0.0000000000000000000, -1.000000000000000000 ) ) ;
#5003 = ORIENTED_EDGE ( 'NONE', *, *, #7276, .F. ) ;
#5004 = CARTESIAN_POINT ( 'NONE',  ( -1.326750429609564500, 34.11451269478232700, 9.545026060191377200 ) ) ;
#5005 = ORIENTED_EDGE ( 'NONE', *, *, #9387, .T. ) ;
#5006 = EDGE_CURVE ( 'NONE', #9972, #8729, #868, .T. ) ;
#5007 = VECTOR ( 'NONE', #1626, 1000.000000000000000 ) ;
#5008 = AXIS2_PLACEMENT_3D ( 'NONE', #6853, #1009, #7683 ) ;
#5009 = PLANE ( 'NONE',  #2952 ) ;
#5010 = ORIENTED_EDGE ( 'NONE', *, *, #8875, .F. ) ;
#5011 = DIRECTION ( 'NONE',  ( 0.9391778842685876100, -0.3420201433256625000, 0.03109860543935722900 ) ) ;
#5013 = VERTEX_POINT ( 'NONE', #756 ) ;
#5012 = CARTESIAN_POINT ( 'NONE',  ( -11.19999999999999900, 50.89999999999999900, 11.30000000000000200 ) ) ;
#5014 = ORIENTED_EDGE ( 'NONE', *, *, #6855, .F. ) ;
#5015 = CARTESIAN_POINT ( 'NONE',  ( 6.628822145855039600, 3.000000000000000900, 13.27682715820686400 ) ) ;
#5016 = CARTESIAN_POINT ( 'NONE',  ( 13.40000000000000600, 5.000000000000000000, -19.80000000000000100 ) ) ;
#5017 = PLANE ( 'NONE',  #7758 ) ;
#5018 = DIRECTION ( 'NONE',  ( 0.0000000000000000000, 0.5000000000000054400, -0.8660254037844354900 ) ) ;
#5019 = LINE ( 'NONE', #945, #2785 ) ;
#5020 = ORIENTED_EDGE ( 'NONE', *, *, #6500, .F. ) ;
#5021 = EDGE_LOOP ( 'NONE', ( #8481, #498, #1882, #10051 ) ) ;
#5022 = AXIS2_PLACEMENT_3D ( 'NONE', #5417, #10350, #6385 ) ;
#5023 = ORIENTED_EDGE ( 'NONE', *, *, #7620, .F. ) ;
#5024 = DIRECTION ( 'NONE',  ( 0.0000000000000000000, 0.0000000000000000000, -1.000000000000000000 ) ) ;
#5025 = PLANE ( 'NONE',  #5503 ) ;
#5026 = CARTESIAN_POINT ( 'NONE',  ( -0.5999999999999937600, 38.80000000000000400, -10.50000000000000000 ) ) ;
#5027 = FACE_OUTER_BOUND ( 'NONE', #6014, .T. ) ;
#5028 = VECTOR ( 'NONE', #4690, 1000.000000000000000 ) ;
#5029 =( BOUNDED_CURVE ( )  B_SPLINE_CURVE ( 3, ( #1177, #391, #6261, #1249 ),
 .UNSPECIFIED., .F., .T. ) 
 B_SPLINE_CURVE_WITH_KNOTS ( ( 4, 4 ),
 ( 1.340186315508783200, 1.378046053862557000 ),
 .UNSPECIFIED. ) 
 CURVE ( )  GEOMETRIC_REPRESENTATION_ITEM ( )  RATIONAL_B_SPLINE_CURVE ( ( 1.000000000000000000, 0.9998805569178147400, 0.9998805569178147400, 1.000000000000000000 ) ) 
 REPRESENTATION_ITEM ( '' )  );
#5030 = CARTESIAN_POINT ( 'NONE',  ( 9.400000000000005700, 3.400000000000023900, -19.80000000000000100 ) ) ;
#5031 = CARTESIAN_POINT ( 'NONE',  ( -33.73576973346460800, 0.0000000000000000000, -34.20000000000001000 ) ) ;
#5032 = LINE ( 'NONE', #3554, #9171 ) ;
#5033 = EDGE_LOOP ( 'NONE', ( #2901, #7929, #2040, #3689 ) ) ;
#5034 = DIRECTION ( 'NONE',  ( 0.0000000000000000000, 0.0000000000000000000, -1.000000000000000000 ) ) ;
#5035 = CARTESIAN_POINT ( 'NONE',  ( -6.599999999999993400, 50.89999999999999900, 10.90000000000000400 ) ) ;
#5036 = CARTESIAN_POINT ( 'NONE',  ( 4.214988502441536300, 52.65837018413705600, 10.76666666666666900 ) ) ;
#5037 = LINE ( 'NONE', #4915, #9442 ) ;
#5038 = EDGE_CURVE ( 'NONE', #4335, #8891, #2824, .T. ) ;
#5039 = CARTESIAN_POINT ( 'NONE',  ( 0.7577885838827569400, 30.30000000000000800, 11.00000000000000000 ) ) ;
#5040 = LINE ( 'NONE', #3792, #599 ) ;
#5041 = CARTESIAN_POINT ( 'NONE',  ( -8.599999999999999600, 0.0000000000000000000, 30.20000000000000300 ) ) ;
#5042 = DIRECTION ( 'NONE',  ( 0.0000000000000000000, 0.0000000000000000000, 1.000000000000000000 ) ) ;
#5043 = VECTOR ( 'NONE', #7297, 1000.000000000000000 ) ;
#5044 = ORIENTED_EDGE ( 'NONE', *, *, #7876, .F. ) ;
#5045 = CARTESIAN_POINT ( 'NONE',  ( -0.6735733559504972800, 50.79999999999999700, 9.800000000000002500 ) ) ;
#5046 = ADVANCED_FACE ( 'NONE', ( #622 ), #2426, .T. ) ;
#5047 = VECTOR ( 'NONE', #2179, 1000.000000000000000 ) ;
#5048 = VERTEX_POINT ( 'NONE', #4922 ) ;
#5049 = DIRECTION ( 'NONE',  ( 0.0000000000000000000, -1.000000000000000000, 0.0000000000000000000 ) ) ;
#5050 = EDGE_CURVE ( 'NONE', #7480, #9145, #7010, .T. ) ;
#5051 = LINE ( 'NONE', #8970, #613 ) ;
#5052 = CARTESIAN_POINT ( 'NONE',  ( 9.634358147243872800, 3.418878932851070900, -19.79312863038751400 ) ) ;
#5053 = ORIENTED_EDGE ( 'NONE', *, *, #6185, .T. ) ;
#5054 = PLANE ( 'NONE',  #4193 ) ;
#5055 = DIRECTION ( 'NONE',  ( 0.0000000000000000000, 0.0000000000000000000, 1.000000000000000000 ) ) ;
#5056 = EDGE_CURVE ( 'NONE', #7900, #5374, #5061, .T. ) ;
#5057 = ORIENTED_EDGE ( 'NONE', *, *, #270, .F. ) ;
#5058 = ADVANCED_FACE ( 'NONE', ( #2561 ), #8948, .T. ) ;
#5059 = VECTOR ( 'NONE', #9612, 1000.000000000000000 ) ;
#5060 = ORIENTED_EDGE ( 'NONE', *, *, #5278, .F. ) ;
#5061 = LINE ( 'NONE', #5802, #373 ) ;
#5062 = AXIS2_PLACEMENT_3D ( 'NONE', #8486, #217, #6041 ) ;
#5063 = ORIENTED_EDGE ( 'NONE', *, *, #6528, .F. ) ;
#5064 = CARTESIAN_POINT ( 'NONE',  ( -35.70339983947765500, -2.458406800005640000, -33.97852919526545900 ) ) ;
#5065 = EDGE_CURVE ( 'NONE', #8059, #9213, #4814, .T. ) ;
#5066 = DIRECTION ( 'NONE',  ( 1.000000000000000000, -0.0000000000000000000, 0.0000000000000000000 ) ) ;
#5067 = CARTESIAN_POINT ( 'NONE',  ( 22.08852607105300000, -1.900000000000066300, 1.562049935181392100 ) ) ;
#5068 = CIRCLE ( 'NONE', #2232, 4.000000000000000000 ) ;
#5069 = DIRECTION ( 'NONE',  ( -0.0000000000000000000, 1.000000000000000000, -0.0000000000000000000 ) ) ;
#5070 = AXIS2_PLACEMENT_3D ( 'NONE', #5225, #7720, #2712 ) ;
#5071 = VECTOR ( 'NONE', #3911, 1000.000000000000000 ) ;
#5072 =( BOUNDED_CURVE ( )  B_SPLINE_CURVE ( 3, ( #8735, #2031, #5458, #451 ),
 .UNSPECIFIED., .F., .F. ) 
 B_SPLINE_CURVE_WITH_KNOTS ( ( 4, 4 ),
 ( 1.304713944198444800, 1.570796326794896600 ),
 .UNSPECIFIED. ) 
 CURVE ( )  GEOMETRIC_REPRESENTATION_ITEM ( )  RATIONAL_B_SPLINE_CURVE ( ( 1.000000000000000000, 0.9941087111324389300, 0.9941087111324389300, 1.000000000000000000 ) ) 
 REPRESENTATION_ITEM ( '' )  );
#5073 = CARTESIAN_POINT ( 'NONE',  ( 14.40000000000000600, 52.79999999999999700, -13.62938002992065600 ) ) ;
#5074 = CARTESIAN_POINT ( 'NONE',  ( -11.19999999999999900, 50.79999999999999700, -6.641154273188021800 ) ) ;
#5075 = ORIENTED_EDGE ( 'NONE', *, *, #7004, .F. ) ;
#5076 = ORIENTED_EDGE ( 'NONE', *, *, #8174, .T. ) ;
#5077 = AXIS2_PLACEMENT_3D ( 'NONE', #6573, #2413, #8231 ) ;
#5078 = DIRECTION ( 'NONE',  ( 0.0000000000000000000, 0.0000000000000000000, -1.000000000000000000 ) ) ;
#5079 = ADVANCED_FACE ( 'NONE', ( #115 ), #4275, .T. ) ;
#5080 = LINE ( 'NONE', #394, #2838 ) ;
#5081 = FACE_OUTER_BOUND ( 'NONE', #8915, .T. ) ;
#5082 = ORIENTED_EDGE ( 'NONE', *, *, #10162, .T. ) ;
#5083 = ORIENTED_EDGE ( 'NONE', *, *, #5364, .T. ) ;
#5084 = ORIENTED_EDGE ( 'NONE', *, *, #3102, .F. ) ;
#5085 = CARTESIAN_POINT ( 'NONE',  ( -10.06410161513777100, 3.000000000000000400, -20.40577136594004100 ) ) ;
#5086 = CARTESIAN_POINT ( 'NONE',  ( 3.488195292984409800, 52.60955884121004500, 10.87004640409807300 ) ) ;
#5087 = CARTESIAN_POINT ( 'NONE',  ( -33.73576973346460800, 0.0000000000000000000, 34.20000000000000300 ) ) ;
#5088 = CARTESIAN_POINT ( 'NONE',  ( 12.61202537022329100, -3.000000000000002700, 10.93117914242403700 ) ) ;
#5089 = CARTESIAN_POINT ( 'NONE',  ( -3.599999999999991700, 33.80000000000000400, 15.00000000000000200 ) ) ;
#5090 = DIRECTION ( 'NONE',  ( 0.0000000000000000000, -0.0000000000000000000, 1.000000000000000000 ) ) ;
#5091 = DIRECTION ( 'NONE',  ( -0.7511055241116854100, -0.6601821655035149400, 0.0000000000000000000 ) ) ;
#5092 = LINE ( 'NONE', #4408, #8711 ) ;
#5093 = CARTESIAN_POINT ( 'NONE',  ( -11.20000000000000100, 52.79999999999999700, 6.858022075225178600E-016 ) ) ;
#5094 = AXIS2_PLACEMENT_3D ( 'NONE', #6917, #1899, #7744 ) ;
#5095 = VECTOR ( 'NONE', #849, 1000.000000000000000 ) ;
#5096 = ORIENTED_EDGE ( 'NONE', *, *, #6325, .T. ) ;
#5097 = ORIENTED_EDGE ( 'NONE', *, *, #983, .F. ) ;
#5098 = VERTEX_POINT ( 'NONE', #6666 ) ;
#5099 = CARTESIAN_POINT ( 'NONE',  ( 0.3746794344809042900, 50.79999999999999700, -9.800000000000002500 ) ) ;
#5100 = ADVANCED_FACE ( 'NONE', ( #6487 ), #1657, .F. ) ;
#5101 = CARTESIAN_POINT ( 'NONE',  ( -36.81087848624680700, -1.141237889975464300, -33.64539031018727400 ) ) ;
#5102 = CARTESIAN_POINT ( 'NONE',  ( -0.5367646814325038900, -3.000000000000000000, -10.24208025555776300 ) ) ;
#5103 = LINE ( 'NONE', #4719, #7308 ) ;
#5104 = CARTESIAN_POINT ( 'NONE',  ( -2.884547686177434800E-015, 33.79999999999999700, 8.979274057836290600 ) ) ;
#5105 = CARTESIAN_POINT ( 'NONE',  ( 11.40000000000000000, -3.000000000000000000, -13.46987298107783100 ) ) ;
#5106 = EDGE_CURVE ( 'NONE', #458, #3074, #2035, .T. ) ;
#5107 = DIRECTION ( 'NONE',  ( -0.0000000000000000000, -1.000000000000000000, -0.0000000000000000000 ) ) ;
#5108 = ORIENTED_EDGE ( 'NONE', *, *, #1205, .F. ) ;
#5109 = DIRECTION ( 'NONE',  ( -1.000000000000000000, 0.0000000000000000000, -0.0000000000000000000 ) ) ;
#5110 = DIRECTION ( 'NONE',  ( 0.0000000000000000000, 0.0000000000000000000, 1.000000000000000000 ) ) ;
#5112 = VERTEX_POINT ( 'NONE', #9982 ) ;
#5111 = DIRECTION ( 'NONE',  ( 0.0000000000000000000, 1.000000000000000000, 0.0000000000000000000 ) ) ;
#5113 = VERTEX_POINT ( 'NONE', #5868 ) ;
#5114 = CARTESIAN_POINT ( 'NONE',  ( -4.728388050070773100, 52.79999999999999700, 10.90000000000000400 ) ) ;
#5115 = ADVANCED_FACE ( 'NONE', ( #4549 ), #7491, .F. ) ;
#5116 = PRODUCT_DEFINITION ( 'UNKNOWN', '', #5671, #6177 ) ;
#5117 = CARTESIAN_POINT ( 'NONE',  ( -0.5999999999999937600, 38.80000000000000400, -11.70000000000000100 ) ) ;
#5118 = CARTESIAN_POINT ( 'NONE',  ( -1.359545445123084000, 29.77006884295176200, 11.45087708364397000 ) ) ;
#5119 = EDGE_CURVE ( 'NONE', #2074, #6965, #6235, .T. ) ;
#5120 = CONICAL_SURFACE ( 'NONE', #3037, 0.04115427318801198600, 0.5235987755983027000 ) ;
#5121 = ORIENTED_EDGE ( 'NONE', *, *, #8425, .T. ) ;
#5122 = EDGE_CURVE ( 'NONE', #7432, #10064, #10211, .T. ) ;
#5123 = ORIENTED_EDGE ( 'NONE', *, *, #2025, .T. ) ;
#5124 = ORIENTED_EDGE ( 'NONE', *, *, #85, .F. ) ;
#5125 = CARTESIAN_POINT ( 'NONE',  ( 3.800000000000005200, 52.29999999999999700, -10.90000000000000400 ) ) ;
#5126 = CARTESIAN_POINT ( 'NONE',  ( 3.400000000000004400, 52.29999999999999700, 10.90000000000000400 ) ) ;
#5127 = CARTESIAN_POINT ( 'NONE',  ( -4.599999999999994300, 52.29999999999999700, -10.90000000000000400 ) ) ;
#5128 = PLANE ( 'NONE',  #1396 ) ;
#5129 = CARTESIAN_POINT ( 'NONE',  ( -0.3296345464737843200, 28.99474411170241700, 11.75358983846996500 ) ) ;
#5130 = DIRECTION ( 'NONE',  ( -0.0000000000000000000, -1.000000000000000000, -0.0000000000000000000 ) ) ;
#5131 = CARTESIAN_POINT ( 'NONE',  ( -4.785011497558461000, 52.65837018413705600, -10.76666666666667100 ) ) ;
#5132 = FACE_OUTER_BOUND ( 'NONE', #1623, .T. ) ;
#5133 = ORIENTED_EDGE ( 'NONE', *, *, #314, .T. ) ;
#5134 = EDGE_CURVE ( 'NONE', #8401, #8465, #10630, .T. ) ;
#5135 = ORIENTED_EDGE ( 'NONE', *, *, #5963, .F. ) ;
#5136 = ORIENTED_EDGE ( 'NONE', *, *, #6296, .F. ) ;
#5137 = ADVANCED_FACE ( 'NONE', ( #4010 ), #5973, .F. ) ;
#5138 = EDGE_CURVE ( 'NONE', #8229, #5329, #8690, .T. ) ;
#5139 = CARTESIAN_POINT ( 'NONE',  ( 13.40000000000000600, 5.000000000000000000, -19.80000000000000100 ) ) ;
#5140 = CARTESIAN_POINT ( 'NONE',  ( -3.599999999999999200, 34.54999999999999700, -13.00000000000000400 ) ) ;
#5141 = FACE_OUTER_BOUND ( 'NONE', #2107, .T. ) ;
#5142 = CARTESIAN_POINT ( 'NONE',  ( 0.7577885838706349700, 30.30000000000328300, 10.99999999999812100 ) ) ;
#5143 = EDGE_LOOP ( 'NONE', ( #2261, #797, #203, #3437 ) ) ;
#5144 = DIRECTION ( 'NONE',  ( 1.483275929709964300E-016, 0.9396926207859090900, -0.3420201433256666600 ) ) ;
#5145 = ORIENTED_EDGE ( 'NONE', *, *, #8944, .T. ) ;
#5146 = ORIENTED_EDGE ( 'NONE', *, *, #256, .F. ) ;
#5147 = VERTEX_POINT ( 'NONE', #928 ) ;
#5148 = CARTESIAN_POINT ( 'NONE',  ( 8.158845726811987800, 50.79999999999999700, -9.400000000000003900 ) ) ;
#5149 = CARTESIAN_POINT ( 'NONE',  ( 3.400000000000014600, 33.05000000000000400, 15.00000000000000200 ) ) ;
#5150 = CARTESIAN_POINT ( 'NONE',  ( 5.400000000000005700, 50.89999999999999900, 10.90000000000000400 ) ) ;
#5151 = B_SPLINE_CURVE_WITH_KNOTS ( 'NONE', 3,
 ( #6601, #1627, #8292, #3294, #9122, #4165, #9949, #4999 ),
 .UNSPECIFIED., .F., .F.,
 ( 4, 2, 2, 4 ),
 ( 0.0000000000000000000, 0.0006731083818828026800, 0.001009662572824202500, 0.001346216763765602300 ),
 .UNSPECIFIED. ) ;
#5152 = CARTESIAN_POINT ( 'NONE',  ( -5.099999999999995200, 52.79999999999999700, 10.90000000000000400 ) ) ;
#5153 = CARTESIAN_POINT ( 'NONE',  ( 0.1500000000000056300, 34.55000000000000400, -13.00000000000000400 ) ) ;
#5154 = FACE_OUTER_BOUND ( 'NONE', #4373, .T. ) ;
#5155 = DIRECTION ( 'NONE',  ( -1.000000000000000000, 0.0000000000000000000, 2.628368902995160100E-016 ) ) ;
#5156 = VERTEX_POINT ( 'NONE', #1726 ) ;
#5157 = VERTEX_POINT ( 'NONE', #6771 ) ;
#5158 = ORIENTED_EDGE ( 'NONE', *, *, #7541, .T. ) ;
#5159 = ORIENTED_EDGE ( 'NONE', *, *, #8113, .F. ) ;
#5160 = VERTEX_POINT ( 'NONE', #5105 ) ;
#5161 = ADVANCED_FACE ( 'NONE', ( #10100 ), #3478, .T. ) ;
#5162 = EDGE_CURVE ( 'NONE', #2015, #5816, #1779, .T. ) ;
#5163 = CYLINDRICAL_SURFACE ( 'NONE', #8122, 0.4411542731880182500 ) ;
#5164 = AXIS2_PLACEMENT_3D ( 'NONE', #2301, #3125, #8957 ) ;
#5165 = CARTESIAN_POINT ( 'NONE',  ( -5.099999999999995200, 52.29999999999999700, 10.50000000000000400 ) ) ;
#5166 = CIRCLE ( 'NONE', #7506, 1.000000000000000900 ) ;
#5167 = DIRECTION ( 'NONE',  ( 0.7511055241116725300, -0.6601821655035295900, 0.0000000000000000000 ) ) ;
#5168 = DIRECTION ( 'NONE',  ( -1.000000000000000000, 0.0000000000000000000, -3.212450881438533200E-016 ) ) ;
#5169 = CARTESIAN_POINT ( 'NONE',  ( 3.400000000000003900, 52.79999999999999700, 9.800000000000000700 ) ) ;
#5170 = ORIENTED_EDGE ( 'NONE', *, *, #3928, .F. ) ;
#5171 = CARTESIAN_POINT ( 'NONE',  ( 13.40000000000000600, 0.0000000000000000000, -13.62938002992065700 ) ) ;
#5172 = ORIENTED_EDGE ( 'NONE', *, *, #709, .T. ) ;
#5173 = CARTESIAN_POINT ( 'NONE',  ( -6.599999999999992500, 35.79999999999999700, 7.800000000000001600 ) ) ;
#5174 = LINE ( 'NONE', #10457, #974 ) ;
#5175 = FACE_OUTER_BOUND ( 'NONE', #5033, .T. ) ;
#5176 = ADVANCED_FACE ( 'NONE', ( #5713 ), #2598, .T. ) ;
#5177 = LINE ( 'NONE', #4314, #4901 ) ;
#5178 =( BOUNDED_CURVE ( )  B_SPLINE_CURVE ( 3, ( #2936, #9589, #484, #4916 ),
 .UNSPECIFIED., .F., .F. ) 
 B_SPLINE_CURVE_WITH_KNOTS ( ( 4, 4 ),
 ( 2.414817599270095500, 3.868367707909491100 ),
 .UNSPECIFIED. ) 
 CURVE ( )  GEOMETRIC_REPRESENTATION_ITEM ( )  RATIONAL_B_SPLINE_CURVE ( ( 1.000000000000000000, 0.8315474279732690800, 0.8315474279732690800, 1.000000000000000000 ) ) 
 REPRESENTATION_ITEM ( '' )  );
#5179 = AXIS2_PLACEMENT_3D ( 'NONE', #61, #7535, #5042 ) ;
#5180 = DIRECTION ( 'NONE',  ( 0.0000000000000000000, -1.000000000000000000, 0.0000000000000000000 ) ) ;
#5181 = EDGE_LOOP ( 'NONE', ( #1941, #8208, #10028, #7504 ) ) ;
#5182 = AXIS2_PLACEMENT_3D ( 'NONE', #7095, #2093, #7923 ) ;
#5183 = CARTESIAN_POINT ( 'NONE',  ( 3.900000000000004400, 52.79999999999999700, 10.90000000000000400 ) ) ;
#5185 = VERTEX_POINT ( 'NONE', #4297 ) ;
#5184 = CARTESIAN_POINT ( 'NONE',  ( 3.800000000000004700, 30.30000000000000800, 11.00000000000000200 ) ) ;
#5186 = CARTESIAN_POINT ( 'NONE',  ( -4.199999999999996600, 5.000000000000018700, 11.00000000000000200 ) ) ;
#5187 = CARTESIAN_POINT ( 'NONE',  ( 0.5709801439513539900, 32.65068458898192500, 10.20353387634259300 ) ) ;
#5188 = VECTOR ( 'NONE', #7587, 1000.000000000000000 ) ;
#5189 = ORIENTED_EDGE ( 'NONE', *, *, #8833, .F. ) ;
#5190 = ORIENTED_EDGE ( 'NONE', *, *, #5577, .F. ) ;
#5191 = LINE ( 'NONE', #7703, #9322 ) ;
#5192 = CARTESIAN_POINT ( 'NONE',  ( -0.08031932812495734500, 50.33260348984806100, -9.800000000000000700 ) ) ;
#5193 = EDGE_CURVE ( 'NONE', #3401, #4791, #1521, .T. ) ;
#5194 = ORIENTED_EDGE ( 'NONE', *, *, #791, .F. ) ;
#5195 = DIRECTION ( 'NONE',  ( 0.0000000000000000000, 0.0000000000000000000, -1.000000000000000000 ) ) ;
#5196 = CARTESIAN_POINT ( 'NONE',  ( -6.599999999991723600, 35.79999999999999700, 9.800000000000002500 ) ) ;
#5197 = CARTESIAN_POINT ( 'NONE',  ( -44.45135385998502600, 52.81990284774145300, 3.888989541128199600 ) ) ;
#5198 = EDGE_CURVE ( 'NONE', #2729, #5758, #1257, .T. ) ;
#5199 = DIRECTION ( 'NONE',  ( 1.000000000000000000, -0.0000000000000000000, -0.0000000000000000000 ) ) ;
#5200 = DIRECTION ( 'NONE',  ( -1.000000000000000000, 0.0000000000000000000, 0.0000000000000000000 ) ) ;
#5201 = AXIS2_PLACEMENT_3D ( 'NONE', #472, #6295, #1289 ) ;
#5202 = VECTOR ( 'NONE', #8346, 1000.000000000000000 ) ;
#5203 = ORIENTED_EDGE ( 'NONE', *, *, #4769, .F. ) ;
#5204 = VECTOR ( 'NONE', #10161, 999.9999999999998900 ) ;
#5205 = CARTESIAN_POINT ( 'NONE',  ( -0.5999999999999944300, 49.42626129027264900, 10.50000000000000000 ) ) ;
#5206 = EDGE_CURVE ( 'NONE', #8111, #4954, #8164, .T. ) ;
#5207 = PLANE ( 'NONE',  #6910 ) ;
#5208 = CIRCLE ( 'NONE', #7056, 8.799999999999998900 ) ;
#5209 = CARTESIAN_POINT ( 'NONE',  ( -0.8004675504936753500, 34.19647903100023700, 9.312680479916409100 ) ) ;
#5210 = DIRECTION ( 'NONE',  ( 0.0000000000000000000, 0.0000000000000000000, -1.000000000000000000 ) ) ;
#5211 = FACE_OUTER_BOUND ( 'NONE', #1506, .T. ) ;
#5212 = CARTESIAN_POINT ( 'NONE',  ( -6.599999999999992500, 50.79999999999999700, 6.241154273188012500 ) ) ;
#5213 = EDGE_CURVE ( 'NONE', #2815, #5907, #5461, .T. ) ;
#5214 = ORIENTED_EDGE ( 'NONE', *, *, #2172, .T. ) ;
#5215 = AXIS2_PLACEMENT_3D ( 'NONE', #5125, #142, #5962 ) ;
#5216 = FACE_OUTER_BOUND ( 'NONE', #584, .T. ) ;
#5217 = ADVANCED_FACE ( 'NONE', ( #9845 ), #743, .F. ) ;
#5218 = FACE_OUTER_BOUND ( 'NONE', #5882, .T. ) ;
#5219 = DIRECTION ( 'NONE',  ( 0.0000000000000000000, -1.000000000000000000, 0.0000000000000000000 ) ) ;
#5220 = CARTESIAN_POINT ( 'NONE',  ( 0.1689346443117211200, 33.79999999999999700, 8.979274057836304800 ) ) ;
#5221 = CARTESIAN_POINT ( 'NONE',  ( 3.498788260581765700, 52.03375334352232100, -10.76666675551936500 ) ) ;
#5222 = EDGE_CURVE ( 'NONE', #9824, #10672, #7391, .T. ) ;
#5223 = ORIENTED_EDGE ( 'NONE', *, *, #2397, .F. ) ;
#5224 = CARTESIAN_POINT ( 'NONE',  ( -0.2588660543331174300, 33.45112688117871600, 9.180696046900791900 ) ) ;
#5225 = CARTESIAN_POINT ( 'NONE',  ( 0.0000000000000000000, 0.0000000000000000000, 9.800000000000000700 ) ) ;
#5226 = ORIENTED_EDGE ( 'NONE', *, *, #10756, .F. ) ;
#5227 = LINE ( 'NONE', #4142, #2974 ) ;
#5228 = DIRECTION ( 'NONE',  ( 0.0000000000000000000, 0.0000000000000000000, -1.000000000000000000 ) ) ;
#5229 = VECTOR ( 'NONE', #4455, 999.9999999999998900 ) ;
#5230 = EDGE_CURVE ( 'NONE', #6622, #10147, #998, .T. ) ;
#5231 = CARTESIAN_POINT ( 'NONE',  ( 12.81764762517409500, 5.000000000000000000, 1.684475321377869000E-015 ) ) ;
#5232 = CARTESIAN_POINT ( 'NONE',  ( 5.400000000000003900, 52.81990284774145300, -11.30000000000000100 ) ) ;
#5233 = CARTESIAN_POINT ( 'NONE',  ( -30.33025804561337700, 5.000000000000000000, -26.20000000000000300 ) ) ;
#5234 = ADVANCED_FACE ( 'NONE', ( #9328 ), #2677, .T. ) ;
#5235 = ORIENTED_EDGE ( 'NONE', *, *, #839, .T. ) ;
#5236 = VERTEX_POINT ( 'NONE', #6055 ) ;
#5237 = CARTESIAN_POINT ( 'NONE',  ( 3.400000000000005200, 38.80000000000000400, 10.90000000000000400 ) ) ;
#5238 = AXIS2_PLACEMENT_3D ( 'NONE', #10579, #8152, #6457 ) ;
#5239 = DIRECTION ( 'NONE',  ( 0.4993147673772818100, 0.8660254037844415900, -0.02616797812147352000 ) ) ;
#5240 = ORIENTED_EDGE ( 'NONE', *, *, #2089, .T. ) ;
#5241 = LINE ( 'NONE', #2687, #9619 ) ;
#5242 =( BOUNDED_SURFACE ( )  B_SPLINE_SURFACE ( 3, 2, ( 
 ( #9026, #4018, #3693 ),
 ( #4380, #10157, #5221 ),
 ( #226, #6053, #1033 ),
 ( #6886, #1863, #7716 ),
 ( #2710, #8534, #3556 ),
 ( #9370, #4419, #10192 ) ),
 .UNSPECIFIED., .F., .F., .F. ) 
 B_SPLINE_SURFACE_WITH_KNOTS ( ( 4, 2, 4 ),
 ( 3, 3 ),
 ( 0.0003790122493140260400, 0.0006499964602233495700, 0.0009209806711326730400 ),
 ( 0.0000000000000000000, 1.000000000000000000 ),
 .UNSPECIFIED. ) 
 GEOMETRIC_REPRESENTATION_ITEM ( )  RATIONAL_B_SPLINE_SURFACE ( (
 ( 1.000000000000000000, 0.8164965809277088300, 1.000000000000000000),
 ( 1.000000000000000000, 0.8810678731624388400, 1.000000000000000000),
 ( 1.000000000000000000, 0.9263207691515806800, 1.000000000000000000),
 ( 1.000000000000000000, 0.9855849900694004800, 1.000000000000000000),
 ( 1.000000000000000000, 0.9999584033009004700, 1.000000000000000000),
 ( 1.000000000000000000, 1.000000000000000000, 1.000000000000000000) ) ) 
 REPRESENTATION_ITEM ( '' )  SURFACE ( )  );
#5243 = DIRECTION ( 'NONE',  ( -0.4472135954999611500, 0.7745966692414798500, -0.4472135954999608100 ) ) ;
#5244 = CARTESIAN_POINT ( 'NONE',  ( -8.277603299928223600, -3.000000000000000400, -28.20000000000001700 ) ) ;
#5245 = VERTEX_POINT ( 'NONE', #4420 ) ;
#5246 = CARTESIAN_POINT ( 'NONE',  ( -4.599999999999994300, 38.80000000000000400, -13.00000000000000400 ) ) ;
#5247 = CARTESIAN_POINT ( 'NONE',  ( -4.587179676972454900, 1.013692934009069000, -15.48269330410535700 ) ) ;
#5248 = DIRECTION ( 'NONE',  ( 0.0000000000000000000, 0.8660254037844366000, 0.5000000000000035500 ) ) ;
#5249 = DIRECTION ( 'NONE',  ( -0.0000000000000000000, 0.0000000000000000000, 1.000000000000000000 ) ) ;
#5250 = CIRCLE ( 'NONE', #2422, 4.000000000000000000 ) ;
#5251 = CARTESIAN_POINT ( 'NONE',  ( -1.618341437898068100, 30.49999999998511400, 11.13480762114177800 ) ) ;
#5252 = CARTESIAN_POINT ( 'NONE',  ( -4.242659754039997300, 5.000000000000000000, 19.21764762517409500 ) ) ;
#5253 = AXIS2_PLACEMENT_3D ( 'NONE', #8517, #3547, #9357 ) ;
#5254 = VERTEX_POINT ( 'NONE', #9333 ) ;
#5255 = ORIENTED_EDGE ( 'NONE', *, *, #6130, .F. ) ;
#5256 = ORIENTED_EDGE ( 'NONE', *, *, #3511, .F. ) ;
#5257 = CARTESIAN_POINT ( 'NONE',  ( -6.599999999999993400, -3.000000000000000000, -17.80000000000000400 ) ) ;
#5258 = FACE_OUTER_BOUND ( 'NONE', #3154, .T. ) ;
#5259 = ORIENTED_EDGE ( 'NONE', *, *, #531, .F. ) ;
#5260 = DIRECTION ( 'NONE',  ( -1.224646799147353200E-016, 1.000000000000000000, 0.0000000000000000000 ) ) ;
#5261 = ORIENTED_EDGE ( 'NONE', *, *, #2344, .T. ) ;
#5262 = ORIENTED_EDGE ( 'NONE', *, *, #2926, .F. ) ;
#5263 = ORIENTED_EDGE ( 'NONE', *, *, #10763, .T. ) ;
#5264 = CARTESIAN_POINT ( 'NONE',  ( -32.26512902280668300, -3.000000000000000000, -28.20000000000000300 ) ) ;
#5265 = EDGE_CURVE ( 'NONE', #6037, #5556, #9604, .T. ) ;
#5266 = AXIS2_PLACEMENT_3D ( 'NONE', #4129, #9883, #10690 ) ;
#5267 = DIRECTION ( 'NONE',  ( -1.314184451497581300E-016, 0.0000000000000000000, 1.000000000000000000 ) ) ;
#5268 = LINE ( 'NONE', #7898, #7198 ) ;
#5269 = CARTESIAN_POINT ( 'NONE',  ( -35.19780771448755300, 3.400363229070560300, -0.04147316555463490000 ) ) ;
#5270 = CARTESIAN_POINT ( 'NONE',  ( 6.282058237137910300, 5.000000000000013300, -10.99999999999999600 ) ) ;
#5271 = CARTESIAN_POINT ( 'NONE',  ( 3.400000000000014600, 33.05000000000000400, 14.60000000000000100 ) ) ;
#5272 = CARTESIAN_POINT ( 'NONE',  ( -0.5999999999999949800, 28.99474411167425500, 11.75358983848622600 ) ) ;
#5273 = CARTESIAN_POINT ( 'NONE',  ( 3.460526354612880600, 52.79999999999999700, 10.70000000000000300 ) ) ;
#5274 = CARTESIAN_POINT ( 'NONE',  ( 0.1500000000000059300, 33.05000000000000400, -12.60000000000000300 ) ) ;
#5275 = ORIENTED_EDGE ( 'NONE', *, *, #9192, .F. ) ;
#5276 = DIRECTION ( 'NONE',  ( 0.0000000000000000000, 2.503857664561900200E-015, -1.000000000000000000 ) ) ;
#5277 = ORIENTED_EDGE ( 'NONE', *, *, #1780, .T. ) ;
#5278 = EDGE_CURVE ( 'NONE', #8469, #10598, #7130, .T. ) ;
#5279 = EDGE_CURVE ( 'NONE', #4914, #4741, #2690, .T. ) ;
#5280 = VECTOR ( 'NONE', #5281, 1000.000000000000000 ) ;
#5281 = DIRECTION ( 'NONE',  ( 0.0000000000000000000, -1.000000000000000000, 0.0000000000000000000 ) ) ;
#5282 = CARTESIAN_POINT ( 'NONE',  ( 11.20000000000000300, -2.653589838486202000, 11.00000000000000400 ) ) ;
#5284 = VERTEX_POINT ( 'NONE', #10229 ) ;
#5283 = CARTESIAN_POINT ( 'NONE',  ( -1.349999999999993900, 36.80000000000000400, -12.60000000000000300 ) ) ;
#5285 = ORIENTED_EDGE ( 'NONE', *, *, #1957, .T. ) ;
#5286 = DIRECTION ( 'NONE',  ( -0.0000000000000000000, 1.000000000000000000, -0.0000000000000000000 ) ) ;
#5287 = DIRECTION ( 'NONE',  ( -0.0000000000000000000, -0.0000000000000000000, 1.000000000000000000 ) ) ;
#5288 = DIRECTION ( 'NONE',  ( 0.0000000000000000000, -1.000000000000000000, 0.0000000000000000000 ) ) ;
#5289 = ADVANCED_FACE ( 'NONE', ( #6880 ), #8568, .T. ) ;
#5290 = VECTOR ( 'NONE', #4926, 1000.000000000000000 ) ;
#5291 = EDGE_CURVE ( 'NONE', #3184, #416, #2428, .T. ) ;
#5292 = VERTEX_POINT ( 'NONE', #8609 ) ;
#5293 = ORIENTED_EDGE ( 'NONE', *, *, #7146, .T. ) ;
#5294 = ORIENTED_EDGE ( 'NONE', *, *, #2650, .T. ) ;
#5295 = EDGE_CURVE ( 'NONE', #7513, #2477, #1661, .T. ) ;
#5296 = AXIS2_PLACEMENT_3D ( 'NONE', #790, #6627, #1619 ) ;
#5297 = DIRECTION ( 'NONE',  ( -0.0000000000000000000, 0.0000000000000000000, 1.000000000000000000 ) ) ;
#5298 = DIRECTION ( 'NONE',  ( 1.000000000000000000, 0.0000000000000000000, 0.0000000000000000000 ) ) ;
#5299 = CARTESIAN_POINT ( 'NONE',  ( -5.577123616632820600, 52.29999999999999700, -10.76666666666667100 ) ) ;
#5300 = CARTESIAN_POINT ( 'NONE',  ( -4.587179676972462000, 3.513692934009087700, 19.81282032302754500 ) ) ;
#5301 = CARTESIAN_POINT ( 'NONE',  ( 6.730937953990014900, 35.03045690111044100, -8.244295915296920200 ) ) ;
#5302 = VECTOR ( 'NONE', #106, 1000.000000000000000 ) ;
#5303 = AXIS2_PLACEMENT_3D ( 'NONE', #5506, #501, #6330 ) ;
#5304 = ORIENTED_EDGE ( 'NONE', *, *, #1405, .T. ) ;
#5305 = ORIENTED_EDGE ( 'NONE', *, *, #4492, .F. ) ;
#5306 = ORIENTED_EDGE ( 'NONE', *, *, #6641, .T. ) ;
#5307 = DIRECTION ( 'NONE',  ( 0.0000000000000000000, 1.000000000000000000, 0.0000000000000000000 ) ) ;
#5308 = CARTESIAN_POINT ( 'NONE',  ( -4.688195292984787900, 51.99044115879008400, -10.87004640409797900 ) ) ;
#5309 = DIRECTION ( 'NONE',  ( 0.0000000000000000000, -1.000000000000000000, 0.0000000000000000000 ) ) ;
#5310 = LINE ( 'NONE', #1190, #3302 ) ;
#5311 = CARTESIAN_POINT ( 'NONE',  ( 11.20000000000000100, -3.000000000000000000, 6.858022075225178600E-016 ) ) ;
#5312 = CIRCLE ( 'NONE', #3288, 0.4771236166328258200 ) ;
#5313 = CARTESIAN_POINT ( 'NONE',  ( -4.599999999999996100, 50.89999999999999900, 10.90000000000000400 ) ) ;
#5314 = VECTOR ( 'NONE', #1001, 1000.000000000000000 ) ;
#5315 = ORIENTED_EDGE ( 'NONE', *, *, #240, .F. ) ;
#5316 = EDGE_CURVE ( 'NONE', #3699, #10185, #5512, .T. ) ;
#5317 = VERTEX_POINT ( 'NONE', #10297 ) ;
#5318 = VECTOR ( 'NONE', #2456, 1000.000000000000000 ) ;
#5319 = CARTESIAN_POINT ( 'NONE',  ( -6.599999999999993400, 50.89999999999999900, 10.90000000000000400 ) ) ;
#5320 = DIRECTION ( 'NONE',  ( -0.0000000000000000000, 0.0000000000000000000, 1.000000000000000000 ) ) ;
#5321 = LINE ( 'NONE', #3872, #6731 ) ;
#5322 = ORIENTED_EDGE ( 'NONE', *, *, #7707, .T. ) ;
#5323 = LINE ( 'NONE', #2262, #7505 ) ;
#5324 = B_SPLINE_CURVE_WITH_KNOTS ( 'NONE', 3,
 ( #7503, #8331, #9199, #4237 ),
 .UNSPECIFIED., .F., .F.,
 ( 4, 4 ),
 ( 6.133173666733496700E-019, 0.002174049574163299300 ),
 .UNSPECIFIED. ) ;
#5325 = DIRECTION ( 'NONE',  ( 0.0000000000000000000, 0.0000000000000000000, 1.000000000000000000 ) ) ;
#5326 = PLANE ( 'NONE',  #10222 ) ;
#5327 = DIRECTION ( 'NONE',  ( -1.000000000000000000, 0.0000000000000000000, 0.0000000000000000000 ) ) ;
#5328 = DIRECTION ( 'NONE',  ( -1.000000000000000000, -0.0000000000000000000, 2.628368902995160100E-016 ) ) ;
#5329 = VERTEX_POINT ( 'NONE', #7812 ) ;
#5330 = LINE ( 'NONE', #7975, #5047 ) ;
#5331 = EDGE_CURVE ( 'NONE', #40, #4610, #6610, .T. ) ;
#5332 = EDGE_LOOP ( 'NONE', ( #224, #6188, #6808, #7090 ) ) ;
#5333 = VECTOR ( 'NONE', #5579, 1000.000000000000000 ) ;
#5334 = PLANE ( 'NONE',  #4355 ) ;
#5335 = ORIENTED_EDGE ( 'NONE', *, *, #3141, .F. ) ;
#5336 = CARTESIAN_POINT ( 'NONE',  ( -1.349999999999994800, 34.55000000000000400, -12.60000000000000300 ) ) ;
#5337 = CARTESIAN_POINT ( 'NONE',  ( -6.599999999999992500, 35.80000000000000400, -7.800000000000003400 ) ) ;
#5338 = DIRECTION ( 'NONE',  ( -0.0000000000000000000, -1.000000000000000000, -0.0000000000000000000 ) ) ;
#5339 = DIRECTION ( 'NONE',  ( -0.4472135954999609300, 0.7745966692414798500, -0.4472135954999608700 ) ) ;
#5340 = CARTESIAN_POINT ( 'NONE',  ( -4.599999999999994300, 52.29999999999999700, -10.90000000000000400 ) ) ;
#5341 = LINE ( 'NONE', #3808, #620 ) ;
#5342 = EDGE_CURVE ( 'NONE', #6667, #5160, #8816, .T. ) ;
#5343 = LINE ( 'NONE', #4801, #9466 ) ;
#5344 = CARTESIAN_POINT ( 'NONE',  ( -1.086608491267909700, 34.19674318379281900, 9.401928341472853400 ) ) ;
#5345 = CARTESIAN_POINT ( 'NONE',  ( -4.599999999999993400, 52.29999999999999700, -10.90000000000000400 ) ) ;
#5346 = EDGE_CURVE ( 'NONE', #3573, #2214, #4674, .T. ) ;
#5347 = CARTESIAN_POINT ( 'NONE',  ( 7.436758775517181300, 3.000000000000000000, -12.15470053837925600 ) ) ;
#5348 = ORIENTED_EDGE ( 'NONE', *, *, #6868, .F. ) ;
#5349 = ORIENTED_EDGE ( 'NONE', *, *, #300, .F. ) ;
#5350 = ADVANCED_FACE ( 'NONE', ( #10753 ), #239, .F. ) ;
#5351 = CARTESIAN_POINT ( 'NONE',  ( -11.20000000000000100, 50.10717967697243600, -9.841154273188022800 ) ) ;
#5352 = CARTESIAN_POINT ( 'NONE',  ( -4.599999999999996100, 52.73947364538715000, 10.90000000000000400 ) ) ;
#5353 = FACE_OUTER_BOUND ( 'NONE', #8620, .T. ) ;
#5354 = FACE_OUTER_BOUND ( 'NONE', #6642, .T. ) ;
#5355 =( BOUNDED_CURVE ( )  B_SPLINE_CURVE ( 3, ( #8362, #3370, #9198, #4234 ),
 .UNSPECIFIED., .F., .F. ) 
 B_SPLINE_CURVE_WITH_KNOTS ( ( 4, 4 ),
 ( 3.141592653589954800, 3.172696273909569000 ),
 .UNSPECIFIED. ) 
 CURVE ( )  GEOMETRIC_REPRESENTATION_ITEM ( )  RATIONAL_B_SPLINE_CURVE ( ( 1.000000000000000000, 0.9999193820251179900, 0.9999193820251179900, 1.000000000000000000 ) ) 
 REPRESENTATION_ITEM ( '' )  );
#5356 = CARTESIAN_POINT ( 'NONE',  ( 11.20000000000000100, 52.79999999999999700, -11.00000000000000400 ) ) ;
#5357 = EDGE_CURVE ( 'NONE', #9411, #8797, #10492, .T. ) ;
#5358 = DIRECTION ( 'NONE',  ( -0.0000000000000000000, -1.000000000000000000, -0.0000000000000000000 ) ) ;
#5359 = PLANE ( 'NONE',  #1654 ) ;
#5360 = CARTESIAN_POINT ( 'NONE',  ( -8.199999999999992200, 33.07128129211020000, 9.400000000000003900 ) ) ;
#5361 = CARTESIAN_POINT ( 'NONE',  ( -5.099999999999995200, 52.29999999999999700, -10.50000000000000400 ) ) ;
#5362 = LINE ( 'NONE', #10294, #8966 ) ;
#5363 = PLANE ( 'NONE',  #386 ) ;
#5364 = EDGE_CURVE ( 'NONE', #1406, #3311, #1894, .T. ) ;
#5365 = AXIS2_PLACEMENT_3D ( 'NONE', #7009, #4548, #10322 ) ;
#5366 = LINE ( 'NONE', #5643, #3101 ) ;
#5367 = ORIENTED_EDGE ( 'NONE', *, *, #1073, .F. ) ;
#5368 = ORIENTED_EDGE ( 'NONE', *, *, #1758, .T. ) ;
#5369 = CARTESIAN_POINT ( 'NONE',  ( -8.643122302189109300, -2.648912529308671300, 34.20000000000002400 ) ) ;
#5370 = LINE ( 'NONE', #494, #1429 ) ;
#5371 = VECTOR ( 'NONE', #2347, 1000.000000000000000 ) ;
#5372 = CARTESIAN_POINT ( 'NONE',  ( 5.800000000000004300, 51.19999999999999600, 13.00000000000000200 ) ) ;
#5373 = DIRECTION ( 'NONE',  ( 0.4472135954999608700, -0.7745966692414799600, -0.4472135954999608700 ) ) ;
#5374 = VERTEX_POINT ( 'NONE', #5475 ) ;
#5375 = EDGE_LOOP ( 'NONE', ( #7063, #8323, #7311, #9809, #4633 ) ) ;
#5376 = ORIENTED_EDGE ( 'NONE', *, *, #5056, .T. ) ;
#5377 = EDGE_CURVE ( 'NONE', #9300, #10348, #2161, .T. ) ;
#5378 = CARTESIAN_POINT ( 'NONE',  ( -0.4651435497823730400, 33.79999999999999700, 8.979274057836304800 ) ) ;
#5379 = CARTESIAN_POINT ( 'NONE',  ( -8.948805684721969900, -0.3510874706924020900, -34.20000000000001700 ) ) ;
#5380 = CARTESIAN_POINT ( 'NONE',  ( -45.06175324714763500, -3.000000000000000000, -4.235278704280370100 ) ) ;
#5381 = CARTESIAN_POINT ( 'NONE',  ( 11.40000000000000600, 3.000000000000000400, -14.33589838486222600 ) ) ;
#5382 = AXIS2_PLACEMENT_3D ( 'NONE', #5165, #5996, #986 ) ;
#5383 =( BOUNDED_CURVE ( )  B_SPLINE_CURVE ( 3, ( #1624, #1559, #8290, #3292 ),
 .UNSPECIFIED., .F., .F. ) 
 B_SPLINE_CURVE_WITH_KNOTS ( ( 4, 4 ),
 ( 1.570796326794900300, 3.141592653589793100 ),
 .UNSPECIFIED. ) 
 CURVE ( )  GEOMETRIC_REPRESENTATION_ITEM ( )  RATIONAL_B_SPLINE_CURVE ( ( 1.000000000000000000, 0.8047378541243658300, 0.8047378541243658300, 1.000000000000000000 ) ) 
 REPRESENTATION_ITEM ( '' )  );
#5384 = DIRECTION ( 'NONE',  ( 1.000000000000000000, 0.0000000000000000000, 0.0000000000000000000 ) ) ;
#5385 = ORIENTED_EDGE ( 'NONE', *, *, #8889, .T. ) ;
#5386 = SURFACE_STYLE_FILL_AREA ( #10664 ) ;
#5387 = VERTEX_POINT ( 'NONE', #9579 ) ;
#5388 = VERTEX_POINT ( 'NONE', #2964 ) ;
#5389 = ORIENTED_EDGE ( 'NONE', *, *, #4099, .F. ) ;
#5390 = DIRECTION ( 'NONE',  ( 0.0000000000000000000, 0.0000000000000000000, -1.000000000000000000 ) ) ;
#5391 = DIRECTION ( 'NONE',  ( -0.0000000000000000000, 1.000000000000000000, -0.0000000000000000000 ) ) ;
#5392 = CARTESIAN_POINT ( 'NONE',  ( 3.506222361897218600, 51.95389021182204200, 10.90000000000001300 ) ) ;
#5393 = VECTOR ( 'NONE', #3244, 1000.000000000000000 ) ;
#5394 = ORIENTED_EDGE ( 'NONE', *, *, #1205, .T. ) ;
#5395 = ADVANCED_FACE ( 'NONE', ( #1639 ), #1290, .F. ) ;
#5396 = ORIENTED_EDGE ( 'NONE', *, *, #6325, .F. ) ;
#5397 = ORIENTED_EDGE ( 'NONE', *, *, #2784, .T. ) ;
#5398 = ORIENTED_EDGE ( 'NONE', *, *, #4280, .F. ) ;
#5399 = CARTESIAN_POINT ( 'NONE',  ( -5.833542585032139600, -1.798189638161868300, 33.63020139392998000 ) ) ;
#5400 = CARTESIAN_POINT ( 'NONE',  ( -33.73576973346460800, 52.81990284774145300, -34.20000000000001700 ) ) ;
#5401 = VECTOR ( 'NONE', #6713, 1000.000000000000000 ) ;
#5402 = CARTESIAN_POINT ( 'NONE',  ( -30.33025804561338000, 0.0000000000000000000, 30.19999999999999600 ) ) ;
#5403 = CARTESIAN_POINT ( 'NONE',  ( 3.528388050070808500, 52.79999999999999700, -10.90000000000000400 ) ) ;
#5404 = EDGE_CURVE ( 'NONE', #8701, #8038, #8288, .T. ) ;
#5405 = VERTEX_POINT ( 'NONE', #506 ) ;
#5406 = EDGE_LOOP ( 'NONE', ( #5023, #4870, #323, #4333 ) ) ;
#5407 = EDGE_LOOP ( 'NONE', ( #10695, #3743, #6105, #9918 ) ) ;
#5408 = CARTESIAN_POINT ( 'NONE',  ( -0.1343421895015513300, 33.74055958816968800, 9.393113305486981100 ) ) ;
#5409 = DIRECTION ( 'NONE',  ( -0.0000000000000000000, 1.000000000000000000, -0.0000000000000000000 ) ) ;
#5410 = LINE ( 'NONE', #5231, #943 ) ;
#5411 = DIRECTION ( 'NONE',  ( 1.000000000000000000, 0.0000000000000000000, 0.0000000000000000000 ) ) ;
#5412 = ORIENTED_EDGE ( 'NONE', *, *, #3068, .F. ) ;
#5413 = EDGE_CURVE ( 'NONE', #1161, #8962, #10010, .T. ) ;
#5414 = VERTEX_POINT ( 'NONE', #2156 ) ;
#5415 = ORIENTED_EDGE ( 'NONE', *, *, #238, .F. ) ;
#5416 = EDGE_CURVE ( 'NONE', #5494, #7312, #3609, .T. ) ;
#5417 = CARTESIAN_POINT ( 'NONE',  ( -33.73576973346460800, -3.000000000000000000, -25.40000000000000900 ) ) ;
#5418 = DIRECTION ( 'NONE',  ( 1.000000000000000000, 0.0000000000000000000, 0.0000000000000000000 ) ) ;
#5419 = CARTESIAN_POINT ( 'NONE',  ( -34.61458205331721400, 4.999999999999999100, -0.08294131588531403200 ) ) ;
#5420 = VECTOR ( 'NONE', #7005, 1000.000000000000000 ) ;
#5421 = CARTESIAN_POINT ( 'NONE',  ( -9.799999999999993600, 30.30000000000003600, 11.00000000000000400 ) ) ;
#5422 = CARTESIAN_POINT ( 'NONE',  ( 0.0000000000000000000, 33.79999999999999700, -8.979274057836294200 ) ) ;
#5423 = EDGE_LOOP ( 'NONE', ( #7215, #162, #4164, #2663 ) ) ;
#5424 = CARTESIAN_POINT ( 'NONE',  ( 5.400000000000016300, 52.79999999999999700, -1.851180425995419400E-014 ) ) ;
#5425 = ORIENTED_EDGE ( 'NONE', *, *, #5377, .T. ) ;
#5426 = CARTESIAN_POINT ( 'NONE',  ( 8.600000000000005000, 50.10717967697243600, 9.400000000000002100 ) ) ;
#5427 = CARTESIAN_POINT ( 'NONE',  ( 3.399957109099620100, 52.23540378295109600, 10.88355492213434900 ) ) ;
#5428 = ORIENTED_EDGE ( 'NONE', *, *, #425, .F. ) ;
#5429 = ORIENTED_EDGE ( 'NONE', *, *, #3138, .F. ) ;
#5430 = CARTESIAN_POINT ( 'NONE',  ( 7.069872981077835100, -3.000000000000000000, -17.80000000000000400 ) ) ;
#5431 = EDGE_CURVE ( 'NONE', #1613, #6537, #5839, .T. ) ;
#5432 = LINE ( 'NONE', #8327, #3169 ) ;
#5433 = LINE ( 'NONE', #10444, #3172 ) ;
#5434 = DIRECTION ( 'NONE',  ( 1.848564704087784300E-013, 0.0000000000000000000, 1.000000000000000000 ) ) ;
#5436 = EDGE_LOOP ( 'NONE', ( #182, #2268, #9885 ) ) ;
#5435 = DIRECTION ( 'NONE',  ( 0.6601821655035309300, 0.7511055241116713100, 2.863083752300444300E-015 ) ) ;
#5437 = DIRECTION ( 'NONE',  ( -0.05233595624294717900, 0.0000000000000000000, 0.9986295347545737200 ) ) ;
#5438 = CONICAL_SURFACE ( 'NONE', #1884, 1.199999999999999700, 0.3490658503988626800 ) ;
#5439 = CARTESIAN_POINT ( 'NONE',  ( 3.900000000000005700, 52.79999999999999700, -10.90000000000000400 ) ) ;
#5440 = VECTOR ( 'NONE', #4052, 1000.000000000000000 ) ;
#5441 = LINE ( 'NONE', #10030, #7631 ) ;
#5442 = CARTESIAN_POINT ( 'NONE',  ( -11.19999999999999900, 50.79999999999999700, -9.841154273188021100 ) ) ;
#5443 = LINE ( 'NONE', #8077, #2931 ) ;
#5444 = CARTESIAN_POINT ( 'NONE',  ( -2.599999999999996500, 52.79999999999999700, 12.60000000000000100 ) ) ;
#5445 = ORIENTED_EDGE ( 'NONE', *, *, #3464, .F. ) ;
#5446 = CARTESIAN_POINT ( 'NONE',  ( -0.5999999999999944300, 38.80000000000000400, 10.50000000000000000 ) ) ;
#5447 = DIRECTION ( 'NONE',  ( 0.0000000000000000000, 0.0000000000000000000, -1.000000000000000000 ) ) ;
#5448 = ADVANCED_FACE ( 'NONE', ( #9960 ), #1127, .F. ) ;
#5449 = DIRECTION ( 'NONE',  ( 0.0000000000000000000, -0.0000000000000000000, -1.000000000000000000 ) ) ;
#5450 = CARTESIAN_POINT ( 'NONE',  ( -0.02584831334036218800, 33.94209476213235600, 9.378416160600698600 ) ) ;
#5451 = DIRECTION ( 'NONE',  ( -0.3141328382098646500, -0.8921244774085890200, -0.3247067550370133500 ) ) ;
#5452 = CIRCLE ( 'NONE', #9553, 0.4771236166328258200 ) ;
#5453 = ORIENTED_EDGE ( 'NONE', *, *, #6239, .T. ) ;
#5454 = LINE ( 'NONE', #9325, #9572 ) ;
#5455 = CARTESIAN_POINT ( 'NONE',  ( -0.02329901676553080100, 34.18231965798501900, 9.447661662802119100 ) ) ;
#5456 = DIRECTION ( 'NONE',  ( -1.000000000000000000, 2.908635691889093000E-014, 0.0000000000000000000 ) ) ;
#5457 = DIRECTION ( 'NONE',  ( 0.0000000000000000000, -1.000000000000000000, 0.0000000000000000000 ) ) ;
#5458 = CARTESIAN_POINT ( 'NONE',  ( -8.199999999999990400, 33.31780555794899400, -9.257669148756184200 ) ) ;
#5459 = CIRCLE ( 'NONE', #4967, 1.699999999999986200 ) ;
#5460 = CARTESIAN_POINT ( 'NONE',  ( -4.599999999999992500, 3.400000000000023900, -19.80000000000000100 ) ) ;
#5461 = LINE ( 'NONE', #6011, #9582 ) ;
#5462 = CARTESIAN_POINT ( 'NONE',  ( -0.5999999999999944300, 38.80000000000000400, 10.50000000000000000 ) ) ;
#5463 = DIRECTION ( 'NONE',  ( 0.0000000000000000000, 0.0000000000000000000, -1.000000000000000000 ) ) ;
#5464 = ORIENTED_EDGE ( 'NONE', *, *, #3353, .T. ) ;
#5465 = ORIENTED_EDGE ( 'NONE', *, *, #7146, .F. ) ;
#5466 = EDGE_CURVE ( 'NONE', #5388, #6851, #5585, .T. ) ;
#5467 = AXIS2_PLACEMENT_3D ( 'NONE', #1351, #6354, #3334 ) ;
#5468 = FACE_OUTER_BOUND ( 'NONE', #9474, .T. ) ;
#5469 = ORIENTED_EDGE ( 'NONE', *, *, #3052, .T. ) ;
#5470 = VECTOR ( 'NONE', #7534, 1000.000000000000000 ) ;
#5471 = PLANE ( 'NONE',  #5846 ) ;
#5472 = CARTESIAN_POINT ( 'NONE',  ( -1.601456042558181000, 33.52580736242569500, 9.824594599725987400 ) ) ;
#5473 = CARTESIAN_POINT ( 'NONE',  ( 6.943693519319972500, 33.79999999999999700, 8.979274057836292400 ) ) ;
#5474 = ORIENTED_EDGE ( 'NONE', *, *, #5680, .F. ) ;
#5475 = CARTESIAN_POINT ( 'NONE',  ( 8.930127018922183500, 1.277945491468363900, 11.00000000000000200 ) ) ;
#5476 = ORIENTED_EDGE ( 'NONE', *, *, #8452, .F. ) ;
#5477 = CARTESIAN_POINT ( 'NONE',  ( -4.599999999999996100, 52.79999999999999700, 15.00000000000000200 ) ) ;
#5478 = EDGE_CURVE ( 'NONE', #1587, #6260, #3551, .T. ) ;
#5479 =( BOUNDED_SURFACE ( )  B_SPLINE_SURFACE ( 3, 2, ( 
 ( #1119, #1943, #10234 ),
 ( #8612, #3640, #9448 ),
 ( #4495, #10267, #5344 ),
 ( #337, #6162, #1155 ),
 ( #6994, #1979, #7817 ),
 ( #2825, #8655, #3675 ),
 ( #9480, #4532, #10302 ),
 ( #5378, #374, #6198 ),
 ( #1189, #7027, #2013 ),
 ( #7852, #2857, #8692 ),
 ( #3709, #9513, #4565 ),
 ( #10342, #5408, #402 ),
 ( #6237, #1223, #7059 ),
 ( #2057, #7891, #2893 ) ),
 .UNSPECIFIED., .F., .F., .F. ) 
 B_SPLINE_SURFACE_WITH_KNOTS ( ( 4, 2, 2, 2, 2, 2, 4 ),
 ( 3, 3 ),
 ( 0.0006608259628918694000, 0.0008625124104860741300, 0.001064198858080278800, 0.001467571753268688500, 0.001870944648457098200, 0.002072631096051302900, 0.002274317543645507600 ),
 ( 0.0000000000000000000, 1.000000000000000000 ),
 .UNSPECIFIED. ) 
 GEOMETRIC_REPRESENTATION_ITEM ( )  RATIONAL_B_SPLINE_SURFACE ( (
 ( 1.000000000000000000, 0.6098061980608297000, 1.000000000000000000),
 ( 1.000000000000000000, 0.6359248760299870400, 1.000000000000000000),
 ( 1.000000000000000000, 0.6596780602364725700, 1.000000000000000000),
 ( 1.000000000000000000, 0.7009378567343264000, 1.000000000000000000),
 ( 1.000000000000000000, 0.7181679248824830400, 1.000000000000000000),
 ( 1.000000000000000000, 0.7597575219880180500, 1.000000000000000000),
 ( 1.000000000000000000, 0.7740972779830879200, 1.000000000000000000),
 ( 1.000000000000000000, 0.7739233333081081400, 1.000000000000000000),
 ( 1.000000000000000000, 0.7598367456078992700, 1.000000000000000000),
 ( 1.000000000000000000, 0.7177354228871711800, 1.000000000000000000),
 ( 1.000000000000000000, 0.7002412392967878300, 1.000000000000000000),
 ( 1.000000000000000000, 0.6592160701981866200, 1.000000000000000000),
 ( 1.000000000000000000, 0.6356166690000785200, 1.000000000000000000),
 ( 1.000000000000000000, 0.6091630402902076200, 1.000000000000000000) ) ) 
 REPRESENTATION_ITEM ( '' )  SURFACE ( )  );
#5480 = LINE ( 'NONE', #8520, #9600 ) ;
#5481 = CARTESIAN_POINT ( 'NONE',  ( -4.785011497558461000, 52.65837018413705600, 10.76666666666667100 ) ) ;
#5482 = EDGE_CURVE ( 'NONE', #3858, #2240, #3331, .T. ) ;
#5483 = CARTESIAN_POINT ( 'NONE',  ( 0.2561132984500019100, 49.69085246544610600, -9.800000000000002500 ) ) ;
#5484 = CARTESIAN_POINT ( 'NONE',  ( 7.000000000000005300, 48.10000000000002300, -9.400000000000003900 ) ) ;
#5485 = AXIS2_PLACEMENT_3D ( 'NONE', #615, #5938, #10044 ) ;
#5486 = CARTESIAN_POINT ( 'NONE',  ( -6.599999999999993400, 50.79999999999999700, -10.90000000000000400 ) ) ;
#5487 = FACE_OUTER_BOUND ( 'NONE', #266, .T. ) ;
#5488 = LINE ( 'NONE', #1900, #769 ) ;
#5489 = CARTESIAN_POINT ( 'NONE',  ( -4.599999999999995200, 52.29999999999999700, 10.90000000000000400 ) ) ;
#5490 = CARTESIAN_POINT ( 'NONE',  ( 0.4867301630655929700, 33.79999999999999700, 8.979274057836304800 ) ) ;
#5491 = EDGE_CURVE ( 'NONE', #7944, #2136, #7775, .T. ) ;
#5492 = DIRECTION ( 'NONE',  ( 0.0000000000000000000, 0.0000000000000000000, 1.000000000000000000 ) ) ;
#5493 = CARTESIAN_POINT ( 'NONE',  ( 0.4183414379020997100, 30.50000000000001100, 11.13480762113532800 ) ) ;
#5494 = VERTEX_POINT ( 'NONE', #10565 ) ;
#5495 = CARTESIAN_POINT ( 'NONE',  ( 5.400000000000005700, 33.79999999999999700, 9.400000000000002100 ) ) ;
#5496 = CARTESIAN_POINT ( 'NONE',  ( 3.400000000000014100, 52.45113308919622600, -10.89999999999999300 ) ) ;
#5497 = EDGE_CURVE ( 'NONE', #5098, #7266, #6049, .T. ) ;
#5498 = AXIS2_PLACEMENT_3D ( 'NONE', #1048, #2723, #4430 ) ;
#5499 = LINE ( 'NONE', #8545, #3236 ) ;
#5500 = ADVANCED_FACE ( 'NONE', ( #858 ), #8102, .T. ) ;
#5501 = ORIENTED_EDGE ( 'NONE', *, *, #7956, .T. ) ;
#5502 = ORIENTED_EDGE ( 'NONE', *, *, #1056, .F. ) ;
#5503 = AXIS2_PLACEMENT_3D ( 'NONE', #5139, #7636, #2630 ) ;
#5504 = LINE ( 'NONE', #1782, #2734 ) ;
#5505 = VERTEX_POINT ( 'NONE', #10597 ) ;
#5506 = CARTESIAN_POINT ( 'NONE',  ( 5.400000000000005700, 33.79999999999999700, -9.400000000000003900 ) ) ;
#5507 = CARTESIAN_POINT ( 'NONE',  ( -1.836850393130701600, 31.52439291634905100, 10.29309642015215700 ) ) ;
#5508 = ORIENTED_EDGE ( 'NONE', *, *, #6887, .T. ) ;
#5509 = ORIENTED_EDGE ( 'NONE', *, *, #4585, .F. ) ;
#5510 = ORIENTED_EDGE ( 'NONE', *, *, #112, .T. ) ;
#5511 = CARTESIAN_POINT ( 'NONE',  ( -6.599999999999992500, 50.10717967697243600, 6.641154273188021800 ) ) ;
#5512 =( BOUNDED_CURVE ( )  B_SPLINE_CURVE ( 3, ( #332, #5301, #2822, #8649 ),
 .UNSPECIFIED., .F., .F. ) 
 B_SPLINE_CURVE_WITH_KNOTS ( ( 4, 4 ),
 ( 4.994425376240752900, 6.283185307179586200 ),
 .UNSPECIFIED. ) 
 CURVE ( )  GEOMETRIC_REPRESENTATION_ITEM ( )  RATIONAL_B_SPLINE_CURVE ( ( 1.000000000000000000, 0.8663149180710663100, 0.8663149180710663100, 1.000000000000000000 ) ) 
 REPRESENTATION_ITEM ( '' )  );
#5513 = ORIENTED_EDGE ( 'NONE', *, *, #9216, .F. ) ;
#5514 = VECTOR ( 'NONE', #2708, 1000.000000000000100 ) ;
#5515 = VERTEX_POINT ( 'NONE', #8897 ) ;
#5516 = EDGE_CURVE ( 'NONE', #7064, #7363, #3073, .T. ) ;
#5517 = DIRECTION ( 'NONE',  ( 0.0000000000000000000, 0.0000000000000000000, 1.000000000000000000 ) ) ;
#5518 = PLANE ( 'NONE',  #2248 ) ;
#5519 = CARTESIAN_POINT ( 'NONE',  ( 3.900000000000003900, 52.29999999999999700, 10.50000000000000400 ) ) ;
#5520 = PLANE ( 'NONE',  #4259 ) ;
#5521 = VERTEX_POINT ( 'NONE', #640 ) ;
#5522 = CARTESIAN_POINT ( 'NONE',  ( -1.957788583865749400, 30.30000000000000800, 11.00000000000000000 ) ) ;
#5523 = DIRECTION ( 'NONE',  ( 1.000000000000000000, 0.0000000000000000000, 0.0000000000000000000 ) ) ;
#5524 = ORIENTED_EDGE ( 'NONE', *, *, #9957, .F. ) ;
#5525 = LINE ( 'NONE', #6998, #7453 ) ;
#5526 = PLANE ( 'NONE',  #6668 ) ;
#5527 = ORIENTED_EDGE ( 'NONE', *, *, #4713, .F. ) ;
#5528 = DIRECTION ( 'NONE',  ( 0.0000000000000000000, -1.000000000000000000, 0.0000000000000000000 ) ) ;
#5530 = VERTEX_POINT ( 'NONE', #4819 ) ;
#5529 = CARTESIAN_POINT ( 'NONE',  ( 11.20000000000000100, 50.79999999999999700, -9.841154273188021100 ) ) ;
#5531 = EDGE_LOOP ( 'NONE', ( #10481, #5135, #5394, #2211 ) ) ;
#5532 = CARTESIAN_POINT ( 'NONE',  ( 13.40000000000000000, 3.400000000000023900, 15.80000000000000400 ) ) ;
#5533 = AXIS2_PLACEMENT_3D ( 'NONE', #277, #5286, #10219 ) ;
#5534 = VECTOR ( 'NONE', #9393, 1000.000000000000000 ) ;
#5535 = ORIENTED_EDGE ( 'NONE', *, *, #5038, .F. ) ;
#5536 = ORIENTED_EDGE ( 'NONE', *, *, #5106, .T. ) ;
#5537 = ORIENTED_EDGE ( 'NONE', *, *, #1681, .F. ) ;
#5538 = EDGE_CURVE ( 'NONE', #6094, #9889, #9709, .T. ) ;
#5539 = PLANE ( 'NONE',  #7878 ) ;
#5540 = CARTESIAN_POINT ( 'NONE',  ( 4.151995843260904100, 52.74355634447700000, 10.85901645101336200 ) ) ;
#5541 = DIRECTION ( 'NONE',  ( 0.0000000000000000000, 1.000000000000000000, 0.0000000000000000000 ) ) ;
#5542 = EDGE_CURVE ( 'NONE', #1352, #1753, #5051, .T. ) ;
#5543 = CYLINDRICAL_SURFACE ( 'NONE', #5785, 4.000000000000000000 ) ;
#5544 = AXIS2_PLACEMENT_3D ( 'NONE', #5754, #1576, #7412 ) ;
#5545 = ORIENTED_EDGE ( 'NONE', *, *, #9279, .F. ) ;
#5546 = ORIENTED_EDGE ( 'NONE', *, *, #5693, .T. ) ;
#5547 = ORIENTED_EDGE ( 'NONE', *, *, #10099, .T. ) ;
#5548 = B_SPLINE_CURVE_WITH_KNOTS ( 'NONE', 3,
 ( #6952, #1109, #8602, #3632 ),
 .UNSPECIFIED., .F., .F.,
 ( 4, 4 ),
 ( -4.495778883729225900E-006, 0.0003775161607630006700 ),
 .UNSPECIFIED. ) ;
#5549 = CARTESIAN_POINT ( 'NONE',  ( -0.5999999999999944300, 49.42626129027264900, 10.50000000000000000 ) ) ;
#5550 = CARTESIAN_POINT ( 'NONE',  ( -5.046128955583973200, 52.79999999999999700, -10.86708516314661200 ) ) ;
#5551 = ADVANCED_FACE ( 'NONE', ( #9193 ), #7309, .T. ) ;
#5552 = DIRECTION ( 'NONE',  ( 0.0000000000000000000, -1.000000000000000000, 0.0000000000000000000 ) ) ;
#5553 = LINE ( 'NONE', #10000, #9677 ) ;
#5554 = EDGE_CURVE ( 'NONE', #573, #4969, #4711, .T. ) ;
#5555 = CARTESIAN_POINT ( 'NONE',  ( -5.798641030756389500E-015, 3.000000000000000400, 24.73589838486222400 ) ) ;
#5556 = VERTEX_POINT ( 'NONE', #3994 ) ;
#5557 = VERTEX_POINT ( 'NONE', #10669 ) ;
#5558 = ORIENTED_EDGE ( 'NONE', *, *, #7, .F. ) ;
#5559 = EDGE_CURVE ( 'NONE', #6965, #1036, #8880, .T. ) ;
#5560 = AXIS2_PLACEMENT_3D ( 'NONE', #2582, #8413, #3430 ) ;
#5561 = CARTESIAN_POINT ( 'NONE',  ( -30.33025804561338000, 3.400000000000023900, 30.19999999999999600 ) ) ;
#5562 = LINE ( 'NONE', #8656, #9685 ) ;
#5563 = FACE_OUTER_BOUND ( 'NONE', #3688, .T. ) ;
#5564 = CARTESIAN_POINT ( 'NONE',  ( 0.07659450094433942200, 34.15152261664422900, 9.507606641199140900 ) ) ;
#5565 = CARTESIAN_POINT ( 'NONE',  ( 9.400000000000005700, 5.000000000000000000, -19.80000000000000100 ) ) ;
#5566 = VECTOR ( 'NONE', #5977, 1000.000000000000000 ) ;
#5567 = CARTESIAN_POINT ( 'NONE',  ( -33.75695522391647100, 4.999999999999997300, -25.98327156378788800 ) ) ;
#5568 = CARTESIAN_POINT ( 'NONE',  ( 13.57107546441064000, 5.352664863265175700, 12.78194042945240700 ) ) ;
#5569 = ORIENTED_EDGE ( 'NONE', *, *, #520, .F. ) ;
#5570 = EDGE_CURVE ( 'NONE', #6769, #1789, #2816, .T. ) ;
#5571 =( BOUNDED_CURVE ( )  B_SPLINE_CURVE ( 3, ( #5473, #9578, #7125, #2120 ),
 .UNSPECIFIED., .F., .F. ) 
 B_SPLINE_CURVE_WITH_KNOTS ( ( 4, 4 ),
 ( 1.304713944198449200, 1.570796326794899400 ),
 .UNSPECIFIED. ) 
 CURVE ( )  GEOMETRIC_REPRESENTATION_ITEM ( )  RATIONAL_B_SPLINE_CURVE ( ( 1.000000000000000000, 0.9941087111324389300, 0.9941087111324389300, 1.000000000000000000 ) ) 
 REPRESENTATION_ITEM ( '' )  );
#5572 = LINE ( 'NONE', #8175, #1113 ) ;
#5573 = FACE_OUTER_BOUND ( 'NONE', #4173, .T. ) ;
#5574 = FACE_OUTER_BOUND ( 'NONE', #10666, .T. ) ;
#5575 = PLANE ( 'NONE',  #10641 ) ;
#5576 = DIRECTION ( 'NONE',  ( -0.0000000000000000000, -1.000000000000000000, -0.0000000000000000000 ) ) ;
#5577 = EDGE_CURVE ( 'NONE', #1106, #4865, #2552, .T. ) ;
#5578 = CARTESIAN_POINT ( 'NONE',  ( -33.19415871985920300, -3.000000000000000000, 0.1433031490139749500 ) ) ;
#5579 = DIRECTION ( 'NONE',  ( 1.000000000000000000, -0.0000000000000000000, -0.0000000000000000000 ) ) ;
#5580 = AXIS2_PLACEMENT_3D ( 'NONE', #6059, #6895, #1871 ) ;
#5581 = CYLINDRICAL_SURFACE ( 'NONE', #7544, 8.800000000000006000 ) ;
#5582 = DIRECTION ( 'NONE',  ( -0.3236155771181818400, 0.8891264907159907000, -0.3236155771181814500 ) ) ;
#5583 = ORIENTED_EDGE ( 'NONE', *, *, #1819, .T. ) ;
#5584 = EDGE_LOOP ( 'NONE', ( #5368, #9049, #9410, #6799 ) ) ;
#5585 = LINE ( 'NONE', #8864, #10225 ) ;
#5586 =( LENGTH_UNIT ( ) NAMED_UNIT ( * ) SI_UNIT ( .MILLI., .METRE. ) );
#5587 = CARTESIAN_POINT ( 'NONE',  ( -11.19999999999999800, 52.79999999999999700, 11.30000000000000200 ) ) ;
#5588 = DIRECTION ( 'NONE',  ( 0.0000000000000000000, 0.0000000000000000000, -1.000000000000000000 ) ) ;
#5589 = CARTESIAN_POINT ( 'NONE',  ( -5.313807452875781900, 52.73774451017705200, -10.78409504372314000 ) ) ;
#5590 = CARTESIAN_POINT ( 'NONE',  ( -2.599999999999990800, 34.55000000000000400, 14.60000000000000100 ) ) ;
#5591 = ORIENTED_EDGE ( 'NONE', *, *, #3216, .F. ) ;
#5592 = VECTOR ( 'NONE', #4763, 1000.000000000000000 ) ;
#5593 = AXIS2_PLACEMENT_3D ( 'NONE', #3652, #9080, #7069 ) ;
#5594 = CARTESIAN_POINT ( 'NONE',  ( 0.0000000000000000000, 52.81990284774145300, -34.20000000000001700 ) ) ;
#5595 = EDGE_LOOP ( 'NONE', ( #1965, #7000, #7227, #6811 ) ) ;
#5596 = CARTESIAN_POINT ( 'NONE',  ( -33.73576973346460800, -0.3510874706913261200, 34.20000000000000300 ) ) ;
#5597 = CARTESIAN_POINT ( 'NONE',  ( -13.52820323027550500, 1.500000000000002000, -25.60192378864667300 ) ) ;
#5598 = CARTESIAN_POINT ( 'NONE',  ( -4.660526354612847500, 52.79999999999999700, 10.90000000000000400 ) ) ;
#5599 = CARTESIAN_POINT ( 'NONE',  ( -4.599999999999994300, 52.79999999999999700, -9.800000000000002500 ) ) ;
#5600 = CYLINDRICAL_SURFACE ( 'NONE', #1118, 1.399999999999998600 ) ;
#5601 = LINE ( 'NONE', #5565, #9724 ) ;
#5602 = ADVANCED_FACE ( 'NONE', ( #6741 ), #747, .F. ) ;
#5603 = EDGE_CURVE ( 'NONE', #339, #9569, #4538, .T. ) ;
#5604 = AXIS2_PLACEMENT_3D ( 'NONE', #1981, #6163, #2791 ) ;
#5605 = DIRECTION ( 'NONE',  ( -0.0000000000000000000, 1.000000000000000000, -0.0000000000000000000 ) ) ;
#5606 = FACE_OUTER_BOUND ( 'NONE', #1508, .T. ) ;
#5607 = DIRECTION ( 'NONE',  ( -0.0000000000000000000, 1.000000000000000000, -0.0000000000000000000 ) ) ;
#5608 = CARTESIAN_POINT ( 'NONE',  ( -8.199999999999992200, 33.07128129211017900, -9.400000000000003900 ) ) ;
#5609 = CIRCLE ( 'NONE', #7419, 8.700000000000002800 ) ;
#5610 = CARTESIAN_POINT ( 'NONE',  ( 13.40000000000000000, 0.0000000000000000000, 13.62938002992064300 ) ) ;
#5611 = ORIENTED_EDGE ( 'NONE', *, *, #2372, .T. ) ;
#5612 = ORIENTED_EDGE ( 'NONE', *, *, #3138, .T. ) ;
#5613 = DIRECTION ( 'NONE',  ( -0.9396926207859096500, -0.3420201433256653300, 0.0000000000000000000 ) ) ;
#5614 = ORIENTED_EDGE ( 'NONE', *, *, #163, .F. ) ;
#5615 = EDGE_CURVE ( 'NONE', #5557, #6431, #10468, .T. ) ;
#5616 = LINE ( 'NONE', #7974, #10263 ) ;
#5617 = EDGE_CURVE ( 'NONE', #2239, #6070, #8942, .T. ) ;
#5618 = DIRECTION ( 'NONE',  ( -0.0000000000000000000, 1.000000000000000000, -0.0000000000000000000 ) ) ;
#5619 = DIRECTION ( 'NONE',  ( 1.000000000000000000, 0.0000000000000000000, -0.0000000000000000000 ) ) ;
#5620 = CYLINDRICAL_SURFACE ( 'NONE', #7828, 4.000000000000000000 ) ;
#5621 = DIRECTION ( 'NONE',  ( 0.0000000000000000000, 0.0000000000000000000, 1.000000000000000000 ) ) ;
#5622 = CARTESIAN_POINT ( 'NONE',  ( 5.400000000000005700, 48.10000000000002300, 9.400000000000002100 ) ) ;
#5623 = ORIENTED_EDGE ( 'NONE', *, *, #6270, .T. ) ;
#5624 = VECTOR ( 'NONE', #3934, 1000.000000000000000 ) ;
#5625 = CARTESIAN_POINT ( 'NONE',  ( -35.85406937875578800, -0.5805688054512246900, 33.94250111573921200 ) ) ;
#5626 = EDGE_CURVE ( 'NONE', #6056, #10508, #1601, .T. ) ;
#5627 = CARTESIAN_POINT ( 'NONE',  ( 9.722396700071763900, -2.999999999999999600, 17.80000000000001500 ) ) ;
#5628 = CARTESIAN_POINT ( 'NONE',  ( 6.936785082397757500, 33.79999999999999700, 8.954700538379247700 ) ) ;
#5629 = CARTESIAN_POINT ( 'NONE',  ( 8.558845726811993500, 50.79999999999999700, 9.400000000000002100 ) ) ;
#5630 = DIRECTION ( 'NONE',  ( -0.9396926207859096500, -0.3420201433256653800, -1.234929431423855300E-016 ) ) ;
#5631 = CARTESIAN_POINT ( 'NONE',  ( 4.246109788177950200, 52.69377763810278000, -10.90000000000001600 ) ) ;
#5632 = CARTESIAN_POINT ( 'NONE',  ( -35.19587300007701500, 3.400021911033895600, 0.1243944217574995800 ) ) ;
#5633 = CARTESIAN_POINT ( 'NONE',  ( -6.599999999999993400, 20.74968880069896200, -9.800000000000002500 ) ) ;
#5634 = FACE_OUTER_BOUND ( 'NONE', #725, .T. ) ;
#5635 = ORIENTED_EDGE ( 'NONE', *, *, #9839, .T. ) ;
#5636 = EDGE_LOOP ( 'NONE', ( #10416, #5453, #6645, #5415, #401, #9223, #10298, #5784 ) ) ;
#5637 = ORIENTED_EDGE ( 'NONE', *, *, #9819, .F. ) ;
#5638 = AXIS2_PLACEMENT_3D ( 'NONE', #8303, #3309, #9136 ) ;
#5639 =( BOUNDED_CURVE ( )  B_SPLINE_CURVE ( 3, ( #3152, #8155, #2331, #1490 ),
 .UNSPECIFIED., .F., .F. ) 
 B_SPLINE_CURVE_WITH_KNOTS ( ( 4, 4 ),
 ( 0.0000000000000000000, 0.05862310907834082700 ),
 .UNSPECIFIED. ) 
 CURVE ( )  GEOMETRIC_REPRESENTATION_ITEM ( )  RATIONAL_B_SPLINE_CURVE ( ( 1.000000000000000000, 0.9997136314275876200, 0.9997136314275876200, 1.000000000000000000 ) ) 
 REPRESENTATION_ITEM ( '' )  );
#5640 = CARTESIAN_POINT ( 'NONE',  ( 103.5729756315021700, 52.81990284774145300, -6.938893903907228400E-015 ) ) ;
#5641 = PLANE ( 'NONE',  #1518 ) ;
#5642 = DIRECTION ( 'NONE',  ( 0.0000000000000000000, 0.0000000000000000000, 1.000000000000000000 ) ) ;
#5643 = CARTESIAN_POINT ( 'NONE',  ( 0.0000000000000000000, 5.000000000000000000, -19.21764762517409500 ) ) ;
#5644 = ORIENTED_EDGE ( 'NONE', *, *, #10662, .F. ) ;
#5645 = CYLINDRICAL_SURFACE ( 'NONE', #6969, 5.000000000000000900 ) ;
#5646 = CARTESIAN_POINT ( 'NONE',  ( 5.400000000000003900, 52.79999999999999700, 11.30000000000000400 ) ) ;
#5647 = VERTEX_POINT ( 'NONE', #6652 ) ;
#5648 = VERTEX_POINT ( 'NONE', #4976 ) ;
#5649 = DIRECTION ( 'NONE',  ( 0.0000000000000000000, -1.000000000000000000, 0.0000000000000000000 ) ) ;
#5650 = ADVANCED_FACE ( 'NONE', ( #105 ), #4146, .F. ) ;
#5651 = LINE ( 'NONE', #5813, #7848 ) ;
#5652 = AXIS2_PLACEMENT_3D ( 'NONE', #8060, #3064, #8893 ) ;
#5653 = ORIENTED_EDGE ( 'NONE', *, *, #9447, .F. ) ;
#5654 = ORIENTED_EDGE ( 'NONE', *, *, #2324, .F. ) ;
#5655 = ORIENTED_EDGE ( 'NONE', *, *, #5265, .F. ) ;
#5656 = CARTESIAN_POINT ( 'NONE',  ( -4.599999999999995200, 52.22457190937659300, 10.89999999999476500 ) ) ;
#5657 = CARTESIAN_POINT ( 'NONE',  ( 11.20000000000000100, 52.79999999999999700, 12.41764762517408200 ) ) ;
#5658 = LINE ( 'NONE', #4462, #2898 ) ;
#5659 = CARTESIAN_POINT ( 'NONE',  ( 11.40000000000000200, -3.000000000000000000, 13.46987298107783100 ) ) ;
#5660 = CARTESIAN_POINT ( 'NONE',  ( 3.400000000000005200, 51.19999999999999600, -13.00000000000000400 ) ) ;
#5661 = EDGE_CURVE ( 'NONE', #4472, #9972, #8683, .T. ) ;
#5662 = ADVANCED_FACE ( 'NONE', ( #10624 ), #3316, .F. ) ;
#5663 = ORIENTED_EDGE ( 'NONE', *, *, #2860, .T. ) ;
#5664 = CARTESIAN_POINT ( 'NONE',  ( 3.953871044415748300, 52.79999999999999700, -10.86708516314618800 ) ) ;
#5665 = AXIS2_PLACEMENT_3D ( 'NONE', #9717, #8062, #2233 ) ;
#5666 = VERTEX_POINT ( 'NONE', #6690 ) ;
#5667 = CARTESIAN_POINT ( 'NONE',  ( -28.96722247033916300, 3.000000000000000900, 23.12357214398541700 ) ) ;
#5668 = ORIENTED_EDGE ( 'NONE', *, *, #10756, .T. ) ;
#5669 = DIRECTION ( 'NONE',  ( 0.0000000000000000000, 0.0000000000000000000, -1.000000000000000000 ) ) ;
#5670 = LINE ( 'NONE', #315, #3432 ) ;
#5671 = PRODUCT_DEFINITION_FORMATION_WITH_SPECIFIED_SOURCE ( 'ANY', '', #2277, .NOT_KNOWN. ) ;
#5672 = ORIENTED_EDGE ( 'NONE', *, *, #10700, .F. ) ;
#5673 = EDGE_CURVE ( 'NONE', #2881, #7727, #4268, .T. ) ;
#5675 = ORIENTED_EDGE ( 'NONE', *, *, #4128, .F. ) ;
#5674 = CARTESIAN_POINT ( 'NONE',  ( 3.800000000000003800, 5.000000000000018700, 12.60000000000000100 ) ) ;
#5676 = DIRECTION ( 'NONE',  ( 0.0000000000000000000, -1.000000000000000000, 0.0000000000000000000 ) ) ;
#5677 = CARTESIAN_POINT ( 'NONE',  ( -10.93012701892217500, -3.000000000000000000, 28.20000000000000300 ) ) ;
#5678 = B_SPLINE_CURVE_WITH_KNOTS ( 'NONE', 3,
 ( #1481, #7317, #4007, #9804, #4852, #10643, #5686, #677, #6521, #1519, #7348, #2354, #8178, #3178, #9012, #4042, #9842, #4881, #10677, #5730, #718, #6554, #1550, #7388, #2391, #8207 ),
 .UNSPECIFIED., .F., .F.,
 ( 4, 2, 2, 2, 2, 2, 2, 2, 2, 2, 2, 2, 4 ),
 ( 5.238222683703820300E-018, 0.0009124087839056389400, 0.001824817567811275100, 0.002737226351716911400, 0.003193430743669727900, 0.003649635135622544000, 0.003877737331598952300, 0.004105839527575361000, 0.004562043919528177600, 0.005018248311480994100, 0.005474452703433812400, 0.006386861487339442900, 0.007299270271245073300 ),
 .UNSPECIFIED. ) ;
#5679 = DIRECTION ( 'NONE',  ( -2.628368902995160100E-016, 0.0000000000000000000, -1.000000000000000000 ) ) ;
#5680 = EDGE_CURVE ( 'NONE', #2250, #400, #8410, .T. ) ;
#5681 = CIRCLE ( 'NONE', #3663, 1.199999999999999700 ) ;
#5682 = LINE ( 'NONE', #10407, #7877 ) ;
#5683 = ORIENTED_EDGE ( 'NONE', *, *, #460, .F. ) ;
#5684 = CARTESIAN_POINT ( 'NONE',  ( -34.04129398931949200, -2.648912529308670800, 34.20000000000001700 ) ) ;
#5685 = CARTESIAN_POINT ( 'NONE',  ( 23.59695025252360500, 0.0000000000000000000, 11.50687466109646100 ) ) ;
#5686 = CARTESIAN_POINT ( 'NONE',  ( -6.552168435496324300, -0.6542869983204283600, -33.87187601006334600 ) ) ;
#5687 = LINE ( 'NONE', #9155, #3455 ) ;
#5688 = VECTOR ( 'NONE', #4015, 1000.000000000000000 ) ;
#5689 = EDGE_CURVE ( 'NONE', #6220, #9005, #2022, .T. ) ;
#5690 = VECTOR ( 'NONE', #3344, 999.9999999999998900 ) ;
#5691 = DIRECTION ( 'NONE',  ( -1.000000000000000000, -0.0000000000000000000, -1.548860246407863800E-016 ) ) ;
#5692 = LINE ( 'NONE', #549, #3463 ) ;
#5693 = EDGE_CURVE ( 'NONE', #4634, #554, #4000, .T. ) ;
#5694 = ORIENTED_EDGE ( 'NONE', *, *, #5538, .T. ) ;
#5695 = AXIS2_PLACEMENT_3D ( 'NONE', #9092, #4131, #9919 ) ;
#5696 = ORIENTED_EDGE ( 'NONE', *, *, #8499, .F. ) ;
#5697 = DIRECTION ( 'NONE',  ( -1.000000000000000000, 0.0000000000000000000, -1.668003342285391800E-016 ) ) ;
#5698 =( BOUNDED_CURVE ( )  B_SPLINE_CURVE ( 3, ( #5360, #6974, #1960, #1137 ),
 .UNSPECIFIED., .F., .F. ) 
 B_SPLINE_CURVE_WITH_KNOTS ( ( 4, 4 ),
 ( 4.712388980384689700, 4.978471362981136600 ),
 .UNSPECIFIED. ) 
 CURVE ( )  GEOMETRIC_REPRESENTATION_ITEM ( )  RATIONAL_B_SPLINE_CURVE ( ( 1.000000000000000000, 0.9941087111324391500, 0.9941087111324391500, 1.000000000000000000 ) ) 
 REPRESENTATION_ITEM ( '' )  );
#5699 = CARTESIAN_POINT ( 'NONE',  ( 4.214988502441536300, 52.65837018413705600, 10.76666666666666900 ) ) ;
#5700 = DIRECTION ( 'NONE',  ( 3.212450881438533200E-016, 0.0000000000000000000, -1.000000000000000000 ) ) ;
#5701 = CIRCLE ( 'NONE', #8442, 4.000000000000002700 ) ;
#5702 = ORIENTED_EDGE ( 'NONE', *, *, #1473, .T. ) ;
#5703 = CARTESIAN_POINT ( 'NONE',  ( -11.20000000000000100, 3.000000000000000400, -12.15470053837925600 ) ) ;
#5704 = CONICAL_SURFACE ( 'NONE', #585, 12.41764762517407500, 0.3490658503988676700 ) ;
#5705 = AXIS2_PLACEMENT_3D ( 'NONE', #6925, #7751, #2753 ) ;
#5706 = CARTESIAN_POINT ( 'NONE',  ( -8.521824659800334000, 3.400000000000022600, 30.19999999999999900 ) ) ;
#5707 = CARTESIAN_POINT ( 'NONE',  ( 0.1500000000000043500, 36.80000000000000400, -13.00000000000000400 ) ) ;
#5708 = CARTESIAN_POINT ( 'NONE',  ( 3.541629815862950000, 51.98501149755846700, -10.76666666666666900 ) ) ;
#5709 = ORIENTED_EDGE ( 'NONE', *, *, #853, .F. ) ;
#5710 = ADVANCED_FACE ( 'NONE', ( #5965 ), #5704, .T. ) ;
#5711 = FACE_OUTER_BOUND ( 'NONE', #4616, .T. ) ;
#5712 = ORIENTED_EDGE ( 'NONE', *, *, #6658, .F. ) ;
#5713 = FACE_OUTER_BOUND ( 'NONE', #4064, .T. ) ;
#5714 = SURFACE_SIDE_STYLE ('',( #5386 ) ) ;
#5715 = DIRECTION ( 'NONE',  ( -2.344220913482171700E-016, 0.0000000000000000000, 1.000000000000000000 ) ) ;
#5716 = CARTESIAN_POINT ( 'NONE',  ( 11.39999999999999700, -3.000000000000000000, -10.99818166789401800 ) ) ;
#5717 = ORIENTED_EDGE ( 'NONE', *, *, #2167, .F. ) ;
#5718 = EDGE_CURVE ( 'NONE', #1036, #9174, #10091, .T. ) ;
#5719 = DIRECTION ( 'NONE',  ( 1.000000000000000000, 0.0000000000000000000, 0.0000000000000000000 ) ) ;
#5720 = CARTESIAN_POINT ( 'NONE',  ( -6.689089636265061100, 5.000000000000000000, 29.61764762517408700 ) ) ;
#5721 = ORIENTED_EDGE ( 'NONE', *, *, #3345, .F. ) ;
#5722 = DIRECTION ( 'NONE',  ( 1.000000000000000000, -0.0000000000000000000, -0.0000000000000000000 ) ) ;
#5723 = ADVANCED_FACE ( 'NONE', ( #10349 ), #8415, .F. ) ;
#5724 = LINE ( 'NONE', #7962, #3749 ) ;
#5725 = LINE ( 'NONE', #6679, #9857 ) ;
#5726 = CARTESIAN_POINT ( 'NONE',  ( 24.10581264392134300, -1.899999999999999900, -1.562049935181336400 ) ) ;
#5727 = VERTEX_POINT ( 'NONE', #10074 ) ;
#5728 = CARTESIAN_POINT ( 'NONE',  ( 13.40000000000000600, 3.400286409439799300, -13.62938002992065600 ) ) ;
#5729 = CARTESIAN_POINT ( 'NONE',  ( 3.400000000000014600, 34.54999999999999700, 15.00000000000000200 ) ) ;
#5730 = CARTESIAN_POINT ( 'NONE',  ( -6.827084648549868200, -2.418538242413959900, -33.94167702019805000 ) ) ;
#5731 = VERTEX_POINT ( 'NONE', #5131 ) ;
#5732 = CARTESIAN_POINT ( 'NONE',  ( -4.599999999999993400, 52.37542809062340900, -10.89999999999476500 ) ) ;
#5733 = VECTOR ( 'NONE', #10156, 1000.000000000000000 ) ;
#5734 = CARTESIAN_POINT ( 'NONE',  ( -1.105927518925791100, 33.64700976023238600, 9.404429817570074200 ) ) ;
#5735 = ORIENTED_EDGE ( 'NONE', *, *, #5542, .F. ) ;
#5736 = AXIS2_PLACEMENT_3D ( 'NONE', #2894, #3742, #9547 ) ;
#5737 = VECTOR ( 'NONE', #2770, 1000.000000000000000 ) ;
#5738 = ORIENTED_EDGE ( 'NONE', *, *, #9648, .T. ) ;
#5739 = CARTESIAN_POINT ( 'NONE',  ( -11.20000000000000500, 52.79999999999999700, 12.41764762517407500 ) ) ;
#5740 = CARTESIAN_POINT ( 'NONE',  ( 4.600000000000001400, 1.277945491468363400, 15.33012701892218400 ) ) ;
#5741 = CARTESIAN_POINT ( 'NONE',  ( 3.400000000000003900, 50.79999999999999700, 11.30000000000000400 ) ) ;
#5742 = ORIENTED_EDGE ( 'NONE', *, *, #177, .T. ) ;
#5743 = CARTESIAN_POINT ( 'NONE',  ( 24.14187696106416300, -2.000000000000000000, -1.109053650640950300 ) ) ;
#5744 = EDGE_CURVE ( 'NONE', #1415, #5387, #7901, .T. ) ;
#5745 = CIRCLE ( 'NONE', #1931, 4.000000000000001800 ) ;
#5746 = LINE ( 'NONE', #1071, #9611 ) ;
#5747 = EDGE_CURVE ( 'NONE', #2678, #2885, #2298, .T. ) ;
#5748 = ORIENTED_EDGE ( 'NONE', *, *, #8086, .F. ) ;
#5749 = AXIS2_PLACEMENT_3D ( 'NONE', #8714, #10372, #5437 ) ;
#5750 = CARTESIAN_POINT ( 'NONE',  ( -34.57941409319107600, 5.000000000000000000, -1.145013711695069200 ) ) ;
#5751 = DIRECTION ( 'NONE',  ( -0.0000000000000000000, 1.000000000000000000, 0.0000000000000000000 ) ) ;
#5752 = CARTESIAN_POINT ( 'NONE',  ( 8.600000000000005000, 52.79999999999999700, 11.00000000000000400 ) ) ;
#5753 = CARTESIAN_POINT ( 'NONE',  ( -11.20000000000000100, 4.999999999999997300, -13.00000000000000400 ) ) ;
#5754 = CARTESIAN_POINT ( 'NONE',  ( 5.400000000000005700, 20.74968880069896200, 9.800000000000002500 ) ) ;
#5755 = VECTOR ( 'NONE', #8435, 1000.000000000000000 ) ;
#5756 = CARTESIAN_POINT ( 'NONE',  ( -6.599999999999993400, 20.74968880069896200, 9.800000000000002500 ) ) ;
#5757 = EDGE_CURVE ( 'NONE', #9154, #3573, #3470, .T. ) ;
#5758 = VERTEX_POINT ( 'NONE', #7627 ) ;
#5759 = VECTOR ( 'NONE', #8341, 1000.000000000000000 ) ;
#5760 = VERTEX_POINT ( 'NONE', #5173 ) ;
#5761 = EDGE_CURVE ( 'NONE', #6220, #2373, #9837, .T. ) ;
#5762 = CARTESIAN_POINT ( 'NONE',  ( -11.20000000000000100, 30.30000000000000800, -11.00000000000000400 ) ) ;
#5763 = ADVANCED_FACE ( 'NONE', ( #3193 ), #6000, .F. ) ;
#5764 = ORIENTED_EDGE ( 'NONE', *, *, #649, .F. ) ;
#5765 = DIRECTION ( 'NONE',  ( -0.4472135954999608700, 0.7745966692414799600, 0.4472135954999609300 ) ) ;
#5766 = ORIENTED_EDGE ( 'NONE', *, *, #8944, .F. ) ;
#5767 = CARTESIAN_POINT ( 'NONE',  ( -1.333935862206795400, 49.95262669654551500, -9.800000000000004300 ) ) ;
#5768 = CARTESIAN_POINT ( 'NONE',  ( 3.400000000000014600, 34.54999999999999700, 15.00000000000000200 ) ) ;
#5770 = ORIENTED_EDGE ( 'NONE', *, *, #995, .T. ) ;
#5769 = EDGE_LOOP ( 'NONE', ( #3031, #9264, #70, #918 ) ) ;
#5771 = CARTESIAN_POINT ( 'NONE',  ( -28.87033425125719800, -4.422119774495443200, -29.02106123462486300 ) ) ;
#5772 = ORIENTED_EDGE ( 'NONE', *, *, #2443, .F. ) ;
#5773 = CYLINDRICAL_SURFACE ( 'NONE', #3965, 1.000000000000000900 ) ;
#5774 = EDGE_CURVE ( 'NONE', #9165, #4610, #5454, .T. ) ;
#5775 = CARTESIAN_POINT ( 'NONE',  ( 5.400000000000005700, 20.74968880069896200, -10.90000000000000400 ) ) ;
#5776 = ORIENTED_EDGE ( 'NONE', *, *, #9561, .F. ) ;
#5777 = ORIENTED_EDGE ( 'NONE', *, *, #1837, .T. ) ;
#5778 = ADVANCED_FACE ( 'NONE', ( #1247 ), #10144, .F. ) ;
#5779 = CARTESIAN_POINT ( 'NONE',  ( -4.599999999999999600, 0.0000000000000000000, 26.20000000000000300 ) ) ;
#5780 = DIRECTION ( 'NONE',  ( -1.788933584601082300E-014, 0.0000000000000000000, 1.000000000000000000 ) ) ;
#5781 = DIRECTION ( 'NONE',  ( -0.0000000000000000000, 0.0000000000000000000, 1.000000000000000000 ) ) ;
#5782 = LINE ( 'NONE', #6964, #7969 ) ;
#5783 = EDGE_CURVE ( 'NONE', #408, #9921, #6963, .T. ) ;
#5784 = ORIENTED_EDGE ( 'NONE', *, *, #6473, .T. ) ;
#5785 = AXIS2_PLACEMENT_3D ( 'NONE', #3186, #9852, #2364 ) ;
#5786 = ORIENTED_EDGE ( 'NONE', *, *, #4799, .T. ) ;
#5787 = VERTEX_POINT ( 'NONE', #10182 ) ;
#5788 = DIRECTION ( 'NONE',  ( 0.0000000000000000000, 0.4999999999999977200, 0.8660254037844399300 ) ) ;
#5789 = CARTESIAN_POINT ( 'NONE',  ( -34.31410000593552900, 3.417731491135569000, -26.55917020363129700 ) ) ;
#5790 = CARTESIAN_POINT ( 'NONE',  ( 3.686192547124218500, 52.73774451017704500, 10.78409504372314000 ) ) ;
#5791 = CARTESIAN_POINT ( 'NONE',  ( -5.833323062611633200, -1.202407649599250400, 33.63011689824816100 ) ) ;
#5792 = DIRECTION ( 'NONE',  ( -0.0000000000000000000, 1.000000000000000000, -0.0000000000000000000 ) ) ;
#5793 = LINE ( 'NONE', #4438, #5280 ) ;
#5794 = VERTEX_POINT ( 'NONE', #251 ) ;
#5795 = ORIENTED_EDGE ( 'NONE', *, *, #2650, .F. ) ;
#5796 = ORIENTED_EDGE ( 'NONE', *, *, #10439, .T. ) ;
#5797 = CARTESIAN_POINT ( 'NONE',  ( 9.400000000000000400, 5.000000000000000000, 19.80000000000000100 ) ) ;
#5798 = CARTESIAN_POINT ( 'NONE',  ( -0.6000000000170092600, 34.19206584109581100, 9.300000000000000700 ) ) ;
#5799 = VECTOR ( 'NONE', #6529, 1000.000000000000100 ) ;
#5800 = DIRECTION ( 'NONE',  ( -0.0000000000000000000, 1.000000000000000000, -0.0000000000000000000 ) ) ;
#5801 = VERTEX_POINT ( 'NONE', #4366 ) ;
#5802 = CARTESIAN_POINT ( 'NONE',  ( 7.935898384862220200, 3.000000000000001300, 11.00000000000000200 ) ) ;
#5803 = ORIENTED_EDGE ( 'NONE', *, *, #507, .F. ) ;
#5804 =( BOUNDED_CURVE ( )  B_SPLINE_CURVE ( 3, ( #9148, #9980, #6700, #1690 ),
 .UNSPECIFIED., .F., .F. ) 
 B_SPLINE_CURVE_WITH_KNOTS ( ( 4, 4 ),
 ( 2.429557898408343700, 3.853627408771221200 ),
 .UNSPECIFIED. ) 
 CURVE ( )  GEOMETRIC_REPRESENTATION_ITEM ( )  RATIONAL_B_SPLINE_CURVE ( ( 1.000000000000000000, 0.8380226565783047700, 0.8380226565783047700, 1.000000000000000000 ) ) 
 REPRESENTATION_ITEM ( '' )  );
#5805 = VERTEX_POINT ( 'NONE', #5252 ) ;
#5806 = ORIENTED_EDGE ( 'NONE', *, *, #10700, .T. ) ;
#5807 = CARTESIAN_POINT ( 'NONE',  ( 3.900000000000005200, 52.29999999999999700, -10.70000000000000300 ) ) ;
#5808 = CARTESIAN_POINT ( 'NONE',  ( 4.008661994158154900, 52.79999999999999700, 10.83360921629170900 ) ) ;
#5809 = EDGE_CURVE ( 'NONE', #5245, #9145, #5191, .T. ) ;
#5810 = CARTESIAN_POINT ( 'NONE',  ( 11.20000000000000300, -2.653589838486202000, 11.00000000000000400 ) ) ;
#5811 = CIRCLE ( 'NONE', #10628, 13.00000000000000400 ) ;
#5812 = AXIS2_PLACEMENT_3D ( 'NONE', #5876, #10550, #5000 ) ;
#5813 = CARTESIAN_POINT ( 'NONE',  ( 3.400000000000005200, 52.79999999999999700, -10.90000000000000400 ) ) ;
#5814 = VERTEX_POINT ( 'NONE', #6080 ) ;
#5815 = ORIENTED_EDGE ( 'NONE', *, *, #9097, .T. ) ;
#5816 = VERTEX_POINT ( 'NONE', #7736 ) ;
#5817 = ADVANCED_FACE ( 'NONE', ( #735 ), #1061, .F. ) ;
#5818 = VECTOR ( 'NONE', #4426, 1000.000000000000000 ) ;
#5819 = FACE_OUTER_BOUND ( 'NONE', #536, .T. ) ;
#5820 = DIRECTION ( 'NONE',  ( 0.4472135954999611500, -0.7745966692414797400, 0.4472135954999608700 ) ) ;
#5821 = VECTOR ( 'NONE', #1689, 1000.000000000000000 ) ;
#5822 = EDGE_CURVE ( 'NONE', #9749, #6399, #2679, .T. ) ;
#5823 = ORIENTED_EDGE ( 'NONE', *, *, #10301, .T. ) ;
#5824 = DIRECTION ( 'NONE',  ( 0.0000000000000000000, 0.0000000000000000000, 1.000000000000000000 ) ) ;
#5825 = ORIENTED_EDGE ( 'NONE', *, *, #10512, .F. ) ;
#5826 = DIRECTION ( 'NONE',  ( 0.6601821655035109400, -0.7511055241116889600, 0.0000000000000000000 ) ) ;
#5827 = EDGE_CURVE ( 'NONE', #6555, #2023, #7382, .T. ) ;
#5828 = LINE ( 'NONE', #5762, #3598 ) ;
#5829 = FACE_OUTER_BOUND ( 'NONE', #3087, .T. ) ;
#5830 = ADVANCED_FACE ( 'NONE', ( #4664 ), #231, .F. ) ;
#5831 = CARTESIAN_POINT ( 'NONE',  ( -13.79730669589470300, 9.466100874945208700, -14.93282032302747600 ) ) ;
#5832 = CARTESIAN_POINT ( 'NONE',  ( -0.2048908514884465700, 34.20137517460696600, 9.362426159039520400 ) ) ;
#5833 = EDGE_CURVE ( 'NONE', #1176, #4624, #6869, .T. ) ;
#5834 =( BOUNDED_SURFACE ( )  B_SPLINE_SURFACE ( 2, 3, ( 
 ( #10469, #4691, #524, #6352, #1349, #7183 ),
 ( #2175, #8009, #3015, #8845, #3871, #9667 ),
 ( #4729, #10510, #5564, #555, #6388, #1389 ) ),
 .UNSPECIFIED., .F., .F., .F. ) 
 B_SPLINE_SURFACE_WITH_KNOTS ( ( 3, 3 ),
 ( 4, 2, 4 ),
 ( 0.0000000000000000000, 1.000000000000000000 ),
 ( 1.721597765017352000, 2.095678416126848500, 2.469759067236344800 ),
 .UNSPECIFIED. ) 
 GEOMETRIC_REPRESENTATION_ITEM ( )  RATIONAL_B_SPLINE_SURFACE ( (
 ( 1.000000000000000000, 1.000000000000000000, 1.000000000000000000, 1.000000000000000000, 1.000000000000000000, 1.000000000000000000),
 ( 0.6091630402861375500, 0.5956517471336404400, 0.5895930415255125100, 0.5513112991119363300, 0.5210172098199283800, 0.4268389266941430300),
 ( 1.000000000000000000, 1.000000000000000000, 1.000000000000000000, 1.000000000000000000, 1.000000000000000000, 1.000000000000000000) ) ) 
 REPRESENTATION_ITEM ( '' )  SURFACE ( )  );
#5835 = CARTESIAN_POINT ( 'NONE',  ( 23.85123082763270500, -1.332774500333893300, 3.003104548197403000 ) ) ;
#5836 = FACE_OUTER_BOUND ( 'NONE', #335, .T. ) ;
#5837 = CARTESIAN_POINT ( 'NONE',  ( -31.19780771448754600, 5.000000000000000000, -2.574980159653073000E-015 ) ) ;
#5838 = ORIENTED_EDGE ( 'NONE', *, *, #9892, .F. ) ;
#5839 = LINE ( 'NONE', #10488, #8032 ) ;
#5840 = EDGE_CURVE ( 'NONE', #170, #3278, #4913, .T. ) ;
#5841 = DIRECTION ( 'NONE',  ( 0.3421856512032753800, 0.9396323643375587000, 5.893594261527310800E-014 ) ) ;
#5842 = DIRECTION ( 'NONE',  ( 0.0000000000000000000, 0.5000000000000041100, -0.8660254037844362700 ) ) ;
#5843 = CARTESIAN_POINT ( 'NONE',  ( 3.900000000000004400, 52.79999999999999700, 10.90000000000000400 ) ) ;
#5844 = PLANE ( 'NONE',  #8023 ) ;
#5845 = CARTESIAN_POINT ( 'NONE',  ( -4.698411228332527200, 3.670382627664456900, -20.64128139245337900 ) ) ;
#5846 = AXIS2_PLACEMENT_3D ( 'NONE', #6291, #7949, #2958 ) ;
#5847 = CARTESIAN_POINT ( 'NONE',  ( -1.232378261547766100, 34.16992683241176800, 9.478099659424112000 ) ) ;
#5848 = ORIENTED_EDGE ( 'NONE', *, *, #10089, .T. ) ;
#5849 = VECTOR ( 'NONE', #1386, 1000.000000000000000 ) ;
#5850 = EDGE_LOOP ( 'NONE', ( #3649, #4284, #4095, #1702 ) ) ;
#5851 = DIRECTION ( 'NONE',  ( 1.156482317317873100E-015, 0.0000000000000000000, 1.000000000000000000 ) ) ;
#5852 = PLANE ( 'NONE',  #10060 ) ;
#5853 = DIRECTION ( 'NONE',  ( -1.548860246407864100E-016, 0.0000000000000000000, 1.000000000000000000 ) ) ;
#5854 = LINE ( 'NONE', #6024, #1145 ) ;
#5855 = CARTESIAN_POINT ( 'NONE',  ( 7.120719088735435200, 3.000000000000000000, 12.74809883627644100 ) ) ;
#5856 = DIRECTION ( 'NONE',  ( 1.000000000000000000, 0.0000000000000000000, 0.0000000000000000000 ) ) ;
#5857 = VERTEX_POINT ( 'NONE', #6143 ) ;
#5858 = LINE ( 'NONE', #6320, #3894 ) ;
#5859 = EDGE_CURVE ( 'NONE', #8324, #8280, #2420, .T. ) ;
#5860 = CARTESIAN_POINT ( 'NONE',  ( -6.599999999999993400, 20.74968880069896200, 10.90000000000000400 ) ) ;
#5861 = CARTESIAN_POINT ( 'NONE',  ( 13.79364491333013900, 2.318469489342297200, -16.43487443018650000 ) ) ;
#5862 = ORIENTED_EDGE ( 'NONE', *, *, #7477, .T. ) ;
#5863 = LINE ( 'NONE', #1323, #3357 ) ;
#5864 = DIRECTION ( 'NONE',  ( 1.000000000000000000, 0.0000000000000000000, 0.0000000000000000000 ) ) ;
#5865 = ADVANCED_FACE ( 'NONE', ( #8808 ), #6978, .F. ) ;
#5866 = DIRECTION ( 'NONE',  ( -1.000000000000000000, 0.0000000000000000000, -3.212450881438533200E-016 ) ) ;
#5867 = DIRECTION ( 'NONE',  ( 0.0000000000000000000, 0.0000000000000000000, -1.000000000000000000 ) ) ;
#5868 = CARTESIAN_POINT ( 'NONE',  ( 3.400000000000004800, 38.80000000000000400, 15.00000000000000200 ) ) ;
#5869 = EDGE_CURVE ( 'NONE', #2416, #2604, #10743, .T. ) ;
#5870 = VERTEX_POINT ( 'NONE', #1171 ) ;
#5871 = CARTESIAN_POINT ( 'NONE',  ( -1.101765095588326700, 33.63514693936452500, 9.391993347654391800 ) ) ;
#5872 = LINE ( 'NONE', #6173, #3650 ) ;
#5873 = VECTOR ( 'NONE', #8829, 1000.000000000000000 ) ;
#5874 = DIRECTION ( 'NONE',  ( 1.000000000000000000, -0.0000000000000000000, -0.0000000000000000000 ) ) ;
#5875 = DIRECTION ( 'NONE',  ( -0.0000000000000000000, -1.000000000000000000, -0.0000000000000000000 ) ) ;
#5876 = CARTESIAN_POINT ( 'NONE',  ( 8.600000000000005000, 50.79999999999999700, 9.400000000000002100 ) ) ;
#5877 = ADVANCED_FACE ( 'NONE', ( #8539 ), #5363, .T. ) ;
#5878 = CARTESIAN_POINT ( 'NONE',  ( 11.20000000000000100, 0.0000000000000000000, 6.858022075225178600E-016 ) ) ;
#5879 = ORIENTED_EDGE ( 'NONE', *, *, #5198, .F. ) ;
#5880 = CARTESIAN_POINT ( 'NONE',  ( -6.599999999999993400, 52.79999999999999700, 10.90000000000000400 ) ) ;
#5881 = DIRECTION ( 'NONE',  ( -5.782411586589351700E-016, -1.000000000000000000, -0.0000000000000000000 ) ) ;
#5882 = EDGE_LOOP ( 'NONE', ( #6499, #7246, #2640, #6165 ) ) ;
#5883 = EDGE_CURVE ( 'NONE', #6685, #1859, #6350, .T. ) ;
#5884 = VERTEX_POINT ( 'NONE', #6183 ) ;
#5885 = VECTOR ( 'NONE', #2946, 1000.000000000000000 ) ;
#5886 = EDGE_CURVE ( 'NONE', #6837, #6056, #4133, .T. ) ;
#5887 = AXIS2_PLACEMENT_3D ( 'NONE', #5462, #456, #6283 ) ;
#5888 = DIRECTION ( 'NONE',  ( 0.0000000000000000000, 0.0000000000000000000, -1.000000000000000000 ) ) ;
#5889 = ORIENTED_EDGE ( 'NONE', *, *, #2523, .F. ) ;
#5890 = CARTESIAN_POINT ( 'NONE',  ( -4.599999999999994300, 52.79999999999999700, -9.800000000000002500 ) ) ;
#5891 = CARTESIAN_POINT ( 'NONE',  ( -4.045192367383857700, -2.826794919243119400, 32.70715925883817500 ) ) ;
#5892 = VECTOR ( 'NONE', #604, 1000.000000000000000 ) ;
#5893 = ORIENTED_EDGE ( 'NONE', *, *, #1930, .F. ) ;
#5894 = CARTESIAN_POINT ( 'NONE',  ( -11.19999999999999900, 50.89999999999999900, 11.30000000000000200 ) ) ;
#5895 = CARTESIAN_POINT ( 'NONE',  ( -11.20000000000000500, 52.79999999999999700, 11.29999999999999900 ) ) ;
#5896 =( BOUNDED_CURVE ( )  B_SPLINE_CURVE ( 3, ( #3330, #6475, #3238, #8181 ),
 .UNSPECIFIED., .F., .F. ) 
 B_SPLINE_CURVE_WITH_KNOTS ( ( 4, 4 ),
 ( 4.892236567682359400, 5.560647715894569700 ),
 .UNSPECIFIED. ) 
 CURVE ( )  GEOMETRIC_REPRESENTATION_ITEM ( )  RATIONAL_B_SPLINE_CURVE ( ( 1.000000000000000000, 0.9631141295548479900, 0.9631141295548479900, 1.000000000000000000 ) ) 
 REPRESENTATION_ITEM ( '' )  );
#5897 = ORIENTED_EDGE ( 'NONE', *, *, #709, .F. ) ;
#5898 = ORIENTED_EDGE ( 'NONE', *, *, #3404, .F. ) ;
#5899 = EDGE_CURVE ( 'NONE', #4277, #6901, #2150, .T. ) ;
#5900 = EDGE_CURVE ( 'NONE', #5160, #4400, #804, .T. ) ;
#5901 = FACE_OUTER_BOUND ( 'NONE', #9680, .T. ) ;
#5902 = EDGE_LOOP ( 'NONE', ( #6116, #10711, #6371, #1834, #3255 ) ) ;
#5903 = AXIS2_PLACEMENT_3D ( 'NONE', #5426, #415, #6253 ) ;
#5904 = CARTESIAN_POINT ( 'NONE',  ( -36.13338388416551100, -2.326468068295765700, -33.86836067879394800 ) ) ;
#5905 = DIRECTION ( 'NONE',  ( 1.000000000000000000, 0.0000000000000000000, 0.0000000000000000000 ) ) ;
#5906 = DIRECTION ( 'NONE',  ( -0.0000000000000000000, -1.000000000000000000, -0.0000000000000000000 ) ) ;
#5907 = VERTEX_POINT ( 'NONE', #3726 ) ;
#5908 = ORIENTED_EDGE ( 'NONE', *, *, #7065, .F. ) ;
#5909 = AXIS2_PLACEMENT_3D ( 'NONE', #9157, #4197, #9986 ) ;
#5910 =( BOUNDED_SURFACE ( )  B_SPLINE_SURFACE ( 3, 2, ( 
 ( #5598, #8087, #10056 ),
 ( #5114, #130, #5950 ),
 ( #933, #6780, #1774 ),
 ( #7605, #2606, #8432 ),
 ( #3456, #9270, #4304 ),
 ( #10095, #5152, #164 ) ),
 .UNSPECIFIED., .F., .F., .T. ) 
 B_SPLINE_SURFACE_WITH_KNOTS ( ( 4, 2, 4 ),
 ( 3, 3 ),
 ( 0.0003790122493140203000, 0.0006499964602233448000, 0.0009209806711326693600 ),
 ( 0.0000000000000000000, 1.000000000000000000 ),
 .UNSPECIFIED. ) 
 GEOMETRIC_REPRESENTATION_ITEM ( )  RATIONAL_B_SPLINE_SURFACE ( (
 ( 1.000000000000000000, 0.8164965809277031600, 1.000000000000000000),
 ( 1.000000000000000000, 0.8810678731622703100, 1.000000000000000000),
 ( 1.000000000000000000, 0.9263207691517940700, 1.000000000000000000),
 ( 1.000000000000000000, 0.9855849900691853200, 1.000000000000000000),
 ( 1.000000000000000000, 0.9999584033010627800, 1.000000000000000000),
 ( 1.000000000000000000, 1.000000000000000000, 1.000000000000000000) ) ) 
 REPRESENTATION_ITEM ( '' )  SURFACE ( )  );
#5911 = CARTESIAN_POINT ( 'NONE',  ( -1.582871076359323700, 33.79999999999999700, 8.979274057836304800 ) ) ;
#5912 = CARTESIAN_POINT ( 'NONE',  ( 0.4183414379020997100, 30.50000000000001100, 11.13480762113532800 ) ) ;
#5913 = CYLINDRICAL_SURFACE ( 'NONE', #7926, 1.599999999999999900 ) ;
#5914 = CARTESIAN_POINT ( 'NONE',  ( 13.40000000000000600, 3.400000000000023900, -15.80000000000000100 ) ) ;
#5915 = PLANE ( 'NONE',  #9128 ) ;
#5916 = DIRECTION ( 'NONE',  ( 2.502005013428087100E-016, 0.0000000000000000000, -1.000000000000000000 ) ) ;
#5917 = DIRECTION ( 'NONE',  ( -1.000000000000000000, 0.0000000000000000000, 0.0000000000000000000 ) ) ;
#5918 = ORIENTED_EDGE ( 'NONE', *, *, #8103, .F. ) ;
#5919 = CARTESIAN_POINT ( 'NONE',  ( -11.20000000000000100, 52.79999999999999700, 6.858022075225178600E-016 ) ) ;
#5920 = EDGE_LOOP ( 'NONE', ( #5795, #9508, #8311, #3451, #1077 ) ) ;
#5921 = ADVANCED_FACE ( 'NONE', ( #1632 ), #7078, .T. ) ;
#5922 = EDGE_CURVE ( 'NONE', #40, #7584, #8022, .T. ) ;
#5923 = CIRCLE ( 'NONE', #2759, 0.2000000000000005100 ) ;
#5924 = CARTESIAN_POINT ( 'NONE',  ( -1.574679434480895600, 35.79999999999999700, -9.800000000000007800 ) ) ;
#5925 = CARTESIAN_POINT ( 'NONE',  ( 3.400000000000003900, 52.59867732511115400, 10.90000000000000400 ) ) ;
#5926 = VERTEX_POINT ( 'NONE', #9566 ) ;
#5927 = CARTESIAN_POINT ( 'NONE',  ( 3.400000000000014600, 34.54999999999999700, 14.60000000000000100 ) ) ;
#5929 = VERTEX_POINT ( 'NONE', #459 ) ;
#5928 = DIRECTION ( 'NONE',  ( -0.0000000000000000000, -0.0000000000000000000, -1.000000000000000000 ) ) ;
#5930 = ORIENTED_EDGE ( 'NONE', *, *, #1813, .F. ) ;
#5931 = DIRECTION ( 'NONE',  ( 0.0000000000000000000, 1.000000000000000000, 0.0000000000000000000 ) ) ;
#5932 = DIRECTION ( 'NONE',  ( 0.3236155771181816200, -0.8891264907159904800, 0.3236155771181820600 ) ) ;
#5933 = ADVANCED_FACE ( 'NONE', ( #6095 ), #9666, .F. ) ;
#5934 = VECTOR ( 'NONE', #5358, 1000.000000000000000 ) ;
#5935 = ORIENTED_EDGE ( 'NONE', *, *, #8818, .F. ) ;
#5936 = AXIS2_PLACEMENT_3D ( 'NONE', #8668, #1983, #6996 ) ;
#5937 = VERTEX_POINT ( 'NONE', #4696 ) ;
#5938 = DIRECTION ( 'NONE',  ( 0.0000000000000000000, -1.000000000000000000, 0.0000000000000000000 ) ) ;
#5939 = AXIS2_PLACEMENT_3D ( 'NONE', #4199, #5875, #9158 ) ;
#5940 = CARTESIAN_POINT ( 'NONE',  ( -36.53971007140052100, -0.8790206645057677700, -33.74245834385233400 ) ) ;
#5941 = CARTESIAN_POINT ( 'NONE',  ( -5.199999999999996600, 52.29999999999999700, -10.90000000000000400 ) ) ;
#5942 = CARTESIAN_POINT ( 'NONE',  ( 0.3746794344809023500, 50.79999999999999700, 9.800000000000000700 ) ) ;
#5943 = DIRECTION ( 'NONE',  ( -1.000000000000000000, -0.0000000000000000000, -0.0000000000000000000 ) ) ;
#5944 = CIRCLE ( 'NONE', #1902, 1.600000000000000800 ) ;
#5945 = ORIENTED_EDGE ( 'NONE', *, *, #9758, .T. ) ;
#5946 = ORIENTED_EDGE ( 'NONE', *, *, #9334, .F. ) ;
#5947 = CARTESIAN_POINT ( 'NONE',  ( -34.32806696097171800, 3.400000000000023900, 26.33237777865424800 ) ) ;
#5948 = VECTOR ( 'NONE', #1335, 1000.000000000000100 ) ;
#5949 = EDGE_CURVE ( 'NONE', #2678, #814, #1385, .T. ) ;
#5950 = CARTESIAN_POINT ( 'NONE',  ( -4.833753343522156200, 52.70121173941807100, 10.76666675551931900 ) ) ;
#5951 = VECTOR ( 'NONE', #8188, 999.9999999999998900 ) ;
#5952 = CARTESIAN_POINT ( 'NONE',  ( -8.948805684721968100, -3.000000000000000000, -25.40000000000000900 ) ) ;
#5953 = CARTESIAN_POINT ( 'NONE',  ( -5.199999999999996600, 52.29999999999999700, 10.90000000000000400 ) ) ;
#5954 = VECTOR ( 'NONE', #6687, 1000.000000000000000 ) ;
#5955 = CARTESIAN_POINT ( 'NONE',  ( -1.612727260164134300, 29.57006884295190800, 11.42142595001161900 ) ) ;
#5956 = ADVANCED_FACE ( 'NONE', ( #5574 ), #9997, .F. ) ;
#5957 = LINE ( 'NONE', #6381, #4258 ) ;
#5958 = ORIENTED_EDGE ( 'NONE', *, *, #10183, .F. ) ;
#5959 = ORIENTED_EDGE ( 'NONE', *, *, #8230, .F. ) ;
#5960 = CIRCLE ( 'NONE', #7897, 0.2000000000000005100 ) ;
#5961 = VERTEX_POINT ( 'NONE', #8055 ) ;
#5962 = DIRECTION ( 'NONE',  ( -1.000000000000000000, 0.0000000000000000000, 0.0000000000000000000 ) ) ;
#5963 = EDGE_CURVE ( 'NONE', #9939, #3799, #9954, .T. ) ;
#5964 = ORIENTED_EDGE ( 'NONE', *, *, #10387, .F. ) ;
#5965 = FACE_OUTER_BOUND ( 'NONE', #5584, .T. ) ;
#5966 = ORIENTED_EDGE ( 'NONE', *, *, #1865, .T. ) ;
#5967 = DIRECTION ( 'NONE',  ( 2.550381958583861000E-016, 0.0000000000000000000, -1.000000000000000000 ) ) ;
#5968 = CARTESIAN_POINT ( 'NONE',  ( -0.1282949791001399800, 29.21098076386531900, 11.62874554913521400 ) ) ;
#5969 = EDGE_CURVE ( 'NONE', #8111, #3072, #1117, .T. ) ;
#5970 = ORIENTED_EDGE ( 'NONE', *, *, #1525, .F. ) ;
#5971 = B_SPLINE_CURVE_WITH_KNOTS ( 'NONE', 3,
 ( #8564, #6118, #1932, #7777 ),
 .UNSPECIFIED., .F., .F.,
 ( 4, 4 ),
 ( -4.495778883715501400E-006, 0.0003775161607630053900 ),
 .UNSPECIFIED. ) ;
#5972 = TOROIDAL_SURFACE ( 'NONE', #3265, 0.6656854249492379900, 0.2000000000000000100 ) ;
#5973 = CYLINDRICAL_SURFACE ( 'NONE', #1698, 6.200000000000001100 ) ;
#5974 = CARTESIAN_POINT ( 'NONE',  ( -4.785011497558461000, 52.65837018413705600, -10.76666666666667100 ) ) ;
#5975 = ADVANCED_FACE ( 'NONE', ( #3600 ), #6427, .T. ) ;
#5976 = ORIENTED_EDGE ( 'NONE', *, *, #10603, .T. ) ;
#5977 = DIRECTION ( 'NONE',  ( -0.3236155771181814000, 0.8891264907159907000, 0.3236155771181814500 ) ) ;
#5978 = DIRECTION ( 'NONE',  ( 0.0000000000000000000, -1.000000000000000000, 0.0000000000000000000 ) ) ;
#5979 = CARTESIAN_POINT ( 'NONE',  ( -5.182352374825900800, 5.000000000000000000, 0.0000000000000000000 ) ) ;
#5980 = EDGE_CURVE ( 'NONE', #3813, #4321, #5323, .T. ) ;
#5981 = CARTESIAN_POINT ( 'NONE',  ( 0.5942065028368713800, 30.63338672532374200, 10.80751908438810600 ) ) ;
#5982 = DIRECTION ( 'NONE',  ( -0.9994522288395831800, 0.0000000000000000000, -0.03309444466356239300 ) ) ;
#5983 = LINE ( 'NONE', #9620, #1267 ) ;
#5984 = CARTESIAN_POINT ( 'NONE',  ( -28.07601047457014700, -3.000000000000000000, 28.19999999999999600 ) ) ;
#5985 = VECTOR ( 'NONE', #8294, 1000.000000000000000 ) ;
#5986 = DIRECTION ( 'NONE',  ( 0.0000000000000000000, 1.000000000000000000, 0.0000000000000000000 ) ) ;
#5987 = ORIENTED_EDGE ( 'NONE', *, *, #9851, .F. ) ;
#5988 = ADVANCED_FACE ( 'NONE', ( #3320 ), #9746, .T. ) ;
#5989 = DIRECTION ( 'NONE',  ( 0.0000000000000000000, -1.000000000000000000, 0.0000000000000000000 ) ) ;
#5990 = AXIS2_PLACEMENT_3D ( 'NONE', #1920, #6108, #2765 ) ;
#5991 = CARTESIAN_POINT ( 'NONE',  ( 9.646454059890198000, 13.71278271333739500, 12.28768357674656500 ) ) ;
#5992 = FACE_OUTER_BOUND ( 'NONE', #345, .T. ) ;
#5993 = CIRCLE ( 'NONE', #6661, 1.599999999999999900 ) ;
#5994 = ORIENTED_EDGE ( 'NONE', *, *, #614, .F. ) ;
#5995 = ORIENTED_EDGE ( 'NONE', *, *, #436, .T. ) ;
#5996 = DIRECTION ( 'NONE',  ( 0.0000000000000000000, 0.0000000000000000000, -1.000000000000000000 ) ) ;
#5997 = CARTESIAN_POINT ( 'NONE',  ( 5.399995525067424800, 30.30000000000000800, 11.00000000000000200 ) ) ;
#5998 = CARTESIAN_POINT ( 'NONE',  ( 11.20000000000000100, 52.79999999999999700, -13.00000000000000400 ) ) ;
#5999 = LINE ( 'NONE', #176, #1547 ) ;
#6000 = PLANE ( 'NONE',  #3939 ) ;
#6001 = AXIS2_PLACEMENT_3D ( 'NONE', #3232, #9068, #4103 ) ;
#6002 = CIRCLE ( 'NONE', #2026, 11.00000000000000400 ) ;
#6003 = VERTEX_POINT ( 'NONE', #6462 ) ;
#6004 = ORIENTED_EDGE ( 'NONE', *, *, #2878, .F. ) ;
#6005 = DIRECTION ( 'NONE',  ( -1.239088197126291100E-016, 1.000000000000000000, 0.0000000000000000000 ) ) ;
#6006 = CARTESIAN_POINT ( 'NONE',  ( -28.80292494263043300, 3.000000000000000400, -28.08535748078886800 ) ) ;
#6007 = CARTESIAN_POINT ( 'NONE',  ( 3.541629815862949100, 51.98501149755846700, 10.76666666666666900 ) ) ;
#6008 = LINE ( 'NONE', #6203, #3774 ) ;
#6009 = DIRECTION ( 'NONE',  ( 1.000000000000000000, 0.0000000000000000000, 0.0000000000000000000 ) ) ;
#6010 = CARTESIAN_POINT ( 'NONE',  ( 0.9613068586017921000, 32.45068458898175800, 9.758301673609398800 ) ) ;
#6011 = CARTESIAN_POINT ( 'NONE',  ( -35.19636327973358900, 3.398675616613684900, -0.1243944217573580400 ) ) ;
#6012 = EDGE_CURVE ( 'NONE', #9767, #1343, #852, .T. ) ;
#6013 = CARTESIAN_POINT ( 'NONE',  ( -6.599999999999993400, -3.000000000000000000, -22.13012701892219500 ) ) ;
#6014 = EDGE_LOOP ( 'NONE', ( #4953, #2524, #4061, #6657 ) ) ;
#6015 = EDGE_LOOP ( 'NONE', ( #1595, #1184, #10520, #7881 ) ) ;
#6016 = AXIS2_PLACEMENT_3D ( 'NONE', #10191, #1111, #7185 ) ;
#6017 = CIRCLE ( 'NONE', #9326, 147.8000000000000100 ) ;
#6018 = ORIENTED_EDGE ( 'NONE', *, *, #8515, .F. ) ;
#6019 = DIRECTION ( 'NONE',  ( 0.0000000000000000000, 0.0000000000000000000, 1.000000000000000000 ) ) ;
#6020 = ORIENTED_EDGE ( 'NONE', *, *, #9899, .F. ) ;
#6022 = EDGE_LOOP ( 'NONE', ( #8389, #4085, #2024, #4342 ) ) ;
#6021 = DIRECTION ( 'NONE',  ( -0.9961946980917452100, 0.0000000000000000000, 0.08715574274766232900 ) ) ;
#6023 = ORIENTED_EDGE ( 'NONE', *, *, #5162, .F. ) ;
#6024 = CARTESIAN_POINT ( 'NONE',  ( 2.400000000000006100, 34.55000000000000400, -12.60000000000000300 ) ) ;
#6025 = DIRECTION ( 'NONE',  ( -0.08715574274766288400, 0.0000000000000000000, 0.9961946980917451000 ) ) ;
#6026 = CARTESIAN_POINT ( 'NONE',  ( -30.00024368684212200, 5.000000000000000000, -29.61764762517409400 ) ) ;
#6027 = CARTESIAN_POINT ( 'NONE',  ( -5.099999999999995200, 52.29999999999999700, -10.70000000000000300 ) ) ;
#6028 = EDGE_CURVE ( 'NONE', #1343, #4988, #7252, .T. ) ;
#6029 = EDGE_LOOP ( 'NONE', ( #4792, #9554, #8339, #5190, #2378 ) ) ;
#6030 = ADVANCED_FACE ( 'NONE', ( #9184, #2807 ), #3982, .T. ) ;
#6031 = LINE ( 'NONE', #5184, #4069 ) ;
#6032 = ORIENTED_EDGE ( 'NONE', *, *, #5006, .T. ) ;
#6033 = EDGE_CURVE ( 'NONE', #9689, #3243, #6991, .T. ) ;
#6034 = ORIENTED_EDGE ( 'NONE', *, *, #2513, .F. ) ;
#6035 =( BOUNDED_CURVE ( )  B_SPLINE_CURVE ( 3, ( #4526, #2006, #8686, #3702 ),
 .UNSPECIFIED., .F., .F. ) 
 B_SPLINE_CURVE_WITH_KNOTS ( ( 4, 4 ),
 ( 2.414817599270395300, 3.868367707909196300 ),
 .UNSPECIFIED. ) 
 CURVE ( )  GEOMETRIC_REPRESENTATION_ITEM ( )  RATIONAL_B_SPLINE_CURVE ( ( 1.000000000000000000, 0.8315474279734008700, 0.8315474279734008700, 1.000000000000000000 ) ) 
 REPRESENTATION_ITEM ( '' )  );
#6036 = ORIENTED_EDGE ( 'NONE', *, *, #4461, .T. ) ;
#6037 = VERTEX_POINT ( 'NONE', #7330 ) ;
#6038 = CARTESIAN_POINT ( 'NONE',  ( -34.32806696097171100, 3.400000000000024800, -26.33237777865425500 ) ) ;
#6039 = CARTESIAN_POINT ( 'NONE',  ( 3.585011497558472400, 52.65837018413705600, -10.76666666666666900 ) ) ;
#6040 = DIRECTION ( 'NONE',  ( -1.000000000000000000, 0.0000000000000000000, 0.0000000000000000000 ) ) ;
#6041 = DIRECTION ( 'NONE',  ( 1.000000000000000000, 0.0000000000000000000, -0.0000000000000000000 ) ) ;
#6042 = VERTEX_POINT ( 'NONE', #2336 ) ;
#6043 = LINE ( 'NONE', #443, #4984 ) ;
#6044 = ADVANCED_FACE ( 'NONE', ( #2544 ), #6732, .T. ) ;
#6045 = ORIENTED_EDGE ( 'NONE', *, *, #5222, .T. ) ;
#6046 = EDGE_CURVE ( 'NONE', #7646, #4634, #8929, .T. ) ;
#6047 = EDGE_LOOP ( 'NONE', ( #3371, #1354, #7577, #10507, #3465, #9673 ) ) ;
#6048 = VERTEX_POINT ( 'NONE', #4023 ) ;
#6049 = B_SPLINE_CURVE_WITH_KNOTS ( 'NONE', 3,
 ( #608, #1440, #7270, #2270 ),
 .UNSPECIFIED., .F., .F.,
 ( 4, 4 ),
 ( 0.0000000000000000000, 0.0003852897569917492600 ),
 .UNSPECIFIED. ) ;
#6050 = EDGE_CURVE ( 'NONE', #5157, #9380, #9445, .T. ) ;
#6051 = DIRECTION ( 'NONE',  ( 1.000000000000000000, 0.0000000000000000000, 0.0000000000000000000 ) ) ;
#6052 = DIRECTION ( 'NONE',  ( 1.000000000000000000, 0.0000000000000000000, 0.0000000000000000000 ) ) ;
#6053 = CARTESIAN_POINT ( 'NONE',  ( 3.456443655523019100, 52.04800415673908300, -10.85901645101360000 ) ) ;
#6054 = VECTOR ( 'NONE', #2202, 1000.000000000000000 ) ;
#6055 = CARTESIAN_POINT ( 'NONE',  ( -8.948805684721977000, -2.648912529307589900, 34.20000000000000300 ) ) ;
#6056 = VERTEX_POINT ( 'NONE', #694 ) ;
#6057 = ORIENTED_EDGE ( 'NONE', *, *, #839, .F. ) ;
#6058 = VERTEX_POINT ( 'NONE', #2371 ) ;
#6059 = CARTESIAN_POINT ( 'NONE',  ( 3.400000000000005200, 52.79999999999999700, -9.800000000000002500 ) ) ;
#6060 = CARTESIAN_POINT ( 'NONE',  ( -33.73576973346460800, -0.3510874706924007600, -34.20000000000001700 ) ) ;
#6061 = DIRECTION ( 'NONE',  ( -1.000000000000000000, 0.0000000000000000000, 0.0000000000000000000 ) ) ;
#6062 = DIRECTION ( 'NONE',  ( -5.661944678535407600E-016, 1.000000000000000000, 0.0000000000000000000 ) ) ;
#6063 = CARTESIAN_POINT ( 'NONE',  ( 12.81764762517409300, 5.000000000000000000, 13.76444735056200300 ) ) ;
#6064 = LINE ( 'NONE', #2399, #5290 ) ;
#6065 = CARTESIAN_POINT ( 'NONE',  ( 0.004931848546660736600, 34.17597415039496400, 9.463132702112966800 ) ) ;
#6066 =( BOUNDED_CURVE ( )  B_SPLINE_CURVE ( 3, ( #4892, #3187, #729, #6560 ),
 .UNSPECIFIED., .F., .T. ) 
 B_SPLINE_CURVE_WITH_KNOTS ( ( 4, 4 ),
 ( 6.226372143321244200, 6.283185307179586200 ),
 .UNSPECIFIED. ) 
 CURVE ( )  GEOMETRIC_REPRESENTATION_ITEM ( )  RATIONAL_B_SPLINE_CURVE ( ( 1.000000000000000000, 0.9997310401211670900, 0.9997310401211670900, 1.000000000000000000 ) ) 
 REPRESENTATION_ITEM ( '' )  );
#6067 = CARTESIAN_POINT ( 'NONE',  ( 12.61202537022329500, -18.06884202584944200, -10.93117914242403700 ) ) ;
#6068 = ORIENTED_EDGE ( 'NONE', *, *, #10365, .F. ) ;
#6069 = ORIENTED_EDGE ( 'NONE', *, *, #9266, .T. ) ;
#6070 = VERTEX_POINT ( 'NONE', #5708 ) ;
#6071 = EDGE_CURVE ( 'NONE', #7074, #4663, #1929, .T. ) ;
#6072 = CARTESIAN_POINT ( 'NONE',  ( 4.000000000000006200, 52.29999999999999700, -10.50000000000000400 ) ) ;
#6073 = LINE ( 'NONE', #3231, #7999 ) ;
#6074 = DIRECTION ( 'NONE',  ( 0.0000000000000000000, 0.0000000000000000000, 1.000000000000000000 ) ) ;
#6075 = ORIENTED_EDGE ( 'NONE', *, *, #8875, .T. ) ;
#6076 = CARTESIAN_POINT ( 'NONE',  ( -1.088504155672128400, 34.20195390338807300, 9.399443856836841200 ) ) ;
#6077 = ORIENTED_EDGE ( 'NONE', *, *, #3661, .T. ) ;
#6078 = CARTESIAN_POINT ( 'NONE',  ( -1.856632847139961100, 33.05626356535358900, 10.02791302795292700 ) ) ;
#6079 = EDGE_LOOP ( 'NONE', ( #3945, #7013, #1766, #3576, #3389, #10522, #8911, #8579, #4518, #6168, #9100, #10006, #9928 ) ) ;
#6080 = CARTESIAN_POINT ( 'NONE',  ( -11.20000000000000100, 4.999999999999997300, -13.00000000000000400 ) ) ;
#6081 = LINE ( 'NONE', #1043, #4118 ) ;
#6082 = VERTEX_POINT ( 'NONE', #6567 ) ;
#6083 = VECTOR ( 'NONE', #1956, 999.9999999999998900 ) ;
#6084 = LINE ( 'NONE', #4986, #3592 ) ;
#6085 = AXIS2_PLACEMENT_3D ( 'NONE', #4478, #3619, #8591 ) ;
#6086 = DIRECTION ( 'NONE',  ( 0.0000000000000000000, 0.0000000000000000000, -1.000000000000000000 ) ) ;
#6087 = PLANE ( 'NONE',  #8261 ) ;
#6089 = ORIENTED_EDGE ( 'NONE', *, *, #1727, .T. ) ;
#6088 = CARTESIAN_POINT ( 'NONE',  ( 5.800000000000003400, 52.79999999999999700, 15.00000000000000400 ) ) ;
#6090 = DIRECTION ( 'NONE',  ( 0.0000000000000000000, 0.0000000000000000000, 1.000000000000000000 ) ) ;
#6091 = LINE ( 'NONE', #4794, #10215 ) ;
#6092 = CARTESIAN_POINT ( 'NONE',  ( -2.269872981077806000, -3.000000000000000000, 17.80000000000000400 ) ) ;
#6093 = FACE_OUTER_BOUND ( 'NONE', #7023, .T. ) ;
#6094 = VERTEX_POINT ( 'NONE', #8192 ) ;
#6095 = FACE_OUTER_BOUND ( 'NONE', #1368, .T. ) ;
#6096 = EDGE_CURVE ( 'NONE', #10147, #11, #4529, .T. ) ;
#6097 = DIRECTION ( 'NONE',  ( 0.0000000000000000000, -1.000000000000000000, 0.0000000000000000000 ) ) ;
#6098 = EDGE_CURVE ( 'NONE', #9464, #140, #24, .T. ) ;
#6099 = DIRECTION ( 'NONE',  ( -0.0000000000000000000, -0.0000000000000000000, 1.000000000000000000 ) ) ;
#6100 = ADVANCED_FACE ( 'NONE', ( #8674 ), #1566, .F. ) ;
#6101 = AXIS2_PLACEMENT_3D ( 'NONE', #1645, #810, #7475 ) ;
#6102 = VECTOR ( 'NONE', #281, 1000.000000000000000 ) ;
#6103 = EDGE_LOOP ( 'NONE', ( #8871, #157, #7768, #10442, #5898, #118, #8139, #3563, #8879, #3648, #5010, #150 ) ) ;
#6104 = VECTOR ( 'NONE', #4630, 1000.000000000000000 ) ;
#6105 = ORIENTED_EDGE ( 'NONE', *, *, #6096, .F. ) ;
#6106 = CARTESIAN_POINT ( 'NONE',  ( -4.242659754039991100, 5.000000000000000000, -19.21764762517409500 ) ) ;
#6107 = EDGE_CURVE ( 'NONE', #4316, #3495, #2285, .T. ) ;
#6108 = DIRECTION ( 'NONE',  ( 0.0000000000000000000, -1.000000000000000000, 0.0000000000000000000 ) ) ;
#6109 = CARTESIAN_POINT ( 'NONE',  ( 0.1500000000000069600, 30.80000000000000400, -13.00000000000000400 ) ) ;
#6110 = LINE ( 'NONE', #2850, #1136 ) ;
#6111 = LINE ( 'NONE', #518, #1650 ) ;
#6112 = CARTESIAN_POINT ( 'NONE',  ( 8.600000000000005000, 50.79999999999999700, -9.841154273188021100 ) ) ;
#6113 = EDGE_CURVE ( 'NONE', #1719, #457, #10611, .T. ) ;
#6114 = ORIENTED_EDGE ( 'NONE', *, *, #5206, .F. ) ;
#6115 = AXIS2_PLACEMENT_3D ( 'NONE', #878, #10035, #5090 ) ;
#6116 = ORIENTED_EDGE ( 'NONE', *, *, #6239, .F. ) ;
#6117 = VECTOR ( 'NONE', #1423, 1000.000000000000000 ) ;
#6118 = CARTESIAN_POINT ( 'NONE',  ( -4.599999999999994300, 52.19133800584129500, 10.83360921629261700 ) ) ;
#6119 = LINE ( 'NONE', #8850, #7793 ) ;
#6120 = CARTESIAN_POINT ( 'NONE',  ( -30.33025804561337700, 5.000000000000000000, -30.20000000000000300 ) ) ;
#6121 = CARTESIAN_POINT ( 'NONE',  ( -1.731370849898468800, 36.79999999999999700, -10.90000000000000400 ) ) ;
#6122 = CARTESIAN_POINT ( 'NONE',  ( 3.900000000000005200, 52.29999999999999700, -10.50000000000000400 ) ) ;
#6123 = EDGE_CURVE ( 'NONE', #4277, #6537, #2010, .T. ) ;
#6124 = CARTESIAN_POINT ( 'NONE',  ( 24.03208911759655600, -1.741422996967185300, -2.171161076104266600 ) ) ;
#6125 = DIRECTION ( 'NONE',  ( 0.2975678135326724800, 0.8267950454992060200, -0.4773503420836218100 ) ) ;
#6126 = ORIENTED_EDGE ( 'NONE', *, *, #9584, .T. ) ;
#6127 = VERTEX_POINT ( 'NONE', #7468 ) ;
#6128 = LINE ( 'NONE', #8859, #3904 ) ;
#6129 = ORIENTED_EDGE ( 'NONE', *, *, #871, .F. ) ;
#6130 = EDGE_CURVE ( 'NONE', #571, #9034, #3987, .T. ) ;
#6131 = CARTESIAN_POINT ( 'NONE',  ( -4.662255489823029300, 52.08619254712396400, -10.78409504372318000 ) ) ;
#6132 = CARTESIAN_POINT ( 'NONE',  ( 3.400000000000003900, 52.29999999999999700, 10.90000000000000400 ) ) ;
#6133 = DIRECTION ( 'NONE',  ( 0.0000000000000000000, 0.0000000000000000000, -1.000000000000000000 ) ) ;
#6134 = ORIENTED_EDGE ( 'NONE', *, *, #85, .T. ) ;
#6135 = CARTESIAN_POINT ( 'NONE',  ( 3.900000000000005700, 52.79999999999999700, -10.90000000000000400 ) ) ;
#6136 = EDGE_LOOP ( 'NONE', ( #3517, #5123, #10259, #7383 ) ) ;
#6137 = EDGE_LOOP ( 'NONE', ( #9175, #5305, #3094, #10752 ) ) ;
#6138 = VECTOR ( 'NONE', #4239, 1000.000000000000100 ) ;
#6139 = LINE ( 'NONE', #4568, #8329 ) ;
#6140 = EDGE_LOOP ( 'NONE', ( #8397, #10443, #9630, #1993 ) ) ;
#6141 = DIRECTION ( 'NONE',  ( 1.239088197126291100E-016, -1.000000000000000000, 0.0000000000000000000 ) ) ;
#6142 = VERTEX_POINT ( 'NONE', #9134 ) ;
#6143 = CARTESIAN_POINT ( 'NONE',  ( -5.539473645387118900, 52.79999999999999700, 10.90000000000000400 ) ) ;
#6144 = LINE ( 'NONE', #2027, #5885 ) ;
#6145 = ADVANCED_FACE ( 'NONE', ( #3722 ), #5009, .F. ) ;
#6146 = DIRECTION ( 'NONE',  ( 0.8655510200440548200, -0.5000000000000041100, -0.02866062980278309700 ) ) ;
#6147 = FACE_OUTER_BOUND ( 'NONE', #7199, .T. ) ;
#6148 = EDGE_LOOP ( 'NONE', ( #8772, #6773, #4167, #3542 ) ) ;
#6149 = DIRECTION ( 'NONE',  ( 0.0000000000000000000, -0.8660254037844383700, 0.5000000000000006700 ) ) ;
#6150 = DIRECTION ( 'NONE',  ( -1.000000000000000000, 0.0000000000000000000, 0.0000000000000000000 ) ) ;
#6151 = CARTESIAN_POINT ( 'NONE',  ( 0.1085545666458262000, 33.79999999999999700, -8.954700538379274400 ) ) ;
#6152 = CARTESIAN_POINT ( 'NONE',  ( -4.606871369612483700, 3.418878932851070500, -26.43435814724387000 ) ) ;
#6153 = ORIENTED_EDGE ( 'NONE', *, *, #8941, .F. ) ;
#6154 = CARTESIAN_POINT ( 'NONE',  ( -4.599999999999992500, 0.0000000000000000000, -26.20000000000000300 ) ) ;
#6155 = ORIENTED_EDGE ( 'NONE', *, *, #728, .T. ) ;
#6156 = ORIENTED_EDGE ( 'NONE', *, *, #8559, .F. ) ;
#6157 = CARTESIAN_POINT ( 'NONE',  ( -4.656788388810174000, 52.51846231942317900, -10.76666666666666900 ) ) ;
#6158 = EDGE_CURVE ( 'NONE', #6933, #7050, #10339, .T. ) ;
#6159 = AXIS2_PLACEMENT_3D ( 'NONE', #5380, #4569, #10345 ) ;
#6160 = VECTOR ( 'NONE', #3039, 1000.000000000000000 ) ;
#6161 = VERTEX_POINT ( 'NONE', #7510 ) ;
#6162 = CARTESIAN_POINT ( 'NONE',  ( -0.9928002077760096400, 33.79316984689892000, 9.365548287690174300 ) ) ;
#6163 = DIRECTION ( 'NONE',  ( -0.5002054845274749300, -0.8659067347287662300, 1.937926845135263700E-015 ) ) ;
#6164 = DIRECTION ( 'NONE',  ( 0.0000000000000000000, -1.000000000000000000, 0.0000000000000000000 ) ) ;
#6165 = ORIENTED_EDGE ( 'NONE', *, *, #10290, .F. ) ;
#6166 = CARTESIAN_POINT ( 'NONE',  ( -4.688195292984818100, 52.60955884121020900, 10.87004640409761600 ) ) ;
#6167 = B_SPLINE_CURVE_WITH_KNOTS ( 'NONE', 3,
 ( #448, #2102, #7933, #2947, #8767, #3789, #9595, #4650, #10428, #5490 ),
 .UNSPECIFIED., .F., .F.,
 ( 4, 2, 2, 2, 4 ),
 ( 0.0000000000000000000, 0.2500000000000000000, 0.5000000000000000000, 0.7500000000000000000, 1.000000000000000000 ),
 .UNSPECIFIED. ) ;
#6168 = ORIENTED_EDGE ( 'NONE', *, *, #4139, .F. ) ;
#6169 = ORIENTED_EDGE ( 'NONE', *, *, #9075, .T. ) ;
#6170 = EDGE_CURVE ( 'NONE', #4624, #8631, #8400, .T. ) ;
#6171 = EDGE_CURVE ( 'NONE', #710, #416, #7888, .T. ) ;
#6172 = CIRCLE ( 'NONE', #7379, 0.4411542731880199700 ) ;
#6173 = CARTESIAN_POINT ( 'NONE',  ( -11.20000000000000100, 50.10717967697243600, 9.841154273188022800 ) ) ;
#6174 = DIRECTION ( 'NONE',  ( 0.0000000000000000000, 0.3420201433256653800, 0.9396926207859096500 ) ) ;
#6175 = DIRECTION ( 'NONE',  ( 0.0000000000000000000, 1.000000000000000000, 0.0000000000000000000 ) ) ;
#6176 = ORIENTED_EDGE ( 'NONE', *, *, #9177, .F. ) ;
#6177 = PRODUCT_DEFINITION_CONTEXT ( 'detailed design', #3076, 'design' ) ;
#6179 = EDGE_LOOP ( 'NONE', ( #1612, #6405, #8550, #3017 ) ) ;
#6178 = DIRECTION ( 'NONE',  ( 0.0000000000000000000, 0.0000000000000000000, -1.000000000000000000 ) ) ;
#6180 = ORIENTED_EDGE ( 'NONE', *, *, #2094, .T. ) ;
#6181 = CARTESIAN_POINT ( 'NONE',  ( -2.361008780706543200E-015, 3.000000000000000400, 14.15470053837925400 ) ) ;
#6182 = DIRECTION ( 'NONE',  ( 1.000000000000000000, 0.0000000000000000000, 0.0000000000000000000 ) ) ;
#6183 = CARTESIAN_POINT ( 'NONE',  ( -8.599999999999992500, 3.400000000000023900, -30.20000000000000300 ) ) ;
#6184 = VECTOR ( 'NONE', #5110, 1000.000000000000000 ) ;
#6185 = EDGE_CURVE ( 'NONE', #5857, #1106, #10077, .T. ) ;
#6186 = ORIENTED_EDGE ( 'NONE', *, *, #7558, .T. ) ;
#6187 = EDGE_LOOP ( 'NONE', ( #3467, #3935 ) ) ;
#6188 = ORIENTED_EDGE ( 'NONE', *, *, #3130, .F. ) ;
#6189 = DIRECTION ( 'NONE',  ( 1.000000000000000000, -0.0000000000000000000, 0.0000000000000000000 ) ) ;
#6190 = DIRECTION ( 'NONE',  ( 0.0000000000000000000, 0.0000000000000000000, -1.000000000000000000 ) ) ;
#6191 = DIRECTION ( 'NONE',  ( 3.212450881438533200E-016, 0.0000000000000000000, -1.000000000000000000 ) ) ;
#6192 = CARTESIAN_POINT ( 'NONE',  ( 0.0000000000000000000, 33.79999999999999700, -8.954700538379276200 ) ) ;
#6193 = LINE ( 'NONE', #10247, #3968 ) ;
#6194 = AXIS2_PLACEMENT_3D ( 'NONE', #4938, #5788, #773 ) ;
#6195 = ORIENTED_EDGE ( 'NONE', *, *, #2984, .F. ) ;
#6196 = ORIENTED_EDGE ( 'NONE', *, *, #1437, .F. ) ;
#6197 = EDGE_LOOP ( 'NONE', ( #3007, #2482, #372, #4876, #2488, #2439 ) ) ;
#6198 = CARTESIAN_POINT ( 'NONE',  ( -0.4988576623384058900, 34.19208668631479500, 9.300077323585489000 ) ) ;
#6199 = DIRECTION ( 'NONE',  ( -0.0000000000000000000, -1.000000000000000000, -0.0000000000000000000 ) ) ;
#6200 = CARTESIAN_POINT ( 'NONE',  ( -3.003760430703406900, 4.300666419935813800, 13.40376043070341100 ) ) ;
#6201 = ADVANCED_FACE ( 'NONE', ( #1235 ), #977, .F. ) ;
#6202 = ORIENTED_EDGE ( 'NONE', *, *, #10290, .T. ) ;
#6203 = CARTESIAN_POINT ( 'NONE',  ( -6.599999999999993400, 52.79999999999999700, 10.90000000000000400 ) ) ;
#6204 = LINE ( 'NONE', #4857, #10327 ) ;
#6205 = FACE_OUTER_BOUND ( 'NONE', #2108, .T. ) ;
#6206 = ORIENTED_EDGE ( 'NONE', *, *, #3814, .T. ) ;
#6207 = AXIS2_PLACEMENT_3D ( 'NONE', #9406, #4453, #5298 ) ;
#6208 = FACE_OUTER_BOUND ( 'NONE', #7192, .T. ) ;
#6209 = DIRECTION ( 'NONE',  ( -0.0000000000000000000, -0.0000000000000000000, 1.000000000000000000 ) ) ;
#6210 = DIRECTION ( 'NONE',  ( -0.0000000000000000000, -0.0000000000000000000, 1.000000000000000000 ) ) ;
#6211 = CIRCLE ( 'NONE', #10012, 4.000000000000000000 ) ;
#6212 = CARTESIAN_POINT ( 'NONE',  ( -1.367509333661983200, 33.79999999999999700, 8.979274057836304800 ) ) ;
#6213 = VECTOR ( 'NONE', #807, 1000.000000000000000 ) ;
#6214 = CARTESIAN_POINT ( 'NONE',  ( 11.20000000000000100, -1.899999999999999900, 6.858022075225178600E-016 ) ) ;
#6215 = DIRECTION ( 'NONE',  ( 0.0000000000000000000, 0.0000000000000000000, -1.000000000000000000 ) ) ;
#6216 = CARTESIAN_POINT ( 'NONE',  ( 23.33960460641120300, 0.0000000000000000000, 4.650806381693396200 ) ) ;
#6217 = LINE ( 'NONE', #4682, #8146 ) ;
#6218 = CARTESIAN_POINT ( 'NONE',  ( 3.400000000000003900, 51.86052635461285100, 10.90000000000000400 ) ) ;
#6219 = CARTESIAN_POINT ( 'NONE',  ( -1.690871211463564200, 50.79999999999999700, -11.00000000000000400 ) ) ;
#6220 = VERTEX_POINT ( 'NONE', #5085 ) ;
#6221 = ORIENTED_EDGE ( 'NONE', *, *, #4338, .F. ) ;
#6222 = EDGE_CURVE ( 'NONE', #7936, #2239, #5441, .T. ) ;
#6223 = VECTOR ( 'NONE', #2520, 1000.000000000000000 ) ;
#6224 = AXIS2_PLACEMENT_3D ( 'NONE', #9645, #3844, #8824 ) ;
#6225 = CARTESIAN_POINT ( 'NONE',  ( -35.19999999999999600, -0.0000000000000000000, -3.469446951953614200E-015 ) ) ;
#6226 = CARTESIAN_POINT ( 'NONE',  ( -5.755061800187083200, -1.578477147862861400, 33.59999999999999400 ) ) ;
#6227 = ORIENTED_EDGE ( 'NONE', *, *, #4180, .F. ) ;
#6228 = CARTESIAN_POINT ( 'NONE',  ( -4.599999999999996100, 51.86052635461287300, 10.90000000000000400 ) ) ;
#6229 = DIRECTION ( 'NONE',  ( 0.0000000000000000000, 0.0000000000000000000, 1.000000000000000000 ) ) ;
#6230 = CARTESIAN_POINT ( 'NONE',  ( 3.633753343522228900, 52.70121173941812000, -10.76666675551929900 ) ) ;
#6231 = PRODUCT_RELATED_PRODUCT_CATEGORY ( 'part', '', ( #2277 ) ) ;
#6232 = VECTOR ( 'NONE', #7339, 1000.000000000000000 ) ;
#6233 = EDGE_CURVE ( 'NONE', #2440, #5494, #1502, .T. ) ;
#6234 = VERTEX_POINT ( 'NONE', #905 ) ;
#6235 = LINE ( 'NONE', #9191, #8419 ) ;
#6236 = ORIENTED_EDGE ( 'NONE', *, *, #9614, .T. ) ;
#6237 = CARTESIAN_POINT ( 'NONE',  ( 0.1103783465807578900, 33.79999999999999700, 8.979274057836304800 ) ) ;
#6238 = CARTESIAN_POINT ( 'NONE',  ( -1.394193598664909900, 29.66960408346184900, 11.49437960059578500 ) ) ;
#6239 = EDGE_CURVE ( 'NONE', #10151, #10764, #9825, .T. ) ;
#6240 = DIRECTION ( 'NONE',  ( -1.000000000000000000, 0.0000000000000000000, 0.0000000000000000000 ) ) ;
#6241 = CARTESIAN_POINT ( 'NONE',  ( 5.400000000000005700, 36.79999999999999700, -11.00000000000000400 ) ) ;
#6242 = EDGE_LOOP ( 'NONE', ( #9536, #6429, #10113, #6319 ) ) ;
#6243 = CARTESIAN_POINT ( 'NONE',  ( 2.360084470508810800E-015, 33.79999999999999700, 8.979274057836304800 ) ) ;
#6244 = CARTESIAN_POINT ( 'NONE',  ( 8.930127018922188900, 1.277945491468362600, -11.00000000000000400 ) ) ;
#6245 = CIRCLE ( 'NONE', #3337, 8.799999999999998900 ) ;
#6246 = CIRCLE ( 'NONE', #5695, 0.6656854249492391000 ) ;
#6247 = ORIENTED_EDGE ( 'NONE', *, *, #4270, .F. ) ;
#6248 = CARTESIAN_POINT ( 'NONE',  ( 8.600000000000005000, 50.79999999999999700, 9.400000000000002100 ) ) ;
#6249 = EDGE_CURVE ( 'NONE', #10555, #5929, #3461, .T. ) ;
#6250 = DIRECTION ( 'NONE',  ( 1.000000000000000000, 0.0000000000000000000, 0.0000000000000000000 ) ) ;
#6251 = DIRECTION ( 'NONE',  ( -0.0000000000000000000, 0.5000000000000046600, -0.8660254037844359300 ) ) ;
#6252 = CARTESIAN_POINT ( 'NONE',  ( -4.199999999999996600, 52.79999999999999700, 12.60000000000000100 ) ) ;
#6253 = DIRECTION ( 'NONE',  ( 0.0000000000000000000, 0.0000000000000000000, 1.000000000000000000 ) ) ;
#6254 = CARTESIAN_POINT ( 'NONE',  ( 3.400000000000004400, 52.29999999999999700, 10.90000000000000400 ) ) ;
#6255 = VECTOR ( 'NONE', #3909, 1000.000000000000000 ) ;
#6256 = EDGE_CURVE ( 'NONE', #9593, #10185, #9562, .T. ) ;
#6257 = AXIS2_PLACEMENT_3D ( 'NONE', #7401, #6564, #1562 ) ;
#6258 = LINE ( 'NONE', #3349, #8184 ) ;
#6259 = ADVANCED_FACE ( 'NONE', ( #9313 ), #1781, .T. ) ;
#6260 = VERTEX_POINT ( 'NONE', #10105 ) ;
#6261 = CARTESIAN_POINT ( 'NONE',  ( 13.85129673594043400, 4.523540046057058300, -12.72782558589093000 ) ) ;
#6262 = LINE ( 'NONE', #5998, #1800 ) ;
#6263 = CARTESIAN_POINT ( 'NONE',  ( 3.400000000000005200, 38.80000000000000400, -10.90000000000000400 ) ) ;
#6264 = CARTESIAN_POINT ( 'NONE',  ( 3.400000000000014600, 34.54999999999999700, 14.60000000000000100 ) ) ;
#6265 = CIRCLE ( 'NONE', #916, 0.2000000000000017300 ) ;
#6266 = CARTESIAN_POINT ( 'NONE',  ( -29.73132152140111700, 3.000000000000000400, 0.04778080191426037300 ) ) ;
#6267 = VERTEX_POINT ( 'NONE', #5924 ) ;
#6268 = EDGE_LOOP ( 'NONE', ( #7165, #7282, #10423 ) ) ;
#6269 = ORIENTED_EDGE ( 'NONE', *, *, #4997, .T. ) ;
#6270 = EDGE_CURVE ( 'NONE', #7727, #3387, #5177, .T. ) ;
#6271 = CARTESIAN_POINT ( 'NONE',  ( -11.20000000000000100, 48.10000000000002300, 6.858022075225178600E-016 ) ) ;
#6272 = DIRECTION ( 'NONE',  ( -0.0000000000000000000, 1.000000000000000000, -0.0000000000000000000 ) ) ;
#6273 = VECTOR ( 'NONE', #10059, 1000.000000000000100 ) ;
#6274 = CARTESIAN_POINT ( 'NONE',  ( -1.391925066198104900, 34.04941654127684800, 9.597865189984519300 ) ) ;
#6275 = DIRECTION ( 'NONE',  ( 2.502005013428087100E-016, 0.0000000000000000000, -1.000000000000000000 ) ) ;
#6276 = CARTESIAN_POINT ( 'NONE',  ( -0.02329901676553080100, 34.18231965798501900, 9.447661662802119100 ) ) ;
#6277 = ORIENTED_EDGE ( 'NONE', *, *, #3433, .T. ) ;
#6278 = VECTOR ( 'NONE', #1603, 1000.000000000000100 ) ;
#6279 = ORIENTED_EDGE ( 'NONE', *, *, #4802, .F. ) ;
#6280 = VERTEX_POINT ( 'NONE', #1812 ) ;
#6281 = DIRECTION ( 'NONE',  ( 0.0000000000000000000, -1.000000000000000000, 0.0000000000000000000 ) ) ;
#6282 = ORIENTED_EDGE ( 'NONE', *, *, #9135, .F. ) ;
#6283 = DIRECTION ( 'NONE',  ( 0.0000000000000000000, 0.0000000000000000000, -1.000000000000000000 ) ) ;
#6284 = VECTOR ( 'NONE', #7591, 1000.000000000000000 ) ;
#6285 = ORIENTED_EDGE ( 'NONE', *, *, #9404, .F. ) ;
#6286 = VERTEX_POINT ( 'NONE', #172 ) ;
#6287 = ORIENTED_EDGE ( 'NONE', *, *, #100, .F. ) ;
#6288 = EDGE_LOOP ( 'NONE', ( #9352, #5545, #9722, #10622 ) ) ;
#6289 = ORIENTED_EDGE ( 'NONE', *, *, #5478, .F. ) ;
#6290 = EDGE_CURVE ( 'NONE', #3074, #9043, #3181, .T. ) ;
#6291 = CARTESIAN_POINT ( 'NONE',  ( 0.0000000000000000000, 0.0000000000000000000, -9.800000000000002500 ) ) ;
#6292 = CARTESIAN_POINT ( 'NONE',  ( -1.935274723410979500, 33.32580736242564300, 9.253049304787596800 ) ) ;
#6293 = CARTESIAN_POINT ( 'NONE',  ( 12.81764762517410000, 5.000000000000000000, -17.71091036373495000 ) ) ;
#6294 = VECTOR ( 'NONE', #1050, 1000.000000000000000 ) ;
#6295 = DIRECTION ( 'NONE',  ( -0.0000000000000000000, 1.000000000000000000, -0.0000000000000000000 ) ) ;
#6296 = EDGE_CURVE ( 'NONE', #1400, #4415, #8084, .T. ) ;
#6297 = EDGE_LOOP ( 'NONE', ( #9486, #7613, #2865, #6282 ) ) ;
#6298 = B_SPLINE_CURVE_WITH_KNOTS ( 'NONE', 3,
 ( #6699, #2529, #9187, #4223, #10013, #5064, #80, #5904, #888, #6735, #1723, #7561, #2564, #8390, #3396, #9222, #4263, #10045, #5101, #120, #5940, #922, #6767, #1764, #7590, #2593, #8422, #3443, #9259, #4294 ),
 .UNSPECIFIED., .F., .F.,
 ( 4, 2, 2, 2, 2, 2, 2, 2, 2, 2, 2, 2, 2, 2, 4 ),
 ( 0.007299270271245137500, 0.008208246860971515200, 0.009117223450697892900, 0.009571711745561078300, 0.01002620004042426500, 0.01048068833528745200, 0.01070793248271905200, 0.01093517663015065200, 0.01116242077758225100, 0.01138966492501385100, 0.01184415321987705000, 0.01229864151474024900, 0.01275312980960344900, 0.01366210639932984700, 0.01457108298905624600 ),
 .UNSPECIFIED. ) ;
#6299 = VERTEX_POINT ( 'NONE', #2655 ) ;
#6300 = VERTEX_POINT ( 'NONE', #985 ) ;
#6301 = CARTESIAN_POINT ( 'NONE',  ( 3.585011497558472400, 52.65837018413705600, -10.76666666666666900 ) ) ;
#6302 = PLANE ( 'NONE',  #7395 ) ;
#6303 = CARTESIAN_POINT ( 'NONE',  ( -3.599999999999999200, 34.54999999999999700, -12.60000000000000300 ) ) ;
#6304 = CARTESIAN_POINT ( 'NONE',  ( -6.599999999999993400, 52.79999999999999700, -10.90000000000000400 ) ) ;
#6305 = ADVANCED_FACE ( 'NONE', ( #9050 ), #220, .F. ) ;
#6306 = VECTOR ( 'NONE', #9654, 1000.000000000000000 ) ;
#6307 = CARTESIAN_POINT ( 'NONE',  ( 22.14394809929214200, -1.999999999999998200, -1.109053650640955200 ) ) ;
#6308 = DIRECTION ( 'NONE',  ( -0.0000000000000000000, 1.000000000000000000, -0.0000000000000000000 ) ) ;
#6309 = ORIENTED_EDGE ( 'NONE', *, *, #999, .F. ) ;
#6310 = EDGE_CURVE ( 'NONE', #7576, #1076, #2410, .T. ) ;
#6311 = ORIENTED_EDGE ( 'NONE', *, *, #5980, .F. ) ;
#6312 = ORIENTED_EDGE ( 'NONE', *, *, #3772, .T. ) ;
#6313 = EDGE_CURVE ( 'NONE', #213, #6966, #4653, .T. ) ;
#6314 = CARTESIAN_POINT ( 'NONE',  ( 0.06332495807109264600, 28.80000000000000100, -11.49999999999999600 ) ) ;
#6315 = FACE_OUTER_BOUND ( 'NONE', #4208, .T. ) ;
#6316 = DIRECTION ( 'NONE',  ( -0.3141328382098612600, -0.8921244774085898000, 0.3247067550370142900 ) ) ;
#6317 = CARTESIAN_POINT ( 'NONE',  ( -0.1762851640031669900, 29.19474411167425700, 11.70000000000000100 ) ) ;
#6318 = CARTESIAN_POINT ( 'NONE',  ( -3.658589536811588200, 3.395280266788987000, -19.80171784240250000 ) ) ;
#6319 = ORIENTED_EDGE ( 'NONE', *, *, #10230, .F. ) ;
#6320 = CARTESIAN_POINT ( 'NONE',  ( -1.349999999999993900, 36.80000000000000400, -13.00000000000000400 ) ) ;
#6321 = AXIS2_PLACEMENT_3D ( 'NONE', #9320, #4356, #10136 ) ;
#6322 = EDGE_LOOP ( 'NONE', ( #9388, #4093, #4045, #583 ) ) ;
#6323 = ORIENTED_EDGE ( 'NONE', *, *, #10727, .T. ) ;
#6324 = CARTESIAN_POINT ( 'NONE',  ( 3.399957109099699600, 52.36459621704889900, -10.88355492213434600 ) ) ;
#6325 = EDGE_CURVE ( 'NONE', #8120, #2518, #721, .T. ) ;
#6326 = LINE ( 'NONE', #9893, #8260 ) ;
#6327 = ORIENTED_EDGE ( 'NONE', *, *, #3333, .T. ) ;
#6328 = ORIENTED_EDGE ( 'NONE', *, *, #2324, .T. ) ;
#6329 = ORIENTED_EDGE ( 'NONE', *, *, #2984, .T. ) ;
#6330 = DIRECTION ( 'NONE',  ( 6.938893903907228400E-014, 0.0000000000000000000, 1.000000000000000000 ) ) ;
#6332 = ORIENTED_EDGE ( 'NONE', *, *, #562, .T. ) ;
#6331 = CARTESIAN_POINT ( 'NONE',  ( -1.744047918707101900, 31.07087991931499700, 10.88760936481690500 ) ) ;
#6333 = DIRECTION ( 'NONE',  ( 0.0000000000000000000, -0.0000000000000000000, -1.000000000000000000 ) ) ;
#6334 = EDGE_CURVE ( 'NONE', #4027, #3449, #8791, .T. ) ;
#6335 = FACE_OUTER_BOUND ( 'NONE', #541, .T. ) ;
#6336 = LINE ( 'NONE', #8589, #10467 ) ;
#6337 = AXIS2_PLACEMENT_3D ( 'NONE', #5739, #4051, #1560 ) ;
#6338 = DIRECTION ( 'NONE',  ( -0.0000000000000000000, 1.000000000000000000, -0.0000000000000000000 ) ) ;
#6339 = LINE ( 'NONE', #8244, #10472 ) ;
#6340 = VERTEX_POINT ( 'NONE', #8554 ) ;
#6341 = DIRECTION ( 'NONE',  ( -1.000000000000000000, 0.0000000000000000000, 2.628368902995160100E-016 ) ) ;
#6342 = CARTESIAN_POINT ( 'NONE',  ( 3.800000000000005200, 52.29999999999999700, -10.50000000000000400 ) ) ;
#6343 = VERTEX_POINT ( 'NONE', #273 ) ;
#6344 = CARTESIAN_POINT ( 'NONE',  ( -32.31851730892845600, -3.000000000000000400, 26.58767375912320900 ) ) ;
#6345 = CARTESIAN_POINT ( 'NONE',  ( -4.753890211822048100, 52.69377763810278000, -10.90000000000001600 ) ) ;
#6346 = CARTESIAN_POINT ( 'NONE',  ( -1.164953114661685200, 28.99474411167425800, 11.75358983848622800 ) ) ;
#6347 = DIRECTION ( 'NONE',  ( 0.0000000000000000000, -1.000000000000000000, -2.503857664561900200E-015 ) ) ;
#6348 = VECTOR ( 'NONE', #5180, 1000.000000000000000 ) ;
#6349 = LINE ( 'NONE', #5283, #6604 ) ;
#6350 = LINE ( 'NONE', #4551, #4405 ) ;
#6351 = DIRECTION ( 'NONE',  ( -1.000000000000000000, 0.0000000000000000000, -0.0000000000000000000 ) ) ;
#6352 = CARTESIAN_POINT ( 'NONE',  ( 0.3275959273800213600, 33.79999999999999700, 8.979274057836304800 ) ) ;
#6353 = FACE_OUTER_BOUND ( 'NONE', #4244, .T. ) ;
#6354 = DIRECTION ( 'NONE',  ( -0.6601821655035315900, 0.7511055241116707500, -3.817361086942268600E-015 ) ) ;
#6355 = EDGE_LOOP ( 'NONE', ( #9403, #5994, #466, #4636, #6545, #1093 ) ) ;
#6356 = DIRECTION ( 'NONE',  ( -1.000000000000000000, 0.0000000000000000000, 0.0000000000000000000 ) ) ;
#6357 = CARTESIAN_POINT ( 'NONE',  ( 13.44211151713679300, 3.284299557567710100, 12.82730412052426100 ) ) ;
#6358 = ORIENTED_EDGE ( 'NONE', *, *, #5119, .T. ) ;
#6359 = ADVANCED_FACE ( 'NONE', ( #6595 ), #1088, .F. ) ;
#6360 =( BOUNDED_SURFACE ( )  B_SPLINE_SURFACE ( 3, 2, ( 
 ( #4513, #5392, #6218 ),
 ( #1204, #7042, #2037 ),
 ( #7871, #2876, #8706 ),
 ( #3725, #9530, #4583 ),
 ( #10359, #5427, #418 ),
 ( #6254, #1240, #7077 ) ),
 .UNSPECIFIED., .F., .F., .F. ) 
 B_SPLINE_SURFACE_WITH_KNOTS ( ( 4, 2, 4 ),
 ( 3, 3 ),
 ( 0.0003790122493140928900, 0.0006499964602234217800, 0.0009209806711327506700 ),
 ( 0.0000000000000000000, 1.000000000000000000 ),
 .UNSPECIFIED. ) 
 GEOMETRIC_REPRESENTATION_ITEM ( )  RATIONAL_B_SPLINE_SURFACE ( (
 ( 1.000000000000000000, 0.8164965809277002800, 1.000000000000000000),
 ( 1.000000000000000000, 0.8810678731622845200, 1.000000000000000000),
 ( 1.000000000000000000, 0.9263207691517727500, 1.000000000000000000),
 ( 1.000000000000000000, 0.9855849900692048600, 1.000000000000000000),
 ( 1.000000000000000000, 0.9999584033010486800, 1.000000000000000000),
 ( 1.000000000000000000, 1.000000000000000000, 1.000000000000000000) ) ) 
 REPRESENTATION_ITEM ( '' )  SURFACE ( )  );
#6361 = EDGE_CURVE ( 'NONE', #7100, #4340, #8527, .T. ) ;
#6362 = AXIS2_PLACEMENT_3D ( 'NONE', #2177, #8012, #7533 ) ;
#6363 = LINE ( 'NONE', #295, #1649 ) ;
#6364 = FACE_OUTER_BOUND ( 'NONE', #5436, .T. ) ;
#6365 = CARTESIAN_POINT ( 'NONE',  ( 13.57107546441064200, 5.352664863265176500, -12.78194042945240700 ) ) ;
#6366 = CARTESIAN_POINT ( 'NONE',  ( -4.599999999999994300, 38.80000000000000400, -9.800000000000002500 ) ) ;
#6367 = CARTESIAN_POINT ( 'NONE',  ( -5.099999999999995200, 52.79999999999999700, 10.90000000000000400 ) ) ;
#6368 = CARTESIAN_POINT ( 'NONE',  ( 4.051133089196074600, 52.80000000000004000, 10.90000000000004300 ) ) ;
#6369 = ORIENTED_EDGE ( 'NONE', *, *, #4644, .T. ) ;
#6370 = DIRECTION ( 'NONE',  ( 0.0000000000000000000, 0.0000000000000000000, -1.000000000000000000 ) ) ;
#6371 = ORIENTED_EDGE ( 'NONE', *, *, #1288, .T. ) ;
#6372 = DIRECTION ( 'NONE',  ( 0.0000000000000000000, 2.503857664561900200E-015, -1.000000000000000000 ) ) ;
#6373 = EDGE_CURVE ( 'NONE', #2288, #8900, #2142, .T. ) ;
#6374 = VECTOR ( 'NONE', #1804, 1000.000000000000200 ) ;
#6375 = ORIENTED_EDGE ( 'NONE', *, *, #10243, .F. ) ;
#6376 = VECTOR ( 'NONE', #7937, 1000.000000000000000 ) ;
#6377 = CARTESIAN_POINT ( 'NONE',  ( -42.50228307667197200, 52.81990284774145300, -26.16697053617943800 ) ) ;
#6378 = EDGE_CURVE ( 'NONE', #3954, #6565, #6336, .T. ) ;
#6379 = DIRECTION ( 'NONE',  ( -1.000000000000000000, 0.0000000000000000000, 2.628368902995160100E-016 ) ) ;
#6380 = CARTESIAN_POINT ( 'NONE',  ( -5.024571909376503800, 52.79999999999999700, -10.89999999999476500 ) ) ;
#6381 = CARTESIAN_POINT ( 'NONE',  ( -2.599999999999996500, 52.79999999999999700, 13.00000000000000200 ) ) ;
#6382 = DIRECTION ( 'NONE',  ( 9.293161478447181700E-017, -1.000000000000000000, 0.0000000000000000000 ) ) ;
#6383 = FACE_OUTER_BOUND ( 'NONE', #3682, .T. ) ;
#6384 = LINE ( 'NONE', #4593, #1927 ) ;
#6385 = DIRECTION ( 'NONE',  ( 0.0000000000000000000, 0.0000000000000000000, -1.000000000000000000 ) ) ;
#6386 = CARTESIAN_POINT ( 'NONE',  ( 5.400000000000005700, 35.79999999999999700, -9.800000000000002500 ) ) ;
#6387 = EDGE_CURVE ( 'NONE', #8631, #1730, #1877, .T. ) ;
#6388 = CARTESIAN_POINT ( 'NONE',  ( 0.1920096011578473500, 34.04923587695574800, 9.597943419956413500 ) ) ;
#6389 = CARTESIAN_POINT ( 'NONE',  ( -2.599999999999989900, 33.05000000000000400, 14.60000000000000100 ) ) ;
#6390 = ORIENTED_EDGE ( 'NONE', *, *, #7153, .T. ) ;
#6391 = CARTESIAN_POINT ( 'NONE',  ( 13.40000000000000600, 3.400000000000023900, -19.80000000000000100 ) ) ;
#6392 = EDGE_LOOP ( 'NONE', ( #6312, #9003, #7647, #3030 ) ) ;
#6393 = EDGE_CURVE ( 'NONE', #4772, #7237, #475, .T. ) ;
#6394 = FACE_OUTER_BOUND ( 'NONE', #1065, .T. ) ;
#6395 = VECTOR ( 'NONE', #8137, 1000.000000000000000 ) ;
#6396 = ORIENTED_EDGE ( 'NONE', *, *, #5497, .F. ) ;
#6397 = ORIENTED_EDGE ( 'NONE', *, *, #6171, .F. ) ;
#6398 = AXIS2_PLACEMENT_3D ( 'NONE', #3063, #8892, #3921 ) ;
#6399 = VERTEX_POINT ( 'NONE', #6970 ) ;
#6400 = CARTESIAN_POINT ( 'NONE',  ( 2.400000000000006100, 34.55000000000000400, -13.00000000000000400 ) ) ;
#6401 = CARTESIAN_POINT ( 'NONE',  ( 4.214988502441538100, 52.65837018413705600, -10.76666666666667100 ) ) ;
#6402 = EDGE_LOOP ( 'NONE', ( #1850, #10281, #2701, #10334, #7983, #1810 ) ) ;
#6403 = CIRCLE ( 'NONE', #5022, 8.700000000000009900 ) ;
#6404 = CARTESIAN_POINT ( 'NONE',  ( 12.91224272707573700, 5.000000000000000000, -13.28807739799097700 ) ) ;
#6405 = ORIENTED_EDGE ( 'NONE', *, *, #9561, .T. ) ;
#6406 = EDGE_LOOP ( 'NONE', ( #434, #4738, #10138, #8654, #6556, #7508 ) ) ;
#6407 = LINE ( 'NONE', #6366, #10554 ) ;
#6408 = ORIENTED_EDGE ( 'NONE', *, *, #1062, .T. ) ;
#6409 = EDGE_CURVE ( 'NONE', #1721, #9350, #3851, .T. ) ;
#6410 =( NAMED_UNIT ( * ) SI_UNIT ( $, .STERADIAN. ) SOLID_ANGLE_UNIT ( ) );
#6411 = CARTESIAN_POINT ( 'NONE',  ( -11.20000000000000100, 52.79999999999999700, 6.858022075225178600E-016 ) ) ;
#6412 = CARTESIAN_POINT ( 'NONE',  ( -4.599999999999992500, 3.400000000000024800, -20.78045616494988900 ) ) ;
#6413 = ADVANCED_FACE ( 'NONE', ( #5819 ), #1369, .T. ) ;
#6414 = CARTESIAN_POINT ( 'NONE',  ( -5.366246656477782700, 52.70121173941810600, -10.76666675551929600 ) ) ;
#6415 = AXIS2_PLACEMENT_3D ( 'NONE', #2322, #8142, #3144 ) ;
#6416 = VERTEX_POINT ( 'NONE', #1989 ) ;
#6417 = CARTESIAN_POINT ( 'NONE',  ( -6.599999999999992500, 48.10000000000002300, -7.800000000000003400 ) ) ;
#6418 = ORIENTED_EDGE ( 'NONE', *, *, #9624, .T. ) ;
#6419 = EDGE_LOOP ( 'NONE', ( #5623, #7859, #9594, #9541 ) ) ;
#6420 = LINE ( 'NONE', #2166, #10561 ) ;
#6421 = ORIENTED_EDGE ( 'NONE', *, *, #2813, .F. ) ;
#6422 = CARTESIAN_POINT ( 'NONE',  ( 11.19999999999999900, 52.79999999999999700, 4.114813245135106300E-015 ) ) ;
#6423 = ORIENTED_EDGE ( 'NONE', *, *, #3062, .F. ) ;
#6424 = ORIENTED_EDGE ( 'NONE', *, *, #450, .F. ) ;
#6425 = ORIENTED_EDGE ( 'NONE', *, *, #924, .F. ) ;
#6426 = EDGE_CURVE ( 'NONE', #8038, #1293, #3591, .T. ) ;
#6427 = PLANE ( 'NONE',  #7633 ) ;
#6428 = CIRCLE ( 'NONE', #4606, 11.00000000000000400 ) ;
#6429 = ORIENTED_EDGE ( 'NONE', *, *, #7967, .F. ) ;
#6430 =( BOUNDED_SURFACE ( )  B_SPLINE_SURFACE ( 3, 2, ( 
 ( #8079, #681, #1520 ),
 ( #7351, #2356, #8180 ),
 ( #3182, #9018, #4044 ),
 ( #9844, #4883, #10680 ),
 ( #5732, #722, #6557 ),
 ( #1553, #7390, #2392 ) ),
 .UNSPECIFIED., .F., .F., .F. ) 
 B_SPLINE_SURFACE_WITH_KNOTS ( ( 4, 2, 4 ),
 ( 3, 3 ),
 ( 0.0003790122493140226300, 0.0006499964602233481600, 0.0009209806711326736900 ),
 ( 0.0000000000000000000, 1.000000000000000000 ),
 .UNSPECIFIED. ) 
 GEOMETRIC_REPRESENTATION_ITEM ( )  RATIONAL_B_SPLINE_SURFACE ( (
 ( 1.000000000000000000, 0.8164965809277023900, 1.000000000000000000),
 ( 1.000000000000000000, 0.8810678731623560200, 1.000000000000000000),
 ( 1.000000000000000000, 0.9263207691516851500, 1.000000000000000000),
 ( 1.000000000000000000, 0.9855849900692960100, 1.000000000000000000),
 ( 1.000000000000000000, 0.9999584033009790700, 1.000000000000000000),
 ( 1.000000000000000000, 1.000000000000000000, 1.000000000000000000) ) ) 
 REPRESENTATION_ITEM ( '' )  SURFACE ( )  );
#6431 = VERTEX_POINT ( 'NONE', #3683 ) ;
#6432 = ORIENTED_EDGE ( 'NONE', *, *, #6113, .F. ) ;
#6433 = EDGE_CURVE ( 'NONE', #3278, #4599, #8266, .T. ) ;
#6434 = DIRECTION ( 'NONE',  ( -0.4825742844489179200, 0.5000000000000071100, -0.7191119940514189000 ) ) ;
#6435 = CARTESIAN_POINT ( 'NONE',  ( -1.349999999999996100, 30.80000000000000400, -12.60000000000000300 ) ) ;
#6436 = DIRECTION ( 'NONE',  ( 0.0000000000000000000, -1.000000000000000000, 0.0000000000000000000 ) ) ;
#6437 = DIRECTION ( 'NONE',  ( -0.0000000000000000000, -0.0000000000000000000, -1.000000000000000000 ) ) ;
#6438 = CARTESIAN_POINT ( 'NONE',  ( 13.97128129211022000, -3.000000000000000000, -9.399999999999998600 ) ) ;
#6439 = EDGE_CURVE ( 'NONE', #10493, #5530, #8008, .T. ) ;
#6440 = LINE ( 'NONE', #896, #6184 ) ;
#6441 = AXIS2_PLACEMENT_3D ( 'NONE', #1022, #2771, #8595 ) ;
#6442 = ORIENTED_EDGE ( 'NONE', *, *, #4716, .F. ) ;
#6443 = ORIENTED_EDGE ( 'NONE', *, *, #7708, .T. ) ;
#6444 = ORIENTED_EDGE ( 'NONE', *, *, #5883, .T. ) ;
#6445 = DIRECTION ( 'NONE',  ( 0.0000000000000000000, -1.000000000000000000, 0.0000000000000000000 ) ) ;
#6446 = CARTESIAN_POINT ( 'NONE',  ( 5.800000000000005200, 30.30000000000000800, 11.00000000000000200 ) ) ;
#6447 = LINE ( 'NONE', #9394, #10590 ) ;
#6448 = EDGE_CURVE ( 'NONE', #424, #7228, #9943, .T. ) ;
#6449 = DIRECTION ( 'NONE',  ( 0.0000000000000000000, 0.0000000000000000000, 1.000000000000000000 ) ) ;
#6450 = ORIENTED_EDGE ( 'NONE', *, *, #9648, .F. ) ;
#6451 = EDGE_LOOP ( 'NONE', ( #1153, #4371, #1545, #5398 ) ) ;
#6452 = EDGE_CURVE ( 'NONE', #543, #2891, #3304, .T. ) ;
#6453 = AXIS2_PLACEMENT_3D ( 'NONE', #385, #2034, #7870 ) ;
#6454 = CARTESIAN_POINT ( 'NONE',  ( -36.27522247578946200, -0.7315392577080293000, 33.82674809074298800 ) ) ;
#6455 = ORIENTED_EDGE ( 'NONE', *, *, #5222, .F. ) ;
#6456 = VECTOR ( 'NONE', #6490, 1000.000000000000000 ) ;
#6457 = DIRECTION ( 'NONE',  ( 0.0000000000000000000, 0.0000000000000000000, -1.000000000000000000 ) ) ;
#6458 = DIRECTION ( 'NONE',  ( -0.0000000000000000000, 1.000000000000000000, -0.0000000000000000000 ) ) ;
#6459 = CARTESIAN_POINT ( 'NONE',  ( 0.0000000000000000000, -2.826794919243119400, -34.20000000000001700 ) ) ;
#6460 = VECTOR ( 'NONE', #1108, 1000.000000000000000 ) ;
#6461 = AXIS2_PLACEMENT_3D ( 'NONE', #4956, #5841, #2469 ) ;
#6462 = CARTESIAN_POINT ( 'NONE',  ( 3.400000000000005200, 50.79999999999999700, 10.90000000000000400 ) ) ;
#6463 = ORIENTED_EDGE ( 'NONE', *, *, #1392, .T. ) ;
#6464 = ADVANCED_FACE ( 'NONE', ( #1104 ), #3050, .F. ) ;
#6465 = VECTOR ( 'NONE', #10569, 1000.000000000000000 ) ;
#6466 = LINE ( 'NONE', #7292, #1756 ) ;
#6467 = VECTOR ( 'NONE', #10721, 1000.000000000000000 ) ;
#6468 = VECTOR ( 'NONE', #5267, 1000.000000000000000 ) ;
#6469 = DIRECTION ( 'NONE',  ( -0.08715574274766288400, 0.0000000000000000000, 0.9961946980917451000 ) ) ;
#6470 = CARTESIAN_POINT ( 'NONE',  ( -11.19999999999999800, 50.79999999999999700, 9.841154273188021100 ) ) ;
#6471 = DIRECTION ( 'NONE',  ( 0.0000000000000000000, 0.5000000000000006700, -0.8660254037844383700 ) ) ;
#6472 = PLANE ( 'NONE',  #7970 ) ;
#6473 = EDGE_CURVE ( 'NONE', #8465, #9053, #5312, .T. ) ;
#6474 = DIRECTION ( 'NONE',  ( 0.0000000000000000000, -0.8660254037844366000, 0.5000000000000035500 ) ) ;
#6475 = CARTESIAN_POINT ( 'NONE',  ( 24.06929055107039500, -1.748184603188892300, -2.494084861403408100 ) ) ;
#6476 = VECTOR ( 'NONE', #4771, 1000.000000000000000 ) ;
#6477 = ORIENTED_EDGE ( 'NONE', *, *, #8328, .F. ) ;
#6478 = ADVANCED_FACE ( 'NONE', ( #5563 ), #2796, .F. ) ;
#6479 = ORIENTED_EDGE ( 'NONE', *, *, #3942, .T. ) ;
#6480 = VECTOR ( 'NONE', #848, 999.9999999999998900 ) ;
#6481 = DIRECTION ( 'NONE',  ( -1.314184451497581300E-016, 0.0000000000000000000, 1.000000000000000000 ) ) ;
#6482 = ORIENTED_EDGE ( 'NONE', *, *, #1288, .F. ) ;
#6483 = CARTESIAN_POINT ( 'NONE',  ( -5.199999999999996600, 52.29999999999999700, 10.50000000000000400 ) ) ;
#6484 = FACE_OUTER_BOUND ( 'NONE', #9444, .T. ) ;
#6485 = CARTESIAN_POINT ( 'NONE',  ( -4.599999999999995200, 52.24612895558107800, 10.86708516315100900 ) ) ;
#6486 = ORIENTED_EDGE ( 'NONE', *, *, #3141, .T. ) ;
#6487 = FACE_OUTER_BOUND ( 'NONE', #4370, .T. ) ;
#6488 = AXIS2_PLACEMENT_3D ( 'NONE', #1298, #440, #5449 ) ;
#6489 = EDGE_LOOP ( 'NONE', ( #9248, #5635, #6432, #9428 ) ) ;
#6490 = DIRECTION ( 'NONE',  ( 1.000000000000000000, -0.0000000000000000000, 4.336808689942014300E-016 ) ) ;
#6491 =( BOUNDED_CURVE ( )  B_SPLINE_CURVE ( 3, ( #1041, #3601, #7927, #2938 ),
 .UNSPECIFIED., .F., .F. ) 
 B_SPLINE_CURVE_WITH_KNOTS ( ( 4, 4 ),
 ( 0.0000000000000000000, 0.05862310907775122900 ),
 .UNSPECIFIED. ) 
 CURVE ( )  GEOMETRIC_REPRESENTATION_ITEM ( )  RATIONAL_B_SPLINE_CURVE ( ( 1.000000000000000000, 0.9997136314275932900, 0.9997136314275932900, 1.000000000000000000 ) ) 
 REPRESENTATION_ITEM ( '' )  );
#6492 = CARTESIAN_POINT ( 'NONE',  ( -30.33025804561337700, 0.0000000000000000000, -26.20000000000000300 ) ) ;
#6493 = CARTESIAN_POINT ( 'NONE',  ( 5.400000000000005700, 36.79999999999999700, -10.90000000000000400 ) ) ;
#6494 = CARTESIAN_POINT ( 'NONE',  ( 8.600000000000005000, 50.10717967697243600, 9.841154273188024600 ) ) ;
#6495 = CARTESIAN_POINT ( 'NONE',  ( 3.975428090623379000, 52.79999999999999700, -10.89999999999476500 ) ) ;
#6496 = FACE_OUTER_BOUND ( 'NONE', #1763, .T. ) ;
#6497 = CARTESIAN_POINT ( 'NONE',  ( -8.599999999999992500, 5.000000000000000000, -26.20000000000000300 ) ) ;
#6498 = LINE ( 'NONE', #5703, #4285 ) ;
#6499 = ORIENTED_EDGE ( 'NONE', *, *, #7823, .T. ) ;
#6500 = EDGE_CURVE ( 'NONE', #7202, #4552, #6167, .T. ) ;
#6501 = EDGE_LOOP ( 'NONE', ( #3727, #6369, #5908 ) ) ;
#6502 = AXIS2_PLACEMENT_3D ( 'NONE', #1693, #2533, #8354 ) ;
#6503 = DIRECTION ( 'NONE',  ( 0.0000000000000000000, 0.0000000000000000000, -1.000000000000000000 ) ) ;
#6504 = CARTESIAN_POINT ( 'NONE',  ( -5.099999999999995200, 52.29999999999999700, -10.76666666666666900 ) ) ;
#6505 = CONICAL_SURFACE ( 'NONE', #426, 8.700000000000002800, 0.5235987755982930400 ) ;
#6506 = PLANE ( 'NONE',  #9631 ) ;
#6507 = LINE ( 'NONE', #5753, #4293 ) ;
#6508 = CARTESIAN_POINT ( 'NONE',  ( 8.600000000000005000, 50.79999999999999700, 9.841154273188024600 ) ) ;
#6509 = CARTESIAN_POINT ( 'NONE',  ( -4.190386488947788200, 3.309527778394260700, -19.83292919569260700 ) ) ;
#6510 = ORIENTED_EDGE ( 'NONE', *, *, #8363, .T. ) ;
#6511 = EDGE_LOOP ( 'NONE', ( #10505, #1461, #787 ) ) ;
#6512 = ORIENTED_EDGE ( 'NONE', *, *, #10605, .T. ) ;
#6513 = EDGE_CURVE ( 'NONE', #8275, #5405, #4226, .T. ) ;
#6514 = VECTOR ( 'NONE', #5248, 999.9999999999998900 ) ;
#6515 = EDGE_CURVE ( 'NONE', #7233, #435, #7489, .T. ) ;
#6516 = CARTESIAN_POINT ( 'NONE',  ( -34.95896031178882900, -2.589600302651152500, 34.12000279746629900 ) ) ;
#6517 = ADVANCED_FACE ( 'NONE', ( #840 ), #5526, .F. ) ;
#6518 = AXIS2_PLACEMENT_3D ( 'NONE', #368, #6190, #1180 ) ;
#6519 = LINE ( 'NONE', #9969, #4302 ) ;
#6520 = PLANE ( 'NONE',  #1565 ) ;
#6521 = CARTESIAN_POINT ( 'NONE',  ( -6.034882050656269000, -0.9566016620342505700, -33.70424591158585800 ) ) ;
#6522 = VERTEX_POINT ( 'NONE', #1273 ) ;
#6523 = ORIENTED_EDGE ( 'NONE', *, *, #2945, .T. ) ;
#6524 = CARTESIAN_POINT ( 'NONE',  ( -0.1562611650173009200, 50.45711404932662000, -9.799999999999998900 ) ) ;
#6525 = CARTESIAN_POINT ( 'NONE',  ( -4.599999999999996100, 52.45113308919622600, 10.90000000000000400 ) ) ;
#6526 = VECTOR ( 'NONE', #2899, 1000.000000000000000 ) ;
#6527 = CARTESIAN_POINT ( 'NONE',  ( 8.600000000000005000, 52.79999999999999700, 9.400000000000002100 ) ) ;
#6528 = EDGE_CURVE ( 'NONE', #8252, #9024, #9436, .T. ) ;
#6529 = DIRECTION ( 'NONE',  ( -0.3236155771181817900, 0.8891264907159905900, -0.3236155771181814500 ) ) ;
#6530 = CARTESIAN_POINT ( 'NONE',  ( -11.20000000000000100, 52.79999999999999700, -11.00000000000000400 ) ) ;
#6531 = CARTESIAN_POINT ( 'NONE',  ( -6.599999999999993400, 35.79999999999999700, -9.800000000000002500 ) ) ;
#6532 = ADVANCED_FACE ( 'NONE', ( #9686 ), #342, .T. ) ;
#6533 = CARTESIAN_POINT ( 'NONE',  ( -35.19561662984588000, 3.400000000000024800, -0.1323777786542521000 ) ) ;
#6534 = DIRECTION ( 'NONE',  ( -0.0000000000000000000, -1.000000000000000000, -0.0000000000000000000 ) ) ;
#6535 = CIRCLE ( 'NONE', #6001, 1.599999999999999900 ) ;
#6536 = ORIENTED_EDGE ( 'NONE', *, *, #666, .F. ) ;
#6537 = VERTEX_POINT ( 'NONE', #10509 ) ;
#6538 = ORIENTED_EDGE ( 'NONE', *, *, #1625, .F. ) ;
#6539 = AXIS2_PLACEMENT_3D ( 'NONE', #1992, #1166, #8629 ) ;
#6540 =( LENGTH_UNIT ( ) NAMED_UNIT ( * ) SI_UNIT ( .MILLI., .METRE. ) );
#6541 = CARTESIAN_POINT ( 'NONE',  ( 3.400000000000014600, 34.54999999999999700, 14.60000000000000100 ) ) ;
#6542 = CARTESIAN_POINT ( 'NONE',  ( -5.099999999999995200, 52.29999999999999700, 10.76666666666666900 ) ) ;
#6543 = FACE_OUTER_BOUND ( 'NONE', #10594, .T. ) ;
#6544 = ORIENTED_EDGE ( 'NONE', *, *, #9740, .T. ) ;
#6545 = ORIENTED_EDGE ( 'NONE', *, *, #8503, .F. ) ;
#6546 = EDGE_LOOP ( 'NONE', ( #5862, #857, #6948, #9772, #1156, #2126, #10568 ) ) ;
#6547 = ORIENTED_EDGE ( 'NONE', *, *, #3611, .T. ) ;
#6548 = ORIENTED_EDGE ( 'NONE', *, *, #8246, .T. ) ;
#6549 = DIRECTION ( 'NONE',  ( -0.3421856512032753200, -0.9396323643375585900, -5.893798247405803100E-014 ) ) ;
#6550 = VECTOR ( 'NONE', #2688, 1000.000000000000000 ) ;
#6551 = DIRECTION ( 'NONE',  ( 0.0000000000000000000, -1.000000000000000000, 0.0000000000000000000 ) ) ;
#6552 = AXIS2_PLACEMENT_3D ( 'NONE', #4066, #5751, #745 ) ;
#6553 = CARTESIAN_POINT ( 'NONE',  ( -0.5999999999999954300, 33.80000000000000400, -13.00000000000000400 ) ) ;
#6554 = CARTESIAN_POINT ( 'NONE',  ( -7.416146711054188300, -2.550922849426782600, -34.07076825061884100 ) ) ;
#6555 = VERTEX_POINT ( 'NONE', #5561 ) ;
#6556 = ORIENTED_EDGE ( 'NONE', *, *, #4963, .F. ) ;
#6557 = CARTESIAN_POINT ( 'NONE',  ( -4.599999999999993400, 52.35387104441766600, -10.86708516314893200 ) ) ;
#6558 = CARTESIAN_POINT ( 'NONE',  ( 24.14187696106416300, -3.000000000000000000, -1.109053650640950300 ) ) ;
#6559 = CONICAL_SURFACE ( 'NONE', #9452, 11.00000000000000400, 0.5235987755983029200 ) ;
#6560 = CARTESIAN_POINT ( 'NONE',  ( -30.33025804561338000, 3.400000000000023900, 30.19999999999999600 ) ) ;
#6561 = EDGE_CURVE ( 'NONE', #3072, #10160, #2532, .T. ) ;
#6562 = CARTESIAN_POINT ( 'NONE',  ( -34.31410000593552900, 3.417731491135569000, -26.55917020363129700 ) ) ;
#6563 = ORIENTED_EDGE ( 'NONE', *, *, #4785, .T. ) ;
#6564 = DIRECTION ( 'NONE',  ( 0.0000000000000000000, -1.000000000000000000, 0.0000000000000000000 ) ) ;
#6565 = VERTEX_POINT ( 'NONE', #6386 ) ;
#6566 = ORIENTED_EDGE ( 'NONE', *, *, #5497, .T. ) ;
#6567 = CARTESIAN_POINT ( 'NONE',  ( -4.045192367383854100, 0.0000000000000000000, -32.70715925883816800 ) ) ;
#6568 = ADVANCED_FACE ( 'NONE', ( #590 ), #7219, .T. ) ;
#6569 = VECTOR ( 'NONE', #5528, 1000.000000000000000 ) ;
#6570 = VERTEX_POINT ( 'NONE', #8878 ) ;
#6571 = VERTEX_POINT ( 'NONE', #10548 ) ;
#6572 = EDGE_CURVE ( 'NONE', #2518, #3415, #4520, .T. ) ;
#6573 = CARTESIAN_POINT ( 'NONE',  ( -11.19999999999999900, 50.89999999999999900, 0.0000000000000000000 ) ) ;
#6574 = ORIENTED_EDGE ( 'NONE', *, *, #7767, .T. ) ;
#6575 = ORIENTED_EDGE ( 'NONE', *, *, #10199, .T. ) ;
#6576 = CARTESIAN_POINT ( 'NONE',  ( 3.553890211822059400, 52.69377763810277300, 10.90000000000001600 ) ) ;
#6577 = PLANE ( 'NONE',  #5544 ) ;
#6578 = B_SPLINE_CURVE_WITH_KNOTS ( 'NONE', 3,
 ( #6132, #2758, #4465, #1121 ),
 .UNSPECIFIED., .F., .F.,
 ( 4, 4 ),
 ( -4.495778883729225900E-006, 0.0003775161607630012100 ),
 .UNSPECIFIED. ) ;
#6579 = CARTESIAN_POINT ( 'NONE',  ( -4.599999999999997000, 51.86052635461287300, 10.70000000000000300 ) ) ;
#6580 = EDGE_CURVE ( 'NONE', #2767, #3315, #2274, .T. ) ;
#6581 = LINE ( 'NONE', #2716, #6468 ) ;
#6582 = AXIS2_PLACEMENT_3D ( 'NONE', #1411, #8072, #2244 ) ;
#6583 = CARTESIAN_POINT ( 'NONE',  ( 5.400000000000004800, 52.79999999999999700, 11.00000000000000200 ) ) ;
#6584 = ADVANCED_FACE ( 'NONE', ( #4788 ), #83, .F. ) ;
#6585 = CYLINDRICAL_SURFACE ( 'NONE', #601, 147.8000000000000100 ) ;
#6586 = ORIENTED_EDGE ( 'NONE', *, *, #3661, .F. ) ;
#6587 = ORIENTED_EDGE ( 'NONE', *, *, #10727, .F. ) ;
#6588 = ORIENTED_EDGE ( 'NONE', *, *, #7738, .T. ) ;
#6589 = ORIENTED_EDGE ( 'NONE', *, *, #9064, .T. ) ;
#6590 = CARTESIAN_POINT ( 'NONE',  ( -6.599999999999992500, 48.10000000000002300, 7.800000000000001600 ) ) ;
#6591 = CARTESIAN_POINT ( 'NONE',  ( -4.599999999999997900, 3.400000000000023900, 20.80000000000000400 ) ) ;
#6592 = VECTOR ( 'NONE', #8431, 1000.000000000000100 ) ;
#6593 = EDGE_CURVE ( 'NONE', #5816, #10634, #8917, .T. ) ;
#6594 = ORIENTED_EDGE ( 'NONE', *, *, #6947, .T. ) ;
#6595 = FACE_OUTER_BOUND ( 'NONE', #8056, .T. ) ;
#6596 = CARTESIAN_POINT ( 'NONE',  ( -1.574679434480891900, 49.42626129027264900, -9.800000000000002500 ) ) ;
#6597 = DIRECTION ( 'NONE',  ( -0.0000000000000000000, 1.000000000000000000, -0.0000000000000000000 ) ) ;
#6598 = VECTOR ( 'NONE', #717, 1000.000000000000000 ) ;
#6599 = EDGE_CURVE ( 'NONE', #9889, #7365, #9170, .T. ) ;
#6600 = ORIENTED_EDGE ( 'NONE', *, *, #1282, .F. ) ;
#6601 = CARTESIAN_POINT ( 'NONE',  ( 13.40000000000000000, 3.400286409439799300, 13.62938002992065900 ) ) ;
#6602 = LINE ( 'NONE', #1896, #2418 ) ;
#6603 = DIRECTION ( 'NONE',  ( -2.502005013428087100E-016, 0.0000000000000000000, 1.000000000000000000 ) ) ;
#6604 = VECTOR ( 'NONE', #1092, 1000.000000000000000 ) ;
#6605 = CARTESIAN_POINT ( 'NONE',  ( -11.20000000000000100, 3.000000000000000400, 12.15470053837925400 ) ) ;
#6606 = VECTOR ( 'NONE', #2773, 1000.000000000000000 ) ;
#6607 = CARTESIAN_POINT ( 'NONE',  ( 23.59695025252360500, -10.80000000000000100, 11.50687466109646100 ) ) ;
#6608 = FACE_OUTER_BOUND ( 'NONE', #1085, .T. ) ;
#6609 = ORIENTED_EDGE ( 'NONE', *, *, #633, .T. ) ;
#6610 = LINE ( 'NONE', #1975, #4416 ) ;
#6611 = CARTESIAN_POINT ( 'NONE',  ( -33.19415871985921000, -3.000000000000000000, -0.1433031490138680900 ) ) ;
#6612 = VERTEX_POINT ( 'NONE', #8151 ) ;
#6613 = CARTESIAN_POINT ( 'NONE',  ( 3.601322674888696600, 52.79999999999995500, 10.89999999999996300 ) ) ;
#6614 = EDGE_CURVE ( 'NONE', #5787, #4988, #2000, .T. ) ;
#6615 = CARTESIAN_POINT ( 'NONE',  ( -6.024197755281571500, -0.9655331928469689200, 33.70046252486106700 ) ) ;
#6616 = VERTEX_POINT ( 'NONE', #3148 ) ;
#6617 = AXIS2_PLACEMENT_3D ( 'NONE', #7790, #1985, #7821 ) ;
#6618 = VECTOR ( 'NONE', #6770, 1000.000000000000000 ) ;
#6619 = VECTOR ( 'NONE', #2973, 1000.000000000000000 ) ;
#6620 = CARTESIAN_POINT ( 'NONE',  ( -5.153871044416019800, 52.79999999999999700, 10.86708516314661000 ) ) ;
#6621 = ADVANCED_FACE ( 'NONE', ( #8660 ), #2328, .T. ) ;
#6622 = VERTEX_POINT ( 'NONE', #4014 ) ;
#6623 = CARTESIAN_POINT ( 'NONE',  ( -35.19561662984588000, 3.400000000000023900, 0.1323777786542460500 ) ) ;
#6624 = CARTESIAN_POINT ( 'NONE',  ( 21.30010232258808900, -3.000000000000000000, 11.38650196173768100 ) ) ;
#6625 =( BOUNDED_CURVE ( )  B_SPLINE_CURVE ( 3, ( #3990, #9790, #4840, #3133 ),
 .UNSPECIFIED., .F., .F. ) 
 B_SPLINE_CURVE_WITH_KNOTS ( ( 4, 4 ),
 ( 1.592421940838081900E-015, 0.05681316385833786600 ),
 .UNSPECIFIED. ) 
 CURVE ( )  GEOMETRIC_REPRESENTATION_ITEM ( )  RATIONAL_B_SPLINE_CURVE ( ( 1.000000000000000000, 0.9997310401211670900, 0.9997310401211670900, 1.000000000000000000 ) ) 
 REPRESENTATION_ITEM ( '' )  );
#6626 = DIRECTION ( 'NONE',  ( 0.8303590066861545900, 0.0000000000000000000, 0.5572287860611497800 ) ) ;
#6627 = DIRECTION ( 'NONE',  ( 0.0000000000000000000, -1.000000000000000000, 0.0000000000000000000 ) ) ;
#6628 = LINE ( 'NONE', #732, #8563 ) ;
#6629 = CARTESIAN_POINT ( 'NONE',  ( -35.50764186018051300, 0.0000000000000000000, -8.409334243039465300 ) ) ;
#6630 = FACE_OUTER_BOUND ( 'NONE', #4105, .T. ) ;
#6631 = CARTESIAN_POINT ( 'NONE',  ( -8.948805684721973500, -3.000000000000000000, 34.10000000000000900 ) ) ;
#6632 = CARTESIAN_POINT ( 'NONE',  ( -11.19999999999999900, 50.89999999999999900, -11.30000000000000200 ) ) ;
#6633 = CARTESIAN_POINT ( 'NONE',  ( -5.414988502441529400, 52.65837018413705600, -10.76666666666667100 ) ) ;
#6634 = ORIENTED_EDGE ( 'NONE', *, *, #2467, .T. ) ;
#6635 = ADVANCED_FACE ( 'NONE', ( #2273 ), #1746, .F. ) ;
#6636 = CARTESIAN_POINT ( 'NONE',  ( -43.66460074645780800, -2.826794919243119400, -12.88161877810431100 ) ) ;
#6637 = EDGE_CURVE ( 'NONE', #9810, #2934, #361, .T. ) ;
#6638 = FACE_OUTER_BOUND ( 'NONE', #1292, .T. ) ;
#6639 = ORIENTED_EDGE ( 'NONE', *, *, #8779, .T. ) ;
#6640 = LINE ( 'NONE', #8685, #4448 ) ;
#6641 = EDGE_CURVE ( 'NONE', #7091, #7363, #6204, .T. ) ;
#6642 = EDGE_LOOP ( 'NONE', ( #7656, #835, #2638, #9364 ) ) ;
#6643 = EDGE_LOOP ( 'NONE', ( #815, #7473, #2409, #10042, #6277, #10299, #31, #9244, #4523, #2918, #10742, #6914, #8348 ) ) ;
#6644 = ORIENTED_EDGE ( 'NONE', *, *, #10166, .F. ) ;
#6645 = ORIENTED_EDGE ( 'NONE', *, *, #1187, .F. ) ;
#6646 = CARTESIAN_POINT ( 'NONE',  ( -6.599999999999993400, 52.79999999999999700, -10.90000000000000400 ) ) ;
#6647 = DIRECTION ( 'NONE',  ( 0.0000000000000000000, 0.0000000000000000000, -1.000000000000000000 ) ) ;
#6648 = CARTESIAN_POINT ( 'NONE',  ( 3.721063572389477200, 3.000000000000000400, 14.33589838486222600 ) ) ;
#6649 = CARTESIAN_POINT ( 'NONE',  ( -3.043913096595792100, 32.10107261927365800, -9.960150238432282400 ) ) ;
#6650 = DIRECTION ( 'NONE',  ( -0.0000000000000000000, 0.0000000000000000000, 1.000000000000000000 ) ) ;
#6651 = FACE_OUTER_BOUND ( 'NONE', #9759, .T. ) ;
#6652 = CARTESIAN_POINT ( 'NONE',  ( -4.599999999999997900, 33.80000000000000400, -12.60000000000000300 ) ) ;
#6653 = LINE ( 'NONE', #6303, #10537 ) ;
#6654 = VERTEX_POINT ( 'NONE', #8215 ) ;
#6655 = EDGE_CURVE ( 'NONE', #9350, #1940, #7290, .T. ) ;
#6656 = CONICAL_SURFACE ( 'NONE', #4116, 3.158845726811988700, 0.5235987755983028100 ) ;
#6657 = ORIENTED_EDGE ( 'NONE', *, *, #4011, .T. ) ;
#6658 = EDGE_CURVE ( 'NONE', #8280, #8324, #3975, .T. ) ;
#6659 = CARTESIAN_POINT ( 'NONE',  ( 8.600000000000005000, 50.79999999999999700, -9.400000000000002100 ) ) ;
#6660 = VERTEX_POINT ( 'NONE', #9054 ) ;
#6661 = AXIS2_PLACEMENT_3D ( 'NONE', #1853, #7699, #2697 ) ;
#6662 = CARTESIAN_POINT ( 'NONE',  ( -0.02329901676553080100, 34.18231965798501900, 9.447661662802119100 ) ) ;
#6663 = DIRECTION ( 'NONE',  ( -0.9986295347545736100, -0.0000000000000000000, -0.05233595624294763000 ) ) ;
#6664 = VECTOR ( 'NONE', #5243, 1000.000000000000000 ) ;
#6665 = CARTESIAN_POINT ( 'NONE',  ( 24.02266696752777300, -1.720021478429745200, 2.159336725773357600 ) ) ;
#6666 = CARTESIAN_POINT ( 'NONE',  ( 3.585011497558471000, 52.65837018413705600, 10.76666666666667100 ) ) ;
#6667 = VERTEX_POINT ( 'NONE', #1589 ) ;
#6668 = AXIS2_PLACEMENT_3D ( 'NONE', #7904, #523, #6351 ) ;
#6669 = CARTESIAN_POINT ( 'NONE',  ( 3.400000000000014600, 33.05000000000000400, 14.60000000000000100 ) ) ;
#6670 = LINE ( 'NONE', #8750, #8868 ) ;
#6671 = ORIENTED_EDGE ( 'NONE', *, *, #1126, .T. ) ;
#6672 = CARTESIAN_POINT ( 'NONE',  ( -35.19561662984588000, 0.0000000000000000000, 0.1323777786542459900 ) ) ;
#6673 = EDGE_CURVE ( 'NONE', #9907, #8030, #4246, .T. ) ;
#6674 = PLANE ( 'NONE',  #10765 ) ;
#6676 = ORIENTED_EDGE ( 'NONE', *, *, #1614, .T. ) ;
#6675 = DIRECTION ( 'NONE',  ( 0.03309444466356238600, 0.0000000000000000000, -0.9994522288395830700 ) ) ;
#6677 = VERTEX_POINT ( 'NONE', #4124 ) ;
#6678 = CARTESIAN_POINT ( 'NONE',  ( 0.0000000000000000000, 0.0000000000000000000, 9.800000000000000700 ) ) ;
#6679 = CARTESIAN_POINT ( 'NONE',  ( -4.599999999999994300, 52.79999999999999700, -10.90000000000000400 ) ) ;
#6680 = CARTESIAN_POINT ( 'NONE',  ( -1.574679434480891200, 49.42626129027264900, 9.800000000000000700 ) ) ;
#6681 = ADVANCED_FACE ( 'NONE', ( #1488 ), #7875, .F. ) ;
#6682 = VECTOR ( 'NONE', #8804, 1000.000000000000000 ) ;
#6683 = ORIENTED_EDGE ( 'NONE', *, *, #5886, .T. ) ;
#6684 = EDGE_CURVE ( 'NONE', #171, #5284, #5383, .T. ) ;
#6685 = VERTEX_POINT ( 'NONE', #6631 ) ;
#6686 = ORIENTED_EDGE ( 'NONE', *, *, #8109, .T. ) ;
#6687 = DIRECTION ( 'NONE',  ( 1.000000000000000000, 0.0000000000000000000, 0.0000000000000000000 ) ) ;
#6688 = CARTESIAN_POINT ( 'NONE',  ( 7.935898384862222000, 3.000000000000002700, 11.00000000000000200 ) ) ;
#6689 = DIRECTION ( 'NONE',  ( 1.314184451497581300E-016, 0.0000000000000000000, -1.000000000000000000 ) ) ;
#6690 = CARTESIAN_POINT ( 'NONE',  ( -11.20000000000000100, 50.79999999999999700, 9.841154273188022800 ) ) ;
#6691 = CYLINDRICAL_SURFACE ( 'NONE', #1229, 8.799999999999998900 ) ;
#6692 =( BOUNDED_CURVE ( )  B_SPLINE_CURVE ( 3, ( #2481, #1643, #6649, #3313 ),
 .UNSPECIFIED., .F., .F. ) 
 B_SPLINE_CURVE_WITH_KNOTS ( ( 4, 4 ),
 ( 3.365311864404170600, 4.168938181927879700 ),
 .UNSPECIFIED. ) 
 CURVE ( )  GEOMETRIC_REPRESENTATION_ITEM ( )  RATIONAL_B_SPLINE_CURVE ( ( 1.000000000000000000, 0.9469022687308000800, 0.9469022687308000800, 1.000000000000000000 ) ) 
 REPRESENTATION_ITEM ( '' )  );
#6693 = ADVANCED_FACE ( 'NONE', ( #1228 ), #7616, .T. ) ;
#6694 = VERTEX_POINT ( 'NONE', #6672 ) ;
#6695 = ORIENTED_EDGE ( 'NONE', *, *, #8716, .F. ) ;
#6696 = ORIENTED_EDGE ( 'NONE', *, *, #4076, .F. ) ;
#6697 = AXIS2_PLACEMENT_3D ( 'NONE', #7038, #8766, #9521 ) ;
#6698 = AXIS2_PLACEMENT_3D ( 'NONE', #8010, #3016, #8846 ) ;
#6699 = CARTESIAN_POINT ( 'NONE',  ( -33.73576973346460800, -2.648912529307599200, -34.20000000000001700 ) ) ;
#6700 = CARTESIAN_POINT ( 'NONE',  ( -32.19020367161344600, 5.000000000000000000, 29.61764762517408300 ) ) ;
#6701 = LINE ( 'NONE', #57, #2255 ) ;
#6702 = ORIENTED_EDGE ( 'NONE', *, *, #9404, .T. ) ;
#6703 = CARTESIAN_POINT ( 'NONE',  ( -500000.0000000000600, 35.79999999999999700, 11.00000000000000200 ) ) ;
#6704 = ORIENTED_EDGE ( 'NONE', *, *, #5056, .F. ) ;
#6705 = CARTESIAN_POINT ( 'NONE',  ( 6.936785082397765500, 33.79999999999999700, -8.954700538379276200 ) ) ;
#6706 = ORIENTED_EDGE ( 'NONE', *, *, #3086, .T. ) ;
#6707 = ORIENTED_EDGE ( 'NONE', *, *, #4553, .T. ) ;
#6708 = DIRECTION ( 'NONE',  ( 0.0000000000000000000, -0.3420201433256648800, -0.9396926207859097600 ) ) ;
#6709 = EDGE_CURVE ( 'NONE', #3988, #3332, #9813, .T. ) ;
#6710 = DIRECTION ( 'NONE',  ( 0.0000000000000000000, 0.0000000000000000000, 1.000000000000000000 ) ) ;
#6711 = LINE ( 'NONE', #10139, #6971 ) ;
#6712 = DIRECTION ( 'NONE',  ( 1.000000000000000000, 0.0000000000000000000, 0.0000000000000000000 ) ) ;
#6713 = DIRECTION ( 'NONE',  ( -1.000000000000000000, -0.0000000000000000000, -0.0000000000000000000 ) ) ;
#6714 = ORIENTED_EDGE ( 'NONE', *, *, #6801, .T. ) ;
#6715 = VERTEX_POINT ( 'NONE', #4995 ) ;
#6716 = ORIENTED_EDGE ( 'NONE', *, *, #5922, .F. ) ;
#6717 = VECTOR ( 'NONE', #10617, 1000.000000000000000 ) ;
#6718 = CARTESIAN_POINT ( 'NONE',  ( -9.799999999999993600, 50.79999999999999700, 9.400000000000002100 ) ) ;
#6719 = LINE ( 'NONE', #5336, #6460 ) ;
#6720 = EDGE_CURVE ( 'NONE', #9907, #7181, #5432, .T. ) ;
#6721 = DIRECTION ( 'NONE',  ( 0.0000000000000000000, -1.000000000000000000, 0.0000000000000000000 ) ) ;
#6722 = DIRECTION ( 'NONE',  ( -1.000000000000000000, 0.0000000000000000000, 0.0000000000000000000 ) ) ;
#6723 = ORIENTED_EDGE ( 'NONE', *, *, #7026, .T. ) ;
#6724 = ORIENTED_EDGE ( 'NONE', *, *, #1692, .T. ) ;
#6725 = DIRECTION ( 'NONE',  ( 0.0000000000000000000, 0.0000000000000000000, -1.000000000000000000 ) ) ;
#6726 = ORIENTED_EDGE ( 'NONE', *, *, #5554, .T. ) ;
#6727 = DIRECTION ( 'NONE',  ( -0.0000000000000000000, 1.000000000000000000, 0.0000000000000000000 ) ) ;
#6728 = EDGE_CURVE ( 'NONE', #7269, #2628, #5681, .T. ) ;
#6729 = AXIS2_PLACEMENT_3D ( 'NONE', #2930, #8312, #611 ) ;
#6730 = FACE_OUTER_BOUND ( 'NONE', #1684, .T. ) ;
#6731 = VECTOR ( 'NONE', #4730, 1000.000000000000000 ) ;
#6732 = CYLINDRICAL_SURFACE ( 'NONE', #183, 4.000000000000000000 ) ;
#6733 = DIRECTION ( 'NONE',  ( 0.0000000000000000000, 0.0000000000000000000, -1.000000000000000000 ) ) ;
#6734 = ADVANCED_FACE ( 'NONE', ( #962 ), #5163, .F. ) ;
#6735 = CARTESIAN_POINT ( 'NONE',  ( -36.53342719924331300, -2.125131110587050300, -33.74456444085329600 ) ) ;
#6736 =( BOUNDED_CURVE ( )  B_SPLINE_CURVE ( 3, ( #10343, #4566, #6238, #1224 ),
 .UNSPECIFIED., .F., .F. ) 
 B_SPLINE_CURVE_WITH_KNOTS ( ( 4, 4 ),
 ( 0.0000000000000000000, 1.013367092176292100 ),
 .UNSPECIFIED. ) 
 CURVE ( )  GEOMETRIC_REPRESENTATION_ITEM ( )  RATIONAL_B_SPLINE_CURVE ( ( 1.000000000000000000, 0.9162391482814511400, 0.9162391482814511400, 1.000000000000000000 ) ) 
 REPRESENTATION_ITEM ( '' )  );
#6737 = EDGE_CURVE ( 'NONE', #7202, #4741, #1470, .T. ) ;
#6738 = VECTOR ( 'NONE', #8887, 1000.000000000000000 ) ;
#6739 = ORIENTED_EDGE ( 'NONE', *, *, #10365, .T. ) ;
#6740 = CARTESIAN_POINT ( 'NONE',  ( 36.00000000000000700, 4.099999999999999600, 0.0000000000000000000 ) ) ;
#6741 = FACE_OUTER_BOUND ( 'NONE', #2355, .T. ) ;
#6742 = CARTESIAN_POINT ( 'NONE',  ( 13.39770888735984900, 3.406294780244267400, -15.95631709995848100 ) ) ;
#6743 = CARTESIAN_POINT ( 'NONE',  ( -4.599999999999996100, 52.79999999999999700, 13.00000000000000200 ) ) ;
#6744 = CARTESIAN_POINT ( 'NONE',  ( -6.599999999999994300, 36.79999999999999700, 11.00000000000000200 ) ) ;
#6745 = ADVANCED_FACE ( 'NONE', ( #3445 ), #9297, .F. ) ;
#6746 = CARTESIAN_POINT ( 'NONE',  ( 11.20000000000000300, 50.79999999999999700, 9.841154273188022800 ) ) ;
#6747 = CARTESIAN_POINT ( 'NONE',  ( -1.618341437901842200, 30.49999999999909800, 11.13480762113572500 ) ) ;
#6748 = VECTOR ( 'NONE', #9649, 1000.000000000000000 ) ;
#6749 = DIRECTION ( 'NONE',  ( 0.0000000000000000000, -1.000000000000000000, 0.0000000000000000000 ) ) ;
#6750 = VECTOR ( 'NONE', #52, 1000.000000000000000 ) ;
#6751 = DIRECTION ( 'NONE',  ( 0.0000000000000000000, 0.0000000000000000000, -1.000000000000000000 ) ) ;
#6752 = CARTESIAN_POINT ( 'NONE',  ( 3.462255489823062900, 52.51380745287603700, 10.78409504372309700 ) ) ;
#6753 = PLANE ( 'NONE',  #1503 ) ;
#6754 = CARTESIAN_POINT ( 'NONE',  ( 3.400000000000003900, 51.86052635461288000, 10.90000000000000400 ) ) ;
#6755 = LINE ( 'NONE', #4533, #2567 ) ;
#6756 = CARTESIAN_POINT ( 'NONE',  ( 5.800000000000004300, 4.999999999999997300, 13.00000000000000200 ) ) ;
#6757 = CARTESIAN_POINT ( 'NONE',  ( -0.5999999999999949800, 29.19474411167425400, 11.70000000000000300 ) ) ;
#6758 = EDGE_LOOP ( 'NONE', ( #8001, #7596, #8189, #7667 ) ) ;
#6759 = FACE_OUTER_BOUND ( 'NONE', #8170, .T. ) ;
#6760 = CARTESIAN_POINT ( 'NONE',  ( 23.59695025252360500, -10.80000000000000100, -11.50687466109645400 ) ) ;
#6761 = AXIS2_PLACEMENT_3D ( 'NONE', #10368, #5435, #428 ) ;
#6762 = EDGE_LOOP ( 'NONE', ( #9144, #2297, #1444, #3128 ) ) ;
#6763 = B_SPLINE_CURVE_WITH_KNOTS ( 'NONE', 3,
 ( #3257, #8221, #4928, #10717 ),
 .UNSPECIFIED., .F., .F.,
 ( 4, 4 ),
 ( 0.0000000000000000000, 0.0003852897569917531100 ),
 .UNSPECIFIED. ) ;
#6764 = ADVANCED_FACE ( 'NONE', ( #3712 ), #9230, .T. ) ;
#6765 = FACE_OUTER_BOUND ( 'NONE', #1843, .T. ) ;
#6766 = DIRECTION ( 'NONE',  ( -1.000000000000000000, 0.0000000000000000000, 0.0000000000000000000 ) ) ;
#6767 = CARTESIAN_POINT ( 'NONE',  ( -36.14146639876239000, -0.6766381819445274100, -33.86607225247152500 ) ) ;
#6768 = DIRECTION ( 'NONE',  ( -1.000000000000000000, 0.0000000000000000000, 0.0000000000000000000 ) ) ;
#6769 = VERTEX_POINT ( 'NONE', #5947 ) ;
#6770 = DIRECTION ( 'NONE',  ( 0.0000000000000000000, -1.000000000000000000, 0.0000000000000000000 ) ) ;
#6771 = CARTESIAN_POINT ( 'NONE',  ( -43.66460074645779300, 0.0000000000000000000, 12.88161877810437500 ) ) ;
#6772 = EDGE_CURVE ( 'NONE', #7365, #873, #2915, .T. ) ;
#6773 = ORIENTED_EDGE ( 'NONE', *, *, #4903, .T. ) ;
#6774 = AXIS2_PLACEMENT_3D ( 'NONE', #566, #5576, #4782 ) ;
#6775 = LINE ( 'NONE', #1058, #6514 ) ;
#6776 = CARTESIAN_POINT ( 'NONE',  ( 11.20000000000000100, 50.79999999999999700, 6.858022075225178600E-016 ) ) ;
#6777 = LINE ( 'NONE', #1329, #2338 ) ;
#6778 = CARTESIAN_POINT ( 'NONE',  ( 0.0000000000000000000, 3.000000000000000400, 0.0000000000000000000 ) ) ;
#6779 = CARTESIAN_POINT ( 'NONE',  ( 11.20000000000000100, 52.79999999999999700, -12.41764762517408200 ) ) ;
#6780 = CARTESIAN_POINT ( 'NONE',  ( -4.848004156739092400, 52.74355634447730500, 10.85901645101344000 ) ) ;
#6781 = DIRECTION ( 'NONE',  ( 0.0000000000000000000, 0.0000000000000000000, -1.000000000000000000 ) ) ;
#6782 = EDGE_LOOP ( 'NONE', ( #4348, #8242, #6206, #7913 ) ) ;
#6783 = CARTESIAN_POINT ( 'NONE',  ( 0.06582284982164425500, 34.15242938208805900, 9.501563620128806100 ) ) ;
#6784 = CARTESIAN_POINT ( 'NONE',  ( -1.071705020899115000, 29.21098076386472900, 11.62874554913584800 ) ) ;
#6785 = EDGE_CURVE ( 'NONE', #7826, #6416, #9552, .T. ) ;
#6786 = ADVANCED_FACE ( 'NONE', ( #462 ), #6843, .F. ) ;
#6787 = ORIENTED_EDGE ( 'NONE', *, *, #1473, .F. ) ;
#6788 = FACE_OUTER_BOUND ( 'NONE', #940, .T. ) ;
#6789 = EDGE_CURVE ( 'NONE', #1892, #4335, #9040, .T. ) ;
#6790 = CARTESIAN_POINT ( 'NONE',  ( 0.0000000000000000000, 35.80000000000000400, -7.800000000000003400 ) ) ;
#6791 = CARTESIAN_POINT ( 'NONE',  ( 13.40000000000000600, 3.400000000000023900, -19.80000000000000100 ) ) ;
#6792 = ORIENTED_EDGE ( 'NONE', *, *, #8003, .T. ) ;
#6793 = CARTESIAN_POINT ( 'NONE',  ( -0.5999999999999936500, 49.42626129027264900, -9.300000000000000700 ) ) ;
#6794 = CARTESIAN_POINT ( 'NONE',  ( 0.1500000000000056300, 34.55000000000000400, -12.60000000000000300 ) ) ;
#6795 = DIRECTION ( 'NONE',  ( 4.336808689942014800E-016, 0.0000000000000000000, -1.000000000000000000 ) ) ;
#6796 = CARTESIAN_POINT ( 'NONE',  ( 0.1595454451242575000, 29.77006884295417800, 11.45087708364311900 ) ) ;
#6797 = CARTESIAN_POINT ( 'NONE',  ( -8.136785082397741700, 33.79999999999999700, 8.954700538379247700 ) ) ;
#6798 = ORIENTED_EDGE ( 'NONE', *, *, #3674, .F. ) ;
#6799 = ORIENTED_EDGE ( 'NONE', *, *, #6170, .F. ) ;
#6800 = ADVANCED_FACE ( 'NONE', ( #4640 ), #159, .F. ) ;
#6801 = EDGE_CURVE ( 'NONE', #4610, #6003, #207, .T. ) ;
#6802 = EDGE_CURVE ( 'NONE', #3100, #1634, #2398, .T. ) ;
#6803 = VECTOR ( 'NONE', #8319, 999.9999999999998900 ) ;
#6804 = ORIENTED_EDGE ( 'NONE', *, *, #641, .F. ) ;
#6805 = AXIS2_PLACEMENT_3D ( 'NONE', #5878, #866, #6710 ) ;
#6806 = CARTESIAN_POINT ( 'NONE',  ( -1.574679434480891200, 49.42626129027264900, 9.800000000000000700 ) ) ;
#6807 = PLANE ( 'NONE',  #7678 ) ;
#6808 = ORIENTED_EDGE ( 'NONE', *, *, #8237, .F. ) ;
#6809 = CARTESIAN_POINT ( 'NONE',  ( 0.5440479187075916200, 31.07087991931880900, 10.88760936481555700 ) ) ;
#6810 = VERTEX_POINT ( 'NONE', #3490 ) ;
#6811 = ORIENTED_EDGE ( 'NONE', *, *, #6821, .F. ) ;
#6812 = CARTESIAN_POINT ( 'NONE',  ( 0.0000000000000000000, 33.79999999999999700, 0.0000000000000000000 ) ) ;
#6813 = VECTOR ( 'NONE', #8472, 1000.000000000000000 ) ;
#6814 = PLANE ( 'NONE',  #5580 ) ;
#6815 = DIRECTION ( 'NONE',  ( -0.0000000000000000000, -1.000000000000000000, -0.0000000000000000000 ) ) ;
#6816 = CARTESIAN_POINT ( 'NONE',  ( 13.01260774820450900, 4.464351464279834800, -13.72822509213891700 ) ) ;
#6817 = VERTEX_POINT ( 'NONE', #1008 ) ;
#6818 = CARTESIAN_POINT ( 'NONE',  ( 23.59695025252360500, 0.0000000000000000000, -11.50687466109645400 ) ) ;
#6819 = ORIENTED_EDGE ( 'NONE', *, *, #10763, .F. ) ;
#6820 = ORIENTED_EDGE ( 'NONE', *, *, #8795, .T. ) ;
#6821 = EDGE_CURVE ( 'NONE', #10562, #6817, #2654, .T. ) ;
#6822 = CONICAL_SURFACE ( 'NONE', #7243, 8.700000000000002800, 0.5235987755982854900 ) ;
#6823 = AXIS2_PLACEMENT_3D ( 'NONE', #4931, #10720, #5780 ) ;
#6824 =( BOUNDED_CURVE ( )  B_SPLINE_CURVE ( 3, ( #8247, #7424, #6412, #3246 ),
 .UNSPECIFIED., .F., .T. ) 
 B_SPLINE_CURVE_WITH_KNOTS ( ( 4, 4 ),
 ( 6.224562198101245300, 6.283185307179586200 ),
 .UNSPECIFIED. ) 
 CURVE ( )  GEOMETRIC_REPRESENTATION_ITEM ( )  RATIONAL_B_SPLINE_CURVE ( ( 1.000000000000000000, 0.9997136314275876200, 0.9997136314275876200, 1.000000000000000000 ) ) 
 REPRESENTATION_ITEM ( '' )  );
#6825 = CARTESIAN_POINT ( 'NONE',  ( 3.900000000000005700, 52.79999999999999700, -10.90000000000000400 ) ) ;
#6826 = ORIENTED_EDGE ( 'NONE', *, *, #10618, .T. ) ;
#6828 = VERTEX_POINT ( 'NONE', #196 ) ;
#6827 = DIRECTION ( 'NONE',  ( 1.000000000000000000, 0.0000000000000000000, 0.0000000000000000000 ) ) ;
#6829 = ORIENTED_EDGE ( 'NONE', *, *, #9624, .F. ) ;
#6830 = CARTESIAN_POINT ( 'NONE',  ( 500000.0000000000600, 35.79999999999999700, -11.00000000000000400 ) ) ;
#6831 = CARTESIAN_POINT ( 'NONE',  ( 500000.0000000000600, 35.79999999999999700, -9.800000000000007800 ) ) ;
#6832 = CARTESIAN_POINT ( 'NONE',  ( -5.099999999999995200, 52.29999999999999700, 10.76666666666667100 ) ) ;
#6833 = DIRECTION ( 'NONE',  ( -1.000000000000000000, -0.0000000000000000000, -1.548860246407863800E-016 ) ) ;
#6834 = VECTOR ( 'NONE', #7107, 999.9999999999998900 ) ;
#6835 = ORIENTED_EDGE ( 'NONE', *, *, #7272, .F. ) ;
#6836 = ORIENTED_EDGE ( 'NONE', *, *, #10541, .T. ) ;
#6837 = VERTEX_POINT ( 'NONE', #8500 ) ;
#6838 = EDGE_LOOP ( 'NONE', ( #10573, #969, #9430, #1442 ) ) ;
#6839 = DIRECTION ( 'NONE',  ( 0.0000000000000000000, 0.0000000000000000000, -1.000000000000000000 ) ) ;
#6840 = ADVANCED_FACE ( 'NONE', ( #4531 ), #8676, .T. ) ;
#6841 = CARTESIAN_POINT ( 'NONE',  ( 3.456796983508723100, 52.08152790217641800, 10.76666666666666900 ) ) ;
#6842 = CARTESIAN_POINT ( 'NONE',  ( -11.20000000000000100, 4.999999999999997300, 6.858022075225178600E-016 ) ) ;
#6843 = CYLINDRICAL_SURFACE ( 'NONE', #1210, 9.841154273188022800 ) ;
#6844 = CARTESIAN_POINT ( 'NONE',  ( 0.3566219312120004200, 32.69174014405879800, 9.619128183996391400 ) ) ;
#6845 = DIRECTION ( 'NONE',  ( 0.3421856512032753800, 0.9396323643375585900, 5.893798247405803100E-014 ) ) ;
#6846 = VECTOR ( 'NONE', #10592, 1000.000000000000000 ) ;
#6847 = ORIENTED_EDGE ( 'NONE', *, *, #5364, .F. ) ;
#6848 = ORIENTED_EDGE ( 'NONE', *, *, #8994, .T. ) ;
#6849 = CARTESIAN_POINT ( 'NONE',  ( -11.20000000000000100, 52.79999999999999700, 11.00000000000000400 ) ) ;
#6850 = EDGE_CURVE ( 'NONE', #8717, #1485, #10328, .T. ) ;
#6851 = VERTEX_POINT ( 'NONE', #6892 ) ;
#6852 = CARTESIAN_POINT ( 'NONE',  ( 11.20000000000000100, -1.899999999999999900, 6.858022075225178600E-016 ) ) ;
#6853 = CARTESIAN_POINT ( 'NONE',  ( -0.5999999999999937600, 50.79999999999999700, -10.50000000000000000 ) ) ;
#6854 = CARTESIAN_POINT ( 'NONE',  ( -1.349999999999993900, 36.80000000000000400, -12.60000000000000300 ) ) ;
#6855 = EDGE_CURVE ( 'NONE', #3503, #2465, #6581, .T. ) ;
#6856 = DIRECTION ( 'NONE',  ( 0.0000000000000000000, 0.0000000000000000000, 1.000000000000000000 ) ) ;
#6857 = LINE ( 'NONE', #2571, #219 ) ;
#6858 = ADVANCED_FACE ( 'NONE', ( #2012 ), #1078, .F. ) ;
#6859 = CARTESIAN_POINT ( 'NONE',  ( 13.20675441325088100, 3.930937886002499500, -13.68786949737588400 ) ) ;
#6860 = CARTESIAN_POINT ( 'NONE',  ( -1.686730163066189500, 33.79999999999999700, 8.979274057836304800 ) ) ;
#6861 = ORIENTED_EDGE ( 'NONE', *, *, #3506, .F. ) ;
#6862 = VECTOR ( 'NONE', #3544, 1000.000000000000000 ) ;
#6863 = LINE ( 'NONE', #7421, #2145 ) ;
#6864 = ORIENTED_EDGE ( 'NONE', *, *, #7, .T. ) ;
#6865 = ORIENTED_EDGE ( 'NONE', *, *, #7692, .T. ) ;
#6866 = VECTOR ( 'NONE', #7709, 1000.000000000000000 ) ;
#6867 = CARTESIAN_POINT ( 'NONE',  ( 3.400000000000004800, 52.40959435812845200, -10.83303955644464400 ) ) ;
#6868 = EDGE_CURVE ( 'NONE', #1193, #6616, #8405, .T. ) ;
#6869 = LINE ( 'NONE', #10253, #489 ) ;
#6870 = CARTESIAN_POINT ( 'NONE',  ( 5.400000000000005700, 20.74968880069896200, 9.800000000000002500 ) ) ;
#6871 = DIRECTION ( 'NONE',  ( 1.000000000000000000, 0.0000000000000000000, 1.548860246407863300E-016 ) ) ;
#6872 = CARTESIAN_POINT ( 'NONE',  ( -2.000000000000000000, -2.000000000000000000, 1.109053650640949900 ) ) ;
#6873 = CARTESIAN_POINT ( 'NONE',  ( -9.799999999999993600, 50.79999999999999700, 9.441154273188013600 ) ) ;
#6874 = CARTESIAN_POINT ( 'NONE',  ( -4.741629815862938600, 52.61498850244153400, -10.76666666666666900 ) ) ;
#6875 = CARTESIAN_POINT ( 'NONE',  ( 13.39312863038751400, 3.418878932851070500, -16.03435814724387500 ) ) ;
#6876 = EDGE_CURVE ( 'NONE', #4027, #10233, #6491, .T. ) ;
#6877 = AXIS2_PLACEMENT_3D ( 'NONE', #4783, #8935, #3955 ) ;
#6878 = LINE ( 'NONE', #145, #8813 ) ;
#6879 = ORIENTED_EDGE ( 'NONE', *, *, #10047, .T. ) ;
#6880 = FACE_OUTER_BOUND ( 'NONE', #8179, .T. ) ;
#6881 = AXIS2_PLACEMENT_3D ( 'NONE', #2615, #3468, #9277 ) ;
#6882 = CARTESIAN_POINT ( 'NONE',  ( 4.400000000000013700, 33.80000000000000400, 14.60000000000000100 ) ) ;
#6883 = ORIENTED_EDGE ( 'NONE', *, *, #8691, .T. ) ;
#6884 = CARTESIAN_POINT ( 'NONE',  ( 3.900000000000003900, 52.29999999999999700, 10.90000000000000400 ) ) ;
#6885 = CARTESIAN_POINT ( 'NONE',  ( -11.20000000000000100, 52.79999999999999700, -11.00000000000000400 ) ) ;
#6886 = CARTESIAN_POINT ( 'NONE',  ( 3.400000000000005200, 52.14886691080408800, -10.90000000000000400 ) ) ;
#6887 = EDGE_CURVE ( 'NONE', #1361, #7457, #8778, .T. ) ;
#6888 = DIRECTION ( 'NONE',  ( -0.0000000000000000000, 1.000000000000000000, -0.0000000000000000000 ) ) ;
#6889 = LINE ( 'NONE', #7523, #4684 ) ;
#6890 = CARTESIAN_POINT ( 'NONE',  ( -8.136785082397752300, 33.79999999999999700, -8.954700538379276200 ) ) ;
#6891 = CIRCLE ( 'NONE', #3800, 0.4000000000000001900 ) ;
#6892 = CARTESIAN_POINT ( 'NONE',  ( -30.00024368684212200, 5.000000000000000000, -29.61764762517409400 ) ) ;
#6893 = VERTEX_POINT ( 'NONE', #10424 ) ;
#6894 = EDGE_CURVE ( 'NONE', #1425, #169, #4574, .T. ) ;
#6895 = DIRECTION ( 'NONE',  ( 1.000000000000000000, 0.0000000000000000000, -0.0000000000000000000 ) ) ;
#6896 = DIRECTION ( 'NONE',  ( -0.08715574274766232900, 0.0000000000000000000, -0.9961946980917452100 ) ) ;
#6897 = DIRECTION ( 'NONE',  ( 0.0000000000000000000, 0.0000000000000000000, -1.000000000000000000 ) ) ;
#6898 = ORIENTED_EDGE ( 'NONE', *, *, #2089, .F. ) ;
#6899 = PLANE ( 'NONE',  #1241 ) ;
#6900 = FACE_OUTER_BOUND ( 'NONE', #9319, .T. ) ;
#6901 = VERTEX_POINT ( 'NONE', #486 ) ;
#6902 = CIRCLE ( 'NONE', #1421, 8.800000000000006000 ) ;
#6903 = ORIENTED_EDGE ( 'NONE', *, *, #1320, .T. ) ;
#6904 = CARTESIAN_POINT ( 'NONE',  ( -4.599999999999997900, 3.400000000000023900, 19.80000000000000100 ) ) ;
#6905 = DIRECTION ( 'NONE',  ( 0.0000000000000000000, -0.5000000000000041100, 0.8660254037844362700 ) ) ;
#6906 = CARTESIAN_POINT ( 'NONE',  ( 8.600000000000003200, 48.10000000000002300, -11.00000000000000400 ) ) ;
#6907 = CARTESIAN_POINT ( 'NONE',  ( -11.19999999999999900, 50.79999999999999700, 11.30000000000000200 ) ) ;
#6908 = CARTESIAN_POINT ( 'NONE',  ( -0.5999999999999937600, 49.42626129027264900, -10.50000000000000000 ) ) ;
#6909 = VECTOR ( 'NONE', #4905, 1000.000000000000000 ) ;
#6910 = AXIS2_PLACEMENT_3D ( 'NONE', #4360, #4407, #10177 ) ;
#6911 = LINE ( 'NONE', #2848, #9096 ) ;
#6912 = ADVANCED_FACE ( 'NONE', ( #10614 ), #10340, .F. ) ;
#6913 = ORIENTED_EDGE ( 'NONE', *, *, #3033, .F. ) ;
#6914 = ORIENTED_EDGE ( 'NONE', *, *, #3703, .T. ) ;
#6915 = CARTESIAN_POINT ( 'NONE',  ( -0.6000000000170092600, 34.19206584109581100, 9.300000000000000700 ) ) ;
#6916 = DIRECTION ( 'NONE',  ( 1.000000000000000000, 0.0000000000000000000, 0.0000000000000000000 ) ) ;
#6917 = CARTESIAN_POINT ( 'NONE',  ( -5.099999999999995200, 52.29999999999999700, 10.90000000000000400 ) ) ;
#6918 = VECTOR ( 'NONE', #1911, 999.9999999999998900 ) ;
#6919 = LINE ( 'NONE', #3487, #2470 ) ;
#6920 = CARTESIAN_POINT ( 'NONE',  ( -33.73576973346460800, -2.826794919243119400, 34.20000000000000300 ) ) ;
#6921 = EDGE_CURVE ( 'NONE', #7365, #2604, #2596, .T. ) ;
#6922 = CARTESIAN_POINT ( 'NONE',  ( 13.23309807661634700, 5.000000000000000900, 12.92797219906564800 ) ) ;
#6923 = ORIENTED_EDGE ( 'NONE', *, *, #1416, .T. ) ;
#6924 = FACE_OUTER_BOUND ( 'NONE', #1291, .T. ) ;
#6925 = CARTESIAN_POINT ( 'NONE',  ( -11.19999999999999900, 50.89999999999999900, -11.30000000000000200 ) ) ;
#6926 = ORIENTED_EDGE ( 'NONE', *, *, #9014, .T. ) ;
#6927 = CARTESIAN_POINT ( 'NONE',  ( 5.400000000000005700, 20.74968880069896200, -9.800000000000002500 ) ) ;
#6928 = ORIENTED_EDGE ( 'NONE', *, *, #10741, .T. ) ;
#6929 = CARTESIAN_POINT ( 'NONE',  ( 0.7577885838827569400, 30.30000000000000800, 11.00000000000000000 ) ) ;
#6930 = CARTESIAN_POINT ( 'NONE',  ( 5.400000000000005700, 50.79999999999999700, 9.400000000000002100 ) ) ;
#6931 = EDGE_LOOP ( 'NONE', ( #7802, #9281, #6937, #3751 ) ) ;
#6932 = EDGE_CURVE ( 'NONE', #3164, #4174, #6217, .T. ) ;
#6933 = VERTEX_POINT ( 'NONE', #3861 ) ;
#6934 = VECTOR ( 'NONE', #1148, 1000.000000000000000 ) ;
#6935 = EDGE_CURVE ( 'NONE', #6977, #2416, #3724, .T. ) ;
#6936 = EDGE_LOOP ( 'NONE', ( #10640, #7327, #3289, #4676, #6018, #8104 ) ) ;
#6937 = ORIENTED_EDGE ( 'NONE', *, *, #8657, .F. ) ;
#6938 = DIRECTION ( 'NONE',  ( -2.628368902995160100E-016, 0.0000000000000000000, -1.000000000000000000 ) ) ;
#6939 = CARTESIAN_POINT ( 'NONE',  ( -5.182352374825899900, 5.000000000000000900, -19.59433194053388400 ) ) ;
#6940 = CARTESIAN_POINT ( 'NONE',  ( 5.400000000000005700, 50.79999999999999700, 6.641154273188021800 ) ) ;
#6941 = CARTESIAN_POINT ( 'NONE',  ( -4.599999999999992500, 3.400000000000023900, -30.20000000000000300 ) ) ;
#6942 = ORIENTED_EDGE ( 'NONE', *, *, #1040, .F. ) ;
#6943 = CARTESIAN_POINT ( 'NONE',  ( -2.669557373309872100, 1.019956873779288300, 21.73044262669013100 ) ) ;
#6944 = FACE_OUTER_BOUND ( 'NONE', #6762, .T. ) ;
#6945 = ORIENTED_EDGE ( 'NONE', *, *, #5744, .F. ) ;
#6946 = ORIENTED_EDGE ( 'NONE', *, *, #3867, .F. ) ;
#6947 = EDGE_CURVE ( 'NONE', #7522, #4500, #5957, .T. ) ;
#6948 = ORIENTED_EDGE ( 'NONE', *, *, #8584, .F. ) ;
#6949 = VERTEX_POINT ( 'NONE', #2209 ) ;
#6950 = EDGE_CURVE ( 'NONE', #3553, #10049, #5692, .T. ) ;
#6951 = AXIS2_PLACEMENT_3D ( 'NONE', #9874, #8249, #3247 ) ;
#6952 = CARTESIAN_POINT ( 'NONE',  ( 3.400000000000005200, 52.29999999999999700, -10.90000000000000400 ) ) ;
#6953 = CARTESIAN_POINT ( 'NONE',  ( -3.599999999999999200, 33.05000000000000400, -12.60000000000000300 ) ) ;
#6954 = EDGE_LOOP ( 'NONE', ( #6020, #3823, #6153, #10496 ) ) ;
#6955 = ORIENTED_EDGE ( 'NONE', *, *, #2041, .T. ) ;
#6956 = CARTESIAN_POINT ( 'NONE',  ( 21.39996527606354000, -2.826794919243119400, -11.39173555736197600 ) ) ;
#6957 = CARTESIAN_POINT ( 'NONE',  ( -4.599999999999994300, 52.00132267488884700, -10.90000000000000400 ) ) ;
#6958 = DIRECTION ( 'NONE',  ( 0.0000000000000000000, 0.0000000000000000000, 1.000000000000000000 ) ) ;
#6959 = ADVANCED_FACE ( 'NONE', ( #7889 ), #7632, .F. ) ;
#6960 = CARTESIAN_POINT ( 'NONE',  ( -4.741629815862940400, 51.98501149755846700, 10.76666666666666900 ) ) ;
#6961 = CIRCLE ( 'NONE', #9099, 1.199999999999999700 ) ;
#6962 = CARTESIAN_POINT ( 'NONE',  ( 3.400000000000003900, 52.79999999999999700, 14.41764762517408000 ) ) ;
#6963 =( BOUNDED_CURVE ( )  B_SPLINE_CURVE ( 3, ( #6875, #1024, #2700, #8523 ),
 .UNSPECIFIED., .F., .T. ) 
 B_SPLINE_CURVE_WITH_KNOTS ( ( 4, 4 ),
 ( 2.414817599270096900, 3.868367707909492500 ),
 .UNSPECIFIED. ) 
 CURVE ( )  GEOMETRIC_REPRESENTATION_ITEM ( )  RATIONAL_B_SPLINE_CURVE ( ( 1.000000000000000000, 0.8315474279732690800, 0.8315474279732690800, 1.000000000000000000 ) ) 
 REPRESENTATION_ITEM ( '' )  );
#6964 = CARTESIAN_POINT ( 'NONE',  ( -4.587179676972462000, 1.013692934009065900, 15.48269330410535900 ) ) ;
#6965 = VERTEX_POINT ( 'NONE', #4759 ) ;
#6966 = VERTEX_POINT ( 'NONE', #10539 ) ;
#6967 = VERTEX_POINT ( 'NONE', #5590 ) ;
#6968 = EDGE_CURVE ( 'NONE', #4599, #1593, #9826, .T. ) ;
#6969 = AXIS2_PLACEMENT_3D ( 'NONE', #3967, #8907, #9766 ) ;
#6970 = CARTESIAN_POINT ( 'NONE',  ( 8.600000000000005000, 50.10717967697243600, -9.841154273188022800 ) ) ;
#6971 = VECTOR ( 'NONE', #2694, 1000.000000000000000 ) ;
#6972 = CARTESIAN_POINT ( 'NONE',  ( -4.599999999999994300, 52.79999999999999700, -10.90000000000000400 ) ) ;
#6973 = VERTEX_POINT ( 'NONE', #580 ) ;
#6974 = CARTESIAN_POINT ( 'NONE',  ( -8.199999999999992200, 33.31780555794900800, 9.257669148756186000 ) ) ;
#6975 = ORIENTED_EDGE ( 'NONE', *, *, #4752, .T. ) ;
#6976 = DIRECTION ( 'NONE',  ( 0.0000000000000000000, -1.000000000000000000, 0.0000000000000000000 ) ) ;
#6977 = VERTEX_POINT ( 'NONE', #1413 ) ;
#6978 = PLANE ( 'NONE',  #9498 ) ;
#6979 = VECTOR ( 'NONE', #4601, 1000.000000000000000 ) ;
#6980 = ORIENTED_EDGE ( 'NONE', *, *, #4802, .T. ) ;
#6981 = VECTOR ( 'NONE', #10464, 1000.000000000000000 ) ;
#6982 = EDGE_CURVE ( 'NONE', #10672, #7482, #1239, .T. ) ;
#6983 = VECTOR ( 'NONE', #7743, 1000.000000000000000 ) ;
#6984 = AXIS2_PLACEMENT_3D ( 'NONE', #9069, #5715, #3233 ) ;
#6985 = CARTESIAN_POINT ( 'NONE',  ( -11.20000000000000100, 50.79999999999999700, 6.241154273188012500 ) ) ;
#6987 = ORIENTED_EDGE ( 'NONE', *, *, #9434, .T. ) ;
#6986 = CARTESIAN_POINT ( 'NONE',  ( 11.20000000000000100, 52.79999999999999700, 6.858022075225178600E-016 ) ) ;
#6988 = CARTESIAN_POINT ( 'NONE',  ( 2.331562100281544300, 30.30000000000000800, -11.00000000000000400 ) ) ;
#6989 = LINE ( 'NONE', #2389, #2802 ) ;
#6990 = FACE_OUTER_BOUND ( 'NONE', #192, .T. ) ;
#6991 = LINE ( 'NONE', #10626, #600 ) ;
#6992 = ORIENTED_EDGE ( 'NONE', *, *, #7416, .F. ) ;
#6993 = EDGE_CURVE ( 'NONE', #2136, #3401, #979, .T. ) ;
#6994 = CARTESIAN_POINT ( 'NONE',  ( -1.059981467039177400, 33.79999999999999700, 8.979274057836304800 ) ) ;
#6995 = EDGE_CURVE ( 'NONE', #9252, #5284, #1760, .T. ) ;
#6996 = DIRECTION ( 'NONE',  ( 0.0000000000000000000, 0.0000000000000000000, -1.000000000000000000 ) ) ;
#6997 = AXIS2_PLACEMENT_3D ( 'NONE', #5361, #355, #6182 ) ;
#6998 = CARTESIAN_POINT ( 'NONE',  ( 7.935898384862220200, 3.000000000000001300, 11.00000000000000200 ) ) ;
#6999 = LINE ( 'NONE', #7226, #6738 ) ;
#7000 = ORIENTED_EDGE ( 'NONE', *, *, #8847, .F. ) ;
#7001 = CARTESIAN_POINT ( 'NONE',  ( -33.75695522391647100, 4.999999999999997300, -25.98327156378788800 ) ) ;
#7002 = DIRECTION ( 'NONE',  ( -1.239088197126291100E-016, 1.000000000000000000, 0.0000000000000000000 ) ) ;
#7003 = CARTESIAN_POINT ( 'NONE',  ( 13.40000000000000000, 3.400286409439799300, 13.62938002992065900 ) ) ;
#7004 = EDGE_CURVE ( 'NONE', #10672, #8030, #5443, .T. ) ;
#7005 = DIRECTION ( 'NONE',  ( 1.000000000000000000, 0.0000000000000000000, -2.628368902995160100E-016 ) ) ;
#7006 = CARTESIAN_POINT ( 'NONE',  ( -3.758718607546622300, 3.670382627664455600, 19.70158877166746700 ) ) ;
#7007 = CIRCLE ( 'NONE', #8506, 4.000000000000000000 ) ;
#7008 = PLANE ( 'NONE',  #3832 ) ;
#7009 = CARTESIAN_POINT ( 'NONE',  ( -0.5999999999999937600, 28.80000000000000100, -10.50000000000000000 ) ) ;
#7010 = CIRCLE ( 'NONE', #5296, 0.4411542731880182500 ) ;
#7011 = CARTESIAN_POINT ( 'NONE',  ( -11.20000000000000100, 52.79999999999999700, -11.00000000000000400 ) ) ;
#7012 = EDGE_CURVE ( 'NONE', #2373, #6660, #669, .T. ) ;
#7013 = ORIENTED_EDGE ( 'NONE', *, *, #1740, .T. ) ;
#7014 = ADVANCED_FACE ( 'NONE', ( #9565 ), #9316, .F. ) ;
#7015 = VECTOR ( 'NONE', #7754, 1000.000000000000000 ) ;
#7016 = LINE ( 'NONE', #8157, #4821 ) ;
#7017 = CARTESIAN_POINT ( 'NONE',  ( 13.87755258156077100, 52.81990284774145300, 20.67974782551005900 ) ) ;
#7018 = CARTESIAN_POINT ( 'NONE',  ( -7.727163042726697700, -2.589749743709580900, 34.12019400649811700 ) ) ;
#7019 = CARTESIAN_POINT ( 'NONE',  ( -10.06410161513777100, 3.000000000000002200, -23.05829508493397400 ) ) ;
#7020 = DIRECTION ( 'NONE',  ( 0.0000000000000000000, -0.5000000000000042200, -0.8660254037844362700 ) ) ;
#7021 = PLANE ( 'NONE',  #5749 ) ;
#7022 = CARTESIAN_POINT ( 'NONE',  ( 12.26602540378446300, -4.499999999999988500, -14.33589838486227700 ) ) ;
#7023 = EDGE_LOOP ( 'NONE', ( #6696, #968, #6835, #1728, #1432 ) ) ;
#7024 = LINE ( 'NONE', #3555, #2054 ) ;
#7025 = LINE ( 'NONE', #4068, #2576 ) ;
#7026 = EDGE_CURVE ( 'NONE', #9963, #4791, #4902, .T. ) ;
#7027 = CARTESIAN_POINT ( 'NONE',  ( -0.3850493718114916300, 33.85379900770083600, 9.315767078751275000 ) ) ;
#7028 = DIRECTION ( 'NONE',  ( -0.0000000000000000000, -1.000000000000000000, -0.0000000000000000000 ) ) ;
#7029 = DIRECTION ( 'NONE',  ( -0.4472135954999557600, -0.7745966692414859600, 0.4472135954999554900 ) ) ;
#7030 = ORIENTED_EDGE ( 'NONE', *, *, #2443, .T. ) ;
#7031 = VERTEX_POINT ( 'NONE', #8978 ) ;
#7032 = CARTESIAN_POINT ( 'NONE',  ( 11.20000000000000100, 51.19999999999999600, 13.00000000000000400 ) ) ;
#7033 = AXIS2_PLACEMENT_3D ( 'NONE', #9354, #6905, #1887 ) ;
#7034 = CARTESIAN_POINT ( 'NONE',  ( -10.06410161513778000, 3.000000000000000400, 28.20000000000000300 ) ) ;
#7035 = ORIENTED_EDGE ( 'NONE', *, *, #915, .T. ) ;
#7036 = CIRCLE ( 'NONE', #5533, 9.841154273188019300 ) ;
#7037 = VECTOR ( 'NONE', #5722, 1000.000000000000000 ) ;
#7038 = CARTESIAN_POINT ( 'NONE',  ( -5.099999999999995200, 52.29999999999999700, 10.90000000000000400 ) ) ;
#7039 = CARTESIAN_POINT ( 'NONE',  ( -1.473916276796718700, 33.79999999999999700, 8.979274057836304800 ) ) ;
#7040 = DIRECTION ( 'NONE',  ( 0.0000000000000000000, 0.0000000000000000000, -1.000000000000000000 ) ) ;
#7041 = ORIENTED_EDGE ( 'NONE', *, *, #6599, .F. ) ;
#7042 = CARTESIAN_POINT ( 'NONE',  ( 3.488195292984780600, 51.99044115879003400, 10.87004640409793200 ) ) ;
#7043 = DIRECTION ( 'NONE',  ( -0.0000000000000000000, 1.000000000000000000, -0.0000000000000000000 ) ) ;
#7044 = ORIENTED_EDGE ( 'NONE', *, *, #1799, .F. ) ;
#7045 = AXIS2_PLACEMENT_3D ( 'NONE', #9308, #4344, #10127 ) ;
#7046 = FACE_OUTER_BOUND ( 'NONE', #6288, .T. ) ;
#7047 = ORIENTED_EDGE ( 'NONE', *, *, #4192, .T. ) ;
#7048 = DIRECTION ( 'NONE',  ( -0.0000000000000000000, 1.000000000000000000, -0.0000000000000000000 ) ) ;
#7049 = DIRECTION ( 'NONE',  ( -0.0000000000000000000, -1.000000000000000000, -0.0000000000000000000 ) ) ;
#7050 = VERTEX_POINT ( 'NONE', #9765 ) ;
#7051 = DIRECTION ( 'NONE',  ( -1.000000000000000000, 0.0000000000000000000, 0.0000000000000000000 ) ) ;
#7052 = ORIENTED_EDGE ( 'NONE', *, *, #1348, .T. ) ;
#7053 = ORIENTED_EDGE ( 'NONE', *, *, #6071, .T. ) ;
#7054 = CARTESIAN_POINT ( 'NONE',  ( 3.648004156739085500, 52.74355634447731200, -10.85901645101344400 ) ) ;
#7055 = EDGE_CURVE ( 'NONE', #3813, #3495, #7110, .T. ) ;
#7056 = AXIS2_PLACEMENT_3D ( 'NONE', #2565, #8394, #3400 ) ;
#7057 = CYLINDRICAL_SURFACE ( 'NONE', #9728, 2.758845726811981300 ) ;
#7058 = ORIENTED_EDGE ( 'NONE', *, *, #3525, .T. ) ;
#7059 = CARTESIAN_POINT ( 'NONE',  ( -0.06720516076786989300, 34.19218852266640600, 9.423600279194458200 ) ) ;
#7060 = CARTESIAN_POINT ( 'NONE',  ( -4.990405641869776000, 52.79999999999999700, -10.83303955644752900 ) ) ;
#7061 = PLANE ( 'NONE',  #7816 ) ;
#7062 = ADVANCED_FACE ( 'NONE', ( #477 ), #6520, .F. ) ;
#7063 = ORIENTED_EDGE ( 'NONE', *, *, #8220, .F. ) ;
#7064 = VERTEX_POINT ( 'NONE', #1480 ) ;
#7065 = EDGE_CURVE ( 'NONE', #7903, #6058, #724, .T. ) ;
#7066 = ORIENTED_EDGE ( 'NONE', *, *, #4077, .F. ) ;
#7067 = EDGE_CURVE ( 'NONE', #7993, #2404, #4656, .T. ) ;
#7068 = VECTOR ( 'NONE', #5239, 1000.000000000000100 ) ;
#7069 = DIRECTION ( 'NONE',  ( -1.000000000000000000, 0.0000000000000000000, 0.0000000000000000000 ) ) ;
#7070 = DIRECTION ( 'NONE',  ( 0.0000000000000000000, 0.0000000000000000000, -1.000000000000000000 ) ) ;
#7071 = ORIENTED_EDGE ( 'NONE', *, *, #2572, .F. ) ;
#7073 = ORIENTED_EDGE ( 'NONE', *, *, #1253, .F. ) ;
#7072 = DIRECTION ( 'NONE',  ( 0.0000000000000000000, 1.000000000000000000, 0.0000000000000000000 ) ) ;
#7074 = VERTEX_POINT ( 'NONE', #9011 ) ;
#7075 = DIRECTION ( 'NONE',  ( 1.000000000000000000, -0.0000000000000000000, 0.0000000000000000000 ) ) ;
#7076 = DIRECTION ( 'NONE',  ( 0.0000000000000000000, 0.3420201433256704300, -0.9396926207859077600 ) ) ;
#7077 = CARTESIAN_POINT ( 'NONE',  ( 3.400000000000004400, 52.29999999999999700, 10.90000000000000400 ) ) ;
#7078 = PLANE ( 'NONE',  #2590 ) ;
#7079 = FACE_OUTER_BOUND ( 'NONE', #76, .T. ) ;
#7080 = EDGE_CURVE ( 'NONE', #8891, #4710, #2412, .T. ) ;
#7081 = EDGE_LOOP ( 'NONE', ( #9633, #10090, #2492, #1952 ) ) ;
#7082 = ORIENTED_EDGE ( 'NONE', *, *, #3333, .F. ) ;
#7083 = VERTEX_POINT ( 'NONE', #8206 ) ;
#7084 = CARTESIAN_POINT ( 'NONE',  ( -1.415047622299201400, 33.99999999999995700, 9.619263164512572600 ) ) ;
#7085 = CARTESIAN_POINT ( 'NONE',  ( 3.400000000000014600, 33.05000000000000400, 14.60000000000000100 ) ) ;
#7086 = DIRECTION ( 'NONE',  ( 0.0000000000000000000, -1.251928832280950100E-015, -1.000000000000000000 ) ) ;
#7087 = ORIENTED_EDGE ( 'NONE', *, *, #4243, .T. ) ;
#7088 = AXIS2_PLACEMENT_3D ( 'NONE', #4654, #10430, #5492 ) ;
#7089 =( BOUNDED_CURVE ( )  B_SPLINE_CURVE ( 3, ( #5914, #2539, #6742, #1731 ),
 .UNSPECIFIED., .F., .F. ) 
 B_SPLINE_CURVE_WITH_KNOTS ( ( 4, 4 ),
 ( 1.314184451497579500E-016, 0.05862310907775101400 ),
 .UNSPECIFIED. ) 
 CURVE ( )  GEOMETRIC_REPRESENTATION_ITEM ( )  RATIONAL_B_SPLINE_CURVE ( ( 1.000000000000000000, 0.9997136314275932900, 0.9997136314275932900, 1.000000000000000000 ) ) 
 REPRESENTATION_ITEM ( '' )  );
#7090 = ORIENTED_EDGE ( 'NONE', *, *, #10221, .F. ) ;
#7091 = VERTEX_POINT ( 'NONE', #3177 ) ;
#7092 = ORIENTED_EDGE ( 'NONE', *, *, #2461, .F. ) ;
#7093 = ORIENTED_EDGE ( 'NONE', *, *, #3511, .T. ) ;
#7094 = DIRECTION ( 'NONE',  ( 0.0000000000000000000, 1.000000000000000000, 0.0000000000000000000 ) ) ;
#7095 = CARTESIAN_POINT ( 'NONE',  ( -0.5999999999999944300, 35.79999999999999700, 10.50000000000000000 ) ) ;
#7096 = DIRECTION ( 'NONE',  ( -0.0000000000000000000, -1.000000000000000000, -0.0000000000000000000 ) ) ;
#7097 = VECTOR ( 'NONE', #5195, 1000.000000000000000 ) ;
#7098 = CARTESIAN_POINT ( 'NONE',  ( 0.0000000000000000000, 52.81990284774145300, -34.20000000000001700 ) ) ;
#7099 = VECTOR ( 'NONE', #7267, 1000.000000000000100 ) ;
#7100 = VERTEX_POINT ( 'NONE', #9871 ) ;
#7101 = EDGE_LOOP ( 'NONE', ( #9543, #1563, #8995, #8480 ) ) ;
#7102 = VERTEX_POINT ( 'NONE', #9046 ) ;
#7103 = CARTESIAN_POINT ( 'NONE',  ( 0.2508558458211265200, 28.45823051848013600, -11.37560608174617200 ) ) ;
#7104 = LINE ( 'NONE', #8398, #4651 ) ;
#7105 = CARTESIAN_POINT ( 'NONE',  ( -34.61526844602046500, 4.999999999999999100, -0.04147316555453608300 ) ) ;
#7106 = VECTOR ( 'NONE', #4402, 1000.000000000000000 ) ;
#7107 = DIRECTION ( 'NONE',  ( -0.5000000000000035500, 0.8660254037844366000, 0.0000000000000000000 ) ) ;
#7108 = CARTESIAN_POINT ( 'NONE',  ( -4.599999999999996100, 3.400000000000015500, 26.27817534019966300 ) ) ;
#7109 = CARTESIAN_POINT ( 'NONE',  ( -4.599999999999999600, 5.000000000000000000, 26.20000000000000300 ) ) ;
#7110 = LINE ( 'NONE', #5685, #9051 ) ;
#7111 = CARTESIAN_POINT ( 'NONE',  ( 3.943679557447950000, 2.490079749178983400, 14.63030097893898500 ) ) ;
#7112 = CARTESIAN_POINT ( 'NONE',  ( 3.400000000000005200, 52.73947364538715000, -10.90000000000000400 ) ) ;
#7113 = ORIENTED_EDGE ( 'NONE', *, *, #3214, .T. ) ;
#7114 = ORIENTED_EDGE ( 'NONE', *, *, #3293, .T. ) ;
#7115 = ADVANCED_FACE ( 'NONE', ( #4398 ), #8528, .T. ) ;
#7116 = LINE ( 'NONE', #2489, #2676 ) ;
#7117 = EDGE_CURVE ( 'NONE', #8469, #1665, #6863, .T. ) ;
#7118 = VECTOR ( 'NONE', #1099, 1000.000000000000000 ) ;
#7119 = AXIS2_PLACEMENT_3D ( 'NONE', #3524, #2709, #3484 ) ;
#7120 = CARTESIAN_POINT ( 'NONE',  ( -24.72471563598085400, 3.000000000000000400, -24.73589838486222400 ) ) ;
#7121 = CARTESIAN_POINT ( 'NONE',  ( -1.556621931212481800, 32.69174014405676600, 9.619128183996933100 ) ) ;
#7122 = ORIENTED_EDGE ( 'NONE', *, *, #4011, .F. ) ;
#7123 = ORIENTED_EDGE ( 'NONE', *, *, #500, .F. ) ;
#7124 = DIRECTION ( 'NONE',  ( -0.0000000000000000000, -0.0000000000000000000, 1.000000000000000000 ) ) ;
#7125 = CARTESIAN_POINT ( 'NONE',  ( 7.000000000000004400, 33.31780555794899400, 9.257669148756186000 ) ) ;
#7126 = DIRECTION ( 'NONE',  ( 1.000000000000000000, 0.0000000000000000000, 0.0000000000000000000 ) ) ;
#7127 = CARTESIAN_POINT ( 'NONE',  ( 12.61202537022329100, -3.000000000000000000, 10.93117914242403700 ) ) ;
#7128 = VECTOR ( 'NONE', #4214, 1000.000000000000000 ) ;
#7129 = EDGE_CURVE ( 'NONE', #4400, #4123, #8794, .T. ) ;
#7130 = LINE ( 'NONE', #5264, #4923 ) ;
#7131 = ORIENTED_EDGE ( 'NONE', *, *, #336, .T. ) ;
#7132 = CARTESIAN_POINT ( 'NONE',  ( -5.182352374825901700, 5.000000000000000000, -1.296627162316535700E-015 ) ) ;
#7133 = DIRECTION ( 'NONE',  ( 0.0000000000000000000, 0.0000000000000000000, -1.000000000000000000 ) ) ;
#7134 = EDGE_CURVE ( 'NONE', #10185, #1352, #6339, .T. ) ;
#7135 = CARTESIAN_POINT ( 'NONE',  ( -4.599999999999994300, 38.80000000000000400, 10.90000000000000400 ) ) ;
#7136 = CARTESIAN_POINT ( 'NONE',  ( 5.400000000000005700, 50.10717967697243600, -6.641154273188024400 ) ) ;
#7137 = DIRECTION ( 'NONE',  ( 0.0000000000000000000, -1.000000000000000000, 0.0000000000000000000 ) ) ;
#7138 = DIRECTION ( 'NONE',  ( 0.0000000000000000000, 0.3420201433256644400, -0.9396926207859099800 ) ) ;
#7139 = CARTESIAN_POINT ( 'NONE',  ( -9.799999999999993600, 50.79999999999999700, 9.841154273188021100 ) ) ;
#7140 = VECTOR ( 'NONE', #5800, 1000.000000000000000 ) ;
#7141 = DIRECTION ( 'NONE',  ( 0.0000000000000000000, 0.0000000000000000000, -1.000000000000000000 ) ) ;
#7142 = LINE ( 'NONE', #2645, #3489 ) ;
#7143 = ORIENTED_EDGE ( 'NONE', *, *, #10589, .T. ) ;
#7144 = ORIENTED_EDGE ( 'NONE', *, *, #2653, .T. ) ;
#7145 = CARTESIAN_POINT ( 'NONE',  ( 0.3971057675885584800, 27.98831836925104400, -11.20457204670672100 ) ) ;
#7146 = EDGE_CURVE ( 'NONE', #6048, #1789, #9532, .T. ) ;
#7147 = CARTESIAN_POINT ( 'NONE',  ( 7.662741699796956000, 30.30000000000000400, -11.00000000000000400 ) ) ;
#7148 = CARTESIAN_POINT ( 'NONE',  ( -5.577123616632820600, 52.29999999999999700, 10.76666666666666900 ) ) ;
#7149 = CARTESIAN_POINT ( 'NONE',  ( -34.32806696097171100, 3.400000000000024800, -26.33237777865425500 ) ) ;
#7150 = DIRECTION ( 'NONE',  ( 1.000000000000000000, 0.0000000000000000000, 2.344220913482171200E-016 ) ) ;
#7151 = VECTOR ( 'NONE', #6603, 1000.000000000000000 ) ;
#7152 = CARTESIAN_POINT ( 'NONE',  ( 3.400000000000005200, 52.29999999999999700, -10.90000000000000400 ) ) ;
#7153 = EDGE_CURVE ( 'NONE', #5147, #10644, #10731, .T. ) ;
#7154 = ORIENTED_EDGE ( 'NONE', *, *, #6894, .T. ) ;
#7155 = CONICAL_SURFACE ( 'NONE', #7772, 0.04115427318801198600, 0.5235987755983027000 ) ;
#7156 = ORIENTED_EDGE ( 'NONE', *, *, #4091, .T. ) ;
#7157 =( BOUNDED_CURVE ( )  B_SPLINE_CURVE ( 3, ( #5608, #3066, #3923, #606 ),
 .UNSPECIFIED., .F., .F. ) 
 B_SPLINE_CURVE_WITH_KNOTS ( ( 4, 4 ),
 ( 1.570796326794896800, 3.141592653589793100 ),
 .UNSPECIFIED. ) 
 CURVE ( )  GEOMETRIC_REPRESENTATION_ITEM ( )  RATIONAL_B_SPLINE_CURVE ( ( 1.000000000000000000, 0.8047378541243650500, 0.8047378541243650500, 1.000000000000000000 ) ) 
 REPRESENTATION_ITEM ( '' )  );
#7158 = ORIENTED_EDGE ( 'NONE', *, *, #10230, .T. ) ;
#7159 = AXIS2_PLACEMENT_3D ( 'NONE', #1031, #2707, #8530 ) ;
#7160 = DIRECTION ( 'NONE',  ( -1.000000000000000000, -0.0000000000000000000, -0.0000000000000000000 ) ) ;
#7161 = CARTESIAN_POINT ( 'NONE',  ( -2.125397224942831000, 30.87087991931498700, 10.67040232490855100 ) ) ;
#7162 = LINE ( 'NONE', #8233, #9868 ) ;
#7163 = LINE ( 'NONE', #4488, #2976 ) ;
#7164 = PLANE ( 'NONE',  #9065 ) ;
#7165 = ORIENTED_EDGE ( 'NONE', *, *, #4033, .F. ) ;
#7166 = EDGE_LOOP ( 'NONE', ( #6544, #5966, #7472, #2883, #8167, #9317 ) ) ;
#7167 = EDGE_CURVE ( 'NONE', #2917, #6616, #7617, .T. ) ;
#7168 = CARTESIAN_POINT ( 'NONE',  ( -6.599999999999992500, 50.79999999999999700, -6.641154273188021800 ) ) ;
#7169 = DIRECTION ( 'NONE',  ( -0.03309444466356215000, 0.0000000000000000000, -0.9994522288395830700 ) ) ;
#7170 = LINE ( 'NONE', #7689, #4955 ) ;
#7171 = CARTESIAN_POINT ( 'NONE',  ( -4.833753343522195300, 52.70121173941809900, -10.76666675551928700 ) ) ;
#7172 = ADVANCED_FACE ( 'NONE', ( #1620 ), #8267, .F. ) ;
#7173 = CARTESIAN_POINT ( 'NONE',  ( 7.000000000000005300, 33.07128129211017900, 9.400000000000002100 ) ) ;
#7174 = AXIS2_PLACEMENT_3D ( 'NONE', #10309, #2830, #5384 ) ;
#7175 = CARTESIAN_POINT ( 'NONE',  ( -4.606871369612489000, 3.418878932851065600, 26.43435814724387000 ) ) ;
#7176 = EDGE_LOOP ( 'NONE', ( #4493, #6186, #2215, #10659, #7701, #1744 ) ) ;
#7177 = DIRECTION ( 'NONE',  ( 0.0000000000000000000, 0.0000000000000000000, 1.000000000000000000 ) ) ;
#7178 = LINE ( 'NONE', #5247, #8806 ) ;
#7179 = ORIENTED_EDGE ( 'NONE', *, *, #5478, .T. ) ;
#7180 = CARTESIAN_POINT ( 'NONE',  ( -30.48174962975009100, 3.405912087159451000, -30.19784817625159000 ) ) ;
#7181 = VERTEX_POINT ( 'NONE', #3325 ) ;
#7182 = CARTESIAN_POINT ( 'NONE',  ( 10.03487443018650200, 0.9503889160396356000, -16.43487443018650000 ) ) ;
#7183 = CARTESIAN_POINT ( 'NONE',  ( 0.4867301630655929700, 33.79999999999999700, 8.979274057836304800 ) ) ;
#7184 = CARTESIAN_POINT ( 'NONE',  ( 9.634358147243874600, 3.418878932851059800, 19.79312863038751800 ) ) ;
#7185 = DIRECTION ( 'NONE',  ( 0.0000000000000000000, 0.0000000000000000000, -1.000000000000000000 ) ) ;
#7186 = VERTEX_POINT ( 'NONE', #9147 ) ;
#7187 = CARTESIAN_POINT ( 'NONE',  ( 14.17499067908454800, 3.565787338792611100, 12.65501601971961600 ) ) ;
#7188 = VECTOR ( 'NONE', #6150, 1000.000000000000000 ) ;
#7189 = VERTEX_POINT ( 'NONE', #4189 ) ;
#7190 = VERTEX_POINT ( 'NONE', #9979 ) ;
#7191 = ORIENTED_EDGE ( 'NONE', *, *, #6802, .F. ) ;
#7192 = EDGE_LOOP ( 'NONE', ( #8522, #8034, #4781, #5889, #4134, #8925, #4485, #574, #1578, #2681, #4386, #2360, #4885, #5367, #7082, #283, #4429, #390 ) ) ;
#7193 = EDGE_CURVE ( 'NONE', #526, #4552, #6084, .T. ) ;
#7194 = CARTESIAN_POINT ( 'NONE',  ( 13.01072103291176400, 4.469535171946114700, -12.89850324914087500 ) ) ;
#7195 = DIRECTION ( 'NONE',  ( -0.0000000000000000000, -1.000000000000000000, -0.0000000000000000000 ) ) ;
#7196 = DIRECTION ( 'NONE',  ( -1.000000000000000000, 0.0000000000000000000, 0.0000000000000000000 ) ) ;
#7197 = CARTESIAN_POINT ( 'NONE',  ( 4.007977401480497200, 52.78691979585988000, 10.83404619769888200 ) ) ;
#7198 = VECTOR ( 'NONE', #8662, 1000.000000000000000 ) ;
#7199 = EDGE_LOOP ( 'NONE', ( #478, #4689, #944, #2724 ) ) ;
#7200 = CARTESIAN_POINT ( 'NONE',  ( 9.400000000000005700, 0.0000000000000000000, -15.80000000000000100 ) ) ;
#7201 = EDGE_CURVE ( 'NONE', #352, #7269, #10210, .T. ) ;
#7202 = VERTEX_POINT ( 'NONE', #46 ) ;
#7203 = AXIS2_PLACEMENT_3D ( 'NONE', #4252, #10036, #5091 ) ;
#7204 = ORIENTED_EDGE ( 'NONE', *, *, #4220, .F. ) ;
#7205 = CARTESIAN_POINT ( 'NONE',  ( -6.599999999999993400, 52.79999999999999700, 10.90000000000000400 ) ) ;
#7206 = EDGE_LOOP ( 'NONE', ( #8664, #4385, #1472, #2060 ) ) ;
#7207 = CARTESIAN_POINT ( 'NONE',  ( 3.400000000000003900, 52.73947364538715000, 10.90000000000000400 ) ) ;
#7208 =( NAMED_UNIT ( * ) PLANE_ANGLE_UNIT ( ) SI_UNIT ( $, .RADIAN. ) );
#7209 = CARTESIAN_POINT ( 'NONE',  ( 13.01260774820451300, 4.464351464279817000, 13.72822509213891400 ) ) ;
#7210 = CARTESIAN_POINT ( 'NONE',  ( -5.099999999999995200, 52.79999999999999700, -10.90000000000000400 ) ) ;
#7211 = VECTOR ( 'NONE', #4507, 1000.000000000000100 ) ;
#7212 = CARTESIAN_POINT ( 'NONE',  ( -5.099999999999995200, 52.79999999999999700, -10.90000000000000400 ) ) ;
#7213 = CARTESIAN_POINT ( 'NONE',  ( 4.339473645387127700, 52.79999999999999700, 10.70000000000000300 ) ) ;
#7214 = EDGE_CURVE ( 'NONE', #7102, #10615, #6298, .T. ) ;
#7215 = ORIENTED_EDGE ( 'NONE', *, *, #9544, .T. ) ;
#7216 = VERTEX_POINT ( 'NONE', #10082 ) ;
#7217 = PLANE ( 'NONE',  #1357 ) ;
#7218 = EDGE_CURVE ( 'NONE', #573, #10029, #9946, .T. ) ;
#7219 = PLANE ( 'NONE',  #8886 ) ;
#7220 = LINE ( 'NONE', #6632, #5007 ) ;
#7221 = CARTESIAN_POINT ( 'NONE',  ( 3.400000000000003900, 52.29999999999999700, 10.90000000000000400 ) ) ;
#7222 = CARTESIAN_POINT ( 'NONE',  ( 3.400000000000005200, 38.80000000000000400, -13.00000000000000400 ) ) ;
#7223 = ORIENTED_EDGE ( 'NONE', *, *, #809, .T. ) ;
#7224 = CARTESIAN_POINT ( 'NONE',  ( -4.599999999999997900, 5.000000000000000000, 19.80000000000000100 ) ) ;
#7225 = AXIS2_PLACEMENT_3D ( 'NONE', #2220, #8048, #3047 ) ;
#7226 = CARTESIAN_POINT ( 'NONE',  ( -4.599999999999996100, 4.999999999999997300, 13.00000000000000200 ) ) ;
#7227 = ORIENTED_EDGE ( 'NONE', *, *, #3419, .F. ) ;
#7228 = VERTEX_POINT ( 'NONE', #6806 ) ;
#7229 = CARTESIAN_POINT ( 'NONE',  ( 2.400000000000006100, 34.55000000000000400, -12.60000000000000300 ) ) ;
#7230 = ADVANCED_FACE ( 'NONE', ( #3308 ), #5025, .T. ) ;
#7231 = EDGE_CURVE ( 'NONE', #5147, #3970, #1105, .T. ) ;
#7232 = VECTOR ( 'NONE', #2657, 1000.000000000000000 ) ;
#7233 = VERTEX_POINT ( 'NONE', #9294 ) ;
#7234 = ORIENTED_EDGE ( 'NONE', *, *, #9533, .T. ) ;
#7235 = PLANE ( 'NONE',  #10265 ) ;
#7237 = VERTEX_POINT ( 'NONE', #959 ) ;
#7236 = CARTESIAN_POINT ( 'NONE',  ( 0.0000000000000000000, 3.000000000000000400, -12.15470053837925600 ) ) ;
#7238 = CARTESIAN_POINT ( 'NONE',  ( 13.40000000000000600, 5.000000000000000000, -13.62938002992065600 ) ) ;
#7239 = CARTESIAN_POINT ( 'NONE',  ( -11.20000000000000100, 52.79999999999999700, -12.41764762517407500 ) ) ;
#7240 = EDGE_CURVE ( 'NONE', #1360, #1880, #1371, .T. ) ;
#7241 = CARTESIAN_POINT ( 'NONE',  ( 12.81764762517409700, 5.000000000000000000, -13.76444735056200300 ) ) ;
#7242 = LINE ( 'NONE', #1260, #6979 ) ;
#7243 = AXIS2_PLACEMENT_3D ( 'NONE', #7752, #5307, #3602 ) ;
#7244 = VECTOR ( 'NONE', #4377, 1000.000000000000000 ) ;
#7245 = DIRECTION ( 'NONE',  ( 0.0000000000000000000, 0.0000000000000000000, 1.000000000000000000 ) ) ;
#7246 = ORIENTED_EDGE ( 'NONE', *, *, #7488, .T. ) ;
#7247 = DIRECTION ( 'NONE',  ( -1.000000000000000000, 0.0000000000000000000, -0.0000000000000000000 ) ) ;
#7248 = CARTESIAN_POINT ( 'NONE',  ( 0.1500000000000043500, 36.80000000000000400, -12.60000000000000300 ) ) ;
#7249 = DIRECTION ( 'NONE',  ( 0.0000000000000000000, 0.8660254037844366000, 0.5000000000000035500 ) ) ;
#7250 = CIRCLE ( 'NONE', #8802, 8.700000000000002800 ) ;
#7251 = VECTOR ( 'NONE', #2106, 1000.000000000000100 ) ;
#7252 = LINE ( 'NONE', #5633, #3061 ) ;
#7253 = AXIS2_PLACEMENT_3D ( 'NONE', #10606, #6551, #8730 ) ;
#7254 = ORIENTED_EDGE ( 'NONE', *, *, #4296, .T. ) ;
#7255 = AXIS2_PLACEMENT_3D ( 'NONE', #10431, #3827, #9634 ) ;
#7256 = CARTESIAN_POINT ( 'NONE',  ( -0.5999999999999937600, 35.79999999999999700, -10.50000000000000000 ) ) ;
#7257 = CARTESIAN_POINT ( 'NONE',  ( 6.139626776672189500, 35.79999999999999000, 7.800000000000003400 ) ) ;
#7258 = VECTOR ( 'NONE', #7150, 1000.000000000000000 ) ;
#7259 = EDGE_LOOP ( 'NONE', ( #10429, #4773, #982 ) ) ;
#7260 = VECTOR ( 'NONE', #6474, 999.9999999999998900 ) ;
#7261 = CARTESIAN_POINT ( 'NONE',  ( -3.599999999999991700, 33.80000000000000400, 14.60000000000000100 ) ) ;
#7262 = DIRECTION ( 'NONE',  ( 0.0000000000000000000, 0.0000000000000000000, 1.000000000000000000 ) ) ;
#7263 = EDGE_CURVE ( 'NONE', #2586, #1665, #7761, .T. ) ;
#7264 = AXIS2_PLACEMENT_3D ( 'NONE', #8760, #3777, #9588 ) ;
#7265 = LINE ( 'NONE', #3846, #2560 ) ;
#7266 = VERTEX_POINT ( 'NONE', #5183 ) ;
#7267 = DIRECTION ( 'NONE',  ( 0.3421856512032753200, 0.9396323643375585900, 5.893594261527310800E-014 ) ) ;
#7268 = CARTESIAN_POINT ( 'NONE',  ( -11.20000000000000100, 3.000000000000000400, 6.858022075225178600E-016 ) ) ;
#7269 = VERTEX_POINT ( 'NONE', #8491 ) ;
#7270 = CARTESIAN_POINT ( 'NONE',  ( 3.790405641870455700, 52.79999999999999700, 10.83303955644643300 ) ) ;
#7271 = CARTESIAN_POINT ( 'NONE',  ( 12.99349003711835200, 5.000000000000000900, 13.19687752126901800 ) ) ;
#7272 = EDGE_CURVE ( 'NONE', #4500, #2323, #7492, .T. ) ;
#7273 = CYLINDRICAL_SURFACE ( 'NONE', #2786, 4.000000000000000000 ) ;
#7274 = VERTEX_POINT ( 'NONE', #3520 ) ;
#7275 = VECTOR ( 'NONE', #2259, 1000.000000000000000 ) ;
#7276 = EDGE_CURVE ( 'NONE', #6828, #3072, #9437, .T. ) ;
#7277 = DIRECTION ( 'NONE',  ( 0.0000000000000000000, 0.0000000000000000000, -1.000000000000000000 ) ) ;
#7278 = ADVANCED_FACE ( 'NONE', ( #3055 ), #10154, .F. ) ;
#7279 = VERTEX_POINT ( 'NONE', #222 ) ;
#7280 = DIRECTION ( 'NONE',  ( 1.000000000000000000, 0.0000000000000000000, 3.212450881438533200E-016 ) ) ;
#7281 = CARTESIAN_POINT ( 'NONE',  ( 13.26828321723023400, 3.761888886423173900, 18.16154595579108400 ) ) ;
#7282 = ORIENTED_EDGE ( 'NONE', *, *, #8874, .F. ) ;
#7283 = CARTESIAN_POINT ( 'NONE',  ( -4.599999999999996100, 51.92838805007068700, 10.90000000000000400 ) ) ;
#7284 = AXIS2_PLACEMENT_3D ( 'NONE', #3588, #9399, #4444 ) ;
#7285 = VECTOR ( 'NONE', #2082, 1000.000000000000000 ) ;
#7286 = FACE_OUTER_BOUND ( 'NONE', #78, .T. ) ;
#7287 = CARTESIAN_POINT ( 'NONE',  ( -36.66150957179726100, -0.9666441063529088700, 33.70005556646680100 ) ) ;
#7288 = EDGE_CURVE ( 'NONE', #7513, #4772, #5032, .T. ) ;
#7289 = EDGE_LOOP ( 'NONE', ( #1739, #4844, #6942, #9517 ) ) ;
#7290 =( BOUNDED_CURVE ( )  B_SPLINE_CURVE ( 3, ( #3219, #7397, #4089, #9879 ),
 .UNSPECIFIED., .F., .T. ) 
 B_SPLINE_CURVE_WITH_KNOTS ( ( 4, 4 ),
 ( 4.712388980384689700, 4.730571800468627700 ),
 .UNSPECIFIED. ) 
 CURVE ( )  GEOMETRIC_REPRESENTATION_ITEM ( )  RATIONAL_B_SPLINE_CURVE ( ( 1.000000000000000000, 0.9999724489442500800, 0.9999724489442500800, 1.000000000000000000 ) ) 
 REPRESENTATION_ITEM ( '' )  );
#7291 = CARTESIAN_POINT ( 'NONE',  ( 13.77098206169420000, 3.497913127427945600, -12.84395282451068700 ) ) ;
#7292 = CARTESIAN_POINT ( 'NONE',  ( -6.599999999999993400, 52.79999999999999700, 10.90000000000000400 ) ) ;
#7293 = DIRECTION ( 'NONE',  ( 0.0000000000000000000, 0.0000000000000000000, 1.000000000000000000 ) ) ;
#7294 = ORIENTED_EDGE ( 'NONE', *, *, #10650, .T. ) ;
#7295 = ADVANCED_FACE ( 'NONE', ( #2797 ), #6087, .F. ) ;
#7296 = CARTESIAN_POINT ( 'NONE',  ( 4.166246656477845500, 52.70121173941807800, -10.76666675551932100 ) ) ;
#7297 = DIRECTION ( 'NONE',  ( 0.0000000000000000000, 0.0000000000000000000, 1.000000000000000000 ) ) ;
#7298 = AXIS2_PLACEMENT_3D ( 'NONE', #7127, #2121, #7955 ) ;
#7299 = LINE ( 'NONE', #5424, #3110 ) ;
#7300 = LINE ( 'NONE', #4750, #5095 ) ;
#7301 = ORIENTED_EDGE ( 'NONE', *, *, #6894, .F. ) ;
#7302 = ORIENTED_EDGE ( 'NONE', *, *, #8896, .T. ) ;
#7303 = VERTEX_POINT ( 'NONE', #2746 ) ;
#7304 = CARTESIAN_POINT ( 'NONE',  ( 0.4908712114635766000, 35.79999999999999700, -11.00000000000000400 ) ) ;
#7305 = DIRECTION ( 'NONE',  ( 2.628368902995160100E-016, 2.503857664561898700E-015, 1.000000000000000000 ) ) ;
#7306 = CARTESIAN_POINT ( 'NONE',  ( -11.20000000000000300, 50.79999999999999700, 9.841154273188017500 ) ) ;
#7307 = CARTESIAN_POINT ( 'NONE',  ( -3.599999999999998300, 3.400000000000023900, 19.80000000000000100 ) ) ;
#7308 = VECTOR ( 'NONE', #8702, 1000.000000000000000 ) ;
#7309 = PLANE ( 'NONE',  #4866 ) ;
#7310 = CARTESIAN_POINT ( 'NONE',  ( -1.574679434480891900, 49.42626129027264900, -9.800000000000002500 ) ) ;
#7311 = ORIENTED_EDGE ( 'NONE', *, *, #163, .T. ) ;
#7312 = VERTEX_POINT ( 'NONE', #1898 ) ;
#7313 = DIRECTION ( 'NONE',  ( 0.0000000000000000000, 0.0000000000000000000, -1.000000000000000000 ) ) ;
#7314 = AXIS2_PLACEMENT_3D ( 'NONE', #6986, #1972, #10262 ) ;
#7315 = EDGE_LOOP ( 'NONE', ( #1817, #7073, #5322, #6671 ) ) ;
#7316 = CARTESIAN_POINT ( 'NONE',  ( 3.900000000000003900, 52.29999999999999700, 10.70000000000000300 ) ) ;
#7317 = CARTESIAN_POINT ( 'NONE',  ( -8.640015819560753500, -0.3510874706924069200, -34.20000000000001700 ) ) ;
#7318 = ORIENTED_EDGE ( 'NONE', *, *, #9770, .F. ) ;
#7319 = CARTESIAN_POINT ( 'NONE',  ( -4.599999999999995200, 52.29999999999999700, 10.90000000000000400 ) ) ;
#7320 = FACE_OUTER_BOUND ( 'NONE', #5595, .T. ) ;
#7321 = ORIENTED_EDGE ( 'NONE', *, *, #3593, .T. ) ;
#7322 = CARTESIAN_POINT ( 'NONE',  ( -4.662255489823049700, 52.51380745287603700, 10.78409504372310200 ) ) ;
#7323 = CARTESIAN_POINT ( 'NONE',  ( -4.599999999999996100, 52.79999999999999700, 13.00000000000000200 ) ) ;
#7324 = CARTESIAN_POINT ( 'NONE',  ( 5.400000000000004800, 3.000000000000002700, 11.00000000000000200 ) ) ;
#7326 = ORIENTED_EDGE ( 'NONE', *, *, #4769, .T. ) ;
#7325 = DIRECTION ( 'NONE',  ( 0.0000000000000000000, 0.0000000000000000000, 1.000000000000000000 ) ) ;
#7327 = ORIENTED_EDGE ( 'NONE', *, *, #2878, .T. ) ;
#7328 = EDGE_CURVE ( 'NONE', #1789, #6694, #841, .T. ) ;
#7329 = CARTESIAN_POINT ( 'NONE',  ( 3.900000000000005700, 52.79999999999999700, -10.90000000000000400 ) ) ;
#7330 = CARTESIAN_POINT ( 'NONE',  ( -6.599999999999997900, -3.000000000000000000, 22.13012701892219900 ) ) ;
#7331 = ADVANCED_FACE ( 'NONE', ( #344 ), #9405, .F. ) ;
#7332 = VECTOR ( 'NONE', #8369, 1000.000000000000000 ) ;
#7333 = ORIENTED_EDGE ( 'NONE', *, *, #1681, .T. ) ;
#7334 = EDGE_LOOP ( 'NONE', ( #4351, #9185, #4148, #1342 ) ) ;
#7335 = EDGE_CURVE ( 'NONE', #5505, #7186, #4790, .T. ) ;
#7336 = PLANE ( 'NONE',  #2264 ) ;
#7337 = DIRECTION ( 'NONE',  ( -1.000000000000000000, 2.908635691889093000E-014, 0.0000000000000000000 ) ) ;
#7338 = CARTESIAN_POINT ( 'NONE',  ( -9.799999999999993600, 33.79999999999999700, 9.400000000000002100 ) ) ;
#7339 = DIRECTION ( 'NONE',  ( -0.0000000000000000000, -1.000000000000000000, -0.0000000000000000000 ) ) ;
#7340 = EDGE_CURVE ( 'NONE', #2316, #651, #8922, .T. ) ;
#7341 = CARTESIAN_POINT ( 'NONE',  ( -1.450855845821114300, 28.45823051848013600, -11.37560608174617200 ) ) ;
#7342 = ADVANCED_FACE ( 'NONE', ( #86 ), #2275, .T. ) ;
#7343 = ORIENTED_EDGE ( 'NONE', *, *, #5617, .F. ) ;
#7344 = ORIENTED_EDGE ( 'NONE', *, *, #9752, .F. ) ;
#7345 = ORIENTED_EDGE ( 'NONE', *, *, #9286, .F. ) ;
#7346 = CARTESIAN_POINT ( 'NONE',  ( -35.70543357401565700, -2.457907472784814500, 33.97805971575230900 ) ) ;
#7347 = DIRECTION ( 'NONE',  ( 0.0000000000000000000, 0.0000000000000000000, -1.000000000000000000 ) ) ;
#7348 = CARTESIAN_POINT ( 'NONE',  ( -5.758679816884635400, -1.329872629491138000, -33.60140908253330800 ) ) ;
#7349 = VECTOR ( 'NONE', #382, 1000.000000000000000 ) ;
#7350 = EDGE_CURVE ( 'NONE', #3587, #2376, #6719, .T. ) ;
#7351 = CARTESIAN_POINT ( 'NONE',  ( -4.599999999999994300, 52.67161194992927900, -10.90000000000000400 ) ) ;
#7352 = ORIENTED_EDGE ( 'NONE', *, *, #10603, .F. ) ;
#7353 = ORIENTED_EDGE ( 'NONE', *, *, #3280, .T. ) ;
#7354 = EDGE_LOOP ( 'NONE', ( #7861, #6946, #3213, #2649 ) ) ;
#7355 = ORIENTED_EDGE ( 'NONE', *, *, #572, .F. ) ;
#7356 = EDGE_CURVE ( 'NONE', #6161, #8572, #8663, .T. ) ;
#7357 = AXIS2_PLACEMENT_3D ( 'NONE', #2474, #9953, #5002 ) ;
#7358 = DIRECTION ( 'NONE',  ( 0.0000000000000000000, 1.000000000000000000, 0.0000000000000000000 ) ) ;
#7359 = SHAPE_DEFINITION_REPRESENTATION ( #1745, #4330 ) ;
#7360 = CARTESIAN_POINT ( 'NONE',  ( 5.800000000000004300, 52.79999999999999700, 13.00000000000000200 ) ) ;
#7361 = CARTESIAN_POINT ( 'NONE',  ( -11.20000000000000100, 50.79999999999999700, -9.841154273188021100 ) ) ;
#7362 = VECTOR ( 'NONE', #7984, 1000.000000000000000 ) ;
#7363 = VERTEX_POINT ( 'NONE', #1971 ) ;
#7364 = ORIENTED_EDGE ( 'NONE', *, *, #999, .T. ) ;
#7365 = VERTEX_POINT ( 'NONE', #8644 ) ;
#7366 = CIRCLE ( 'NONE', #8041, 147.7000000000000200 ) ;
#7367 = CIRCLE ( 'NONE', #3695, 0.1000000000000007000 ) ;
#7368 = ORIENTED_EDGE ( 'NONE', *, *, #2784, .F. ) ;
#7369 = VECTOR ( 'NONE', #9242, 999.9999999999998900 ) ;
#7370 = VECTOR ( 'NONE', #7280, 1000.000000000000000 ) ;
#7371 = CARTESIAN_POINT ( 'NONE',  ( -4.785011497558461000, 52.65837018413705600, 10.76666666666667100 ) ) ;
#7372 =( NAMED_UNIT ( * ) SI_UNIT ( $, .STERADIAN. ) SOLID_ANGLE_UNIT ( ) );
#7373 = DIRECTION ( 'NONE',  ( -0.03309444466356237900, 0.0000000000000000000, 0.9994522288395830700 ) ) ;
#7374 = DIRECTION ( 'NONE',  ( 1.000000000000000000, 0.0000000000000000000, 0.0000000000000000000 ) ) ;
#7375 = EDGE_CURVE ( 'NONE', #2265, #7966, #594, .T. ) ;
#7376 = CARTESIAN_POINT ( 'NONE',  ( -2.599999999972624200, 30.30000000009390200, 10.99999999994578900 ) ) ;
#7377 = VERTEX_POINT ( 'NONE', #7806 ) ;
#7378 = CARTESIAN_POINT ( 'NONE',  ( -5.182352374825907900, 4.999999999999999100, 25.85887714203045100 ) ) ;
#7379 = AXIS2_PLACEMENT_3D ( 'NONE', #8223, #3226, #9061 ) ;
#7380 = FACE_OUTER_BOUND ( 'NONE', #754, .T. ) ;
#7381 = ORIENTED_EDGE ( 'NONE', *, *, #2467, .F. ) ;
#7382 = LINE ( 'NONE', #282, #9060 ) ;
#7383 = ORIENTED_EDGE ( 'NONE', *, *, #6684, .F. ) ;
#7384 = ORIENTED_EDGE ( 'NONE', *, *, #7004, .T. ) ;
#7385 = CARTESIAN_POINT ( 'NONE',  ( -36.92951361799884300, -1.657911783352833400, 33.60000000000002300 ) ) ;
#7386 = ADVANCED_FACE ( 'NONE', ( #6205 ), #3666, .T. ) ;
#7387 = DIRECTION ( 'NONE',  ( -1.000000000000000000, 0.0000000000000000000, 0.0000000000000000000 ) ) ;
#7388 = CARTESIAN_POINT ( 'NONE',  ( -8.335424342863300100, -2.638354499721498000, -34.18403390294002300 ) ) ;
#7389 = LINE ( 'NONE', #34, #7128 ) ;
#7390 = CARTESIAN_POINT ( 'NONE',  ( -4.599999999999993400, 52.29999999999999700, -10.90000000000000400 ) ) ;
#7391 = LINE ( 'NONE', #4382, #5204 ) ;
#7392 = AXIS2_PLACEMENT_3D ( 'NONE', #8771, #2951, #2109 ) ;
#7393 = ORIENTED_EDGE ( 'NONE', *, *, #2548, .T. ) ;
#7394 = DIRECTION ( 'NONE',  ( -0.0000000000000000000, -0.0000000000000000000, 1.000000000000000000 ) ) ;
#7395 = AXIS2_PLACEMENT_3D ( 'NONE', #3773, #1294, #7133 ) ;
#7396 = ORIENTED_EDGE ( 'NONE', *, *, #6855, .T. ) ;
#7397 = CARTESIAN_POINT ( 'NONE',  ( 11.26667125874968000, -2.769067846045203000, -11.00000000000000700 ) ) ;
#7398 = CARTESIAN_POINT ( 'NONE',  ( 5.400000000000005700, 0.0000000000000000000, 7.800000000000001600 ) ) ;
#7399 = CARTESIAN_POINT ( 'NONE',  ( 5.400000000000005700, 50.79999999999999700, 6.641154273188021800 ) ) ;
#7400 = ADVANCED_FACE ( 'NONE', ( #4249 ), #7844, .T. ) ;
#7401 = CARTESIAN_POINT ( 'NONE',  ( 8.600000000000005000, 50.79999999999999700, -9.400000000000002100 ) ) ;
#7402 = CIRCLE ( 'NONE', #3131, 1.199999999999999700 ) ;
#7403 = EDGE_CURVE ( 'NONE', #2240, #1181, #10329, .T. ) ;
#7404 = LINE ( 'NONE', #2607, #2957 ) ;
#7405 = ORIENTED_EDGE ( 'NONE', *, *, #5413, .F. ) ;
#7406 = EDGE_CURVE ( 'NONE', #9492, #4472, #1749, .T. ) ;
#7407 = AXIS2_PLACEMENT_3D ( 'NONE', #7952, #2963, #8787 ) ;
#7408 = PLANE ( 'NONE',  #6194 ) ;
#7409 = LINE ( 'NONE', #3222, #508 ) ;
#7410 = CARTESIAN_POINT ( 'NONE',  ( -9.799999999999993600, 50.10717967697243600, -9.841154273188022800 ) ) ;
#7411 = FACE_OUTER_BOUND ( 'NONE', #2366, .T. ) ;
#7412 = DIRECTION ( 'NONE',  ( -0.0000000000000000000, 0.0000000000000000000, -1.000000000000000000 ) ) ;
#7413 = DIRECTION ( 'NONE',  ( 0.7511055241116587600, -0.6601821655035452500, 0.0000000000000000000 ) ) ;
#7414 = ORIENTED_EDGE ( 'NONE', *, *, #5377, .F. ) ;
#7415 = CARTESIAN_POINT ( 'NONE',  ( -3.599999999999998300, 3.400000000000023900, 19.80000000000000100 ) ) ;
#7416 = EDGE_CURVE ( 'NONE', #9411, #5937, #3978, .T. ) ;
#7417 = EDGE_CURVE ( 'NONE', #4132, #526, #5944, .T. ) ;
#7418 = CARTESIAN_POINT ( 'NONE',  ( 11.20000000000000100, 52.79999999999999700, 13.00000000000000400 ) ) ;
#7419 = AXIS2_PLACEMENT_3D ( 'NONE', #2343, #8166, #3166 ) ;
#7420 = FACE_OUTER_BOUND ( 'NONE', #9848, .T. ) ;
#7421 = CARTESIAN_POINT ( 'NONE',  ( -29.84679451288818800, 1.577880225504546300, -21.37013574957881100 ) ) ;
#7422 = DIRECTION ( 'NONE',  ( 0.0000000000000000000, 0.0000000000000000000, -1.000000000000000000 ) ) ;
#7423 = ORIENTED_EDGE ( 'NONE', *, *, #8197, .T. ) ;
#7424 = CARTESIAN_POINT ( 'NONE',  ( -4.599427221839943200, 3.398426304938931600, -20.76092072500998900 ) ) ;
#7425 = ORIENTED_EDGE ( 'NONE', *, *, #9503, .F. ) ;
#7426 = ORIENTED_EDGE ( 'NONE', *, *, #6868, .T. ) ;
#7427 = AXIS2_PLACEMENT_3D ( 'NONE', #5205, #8512, #7695 ) ;
#7428 = CYLINDRICAL_SURFACE ( 'NONE', #10360, 2.758845726811980800 ) ;
#7429 = CARTESIAN_POINT ( 'NONE',  ( 13.87755258156077100, -2.826794919243119400, 20.67974782551005900 ) ) ;
#7430 = EDGE_CURVE ( 'NONE', #10500, #1587, #5029, .T. ) ;
#7431 = ORIENTED_EDGE ( 'NONE', *, *, #4519, .T. ) ;
#7432 = VERTEX_POINT ( 'NONE', #2921 ) ;
#7433 = CARTESIAN_POINT ( 'NONE',  ( 13.40000000000000600, 3.400000000000023900, -15.80000000000000100 ) ) ;
#7434 = CONICAL_SURFACE ( 'NONE', #1305, 8.700000000000006400, 0.5235987755982854900 ) ;
#7435 = ORIENTED_EDGE ( 'NONE', *, *, #517, .F. ) ;
#7436 = ADVANCED_FACE ( 'NONE', ( #8138 ), #427, .F. ) ;
#7437 = ORIENTED_EDGE ( 'NONE', *, *, #1599, .F. ) ;
#7438 = EDGE_CURVE ( 'NONE', #9380, #9603, #5682, .T. ) ;
#7439 = ORIENTED_EDGE ( 'NONE', *, *, #9994, .F. ) ;
#7440 = EDGE_LOOP ( 'NONE', ( #7254, #3839, #5075, #6455 ) ) ;
#7441 = EDGE_LOOP ( 'NONE', ( #3708, #9910, #5502, #3408 ) ) ;
#7442 = CARTESIAN_POINT ( 'NONE',  ( -4.599999999999994300, 50.89999999999999900, -11.30000000000000100 ) ) ;
#7443 = CARTESIAN_POINT ( 'NONE',  ( 3.768498096654763900, 52.78631836646637500, 10.86695313951647000 ) ) ;
#7444 = FACE_OUTER_BOUND ( 'NONE', #5902, .T. ) ;
#7445 = ORIENTED_EDGE ( 'NONE', *, *, #6947, .F. ) ;
#7446 = CARTESIAN_POINT ( 'NONE',  ( -6.408772758615819900, -0.7318905376031084000, 33.82655874298269800 ) ) ;
#7447 = CARTESIAN_POINT ( 'NONE',  ( -10.06410161513777800, 3.000000000000000400, 18.66602540378441000 ) ) ;
#7448 = VERTEX_POINT ( 'NONE', #7120 ) ;
#7449 = ORIENTED_EDGE ( 'NONE', *, *, #2636, .F. ) ;
#7450 = ADVANCED_FACE ( 'NONE', ( #1230 ), #5471, .T. ) ;
#7451 = EDGE_CURVE ( 'NONE', #3387, #3699, #9817, .T. ) ;
#7452 = CARTESIAN_POINT ( 'NONE',  ( -5.207977401480455600, 52.78691979585988700, 10.83404619769887800 ) ) ;
#7453 = VECTOR ( 'NONE', #2864, 1000.000000000000000 ) ;
#7454 = CARTESIAN_POINT ( 'NONE',  ( -4.599999999999994300, 38.80000000000000400, 9.800000000000000700 ) ) ;
#7455 = ORIENTED_EDGE ( 'NONE', *, *, #6887, .F. ) ;
#7456 = CARTESIAN_POINT ( 'NONE',  ( 23.49447906981082900, -0.4585645730003807300, 4.246550733317671500 ) ) ;
#7457 = VERTEX_POINT ( 'NONE', #4665 ) ;
#7458 = EDGE_LOOP ( 'NONE', ( #7725, #1315, #10414, #5159 ) ) ;
#7459 = FACE_OUTER_BOUND ( 'NONE', #6489, .T. ) ;
#7460 = PLANE ( 'NONE',  #8546 ) ;
#7461 = EDGE_CURVE ( 'NONE', #4361, #3825, #5433, .T. ) ;
#7462 = DIRECTION ( 'NONE',  ( 0.0000000000000000000, 0.0000000000000000000, 1.000000000000000000 ) ) ;
#7463 = CARTESIAN_POINT ( 'NONE',  ( -6.599999999999993400, 52.79999999999999700, 10.90000000000000400 ) ) ;
#7464 = EDGE_LOOP ( 'NONE', ( #3854, #7594, #3147, #7483 ) ) ;
#7465 = CARTESIAN_POINT ( 'NONE',  ( 4.339473645387127700, 52.79999999999999700, 10.90000000000000400 ) ) ;
#7466 = ORIENTED_EDGE ( 'NONE', *, *, #1079, .T. ) ;
#7467 = FACE_OUTER_BOUND ( 'NONE', #813, .T. ) ;
#7468 = CARTESIAN_POINT ( 'NONE',  ( -3.658589536811593900, 3.395280266788987000, 19.80171784240250000 ) ) ;
#7469 = ORIENTED_EDGE ( 'NONE', *, *, #9218, .F. ) ;
#7470 = EDGE_CURVE ( 'NONE', #8248, #9569, #1493, .T. ) ;
#7472 = ORIENTED_EDGE ( 'NONE', *, *, #10679, .F. ) ;
#7471 = DIRECTION ( 'NONE',  ( 1.000000000000000000, -0.0000000000000000000, -0.0000000000000000000 ) ) ;
#7473 = ORIENTED_EDGE ( 'NONE', *, *, #1946, .T. ) ;
#7474 = CARTESIAN_POINT ( 'NONE',  ( 4.208700590944326700, 3.000000000000000400, 14.31787311694565500 ) ) ;
#7475 = DIRECTION ( 'NONE',  ( 0.0000000000000000000, 0.0000000000000000000, -1.000000000000000000 ) ) ;
#7476 = CARTESIAN_POINT ( 'NONE',  ( -2.929122542433425700, 31.92879005247952100, -11.00000000000000200 ) ) ;
#7477 = EDGE_CURVE ( 'NONE', #7031, #9603, #967, .T. ) ;
#7478 =( BOUNDED_SURFACE ( )  B_SPLINE_SURFACE ( 3, 2, ( 
 ( #2991, #9610, #8825 ),
 ( #3845, #9646, #4705 ),
 ( #10486, #5540, #535 ),
 ( #6368, #1365, #7197 ),
 ( #2191, #8027, #3026 ),
 ( #8860, #3887, #9682 ) ),
 .UNSPECIFIED., .F., .F., .T. ) 
 B_SPLINE_SURFACE_WITH_KNOTS ( ( 4, 2, 4 ),
 ( 3, 3 ),
 ( 0.0003790122493140216500, 0.0006499964602233450200, 0.0009209806711326683800 ),
 ( 0.0000000000000000000, 1.000000000000000000 ),
 .UNSPECIFIED. ) 
 GEOMETRIC_REPRESENTATION_ITEM ( )  RATIONAL_B_SPLINE_SURFACE ( (
 ( 1.000000000000000000, 0.8164965809277029400, 1.000000000000000000),
 ( 1.000000000000000000, 0.8810678731622875200, 1.000000000000000000),
 ( 1.000000000000000000, 0.9263207691517649800, 1.000000000000000000),
 ( 1.000000000000000000, 0.9855849900692157400, 1.000000000000000000),
 ( 1.000000000000000000, 0.9999584033010385800, 1.000000000000000000),
 ( 1.000000000000000000, 1.000000000000000000, 1.000000000000000000) ) ) 
 REPRESENTATION_ITEM ( '' )  SURFACE ( )  );
#7479 = CIRCLE ( 'NONE', #938, 0.2000000000000020100 ) ;
#7480 = VERTEX_POINT ( 'NONE', #9643 ) ;
#7481 = ORIENTED_EDGE ( 'NONE', *, *, #10439, .F. ) ;
#7482 = VERTEX_POINT ( 'NONE', #4702 ) ;
#7483 = ORIENTED_EDGE ( 'NONE', *, *, #4352, .F. ) ;
#7484 = DIRECTION ( 'NONE',  ( -0.4472135954999609300, 0.7745966692414798500, 0.4472135954999609300 ) ) ;
#7485 = ADVANCED_FACE ( 'NONE', ( #7619 ), #1795, .F. ) ;
#7486 = DIRECTION ( 'NONE',  ( 0.0000000000000000000, 1.000000000000000000, 0.0000000000000000000 ) ) ;
#7487 = FACE_OUTER_BOUND ( 'NONE', #5181, .T. ) ;
#7488 = EDGE_CURVE ( 'NONE', #6399, #3032, #708, .T. ) ;
#7489 = LINE ( 'NONE', #1309, #5028 ) ;
#7490 = CARTESIAN_POINT ( 'NONE',  ( 24.10581264392134300, -1.899999999999999900, 1.562049935181336400 ) ) ;
#7491 = PLANE ( 'NONE',  #54 ) ;
#7492 = LINE ( 'NONE', #2671, #7244 ) ;
#7493 = EDGE_CURVE ( 'NONE', #5329, #8529, #5166, .T. ) ;
#7494 = CARTESIAN_POINT ( 'NONE',  ( -1.526807983001381900, 33.79999999999999700, 8.979274057836304800 ) ) ;
#7495 = ORIENTED_EDGE ( 'NONE', *, *, #5900, .T. ) ;
#7496 = DIRECTION ( 'NONE',  ( 0.0000000000000000000, -1.000000000000000000, 0.0000000000000000000 ) ) ;
#7497 = DIRECTION ( 'NONE',  ( -0.2786143930305750600, -0.8660254037844399300, 0.4151795033430745700 ) ) ;
#7498 = DIRECTION ( 'NONE',  ( 0.0000000000000000000, 0.0000000000000000000, 1.000000000000000000 ) ) ;
#7499 = LINE ( 'NONE', #5797, #5318 ) ;
#7500 = CARTESIAN_POINT ( 'NONE',  ( 7.935898384862227300, 3.000000000000000900, -11.00000000000000400 ) ) ;
#7501 = LINE ( 'NONE', #9563, #850 ) ;
#7502 = ADVANCED_FACE ( 'NONE', ( #9299 ), #7235, .F. ) ;
#7503 = CARTESIAN_POINT ( 'NONE',  ( 3.721063572389477200, 3.000000000000000400, 14.33589838486222600 ) ) ;
#7504 = ORIENTED_EDGE ( 'NONE', *, *, #9306, .F. ) ;
#7505 = VECTOR ( 'NONE', #596, 1000.000000000000000 ) ;
#7506 = AXIS2_PLACEMENT_3D ( 'NONE', #10558, #5605, #603 ) ;
#7507 = CARTESIAN_POINT ( 'NONE',  ( 2.400000000000005200, 33.05000000000000400, -12.60000000000000300 ) ) ;
#7508 = ORIENTED_EDGE ( 'NONE', *, *, #7639, .F. ) ;
#7509 = CIRCLE ( 'NONE', #5887, 1.199999999999999700 ) ;
#7510 = CARTESIAN_POINT ( 'NONE',  ( -33.73576973346460800, -2.826794919243119400, -34.20000000000001700 ) ) ;
#7511 = VECTOR ( 'NONE', #2314, 1000.000000000000000 ) ;
#7512 = DIRECTION ( 'NONE',  ( 0.0000000000000000000, -0.0000000000000000000, 1.000000000000000000 ) ) ;
#7513 = VERTEX_POINT ( 'NONE', #8096 ) ;
#7514 = EDGE_CURVE ( 'NONE', #5292, #3999, #2916, .T. ) ;
#7515 = CARTESIAN_POINT ( 'NONE',  ( 3.400000000000005200, 38.80000000000000400, -9.800000000000002500 ) ) ;
#7516 = ORIENTED_EDGE ( 'NONE', *, *, #380, .T. ) ;
#7517 = AXIS2_PLACEMENT_3D ( 'NONE', #1584, #7422, #2424 ) ;
#7518 = CIRCLE ( 'NONE', #5201, 2.758845726811980800 ) ;
#7519 = DIRECTION ( 'NONE',  ( -1.000000000000000000, -0.0000000000000000000, -0.0000000000000000000 ) ) ;
#7520 = CARTESIAN_POINT ( 'NONE',  ( -6.599999999999993400, -3.000000000000000000, -28.20000000000000300 ) ) ;
#7521 = CARTESIAN_POINT ( 'NONE',  ( -4.341070982372524000, 5.270382627664431200, -19.11923639684156100 ) ) ;
#7522 = VERTEX_POINT ( 'NONE', #9753 ) ;
#7523 = CARTESIAN_POINT ( 'NONE',  ( -33.73576973346460800, 52.81990284774145300, -34.20000000000001700 ) ) ;
#7524 = DIRECTION ( 'NONE',  ( 0.0000000000000000000, 0.0000000000000000000, -1.000000000000000000 ) ) ;
#7525 = EDGE_CURVE ( 'NONE', #1593, #698, #9042, .T. ) ;
#7526 = AXIS2_PLACEMENT_3D ( 'NONE', #2415, #1571, #10698 ) ;
#7527 = VECTOR ( 'NONE', #6856, 1000.000000000000000 ) ;
#7528 = DIRECTION ( 'NONE',  ( -2.503857664561900200E-015, 1.000000000000000000, 0.0000000000000000000 ) ) ;
#7529 = VECTOR ( 'NONE', #2223, 1000.000000000000000 ) ;
#7530 = CARTESIAN_POINT ( 'NONE',  ( -0.5999999999999937600, 28.80000000000000100, -10.50000000000000000 ) ) ;
#7531 = EDGE_LOOP ( 'NONE', ( #1554, #5803, #5057, #4332, #2387, #2537, #2711, #9124, #691, #10525, #9617, #1053, #5644, #9098, #8508, #5614, #4082, #947, #5569, #5474 ) ) ;
#7532 = B_SPLINE_CURVE_WITH_KNOTS ( 'NONE', 3,
 ( #8758, #2932, #10417, #5481 ),
 .UNSPECIFIED., .F., .F.,
 ( 4, 4 ),
 ( -4.495778883716982000E-006, 0.0003775161607630029500 ),
 .UNSPECIFIED. ) ;
#7533 = DIRECTION ( 'NONE',  ( -0.7511055241116777500, -0.6601821655035234900, -9.540979117872548800E-014 ) ) ;
#7534 = DIRECTION ( 'NONE',  ( 1.000000000000000000, 0.0000000000000000000, 0.0000000000000000000 ) ) ;
#7535 = DIRECTION ( 'NONE',  ( 0.0000000000000000000, 1.000000000000000000, -0.0000000000000000000 ) ) ;
#7536 = CARTESIAN_POINT ( 'NONE',  ( -6.599999999999993400, 52.79999999999999700, -10.90000000000000400 ) ) ;
#7537 = EDGE_CURVE ( 'NONE', #9043, #6571, #2656, .T. ) ;
#7538 = CIRCLE ( 'NONE', #8426, 0.4771236166328253800 ) ;
#7539 = ADVANCED_FACE ( 'NONE', ( #210 ), #6585, .T. ) ;
#7540 = FACE_OUTER_BOUND ( 'NONE', #4323, .T. ) ;
#7541 = EDGE_CURVE ( 'NONE', #2265, #8130, #10130, .T. ) ;
#7542 = ORIENTED_EDGE ( 'NONE', *, *, #6637, .F. ) ;
#7543 = EDGE_LOOP ( 'NONE', ( #4861, #4974, #742, #4230 ) ) ;
#7544 = AXIS2_PLACEMENT_3D ( 'NONE', #9432, #1924, #1140 ) ;
#7545 = VERTEX_POINT ( 'NONE', #7304 ) ;
#7546 = DIRECTION ( 'NONE',  ( -0.0000000000000000000, 1.000000000000000000, -0.0000000000000000000 ) ) ;
#7547 = DIRECTION ( 'NONE',  ( 1.000000000000000000, 0.0000000000000000000, 0.0000000000000000000 ) ) ;
#7548 = CARTESIAN_POINT ( 'NONE',  ( -34.32806696097171800, 0.0000000000000000000, 26.33237777865423700 ) ) ;
#7549 = VECTOR ( 'NONE', #8814, 1000.000000000000000 ) ;
#7550 = DIRECTION ( 'NONE',  ( 0.0000000000000000000, -1.000000000000000000, 0.0000000000000000000 ) ) ;
#7551 = VECTOR ( 'NONE', #9901, 1000.000000000000000 ) ;
#7552 = ADVANCED_FACE ( 'NONE', ( #4383 ), #7336, .T. ) ;
#7553 = EDGE_CURVE ( 'NONE', #2201, #2323, #4241, .T. ) ;
#7554 = ORIENTED_EDGE ( 'NONE', *, *, #1780, .F. ) ;
#7555 =( BOUNDED_CURVE ( )  B_SPLINE_CURVE ( 2, ( #2632, #1935, #2820 ),
 .UNSPECIFIED., .F., .F. ) 
 B_SPLINE_CURVE_WITH_KNOTS ( ( 3, 3 ),
 ( 0.0000000000000000000, 1.000000000000000000 ),
 .UNSPECIFIED. ) 
 CURVE ( )  GEOMETRIC_REPRESENTATION_ITEM ( )  RATIONAL_B_SPLINE_CURVE ( ( 1.000000000000000000, 0.4268389266934613500, 1.000000000000000000 ) ) 
 REPRESENTATION_ITEM ( '' )  );
#7556 = EDGE_LOOP ( 'NONE', ( #2909, #900, #689, #5694, #8035, #1462 ) ) ;
#7557 = ORIENTED_EDGE ( 'NONE', *, *, #4919, .T. ) ;
#7558 = EDGE_CURVE ( 'NONE', #9282, #7860, #463, .T. ) ;
#7559 = DIRECTION ( 'NONE',  ( -0.0000000000000000000, 1.000000000000000000, -0.0000000000000000000 ) ) ;
#7560 = AXIS2_PLACEMENT_3D ( 'NONE', #455, #6281, #1278 ) ;
#7561 = CARTESIAN_POINT ( 'NONE',  ( -36.80642401550402800, -1.864891400232993700, -33.64705223957462000 ) ) ;
#7562 = DIRECTION ( 'NONE',  ( -0.0000000000000000000, 1.000000000000000000, -0.0000000000000000000 ) ) ;
#7563 = LINE ( 'NONE', #9841, #8082 ) ;
#7564 = DIRECTION ( 'NONE',  ( -1.000000000000000000, 0.0000000000000000000, 0.0000000000000000000 ) ) ;
#7565 = AXIS2_PLACEMENT_3D ( 'NONE', #2601, #8429, #3452 ) ;
#7566 = TOROIDAL_SURFACE ( 'NONE', #2624, 0.09999999999999999200, 0.4000000000000000200 ) ;
#7567 = CARTESIAN_POINT ( 'NONE',  ( -4.599999999999992500, 5.000000000000000000, -19.80000000000000100 ) ) ;
#7569 = VERTEX_POINT ( 'NONE', #7371 ) ;
#7568 = DIRECTION ( 'NONE',  ( -1.000000000000000000, 0.0000000000000000000, 0.0000000000000000000 ) ) ;
#7570 = ORIENTED_EDGE ( 'NONE', *, *, #10175, .T. ) ;
#7571 = CARTESIAN_POINT ( 'NONE',  ( -4.599999999999994300, 51.86052635461288000, -10.90000000000000400 ) ) ;
#7572 = CARTESIAN_POINT ( 'NONE',  ( -1.724992837362023100, 30.36283829498977800, 10.96372029347223700 ) ) ;
#7573 = ADVANCED_FACE ( 'NONE', ( #4643 ), #1866, .F. ) ;
#7574 = LINE ( 'NONE', #6591, #5393 ) ;
#7575 = EDGE_CURVE ( 'NONE', #2613, #5907, #8514, .T. ) ;
#7576 = VERTEX_POINT ( 'NONE', #9860 ) ;
#7577 = ORIENTED_EDGE ( 'NONE', *, *, #2756, .T. ) ;
#7578 = CARTESIAN_POINT ( 'NONE',  ( 3.413681633533336400, 52.43150190334527100, 10.86695313951631700 ) ) ;
#7579 = DIRECTION ( 'NONE',  ( 0.0000000000000000000, 0.0000000000000000000, 1.000000000000000000 ) ) ;
#7580 = CARTESIAN_POINT ( 'NONE',  ( -0.5367646814325038900, 52.81990284774145300, -10.24208025555776300 ) ) ;
#7581 = CARTESIAN_POINT ( 'NONE',  ( -0.5999999999999947600, 29.08756443470180000, 11.70000000000000100 ) ) ;
#7582 = CARTESIAN_POINT ( 'NONE',  ( -0.5999999999999943200, 29.19474411167425400, 11.70000000000000100 ) ) ;
#7583 = LINE ( 'NONE', #2648, #4867 ) ;
#7584 = VERTEX_POINT ( 'NONE', #10696 ) ;
#7585 = ORIENTED_EDGE ( 'NONE', *, *, #9932, .F. ) ;
#7586 = AXIS2_PLACEMENT_3D ( 'NONE', #5953, #447, #937 ) ;
#7587 = DIRECTION ( 'NONE',  ( 1.000000000000000000, 0.0000000000000000000, 0.0000000000000000000 ) ) ;
#7588 = ADVANCED_FACE ( 'NONE', ( #10460 ), #4065, .T. ) ;
#7589 = AXIS2_PLACEMENT_3D ( 'NONE', #129, #5111, #3410 ) ;
#7590 = CARTESIAN_POINT ( 'NONE',  ( -35.70972948884455900, -0.5431377887641475300, -33.97707368787356300 ) ) ;
#7591 = DIRECTION ( 'NONE',  ( -5.782411586589351700E-016, -1.000000000000000000, -0.0000000000000000000 ) ) ;
#7592 = LINE ( 'NONE', #10164, #9796 ) ;
#7593 = CARTESIAN_POINT ( 'NONE',  ( -6.238454044208918200, 3.761888886423175600, 30.06828321723023500 ) ) ;
#7594 = ORIENTED_EDGE ( 'NONE', *, *, #1126, .F. ) ;
#7595 = DIRECTION ( 'NONE',  ( -0.0000000000000000000, 1.000000000000000000, -0.0000000000000000000 ) ) ;
#7596 = ORIENTED_EDGE ( 'NONE', *, *, #10193, .F. ) ;
#7597 = ORIENTED_EDGE ( 'NONE', *, *, #2892, .T. ) ;
#7598 = ORIENTED_EDGE ( 'NONE', *, *, #8524, .F. ) ;
#7599 = CARTESIAN_POINT ( 'NONE',  ( -0.9411339456664428200, 33.45112688117726000, 9.180696046900408200 ) ) ;
#7600 = CARTESIAN_POINT ( 'NONE',  ( -4.599999999999994300, 52.79999999999999700, -13.00000000000000400 ) ) ;
#7601 = ORIENTED_EDGE ( 'NONE', *, *, #7406, .F. ) ;
#7602 = DIRECTION ( 'NONE',  ( 0.0000000000000000000, 1.000000000000000000, 0.0000000000000000000 ) ) ;
#7603 = CARTESIAN_POINT ( 'NONE',  ( -8.443682900041515900, 3.406294780244269600, -30.19770888735984500 ) ) ;
#7604 = EDGE_CURVE ( 'NONE', #4174, #5048, #6326, .T. ) ;
#7605 = CARTESIAN_POINT ( 'NONE',  ( -4.948866910803882700, 52.80000000000004000, 10.90000000000004300 ) ) ;
#7606 = ADVANCED_FACE ( 'NONE', ( #1609 ), #7408, .F. ) ;
#7607 = PLANE ( 'NONE',  #1000 ) ;
#7608 = LINE ( 'NONE', #4509, #5420 ) ;
#7609 = CARTESIAN_POINT ( 'NONE',  ( 0.1921806747951443900, 34.04887026566883200, 9.598101734172127300 ) ) ;
#7610 = AXIS2_PLACEMENT_3D ( 'NONE', #9189, #3327, #5066 ) ;
#7611 = CARTESIAN_POINT ( 'NONE',  ( -0.8027740901442599300, 29.19474411170192600, 11.70000000000000300 ) ) ;
#7612 = ORIENTED_EDGE ( 'NONE', *, *, #837, .F. ) ;
#7613 = ORIENTED_EDGE ( 'NONE', *, *, #8186, .F. ) ;
#7614 = ORIENTED_EDGE ( 'NONE', *, *, #6772, .T. ) ;
#7615 = ORIENTED_EDGE ( 'NONE', *, *, #772, .T. ) ;
#7616 = CYLINDRICAL_SURFACE ( 'NONE', #6461, 4.000000000000002700 ) ;
#7617 = B_SPLINE_CURVE_WITH_KNOTS ( 'NONE', 3,
 ( #5798, #4153, #10, #5832, #819, #6662 ),
 .UNSPECIFIED., .F., .F.,
 ( 4, 2, 4 ),
 ( 0.0009647113546778818300, 0.001269015411932292400, 0.001573319469186703100 ),
 .UNSPECIFIED. ) ;
#7618 = DIRECTION ( 'NONE',  ( 1.000000000000000000, 0.0000000000000000000, 0.0000000000000000000 ) ) ;
#7619 = FACE_OUTER_BOUND ( 'NONE', #309, .T. ) ;
#7620 = EDGE_CURVE ( 'NONE', #10598, #2197, #8209, .T. ) ;
#7621 = CARTESIAN_POINT ( 'NONE',  ( -2.000000000000000000, -3.000000000000000000, 1.109053650640949900 ) ) ;
#7622 = CARTESIAN_POINT ( 'NONE',  ( -30.33025804561338000, 0.0000000000000000000, 26.19999999999999600 ) ) ;
#7623 = DIRECTION ( 'NONE',  ( -1.314184451497581300E-016, 0.0000000000000000000, 1.000000000000000000 ) ) ;
#7624 = CARTESIAN_POINT ( 'NONE',  ( 0.4127272601656769600, 29.57006884295403600, 11.42142595001038800 ) ) ;
#7625 = CARTESIAN_POINT ( 'NONE',  ( -7.930937953989981400, 35.03045690111044100, 8.244295915296904200 ) ) ;
#7626 = ORIENTED_EDGE ( 'NONE', *, *, #6993, .F. ) ;
#7627 = CARTESIAN_POINT ( 'NONE',  ( -4.599999999999996100, 52.79999999999999700, 12.41764762517407300 ) ) ;
#7628 = EDGE_CURVE ( 'NONE', #5388, #6973, #6073, .T. ) ;
#7629 = CIRCLE ( 'NONE', #4149, 1.199999999999999700 ) ;
#7630 = LINE ( 'NONE', #6530, #5440 ) ;
#7631 = VECTOR ( 'NONE', #4247, 1000.000000000000000 ) ;
#7632 = CYLINDRICAL_SURFACE ( 'NONE', #9573, 1.599999999999999900 ) ;
#7633 = AXIS2_PLACEMENT_3D ( 'NONE', #7229, #1428, #7262 ) ;
#7634 = PLANE ( 'NONE',  #1544 ) ;
#7635 = VERTEX_POINT ( 'NONE', #4970 ) ;
#7636 = DIRECTION ( 'NONE',  ( 1.000000000000000000, 0.0000000000000000000, 1.314184451497581300E-016 ) ) ;
#7638 = ORIENTED_EDGE ( 'NONE', *, *, #3345, .T. ) ;
#7637 = CARTESIAN_POINT ( 'NONE',  ( 14.40000000000000200, 52.79999999999999700, 13.62938002992065900 ) ) ;
#7639 = EDGE_CURVE ( 'NONE', #3390, #1988, #3837, .T. ) ;
#7640 = CARTESIAN_POINT ( 'NONE',  ( 0.9253972249435509200, 30.87087991931866100, 10.67040232490643000 ) ) ;
#7641 = VECTOR ( 'NONE', #9186, 1000.000000000000100 ) ;
#7642 = VERTEX_POINT ( 'NONE', #7442 ) ;
#7643 = CARTESIAN_POINT ( 'NONE',  ( -4.599999999999996100, 52.79999999999999700, 12.41764762517407300 ) ) ;
#7644 = ORIENTED_EDGE ( 'NONE', *, *, #780, .T. ) ;
#7645 = VECTOR ( 'NONE', #950, 1000.000000000000000 ) ;
#7646 = VERTEX_POINT ( 'NONE', #6646 ) ;
#7647 = ORIENTED_EDGE ( 'NONE', *, *, #6720, .F. ) ;
#7648 = CARTESIAN_POINT ( 'NONE',  ( 23.33960460641120300, 0.0000000000000000000, -4.650806381693396200 ) ) ;
#7649 = DIRECTION ( 'NONE',  ( 0.0000000000000000000, 0.0000000000000000000, -1.000000000000000000 ) ) ;
#7650 = CARTESIAN_POINT ( 'NONE',  ( -1.690871211463564200, 36.79999999999999700, -11.00000000000000400 ) ) ;
#7651 = AXIS2_PLACEMENT_3D ( 'NONE', #2030, #6250, #1236 ) ;
#7652 = CARTESIAN_POINT ( 'NONE',  ( 3.400000000000005200, 36.79999999999999700, -10.90000000000000400 ) ) ;
#7653 = LINE ( 'NONE', #73, #2950 ) ;
#7654 = VECTOR ( 'NONE', #3486, 1000.000000000000000 ) ;
#7655 = ADVANCED_FACE ( 'NONE', ( #4110 ), #2479, .F. ) ;
#7656 = ORIENTED_EDGE ( 'NONE', *, *, #6334, .T. ) ;
#7657 = CARTESIAN_POINT ( 'NONE',  ( -34.31410000593552900, 3.417731491135569000, -26.55917020363129700 ) ) ;
#7658 = DIRECTION ( 'NONE',  ( 0.0000000000000000000, 0.0000000000000000000, 1.000000000000000000 ) ) ;
#7659 = CONICAL_SURFACE ( 'NONE', #8367, 147.7000000000000200, 0.5235987755982629600 ) ;
#7660 = DIRECTION ( 'NONE',  ( 1.000000000000000000, 0.0000000000000000000, -0.0000000000000000000 ) ) ;
#7661 = CARTESIAN_POINT ( 'NONE',  ( -29.72815852977529600, 3.000000000000000400, 0.1433031490139621000 ) ) ;
#7662 = LINE ( 'NONE', #9989, #5470 ) ;
#7663 = DIRECTION ( 'NONE',  ( 1.000000000000000000, -2.908635691889093000E-014, 0.0000000000000000000 ) ) ;
#7664 = DIRECTION ( 'NONE',  ( 0.05233595624294763700, 0.0000000000000000000, -0.9986295347545737200 ) ) ;
#7665 = ORIENTED_EDGE ( 'NONE', *, *, #2294, .F. ) ;
#7666 = AXIS2_PLACEMENT_3D ( 'NONE', #2445, #8269, #3270 ) ;
#7667 = ORIENTED_EDGE ( 'NONE', *, *, #4845, .F. ) ;
#7668 = ADVANCED_FACE ( 'NONE', ( #9937 ), #5852, .T. ) ;
#7669 = VECTOR ( 'NONE', #2368, 1000.000000000000000 ) ;
#7670 = CARTESIAN_POINT ( 'NONE',  ( -32.40376557479040500, -3.000000000000000000, -24.01317613009175000 ) ) ;
#7671 = VECTOR ( 'NONE', #10141, 1000.000000000000000 ) ;
#7672 = CARTESIAN_POINT ( 'NONE',  ( 0.3807983234809690400, 33.79999999999999700, 8.979274057836304800 ) ) ;
#7673 = CARTESIAN_POINT ( 'NONE',  ( -4.999999999999993800, 52.29999999999999700, 10.50000000000000400 ) ) ;
#7674 = CARTESIAN_POINT ( 'NONE',  ( 0.4014560425579990500, 33.52580736242566000, 9.824594599725751100 ) ) ;
#7675 = DIRECTION ( 'NONE',  ( 0.4472135954999608700, -0.7745966692414799600, -0.4472135954999608700 ) ) ;
#7676 = EDGE_CURVE ( 'NONE', #9133, #7862, #7747, .T. ) ;
#7677 = ORIENTED_EDGE ( 'NONE', *, *, #3715, .T. ) ;
#7678 = AXIS2_PLACEMENT_3D ( 'NONE', #961, #4379, #7715 ) ;
#7679 = CARTESIAN_POINT ( 'NONE',  ( -8.365641852756128900, 3.418878932851066500, 30.19312863038750900 ) ) ;
#7680 = VECTOR ( 'NONE', #4212, 1000.000000000000000 ) ;
#7681 = DIRECTION ( 'NONE',  ( 0.0000000000000000000, 0.0000000000000000000, -1.000000000000000000 ) ) ;
#7682 = VECTOR ( 'NONE', #2748, 1000.000000000000000 ) ;
#7683 = DIRECTION ( 'NONE',  ( 0.0000000000000000000, 0.0000000000000000000, -1.000000000000000000 ) ) ;
#7684 = CARTESIAN_POINT ( 'NONE',  ( -33.19415871985921000, -3.000000000000000000, -0.1433031490138680900 ) ) ;
#7685 = DIRECTION ( 'NONE',  ( 9.293161478447181700E-017, -1.000000000000000000, 0.0000000000000000000 ) ) ;
#7686 = CARTESIAN_POINT ( 'NONE',  ( 12.81764762517409700, 5.000000000000000000, -13.76444735056200300 ) ) ;
#7687 = ORIENTED_EDGE ( 'NONE', *, *, #2842, .F. ) ;
#7688 = ORIENTED_EDGE ( 'NONE', *, *, #1191, .F. ) ;
#7689 = CARTESIAN_POINT ( 'NONE',  ( 3.400000000000005200, 52.79999999999999700, -9.800000000000002500 ) ) ;
#7690 = DIRECTION ( 'NONE',  ( 0.0000000000000000000, 1.000000000000000000, 0.0000000000000000000 ) ) ;
#7691 = VERTEX_POINT ( 'NONE', #842 ) ;
#7692 = EDGE_CURVE ( 'NONE', #1859, #9439, #1358, .T. ) ;
#7693 = LINE ( 'NONE', #1792, #2983 ) ;
#7694 = EDGE_CURVE ( 'NONE', #1454, #4512, #5811, .T. ) ;
#7695 = DIRECTION ( 'NONE',  ( 0.0000000000000000000, 0.0000000000000000000, -1.000000000000000000 ) ) ;
#7696 = CARTESIAN_POINT ( 'NONE',  ( 3.400000000000005200, 52.29999999999999700, -10.90000000000000400 ) ) ;
#7697 = CARTESIAN_POINT ( 'NONE',  ( -6.599999999991723600, 35.79999999999999700, 11.00000000000000200 ) ) ;
#7698 = DIRECTION ( 'NONE',  ( -0.8660254037844362700, -0.5000000000000043300, -2.166799902024743000E-016 ) ) ;
#7699 = DIRECTION ( 'NONE',  ( 0.0000000000000000000, -1.000000000000000000, 0.0000000000000000000 ) ) ;
#7700 = FACE_OUTER_BOUND ( 'NONE', #9107, .T. ) ;
#7701 = ORIENTED_EDGE ( 'NONE', *, *, #2194, .F. ) ;
#7702 = CARTESIAN_POINT ( 'NONE',  ( -6.599999999999993400, 52.81990284774145300, -11.30000000000000200 ) ) ;
#7703 = CARTESIAN_POINT ( 'NONE',  ( -9.799999999999993600, 50.10717967697243600, 9.841154273188022800 ) ) ;
#7704 = ORIENTED_EDGE ( 'NONE', *, *, #8031, .F. ) ;
#7705 = EDGE_LOOP ( 'NONE', ( #8744, #6309, #4937 ) ) ;
#7706 = ORIENTED_EDGE ( 'NONE', *, *, #1097, .T. ) ;
#7707 = EDGE_CURVE ( 'NONE', #7794, #1515, #5553, .T. ) ;
#7708 = EDGE_CURVE ( 'NONE', #1906, #5857, #3296, .T. ) ;
#7709 = DIRECTION ( 'NONE',  ( 1.000000000000000000, -3.302728788976047800E-033, 3.212450881438533200E-016 ) ) ;
#7710 = LINE ( 'NONE', #6088, #1051 ) ;
#7711 = EDGE_LOOP ( 'NONE', ( #8632, #8785, #2462, #10678 ) ) ;
#7712 = AXIS2_PLACEMENT_3D ( 'NONE', #338, #6164, #1301 ) ;
#7713 = DIRECTION ( 'NONE',  ( 1.000000000000000000, 0.0000000000000000000, 0.0000000000000000000 ) ) ;
#7714 = DIRECTION ( 'NONE',  ( 1.000000000000000000, 0.0000000000000000000, 0.0000000000000000000 ) ) ;
#7715 = DIRECTION ( 'NONE',  ( -1.000000000000000000, 0.0000000000000000000, -0.0000000000000000000 ) ) ;
#7716 = CARTESIAN_POINT ( 'NONE',  ( 3.413080204140027900, 52.19202259851978500, -10.83404619769891600 ) ) ;
#7717 = CARTESIAN_POINT ( 'NONE',  ( -8.365641852756128900, 3.418878932851066500, 30.19312863038750900 ) ) ;
#7718 = ORIENTED_EDGE ( 'NONE', *, *, #6655, .F. ) ;
#7719 = VERTEX_POINT ( 'NONE', #5087 ) ;
#7720 = DIRECTION ( 'NONE',  ( -0.0000000000000000000, 0.0000000000000000000, 1.000000000000000000 ) ) ;
#7721 = CARTESIAN_POINT ( 'NONE',  ( -34.31410000593553600, 3.417731491135569800, 26.55917020363127500 ) ) ;
#7722 = TOROIDAL_SURFACE ( 'NONE', #7174, 0.6656854249492388800, 0.2000000000000000100 ) ;
#7723 = ADVANCED_FACE ( 'NONE', ( #833 ), #6753, .F. ) ;
#7724 = CARTESIAN_POINT ( 'NONE',  ( 13.39312863038751400, 3.418878932851070500, -16.03435814724387500 ) ) ;
#7725 = ORIENTED_EDGE ( 'NONE', *, *, #9240, .T. ) ;
#7726 = CARTESIAN_POINT ( 'NONE',  ( -4.599999999999994300, 50.79999999999999700, -10.90000000000000400 ) ) ;
#7727 = VERTEX_POINT ( 'NONE', #68 ) ;
#7728 = EDGE_CURVE ( 'NONE', #2869, #7513, #3613, .T. ) ;
#7729 = CIRCLE ( 'NONE', #3678, 1.599999999999999900 ) ;
#7730 = CARTESIAN_POINT ( 'NONE',  ( -11.20000000000000100, 52.79999999999999700, 13.00000000000000400 ) ) ;
#7731 = EDGE_LOOP ( 'NONE', ( #2828, #10543, #803, #1574 ) ) ;
#7733 = ORIENTED_EDGE ( 'NONE', *, *, #1556, .T. ) ;
#7732 = PLANE ( 'NONE',  #8005 ) ;
#7734 = ORIENTED_EDGE ( 'NONE', *, *, #3840, .F. ) ;
#7735 = DIRECTION ( 'NONE',  ( 1.000000000000000000, 0.0000000000000000000, 0.0000000000000000000 ) ) ;
#7736 = CARTESIAN_POINT ( 'NONE',  ( 5.800000000000004300, 52.79999999999999700, 12.41764762517408000 ) ) ;
#7737 = LINE ( 'NONE', #7398, #9665 ) ;
#7738 = EDGE_CURVE ( 'NONE', #917, #8891, #1090, .T. ) ;
#7739 = ORIENTED_EDGE ( 'NONE', *, *, #2388, .F. ) ;
#7740 = ORIENTED_EDGE ( 'NONE', *, *, #6393, .T. ) ;
#7741 = ORIENTED_EDGE ( 'NONE', *, *, #8672, .T. ) ;
#7742 = CARTESIAN_POINT ( 'NONE',  ( -8.948805684721969900, -2.826794919243119400, -34.20000000000001700 ) ) ;
#7743 = DIRECTION ( 'NONE',  ( 0.0000000000000000000, -1.000000000000000000, 0.0000000000000000000 ) ) ;
#7744 = DIRECTION ( 'NONE',  ( 1.000000000000000000, 0.0000000000000000000, 0.0000000000000000000 ) ) ;
#7745 = CARTESIAN_POINT ( 'NONE',  ( 5.400000000000005700, 50.79999999999999700, 9.800000000000002500 ) ) ;
#7746 = DIRECTION ( 'NONE',  ( -0.0000000000000000000, 0.0000000000000000000, 1.000000000000000000 ) ) ;
#7747 = LINE ( 'NONE', #9172, #3580 ) ;
#7748 = VERTEX_POINT ( 'NONE', #6793 ) ;
#7749 = EDGE_CURVE ( 'NONE', #10041, #7814, #5019, .T. ) ;
#7750 = EDGE_LOOP ( 'NONE', ( #8225, #4073, #10532, #2927, #8124, #5777 ) ) ;
#7751 = DIRECTION ( 'NONE',  ( 1.548860246407863300E-016, 0.0000000000000000000, -1.000000000000000000 ) ) ;
#7752 = CARTESIAN_POINT ( 'NONE',  ( -8.948805684721968100, -3.000000000000002700, -25.40000000000000900 ) ) ;
#7753 = EDGE_CURVE ( 'NONE', #5515, #7569, #7479, .T. ) ;
#7754 = DIRECTION ( 'NONE',  ( 0.0000000000000000000, 0.0000000000000000000, -1.000000000000000000 ) ) ;
#7755 = FACE_OUTER_BOUND ( 'NONE', #6511, .T. ) ;
#7756 = CARTESIAN_POINT ( 'NONE',  ( -2.599999999999997900, 29.15209770365713400, 11.66274169979695200 ) ) ;
#7757 = VECTOR ( 'NONE', #7002, 1000.000000000000000 ) ;
#7758 = AXIS2_PLACEMENT_3D ( 'NONE', #5860, #6650, #846 ) ;
#7759 =( BOUNDED_CURVE ( )  B_SPLINE_CURVE ( 3, ( #7935, #7147, #7971, #2977 ),
 .UNSPECIFIED., .F., .T. ) 
 B_SPLINE_CURVE_WITH_KNOTS ( ( 4, 4 ),
 ( 3.141592653589794000, 4.712388980384689700 ),
 .UNSPECIFIED. ) 
 CURVE ( )  GEOMETRIC_REPRESENTATION_ITEM ( )  RATIONAL_B_SPLINE_CURVE ( ( 1.000000000000000000, 0.8047378541243652700, 0.8047378541243652700, 1.000000000000000000 ) ) 
 REPRESENTATION_ITEM ( '' )  );
#7760 = DIRECTION ( 'NONE',  ( -0.0000000000000000000, 1.000000000000000000, -0.0000000000000000000 ) ) ;
#7761 = LINE ( 'NONE', #6006, #9687 ) ;
#7762 = EDGE_LOOP ( 'NONE', ( #4037, #955, #5748, #5772, #2099, #6536 ) ) ;
#7763 = EDGE_LOOP ( 'NONE', ( #5397, #6702, #10463, #10521, #1831, #4058, #4266, #5796 ) ) ;
#7764 = LINE ( 'NONE', #1615, #9697 ) ;
#7765 = DIRECTION ( 'NONE',  ( 1.000000000000000000, 0.0000000000000000000, 1.668003342285392000E-016 ) ) ;
#7766 = VECTOR ( 'NONE', #10353, 1000.000000000000000 ) ;
#7767 = EDGE_CURVE ( 'NONE', #9252, #8901, #1144, .T. ) ;
#7768 = ORIENTED_EDGE ( 'NONE', *, *, #10047, .F. ) ;
#7769 = PLANE ( 'NONE',  #6441 ) ;
#7770 = DIRECTION ( 'NONE',  ( 0.9396926207859096500, 0.3420201433256652700, 0.0000000000000000000 ) ) ;
#7771 = EDGE_CURVE ( 'NONE', #5794, #4046, #9425, .T. ) ;
#7772 = AXIS2_PLACEMENT_3D ( 'NONE', #9359, #4409, #10180 ) ;
#7773 = ADVANCED_FACE ( 'NONE', ( #2522 ), #4508, .T. ) ;
#7774 = EDGE_LOOP ( 'NONE', ( #6180, #6227, #6482, #7343, #3116 ) ) ;
#7775 = LINE ( 'NONE', #9684, #5333 ) ;
#7776 = AXIS2_PLACEMENT_3D ( 'NONE', #7182, #3013, #8843 ) ;
#7777 = CARTESIAN_POINT ( 'NONE',  ( -4.741629815862940400, 51.98501149755846700, 10.76666666666666900 ) ) ;
#7778 = CARTESIAN_POINT ( 'NONE',  ( 24.14187696106416300, -3.000000000000000000, -1.109053650640950300 ) ) ;
#7779 = DIRECTION ( 'NONE',  ( 0.0000000000000000000, 0.0000000000000000000, -1.000000000000000000 ) ) ;
#7780 = EDGE_CURVE ( 'NONE', #6537, #5521, #4776, .T. ) ;
#7781 = CARTESIAN_POINT ( 'NONE',  ( 23.71739405967383300, -1.013381841935823400, -3.519639971267225100 ) ) ;
#7782 = DIRECTION ( 'NONE',  ( -1.000000000000000000, 0.0000000000000000000, -1.668003342285391800E-016 ) ) ;
#7783 = CIRCLE ( 'NONE', #2377, 1.600000000000000800 ) ;
#7784 = LINE ( 'NONE', #3042, #5849 ) ;
#7785 = EDGE_CURVE ( 'NONE', #10331, #3959, #6711, .T. ) ;
#7786 = CARTESIAN_POINT ( 'NONE',  ( -4.613681633533361500, 52.16849809665475100, -10.86695313951631700 ) ) ;
#7787 = DIRECTION ( 'NONE',  ( 0.0000000000000000000, 1.000000000000000000, -0.0000000000000000000 ) ) ;
#7788 = DIRECTION ( 'NONE',  ( -1.000000000000000000, 0.0000000000000000000, 0.0000000000000000000 ) ) ;
#7789 = AXIS2_PLACEMENT_3D ( 'NONE', #1907, #2757, #8574 ) ;
#7790 = CARTESIAN_POINT ( 'NONE',  ( -1.349999999999996100, 30.80000000000000400, -12.60000000000000300 ) ) ;
#7791 = VECTOR ( 'NONE', #10202, 1000.000000000000000 ) ;
#7792 = ORIENTED_EDGE ( 'NONE', *, *, #4147, .F. ) ;
#7793 = VECTOR ( 'NONE', #9670, 1000.000000000000200 ) ;
#7794 = VERTEX_POINT ( 'NONE', #7697 ) ;
#7795 = CARTESIAN_POINT ( 'NONE',  ( -11.20000000000000100, 5.000000000000018700, 11.00000000000000400 ) ) ;
#7796 = PLANE ( 'NONE',  #10346 ) ;
#7797 = CARTESIAN_POINT ( 'NONE',  ( -3.754700538379248900, 3.000000000000000400, 0.0000000000000000000 ) ) ;
#7798 = PLANE ( 'NONE',  #6085 ) ;
#7799 = DIRECTION ( 'NONE',  ( 0.0000000000000000000, 1.000000000000000000, 0.0000000000000000000 ) ) ;
#7800 = AXIS2_PLACEMENT_3D ( 'NONE', #9977, #3281, #9113 ) ;
#7801 = VECTOR ( 'NONE', #4704, 1000.000000000000000 ) ;
#7802 = ORIENTED_EDGE ( 'NONE', *, *, #5809, .T. ) ;
#7803 = AXIS2_PLACEMENT_3D ( 'NONE', #8919, #3943, #9739 ) ;
#7804 = TOROIDAL_SURFACE ( 'NONE', #6877, 0.1000000000000008500, 0.4000000000000000200 ) ;
#7805 = ORIENTED_EDGE ( 'NONE', *, *, #4504, .F. ) ;
#7806 = CARTESIAN_POINT ( 'NONE',  ( -29.05247073620113300, 3.000000000000000400, 20.54907451495396100 ) ) ;
#7807 = CARTESIAN_POINT ( 'NONE',  ( -11.20000000000000100, 48.10000000000002300, -11.00000000000000400 ) ) ;
#7808 = FACE_OUTER_BOUND ( 'NONE', #6047, .T. ) ;
#7809 = LINE ( 'NONE', #9798, #9491 ) ;
#7810 = B_SPLINE_CURVE_WITH_KNOTS ( 'NONE', 3,
 ( #10092, #5483, #195, #5192, #6524, #726, #126, #53, #4194, #8211 ),
 .UNSPECIFIED., .F., .F.,
 ( 4, 2, 2, 2, 4 ),
 ( 0.0000000000000000000, 0.0008696334886164500100, 0.001304450232924684100, 0.001521858605078809200, 0.001739266977232934500 ),
 .UNSPECIFIED. ) ;
#7811 = DIRECTION ( 'NONE',  ( -0.4354491588380098300, -0.7796076080634724000, 0.4501066623777311100 ) ) ;
#7812 = CARTESIAN_POINT ( 'NONE',  ( -3.599999999999998300, 0.0000000000000000000, 19.80000000000000100 ) ) ;
#7813 = EDGE_CURVE ( 'NONE', #7635, #213, #333, .T. ) ;
#7814 = VERTEX_POINT ( 'NONE', #8516 ) ;
#7815 = ORIENTED_EDGE ( 'NONE', *, *, #3848, .F. ) ;
#7816 = AXIS2_PLACEMENT_3D ( 'NONE', #1226, #8722, #3744 ) ;
#7817 = CARTESIAN_POINT ( 'NONE',  ( -0.9449861003526318600, 34.20012294592813600, 9.349576886906444200 ) ) ;
#7818 = CYLINDRICAL_SURFACE ( 'NONE', #7800, 11.30000000000000200 ) ;
#7819 = ADVANCED_FACE ( 'NONE', ( #2263 ), #245, .T. ) ;
#7820 = CARTESIAN_POINT ( 'NONE',  ( -8.199999999999992200, 48.10000000000002300, -9.400000000000002100 ) ) ;
#7821 = DIRECTION ( 'NONE',  ( -4.818676322157801300E-016, -1.000000000000000000, 0.0000000000000000000 ) ) ;
#7822 = ORIENTED_EDGE ( 'NONE', *, *, #6171, .T. ) ;
#7823 = EDGE_CURVE ( 'NONE', #8475, #6399, #581, .T. ) ;
#7824 =( BOUNDED_SURFACE ( )  B_SPLINE_SURFACE ( 3, 2, ( 
 ( #3084, #10576, #1449 ),
 ( #7283, #2286, #8112 ),
 ( #3115, #8947, #3969 ),
 ( #9769, #4825, #10613 ),
 ( #5656, #650, #6485 ),
 ( #1483, #7319, #2325 ) ),
 .UNSPECIFIED., .F., .F., .F. ) 
 B_SPLINE_SURFACE_WITH_KNOTS ( ( 4, 2, 4 ),
 ( 3, 3 ),
 ( 0.0003790122493140200300, 0.0006499964602233471900, 0.0009209806711326742400 ),
 ( 0.0000000000000000000, 1.000000000000000000 ),
 .UNSPECIFIED. ) 
 GEOMETRIC_REPRESENTATION_ITEM ( )  RATIONAL_B_SPLINE_SURFACE ( (
 ( 1.000000000000000000, 0.8164965809277036100, 1.000000000000000000),
 ( 1.000000000000000000, 0.8810678731623016200, 1.000000000000000000),
 ( 1.000000000000000000, 0.9263207691517525400, 1.000000000000000000),
 ( 1.000000000000000000, 0.9855849900692241800, 1.000000000000000000),
 ( 1.000000000000000000, 0.9999584033010363600, 1.000000000000000000),
 ( 1.000000000000000000, 1.000000000000000000, 1.000000000000000000) ) ) 
 REPRESENTATION_ITEM ( '' )  SURFACE ( )  );
#7825 = LINE ( 'NONE', #8132, #9761 ) ;
#7826 = VERTEX_POINT ( 'NONE', #5246 ) ;
#7827 = EDGE_CURVE ( 'NONE', #6142, #7646, #4238, .T. ) ;
#7828 = AXIS2_PLACEMENT_3D ( 'NONE', #476, #5582, #5613 ) ;
#7829 = ORIENTED_EDGE ( 'NONE', *, *, #3626, .T. ) ;
#7830 = CARTESIAN_POINT ( 'NONE',  ( -4.599999999999996100, 52.59867732511114700, 10.90000000000000400 ) ) ;
#7831 = ORIENTED_EDGE ( 'NONE', *, *, #3102, .T. ) ;
#7832 = CARTESIAN_POINT ( 'NONE',  ( -4.599999999999996100, 52.79999999999999700, 10.90000000000000400 ) ) ;
#7833 = CARTESIAN_POINT ( 'NONE',  ( 13.40000000000000000, 3.400000000000023000, 13.63872488759778700 ) ) ;
#7834 = CARTESIAN_POINT ( 'NONE',  ( 3.400000000000005200, 36.79999999999999700, -10.90000000000000400 ) ) ;
#7835 = AXIS2_PLACEMENT_3D ( 'NONE', #8636, #3660, #9467 ) ;
#7836 = CARTESIAN_POINT ( 'NONE',  ( -0.3405092740888242000, 50.67792614530241500, 9.799999999999997200 ) ) ;
#7837 = DIRECTION ( 'NONE',  ( -1.000000000000000000, -2.465190328815661900E-032, -4.336808689942015300E-016 ) ) ;
#7838 = FACE_OUTER_BOUND ( 'NONE', #4024, .T. ) ;
#7839 = ORIENTED_EDGE ( 'NONE', *, *, #2527, .T. ) ;
#7840 = EDGE_CURVE ( 'NONE', #710, #2251, #6447, .T. ) ;
#7841 = ORIENTED_EDGE ( 'NONE', *, *, #7979, .F. ) ;
#7842 = VERTEX_POINT ( 'NONE', #275 ) ;
#7843 = AXIS2_PLACEMENT_3D ( 'NONE', #4458, #1939, #7782 ) ;
#7844 = PLANE ( 'NONE',  #1359 ) ;
#7845 = CARTESIAN_POINT ( 'NONE',  ( -6.978431882849146300, -2.457744346362241500, 33.97790223397203800 ) ) ;
#7846 = CARTESIAN_POINT ( 'NONE',  ( -14.39422863405995300, 3.000000000000000400, -24.73589838486222400 ) ) ;
#7847 = DIRECTION ( 'NONE',  ( 0.5000000000000035500, -0.8660254037844366000, 0.0000000000000000000 ) ) ;
#7848 = VECTOR ( 'NONE', #3259, 1000.000000000000000 ) ;
#7849 = CARTESIAN_POINT ( 'NONE',  ( 3.553890211822060300, 52.69377763810279400, -10.90000000000000700 ) ) ;
#7850 = ORIENTED_EDGE ( 'NONE', *, *, #2216, .F. ) ;
#7851 = ORIENTED_EDGE ( 'NONE', *, *, #552, .F. ) ;
#7852 = CARTESIAN_POINT ( 'NONE',  ( -0.1382204049511367200, 33.79999999999999700, 8.979274057836304800 ) ) ;
#7853 = DIRECTION ( 'NONE',  ( 0.0000000000000000000, 0.0000000000000000000, -1.000000000000000000 ) ) ;
#7854 = B_SPLINE_CURVE_WITH_KNOTS ( 'NONE', 3,
 ( #5843, #5808, #9987, #5036 ),
 .UNSPECIFIED., .F., .F.,
 ( 4, 4 ),
 ( -4.495778883727257400E-006, 0.0003775161607629946000 ),
 .UNSPECIFIED. ) ;
#7855 = DIRECTION ( 'NONE',  ( 0.0000000000000000000, -1.000000000000000000, 0.0000000000000000000 ) ) ;
#7856 = DIRECTION ( 'NONE',  ( -1.000000000000000000, 0.0000000000000000000, -1.668003342285391800E-016 ) ) ;
#7857 = VECTOR ( 'NONE', #9307, 1000.000000000000000 ) ;
#7858 = PLANE ( 'NONE',  #5593 ) ;
#7859 = ORIENTED_EDGE ( 'NONE', *, *, #7451, .T. ) ;
#7860 = VERTEX_POINT ( 'NONE', #1888 ) ;
#7861 = ORIENTED_EDGE ( 'NONE', *, *, #5482, .F. ) ;
#7862 = VERTEX_POINT ( 'NONE', #1091 ) ;
#7863 = DIRECTION ( 'NONE',  ( -0.0000000000000000000, -0.0000000000000000000, -1.000000000000000000 ) ) ;
#7864 = DIRECTION ( 'NONE',  ( 0.0000000000000000000, 0.0000000000000000000, 1.000000000000000000 ) ) ;
#7865 = CARTESIAN_POINT ( 'NONE',  ( -1.686730163066189500, 33.79999999999999700, 8.979274057836304800 ) ) ;
#7866 = FACE_OUTER_BOUND ( 'NONE', #9751, .T. ) ;
#7867 = DIRECTION ( 'NONE',  ( -0.0000000000000000000, -1.000000000000000000, -0.0000000000000000000 ) ) ;
#7868 = CARTESIAN_POINT ( 'NONE',  ( -10.06410161513777600, 3.000000000000000400, 23.05829508493397700 ) ) ;
#7869 = ORIENTED_EDGE ( 'NONE', *, *, #9125, .T. ) ;
#7870 = DIRECTION ( 'NONE',  ( 0.0000000000000000000, -0.0000000000000000000, -1.000000000000000000 ) ) ;
#7871 = CARTESIAN_POINT ( 'NONE',  ( 3.462255489823038900, 52.08619254712396400, 10.78409504372318000 ) ) ;
#7872 = VERTEX_POINT ( 'NONE', #6940 ) ;
#7873 = CARTESIAN_POINT ( 'NONE',  ( 11.40000000000000000, -3.000000000000000000, -13.46987298107783100 ) ) ;
#7874 = ADVANCED_FACE ( 'NONE', ( #1733 ), #8128, .F. ) ;
#7875 = TOROIDAL_SURFACE ( 'NONE', #4229, 0.6656854249492384400, 0.2000000000000000100 ) ;
#7876 = EDGE_CURVE ( 'NONE', #7842, #4494, #6193, .T. ) ;
#7877 = VECTOR ( 'NONE', #8710, 1000.000000000000000 ) ;
#7878 = AXIS2_PLACEMENT_3D ( 'NONE', #10485, #2990, #7986 ) ;
#7879 = ORIENTED_EDGE ( 'NONE', *, *, #480, .T. ) ;
#7881 = ORIENTED_EDGE ( 'NONE', *, *, #4207, .F. ) ;
#7880 = CARTESIAN_POINT ( 'NONE',  ( -500000.0000000000600, 35.79999999999999700, 9.800000000000002500 ) ) ;
#7882 = CARTESIAN_POINT ( 'NONE',  ( 14.17142857142857300, 52.79999999999999700, 12.65585288492632700 ) ) ;
#7883 = DIRECTION ( 'NONE',  ( -0.0000000000000000000, 1.000000000000000000, -0.0000000000000000000 ) ) ;
#7884 = FACE_OUTER_BOUND ( 'NONE', #3961, .T. ) ;
#7885 = CARTESIAN_POINT ( 'NONE',  ( 3.748866910803932800, 52.80000000000004000, -10.90000000000004300 ) ) ;
#7886 = FACE_OUTER_BOUND ( 'NONE', #454, .T. ) ;
#7887 = ORIENTED_EDGE ( 'NONE', *, *, #480, .F. ) ;
#7888 = LINE ( 'NONE', #2515, #5690 ) ;
#7889 = FACE_OUTER_BOUND ( 'NONE', #9836, .T. ) ;
#7890 = EDGE_CURVE ( 'NONE', #9889, #2941, #1991, .T. ) ;
#7891 = CARTESIAN_POINT ( 'NONE',  ( -0.09008478989242314800, 33.66717459471995300, 9.411061816852203800 ) ) ;
#7892 = EDGE_LOOP ( 'NONE', ( #9940, #3770, #4138, #2760 ) ) ;
#7893 = EDGE_CURVE ( 'NONE', #9749, #10212, #10315, .T. ) ;
#7894 = CARTESIAN_POINT ( 'NONE',  ( -8.599999999999992500, 0.0000000000000000000, -30.20000000000000300 ) ) ;
#7895 = DIRECTION ( 'NONE',  ( -0.0000000000000000000, 1.000000000000000000, -0.0000000000000000000 ) ) ;
#7896 = DIRECTION ( 'NONE',  ( -1.000000000000000000, 0.0000000000000000000, 0.0000000000000000000 ) ) ;
#7897 = AXIS2_PLACEMENT_3D ( 'NONE', #4187, #9975, #5024 ) ;
#7898 = CARTESIAN_POINT ( 'NONE',  ( -4.599999999999992500, 0.0000000000000000000, -20.80000000000000400 ) ) ;
#7899 = LINE ( 'NONE', #9146, #1245 ) ;
#7900 = VERTEX_POINT ( 'NONE', #5282 ) ;
#7901 = LINE ( 'NONE', #1754, #3732 ) ;
#7902 = ORIENTED_EDGE ( 'NONE', *, *, #3082, .T. ) ;
#7903 = VERTEX_POINT ( 'NONE', #6972 ) ;
#7904 = CARTESIAN_POINT ( 'NONE',  ( -6.599999999999993400, 20.74968880069896200, -10.90000000000000400 ) ) ;
#7905 = CARTESIAN_POINT ( 'NONE',  ( -34.61320943391749000, 5.000000000000000000, -0.1243944217572579100 ) ) ;
#7906 = EDGE_CURVE ( 'NONE', #7719, #2776, #5670, .T. ) ;
#7907 = CARTESIAN_POINT ( 'NONE',  ( -4.599999999999997900, 33.80000000000000400, -13.00000000000000400 ) ) ;
#7908 = CARTESIAN_POINT ( 'NONE',  ( 3.400000000000005200, 52.79999999999999700, -10.90000000000000400 ) ) ;
#7909 = FACE_OUTER_BOUND ( 'NONE', #1729, .T. ) ;
#7910 = PLANE ( 'NONE',  #10712 ) ;
#7911 = VECTOR ( 'NONE', #5144, 1000.000000000000100 ) ;
#7912 = EDGE_CURVE ( 'NONE', #8240, #5727, #1482, .T. ) ;
#7913 = ORIENTED_EDGE ( 'NONE', *, *, #3917, .F. ) ;
#7914 = AXIS2_PLACEMENT_3D ( 'NONE', #8803, #2972, #7138 ) ;
#7915 = FACE_OUTER_BOUND ( 'NONE', #3560, .T. ) ;
#7916 = LINE ( 'NONE', #5845, #3750 ) ;
#7917 = DIRECTION ( 'NONE',  ( 0.0000000000000000000, 1.000000000000000000, 0.0000000000000000000 ) ) ;
#7918 = VERTEX_POINT ( 'NONE', #10284 ) ;
#7919 = FACE_OUTER_BOUND ( 'NONE', #7982, .T. ) ;
#7920 = VECTOR ( 'NONE', #8484, 1000.000000000000000 ) ;
#7921 = EDGE_CURVE ( 'NONE', #9972, #8810, #7608, .T. ) ;
#7922 = DIRECTION ( 'NONE',  ( -0.0000000000000000000, -1.000000000000000000, -0.0000000000000000000 ) ) ;
#7923 = DIRECTION ( 'NONE',  ( -9.035018104045872900E-016, 0.0000000000000000000, -1.000000000000000000 ) ) ;
#7924 = DIRECTION ( 'NONE',  ( -1.000000000000000000, 0.0000000000000000000, -0.0000000000000000000 ) ) ;
#7925 = ADVANCED_FACE ( 'NONE', ( #7866 ), #9540, .F. ) ;
#7926 = AXIS2_PLACEMENT_3D ( 'NONE', #2335, #9029, #9854 ) ;
#7927 = CARTESIAN_POINT ( 'NONE',  ( 9.556317099958478800, 3.406294780244260700, 19.79770888735985300 ) ) ;
#7928 = DIRECTION ( 'NONE',  ( 0.0000000000000000000, 0.0000000000000000000, -1.000000000000000000 ) ) ;
#7929 = ORIENTED_EDGE ( 'NONE', *, *, #4966, .T. ) ;
#7930 = EDGE_LOOP ( 'NONE', ( #9652, #5121, #8473, #9291, #557, #4828, #2403 ) ) ;
#7931 = FACE_OUTER_BOUND ( 'NONE', #10011, .T. ) ;
#7932 = CIRCLE ( 'NONE', #3718, 1.199999999999999700 ) ;
#7933 = CARTESIAN_POINT ( 'NONE',  ( 0.1456996861747025800, 33.90251717881724100, 9.525355036689221700 ) ) ;
#7934 = ORIENTED_EDGE ( 'NONE', *, *, #4421, .F. ) ;
#7935 = CARTESIAN_POINT ( 'NONE',  ( 8.600000000000003200, 30.30000000000000800, -11.00000000000000400 ) ) ;
#7936 = VERTEX_POINT ( 'NONE', #9494 ) ;
#7937 = DIRECTION ( 'NONE',  ( 0.0000000000000000000, -1.000000000000000000, 0.0000000000000000000 ) ) ;
#7938 = CARTESIAN_POINT ( 'NONE',  ( 8.241158771634202300, 2.471273500572885900, 10.99999999999982400 ) ) ;
#7939 = AXIS2_PLACEMENT_3D ( 'NONE', #4731, #4442, #8446 ) ;
#7940 = CARTESIAN_POINT ( 'NONE',  ( 3.488195292984739700, 52.60955884120994600, -10.87004640409800200 ) ) ;
#7941 = FACE_OUTER_BOUND ( 'NONE', #1445, .T. ) ;
#7942 = B_SPLINE_CURVE_WITH_KNOTS ( 'NONE', 3,
 ( #1938, #6124, #8567, #7781, #2783, #8606, #3635, #9441 ),
 .UNSPECIFIED., .F., .F.,
 ( 4, 2, 2, 4 ),
 ( 2.135630605041629100E-018, 0.001871840709531506100, 0.002807761064297258300, 0.003743681419063009100 ),
 .UNSPECIFIED. ) ;
#7943 = ORIENTED_EDGE ( 'NONE', *, *, #3263, .T. ) ;
#7944 = VERTEX_POINT ( 'NONE', #2835 ) ;
#7945 = DIRECTION ( 'NONE',  ( 0.0000000000000000000, 1.000000000000000000, 0.0000000000000000000 ) ) ;
#7946 = LINE ( 'NONE', #3346, #5759 ) ;
#7947 = EDGE_LOOP ( 'NONE', ( #990, #6706, #6548, #6236 ) ) ;
#7948 = EDGE_CURVE ( 'NONE', #7432, #169, #3158, .T. ) ;
#7949 = DIRECTION ( 'NONE',  ( -0.0000000000000000000, 0.0000000000000000000, -1.000000000000000000 ) ) ;
#7950 = CARTESIAN_POINT ( 'NONE',  ( -1.770980143951613500, 32.65068458897941600, 10.20353387634367500 ) ) ;
#7951 = DIRECTION ( 'NONE',  ( 5.782411586589351700E-016, -1.000000000000000000, 0.0000000000000000000 ) ) ;
#7952 = CARTESIAN_POINT ( 'NONE',  ( 4.339473645387129400, 52.79999999999999700, -10.70000000000000300 ) ) ;
#7953 = ORIENTED_EDGE ( 'NONE', *, *, #2194, .T. ) ;
#7954 = ORIENTED_EDGE ( 'NONE', *, *, #1743, .T. ) ;
#7955 = DIRECTION ( 'NONE',  ( 0.0000000000000000000, 0.0000000000000000000, -1.000000000000000000 ) ) ;
#7956 = EDGE_CURVE ( 'NONE', #9689, #597, #952, .T. ) ;
#7957 = FACE_OUTER_BOUND ( 'NONE', #10274, .T. ) ;
#7958 = ORIENTED_EDGE ( 'NONE', *, *, #7461, .T. ) ;
#7959 = DIRECTION ( 'NONE',  ( -0.0000000000000000000, -1.000000000000000000, -0.0000000000000000000 ) ) ;
#7960 = PLANE ( 'NONE',  #9750 ) ;
#7961 = PLANE ( 'NONE',  #37 ) ;
#7962 = CARTESIAN_POINT ( 'NONE',  ( -9.198076211353329900, 1.500000000000001800, 21.27179676972449200 ) ) ;
#7963 = ORIENTED_EDGE ( 'NONE', *, *, #2855, .T. ) ;
#7964 = CARTESIAN_POINT ( 'NONE',  ( 22.08852607105300000, -1.900000000000066500, -1.562049935181392100 ) ) ;
#7965 = PLANE ( 'NONE',  #1380 ) ;
#7966 = VERTEX_POINT ( 'NONE', #2873 ) ;
#7967 = EDGE_CURVE ( 'NONE', #9145, #5666, #1219, .T. ) ;
#7968 = EDGE_CURVE ( 'NONE', #1753, #10562, #9805, .T. ) ;
#7969 = VECTOR ( 'NONE', #1124, 1000.000000000000200 ) ;
#7970 = AXIS2_PLACEMENT_3D ( 'NONE', #7306, #8134, #3134 ) ;
#7971 = CARTESIAN_POINT ( 'NONE',  ( 7.000000000000004400, 31.44790229634287500, -10.33725830020305000 ) ) ;
#7972 = EDGE_LOOP ( 'NONE', ( #4899, #4837, #4697, #8228, #7805, #8599 ) ) ;
#7973 = ORIENTED_EDGE ( 'NONE', *, *, #9286, .T. ) ;
#7974 = CARTESIAN_POINT ( 'NONE',  ( -34.32806696097171800, 5.000000000000000000, 26.33237777865424100 ) ) ;
#7975 = CARTESIAN_POINT ( 'NONE',  ( -4.599999999999994300, 52.79999999999999700, -10.90000000000000400 ) ) ;
#7976 = CARTESIAN_POINT ( 'NONE',  ( 3.400000000000005200, 52.29999999999999700, -10.90000000000000400 ) ) ;
#7977 = ADVANCED_FACE ( 'NONE', ( #5154 ), #414, .F. ) ;
#7978 = LINE ( 'NONE', #2616, #1590 ) ;
#7979 = EDGE_CURVE ( 'NONE', #1183, #7102, #2646, .T. ) ;
#7980 = ORIENTED_EDGE ( 'NONE', *, *, #7575, .T. ) ;
#7981 = ORIENTED_EDGE ( 'NONE', *, *, #7628, .F. ) ;
#7982 = EDGE_LOOP ( 'NONE', ( #6390, #5815, #10734, #4483, #9037, #4898, #4572, #3018, #9545, #5770, #6683, #3552, #10357, #6134, #6329, #2559 ) ) ;
#7983 = ORIENTED_EDGE ( 'NONE', *, *, #4997, .F. ) ;
#7984 = DIRECTION ( 'NONE',  ( -0.0000000000000000000, -1.000000000000000000, -0.0000000000000000000 ) ) ;
#7985 = CARTESIAN_POINT ( 'NONE',  ( -1.794206502833288300, 30.63338672532125500, 10.80751908439141200 ) ) ;
#7986 = DIRECTION ( 'NONE',  ( -1.000000000000000000, 0.0000000000000000000, -1.668003342285391800E-016 ) ) ;
#7987 = EDGE_CURVE ( 'NONE', #6094, #5727, #3399, .T. ) ;
#7988 = DIRECTION ( 'NONE',  ( -1.000000000000000000, 0.0000000000000000000, 0.0000000000000000000 ) ) ;
#7989 = CARTESIAN_POINT ( 'NONE',  ( 1.729125541568828900, 31.92878197219080900, -11.00000000000000500 ) ) ;
#7990 = LINE ( 'NONE', #3151, #5799 ) ;
#7991 = AXIS2_PLACEMENT_3D ( 'NONE', #2432, #9880, #3253 ) ;
#7992 = ORIENTED_EDGE ( 'NONE', *, *, #3717, .F. ) ;
#7993 = VERTEX_POINT ( 'NONE', #7907 ) ;
#7994 = ORIENTED_EDGE ( 'NONE', *, *, #8927, .T. ) ;
#7995 = CARTESIAN_POINT ( 'NONE',  ( -2.269872981077799800, -3.000000000000000000, -17.80000000000000400 ) ) ;
#7996 = CARTESIAN_POINT ( 'NONE',  ( -30.65191911206509800, -3.000000000000000400, 28.20000000000001400 ) ) ;
#7997 = CARTESIAN_POINT ( 'NONE',  ( -4.728388050070798900, 52.79999999999999700, -10.90000000000000400 ) ) ;
#7998 = CARTESIAN_POINT ( 'NONE',  ( 3.400000000000014600, 34.54999999999999700, 14.60000000000000100 ) ) ;
#7999 = VECTOR ( 'NONE', #10732, 1000.000000000000000 ) ;
#8000 = DIRECTION ( 'NONE',  ( 0.0000000000000000000, 1.000000000000000000, 0.0000000000000000000 ) ) ;
#8001 = ORIENTED_EDGE ( 'NONE', *, *, #5869, .F. ) ;
#8002 = ORIENTED_EDGE ( 'NONE', *, *, #8857, .T. ) ;
#8003 = EDGE_CURVE ( 'NONE', #181, #6817, #4882, .T. ) ;
#8004 = ORIENTED_EDGE ( 'NONE', *, *, #8186, .T. ) ;
#8005 = AXIS2_PLACEMENT_3D ( 'NONE', #8557, #9395, #4441 ) ;
#8006 = CARTESIAN_POINT ( 'NONE',  ( -30.33025804561337700, 3.400000000000023900, -30.20000000000000300 ) ) ;
#8007 = LINE ( 'NONE', #6927, #10203 ) ;
#8008 = CIRCLE ( 'NONE', #1067, 0.1000000000000011300 ) ;
#8009 = CARTESIAN_POINT ( 'NONE',  ( -0.09384728702841399500, 33.64605015248808000, 9.404425776143037700 ) ) ;
#8010 = CARTESIAN_POINT ( 'NONE',  ( 12.61202537022329500, -2.826794919243119400, -10.93117914242403400 ) ) ;
#8011 = ORIENTED_EDGE ( 'NONE', *, *, #1883, .T. ) ;
#8012 = DIRECTION ( 'NONE',  ( 0.6601821655035330400, -0.7511055241116697500, 4.494953490014923200E-015 ) ) ;
#8013 = DIRECTION ( 'NONE',  ( 0.0000000000000000000, -1.000000000000000000, 0.0000000000000000000 ) ) ;
#8014 = VECTOR ( 'NONE', #10120, 1000.000000000000100 ) ;
#8015 = CARTESIAN_POINT ( 'NONE',  ( 3.900000000000005200, 52.29999999999999700, -10.70000000000000300 ) ) ;
#8016 = CARTESIAN_POINT ( 'NONE',  ( 13.22637924612159700, 3.877019100831973700, 12.86570737062552700 ) ) ;
#8017 = ORIENTED_EDGE ( 'NONE', *, *, #5516, .F. ) ;
#8018 = VECTOR ( 'NONE', #2743, 1000.000000000000000 ) ;
#8019 = EDGE_CURVE ( 'NONE', #1730, #2729, #9032, .T. ) ;
#8020 = VECTOR ( 'NONE', #1167, 1000.000000000000100 ) ;
#8021 = ORIENTED_EDGE ( 'NONE', *, *, #286, .F. ) ;
#8022 = LINE ( 'NONE', #10399, #3865 ) ;
#8023 = AXIS2_PLACEMENT_3D ( 'NONE', #6678, #525, #8399 ) ;
#8024 = CARTESIAN_POINT ( 'NONE',  ( 13.24847569949791100, 3.816309594128183900, -13.67917881967663800 ) ) ;
#8025 = CARTESIAN_POINT ( 'NONE',  ( -8.948805684721969900, 52.81990284774145300, -34.20000000000001700 ) ) ;
#8026 = ORIENTED_EDGE ( 'NONE', *, *, #5038, .T. ) ;
#8027 = CARTESIAN_POINT ( 'NONE',  ( 3.964596217054239300, 52.80004289094574700, 10.88355492215455600 ) ) ;
#8028 = DIRECTION ( 'NONE',  ( 0.0000000000000000000, 0.0000000000000000000, 1.000000000000000000 ) ) ;
#8029 = VECTOR ( 'NONE', #3659, 1000.000000000000000 ) ;
#8030 = VERTEX_POINT ( 'NONE', #2948 ) ;
#8031 = EDGE_CURVE ( 'NONE', #10224, #1485, #202, .T. ) ;
#8032 = VECTOR ( 'NONE', #4708, 1000.000000000000000 ) ;
#8033 = ORIENTED_EDGE ( 'NONE', *, *, #5466, .F. ) ;
#8034 = ORIENTED_EDGE ( 'NONE', *, *, #6932, .F. ) ;
#8035 = ORIENTED_EDGE ( 'NONE', *, *, #7890, .T. ) ;
#8036 = EDGE_CURVE ( 'NONE', #3343, #9213, #7759, .T. ) ;
#8037 = CARTESIAN_POINT ( 'NONE',  ( 8.158845726811986100, 50.10717967697243600, 9.400000000000002100 ) ) ;
#8038 = VERTEX_POINT ( 'NONE', #1276 ) ;
#8039 = ADVANCED_FACE ( 'NONE', ( #4367 ), #5834, .F. ) ;
#8040 = CARTESIAN_POINT ( 'NONE',  ( -5.153871044417608800, 52.79999999999999700, -10.86708516314920600 ) ) ;
#8041 = AXIS2_PLACEMENT_3D ( 'NONE', #9877, #1557, #9515 ) ;
#8042 = CARTESIAN_POINT ( 'NONE',  ( -9.799999999999993600, 52.79999999999999700, -9.400000000000002100 ) ) ;
#8043 = DIRECTION ( 'NONE',  ( 0.6601821655035222700, 0.7511055241116789700, 0.0000000000000000000 ) ) ;
#8044 = LINE ( 'NONE', #4490, #1398 ) ;
#8045 = DIRECTION ( 'NONE',  ( 1.000000000000000000, -0.0000000000000000000, 2.344220913482171700E-016 ) ) ;
#8046 = LINE ( 'NONE', #10504, #3883 ) ;
#8047 = ORIENTED_EDGE ( 'NONE', *, *, #6728, .T. ) ;
#8048 = DIRECTION ( 'NONE',  ( 0.6601821655035385900, 0.7511055241116648700, -0.0000000000000000000 ) ) ;
#8049 = EDGE_CURVE ( 'NONE', #424, #2917, #2122, .T. ) ;
#8050 = DIRECTION ( 'NONE',  ( -1.000000000000000000, 0.0000000000000000000, -3.212450881438533200E-016 ) ) ;
#8051 = PLANE ( 'NONE',  #5266 ) ;
#8052 = DIRECTION ( 'NONE',  ( -0.0000000000000000000, 0.0000000000000000000, 1.000000000000000000 ) ) ;
#8053 = CARTESIAN_POINT ( 'NONE',  ( -1.263324958071080100, 28.80000000000000100, -11.49999999999999600 ) ) ;
#8054 = FACE_OUTER_BOUND ( 'NONE', #7947, .T. ) ;
#8055 = CARTESIAN_POINT ( 'NONE',  ( -9.799999999999993600, 30.30000000000000800, -11.00000000000000400 ) ) ;
#8056 = EDGE_LOOP ( 'NONE', ( #4062, #9028, #4579, #1951, #5825 ) ) ;
#8057 = AXIS2_PLACEMENT_3D ( 'NONE', #8284, #4952, #3285 ) ;
#8058 = ORIENTED_EDGE ( 'NONE', *, *, #7214, .F. ) ;
#8059 = VERTEX_POINT ( 'NONE', #9704 ) ;
#8060 = CARTESIAN_POINT ( 'NONE',  ( -4.660526354612870600, 52.79999999999999700, -10.70000000000000300 ) ) ;
#8061 = FACE_OUTER_BOUND ( 'NONE', #4387, .T. ) ;
#8062 = DIRECTION ( 'NONE',  ( 0.5572287860611497800, 0.0000000000000000000, -0.8303590066861545900 ) ) ;
#8063 = DIRECTION ( 'NONE',  ( -1.000000000000000000, 0.0000000000000000000, 0.0000000000000000000 ) ) ;
#8064 = VECTOR ( 'NONE', #471, 1000.000000000000000 ) ;
#8065 = CARTESIAN_POINT ( 'NONE',  ( -3.599999999999999200, 34.54999999999999700, -12.60000000000000300 ) ) ;
#8066 = VERTEX_POINT ( 'NONE', #10549 ) ;
#8067 = EDGE_LOOP ( 'NONE', ( #7815, #8611 ) ) ;
#8068 = ORIENTED_EDGE ( 'NONE', *, *, #7639, .T. ) ;
#8069 = EDGE_CURVE ( 'NONE', #4968, #7545, #4632, .T. ) ;
#8070 = PRODUCT_CONTEXT ( 'NONE', #3895, 'mechanical' ) ;
#8071 = CIRCLE ( 'NONE', #682, 11.30000000000000200 ) ;
#8072 = DIRECTION ( 'NONE',  ( 0.0000000000000000000, 1.000000000000000000, 0.0000000000000000000 ) ) ;
#8073 = CARTESIAN_POINT ( 'NONE',  ( -0.6740879530051496800, 50.79999999999999700, -9.800000000000009600 ) ) ;
#8074 = CARTESIAN_POINT ( 'NONE',  ( -5.414988502441545400, 52.65837018413704100, -10.76666666666666900 ) ) ;
#8075 = AXIS2_PLACEMENT_3D ( 'NONE', #648, #9047, #8979 ) ;
#8076 = LINE ( 'NONE', #5861, #1163 ) ;
#8077 = CARTESIAN_POINT ( 'NONE',  ( 17.51563868756141700, 52.81990284774145300, 18.23833840126218700 ) ) ;
#8078 = DIRECTION ( 'NONE',  ( -1.000000000000000000, 0.0000000000000000000, -0.0000000000000000000 ) ) ;
#8079 = CARTESIAN_POINT ( 'NONE',  ( -4.599999999999994300, 52.73947364538715000, -10.90000000000000400 ) ) ;
#8080 = EDGE_LOOP ( 'NONE', ( #670, #4047, #8033, #4502, #4336, #8421 ) ) ;
#8081 = ORIENTED_EDGE ( 'NONE', *, *, #8438, .F. ) ;
#8082 = VECTOR ( 'NONE', #4040, 1000.000000000000000 ) ;
#8083 = DIRECTION ( 'NONE',  ( 0.0000000000000000000, -0.0000000000000000000, -1.000000000000000000 ) ) ;
#8084 =( BOUNDED_CURVE ( )  B_SPLINE_CURVE ( 3, ( #7657, #3504, #208, #6038 ),
 .UNSPECIFIED., .F., .T. ) 
 B_SPLINE_CURVE_WITH_KNOTS ( ( 4, 4 ),
 ( 6.226372143321245100, 6.283185307179584500 ),
 .UNSPECIFIED. ) 
 CURVE ( )  GEOMETRIC_REPRESENTATION_ITEM ( )  RATIONAL_B_SPLINE_CURVE ( ( 1.000000000000000000, 0.9997310401211670900, 0.9997310401211670900, 1.000000000000000000 ) ) 
 REPRESENTATION_ITEM ( '' )  );
#8085 = DIRECTION ( 'NONE',  ( 1.807003620809174600E-015, 0.0000000000000000000, -1.000000000000000000 ) ) ;
#8086 = EDGE_CURVE ( 'NONE', #5760, #2994, #8505, .T. ) ;
#8087 = CARTESIAN_POINT ( 'NONE',  ( -4.753890211822050700, 52.69377763810278700, 10.90000000000001500 ) ) ;
#8088 = CARTESIAN_POINT ( 'NONE',  ( -31.19780771448754600, 0.0000000000000000000, -2.574980159653073000E-015 ) ) ;
#8089 = CARTESIAN_POINT ( 'NONE',  ( 0.0000000000000000000, 0.0000000000000000000, -9.800000000000002500 ) ) ;
#8090 = LINE ( 'NONE', #1435, #5892 ) ;
#8091 = ADVANCED_FACE ( 'NONE', ( #10450 ), #3089, .F. ) ;
#8092 = ORIENTED_EDGE ( 'NONE', *, *, #4585, .T. ) ;
#8093 = ORIENTED_EDGE ( 'NONE', *, *, #4836, .T. ) ;
#8094 = DIRECTION ( 'NONE',  ( -1.000000000000000000, 0.0000000000000000000, 0.0000000000000000000 ) ) ;
#8095 = EDGE_CURVE ( 'NONE', #10500, #140, #9207, .T. ) ;
#8096 = CARTESIAN_POINT ( 'NONE',  ( -4.599999999999994300, 52.29999999999999700, -10.90000000000000400 ) ) ;
#8097 = DIRECTION ( 'NONE',  ( 0.0000000000000000000, 0.0000000000000000000, 1.000000000000000000 ) ) ;
#8098 = PLANE ( 'NONE',  #5665 ) ;
#8099 = CARTESIAN_POINT ( 'NONE',  ( 0.1500000000000069600, 30.80000000000000400, -12.60000000000000300 ) ) ;
#8100 = FACE_OUTER_BOUND ( 'NONE', #6355, .T. ) ;
#8101 = ORIENTED_EDGE ( 'NONE', *, *, #3150, .T. ) ;
#8102 = PLANE ( 'NONE',  #3733 ) ;
#8103 = EDGE_CURVE ( 'NONE', #9034, #4582, #3746, .T. ) ;
#8104 = ORIENTED_EDGE ( 'NONE', *, *, #4352, .T. ) ;
#8105 = VERTEX_POINT ( 'NONE', #7324 ) ;
#8106 = ADVANCED_FACE ( 'NONE', ( #6315 ), #1600, .T. ) ;
#8107 = CARTESIAN_POINT ( 'NONE',  ( 12.61202537022329500, -3.000000000000000000, -10.93117914242403400 ) ) ;
#8108 = LINE ( 'NONE', #765, #1457 ) ;
#8109 = EDGE_CURVE ( 'NONE', #9169, #5521, #1856, .T. ) ;
#8110 = ORIENTED_EDGE ( 'NONE', *, *, #5570, .T. ) ;
#8111 = VERTEX_POINT ( 'NONE', #9814 ) ;
#8112 = CARTESIAN_POINT ( 'NONE',  ( -4.698788260581775200, 52.03375334352229900, 10.76666675551936000 ) ) ;
#8113 = EDGE_CURVE ( 'NONE', #10233, #7074, #7990, .T. ) ;
#8114 = AXIS2_PLACEMENT_3D ( 'NONE', #10356, #7076, #2072 ) ;
#8115 = CARTESIAN_POINT ( 'NONE',  ( -36.92951361799882900, -1.341980636963815000, 33.60000000000002300 ) ) ;
#8116 = VECTOR ( 'NONE', #128, 1000.000000000000000 ) ;
#8117 = CARTESIAN_POINT ( 'NONE',  ( 13.47776106818933300, 3.432305253756973200, -13.18199051764018700 ) ) ;
#8118 = DIRECTION ( 'NONE',  ( 1.000000000000000000, 0.0000000000000000000, 0.0000000000000000000 ) ) ;
#8119 = CARTESIAN_POINT ( 'NONE',  ( -0.5999999999999944300, 50.79999999999999700, 10.50000000000000000 ) ) ;
#8120 = VERTEX_POINT ( 'NONE', #5699 ) ;
#8121 = CARTESIAN_POINT ( 'NONE',  ( -35.19570474352801900, 3.400000000000027900, -0.1297167454537022400 ) ) ;
#8122 = AXIS2_PLACEMENT_3D ( 'NONE', #1699, #7496, #5034 ) ;
#8123 = CARTESIAN_POINT ( 'NONE',  ( 4.271611949929316600, 52.79999999999999700, -10.90000000000000400 ) ) ;
#8124 = ORIENTED_EDGE ( 'NONE', *, *, #10116, .T. ) ;
#8125 = CARTESIAN_POINT ( 'NONE',  ( -27.30062427347580500, 3.000000000000000900, 24.73589838486222400 ) ) ;
#8126 = VERTEX_POINT ( 'NONE', #686 ) ;
#8127 = CARTESIAN_POINT ( 'NONE',  ( -0.5999999999999954300, 33.80000000000000400, -12.60000000000000300 ) ) ;
#8128 = CYLINDRICAL_SURFACE ( 'NONE', #5990, 9.841154273188022800 ) ;
#8129 = ORIENTED_EDGE ( 'NONE', *, *, #2653, .F. ) ;
#8130 = VERTEX_POINT ( 'NONE', #8187 ) ;
#8131 = CARTESIAN_POINT ( 'NONE',  ( -4.599999999999992500, 3.400000000000023900, -26.20000000000000300 ) ) ;
#8133 = EDGE_LOOP ( 'NONE', ( #10273, #5189, #8607, #2988 ) ) ;
#8132 = CARTESIAN_POINT ( 'NONE',  ( -2.599999999999989900, 33.05000000000000400, 14.60000000000000100 ) ) ;
#8134 = DIRECTION ( 'NONE',  ( -3.212450881438533700E-016, -3.709418762314009500E-016, 1.000000000000000000 ) ) ;
#8135 = EDGE_CURVE ( 'NONE', #9282, #5816, #3826, .T. ) ;
#8136 = EDGE_LOOP ( 'NONE', ( #5133, #358, #9290, #9996 ) ) ;
#8137 = DIRECTION ( 'NONE',  ( 0.0000000000000000000, 1.000000000000000000, 2.503857664561900200E-015 ) ) ;
#8138 = FACE_OUTER_BOUND ( 'NONE', #7259, .T. ) ;
#8139 = ORIENTED_EDGE ( 'NONE', *, *, #4631, .F. ) ;
#8140 = CARTESIAN_POINT ( 'NONE',  ( 13.40000000000000600, 3.400000000000023900, -19.80000000000000100 ) ) ;
#8141 = ADVANCED_FACE ( 'NONE', ( #3570 ), #5543, .T. ) ;
#8142 = DIRECTION ( 'NONE',  ( -0.0000000000000000000, -1.000000000000000000, -0.0000000000000000000 ) ) ;
#8143 = VECTOR ( 'NONE', #828, 1000.000000000000000 ) ;
#8144 = FACE_OUTER_BOUND ( 'NONE', #7892, .T. ) ;
#8145 = VECTOR ( 'NONE', #5820, 1000.000000000000200 ) ;
#8146 = VECTOR ( 'NONE', #9622, 1000.000000000000000 ) ;
#8147 = AXIS2_PLACEMENT_3D ( 'NONE', #2829, #4534, #7896 ) ;
#8148 = ORIENTED_EDGE ( 'NONE', *, *, #10681, .F. ) ;
#8149 = CARTESIAN_POINT ( 'NONE',  ( -33.73576973346460800, 52.81990284774145300, 34.20000000000000300 ) ) ;
#8150 = ORIENTED_EDGE ( 'NONE', *, *, #460, .T. ) ;
#8151 = CARTESIAN_POINT ( 'NONE',  ( -4.599999999999994300, 38.80000000000000400, -10.90000000000000400 ) ) ;
#8152 = DIRECTION ( 'NONE',  ( 0.0000000000000000000, -1.000000000000000000, 0.0000000000000000000 ) ) ;
#8153 = FACE_OUTER_BOUND ( 'NONE', #10566, .T. ) ;
#8154 = ORIENTED_EDGE ( 'NONE', *, *, #9075, .F. ) ;
#8155 = CARTESIAN_POINT ( 'NONE',  ( -4.599999999999997900, 3.400000000000023900, 20.78045616494988900 ) ) ;
#8156 = ADVANCED_FACE ( 'NONE', ( #1347 ), #4891, .T. ) ;
#8157 = CARTESIAN_POINT ( 'NONE',  ( 5.400000000000005700, 20.74968880069896200, 10.90000000000000400 ) ) ;
#8158 = VECTOR ( 'NONE', #10037, 1000.000000000000000 ) ;
#8159 = EDGE_CURVE ( 'NONE', #4724, #2023, #3284, .T. ) ;
#8160 = ORIENTED_EDGE ( 'NONE', *, *, #6012, .F. ) ;
#8161 = EDGE_CURVE ( 'NONE', #4200, #4846, #7737, .T. ) ;
#8162 = AXIS2_PLACEMENT_3D ( 'NONE', #1901, #7746, #2750 ) ;
#8163 = LINE ( 'NONE', #1541, #9843 ) ;
#8164 = LINE ( 'NONE', #2635, #3201 ) ;
#8165 = DIRECTION ( 'NONE',  ( -1.000000000000000000, -3.083952846180984600E-015, 0.0000000000000000000 ) ) ;
#8166 = DIRECTION ( 'NONE',  ( 0.0000000000000000000, -1.000000000000000000, 0.0000000000000000000 ) ) ;
#8167 = ORIENTED_EDGE ( 'NONE', *, *, #9676, .F. ) ;
#8168 = CARTESIAN_POINT ( 'NONE',  ( -4.741629815862939500, 52.61498850244153400, 10.76666666666667100 ) ) ;
#8169 = CARTESIAN_POINT ( 'NONE',  ( -4.567070804307391500, 3.309527778394261600, -20.20961351105220400 ) ) ;
#8170 = EDGE_LOOP ( 'NONE', ( #1098, #7585, #6075, #8679 ) ) ;
#8171 = EDGE_CURVE ( 'NONE', #4097, #6677, #6064, .T. ) ;
#8172 = VECTOR ( 'NONE', #6275, 1000.000000000000000 ) ;
#8173 = VECTOR ( 'NONE', #10759, 1000.000000000000000 ) ;
#8174 = EDGE_CURVE ( 'NONE', #10574, #1209, #1083, .T. ) ;
#8175 = CARTESIAN_POINT ( 'NONE',  ( -4.599999999999992500, 3.400000000000023900, -19.80000000000000100 ) ) ;
#8176 = AXIS2_PLACEMENT_3D ( 'NONE', #3596, #7779, #2782 ) ;
#8177 = CARTESIAN_POINT ( 'NONE',  ( -4.599999999999994300, 52.79999999999999700, -10.90000000000000400 ) ) ;
#8178 = CARTESIAN_POINT ( 'NONE',  ( -5.769439126635668400, -1.645032126766337900, -33.60564510578235100 ) ) ;
#8179 = EDGE_LOOP ( 'NONE', ( #5683, #5537, #9524, #4884 ) ) ;
#8180 = CARTESIAN_POINT ( 'NONE',  ( -4.698788260581740600, 52.56624665647766600, -10.76666675551937900 ) ) ;
#8181 = CARTESIAN_POINT ( 'NONE',  ( 23.95626156566004300, 0.0000000000000000000, -4.650806381693394400 ) ) ;
#8182 = VECTOR ( 'NONE', #1002, 1000.000000000000000 ) ;
#8183 = DIRECTION ( 'NONE',  ( -0.0000000000000000000, -1.000000000000000000, -0.0000000000000000000 ) ) ;
#8184 = VECTOR ( 'NONE', #5856, 1000.000000000000000 ) ;
#8185 = CARTESIAN_POINT ( 'NONE',  ( 3.800000000000003800, 5.000000000000018700, 12.60000000000000100 ) ) ;
#8186 = EDGE_CURVE ( 'NONE', #6677, #6280, #3029, .T. ) ;
#8187 = CARTESIAN_POINT ( 'NONE',  ( -4.606871369612483700, 3.418878932851070500, -26.43435814724387000 ) ) ;
#8188 = DIRECTION ( 'NONE',  ( 0.4980973490458814900, -0.8660254037844336000, -0.04357787137383171300 ) ) ;
#8189 = ORIENTED_EDGE ( 'NONE', *, *, #5279, .F. ) ;
#8190 = DIRECTION ( 'NONE',  ( 0.0000000000000000000, 0.0000000000000000000, -1.000000000000000000 ) ) ;
#8191 = CARTESIAN_POINT ( 'NONE',  ( 7.000000000000005300, 33.79999999999999700, 9.400000000000002100 ) ) ;
#8192 = CARTESIAN_POINT ( 'NONE',  ( -9.799999999999993600, 30.30000000000003600, 11.00000000000000400 ) ) ;
#8193 = AXIS2_PLACEMENT_3D ( 'NONE', #10738, #5792, #779 ) ;
#8194 = CIRCLE ( 'NONE', #825, 8.799999999999998900 ) ;
#8195 = ADVANCED_FACE ( 'NONE', ( #7467 ), #570, .T. ) ;
#8196 = VECTOR ( 'NONE', #9072, 1000.000000000000000 ) ;
#8197 = EDGE_CURVE ( 'NONE', #7918, #4604, #7220, .T. ) ;
#8198 = ORIENTED_EDGE ( 'NONE', *, *, #2962, .F. ) ;
#8199 = DIRECTION ( 'NONE',  ( -0.0000000000000000000, 1.000000000000000000, -0.0000000000000000000 ) ) ;
#8200 = LINE ( 'NONE', #7032, #6273 ) ;
#8201 = ADVANCED_FACE ( 'NONE', ( #9416 ), #7460, .F. ) ;
#8202 = LINE ( 'NONE', #3310, #4057 ) ;
#8203 = CARTESIAN_POINT ( 'NONE',  ( -36.92951361799882200, -1.500000000000000000, 33.60000000000001600 ) ) ;
#8204 = AXIS2_PLACEMENT_3D ( 'NONE', #9894, #4939, #10733 ) ;
#8205 = ORIENTED_EDGE ( 'NONE', *, *, #6995, .T. ) ;
#8206 = CARTESIAN_POINT ( 'NONE',  ( -1.349999999999996100, 30.80000000000000400, -12.60000000000000300 ) ) ;
#8207 = CARTESIAN_POINT ( 'NONE',  ( -8.948805684721941500, -2.648912529307726700, -34.20000000000001000 ) ) ;
#8208 = ORIENTED_EDGE ( 'NONE', *, *, #2636, .T. ) ;
#8209 =( BOUNDED_CURVE ( )  B_SPLINE_CURVE ( 3, ( #6611, #2444, #8268, #3269 ),
 .UNSPECIFIED., .F., .F. ) 
 B_SPLINE_CURVE_WITH_KNOTS ( ( 4, 4 ),
 ( 6.254520752134033600, 6.311849862225130000 ),
 .UNSPECIFIED. ) 
 CURVE ( )  GEOMETRIC_REPRESENTATION_ITEM ( )  RATIONAL_B_SPLINE_CURVE ( ( 1.000000000000000000, 0.9997261331808264800, 0.9997261331808264800, 1.000000000000000000 ) ) 
 REPRESENTATION_ITEM ( '' )  );
#8210 = ORIENTED_EDGE ( 'NONE', *, *, #10239, .T. ) ;
#8211 = CARTESIAN_POINT ( 'NONE',  ( -0.5999999999999938700, 50.79999999999999700, -9.800000000000007800 ) ) ;
#8212 = ORIENTED_EDGE ( 'NONE', *, *, #7676, .T. ) ;
#8213 = VECTOR ( 'NONE', #10083, 1000.000000000000000 ) ;
#8214 = ORIENTED_EDGE ( 'NONE', *, *, #572, .T. ) ;
#8215 = CARTESIAN_POINT ( 'NONE',  ( -1.359863546191189200, 33.79999999999999700, -8.979274057836294200 ) ) ;
#8216 = ORIENTED_EDGE ( 'NONE', *, *, #9002, .T. ) ;
#8217 = CARTESIAN_POINT ( 'NONE',  ( 36.00000000000000700, 0.0000000000000000000, -4.650806381693396200 ) ) ;
#8218 = ORIENTED_EDGE ( 'NONE', *, *, #8316, .F. ) ;
#8219 = ORIENTED_EDGE ( 'NONE', *, *, #5122, .T. ) ;
#8220 = EDGE_CURVE ( 'NONE', #2531, #7936, #2774, .T. ) ;
#8221 = CARTESIAN_POINT ( 'NONE',  ( -4.656796983508713500, 52.51847209782357600, 10.76666666666667100 ) ) ;
#8222 = AXIS2_PLACEMENT_3D ( 'NONE', #188, #9331, #2573 ) ;
#8223 = CARTESIAN_POINT ( 'NONE',  ( -9.799999999999993600, 50.10717967697243600, 9.400000000000002100 ) ) ;
#8224 = CARTESIAN_POINT ( 'NONE',  ( 13.40000000000000600, 3.400000000000023900, -13.63872488759778700 ) ) ;
#8225 = ORIENTED_EDGE ( 'NONE', *, *, #3021, .F. ) ;
#8226 = VECTOR ( 'NONE', #7760, 1000.000000000000000 ) ;
#8227 = ORIENTED_EDGE ( 'NONE', *, *, #2434, .T. ) ;
#8228 = ORIENTED_EDGE ( 'NONE', *, *, #8273, .F. ) ;
#8229 = VERTEX_POINT ( 'NONE', #4998 ) ;
#8230 = EDGE_CURVE ( 'NONE', #2531, #9641, #322, .T. ) ;
#8231 = DIRECTION ( 'NONE',  ( 0.0000000000000000000, -0.0000000000000000000, -1.000000000000000000 ) ) ;
#8232 = PLANE ( 'NONE',  #8204 ) ;
#8233 = CARTESIAN_POINT ( 'NONE',  ( -43.66460074645780800, -2.826794919243119400, -12.88161877810431100 ) ) ;
#8234 = DIRECTION ( 'NONE',  ( -1.000000000000000000, 0.0000000000000000000, 0.0000000000000000000 ) ) ;
#8235 = CARTESIAN_POINT ( 'NONE',  ( -5.755061800187110800, -1.421531042451092100, 33.60000000000000100 ) ) ;
#8236 = DIRECTION ( 'NONE',  ( 0.0000000000000000000, 0.0000000000000000000, 1.000000000000000000 ) ) ;
#8237 = EDGE_CURVE ( 'NONE', #11, #7862, #4766, .T. ) ;
#8238 = LINE ( 'NONE', #6791, #3557 ) ;
#8239 = AXIS2_PLACEMENT_3D ( 'NONE', #8140, #1477, #6481 ) ;
#8240 = VERTEX_POINT ( 'NONE', #1662 ) ;
#8241 = EDGE_LOOP ( 'NONE', ( #137, #4725, #3543, #8148, #6926 ) ) ;
#8242 = ORIENTED_EDGE ( 'NONE', *, *, #72, .T. ) ;
#8243 = ADVANCED_FACE ( 'NONE', ( #4498 ), #8638, .F. ) ;
#8244 = CARTESIAN_POINT ( 'NONE',  ( 5.400000000000005700, 0.0000000000000000000, -7.800000000000003400 ) ) ;
#8245 = VECTOR ( 'NONE', #10649, 1000.000000000000000 ) ;
#8246 = EDGE_CURVE ( 'NONE', #216, #5236, #6701, .T. ) ;
#8247 = CARTESIAN_POINT ( 'NONE',  ( -4.598282157597498800, 3.395280266788989600, -20.74141046318840500 ) ) ;
#8248 = VERTEX_POINT ( 'NONE', #4198 ) ;
#8249 = DIRECTION ( 'NONE',  ( 0.0000000000000000000, -1.000000000000000000, 0.0000000000000000000 ) ) ;
#8250 = EDGE_LOOP ( 'NONE', ( #2160, #4112, #997, #7615, #5612 ) ) ;
#8251 = EDGE_LOOP ( 'NONE', ( #346, #194, #4460, #479 ) ) ;
#8252 = VERTEX_POINT ( 'NONE', #5035 ) ;
#8253 = EDGE_CURVE ( 'NONE', #6343, #7274, #6961, .T. ) ;
#8254 = CARTESIAN_POINT ( 'NONE',  ( -1.275961018944211200, 34.15187462544293600, 9.507163358451117900 ) ) ;
#8255 = AXIS2_PLACEMENT_3D ( 'NONE', #1122, #2794, #8615 ) ;
#8256 = DIRECTION ( 'NONE',  ( 0.0000000000000000000, 0.0000000000000000000, -1.000000000000000000 ) ) ;
#8257 = DIRECTION ( 'NONE',  ( 0.0000000000000000000, -1.000000000000000000, 0.0000000000000000000 ) ) ;
#8258 = DIRECTION ( 'NONE',  ( 1.000000000000000000, 0.0000000000000000000, 1.548860246407863300E-016 ) ) ;
#8259 = ADVANCED_FACE ( 'NONE', ( #65 ), #6674, .F. ) ;
#8260 = VECTOR ( 'NONE', #4102, 1000.000000000000000 ) ;
#8261 = AXIS2_PLACEMENT_3D ( 'NONE', #9367, #1069, #6916 ) ;
#8262 = CARTESIAN_POINT ( 'NONE',  ( 7.935898384862225500, 3.000000000000000400, 1.042923426605070600E-015 ) ) ;
#8263 = EDGE_LOOP ( 'NONE', ( #1517, #1306, #5108 ) ) ;
#8264 = ORIENTED_EDGE ( 'NONE', *, *, #10528, .T. ) ;
#8265 = LINE ( 'NONE', #1980, #1367 ) ;
#8266 = LINE ( 'NONE', #7832, #7757 ) ;
#8267 = TOROIDAL_SURFACE ( 'NONE', #4384, 0.6656854249492388800, 0.2000000000000000100 ) ;
#8268 = CARTESIAN_POINT ( 'NONE',  ( -33.19732171148503100, -3.000000000000000400, 0.04778080191426666000 ) ) ;
#8269 = DIRECTION ( 'NONE',  ( 0.0000000000000000000, 1.000000000000000000, 0.0000000000000000000 ) ) ;
#8270 = ORIENTED_EDGE ( 'NONE', *, *, #4243, .F. ) ;
#8271 = DIRECTION ( 'NONE',  ( 0.0000000000000000000, 0.0000000000000000000, 1.000000000000000000 ) ) ;
#8272 = CARTESIAN_POINT ( 'NONE',  ( 3.846128955584409100, 52.79999999999999700, 10.86708516314591200 ) ) ;
#8273 = EDGE_CURVE ( 'NONE', #8844, #408, #7089, .T. ) ;
#8274 = CARTESIAN_POINT ( 'NONE',  ( -6.833547041299659100, -0.5796634792566541800, 33.94327160016922600 ) ) ;
#8275 = VERTEX_POINT ( 'NONE', #91 ) ;
#8276 = B_SPLINE_CURVE_WITH_KNOTS ( 'NONE', 3,
 ( #3621, #1170, #1996, #7836, #2837, #8677, #3692, #9499, #4550, #10323 ),
 .UNSPECIFIED., .F., .F.,
 ( 4, 2, 2, 2, 4 ),
 ( 1.084202172485504400E-019, 0.0002185256930797021500, 0.0004370513861594041900, 0.0008741027723188246400, 0.001748205544637665300 ),
 .UNSPECIFIED. ) ;
#8277 = LINE ( 'NONE', #5771, #4127 ) ;
#8278 = LINE ( 'NONE', #7006, #8020 ) ;
#8279 = VECTOR ( 'NONE', #2038, 1000.000000000000000 ) ;
#8280 = VERTEX_POINT ( 'NONE', #3409 ) ;
#8281 = DIRECTION ( 'NONE',  ( 1.000000000000000000, 0.0000000000000000000, 0.0000000000000000000 ) ) ;
#8282 = CARTESIAN_POINT ( 'NONE',  ( 7.935898384862229100, 5.000000000000018700, -11.00000000000000400 ) ) ;
#8283 = VECTOR ( 'NONE', #1854, 999.9999999999998900 ) ;
#8284 = CARTESIAN_POINT ( 'NONE',  ( -5.099999999999995200, 52.29999999999999700, -10.90000000000000400 ) ) ;
#8285 = EDGE_CURVE ( 'NONE', #1988, #9305, #6440, .T. ) ;
#8286 = EDGE_LOOP ( 'NONE', ( #9251, #1809, #8021, #6695 ) ) ;
#8287 = EDGE_LOOP ( 'NONE', ( #10491, #9526, #771, #6397 ) ) ;
#8288 = LINE ( 'NONE', #473, #3877 ) ;
#8289 = CARTESIAN_POINT ( 'NONE',  ( 0.0000000000000000000, 33.79999999999999700, 8.954700538379247700 ) ) ;
#8290 = CARTESIAN_POINT ( 'NONE',  ( 7.662741699796959500, 30.30000000000002600, 11.00000000000000400 ) ) ;
#8291 = DIRECTION ( 'NONE',  ( 1.000000000000000000, -0.0000000000000000000, 0.0000000000000000000 ) ) ;
#8292 = CARTESIAN_POINT ( 'NONE',  ( 13.47776255830105900, 3.432305676345466200, 13.18198661470664100 ) ) ;
#8293 = DIRECTION ( 'NONE',  ( 1.000000000000000000, 0.0000000000000000000, -0.0000000000000000000 ) ) ;
#8294 = DIRECTION ( 'NONE',  ( 1.000000000000000000, 0.0000000000000000000, 0.0000000000000000000 ) ) ;
#8295 = VECTOR ( 'NONE', #3597, 999.9999999999998900 ) ;
#8296 = EDGE_CURVE ( 'NONE', #10634, #10545, #4225, .T. ) ;
#8297 = VECTOR ( 'NONE', #9626, 1000.000000000000000 ) ;
#8298 = ADVANCED_FACE ( 'NONE', ( #1982 ), #8371, .T. ) ;
#8299 = ORIENTED_EDGE ( 'NONE', *, *, #4280, .T. ) ;
#8300 = EDGE_CURVE ( 'NONE', #2197, #4196, #1725, .T. ) ;
#8301 = AXIS2_PLACEMENT_3D ( 'NONE', #6832, #1818, #7663 ) ;
#8302 = CARTESIAN_POINT ( 'NONE',  ( 5.400000000000005700, 52.81990284774145300, -9.800000000000002500 ) ) ;
#8303 = CARTESIAN_POINT ( 'NONE',  ( -8.599999999999992500, 0.0000000000000000000, -26.20000000000000300 ) ) ;
#8304 = DIRECTION ( 'NONE',  ( -0.0000000000000000000, -1.000000000000000000, -0.0000000000000000000 ) ) ;
#8305 = VECTOR ( 'NONE', #865, 1000.000000000000000 ) ;
#8306 = CARTESIAN_POINT ( 'NONE',  ( 4.928709305888714800, 3.000000000000000400, 14.18755315243462800 ) ) ;
#8307 = CARTESIAN_POINT ( 'NONE',  ( 6.936785082397757500, 33.79999999999999700, 8.954700538379247700 ) ) ;
#8308 = VECTOR ( 'NONE', #2110, 1000.000000000000000 ) ;
#8309 = DIRECTION ( 'NONE',  ( -0.0000000000000000000, 1.000000000000000000, 0.0000000000000000000 ) ) ;
#8310 = CARTESIAN_POINT ( 'NONE',  ( -3.531562100281529400, 30.30000000000000800, -11.00000000000000400 ) ) ;
#8311 = ORIENTED_EDGE ( 'NONE', *, *, #6130, .T. ) ;
#8312 = DIRECTION ( 'NONE',  ( 0.0000000000000000000, 0.3420201433256667700, -0.9396926207859090900 ) ) ;
#8313 = ADVANCED_FACE ( 'NONE', ( #3958 ), #160, .F. ) ;
#8314 = EDGE_CURVE ( 'NONE', #8962, #5405, #1469, .T. ) ;
#8315 = FACE_OUTER_BOUND ( 'NONE', #7930, .T. ) ;
#8316 = EDGE_CURVE ( 'NONE', #381, #2739, #3696, .T. ) ;
#8317 = CARTESIAN_POINT ( 'NONE',  ( 5.400000000000005700, 50.89999999999999900, 10.90000000000000400 ) ) ;
#8318 = LINE ( 'NONE', #6264, #3906 ) ;
#8319 = DIRECTION ( 'NONE',  ( 1.164362035342490300E-016, -0.9396926207859077600, 0.3420201433256704300 ) ) ;
#8320 = ORIENTED_EDGE ( 'NONE', *, *, #5744, .T. ) ;
#8321 = DIRECTION ( 'NONE',  ( 0.0000000000000000000, -1.000000000000000000, 0.0000000000000000000 ) ) ;
#8322 = DIRECTION ( 'NONE',  ( 0.7511055241116751900, 0.6601821655035267100, 0.0000000000000000000 ) ) ;
#8323 = ORIENTED_EDGE ( 'NONE', *, *, #8230, .T. ) ;
#8324 = VERTEX_POINT ( 'NONE', #4343 ) ;
#8325 = AXIS2_PLACEMENT_3D ( 'NONE', #2254, #8083, #3088 ) ;
#8326 = LINE ( 'NONE', #4649, #6138 ) ;
#8327 = CARTESIAN_POINT ( 'NONE',  ( -4.045192367383860300, -2.826794919243119400, 32.70715925883816800 ) ) ;
#8328 = EDGE_CURVE ( 'NONE', #1634, #7432, #3421, .T. ) ;
#8329 = VECTOR ( 'NONE', #7528, 1000.000000000000000 ) ;
#8330 = CARTESIAN_POINT ( 'NONE',  ( 2.884617092752027400, 1.749075841257020000, -9.284617092752023700 ) ) ;
#8331 = CARTESIAN_POINT ( 'NONE',  ( 3.980504244411808800, 2.413143434403548500, 14.67472018098503900 ) ) ;
#8332 = VERTEX_POINT ( 'NONE', #5196 ) ;
#8333 = CARTESIAN_POINT ( 'NONE',  ( -4.599957109087363900, 52.36459621704906900, 10.88355492213477800 ) ) ;
#8334 = CARTESIAN_POINT ( 'NONE',  ( -1.119680671875029000, 50.33260348984806100, 9.800000000000002500 ) ) ;
#8335 = ORIENTED_EDGE ( 'NONE', *, *, #4492, .T. ) ;
#8336 = EDGE_CURVE ( 'NONE', #7237, #3780, #5923, .T. ) ;
#8337 = LINE ( 'NONE', #2868, #3925 ) ;
#8338 = AXIS2_PLACEMENT_3D ( 'NONE', #1259, #7094, #2092 ) ;
#8339 = ORIENTED_EDGE ( 'NONE', *, *, #4778, .F. ) ;
#8340 = ORIENTED_EDGE ( 'NONE', *, *, #739, .F. ) ;
#8341 = DIRECTION ( 'NONE',  ( -1.000000000000000000, 0.0000000000000000000, 0.0000000000000000000 ) ) ;
#8342 = DIRECTION ( 'NONE',  ( 0.0000000000000000000, -0.0000000000000000000, -1.000000000000000000 ) ) ;
#8343 = DIRECTION ( 'NONE',  ( 0.3141328382098646000, 0.8921244774085890200, 0.3247067550370133500 ) ) ;
#8344 = CIRCLE ( 'NONE', #5652, 0.2000000000000020100 ) ;
#8345 = ORIENTED_EDGE ( 'NONE', *, *, #10038, .T. ) ;
#8346 = DIRECTION ( 'NONE',  ( 1.000000000000000000, -0.0000000000000000000, 4.336808689942014300E-016 ) ) ;
#8347 = DIRECTION ( 'NONE',  ( 0.0000000000000000000, -1.000000000000000000, 0.0000000000000000000 ) ) ;
#8348 = ORIENTED_EDGE ( 'NONE', *, *, #8363, .F. ) ;
#8349 = ORIENTED_EDGE ( 'NONE', *, *, #9945, .F. ) ;
#8350 = ADVANCED_FACE ( 'NONE', ( #10046 ), #3149, .F. ) ;
#8351 = CIRCLE ( 'NONE', #7517, 4.000000000000002700 ) ;
#8352 = AXIS2_PLACEMENT_3D ( 'NONE', #1390, #8881, #10511 ) ;
#8353 = ORIENTED_EDGE ( 'NONE', *, *, #4626, .F. ) ;
#8354 = DIRECTION ( 'NONE',  ( 1.000000000000000000, 0.0000000000000000000, 1.548860246407864100E-016 ) ) ;
#8355 = ORIENTED_EDGE ( 'NONE', *, *, #3611, .F. ) ;
#8356 = ORIENTED_EDGE ( 'NONE', *, *, #772, .F. ) ;
#8357 = CARTESIAN_POINT ( 'NONE',  ( 22.12840448295115800, -1.972113355653926500, 1.262435347200653800 ) ) ;
#8358 = CARTESIAN_POINT ( 'NONE',  ( 0.1500000000000043500, 36.80000000000000400, -13.00000000000000400 ) ) ;
#8359 = DIRECTION ( 'NONE',  ( 0.0000000000000000000, 0.0000000000000000000, 1.000000000000000000 ) ) ;
#8360 = VECTOR ( 'NONE', #1527, 1000.000000000000000 ) ;
#8361 = CARTESIAN_POINT ( 'NONE',  ( -0.5999999999999944300, 35.79999999999999700, 10.50000000000000000 ) ) ;
#8362 = CARTESIAN_POINT ( 'NONE',  ( -34.61526844602046500, 5.000000000000000000, 1.715480592091519500E-013 ) ) ;
#8363 = EDGE_CURVE ( 'NONE', #3575, #6267, #7592, .T. ) ;
#8364 = DIRECTION ( 'NONE',  ( -0.7511055241116747500, -0.6601821655035270400, -0.0000000000000000000 ) ) ;
#8365 = ADVANCED_FACE ( 'NONE', ( #9531 ), #6814, .F. ) ;
#8366 = CARTESIAN_POINT ( 'NONE',  ( 8.600000000000005000, 50.79999999999999700, 9.841154273188024600 ) ) ;
#8367 = AXIS2_PLACEMENT_3D ( 'NONE', #483, #2935, #9550 ) ;
#8368 = ORIENTED_EDGE ( 'NONE', *, *, #9489, .T. ) ;
#8369 = DIRECTION ( 'NONE',  ( -0.0000000000000000000, -0.0000000000000000000, -1.000000000000000000 ) ) ;
#8370 = ORIENTED_EDGE ( 'NONE', *, *, #10563, .F. ) ;
#8371 = TOROIDAL_SURFACE ( 'NONE', #2199, 0.09999999999999999200, 0.4000000000000000200 ) ;
#8372 = DIRECTION ( 'NONE',  ( -0.0000000000000000000, 0.0000000000000000000, 1.000000000000000000 ) ) ;
#8373 = CARTESIAN_POINT ( 'NONE',  ( 3.506222361897216800, 52.64610978817793100, 10.90000000000001600 ) ) ;
#8374 = ORIENTED_EDGE ( 'NONE', *, *, #2798, .F. ) ;
#8375 = EDGE_CURVE ( 'NONE', #6260, #4186, #5410, .T. ) ;
#8376 = CARTESIAN_POINT ( 'NONE',  ( 11.20000000000000100, 4.999999999999997300, 6.858022075225178600E-016 ) ) ;
#8378 = ORIENTED_EDGE ( 'NONE', *, *, #7948, .F. ) ;
#8377 = DIRECTION ( 'NONE',  ( 0.0000000000000000000, 0.0000000000000000000, 1.000000000000000000 ) ) ;
#8379 = ORIENTED_EDGE ( 'NONE', *, *, #7417, .F. ) ;
#8380 = CARTESIAN_POINT ( 'NONE',  ( 0.4000000000000110100, 33.80000000000000400, 15.00000000000000200 ) ) ;
#8381 = CARTESIAN_POINT ( 'NONE',  ( -6.599999999999993400, 52.79999999999999700, 11.30000000000000200 ) ) ;
#8382 = EDGE_CURVE ( 'NONE', #2815, #5292, #4467, .T. ) ;
#8383 = AXIS2_PLACEMENT_3D ( 'NONE', #5477, #3812, #4789 ) ;
#8384 = VECTOR ( 'NONE', #4440, 1000.000000000000000 ) ;
#8385 = ADVANCED_FACE ( 'NONE', ( #5141 ), #3565, .T. ) ;
#8386 = ORIENTED_EDGE ( 'NONE', *, *, #823, .T. ) ;
#8387 = ORIENTED_EDGE ( 'NONE', *, *, #2584, .F. ) ;
#8388 = AXIS2_PLACEMENT_3D ( 'NONE', #6943, #1926, #7770 ) ;
#8389 = ORIENTED_EDGE ( 'NONE', *, *, #7080, .F. ) ;
#8390 = CARTESIAN_POINT ( 'NONE',  ( -36.91052809140559500, -1.660636710431531800, -33.60743454481779900 ) ) ;
#8391 = CARTESIAN_POINT ( 'NONE',  ( 0.4000000000000110100, 33.80000000000000400, 14.60000000000000100 ) ) ;
#8392 = ORIENTED_EDGE ( 'NONE', *, *, #6599, .T. ) ;
#8393 = EDGE_CURVE ( 'NONE', #4751, #7064, #5658, .T. ) ;
#8394 = DIRECTION ( 'NONE',  ( 0.0000000000000000000, 1.000000000000000000, 0.0000000000000000000 ) ) ;
#8395 = DIRECTION ( 'NONE',  ( -0.7511055241116747500, -0.6601821655035270400, -0.0000000000000000000 ) ) ;
#8396 = VECTOR ( 'NONE', #9471, 1000.000000000000000 ) ;
#8397 = ORIENTED_EDGE ( 'NONE', *, *, #2167, .T. ) ;
#8398 = CARTESIAN_POINT ( 'NONE',  ( -11.19999999999999900, 50.79999999999999700, 6.641154273188020900 ) ) ;
#8399 = DIRECTION ( 'NONE',  ( 1.000000000000000000, 0.0000000000000000000, 0.0000000000000000000 ) ) ;
#8400 = CIRCLE ( 'NONE', #2394, 13.00000000000000400 ) ;
#8401 = VERTEX_POINT ( 'NONE', #302 ) ;
#8402 = VECTOR ( 'NONE', #1264, 1000.000000000000000 ) ;
#8403 = ADVANCED_FACE ( 'NONE', ( #7079 ), #6822, .T. ) ;
#8404 = ORIENTED_EDGE ( 'NONE', *, *, #1248, .F. ) ;
#8405 = B_SPLINE_CURVE_WITH_KNOTS ( 'NONE', 3,
 ( #4608, #9413, #10382, #5450, #442, #6276 ),
 .UNSPECIFIED., .F., .F.,
 ( 4, 2, 4 ),
 ( 0.0000000000000000000, 0.5000000000000000000, 1.000000000000000000 ),
 .UNSPECIFIED. ) ;
#8406 = FACE_OUTER_BOUND ( 'NONE', #2235, .T. ) ;
#8407 = ORIENTED_EDGE ( 'NONE', *, *, #1758, .F. ) ;
#8408 = DIRECTION ( 'NONE',  ( 0.0000000000000000000, -1.000000000000000000, 0.0000000000000000000 ) ) ;
#8409 = CARTESIAN_POINT ( 'NONE',  ( 3.400000000000004400, 52.37542809062340900, 10.89999999999476500 ) ) ;
#8410 = LINE ( 'NONE', #5895, #6223 ) ;
#8411 = CARTESIAN_POINT ( 'NONE',  ( -4.656796983508713500, 52.08152790217641800, -10.76666666666667100 ) ) ;
#8412 = DIRECTION ( 'NONE',  ( -0.05233595624294756800, 0.0000000000000000000, -0.9986295347545737200 ) ) ;
#8413 = DIRECTION ( 'NONE',  ( -0.0000000000000000000, -0.0000000000000000000, 1.000000000000000000 ) ) ;
#8414 = DIRECTION ( 'NONE',  ( 0.9986295347545736100, 0.0000000000000000000, 0.05233595624294763000 ) ) ;
#8415 = PLANE ( 'NONE',  #2253 ) ;
#8416 = ORIENTED_EDGE ( 'NONE', *, *, #1017, .T. ) ;
#8417 = ADVANCED_FACE ( 'NONE', ( #9276 ), #5479, .T. ) ;
#8418 = VECTOR ( 'NONE', #6437, 1000.000000000000000 ) ;
#8419 = VECTOR ( 'NONE', #4227, 1000.000000000000200 ) ;
#8420 = CARTESIAN_POINT ( 'NONE',  ( -5.175428090623486600, 52.79999999999999700, 10.89999999999476500 ) ) ;
#8421 = ORIENTED_EDGE ( 'NONE', *, *, #10239, .F. ) ;
#8422 = CARTESIAN_POINT ( 'NONE',  ( -34.96645759879594100, -0.4112508146314001700, -34.11893520873876200 ) ) ;
#8423 = DIRECTION ( 'NONE',  ( -1.000000000000000000, 0.0000000000000000000, -3.212450881438533200E-016 ) ) ;
#8424 = DIRECTION ( 'NONE',  ( 0.0000000000000000000, 0.5000000000000042200, -0.8660254037844361500 ) ) ;
#8425 = EDGE_CURVE ( 'NONE', #5870, #9907, #4874, .T. ) ;
#8426 = AXIS2_PLACEMENT_3D ( 'NONE', #4592, #3736, #8712 ) ;
#8427 = FACE_OUTER_BOUND ( 'NONE', #3680, .T. ) ;
#8428 = VECTOR ( 'NONE', #4929, 1000.000000000000000 ) ;
#8429 = DIRECTION ( 'NONE',  ( 0.2975678135365008600, -0.8267950454981724000, 0.4773503420830251800 ) ) ;
#8430 = DIRECTION ( 'NONE',  ( -1.000000000000000000, 0.0000000000000000000, 0.0000000000000000000 ) ) ;
#8431 = DIRECTION ( 'NONE',  ( 0.03309444466356214300, 0.0000000000000000000, 0.9994522288395830700 ) ) ;
#8432 = CARTESIAN_POINT ( 'NONE',  ( -4.992022598519534800, 52.78691979585988700, 10.83404619769887800 ) ) ;
#8433 = VERTEX_POINT ( 'NONE', #6956 ) ;
#8434 = CARTESIAN_POINT ( 'NONE',  ( -5.099999999999995200, 52.29999999999999700, 10.76666666666666900 ) ) ;
#8435 = DIRECTION ( 'NONE',  ( 0.0000000000000000000, -1.000000000000000000, -2.503857664561900200E-015 ) ) ;
#8436 = CARTESIAN_POINT ( 'NONE',  ( -0.8703654535257361300, 28.99474411170241700, 11.75358983846996500 ) ) ;
#8437 = ADVANCED_FACE ( 'NONE', ( #4621 ), #6559, .F. ) ;
#8438 = EDGE_CURVE ( 'NONE', #702, #7569, #7532, .T. ) ;
#8439 = LINE ( 'NONE', #4331, #8182 ) ;
#8440 = LINE ( 'NONE', #9176, #1793 ) ;
#8441 = EDGE_CURVE ( 'NONE', #10245, #8324, #439, .T. ) ;
#8442 = AXIS2_PLACEMENT_3D ( 'NONE', #885, #6733, #1722 ) ;
#8443 = DIRECTION ( 'NONE',  ( 1.000000000000000000, 0.0000000000000000000, 0.0000000000000000000 ) ) ;
#8444 = DIRECTION ( 'NONE',  ( -0.0000000000000000000, 1.000000000000000000, -0.0000000000000000000 ) ) ;
#8445 = DIRECTION ( 'NONE',  ( 0.0000000000000000000, 0.0000000000000000000, 1.000000000000000000 ) ) ;
#8446 = DIRECTION ( 'NONE',  ( -2.502005013428087100E-016, 0.0000000000000000000, 1.000000000000000000 ) ) ;
#8447 = CARTESIAN_POINT ( 'NONE',  ( 0.4302327224316306900, 29.99243166826703800, 11.17757465911771000 ) ) ;
#8448 = CARTESIAN_POINT ( 'NONE',  ( -6.599999999999992500, 35.79999999999999700, 7.800000000000001600 ) ) ;
#8449 = LINE ( 'NONE', #1784, #10386 ) ;
#8450 = CARTESIAN_POINT ( 'NONE',  ( 0.4000000000000110100, 33.80000000000000400, 14.60000000000000100 ) ) ;
#8451 = LINE ( 'NONE', #235, #1801 ) ;
#8452 = EDGE_CURVE ( 'NONE', #2250, #381, #8761, .T. ) ;
#8453 = ORIENTED_EDGE ( 'NONE', *, *, #9062, .F. ) ;
#8454 = EDGE_LOOP ( 'NONE', ( #2854, #3300, #1202, #8270 ) ) ;
#8455 = EDGE_CURVE ( 'NONE', #1036, #8747, #685, .T. ) ;
#8456 = DIRECTION ( 'NONE',  ( -1.000000000000000000, 0.0000000000000000000, 2.628368902995160100E-016 ) ) ;
#8457 = ADVANCED_FACE ( 'NONE', ( #10702 ), #4678, .T. ) ;
#8458 = AXIS2_PLACEMENT_3D ( 'NONE', #9236, #4271, #10057 ) ;
#8459 = DIRECTION ( 'NONE',  ( -2.502005013428087100E-016, -0.0000000000000000000, 1.000000000000000000 ) ) ;
#8460 = VECTOR ( 'NONE', #2862, 1000.000000000000000 ) ;
#8461 = CARTESIAN_POINT ( 'NONE',  ( 0.6368503931304836400, 31.52439291635168000, 10.29309642014993300 ) ) ;
#8462 = DIRECTION ( 'NONE',  ( 5.661944678535407600E-016, -1.000000000000000000, 0.0000000000000000000 ) ) ;
#8463 = CARTESIAN_POINT ( 'NONE',  ( -36.92951361799882200, -1.500000000000000000, 33.60000000000001600 ) ) ;
#8464 = FACE_OUTER_BOUND ( 'NONE', #7731, .T. ) ;
#8465 = VERTEX_POINT ( 'NONE', #6301 ) ;
#8466 = DIRECTION ( 'NONE',  ( 0.0000000000000000000, -0.0000000000000000000, 1.000000000000000000 ) ) ;
#8467 = DIRECTION ( 'NONE',  ( 0.0000000000000000000, -1.000000000000000000, 0.0000000000000000000 ) ) ;
#8468 = VERTEX_POINT ( 'NONE', #7168 ) ;
#8469 = VERTEX_POINT ( 'NONE', #2162 ) ;
#8470 = ADVANCED_FACE ( 'NONE', ( #4090 ), #2633, .F. ) ;
#8471 = DIRECTION ( 'NONE',  ( 0.0000000000000000000, 0.0000000000000000000, 1.000000000000000000 ) ) ;
#8472 = DIRECTION ( 'NONE',  ( -0.0000000000000000000, -0.0000000000000000000, 1.000000000000000000 ) ) ;
#8473 = ORIENTED_EDGE ( 'NONE', *, *, #4296, .F. ) ;
#8474 = LINE ( 'NONE', #121, #6284 ) ;
#8475 = VERTEX_POINT ( 'NONE', #4714 ) ;
#8476 = EDGE_CURVE ( 'NONE', #6622, #8433, #2115, .T. ) ;
#8477 = ORIENTED_EDGE ( 'NONE', *, *, #3235, .T. ) ;
#8478 = ORIENTED_EDGE ( 'NONE', *, *, #10589, .F. ) ;
#8479 = AXIS2_PLACEMENT_3D ( 'NONE', #9093, #4135, #9922 ) ;
#8480 = ORIENTED_EDGE ( 'NONE', *, *, #3642, .F. ) ;
#8481 = ORIENTED_EDGE ( 'NONE', *, *, #8171, .T. ) ;
#8482 = CARTESIAN_POINT ( 'NONE',  ( 3.791338005841587300, 52.79999999999999700, -10.83360921629214600 ) ) ;
#8483 = DIRECTION ( 'NONE',  ( -1.000000000000000000, 0.0000000000000000000, -1.548860246407863300E-016 ) ) ;
#8484 = DIRECTION ( 'NONE',  ( -0.5002054845274750400, -0.8659067347287662300, 1.933279844714630100E-015 ) ) ;
#8485 = DIRECTION ( 'NONE',  ( -0.8660254037844362700, -0.5000000000000041100, 0.0000000000000000000 ) ) ;
#8486 = CARTESIAN_POINT ( 'NONE',  ( 0.0000000000000000000, 33.79999999999999700, -8.979274057836294200 ) ) ;
#8487 = FACE_OUTER_BOUND ( 'NONE', #7543, .T. ) ;
#8488 = ORIENTED_EDGE ( 'NONE', *, *, #9899, .T. ) ;
#8489 = ORIENTED_EDGE ( 'NONE', *, *, #7167, .F. ) ;
#8490 = ORIENTED_EDGE ( 'NONE', *, *, #653, .F. ) ;
#8491 = CARTESIAN_POINT ( 'NONE',  ( -0.5999999999999937600, 28.80000000000000100, -11.70000000000000100 ) ) ;
#8492 = CARTESIAN_POINT ( 'NONE',  ( 3.400000000000003900, 52.29999999999999700, 10.90000000000000400 ) ) ;
#8493 = CARTESIAN_POINT ( 'NONE',  ( -4.599999999999994300, 38.80000000000000400, 10.90000000000000400 ) ) ;
#8494 = ORIENTED_EDGE ( 'NONE', *, *, #2666, .F. ) ;
#8495 = CARTESIAN_POINT ( 'NONE',  ( 0.7352747234106505900, 33.32580736242577000, 9.253049304787522200 ) ) ;
#8496 = EDGE_LOOP ( 'NONE', ( #2577, #1459 ) ) ;
#8497 = ORIENTED_EDGE ( 'NONE', *, *, #10162, .F. ) ;
#8498 = ORIENTED_EDGE ( 'NONE', *, *, #4981, .F. ) ;
#8499 = EDGE_CURVE ( 'NONE', #9043, #6810, #189, .T. ) ;
#8500 = CARTESIAN_POINT ( 'NONE',  ( -1.690871211463564200, 27.42626129027272300, -11.00000000000000400 ) ) ;
#8501 = DIRECTION ( 'NONE',  ( -0.0000000000000000000, -1.000000000000000000, -0.0000000000000000000 ) ) ;
#8502 = DIRECTION ( 'NONE',  ( -0.0000000000000000000, 1.000000000000000000, -0.0000000000000000000 ) ) ;
#8503 = EDGE_CURVE ( 'NONE', #4724, #9576, #10438, .T. ) ;
#8504 = PLANE ( 'NONE',  #1667 ) ;
#8505 = LINE ( 'NONE', #1422, #4100 ) ;
#8506 = AXIS2_PLACEMENT_3D ( 'NONE', #7200, #2195, #8028 ) ;
#8507 = DIRECTION ( 'NONE',  ( 0.0000000000000000000, 0.0000000000000000000, 1.000000000000000000 ) ) ;
#8508 = ORIENTED_EDGE ( 'NONE', *, *, #1743, .F. ) ;
#8509 = ORIENTED_EDGE ( 'NONE', *, *, #5431, .F. ) ;
#8510 = VERTEX_POINT ( 'NONE', #3380 ) ;
#8511 = ADVANCED_FACE ( 'NONE', ( #3819 ), #4071, .F. ) ;
#8512 = DIRECTION ( 'NONE',  ( -0.0000000000000000000, -1.000000000000000000, -0.0000000000000000000 ) ) ;
#8513 = CARTESIAN_POINT ( 'NONE',  ( -1.690871211463564200, 50.79999999999999700, -11.00000000000000400 ) ) ;
#8514 = LINE ( 'NONE', #5750, #2133 ) ;
#8515 = EDGE_CURVE ( 'NONE', #6949, #170, #7978, .T. ) ;
#8516 = CARTESIAN_POINT ( 'NONE',  ( 0.5313708498984812700, 38.80000000000000400, -10.90000000000000400 ) ) ;
#8517 = CARTESIAN_POINT ( 'NONE',  ( 5.400000000000005700, 50.10717967697243600, -9.400000000000003900 ) ) ;
#8518 = EDGE_LOOP ( 'NONE', ( #3855, #7093, #3684, #8026 ) ) ;
#8519 = VERTEX_POINT ( 'NONE', #3034 ) ;
#8520 = CARTESIAN_POINT ( 'NONE',  ( -6.599999999991723600, 35.79999999999999700, 11.00000000000000200 ) ) ;
#8521 = DIRECTION ( 'NONE',  ( 1.000000000000000000, 0.0000000000000000000, 0.0000000000000000000 ) ) ;
#8522 = ORIENTED_EDGE ( 'NONE', *, *, #4562, .F. ) ;
#8523 = CARTESIAN_POINT ( 'NONE',  ( 9.634358147243872800, 3.418878932851070900, -19.79312863038751400 ) ) ;
#8524 = EDGE_CURVE ( 'NONE', #8844, #9464, #8238, .T. ) ;
#8525 = VECTOR ( 'NONE', #8502, 1000.000000000000000 ) ;
#8526 = ADVANCED_FACE ( 'NONE', ( #9914 ), #4315, .T. ) ;
#8527 = LINE ( 'NONE', #3614, #10729 ) ;
#8528 = CYLINDRICAL_SURFACE ( 'NONE', #3225, 4.000000000000002700 ) ;
#8529 = VERTEX_POINT ( 'NONE', #3469 ) ;
#8530 = DIRECTION ( 'NONE',  ( 1.000000000000000000, -0.0000000000000000000, 3.212450881438533200E-016 ) ) ;
#8532 = ORIENTED_EDGE ( 'NONE', *, *, #5346, .T. ) ;
#8531 = CARTESIAN_POINT ( 'NONE',  ( 2.123760430703436300, 7.903332099679072800, 11.32376043070343200 ) ) ;
#8533 = CARTESIAN_POINT ( 'NONE',  ( 11.33333976220400400, -2.884541081292684600, 10.99939387259856200 ) ) ;
#8534 = CARTESIAN_POINT ( 'NONE',  ( 3.399957109147393500, 52.23540378295076200, -10.88355492213650800 ) ) ;
#8535 = EDGE_CURVE ( 'NONE', #8059, #1352, #7729, .T. ) ;
#8536 = LINE ( 'NONE', #2778, #6348 ) ;
#8537 = CARTESIAN_POINT ( 'NONE',  ( -6.599999999999986300, -3.000000000000000400, 19.47760329992826200 ) ) ;
#8538 = FACE_OUTER_BOUND ( 'NONE', #7711, .T. ) ;
#8539 = FACE_OUTER_BOUND ( 'NONE', #3634, .T. ) ;
#8540 = CARTESIAN_POINT ( 'NONE',  ( -32.63313608145966100, 3.742089980426112700, 30.07548942968419000 ) ) ;
#8541 = EDGE_CURVE ( 'NONE', #452, #8465, #3176, .T. ) ;
#8542 = CARTESIAN_POINT ( 'NONE',  ( -4.599999999999996100, 50.89999999999999900, 11.30000000000000400 ) ) ;
#8543 = CARTESIAN_POINT ( 'NONE',  ( -4.599999999999996100, 50.79999999999999700, 11.30000000000000600 ) ) ;
#8544 = CARTESIAN_POINT ( 'NONE',  ( -4.999999999999993800, 52.29999999999999700, 10.90000000000000400 ) ) ;
#8545 = CARTESIAN_POINT ( 'NONE',  ( -4.599999999999994300, 38.80000000000000400, 15.00000000000000200 ) ) ;
#8546 = AXIS2_PLACEMENT_3D ( 'NONE', #4957, #2472, #8291 ) ;
#8547 =( BOUNDED_CURVE ( )  B_SPLINE_CURVE ( 3, ( #10665, #9038, #8997, #3165 ),
 .UNSPECIFIED., .F., .F. ) 
 B_SPLINE_CURVE_WITH_KNOTS ( ( 4, 4 ),
 ( 4.905139253317029700, 4.942998991670803500 ),
 .UNSPECIFIED. ) 
 CURVE ( )  GEOMETRIC_REPRESENTATION_ITEM ( )  RATIONAL_B_SPLINE_CURVE ( ( 1.000000000000000000, 0.9998805569178147400, 0.9998805569178147400, 1.000000000000000000 ) ) 
 REPRESENTATION_ITEM ( '' )  );
#8548 = CARTESIAN_POINT ( 'NONE',  ( -6.599999999999993400, -3.000000000000000000, -23.86987298107783000 ) ) ;
#8549 = FACE_OUTER_BOUND ( 'NONE', #9995, .T. ) ;
#8550 = ORIENTED_EDGE ( 'NONE', *, *, #7340, .F. ) ;
#8551 = ORIENTED_EDGE ( 'NONE', *, *, #2595, .T. ) ;
#8552 = VECTOR ( 'NONE', #2851, 1000.000000000000000 ) ;
#8553 = ORIENTED_EDGE ( 'NONE', *, *, #6046, .T. ) ;
#8554 = CARTESIAN_POINT ( 'NONE',  ( -8.136785082397741700, 33.79999999999999700, 8.954700538379247700 ) ) ;
#8555 = CARTESIAN_POINT ( 'NONE',  ( -33.73576973346460800, 52.81990284774145300, 34.20000000000000300 ) ) ;
#8556 = CARTESIAN_POINT ( 'NONE',  ( -6.599999999999993400, 52.79999999999999700, -10.90000000000000400 ) ) ;
#8557 = CARTESIAN_POINT ( 'NONE',  ( 0.0000000000000000000, 52.81990284774145300, 34.20000000000000300 ) ) ;
#8558 = LINE ( 'NONE', #5351, #6619 ) ;
#8559 = EDGE_CURVE ( 'NONE', #9053, #10151, #3434, .T. ) ;
#8560 = VERTEX_POINT ( 'NONE', #3505 ) ;
#8561 = ORIENTED_EDGE ( 'NONE', *, *, #6448, .T. ) ;
#8562 = VERTEX_POINT ( 'NONE', #3545 ) ;
#8563 = VECTOR ( 'NONE', #9159, 1000.000000000000100 ) ;
#8564 = CARTESIAN_POINT ( 'NONE',  ( -4.599999999999996100, 52.29999999999999700, 10.90000000000000400 ) ) ;
#8565 = CIRCLE ( 'NONE', #7560, 1.199999999999999700 ) ;
#8566 = ORIENTED_EDGE ( 'NONE', *, *, #6050, .T. ) ;
#8567 = CARTESIAN_POINT ( 'NONE',  ( 23.92056158527424300, -1.498103813781949100, -2.734847572579461400 ) ) ;
#8568 = PLANE ( 'NONE',  #7843 ) ;
#8569 = EDGE_CURVE ( 'NONE', #1602, #339, #10171, .T. ) ;
#8570 = VERTEX_POINT ( 'NONE', #2693 ) ;
#8571 = FACE_OUTER_BOUND ( 'NONE', #1847, .T. ) ;
#8572 = VERTEX_POINT ( 'NONE', #244 ) ;
#8573 = VECTOR ( 'NONE', #7049, 1000.000000000000000 ) ;
#8574 = DIRECTION ( 'NONE',  ( -1.000000000000000000, 0.0000000000000000000, 2.628368902995160100E-016 ) ) ;
#8575 = CARTESIAN_POINT ( 'NONE',  ( -4.741629815862953700, 51.98501149755845300, -10.76666666666666900 ) ) ;
#8576 = CARTESIAN_POINT ( 'NONE',  ( 0.3746794344809036800, 35.79999999999999700, 9.800000000000002500 ) ) ;
#8577 = ADVANCED_FACE ( 'NONE', ( #1072 ), #1055, .T. ) ;
#8578 = PLANE ( 'NONE',  #8255 ) ;
#8579 = ORIENTED_EDGE ( 'NONE', *, *, #9819, .T. ) ;
#8580 = VERTEX_POINT ( 'NONE', #4404 ) ;
#8581 = DIRECTION ( 'NONE',  ( -0.0000000000000000000, -0.0000000000000000000, -1.000000000000000000 ) ) ;
#8582 = ORIENTED_EDGE ( 'NONE', *, *, #7340, .T. ) ;
#8583 = ORIENTED_EDGE ( 'NONE', *, *, #9822, .F. ) ;
#8584 = EDGE_CURVE ( 'NONE', #216, #3539, #3274, .T. ) ;
#8585 = EDGE_CURVE ( 'NONE', #678, #5801, #5793, .T. ) ;
#8586 = AXIS2_PLACEMENT_3D ( 'NONE', #6669, #4994, #10379 ) ;
#8587 = FACE_BOUND ( 'NONE', #8496, .T. ) ;
#8588 = CARTESIAN_POINT ( 'NONE',  ( 17.51563868756142000, -2.826794919243119400, -18.23833840126219700 ) ) ;
#8589 = CARTESIAN_POINT ( 'NONE',  ( 5.400000000008731100, 35.79999999999999700, -11.00000000000000400 ) ) ;
#8590 = DIRECTION ( 'NONE',  ( 0.0000000000000000000, 0.0000000000000000000, -1.000000000000000000 ) ) ;
#8591 = DIRECTION ( 'NONE',  ( 1.000000000000000000, 0.0000000000000000000, -0.0000000000000000000 ) ) ;
#8592 = ORIENTED_EDGE ( 'NONE', *, *, #6050, .F. ) ;
#8593 = CARTESIAN_POINT ( 'NONE',  ( 5.400000000000005700, 35.79999999999999700, 11.00000000000000200 ) ) ;
#8594 = ORIENTED_EDGE ( 'NONE', *, *, #10452, .T. ) ;
#8595 = DIRECTION ( 'NONE',  ( 0.0000000000000000000, 0.0000000000000000000, -1.000000000000000000 ) ) ;
#8596 = CARTESIAN_POINT ( 'NONE',  ( -4.599999999999994300, 38.80000000000000400, 10.90000000000000400 ) ) ;
#8597 = LINE ( 'NONE', #7795, #2478 ) ;
#8598 = EDGE_CURVE ( 'NONE', #10029, #3127, #2721, .T. ) ;
#8599 = ORIENTED_EDGE ( 'NONE', *, *, #2157, .F. ) ;
#8600 = LINE ( 'NONE', #8025, #4195 ) ;
#8601 = DIRECTION ( 'NONE',  ( -1.000000000000000000, 0.0000000000000000000, 1.796384223536716000E-017 ) ) ;
#8602 = CARTESIAN_POINT ( 'NONE',  ( 3.456788388810185400, 52.08153768057682200, -10.76666666666666900 ) ) ;
#8603 = CARTESIAN_POINT ( 'NONE',  ( 13.40000000000000000, 3.400286409439799300, 13.62938002992065900 ) ) ;
#8604 = CARTESIAN_POINT ( 'NONE',  ( -6.238454044208912000, 3.761888886423173400, -30.06828321723023500 ) ) ;
#8605 =( BOUNDED_SURFACE ( )  B_SPLINE_SURFACE ( 3, 2, ( 
 ( #4619, #387, #1279 ),
 ( #7111, #2111, #7938 ),
 ( #2953, #8774, #3795 ),
 ( #9598, #4658, #10436 ) ),
 .UNSPECIFIED., .F., .F., .F. ) 
 B_SPLINE_SURFACE_WITH_KNOTS ( ( 4, 4 ),
 ( 3, 3 ),
 ( 0.3703409730149565000, 0.4251025622407396700 ),
 ( 0.0000000000000000000, 1.000000000000000000 ),
 .UNSPECIFIED. ) 
 GEOMETRIC_REPRESENTATION_ITEM ( )  RATIONAL_B_SPLINE_SURFACE ( (
 ( 1.000000000000000000, 0.8435548085871458200, 1.000000000000000000),
 ( 1.000000000000000000, 0.8275990142560399900, 1.000000000000000000),
 ( 1.000000000000000000, 0.8098948389321358700, 1.000000000000000000),
 ( 1.000000000000000000, 0.7905694150420375900, 1.000000000000000000) ) ) 
 REPRESENTATION_ITEM ( '' )  SURFACE ( )  );
#8606 = CARTESIAN_POINT ( 'NONE',  ( 23.49387509607531800, -0.4400603648583706300, -4.233212576838650600 ) ) ;
#8607 = ORIENTED_EDGE ( 'NONE', *, *, #10175, .F. ) ;
#8608 = ORIENTED_EDGE ( 'NONE', *, *, #2584, .T. ) ;
#8609 = CARTESIAN_POINT ( 'NONE',  ( -35.19780771448755300, 3.400363229070559400, 7.121509440834603300E-014 ) ) ;
#8610 = CIRCLE ( 'NONE', #1917, 0.2000000000000020100 ) ;
#8611 = ORIENTED_EDGE ( 'NONE', *, *, #809, .F. ) ;
#8612 = CARTESIAN_POINT ( 'NONE',  ( -1.309599961142884800, 33.79999999999999700, 8.979274057836304800 ) ) ;
#8613 = CARTESIAN_POINT ( 'NONE',  ( -4.599999999999993400, 52.24612895558386300, -10.86708516314650200 ) ) ;
#8614 = CARTESIAN_POINT ( 'NONE',  ( 6.708064956480363600, 3.000000000000000400, -13.55723977088532800 ) ) ;
#8615 = DIRECTION ( 'NONE',  ( -4.336808689942014300E-016, 0.0000000000000000000, 1.000000000000000000 ) ) ;
#8616 = ORIENTED_EDGE ( 'NONE', *, *, #5291, .F. ) ;
#8617 = CARTESIAN_POINT ( 'NONE',  ( -5.414988502441529400, 52.65837018413705600, 10.76666666666667100 ) ) ;
#8618 = ORIENTED_EDGE ( 'NONE', *, *, #5431, .T. ) ;
#8619 = CARTESIAN_POINT ( 'NONE',  ( 3.541629815862950000, 52.61498850244153400, -10.76666666666666900 ) ) ;
#8620 = EDGE_LOOP ( 'NONE', ( #5445, #2777, #6176, #5970 ) ) ;
#8621 =( BOUNDED_CURVE ( )  B_SPLINE_CURVE ( 3, ( #88, #3710, #2058, #792 ),
 .UNSPECIFIED., .F., .F. ) 
 B_SPLINE_CURVE_WITH_KNOTS ( ( 4, 4 ),
 ( 5.636988821747628700, 6.929381792611542900 ),
 .UNSPECIFIED. ) 
 CURVE ( )  GEOMETRIC_REPRESENTATION_ITEM ( )  RATIONAL_B_SPLINE_CURVE ( ( 1.000000000000000000, 0.8655865799697808300, 0.8655865799697808300, 1.000000000000000000 ) ) 
 REPRESENTATION_ITEM ( '' )  );
#8622 = EDGE_CURVE ( 'NONE', #9005, #9909, #2158, .T. ) ;
#8623 = LINE ( 'NONE', #4021, #1974 ) ;
#8624 = AXIS2_PLACEMENT_3D ( 'NONE', #5026, #47, #5867 ) ;
#8625 = CARTESIAN_POINT ( 'NONE',  ( 3.400000000000003900, 50.89999999999999900, 11.30000000000000400 ) ) ;
#8626 = DIRECTION ( 'NONE',  ( 0.3141328382098612100, 0.8921244774085898000, -0.3247067550370142900 ) ) ;
#8627 = DIRECTION ( 'NONE',  ( 0.0000000000000000000, -0.0000000000000000000, -1.000000000000000000 ) ) ;
#8628 = EDGE_LOOP ( 'NONE', ( #548, #7047, #5060, #2117 ) ) ;
#8629 = DIRECTION ( 'NONE',  ( 0.0000000000000000000, 0.5000000000000041100, -0.8660254037844362700 ) ) ;
#8631 = VERTEX_POINT ( 'NONE', #3579 ) ;
#8630 = CARTESIAN_POINT ( 'NONE',  ( 24.14187696106416300, -2.000000000000000000, 1.109053650640950300 ) ) ;
#8632 = ORIENTED_EDGE ( 'NONE', *, *, #8584, .T. ) ;
#8633 = DIRECTION ( 'NONE',  ( -1.000000000000000000, 0.0000000000000000000, -1.668003342285392000E-016 ) ) ;
#8634 = CARTESIAN_POINT ( 'NONE',  ( 8.600000000000005000, 50.79999999999999700, 9.400000000000002100 ) ) ;
#8635 = CARTESIAN_POINT ( 'NONE',  ( -11.20000000000000100, 52.79999999999999700, -11.30000000000000200 ) ) ;
#8636 = CARTESIAN_POINT ( 'NONE',  ( 3.900000000000003900, 52.29999999999999700, 10.50000000000000400 ) ) ;
#8637 = ADVANCED_FACE ( 'NONE', ( #7459 ), #7796, .T. ) ;
#8638 = CYLINDRICAL_SURFACE ( 'NONE', #9651, 5.000000000000000000 ) ;
#8639 = EDGE_CURVE ( 'NONE', #1587, #816, #812, .T. ) ;
#8640 = EDGE_LOOP ( 'NONE', ( #5513, #280, #5786, #8551, #3356, #10724, #3043, #8494, #1075, #1326, #3195, #10433 ) ) ;
#8641 = AXIS2_PLACEMENT_3D ( 'NONE', #4067, #2380, #7373 ) ;
#8642 = ORIENTED_EDGE ( 'NONE', *, *, #4353, .F. ) ;
#8643 = ORIENTED_EDGE ( 'NONE', *, *, #5822, .F. ) ;
#8644 = CARTESIAN_POINT ( 'NONE',  ( -1.957788583865749400, 30.30000000000000800, 11.00000000000000000 ) ) ;
#8645 = CARTESIAN_POINT ( 'NONE',  ( -42.50228307667197200, -2.826794919243119400, 26.16697053617942400 ) ) ;
#8646 = CARTESIAN_POINT ( 'NONE',  ( -33.73576973346460800, -3.000000000000002700, 25.40000000000000200 ) ) ;
#8647 = CARTESIAN_POINT ( 'NONE',  ( 4.565685424949241300, 52.29999999999999700, 10.90000000000000400 ) ) ;
#8648 = DIRECTION ( 'NONE',  ( -0.0000000000000000000, 1.000000000000000000, -0.0000000000000000000 ) ) ;
#8649 = CARTESIAN_POINT ( 'NONE',  ( 5.400000000000005700, 35.80000000000000400, -7.800000000000003400 ) ) ;
#8650 = VECTOR ( 'NONE', #10176, 999.9999999999998900 ) ;
#8651 = VERTEX_POINT ( 'NONE', #3653 ) ;
#8652 = EDGE_CURVE ( 'NONE', #1181, #3583, #8924, .T. ) ;
#8653 =( BOUNDED_CURVE ( )  B_SPLINE_CURVE ( 3, ( #4832, #8125, #5667, #657 ),
 .UNSPECIFIED., .F., .T. ) 
 B_SPLINE_CURVE_WITH_KNOTS ( ( 4, 4 ),
 ( 5.636988821747629600, 6.929381792611542900 ),
 .UNSPECIFIED. ) 
 CURVE ( )  GEOMETRIC_REPRESENTATION_ITEM ( )  RATIONAL_B_SPLINE_CURVE ( ( 1.000000000000000000, 0.8655865799697810600, 0.8655865799697810600, 1.000000000000000000 ) ) 
 REPRESENTATION_ITEM ( '' )  );
#8654 = ORIENTED_EDGE ( 'NONE', *, *, #7541, .F. ) ;
#8655 = CARTESIAN_POINT ( 'NONE',  ( -0.8147718522970856000, 33.85370993859641700, 9.315791335920485100 ) ) ;
#8656 = CARTESIAN_POINT ( 'NONE',  ( 3.800000000000003800, 5.000000000000018700, 13.00000000000000400 ) ) ;
#8657 = EDGE_CURVE ( 'NONE', #2440, #7480, #4996, .T. ) ;
#8658 = CARTESIAN_POINT ( 'NONE',  ( -8.948805684721973500, 52.81990284774145300, 34.20000000000000300 ) ) ;
#8659 = ORIENTED_EDGE ( 'NONE', *, *, #1879, .F. ) ;
#8660 = FACE_OUTER_BOUND ( 'NONE', #10128, .T. ) ;
#8661 = AXIS2_PLACEMENT_3D ( 'NONE', #8817, #3831, #9636 ) ;
#8662 = DIRECTION ( 'NONE',  ( 0.0000000000000000000, -1.000000000000000000, 0.0000000000000000000 ) ) ;
#8663 = LINE ( 'NONE', #9438, #2001 ) ;
#8664 = ORIENTED_EDGE ( 'NONE', *, *, #6426, .F. ) ;
#8665 = ORIENTED_EDGE ( 'NONE', *, *, #8833, .T. ) ;
#8666 = ORIENTED_EDGE ( 'NONE', *, *, #9688, .F. ) ;
#8667 = VECTOR ( 'NONE', #8183, 1000.000000000000000 ) ;
#8668 = CARTESIAN_POINT ( 'NONE',  ( 4.000000000000006200, 52.29999999999999700, -10.90000000000000400 ) ) ;
#8669 = DIRECTION ( 'NONE',  ( -0.0000000000000000000, 1.000000000000000000, -0.0000000000000000000 ) ) ;
#8670 = VECTOR ( 'NONE', #592, 1000.000000000000200 ) ;
#8671 = DIRECTION ( 'NONE',  ( -2.503857664561900200E-015, 1.000000000000000000, 0.0000000000000000000 ) ) ;
#8672 = EDGE_CURVE ( 'NONE', #2453, #2250, #9659, .T. ) ;
#8673 = VERTEX_POINT ( 'NONE', #10283 ) ;
#8674 = FACE_OUTER_BOUND ( 'NONE', #6936, .T. ) ;
#8675 = CARTESIAN_POINT ( 'NONE',  ( -4.045192367383857700, 52.81990284774145300, 32.70715925883817500 ) ) ;
#8676 = CYLINDRICAL_SURFACE ( 'NONE', #4019, 1.600000000000000800 ) ;
#8677 = CARTESIAN_POINT ( 'NONE',  ( -0.1551361791382328800, 50.45538830498947600, 9.800000000000000700 ) ) ;
#8678 = EDGE_CURVE ( 'NONE', #10484, #8519, #4675, .T. ) ;
#8679 = ORIENTED_EDGE ( 'NONE', *, *, #2216, .T. ) ;
#8680 = LINE ( 'NONE', #1427, #2019 ) ;
#8681 = ORIENTED_EDGE ( 'NONE', *, *, #2756, .F. ) ;
#8682 = ORIENTED_EDGE ( 'NONE', *, *, #5774, .F. ) ;
#8683 = LINE ( 'NONE', #9139, #6480 ) ;
#8684 = CARTESIAN_POINT ( 'NONE',  ( -6.547447274628966700, -2.325047584967386200, 33.86730672154573100 ) ) ;
#8685 = CARTESIAN_POINT ( 'NONE',  ( 3.400000000000003900, 52.79999999999999700, 15.00000000000000200 ) ) ;
#8686 = CARTESIAN_POINT ( 'NONE',  ( -4.190386488947792600, 3.309527778394258500, 19.83292919569260700 ) ) ;
#8687 =( BOUNDED_CURVE ( )  B_SPLINE_CURVE ( 3, ( #3191, #8533, #9917, #5810 ),
 .UNSPECIFIED., .F., .F. ) 
 B_SPLINE_CURVE_WITH_KNOTS ( ( 4, 4 ),
 ( 1.552613506710959000, 1.570796326794896600 ),
 .UNSPECIFIED. ) 
 CURVE ( )  GEOMETRIC_REPRESENTATION_ITEM ( )  RATIONAL_B_SPLINE_CURVE ( ( 1.000000000000000000, 0.9999724489442500800, 0.9999724489442500800, 1.000000000000000000 ) ) 
 REPRESENTATION_ITEM ( '' )  );
#8688 = VECTOR ( 'NONE', #3067, 1000.000000000000000 ) ;
#8689 = ORIENTED_EDGE ( 'NONE', *, *, #6290, .T. ) ;
#8690 = LINE ( 'NONE', #123, #10358 ) ;
#8691 = EDGE_CURVE ( 'NONE', #10147, #6082, #561, .T. ) ;
#8692 = CARTESIAN_POINT ( 'NONE',  ( -0.2536653033525892400, 34.20014791815665900, 9.349962078812600600 ) ) ;
#8693 = CARTESIAN_POINT ( 'NONE',  ( -8.948805684721968100, 52.81990284774145300, -25.40000000000000900 ) ) ;
#8694 = DIRECTION ( 'NONE',  ( 0.0000000000000000000, 0.0000000000000000000, -1.000000000000000000 ) ) ;
#8695 = VERTEX_POINT ( 'NONE', #1197 ) ;
#8696 = ADVANCED_FACE ( 'NONE', ( #312 ), #6691, .T. ) ;
#8697 = CARTESIAN_POINT ( 'NONE',  ( 3.400000000000007000, 33.80000000000000400, -12.60000000000000300 ) ) ;
#8698 = CARTESIAN_POINT ( 'NONE',  ( -11.20000000000000100, 30.30000000000000800, -11.00000000000000400 ) ) ;
#8699 = VECTOR ( 'NONE', #2827, 1000.000000000000000 ) ;
#8700 = LINE ( 'NONE', #10718, #9985 ) ;
#8701 = VERTEX_POINT ( 'NONE', #413 ) ;
#8702 = DIRECTION ( 'NONE',  ( -0.0000000000000000000, 0.0000000000000000000, 1.000000000000000000 ) ) ;
#8703 = CARTESIAN_POINT ( 'NONE',  ( 2.369450103849445100, 0.0000000000000000000, -28.40248693219400500 ) ) ;
#8704 = PLANE ( 'NONE',  #3905 ) ;
#8705 = CARTESIAN_POINT ( 'NONE',  ( -11.74170491506602900, 3.000000000000000400, 24.73589838486222800 ) ) ;
#8706 = CARTESIAN_POINT ( 'NONE',  ( 3.400000000000012800, 52.00132267488884700, 10.89999999999999300 ) ) ;
#8707 = CIRCLE ( 'NONE', #3762, 13.00000000000000400 ) ;
#8708 = CIRCLE ( 'NONE', #4447, 0.2000000000000020100 ) ;
#8709 = EDGE_CURVE ( 'NONE', #2891, #7872, #4756, .T. ) ;
#8710 = DIRECTION ( 'NONE',  ( 0.08715574274766232900, 0.0000000000000000000, 0.9961946980917452100 ) ) ;
#8711 = VECTOR ( 'NONE', #3548, 1000.000000000000000 ) ;
#8712 = DIRECTION ( 'NONE',  ( 1.000000000000000000, 0.0000000000000000000, 0.0000000000000000000 ) ) ;
#8713 = CARTESIAN_POINT ( 'NONE',  ( -11.20000000000000100, 50.10717967697243600, 6.641154273188021800 ) ) ;
#8714 = CARTESIAN_POINT ( 'NONE',  ( 23.59695025252360500, -10.80000000000000100, 11.50687466109646100 ) ) ;
#8715 = CARTESIAN_POINT ( 'NONE',  ( 3.792022598519581200, 52.78691979585990200, -10.83404619769887500 ) ) ;
#8716 = EDGE_CURVE ( 'NONE', #8510, #6042, #2502, .T. ) ;
#8717 = VERTEX_POINT ( 'NONE', #9560 ) ;
#8718 = ORIENTED_EDGE ( 'NONE', *, *, #4943, .T. ) ;
#8719 =( BOUNDED_CURVE ( )  B_SPLINE_CURVE ( 3, ( #10347, #3713, #407, #6244 ),
 .UNSPECIFIED., .F., .F. ) 
 B_SPLINE_CURVE_WITH_KNOTS ( ( 4, 4 ),
 ( 4.293512482459037800, 4.712388980384689700 ),
 .UNSPECIFIED. ) 
 CURVE ( )  GEOMETRIC_REPRESENTATION_ITEM ( )  RATIONAL_B_SPLINE_CURVE ( ( 1.000000000000000000, 0.9854319086447704800, 0.9854319086447704800, 1.000000000000000000 ) ) 
 REPRESENTATION_ITEM ( '' )  );
#8720 = LINE ( 'NONE', #3745, #6526 ) ;
#8721 = DIRECTION ( 'NONE',  ( -1.000000000000000000, 0.0000000000000000000, 0.0000000000000000000 ) ) ;
#8722 = DIRECTION ( 'NONE',  ( 0.0000000000000000000, -1.000000000000000000, 0.0000000000000000000 ) ) ;
#8723 = DIRECTION ( 'NONE',  ( -0.3236155771181814500, 0.8891264907159907000, 0.3236155771181814000 ) ) ;
#8724 = PLANE ( 'NONE',  #9389 ) ;
#8725 = ORIENTED_EDGE ( 'NONE', *, *, #3130, .T. ) ;
#8726 = EDGE_CURVE ( 'NONE', #5907, #3999, #1387, .T. ) ;
#8727 = CIRCLE ( 'NONE', #8765, 1.199999999999999700 ) ;
#8728 = EDGE_CURVE ( 'NONE', #5292, #6048, #1316, .T. ) ;
#8729 = VERTEX_POINT ( 'NONE', #3948 ) ;
#8730 = DIRECTION ( 'NONE',  ( 0.0000000000000000000, 0.0000000000000000000, -1.000000000000000000 ) ) ;
#8731 = ORIENTED_EDGE ( 'NONE', *, *, #1399, .F. ) ;
#8732 = CARTESIAN_POINT ( 'NONE',  ( -11.20000000000000100, 3.000000000000002700, 6.858022075225178600E-016 ) ) ;
#8733 = DIRECTION ( 'NONE',  ( -0.0000000000000000000, 1.000000000000000000, -0.0000000000000000000 ) ) ;
#8734 = DIRECTION ( 'NONE',  ( -1.000000000000000000, 0.0000000000000000000, 0.0000000000000000000 ) ) ;
#8735 = CARTESIAN_POINT ( 'NONE',  ( -8.143693519319954900, 33.79999999999999700, -8.979274057836294200 ) ) ;
#8736 = DIRECTION ( 'NONE',  ( -1.239088197126291100E-016, 1.000000000000000000, 0.0000000000000000000 ) ) ;
#8737 = AXIS2_PLACEMENT_3D ( 'NONE', #8089, #4811, #10587 ) ;
#8738 = CARTESIAN_POINT ( 'NONE',  ( -29.72815852977530000, 3.000000000000000400, -0.1433031490138646200 ) ) ;
#8739 = DIRECTION ( 'NONE',  ( 0.0000000000000000000, 0.0000000000000000000, 1.000000000000000000 ) ) ;
#8740 = VECTOR ( 'NONE', #7562, 1000.000000000000000 ) ;
#8741 = ORIENTED_EDGE ( 'NONE', *, *, #2307, .T. ) ;
#8742 = ADVANCED_FACE ( 'NONE', ( #56 ), #9745, .F. ) ;
#8743 = ORIENTED_EDGE ( 'NONE', *, *, #8159, .T. ) ;
#8744 = ORIENTED_EDGE ( 'NONE', *, *, #3577, .T. ) ;
#8745 = EDGE_CURVE ( 'NONE', #416, #7377, #8653, .T. ) ;
#8746 = B_SPLINE_CURVE_WITH_KNOTS ( 'NONE', 3,
 ( #211, #6076, #1021, #5209, #10140, #4363 ),
 .UNSPECIFIED., .F., .F.,
 ( 4, 2, 4 ),
 ( 0.0003588675513213538200, 0.0006617894529996178300, 0.0009647113546778818300 ),
 .UNSPECIFIED. ) ;
#8747 = VERTEX_POINT ( 'NONE', #3981 ) ;
#8748 = ORIENTED_EDGE ( 'NONE', *, *, #4981, .T. ) ;
#8749 = AXIS2_PLACEMENT_3D ( 'NONE', #5756, #2417, #8236 ) ;
#8750 = CARTESIAN_POINT ( 'NONE',  ( -9.799999999999993600, 52.79999999999999700, 11.00000000000000400 ) ) ;
#8751 = LINE ( 'NONE', #1878, #6294 ) ;
#8752 = EDGE_CURVE ( 'NONE', #3303, #9972, #6428, .T. ) ;
#8753 = CARTESIAN_POINT ( 'NONE',  ( -35.19561662984588000, 5.000000000000000000, -0.1323777786542521300 ) ) ;
#8754 = CARTESIAN_POINT ( 'NONE',  ( -8.948805684721973500, -2.826794919243119400, 34.20000000000000300 ) ) ;
#8755 = VERTEX_POINT ( 'NONE', #8990 ) ;
#8756 = EDGE_LOOP ( 'NONE', ( #8356, #3354, #8404, #7994, #4586 ) ) ;
#8757 =( BOUNDED_CURVE ( )  B_SPLINE_CURVE ( 3, ( #9621, #3006, #1338, #8801 ),
 .UNSPECIFIED., .F., .T. ) 
 B_SPLINE_CURVE_WITH_KNOTS ( ( 4, 4 ),
 ( 4.712388980384689700, 4.978471362981141900 ),
 .UNSPECIFIED. ) 
 CURVE ( )  GEOMETRIC_REPRESENTATION_ITEM ( )  RATIONAL_B_SPLINE_CURVE ( ( 1.000000000000000000, 0.9941087111324389300, 0.9941087111324389300, 1.000000000000000000 ) ) 
 REPRESENTATION_ITEM ( '' )  );
#8758 = CARTESIAN_POINT ( 'NONE',  ( -5.099999999999995200, 52.79999999999999700, 10.90000000000000400 ) ) ;
#8759 = CARTESIAN_POINT ( 'NONE',  ( 6.943693519319970700, 33.79999999999999700, -8.979274057836294200 ) ) ;
#8760 = CARTESIAN_POINT ( 'NONE',  ( -0.5999999999999937600, 49.42626129027264900, -10.50000000000000000 ) ) ;
#8761 = LINE ( 'NONE', #4637, #2382 ) ;
#8762 = ORIENTED_EDGE ( 'NONE', *, *, #158, .T. ) ;
#8763 = ORIENTED_EDGE ( 'NONE', *, *, #1942, .T. ) ;
#8764 = ORIENTED_EDGE ( 'NONE', *, *, #4699, .F. ) ;
#8765 = AXIS2_PLACEMENT_3D ( 'NONE', #9927, #4971, #1 ) ;
#8766 = DIRECTION ( 'NONE',  ( 0.0000000000000000000, 0.0000000000000000000, -1.000000000000000000 ) ) ;
#8767 = CARTESIAN_POINT ( 'NONE',  ( 0.1401956218326243000, 33.78654172159001900, 9.330427319787713000 ) ) ;
#8768 = VECTOR ( 'NONE', #6316, 1000.000000000000100 ) ;
#8769 = CARTESIAN_POINT ( 'NONE',  ( 5.400000000000005700, 35.80000000000000400, -7.800000000000003400 ) ) ;
#8770 = VERTEX_POINT ( 'NONE', #9783 ) ;
#8771 = CARTESIAN_POINT ( 'NONE',  ( 11.20000000000000100, 50.79999999999999700, 6.858022075225178600E-016 ) ) ;
#8772 = ORIENTED_EDGE ( 'NONE', *, *, #3062, .T. ) ;
#8773 = CARTESIAN_POINT ( 'NONE',  ( -43.66460074645779300, -2.826794919243119400, 12.88161877810437500 ) ) ;
#8774 = CARTESIAN_POINT ( 'NONE',  ( 7.554307017914808000, 3.183643667967713600, 14.22987166372606400 ) ) ;
#8775 = ORIENTED_EDGE ( 'NONE', *, *, #6850, .F. ) ;
#8776 = ORIENTED_EDGE ( 'NONE', *, *, #9908, .F. ) ;
#8777 = CARTESIAN_POINT ( 'NONE',  ( 3.462255489823059300, 52.51380745287603700, -10.78409504372310200 ) ) ;
#8778 = LINE ( 'NONE', #1905, #8402 ) ;
#8779 = EDGE_CURVE ( 'NONE', #3825, #8038, #8623, .T. ) ;
#8780 = ORIENTED_EDGE ( 'NONE', *, *, #2511, .T. ) ;
#8781 = ORIENTED_EDGE ( 'NONE', *, *, #4368, .T. ) ;
#8782 = ORIENTED_EDGE ( 'NONE', *, *, #5869, .T. ) ;
#8783 = CARTESIAN_POINT ( 'NONE',  ( -1.731370849898468800, 50.79999999999999700, -10.90000000000000400 ) ) ;
#8785 = ORIENTED_EDGE ( 'NONE', *, *, #173, .T. ) ;
#8784 = CARTESIAN_POINT ( 'NONE',  ( -2.161306858602134000, 32.45068458897939200, 9.758301673610770200 ) ) ;
#8786 = PLANE ( 'NONE',  #8989 ) ;
#8787 = DIRECTION ( 'NONE',  ( 0.6601821655035222700, 0.7511055241116789700, -8.673617379883948700E-015 ) ) ;
#8788 = CARTESIAN_POINT ( 'NONE',  ( -11.20000000000000100, 48.10000000000002300, -11.00000000000000400 ) ) ;
#8789 = FACE_OUTER_BOUND ( 'NONE', #784, .T. ) ;
#8790 = ORIENTED_EDGE ( 'NONE', *, *, #116, .F. ) ;
#8791 = LINE ( 'NONE', #6904, #4396 ) ;
#8792 = ORIENTED_EDGE ( 'NONE', *, *, #4963, .T. ) ;
#8793 = DIRECTION ( 'NONE',  ( -0.4993147673772752600, -0.8660254037844453700, -0.02616797812147321100 ) ) ;
#8794 = LINE ( 'NONE', #752, #4122 ) ;
#8795 = EDGE_CURVE ( 'NONE', #6522, #3401, #4489, .T. ) ;
#8796 = EDGE_LOOP ( 'NONE', ( #6538, #1928, #4647 ) ) ;
#8797 = VERTEX_POINT ( 'NONE', #6533 ) ;
#8798 = EDGE_CURVE ( 'NONE', #3129, #171, #4215, .T. ) ;
#8799 = DIRECTION ( 'NONE',  ( -2.493664996716658900E-014, 0.0000000000000000000, 1.000000000000000000 ) ) ;
#8800 = ADVANCED_FACE ( 'NONE', ( #10295 ), #5913, .T. ) ;
#8801 = CARTESIAN_POINT ( 'NONE',  ( 6.943693519319970700, 33.79999999999999700, -8.979274057836294200 ) ) ;
#8802 = AXIS2_PLACEMENT_3D ( 'NONE', #8107, #2279, #7277 ) ;
#8803 = CARTESIAN_POINT ( 'NONE',  ( -3.758718607546616600, 4.012402770990120400, -20.64128139245337900 ) ) ;
#8804 = DIRECTION ( 'NONE',  ( -1.000000000000000000, 0.0000000000000000000, 0.0000000000000000000 ) ) ;
#8805 = VECTOR ( 'NONE', #6086, 1000.000000000000000 ) ;
#8806 = VECTOR ( 'NONE', #1849, 1000.000000000000200 ) ;
#8807 = ORIENTED_EDGE ( 'NONE', *, *, #8865, .F. ) ;
#8808 = FACE_OUTER_BOUND ( 'NONE', #10432, .T. ) ;
#8809 = CARTESIAN_POINT ( 'NONE',  ( -1.349999999999996100, 30.80000000000000400, -13.00000000000000400 ) ) ;
#8810 = VERTEX_POINT ( 'NONE', #736 ) ;
#8811 = DIRECTION ( 'NONE',  ( 0.4472135954999611500, -0.7745966692414798500, 0.4472135954999608700 ) ) ;
#8812 = EDGE_CURVE ( 'NONE', #5245, #2440, #6172, .T. ) ;
#8813 = VECTOR ( 'NONE', #5130, 1000.000000000000000 ) ;
#8814 = DIRECTION ( 'NONE',  ( -0.0000000000000000000, -1.000000000000000000, -0.0000000000000000000 ) ) ;
#8815 = CARTESIAN_POINT ( 'NONE',  ( 4.009594358129914900, 52.79999999999999700, -10.83303955644702100 ) ) ;
#8816 = LINE ( 'NONE', #7022, #9067 ) ;
#8817 = CARTESIAN_POINT ( 'NONE',  ( -0.5999999999999944300, 36.79999999999999700, 10.50000000000000000 ) ) ;
#8818 = EDGE_CURVE ( 'NONE', #3311, #50, #1717, .T. ) ;
#8819 = ORIENTED_EDGE ( 'NONE', *, *, #4553, .F. ) ;
#8820 = EDGE_LOOP ( 'NONE', ( #1568, #2551, #316, #10413 ) ) ;
#8821 = FACE_OUTER_BOUND ( 'NONE', #9044, .T. ) ;
#8822 = CIRCLE ( 'NONE', #7712, 0.3999999999999993000 ) ;
#8823 = CARTESIAN_POINT ( 'NONE',  ( -1.618341437901838200, 30.49999999999910800, 11.13480762113573200 ) ) ;
#8824 = DIRECTION ( 'NONE',  ( 0.0000000000000000000, 0.0000000000000000000, 1.000000000000000000 ) ) ;
#8825 = CARTESIAN_POINT ( 'NONE',  ( 4.214988502441551400, 52.65837018413704100, 10.76666666666666900 ) ) ;
#8826 = VERTEX_POINT ( 'NONE', #5743 ) ;
#8827 = CARTESIAN_POINT ( 'NONE',  ( 0.8136332764867071400, 34.36760171522799800, -11.00000000000000400 ) ) ;
#8828 = ORIENTED_EDGE ( 'NONE', *, *, #1535, .F. ) ;
#8829 = DIRECTION ( 'NONE',  ( 0.0000000000000000000, -1.000000000000000000, 0.0000000000000000000 ) ) ;
#8830 = VECTOR ( 'NONE', #3372, 1000.000000000000000 ) ;
#8831 = ORIENTED_EDGE ( 'NONE', *, *, #8865, .T. ) ;
#8832 = CYLINDRICAL_SURFACE ( 'NONE', #4804, 0.4411542731880182500 ) ;
#8833 = EDGE_CURVE ( 'NONE', #10348, #7181, #8108, .T. ) ;
#8834 = DIRECTION ( 'NONE',  ( -0.0000000000000000000, -1.000000000000000000, -0.0000000000000000000 ) ) ;
#8835 = CARTESIAN_POINT ( 'NONE',  ( -4.848004156739092400, 52.74355634447698500, -10.85901645101336200 ) ) ;
#8836 = ORIENTED_EDGE ( 'NONE', *, *, #5899, .T. ) ;
#8837 = CARTESIAN_POINT ( 'NONE',  ( 0.0000000000000000000, -2.826794919243119400, 34.20000000000000300 ) ) ;
#8838 = CARTESIAN_POINT ( 'NONE',  ( -0.5999999999999943200, 50.79999999999999700, 11.70000000000000100 ) ) ;
#8839 = PLANE ( 'NONE',  #2486 ) ;
#8840 = ORIENTED_EDGE ( 'NONE', *, *, #370, .F. ) ;
#8841 = FACE_OUTER_BOUND ( 'NONE', #1688, .T. ) ;
#8842 = VECTOR ( 'NONE', #5338, 1000.000000000000000 ) ;
#8843 = DIRECTION ( 'NONE',  ( -0.9396926207859096500, -0.3420201433256654400, 0.0000000000000000000 ) ) ;
#8844 = VERTEX_POINT ( 'NONE', #7433 ) ;
#8845 = CARTESIAN_POINT ( 'NONE',  ( -0.1235896139365252900, 33.58903450682075200, 9.342543482657129400 ) ) ;
#8846 = DIRECTION ( 'NONE',  ( -1.774149009521734800E-015, 0.0000000000000000000, -1.000000000000000000 ) ) ;
#8847 = EDGE_CURVE ( 'NONE', #6280, #8468, #3681, .T. ) ;
#8848 = PLANE ( 'NONE',  #7939 ) ;
#8849 = ORIENTED_EDGE ( 'NONE', *, *, #5949, .T. ) ;
#8850 = CARTESIAN_POINT ( 'NONE',  ( -8.948805684721969900, -2.826794919243119400, -34.20000000000001000 ) ) ;
#8851 = ORIENTED_EDGE ( 'NONE', *, *, #7537, .T. ) ;
#8852 = AXIS2_PLACEMENT_3D ( 'NONE', #9358, #7698, #1852 ) ;
#8853 = CARTESIAN_POINT ( 'NONE',  ( 13.03160419245256000, 4.412159162658380900, 13.72475854427483100 ) ) ;
#8854 = ADVANCED_FACE ( 'NONE', ( #10570 ), #2436, .T. ) ;
#8855 = LINE ( 'NONE', #6558, #2208 ) ;
#8856 = ORIENTED_EDGE ( 'NONE', *, *, #5774, .T. ) ;
#8857 = EDGE_CURVE ( 'NONE', #4687, #376, #5651, .T. ) ;
#8858 = CARTESIAN_POINT ( 'NONE',  ( 13.97472772708203000, 4.158329734187798700, -12.70209461801179500 ) ) ;
#8859 = CARTESIAN_POINT ( 'NONE',  ( -11.20000000000000100, 27.42626129027272300, -11.00000000000000400 ) ) ;
#8860 = CARTESIAN_POINT ( 'NONE',  ( 3.900000000000004400, 52.79999999999999700, 10.90000000000000400 ) ) ;
#8861 = ORIENTED_EDGE ( 'NONE', *, *, #1829, .T. ) ;
#8862 = CARTESIAN_POINT ( 'NONE',  ( -11.19999999999999900, 50.89999999999999900, -11.30000000000000200 ) ) ;
#8863 = LINE ( 'NONE', #242, #6664 ) ;
#8864 = CARTESIAN_POINT ( 'NONE',  ( 0.0000000000000000000, 5.000000000000000000, -29.61764762517409400 ) ) ;
#8865 = EDGE_CURVE ( 'NONE', #6893, #8755, #9263, .T. ) ;
#8866 = ORIENTED_EDGE ( 'NONE', *, *, #3493, .T. ) ;
#8867 = EDGE_LOOP ( 'NONE', ( #9858, #9948 ) ) ;
#8868 = VECTOR ( 'NONE', #534, 1000.000000000000000 ) ;
#8869 = EDGE_LOOP ( 'NONE', ( #9016, #3427, #5014, #9355, #8971 ) ) ;
#8870 = CARTESIAN_POINT ( 'NONE',  ( -5.175428090623459100, 52.79999999999999700, -10.89999999999476500 ) ) ;
#8871 = ORIENTED_EDGE ( 'NONE', *, *, #1957, .F. ) ;
#8872 = DIRECTION ( 'NONE',  ( 0.0000000000000000000, 0.0000000000000000000, 1.000000000000000000 ) ) ;
#8873 = ORIENTED_EDGE ( 'NONE', *, *, #5559, .T. ) ;
#8874 = EDGE_CURVE ( 'NONE', #7228, #9169, #4120, .T. ) ;
#8875 = EDGE_CURVE ( 'NONE', #5648, #7233, #10039, .T. ) ;
#8876 = LINE ( 'NONE', #5486, #6682 ) ;
#8877 = ORIENTED_EDGE ( 'NONE', *, *, #4845, .T. ) ;
#8878 = CARTESIAN_POINT ( 'NONE',  ( -6.599999999999993400, 36.79999999999999700, -10.90000000000000400 ) ) ;
#8879 = ORIENTED_EDGE ( 'NONE', *, *, #3002, .F. ) ;
#8880 =( BOUNDED_CURVE ( )  B_SPLINE_CURVE ( 3, ( #705, #5720, #1542, #7378 ),
 .UNSPECIFIED., .F., .F. ) 
 B_SPLINE_CURVE_WITH_KNOTS ( ( 4, 4 ),
 ( 2.414817599270095100, 3.868367707909491600 ),
 .UNSPECIFIED. ) 
 CURVE ( )  GEOMETRIC_REPRESENTATION_ITEM ( )  RATIONAL_B_SPLINE_CURVE ( ( 1.000000000000000000, 0.8315474279732689700, 0.8315474279732689700, 1.000000000000000000 ) ) 
 REPRESENTATION_ITEM ( '' )  );
#8882 = ORIENTED_EDGE ( 'NONE', *, *, #851, .F. ) ;
#8881 = DIRECTION ( 'NONE',  ( -0.0000000000000000000, -1.000000000000000000, -0.0000000000000000000 ) ) ;
#8883 = ORIENTED_EDGE ( 'NONE', *, *, #6433, .T. ) ;
#8884 = CARTESIAN_POINT ( 'NONE',  ( 1.075510462849419000, 32.85626356535960500, 9.524140542419994300 ) ) ;
#8885 = CARTESIAN_POINT ( 'NONE',  ( 500000.0000000000600, 35.79999999999999700, -9.800000000000007800 ) ) ;
#8886 = AXIS2_PLACEMENT_3D ( 'NONE', #4727, #3907, #9702 ) ;
#8887 = DIRECTION ( 'NONE',  ( 0.0000000000000000000, 0.0000000000000000000, 1.000000000000000000 ) ) ;
#8888 = CARTESIAN_POINT ( 'NONE',  ( 3.400000000000003900, 52.79999999999999700, 10.90000000000000400 ) ) ;
#8889 = EDGE_CURVE ( 'NONE', #452, #8401, #1195, .T. ) ;
#8890 = VERTEX_POINT ( 'NONE', #7465 ) ;
#8891 = VERTEX_POINT ( 'NONE', #2547 ) ;
#8892 = DIRECTION ( 'NONE',  ( -0.0000000000000000000, 1.000000000000000000, -0.0000000000000000000 ) ) ;
#8893 = DIRECTION ( 'NONE',  ( 0.6601821655035222700, 0.7511055241116789700, -8.673617379883948700E-015 ) ) ;
#8894 = DIRECTION ( 'NONE',  ( 0.0000000000000000000, 0.0000000000000000000, 1.000000000000000000 ) ) ;
#8895 = CARTESIAN_POINT ( 'NONE',  ( 5.400000000000005700, 50.79999999999999700, -6.641154273188021800 ) ) ;
#8896 = EDGE_CURVE ( 'NONE', #435, #3553, #9520, .T. ) ;
#8897 = CARTESIAN_POINT ( 'NONE',  ( -4.660526354612870600, 52.79999999999999700, 10.90000000000000400 ) ) ;
#8898 = VECTOR ( 'NONE', #829, 1000.000000000000000 ) ;
#8899 = DIRECTION ( 'NONE',  ( 0.0000000000000000000, -1.000000000000000000, 0.0000000000000000000 ) ) ;
#8900 = VERTEX_POINT ( 'NONE', #3375 ) ;
#8901 = VERTEX_POINT ( 'NONE', #98 ) ;
#8902 = ORIENTED_EDGE ( 'NONE', *, *, #6096, .T. ) ;
#8903 = APPLICATION_PROTOCOL_DEFINITION ( 'draft international standard', 'automotive_design', 1998, #3076 ) ;
#8904 = CARTESIAN_POINT ( 'NONE',  ( 13.40000000000000000, 3.400000000000023900, 13.64339877915260100 ) ) ;
#8905 = ADVANCED_FACE ( 'NONE', ( #3407 ), #2886, .T. ) ;
#8906 = PLANE ( 'NONE',  #356 ) ;
#8907 = DIRECTION ( 'NONE',  ( 0.4472135954999609300, -0.7745966692414798500, 0.4472135954999610900 ) ) ;
#8908 = VECTOR ( 'NONE', #1848, 1000.000000000000000 ) ;
#8909 = CARTESIAN_POINT ( 'NONE',  ( -33.73576973346460800, 0.0000000000000000000, 25.40000000000000200 ) ) ;
#8910 = ORIENTED_EDGE ( 'NONE', *, *, #3301, .T. ) ;
#8911 = ORIENTED_EDGE ( 'NONE', *, *, #7749, .T. ) ;
#8912 = VERTEX_POINT ( 'NONE', #2575 ) ;
#8913 = CARTESIAN_POINT ( 'NONE',  ( -9.799999999999993600, 50.79999999999999700, -9.400000000000002100 ) ) ;
#8914 = VECTOR ( 'NONE', #4638, 1000.000000000000000 ) ;
#8915 = EDGE_LOOP ( 'NONE', ( #1212, #1054, #7665, #1110 ) ) ;
#8916 = ORIENTED_EDGE ( 'NONE', *, *, #5050, .T. ) ;
#8917 = LINE ( 'NONE', #5657, #6717 ) ;
#8918 = CARTESIAN_POINT ( 'NONE',  ( -43.42946037707840600, -3.000000000000000000, -14.42191417403440200 ) ) ;
#8919 = CARTESIAN_POINT ( 'NONE',  ( 8.600000000000005000, 48.10000000000002300, -9.400000000000002100 ) ) ;
#8920 = ADVANCED_FACE ( 'NONE', ( #5132 ), #9849, .T. ) ;
#8921 = DIRECTION ( 'NONE',  ( 0.0000000000000000000, 0.0000000000000000000, 1.000000000000000000 ) ) ;
#8922 = LINE ( 'NONE', #7778, #4521 ) ;
#8923 = CARTESIAN_POINT ( 'NONE',  ( -1.349999999999996100, 30.80000000000000400, -12.60000000000000300 ) ) ;
#8924 = B_SPLINE_CURVE_WITH_KNOTS ( 'NONE', 3,
 ( #7003, #1990, #7833, #2834 ),
 .UNSPECIFIED., .F., .F.,
 ( 4, 4 ),
 ( 0.0000000000000000000, 1.402167466443475700E-005 ),
 .UNSPECIFIED. ) ;
#8925 = ORIENTED_EDGE ( 'NONE', *, *, #7827, .F. ) ;
#8926 = LINE ( 'NONE', #3964, #92 ) ;
#8927 = EDGE_CURVE ( 'NONE', #4663, #10586, #675, .T. ) ;
#8928 = LINE ( 'NONE', #6389, #2284 ) ;
#8929 = LINE ( 'NONE', #3156, #4800 ) ;
#8930 = AXIS2_PLACEMENT_3D ( 'NONE', #2096, #5447, #4639 ) ;
#8931 = VERTEX_POINT ( 'NONE', #978 ) ;
#8932 = CARTESIAN_POINT ( 'NONE',  ( -46.91294678941223900, 0.0000000000000000000, 24.24714639033061300 ) ) ;
#8933 = CARTESIAN_POINT ( 'NONE',  ( -44.45135385998504100, -2.826794919243119400, -3.888989541128226700 ) ) ;
#8934 = CARTESIAN_POINT ( 'NONE',  ( 13.97128129211022000, -3.000000000000000000, 34.10000000000000900 ) ) ;
#8935 = DIRECTION ( 'NONE',  ( 0.0000000000000000000, 0.0000000000000000000, 1.000000000000000000 ) ) ;
#8936 = DIRECTION ( 'NONE',  ( -0.4472135954999612600, 0.7745966692414798500, -0.4472135954999609800 ) ) ;
#8937 = DIRECTION ( 'NONE',  ( 0.0000000000000000000, -1.000000000000000000, 0.0000000000000000000 ) ) ;
#8938 = CYLINDRICAL_SURFACE ( 'NONE', #3996, 4.000000000000002700 ) ;
#8939 = DIRECTION ( 'NONE',  ( 1.000000000000000000, 0.0000000000000000000, 0.0000000000000000000 ) ) ;
#8940 = EDGE_LOOP ( 'NONE', ( #6247, #10685, #1475, #8532 ) ) ;
#8941 = EDGE_CURVE ( 'NONE', #6570, #9569, #9268, .T. ) ;
#8942 = CIRCLE ( 'NONE', #9304, 0.2000000000000006200 ) ;
#8943 = ORIENTED_EDGE ( 'NONE', *, *, #49, .T. ) ;
#8944 = EDGE_CURVE ( 'NONE', #7083, #2517, #7583, .T. ) ;
#8945 = CARTESIAN_POINT ( 'NONE',  ( -5.539473645387139400, 52.79999999999999700, -10.90000000000000400 ) ) ;
#8946 = VECTOR ( 'NONE', #1403, 1000.000000000000000 ) ;
#8947 = CARTESIAN_POINT ( 'NONE',  ( -4.656443655522966900, 52.04800415673909700, 10.85901645101352200 ) ) ;
#8948 = TOROIDAL_SURFACE ( 'NONE', #8057, 0.1000000000000008500, 0.4000000000000000200 ) ;
#8949 = AXIS2_PLACEMENT_3D ( 'NONE', #1998, #7837, #2839 ) ;
#8950 = ORIENTED_EDGE ( 'NONE', *, *, #7055, .F. ) ;
#8951 = DIRECTION ( 'NONE',  ( 0.0000000000000000000, 0.0000000000000000000, -1.000000000000000000 ) ) ;
#8952 = EDGE_CURVE ( 'NONE', #3278, #8912, #430, .T. ) ;
#8953 = CARTESIAN_POINT ( 'NONE',  ( 13.40000000000000600, 3.400286409439799300, -13.62938002992065600 ) ) ;
#8954 = DIRECTION ( 'NONE',  ( -0.0000000000000000000, 1.000000000000000000, -0.0000000000000000000 ) ) ;
#8955 = CARTESIAN_POINT ( 'NONE',  ( -35.19561662984588000, 3.400000000000024800, -0.1323777786542521000 ) ) ;
#8956 = CARTESIAN_POINT ( 'NONE',  ( 4.151995843260782400, 52.74355634447730500, -10.85901645101344000 ) ) ;
#8957 = DIRECTION ( 'NONE',  ( -1.000000000000000000, 0.0000000000000000000, -0.0000000000000000000 ) ) ;
#8958 = FACE_OUTER_BOUND ( 'NONE', #3534, .T. ) ;
#8959 = DIRECTION ( 'NONE',  ( -0.0000000000000000000, -1.000000000000000000, -0.0000000000000000000 ) ) ;
#8960 = LINE ( 'NONE', #9059, #8428 ) ;
#8961 = ADVANCED_FACE ( 'NONE', ( #2374 ), #4611, .F. ) ;
#8962 = VERTEX_POINT ( 'NONE', #10131 ) ;
#8963 = AXIS2_PLACEMENT_3D ( 'NONE', #1640, #5011, #28 ) ;
#8964 = CARTESIAN_POINT ( 'NONE',  ( -3.599999999999999200, 34.54999999999999700, -12.60000000000000300 ) ) ;
#8965 = DIRECTION ( 'NONE',  ( 0.0000000000000000000, -1.000000000000000000, 0.0000000000000000000 ) ) ;
#8966 = VECTOR ( 'NONE', #3701, 1000.000000000000000 ) ;
#8967 = CARTESIAN_POINT ( 'NONE',  ( -0.5999999999999944300, 49.42626129027264900, 9.300000000000000700 ) ) ;
#8968 = CYLINDRICAL_SURFACE ( 'NONE', #521, 1.600000000000000800 ) ;
#8969 = ORIENTED_EDGE ( 'NONE', *, *, #136, .F. ) ;
#8970 = CARTESIAN_POINT ( 'NONE',  ( 5.400000000000005700, 48.10000000000002300, -7.800000000000004300 ) ) ;
#8971 = ORIENTED_EDGE ( 'NONE', *, *, #8524, .T. ) ;
#8972 = VERTEX_POINT ( 'NONE', #3538 ) ;
#8973 = DIRECTION ( 'NONE',  ( 0.0000000000000000000, 0.0000000000000000000, -1.000000000000000000 ) ) ;
#8974 = ORIENTED_EDGE ( 'NONE', *, *, #3715, .F. ) ;
#8975 = ADVANCED_FACE ( 'NONE', ( #178 ), #10693, .T. ) ;
#8976 = CIRCLE ( 'NONE', #10149, 0.6656854249492391000 ) ;
#8977 = FACE_OUTER_BOUND ( 'NONE', #7289, .T. ) ;
#8978 = CARTESIAN_POINT ( 'NONE',  ( -42.50228307667197200, 0.0000000000000000000, 26.16697053617942400 ) ) ;
#8979 = DIRECTION ( 'NONE',  ( 0.0000000000000000000, -0.3420201433256649900, 0.9396926207859097600 ) ) ;
#8980 = ORIENTED_EDGE ( 'NONE', *, *, #7620, .T. ) ;
#8981 = EDGE_LOOP ( 'NONE', ( #1875, #2508, #1821, #7423, #4388, #4219 ) ) ;
#8982 = CARTESIAN_POINT ( 'NONE',  ( -4.613681633533287800, 52.43150190334526400, 10.86695313951639200 ) ) ;
#8983 = VECTOR ( 'NONE', #515, 1000.000000000000000 ) ;
#8984 = UNCERTAINTY_MEASURE_WITH_UNIT (LENGTH_MEASURE( 1.000000000000000100E-005 ), #1374, 'distance_accuracy_value', 'NONE');
#8985 = DIRECTION ( 'NONE',  ( -1.000000000000000000, 0.0000000000000000000, 0.0000000000000000000 ) ) ;
#8986 = EDGE_CURVE ( 'NONE', #2458, #10644, #2101, .T. ) ;
#8987 = CARTESIAN_POINT ( 'NONE',  ( 5.400000000000005700, 48.10000000000002300, -7.800000000000003400 ) ) ;
#8988 = PLANE ( 'NONE',  #4587 ) ;
#8989 = AXIS2_PLACEMENT_3D ( 'NONE', #10446, #2960, #7951 ) ;
#8990 = CARTESIAN_POINT ( 'NONE',  ( -1.175632000246485700, 34.18255877671881400, 9.447076545853299500 ) ) ;
#8991 = ORIENTED_EDGE ( 'NONE', *, *, #7771, .F. ) ;
#8992 = ORIENTED_EDGE ( 'NONE', *, *, #1895, .T. ) ;
#8993 = ORIENTED_EDGE ( 'NONE', *, *, #3840, .T. ) ;
#8994 = EDGE_CURVE ( 'NONE', #4206, #8433, #4341, .T. ) ;
#8995 = ORIENTED_EDGE ( 'NONE', *, *, #1476, .F. ) ;
#8996 = CARTESIAN_POINT ( 'NONE',  ( -3.068629150101515300, 4.188310502116359600, 11.46862915010151900 ) ) ;
#8997 = CARTESIAN_POINT ( 'NONE',  ( 14.01170327230939300, 4.048925683557574700, 12.69335429409235300 ) ) ;
#8998 = DIRECTION ( 'NONE',  ( 0.0000000000000000000, 0.0000000000000000000, 1.000000000000000000 ) ) ;
#8999 = LINE ( 'NONE', #4224, #2359 ) ;
#9000 = ORIENTED_EDGE ( 'NONE', *, *, #3532, .F. ) ;
#9001 = DIRECTION ( 'NONE',  ( -0.0000000000000000000, 0.0000000000000000000, 1.000000000000000000 ) ) ;
#9002 = EDGE_CURVE ( 'NONE', #7448, #538, #8751, .T. ) ;
#9003 = ORIENTED_EDGE ( 'NONE', *, *, #4059, .F. ) ;
#9004 = AXIS2_PLACEMENT_3D ( 'NONE', #4982, #3321, #5864 ) ;
#9005 = VERTEX_POINT ( 'NONE', #8548 ) ;
#9006 = CARTESIAN_POINT ( 'NONE',  ( -4.599999999999994300, 52.79999999999999700, -10.90000000000000400 ) ) ;
#9007 = VERTEX_POINT ( 'NONE', #9383 ) ;
#9008 = CARTESIAN_POINT ( 'NONE',  ( -36.27554562970527700, -2.268224903405859900, 33.82663618619449900 ) ) ;
#9009 = ADVANCED_FACE ( 'NONE', ( #8487 ), #10209, .F. ) ;
#9010 = LINE ( 'NONE', #1084, #4079 ) ;
#9011 = CARTESIAN_POINT ( 'NONE',  ( 9.058877142030455700, 5.000000000000000000, 19.21764762517409500 ) ) ;
#9012 = CARTESIAN_POINT ( 'NONE',  ( -5.870262519709094700, -1.853914551680286200, -33.64410576744918300 ) ) ;
#9013 = VERTEX_POINT ( 'NONE', #7726 ) ;
#9014 = EDGE_CURVE ( 'NONE', #4046, #2755, #1836, .T. ) ;
#9015 = B_SPLINE_CURVE_WITH_KNOTS ( 'NONE', 3,
 ( #5455, #6065, #1272, #6783, #10390, #1775, #9557, #3460, #7609, #2608 ),
 .UNSPECIFIED., .F., .F.,
 ( 4, 2, 2, 2, 4 ),
 ( 0.0000000000000000000, 0.2499999999999794600, 0.3749999999999791800, 0.4999999999999789100, 1.000000000000000000 ),
 .UNSPECIFIED. ) ;
#9016 = ORIENTED_EDGE ( 'NONE', *, *, #6098, .T. ) ;
#9017 = ORIENTED_EDGE ( 'NONE', *, *, #270, .T. ) ;
#9018 = CARTESIAN_POINT ( 'NONE',  ( -4.656443655523048600, 52.55199584326090400, -10.85901645101359800 ) ) ;
#9019 = EDGE_CURVE ( 'NONE', #457, #7545, #9010, .T. ) ;
#9020 = AXIS2_PLACEMENT_3D ( 'NONE', #2543, #96, #5916 ) ;
#9021 = DIRECTION ( 'NONE',  ( 4.336808689942013800E-016, -0.0000000000000000000, -1.000000000000000000 ) ) ;
#9022 = CARTESIAN_POINT ( 'NONE',  ( -30.55738846886118100, 3.417731491135571600, -30.19354626501751000 ) ) ;
#9023 = ADVANCED_FACE ( 'NONE', ( #1582 ), #3550, .T. ) ;
#9024 = VERTEX_POINT ( 'NONE', #5313 ) ;
#9025 = CARTESIAN_POINT ( 'NONE',  ( -4.599999999999996100, 50.79999999999999700, 10.90000000000000400 ) ) ;
#9026 = CARTESIAN_POINT ( 'NONE',  ( 3.400000000000005200, 51.86052635461285800, -10.90000000000000400 ) ) ;
#9027 = AXIS2_PLACEMENT_3D ( 'NONE', #4796, #10571, #5621 ) ;
#9028 = ORIENTED_EDGE ( 'NONE', *, *, #5833, .T. ) ;
#9029 = DIRECTION ( 'NONE',  ( 0.0000000000000000000, 1.000000000000000000, 0.0000000000000000000 ) ) ;
#9030 = ORIENTED_EDGE ( 'NONE', *, *, #5761, .F. ) ;
#9031 = CARTESIAN_POINT ( 'NONE',  ( 11.31091036373494800, 5.000000000000000000, 19.21764762517409900 ) ) ;
#9032 = CIRCLE ( 'NONE', #7088, 12.41764762517407500 ) ;
#9033 = ORIENTED_EDGE ( 'NONE', *, *, #3206, .T. ) ;
#9034 = VERTEX_POINT ( 'NONE', #4468 ) ;
#9035 = DIRECTION ( 'NONE',  ( -0.0000000000000000000, -1.000000000000000000, -0.0000000000000000000 ) ) ;
#9036 = ORIENTED_EDGE ( 'NONE', *, *, #4626, .T. ) ;
#9037 = ORIENTED_EDGE ( 'NONE', *, *, #9605, .T. ) ;
#9038 = CARTESIAN_POINT ( 'NONE',  ( 13.85129673594043200, 4.523540046057051200, 12.72782558589093000 ) ) ;
#9039 = EDGE_CURVE ( 'NONE', #5556, #5557, #5782, .T. ) ;
#9040 = LINE ( 'NONE', #5149, #706 ) ;
#9041 = CARTESIAN_POINT ( 'NONE',  ( -2.599999999999989900, 33.05000000000000400, 15.00000000000000200 ) ) ;
#9042 = LINE ( 'NONE', #3096, #6846 ) ;
#9043 = VERTEX_POINT ( 'NONE', #310 ) ;
#9044 = EDGE_LOOP ( 'NONE', ( #3245, #2067, #9941, #7851 ) ) ;
#9045 = ORIENTED_EDGE ( 'NONE', *, *, #4099, .T. ) ;
#9046 = CARTESIAN_POINT ( 'NONE',  ( -33.73576973346460800, -2.648912529307599200, -34.20000000000001700 ) ) ;
#9047 = DIRECTION ( 'NONE',  ( -0.3236155771181814500, 0.8891264907159907000, 0.3236155771181814500 ) ) ;
#9048 = VECTOR ( 'NONE', #2540, 1000.000000000000000 ) ;
#9049 = ORIENTED_EDGE ( 'NONE', *, *, #8019, .F. ) ;
#9050 = FACE_OUTER_BOUND ( 'NONE', #6268, .T. ) ;
#9051 = VECTOR ( 'NONE', #676, 1000.000000000000000 ) ;
#9052 = CARTESIAN_POINT ( 'NONE',  ( 3.400000000000004800, 38.80000000000000400, 9.800000000000000700 ) ) ;
#9053 = VERTEX_POINT ( 'NONE', #8619 ) ;
#9054 = CARTESIAN_POINT ( 'NONE',  ( -5.733974596215588800, 3.000000000000000400, -14.33589838486222600 ) ) ;
#9055 = DIRECTION ( 'NONE',  ( -1.000000000000000000, -0.0000000000000000000, -2.344220913482171700E-016 ) ) ;
#9056 = CARTESIAN_POINT ( 'NONE',  ( -500000.0000000000600, 26.83589838486229700, 12.99999999978315700 ) ) ;
#9057 = LINE ( 'NONE', #1029, #6866 ) ;
#9058 = CARTESIAN_POINT ( 'NONE',  ( -42.50228307667197200, 0.0000000000000000000, 26.16697053617943100 ) ) ;
#9059 = CARTESIAN_POINT ( 'NONE',  ( 0.0000000000000000000, 50.79999999999999700, 9.800000000000000700 ) ) ;
#9060 = VECTOR ( 'NONE', #5288, 1000.000000000000000 ) ;
#9061 = DIRECTION ( 'NONE',  ( 0.0000000000000000000, 0.0000000000000000000, 1.000000000000000000 ) ) ;
#9062 = EDGE_CURVE ( 'NONE', #9593, #3311, #3853, .T. ) ;
#9063 = ADVANCED_FACE ( 'NONE', ( #1325 ), #1160, .T. ) ;
#9064 = EDGE_CURVE ( 'NONE', #8651, #1880, #9904, .T. ) ;
#9065 = AXIS2_PLACEMENT_3D ( 'NONE', #10448, #2155, #7988 ) ;
#9066 = FACE_OUTER_BOUND ( 'NONE', #6643, .T. ) ;
#9067 = VECTOR ( 'NONE', #5373, 1000.000000000000100 ) ;
#9068 = DIRECTION ( 'NONE',  ( -0.0000000000000000000, 1.000000000000000000, -0.0000000000000000000 ) ) ;
#9069 = CARTESIAN_POINT ( 'NONE',  ( -34.20000000000000300, 5.000000000000000000, 30.19999999999999600 ) ) ;
#9070 = CARTESIAN_POINT ( 'NONE',  ( -5.733974596215595900, 3.000000000000000400, 14.33589838486222600 ) ) ;
#9071 = ORIENTED_EDGE ( 'NONE', *, *, #6614, .T. ) ;
#9072 = DIRECTION ( 'NONE',  ( -0.0000000000000000000, -1.000000000000000000, -0.0000000000000000000 ) ) ;
#9073 =( BOUNDED_CURVE ( )  B_SPLINE_CURVE ( 2, ( #10667, #704, #2381 ),
 .UNSPECIFIED., .F., .F. ) 
 B_SPLINE_CURVE_WITH_KNOTS ( ( 3, 3 ),
 ( 0.0000000000000000000, 1.000000000000000000 ),
 .UNSPECIFIED. ) 
 CURVE ( )  GEOMETRIC_REPRESENTATION_ITEM ( )  RATIONAL_B_SPLINE_CURVE ( ( 1.000000000000000000, 0.6098061980516905600, 1.000000000000000000 ) ) 
 REPRESENTATION_ITEM ( '' )  );
#9074 = ADVANCED_FACE ( 'NONE', ( #10426 ), #7722, .F. ) ;
#9075 = EDGE_CURVE ( 'NONE', #6431, #8126, #3262, .T. ) ;
#9076 = LINE ( 'NONE', #5942, #6618 ) ;
#9077 = FACE_OUTER_BOUND ( 'NONE', #693, .T. ) ;
#9078 = EDGE_CURVE ( 'NONE', #5374, #4288, #5525, .T. ) ;
#9079 = CARTESIAN_POINT ( 'NONE',  ( -5.366246656477795100, 52.70121173941809900, 10.76666675551928700 ) ) ;
#9080 = DIRECTION ( 'NONE',  ( 0.0000000000000000000, -0.5000000000000041100, 0.8660254037844362700 ) ) ;
#9081 = AXIS2_PLACEMENT_3D ( 'NONE', #6542, #1539, #7374 ) ;
#9082 = CARTESIAN_POINT ( 'NONE',  ( -9.799999999999993600, 50.79999999999999700, -9.400000000000002100 ) ) ;
#9083 = AXIS2_PLACEMENT_3D ( 'NONE', #3578, #9392, #4437 ) ;
#9084 = LINE ( 'NONE', #762, #7151 ) ;
#9085 = CONICAL_SURFACE ( 'NONE', #321, 1.199999999999999700, 0.3490658503988626800 ) ;
#9086 = DIRECTION ( 'NONE',  ( 0.0000000000000000000, 0.0000000000000000000, -1.000000000000000000 ) ) ;
#9087 = EDGE_CURVE ( 'NONE', #10508, #5961, #9647, .T. ) ;
#9088 = CARTESIAN_POINT ( 'NONE',  ( -9.799999999999993600, 50.79999999999999700, -9.400000000000002100 ) ) ;
#9089 = DIRECTION ( 'NONE',  ( -1.000000000000000000, 0.0000000000000000000, -4.336808689942014300E-016 ) ) ;
#9090 = CARTESIAN_POINT ( 'NONE',  ( -1.308554566645818700, 33.79999999999999700, -8.954700538379276200 ) ) ;
#9091 = ORIENTED_EDGE ( 'NONE', *, *, #7375, .F. ) ;
#9092 = CARTESIAN_POINT ( 'NONE',  ( -5.099999999999995200, 52.29999999999999700, -10.90000000000000400 ) ) ;
#9093 = CARTESIAN_POINT ( 'NONE',  ( -6.599999999999992500, 50.79999999999999700, -9.400000000000003900 ) ) ;
#9094 = FACE_BOUND ( 'NONE', #8067, .T. ) ;
#9095 = ORIENTED_EDGE ( 'NONE', *, *, #10304, .T. ) ;
#9096 = VECTOR ( 'NONE', #7847, 999.9999999999998900 ) ;
#9097 = EDGE_CURVE ( 'NONE', #10644, #6667, #8719, .T. ) ;
#9098 = ORIENTED_EDGE ( 'NONE', *, *, #8889, .F. ) ;
#9099 = AXIS2_PLACEMENT_3D ( 'NONE', #8361, #3369, #9197 ) ;
#9100 = ORIENTED_EDGE ( 'NONE', *, *, #6513, .T. ) ;
#9101 = DIRECTION ( 'NONE',  ( 0.4980973490458823800, -0.8660254037844330500, 0.04357787137383179600 ) ) ;
#9102 = CARTESIAN_POINT ( 'NONE',  ( 11.20000000000000100, 0.0000000000000000000, 6.858022075225178600E-016 ) ) ;
#9103 = CARTESIAN_POINT ( 'NONE',  ( 3.824571909376520900, 52.79999999999999700, 10.89999999999476500 ) ) ;
#9104 = CARTESIAN_POINT ( 'NONE',  ( -7.420966173741941700, -0.4484064989453989100, 34.07158825432910700 ) ) ;
#9105 = VECTOR ( 'NONE', #6209, 1000.000000000000000 ) ;
#9106 = FACE_OUTER_BOUND ( 'NONE', #2768, .T. ) ;
#9107 = EDGE_LOOP ( 'NONE', ( #6861, #10178, #7570, #7414 ) ) ;
#9108 = VECTOR ( 'NONE', #6827, 1000.000000000000000 ) ;
#9109 = ORIENTED_EDGE ( 'NONE', *, *, #5757, .F. ) ;
#9110 = EDGE_CURVE ( 'NONE', #7966, #9305, #5268, .T. ) ;
#9111 = CARTESIAN_POINT ( 'NONE',  ( -5.414988502441546300, 52.65837018413704100, 10.76666666666666900 ) ) ;
#9112 = ADVANCED_FACE ( 'NONE', ( #2754 ), #8724, .F. ) ;
#9113 = DIRECTION ( 'NONE',  ( 0.0000000000000000000, 0.0000000000000000000, -1.000000000000000000 ) ) ;
#9114 = AXIS2_PLACEMENT_3D ( 'NONE', #3582, #2766, #8590 ) ;
#9115 = DIRECTION ( 'NONE',  ( 1.000000000000000000, 0.0000000000000000000, 0.0000000000000000000 ) ) ;
#9116 = DIRECTION ( 'NONE',  ( 0.0000000000000000000, 0.0000000000000000000, -1.000000000000000000 ) ) ;
#9117 = EDGE_LOOP ( 'NONE', ( #7612, #2085, #2080, #1513 ) ) ;
#9118 = CARTESIAN_POINT ( 'NONE',  ( -0.5999999999999937600, 49.42626129027264900, -10.50000000000000000 ) ) ;
#9119 = DIRECTION ( 'NONE',  ( -0.0000000000000000000, -1.000000000000000000, -0.0000000000000000000 ) ) ;
#9120 = LINE ( 'NONE', #367, #793 ) ;
#9121 = DIRECTION ( 'NONE',  ( -1.000000000000000000, 0.0000000000000000000, 0.0000000000000000000 ) ) ;
#9123 = ORIENTED_EDGE ( 'NONE', *, *, #9487, .T. ) ;
#9122 = CARTESIAN_POINT ( 'NONE',  ( 13.77098801090864000, 3.497914377623596600, 12.84394794904726700 ) ) ;
#9124 = ORIENTED_EDGE ( 'NONE', *, *, #8135, .T. ) ;
#9125 = EDGE_CURVE ( 'NONE', #2613, #1400, #6043, .T. ) ;
#9126 = ADVANCED_FACE ( 'NONE', ( #6944 ), #1265, .T. ) ;
#9127 = CARTESIAN_POINT ( 'NONE',  ( 11.40000000000000200, -3.000000000000000000, 10.99818166789401800 ) ) ;
#9128 = AXIS2_PLACEMENT_3D ( 'NONE', #93, #899, #1703 ) ;
#9129 = CARTESIAN_POINT ( 'NONE',  ( -1.364718000180336100, 34.07814362145967400, 9.575163821944530100 ) ) ;
#9130 = VECTOR ( 'NONE', #6347, 1000.000000000000000 ) ;
#9131 = ORIENTED_EDGE ( 'NONE', *, *, #3674, .T. ) ;
#9132 = ORIENTED_EDGE ( 'NONE', *, *, #6921, .T. ) ;
#9133 = VERTEX_POINT ( 'NONE', #9590 ) ;
#9134 = CARTESIAN_POINT ( 'NONE',  ( -5.539473645387118900, 52.79999999999999700, -10.90000000000000400 ) ) ;
#9135 = EDGE_CURVE ( 'NONE', #6817, #4097, #9400, .T. ) ;
#9136 = DIRECTION ( 'NONE',  ( 0.0000000000000000000, 0.0000000000000000000, 1.000000000000000000 ) ) ;
#9137 = CARTESIAN_POINT ( 'NONE',  ( -4.199999999999996600, 30.30000000000003600, 11.00000000000000200 ) ) ;
#9138 = CARTESIAN_POINT ( 'NONE',  ( 5.614293593769978900, 3.000000000000000900, 13.94155005738137700 ) ) ;
#9139 = CARTESIAN_POINT ( 'NONE',  ( -11.20000000000000100, 50.79999999999999700, 9.441154273188013600 ) ) ;
#9140 = EDGE_CURVE ( 'NONE', #4954, #9282, #553, .T. ) ;
#9141 = VECTOR ( 'NONE', #10314, 1000.000000000000000 ) ;
#9142 = AXIS2_PLACEMENT_3D ( 'NONE', #4679, #5107, #8799 ) ;
#9143 =( BOUNDED_CURVE ( )  B_SPLINE_CURVE ( 3, ( #10497, #6344, #7996, #5984 ),
 .UNSPECIFIED., .F., .F. ) 
 B_SPLINE_CURVE_WITH_KNOTS ( ( 4, 4 ),
 ( 5.636988821747628700, 6.929381792611543700 ),
 .UNSPECIFIED. ) 
 CURVE ( )  GEOMETRIC_REPRESENTATION_ITEM ( )  RATIONAL_B_SPLINE_CURVE ( ( 1.000000000000000000, 0.8655865799697807200, 0.8655865799697807200, 1.000000000000000000 ) ) 
 REPRESENTATION_ITEM ( '' )  );
#9144 = ORIENTED_EDGE ( 'NONE', *, *, #1487, .F. ) ;
#9145 = VERTEX_POINT ( 'NONE', #7139 ) ;
#9146 = CARTESIAN_POINT ( 'NONE',  ( -6.599999999999993400, 52.79999999999999700, -10.90000000000000400 ) ) ;
#9147 = CARTESIAN_POINT ( 'NONE',  ( -30.33025804561337700, 3.400000000000023900, -30.20000000000000300 ) ) ;
#9148 = CARTESIAN_POINT ( 'NONE',  ( -33.75695522391649200, 5.000000000000000000, 25.98327156378787000 ) ) ;
#9149 = VECTOR ( 'NONE', #9121, 1000.000000000000000 ) ;
#9150 = EDGE_CURVE ( 'NONE', #9013, #6286, #8876, .T. ) ;
#9151 = CARTESIAN_POINT ( 'NONE',  ( 9.556317099958480600, 3.406294780244269600, -19.79770888735985000 ) ) ;
#9152 = ORIENTED_EDGE ( 'NONE', *, *, #1115, .T. ) ;
#9153 = ORIENTED_EDGE ( 'NONE', *, *, #6249, .T. ) ;
#9154 = VERTEX_POINT ( 'NONE', #9623 ) ;
#9155 = CARTESIAN_POINT ( 'NONE',  ( 0.0000000000000000000, 33.79999999999999700, -8.954700538379276200 ) ) ;
#9156 = AXIS2_PLACEMENT_3D ( 'NONE', #5837, #4158, #4992 ) ;
#9157 = CARTESIAN_POINT ( 'NONE',  ( 5.400000000000005700, 50.79999999999999700, -9.400000000000003900 ) ) ;
#9158 = DIRECTION ( 'NONE',  ( 0.0000000000000000000, 0.0000000000000000000, -1.000000000000000000 ) ) ;
#9159 = DIRECTION ( 'NONE',  ( -0.2786143930305814400, -0.8660254037844393700, 0.4151795033430711300 ) ) ;
#9160 = DIRECTION ( 'NONE',  ( 0.0000000000000000000, -1.000000000000000000, 0.0000000000000000000 ) ) ;
#9161 = CARTESIAN_POINT ( 'NONE',  ( -4.599999999999995200, 52.29999999999999700, 10.90000000000000400 ) ) ;
#9162 = CARTESIAN_POINT ( 'NONE',  ( -0.9071936224263671400, 50.62592474535195200, 9.800000000000004300 ) ) ;
#9163 = EDGE_LOOP ( 'NONE', ( #3155, #4964 ) ) ;
#9164 = ORIENTED_EDGE ( 'NONE', *, *, #9266, .F. ) ;
#9165 = VERTEX_POINT ( 'NONE', #3822 ) ;
#9166 = ADVANCED_FACE ( 'NONE', ( #301 ), #7965, .T. ) ;
#9167 = LINE ( 'NONE', #5444, #2530 ) ;
#9168 = ORIENTED_EDGE ( 'NONE', *, *, #1253, .T. ) ;
#9169 = VERTEX_POINT ( 'NONE', #4683 ) ;
#9170 = LINE ( 'NONE', #655, #6456 ) ;
#9171 = VECTOR ( 'NONE', #5219, 1000.000000000000000 ) ;
#9172 = CARTESIAN_POINT ( 'NONE',  ( 19.10559393809758800, -3.000000000000000000, -17.05093773936936700 ) ) ;
#9173 = CARTESIAN_POINT ( 'NONE',  ( 103.5729756315021700, 0.0000000000000000000, -6.938893903907228400E-015 ) ) ;
#9174 = VERTEX_POINT ( 'NONE', #7175 ) ;
#9175 = ORIENTED_EDGE ( 'NONE', *, *, #8069, .F. ) ;
#9176 = CARTESIAN_POINT ( 'NONE',  ( -30.92246679508567900, 2.380923900906350500, -30.57091336652220900 ) ) ;
#9177 = EDGE_CURVE ( 'NONE', #3988, #1753, #4482, .T. ) ;
#9178 = DIRECTION ( 'NONE',  ( 0.0000000000000000000, -1.000000000000000000, 0.0000000000000000000 ) ) ;
#9179 = ORIENTED_EDGE ( 'NONE', *, *, #2730, .T. ) ;
#9180 = CARTESIAN_POINT ( 'NONE',  ( -5.733974596215535500, -4.499999999999989300, -24.73589838486227800 ) ) ;
#9181 = LINE ( 'NONE', #3933, #2007 ) ;
#9182 = LINE ( 'NONE', #2176, #350 ) ;
#9183 = ADVANCED_FACE ( 'NONE', ( #4745 ), #8839, .T. ) ;
#9184 = FACE_BOUND ( 'NONE', #6103, .T. ) ;
#9185 = ORIENTED_EDGE ( 'NONE', *, *, #5689, .F. ) ;
#9186 = DIRECTION ( 'NONE',  ( -0.3236155771181816700, 0.8891264907159905900, -0.3236155771181814500 ) ) ;
#9187 = CARTESIAN_POINT ( 'NONE',  ( -34.34608161917633900, -2.638414467772194800, -34.18414929332563900 ) ) ;
#9188 = DIRECTION ( 'NONE',  ( -1.000000000000000000, 0.0000000000000000000, 0.0000000000000000000 ) ) ;
#9189 = CARTESIAN_POINT ( 'NONE',  ( 0.0000000000000000000, 3.000000000000000400, 14.33589838486222600 ) ) ;
#9190 = FACE_OUTER_BOUND ( 'NONE', #7774, .T. ) ;
#9191 = CARTESIAN_POINT ( 'NONE',  ( -11.06504600571810600, 10.83543088909621400, 27.49372447742553000 ) ) ;
#9192 = EDGE_CURVE ( 'NONE', #8890, #8120, #8610, .T. ) ;
#9193 = FACE_OUTER_BOUND ( 'NONE', #7556, .T. ) ;
#9194 = ORIENTED_EDGE ( 'NONE', *, *, #10326, .T. ) ;
#9195 = PLANE ( 'NONE',  #4505 ) ;
#9196 = CARTESIAN_POINT ( 'NONE',  ( 0.2150476222992616900, 34.00000000000005000, 9.619263164512567200 ) ) ;
#9197 = DIRECTION ( 'NONE',  ( 0.0000000000000000000, 0.0000000000000000000, -1.000000000000000000 ) ) ;
#9198 = CARTESIAN_POINT ( 'NONE',  ( -34.61458205331721400, 4.999999999999999100, 0.08294131588565463500 ) ) ;
#9199 = CARTESIAN_POINT ( 'NONE',  ( 4.275546635312993600, 1.839915203792926700, 15.00567365423518000 ) ) ;
#9200 =( GEOMETRIC_REPRESENTATION_CONTEXT ( 3 ) GLOBAL_UNCERTAINTY_ASSIGNED_CONTEXT ( ( #8984 ) ) GLOBAL_UNIT_ASSIGNED_CONTEXT ( ( #1374, #7208, #2203 ) ) REPRESENTATION_CONTEXT ( 'NONE', 'WORKASPACE' ) );
#9201 = CIRCLE ( 'NONE', #9616, 0.1999999999999980100 ) ;
#9202 = EDGE_CURVE ( 'NONE', #5794, #10064, #2234, .T. ) ;
#9203 = ORIENTED_EDGE ( 'NONE', *, *, #1829, .F. ) ;
#9204 = VECTOR ( 'NONE', #6597, 1000.000000000000000 ) ;
#9205 = EDGE_CURVE ( 'NONE', #3072, #10245, #6420, .T. ) ;
#9206 = ORIENTED_EDGE ( 'NONE', *, *, #2128, .F. ) ;
#9207 = B_SPLINE_CURVE_WITH_KNOTS ( 'NONE', 3,
 ( #624, #591, #1452, #7291, #2290, #8117, #3120, #8953 ),
 .UNSPECIFIED., .F., .F.,
 ( 4, 2, 2, 4 ),
 ( -1.073135116123924000E-005, 0.0003261725032865028100, 0.0006630763577342448600, 0.001336884066629725600 ),
 .UNSPECIFIED. ) ;
#9208 = DIRECTION ( 'NONE',  ( 0.0000000000000000000, 0.0000000000000000000, 1.000000000000000000 ) ) ;
#9209 = CARTESIAN_POINT ( 'NONE',  ( 11.19999999999999900, 50.79999999999999700, 4.114813245135106300E-015 ) ) ;
#9210 = LINE ( 'NONE', #4428, #7015 ) ;
#9211 = CARTESIAN_POINT ( 'NONE',  ( -11.19999999999999900, 50.79999999999999700, 0.0000000000000000000 ) ) ;
#9212 = DIRECTION ( 'NONE',  ( 0.7511055241116738600, 0.6601821655035280400, 0.0000000000000000000 ) ) ;
#9213 = VERTEX_POINT ( 'NONE', #9696 ) ;
#9214 = CARTESIAN_POINT ( 'NONE',  ( -6.599999999999993400, 52.81990284774145300, -11.30000000000000200 ) ) ;
#9215 = ORIENTED_EDGE ( 'NONE', *, *, #2737, .T. ) ;
#9216 = EDGE_CURVE ( 'NONE', #7642, #8673, #1964, .T. ) ;
#9217 = LINE ( 'NONE', #1216, #636 ) ;
#9218 = EDGE_CURVE ( 'NONE', #9615, #10562, #44, .T. ) ;
#9219 = DIRECTION ( 'NONE',  ( 1.000000000000000000, 0.0000000000000000000, 0.0000000000000000000 ) ) ;
#9220 = ADVANCED_FACE ( 'NONE', ( #8100 ), #3672, .T. ) ;
#9221 = CIRCLE ( 'NONE', #9081, 0.4771236166328258200 ) ;
#9222 = CARTESIAN_POINT ( 'NONE',  ( -36.93014881082901700, -1.426288774003142000, -33.59975260621122600 ) ) ;
#9223 = ORIENTED_EDGE ( 'NONE', *, *, #4421, .T. ) ;
#9224 = CARTESIAN_POINT ( 'NONE',  ( 5.400000000000005700, 50.79999999999999700, -10.90000000000000400 ) ) ;
#9225 = CARTESIAN_POINT ( 'NONE',  ( -6.599999999999992500, 50.79999999999999700, -9.400000000000003900 ) ) ;
#9226 = ORIENTED_EDGE ( 'NONE', *, *, #197, .F. ) ;
#9227 = ORIENTED_EDGE ( 'NONE', *, *, #36, .F. ) ;
#9228 = DIRECTION ( 'NONE',  ( 0.0000000000000000000, 0.0000000000000000000, 1.000000000000000000 ) ) ;
#9229 = CYLINDRICAL_SURFACE ( 'NONE', #1028, 1.600000000000000800 ) ;
#9230 = PLANE ( 'NONE',  #10330 ) ;
#9231 = LINE ( 'NONE', #4184, #396 ) ;
#9232 = DIRECTION ( 'NONE',  ( 0.0000000000000000000, 0.0000000000000000000, -1.000000000000000000 ) ) ;
#9233 = DIRECTION ( 'NONE',  ( -0.0000000000000000000, -0.0000000000000000000, -1.000000000000000000 ) ) ;
#9234 = CARTESIAN_POINT ( 'NONE',  ( -30.55738846886119100, 3.417731491135574300, 30.19354626501749900 ) ) ;
#9235 = ADVANCED_FACE ( 'NONE', ( #10287 ), #3081, .F. ) ;
#9236 = CARTESIAN_POINT ( 'NONE',  ( 103.5729756315021700, -2.826794919243119400, -6.938893903907228400E-015 ) ) ;
#9237 = ORIENTED_EDGE ( 'NONE', *, *, #1399, .T. ) ;
#9238 = EDGE_LOOP ( 'NONE', ( #1768, #10022, #2981, #4162 ) ) ;
#9239 = CARTESIAN_POINT ( 'NONE',  ( -1.510968487570537400, 30.10221762651951500, 11.30705244144289300 ) ) ;
#9240 = EDGE_CURVE ( 'NONE', #10233, #10586, #2703, .T. ) ;
#9241 = VECTOR ( 'NONE', #3719, 1000.000000000000000 ) ;
#9242 = DIRECTION ( 'NONE',  ( 0.08715574274766291200, 0.0000000000000000000, -0.9961946980917452100 ) ) ;
#9243 = CARTESIAN_POINT ( 'NONE',  ( 3.400000000000004400, 52.35387104441764400, 10.86708516314886800 ) ) ;
#9244 = ORIENTED_EDGE ( 'NONE', *, *, #9346, .T. ) ;
#9245 = CARTESIAN_POINT ( 'NONE',  ( -6.599999999999993400, 50.89999999999999900, 9.800000000000002500 ) ) ;
#9246 = DIRECTION ( 'NONE',  ( 0.0000000000000000000, 0.0000000000000000000, 1.000000000000000000 ) ) ;
#9247 = CARTESIAN_POINT ( 'NONE',  ( -0.5999999999999949800, 28.99474411167425100, 11.75358983848622600 ) ) ;
#9248 = ORIENTED_EDGE ( 'NONE', *, *, #10099, .F. ) ;
#9249 = PLANE ( 'NONE',  #9958 ) ;
#9250 = DIRECTION ( 'NONE',  ( 0.05233595624294721400, 0.0000000000000000000, 0.9986295347545737200 ) ) ;
#9251 = ORIENTED_EDGE ( 'NONE', *, *, #9851, .T. ) ;
#9252 = VERTEX_POINT ( 'NONE', #1447 ) ;
#9253 = ADVANCED_FACE ( 'NONE', ( #5901 ), #5645, .F. ) ;
#9254 = AXIS2_PLACEMENT_3D ( 'NONE', #6243, #10097, #5155 ) ;
#9255 = DIRECTION ( 'NONE',  ( -0.0000000000000000000, -1.000000000000000000, -0.0000000000000000000 ) ) ;
#9256 = FACE_OUTER_BOUND ( 'NONE', #2510, .T. ) ;
#9257 = EDGE_LOOP ( 'NONE', ( #9662, #5527, #1881 ) ) ;
#9258 = CARTESIAN_POINT ( 'NONE',  ( -33.68447971438503400, 5.000000000000000000, -28.17203195163706700 ) ) ;
#9259 = CARTESIAN_POINT ( 'NONE',  ( -34.04339802850888900, -0.3510874706924020400, -34.20000000000001000 ) ) ;
#9260 = CARTESIAN_POINT ( 'NONE',  ( -42.40266360686279500, -3.000000000000000000, 26.15825496190466000 ) ) ;
#9261 = CARTESIAN_POINT ( 'NONE',  ( 3.400000000000005200, 50.79999999999999700, -10.90000000000000400 ) ) ;
#9262 = ORIENTED_EDGE ( 'NONE', *, *, #2344, .F. ) ;
#9263 = B_SPLINE_CURVE_WITH_KNOTS ( 'NONE', 3,
 ( #1633, #2400, #3297, #9129, #4168, #9955, #5004, #20, #5847, #834 ),
 .UNSPECIFIED., .F., .F.,
 ( 4, 2, 2, 2, 4 ),
 ( 0.0000000000000000000, 0.2499999999999610300, 0.3749999999999617500, 0.4999999999999624700, 1.000000000000000000 ),
 .UNSPECIFIED. ) ;
#9264 = ORIENTED_EDGE ( 'NONE', *, *, #230, .T. ) ;
#9265 = CARTESIAN_POINT ( 'NONE',  ( 23.59695025252360500, -3.000000000000000000, -11.50687466109646100 ) ) ;
#9266 = EDGE_CURVE ( 'NONE', #2934, #8105, #10027, .T. ) ;
#9267 = DIRECTION ( 'NONE',  ( 0.0000000000000000000, -1.000000000000000000, 0.0000000000000000000 ) ) ;
#9268 = LINE ( 'NONE', #7652, #2623 ) ;
#9269 = EDGE_CURVE ( 'NONE', #10688, #1183, #5678, .T. ) ;
#9270 = CARTESIAN_POINT ( 'NONE',  ( -5.035403782945451200, 52.80004289089951200, 10.88355492215652600 ) ) ;
#9271 = DIRECTION ( 'NONE',  ( 1.000000000000000000, 0.0000000000000000000, 0.0000000000000000000 ) ) ;
#9272 = EDGE_LOOP ( 'NONE', ( #6424, #10266, #3306, #1604, #3402 ) ) ;
#9273 = CARTESIAN_POINT ( 'NONE',  ( -0.5999999999999963100, 29.08756443470180000, 11.70000000000000100 ) ) ;
#9274 = VERTEX_POINT ( 'NONE', #6483 ) ;
#9275 = ADVANCED_FACE ( 'NONE', ( #1188 ), #9771, .T. ) ;
#9276 = FACE_OUTER_BOUND ( 'NONE', #3502, .T. ) ;
#9277 = DIRECTION ( 'NONE',  ( 1.314184451497581300E-016, 0.0000000000000000000, -1.000000000000000000 ) ) ;
#9278 = ORIENTED_EDGE ( 'NONE', *, *, #2722, .T. ) ;
#9279 = EDGE_CURVE ( 'NONE', #5647, #269, #8351, .T. ) ;
#9280 = CARTESIAN_POINT ( 'NONE',  ( 4.462739303321176200, 30.29999545967951100, 11.00000262135526100 ) ) ;
#9281 = ORIENTED_EDGE ( 'NONE', *, *, #5050, .F. ) ;
#9282 = VERTEX_POINT ( 'NONE', #4081 ) ;
#9283 = PLANE ( 'NONE',  #288 ) ;
#9284 = CARTESIAN_POINT ( 'NONE',  ( 0.4183414379029816700, 30.50000000000327900, 11.13480762113391400 ) ) ;
#9285 = DIRECTION ( 'NONE',  ( 1.000000000000000000, 0.0000000000000000000, 0.0000000000000000000 ) ) ;
#9286 = EDGE_CURVE ( 'NONE', #8529, #9292, #7574, .T. ) ;
#9287 = ADVANCED_FACE ( 'NONE', ( #7838 ), #5120, .F. ) ;
#9288 = VECTOR ( 'NONE', #10352, 1000.000000000000000 ) ;
#9289 = ORIENTED_EDGE ( 'NONE', *, *, #5859, .F. ) ;
#9290 = ORIENTED_EDGE ( 'NONE', *, *, #8393, .F. ) ;
#9291 = ORIENTED_EDGE ( 'NONE', *, *, #1692, .F. ) ;
#9292 = VERTEX_POINT ( 'NONE', #786 ) ;
#9293 = CARTESIAN_POINT ( 'NONE',  ( -1.690871211463565800, 4.799999999999984700, 11.00000000000000000 ) ) ;
#9294 = CARTESIAN_POINT ( 'NONE',  ( 2.400000000000005200, 33.05000000000000400, -12.60000000000000300 ) ) ;
#9295 = CARTESIAN_POINT ( 'NONE',  ( 0.4867301630655929700, 33.79999999999999700, 8.979274057836304800 ) ) ;
#9296 = EDGE_CURVE ( 'NONE', #10706, #1484, #9511, .T. ) ;
#9297 = CYLINDRICAL_SURFACE ( 'NONE', #9781, 1.000000000000000900 ) ;
#9298 = CARTESIAN_POINT ( 'NONE',  ( 0.6077149701952167000, 32.01824089426448000, 10.47739002938633300 ) ) ;
#9299 = FACE_OUTER_BOUND ( 'NONE', #8133, .T. ) ;
#9300 = VERTEX_POINT ( 'NONE', #6624 ) ;
#9301 = ORIENTED_EDGE ( 'NONE', *, *, #10374, .F. ) ;
#9302 = ORIENTED_EDGE ( 'NONE', *, *, #4204, .T. ) ;
#9303 = DIRECTION ( 'NONE',  ( 0.0000000000000000000, 0.0000000000000000000, -1.000000000000000000 ) ) ;
#9304 = AXIS2_PLACEMENT_3D ( 'NONE', #6, #5826, #811 ) ;
#9305 = VERTEX_POINT ( 'NONE', #1616 ) ;
#9306 = EDGE_CURVE ( 'NONE', #8912, #7635, #3135, .T. ) ;
#9307 = DIRECTION ( 'NONE',  ( 0.0000000000000000000, 0.0000000000000000000, -1.000000000000000000 ) ) ;
#9308 = CARTESIAN_POINT ( 'NONE',  ( -11.20000000000000100, 5.000000000000018700, 6.858022075225178600E-016 ) ) ;
#9309 = CIRCLE ( 'NONE', #9142, 1.600000000000000800 ) ;
#9310 = VECTOR ( 'NONE', #6675, 1000.000000000000200 ) ;
#9311 = DIRECTION ( 'NONE',  ( 0.0000000000000000000, 1.000000000000000000, 0.0000000000000000000 ) ) ;
#9312 = DIRECTION ( 'NONE',  ( 0.0000000000000000000, -1.000000000000000000, 0.0000000000000000000 ) ) ;
#9313 = FACE_OUTER_BOUND ( 'NONE', #1363, .T. ) ;
#9314 = AXIS2_PLACEMENT_3D ( 'NONE', #7256, #2257, #8085 ) ;
#9315 = DIRECTION ( 'NONE',  ( -0.0000000000000000000, -0.0000000000000000000, -1.000000000000000000 ) ) ;
#9316 = TOROIDAL_SURFACE ( 'NONE', #464, 0.6656854249492379900, 0.2000000000000000100 ) ;
#9317 = ORIENTED_EDGE ( 'NONE', *, *, #1373, .F. ) ;
#9318 = VECTOR ( 'NONE', #6005, 1000.000000000000000 ) ;
#9319 = EDGE_LOOP ( 'NONE', ( #10453, #7393, #9876, #8618, #4787 ) ) ;
#9320 = CARTESIAN_POINT ( 'NONE',  ( -33.73576973346460800, 0.0000000000000000000, -25.40000000000000900 ) ) ;
#9321 = CARTESIAN_POINT ( 'NONE',  ( 5.400000000000005700, 48.10000000000002300, -9.400000000000003900 ) ) ;
#9322 = VECTOR ( 'NONE', #1890, 1000.000000000000000 ) ;
#9323 = DIRECTION ( 'NONE',  ( -0.0000000000000000000, 1.000000000000000000, -0.0000000000000000000 ) ) ;
#9324 = PLANE ( 'NONE',  #9947 ) ;
#9325 = CARTESIAN_POINT ( 'NONE',  ( -11.19999999999999900, 50.79999999999999700, 11.30000000000000200 ) ) ;
#9326 = AXIS2_PLACEMENT_3D ( 'NONE', #9173, #4211, #10001 ) ;
#9327 = LINE ( 'NONE', #5894, #493 ) ;
#9328 = FACE_OUTER_BOUND ( 'NONE', #1496, .T. ) ;
#9329 = ADVANCED_FACE ( 'NONE', ( #7320 ), #7057, .T. ) ;
#9330 = EDGE_LOOP ( 'NONE', ( #1976, #5766, #1552, #8264 ) ) ;
#9331 = DIRECTION ( 'NONE',  ( -0.0000000000000000000, -0.0000000000000000000, 1.000000000000000000 ) ) ;
#9332 = CARTESIAN_POINT ( 'NONE',  ( -0.09240575908588923000, 33.34564811114588400, 9.241594243171592300 ) ) ;
#9333 = CARTESIAN_POINT ( 'NONE',  ( -4.599999999999994300, 50.79999999999999700, -11.30000000000000100 ) ) ;
#9334 = EDGE_CURVE ( 'NONE', #3495, #7482, #664, .T. ) ;
#9335 = AXIS2_PLACEMENT_3D ( 'NONE', #10581, #8364, #2505 ) ;
#9336 = FACE_OUTER_BOUND ( 'NONE', #7101, .T. ) ;
#9337 = LINE ( 'NONE', #4305, #2698 ) ;
#9338 = CARTESIAN_POINT ( 'NONE',  ( -6.599999999999992500, 0.0000000000000000000, 9.400000000000002100 ) ) ;
#9339 = ORIENTED_EDGE ( 'NONE', *, *, #8441, .F. ) ;
#9340 = PLANE ( 'NONE',  #152 ) ;
#9341 = DIRECTION ( 'NONE',  ( 0.0000000000000000000, -1.000000000000000000, 0.0000000000000000000 ) ) ;
#9342 = ORIENTED_EDGE ( 'NONE', *, *, #3703, .F. ) ;
#9343 = ADVANCED_FACE ( 'NONE', ( #9256 ), #4117, .F. ) ;
#9344 =( BOUNDED_SURFACE ( )  B_SPLINE_SURFACE ( 3, 2, ( 
 ( #8945, #9727, #8074 ),
 ( #2247, #522, #6414 ),
 ( #2138, #578, #5589 ),
 ( #4757, #9694, #3898 ),
 ( #8870, #3036, #8040 ),
 ( #2207, #7212, #1379 ) ),
 .UNSPECIFIED., .F., .F., .F. ) 
 B_SPLINE_SURFACE_WITH_KNOTS ( ( 4, 2, 4 ),
 ( 3, 3 ),
 ( 0.0003790122493140208900, 0.0006499964602233451300, 0.0009209806711326693600 ),
 ( 0.0000000000000000000, 1.000000000000000000 ),
 .UNSPECIFIED. ) 
 GEOMETRIC_REPRESENTATION_ITEM ( )  RATIONAL_B_SPLINE_SURFACE ( (
 ( 1.000000000000000000, 0.8164965809277096000, 1.000000000000000000),
 ( 1.000000000000000000, 0.8810678731622649800, 1.000000000000000000),
 ( 1.000000000000000000, 0.9263207691517940700, 1.000000000000000000),
 ( 1.000000000000000000, 0.9855849900691853200, 1.000000000000000000),
 ( 1.000000000000000000, 0.9999584033010627800, 1.000000000000000000),
 ( 1.000000000000000000, 1.000000000000000000, 1.000000000000000000) ) ) 
 REPRESENTATION_ITEM ( '' )  SURFACE ( )  );
#9345 = CARTESIAN_POINT ( 'NONE',  ( -33.73576973346460800, -3.000000000000002700, -25.40000000000000900 ) ) ;
#9346 = EDGE_CURVE ( 'NONE', #352, #8248, #2611, .T. ) ;
#9347 = CYLINDRICAL_SURFACE ( 'NONE', #4701, 1.199999999999999700 ) ;
#9348 = FACE_OUTER_BOUND ( 'NONE', #4686, .T. ) ;
#9349 = EDGE_CURVE ( 'NONE', #5387, #10224, #5804, .T. ) ;
#9350 = VERTEX_POINT ( 'NONE', #3326 ) ;
#9351 = AXIS2_PLACEMENT_3D ( 'NONE', #9656, #5649, #7313 ) ;
#9352 = ORIENTED_EDGE ( 'NONE', *, *, #72, .F. ) ;
#9353 = CARTESIAN_POINT ( 'NONE',  ( -2.599999999999989900, 33.05000000000000400, 14.60000000000000100 ) ) ;
#9354 = CARTESIAN_POINT ( 'NONE',  ( 0.0000000000000000000, 3.000000000000000400, -24.73589838486222400 ) ) ;
#9355 = ORIENTED_EDGE ( 'NONE', *, *, #4504, .T. ) ;
#9356 = CARTESIAN_POINT ( 'NONE',  ( -11.20000000000000100, 52.79999999999999700, -11.00000000000000400 ) ) ;
#9357 = DIRECTION ( 'NONE',  ( 0.0000000000000000000, 0.0000000000000000000, -1.000000000000000000 ) ) ;
#9358 = CARTESIAN_POINT ( 'NONE',  ( -10.06410161513777300, 3.000000000000000400, -2.518043269672441700E-015 ) ) ;
#9359 = CARTESIAN_POINT ( 'NONE',  ( 8.600000000000005000, 50.79999999999999700, -9.400000000000002100 ) ) ;
#9360 = FACE_OUTER_BOUND ( 'NONE', #7081, .T. ) ;
#9361 = FACE_OUTER_BOUND ( 'NONE', #8287, .T. ) ;
#9362 = EDGE_CURVE ( 'NONE', #5758, #1176, #1450, .T. ) ;
#9363 = ORIENTED_EDGE ( 'NONE', *, *, #7707, .F. ) ;
#9364 = ORIENTED_EDGE ( 'NONE', *, *, #3033, .T. ) ;
#9365 = EDGE_CURVE ( 'NONE', #4400, #8580, #8999, .T. ) ;
#9366 = AXIS2_PLACEMENT_3D ( 'NONE', #2169, #8000, #3010 ) ;
#9367 = CARTESIAN_POINT ( 'NONE',  ( -6.599999999999993400, 20.74968880069896200, 10.90000000000000400 ) ) ;
#9368 = LINE ( 'NONE', #4395, #4715 ) ;
#9369 = DIRECTION ( 'NONE',  ( 0.0000000000000000000, 1.000000000000000000, 0.0000000000000000000 ) ) ;
#9370 = CARTESIAN_POINT ( 'NONE',  ( 3.400000000000005200, 52.29999999999999700, -10.90000000000000400 ) ) ;
#9371 = CARTESIAN_POINT ( 'NONE',  ( -4.606871369612489000, 3.418878932851065600, 26.43435814724387000 ) ) ;
#9372 = DIRECTION ( 'NONE',  ( -0.03309444466356239300, 0.0000000000000000000, 0.9994522288395830700 ) ) ;
#9373 = ORIENTED_EDGE ( 'NONE', *, *, #99, .F. ) ;
#9374 = AXIS2_PLACEMENT_3D ( 'NONE', #4452, #5297, #291 ) ;
#9375 = VECTOR ( 'NONE', #2581, 1000.000000000000000 ) ;
#9376 = EDGE_LOOP ( 'NONE', ( #4324, #4449, #2405, #64 ) ) ;
#9377 = ORIENTED_EDGE ( 'NONE', *, *, #2855, .F. ) ;
#9379 = ORIENTED_EDGE ( 'NONE', *, *, #9125, .F. ) ;
#9378 = CARTESIAN_POINT ( 'NONE',  ( 11.20000000000000100, 52.79999999999999700, 12.41764762517408200 ) ) ;
#9380 = VERTEX_POINT ( 'NONE', #889 ) ;
#9381 = DIRECTION ( 'NONE',  ( -1.000000000000000000, 0.0000000000000000000, 0.0000000000000000000 ) ) ;
#9382 = CARTESIAN_POINT ( 'NONE',  ( -24.72471563598086100, 3.000000000000000400, 24.73589838486222100 ) ) ;
#9383 = CARTESIAN_POINT ( 'NONE',  ( 12.81764762517409300, 5.000000000000000000, 13.76444735056200300 ) ) ;
#9384 = ORIENTED_EDGE ( 'NONE', *, *, #9957, .T. ) ;
#9385 = LINE ( 'NONE', #4591, #4471 ) ;
#9386 = ORIENTED_EDGE ( 'NONE', *, *, #2595, .F. ) ;
#9387 = EDGE_CURVE ( 'NONE', #8332, #7842, #4598, .T. ) ;
#9388 = ORIENTED_EDGE ( 'NONE', *, *, #5949, .F. ) ;
#9389 = AXIS2_PLACEMENT_3D ( 'NONE', #3747, #4609, #10383 ) ;
#9390 = ORIENTED_EDGE ( 'NONE', *, *, #8285, .T. ) ;
#9391 = ORIENTED_EDGE ( 'NONE', *, *, #6641, .F. ) ;
#9392 = DIRECTION ( 'NONE',  ( 0.0000000000000000000, -0.0000000000000000000, -1.000000000000000000 ) ) ;
#9393 = DIRECTION ( 'NONE',  ( -0.0000000000000000000, -1.000000000000000000, -0.0000000000000000000 ) ) ;
#9394 = CARTESIAN_POINT ( 'NONE',  ( -32.26512902280669000, -3.000000000000000000, 28.19999999999999600 ) ) ;
#9395 = DIRECTION ( 'NONE',  ( 0.0000000000000000000, -0.0000000000000000000, 1.000000000000000000 ) ) ;
#9396 = CARTESIAN_POINT ( 'NONE',  ( 2.331562100281544300, 30.30000000000000800, -11.00000000000000400 ) ) ;
#9397 = PLANE ( 'NONE',  #1966 ) ;
#9398 = CARTESIAN_POINT ( 'NONE',  ( -8.941122857969542500, 5.000000000000000900, -29.61764762517409400 ) ) ;
#9399 = DIRECTION ( 'NONE',  ( -0.0000000000000000000, 0.0000000000000000000, 1.000000000000000000 ) ) ;
#9400 = CIRCLE ( 'NONE', #9935, 0.4411542731880199700 ) ;
#9401 = ADVANCED_FACE ( 'NONE', ( #6543 ), #10683, .F. ) ;
#9402 = ORIENTED_EDGE ( 'NONE', *, *, #6222, .T. ) ;
#9403 = ORIENTED_EDGE ( 'NONE', *, *, #4374, .F. ) ;
#9404 = EDGE_CURVE ( 'NONE', #3780, #10493, #4328, .T. ) ;
#9405 = PLANE ( 'NONE',  #9374 ) ;
#9406 = CARTESIAN_POINT ( 'NONE',  ( 3.900000000000005200, 52.29999999999999700, -10.90000000000000400 ) ) ;
#9407 = DIRECTION ( 'NONE',  ( -1.000000000000000000, 0.0000000000000000000, -1.668003342285391800E-016 ) ) ;
#9408 = B_SPLINE_CURVE_WITH_KNOTS ( 'NONE', 3,
 ( #2144, #9597, #8815, #3830 ),
 .UNSPECIFIED., .F., .F.,
 ( 4, 4 ),
 ( 0.0000000000000000000, 0.0003852897569917514900 ),
 .UNSPECIFIED. ) ;
#9409 = DIRECTION ( 'NONE',  ( 0.0000000000000000000, -1.000000000000000000, 0.0000000000000000000 ) ) ;
#9410 = ORIENTED_EDGE ( 'NONE', *, *, #6387, .F. ) ;
#9411 = VERTEX_POINT ( 'NONE', #3397 ) ;
#9412 = EDGE_CURVE ( 'NONE', #9708, #9602, #8474, .T. ) ;
#9413 = CARTESIAN_POINT ( 'NONE',  ( 0.1081990297555489000, 33.76885472071358400, 9.080520881202954100 ) ) ;
#9414 = EDGE_CURVE ( 'NONE', #4206, #1361, #2090, .T. ) ;
#9415 = CARTESIAN_POINT ( 'NONE',  ( -11.20000000000000100, 5.000000000000018700, 11.00000000000000400 ) ) ;
#9416 = FACE_OUTER_BOUND ( 'NONE', #8080, .T. ) ;
#9417 = CARTESIAN_POINT ( 'NONE',  ( -4.199999999999996600, 30.30000000000003600, 11.00000000000000200 ) ) ;
#9418 = AXIS2_PLACEMENT_3D ( 'NONE', #2556, #3388, #110 ) ;
#9419 = DIRECTION ( 'NONE',  ( 0.0000000000000000000, 0.0000000000000000000, 1.000000000000000000 ) ) ;
#9420 = ORIENTED_EDGE ( 'NONE', *, *, #8541, .F. ) ;
#9421 = ORIENTED_EDGE ( 'NONE', *, *, #17, .F. ) ;
#9422 = ORIENTED_EDGE ( 'NONE', *, *, #3014, .T. ) ;
#9423 = DIRECTION ( 'NONE',  ( 1.000000000000000000, 0.0000000000000000000, 0.0000000000000000000 ) ) ;
#9424 = DIRECTION ( 'NONE',  ( -1.239088197126291100E-016, 1.000000000000000000, 0.0000000000000000000 ) ) ;
#9425 = LINE ( 'NONE', #7621, #7232 ) ;
#9426 = EDGE_CURVE ( 'NONE', #8962, #6234, #420, .T. ) ;
#9427 = CARTESIAN_POINT ( 'NONE',  ( 0.3746794344809042900, 49.42626129027264900, -9.800000000000002500 ) ) ;
#9428 = ORIENTED_EDGE ( 'NONE', *, *, #2860, .F. ) ;
#9429 = CARTESIAN_POINT ( 'NONE',  ( 0.5313708498984803800, 38.80000000000000400, 10.90000000000000400 ) ) ;
#9430 = ORIENTED_EDGE ( 'NONE', *, *, #9835, .T. ) ;
#9431 = DIRECTION ( 'NONE',  ( -0.9396926207859097600, -0.3420201433256648800, 0.0000000000000000000 ) ) ;
#9432 = CARTESIAN_POINT ( 'NONE',  ( -33.73576973346460800, 52.81990284774145300, -25.40000000000000900 ) ) ;
#9433 = ORIENTED_EDGE ( 'NONE', *, *, #3150, .F. ) ;
#9434 = EDGE_CURVE ( 'NONE', #8631, #6416, #1826, .T. ) ;
#9435 = FACE_OUTER_BOUND ( 'NONE', #7166, .T. ) ;
#9436 = LINE ( 'NONE', #1346, #6981 ) ;
#9437 = CIRCLE ( 'NONE', #4930, 0.6656854249492377700 ) ;
#9438 = CARTESIAN_POINT ( 'NONE',  ( -33.73576973346460800, -2.826794919243119400, -34.20000000000001700 ) ) ;
#9439 = VERTEX_POINT ( 'NONE', #9260 ) ;
#9440 = DIRECTION ( 'NONE',  ( 0.0000000000000000000, 1.000000000000000000, 2.503857664561900200E-015 ) ) ;
#9441 = CARTESIAN_POINT ( 'NONE',  ( 23.33960460641120300, 0.0000000000000000000, -4.650806381693396200 ) ) ;
#9442 = VECTOR ( 'NONE', #9869, 999.9999999999998900 ) ;
#9443 = CARTESIAN_POINT ( 'NONE',  ( -32.26512902280669000, 3.000000000000000400, 24.73589838486221700 ) ) ;
#9444 = EDGE_LOOP ( 'NONE', ( #3364, #7516, #7353, #3153 ) ) ;
#9445 = LINE ( 'NONE', #10657, #97 ) ;
#9446 = ORIENTED_EDGE ( 'NONE', *, *, #10133, .T. ) ;
#9447 = EDGE_CURVE ( 'NONE', #8529, #4646, #10415, .T. ) ;
#9448 = CARTESIAN_POINT ( 'NONE',  ( -1.132199386814305000, 34.19222705039734200, 9.423331987740164500 ) ) ;
#9449 = CARTESIAN_POINT ( 'NONE',  ( -4.599999999999993400, 52.22457190937662800, -10.89999999999476500 ) ) ;
#9450 = ADVANCED_FACE ( 'NONE', ( #3798 ), #5773, .F. ) ;
#9451 = CARTESIAN_POINT ( 'NONE',  ( -4.741629815862953700, 52.61498850244154800, 10.76666666666666900 ) ) ;
#9452 = AXIS2_PLACEMENT_3D ( 'NONE', #6271, #7922, #10378 ) ;
#9453 = FACE_OUTER_BOUND ( 'NONE', #6782, .T. ) ;
#9454 = ORIENTED_EDGE ( 'NONE', *, *, #2956, .T. ) ;
#9455 = ORIENTED_EDGE ( 'NONE', *, *, #7240, .T. ) ;
#9456 = EDGE_LOOP ( 'NONE', ( #5524, #10050, #10518, #6269 ) ) ;
#9457 = DIRECTION ( 'NONE',  ( 0.0000000000000000000, 0.0000000000000000000, -1.000000000000000000 ) ) ;
#9458 = CARTESIAN_POINT ( 'NONE',  ( -5.099999999999995200, 52.29999999999999700, -10.90000000000000400 ) ) ;
#9459 = CARTESIAN_POINT ( 'NONE',  ( -9.358845726811972900, 50.10717967697243600, 9.400000000000002100 ) ) ;
#9460 = DIRECTION ( 'NONE',  ( 1.000000000000000000, 0.0000000000000000000, 0.0000000000000000000 ) ) ;
#9461 = VECTOR ( 'NONE', #7126, 1000.000000000000000 ) ;
#9462 = DIRECTION ( 'NONE',  ( -1.000000000000000000, 0.0000000000000000000, 0.0000000000000000000 ) ) ;
#9463 = CARTESIAN_POINT ( 'NONE',  ( -3.658589536811588200, 3.395280266788987000, -19.80171784240250000 ) ) ;
#9464 = VERTEX_POINT ( 'NONE', #187 ) ;
#9465 = EDGE_LOOP ( 'NONE', ( #3189, #10708, #6418, #4424 ) ) ;
#9466 = VECTOR ( 'NONE', #5691, 1000.000000000000000 ) ;
#9467 = DIRECTION ( 'NONE',  ( -1.000000000000000000, 0.0000000000000000000, 0.0000000000000000000 ) ) ;
#9468 = LINE ( 'NONE', #3567, #7791 ) ;
#9469 = ORIENTED_EDGE ( 'NONE', *, *, #7129, .T. ) ;
#9470 = CIRCLE ( 'NONE', #119, 4.000000000000000000 ) ;
#9471 = DIRECTION ( 'NONE',  ( 0.0000000000000000000, 0.0000000000000000000, 1.000000000000000000 ) ) ;
#9472 = DIRECTION ( 'NONE',  ( 0.0000000000000000000, 0.0000000000000000000, 1.000000000000000000 ) ) ;
#9473 = DIRECTION ( 'NONE',  ( -0.4354491588380098300, -0.7796076080634725100, 0.4501066623777311100 ) ) ;
#9474 = EDGE_LOOP ( 'NONE', ( #10556, #6421, #340 ) ) ;
#9475 = EDGE_CURVE ( 'NONE', #8901, #5112, #6031, .T. ) ;
#9476 = ORIENTED_EDGE ( 'NONE', *, *, #576, .T. ) ;
#9477 =( BOUNDED_CURVE ( )  B_SPLINE_CURVE ( 3, ( #7686, #6816, #6859, #2686 ),
 .UNSPECIFIED., .F., .F. ) 
 B_SPLINE_CURVE_WITH_KNOTS ( ( 4, 4 ),
 ( 4.896087555509074800, 4.938576466093810100 ),
 .UNSPECIFIED. ) 
 CURVE ( )  GEOMETRIC_REPRESENTATION_ITEM ( )  RATIONAL_B_SPLINE_CURVE ( ( 1.000000000000000000, 0.9998495633645793100, 0.9998495633645793100, 1.000000000000000000 ) ) 
 REPRESENTATION_ITEM ( '' )  );
#9478 = FACE_OUTER_BOUND ( 'NONE', #1355, .T. ) ;
#9479 = VECTOR ( 'NONE', #1466, 1000.000000000000000 ) ;
#9480 = CARTESIAN_POINT ( 'NONE',  ( -0.7323988456895608200, 33.79999999999999700, 8.979274057836304800 ) ) ;
#9481 = DIRECTION ( 'NONE',  ( -4.336808689942014300E-016, -0.0000000000000000000, 1.000000000000000000 ) ) ;
#9482 = CARTESIAN_POINT ( 'NONE',  ( 3.400000000000003900, 51.20000000000001000, 15.00000000000000400 ) ) ;
#9483 = ORIENTED_EDGE ( 'NONE', *, *, #2243, .T. ) ;
#9484 = ORIENTED_EDGE ( 'NONE', *, *, #8952, .F. ) ;
#9485 = CARTESIAN_POINT ( 'NONE',  ( 5.400000000000005700, 50.79999999999999700, -9.800000000000002500 ) ) ;
#9486 = ORIENTED_EDGE ( 'NONE', *, *, #3419, .T. ) ;
#9487 = EDGE_CURVE ( 'NONE', #3415, #10245, #4150, .T. ) ;
#9488 = FACE_OUTER_BOUND ( 'NONE', #9272, .T. ) ;
#9489 = EDGE_CURVE ( 'NONE', #4552, #1193, #3784, .T. ) ;
#9490 = AXIS2_PLACEMENT_3D ( 'NONE', #5442, #6372, #3893 ) ;
#9491 = VECTOR ( 'NONE', #8793, 1000.000000000000200 ) ;
#9492 = VERTEX_POINT ( 'NONE', #3521 ) ;
#9493 = ORIENTED_EDGE ( 'NONE', *, *, #7272, .T. ) ;
#9494 = CARTESIAN_POINT ( 'NONE',  ( 3.400000000000005200, 50.89999999999999900, -10.90000000000000400 ) ) ;
#9495 = ORIENTED_EDGE ( 'NONE', *, *, #2294, .T. ) ;
#9496 = PLANE ( 'NONE',  #5365 ) ;
#9497 = VERTEX_POINT ( 'NONE', #1032 ) ;
#9498 = AXIS2_PLACEMENT_3D ( 'NONE', #1962, #4515, #10286 ) ;
#9499 = CARTESIAN_POINT ( 'NONE',  ( 0.1339358622068051200, 49.95262669654551500, 9.800000000000000700 ) ) ;
#9500 = DIRECTION ( 'NONE',  ( 1.000000000000000000, 0.0000000000000000000, -0.0000000000000000000 ) ) ;
#9501 = LINE ( 'NONE', #5484, #2594 ) ;
#9502 = ADVANCED_FACE ( 'NONE', ( #7957 ), #223, .F. ) ;
#9503 = EDGE_CURVE ( 'NONE', #2518, #8280, #1314, .T. ) ;
#9504 = COLOUR_RGB ( '',0.8823529411764705600, 0.1843137254901960900, 0.1843137254901960900 ) ;
#9505 = DIRECTION ( 'NONE',  ( 0.03309444466356238600, 0.0000000000000000000, -0.9994522288395830700 ) ) ;
#9506 = CARTESIAN_POINT ( 'NONE',  ( -6.145853608700140700, -2.121727264687415900, 33.74280463932420600 ) ) ;
#9507 = ORIENTED_EDGE ( 'NONE', *, *, #6028, .F. ) ;
#9508 = ORIENTED_EDGE ( 'NONE', *, *, #4736, .T. ) ;
#9509 = CARTESIAN_POINT ( 'NONE',  ( 3.460526354612862000, 52.79999999999999700, -10.90000000000000400 ) ) ;
#9510 = AXIS2_PLACEMENT_3D ( 'NONE', #874, #6721, #1713 ) ;
#9511 = LINE ( 'NONE', #10749, #921 ) ;
#9512 = ORIENTED_EDGE ( 'NONE', *, *, #7012, .T. ) ;
#9513 = CARTESIAN_POINT ( 'NONE',  ( -0.2057672585593398600, 33.79235419322330400, 9.366059702257496500 ) ) ;
#9514 = CARTESIAN_POINT ( 'NONE',  ( 3.400000000000003900, 51.20000000000001000, 15.00000000000000200 ) ) ;
#9515 = DIRECTION ( 'NONE',  ( 0.0000000000000000000, 0.0000000000000000000, -1.000000000000000000 ) ) ;
#9516 = PLANE ( 'NONE',  #6159 ) ;
#9517 = ORIENTED_EDGE ( 'NONE', *, *, #6709, .F. ) ;
#9518 = DIRECTION ( 'NONE',  ( -1.000000000000000000, 0.0000000000000000000, 0.0000000000000000000 ) ) ;
#9519 = ORIENTED_EDGE ( 'NONE', *, *, #1575, .T. ) ;
#9520 = LINE ( 'NONE', #1707, #7332 ) ;
#9521 = DIRECTION ( 'NONE',  ( -1.000000000000000000, 0.0000000000000000000, 0.0000000000000000000 ) ) ;
#9522 = CARTESIAN_POINT ( 'NONE',  ( -0.5999999999999944300, 49.42626129027264900, 10.50000000000000000 ) ) ;
#9523 = DIRECTION ( 'NONE',  ( 0.0000000000000000000, 0.0000000000000000000, -1.000000000000000000 ) ) ;
#9524 = ORIENTED_EDGE ( 'NONE', *, *, #7558, .F. ) ;
#9525 = CARTESIAN_POINT ( 'NONE',  ( -11.20000000000000100, 50.10717967697243600, -6.641154273188023500 ) ) ;
#9526 = ORIENTED_EDGE ( 'NONE', *, *, #2008, .F. ) ;
#9527 = ORIENTED_EDGE ( 'NONE', *, *, #9064, .F. ) ;
#9528 = CARTESIAN_POINT ( 'NONE',  ( -4.599999999999996100, 52.79999999999999700, 10.90000000000000400 ) ) ;
#9529 = PLANE ( 'NONE',  #8114 ) ;
#9530 = CARTESIAN_POINT ( 'NONE',  ( 3.413681633533371500, 52.16849809665475100, 10.86695313951631500 ) ) ;
#9531 = FACE_OUTER_BOUND ( 'NONE', #4274, .T. ) ;
#9532 =( BOUNDED_CURVE ( )  B_SPLINE_CURVE ( 3, ( #10748, #9906, #785, #6623 ),
 .UNSPECIFIED., .F., .T. ) 
 B_SPLINE_CURVE_WITH_KNOTS ( ( 4, 4 ),
 ( 6.281188438783880600, 6.283185307179586200 ),
 .UNSPECIFIED. ) 
 CURVE ( )  GEOMETRIC_REPRESENTATION_ITEM ( )  RATIONAL_B_SPLINE_CURVE ( ( 1.000000000000000000, 0.9999996677097451300, 0.9999996677097451300, 1.000000000000000000 ) ) 
 REPRESENTATION_ITEM ( '' )  );
#9533 = EDGE_CURVE ( 'NONE', #4340, #5515, #3540, .T. ) ;
#9534 = EDGE_LOOP ( 'NONE', ( #8616, #7144, #824, #7822 ) ) ;
#9535 = ORIENTED_EDGE ( 'NONE', *, *, #5516, .T. ) ;
#9536 = ORIENTED_EDGE ( 'NONE', *, *, #531, .T. ) ;
#9537 = CARTESIAN_POINT ( 'NONE',  ( 5.400000000000003000, 52.79999999999999700, -10.90000000000000400 ) ) ;
#9538 = CARTESIAN_POINT ( 'NONE',  ( -11.19999999999999900, 50.79999999999999700, 6.641154273188020900 ) ) ;
#9539 = CARTESIAN_POINT ( 'NONE',  ( 3.835403782945669500, 52.80004289087637700, -10.88355492215598700 ) ) ;
#9540 = CYLINDRICAL_SURFACE ( 'NONE', #6539, 5.000000000000001800 ) ;
#9541 = ORIENTED_EDGE ( 'NONE', *, *, #5673, .T. ) ;
#9542 = ORIENTED_EDGE ( 'NONE', *, *, #8795, .F. ) ;
#9543 = ORIENTED_EDGE ( 'NONE', *, *, #8237, .T. ) ;
#9544 = EDGE_CURVE ( 'NONE', #1436, #8900, #10152, .T. ) ;
#9545 = ORIENTED_EDGE ( 'NONE', *, *, #8314, .T. ) ;
#9546 = EDGE_LOOP ( 'NONE', ( #6023, #9872, #10726, #10713 ) ) ;
#9547 = DIRECTION ( 'NONE',  ( -4.577742506049911000E-016, 1.000000000000000000, 0.0000000000000000000 ) ) ;
#9548 = EDGE_CURVE ( 'NONE', #7860, #6966, #7710, .T. ) ;
#9549 = CARTESIAN_POINT ( 'NONE',  ( 11.20000000000000300, 50.79999999999999700, -11.29999999999999900 ) ) ;
#9550 = DIRECTION ( 'NONE',  ( 0.0000000000000000000, 0.0000000000000000000, 1.000000000000000000 ) ) ;
#9551 = ADVANCED_FACE ( 'NONE', ( #7444 ), #9638, .T. ) ;
#9552 = LINE ( 'NONE', #7600, #4889 ) ;
#9553 = AXIS2_PLACEMENT_3D ( 'NONE', #4260, #117, #919 ) ;
#9554 = ORIENTED_EDGE ( 'NONE', *, *, #4063, .F. ) ;
#9555 = ORIENTED_EDGE ( 'NONE', *, *, #6123, .F. ) ;
#9556 = FACE_OUTER_BOUND ( 'NONE', #1738, .T. ) ;
#9557 = CARTESIAN_POINT ( 'NONE',  ( 0.1073262587930254000, 34.12882950048067000, 9.530538477834795700 ) ) ;
#9558 = DIRECTION ( 'NONE',  ( 0.0000000000000000000, 0.0000000000000000000, -1.000000000000000000 ) ) ;
#9559 = VECTOR ( 'NONE', #3221, 1000.000000000000000 ) ;
#9560 = CARTESIAN_POINT ( 'NONE',  ( -34.31410000593553600, 3.417731491135569800, 26.55917020363127500 ) ) ;
#9561 = EDGE_CURVE ( 'NONE', #1425, #651, #9896, .T. ) ;
#9562 = LINE ( 'NONE', #6790, #2928 ) ;
#9563 = CARTESIAN_POINT ( 'NONE',  ( 17.51563868756142000, -2.826794919243118100, 18.23833840126218700 ) ) ;
#9564 = ORIENTED_EDGE ( 'NONE', *, *, #653, .T. ) ;
#9565 = FACE_OUTER_BOUND ( 'NONE', #5531, .T. ) ;
#9566 = CARTESIAN_POINT ( 'NONE',  ( -32.40376557479040500, -3.000000000000000000, 24.01317613009173600 ) ) ;
#9567 = EDGE_CURVE ( 'NONE', #10151, #6070, #5548, .T. ) ;
#9568 = AXIS2_PLACEMENT_3D ( 'NONE', #5952, #935, #6781 ) ;
#9569 = VERTEX_POINT ( 'NONE', #6121 ) ;
#9570 = LINE ( 'NONE', #9847, #9832 ) ;
#9571 = VERTEX_POINT ( 'NONE', #1933 ) ;
#9572 = VECTOR ( 'NONE', #6833, 1000.000000000000000 ) ;
#9573 = AXIS2_PLACEMENT_3D ( 'NONE', #8042, #3899, #8872 ) ;
#9574 = DIRECTION ( 'NONE',  ( -0.0000000000000000000, 0.0000000000000000000, 1.000000000000000000 ) ) ;
#9575 = CARTESIAN_POINT ( 'NONE',  ( -1.516407292291796200, 33.78337859104686200, 9.713062986088987200 ) ) ;
#9576 = VERTEX_POINT ( 'NONE', #4487 ) ;
#9577 = CARTESIAN_POINT ( 'NONE',  ( -1.349999999999996100, 30.80000000000000400, -13.00000000000000400 ) ) ;
#9578 = CARTESIAN_POINT ( 'NONE',  ( 6.981119945250294600, 33.56215130529343300, 9.116596065751535200 ) ) ;
#9579 = CARTESIAN_POINT ( 'NONE',  ( -33.75695522391649200, 5.000000000000000000, 25.98327156378787000 ) ) ;
#9580 = LINE ( 'NONE', #2519, #5202 ) ;
#9581 = CARTESIAN_POINT ( 'NONE',  ( -33.73576973346460800, -2.826794919243119400, 34.20000000000000300 ) ) ;
#9582 = VECTOR ( 'NONE', #6845, 1000.000000000000100 ) ;
#9583 = ORIENTED_EDGE ( 'NONE', *, *, #7430, .F. ) ;
#9584 = EDGE_CURVE ( 'NONE', #1880, #1909, #3249, .T. ) ;
#9585 = DIRECTION ( 'NONE',  ( -0.0000000000000000000, -1.000000000000000000, -0.0000000000000000000 ) ) ;
#9586 = CARTESIAN_POINT ( 'NONE',  ( -8.277603299928234300, -2.999999999999999600, 28.20000000000002100 ) ) ;
#9587 = DIRECTION ( 'NONE',  ( 0.3141328382098613200, 0.8921244774085899100, -0.3247067550370142900 ) ) ;
#9588 = DIRECTION ( 'NONE',  ( 0.0000000000000000000, 0.0000000000000000000, 1.000000000000000000 ) ) ;
#9589 = CARTESIAN_POINT ( 'NONE',  ( -5.182352374825907900, 5.000000000000000000, 19.59433194053388800 ) ) ;
#9590 = CARTESIAN_POINT ( 'NONE',  ( -4.100915245989966700, -3.000000000000000000, -32.62412335816955500 ) ) ;
#9591 = LINE ( 'NONE', #10535, #3207 ) ;
#9592 = CIRCLE ( 'NONE', #8458, 147.8000000000000100 ) ;
#9593 = VERTEX_POINT ( 'NONE', #5337 ) ;
#9594 = ORIENTED_EDGE ( 'NONE', *, *, #3260, .T. ) ;
#9595 = CARTESIAN_POINT ( 'NONE',  ( 0.2423656485559068400, 33.73689132975567200, 9.134025842069641900 ) ) ;
#9596 = CARTESIAN_POINT ( 'NONE',  ( 0.1941935986696899100, 29.66960408346779900, 11.49437960059321100 ) ) ;
#9597 = CARTESIAN_POINT ( 'NONE',  ( 4.118472097823580000, 52.74320301649128600, -10.76666666666667100 ) ) ;
#9598 = CARTESIAN_POINT ( 'NONE',  ( 4.600000000001063700, 1.277945491466519100, 15.33012701892325100 ) ) ;
#9599 = CARTESIAN_POINT ( 'NONE',  ( 3.399999999999995900, 52.59867732511114700, -10.90000000000001500 ) ) ;
#9600 = VECTOR ( 'NONE', #5210, 1000.000000000000000 ) ;
#9601 = ADVANCED_FACE ( 'NONE', ( #5258 ), #542, .T. ) ;
#9602 = VERTEX_POINT ( 'NONE', #2819 ) ;
#9603 = VERTEX_POINT ( 'NONE', #8645 ) ;
#9604 =( BOUNDED_CURVE ( )  B_SPLINE_CURVE ( 3, ( #260, #8537, #10195, #6092 ),
 .UNSPECIFIED., .F., .F. ) 
 B_SPLINE_CURVE_WITH_KNOTS ( ( 4, 4 ),
 ( 5.624127271353179600, 6.942243343005993800 ),
 .UNSPECIFIED. ) 
 CURVE ( )  GEOMETRIC_REPRESENTATION_ITEM ( )  RATIONAL_B_SPLINE_CURVE ( ( 1.000000000000000000, 0.8603796100280638500, 0.8603796100280638500, 1.000000000000000000 ) ) 
 REPRESENTATION_ITEM ( '' )  );
#9605 = EDGE_CURVE ( 'NONE', #1721, #8475, #2744, .T. ) ;
#9606 = CARTESIAN_POINT ( 'NONE',  ( -42.50228307667197200, 52.81990284774145300, 26.16697053617942400 ) ) ;
#9607 = CARTESIAN_POINT ( 'NONE',  ( -1.801793106151969900, 31.83284772384177000, 10.11500995401304500 ) ) ;
#9608 = CIRCLE ( 'NONE', #2500, 13.00000000000000400 ) ;
#9609 = DIRECTION ( 'NONE',  ( -1.000000000000000000, 0.0000000000000000000, 0.0000000000000000000 ) ) ;
#9610 = CARTESIAN_POINT ( 'NONE',  ( 4.246109788177946600, 52.69377763810278000, 10.90000000000001600 ) ) ;
#9611 = VECTOR ( 'NONE', #9407, 1000.000000000000000 ) ;
#9612 = DIRECTION ( 'NONE',  ( 1.000000000000000000, 0.0000000000000000000, 0.0000000000000000000 ) ) ;
#9613 = DIRECTION ( 'NONE',  ( -1.000000000000000000, 0.0000000000000000000, 0.0000000000000000000 ) ) ;
#9614 = EDGE_CURVE ( 'NONE', #5236, #7190, #1822, .T. ) ;
#9615 = VERTEX_POINT ( 'NONE', #10292 ) ;
#9616 = AXIS2_PLACEMENT_3D ( 'NONE', #3890, #9683, #4747 ) ;
#9617 = ORIENTED_EDGE ( 'NONE', *, *, #2798, .T. ) ;
#9618 = CARTESIAN_POINT ( 'NONE',  ( -6.599999999999998800, -3.000000000000000000, 23.86987298107783700 ) ) ;
#9619 = VECTOR ( 'NONE', #5200, 1000.000000000000000 ) ;
#9620 = CARTESIAN_POINT ( 'NONE',  ( -11.20000000000000100, 51.19999999999999600, 13.00000000000000400 ) ) ;
#9621 = CARTESIAN_POINT ( 'NONE',  ( 7.000000000000005300, 33.07128129211017900, -9.400000000000003900 ) ) ;
#9622 = DIRECTION ( 'NONE',  ( 1.000000000000000000, 0.0000000000000000000, -0.0000000000000000000 ) ) ;
#9623 = CARTESIAN_POINT ( 'NONE',  ( 3.400000000000005200, 50.79999999999999700, -11.30000000000000100 ) ) ;
#9624 = EDGE_CURVE ( 'NONE', #8631, #5814, #9120, .T. ) ;
#9625 = EDGE_LOOP ( 'NONE', ( #4216, #6358, #8387, #2985, #1324, #9777 ) ) ;
#9626 = DIRECTION ( 'NONE',  ( 4.818676322157800300E-016, 1.000000000000000000, 0.0000000000000000000 ) ) ;
#9627 = VECTOR ( 'NONE', #143, 1000.000000000000100 ) ;
#9628 = ORIENTED_EDGE ( 'NONE', *, *, #1551, .T. ) ;
#9629 = EDGE_CURVE ( 'NONE', #4772, #2869, #4973, .T. ) ;
#9630 = ORIENTED_EDGE ( 'NONE', *, *, #5134, .F. ) ;
#9631 = AXIS2_PLACEMENT_3D ( 'NONE', #3991, #8998, #4031 ) ;
#9632 = ORIENTED_EDGE ( 'NONE', *, *, #7470, .F. ) ;
#9633 = ORIENTED_EDGE ( 'NONE', *, *, #8159, .F. ) ;
#9634 = DIRECTION ( 'NONE',  ( 0.0000000000000000000, -0.5000000000000042200, 0.8660254037844362700 ) ) ;
#9635 = CARTESIAN_POINT ( 'NONE',  ( -6.599999999999993400, 50.89999999999999900, -11.30000000000000200 ) ) ;
#9636 = DIRECTION ( 'NONE',  ( 0.0000000000000000000, 0.0000000000000000000, -1.000000000000000000 ) ) ;
#9637 = CARTESIAN_POINT ( 'NONE',  ( 13.46414349515129400, 3.223767195466945800, 13.62847879046728000 ) ) ;
#9638 = TOROIDAL_SURFACE ( 'NONE', #6207, 0.1000000000000004200, 0.4000000000000000200 ) ;
#9639 = ORIENTED_EDGE ( 'NONE', *, *, #2692, .T. ) ;
#9640 = EDGE_CURVE ( 'NONE', #8332, #6343, #4737, .T. ) ;
#9641 = VERTEX_POINT ( 'NONE', #9537 ) ;
#9642 = ORIENTED_EDGE ( 'NONE', *, *, #2243, .F. ) ;
#9643 = CARTESIAN_POINT ( 'NONE',  ( -9.358845726811974700, 50.79999999999999700, 9.400000000000002100 ) ) ;
#9644 = CARTESIAN_POINT ( 'NONE',  ( -1.957788583869119600, 30.29999999999910500, 11.00000000000053300 ) ) ;
#9645 = CARTESIAN_POINT ( 'NONE',  ( -8.599999999999997900, 0.0000000000000000000, 26.20000000000000300 ) ) ;
#9646 = CARTESIAN_POINT ( 'NONE',  ( 4.209558841210245800, 52.71180470701560200, 10.87004640409796300 ) ) ;
#9647 = LINE ( 'NONE', #8698, #3011 ) ;
#9648 = EDGE_CURVE ( 'NONE', #5185, #1909, #9385, .T. ) ;
#9649 = DIRECTION ( 'NONE',  ( 1.000000000000000000, 0.0000000000000000000, 1.548860246407863300E-016 ) ) ;
#9650 = ORIENTED_EDGE ( 'NONE', *, *, #7694, .T. ) ;
#9651 = AXIS2_PLACEMENT_3D ( 'NONE', #8330, #2503, #5842 ) ;
#9652 = ORIENTED_EDGE ( 'NONE', *, *, #3654, .T. ) ;
#9653 = ORIENTED_EDGE ( 'NONE', *, *, #9768, .T. ) ;
#9654 = DIRECTION ( 'NONE',  ( -0.0000000000000000000, -1.000000000000000000, -0.0000000000000000000 ) ) ;
#9655 = CARTESIAN_POINT ( 'NONE',  ( -6.599999999999993400, -3.000000000000000000, -22.13012701892219500 ) ) ;
#9656 = CARTESIAN_POINT ( 'NONE',  ( -30.33025804561338000, 5.000000000000000000, 26.19999999999999600 ) ) ;
#9657 = CARTESIAN_POINT ( 'NONE',  ( -4.992022598519534800, 52.78691979585988700, -10.83404619769887800 ) ) ;
#9658 = ADVANCED_FACE ( 'NONE', ( #2226 ), #2966, .T. ) ;
#9659 = LINE ( 'NONE', #4543, #9141 ) ;
#9660 = DIRECTION ( 'NONE',  ( 3.083952846180984600E-015, 1.000000000000000000, 0.0000000000000000000 ) ) ;
#9661 = ORIENTED_EDGE ( 'NONE', *, *, #7780, .F. ) ;
#9662 = ORIENTED_EDGE ( 'NONE', *, *, #5295, .F. ) ;
#9663 = DIRECTION ( 'NONE',  ( 0.0000000000000000000, 1.000000000000000000, 0.0000000000000000000 ) ) ;
#9664 = EDGE_CURVE ( 'NONE', #8810, #6094, #6670, .T. ) ;
#9665 = VECTOR ( 'NONE', #10687, 1000.000000000000000 ) ;
#9666 =( BOUNDED_SURFACE ( )  B_SPLINE_SURFACE ( 3, 2, ( 
 ( #1280, #3759, #7112 ),
 ( #2112, #7940, #2954 ),
 ( #8777, #3796, #9599 ),
 ( #4659, #10437, #5496 ),
 ( #497, #6324, #1313 ),
 ( #7152, #2146, #7976 ) ),
 .UNSPECIFIED., .F., .F., .F. ) 
 B_SPLINE_SURFACE_WITH_KNOTS ( ( 4, 2, 4 ),
 ( 3, 3 ),
 ( 0.0003790122493140932100, 0.0006499964602234221000, 0.0009209806711327510000 ),
 ( 0.0000000000000000000, 1.000000000000000000 ),
 .UNSPECIFIED. ) 
 GEOMETRIC_REPRESENTATION_ITEM ( )  RATIONAL_B_SPLINE_SURFACE ( (
 ( 1.000000000000000000, 0.8164965809277011700, 1.000000000000000000),
 ( 1.000000000000000000, 0.8810678731623544600, 1.000000000000000000),
 ( 1.000000000000000000, 0.9263207691516830400, 1.000000000000000000),
 ( 1.000000000000000000, 0.9855849900692945600, 1.000000000000000000),
 ( 1.000000000000000000, 0.9999584033009812900, 1.000000000000000000),
 ( 1.000000000000000000, 1.000000000000000000, 1.000000000000000000) ) ) 
 REPRESENTATION_ITEM ( '' )  SURFACE ( )  );
#9667 = CARTESIAN_POINT ( 'NONE',  ( -0.2588660543329221500, 33.45112688117890100, 9.180696046900925100 ) ) ;
#9668 = CARTESIAN_POINT ( 'NONE',  ( -8.948805684721977000, -0.3510874706924105300, 34.20000000000000300 ) ) ;
#9669 = ORIENTED_EDGE ( 'NONE', *, *, #9306, .T. ) ;
#9670 = DIRECTION ( 'NONE',  ( 0.0000000000000000000, -0.8660254037844532500, 0.4999999999999744600 ) ) ;
#9671 = DIRECTION ( 'NONE',  ( -1.000000000000000000, 0.0000000000000000000, 0.0000000000000000000 ) ) ;
#9672 = ORIENTED_EDGE ( 'NONE', *, *, #9822, .T. ) ;
#9673 = ORIENTED_EDGE ( 'NONE', *, *, #614, .T. ) ;
#9674 = CARTESIAN_POINT ( 'NONE',  ( 13.77334704096940500, 4.754179305670921200, 12.74441864823513300 ) ) ;
#9675 = ORIENTED_EDGE ( 'NONE', *, *, #9664, .F. ) ;
#9676 = EDGE_CURVE ( 'NONE', #458, #10688, #8600, .T. ) ;
#9677 = VECTOR ( 'NONE', #7546, 1000.000000000000000 ) ;
#9678 = ORIENTED_EDGE ( 'NONE', *, *, #3420, .T. ) ;
#9679 = CARTESIAN_POINT ( 'NONE',  ( 13.44211151713684200, 3.284299557567578200, -12.82730412052425500 ) ) ;
#9680 = EDGE_LOOP ( 'NONE', ( #5226, #8129, #5764, #3940 ) ) ;
#9681 = CARTESIAN_POINT ( 'NONE',  ( -5.318472097823571300, 52.74320301649128600, 10.76666666666667100 ) ) ;
#9682 = CARTESIAN_POINT ( 'NONE',  ( 3.900000000000003900, 52.79999999999999700, 10.90000000000000400 ) ) ;
#9683 = DIRECTION ( 'NONE',  ( -0.6601821655035312600, -0.7511055241116713100, 4.294625628450669400E-015 ) ) ;
#9684 = CARTESIAN_POINT ( 'NONE',  ( 0.1500000000000043500, 36.80000000000000400, -12.60000000000000300 ) ) ;
#9685 = VECTOR ( 'NONE', #9481, 1000.000000000000000 ) ;
#9686 = FACE_OUTER_BOUND ( 'NONE', #7441, .T. ) ;
#9687 = VECTOR ( 'NONE', #186, 1000.000000000000100 ) ;
#9688 = EDGE_CURVE ( 'NONE', #6612, #7826, #6407, .T. ) ;
#9689 = VERTEX_POINT ( 'NONE', #3885 ) ;
#9690 = FILL_AREA_STYLE ('',( #544 ) ) ;
#9691 = ORIENTED_EDGE ( 'NONE', *, *, #1356, .F. ) ;
#9692 = EDGE_CURVE ( 'NONE', #2739, #2453, #1953, .T. ) ;
#9693 = DIRECTION ( 'NONE',  ( 0.0000000000000000000, 1.000000000000000000, 0.0000000000000000000 ) ) ;
#9694 = CARTESIAN_POINT ( 'NONE',  ( -5.231501903345254300, 52.78631836646638200, -10.86695313951646800 ) ) ;
#9695 = CARTESIAN_POINT ( 'NONE',  ( -4.599999999999996100, 50.79999999999999700, 9.800000000000000700 ) ) ;
#9696 = CARTESIAN_POINT ( 'NONE',  ( 7.000000000000005300, 33.07128129211017900, -9.400000000000003900 ) ) ;
#9697 = VECTOR ( 'NONE', #8281, 1000.000000000000000 ) ;
#9698 = VECTOR ( 'NONE', #3914, 1000.000000000000000 ) ;
#9699 = DIRECTION ( 'NONE',  ( 0.6601821655035210500, -0.7511055241116799700, -8.673617379883959700E-015 ) ) ;
#9700 = AXIS2_PLACEMENT_3D ( 'NONE', #9967, #5018, #35 ) ;
#9701 = ORIENTED_EDGE ( 'NONE', *, *, #3488, .T. ) ;
#9702 = DIRECTION ( 'NONE',  ( -0.0000000000000000000, 0.0000000000000000000, -1.000000000000000000 ) ) ;
#9703 = EDGE_CURVE ( 'NONE', #4597, #5731, #8344, .T. ) ;
#9704 = CARTESIAN_POINT ( 'NONE',  ( 7.000000000000005300, 48.10000000000002300, -9.400000000000003900 ) ) ;
#9705 = CARTESIAN_POINT ( 'NONE',  ( 5.400000000000005700, 35.79999999999999700, 7.800000000000001600 ) ) ;
#9706 = DIRECTION ( 'NONE',  ( 0.0000000000000000000, 1.000000000000000000, 0.0000000000000000000 ) ) ;
#9707 = CARTESIAN_POINT ( 'NONE',  ( -11.20000000000000100, 50.10717967697243600, 9.841154273188024600 ) ) ;
#9708 = VERTEX_POINT ( 'NONE', #6400 ) ;
#9709 = LINE ( 'NONE', #1468, #7511 ) ;
#9710 = CARTESIAN_POINT ( 'NONE',  ( 3.900000000000003900, 52.29999999999999700, 10.90000000000000400 ) ) ;
#9711 = ORIENTED_EDGE ( 'NONE', *, *, #5265, .T. ) ;
#9712 = AXIS2_PLACEMENT_3D ( 'NONE', #2498, #8321, #3329 ) ;
#9713 = ADVANCED_FACE ( 'NONE', ( #6147 ), #5575, .T. ) ;
#9714 = FACE_OUTER_BOUND ( 'NONE', #8241, .T. ) ;
#9715 = FACE_OUTER_BOUND ( 'NONE', #9257, .T. ) ;
#9716 = DIRECTION ( 'NONE',  ( 0.0000000000000000000, -0.4999999999999969500, 0.8660254037844404800 ) ) ;
#9717 = CARTESIAN_POINT ( 'NONE',  ( 13.87755258156076700, 52.81990284774145300, -20.67974782551007000 ) ) ;
#9718 = DIRECTION ( 'NONE',  ( 0.0000000000000000000, 0.0000000000000000000, 1.000000000000000000 ) ) ;
#9719 = ORIENTED_EDGE ( 'NONE', *, *, #6439, .F. ) ;
#9720 = CARTESIAN_POINT ( 'NONE',  ( 5.400000000000003900, 50.89999999999999900, -11.30000000000000100 ) ) ;
#9721 = DIRECTION ( 'NONE',  ( -0.0000000000000000000, 1.000000000000000000, -0.0000000000000000000 ) ) ;
#9722 = ORIENTED_EDGE ( 'NONE', *, *, #3917, .T. ) ;
#9723 = LINE ( 'NONE', #5271, #2831 ) ;
#9724 = VECTOR ( 'NONE', #8013, 1000.000000000000000 ) ;
#9725 = EDGE_CURVE ( 'NONE', #3970, #4635, #32, .T. ) ;
#9726 = ORIENTED_EDGE ( 'NONE', *, *, #9945, .T. ) ;
#9727 = CARTESIAN_POINT ( 'NONE',  ( -5.446109788177940600, 52.69377763810279400, -10.90000000000000700 ) ) ;
#9728 = AXIS2_PLACEMENT_3D ( 'NONE', #2460, #4154, #9116 ) ;
#9729 = B_SPLINE_CURVE_WITH_KNOTS ( 'NONE', 3,
 ( #6063, #1555, #3104, #4764, #7271, #6922, #2039, #2852 ),
 .UNSPECIFIED., .F., .F.,
 ( 4, 2, 2, 4 ),
 ( 0.0000000000000000000, 0.0003586537564959376300, 0.0007173075129918752500, 0.001434615025983754400 ),
 .UNSPECIFIED. ) ;
#9730 = DIRECTION ( 'NONE',  ( -0.0000000000000000000, -0.0000000000000000000, -1.000000000000000000 ) ) ;
#9731 = CARTESIAN_POINT ( 'NONE',  ( 9.634358147243874600, 3.418878932851059800, 19.79312863038751800 ) ) ;
#9732 = EDGE_LOOP ( 'NONE', ( #2384, #4166, #7879, #9890, #6408, #4446, #679, #3109, #2731, #2526, #6820, #1772 ) ) ;
#9733 = DIRECTION ( 'NONE',  ( 0.0000000000000000000, 0.0000000000000000000, 1.000000000000000000 ) ) ;
#9734 = CARTESIAN_POINT ( 'NONE',  ( -1.957788583865749400, 30.30000000000000800, 11.00000000000000000 ) ) ;
#9735 = LINE ( 'NONE', #9577, #9992 ) ;
#9736 = LINE ( 'NONE', #8099, #9479 ) ;
#9737 = CARTESIAN_POINT ( 'NONE',  ( -34.95663183157648000, -0.4101721289746203000, 34.12029352399600400 ) ) ;
#9738 = DIRECTION ( 'NONE',  ( 0.8627299156628026600, 0.5000000000000309800, 0.07547908730517584300 ) ) ;
#9739 = DIRECTION ( 'NONE',  ( 0.0000000000000000000, 0.0000000000000000000, 1.000000000000000000 ) ) ;
#9740 = EDGE_CURVE ( 'NONE', #6082, #7216, #8090, .T. ) ;
#9741 = CARTESIAN_POINT ( 'NONE',  ( 23.95626156566004300, 0.0000000000000000000, -4.650806381693394400 ) ) ;
#9742 = PLANE ( 'NONE',  #2327 ) ;
#9743 = DIRECTION ( 'NONE',  ( 0.0000000000000000000, -1.000000000000000000, 0.0000000000000000000 ) ) ;
#9744 =( BOUNDED_SURFACE ( )  B_SPLINE_SURFACE ( 2, 3, ( 
 ( #2501, #5911, #7494, #1588, #2095, #1037 ),
 ( #7599, #4161, #860, #5871, #5734, #2861 ),
 ( #2895, #6274, #3776, #8254, #3291, #3817 ) ),
 .UNSPECIFIED., .F., .F., .F. ) 
 B_SPLINE_SURFACE_WITH_KNOTS ( ( 3, 3 ),
 ( 4, 2, 4 ),
 ( 0.0000000000000000000, 1.000000000000000000 ),
 ( 0.6716515895041665900, 1.046488677478001100, 1.421325765451835600 ),
 .UNSPECIFIED. ) 
 GEOMETRIC_REPRESENTATION_ITEM ( )  RATIONAL_B_SPLINE_SURFACE ( (
 ( 1.000000000000000000, 1.000000000000000000, 1.000000000000000000, 1.000000000000000000, 1.000000000000000000, 1.000000000000000000),
 ( 0.4268389266934615200, 0.5215544196093261400, 0.5518999457292426100, 0.5902239302880625300, 0.5962529071649684800, 0.6098061980516905600),
 ( 1.000000000000000000, 1.000000000000000000, 1.000000000000000000, 1.000000000000000000, 1.000000000000000000, 1.000000000000000000) ) ) 
 REPRESENTATION_ITEM ( '' )  SURFACE ( )  );
#9745 = PLANE ( 'NONE',  #5164 ) ;
#9746 = PLANE ( 'NONE',  #8737 ) ;
#9747 = LINE ( 'NONE', #2978, #7549 ) ;
#9748 = FACE_OUTER_BOUND ( 'NONE', #8518, .T. ) ;
#9749 = VERTEX_POINT ( 'NONE', #10559 ) ;
#9750 = AXIS2_PLACEMENT_3D ( 'NONE', #511, #1333, #7169 ) ;
#9751 = EDGE_LOOP ( 'NONE', ( #9377, #3838, #467, #2052 ) ) ;
#9752 = EDGE_CURVE ( 'NONE', #6810, #4709, #1696, .T. ) ;
#9753 = CARTESIAN_POINT ( 'NONE',  ( -2.599999999999996500, 26.83589838486229300, 13.00000000000000200 ) ) ;
#9754 = CARTESIAN_POINT ( 'NONE',  ( 9.400000000000000400, 3.400000000000023900, 19.80000000000000100 ) ) ;
#9755 = CARTESIAN_POINT ( 'NONE',  ( -3.639079274990010900, 3.398426304938928500, 19.80057277816005300 ) ) ;
#9756 = FACE_OUTER_BOUND ( 'NONE', #2002, .T. ) ;
#9757 = CARTESIAN_POINT ( 'NONE',  ( 11.20000000000000300, 50.79999999999999700, 9.441154273188013600 ) ) ;
#9758 = EDGE_CURVE ( 'NONE', #8560, #7083, #3664, .T. ) ;
#9759 = EDGE_LOOP ( 'NONE', ( #2252, #4411, #1131 ) ) ;
#9760 =( BOUNDED_CURVE ( )  B_SPLINE_CURVE ( 3, ( #3454, #7603, #4303, #10094 ),
 .UNSPECIFIED., .F., .T. ) 
 B_SPLINE_CURVE_WITH_KNOTS ( ( 4, 4 ),
 ( 6.224562198101836900, 6.283185307179586200 ),
 .UNSPECIFIED. ) 
 CURVE ( )  GEOMETRIC_REPRESENTATION_ITEM ( )  RATIONAL_B_SPLINE_CURVE ( ( 1.000000000000000000, 0.9997136314275932900, 0.9997136314275932900, 1.000000000000000000 ) ) 
 REPRESENTATION_ITEM ( '' )  );
#9761 = VECTOR ( 'NONE', #1464, 1000.000000000000000 ) ;
#9762 = ADVANCED_FACE ( 'NONE', ( #3386 ), #5641, .F. ) ;
#9763 = EDGE_LOOP ( 'NONE', ( #9000, #104, #7733, #661 ) ) ;
#9764 = ORIENTED_EDGE ( 'NONE', *, *, #4439, .F. ) ;
#9765 = CARTESIAN_POINT ( 'NONE',  ( 9.400000000000005700, 0.0000000000000000000, -19.80000000000000100 ) ) ;
#9766 = DIRECTION ( 'NONE',  ( 0.0000000000000000000, -0.5000000000000043300, -0.8660254037844360400 ) ) ;
#9767 = VERTEX_POINT ( 'NONE', #10593 ) ;
#9768 = EDGE_CURVE ( 'NONE', #6967, #7576, #7825, .T. ) ;
#9769 = CARTESIAN_POINT ( 'NONE',  ( -4.599999999999996100, 52.14886691080376800, 10.90000000000000400 ) ) ;
#9770 = EDGE_CURVE ( 'NONE', #2477, #5731, #10275, .T. ) ;
#9771 = CYLINDRICAL_SURFACE ( 'NONE', #8075, 3.999999999999998700 ) ;
#9772 = ORIENTED_EDGE ( 'NONE', *, *, #3086, .F. ) ;
#9773 = AXIS2_PLACEMENT_3D ( 'NONE', #5495, #10435, #3794 ) ;
#9774 =( BOUNDED_SURFACE ( )  B_SPLINE_SURFACE ( 3, 2, ( 
 ( #8575, #3603, #4463 ),
 ( #10235, #5308, #303 ),
 ( #6131, #1120, #6957 ),
 ( #1944, #7786, #2790 ),
 ( #8613, #3641, #9449 ),
 ( #4496, #10268, #5345 ) ),
 .UNSPECIFIED., .F., .F., .F. ) 
 B_SPLINE_SURFACE_WITH_KNOTS ( ( 4, 2, 4 ),
 ( 3, 3 ),
 ( 0.0003790122493140932600, 0.0006499964602234216700, 0.0009209806711327500200 ),
 ( 0.0000000000000000000, 1.000000000000000000 ),
 .UNSPECIFIED. ) 
 GEOMETRIC_REPRESENTATION_ITEM ( )  RATIONAL_B_SPLINE_SURFACE ( (
 ( 1.000000000000000000, 0.8164965809277007200, 1.000000000000000000),
 ( 1.000000000000000000, 0.8810678731622922900, 1.000000000000000000),
 ( 1.000000000000000000, 0.9263207691517632000, 1.000000000000000000),
 ( 1.000000000000000000, 0.9855849900692150700, 1.000000000000000000),
 ( 1.000000000000000000, 0.9999584033010408000, 1.000000000000000000),
 ( 1.000000000000000000, 1.000000000000000000, 1.000000000000000000) ) ) 
 REPRESENTATION_ITEM ( '' )  SURFACE ( )  );
#9775 = CARTESIAN_POINT ( 'NONE',  ( 7.069872981077832500, -3.000000000000000000, 17.80000000000000400 ) ) ;
#9777 = ORIENTED_EDGE ( 'NONE', *, *, #2315, .F. ) ;
#9776 = CARTESIAN_POINT ( 'NONE',  ( -3.599999999999993000, 3.400000000000023900, -19.80000000000000100 ) ) ;
#9778 = ORIENTED_EDGE ( 'NONE', *, *, #1879, .T. ) ;
#9779 = ADVANCED_FACE ( 'NONE', ( #5634 ), #7566, .T. ) ;
#9780 = CARTESIAN_POINT ( 'NONE',  ( -35.19579020030013100, 3.400007303680410600, -0.1270556256038067000 ) ) ;
#9781 = AXIS2_PLACEMENT_3D ( 'NONE', #5073, #2570, #10020 ) ;
#9782 = CARTESIAN_POINT ( 'NONE',  ( 4.007977401480500700, 52.78691979585988000, -10.83404619769888200 ) ) ;
#9783 = CARTESIAN_POINT ( 'NONE',  ( -4.599999999999994300, 52.79999999999999700, -12.41764762517407500 ) ) ;
#9784 = DIRECTION ( 'NONE',  ( 0.0000000000000000000, 0.0000000000000000000, -1.000000000000000000 ) ) ;
#9785 = VECTOR ( 'NONE', #5881, 1000.000000000000000 ) ;
#9786 = ORIENTED_EDGE ( 'NONE', *, *, #6982, .F. ) ;
#9787 = ORIENTED_EDGE ( 'NONE', *, *, #9911, .F. ) ;
#9788 = ORIENTED_EDGE ( 'NONE', *, *, #8438, .T. ) ;
#9789 = CARTESIAN_POINT ( 'NONE',  ( -4.602291112640146200, 3.406294780244271300, -26.35631709995848100 ) ) ;
#9790 = CARTESIAN_POINT ( 'NONE',  ( -34.32555969028119600, 3.400000000000026600, 26.40809735350793700 ) ) ;
#9791 = CARTESIAN_POINT ( 'NONE',  ( 24.14187696106416300, -3.000000000000000000, 1.109053650640950300 ) ) ;
#9792 = EDGE_CURVE ( 'NONE', #3449, #5329, #1175, .T. ) ;
#9793 = DIRECTION ( 'NONE',  ( -0.0000000000000000000, 0.0000000000000000000, -1.000000000000000000 ) ) ;
#9794 = DIRECTION ( 'NONE',  ( 0.0000000000000000000, 0.8660254037844366000, 0.5000000000000036600 ) ) ;
#9795 = DIRECTION ( 'NONE',  ( -0.0000000000000000000, 1.000000000000000000, -0.0000000000000000000 ) ) ;
#9796 = VECTOR ( 'NONE', #4390, 1000.000000000000000 ) ;
#9797 = AXIS2_PLACEMENT_3D ( 'NONE', #351, #6175, #1165 ) ;
#9798 = CARTESIAN_POINT ( 'NONE',  ( 12.61202537022329100, -18.06884202584970500, 10.93117914242403700 ) ) ;
#9799 = ORIENTED_EDGE ( 'NONE', *, *, #9216, .T. ) ;
#9800 = ORIENTED_EDGE ( 'NONE', *, *, #9792, .F. ) ;
#9801 = ORIENTED_EDGE ( 'NONE', *, *, #7356, .F. ) ;
#9802 = CARTESIAN_POINT ( 'NONE',  ( 0.0000000000000000000, 5.000000000000000000, 19.21764762517409500 ) ) ;
#9803 = DIRECTION ( 'NONE',  ( -0.0000000000000000000, -0.0000000000000000000, -1.000000000000000000 ) ) ;
#9804 = CARTESIAN_POINT ( 'NONE',  ( -7.730896239743544600, -0.4099420853462213400, -34.12059683482510800 ) ) ;
#9805 = LINE ( 'NONE', #9525, #9288 ) ;
#9806 = MANIFOLD_SOLID_BREP ( 'Бобышка-Вытянуть16', #1647 ) ;
#9807 = CARTESIAN_POINT ( 'NONE',  ( -6.599999999999993400, 50.79999999999999700, -9.800000000000002500 ) ) ;
#9808 = ORIENTED_EDGE ( 'NONE', *, *, #2451, .T. ) ;
#9809 = ORIENTED_EDGE ( 'NONE', *, *, #1266, .T. ) ;
#9810 = VERTEX_POINT ( 'NONE', #5674 ) ;
#9811 = ORIENTED_EDGE ( 'NONE', *, *, #8569, .T. ) ;
#9812 = AXIS2_PLACEMENT_3D ( 'NONE', #5197, #6021, #1010 ) ;
#9813 = CIRCLE ( 'NONE', #5909, 2.758845726811981300 ) ;
#9814 = CARTESIAN_POINT ( 'NONE',  ( 3.400000000000003900, 52.79999999999999700, 10.90000000000000400 ) ) ;
#9815 = PLANE ( 'NONE',  #886 ) ;
#9816 = CARTESIAN_POINT ( 'NONE',  ( -3.068629150101515300, 4.188310502116359600, 11.46862915010151900 ) ) ;
#9817 = CIRCLE ( 'NONE', #5303, 1.599999999999999900 ) ;
#9818 = CARTESIAN_POINT ( 'NONE',  ( -11.20000000000000100, 48.10000000000002300, 6.858022075225178600E-016 ) ) ;
#9819 = EDGE_CURVE ( 'NONE', #7814, #352, #156, .T. ) ;
#9820 = ORIENTED_EDGE ( 'NONE', *, *, #4644, .F. ) ;
#9821 = ADVANCED_FACE ( 'NONE', ( #4589 ), #3203, .F. ) ;
#9822 = EDGE_CURVE ( 'NONE', #181, #5013, #6535, .T. ) ;
#9823 = CARTESIAN_POINT ( 'NONE',  ( 5.400000000000005700, 50.10717967697243600, 6.641154273188023500 ) ) ;
#9824 = VERTEX_POINT ( 'NONE', #2414 ) ;
#9825 = CIRCLE ( 'NONE', #5215, 0.4000000000000001900 ) ;
#9826 = LINE ( 'NONE', #9695, #3183 ) ;
#9827 = CARTESIAN_POINT ( 'NONE',  ( 5.800000000000005200, 52.79999999999999700, 14.41764762517408200 ) ) ;
#9828 = FILL_AREA_STYLE_COLOUR ( '', #9504 ) ;
#9829 = DIRECTION ( 'NONE',  ( 0.0000000000000000000, 0.0000000000000000000, 1.000000000000000000 ) ) ;
#9830 = DIRECTION ( 'NONE',  ( 0.0000000000000000000, -1.000000000000000000, 0.0000000000000000000 ) ) ;
#9831 = ORIENTED_EDGE ( 'NONE', *, *, #2104, .T. ) ;
#9832 = VECTOR ( 'NONE', #8721, 1000.000000000000000 ) ;
#9833 = ORIENTED_EDGE ( 'NONE', *, *, #5134, .T. ) ;
#9834 = ADVANCED_FACE ( 'NONE', ( #2349 ), #8232, .T. ) ;
#9835 = EDGE_CURVE ( 'NONE', #7918, #3164, #2079, .T. ) ;
#9836 = EDGE_LOOP ( 'NONE', ( #4001, #9672, #5124, #1644 ) ) ;
#9837 = LINE ( 'NONE', #10112, #987 ) ;
#9838 = ORIENTED_EDGE ( 'NONE', *, *, #8049, .T. ) ;
#9839 = EDGE_CURVE ( 'NONE', #10041, #457, #8727, .T. ) ;
#9840 = CARTESIAN_POINT ( 'NONE',  ( -36.66015108751499000, -2.034640898852128700, 33.70054231669707400 ) ) ;
#9841 = CARTESIAN_POINT ( 'NONE',  ( 5.800000000000005200, 3.000000000000002700, 11.00000000000000200 ) ) ;
#9842 = CARTESIAN_POINT ( 'NONE',  ( -6.140927981986982900, -2.118344374988351900, -33.74113407859225300 ) ) ;
#9843 = VECTOR ( 'NONE', #10701, 1000.000000000000000 ) ;
#9844 = CARTESIAN_POINT ( 'NONE',  ( -4.599999999999994300, 52.45113308919622600, -10.90000000000000400 ) ) ;
#9845 = FACE_OUTER_BOUND ( 'NONE', #7334, .T. ) ;
#9846 = AXIS2_PLACEMENT_3D ( 'NONE', #8127, #9784, #4833 ) ;
#9847 = CARTESIAN_POINT ( 'NONE',  ( 3.400000000000005200, 52.79999999999999700, -12.41764762517408200 ) ) ;
#9848 = EDGE_LOOP ( 'NONE', ( #9455, #6126, #6450, #632, #2362, #5547 ) ) ;
#9849 =( BOUNDED_SURFACE ( )  B_SPLINE_SURFACE ( 3, 2, ( 
 ( #6747, #7572, #3416 ),
 ( #9239, #4272, #10061 ),
 ( #5118, #132, #5955 ),
 ( #941, #6784, #1776 ),
 ( #7611, #2609, #8436 ),
 ( #3462, #9273, #4309 ) ),
 .UNSPECIFIED., .F., .F., .F. ) 
 B_SPLINE_SURFACE_WITH_KNOTS ( ( 4, 2, 4 ),
 ( 3, 3 ),
 ( 5.269818214997349600, 5.776501761088468400, 6.283185307179586200 ),
 ( 0.0000000000000000000, 1.000000000000000000 ),
 .UNSPECIFIED. ) 
 GEOMETRIC_REPRESENTATION_ITEM ( )  RATIONAL_B_SPLINE_SURFACE ( (
 ( 1.000000000000000000, 0.8538538922681433400, 1.000000000000000000),
 ( 1.000000000000000000, 0.8902220212059206400, 1.000000000000000000),
 ( 1.000000000000000000, 0.9184098250712554600, 1.000000000000000000),
 ( 1.000000000000000000, 0.9562724763531005300, 1.000000000000000000),
 ( 1.000000000000000000, 0.9659494097062704100, 1.000000000000000000),
 ( 1.000000000000000000, 0.9659258262890676500, 1.000000000000000000) ) ) 
 REPRESENTATION_ITEM ( '' )  SURFACE ( )  );
#9850 = CARTESIAN_POINT ( 'NONE',  ( 4.244295915296911300, 4.230456901110456700, 11.26906204601001000 ) ) ;
#9851 = EDGE_CURVE ( 'NONE', #8510, #10545, #10673, .T. ) ;
#9852 = DIRECTION ( 'NONE',  ( 0.0000000000000000000, -1.000000000000000000, 0.0000000000000000000 ) ) ;
#9853 = CARTESIAN_POINT ( 'NONE',  ( -4.660526354612871500, 52.79999999999999700, -10.90000000000000400 ) ) ;
#9854 = DIRECTION ( 'NONE',  ( 0.0000000000000000000, 0.0000000000000000000, 1.000000000000000000 ) ) ;
#9855 = FACE_OUTER_BOUND ( 'NONE', #9163, .T. ) ;
#9856 = CARTESIAN_POINT ( 'NONE',  ( 12.81764762517409100, 4.999999999999999100, 15.45887714203045200 ) ) ;
#9857 = VECTOR ( 'NONE', #9160, 1000.000000000000000 ) ;
#9858 = ORIENTED_EDGE ( 'NONE', *, *, #10114, .T. ) ;
#9859 = EDGE_CURVE ( 'NONE', #6810, #5929, #4320, .T. ) ;
#9860 = CARTESIAN_POINT ( 'NONE',  ( -2.599999999999989900, 33.05000000000000400, 14.60000000000000100 ) ) ;
#9861 = CARTESIAN_POINT ( 'NONE',  ( -0.5999999999999937600, 38.80000000000000400, -10.50000000000000000 ) ) ;
#9862 = CIRCLE ( 'NONE', #9335, 0.2000000000000020100 ) ;
#9863 = DIRECTION ( 'NONE',  ( -0.0000000000000000000, -0.0000000000000000000, -1.000000000000000000 ) ) ;
#9864 = DIRECTION ( 'NONE',  ( -0.4472135954999557100, -0.7745966692414858500, 0.4472135954999557100 ) ) ;
#9865 = LINE ( 'NONE', #6831, #7671 ) ;
#9866 =( BOUNDED_CURVE ( )  B_SPLINE_CURVE ( 3, ( #7717, #7593, #3558, #9371 ),
 .UNSPECIFIED., .F., .F. ) 
 B_SPLINE_CURVE_WITH_KNOTS ( ( 4, 4 ),
 ( 2.414817599270095100, 3.868367707909491600 ),
 .UNSPECIFIED. ) 
 CURVE ( )  GEOMETRIC_REPRESENTATION_ITEM ( )  RATIONAL_B_SPLINE_CURVE ( ( 1.000000000000000000, 0.8315474279732689700, 0.8315474279732689700, 1.000000000000000000 ) ) 
 REPRESENTATION_ITEM ( '' )  );
#9867 = ORIENTED_EDGE ( 'NONE', *, *, #5291, .T. ) ;
#9868 = VECTOR ( 'NONE', #4106, 1000.000000000000200 ) ;
#9869 = DIRECTION ( 'NONE',  ( 0.0000000000000000000, 0.8660254037844366000, 0.5000000000000035500 ) ) ;
#9870 = ADVANCED_FACE ( 'NONE', ( #8464 ), #3782, .F. ) ;
#9871 = CARTESIAN_POINT ( 'NONE',  ( -4.599999999999996100, 52.29999999999999700, 10.90000000000000400 ) ) ;
#9872 = ORIENTED_EDGE ( 'NONE', *, *, #10277, .F. ) ;
#9873 = CARTESIAN_POINT ( 'NONE',  ( -0.9085974735160564600, 50.62435302841083000, -9.800000000000002500 ) ) ;
#9874 = CARTESIAN_POINT ( 'NONE',  ( -11.19999999999999900, 50.89999999999999900, 0.0000000000000000000 ) ) ;
#9875 = EDGE_LOOP ( 'NONE', ( #727, #328, #8227, #6644, #5935, #8453 ) ) ;
#9876 = ORIENTED_EDGE ( 'NONE', *, *, #1891, .T. ) ;
#9877 = CARTESIAN_POINT ( 'NONE',  ( 103.5729756315021700, -3.000000000000000000, -6.938893903907228400E-015 ) ) ;
#9878 = VECTOR ( 'NONE', #131, 1000.000000000000000 ) ;
#9879 = CARTESIAN_POINT ( 'NONE',  ( 11.39999999999999700, -3.000000000000000000, -10.99818166789401800 ) ) ;
#9880 = DIRECTION ( 'NONE',  ( 0.3141328382098646500, 0.8921244774085891300, 0.3247067550370133500 ) ) ;
#9881 = CARTESIAN_POINT ( 'NONE',  ( -33.73576973346460800, -2.826794919243119400, 25.40000000000000200 ) ) ;
#9882 = EDGE_CURVE ( 'NONE', #3164, #698, #8202, .T. ) ;
#9883 = DIRECTION ( 'NONE',  ( 0.0000000000000000000, 0.5000000000000035500, -0.8660254037844366000 ) ) ;
#9884 = ADVANCED_FACE ( 'NONE', ( #10142 ), #9962, .F. ) ;
#9885 = ORIENTED_EDGE ( 'NONE', *, *, #10662, .T. ) ;
#9886 = AXIS2_PLACEMENT_3D ( 'NONE', #6885, #7462, #8293 ) ;
#9887 = CARTESIAN_POINT ( 'NONE',  ( 13.40000000000000600, 3.400286409439799300, -13.62938002992065600 ) ) ;
#9888 = VECTOR ( 'NONE', #6722, 1000.000000000000000 ) ;
#9889 = VERTEX_POINT ( 'NONE', #9137 ) ;
#9890 = ORIENTED_EDGE ( 'NONE', *, *, #6950, .T. ) ;
#9891 = ORIENTED_EDGE ( 'NONE', *, *, #7193, .T. ) ;
#9892 = EDGE_CURVE ( 'NONE', #6571, #5157, #6017, .T. ) ;
#9893 = CARTESIAN_POINT ( 'NONE',  ( -6.599999999999993400, 52.81990284774145300, 11.30000000000000200 ) ) ;
#9894 = CARTESIAN_POINT ( 'NONE',  ( 4.954700538379261100, 3.000000000000000400, 2.148758835090355800E-015 ) ) ;
#9895 = CARTESIAN_POINT ( 'NONE',  ( 3.633753343522183200, 52.70121173941809900, 10.76666675551933500 ) ) ;
#9896 = LINE ( 'NONE', #2747, #2998 ) ;
#9897 = ORIENTED_EDGE ( 'NONE', *, *, #7979, .T. ) ;
#9898 = CARTESIAN_POINT ( 'NONE',  ( -5.772621757438475500, -1.343913184377213000, 33.60688197719254300 ) ) ;
#9899 = EDGE_CURVE ( 'NONE', #339, #4803, #7946, .T. ) ;
#9900 = ORIENTED_EDGE ( 'NONE', *, *, #9859, .T. ) ;
#9901 = DIRECTION ( 'NONE',  ( -1.239088197126291100E-016, 1.000000000000000000, 0.0000000000000000000 ) ) ;
#9902 = ORIENTED_EDGE ( 'NONE', *, *, #10456, .T. ) ;
#9903 = CARTESIAN_POINT ( 'NONE',  ( -5.471611949929193300, 52.79999999999999700, 10.90000000000000400 ) ) ;
#9904 = LINE ( 'NONE', #9485, #3807 ) ;
#9905 = CARTESIAN_POINT ( 'NONE',  ( -30.40601912019881700, 3.400000000000023000, -30.20000000000000300 ) ) ;
#9906 = CARTESIAN_POINT ( 'NONE',  ( -35.19579020030012400, 3.400007303680409300, 0.1270556256038974100 ) ) ;
#9907 = VERTEX_POINT ( 'NONE', #5891 ) ;
#9908 = EDGE_CURVE ( 'NONE', #10242, #2767, #1302, .T. ) ;
#9909 = VERTEX_POINT ( 'NONE', #875 ) ;
#9910 = ORIENTED_EDGE ( 'NONE', *, *, #10116, .F. ) ;
#9911 = EDGE_CURVE ( 'NONE', #3243, #9165, #3528, .T. ) ;
#9912 = AXIS2_PLACEMENT_3D ( 'NONE', #4497, #7141, #2134 ) ;
#9913 = DIRECTION ( 'NONE',  ( 0.8303590066861543700, 0.0000000000000000000, -0.5572287860611502300 ) ) ;
#9914 = FACE_OUTER_BOUND ( 'NONE', #8867, .T. ) ;
#9915 = DIRECTION ( 'NONE',  ( 0.0000000000000000000, 0.0000000000000000000, -1.000000000000000000 ) ) ;
#9916 = CARTESIAN_POINT ( 'NONE',  ( -5.208661994158713800, 52.79999999999999700, -10.83360921629264000 ) ) ;
#9917 = CARTESIAN_POINT ( 'NONE',  ( 11.26667125874968000, -2.769067846045211800, 11.00000000000000700 ) ) ;
#9918 = ORIENTED_EDGE ( 'NONE', *, *, #5230, .F. ) ;
#9919 = DIRECTION ( 'NONE',  ( -1.000000000000000000, 0.0000000000000000000, 0.0000000000000000000 ) ) ;
#9920 = AXIS2_PLACEMENT_3D ( 'NONE', #2779, #3631, #4486 ) ;
#9921 = VERTEX_POINT ( 'NONE', #5052 ) ;
#9922 = DIRECTION ( 'NONE',  ( 9.431789493253334800E-016, 0.0000000000000000000, -1.000000000000000000 ) ) ;
#9923 = ORIENTED_EDGE ( 'NONE', *, *, #6378, .T. ) ;
#9924 = ADVANCED_FACE ( 'NONE', ( #7700 ), #7434, .T. ) ;
#9925 = VECTOR ( 'NONE', #9055, 1000.000000000000000 ) ;
#9926 = ORIENTED_EDGE ( 'NONE', *, *, #8657, .T. ) ;
#9928 = ORIENTED_EDGE ( 'NONE', *, *, #9426, .T. ) ;
#9927 = CARTESIAN_POINT ( 'NONE',  ( -0.5999999999999937600, 36.79999999999999700, -10.50000000000000000 ) ) ;
#9929 = ORIENTED_EDGE ( 'NONE', *, *, #3864, .T. ) ;
#9930 = PLANE ( 'NONE',  #6984 ) ;
#9931 = CARTESIAN_POINT ( 'NONE',  ( 3.900000000000004400, 52.79999999999999700, 10.90000000000000400 ) ) ;
#9932 = EDGE_CURVE ( 'NONE', #5648, #9708, #1038, .T. ) ;
#9933 = CARTESIAN_POINT ( 'NONE',  ( -8.337424166608711200, -0.3615848619674392200, 34.18413322656138600 ) ) ;
#9934 = CARTESIAN_POINT ( 'NONE',  ( -2.013631497003034500, 34.36760615970200700, -11.00000000000000000 ) ) ;
#9935 = AXIS2_PLACEMENT_3D ( 'NONE', #487, #6308, #1299 ) ;
#9936 = ADVANCED_FACE ( 'NONE', ( #10405 ), #3383, .T. ) ;
#9937 = FACE_OUTER_BOUND ( 'NONE', #7531, .T. ) ;
#9938 = ORIENTED_EDGE ( 'NONE', *, *, #1525, .T. ) ;
#9939 = VERTEX_POINT ( 'NONE', #6754 ) ;
#9940 = ORIENTED_EDGE ( 'NONE', *, *, #1916, .T. ) ;
#9941 = ORIENTED_EDGE ( 'NONE', *, *, #6500, .T. ) ;
#9942 = CARTESIAN_POINT ( 'NONE',  ( -5.099999999999995200, 52.29999999999999700, -10.70000000000000300 ) ) ;
#9943 = CIRCLE ( 'NONE', #527, 1.199999999999999700 ) ;
#9944 = DIRECTION ( 'NONE',  ( 0.0000000000000000000, 0.0000000000000000000, 1.000000000000000000 ) ) ;
#9945 = EDGE_CURVE ( 'NONE', #7377, #4196, #1567, .T. ) ;
#9946 = LINE ( 'NONE', #7521, #5566 ) ;
#9947 = AXIS2_PLACEMENT_3D ( 'NONE', #6872, #2659, #7660 ) ;
#9948 = ORIENTED_EDGE ( 'NONE', *, *, #3717, .T. ) ;
#9949 = CARTESIAN_POINT ( 'NONE',  ( 14.06396280760690600, 3.556321190211823700, 12.68108443936786700 ) ) ;
#9950 = VECTOR ( 'NONE', #7559, 1000.000000000000000 ) ;
#9951 = CARTESIAN_POINT ( 'NONE',  ( -0.5999999999999944300, 36.79999999999999700, 10.50000000000000000 ) ) ;
#9952 = LINE ( 'NONE', #4580, #7766 ) ;
#9953 = DIRECTION ( 'NONE',  ( 0.0000000000000000000, -1.000000000000000000, 0.0000000000000000000 ) ) ;
#9954 = CIRCLE ( 'NONE', #2036, 0.6656854249492377700 ) ;
#9955 = CARTESIAN_POINT ( 'NONE',  ( -1.337422563524444600, 34.10559697589653200, 9.553243190992974500 ) ) ;
#9956 = EDGE_CURVE ( 'NONE', #2023, #2402, #5250, .T. ) ;
#9957 = EDGE_CURVE ( 'NONE', #8252, #5048, #2987, .T. ) ;
#9958 = AXIS2_PLACEMENT_3D ( 'NONE', #913, #4286, #10072 ) ;
#9959 = CIRCLE ( 'NONE', #6997, 0.1000000000000011300 ) ;
#9960 = FACE_OUTER_BOUND ( 'NONE', #907, .T. ) ;
#9961 = DIRECTION ( 'NONE',  ( 0.0000000000000000000, 1.000000000000000000, 0.0000000000000000000 ) ) ;
#9962 = PLANE ( 'NONE',  #218 ) ;
#9963 = VERTEX_POINT ( 'NONE', #6794 ) ;
#9964 = CARTESIAN_POINT ( 'NONE',  ( 6.249273568552299100, 3.000000000000000400, 13.57807688430178800 ) ) ;
#9965 = ORIENTED_EDGE ( 'NONE', *, *, #3772, .F. ) ;
#9966 = EDGE_LOOP ( 'NONE', ( #10705, #399, #10196, #970, #3656, #734 ) ) ;
#9967 = CARTESIAN_POINT ( 'NONE',  ( 0.0000000000000000000, 33.79999999999999700, -8.954700538379276200 ) ) ;
#9968 = EDGE_LOOP ( 'NONE', ( #327, #8748, #1522, #4660, #8379, #1968 ) ) ;
#9969 = CARTESIAN_POINT ( 'NONE',  ( 1.150000000000010300, 34.55000000000000400, 14.60000000000000100 ) ) ;
#9970 = EDGE_CURVE ( 'NONE', #1193, #10484, #5504, .T. ) ;
#9971 = FACE_OUTER_BOUND ( 'NONE', #847, .T. ) ;
#9972 = VERTEX_POINT ( 'NONE', #3472 ) ;
#9973 = CIRCLE ( 'NONE', #10476, 8.799999999999998900 ) ;
#9974 = EDGE_CURVE ( 'NONE', #8111, #6828, #782, .T. ) ;
#9975 = DIRECTION ( 'NONE',  ( 0.0000000000000000000, -1.000000000000000000, 0.0000000000000000000 ) ) ;
#9976 = ADVANCED_FACE ( 'NONE', ( #4961 ), #989, .F. ) ;
#9977 = CARTESIAN_POINT ( 'NONE',  ( -11.19999999999999900, 50.89999999999999900, 0.0000000000000000000 ) ) ;
#9978 = AXIS2_PLACEMENT_3D ( 'NONE', #10220, #5287, #278 ) ;
#9979 = CARTESIAN_POINT ( 'NONE',  ( -5.755061800187753800, -1.500000000000000900, 33.60000000000001600 ) ) ;
#9980 = CARTESIAN_POINT ( 'NONE',  ( -33.68447971438504900, 5.000000000000000000, 28.17203195163705200 ) ) ;
#9981 = CARTESIAN_POINT ( 'NONE',  ( 9.634358147243872800, 3.418878932851070900, -19.79312863038751400 ) ) ;
#9982 = CARTESIAN_POINT ( 'NONE',  ( 3.800000000000003800, 26.83589838486230100, 13.00000000000000400 ) ) ;
#9983 = VECTOR ( 'NONE', #7685, 1000.000000000000000 ) ;
#9984 = DIRECTION ( 'NONE',  ( 0.0000000000000000000, 0.0000000000000000000, -1.000000000000000000 ) ) ;
#9985 = VECTOR ( 'NONE', #764, 1000.000000000000000 ) ;
#9986 = DIRECTION ( 'NONE',  ( 0.0000000000000000000, 0.0000000000000000000, -1.000000000000000000 ) ) ;
#9987 = CARTESIAN_POINT ( 'NONE',  ( 4.118462319423178600, 52.74321161118982100, 10.76666666666666900 ) ) ;
#9988 = ADVANCED_FACE ( 'NONE', ( #6924 ), #6656, .T. ) ;
#9989 = CARTESIAN_POINT ( 'NONE',  ( -11.19999999999999900, 50.79999999999999700, -9.841154273188021100 ) ) ;
#9990 = CARTESIAN_POINT ( 'NONE',  ( 2.400000000000005200, 33.05000000000000400, -13.00000000000000400 ) ) ;
#9991 = CARTESIAN_POINT ( 'NONE',  ( -0.7419405428726360000, 50.76689272695350000, 9.800000000000002500 ) ) ;
#9992 = VECTOR ( 'NONE', #2923, 1000.000000000000000 ) ;
#9993 = FACE_OUTER_BOUND ( 'NONE', #2396, .T. ) ;
#9994 = EDGE_CURVE ( 'NONE', #4604, #5254, #4723, .T. ) ;
#9995 = EDGE_LOOP ( 'NONE', ( #882, #9179, #9030, #10167 ) ) ;
#9996 = ORIENTED_EDGE ( 'NONE', *, *, #576, .F. ) ;
#9997 =( BOUNDED_SURFACE ( )  B_SPLINE_SURFACE ( 3, 2, ( 
 ( #9637, #6357, #7187 ),
 ( #2181, #8016, #3020 ),
 ( #8853, #3880, #9674 ),
 ( #4735, #10517, #5568 ) ),
 .UNSPECIFIED., .F., .F., .T. ) 
 B_SPLINE_SURFACE_WITH_KNOTS ( ( 4, 4 ),
 ( 3, 3 ),
 ( 1.339904846891812700, 1.387379220287481300 ),
 ( 0.0000000000000000000, 1.000000000000000000 ),
 .UNSPECIFIED. ) 
 GEOMETRIC_REPRESENTATION_ITEM ( )  RATIONAL_B_SPLINE_SURFACE ( (
 ( 1.000000000000000000, 0.7794370944184552100, 1.000000000000000000),
 ( 1.000000000000000000, 0.7747940592816096000, 1.000000000000000000),
 ( 1.000000000000000000, 0.7700836205904364500, 1.000000000000000000),
 ( 1.000000000000000000, 0.7653074323743569400, 1.000000000000000000) ) ) 
 REPRESENTATION_ITEM ( '' )  SURFACE ( )  );
#9998 = CARTESIAN_POINT ( 'NONE',  ( -11.20000000000000100, 51.19999999999999600, 6.858022075225178600E-016 ) ) ;
#9999 = ORIENTED_EDGE ( 'NONE', *, *, #4567, .T. ) ;
#10000 = CARTESIAN_POINT ( 'NONE',  ( -6.599999999999991700, 33.79999999999999700, 11.00000000000000900 ) ) ;
#10001 = DIRECTION ( 'NONE',  ( 0.0000000000000000000, 0.0000000000000000000, 1.000000000000000000 ) ) ;
#10002 = CARTESIAN_POINT ( 'NONE',  ( 3.800000000000003800, 52.79999999999999700, 13.00000000000000400 ) ) ;
#10003 = DIRECTION ( 'NONE',  ( 0.0000000000000000000, 1.000000000000000000, 0.0000000000000000000 ) ) ;
#10004 = DIRECTION ( 'NONE',  ( -1.000000000000000000, -0.0000000000000000000, -1.548860246407863800E-016 ) ) ;
#10005 = LINE ( 'NONE', #1370, #6395 ) ;
#10006 = ORIENTED_EDGE ( 'NONE', *, *, #8314, .F. ) ;
#10007 = ORIENTED_EDGE ( 'NONE', *, *, #9692, .F. ) ;
#10008 = ORIENTED_EDGE ( 'NONE', *, *, #8678, .T. ) ;
#10009 = AXIS2_PLACEMENT_3D ( 'NONE', #5594, #3753, #716 ) ;
#10010 = B_SPLINE_CURVE_WITH_KNOTS ( 'NONE', 3,
 ( #2087, #1327, #7989, #2996, #8827, #3847 ),
 .UNSPECIFIED., .F., .F.,
 ( 4, 2, 4 ),
 ( -0.003735980129923478500, -0.001131062966120465700, 0.001473854197682547100 ),
 .UNSPECIFIED. ) ;
#10011 = EDGE_LOOP ( 'NONE', ( #7839, #2717 ) ) ;
#10012 = AXIS2_PLACEMENT_3D ( 'NONE', #6492, #1489, #7325 ) ;
#10013 = CARTESIAN_POINT ( 'NONE',  ( -35.26087236307029100, -2.552022329605663700, -34.07208092222456500 ) ) ;
#10014 = DIRECTION ( 'NONE',  ( -0.0000000000000000000, -0.0000000000000000000, 1.000000000000000000 ) ) ;
#10015 = CIRCLE ( 'NONE', #7253, 9.841154273188022800 ) ;
#10016 = PLANE ( 'NONE',  #7610 ) ;
#10017 = CARTESIAN_POINT ( 'NONE',  ( 5.400000000000005700, 50.10717967697243600, 9.400000000000002100 ) ) ;
#10018 = VECTOR ( 'NONE', #4815, 1000.000000000000100 ) ;
#10019 = ORIENTED_EDGE ( 'NONE', *, *, #8441, .T. ) ;
#10020 = DIRECTION ( 'NONE',  ( 0.0000000000000000000, 0.0000000000000000000, -1.000000000000000000 ) ) ;
#10021 = DIRECTION ( 'NONE',  ( -1.000000000000000000, 0.0000000000000000000, -0.0000000000000000000 ) ) ;
#10022 = ORIENTED_EDGE ( 'NONE', *, *, #6637, .T. ) ;
#10023 = ORIENTED_EDGE ( 'NONE', *, *, #2385, .T. ) ;
#10024 = EDGE_CURVE ( 'NONE', #3032, #1753, #532, .T. ) ;
#10025 = PLANE ( 'NONE',  #9020 ) ;
#10026 = ADVANCED_FACE ( 'NONE', ( #2475 ), #5207, .F. ) ;
#10027 = CIRCLE ( 'NONE', #6415, 1.600000000000000800 ) ;
#10028 = ORIENTED_EDGE ( 'NONE', *, *, #7813, .F. ) ;
#10029 = VERTEX_POINT ( 'NONE', #2695 ) ;
#10030 = CARTESIAN_POINT ( 'NONE',  ( 3.400000000000005200, 52.79999999999999700, -10.90000000000000400 ) ) ;
#10031 = CARTESIAN_POINT ( 'NONE',  ( 3.400000000000003900, 52.67161194992927900, 10.90000000000000400 ) ) ;
#10032 = EDGE_CURVE ( 'NONE', #6660, #8580, #7178, .T. ) ;
#10033 = CARTESIAN_POINT ( 'NONE',  ( -6.599999999999993400, 52.79999999999999700, 10.90000000000000400 ) ) ;
#10034 = DIRECTION ( 'NONE',  ( 0.0000000000000000000, 0.0000000000000000000, -1.000000000000000000 ) ) ;
#10035 = DIRECTION ( 'NONE',  ( 0.0000000000000000000, 1.000000000000000000, 0.0000000000000000000 ) ) ;
#10036 = DIRECTION ( 'NONE',  ( -0.6601821655035120500, 0.7511055241116879600, 0.0000000000000000000 ) ) ;
#10037 = DIRECTION ( 'NONE',  ( -0.0000000000000000000, -1.000000000000000000, -0.0000000000000000000 ) ) ;
#10038 = EDGE_CURVE ( 'NONE', #2240, #5414, #4403, .T. ) ;
#10039 = LINE ( 'NONE', #7507, #9785 ) ;
#10040 = ADVANCED_FACE ( 'NONE', ( #8538 ), #7732, .T. ) ;
#10041 = VERTEX_POINT ( 'NONE', #246 ) ;
#10042 = ORIENTED_EDGE ( 'NONE', *, *, #5886, .F. ) ;
#10043 = ORIENTED_EDGE ( 'NONE', *, *, #8847, .T. ) ;
#10044 = DIRECTION ( 'NONE',  ( 0.0000000000000000000, -0.0000000000000000000, -1.000000000000000000 ) ) ;
#10045 = CARTESIAN_POINT ( 'NONE',  ( -36.85309732134946600, -1.205504850204815100, -33.62941712826008000 ) ) ;
#10046 = FACE_OUTER_BOUND ( 'NONE', #6079, .T. ) ;
#10047 = EDGE_CURVE ( 'NONE', #3587, #7944, #6349, .T. ) ;
#10048 = CARTESIAN_POINT ( 'NONE',  ( 3.400000000000003900, 52.79999999999999700, 10.90000000000000400 ) ) ;
#10049 = VERTEX_POINT ( 'NONE', #6109 ) ;
#10050 = ORIENTED_EDGE ( 'NONE', *, *, #6528, .T. ) ;
#10051 = ORIENTED_EDGE ( 'NONE', *, *, #2041, .F. ) ;
#10052 = DIRECTION ( 'NONE',  ( -1.000000000000000000, 0.0000000000000000000, -0.0000000000000000000 ) ) ;
#10053 = DIRECTION ( 'NONE',  ( 0.0000000000000000000, 0.0000000000000000000, -1.000000000000000000 ) ) ;
#10054 = ORIENTED_EDGE ( 'NONE', *, *, #10199, .F. ) ;
#10055 = CARTESIAN_POINT ( 'NONE',  ( 5.400000000000005700, 36.79999999999999700, 10.90000000000000400 ) ) ;
#10056 = CARTESIAN_POINT ( 'NONE',  ( -4.785011497558445000, 52.65837018413704100, 10.76666666666666900 ) ) ;
#10057 = DIRECTION ( 'NONE',  ( 0.0000000000000000000, 0.0000000000000000000, -1.000000000000000000 ) ) ;
#10058 = VECTOR ( 'NONE', #1958, 1000.000000000000000 ) ;
#10059 = DIRECTION ( 'NONE',  ( 0.0000000000000000000, 0.9396926207859090900, -0.3420201433256667700 ) ) ;
#10060 = AXIS2_PLACEMENT_3D ( 'NONE', #4178, #9961, #7512 ) ;
#10061 = CARTESIAN_POINT ( 'NONE',  ( -1.814643876791739000, 29.90227104809053000, 11.22962891744944400 ) ) ;
#10062 = ADVANCED_FACE ( 'NONE', ( #1886 ), #276, .F. ) ;
#10063 = VERTEX_POINT ( 'NONE', #9427 ) ;
#10064 = VERTEX_POINT ( 'NONE', #4477 ) ;
#10065 = VECTOR ( 'NONE', #9913, 999.9999999999998900 ) ;
#10066 = CARTESIAN_POINT ( 'NONE',  ( -43.42946037707840600, -3.000000000000000000, -14.42191417403440200 ) ) ;
#10067 = CARTESIAN_POINT ( 'NONE',  ( 3.400000000000004400, 52.29999999999999700, 10.90000000000000400 ) ) ;
#10068 = CARTESIAN_POINT ( 'NONE',  ( -4.599999999999994300, 52.19040564187154300, -10.83303955644464400 ) ) ;
#10069 = CARTESIAN_POINT ( 'NONE',  ( -29.73669977706752100, 3.000000000000000400, -0.1146425192111365400 ) ) ;
#10070 = CARTESIAN_POINT ( 'NONE',  ( -5.099999999999995200, 52.29999999999999700, -10.50000000000000400 ) ) ;
#10071 = CARTESIAN_POINT ( 'NONE',  ( -0.3658537064052668200, 29.08756443473228300, 11.69999999998123900 ) ) ;
#10072 = DIRECTION ( 'NONE',  ( 0.0000000000000000000, 0.0000000000000000000, 1.000000000000000000 ) ) ;
#10073 = EDGE_LOOP ( 'NONE', ( #4084, #1103, #6510, #9302, #3612 ) ) ;
#10074 = CARTESIAN_POINT ( 'NONE',  ( -8.199999999999992200, 33.07128129211020000, 9.400000000000003900 ) ) ;
#10075 = AXIS2_PLACEMENT_3D ( 'NONE', #7268, #2267, #8097 ) ;
#10076 = LINE ( 'NONE', #9056, #9559 ) ;
#10077 = CIRCLE ( 'NONE', #3518, 0.6656854249492391000 ) ;
#10078 = VECTOR ( 'NONE', #9730, 1000.000000000000000 ) ;
#10079 = CARTESIAN_POINT ( 'NONE',  ( -5.099999999999995200, 52.79999999999999700, 10.90000000000000400 ) ) ;
#10080 = ORIENTED_EDGE ( 'NONE', *, *, #7218, .F. ) ;
#10081 = ADVANCED_FACE ( 'NONE', ( #10480 ), #5326, .F. ) ;
#10082 = CARTESIAN_POINT ( 'NONE',  ( -4.045192367383854100, -2.826794919243119400, -32.70715925883816800 ) ) ;
#10084 = ORIENTED_EDGE ( 'NONE', *, *, #8535, .T. ) ;
#10083 = DIRECTION ( 'NONE',  ( 1.000000000000000000, 0.0000000000000000000, 0.0000000000000000000 ) ) ;
#10085 = CARTESIAN_POINT ( 'NONE',  ( 0.5249928373630697900, 30.36283829499383600, 10.96372029346990300 ) ) ;
#10086 = TOROIDAL_SURFACE ( 'NONE', #9004, 0.6656854249492379900, 0.2000000000000000100 ) ;
#10087 = ORIENTED_EDGE ( 'NONE', *, *, #6935, .T. ) ;
#10088 = CARTESIAN_POINT ( 'NONE',  ( 5.800000000000004300, 52.61283555449518400, 12.48576991225077000 ) ) ;
#10089 = EDGE_CURVE ( 'NONE', #3813, #2755, #4993, .T. ) ;
#10090 = ORIENTED_EDGE ( 'NONE', *, *, #8503, .T. ) ;
#10091 = LINE ( 'NONE', #914, #1514 ) ;
#10092 = CARTESIAN_POINT ( 'NONE',  ( 0.3746794344809042900, 49.42626129027264900, -9.800000000000002500 ) ) ;
#10093 = DIRECTION ( 'NONE',  ( 1.000000000000000000, -0.0000000000000000000, -0.0000000000000000000 ) ) ;
#10094 = CARTESIAN_POINT ( 'NONE',  ( -8.599999999999992500, 3.400000000000023900, -30.20000000000000300 ) ) ;
#10095 = CARTESIAN_POINT ( 'NONE',  ( -5.099999999999995200, 52.79999999999999700, 10.90000000000000400 ) ) ;
#10096 = ADVANCED_FACE ( 'NONE', ( #6093 ), #5359, .T. ) ;
#10097 = DIRECTION ( 'NONE',  ( 2.276234240510838200E-016, 0.5000000000000052200, 0.8660254037844357100 ) ) ;
#10098 = VECTOR ( 'NONE', #9830, 1000.000000000000000 ) ;
#10099 = EDGE_CURVE ( 'NONE', #10041, #1360, #1630, .T. ) ;
#10100 = FACE_OUTER_BOUND ( 'NONE', #6015, .T. ) ;
#10101 = ORIENTED_EDGE ( 'NONE', *, *, #6802, .T. ) ;
#10102 = ORIENTED_EDGE ( 'NONE', *, *, #7328, .F. ) ;
#10103 = EDGE_CURVE ( 'NONE', #5805, #6127, #8278, .T. ) ;
#10104 = ORIENTED_EDGE ( 'NONE', *, *, #5404, .F. ) ;
#10105 = CARTESIAN_POINT ( 'NONE',  ( 12.81764762517409700, 5.000000000000000000, -13.76444735056200300 ) ) ;
#10106 = DIRECTION ( 'NONE',  ( -1.314184451497581300E-016, 0.0000000000000000000, 1.000000000000000000 ) ) ;
#10107 = CARTESIAN_POINT ( 'NONE',  ( -4.660526354612870600, 52.79999999999999700, 10.70000000000000300 ) ) ;
#10108 = VECTOR ( 'NONE', #1297, 1000.000000000000000 ) ;
#10109 = CARTESIAN_POINT ( 'NONE',  ( 0.7577885838706404100, 30.30000000000327600, 10.99999999999811200 ) ) ;
#10110 = CIRCLE ( 'NONE', #6805, 13.00000000000000400 ) ;
#10111 = CARTESIAN_POINT ( 'NONE',  ( 5.400000000000005700, 52.79999999999999700, 10.90000000000000400 ) ) ;
#10112 = CARTESIAN_POINT ( 'NONE',  ( -10.06410161513777100, 3.000000000000000400, -17.80000000000000400 ) ) ;
#10113 = ORIENTED_EDGE ( 'NONE', *, *, #5809, .F. ) ;
#10114 = EDGE_CURVE ( 'NONE', #9274, #1231, #10216, .T. ) ;
#10115 = VECTOR ( 'NONE', #1828, 1000.000000000000000 ) ;
#10116 = EDGE_CURVE ( 'NONE', #6300, #9921, #3863, .T. ) ;
#10117 = CARTESIAN_POINT ( 'NONE',  ( -28.07601047457014000, -3.000000000000000000, -28.20000000000000300 ) ) ;
#10118 = AXIS2_PLACEMENT_3D ( 'NONE', #8434, #3459, #9271 ) ;
#10119 = FACE_OUTER_BOUND ( 'NONE', #6758, .T. ) ;
#10120 = DIRECTION ( 'NONE',  ( 0.0000000000000000000, -0.8660254037844400400, -0.4999999999999975000 ) ) ;
#10121 = DIRECTION ( 'NONE',  ( -2.168404344971030800E-016, -0.8660254037844359300, 0.5000000000000046600 ) ) ;
#10122 = CARTESIAN_POINT ( 'NONE',  ( 1.010286626926965200, 31.81824089426464800, 10.12344321100161600 ) ) ;
#10123 = DIRECTION ( 'NONE',  ( -0.0000000000000000000, -0.0000000000000000000, 1.000000000000000000 ) ) ;
#10124 = FACE_OUTER_BOUND ( 'NONE', #1095, .T. ) ;
#10125 = CARTESIAN_POINT ( 'NONE',  ( 3.400000000000003900, 50.79999999999999700, 9.800000000000000700 ) ) ;
#10126 = VECTOR ( 'NONE', #5618, 1000.000000000000000 ) ;
#10127 = DIRECTION ( 'NONE',  ( 0.0000000000000000000, 0.0000000000000000000, 1.000000000000000000 ) ) ;
#10128 = EDGE_LOOP ( 'NONE', ( #7445, #10412, #8386, #3918 ) ) ;
#10129 = ORIENTED_EDGE ( 'NONE', *, *, #9503, .T. ) ;
#10130 =( BOUNDED_CURVE ( )  B_SPLINE_CURVE ( 3, ( #8131, #2310, #9789, #4839 ),
 .UNSPECIFIED., .F., .F. ) 
 B_SPLINE_CURVE_WITH_KNOTS ( ( 4, 4 ),
 ( 0.0000000000000000000, 0.05862310907775002800 ),
 .UNSPECIFIED. ) 
 CURVE ( )  GEOMETRIC_REPRESENTATION_ITEM ( )  RATIONAL_B_SPLINE_CURVE ( ( 1.000000000000000000, 0.9997136314275932900, 0.9997136314275932900, 1.000000000000000000 ) ) 
 REPRESENTATION_ITEM ( '' )  );
#10131 = CARTESIAN_POINT ( 'NONE',  ( 0.4908712114635766000, 35.17373870972728900, -11.00000000000000400 ) ) ;
#10132 = ADVANCED_FACE ( 'NONE', ( #5829 ), #3319, .T. ) ;
#10133 = EDGE_CURVE ( 'NONE', #1593, #10616, #9952, .T. ) ;
#10134 = LINE ( 'NONE', #166, #5755 ) ;
#10135 = AXIS2_PLACEMENT_3D ( 'NONE', #8262, #4960, #10760 ) ;
#10136 = DIRECTION ( 'NONE',  ( 0.0000000000000000000, 0.0000000000000000000, 1.000000000000000000 ) ) ;
#10137 = DIRECTION ( 'NONE',  ( 0.0000000000000000000, 0.0000000000000000000, 1.000000000000000000 ) ) ;
#10138 = ORIENTED_EDGE ( 'NONE', *, *, #3797, .F. ) ;
#10139 = CARTESIAN_POINT ( 'NONE',  ( 3.400000000000005200, 52.79999999999999700, -13.00000000000000400 ) ) ;
#10140 = CARTESIAN_POINT ( 'NONE',  ( -0.7000200065182756700, 34.19206584109620200, 9.300000000001418200 ) ) ;
#10141 = DIRECTION ( 'NONE',  ( -1.000000000000000000, -0.0000000000000000000, -0.0000000000000000000 ) ) ;
#10142 = FACE_OUTER_BOUND ( 'NONE', #6402, .T. ) ;
#10143 = ORIENTED_EDGE ( 'NONE', *, *, #3082, .F. ) ;
#10144 = PLANE ( 'NONE',  #5062 ) ;
#10145 = ORIENTED_EDGE ( 'NONE', *, *, #589, .F. ) ;
#10146 = ORIENTED_EDGE ( 'NONE', *, *, #1282, .T. ) ;
#10147 = VERTEX_POINT ( 'NONE', #2874 ) ;
#10148 = ADVANCED_FACE ( 'NONE', ( #5573 ), #8704, .F. ) ;
#10149 = AXIS2_PLACEMENT_3D ( 'NONE', #10285, #4511, #9462 ) ;
#10150 = DIRECTION ( 'NONE',  ( 0.0000000000000000000, 0.0000000000000000000, -1.000000000000000000 ) ) ;
#10151 = VERTEX_POINT ( 'NONE', #2069 ) ;
#10152 = LINE ( 'NONE', #8531, #5514 ) ;
#10153 = ORIENTED_EDGE ( 'NONE', *, *, #3559, .F. ) ;
#10154 = PLANE ( 'NONE',  #7159 ) ;
#10155 = CARTESIAN_POINT ( 'NONE',  ( 0.2748664838963450500, 33.79999999999999700, 8.979274057836304800 ) ) ;
#10156 = DIRECTION ( 'NONE',  ( 0.0000000000000000000, 0.0000000000000000000, -1.000000000000000000 ) ) ;
#10157 = CARTESIAN_POINT ( 'NONE',  ( 3.488195292984884100, 51.99044115879011900, -10.87004640409800300 ) ) ;
#10158 = CARTESIAN_POINT ( 'NONE',  ( 0.2150476222991962200, 33.99999999999999300, 9.619263164512558400 ) ) ;
#10159 = ORIENTED_EDGE ( 'NONE', *, *, #8652, .F. ) ;
#10160 = VERTEX_POINT ( 'NONE', #2908 ) ;
#10161 = DIRECTION ( 'NONE',  ( 0.8303590066861543700, 0.0000000000000000000, -0.5572287860611502300 ) ) ;
#10162 = EDGE_CURVE ( 'NONE', #10151, #4687, #1116, .T. ) ;
#10163 = DIRECTION ( 'NONE',  ( 0.0000000000000000000, -1.000000000000000000, 0.0000000000000000000 ) ) ;
#10164 = CARTESIAN_POINT ( 'NONE',  ( -1.574679434480891900, 50.79999999999999700, -9.800000000000002500 ) ) ;
#10165 = DIRECTION ( 'NONE',  ( -4.818676322157793400E-016, -1.000000000000000000, 0.0000000000000000000 ) ) ;
#10166 = EDGE_CURVE ( 'NONE', #50, #8562, #5072, .T. ) ;
#10167 = ORIENTED_EDGE ( 'NONE', *, *, #5689, .T. ) ;
#10168 = AXIS2_PLACEMENT_3D ( 'NONE', #4707, #568, #3027 ) ;
#10169 = ORIENTED_EDGE ( 'NONE', *, *, #6310, .T. ) ;
#10170 = ORIENTED_EDGE ( 'NONE', *, *, #6113, .T. ) ;
#10171 = LINE ( 'NONE', #8513, #1337 ) ;
#10172 = CARTESIAN_POINT ( 'NONE',  ( -4.599999999999996100, 4.999999999999997300, 15.00000000000000200 ) ) ;
#10173 = DIRECTION ( 'NONE',  ( -0.0000000000000000000, 1.000000000000000000, -0.0000000000000000000 ) ) ;
#10174 = EDGE_LOOP ( 'NONE', ( #4201, #5464, #6463, #8498 ) ) ;
#10175 = EDGE_CURVE ( 'NONE', #8030, #10348, #7501, .T. ) ;
#10176 = DIRECTION ( 'NONE',  ( 5.564128143471002500E-016, 0.8660254037844366000, 0.5000000000000035500 ) ) ;
#10178 = ORIENTED_EDGE ( 'NONE', *, *, #788, .F. ) ;
#10177 = DIRECTION ( 'NONE',  ( 0.0000000000000000000, -0.8660254037844359300, 0.5000000000000046600 ) ) ;
#10179 = ORIENTED_EDGE ( 'NONE', *, *, #7948, .T. ) ;
#10180 = DIRECTION ( 'NONE',  ( 0.0000000000000000000, 0.0000000000000000000, -1.000000000000000000 ) ) ;
#10181 = CARTESIAN_POINT ( 'NONE',  ( -1.936622285045125300, 31.67912854604957600, 10.62422998353216600 ) ) ;
#10182 = CARTESIAN_POINT ( 'NONE',  ( -0.5999999999999938700, 50.79999999999999700, -9.800000000000007800 ) ) ;
#10183 = EDGE_CURVE ( 'NONE', #6431, #6037, #3060, .T. ) ;
#10184 = VECTOR ( 'NONE', #9021, 1000.000000000000000 ) ;
#10185 = VERTEX_POINT ( 'NONE', #8769 ) ;
#10186 = AXIS2_PLACEMENT_3D ( 'NONE', #9458, #4506, #10282 ) ;
#10187 = ORIENTED_EDGE ( 'NONE', *, *, #7537, .F. ) ;
#10188 = ORIENTED_EDGE ( 'NONE', *, *, #7477, .F. ) ;
#10189 = CARTESIAN_POINT ( 'NONE',  ( 8.158845726811987800, 50.79999999999999700, 9.400000000000002100 ) ) ;
#10190 = CARTESIAN_POINT ( 'NONE',  ( 4.000000000000003600, 52.29999999999999700, 10.90000000000000400 ) ) ;
#10191 = CARTESIAN_POINT ( 'NONE',  ( 11.20000000000000100, 52.79999999999999700, 6.858022075225178600E-016 ) ) ;
#10192 = CARTESIAN_POINT ( 'NONE',  ( 3.400000000000005200, 52.29999999999999700, -10.90000000000000400 ) ) ;
#10193 = EDGE_CURVE ( 'NONE', #4741, #2416, #3519, .T. ) ;
#10194 =( BOUNDED_CURVE ( )  B_SPLINE_CURVE ( 3, ( #3586, #250, #4410, #9398 ),
 .UNSPECIFIED., .F., .F. ) 
 B_SPLINE_CURVE_WITH_KNOTS ( ( 4, 4 ),
 ( 2.414817599270095500, 3.868367707909492000 ),
 .UNSPECIFIED. ) 
 CURVE ( )  GEOMETRIC_REPRESENTATION_ITEM ( )  RATIONAL_B_SPLINE_CURVE ( ( 1.000000000000000000, 0.8315474279732689700, 0.8315474279732689700, 1.000000000000000000 ) ) 
 REPRESENTATION_ITEM ( '' )  );
#10195 = CARTESIAN_POINT ( 'NONE',  ( -4.922396700071733900, -3.000000000000000400, 17.80000000000002600 ) ) ;
#10196 = ORIENTED_EDGE ( 'NONE', *, *, #9097, .F. ) ;
#10197 = EDGE_LOOP ( 'NONE', ( #1858, #10289, #1653, #5959 ) ) ;
#10198 = ORIENTED_EDGE ( 'NONE', *, *, #2942, .F. ) ;
#10199 = EDGE_CURVE ( 'NONE', #50, #6654, #5040, .T. ) ;
#10200 = DIRECTION ( 'NONE',  ( 0.0000000000000000000, -1.000000000000000000, 0.0000000000000000000 ) ) ;
#10201 = DIRECTION ( 'NONE',  ( -0.0000000000000000000, 1.000000000000000000, -0.0000000000000000000 ) ) ;
#10202 = DIRECTION ( 'NONE',  ( 1.000000000000000000, 0.0000000000000000000, -2.628368902995159100E-016 ) ) ;
#10203 = VECTOR ( 'NONE', #10201, 1000.000000000000000 ) ;
#10204 = ADVANCED_FACE ( 'NONE', ( #6990 ), #2542, .T. ) ;
#10205 = CARTESIAN_POINT ( 'NONE',  ( 5.400000000000005700, 35.79999999999999700, 7.800000000000001600 ) ) ;
#10206 = CARTESIAN_POINT ( 'NONE',  ( 5.800000000000004300, 4.999999999999997300, 13.00000000000000200 ) ) ;
#10207 = VECTOR ( 'NONE', #349, 1000.000000000000000 ) ;
#10208 = AXIS2_PLACEMENT_3D ( 'NONE', #1773, #7602, #2602 ) ;
#10209 = PLANE ( 'NONE',  #3821 ) ;
#10210 = LINE ( 'NONE', #855, #5821 ) ;
#10211 = B_SPLINE_CURVE_WITH_KNOTS ( 'NONE', 3,
 ( #5067, #3363, #8357, #84 ),
 .UNSPECIFIED., .F., .F.,
 ( 4, 4 ),
 ( 0.03691908852882258600, 0.03738087186708515000 ),
 .UNSPECIFIED. ) ;
#10212 = VERTEX_POINT ( 'NONE', #5529 ) ;
#10213 = ORIENTED_EDGE ( 'NONE', *, *, #5840, .T. ) ;
#10214 = ORIENTED_EDGE ( 'NONE', *, *, #4847, .F. ) ;
#10215 = VECTOR ( 'NONE', #3077, 1000.000000000000000 ) ;
#10216 = CIRCLE ( 'NONE', #1100, 0.1000000000000011300 ) ;
#10217 = CARTESIAN_POINT ( 'NONE',  ( -4.805668059466112800, 5.000000000000000900, -19.21764762517409900 ) ) ;
#10218 = VECTOR ( 'NONE', #529, 1000.000000000000000 ) ;
#10219 = DIRECTION ( 'NONE',  ( 0.0000000000000000000, 0.0000000000000000000, 1.000000000000000000 ) ) ;
#10220 = CARTESIAN_POINT ( 'NONE',  ( -5.099999999999995200, 52.29999999999999700, -10.76666666666667100 ) ) ;
#10221 = EDGE_CURVE ( 'NONE', #8433, #11, #4798, .T. ) ;
#10222 = AXIS2_PLACEMENT_3D ( 'NONE', #3617, #1921, #6141 ) ;
#10223 = VECTOR ( 'NONE', #5327, 1000.000000000000000 ) ;
#10224 = VERTEX_POINT ( 'NONE', #4692 ) ;
#10225 = VECTOR ( 'NONE', #3028, 1000.000000000000000 ) ;
#10226 = ORIENTED_EDGE ( 'NONE', *, *, #10243, .T. ) ;
#10227 = DIRECTION ( 'NONE',  ( -0.0000000000000000000, 1.000000000000000000, -0.0000000000000000000 ) ) ;
#10228 = DIRECTION ( 'NONE',  ( 5.661944678535407600E-016, -1.000000000000000000, 0.0000000000000000000 ) ) ;
#10229 = CARTESIAN_POINT ( 'NONE',  ( 8.600000000000005000, 30.30000000000000800, 11.00000000000000400 ) ) ;
#10230 = EDGE_CURVE ( 'NONE', #4472, #5245, #9182, .T. ) ;
#10231 = FACE_OUTER_BOUND ( 'NONE', #3417, .T. ) ;
#10232 = FACE_OUTER_BOUND ( 'NONE', #9534, .T. ) ;
#10233 = VERTEX_POINT ( 'NONE', #7184 ) ;
#10234 = CARTESIAN_POINT ( 'NONE',  ( -1.175632000242408800, 34.18255877671972300, 9.447076545851070200 ) ) ;
#10235 = CARTESIAN_POINT ( 'NONE',  ( -4.698788260581736200, 52.03375334352229900, -10.76666675551943400 ) ) ;
#10236 = CARTESIAN_POINT ( 'NONE',  ( 9.400000000000000400, 0.0000000000000000000, 15.80000000000000400 ) ) ;
#10237 = ORIENTED_EDGE ( 'NONE', *, *, #5331, .T. ) ;
#10238 = DIRECTION ( 'NONE',  ( 0.0000000000000000000, -0.8660254037844407100, 0.4999999999999963900 ) ) ;
#10239 = EDGE_CURVE ( 'NONE', #7186, #5884, #5321, .T. ) ;
#10240 = LINE ( 'NONE', #3494, #3628 ) ;
#10241 = FACE_OUTER_BOUND ( 'NONE', #9968, .T. ) ;
#10242 = VERTEX_POINT ( 'NONE', #9668 ) ;
#10243 = EDGE_CURVE ( 'NONE', #7576, #1892, #8928, .T. ) ;
#10244 = ORIENTED_EDGE ( 'NONE', *, *, #1978, .F. ) ;
#10245 = VERTEX_POINT ( 'NONE', #7221 ) ;
#10246 = CARTESIAN_POINT ( 'NONE',  ( -10.93012701892216200, -3.000000000000000000, -28.20000000000000300 ) ) ;
#10247 = CARTESIAN_POINT ( 'NONE',  ( -6.599999999999993400, 50.79999999999999700, 9.800000000000002500 ) ) ;
#10248 = CARTESIAN_POINT ( 'NONE',  ( 24.00504915270503400, -1.055985572763702600, 3.719883764623544800 ) ) ;
#10249 = CARTESIAN_POINT ( 'NONE',  ( -3.599999999999993000, 3.400000000000023900, -19.80000000000000100 ) ) ;
#10250 = AXIS2_PLACEMENT_3D ( 'NONE', #881, #6727, #1716 ) ;
#10251 = CARTESIAN_POINT ( 'NONE',  ( 0.0000000000000000000, 35.79999999999999700, 7.800000000000001600 ) ) ;
#10252 = CYLINDRICAL_SURFACE ( 'NONE', #6774, 8.799999999999995400 ) ;
#10253 = CARTESIAN_POINT ( 'NONE',  ( -11.20000000000000100, 51.19999999999999600, 13.00000000000000400 ) ) ;
#10254 = LINE ( 'NONE', #7239, #3639 ) ;
#10255 = ADVANCED_FACE ( 'NONE', ( #2805 ), #4255, .T. ) ;
#10256 = EDGE_CURVE ( 'NONE', #9909, #538, #94, .T. ) ;
#10257 = ORIENTED_EDGE ( 'NONE', *, *, #562, .F. ) ;
#10258 = ORIENTED_EDGE ( 'NONE', *, *, #641, .T. ) ;
#10259 = ORIENTED_EDGE ( 'NONE', *, *, #898, .F. ) ;
#10260 = DIRECTION ( 'NONE',  ( 0.03309444466356215000, -0.0000000000000000000, 0.9994522288395830700 ) ) ;
#10261 = AXIS2_PLACEMENT_3D ( 'NONE', #2566, #8395, #3403 ) ;
#10262 = DIRECTION ( 'NONE',  ( 0.0000000000000000000, 0.0000000000000000000, -1.000000000000000000 ) ) ;
#10263 = VECTOR ( 'NONE', #2143, 1000.000000000000000 ) ;
#10264 = CARTESIAN_POINT ( 'NONE',  ( -4.731716782769758800, 3.761888886423173900, -28.56154595579108600 ) ) ;
#10265 = AXIS2_PLACEMENT_3D ( 'NONE', #4779, #6434, #1434 ) ;
#10266 = ORIENTED_EDGE ( 'NONE', *, *, #10741, .F. ) ;
#10267 = CARTESIAN_POINT ( 'NONE',  ( -1.065105609923395800, 33.74119058093405200, 9.392871925919214600 ) ) ;
#10268 = CARTESIAN_POINT ( 'NONE',  ( -4.599999999999993400, 52.29999999999999700, -10.90000000000000400 ) ) ;
#10269 = FACE_OUTER_BOUND ( 'NONE', #6838, .T. ) ;
#10270 = CARTESIAN_POINT ( 'NONE',  ( 3.605771365940046100, 3.000000000000000400, -14.33589838486222600 ) ) ;
#10271 = CARTESIAN_POINT ( 'NONE',  ( -3.262741699796948900, 30.30000000000000100, 11.00000000000000400 ) ) ;
#10272 = CARTESIAN_POINT ( 'NONE',  ( -8.136785082397752300, 33.79999999999999700, -8.954700538379276200 ) ) ;
#10273 = ORIENTED_EDGE ( 'NONE', *, *, #6720, .T. ) ;
#10274 = EDGE_LOOP ( 'NONE', ( #3491, #3595, #9801, #4614 ) ) ;
#10275 = CIRCLE ( 'NONE', #951, 0.4771236166328258200 ) ;
#10276 = ORIENTED_EDGE ( 'NONE', *, *, #1405, .F. ) ;
#10277 = EDGE_CURVE ( 'NONE', #6042, #2015, #4528, .T. ) ;
#10278 = AXIS2_PLACEMENT_3D ( 'NONE', #4987, #7486, #2494 ) ;
#10279 = ORIENTED_EDGE ( 'NONE', *, *, #9892, .T. ) ;
#10280 = DIRECTION ( 'NONE',  ( -0.0000000000000000000, 1.000000000000000000, -0.0000000000000000000 ) ) ;
#10281 = ORIENTED_EDGE ( 'NONE', *, *, #9882, .F. ) ;
#10282 = DIRECTION ( 'NONE',  ( -1.000000000000000000, 0.0000000000000000000, 0.0000000000000000000 ) ) ;
#10283 = CARTESIAN_POINT ( 'NONE',  ( -4.599999999999994300, 50.89999999999999900, -10.90000000000000400 ) ) ;
#10284 = CARTESIAN_POINT ( 'NONE',  ( -11.20000000000000100, 52.79999999999999700, -11.30000000000000200 ) ) ;
#10285 = CARTESIAN_POINT ( 'NONE',  ( -5.099999999999995200, 52.29999999999999700, -10.90000000000000400 ) ) ;
#10286 = DIRECTION ( 'NONE',  ( 1.000000000000000000, 0.0000000000000000000, -2.628368902995160100E-016 ) ) ;
#10287 = FACE_OUTER_BOUND ( 'NONE', #3391, .T. ) ;
#10288 = ORIENTED_EDGE ( 'NONE', *, *, #6313, .F. ) ;
#10289 = ORIENTED_EDGE ( 'NONE', *, *, #10605, .F. ) ;
#10290 = EDGE_CURVE ( 'NONE', #8475, #8059, #2009, .T. ) ;
#10291 = DIRECTION ( 'NONE',  ( 0.5572287860611502300, -0.0000000000000000000, 0.8303590066861543700 ) ) ;
#10292 = CARTESIAN_POINT ( 'NONE',  ( -6.599999999999992500, 48.10000000000002300, -7.800000000000003400 ) ) ;
#10293 = UNCERTAINTY_MEASURE_WITH_UNIT (LENGTH_MEASURE( 1.000000000000000100E-005 ), #5586, 'distance_accuracy_value', 'NONE');
#10294 = CARTESIAN_POINT ( 'NONE',  ( -3.599999999999999200, 34.54999999999999700, -13.00000000000000400 ) ) ;
#10295 = FACE_OUTER_BOUND ( 'NONE', #9875, .T. ) ;
#10296 = PLANE ( 'NONE',  #2929 ) ;
#10297 = CARTESIAN_POINT ( 'NONE',  ( 0.4908712114635773700, 35.79999999999999700, 11.00000000000000000 ) ) ;
#10298 = ORIENTED_EDGE ( 'NONE', *, *, #8541, .T. ) ;
#10299 = ORIENTED_EDGE ( 'NONE', *, *, #6728, .F. ) ;
#10300 = ORIENTED_EDGE ( 'NONE', *, *, #1062, .F. ) ;
#10301 = EDGE_CURVE ( 'NONE', #4846, #4132, #4823, .T. ) ;
#10302 = CARTESIAN_POINT ( 'NONE',  ( -0.6992991342655416900, 34.19204518669284500, 9.299923384206023200 ) ) ;
#10303 = CARTESIAN_POINT ( 'NONE',  ( -8.948805684721969900, 52.81990284774145300, -34.20000000000001700 ) ) ;
#10304 = EDGE_CURVE ( 'NONE', #702, #5515, #6466, .T. ) ;
#10305 = DIRECTION ( 'NONE',  ( -1.000000000000000000, 0.0000000000000000000, 0.0000000000000000000 ) ) ;
#10306 = ADVANCED_FACE ( 'NONE', ( #8144 ), #3720, .T. ) ;
#10307 = VECTOR ( 'NONE', #8467, 1000.000000000000000 ) ;
#10308 = CARTESIAN_POINT ( 'NONE',  ( -11.19999999999999900, 50.89999999999999900, 0.0000000000000000000 ) ) ;
#10309 = CARTESIAN_POINT ( 'NONE',  ( -5.099999999999995200, 52.29999999999999700, 10.70000000000000300 ) ) ;
#10310 = ORIENTED_EDGE ( 'NONE', *, *, #1458, .T. ) ;
#10311 = ORIENTED_EDGE ( 'NONE', *, *, #4445, .F. ) ;
#10312 = ORIENTED_EDGE ( 'NONE', *, *, #4699, .T. ) ;
#10313 = CARTESIAN_POINT ( 'NONE',  ( 0.4000000000000110100, 33.80000000000000400, 14.60000000000000100 ) ) ;
#10314 = DIRECTION ( 'NONE',  ( 0.0000000000000000000, -0.0000000000000000000, 1.000000000000000000 ) ) ;
#10315 = LINE ( 'NONE', #1135, #10058 ) ;
#10316 = EDGE_CURVE ( 'NONE', #5937, #5505, #6211, .T. ) ;
#10317 = CARTESIAN_POINT ( 'NONE',  ( -11.19999999999999800, 52.79999999999999700, -11.30000000000000600 ) ) ;
#10318 = CARTESIAN_POINT ( 'NONE',  ( 12.61202537022329100, 52.81990284774145300, 10.93117914242403700 ) ) ;
#10319 = ORIENTED_EDGE ( 'NONE', *, *, #10744, .F. ) ;
#10320 = DIRECTION ( 'NONE',  ( 0.0000000000000000000, 0.0000000000000000000, 1.000000000000000000 ) ) ;
#10321 = ORIENTED_EDGE ( 'NONE', *, *, #9414, .T. ) ;
#10322 = DIRECTION ( 'NONE',  ( 0.0000000000000000000, -0.0000000000000000000, 1.000000000000000000 ) ) ;
#10323 = CARTESIAN_POINT ( 'NONE',  ( 0.3746794344809023500, 49.42626129027264900, 9.800000000000000700 ) ) ;
#10324 = ORIENTED_EDGE ( 'NONE', *, *, #1420, .T. ) ;
#10325 = CARTESIAN_POINT ( 'NONE',  ( 11.40000000000001800, -2.999999999999999600, -16.12239670007176400 ) ) ;
#10326 = EDGE_CURVE ( 'NONE', #6933, #2745, #10338, .T. ) ;
#10327 = VECTOR ( 'NONE', #4050, 1000.000000000000000 ) ;
#10328 =( BOUNDED_CURVE ( )  B_SPLINE_CURVE ( 3, ( #7721, #1870, #8540, #3564 ),
 .UNSPECIFIED., .F., .T. ) 
 B_SPLINE_CURVE_WITH_KNOTS ( ( 4, 4 ),
 ( 2.429557898408340600, 3.853627408771219500 ),
 .UNSPECIFIED. ) 
 CURVE ( )  GEOMETRIC_REPRESENTATION_ITEM ( )  RATIONAL_B_SPLINE_CURVE ( ( 1.000000000000000000, 0.8380226565783044400, 0.8380226565783044400, 1.000000000000000000 ) ) 
 REPRESENTATION_ITEM ( '' )  );
#10329 = LINE ( 'NONE', #4556, #10602 ) ;
#10330 = AXIS2_PLACEMENT_3D ( 'NONE', #7567, #10053, #5109 ) ;
#10331 = VERTEX_POINT ( 'NONE', #5660 ) ;
#10332 = DIRECTION ( 'NONE',  ( -0.0000000000000000000, 1.000000000000000000, -0.0000000000000000000 ) ) ;
#10334 = ORIENTED_EDGE ( 'NONE', *, *, #7604, .T. ) ;
#10333 = CARTESIAN_POINT ( 'NONE',  ( -5.876255872014525000, -1.862314305314128700, 33.64634594770981800 ) ) ;
#10335 = DIRECTION ( 'NONE',  ( 0.0000000000000000000, 0.0000000000000000000, 1.000000000000000000 ) ) ;
#10336 = CONICAL_SURFACE ( 'NONE', #6582, 8.700000000000002800, 0.5235987755982930400 ) ;
#10337 = CARTESIAN_POINT ( 'NONE',  ( 3.585011497558455500, 52.65837018413704100, -10.76666666666666900 ) ) ;
#10338 = LINE ( 'NONE', #9776, #1500 ) ;
#10339 = LINE ( 'NONE', #3307, #5954 ) ;
#10340 = CYLINDRICAL_SURFACE ( 'NONE', #7914, 1.000000000000001300 ) ;
#10341 = EDGE_CURVE ( 'NONE', #1425, #8826, #3986, .T. ) ;
#10342 = CARTESIAN_POINT ( 'NONE',  ( 0.05000238284328378100, 33.79999999999999700, 8.979274057836304800 ) ) ;
#10343 = CARTESIAN_POINT ( 'NONE',  ( -0.5999999999999943200, 29.19474411167425400, 11.70000000000000100 ) ) ;
#10344 = EDGE_LOOP ( 'NONE', ( #9495, #6221, #5262, #3395 ) ) ;
#10345 = DIRECTION ( 'NONE',  ( -0.08715574274766232900, 0.0000000000000000000, -0.9961946980917452100 ) ) ;
#10346 = AXIS2_PLACEMENT_3D ( 'NONE', #1089, #2806, #8627 ) ;
#10347 = CARTESIAN_POINT ( 'NONE',  ( 6.282058237137910300, 5.000000000000013300, -10.99999999999999600 ) ) ;
#10348 = VERTEX_POINT ( 'NONE', #2330 ) ;
#10349 = FACE_OUTER_BOUND ( 'NONE', #10557, .T. ) ;
#10350 = DIRECTION ( 'NONE',  ( 0.0000000000000000000, -1.000000000000000000, 0.0000000000000000000 ) ) ;
#10351 = DIRECTION ( 'NONE',  ( 0.0000000000000000000, 0.0000000000000000000, -1.000000000000000000 ) ) ;
#10352 = DIRECTION ( 'NONE',  ( -1.000000000000000000, -0.0000000000000000000, -0.0000000000000000000 ) ) ;
#10353 = DIRECTION ( 'NONE',  ( -1.239088197126291100E-016, 1.000000000000000000, -1.919174450322103300E-032 ) ) ;
#10354 = VECTOR ( 'NONE', #2269, 1000.000000000000000 ) ;
#10355 = DIRECTION ( 'NONE',  ( 1.156482317317873100E-015, -0.0000000000000000000, 1.000000000000000000 ) ) ;
#10356 = CARTESIAN_POINT ( 'NONE',  ( -11.20000000000000100, 52.79999999999999700, -12.41764762517407500 ) ) ;
#10357 = ORIENTED_EDGE ( 'NONE', *, *, #9087, .T. ) ;
#10358 = VECTOR ( 'NONE', #5943, 1000.000000000000000 ) ;
#10359 = CARTESIAN_POINT ( 'NONE',  ( 3.400000000000004400, 52.24612895558378500, 10.86708516314668700 ) ) ;
#10360 = AXIS2_PLACEMENT_3D ( 'NONE', #6930, #9312, #3497 ) ;
#10361 = CARTESIAN_POINT ( 'NONE',  ( 9.722396700071771000, -2.999999999999999600, -17.80000000000001800 ) ) ;
#10362 = ORIENTED_EDGE ( 'NONE', *, *, #9365, .T. ) ;
#10363 = ADVANCED_FACE ( 'NONE', ( #3457 ), #9815, .F. ) ;
#10364 = LINE ( 'NONE', #10380, #8172 ) ;
#10365 = EDGE_CURVE ( 'NONE', #9603, #9439, #1234, .T. ) ;
#10366 = LINE ( 'NONE', #3258, #8173 ) ;
#10367 = DIRECTION ( 'NONE',  ( -0.0000000000000000000, -1.000000000000000000, -0.0000000000000000000 ) ) ;
#10368 = CARTESIAN_POINT ( 'NONE',  ( -4.599999999999995200, 51.86052635461287300, -10.70000000000000300 ) ) ;
#10369 = CARTESIAN_POINT ( 'NONE',  ( -0.5999999999999937600, 35.17373870972728900, -10.50000000000000000 ) ) ;
#10370 = DIRECTION ( 'NONE',  ( 1.000000000000000000, -0.0000000000000000000, -0.0000000000000000000 ) ) ;
#10371 = VERTEX_POINT ( 'NONE', #7361 ) ;
#10372 = DIRECTION ( 'NONE',  ( -0.9986295347545737200, 0.0000000000000000000, -0.05233595624294717900 ) ) ;
#10373 = CARTESIAN_POINT ( 'NONE',  ( 3.900000000000005700, 52.79999999999999700, -10.90000000000000400 ) ) ;
#10374 = EDGE_CURVE ( 'NONE', #3303, #5147, #7630, .T. ) ;
#10375 = ORIENTED_EDGE ( 'NONE', *, *, #7813, .T. ) ;
#10376 = CARTESIAN_POINT ( 'NONE',  ( 2.400000000000006100, 34.55000000000000400, -13.00000000000000400 ) ) ;
#10377 = LINE ( 'NONE', #5979, #5733 ) ;
#10378 = DIRECTION ( 'NONE',  ( 0.0000000000000000000, 0.0000000000000000000, -1.000000000000000000 ) ) ;
#10379 = DIRECTION ( 'NONE',  ( 0.0000000000000000000, 0.0000000000000000000, -1.000000000000000000 ) ) ;
#10380 = CARTESIAN_POINT ( 'NONE',  ( -6.599999999999999600, -3.000000000000000000, 28.20000000000000300 ) ) ;
#10381 = CARTESIAN_POINT ( 'NONE',  ( -4.599999999999996100, 4.999999999999997300, 15.00000000000000200 ) ) ;
#10382 = CARTESIAN_POINT ( 'NONE',  ( 0.04814746989988424200, 33.79492988797925100, 9.198121473941666800 ) ) ;
#10383 = DIRECTION ( 'NONE',  ( -1.000000000000000000, 0.0000000000000000000, 0.0000000000000000000 ) ) ;
#10384 = VERTEX_POINT ( 'NONE', #9022 ) ;
#10385 = EDGE_CURVE ( 'NONE', #1485, #6555, #6066, .T. ) ;
#10386 = VECTOR ( 'NONE', #7623, 1000.000000000000000 ) ;
#10387 = EDGE_CURVE ( 'NONE', #9603, #3539, #3180, .T. ) ;
#10388 = AXIS2_PLACEMENT_3D ( 'NONE', #395, #6229, #1217 ) ;
#10389 = FACE_OUTER_BOUND ( 'NONE', #2789, .T. ) ;
#10390 = CARTESIAN_POINT ( 'NONE',  ( 0.07696042072805194000, 34.14685631600188700, 9.509095699678880500 ) ) ;
#10391 = DIRECTION ( 'NONE',  ( -0.0000000000000000000, -0.0000000000000000000, 1.000000000000000000 ) ) ;
#10392 = CARTESIAN_POINT ( 'NONE',  ( 11.20000000000000100, 51.19999999999999600, 6.858022075225178600E-016 ) ) ;
#10393 = CARTESIAN_POINT ( 'NONE',  ( -8.199999999999992200, 33.07128129211020000, 9.400000000000003900 ) ) ;
#10394 = DIRECTION ( 'NONE',  ( -0.2786143930305889900, -0.8660254037844379300, -0.4151795033430694100 ) ) ;
#10395 = CARTESIAN_POINT ( 'NONE',  ( -4.599999999999999600, 3.400000000000023900, 26.20000000000000300 ) ) ;
#10396 = ORIENTED_EDGE ( 'NONE', *, *, #1651, .T. ) ;
#10397 = CARTESIAN_POINT ( 'NONE',  ( -1.349999999999995000, 33.05000000000000400, -12.60000000000000300 ) ) ;
#10398 = ORIENTED_EDGE ( 'NONE', *, *, #2461, .T. ) ;
#10399 = CARTESIAN_POINT ( 'NONE',  ( 3.400000000000003900, 50.89999999999999900, 9.800000000000000700 ) ) ;
#10400 = ORIENTED_EDGE ( 'NONE', *, *, #2499, .F. ) ;
#10401 = VECTOR ( 'NONE', #6052, 1000.000000000000000 ) ;
#10402 = EDGE_CURVE ( 'NONE', #7522, #5112, #10076, .T. ) ;
#10403 = ORIENTED_EDGE ( 'NONE', *, *, #6296, .T. ) ;
#10404 = ORIENTED_EDGE ( 'NONE', *, *, #3493, .F. ) ;
#10405 = FACE_OUTER_BOUND ( 'NONE', #4887, .T. ) ;
#10406 = ORIENTED_EDGE ( 'NONE', *, *, #4501, .F. ) ;
#10407 = CARTESIAN_POINT ( 'NONE',  ( -44.45135385998502600, -2.826794919243119400, 3.888989541128199600 ) ) ;
#10408 = CARTESIAN_POINT ( 'NONE',  ( -1.821888479197868700, 33.58335921322390000, 9.104351674398937900 ) ) ;
#10409 = CARTESIAN_POINT ( 'NONE',  ( 14.17142857142857600, 52.79999999999999700, -12.65585288492632700 ) ) ;
#10410 = EDGE_CURVE ( 'NONE', #8240, #2994, #975, .T. ) ;
#10411 = CARTESIAN_POINT ( 'NONE',  ( 11.20000000000000100, 51.19999999999999600, -13.00000000000000400 ) ) ;
#10412 = ORIENTED_EDGE ( 'NONE', *, *, #10402, .T. ) ;
#10413 = ORIENTED_EDGE ( 'NONE', *, *, #8752, .F. ) ;
#10414 = ORIENTED_EDGE ( 'NONE', *, *, #6071, .F. ) ;
#10415 = LINE ( 'NONE', #4295, #1573 ) ;
#10416 = ORIENTED_EDGE ( 'NONE', *, *, #8559, .T. ) ;
#10417 = CARTESIAN_POINT ( 'NONE',  ( -4.881537680576818700, 52.74321161118982100, 10.76666666666667100 ) ) ;
#10418 = CARTESIAN_POINT ( 'NONE',  ( -6.599999999999993400, 20.74968880069896200, -10.90000000000000400 ) ) ;
#10419 = DIRECTION ( 'NONE',  ( -0.4472135954999609300, 0.7745966692414798500, -0.4472135954999610900 ) ) ;
#10420 = ADVANCED_FACE ( 'NONE', ( #5175 ), #1524, .T. ) ;
#10421 = ORIENTED_EDGE ( 'NONE', *, *, #4399, .T. ) ;
#10422 = DIRECTION ( 'NONE',  ( 0.5000000000000034400, 0.8660254037844367100, 0.0000000000000000000 ) ) ;
#10423 = ORIENTED_EDGE ( 'NONE', *, *, #6448, .F. ) ;
#10424 = CARTESIAN_POINT ( 'NONE',  ( -1.415047622299090600, 34.00000000000020600, 9.619263164512471300 ) ) ;
#10425 = ORIENTED_EDGE ( 'NONE', *, *, #1248, .T. ) ;
#10426 = FACE_OUTER_BOUND ( 'NONE', #2912, .T. ) ;
#10427 = AXIS2_PLACEMENT_3D ( 'NONE', #1641, #7471, #6647 ) ;
#10428 = CARTESIAN_POINT ( 'NONE',  ( 0.4204638263224924600, 33.76899321236756200, 8.997175835022597200 ) ) ;
#10429 = ORIENTED_EDGE ( 'NONE', *, *, #9974, .T. ) ;
#10430 = DIRECTION ( 'NONE',  ( 0.0000000000000000000, 1.000000000000000000, 0.0000000000000000000 ) ) ;
#10432 = EDGE_LOOP ( 'NONE', ( #10582, #7158, #4510, #660 ) ) ;
#10431 = CARTESIAN_POINT ( 'NONE',  ( -9.467179676972520500, 11.96610087494523000, -14.93282032302747600 ) ) ;
#10433 = ORIENTED_EDGE ( 'NONE', *, *, #3440, .T. ) ;
#10434 = CARTESIAN_POINT ( 'NONE',  ( 5.400000000000003900, 52.79999999999999700, -11.30000000000000100 ) ) ;
#10435 = DIRECTION ( 'NONE',  ( 0.0000000000000000000, 1.000000000000000000, 0.0000000000000000000 ) ) ;
#10436 = CARTESIAN_POINT ( 'NONE',  ( 8.930127018923245800, 1.277945491466517800, 11.00000000000000200 ) ) ;
#10437 = CARTESIAN_POINT ( 'NONE',  ( 3.413681633533356400, 52.43150190334525700, -10.86695313951631500 ) ) ;
#10438 = LINE ( 'NONE', #10495, #6054 ) ;
#10439 = EDGE_CURVE ( 'NONE', #8570, #3623, #4325, .T. ) ;
#10440 = ORIENTED_EDGE ( 'NONE', *, *, #2372, .F. ) ;
#10441 = AXIS2_PLACEMENT_3D ( 'NONE', #558, #6458, #7293 ) ;
#10442 = ORIENTED_EDGE ( 'NONE', *, *, #2184, .F. ) ;
#10443 = ORIENTED_EDGE ( 'NONE', *, *, #6473, .F. ) ;
#10444 = CARTESIAN_POINT ( 'NONE',  ( -3.599999999999999200, 33.05000000000000400, -12.60000000000000300 ) ) ;
#10445 = CARTESIAN_POINT ( 'NONE',  ( -1.802199242023089200, 31.69469640328542000, 10.61748890360763500 ) ) ;
#10446 = CARTESIAN_POINT ( 'NONE',  ( -2.599999999999989900, 33.05000000000000400, 14.60000000000000100 ) ) ;
#10447 = PLANE ( 'NONE',  #3512 ) ;
#10448 = CARTESIAN_POINT ( 'NONE',  ( -11.20000000000000100, 50.79999999999999700, -6.241154273188014300 ) ) ;
#10449 = DIRECTION ( 'NONE',  ( -1.000000000000000000, -0.0000000000000000000, -0.0000000000000000000 ) ) ;
#10450 = FACE_OUTER_BOUND ( 'NONE', #3200, .T. ) ;
#10451 = ORIENTED_EDGE ( 'NONE', *, *, #4338, .T. ) ;
#10452 = EDGE_CURVE ( 'NONE', #1181, #3, #5151, .T. ) ;
#10453 = ORIENTED_EDGE ( 'NONE', *, *, #8109, .F. ) ;
#10454 = ORIENTED_EDGE ( 'NONE', *, *, #6850, .T. ) ;
#10455 = CARTESIAN_POINT ( 'NONE',  ( -11.20000000000000100, 52.79999999999999700, 11.00000000000000400 ) ) ;
#10456 = EDGE_CURVE ( 'NONE', #10764, #13, #7367, .T. ) ;
#10457 = CARTESIAN_POINT ( 'NONE',  ( -31.69742592492193700, 10.84897940006423200, 23.85441716132831400 ) ) ;
#10458 = CARTESIAN_POINT ( 'NONE',  ( -1.658924798225009700, 29.46960408346664900, 11.47942930594450800 ) ) ;
#10459 = CARTESIAN_POINT ( 'NONE',  ( -2.599999999999996500, 52.79999999999999700, 13.00000000000000200 ) ) ;
#10460 = FACE_OUTER_BOUND ( 'NONE', #1318, .T. ) ;
#10461 = CARTESIAN_POINT ( 'NONE',  ( 0.7577885838827569400, 30.30000000000000800, 11.00000000000000000 ) ) ;
#10462 = ORIENTED_EDGE ( 'NONE', *, *, #6876, .F. ) ;
#10463 = ORIENTED_EDGE ( 'NONE', *, *, #2527, .F. ) ;
#10464 = DIRECTION ( 'NONE',  ( 1.000000000000000000, 0.0000000000000000000, 0.0000000000000000000 ) ) ;
#10465 = LINE ( 'NONE', #5232, #1617 ) ;
#10466 = EDGE_CURVE ( 'NONE', #8797, #4415, #720, .T. ) ;
#10467 = VECTOR ( 'NONE', #5320, 1000.000000000000000 ) ;
#10468 =( BOUNDED_CURVE ( )  B_SPLINE_CURVE ( 3, ( #9070, #3237, #1608, #7447 ),
 .UNSPECIFIED., .F., .F. ) 
 B_SPLINE_CURVE_WITH_KNOTS ( ( 4, 4 ),
 ( 5.624127271353179600, 6.942243343005993800 ),
 .UNSPECIFIED. ) 
 CURVE ( )  GEOMETRIC_REPRESENTATION_ITEM ( )  RATIONAL_B_SPLINE_CURVE ( ( 1.000000000000000000, 0.8603796100280638500, 0.8603796100280638500, 1.000000000000000000 ) ) 
 REPRESENTATION_ITEM ( '' )  );
#10469 = CARTESIAN_POINT ( 'NONE',  ( 0.1689346443117211200, 33.79999999999999700, 8.979274057836304800 ) ) ;
#10470 = CARTESIAN_POINT ( 'NONE',  ( 1.182163046725283700, 31.47912854606551000, 10.31922981651991100 ) ) ;
#10471 = CARTESIAN_POINT ( 'NONE',  ( 13.39312863038750800, 3.418878932851069100, 16.03435814724387100 ) ) ;
#10472 = VECTOR ( 'NONE', #1583, 1000.000000000000000 ) ;
#10473 = CARTESIAN_POINT ( 'NONE',  ( 5.400000000000005700, 52.81990284774145300, 10.90000000000000400 ) ) ;
#10474 = CARTESIAN_POINT ( 'NONE',  ( -3.599999999999991700, 33.80000000000000400, 14.60000000000000100 ) ) ;
#10475 = EDGE_CURVE ( 'NONE', #7266, #8120, #7854, .T. ) ;
#10476 = AXIS2_PLACEMENT_3D ( 'NONE', #8909, #3938, #9733 ) ;
#10477 = ORIENTED_EDGE ( 'NONE', *, *, #8095, .T. ) ;
#10478 = ADVANCED_FACE ( 'NONE', ( #7886 ), #474, .F. ) ;
#10479 = FACE_OUTER_BOUND ( 'NONE', #3287, .T. ) ;
#10480 = FACE_OUTER_BOUND ( 'NONE', #141, .T. ) ;
#10481 = ORIENTED_EDGE ( 'NONE', *, *, #2737, .F. ) ;
#10482 = VECTOR ( 'NONE', #7043, 1000.000000000000000 ) ;
#10483 = CARTESIAN_POINT ( 'NONE',  ( 12.79555933930782400, 5.060687066652039200, -12.92580021871015600 ) ) ;
#10484 = VERTEX_POINT ( 'NONE', #1700 ) ;
#10485 = CARTESIAN_POINT ( 'NONE',  ( -4.599999999999996100, 52.79999999999999700, 15.00000000000000200 ) ) ;
#10486 = CARTESIAN_POINT ( 'NONE',  ( 4.198677325111305900, 52.79999999999995500, 10.89999999999995900 ) ) ;
#10487 = DIRECTION ( 'NONE',  ( 1.000000000000000000, -0.0000000000000000000, 3.212450881438533200E-016 ) ) ;
#10488 = CARTESIAN_POINT ( 'NONE',  ( -500000.0000000000600, 35.79999999999999700, 9.800000000000002500 ) ) ;
#10489 = LINE ( 'NONE', #5212, #8283 ) ;
#10490 = ORIENTED_EDGE ( 'NONE', *, *, #1614, .F. ) ;
#10491 = ORIENTED_EDGE ( 'NONE', *, *, #3214, .F. ) ;
#10492 = LINE ( 'NONE', #8753, #4140 ) ;
#10493 = VERTEX_POINT ( 'NONE', #58 ) ;
#10494 = EDGE_CURVE ( 'NONE', #3999, #1415, #5355, .T. ) ;
#10495 = CARTESIAN_POINT ( 'NONE',  ( -8.599999999999999600, 5.000000000000000000, 30.20000000000000300 ) ) ;
#10496 = ORIENTED_EDGE ( 'NONE', *, *, #1610, .T. ) ;
#10497 = CARTESIAN_POINT ( 'NONE',  ( -32.40376557479040500, -3.000000000000000000, 24.01317613009173600 ) ) ;
#10498 = CARTESIAN_POINT ( 'NONE',  ( -4.948866910803921800, 52.80000000000004000, -10.90000000000004300 ) ) ;
#10499 = ORIENTED_EDGE ( 'NONE', *, *, #7438, .F. ) ;
#10500 = VERTEX_POINT ( 'NONE', #897 ) ;
#10501 = AXIS2_PLACEMENT_3D ( 'NONE', #7098, #7928, #2939 ) ;
#10502 = DIRECTION ( 'NONE',  ( 0.0000000000000000000, -1.000000000000000000, 0.0000000000000000000 ) ) ;
#10503 = LINE ( 'NONE', #6920, #8295 ) ;
#10504 = CARTESIAN_POINT ( 'NONE',  ( -4.599999999999994300, 36.79999999999999700, 10.90000000000000400 ) ) ;
#10505 = ORIENTED_EDGE ( 'NONE', *, *, #7288, .F. ) ;
#10506 = FACE_OUTER_BOUND ( 'NONE', #6197, .T. ) ;
#10507 = ORIENTED_EDGE ( 'NONE', *, *, #8455, .F. ) ;
#10508 = VERTEX_POINT ( 'NONE', #864 ) ;
#10509 = CARTESIAN_POINT ( 'NONE',  ( 5.400000000000005700, 35.79999999999999700, 9.800000000000002500 ) ) ;
#10510 = CARTESIAN_POINT ( 'NONE',  ( 0.02825803354466991200, 34.17073107752720100, 9.475915885380128900 ) ) ;
#10511 = DIRECTION ( 'NONE',  ( 0.0000000000000000000, 0.0000000000000000000, -1.000000000000000000 ) ) ;
#10512 = EDGE_CURVE ( 'NONE', #8912, #1484, #2665, .T. ) ;
#10513 = CARTESIAN_POINT ( 'NONE',  ( 11.20000000000000100, 4.999999999999997300, 13.00000000000000400 ) ) ;
#10514 = DIRECTION ( 'NONE',  ( 0.0000000000000000000, 0.8660254037844366000, 0.5000000000000035500 ) ) ;
#10515 = CARTESIAN_POINT ( 'NONE',  ( -10.06410161513772800, -4.499999999999990200, 29.06602540378445800 ) ) ;
#10516 = FACE_OUTER_BOUND ( 'NONE', #1328, .T. ) ;
#10517 = CARTESIAN_POINT ( 'NONE',  ( 12.79555933930782400, 5.060687066652040000, 12.92580021871015600 ) ) ;
#10518 = ORIENTED_EDGE ( 'NONE', *, *, #851, .T. ) ;
#10519 = LINE ( 'NONE', #4618, #8308 ) ;
#10520 = ORIENTED_EDGE ( 'NONE', *, *, #8003, .F. ) ;
#10521 = ORIENTED_EDGE ( 'NONE', *, *, #4893, .F. ) ;
#10522 = ORIENTED_EDGE ( 'NONE', *, *, #9839, .F. ) ;
#10523 = EDGE_CURVE ( 'NONE', #7872, #7312, #7104, .T. ) ;
#10524 = LINE ( 'NONE', #7238, #1925 ) ;
#10525 = ORIENTED_EDGE ( 'NONE', *, *, #8296, .T. ) ;
#10526 = LINE ( 'NONE', #10409, #8064 ) ;
#10527 = CARTESIAN_POINT ( 'NONE',  ( 13.45222938077279900, 4.999999999999996400, -12.80571289892235000 ) ) ;
#10528 = EDGE_CURVE ( 'NONE', #4361, #8701, #6857, .T. ) ;
#10529 = ORIENTED_EDGE ( 'NONE', *, *, #240, .T. ) ;
#10530 = PLANE ( 'NONE',  #8383 ) ;
#10531 = VERTEX_POINT ( 'NONE', #10055 ) ;
#10532 = ORIENTED_EDGE ( 'NONE', *, *, #7218, .T. ) ;
#10533 = SURFACE_STYLE_USAGE ( .BOTH. , #4753 ) ;
#10534 = VECTOR ( 'NONE', #6712, 1000.000000000000000 ) ;
#10535 = CARTESIAN_POINT ( 'NONE',  ( 3.400000000000005200, 50.79999999999999700, -9.800000000000002500 ) ) ;
#10536 = ADVANCED_FACE ( 'NONE', ( #8789 ), #2140, .T. ) ;
#10537 = VECTOR ( 'NONE', #3406, 1000.000000000000000 ) ;
#10538 =( BOUNDED_SURFACE ( )  B_SPLINE_SURFACE ( 3, 2, ( 
 ( #3947, #5631, #1456 ),
 ( #7296, #2299, #8123 ),
 ( #3124, #8956, #3979 ),
 ( #9782, #4831, #10625 ),
 ( #5664, #656, #6495 ),
 ( #1494, #7329, #2334 ) ),
 .UNSPECIFIED., .F., .F., .F. ) 
 B_SPLINE_SURFACE_WITH_KNOTS ( ( 4, 2, 4 ),
 ( 3, 3 ),
 ( 0.0003790122493140925600, 0.0006499964602234170100, 0.0009209806711327413500 ),
 ( 0.0000000000000000000, 1.000000000000000000 ),
 .UNSPECIFIED. ) 
 GEOMETRIC_REPRESENTATION_ITEM ( )  RATIONAL_B_SPLINE_SURFACE ( (
 ( 1.000000000000000000, 0.8164965809277021600, 1.000000000000000000),
 ( 1.000000000000000000, 0.8810678731622381100, 1.000000000000000000),
 ( 1.000000000000000000, 0.9263207691518297000, 1.000000000000000000),
 ( 1.000000000000000000, 0.9855849900691510100, 1.000000000000000000),
 ( 1.000000000000000000, 0.9999584033010885400, 1.000000000000000000),
 ( 1.000000000000000000, 1.000000000000000000, 1.000000000000000000) ) ) 
 REPRESENTATION_ITEM ( '' )  SURFACE ( )  );
#10539 = CARTESIAN_POINT ( 'NONE',  ( 5.800000000000003400, 4.999999999999997300, 15.00000000000000400 ) ) ;
#10540 = CARTESIAN_POINT ( 'NONE',  ( -8.599999999999997900, 5.000000000000000000, 26.20000000000000300 ) ) ;
#10541 = EDGE_CURVE ( 'NONE', #2197, #5926, #2408, .T. ) ;
#10542 = ORIENTED_EDGE ( 'NONE', *, *, #6789, .F. ) ;
#10543 = ORIENTED_EDGE ( 'NONE', *, *, #713, .T. ) ;
#10544 = EDGE_CURVE ( 'NONE', #6973, #5884, #9760, .T. ) ;
#10545 = VERTEX_POINT ( 'NONE', #6779 ) ;
#10546 = AXIS2_PLACEMENT_3D ( 'NONE', #1059, #5249, #7735 ) ;
#10547 = FACE_OUTER_BOUND ( 'NONE', #3771, .T. ) ;
#10548 = CARTESIAN_POINT ( 'NONE',  ( -43.66460074645780800, 0.0000000000000000000, -12.88161877810431100 ) ) ;
#10549 = CARTESIAN_POINT ( 'NONE',  ( -4.599999999999996100, 52.79999999999999700, 10.90000000000000400 ) ) ;
#10550 = DIRECTION ( 'NONE',  ( 0.0000000000000000000, -1.000000000000000000, 0.0000000000000000000 ) ) ;
#10551 = CARTESIAN_POINT ( 'NONE',  ( -6.599999999999993400, 50.79999999999999700, 10.90000000000000400 ) ) ;
#10552 = AXIS2_PLACEMENT_3D ( 'NONE', #8913, #3870, #8951 ) ;
#10553 = DIRECTION ( 'NONE',  ( 1.000000000000000000, 0.0000000000000000000, 0.0000000000000000000 ) ) ;
#10554 = VECTOR ( 'NONE', #2188, 1000.000000000000000 ) ;
#10555 = VERTEX_POINT ( 'NONE', #932 ) ;
#10556 = ORIENTED_EDGE ( 'NONE', *, *, #2749, .T. ) ;
#10557 = EDGE_LOOP ( 'NONE', ( #8355, #4503, #1244, #5508, #3622 ) ) ;
#10558 = CARTESIAN_POINT ( 'NONE',  ( -3.599999999999998300, 0.0000000000000000000, 20.80000000000000400 ) ) ;
#10559 = CARTESIAN_POINT ( 'NONE',  ( 8.600000000000005000, 50.79999999999999700, -9.841154273188021100 ) ) ;
#10560 = DIRECTION ( 'NONE',  ( 0.0000000000000000000, 0.0000000000000000000, 1.000000000000000000 ) ) ;
#10561 = VECTOR ( 'NONE', #6382, 1000.000000000000000 ) ;
#10562 = VERTEX_POINT ( 'NONE', #1802 ) ;
#10563 = EDGE_CURVE ( 'NONE', #8729, #5147, #4393, .T. ) ;
#10564 = CARTESIAN_POINT ( 'NONE',  ( 2.400000000000005200, 33.05000000000000400, -12.60000000000000300 ) ) ;
#10565 = CARTESIAN_POINT ( 'NONE',  ( -6.599999999999992500, 50.10717967697243600, 6.641154273188021800 ) ) ;
#10566 = EDGE_LOOP ( 'NONE', ( #7829, #2476, #1501, #5003 ) ) ;
#10567 = ORIENTED_EDGE ( 'NONE', *, *, #6876, .T. ) ;
#10568 = ORIENTED_EDGE ( 'NONE', *, *, #4980, .F. ) ;
#10569 = DIRECTION ( 'NONE',  ( -0.0000000000000000000, 1.000000000000000000, -0.0000000000000000000 ) ) ;
#10570 = FACE_OUTER_BOUND ( 'NONE', #2352, .T. ) ;
#10571 = DIRECTION ( 'NONE',  ( -0.0000000000000000000, 1.000000000000000000, -0.0000000000000000000 ) ) ;
#10572 = DIRECTION ( 'NONE',  ( -0.0000000000000000000, 0.0000000000000000000, 1.000000000000000000 ) ) ;
#10573 = ORIENTED_EDGE ( 'NONE', *, *, #537, .T. ) ;
#10574 = VERTEX_POINT ( 'NONE', #7648 ) ;
#10575 = EDGE_LOOP ( 'NONE', ( #10542, #6375, #10169, #3541 ) ) ;
#10576 = CARTESIAN_POINT ( 'NONE',  ( -4.706222361897209400, 51.95389021182205600, 10.90000000000001600 ) ) ;
#10577 = AXIS2_PLACEMENT_3D ( 'NONE', #4807, #2291, #3121 ) ;
#10578 = CARTESIAN_POINT ( 'NONE',  ( -35.70751199747146400, -0.5425654368142992500, 33.97760134602222600 ) ) ;
#10579 = CARTESIAN_POINT ( 'NONE',  ( -6.599999999999992500, 50.79999999999999700, 9.400000000000002100 ) ) ;
#10580 = CARTESIAN_POINT ( 'NONE',  ( 6.730937953989995400, 35.03045690111044100, 8.244295915296904200 ) ) ;
#10581 = CARTESIAN_POINT ( 'NONE',  ( -5.539473645387118900, 52.79999999999999700, -10.70000000000000300 ) ) ;
#10582 = ORIENTED_EDGE ( 'NONE', *, *, #5661, .F. ) ;
#10583 = DIRECTION ( 'NONE',  ( 4.336808689942014800E-016, 0.0000000000000000000, -1.000000000000000000 ) ) ;
#10584 = ORIENTED_EDGE ( 'NONE', *, *, #8103, .T. ) ;
#10585 = CARTESIAN_POINT ( 'NONE',  ( -35.19716275768891500, 3.400249447218804300, 0.08294131588555521400 ) ) ;
#10586 = VERTEX_POINT ( 'NONE', #973 ) ;
#10587 = DIRECTION ( 'NONE',  ( -1.000000000000000000, 0.0000000000000000000, 0.0000000000000000000 ) ) ;
#10588 = ADVANCED_FACE ( 'NONE', ( #10728 ), #2643, .T. ) ;
#10589 = EDGE_CURVE ( 'NONE', #6343, #7228, #1873, .T. ) ;
#10590 = VECTOR ( 'NONE', #3581, 1000.000000000000000 ) ;
#10591 = ORIENTED_EDGE ( 'NONE', *, *, #10679, .T. ) ;
#10592 = DIRECTION ( 'NONE',  ( -1.000000000000000000, -0.0000000000000000000, -1.548860246407863800E-016 ) ) ;
#10594 = EDGE_LOOP ( 'NONE', ( #1246, #8849, #7223, #9206 ) ) ;
#10593 = CARTESIAN_POINT ( 'NONE',  ( -6.599999999999991700, 35.79999999999999700, -11.00000000000000900 ) ) ;
#10595 = DIRECTION ( 'NONE',  ( 1.000000000000000000, 0.0000000000000000000, -0.0000000000000000000 ) ) ;
#10596 = CARTESIAN_POINT ( 'NONE',  ( 0.0000000000000000000, 0.0000000000000000000, -7.800000000000003400 ) ) ;
#10597 = CARTESIAN_POINT ( 'NONE',  ( -30.33025804561337700, 0.0000000000000000000, -30.20000000000000300 ) ) ;
#10598 = VERTEX_POINT ( 'NONE', #7684 ) ;
#10599 = EDGE_LOOP ( 'NONE', ( #3562, #7318, #5223, #9820 ) ) ;
#10600 = VECTOR ( 'NONE', #8985, 1000.000000000000000 ) ;
#10601 = ADVANCED_FACE ( 'NONE', ( #6335 ), #9340, .T. ) ;
#10602 = VECTOR ( 'NONE', #10332, 1000.000000000000000 ) ;
#10603 = EDGE_CURVE ( 'NONE', #9439, #149, #6081, .T. ) ;
#10604 = ORIENTED_EDGE ( 'NONE', *, *, #761, .T. ) ;
#10605 = EDGE_CURVE ( 'NONE', #597, #2214, #10465, .T. ) ;
#10606 = CARTESIAN_POINT ( 'NONE',  ( -11.20000000000000100, 50.79999999999999700, 6.858022075225178600E-016 ) ) ;
#10607 = AXIS2_PLACEMENT_3D ( 'NONE', #540, #8899, #8973 ) ;
#10608 = CARTESIAN_POINT ( 'NONE',  ( -5.733974596215588800, 3.000000000000000400, -14.33589838486222600 ) ) ;
#10609 = FACE_OUTER_BOUND ( 'NONE', #5332, .T. ) ;
#10610 = VECTOR ( 'NONE', #8050, 1000.000000000000000 ) ;
#10611 = LINE ( 'NONE', #10766, #6213 ) ;
#10612 = B_SPLINE_CURVE_WITH_KNOTS ( 'NONE', 3,
 ( #5974, #929, #7060, #958 ),
 .UNSPECIFIED., .F., .F.,
 ( 4, 4 ),
 ( 0.0000000000000000000, 0.0003852897569917527900 ),
 .UNSPECIFIED. ) ;
#10613 = CARTESIAN_POINT ( 'NONE',  ( -4.613080204140030300, 52.19202259851978500, 10.83404619769884100 ) ) ;
#10614 = FACE_OUTER_BOUND ( 'NONE', #2329, .T. ) ;
#10615 = VERTEX_POINT ( 'NONE', #6060 ) ;
#10616 = VERTEX_POINT ( 'NONE', #8542 ) ;
#10617 = DIRECTION ( 'NONE',  ( 1.000000000000000000, 0.0000000000000000000, 3.212450881438533200E-016 ) ) ;
#10618 = EDGE_CURVE ( 'NONE', #8570, #6142, #3849, .T. ) ;
#10619 = CARTESIAN_POINT ( 'NONE',  ( 11.40000000000001800, -2.999999999999999600, 16.12239670007176400 ) ) ;
#10620 = CARTESIAN_POINT ( 'NONE',  ( 36.00000000000000700, -2.000000000000000000, -1.109053650640951000 ) ) ;
#10621 = VECTOR ( 'NONE', #10583, 1000.000000000000000 ) ;
#10622 = ORIENTED_EDGE ( 'NONE', *, *, #7067, .T. ) ;
#10623 = DIRECTION ( 'NONE',  ( -0.5000000000000034400, -0.8660254037844367100, 0.0000000000000000000 ) ) ;
#10624 = FACE_OUTER_BOUND ( 'NONE', #556, .T. ) ;
#10625 = CARTESIAN_POINT ( 'NONE',  ( 4.051133089196232700, 52.80000000000004000, -10.90000000000004300 ) ) ;
#10626 = CARTESIAN_POINT ( 'NONE',  ( 11.20000000000000300, 50.89999999999999900, -11.29999999999999900 ) ) ;
#10627 =( BOUNDED_CURVE ( )  B_SPLINE_CURVE ( 3, ( #3605, #7756, #10271, #9417 ),
 .UNSPECIFIED., .F., .F. ) 
 B_SPLINE_CURVE_WITH_KNOTS ( ( 4, 4 ),
 ( 1.570796326794897700, 3.141592653589793600 ),
 .UNSPECIFIED. ) 
 CURVE ( )  GEOMETRIC_REPRESENTATION_ITEM ( )  RATIONAL_B_SPLINE_CURVE ( ( 1.000000000000000000, 0.8047378541243652700, 0.8047378541243652700, 1.000000000000000000 ) ) 
 REPRESENTATION_ITEM ( '' )  );
#10628 = AXIS2_PLACEMENT_3D ( 'NONE', #8376, #3382, #9208 ) ;
#10629 = CIRCLE ( 'NONE', #10730, 4.999999999999999100 ) ;
#10630 = CIRCLE ( 'NONE', #10261, 0.2000000000000017300 ) ;
#10631 = DIRECTION ( 'NONE',  ( 0.0000000000000000000, -0.0000000000000000000, -1.000000000000000000 ) ) ;
#10632 = CARTESIAN_POINT ( 'NONE',  ( 11.19999999999999600, 50.89999999999999900, 11.30000000000000600 ) ) ;
#10633 = CARTESIAN_POINT ( 'NONE',  ( -11.20000000000000100, 52.79999999999999700, 11.00000000000000400 ) ) ;
#10634 = VERTEX_POINT ( 'NONE', #9378 ) ;
#10635 = VECTOR ( 'NONE', #7856, 1000.000000000000000 ) ;
#10636 = ORIENTED_EDGE ( 'NONE', *, *, #9768, .F. ) ;
#10637 = CYLINDRICAL_SURFACE ( 'NONE', #6257, 0.4411542731880182500 ) ;
#10638 = CARTESIAN_POINT ( 'NONE',  ( 8.158845726811986100, 50.10717967697243600, -9.400000000000003900 ) ) ;
#10639 = ADVANCED_FACE ( 'NONE', ( #3589 ), #232, .T. ) ;
#10640 = ORIENTED_EDGE ( 'NONE', *, *, #10744, .T. ) ;
#10641 = AXIS2_PLACEMENT_3D ( 'NONE', #7236, #9716, #4780 ) ;
#10642 = CARTESIAN_POINT ( 'NONE',  ( -6.599999999999993400, 20.74968880069896200, -10.90000000000000400 ) ) ;
#10643 = CARTESIAN_POINT ( 'NONE',  ( -6.845535513468522700, -0.5696582097052271800, -33.95021679449022400 ) ) ;
#10644 = VERTEX_POINT ( 'NONE', #5270 ) ;
#10645 = CIRCLE ( 'NONE', #8222, 0.4771236166328253800 ) ;
#10646 = CIRCLE ( 'NONE', #3282, 1.199999999999999700 ) ;
#10647 = CARTESIAN_POINT ( 'NONE',  ( -4.613080204140009900, 52.40797740148020300, 10.83404619769892600 ) ) ;
#10648 = DIRECTION ( 'NONE',  ( 1.668003342285391800E-016, 0.0000000000000000000, -1.000000000000000000 ) ) ;
#10649 = DIRECTION ( 'NONE',  ( 1.000000000000000000, 0.0000000000000000000, 0.0000000000000000000 ) ) ;
#10650 = EDGE_CURVE ( 'NONE', #6565, #8651, #8007, .T. ) ;
#10651 = CARTESIAN_POINT ( 'NONE',  ( -3.372697626564102400, 4.714972552329601100, 11.16456067363894500 ) ) ;
#10652 = ADVANCED_FACE ( 'NONE', ( #7755 ), #9774, .F. ) ;
#10653 = DIRECTION ( 'NONE',  ( 5.782411586589351700E-016, 1.000000000000000000, 0.0000000000000000000 ) ) ;
#10654 = CARTESIAN_POINT ( 'NONE',  ( -11.20000000000000100, 52.79999999999999700, 12.41764762517407500 ) ) ;
#10655 = AXIS2_PLACEMENT_3D ( 'NONE', #10369, #2048, #429 ) ;
#10656 = DIRECTION ( 'NONE',  ( 0.0000000000000000000, 0.0000000000000000000, 1.000000000000000000 ) ) ;
#10657 = CARTESIAN_POINT ( 'NONE',  ( -43.66460074645779300, 52.81990284774145300, 12.88161877810437500 ) ) ;
#10658 = LINE ( 'NONE', #6830, #2062 ) ;
#10659 = ORIENTED_EDGE ( 'NONE', *, *, #791, .T. ) ;
#10660 = ORIENTED_EDGE ( 'NONE', *, *, #4728, .T. ) ;
#10661 = ORIENTED_EDGE ( 'NONE', *, *, #9365, .F. ) ;
#10662 = EDGE_CURVE ( 'NONE', #8401, #376, #8265, .T. ) ;
#10663 = CARTESIAN_POINT ( 'NONE',  ( -2.599999999999996500, 5.000000000000018700, 12.60000000000000100 ) ) ;
#10664 = FILL_AREA_STYLE ('',( #9828 ) ) ;
#10665 = CARTESIAN_POINT ( 'NONE',  ( 13.69026644067500300, 4.999999999999997300, 12.75925440825003500 ) ) ;
#10666 = EDGE_LOOP ( 'NONE', ( #2071, #2186, #10159, #8594, #1914 ) ) ;
#10667 = CARTESIAN_POINT ( 'NONE',  ( -1.367509333661983200, 33.79999999999999700, 8.979274057836304800 ) ) ;
#10668 = LINE ( 'NONE', #1192, #8460 ) ;
#10669 = CARTESIAN_POINT ( 'NONE',  ( -5.733974596215595900, 3.000000000000000400, 14.33589838486222600 ) ) ;
#10670 = EDGE_CURVE ( 'NONE', #9810, #1436, #5562, .T. ) ;
#10671 = B_SPLINE_CURVE_WITH_KNOTS ( 'NONE', 3,
 ( #3078, #8073, #2245, #4083, #9873, #4920, #10710, #5767, #755, #6596 ),
 .UNSPECIFIED., .F., .F.,
 ( 4, 2, 2, 2, 4 ),
 ( 0.0000000000000000000, 0.0002185256930797007100, 0.0004370513861594014300, 0.0008741027723188192200, 0.001748205544637654700 ),
 .UNSPECIFIED. ) ;
#10672 = VERTEX_POINT ( 'NONE', #2826 ) ;
#10673 = LINE ( 'NONE', #4141, #6278 ) ;
#10674 = ORIENTED_EDGE ( 'NONE', *, *, #666, .T. ) ;
#10675 = CARTESIAN_POINT ( 'NONE',  ( 0.0000000000000000000, 52.81990284774145300, 34.20000000000000300 ) ) ;
#10676 = VERTEX_POINT ( 'NONE', #3676 ) ;
#10677 = CARTESIAN_POINT ( 'NONE',  ( -6.540779004674651500, -2.322490544513680100, -33.86542107522685500 ) ) ;
#10678 = ORIENTED_EDGE ( 'NONE', *, *, #8246, .F. ) ;
#10679 = EDGE_CURVE ( 'NONE', #1183, #2913, #1101, .T. ) ;
#10680 = CARTESIAN_POINT ( 'NONE',  ( -4.613080204140011600, 52.40797740148020300, -10.83404619769892500 ) ) ;
#10681 = EDGE_CURVE ( 'NONE', #4046, #4316, #5310, .T. ) ;
#10682 = ORIENTED_EDGE ( 'NONE', *, *, #10341, .T. ) ;
#10683 = CYLINDRICAL_SURFACE ( 'NONE', #2280, 4.000000000000001800 ) ;
#10684 = ORIENTED_EDGE ( 'NONE', *, *, #633, .F. ) ;
#10685 = ORIENTED_EDGE ( 'NONE', *, *, #8220, .T. ) ;
#10686 = ORIENTED_EDGE ( 'NONE', *, *, #5466, .T. ) ;
#10687 = DIRECTION ( 'NONE',  ( -0.0000000000000000000, -1.000000000000000000, -0.0000000000000000000 ) ) ;
#10688 = VERTEX_POINT ( 'NONE', #5379 ) ;
#10689 = ORIENTED_EDGE ( 'NONE', *, *, #3559, .T. ) ;
#10690 = DIRECTION ( 'NONE',  ( -1.000000000000000000, 0.0000000000000000000, 0.0000000000000000000 ) ) ;
#10691 = CARTESIAN_POINT ( 'NONE',  ( -11.19999999999999900, 50.79999999999999700, -11.30000000000000200 ) ) ;
#10692 = ADVANCED_FACE ( 'NONE', ( #9435 ), #2792, .T. ) ;
#10693 = CONICAL_SURFACE ( 'NONE', #10703, 8.700000000000006400, 0.5235987755983080300 ) ;
#10694 = VERTEX_POINT ( 'NONE', #9514 ) ;
#10695 = ORIENTED_EDGE ( 'NONE', *, *, #8476, .T. ) ;
#10696 = CARTESIAN_POINT ( 'NONE',  ( 3.400000000000005200, 50.89999999999999900, 10.90000000000000400 ) ) ;
#10697 = DIRECTION ( 'NONE',  ( 9.035018104045872900E-016, 0.0000000000000000000, -1.000000000000000000 ) ) ;
#10698 = DIRECTION ( 'NONE',  ( 1.000000000000000000, 0.0000000000000000000, 0.0000000000000000000 ) ) ;
#10699 = DIRECTION ( 'NONE',  ( 1.275190979291930600E-015, 0.0000000000000000000, -1.000000000000000000 ) ) ;
#10700 = EDGE_CURVE ( 'NONE', #2416, #873, #6736, .T. ) ;
#10701 = DIRECTION ( 'NONE',  ( -1.000000000000000000, 0.0000000000000000000, -2.344220913482171700E-016 ) ) ;
#10702 = FACE_OUTER_BOUND ( 'NONE', #7315, .T. ) ;
#10703 = AXIS2_PLACEMENT_3D ( 'NONE', #9345, #7690, #8507 ) ;
#10704 = ADVANCED_FACE ( 'NONE', ( #5027 ), #2858, .T. ) ;
#10705 = ORIENTED_EDGE ( 'NONE', *, *, #5900, .F. ) ;
#10706 = VERTEX_POINT ( 'NONE', #403 ) ;
#10707 = ORIENTED_EDGE ( 'NONE', *, *, #2113, .T. ) ;
#10708 = ORIENTED_EDGE ( 'NONE', *, *, #6170, .T. ) ;
#10709 = CARTESIAN_POINT ( 'NONE',  ( 3.400000000000003900, 52.73947364538712900, 10.90000000000000400 ) ) ;
#10710 = CARTESIAN_POINT ( 'NONE',  ( -1.120962589735164900, 50.33046116327486900, -9.800000000000004300 ) ) ;
#10711 = ORIENTED_EDGE ( 'NONE', *, *, #9567, .T. ) ;
#10712 = AXIS2_PLACEMENT_3D ( 'NONE', #5460, #2070, #7075 ) ;
#10713 = ORIENTED_EDGE ( 'NONE', *, *, #6593, .F. ) ;
#10714 = ORIENTED_EDGE ( 'NONE', *, *, #6801, .F. ) ;
#10715 = CARTESIAN_POINT ( 'NONE',  ( 3.541629815862949100, 51.98501149755846700, 10.76666666666666900 ) ) ;
#10716 = DIRECTION ( 'NONE',  ( 7.885106708985488000E-016, 0.0000000000000000000, -1.000000000000000000 ) ) ;
#10717 = CARTESIAN_POINT ( 'NONE',  ( -4.599999999999996100, 52.29999999999999700, 10.90000000000000400 ) ) ;
#10718 = CARTESIAN_POINT ( 'NONE',  ( -1.349999999999996100, 30.80000000000000400, -12.60000000000000300 ) ) ;
#10719 = VECTOR ( 'NONE', #4028, 999.9999999999998900 ) ;
#10720 = DIRECTION ( 'NONE',  ( 0.0000000000000000000, -1.000000000000000000, -0.0000000000000000000 ) ) ;
#10721 = DIRECTION ( 'NONE',  ( -0.0000000000000000000, 1.000000000000000000, -0.0000000000000000000 ) ) ;
#10722 = ORIENTED_EDGE ( 'NONE', *, *, #116, .T. ) ;
#10723 = ORIENTED_EDGE ( 'NONE', *, *, #9956, .F. ) ;
#10724 = ORIENTED_EDGE ( 'NONE', *, *, #6785, .T. ) ;
#10725 = EDGE_CURVE ( 'NONE', #5317, #1613, #588, .T. ) ;
#10726 = ORIENTED_EDGE ( 'NONE', *, *, #286, .T. ) ;
#10727 = EDGE_CURVE ( 'NONE', #6003, #8931, #7242, .T. ) ;
#10728 = FACE_OUTER_BOUND ( 'NONE', #2287, .T. ) ;
#10729 = VECTOR ( 'NONE', #9424, 1000.000000000000000 ) ;
#10730 = AXIS2_PLACEMENT_3D ( 'NONE', #3103, #8936, #3956 ) ;
#10731 = LINE ( 'NONE', #8282, #3852 ) ;
#10732 = DIRECTION ( 'NONE',  ( 0.3236155771181814000, -0.8891264907159907000, -0.3236155771181814500 ) ) ;
#10733 = DIRECTION ( 'NONE',  ( -4.336808689942014800E-016, 0.0000000000000000000, 1.000000000000000000 ) ) ;
#10734 = ORIENTED_EDGE ( 'NONE', *, *, #1222, .T. ) ;
#10735 = CARTESIAN_POINT ( 'NONE',  ( 3.528388050070811100, 52.79999999999999700, 10.90000000000000400 ) ) ;
#10736 = CARTESIAN_POINT ( 'NONE',  ( 0.3746794344809023500, 49.42626129027264900, 9.800000000000000700 ) ) ;
#10737 = ORIENTED_EDGE ( 'NONE', *, *, #696, .T. ) ;
#10738 = CARTESIAN_POINT ( 'NONE',  ( -0.5999999999999937600, 36.79999999999999700, -10.50000000000000000 ) ) ;
#10739 = LINE ( 'NONE', #9293, #4401 ) ;
#10740 = VECTOR ( 'NONE', #2836, 1000.000000000000000 ) ;
#10741 = EDGE_CURVE ( 'NONE', #2323, #1220, #9167, .T. ) ;
#10742 = ORIENTED_EDGE ( 'NONE', *, *, #8569, .F. ) ;
#10743 = CIRCLE ( 'NONE', #8949, 0.3999999999999993000 ) ;
#10744 = EDGE_CURVE ( 'NONE', #6299, #4494, #4786, .T. ) ;
#10745 = CARTESIAN_POINT ( 'NONE',  ( -5.398677325111301600, 52.79999999999995500, 10.89999999999995900 ) ) ;
#10746 = ORIENTED_EDGE ( 'NONE', *, *, #6012, .T. ) ;
#10747 = ADVANCED_FACE ( 'NONE', ( #7487 ), #6302, .F. ) ;
#10748 = CARTESIAN_POINT ( 'NONE',  ( -35.19587300007701500, 3.400021911033895600, 0.1243944217574995800 ) ) ;
#10749 = CARTESIAN_POINT ( 'NONE',  ( -11.20000000000000100, 4.999999999999997300, 13.00000000000000400 ) ) ;
#10750 = PLANE ( 'NONE',  #3705 ) ;
#10751 = CARTESIAN_POINT ( 'NONE',  ( 7.000000000000005300, 33.79999999999999700, -9.400000000000003900 ) ) ;
#10752 = ORIENTED_EDGE ( 'NONE', *, *, #739, .T. ) ;
#10753 = FACE_OUTER_BOUND ( 'NONE', #805, .T. ) ;
#10754 = AXIS2_PLACEMENT_3D ( 'NONE', #7730, #6938, #1918 ) ;
#10755 = ORIENTED_EDGE ( 'NONE', *, *, #4456, .F. ) ;
#10756 = EDGE_CURVE ( 'NONE', #2251, #8972, #4818, .T. ) ;
#10757 = CARTESIAN_POINT ( 'NONE',  ( -6.599999999999993400, 50.89999999999999900, -10.90000000000000400 ) ) ;
#10758 = ADVANCED_FACE ( 'NONE', ( #2271 ), #7960, .F. ) ;
#10759 = DIRECTION ( 'NONE',  ( -1.000000000000000000, 0.0000000000000000000, -3.212450881438533700E-016 ) ) ;
#10760 = DIRECTION ( 'NONE',  ( 1.314184451497581300E-016, 0.0000000000000000000, -1.000000000000000000 ) ) ;
#10761 = VECTOR ( 'NONE', #8423, 1000.000000000000000 ) ;
#10762 = FACE_OUTER_BOUND ( 'NONE', #7176, .T. ) ;
#10763 = EDGE_CURVE ( 'NONE', #8580, #3673, #3523, .T. ) ;
#10764 = VERTEX_POINT ( 'NONE', #6342 ) ;
#10765 = AXIS2_PLACEMENT_3D ( 'NONE', #863, #4233, #10021 ) ;
#10766 = CARTESIAN_POINT ( 'NONE',  ( 3.400000000000005200, 36.79999999999999700, -11.00000000000000400 ) ) ;
ENDSEC;
END-ISO-10303-21;
