ISO-10303-21;
HEADER;
FILE_DESCRIPTION (( 'STEP AP214' ),
    '1' );
FILE_NAME ('LOCK.STEP',
    '2018-02-13T18:29:15',
    ( '' ),
    ( '' ),
    'SwSTEP 2.0',
    'SolidWorks 2015',
    '' );
FILE_SCHEMA (( 'AUTOMOTIVE_DESIGN' ));
ENDSEC;

DATA;
#1 = DIRECTION ( 'NONE',  ( -1.000000000000000000, 0.0000000000000000000, 7.000356172721717800E-016 ) ) ;
#2 = ORIENTED_EDGE ( 'NONE', *, *, #3599, .T. ) ;
#3 = CARTESIAN_POINT ( 'NONE',  ( 8.872568098871365500, 8.079777073236003900, -4.050263165184837500 ) ) ;
#4 = ORIENTED_EDGE ( 'NONE', *, *, #2844, .T. ) ;
#5 = EDGE_CURVE ( 'NONE', #1409, #2298, #1364, .T. ) ;
#6 = CARTESIAN_POINT ( 'NONE',  ( 7.930190452764477100, 21.19999999999999900, 12.60000000000000000 ) ) ;
#7 = B_SPLINE_CURVE_WITH_KNOTS ( 'NONE', 3,
 ( #1591, #1561, #1408, #484 ),
 .UNSPECIFIED., .F., .F.,
 ( 4, 4 ),
 ( 0.0000000000000000000, 0.2999999999997795500 ),
 .UNSPECIFIED. ) ;
#8 = EDGE_LOOP ( 'NONE', ( #1057, #517, #3389, #3631, #1231, #1075, #2564, #3086, #2639, #1717, #2283, #1340 ) ) ;
#9 = CARTESIAN_POINT ( 'NONE',  ( 10.80872457690330500, 22.67397522505632400, 2.998887123621881000 ) ) ;
#10 = ORIENTED_EDGE ( 'NONE', *, *, #3357, .T. ) ;
#11 = DIRECTION ( 'NONE',  ( -0.7474093186836597800, -0.6643638388299196700, 0.0000000000000000000 ) ) ;
#12 = CARTESIAN_POINT ( 'NONE',  ( 11.40000000000000000, 23.46955524676016900, 5.049770759942016500 ) ) ;
#13 = ORIENTED_EDGE ( 'NONE', *, *, #3787, .T. ) ;
#14 = PLANE ( 'NONE',  #3856 ) ;
#15 = EDGE_CURVE ( 'NONE', #2846, #2672, #1826, .T. ) ;
#16 = CARTESIAN_POINT ( 'NONE',  ( 9.676091274228552300, 10.37986104664751100, -1.696083499629436000E-015 ) ) ;
#17 = CARTESIAN_POINT ( 'NONE',  ( 9.451798968288034800, 12.40567355690836800, 5.372702571464190900 ) ) ;
#18 = ORIENTED_EDGE ( 'NONE', *, *, #3302, .F. ) ;
#19 = DIRECTION ( 'NONE',  ( -1.000000000000000000, -8.673617379884035500E-016, 0.0000000000000000000 ) ) ;
#20 = VERTEX_POINT ( 'NONE', #46 ) ;
#21 = CARTESIAN_POINT ( 'NONE',  ( 10.78247743589852300, 22.22302673495445200, -4.290043604502750800 ) ) ;
#22 = CARTESIAN_POINT ( 'NONE',  ( 10.57459392255426400, 13.76556536377809400, 9.094071227410779600 ) ) ;
#23 = EDGE_LOOP ( 'NONE', ( #2877, #24, #1948, #2373 ) ) ;
#24 = ORIENTED_EDGE ( 'NONE', *, *, #218, .F. ) ;
#25 = CARTESIAN_POINT ( 'NONE',  ( 9.770498881341634200, 13.51832622165784100, 6.848657905899612400 ) ) ;
#26 = AXIS2_PLACEMENT_3D ( 'NONE', #97, #233, #354 ) ;
#27 = CARTESIAN_POINT ( 'NONE',  ( 10.48550740213143600, 14.22249347888829600, 8.553663241227255300 ) ) ;
#28 = CARTESIAN_POINT ( 'NONE',  ( 9.236293326217159800, 12.23717544563217900, -4.050263165185745300 ) ) ;
#29 = ORIENTED_EDGE ( 'NONE', *, *, #469, .F. ) ;
#30 = CARTESIAN_POINT ( 'NONE',  ( 9.839026243365426100, 19.12431259308006700, 2.654051134844019400 ) ) ;
#31 = B_SPLINE_CURVE_WITH_KNOTS ( 'NONE', 3,
 ( #1668, #1664, #1607, #1589, #1569, #1557, #1541, #1512, #1497, #1469, #2876, #377 ),
 .UNSPECIFIED., .F., .F.,
 ( 4, 2, 2, 2, 2, 4 ),
 ( 3.878959614448864200E-018, 0.0001254153986360621500, 0.0002508307972721204600, 0.0005016615945442415600, 0.001003323189088484000, 0.002006646378176969300 ),
 .UNSPECIFIED. ) ;
#32 = DIRECTION ( 'NONE',  ( -0.9961946980917455500, 0.08715574274765894300, 0.0000000000000000000 ) ) ;
#33 = CARTESIAN_POINT ( 'NONE',  ( 3.200000000000002000, 21.19999999999999900, 9.999999999999818800 ) ) ;
#34 = DIRECTION ( 'NONE',  ( 0.9961946980917455500, -0.08715574274765833200, 0.0000000000000000000 ) ) ;
#35 = CARTESIAN_POINT ( 'NONE',  ( 1.199999999999998800, 7.894024400970566900, 9.999999999999955600 ) ) ;
#36 = FACE_OUTER_BOUND ( 'NONE', #1496, .T. ) ;
#37 = CARTESIAN_POINT ( 'NONE',  ( 10.21262780181254100, 20.77123726843824900, -4.018673016574969600 ) ) ;
#38 = FACE_OUTER_BOUND ( 'NONE', #3141, .T. ) ;
#39 = ORIENTED_EDGE ( 'NONE', *, *, #525, .T. ) ;
#40 = DIRECTION ( 'NONE',  ( -0.08715574274765833200, -0.9961946980917455500, 0.0000000000000000000 ) ) ;
#41 = EDGE_CURVE ( 'NONE', #2271, #394, #1817, .T. ) ;
#42 = CARTESIAN_POINT ( 'NONE',  ( 10.61358957648826400, 14.21128772782411600, 8.808572679493760700 ) ) ;
#43 = CARTESIAN_POINT ( 'NONE',  ( 9.896616008401808900, 12.90047029230035000, 7.260566481267081200 ) ) ;
#44 = EDGE_CURVE ( 'NONE', #558, #3774, #857, .T. ) ;
#45 = CARTESIAN_POINT ( 'NONE',  ( 10.10340595770556300, 20.51697219490668900, 3.509966761155361300 ) ) ;
#46 = CARTESIAN_POINT ( 'NONE',  ( 9.848198257113656600, 19.19696800820091200, -2.907667049136214200 ) ) ;
#47 = CARTESIAN_POINT ( 'NONE',  ( 3.130017829339000200, 19.20136056935630000, -10.00000000000014600 ) ) ;
#48 = ORIENTED_EDGE ( 'NONE', *, *, #3561, .F. ) ;
#49 = CARTESIAN_POINT ( 'NONE',  ( 10.53604077970409100, 13.32490092456487400, -9.049239100623282200 ) ) ;
#50 = DIRECTION ( 'NONE',  ( -0.0000000000000000000, -7.037085798773819200E-015, -1.000000000000000000 ) ) ;
#51 = DIRECTION ( 'NONE',  ( -3.285461128743952600E-018, 1.000000000000000000, -7.037085798773818400E-015 ) ) ;
#52 = EDGE_LOOP ( 'NONE', ( #3034, #3516, #1236, #744 ) ) ;
#53 = CARTESIAN_POINT ( 'NONE',  ( 9.470449385538870500, 14.91359145068779100, 4.050263165184835800 ) ) ;
#54 = CARTESIAN_POINT ( 'NONE',  ( 9.626629004499756400, 9.814504716634024500, 4.527237757743131800 ) ) ;
#55 = CARTESIAN_POINT ( 'NONE',  ( -3.285461128743429900E-018, 0.9999999999998411300, -10.00000000000001600 ) ) ;
#56 = CARTESIAN_POINT ( 'NONE',  ( 10.50401371173510300, 21.91112923404937300, -2.885386036022041400 ) ) ;
#57 = DIRECTION ( 'NONE',  ( 0.9961946980917456600, -0.08715574274765830500, 0.0000000000000000000 ) ) ;
#58 = B_SPLINE_CURVE_WITH_KNOTS ( 'NONE', 3,
 ( #3120, #3125, #3072, #3081 ),
 .UNSPECIFIED., .F., .F.,
 ( 4, 4 ),
 ( 1.430489624538199200E-017, 8.382099455714221600E-005 ),
 .UNSPECIFIED. ) ;
#59 = CARTESIAN_POINT ( 'NONE',  ( 10.60296391295757200, 21.84204882525437700, 4.115084835746995600 ) ) ;
#60 = ORIENTED_EDGE ( 'NONE', *, *, #150, .F. ) ;
#61 = ORIENTED_EDGE ( 'NONE', *, *, #948, .F. ) ;
#62 = DIRECTION ( 'NONE',  ( 0.08715574274765858200, 0.9961946980917455500, 0.0000000000000000000 ) ) ;
#63 = ORIENTED_EDGE ( 'NONE', *, *, #70, .T. ) ;
#64 = TOROIDAL_SURFACE ( 'NONE', #3485, 1.750263165184840800, 10.00000000000000000 ) ;
#65 = CARTESIAN_POINT ( 'NONE',  ( 4.000000000000000900, 31.80000000000000100, 12.60000000000000000 ) ) ;
#66 = DIRECTION ( 'NONE',  ( 0.0000000000000000000, 0.0000000000000000000, 1.000000000000000000 ) ) ;
#67 = CARTESIAN_POINT ( 'NONE',  ( 10.35219994262413600, 11.22359054135752200, -8.390560970561963900 ) ) ;
#68 = ORIENTED_EDGE ( 'NONE', *, *, #5, .T. ) ;
#69 = VERTEX_POINT ( 'NONE', #100 ) ;
#70 = EDGE_CURVE ( 'NONE', #943, #2530, #1731, .T. ) ;
#71 = DIRECTION ( 'NONE',  ( 1.000000000000000000, 0.0000000000000000000, 0.0000000000000000000 ) ) ;
#72 = ORIENTED_EDGE ( 'NONE', *, *, #150, .T. ) ;
#73 = CARTESIAN_POINT ( 'NONE',  ( 9.496596108363144500, 15.21244986011506500, 4.050263165184874800 ) ) ;
#74 = CARTESIAN_POINT ( 'NONE',  ( 2.328384477329699100, 13.70398818489144000, -10.00000000000008300 ) ) ;
#75 = DIRECTION ( 'NONE',  ( 9.011083435999336700E-016, -1.000000000000000000, 6.881190987490402200E-015 ) ) ;
#76 = CARTESIAN_POINT ( 'NONE',  ( 9.545156294213777300, 10.71348585074807300, -5.038061394797978200 ) ) ;
#77 = ORIENTED_EDGE ( 'NONE', *, *, #3398, .F. ) ;
#78 = DIRECTION ( 'NONE',  ( 1.000000000000000000, -0.0000000000000000000, -0.0000000000000000000 ) ) ;
#79 = CARTESIAN_POINT ( 'NONE',  ( 9.932049327718914400, 20.12083253028712800, 2.657853844071437900 ) ) ;
#80 = VERTEX_POINT ( 'NONE', #2326 ) ;
#81 = ORIENTED_EDGE ( 'NONE', *, *, #2513, .T. ) ;
#82 = DIRECTION ( 'NONE',  ( 0.0000000000000000000, 0.0000000000000000000, -1.000000000000000000 ) ) ;
#83 = CARTESIAN_POINT ( 'NONE',  ( 9.418155939890226600, 14.31587463183221400, 4.050263165184844600 ) ) ;
#84 = CARTESIAN_POINT ( 'NONE',  ( 10.65944596608226800, 21.63712098386457300, 4.988712418971693400 ) ) ;
#85 = CARTESIAN_POINT ( 'NONE',  ( 9.623090527065342000, 9.774059734475597900, 4.438834252357200000 ) ) ;
#86 = CARTESIAN_POINT ( 'NONE',  ( 1.905468326672107700, 13.34938484408337400, 9.999999999999934300 ) ) ;
#87 = ORIENTED_EDGE ( 'NONE', *, *, #2895, .F. ) ;
#88 = CARTESIAN_POINT ( 'NONE',  ( 9.756444718877157000, 18.00041159758321300, 4.603323881648267800 ) ) ;
#89 = CARTESIAN_POINT ( 'NONE',  ( 11.25110897899480200, 22.97335954551374100, 4.677027337736015000 ) ) ;
#90 = CARTESIAN_POINT ( 'NONE',  ( 10.57460013137851200, 13.76563633096402700, -9.094071227966688700 ) ) ;
#91 = B_SPLINE_CURVE_WITH_KNOTS ( 'NONE', 3,
 ( #2045, #2043, #2996, #2620 ),
 .UNSPECIFIED., .F., .F.,
 ( 4, 4 ),
 ( 0.0000000000000000000, 0.002999999999999826600 ),
 .UNSPECIFIED. ) ;
#92 = CARTESIAN_POINT ( 'NONE',  ( 10.61358957524275800, 14.21128771358788600, 9.094071250352241600 ) ) ;
#93 = DIRECTION ( 'NONE',  ( 0.0000000000000000000, -7.037085798773819900E-015, -1.000000000000000000 ) ) ;
#94 = DIRECTION ( 'NONE',  ( 0.0000000000000000000, -7.037085798773818400E-015, -1.000000000000000000 ) ) ;
#95 = DIRECTION ( 'NONE',  ( -0.07525766947068768300, -0.9971641204866130700, 7.076470946767746000E-015 ) ) ;
#96 = DIRECTION ( 'NONE',  ( 1.000000000000000000, -8.673617379884041400E-016, 0.0000000000000000000 ) ) ;
#97 = CARTESIAN_POINT ( 'NONE',  ( 9.418155939890226600, 14.31587463183221100, -2.300000000000006000 ) ) ;
#98 = EDGE_CURVE ( 'NONE', #519, #1650, #2436, .T. ) ;
#99 = DIRECTION ( 'NONE',  ( -1.000000000000000000, 0.0000000000000000000, 0.0000000000000000000 ) ) ;
#100 = CARTESIAN_POINT ( 'NONE',  ( -2.380442597831219400E-030, 3.000000000000000000, 9.999999999999989300 ) ) ;
#101 = CARTESIAN_POINT ( 'NONE',  ( 9.800421939278667300, 16.39045234927535000, -6.040238039404546700 ) ) ;
#102 = CARTESIAN_POINT ( 'NONE',  ( 11.40000000000000000, 24.02168489848492800, -2.300000000000006000 ) ) ;
#103 = EDGE_CURVE ( 'NONE', #990, #2518, #1822, .T. ) ;
#104 = ORIENTED_EDGE ( 'NONE', *, *, #106, .F. ) ;
#105 = CARTESIAN_POINT ( 'NONE',  ( 10.22365623799456500, 9.754329274250714800, -7.408721404672840900 ) ) ;
#106 = EDGE_CURVE ( 'NONE', #281, #1391, #1775, .T. ) ;
#107 = CARTESIAN_POINT ( 'NONE',  ( 9.530992876682169900, 9.588049447151423300, -2.300000000000005200 ) ) ;
#108 = CARTESIAN_POINT ( 'NONE',  ( 9.845474435839717500, 19.19720631168409100, -2.502557733497503500 ) ) ;
#109 = DIRECTION ( 'NONE',  ( 0.0000000000000000000, 0.0000000000000000000, -1.000000000000000000 ) ) ;
#110 = ORIENTED_EDGE ( 'NONE', *, *, #3167, .T. ) ;
#111 = CYLINDRICAL_SURFACE ( 'NONE', #3715, 0.3999999999999993000 ) ;
#112 = AXIS2_PLACEMENT_3D ( 'NONE', #2319, #2331, #2374 ) ;
#113 = CARTESIAN_POINT ( 'NONE',  ( 9.696017812981653000, 8.764449853889885800, -2.300000000000005600 ) ) ;
#114 = CARTESIAN_POINT ( 'NONE',  ( 4.940372697077998000, 16.44012367002030900, -10.00000000000010500 ) ) ;
#115 = CARTESIAN_POINT ( 'NONE',  ( 4.976713682273022200, 17.21854632709139900, -10.00000000000011200 ) ) ;
#116 = DIRECTION ( 'NONE',  ( -0.0000000000000000000, -0.0000000000000000000, -1.000000000000000000 ) ) ;
#117 = ORIENTED_EDGE ( 'NONE', *, *, #182, .F. ) ;
#118 = DIRECTION ( 'NONE',  ( 1.000000000000000000, -0.0000000000000000000, -0.0000000000000000000 ) ) ;
#119 = CARTESIAN_POINT ( 'NONE',  ( 10.48535638612352400, 12.74557565500234400, 8.642994954725210700 ) ) ;
#120 = CARTESIAN_POINT ( 'NONE',  ( 10.26286284845372300, 19.09362520242346100, -6.560868723118295200 ) ) ;
#121 = ORIENTED_EDGE ( 'NONE', *, *, #3513, .T. ) ;
#122 = CARTESIAN_POINT ( 'NONE',  ( 10.45975849980430700, 12.45299047553645600, -8.872387436626720400 ) ) ;
#123 = CARTESIAN_POINT ( 'NONE',  ( 9.486661265387097000, 12.80415143614506400, 0.0000000000000000000 ) ) ;
#124 = VERTEX_POINT ( 'NONE', #198 ) ;
#125 = VECTOR ( 'NONE', #186, 1000.000000000000000 ) ;
#126 = EDGE_CURVE ( 'NONE', #1276, #805, #1510, .T. ) ;
#127 = EDGE_LOOP ( 'NONE', ( #1452, #573, #2699, #2248 ) ) ;
#128 = CARTESIAN_POINT ( 'NONE',  ( 11.40000000000000000, 25.19999999999999900, 12.60000000000000000 ) ) ;
#129 = CARTESIAN_POINT ( 'NONE',  ( 5.599999999999999600, 31.80000000000000100, 12.60000000000000000 ) ) ;
#130 = DIRECTION ( 'NONE',  ( 0.0000000000000000000, 0.0000000000000000000, -1.000000000000000000 ) ) ;
#131 = CARTESIAN_POINT ( 'NONE',  ( -10.00000000000000200, 1.000000000000000000, -10.00000000000001800 ) ) ;
#132 = EDGE_LOOP ( 'NONE', ( #2117, #2443, #1539, #1326 ) ) ;
#133 = CARTESIAN_POINT ( 'NONE',  ( 10.09162884645044800, 9.527692033385687200, 6.451745565936565000 ) ) ;
#134 = CARTESIAN_POINT ( 'NONE',  ( 4.961421993339540900, 20.25233072248436600, 23.35505140532086100 ) ) ;
#135 = CARTESIAN_POINT ( 'NONE',  ( 9.765559642179605100, 15.99197447003864900, 0.0000000000000000000 ) ) ;
#136 = STYLED_ITEM ( 'NONE', ( #2545 ), #595 ) ;
#137 = CARTESIAN_POINT ( 'NONE',  ( 10.42271870479124000, 12.02962368125352900, -8.741523860586461600 ) ) ;
#138 = FACE_OUTER_BOUND ( 'NONE', #2802, .T. ) ;
#139 = ORIENTED_EDGE ( 'NONE', *, *, #3459, .F. ) ;
#140 = B_SPLINE_CURVE_WITH_KNOTS ( 'NONE', 3,
 ( #1138, #2950, #3729, #2092 ),
 .UNSPECIFIED., .F., .F.,
 ( 4, 4 ),
 ( 0.0000000000000000000, 0.003000000027042842000 ),
 .UNSPECIFIED. ) ;
#141 = CARTESIAN_POINT ( 'NONE',  ( 10.74697460262052000, 17.21107757559167000, 8.553663185991402100 ) ) ;
#142 = DIRECTION ( 'NONE',  ( 1.000000000000000000, -0.0000000000000000000, -0.0000000000000000000 ) ) ;
#143 = FACE_OUTER_BOUND ( 'NONE', #1288, .T. ) ;
#144 = ORIENTED_EDGE ( 'NONE', *, *, #659, .T. ) ;
#145 = LINE ( 'NONE', #1022, #1043 ) ;
#146 = CARTESIAN_POINT ( 'NONE',  ( 9.979063132512406400, 8.137614179093404200, 3.957848704875368100 ) ) ;
#147 = PLANE ( 'NONE',  #2361 ) ;
#148 = ORIENTED_EDGE ( 'NONE', *, *, #3101, .F. ) ;
#149 = CARTESIAN_POINT ( 'NONE',  ( 10.03976332394363700, 7.652423648541671700, 3.845638624846328600 ) ) ;
#150 = EDGE_CURVE ( 'NONE', #1151, #3705, #1665, .T. ) ;
#151 = CARTESIAN_POINT ( 'NONE',  ( 10.36955993502827600, 11.42201616251238000, -8.485866820759543600 ) ) ;
#152 = LINE ( 'NONE', #3246, #185 ) ;
#153 = LINE ( 'NONE', #3127, #953 ) ;
#154 = DIRECTION ( 'NONE',  ( 1.000000000000000000, 0.0000000000000000000, 0.0000000000000000000 ) ) ;
#155 = CARTESIAN_POINT ( 'NONE',  ( 4.976713682273022200, 17.21854632709154100, 9.999999999999905900 ) ) ;
#156 = ORIENTED_EDGE ( 'NONE', *, *, #1754, .T. ) ;
#157 = DIRECTION ( 'NONE',  ( 0.9961946980917455500, -0.08715574274765829100, 0.0000000000000000000 ) ) ;
#158 = CYLINDRICAL_SURFACE ( 'NONE', #2168, 0.3999999999999993000 ) ;
#159 = PLANE ( 'NONE',  #3693 ) ;
#160 = EDGE_LOOP ( 'NONE', ( #1770, #2301, #834, #825 ) ) ;
#161 = DIRECTION ( 'NONE',  ( -0.0000000000000000000, -0.0000000000000000000, -1.000000000000000000 ) ) ;
#162 = DIRECTION ( 'NONE',  ( 0.0000000000000000000, 0.0000000000000000000, 1.000000000000000000 ) ) ;
#163 = ORIENTED_EDGE ( 'NONE', *, *, #1854, .T. ) ;
#164 = CARTESIAN_POINT ( 'NONE',  ( 7.930190452764477100, 11.27564434701785400, 7.000000000000000000 ) ) ;
#165 = CARTESIAN_POINT ( 'NONE',  ( 10.30147403437696200, 10.64379075698728800, -8.063462097103798200 ) ) ;
#166 = ORIENTED_EDGE ( 'NONE', *, *, #1671, .F. ) ;
#167 = ORIENTED_EDGE ( 'NONE', *, *, #2669, .F. ) ;
#168 = DIRECTION ( 'NONE',  ( 0.0000000000000000000, 0.0000000000000000000, 1.000000000000000000 ) ) ;
#169 = CARTESIAN_POINT ( 'NONE',  ( 9.972085681690623800, 8.049830846122077300, -3.320465496282272600 ) ) ;
#170 = CARTESIAN_POINT ( 'NONE',  ( 7.930190452764477100, 8.677568135664550700, -8.500000000000005300 ) ) ;
#171 = VERTEX_POINT ( 'NONE', #240 ) ;
#172 = EDGE_CURVE ( 'NONE', #1865, #1900, #1406, .T. ) ;
#173 = CARTESIAN_POINT ( 'NONE',  ( 11.37654778587246300, 23.09294350914392900, 5.204321338094803000 ) ) ;
#174 = CARTESIAN_POINT ( 'NONE',  ( 10.06564524131536800, 7.948255317790702700, -3.986253269374667500 ) ) ;
#175 = CARTESIAN_POINT ( 'NONE',  ( 3.524305502200570000, 14.55560693673222900, 9.999999999999927200 ) ) ;
#176 = VERTEX_POINT ( 'NONE', #263 ) ;
#177 = CARTESIAN_POINT ( 'NONE',  ( 0.09999999999999896500, 9.930572883139394200, 23.35505140532093900 ) ) ;
#178 = ORIENTED_EDGE ( 'NONE', *, *, #984, .F. ) ;
#179 = EDGE_CURVE ( 'NONE', #3140, #1961, #1461, .T. ) ;
#180 = CARTESIAN_POINT ( 'NONE',  ( 9.807408184091436000, 13.48905589081038200, 6.974589631209566300 ) ) ;
#181 = ORIENTED_EDGE ( 'NONE', *, *, #1358, .T. ) ;
#182 = EDGE_CURVE ( 'NONE', #1040, #1900, #297, .T. ) ;
#183 = CARTESIAN_POINT ( 'NONE',  ( 10.12131198322879500, 16.17919152086690800, -7.286800329765804400 ) ) ;
#184 = CARTESIAN_POINT ( 'NONE',  ( 10.03277090119025200, 8.803262772619136800, -5.446985083042847000 ) ) ;
#185 = VECTOR ( 'NONE', #1460, 1000.000000000000000 ) ;
#186 = DIRECTION ( 'NONE',  ( -0.0000000000000000000, -0.0000000000000000000, -1.000000000000000000 ) ) ;
#187 = CARTESIAN_POINT ( 'NONE',  ( 9.505311682637939800, 15.31206932992457600, -4.050263165184406800 ) ) ;
#188 = B_SPLINE_CURVE_WITH_KNOTS ( 'NONE', 3,
 ( #3199, #3176, #3724, #3786 ),
 .UNSPECIFIED., .F., .F.,
 ( 4, 4 ),
 ( 0.0008999304059047969300, 0.0009722729895336270700 ),
 .UNSPECIFIED. ) ;
#189 = B_SPLINE_CURVE_WITH_KNOTS ( 'NONE', 3,
 ( #1545, #1707, #1716, #1723, #1734, #1743, #1746, #1756, #2663, #2167, #2141, #2065 ),
 .UNSPECIFIED., .F., .F.,
 ( 4, 2, 2, 2, 2, 4 ),
 ( 0.0000000000000000000, 0.0007934212302354054900, 0.001190131845353110700, 0.001388487152911963600, 0.001487664806691388700, 0.001586842460470813800 ),
 .UNSPECIFIED. ) ;
#190 = AXIS2_PLACEMENT_3D ( 'NONE', #576, #617, #3876 ) ;
#191 = FACE_OUTER_BOUND ( 'NONE', #1996, .T. ) ;
#192 = CARTESIAN_POINT ( 'NONE',  ( 10.64241764199973700, 21.75375043749896900, -4.631513666083871600 ) ) ;
#193 = CARTESIAN_POINT ( 'NONE',  ( 9.280617830964221300, 12.42064996583367900, -2.814666173310699500 ) ) ;
#194 = LINE ( 'NONE', #3719, #1171 ) ;
#195 = FACE_OUTER_BOUND ( 'NONE', #3177, .T. ) ;
#196 = CARTESIAN_POINT ( 'NONE',  ( 10.25327434268145600, 10.09286575993062000, -7.690085060047180400 ) ) ;
#197 = CARTESIAN_POINT ( 'NONE',  ( -10.00000000000000200, 31.80000000000012200, 7.999999999999781500 ) ) ;
#198 = CARTESIAN_POINT ( 'NONE',  ( 9.418155939890333200, 14.31587463183342900, -4.050263165184842000 ) ) ;
#199 = CARTESIAN_POINT ( 'NONE',  ( 10.30147403440696000, 10.64379075733009800, -8.063462096925793100 ) ) ;
#200 = DIRECTION ( 'NONE',  ( -0.6643638388299196700, 0.7474093186836597800, 0.0000000000000000000 ) ) ;
#201 = EDGE_CURVE ( 'NONE', #3233, #823, #1369, .T. ) ;
#202 = ORIENTED_EDGE ( 'NONE', *, *, #2215, .T. ) ;
#203 = ORIENTED_EDGE ( 'NONE', *, *, #1032, .T. ) ;
#204 = CARTESIAN_POINT ( 'NONE',  ( 10.64756922589761200, 21.73622839211692800, -4.704276414937888600 ) ) ;
#205 = CARTESIAN_POINT ( 'NONE',  ( 9.765559642179605100, 15.99197447003864900, 0.0000000000000000000 ) ) ;
#206 = CARTESIAN_POINT ( 'NONE',  ( 9.880547060655054300, 13.38477204511704100, 7.208561296980255100 ) ) ;
#207 = ORIENTED_EDGE ( 'NONE', *, *, #3837, .T. ) ;
#208 = DIRECTION ( 'NONE',  ( -7.000356172721704900E-016, -9.099100844000066800E-017, -1.000000000000000000 ) ) ;
#209 = CARTESIAN_POINT ( 'NONE',  ( 10.43071745518266400, 12.12104981659780600, -8.475131476174590600 ) ) ;
#210 = ORIENTED_EDGE ( 'NONE', *, *, #1418, .F. ) ;
#211 = CARTESIAN_POINT ( 'NONE',  ( 10.65595439052341400, 21.69406843795506000, -4.848418342083804500 ) ) ;
#212 = ORIENTED_EDGE ( 'NONE', *, *, #3763, .F. ) ;
#213 = CARTESIAN_POINT ( 'NONE',  ( 10.46100600865166500, 12.46724956690989600, 8.864797611490784500 ) ) ;
#214 = ORIENTED_EDGE ( 'NONE', *, *, #2544, .T. ) ;
#215 = VERTEX_POINT ( 'NONE', #520 ) ;
#216 = DIRECTION ( 'NONE',  ( 0.0000000000000000000, -0.0000000000000000000, 1.000000000000000000 ) ) ;
#217 = CARTESIAN_POINT ( 'NONE',  ( 9.904363205625477600, 13.32074903938741500, 7.281797475921362800 ) ) ;
#218 = EDGE_CURVE ( 'NONE', #2253, #1409, #1341, .T. ) ;
#219 = CARTESIAN_POINT ( 'NONE',  ( 10.65944596608226800, 21.63712098386460500, 2.299999999999995800 ) ) ;
#220 = CARTESIAN_POINT ( 'NONE',  ( 10.48550740213141600, 14.22249347888831600, -8.553663241227221500 ) ) ;
#221 = CARTESIAN_POINT ( 'NONE',  ( 9.911717928488487300, 13.29571280889852500, 7.304184426832669900 ) ) ;
#222 = CARTESIAN_POINT ( 'NONE',  ( 10.31820089725951900, 10.83497967459602600, -8.179726665008297800 ) ) ;
#223 = EDGE_CURVE ( 'NONE', #281, #2387, #1357, .T. ) ;
#224 = DIRECTION ( 'NONE',  ( 1.000000000000000000, 0.0000000000000000000, 0.0000000000000000000 ) ) ;
#225 = CARTESIAN_POINT ( 'NONE',  ( 4.845174362958382600, 17.96070199674434100, -10.00000000000011500 ) ) ;
#226 = CYLINDRICAL_SURFACE ( 'NONE', #1983, 0.9907352569610040600 ) ;
#227 = CARTESIAN_POINT ( 'NONE',  ( 10.36422999668043800, 12.81439331057723200, 8.396229014129524200 ) ) ;
#228 = CARTESIAN_POINT ( 'NONE',  ( 11.24436539783591900, 22.96912327022931400, -4.655484530725838800 ) ) ;
#229 = CARTESIAN_POINT ( 'NONE',  ( 11.39999999999999900, 23.95183475243259600, -3.424764839469619700 ) ) ;
#230 = CARTESIAN_POINT ( 'NONE',  ( 10.25416629483558700, 10.10306081970394500, 7.697823077466194000 ) ) ;
#231 = CARTESIAN_POINT ( 'NONE',  ( 9.921282032407337000, 13.23593615779469500, 7.333608085462755000 ) ) ;
#232 = AXIS2_PLACEMENT_3D ( 'NONE', #1309, #1658, #3613 ) ;
#233 = DIRECTION ( 'NONE',  ( 0.9961946980917455500, -0.08715574274765830500, 0.0000000000000000000 ) ) ;
#234 = CARTESIAN_POINT ( 'NONE',  ( 7.930190452764477100, 21.19999999999999900, -12.60000000000014900 ) ) ;
#235 = CARTESIAN_POINT ( 'NONE',  ( 9.800421939278665600, 16.39045234927535000, 6.040238039398911200 ) ) ;
#236 = FACE_OUTER_BOUND ( 'NONE', #3778, .T. ) ;
#237 = DIRECTION ( 'NONE',  ( 0.0000000000000000000, -0.0000000000000000000, 1.000000000000000000 ) ) ;
#238 = ADVANCED_FACE ( 'NONE', ( #1351 ), #1161, .T. ) ;
#239 = CARTESIAN_POINT ( 'NONE',  ( 10.25108388115181600, 11.46713374245254300, 7.929184588765824800 ) ) ;
#240 = CARTESIAN_POINT ( 'NONE',  ( 10.35675406051279200, 11.27564434701785600, -10.00000000000000200 ) ) ;
#241 = CARTESIAN_POINT ( 'NONE',  ( 10.14463561517109400, 8.851119422381764000, -6.431562579113202300 ) ) ;
#242 = EDGE_CURVE ( 'NONE', #569, #3795, #1347, .T. ) ;
#243 = FACE_OUTER_BOUND ( 'NONE', #3669, .T. ) ;
#244 = EDGE_CURVE ( 'NONE', #3291, #873, #1300, .T. ) ;
#245 = CARTESIAN_POINT ( 'NONE',  ( 9.601182999660316900, 16.40788349782488000, 8.799999999999998900 ) ) ;
#246 = CARTESIAN_POINT ( 'NONE',  ( 11.22867061087841400, 23.40375547345725900, -2.300000000000006000 ) ) ;
#247 = ORIENTED_EDGE ( 'NONE', *, *, #3536, .F. ) ;
#248 = VERTEX_POINT ( 'NONE', #719 ) ;
#249 = CARTESIAN_POINT ( 'NONE',  ( 9.852499687529997300, 16.38589613668139200, 6.297684220842373100 ) ) ;
#250 = CARTESIAN_POINT ( 'NONE',  ( 3.999999999999998200, 31.79999999999996900, 7.999999999999781500 ) ) ;
#251 = VERTEX_POINT ( 'NONE', #694 ) ;
#252 = CARTESIAN_POINT ( 'NONE',  ( 10.16361761796185600, 9.068084707097721500, 6.282472584195690300 ) ) ;
#253 = CARTESIAN_POINT ( 'NONE',  ( 10.83080424812682500, 17.20374343194247400, 8.720501138016011600 ) ) ;
#254 =( LENGTH_UNIT ( ) NAMED_UNIT ( * ) SI_UNIT ( .MILLI., .METRE. ) );
#255 = DIRECTION ( 'NONE',  ( -0.0000000000000000000, -1.000000000000000000, 7.037085798773819200E-015 ) ) ;
#256 = CARTESIAN_POINT ( 'NONE',  ( 10.16942203369004000, 9.134429482451324100, -6.781464583863467500 ) ) ;
#257 = ORIENTED_EDGE ( 'NONE', *, *, #3052, .T. ) ;
#258 = ADVANCED_FACE ( 'NONE', ( #1200 ), #618, .F. ) ;
#259 = ADVANCED_FACE ( 'NONE', ( #1158 ), #723, .T. ) ;
#260 = CARTESIAN_POINT ( 'NONE',  ( 10.00959572187304600, 18.78131962469553800, 0.0000000000000000000 ) ) ;
#261 = CARTESIAN_POINT ( 'NONE',  ( 10.20427876777890400, 21.06581432168969300, -2.300000000000005200 ) ) ;
#262 = CARTESIAN_POINT ( 'NONE',  ( 9.913962426881823800, 16.37201592964154200, 6.552689011778167800 ) ) ;
#263 = CARTESIAN_POINT ( 'NONE',  ( 9.800421939278665600, 16.39045234927535000, 6.040238039398911200 ) ) ;
#264 = ORIENTED_EDGE ( 'NONE', *, *, #2765, .F. ) ;
#265 = EDGE_CURVE ( 'NONE', #1444, #3339, #1109, .T. ) ;
#266 = DIRECTION ( 'NONE',  ( 0.0000000000000000000, 0.0000000000000000000, 1.000000000000000000 ) ) ;
#267 = CARTESIAN_POINT ( 'NONE',  ( 9.970603483783257600, 15.26755942821849600, 7.074387252465771600 ) ) ;
#268 = VECTOR ( 'NONE', #2344, 1000.000000000000000 ) ;
#269 = CARTESIAN_POINT ( 'NONE',  ( 10.14532428282625500, 8.858990929699407600, 6.442275552741523200 ) ) ;
#270 = DIRECTION ( 'NONE',  ( 1.000000000000000000, -0.0000000000000000000, -0.0000000000000000000 ) ) ;
#271 = CARTESIAN_POINT ( 'NONE',  ( 9.933974493625125700, 20.14316033063441200, -2.300000000000006000 ) ) ;
#272 = ADVANCED_FACE ( 'NONE', ( #1067 ), #896, .F. ) ;
#273 = CARTESIAN_POINT ( 'NONE',  ( 10.01539034284356500, 16.30693215828721100, 6.925625553112953800 ) ) ;
#274 = ADVANCED_FACE ( 'NONE', ( #1049 ), #2059, .F. ) ;
#275 = LINE ( 'NONE', #3711, #268 ) ;
#276 = CARTESIAN_POINT ( 'NONE',  ( 10.05126199452007400, 16.27792935351586900, 7.049932369132032600 ) ) ;
#277 = AXIS2_PLACEMENT_3D ( 'NONE', #2183, #2147, #2132 ) ;
#278 = ORIENTED_EDGE ( 'NONE', *, *, #223, .T. ) ;
#279 = LINE ( 'NONE', #2939, #322 ) ;
#280 = LINE ( 'NONE', #2081, #1640 ) ;
#281 = VERTEX_POINT ( 'NONE', #1114 ) ;
#282 = CARTESIAN_POINT ( 'NONE',  ( 9.928993232484273800, 15.24358084512734400, 6.947724244156808600 ) ) ;
#283 = CARTESIAN_POINT ( 'NONE',  ( 10.12945184504299900, 8.677568135664541800, 8.500000000000000000 ) ) ;
#284 = CARTESIAN_POINT ( 'NONE',  ( 9.844410807004381400, 19.18590742054485400, -2.300000000000006000 ) ) ;
#285 = EDGE_CURVE ( 'NONE', #3720, #1865, #1093, .T. ) ;
#286 = ORIENTED_EDGE ( 'NONE', *, *, #2886, .F. ) ;
#287 = CARTESIAN_POINT ( 'NONE',  ( 11.22910271213368600, 22.95189996506700300, -4.628260551450987100 ) ) ;
#288 = VECTOR ( 'NONE', #3690, 1000.000000000000000 ) ;
#289 = CARTESIAN_POINT ( 'NONE',  ( 10.04422306712757500, 7.703398746390862000, -4.051379488772284700 ) ) ;
#290 = CARTESIAN_POINT ( 'NONE',  ( 9.540521904103853100, 9.597464438381562600, 3.051419995647073300 ) ) ;
#291 = ORIENTED_EDGE ( 'NONE', *, *, #649, .T. ) ;
#292 = EDGE_CURVE ( 'NONE', #3804, #1619, #882, .T. ) ;
#293 = ADVANCED_FACE ( 'NONE', ( #955 ), #1329, .T. ) ;
#294 = ORIENTED_EDGE ( 'NONE', *, *, #3636, .F. ) ;
#295 = EDGE_CURVE ( 'NONE', #215, #519, #959, .T. ) ;
#296 = CARTESIAN_POINT ( 'NONE',  ( 9.567652434219057900, 9.637243314081848300, 3.611246595033154700 ) ) ;
#297 = B_SPLINE_CURVE_WITH_KNOTS ( 'NONE', 3,
 ( #429, #351, #253, #439 ),
 .UNSPECIFIED., .F., .F.,
 ( 4, 4 ),
 ( 0.0000000000000000000, 1.000000000000000000 ),
 .UNSPECIFIED. ) ;
#298 = CARTESIAN_POINT ( 'NONE',  ( 9.578854051976160000, 9.654742415740189500, 3.797110611422914100 ) ) ;
#299 = DIRECTION ( 'NONE',  ( 0.9961946980917455500, -0.08715574274765830500, 0.0000000000000000000 ) ) ;
#300 = CARTESIAN_POINT ( 'NONE',  ( 9.597431316653754200, 9.694932692792621200, 4.073761408330563300 ) ) ;
#301 = AXIS2_PLACEMENT_3D ( 'NONE', #2596, #2618, #2601 ) ;
#302 = CARTESIAN_POINT ( 'NONE',  ( 10.10354668841307600, 16.20787667931307000, 7.227265283370420500 ) ) ;
#303 = AXIS2_PLACEMENT_3D ( 'NONE', #3543, #2457, #3807 ) ;
#304 = ORIENTED_EDGE ( 'NONE', *, *, #3494, .F. ) ;
#305 = ORIENTED_EDGE ( 'NONE', *, *, #1381, .F. ) ;
#306 = CARTESIAN_POINT ( 'NONE',  ( 10.11308256434882200, 8.490466401171438800, 5.885727171036298200 ) ) ;
#307 = CARTESIAN_POINT ( 'NONE',  ( 11.40000000000000000, 23.19999999999999900, 12.60000000000000000 ) ) ;
#308 = CARTESIAN_POINT ( 'NONE',  ( 9.603923806113861900, 9.710631435342911300, 4.165623728549437700 ) ) ;
#309 = CARTESIAN_POINT ( 'NONE',  ( 10.10204405047219100, 8.364295610216848000, -5.693981196591519000 ) ) ;
#310 = CARTESIAN_POINT ( 'NONE',  ( 10.12064408619694000, 16.18050246743772600, 7.284531874027488900 ) ) ;
#311 = CARTESIAN_POINT ( 'NONE',  ( 9.616520606580373000, 9.751276166218900700, 4.348014958398088000 ) ) ;
#312 = EDGE_CURVE ( 'NONE', #949, #2626, #3776, .T. ) ;
#313 = CARTESIAN_POINT ( 'NONE',  ( 10.14351622908209200, 16.12447262271872000, 7.364022825958676000 ) ) ;
#314 = B_SPLINE_CURVE_WITH_KNOTS ( 'NONE', 3,
 ( #2934, #2928, #2838, #3022, #3005, #3534, #169, #846, #3007, #3048, #3053, #3060, #3061, #3074, #3079, #1835, #3097, #3102, #3103, #3110, #3115, #3117, #3030, #3028, #2954, #1304, #3042, #3037, #1235, #3777 ),
 .UNSPECIFIED., .F., .F.,
 ( 4, 2, 2, 2, 2, 2, 2, 2, 2, 2, 2, 2, 2, 2, 4 ),
 ( -5.999999999643656700E-008, 0.0003057523011554073200, 0.0006115646023108111300, 0.001223189204621620200, 0.001834813806932429100, 0.002446438409243237800, 0.003669687613864857900, 0.004892936818486478800, 0.006116186023108098800, 0.006727810625418911000, 0.007339435227729724000, 0.008562684432351344900, 0.009174309034662157100, 0.009480121335817560600, 0.009785933636972964100 ),
 .UNSPECIFIED. ) ;
#315 = CARTESIAN_POINT ( 'NONE',  ( 10.54648392909408400, 20.94216341941794800, -5.679970996073310900 ) ) ;
#316 = CARTESIAN_POINT ( 'NONE',  ( 3.200000000000002000, 21.19999999999999900, 12.60000000000000000 ) ) ;
#317 = CARTESIAN_POINT ( 'NONE',  ( 9.054430712544403900, 10.15847625943571100, -4.050263165185741700 ) ) ;
#318 = CARTESIAN_POINT ( 'NONE',  ( 10.62614214622883500, 21.80025542996658700, -4.411990171548168900 ) ) ;
#319 = CARTESIAN_POINT ( 'NONE',  ( 10.20427866334527400, 21.06581464526456700, -2.568718016311466900 ) ) ;
#320 = AXIS2_PLACEMENT_3D ( 'NONE', #381, #2922, #2969 ) ;
#321 = CARTESIAN_POINT ( 'NONE',  ( 10.46530617404721800, 12.51640068231603600, -8.630822397060502000 ) ) ;
#322 = VECTOR ( 'NONE', #778, 1000.000000000000000 ) ;
#323 = CARTESIAN_POINT ( 'NONE',  ( 10.74697463037435500, 17.21107757316352500, 2.299999999999995800 ) ) ;
#324 = CARTESIAN_POINT ( 'NONE',  ( 9.679623168133201000, 17.30445872610744800, 4.050263165184834900 ) ) ;
#325 = CIRCLE ( 'NONE', #3853, 6.794071250352223100 ) ;
#326 = CARTESIAN_POINT ( 'NONE',  ( 10.15054918444982900, 16.10346833433126400, 7.389036725118143200 ) ) ;
#327 = ORIENTED_EDGE ( 'NONE', *, *, #2001, .T. ) ;
#328 = DIRECTION ( 'NONE',  ( 0.9961946980917455500, -0.08715574274765829100, -0.0000000000000000000 ) ) ;
#329 = ORIENTED_EDGE ( 'NONE', *, *, #2786, .F. ) ;
#330 = ORIENTED_EDGE ( 'NONE', *, *, #2221, .F. ) ;
#331 = VECTOR ( 'NONE', #737, 1000.000000000000000 ) ;
#332 = CARTESIAN_POINT ( 'NONE',  ( 8.701368512378138600, -0.7612711019945270800, 0.0000000000000000000 ) ) ;
#333 = CARTESIAN_POINT ( 'NONE',  ( 10.04707724974054300, 7.736022202938674900, 0.7666666666666627200 ) ) ;
#334 = CARTESIAN_POINT ( 'NONE',  ( -0.7000000000000010700, 9.930572883139159800, -10.00000000000008000 ) ) ;
#335 = CARTESIAN_POINT ( 'NONE',  ( 10.08399108727273200, 8.157949296627210200, -5.304583217576083400 ) ) ;
#336 = CARTESIAN_POINT ( 'NONE',  ( 10.60296391296479800, 21.84204882524234000, -4.115084835842452500 ) ) ;
#337 = ORIENTED_EDGE ( 'NONE', *, *, #285, .F. ) ;
#338 = EDGE_CURVE ( 'NONE', #1409, #1984, #3712, .T. ) ;
#339 = DIRECTION ( 'NONE',  ( -0.0000000000000000000, 0.0000000000000000000, -1.000000000000000000 ) ) ;
#340 = CARTESIAN_POINT ( 'NONE',  ( 10.16157592779378900, 16.05377196966997400, 7.431966796924847100 ) ) ;
#341 = ORIENTED_EDGE ( 'NONE', *, *, #126, .F. ) ;
#342 = ORIENTED_EDGE ( 'NONE', *, *, #3379, .F. ) ;
#343 = ORIENTED_EDGE ( 'NONE', *, *, #828, .T. ) ;
#344 = CARTESIAN_POINT ( 'NONE',  ( 10.06190671767029200, 7.905523796997775900, -4.688743821500170700 ) ) ;
#345 = ORIENTED_EDGE ( 'NONE', *, *, #2691, .F. ) ;
#346 = ORIENTED_EDGE ( 'NONE', *, *, #295, .F. ) ;
#347 = DIRECTION ( 'NONE',  ( 0.08715574274765837400, 0.9961946980917455500, 0.0000000000000000000 ) ) ;
#348 = VERTEX_POINT ( 'NONE', #1526 ) ;
#349 = CARTESIAN_POINT ( 'NONE',  ( 10.55071146919709900, 21.91222691077634400, 3.513640502925245500 ) ) ;
#350 = AXIS2_PLACEMENT_3D ( 'NONE', #1077, #557, #1034 ) ;
#351 = CARTESIAN_POINT ( 'NONE',  ( 10.87505680584329300, 17.19987183481025600, 8.907212805948683300 ) ) ;
#352 = CARTESIAN_POINT ( 'NONE',  ( 3.200000000000002000, 21.20000000000002100, -10.00000000000016000 ) ) ;
#353 = ORIENTED_EDGE ( 'NONE', *, *, #2537, .T. ) ;
#354 = DIRECTION ( 'NONE',  ( 0.08715574274765830500, 0.9961946980917455500, 0.0000000000000000000 ) ) ;
#355 = CARTESIAN_POINT ( 'NONE',  ( 0.0000000000000000000, 5.799999999999999800, -10.00000000000005000 ) ) ;
#356 = CARTESIAN_POINT ( 'NONE',  ( 19.80092570153188100, 18.25434359822667600, 2.299999999999995800 ) ) ;
#357 = VERTEX_POINT ( 'NONE', #2049 ) ;
#358 = CARTESIAN_POINT ( 'NONE',  ( 10.05536441877407400, 7.830744978433728900, -4.477060460957694100 ) ) ;
#359 = AXIS2_PLACEMENT_3D ( 'NONE', #547, #522, #499 ) ;
#360 = DIRECTION ( 'NONE',  ( 1.000000000000000000, 0.0000000000000000000, 0.0000000000000000000 ) ) ;
#361 = PRESENTATION_LAYER_ASSIGNMENT (  '', '', ( #3648 ) ) ;
#362 = VERTEX_POINT ( 'NONE', #1688 ) ;
#363 = DIRECTION ( 'NONE',  ( 1.000000000000000000, -0.0000000000000000000, -0.0000000000000000000 ) ) ;
#364 = CARTESIAN_POINT ( 'NONE',  ( 7.930190452764475300, 21.20000000000013100, 9.999999999999861400 ) ) ;
#365 = CARTESIAN_POINT ( 'NONE',  ( 9.556385859585223100, 13.60110719461846300, -7.409048455414769300 ) ) ;
#366 = DIRECTION ( 'NONE',  ( -0.0000000000000000000, -0.0000000000000000000, -1.000000000000000000 ) ) ;
#367 = CARTESIAN_POINT ( 'NONE',  ( 10.10309049549765900, 8.376256531589913100, 5.693401241154601800 ) ) ;
#368 = EDGE_CURVE ( 'NONE', #823, #1873, #189, .T. ) ;
#369 = LINE ( 'NONE', #1411, #288 ) ;
#370 = CARTESIAN_POINT ( 'NONE',  ( 10.16555964217960400, 15.99197447002447700, 7.457810936357649500 ) ) ;
#371 = CARTESIAN_POINT ( 'NONE',  ( 10.02842802107432100, 7.522860543877389900, -3.187363134932888400 ) ) ;
#372 = CARTESIAN_POINT ( 'NONE',  ( 9.695835047981479000, 15.19501871156525000, 6.040238039398278000 ) ) ;
#373 = EDGE_CURVE ( 'NONE', #171, #1391, #2608, .T. ) ;
#374 = VECTOR ( 'NONE', #3673, 1000.000000000000000 ) ;
#375 = LINE ( 'NONE', #3198, #331 ) ;
#376 =( BOUNDED_SURFACE ( )  B_SPLINE_SURFACE ( 3, 2, ( 
 ( #1392, #3380, #1655 ),
 ( #1361, #2633, #3652 ),
 ( #1966, #2723, #3792 ),
 ( #56, #3650, #2997 ),
 ( #3716, #1779, #3462 ),
 ( #1103, #748, #2053 ) ),
 .UNSPECIFIED., .F., .F., .F. ) 
 B_SPLINE_SURFACE_WITH_KNOTS ( ( 4, 2, 4 ),
 ( 3, 3 ),
 ( 0.002659313231336314600, 0.002867727261611592200, 0.003076141291886869800 ),
 ( 0.5967281564707793700, 0.9356810601806817600 ),
 .UNSPECIFIED. ) 
 GEOMETRIC_REPRESENTATION_ITEM ( )  RATIONAL_B_SPLINE_SURFACE ( (
 ( 0.9853048764095588800, 0.9873070009154247800, 0.9963249307422257200),
 ( 0.9854852182351883100, 0.9874627722237459000, 0.9963700320096755500),
 ( 0.9856222233507234700, 0.9875811111948588100, 0.9964042953001583900),
 ( 0.9858084166337164300, 0.9877419367337553200, 0.9964508599449617400),
 ( 0.9858558080439547800, 0.9877828713419653000, 0.9964627119524511700),
 ( 0.9858556160018807600, 0.9877827054644988700, 0.9964626639250957500) ) ) 
 REPRESENTATION_ITEM ( '' )  SURFACE ( )  );
#377 = CARTESIAN_POINT ( 'NONE',  ( 9.451798968291537800, 12.40567355690806300, -5.372702571462269800 ) ) ;
#378 = EDGE_CURVE ( 'NONE', #2339, #357, #3607, .T. ) ;
#379 = CARTESIAN_POINT ( 'NONE',  ( 9.920001441722858400, 13.16776701828269900, 7.330997241176729200 ) ) ;
#380 = DIRECTION ( 'NONE',  ( 1.000000000000000000, 0.0000000000000000000, 0.0000000000000000000 ) ) ;
#381 = CARTESIAN_POINT ( 'NONE',  ( 8.500000000000000000, 27.79999999999998600, 7.978049716414140800 ) ) ;
#382 = PLANE ( 'NONE',  #1132 ) ;
#383 = ORIENTED_EDGE ( 'NONE', *, *, #891, .T. ) ;
#384 = CARTESIAN_POINT ( 'NONE',  ( 10.50520390984520500, 21.94074514601843600, 2.299999999999993600 ) ) ;
#385 = AXIS2_PLACEMENT_3D ( 'NONE', #1813, #1801, #1806 ) ;
#386 = ORIENTED_EDGE ( 'NONE', *, *, #41, .T. ) ;
#387 = CARTESIAN_POINT ( 'NONE',  ( 5.599999999999999600, 25.19999999999999900, 12.60000000000000000 ) ) ;
#388 = ORIENTED_EDGE ( 'NONE', *, *, #3610, .F. ) ;
#389 = CARTESIAN_POINT ( 'NONE',  ( 19.80092570153188100, 18.25434359822668300, 2.299999999999995800 ) ) ;
#390 = VECTOR ( 'NONE', #116, 1000.000000000000000 ) ;
#391 = CARTESIAN_POINT ( 'NONE',  ( 10.80962229383879800, 22.70837411133676700, 2.299999999999995400 ) ) ;
#392 = CARTESIAN_POINT ( 'NONE',  ( 10.03578156675282100, 15.33297573746835100, 7.253260200249508600 ) ) ;
#393 = CARTESIAN_POINT ( 'NONE',  ( 9.077869758727780800, 10.42638578323846100, 2.299999999999996300 ) ) ;
#394 = VERTEX_POINT ( 'NONE', #2367 ) ;
#395 = CARTESIAN_POINT ( 'NONE',  ( 10.08496196745013400, 8.169046507834668300, 5.302367435765707300 ) ) ;
#396 = ORIENTED_EDGE ( 'NONE', *, *, #2001, .F. ) ;
#397 = DIRECTION ( 'NONE',  ( -1.618194089859962700E-017, -1.849604308311862000E-016, 1.000000000000000000 ) ) ;
#398 = CARTESIAN_POINT ( 'NONE',  ( -10.00000000000000200, -6.938893903907228400E-014, -10.00000000000001100 ) ) ;
#399 = ORIENTED_EDGE ( 'NONE', *, *, #3279, .F. ) ;
#400 = CARTESIAN_POINT ( 'NONE',  ( 9.327101954241774400, 13.27512281349554400, 0.7666666666666627200 ) ) ;
#401 = CARTESIAN_POINT ( 'NONE',  ( 9.263301414027278500, 11.61268782809700500, -2.300000000000006000 ) ) ;
#402 = CARTESIAN_POINT ( 'NONE',  ( 10.03958989649885500, 7.650441363776775600, -3.836710364980162200 ) ) ;
#403 = DIRECTION ( 'NONE',  ( -0.0000000000000000000, -0.0000000000000000000, -1.000000000000000000 ) ) ;
#404 = ORIENTED_EDGE ( 'NONE', *, *, #3372, .T. ) ;
#405 = ORIENTED_EDGE ( 'NONE', *, *, #687, .T. ) ;
#406 = ORIENTED_EDGE ( 'NONE', *, *, #2472, .T. ) ;
#407 = EDGE_CURVE ( 'NONE', #2682, #2713, #3136, .T. ) ;
#408 = CARTESIAN_POINT ( 'NONE',  ( 10.15241675571674000, 15.82428621319559700, 7.462007587031617800 ) ) ;
#409 = DIRECTION ( 'NONE',  ( -7.000356172721704900E-016, -9.099100844000066800E-017, -1.000000000000000000 ) ) ;
#410 = CARTESIAN_POINT ( 'NONE',  ( 9.570150699102677900, 10.69236796288833700, 5.175354147291367100 ) ) ;
#411 = ORIENTED_EDGE ( 'NONE', *, *, #3580, .F. ) ;
#412 = ORIENTED_EDGE ( 'NONE', *, *, #3440, .F. ) ;
#413 = CARTESIAN_POINT ( 'NONE',  ( 0.0000000000000000000, 3.000000000000000000, 12.60000000000000000 ) ) ;
#414 = VERTEX_POINT ( 'NONE', #2422 ) ;
#415 = CARTESIAN_POINT ( 'NONE',  ( 9.749110579427945600, 15.19035770652037500, 6.303605458225158400 ) ) ;
#416 = CARTESIAN_POINT ( 'NONE',  ( 9.965658686675720200, 7.968935354427609100, -2.300000000000005600 ) ) ;
#417 = ORIENTED_EDGE ( 'NONE', *, *, #3723, .F. ) ;
#418 = CARTESIAN_POINT ( 'NONE',  ( 9.845474435839715700, 19.19720631168409100, -2.300000000000006000 ) ) ;
#419 = DIRECTION ( 'NONE',  ( 0.0000000000000000000, -1.000000000000000000, -1.734723475976807100E-016 ) ) ;
#420 = DIRECTION ( 'NONE',  ( 1.000000000000000000, 0.0000000000000000000, 0.0000000000000000000 ) ) ;
#421 = CARTESIAN_POINT ( 'NONE',  ( 10.04445801897515800, 19.17979750393197200, -5.521704609593070000 ) ) ;
#422 = ORIENTED_EDGE ( 'NONE', *, *, #1786, .F. ) ;
#423 = CARTESIAN_POINT ( 'NONE',  ( 9.679623168133201000, 17.30445872610744800, -4.050263165184842900 ) ) ;
#424 = CARTESIAN_POINT ( 'NONE',  ( 10.35201447542771200, 11.22147064160191300, 8.401853738319852400 ) ) ;
#425 = CARTESIAN_POINT ( 'NONE',  ( 10.02460239388452700, 7.479133425007399100, -2.747412578302070400 ) ) ;
#426 = AXIS2_PLACEMENT_3D ( 'NONE', #2409, #208, #3524 ) ;
#427 = DIRECTION ( 'NONE',  ( 8.673617379884035500E-016, -1.000000000000000000, 0.0000000000000000000 ) ) ;
#428 = CARTESIAN_POINT ( 'NONE',  ( 11.22972988816109700, 22.95279616975670200, -4.628840364936389000 ) ) ;
#429 = CARTESIAN_POINT ( 'NONE',  ( 10.87505680584329300, 17.19987183481025300, 9.094071250352223900 ) ) ;
#430 = CARTESIAN_POINT ( 'NONE',  ( 10.34925052830194900, 18.99452950151626100, -6.915285884286243200 ) ) ;
#431 = VECTOR ( 'NONE', #2285, 1000.000000000000000 ) ;
#432 = CARTESIAN_POINT ( 'NONE',  ( 5.599999999999999600, 31.80000000000000100, 4.800000000000000700 ) ) ;
#433 = EDGE_CURVE ( 'NONE', #1636, #3474, #3495, .T. ) ;
#434 = CARTESIAN_POINT ( 'NONE',  ( 10.07676792539292000, 8.075388178549543400, 5.102701269959945700 ) ) ;
#435 = ORIENTED_EDGE ( 'NONE', *, *, #3171, .F. ) ;
#436 = FACE_OUTER_BOUND ( 'NONE', #2467, .T. ) ;
#437 = B_SPLINE_CURVE_WITH_KNOTS ( 'NONE', 3,
 ( #695, #3153, #3420, #1704, #3654, #2008 ),
 .UNSPECIFIED., .F., .F.,
 ( 4, 2, 4 ),
 ( 0.002934051104053936500, 0.003807458806427737200, 0.004680866508801537900 ),
 .UNSPECIFIED. ) ;
#438 = CARTESIAN_POINT ( 'NONE',  ( 9.653476445308902100, 17.00560031667989600, -4.050263165184842900 ) ) ;
#439 = CARTESIAN_POINT ( 'NONE',  ( 10.74697460262052000, 17.21107757559167000, 8.553663185991402100 ) ) ;
#440 = CARTESIAN_POINT ( 'NONE',  ( 9.861969560894696200, 13.41485342372753200, 7.150484491267644800 ) ) ;
#441 = DIRECTION ( 'NONE',  ( 1.000000000000000000, 0.0000000000000000000, 0.0000000000000000000 ) ) ;
#442 = CARTESIAN_POINT ( 'NONE',  ( 9.679623168133202800, 17.30445872610744500, -6.576718928384401900 ) ) ;
#443 = EDGE_CURVE ( 'NONE', #3774, #2438, #1824, .T. ) ;
#444 = CARTESIAN_POINT ( 'NONE',  ( 10.40914950884290100, 18.75875500925941700, 7.235514402032140200 ) ) ;
#445 = ORIENTED_EDGE ( 'NONE', *, *, #1732, .T. ) ;
#446 = FACE_OUTER_BOUND ( 'NONE', #497, .T. ) ;
#447 = DIRECTION ( 'NONE',  ( 7.000356172721704900E-016, 9.099100844000066800E-017, 1.000000000000000000 ) ) ;
#448 = DIRECTION ( 'NONE',  ( 0.0000000000000000000, 1.000000000000000000, -7.003782145789071500E-015 ) ) ;
#449 = CARTESIAN_POINT ( 'NONE',  ( 10.06800173658146100, 7.975190181938811100, -8.800000000000006000 ) ) ;
#450 = CARTESIAN_POINT ( 'NONE',  ( 10.24986435025419600, 10.05388936813855100, -8.800000000000006000 ) ) ;
#451 = VERTEX_POINT ( 'NONE', #2553 ) ;
#452 = ORIENTED_EDGE ( 'NONE', *, *, #1275, .T. ) ;
#453 = AXIS2_PLACEMENT_3D ( 'NONE', #260, #1082, #1163 ) ;
#454 = CARTESIAN_POINT ( 'NONE',  ( 1.199999999999999700, -6.938893903907228400E-014, -10.00000000000001100 ) ) ;
#455 = CARTESIAN_POINT ( 'NONE',  ( 10.70074532034818800, 15.20748243862737100, -8.800000000000006000 ) ) ;
#456 = EDGE_LOOP ( 'NONE', ( #210, #445, #3675, #2116 ) ) ;
#457 = CARTESIAN_POINT ( 'NONE',  ( 10.05566210595453000, 7.834147558476183300, 4.487127563176361600 ) ) ;
#458 = LINE ( 'NONE', #2020, #431 ) ;
#459 = EDGE_LOOP ( 'NONE', ( #2714, #2657, #2692, #383, #399, #2201, #2945, #2621, #556, #3469, #1614, #2755, #922 ) ) ;
#460 = VERTEX_POINT ( 'NONE', #2488 ) ;
#461 = DIRECTION ( 'NONE',  ( -0.0000000000000000000, -0.0000000000000000000, -1.000000000000000000 ) ) ;
#462 = VECTOR ( 'NONE', #1060, 1000.000000000000000 ) ;
#463 = CARTESIAN_POINT ( 'NONE',  ( 10.04657003258073000, 7.730224684199391100, 3.157194438642266100 ) ) ;
#464 = DIRECTION ( 'NONE',  ( 0.0000000000000000000, -0.0000000000000000000, 1.000000000000000000 ) ) ;
#465 = DIRECTION ( 'NONE',  ( 0.0000000000000000000, -1.084202172485509800E-015, 1.000000000000000000 ) ) ;
#466 = ORIENTED_EDGE ( 'NONE', *, *, #689, .T. ) ;
#467 = DIRECTION ( 'NONE',  ( -0.0000000000000000000, -0.0000000000000000000, -1.000000000000000000 ) ) ;
#468 = VERTEX_POINT ( 'NONE', #1999 ) ;
#469 = EDGE_CURVE ( 'NONE', #2271, #2239, #2158, .T. ) ;
#470 = VERTEX_POINT ( 'NONE', #2646 ) ;
#471 = CARTESIAN_POINT ( 'NONE',  ( 11.23583796408251500, 23.41566823922675100, 2.299999999999996300 ) ) ;
#472 = ORIENTED_EDGE ( 'NONE', *, *, #182, .T. ) ;
#473 = CARTESIAN_POINT ( 'NONE',  ( 5.599999999999994300, 27.80000000000000100, -4.800000000000003400 ) ) ;
#474 = EDGE_CURVE ( 'NONE', #558, #1245, #3392, .T. ) ;
#475 = CARTESIAN_POINT ( 'NONE',  ( 10.04449244451693700, 7.706477744040346200, 4.062913523743812800 ) ) ;
#476 = CARTESIAN_POINT ( 'NONE',  ( 9.939871127674916100, 17.98436386622214300, -8.800000000000006000 ) ) ;
#477 = DIRECTION ( 'NONE',  ( 0.0000000000000000000, 0.0000000000000000000, -1.000000000000000000 ) ) ;
#478 = CARTESIAN_POINT ( 'NONE',  ( 9.965658693745645300, 7.968935333569371300, -2.300000000000006500 ) ) ;
#479 = CARTESIAN_POINT ( 'NONE',  ( 0.0000000000000000000, 5.799999999999999800, 9.999999999999971600 ) ) ;
#480 = AXIS2_PLACEMENT_3D ( 'NONE', #1240, #2084, #3502 ) ;
#481 = CARTESIAN_POINT ( 'NONE',  ( 9.813542608395241700, 15.19326439012235100, 6.563908428913070900 ) ) ;
#482 = CARTESIAN_POINT ( 'NONE',  ( 10.43172696392692700, 12.13258855433501500, -8.800000000000006000 ) ) ;
#483 = CARTESIAN_POINT ( 'NONE',  ( 10.78790106309513800, 16.20367713671808800, -8.800000000000006000 ) ) ;
#484 = CARTESIAN_POINT ( 'NONE',  ( 9.496596108363144500, 15.21244986011506700, -4.050263165184951200 ) ) ;
#485 = CARTESIAN_POINT ( 'NONE',  ( 11.28792602854868000, 22.99045355489385400, 4.811318155495014200 ) ) ;
#486 = CARTESIAN_POINT ( 'NONE',  ( 10.05536441881496200, 7.830744978901136300, -4.477060461193488500 ) ) ;
#487 = DIRECTION ( 'NONE',  ( 0.0000000000000000000, -1.000000000000000000, -1.734723475976807100E-016 ) ) ;
#488 = EDGE_CURVE ( 'NONE', #2501, #2451, #3244, .T. ) ;
#489 = CARTESIAN_POINT ( 'NONE',  ( 10.87505680584329300, 17.19987183481025300, -8.800000000000006000 ) ) ;
#490 = VECTOR ( 'NONE', #3175, 1000.000000000000000 ) ;
#491 = B_SPLINE_CURVE_WITH_KNOTS ( 'NONE', 3,
 ( #59, #2857, #349, #692, #2555, #1988 ),
 .UNSPECIFIED., .F., .F.,
 ( 4, 2, 4 ),
 ( 1.295363448630298300E-016, 0.0009111906700468570600, 0.001822381340093584500 ),
 .UNSPECIFIED. ) ;
#492 = B_SPLINE_CURVE_WITH_KNOTS ( 'NONE', 3,
 ( #3232, #444, #2379, #1675 ),
 .UNSPECIFIED., .F., .F.,
 ( 4, 4 ),
 ( 0.0000000000000000000, 3.789705240977426700E-005 ),
 .UNSPECIFIED. ) ;
#493 = LINE ( 'NONE', #709, #490 ) ;
#494 = DIRECTION ( 'NONE',  ( -1.618194089859962700E-017, -1.849604308311862000E-016, 1.000000000000000000 ) ) ;
#495 = DIRECTION ( 'NONE',  ( 0.0000000000000000000, -1.000000000000000000, 7.037085798773819200E-015 ) ) ;
#496 = CARTESIAN_POINT ( 'NONE',  ( 9.933974559419038300, 20.14316112223975400, -2.480435927806222000 ) ) ;
#497 = EDGE_LOOP ( 'NONE', ( #3178, #503, #3802, #2165 ) ) ;
#498 = CARTESIAN_POINT ( 'NONE',  ( 9.601182999660299100, 16.40788349782475600, -4.050263165185279000 ) ) ;
#499 = DIRECTION ( 'NONE',  ( -0.08715574274765906800, -0.9961946980917454300, 0.0000000000000000000 ) ) ;
#500 = VECTOR ( 'NONE', #366, 1000.000000000000000 ) ;
#501 = CARTESIAN_POINT ( 'NONE',  ( 9.346186061437956400, 10.80880174891041400, -5.101013719228563200E-015 ) ) ;
#502 = CARTESIAN_POINT ( 'NONE',  ( 10.14388513136987100, 16.12339863942794000, -7.365332564819831300 ) ) ;
#503 = ORIENTED_EDGE ( 'NONE', *, *, #1975, .T. ) ;
#504 = PLANE ( 'NONE',  #2459 ) ;
#505 = FACE_OUTER_BOUND ( 'NONE', #980, .T. ) ;
#506 = CARTESIAN_POINT ( 'NONE',  ( 10.16295128386006800, 9.060468473429695600, -6.272203862431172900 ) ) ;
#507 = CARTESIAN_POINT ( 'NONE',  ( 10.02460239277675300, 7.479133412345492900, -2.300000000000004700 ) ) ;
#508 = CARTESIAN_POINT ( 'NONE',  ( 19.80092570153188100, 18.25434359822668300, 2.299999999999995800 ) ) ;
#509 = LINE ( 'NONE', #65, #500 ) ;
#510 = AXIS2_PLACEMENT_3D ( 'NONE', #1011, #1004, #989 ) ;
#511 = ORIENTED_EDGE ( 'NONE', *, *, #2119, .T. ) ;
#512 = EDGE_LOOP ( 'NONE', ( #2562, #1829, #1249, #2792 ) ) ;
#513 = ORIENTED_EDGE ( 'NONE', *, *, #1844, .T. ) ;
#514 = CARTESIAN_POINT ( 'NONE',  ( 10.18447713376216900, 20.77365956942003300, 3.626817446442713400 ) ) ;
#515 = ORIENTED_EDGE ( 'NONE', *, *, #1578, .F. ) ;
#516 = B_SPLINE_CURVE_WITH_KNOTS ( 'NONE', 3,
 ( #372, #415, #481, #282, #267, #392, #1201, #3832, #3573, #3565, #3118, #3131 ),
 .UNSPECIFIED., .F., .F.,
 ( 4, 2, 2, 2, 2, 4 ),
 ( 0.0000000000000000000, 0.0008041165342928372000, 0.001206174801439256900, 0.001407203935012467900, 0.001507718501799072300, 0.001608233068585676100 ),
 .UNSPECIFIED. ) ;
#517 = ORIENTED_EDGE ( 'NONE', *, *, #2071, .T. ) ;
#518 = EDGE_CURVE ( 'NONE', #1814, #971, #3394, .T. ) ;
#519 = VERTEX_POINT ( 'NONE', #2702 ) ;
#520 = CARTESIAN_POINT ( 'NONE',  ( 9.626629004499418900, 9.814504716630203500, -4.527237757723138900 ) ) ;
#521 = CARTESIAN_POINT ( 'NONE',  ( 10.20673567443367300, 10.93107768324893800, -7.621440573019091500 ) ) ;
#522 = DIRECTION ( 'NONE',  ( 0.9961946980917455500, -0.08715574274765919300, -0.0000000000000000000 ) ) ;
#523 = PLANE ( 'NONE',  #2577 ) ;
#524 = ORIENTED_EDGE ( 'NONE', *, *, #1827, .F. ) ;
#525 = EDGE_CURVE ( 'NONE', #2229, #1653, #3399, .T. ) ;
#526 = VECTOR ( 'NONE', #99, 1000.000000000000000 ) ;
#527 = CARTESIAN_POINT ( 'NONE',  ( 10.65792384531896500, 21.60225868676553800, 5.052846819522167200 ) ) ;
#528 = EDGE_CURVE ( 'NONE', #1040, #1405, #3111, .T. ) ;
#529 = CARTESIAN_POINT ( 'NONE',  ( 9.844410813060699500, 19.18590748987745800, -2.390402801944547600 ) ) ;
#530 = CARTESIAN_POINT ( 'NONE',  ( 9.627329722484603300, 16.70674190725235100, -4.050263165184842900 ) ) ;
#531 = CARTESIAN_POINT ( 'NONE',  ( 10.40807360110974300, 18.74645732759647000, 0.0000000000000000000 ) ) ;
#532 = CARTESIAN_POINT ( 'NONE',  ( 10.50882618383270500, 21.94986609892596600, 2.299999999999995800 ) ) ;
#533 = DIRECTION ( 'NONE',  ( -0.0000000000000000000, -0.0000000000000000000, -1.000000000000000000 ) ) ;
#534 = CARTESIAN_POINT ( 'NONE',  ( 10.45975849981343100, 12.45299047564072800, -8.872387436240881400 ) ) ;
#535 = DIRECTION ( 'NONE',  ( -0.0000000000000000000, -0.0000000000000000000, -1.000000000000000000 ) ) ;
#536 = AXIS2_PLACEMENT_3D ( 'NONE', #2580, #2679, #2680 ) ;
#537 = VECTOR ( 'NONE', #2858, 1000.000000000000000 ) ;
#538 = CARTESIAN_POINT ( 'NONE',  ( 3.293037830601304600, 3.031320729375559500, 12.60000000000000000 ) ) ;
#539 = DIRECTION ( 'NONE',  ( 1.000000000000000000, -0.0000000000000000000, -0.0000000000000000000 ) ) ;
#540 = VERTEX_POINT ( 'NONE', #2730 ) ;
#541 = CARTESIAN_POINT ( 'NONE',  ( 10.20228844974565500, 21.03203780687193700, -2.840415145673123900 ) ) ;
#542 = LINE ( 'NONE', #2557, #537 ) ;
#543 = PLANE ( 'NONE',  #2412 ) ;
#544 = CARTESIAN_POINT ( 'NONE',  ( 10.25944596608226800, 21.63712098386460500, 2.299999999999995800 ) ) ;
#545 = DIRECTION ( 'NONE',  ( -0.0000000000000000000, -0.0000000000000000000, 1.000000000000000000 ) ) ;
#546 = VECTOR ( 'NONE', #680, 1000.000000000000000 ) ;
#547 = CARTESIAN_POINT ( 'NONE',  ( 10.27733998698825400, 17.25216528045885800, -2.300000000000006000 ) ) ;
#548 = EDGE_CURVE ( 'NONE', #3216, #1296, #3003, .T. ) ;
#549 = VERTEX_POINT ( 'NONE', #2750 ) ;
#550 = VERTEX_POINT ( 'NONE', #2913 ) ;
#551 = VERTEX_POINT ( 'NONE', #2910 ) ;
#552 = VERTEX_POINT ( 'NONE', #2807 ) ;
#553 = DIRECTION ( 'NONE',  ( -0.0000000000000000000, -0.0000000000000000000, -1.000000000000000000 ) ) ;
#554 = CARTESIAN_POINT ( 'NONE',  ( 9.931964172742064900, 20.11984488252725700, -2.662857724275660100 ) ) ;
#555 = CARTESIAN_POINT ( 'NONE',  ( 10.12483505132974100, 20.77887716486244000, 2.299999999999995800 ) ) ;
#556 = ORIENTED_EDGE ( 'NONE', *, *, #2075, .T. ) ;
#557 = DIRECTION ( 'NONE',  ( 0.0000000000000000000, 0.0000000000000000000, -1.000000000000000000 ) ) ;
#558 = VERTEX_POINT ( 'NONE', #2902 ) ;
#559 = PRESENTATION_LAYER_ASSIGNMENT (  '', '', ( #136 ) ) ;
#560 = CARTESIAN_POINT ( 'NONE',  ( 10.46743078345669500, 12.54068507897145100, 8.591816050239158300 ) ) ;
#561 = DIRECTION ( 'NONE',  ( 0.0000000000000000000, 0.0000000000000000000, 1.000000000000000000 ) ) ;
#562 = CARTESIAN_POINT ( 'NONE',  ( 11.40000000000000200, 23.65952536529625400, -4.513062308379505600 ) ) ;
#563 = ORIENTED_EDGE ( 'NONE', *, *, #2044, .T. ) ;
#564 = CARTESIAN_POINT ( 'NONE',  ( 10.50882618383270100, 21.94986609892597000, 2.299999999999996300 ) ) ;
#565 = ORIENTED_EDGE ( 'NONE', *, *, #3758, .F. ) ;
#566 = DIRECTION ( 'NONE',  ( 0.0000000000000000000, 0.0000000000000000000, 1.000000000000000000 ) ) ;
#567 = ADVANCED_FACE ( 'NONE', ( #3020 ), #2862, .F. ) ;
#568 = ORIENTED_EDGE ( 'NONE', *, *, #3544, .F. ) ;
#569 = VERTEX_POINT ( 'NONE', #677 ) ;
#570 = CARTESIAN_POINT ( 'NONE',  ( 10.55073215371798900, 21.91220555096722200, -3.513924390506249400 ) ) ;
#571 = ORIENTED_EDGE ( 'NONE', *, *, #2295, .T. ) ;
#572 = CARTESIAN_POINT ( 'NONE',  ( 8.500000000000000000, 27.80000000000000100, -4.800000000000003400 ) ) ;
#573 = ORIENTED_EDGE ( 'NONE', *, *, #2839, .T. ) ;
#574 = UNCERTAINTY_MEASURE_WITH_UNIT (LENGTH_MEASURE( 1.000000000000000100E-005 ), #580, 'distance_accuracy_value', 'NONE');
#575 = EDGE_LOOP ( 'NONE', ( #3762, #3265, #1672, #930, #656, #853 ) ) ;
#576 = CARTESIAN_POINT ( 'NONE',  ( 1.199999999999998800, 7.894024400970566900, -10.00000000000006400 ) ) ;
#577 = CARTESIAN_POINT ( 'NONE',  ( 0.0000000000000000000, 5.799999999999999800, 12.60000000000000000 ) ) ;
#578 = EDGE_CURVE ( 'NONE', #2340, #805, #2535, .T. ) ;
#579 = CARTESIAN_POINT ( 'NONE',  ( 10.33033282473591900, 10.97364824019735800, 7.953572695074273100 ) ) ;
#580 =( LENGTH_UNIT ( ) NAMED_UNIT ( * ) SI_UNIT ( .MILLI., .METRE. ) );
#581 = CARTESIAN_POINT ( 'NONE',  ( 4.961421993339540900, 20.25233072248413200, -10.00000000000015300 ) ) ;
#582 = ORIENTED_EDGE ( 'NONE', *, *, #3098, .T. ) ;
#583 = DIRECTION ( 'NONE',  ( 0.0000000000000000000, 7.037085798773818400E-015, 1.000000000000000000 ) ) ;
#584 = DIRECTION ( 'NONE',  ( 0.0000000000000000000, -1.000000000000000000, 7.003782145789071500E-015 ) ) ;
#585 = AXIS2_PLACEMENT_3D ( 'NONE', #741, #749, #756 ) ;
#586 = CARTESIAN_POINT ( 'NONE',  ( 9.843289882494007200, 19.17308506276862100, -2.481770336830877000 ) ) ;
#587 = ADVANCED_FACE ( 'NONE', ( #3076 ), #3866, .T. ) ;
#588 = CARTESIAN_POINT ( 'NONE',  ( 10.99049597265019800, 22.59247445900511800, 4.460776937079358200 ) ) ;
#589 = ADVANCED_FACE ( 'NONE', ( #2820 ), #3130, .T. ) ;
#590 = CARTESIAN_POINT ( 'NONE',  ( 10.13240398545287300, 8.711311254951391800, 5.748640453753137300 ) ) ;
#591 =( NAMED_UNIT ( * ) SI_UNIT ( $, .STERADIAN. ) SOLID_ANGLE_UNIT ( ) );
#592 = CARTESIAN_POINT ( 'NONE',  ( 7.930190452764475300, 6.399999999999991500, 9.999999999999966200 ) ) ;
#593 = AXIS2_PLACEMENT_3D ( 'NONE', #1192, #1302, #1457 ) ;
#594 = DIRECTION ( 'NONE',  ( -0.0000000000000000000, 0.0000000000000000000, -1.000000000000000000 ) ) ;
#595 = MANIFOLD_SOLID_BREP ( 'Бобышка-Вытянуть4', #1447 ) ;
#596 = FACE_OUTER_BOUND ( 'NONE', #2568, .T. ) ;
#597 = MECHANICAL_DESIGN_GEOMETRIC_PRESENTATION_REPRESENTATION (  '', ( #3648 ), #808 ) ;
#598 = ORIENTED_EDGE ( 'NONE', *, *, #41, .F. ) ;
#599 = VECTOR ( 'NONE', #3632, 1000.000000000000000 ) ;
#600 = CARTESIAN_POINT ( 'NONE',  ( 7.930190452764477100, 25.19999999999999900, -12.60000000000000000 ) ) ;
#601 = CARTESIAN_POINT ( 'NONE',  ( -10.00000000000000000, 2.999999999999998700, 12.60000000000000000 ) ) ;
#602 = CARTESIAN_POINT ( 'NONE',  ( 10.19460788613874600, 20.90159730174618200, -3.359555153128205100 ) ) ;
#603 = ORIENTED_EDGE ( 'NONE', *, *, #972, .T. ) ;
#604 = ORIENTED_EDGE ( 'NONE', *, *, #2669, .T. ) ;
#605 = EDGE_CURVE ( 'NONE', #2574, #1287, #3119, .T. ) ;
#606 = CARTESIAN_POINT ( 'NONE',  ( 1.199999999999998800, 7.894024400970566900, 12.60000000000000000 ) ) ;
#607 = LINE ( 'NONE', #316, #647 ) ;
#608 = DIRECTION ( 'NONE',  ( 1.000000000000000000, 1.301042606982605300E-016, 0.0000000000000000000 ) ) ;
#609 = VERTEX_POINT ( 'NONE', #2949 ) ;
#610 = EDGE_CURVE ( 'NONE', #124, #1245, #7, .T. ) ;
#611 = ORIENTED_EDGE ( 'NONE', *, *, #2094, .F. ) ;
#612 = ADVANCED_FACE ( 'NONE', ( #2828 ), #1528, .T. ) ;
#613 = EDGE_CURVE ( 'NONE', #2672, #2626, #492, .T. ) ;
#614 = CARTESIAN_POINT ( 'NONE',  ( 11.40000000000000000, 23.19999999999999900, 5.548802326334294900 ) ) ;
#615 = VERTEX_POINT ( 'NONE', #1682 ) ;
#616 = ORIENTED_EDGE ( 'NONE', *, *, #3402, .T. ) ;
#617 = DIRECTION ( 'NONE',  ( -0.0000000000000000000, -7.037085798773818400E-015, -1.000000000000000000 ) ) ;
#618 = PLANE ( 'NONE',  #585 ) ;
#619 = EDGE_LOOP ( 'NONE', ( #1397, #2162, #1080, #1157, #511, #1537, #2290, #2936, #3421, #163, #435, #2445, #2080, #2134, #1601, #1094 ) ) ;
#620 = ORIENTED_EDGE ( 'NONE', *, *, #3171, .T. ) ;
#621 = AXIS2_PLACEMENT_3D ( 'NONE', #1816, #1828, #1849 ) ;
#622 = DIRECTION ( 'NONE',  ( -0.08715574274765906800, -0.9961946980917455500, 0.0000000000000000000 ) ) ;
#623 = CARTESIAN_POINT ( 'NONE',  ( 10.37321130401067900, 18.34797944835977600, 7.343443499095439400 ) ) ;
#624 = ORIENTED_EDGE ( 'NONE', *, *, #2990, .T. ) ;
#625 = ORIENTED_EDGE ( 'NONE', *, *, #2768, .F. ) ;
#626 = VERTEX_POINT ( 'NONE', #3257 ) ;
#627 = CARTESIAN_POINT ( 'NONE',  ( 4.672494165260309800, 21.19999999999976500, -10.00000000000016200 ) ) ;
#628 = ADVANCED_FACE ( 'NONE', ( #1479 ), #1674, .T. ) ;
#629 = CARTESIAN_POINT ( 'NONE',  ( 10.61724738370412500, 21.13732460301666200, 5.681763198180510300 ) ) ;
#630 = CARTESIAN_POINT ( 'NONE',  ( 7.930190452764477100, 25.19999999999999900, 12.60000000000000000 ) ) ;
#631 = ADVANCED_FACE ( 'NONE', ( #1367 ), #504, .F. ) ;
#632 = EDGE_LOOP ( 'NONE', ( #2197, #2317, #2337, #2471, #2597 ) ) ;
#633 = EDGE_CURVE ( 'NONE', #2239, #1146, #1568, .T. ) ;
#634 = CARTESIAN_POINT ( 'NONE',  ( 10.61583009010540700, 21.12112486305495200, 5.700516823315148000 ) ) ;
#635 = CARTESIAN_POINT ( 'NONE',  ( 3.971716880361964000, 20.20716282756277900, -10.00000000000015300 ) ) ;
#636 = DIRECTION ( 'NONE',  ( -0.0000000000000000000, 0.0000000000000000000, 1.000000000000000000 ) ) ;
#637 = CARTESIAN_POINT ( 'NONE',  ( 9.592467425378160300, 16.30826402801587700, -6.576718928377895100 ) ) ;
#638 = LINE ( 'NONE', #2251, #546 ) ;
#639 = CARTESIAN_POINT ( 'NONE',  ( 10.61330413190348500, 21.10277595936529600, 5.717719232674642900 ) ) ;
#640 = CARTESIAN_POINT ( 'NONE',  ( 10.60342125484911500, 21.06030087833341500, 5.740594726288905200 ) ) ;
#641 = DIRECTION ( 'NONE',  ( 0.0000000000000000000, -0.0000000000000000000, 1.000000000000000000 ) ) ;
#642 = B_SPLINE_CURVE_WITH_KNOTS ( 'NONE', 3,
 ( #937, #193, #960, #1009, #986, #992 ),
 .UNSPECIFIED., .F., .F.,
 ( 4, 2, 4 ),
 ( 0.0000000000000000000, 0.001543820465499499200, 0.003087640930998998400 ),
 .UNSPECIFIED. ) ;
#643 = CARTESIAN_POINT ( 'NONE',  ( -3.285461128743892500E-018, 0.9999999999999817900, 10.00000000000000400 ) ) ;
#644 = CARTESIAN_POINT ( 'NONE',  ( 10.48550737437759900, 14.22249348131705900, -8.553663185991409200 ) ) ;
#645 = FACE_OUTER_BOUND ( 'NONE', #2762, .T. ) ;
#646 = CARTESIAN_POINT ( 'NONE',  ( 10.12917522431723900, 15.55863429370289300, 7.462007587031532600 ) ) ;
#647 = VECTOR ( 'NONE', #2534, 1000.000000000000000 ) ;
#648 = CARTESIAN_POINT ( 'NONE',  ( 9.325587557477300400, 13.25781317927047500, 2.902709526564903400 ) ) ;
#649 = EDGE_CURVE ( 'NONE', #2571, #468, #1643, .T. ) ;
#650 = CARTESIAN_POINT ( 'NONE',  ( 10.59537828778677200, 21.03530061166108200, 5.744769381117856200 ) ) ;
#651 = CARTESIAN_POINT ( 'NONE',  ( 9.740632188056562100, 18.00179501477167300, 3.904188625880022500 ) ) ;
#652 = FACE_OUTER_BOUND ( 'NONE', #1687, .T. ) ;
#653 = CARTESIAN_POINT ( 'NONE',  ( 7.930190452764477100, 21.19999999999999600, -10.00000000000000000 ) ) ;
#654 = DIRECTION ( 'NONE',  ( 0.0000000000000000000, 1.000000000000000000, -7.037085798773818400E-015 ) ) ;
#655 = CYLINDRICAL_SURFACE ( 'NONE', #3033, 1.199999999999999700 ) ;
#656 = ORIENTED_EDGE ( 'NONE', *, *, #474, .F. ) ;
#657 = CARTESIAN_POINT ( 'NONE',  ( 10.57558062996589900, 20.98979443207501900, -5.730709279152510900 ) ) ;
#658 = VERTEX_POINT ( 'NONE', #3384 ) ;
#659 = EDGE_CURVE ( 'NONE', #2108, #2574, #813, .T. ) ;
#660 = CARTESIAN_POINT ( 'NONE',  ( 9.939871127680190100, 17.98436386622168100, 5.974150322395012800 ) ) ;
#661 = LINE ( 'NONE', #1363, #462 ) ;
#662 = CARTESIAN_POINT ( 'NONE',  ( -0.7000000000000028400, 11.77752999468724200, 9.999999999999934300 ) ) ;
#663 = ORIENTED_EDGE ( 'NONE', *, *, #3707, .T. ) ;
#664 = CARTESIAN_POINT ( 'NONE',  ( -0.7000000000000012900, 9.930572883139300100, 9.999999999999900500 ) ) ;
#665 = PLANE ( 'NONE',  #2953 ) ;
#666 = ORIENTED_EDGE ( 'NONE', *, *, #242, .F. ) ;
#667 = VERTEX_POINT ( 'NONE', #6 ) ;
#668 = CARTESIAN_POINT ( 'NONE',  ( 10.57638362369665500, 20.99139925294903000, 5.731647801415059400 ) ) ;
#669 = ORIENTED_EDGE ( 'NONE', *, *, #2569, .T. ) ;
#670 = CARTESIAN_POINT ( 'NONE',  ( 11.40000000000000200, 23.67375742463380600, 4.525673364513298000 ) ) ;
#671 = AXIS2_PLACEMENT_3D ( 'NONE', #1160, #19, #427 ) ;
#672 = CARTESIAN_POINT ( 'NONE',  ( 9.418155939890226600, 14.31587463183221100, -2.300000000000006000 ) ) ;
#673 = AXIS2_PLACEMENT_3D ( 'NONE', #724, #96, #2305 ) ;
#674 = ORIENTED_EDGE ( 'NONE', *, *, #3220, .F. ) ;
#675 = VERTEX_POINT ( 'NONE', #3270 ) ;
#676 = CARTESIAN_POINT ( 'NONE',  ( 11.39999999999999900, 23.95175596947094100, 3.427462104386382000 ) ) ;
#677 = CARTESIAN_POINT ( 'NONE',  ( 7.930190452764477100, 25.19999999999999600, 10.00000000000000400 ) ) ;
#678 = CARTESIAN_POINT ( 'NONE',  ( -3.285461128743952600E-018, 1.000000000000000000, 12.60000000000000000 ) ) ;
#679 = CARTESIAN_POINT ( 'NONE',  ( -10.00000000000000200, 6.938893903907228400E-014, 10.00000000000001100 ) ) ;
#680 = DIRECTION ( 'NONE',  ( 1.000000000000000000, 0.0000000000000000000, 0.0000000000000000000 ) ) ;
#681 = CARTESIAN_POINT ( 'NONE',  ( 9.505311682638089000, 15.31206932992456200, -6.576718928383967500 ) ) ;
#682 = CARTESIAN_POINT ( 'NONE',  ( 11.40000000000000200, 24.02168489849373500, 2.867186510860004800 ) ) ;
#683 = VECTOR ( 'NONE', #936, 1000.000000000000000 ) ;
#684 = B_SPLINE_CURVE_WITH_KNOTS ( 'NONE', 3,
 ( #1117, #1112, #290, #296, #298, #300, #308, #311, #85, #54 ),
 .UNSPECIFIED., .F., .F.,
 ( 4, 2, 2, 2, 4 ),
 ( 0.0000000000000000000, 0.001126040888971429000, 0.001689061333457143400, 0.001970571555699999900, 0.002252081777942855900 ),
 .UNSPECIFIED. ) ;
#685 = CARTESIAN_POINT ( 'NONE',  ( 10.56631441663719300, 20.97338264655460100, 5.716639661897624500 ) ) ;
#686 = CARTESIAN_POINT ( 'NONE',  ( 4.598385473214076300, 15.66855864798989700, 9.999999999999920100 ) ) ;
#687 = EDGE_CURVE ( 'NONE', #1404, #3216, #2693, .T. ) ;
#688 = CARTESIAN_POINT ( 'NONE',  ( 11.40000000000000000, 24.02168489849347900, 2.299999999999996300 ) ) ;
#689 = EDGE_CURVE ( 'NONE', #3356, #2239, #3032, .T. ) ;
#690 = CARTESIAN_POINT ( 'NONE',  ( 7.632710200154574100, 21.20000000000013100, 9.999999999999861400 ) ) ;
#691 = FACE_OUTER_BOUND ( 'NONE', #2146, .T. ) ;
#692 = CARTESIAN_POINT ( 'NONE',  ( 10.51759713421316000, 21.94351425846337000, 2.907541272832132600 ) ) ;
#693 = VECTOR ( 'NONE', #1836, 1000.000000000000000 ) ;
#694 = CARTESIAN_POINT ( 'NONE',  ( 9.845474435839717500, 19.19720631168409100, 2.299999999999995800 ) ) ;
#695 = CARTESIAN_POINT ( 'NONE',  ( 10.18447713376216300, 20.77365956942002600, -3.626817446442661500 ) ) ;
#696 = LINE ( 'NONE', #16, #374 ) ;
#697 = CARTESIAN_POINT ( 'NONE',  ( 8.500000000000000000, 28.53749999999999100, 7.978049716414142600 ) ) ;
#698 = CARTESIAN_POINT ( 'NONE',  ( 9.885139144623789100, 12.76928913904599700, -7.216746927137245700 ) ) ;
#699 = CARTESIAN_POINT ( 'NONE',  ( 10.54748324085055700, 20.94358708226338100, 5.682065848210244000 ) ) ;
#700 = FACE_OUTER_BOUND ( 'NONE', #2749, .T. ) ;
#701 = CARTESIAN_POINT ( 'NONE',  ( 9.908236564585987300, 13.03329385727276500, -7.298658270851946700 ) ) ;
#702 = VECTOR ( 'NONE', #3068, 1000.000000000000000 ) ;
#703 =( BOUNDED_CURVE ( )  B_SPLINE_CURVE ( 2, ( #890, #893, #1172 ),
 .UNSPECIFIED., .F., .F. ) 
 B_SPLINE_CURVE_WITH_KNOTS ( ( 3, 3 ),
 ( 0.6576157203661975300, 0.9558711096209938600 ),
 .UNSPECIFIED. ) 
 CURVE ( )  GEOMETRIC_REPRESENTATION_ITEM ( )  RATIONAL_B_SPLINE_CURVE ( ( 0.9894853695176815100, 0.9916806794546183500, 0.9980301627078641500 ) ) 
 REPRESENTATION_ITEM ( '' )  );
#704 = CARTESIAN_POINT ( 'NONE',  ( 9.346186061437931500, 10.80880174891062700, 2.299999999999978500 ) ) ;
#705 = CARTESIAN_POINT ( 'NONE',  ( 10.04445801897210800, 19.17979750393223900, -8.800000000000006000 ) ) ;
#706 = EDGE_LOOP ( 'NONE', ( #3467, #3552, #3586, #156, #3740, #3781, #3794, #3874, #18, #13, #809, #2089, #754, #48, #598, #2050 ) ) ;
#707 = CIRCLE ( 'NONE', #2439, 5.294024400970568100 ) ;
#708 = CARTESIAN_POINT ( 'NONE',  ( 10.18428663696333400, 20.77367596123648100, 3.624760072538923500 ) ) ;
#709 = CARTESIAN_POINT ( 'NONE',  ( 5.600000000000000500, 0.0000000000000000000, 4.800000000000000700 ) ) ;
#710 = CARTESIAN_POINT ( 'NONE',  ( 1.200000000000000200, 0.9999999999999991100, 12.60000000000000000 ) ) ;
#711 = FACE_OUTER_BOUND ( 'NONE', #459, .T. ) ;
#712 = EDGE_CURVE ( 'NONE', #3474, #3339, #1475, .T. ) ;
#713 = CARTESIAN_POINT ( 'NONE',  ( 9.813616327121016200, 15.19345122149501600, -6.563900159464108900 ) ) ;
#714 = CARTESIAN_POINT ( 'NONE',  ( 7.930190452764477100, 6.400000000000003000, -2.204364238465224000E-016 ) ) ;
#715 = ORIENTED_EDGE ( 'NONE', *, *, #3664, .F. ) ;
#716 = CARTESIAN_POINT ( 'NONE',  ( 10.53853251424611800, 20.93149493401524500, 5.662194482304939500 ) ) ;
#717 = DIRECTION ( 'NONE',  ( 0.0000000000000000000, 1.084202172485510000E-015, -1.000000000000000000 ) ) ;
#718 = ORIENTED_EDGE ( 'NONE', *, *, #1294, .F. ) ;
#719 = CARTESIAN_POINT ( 'NONE',  ( 3.999999999999998200, 31.80000000000000800, -8.000000000000222000 ) ) ;
#720 = ORIENTED_EDGE ( 'NONE', *, *, #3812, .T. ) ;
#721 = VERTEX_POINT ( 'NONE', #3143 ) ;
#722 = DIRECTION ( 'NONE',  ( 0.0000000000000000000, 7.037085798773818400E-015, 1.000000000000000000 ) ) ;
#723 = PLANE ( 'NONE',  #1107 ) ;
#724 = CARTESIAN_POINT ( 'NONE',  ( -10.00000000000000000, 2.999999999999998700, 12.60000000000000000 ) ) ;
#725 = VERTEX_POINT ( 'NONE', #3550 ) ;
#726 = VERTEX_POINT ( 'NONE', #3878 ) ;
#727 = CARTESIAN_POINT ( 'NONE',  ( 11.22782836361300300, 22.95000510350630000, -4.627294855241358600 ) ) ;
#728 = ORIENTED_EDGE ( 'NONE', *, *, #739, .T. ) ;
#729 = CARTESIAN_POINT ( 'NONE',  ( 10.49629379315379700, 20.87914023373331300, 5.559534938283023900 ) ) ;
#730 = ORIENTED_EDGE ( 'NONE', *, *, #1800, .T. ) ;
#731 = CARTESIAN_POINT ( 'NONE',  ( 10.16403752141630300, 15.95711217293958100, 7.462007587031704900 ) ) ;
#732 = CARTESIAN_POINT ( 'NONE',  ( 11.22810552568782000, 23.10059792012875900, -4.255656954541050800 ) ) ;
#733 = AXIS2_PLACEMENT_3D ( 'NONE', #2120, #2210, #2172 ) ;
#734 = CARTESIAN_POINT ( 'NONE',  ( 10.46850541503807700, 20.85825953930619600, 5.465559381622118600 ) ) ;
#735 = ORIENTED_EDGE ( 'NONE', *, *, #2817, .T. ) ;
#736 = CARTESIAN_POINT ( 'NONE',  ( 9.626629004499418900, 9.814504716630203500, -4.527237757723138900 ) ) ;
#737 = DIRECTION ( 'NONE',  ( -8.673617379884035500E-016, 1.000000000000000000, -7.037085798773819200E-015 ) ) ;
#738 = CARTESIAN_POINT ( 'NONE',  ( 11.22831465585734500, 23.21303522786050500, -3.875635133184338600 ) ) ;
#739 = EDGE_CURVE ( 'NONE', #667, #3075, #915, .T. ) ;
#740 = CARTESIAN_POINT ( 'NONE',  ( 10.39328414164298300, 20.80719608792411900, 5.184709916755776000 ) ) ;
#741 = CARTESIAN_POINT ( 'NONE',  ( 10.09431292721817500, 15.16015641446619400, 8.799999999999998900 ) ) ;
#742 = CARTESIAN_POINT ( 'NONE',  ( 9.920001441722854800, 13.16776701828270100, -7.330997241187075600 ) ) ;
#743 = CARTESIAN_POINT ( 'NONE',  ( 11.22859725656116600, 23.36464839320422400, -3.099493729467059500 ) ) ;
#744 = ORIENTED_EDGE ( 'NONE', *, *, #3017, .F. ) ;
#745 = EDGE_CURVE ( 'NONE', #3720, #1454, #3506, .T. ) ;
#746 = LINE ( 'NONE', #1115, #599 ) ;
#747 = FACE_OUTER_BOUND ( 'NONE', #2249, .T. ) ;
#748 = CARTESIAN_POINT ( 'NONE',  ( 10.80962229609045400, 22.70837411593242200, -2.300000000000005600 ) ) ;
#749 = DIRECTION ( 'NONE',  ( 0.08715574274765833200, 0.9961946980917455500, 0.0000000000000000000 ) ) ;
#750 = CARTESIAN_POINT ( 'NONE',  ( 9.346186061429207800, 10.80880174899523500, -2.300000000000005600 ) ) ;
#751 = DIRECTION ( 'NONE',  ( -0.0000000000000000000, -0.0000000000000000000, -1.000000000000000000 ) ) ;
#752 = DIRECTION ( 'NONE',  ( -0.0000000000000000000, -0.0000000000000000000, -1.000000000000000000 ) ) ;
#753 = CYLINDRICAL_SURFACE ( 'NONE', #621, 0.3999999999999993000 ) ;
#754 = ORIENTED_EDGE ( 'NONE', *, *, #2244, .T. ) ;
#755 = CARTESIAN_POINT ( 'NONE',  ( 10.35426407066509200, 20.79427397864062100, 4.991571346429613400 ) ) ;
#756 = DIRECTION ( 'NONE',  ( -0.9961946980917455500, 0.08715574274765833200, 0.0000000000000000000 ) ) ;
#757 = CARTESIAN_POINT ( 'NONE',  ( 10.00959572187304600, 18.78131962469553800, 0.0000000000000000000 ) ) ;
#758 = ORIENTED_EDGE ( 'NONE', *, *, #70, .F. ) ;
#759 = ORIENTED_EDGE ( 'NONE', *, *, #1612, .T. ) ;
#760 = VERTEX_POINT ( 'NONE', #3174 ) ;
#761 = ORIENTED_EDGE ( 'NONE', *, *, #2288, .F. ) ;
#762 = CARTESIAN_POINT ( 'NONE',  ( 10.34364452934669700, 18.22539805866537300, 7.316031251589113700 ) ) ;
#763 = CARTESIAN_POINT ( 'NONE',  ( 10.38798503291146100, 18.91250923319690000, -7.084657227405691600 ) ) ;
#764 = CARTESIAN_POINT ( 'NONE',  ( 11.22867061087838900, 23.40375547345795900, -2.700996724919874700 ) ) ;
#765 = CARTESIAN_POINT ( 'NONE',  ( -0.7000000000000028400, 11.77752999468724200, 9.999999999999888100 ) ) ;
#766 = ORIENTED_EDGE ( 'NONE', *, *, #488, .F. ) ;
#767 = EDGE_CURVE ( 'NONE', #971, #1330, #806, .T. ) ;
#768 = CARTESIAN_POINT ( 'NONE',  ( 10.25476862189201600, 20.76794454917708100, 4.411027305999459400 ) ) ;
#769 = CARTESIAN_POINT ( 'NONE',  ( -0.7000000000000028400, 11.77752999468710200, -10.00000000000007100 ) ) ;
#770 = CARTESIAN_POINT ( 'NONE',  ( 0.8754127043440613800, 13.55022489391182500, 9.999999999999873900 ) ) ;
#771 = ORIENTED_EDGE ( 'NONE', *, *, #1692, .F. ) ;
#772 = VERTEX_POINT ( 'NONE', #379 ) ;
#773 = CARTESIAN_POINT ( 'NONE',  ( 9.357146919966874400, 13.61853834316799300, -8.800000000000006000 ) ) ;
#774 = CARTESIAN_POINT ( 'NONE',  ( 1.199999999999998800, 7.894024400970566900, 12.60000000000000000 ) ) ;
#775 = EDGE_LOOP ( 'NONE', ( #1196, #2938, #826, #121 ) ) ;
#776 = ORIENTED_EDGE ( 'NONE', *, *, #3344, .T. ) ;
#777 = CARTESIAN_POINT ( 'NONE',  ( 10.03368808125627800, 8.814361144984721000, 5.446256557035419600 ) ) ;
#778 = DIRECTION ( 'NONE',  ( 0.0000000000000000000, -1.000000000000000000, -1.084202172485509800E-015 ) ) ;
#779 = CARTESIAN_POINT ( 'NONE',  ( 0.8754127043440613800, 13.55022489391168400, -10.00000000000008500 ) ) ;
#780 = MECHANICAL_DESIGN_GEOMETRIC_PRESENTATION_REPRESENTATION (  '', ( #136 ), #1019 ) ;
#781 = CARTESIAN_POINT ( 'NONE',  ( 11.40000000000000000, 25.19999999999999900, -10.00000000000000000 ) ) ;
#782 = ORIENTED_EDGE ( 'NONE', *, *, #2429, .F. ) ;
#783 = CARTESIAN_POINT ( 'NONE',  ( 2.081103669023687700, 14.55610912407219400, 9.999999999999866800 ) ) ;
#784 = CARTESIAN_POINT ( 'NONE',  ( 10.06211793694102700, 7.907938044309510400, 4.695081608801341000 ) ) ;
#785 = CARTESIAN_POINT ( 'NONE',  ( 2.081103669023687700, 14.55610912407205100, -10.00000000000009200 ) ) ;
#786 = DIRECTION ( 'NONE',  ( 0.0000000000000000000, 0.0000000000000000000, 1.000000000000000000 ) ) ;
#787 = CARTESIAN_POINT ( 'NONE',  ( 10.14532428276529300, 8.858990929002700900, 6.442275552932265700 ) ) ;
#788 = DIRECTION ( 'NONE',  ( 8.673617379884035500E-016, -1.000000000000000000, 7.037085798773818400E-015 ) ) ;
#789 = CARTESIAN_POINT ( 'NONE',  ( 10.04657003391682200, 7.730224699544846700, -2.300000006556005300 ) ) ;
#790 = VECTOR ( 'NONE', #3104, 1000.000000000000100 ) ;
#791 = EDGE_CURVE ( 'NONE', #1984, #2428, #924, .T. ) ;
#792 = CARTESIAN_POINT ( 'NONE',  ( 3.544287595250320800, 15.53286999249710300, 9.999999999999859700 ) ) ;
#793 = CIRCLE ( 'NONE', #844, 16.99999999999999600 ) ;
#794 = LINE ( 'NONE', #2481, #790 ) ;
#795 = CARTESIAN_POINT ( 'NONE',  ( 9.357146919966874400, 13.61853834316799300, -3.738820727822433900 ) ) ;
#796 = DIRECTION ( 'NONE',  ( 1.000000000000000000, 0.0000000000000000000, 0.0000000000000000000 ) ) ;
#797 = DIRECTION ( 'NONE',  ( -0.0000000000000000000, -0.0000000000000000000, -1.000000000000000000 ) ) ;
#798 = CARTESIAN_POINT ( 'NONE',  ( 9.939871127674917900, 17.98436386622214300, -5.974150322368489100 ) ) ;
#799 = CARTESIAN_POINT ( 'NONE',  ( 10.37035586740917200, 18.31534165865732800, 7.350589154011395900 ) ) ;
#800 = VECTOR ( 'NONE', #3444, 1000.000000000000000 ) ;
#801 = CARTESIAN_POINT ( 'NONE',  ( 10.04657003321911000, 7.730224691501343900, -2.730689865030540900 ) ) ;
#802 = CARTESIAN_POINT ( 'NONE',  ( 9.667572495210940500, 13.58378898451769100, 6.471653300131794900 ) ) ;
#803 = CARTESIAN_POINT ( 'NONE',  ( 10.61358957524345900, 14.21128771359597400, -9.094071250352238100 ) ) ;
#804 = B_SPLINE_CURVE_WITH_KNOTS ( 'NONE', 3,
 ( #3021, #2854, #2872, #2980 ),
 .UNSPECIFIED., .F., .F.,
 ( 4, 4 ),
 ( 0.0006112397853182740300, 0.001718205330552480800 ),
 .UNSPECIFIED. ) ;
#805 = VERTEX_POINT ( 'NONE', #3810 ) ;
#806 = LINE ( 'NONE', #3319, #800 ) ;
#807 = AXIS2_PLACEMENT_3D ( 'NONE', #1534, #2656, #3542 ) ;
#808 =( GEOMETRIC_REPRESENTATION_CONTEXT ( 3 ) GLOBAL_UNCERTAINTY_ASSIGNED_CONTEXT ( ( #3570 ) ) GLOBAL_UNIT_ASSIGNED_CONTEXT ( ( #254, #2475, #591 ) ) REPRESENTATION_CONTEXT ( 'NONE', 'WORKASPACE' ) );
#809 = ORIENTED_EDGE ( 'NONE', *, *, #3598, .T. ) ;
#810 = CARTESIAN_POINT ( 'NONE',  ( 3.544287595250320800, 15.53286999249696300, -10.00000000000009900 ) ) ;
#811 = ORIENTED_EDGE ( 'NONE', *, *, #1854, .F. ) ;
#812 = VERTEX_POINT ( 'NONE', #690 ) ;
#813 = B_SPLINE_CURVE_WITH_KNOTS ( 'NONE', 3,
 ( #3390, #3471, #3412, #3418, #3403, #3407, #1015, #3397, #946, #713, #3449, #3427 ),
 .UNSPECIFIED., .F., .F.,
 ( 4, 2, 2, 2, 2, 4 ),
 ( 0.0000000000000000000, 0.0001018818034145397100, 0.0002037636068290794200, 0.0004075272136581588500, 0.0008150544273163183500, 0.001630108854632638200 ),
 .UNSPECIFIED. ) ;
#814 = ORIENTED_EDGE ( 'NONE', *, *, #3561, .T. ) ;
#815 = ORIENTED_EDGE ( 'NONE', *, *, #98, .T. ) ;
#816 = DIRECTION ( 'NONE',  ( 0.0000000000000000000, 7.037085798773819200E-015, 1.000000000000000000 ) ) ;
#817 = EDGE_LOOP ( 'NONE', ( #515, #3300, #1980, #3039 ) ) ;
#818 = FACE_OUTER_BOUND ( 'NONE', #512, .T. ) ;
#819 = EDGE_CURVE ( 'NONE', #3539, #3140, #746, .T. ) ;
#820 = CARTESIAN_POINT ( 'NONE',  ( 9.852538244443531200, 16.38589276338857200, -6.297874826825737000 ) ) ;
#821 = DIRECTION ( 'NONE',  ( 0.0000000000000000000, -1.000000000000000000, 7.037085798773819200E-015 ) ) ;
#822 = CARTESIAN_POINT ( 'NONE',  ( 9.992259694069058900, 8.301189421844666700, -4.321391546312228500 ) ) ;
#823 = VERTEX_POINT ( 'NONE', #3643 ) ;
#824 = DIRECTION ( 'NONE',  ( 0.9961946980917454300, -0.08715574274765892900, -0.0000000000000000000 ) ) ;
#825 = ORIENTED_EDGE ( 'NONE', *, *, #2178, .T. ) ;
#826 = ORIENTED_EDGE ( 'NONE', *, *, #1876, .F. ) ;
#827 = CARTESIAN_POINT ( 'NONE',  ( 11.39898655234025100, 23.18841624024296900, 5.465791793494767100 ) ) ;
#828 = EDGE_CURVE ( 'NONE', #626, #2209, #696, .T. ) ;
#829 = ORIENTED_EDGE ( 'NONE', *, *, #2491, .T. ) ;
#830 = DIRECTION ( 'NONE',  ( -0.08715574274765906800, -0.9961946980917454300, -4.452741626036975400E-015 ) ) ;
#831 = CARTESIAN_POINT ( 'NONE',  ( 4.213421055347285300, 16.59823875815378400, 9.999999999999852600 ) ) ;
#832 = EDGE_CURVE ( 'NONE', #550, #1990, #2640, .T. ) ;
#833 = CARTESIAN_POINT ( 'NONE',  ( 9.924214263983147400, 20.02995816856400100, -3.010767349528018100 ) ) ;
#834 = ORIENTED_EDGE ( 'NONE', *, *, #1013, .F. ) ;
#835 = DIRECTION ( 'NONE',  ( -1.000000000000000000, 0.0000000000000000000, 0.0000000000000000000 ) ) ;
#836 = CARTESIAN_POINT ( 'NONE',  ( 9.922884928375394200, 13.20072542153544100, 7.338923289892364600 ) ) ;
#837 = LINE ( 'NONE', #941, #683 ) ;
#838 = CARTESIAN_POINT ( 'NONE',  ( 1.199999999999998800, 0.9999999999998411300, -10.00000000000001600 ) ) ;
#839 = B_SPLINE_CURVE_WITH_KNOTS ( 'NONE', 3,
 ( #2576, #2582, #1633, #2588, #2592, #2593 ),
 .UNSPECIFIED., .F., .F.,
 ( 4, 2, 4 ),
 ( 0.0000000000000000000, 0.0004154114000648085600, 0.0008308228001296171300 ),
 .UNSPECIFIED. ) ;
#840 = CARTESIAN_POINT ( 'NONE',  ( 10.16163744048565400, 16.05326363176599000, -7.432258007644895400 ) ) ;
#841 = DIRECTION ( 'NONE',  ( -1.000000000000000000, 0.0000000000000000000, 0.0000000000000000000 ) ) ;
#842 = CARTESIAN_POINT ( 'NONE',  ( 10.16942203373579200, 9.134429482974381300, -6.781464583592503800 ) ) ;
#843 = CARTESIAN_POINT ( 'NONE',  ( 4.213421055347285300, 16.59823875815364100, -10.00000000000010700 ) ) ;
#844 = AXIS2_PLACEMENT_3D ( 'NONE', #2199, #2202, #2203 ) ;
#845 = CARTESIAN_POINT ( 'NONE',  ( 4.168349035112439300, 17.97559954001303200, 9.999999999999841900 ) ) ;
#846 = CARTESIAN_POINT ( 'NONE',  ( 9.978455757932355400, 8.129437175908899200, -3.720457322957942300 ) ) ;
#847 = CARTESIAN_POINT ( 'NONE',  ( 9.838990797792117600, 19.12390712377324300, -2.654898383679678500 ) ) ;
#848 = VECTOR ( 'NONE', #1477, 1000.000000000000000 ) ;
#849 = PRODUCT ( 'LOCK', 'LOCK', '', ( #1262 ) ) ;
#850 = CARTESIAN_POINT ( 'NONE',  ( 10.04707724975012600, 7.736022202942735700, -3.151001413594579400 ) ) ;
#851 = CARTESIAN_POINT ( 'NONE',  ( 4.168349035112439300, 17.97559954001289000, -10.00000000000011700 ) ) ;
#852 = CARTESIAN_POINT ( 'NONE',  ( 10.33032058095012600, 10.97350829306050100, -7.941574455052371000 ) ) ;
#853 = ORIENTED_EDGE ( 'NONE', *, *, #44, .T. ) ;
#854 = DIRECTION ( 'NONE',  ( 0.08715574274765829100, 0.9961946980917455500, 0.0000000000000000000 ) ) ;
#855 = EDGE_CURVE ( 'NONE', #1146, #3808, #3304, .T. ) ;
#856 = CARTESIAN_POINT ( 'NONE',  ( 9.991225046586025700, 17.97987098048979600, -6.232584631870461900 ) ) ;
#857 = B_SPLINE_CURVE_WITH_KNOTS ( 'NONE', 3,
 ( #73, #53, #2256, #83 ),
 .UNSPECIFIED., .F., .F.,
 ( 4, 4 ),
 ( 0.7000000000002210000, 1.000000000000000000 ),
 .UNSPECIFIED. ) ;
#858 = CARTESIAN_POINT ( 'NONE',  ( 3.130017829339000200, 19.20136056935644200, 9.999999999999831200 ) ) ;
#859 = CARTESIAN_POINT ( 'NONE',  ( 3.130017829339000200, 19.20136056935630000, -10.00000000000012600 ) ) ;
#860 = LINE ( 'NONE', #1857, #693 ) ;
#861 = CARTESIAN_POINT ( 'NONE',  ( 11.22727109886069000, 22.64548827896657100, 5.270226712942603700 ) ) ;
#862 = CARTESIAN_POINT ( 'NONE',  ( 3.142424528449764500, 20.43712500195951900, 9.999999999999824100 ) ) ;
#863 = CARTESIAN_POINT ( 'NONE',  ( 10.74697460262052000, 17.21107757559167000, 8.553663185991402100 ) ) ;
#864 = CARTESIAN_POINT ( 'NONE',  ( 9.933974492856714600, 20.14316032490408800, 2.299999999999983400 ) ) ;
#865 = VECTOR ( 'NONE', #3756, 1000.000000000000000 ) ;
#866 = CARTESIAN_POINT ( 'NONE',  ( 10.34634088607837300, 12.60434577902886300, -8.354391990253860800 ) ) ;
#867 = CYLINDRICAL_SURFACE ( 'NONE', #3029, 0.3999999999999993000 ) ;
#868 = CARTESIAN_POINT ( 'NONE',  ( 3.142424528449764500, 20.43712500195937700, -10.00000000000013300 ) ) ;
#869 = CARTESIAN_POINT ( 'NONE',  ( 3.200000000000002000, 21.20000000000016300, 9.999999999999818800 ) ) ;
#870 = LINE ( 'NONE', #1554, #848 ) ;
#871 = CARTESIAN_POINT ( 'NONE',  ( 3.200000000000002000, 21.20000000000002100, -10.00000000000014000 ) ) ;
#872 = ORIENTED_EDGE ( 'NONE', *, *, #378, .T. ) ;
#873 = VERTEX_POINT ( 'NONE', #3749 ) ;
#874 = CARTESIAN_POINT ( 'NONE',  ( 10.18898759027525200, 20.80612064122301400, -3.608012086047326200 ) ) ;
#875 = ORIENTED_EDGE ( 'NONE', *, *, #2963, .F. ) ;
#876 = CARTESIAN_POINT ( 'NONE',  ( 10.27733998698825400, 17.25216528045885800, -2.300000000000006000 ) ) ;
#877 = DIRECTION ( 'NONE',  ( -0.0000000000000000000, -0.0000000000000000000, -1.000000000000000000 ) ) ;
#878 = EDGE_LOOP ( 'NONE', ( #3850, #1892, #1587, #2668 ) ) ;
#879 = ORIENTED_EDGE ( 'NONE', *, *, #1069, .T. ) ;
#880 = ORIENTED_EDGE ( 'NONE', *, *, #1732, .F. ) ;
#881 = EDGE_CURVE ( 'NONE', #812, #3075, #194, .T. ) ;
#882 = LINE ( 'NONE', #894, #952 ) ;
#883 = DIRECTION ( 'NONE',  ( 1.000000000000000000, 0.0000000000000000000, -0.0000000000000000000 ) ) ;
#884 = CARTESIAN_POINT ( 'NONE',  ( 11.40000000000000000, 24.02168489848492800, -2.300000000000006000 ) ) ;
#885 = ORIENTED_EDGE ( 'NONE', *, *, #488, .T. ) ;
#886 = DIRECTION ( 'NONE',  ( 0.0000000000000000000, 0.0000000000000000000, -1.000000000000000000 ) ) ;
#887 = ORIENTED_EDGE ( 'NONE', *, *, #3488, .F. ) ;
#888 = CARTESIAN_POINT ( 'NONE',  ( 10.12917522431724000, 15.55863429370289300, 0.0000000000000000000 ) ) ;
#889 = EDGE_LOOP ( 'NONE', ( #1089, #1763, #1100, #1041 ) ) ;
#890 = CARTESIAN_POINT ( 'NONE',  ( 9.530992877614043100, 9.588049442500665300, 2.299999999999972300 ) ) ;
#891 = EDGE_CURVE ( 'NONE', #2812, #675, #684, .T. ) ;
#892 = DIRECTION ( 'NONE',  ( -0.0000000000000000000, -0.0000000000000000000, 1.000000000000000000 ) ) ;
#893 = CARTESIAN_POINT ( 'NONE',  ( 9.696017813746161500, 8.764449851634442000, 2.299999999999995800 ) ) ;
#894 = CARTESIAN_POINT ( 'NONE',  ( 11.40000000000000000, 23.19999999999999900, 12.60000000000000000 ) ) ;
#895 = ADVANCED_FACE ( 'NONE', ( #138 ), #1941, .F. ) ;
#896 = CYLINDRICAL_SURFACE ( 'NONE', #1527, 5.294024400970568100 ) ;
#897 = CARTESIAN_POINT ( 'NONE',  ( 10.42394071656334600, 12.04359133972333500, 8.734862704967794000 ) ) ;
#898 = CARTESIAN_POINT ( 'NONE',  ( 11.40000000000000200, 23.33504915305689700, -5.298783856280444100 ) ) ;
#899 = CARTESIAN_POINT ( 'NONE',  ( 11.22859881930352300, 23.36548428675248000, 3.093669683733980300 ) ) ;
#900 = CARTESIAN_POINT ( 'NONE',  ( 11.22810439325902200, 23.09998262801030200, 4.257175392632782400 ) ) ;
#901 = CARTESIAN_POINT ( 'NONE',  ( 11.22831637447184500, 23.21395972879511400, 3.872429518027011400 ) ) ;
#902 = CARTESIAN_POINT ( 'NONE',  ( 10.65944596608226800, 21.63712098386458000, -4.988712418971682700 ) ) ;
#903 = FACE_OUTER_BOUND ( 'NONE', #1611, .T. ) ;
#904 = VECTOR ( 'NONE', #2478, 1000.000000000000000 ) ;
#905 = CARTESIAN_POINT ( 'NONE',  ( 10.02460239277675300, 7.479133412345492900, -2.300000000000004700 ) ) ;
#906 = CARTESIAN_POINT ( 'NONE',  ( 9.844410806780311800, 19.18590741815006200, 2.299999999999979400 ) ) ;
#907 = VECTOR ( 'NONE', #1027, 1000.000000000000000 ) ;
#908 = CARTESIAN_POINT ( 'NONE',  ( 10.25416629482036500, 10.10306081952995800, 7.697823076848864700 ) ) ;
#909 = CARTESIAN_POINT ( 'NONE',  ( 11.23216017891392900, 22.95622767688283600, 4.631206246385854500 ) ) ;
#910 =( NAMED_UNIT ( * ) SI_UNIT ( $, .STERADIAN. ) SOLID_ANGLE_UNIT ( ) );
#911 = CARTESIAN_POINT ( 'NONE',  ( 9.556385859590657000, 13.60110719461799400, 5.955137261632239100 ) ) ;
#912 = VERTEX_POINT ( 'NONE', #1120 ) ;
#913 = EDGE_CURVE ( 'NONE', #1330, #1248, #3773, .T. ) ;
#914 = CARTESIAN_POINT ( 'NONE',  ( 10.65944596608227000, 21.66970037052797700, -4.920552577530247400 ) ) ;
#915 = LINE ( 'NONE', #3783, #907 ) ;
#916 = ADVANCED_FACE ( 'NONE', ( #3822 ), #1263, .F. ) ;
#917 = ADVANCED_FACE ( 'NONE', ( #3473 ), #2788, .T. ) ;
#918 = EDGE_CURVE ( 'NONE', #3128, #2474, #3242, .T. ) ;
#919 = B_SPLINE_CURVE_WITH_KNOTS ( 'NONE', 3,
 ( #3736, #820, #1483, #1823, #2110, #3748, #183, #502, #2394, #840, #2686, #1178 ),
 .UNSPECIFIED., .F., .F.,
 ( 4, 2, 2, 2, 2, 4 ),
 ( 0.0000000000000000000, 0.0007866197023545487700, 0.001179929553531822100, 0.001376584479120459600, 0.001474911941914781000, 0.001573239404709102100 ),
 .UNSPECIFIED. ) ;
#920 = ORIENTED_EDGE ( 'NONE', *, *, #745, .F. ) ;
#921 = CARTESIAN_POINT ( 'NONE',  ( 10.60296391295757200, 21.84204882525437700, 4.115084835746995600 ) ) ;
#922 = ORIENTED_EDGE ( 'NONE', *, *, #443, .F. ) ;
#923 = CARTESIAN_POINT ( 'NONE',  ( 9.607211830821620800, 13.59666049832193800, 6.215009267904323800 ) ) ;
#924 = LINE ( 'NONE', #3188, #702 ) ;
#925 = CARTESIAN_POINT ( 'NONE',  ( 6.368213862877856200, 6.746740728277139900, 12.60000000000000000 ) ) ;
#926 = FACE_OUTER_BOUND ( 'NONE', #3184, .T. ) ;
#927 = CARTESIAN_POINT ( 'NONE',  ( 9.327027809402320500, 13.27427533410261900, 3.089128308312231400 ) ) ;
#928 = CARTESIAN_POINT ( 'NONE',  ( 10.40959572187304400, 18.78131962469553800, -7.224145751713123800 ) ) ;
#929 = B_SPLINE_CURVE_WITH_KNOTS ( 'NONE', 3,
 ( #2104, #2076, #1427, #1422, #1417, #1428, #1434, #1440, #1453, #1442 ),
 .UNSPECIFIED., .F., .F.,
 ( 4, 2, 2, 1, 1, 4 ),
 ( 0.7096453740864883100, 0.7459397023256785200, 0.7640868664452737900, 0.7822340305648690700, 0.8548226870432467100, 1.000000000000000000 ),
 .UNSPECIFIED. ) ;
#930 = ORIENTED_EDGE ( 'NONE', *, *, #610, .T. ) ;
#931 = CARTESIAN_POINT ( 'NONE',  ( 10.20427876522412400, 21.06581431296923800, 2.299999999999986100 ) ) ;
#932 = VECTOR ( 'NONE', #553, 1000.000000000000000 ) ;
#933 = DIRECTION ( 'NONE',  ( 0.0000000000000000000, -0.0000000000000000000, -1.000000000000000000 ) ) ;
#934 = DIRECTION ( 'NONE',  ( 0.0000000000000000000, 0.0000000000000000000, 1.000000000000000000 ) ) ;
#935 = ORIENTED_EDGE ( 'NONE', *, *, #2967, .T. ) ;
#936 = DIRECTION ( 'NONE',  ( 0.0000000000000000000, -7.037085798773819900E-015, -1.000000000000000000 ) ) ;
#937 = CARTESIAN_POINT ( 'NONE',  ( 9.280617645847154800, 12.42064998202932100, -2.300000000000006000 ) ) ;
#938 = VERTEX_POINT ( 'NONE', #1336 ) ;
#939 = ORIENTED_EDGE ( 'NONE', *, *, #1443, .F. ) ;
#940 = CARTESIAN_POINT ( 'NONE',  ( 7.930190452764477100, 23.40000000000000200, -2.204364238465224000E-016 ) ) ;
#941 = CARTESIAN_POINT ( 'NONE',  ( 3.200000000000002000, 21.20000000000025500, 23.35505140532085400 ) ) ;
#942 = CARTESIAN_POINT ( 'NONE',  ( 9.418155939890333200, 14.31587463183342900, -4.050263165184842000 ) ) ;
#943 = VERTEX_POINT ( 'NONE', #1346 ) ;
#944 = ADVANCED_FACE ( 'NONE', ( #3468 ), #1365, .F. ) ;
#945 = CARTESIAN_POINT ( 'NONE',  ( 10.03903764508266000, 7.644129101205585600, -2.300000009011466100 ) ) ;
#946 = CARTESIAN_POINT ( 'NONE',  ( 9.928021581812211900, 15.24308096704938700, -6.944619117677720300 ) ) ;
#947 = ADVANCED_FACE ( 'NONE', ( #3204 ), #3122, .T. ) ;
#948 = EDGE_CURVE ( 'NONE', #3140, #3720, #2343, .T. ) ;
#949 = VERTEX_POINT ( 'NONE', #1395 ) ;
#950 = CARTESIAN_POINT ( 'NONE',  ( 9.451798968288034800, 12.40567355690836700, 7.063639258818764900 ) ) ;
#951 = VERTEX_POINT ( 'NONE', #2370 ) ;
#952 = VECTOR ( 'NONE', #1101, 1000.000000000000000 ) ;
#953 = VECTOR ( 'NONE', #3691, 1000.000000000000000 ) ;
#954 = LINE ( 'NONE', #2403, #1867 ) ;
#955 = FACE_OUTER_BOUND ( 'NONE', #1494, .T. ) ;
#956 =( BOUNDED_SURFACE ( )  B_SPLINE_SURFACE ( 3, 2, ( 
 ( #1174, #1478, #3261 ),
 ( #3849, #2466, #874 ),
 ( #847, #833, #602 ),
 ( #586, #554, #541 ),
 ( #529, #496, #319 ),
 ( #284, #271, #261 ) ),
 .UNSPECIFIED., .F., .F., .T. ) 
 B_SPLINE_SURFACE_WITH_KNOTS ( ( 4, 2, 4 ),
 ( 3, 3 ),
 ( 0.002571762042410187300, 0.002823951667148528600, 0.003076141291886869800 ),
 ( 0.01251387154694441300, 0.4072167212646712300 ),
 .UNSPECIFIED. ) 
 GEOMETRIC_REPRESENTATION_ITEM ( )  RATIONAL_B_SPLINE_SURFACE ( (
 ( 0.9992324804703207600, 0.9872816176076162400, 0.9850070088025684200),
 ( 0.9992460481709208900, 0.9875064447263317600, 0.9852720449453615800),
 ( 0.9992562239674910300, 0.9876750654153470000, 0.9854708224650266000),
 ( 0.9992700891248443900, 0.9879048216187149600, 0.9857416692306274500),
 ( 0.9992737061109431300, 0.9879647578294998800, 0.9858123246845194000),
 ( 0.9992736728077152900, 0.9879642059696832600, 0.9858116741277805900) ) ) 
 REPRESENTATION_ITEM ( '' )  SURFACE ( )  );
#957 = CARTESIAN_POINT ( 'NONE',  ( 9.653476445308902100, 17.00560031667989200, 4.050263165184834900 ) ) ;
#958 =( BOUNDED_CURVE ( )  B_SPLINE_CURVE ( 2, ( #3010, #3297, #3024 ),
 .UNSPECIFIED., .F., .F. ) 
 B_SPLINE_CURVE_WITH_KNOTS ( ( 3, 3 ),
 ( 0.1527377522782534200, 0.4390089998894574600 ),
 .UNSPECIFIED. ) 
 CURVE ( )  GEOMETRIC_REPRESENTATION_ITEM ( )  RATIONAL_B_SPLINE_CURVE ( ( 0.9939567263139632600, 0.9893143182183384800, 0.9884989542836566400 ) ) 
 REPRESENTATION_ITEM ( '' )  );
#959 = B_SPLINE_CURVE_WITH_KNOTS ( 'NONE', 3,
 ( #1289, #1362, #1376, #1384, #1400, #1415, #1420, #1426, #1432, #1458 ),
 .UNSPECIFIED., .F., .F.,
 ( 4, 2, 2, 2, 4 ),
 ( 0.0000000000000000000, 0.0002811063204332120700, 0.0005622126408664241400, 0.001124425281732847800, 0.002248850563465695300 ),
 .UNSPECIFIED. ) ;
#960 = CARTESIAN_POINT ( 'NONE',  ( 9.283704718499361500, 12.42037989816890000, -3.329637659101292600 ) ) ;
#961 = VECTOR ( 'NONE', #363, 1000.000000000000000 ) ;
#962 = CARTESIAN_POINT ( 'NONE',  ( 9.338534498250336200, 13.40579738946702900, 3.470003319102877600 ) ) ;
#963 = CARTESIAN_POINT ( 'NONE',  ( 9.965658686675720200, 7.968935354427609100, -2.300000000000005600 ) ) ;
#964 = CARTESIAN_POINT ( 'NONE',  ( 9.844410804216403600, 19.18590738886297900, 2.389788720658611700 ) ) ;
#965 = CARTESIAN_POINT ( 'NONE',  ( 9.077869758653301700, 10.42638578215693600, -2.810546318045372200 ) ) ;
#966 = CARTESIAN_POINT ( 'NONE',  ( 10.16633229298546200, 18.02935030106385000, -6.862945961917271000 ) ) ;
#967 = AXIS2_PLACEMENT_3D ( 'NONE', #2027, #1972, #2047 ) ;
#968 = LINE ( 'NONE', #2444, #904 ) ;
#969 = ADVANCED_FACE ( 'NONE', ( #2649 ), #2143, .T. ) ;
#970 = ADVANCED_FACE ( 'NONE', ( #3157 ), #523, .F. ) ;
#971 = VERTEX_POINT ( 'NONE', #131 ) ;
#972 = EDGE_CURVE ( 'NONE', #2904, #251, #3321, .T. ) ;
#973 = CARTESIAN_POINT ( 'NONE',  ( 11.22782836361195700, 22.95000510351908900, 4.627294855198512000 ) ) ;
#974 = ORIENTED_EDGE ( 'NONE', *, *, #791, .T. ) ;
#975 = CARTESIAN_POINT ( 'NONE',  ( 10.01882669673387700, 7.812075149616367400, -2.300000004308045300 ) ) ;
#976 = VECTOR ( 'NONE', #3298, 1000.000000000000000 ) ;
#977 = VECTOR ( 'NONE', #886, 1000.000000000000000 ) ;
#978 = CARTESIAN_POINT ( 'NONE',  ( 10.20770374305334500, 18.05194766321418200, -6.987899501939819100 ) ) ;
#979 = B_SPLINE_CURVE_WITH_KNOTS ( 'NONE', 3,
 ( #370, #3107, #340, #326, #313, #310, #302, #276, #273, #262, #249, #235 ),
 .UNSPECIFIED., .F., .F.,
 ( 4, 2, 2, 2, 2, 4 ),
 ( 3.508888132104897700E-005, 0.0001347776296530515300, 0.0002344663779850540800, 0.0004338438746490521900, 0.0008325988679770483500, 0.001630108854633039600 ),
 .UNSPECIFIED. ) ;
#980 = EDGE_LOOP ( 'NONE', ( #565, #3788, #1812, #3364 ) ) ;
#981 = ORIENTED_EDGE ( 'NONE', *, *, #1145, .F. ) ;
#982 = CARTESIAN_POINT ( 'NONE',  ( 10.61358957524345900, 14.21128771359597400, -9.094071250352238100 ) ) ;
#983 = CARTESIAN_POINT ( 'NONE',  ( 10.04237677278268000, 8.921652762417034300, 5.623834891023123300 ) ) ;
#984 = EDGE_CURVE ( 'NONE', #772, #3233, #2322, .T. ) ;
#985 = CARTESIAN_POINT ( 'NONE',  ( 7.930190452764477100, 11.27564434701785600, -7.000000000000003600 ) ) ;
#986 = CARTESIAN_POINT ( 'NONE',  ( 9.373979008488994700, 12.41248192118682800, -4.867885542163288700 ) ) ;
#987 = ORIENTED_EDGE ( 'NONE', *, *, #407, .F. ) ;
#988 = ADVANCED_FACE ( 'NONE', ( #2543 ), #2461, .T. ) ;
#989 = DIRECTION ( 'NONE',  ( -1.000000000000000000, 0.0000000000000000000, 0.0000000000000000000 ) ) ;
#990 = VERTEX_POINT ( 'NONE', #2095 ) ;
#991 = ORIENTED_EDGE ( 'NONE', *, *, #2494, .T. ) ;
#992 = CARTESIAN_POINT ( 'NONE',  ( 9.451798968291537800, 12.40567355690806300, -5.372702571462269800 ) ) ;
#993 = ORIENTED_EDGE ( 'NONE', *, *, #712, .T. ) ;
#994 = VERTEX_POINT ( 'NONE', #653 ) ;
#995 = CARTESIAN_POINT ( 'NONE',  ( 9.398045968448149900, 14.08601660644223800, -4.050263162752607100 ) ) ;
#996 = AXIS2_PLACEMENT_3D ( 'NONE', #3038, #1880, #2159 ) ;
#997 = CARTESIAN_POINT ( 'NONE',  ( 10.02842622254833000, 7.522839986631576700, 3.189528090508963600 ) ) ;
#998 = ORIENTED_EDGE ( 'NONE', *, *, #819, .F. ) ;
#999 = DIRECTION ( 'NONE',  ( 0.0000000000000000000, 0.0000000000000000000, -1.000000000000000000 ) ) ;
#1000 = CARTESIAN_POINT ( 'NONE',  ( 9.933974474938887400, 20.14316011208044100, 2.479220805527878800 ) ) ;
#1001 = CARTESIAN_POINT ( 'NONE',  ( -10.00000000000000200, 1.000000000000000000, 10.00000000000000400 ) ) ;
#1002 = ORIENTED_EDGE ( 'NONE', *, *, #3148, .F. ) ;
#1003 = CARTESIAN_POINT ( 'NONE',  ( 10.61724738370412700, 21.13732460301666200, 0.0000000000000000000 ) ) ;
#1004 = DIRECTION ( 'NONE',  ( 0.0000000000000000000, 0.0000000000000000000, -1.000000000000000000 ) ) ;
#1005 = LINE ( 'NONE', #2368, #3099 ) ;
#1006 = ORIENTED_EDGE ( 'NONE', *, *, #2768, .T. ) ;
#1007 = CARTESIAN_POINT ( 'NONE',  ( 10.20427878341371700, 21.06581420513535000, 2.566912008016590400 ) ) ;
#1008 = VERTEX_POINT ( 'NONE', #572 ) ;
#1009 = CARTESIAN_POINT ( 'NONE',  ( 9.329743080049075500, 12.41635206344598400, -4.357486999260821400 ) ) ;
#1010 = EDGE_CURVE ( 'NONE', #2428, #2846, #2929, .T. ) ;
#1011 = CARTESIAN_POINT ( 'NONE',  ( 10.20000000000000100, 24.02168489849347900, 2.299999999999996300 ) ) ;
#1012 = CARTESIAN_POINT ( 'NONE',  ( 9.601182999660299100, 16.40788349782474100, 4.050263165184928100 ) ) ;
#1013 = EDGE_CURVE ( 'NONE', #2944, #772, #3487, .T. ) ;
#1014 = B_SPLINE_CURVE_WITH_KNOTS ( 'NONE', 3,
 ( #803, #90, #49, #122, #137, #151, #67, #222, #165, #196, #105, #256, #241, #309, #335, #344, #358, #289, #402, #371, #425, #507 ),
 .UNSPECIFIED., .F., .F.,
 ( 4, 2, 2, 2, 2, 2, 2, 2, 2, 2, 4 ),
 ( 0.0000000000000000000, 0.001334004156032585900, 0.002668008312065171800, 0.003335010390081464800, 0.004002012468097758600, 0.005336016624130341900, 0.006670020780162926900, 0.008004024936195513700, 0.008671027014211806600, 0.009338029092228099600, 0.01067203324826068500 ),
 .UNSPECIFIED. ) ;
#1015 = CARTESIAN_POINT ( 'NONE',  ( 10.03502814251949200, 15.33209903547194300, -7.251269593202417600 ) ) ;
#1016 = CARTESIAN_POINT ( 'NONE',  ( 0.8754127043440613800, 13.55022489391182500, 9.999999999999920100 ) ) ;
#1017 = CARTESIAN_POINT ( 'NONE',  ( 9.627329722484601500, 16.70674190725234000, 4.050263165184834900 ) ) ;
#1018 = VECTOR ( 'NONE', #495, 1000.000000000000000 ) ;
#1019 =( GEOMETRIC_REPRESENTATION_CONTEXT ( 3 ) GLOBAL_UNCERTAINTY_ASSIGNED_CONTEXT ( ( #2017 ) ) GLOBAL_UNIT_ASSIGNED_CONTEXT ( ( #3461, #1968, #1962 ) ) REPRESENTATION_CONTEXT ( 'NONE', 'WORKASPACE' ) );
#1020 = CARTESIAN_POINT ( 'NONE',  ( 3.971716880361964000, 20.20716282756301400, 23.35505140532086100 ) ) ;
#1021 = CYLINDRICAL_SURFACE ( 'NONE', #385, 16.99999999999999600 ) ;
#1022 = CARTESIAN_POINT ( 'NONE',  ( -10.00000000000000200, 21.19999999999999600, -10.00000000000016000 ) ) ;
#1023 = CARTESIAN_POINT ( 'NONE',  ( 10.18390720736836400, 20.77370902087902800, -3.620645182322054500 ) ) ;
#1024 = CARTESIAN_POINT ( 'NONE',  ( 10.27406526017046300, 18.11574257280175000, -7.162551879715169700 ) ) ;
#1025 = CARTESIAN_POINT ( 'NONE',  ( 9.843337222994589900, 19.17362659732941700, 2.479272491202012300 ) ) ;
#1026 = PLANE ( 'NONE',  #3504 ) ;
#1027 = DIRECTION ( 'NONE',  ( 0.0000000000000000000, 0.0000000000000000000, -1.000000000000000000 ) ) ;
#1028 = ORIENTED_EDGE ( 'NONE', *, *, #285, .T. ) ;
#1029 = DIRECTION ( 'NONE',  ( 0.08715574274766087200, 0.9961946980917453200, -5.984316654691427700E-017 ) ) ;
#1030 = CARTESIAN_POINT ( 'NONE',  ( 19.56312998057777400, 15.53632607034827000, 4.050263165184824200 ) ) ;
#1031 = LINE ( 'NONE', #925, #932 ) ;
#1032 = EDGE_CURVE ( 'NONE', #2672, #1984, #3018, .T. ) ;
#1033 = ORIENTED_EDGE ( 'NONE', *, *, #1169, .F. ) ;
#1034 = DIRECTION ( 'NONE',  ( -1.000000000000000000, 0.0000000000000000000, 0.0000000000000000000 ) ) ;
#1035 = DIRECTION ( 'NONE',  ( -0.9961946980917454300, 0.08715574274766090000, 0.0000000000000000000 ) ) ;
#1036 =( BOUNDED_SURFACE ( )  B_SPLINE_SURFACE ( 3, 2, ( 
 ( #1798, #789, #478 ),
 ( #2667, #801, #2960 ),
 ( #1154, #3258, #1472 ),
 ( #3490, #1811, #3738 ),
 ( #2100, #174, #2380 ),
 ( #486, #2677, #822 ),
 ( #2972, #1166, #3264 ),
 ( #1487, #3501, #1825 ),
 ( #3750, #2111, #184 ),
 ( #2396, #506, #2688 ),
 ( #842, #2987, #1179 ),
 ( #3273, #1503, #3512 ),
 ( #1833, #3761, #2123 ),
 ( #199, #2411, #521 ),
 ( #2706, #852, #3000 ),
 ( #1191, #3286, #1515 ),
 ( #3526, #1848, #3767 ),
 ( #2133, #209, #2423 ),
 ( #534, #2719, #866 ),
 ( #3011, #1207, #3299 ),
 ( #1530, #3537, #1861 ),
 ( #3785, #2142, #220 ) ),
 .UNSPECIFIED., .F., .F., .T. ) 
 B_SPLINE_SURFACE_WITH_KNOTS ( ( 4, 2, 2, 2, 2, 2, 2, 2, 2, 2, 4 ),
 ( 3, 3 ),
 ( -1.352314961400313800E-011, 0.001323252819771117800, 0.001984879236418251500, 0.002646505653065385100, 0.003969758486359652500, 0.005293011319653919900, 0.006616264152948187300, 0.007277890569595321000, 0.007939516986242454700, 0.009262769819536722000, 0.01058602265283098900 ),
 ( 0.0000000000000000000, 1.000000000000000000 ),
 .UNSPECIFIED. ) 
 GEOMETRIC_REPRESENTATION_ITEM ( )  RATIONAL_B_SPLINE_SURFACE ( (
 ( 1.000000000000000000, 0.9786452262557923100, 1.000000000000000000),
 ( 1.000000000000000000, 0.9786443562689516300, 1.000000000000000000),
 ( 1.000000000000000000, 0.9785696452332211000, 1.000000000000000000),
 ( 1.000000000000000000, 0.9783786810328473100, 1.000000000000000000),
 ( 1.000000000000000000, 0.9783016730610667500, 1.000000000000000000),
 ( 1.000000000000000000, 0.9781218168139320700, 1.000000000000000000),
 ( 1.000000000000000000, 0.9780184575186480200, 1.000000000000000000),
 ( 1.000000000000000000, 0.9776734703048132200, 1.000000000000000000),
 ( 1.000000000000000000, 0.9773970905516644600, 1.000000000000000000),
 ( 1.000000000000000000, 0.9767812957739818700, 1.000000000000000000),
 ( 1.000000000000000000, 0.9764395354203242400, 1.000000000000000000),
 ( 1.000000000000000000, 0.9757278222208215500, 1.000000000000000000),
 ( 1.000000000000000000, 0.9753556687720755800, 1.000000000000000000),
 ( 1.000000000000000000, 0.9748041521043512300, 1.000000000000000000),
 ( 1.000000000000000000, 0.9746214574906122400, 1.000000000000000000),
 ( 1.000000000000000000, 0.9742726834962436300, 1.000000000000000000),
 ( 1.000000000000000000, 0.9741055683012932500, 1.000000000000000000),
 ( 1.000000000000000000, 0.9736333613111362000, 1.000000000000000000),
 ( 1.000000000000000000, 0.9733581442839180900, 1.000000000000000000),
 ( 1.000000000000000000, 0.9729621074193459700, 1.000000000000000000),
 ( 1.000000000000000000, 0.9728456846357999000, 1.000000000000000000),
 ( 1.000000000000000000, 0.9728456051340160800, 1.000000000000000000) ) ) 
 REPRESENTATION_ITEM ( '' )  SURFACE ( )  );
#1037 = DIRECTION ( 'NONE',  ( 0.0000000000000000000, -7.037085798773819900E-015, -1.000000000000000000 ) ) ;
#1038 = FACE_OUTER_BOUND ( 'NONE', #878, .T. ) ;
#1039 = CARTESIAN_POINT ( 'NONE',  ( 1.199999999999999700, 5.799999999999999800, 12.60000000000000000 ) ) ;
#1040 = VERTEX_POINT ( 'NONE', #3350 ) ;
#1041 = ORIENTED_EDGE ( 'NONE', *, *, #2899, .F. ) ;
#1042 = CARTESIAN_POINT ( 'NONE',  ( 9.924278337679107100, 20.03070134402610200, 3.009049847296489900 ) ) ;
#1043 = VECTOR ( 'NONE', #142, 1000.000000000000000 ) ;
#1044 = CARTESIAN_POINT ( 'NONE',  ( 3.501886792452838700, 25.20000000000011700, 7.999999999999828600 ) ) ;
#1045 = CARTESIAN_POINT ( 'NONE',  ( 10.29748113463721300, 18.14223922938468500, -7.220241179952538800 ) ) ;
#1046 = ORIENTED_EDGE ( 'NONE', *, *, #2844, .F. ) ;
#1047 = ORIENTED_EDGE ( 'NONE', *, *, #2071, .F. ) ;
#1048 = CARTESIAN_POINT ( 'NONE',  ( 10.18447713376216300, 20.77365956942002600, -3.626817446442661500 ) ) ;
#1049 = FACE_OUTER_BOUND ( 'NONE', #632, .T. ) ;
#1050 = CARTESIAN_POINT ( 'NONE',  ( 10.19467141874067600, 20.90267675189416600, 3.356985985309663100 ) ) ;
#1051 = CARTESIAN_POINT ( 'NONE',  ( 10.02460239277675300, 7.479133412345492900, -2.300000000000004700 ) ) ;
#1052 = AXIS2_PLACEMENT_3D ( 'NONE', #2638, #3674, #3713 ) ;
#1053 = CARTESIAN_POINT ( 'NONE',  ( 9.077869758727764800, 10.42638578323844600, -2.300000000000006000 ) ) ;
#1054 = VERTEX_POINT ( 'NONE', #3002 ) ;
#1055 = CARTESIAN_POINT ( 'NONE',  ( 9.920001441722854800, 13.16776701828270100, -7.330997241187075600 ) ) ;
#1056 = CARTESIAN_POINT ( 'NONE',  ( 9.835809977458827900, 19.08752110981179900, 2.737788060198592400 ) ) ;
#1057 = ORIENTED_EDGE ( 'NONE', *, *, #2650, .T. ) ;
#1058 = ORIENTED_EDGE ( 'NONE', *, *, #2918, .F. ) ;
#1059 = DIRECTION ( 'NONE',  ( -0.9961946980917455500, 0.08715574274765833200, 0.0000000000000000000 ) ) ;
#1060 = DIRECTION ( 'NONE',  ( -0.0000000000000000000, -0.0000000000000000000, -1.000000000000000000 ) ) ;
#1061 = CARTESIAN_POINT ( 'NONE',  ( 11.39898655234025100, 23.18841624024296900, 5.465791793494767100 ) ) ;
#1062 = EDGE_CURVE ( 'NONE', #2209, #2530, #2551, .T. ) ;
#1063 = CARTESIAN_POINT ( 'NONE',  ( 10.61420992536811300, 21.82319727698274300, -4.263997584140136100 ) ) ;
#1064 = VECTOR ( 'NONE', #788, 1000.000000000000000 ) ;
#1065 = CARTESIAN_POINT ( 'NONE',  ( 10.65792384531896500, 21.60225868676553800, -5.052846819522177000 ) ) ;
#1066 = CARTESIAN_POINT ( 'NONE',  ( 9.918467922019432900, 19.96330852560207300, 3.178559220001268700 ) ) ;
#1067 = FACE_OUTER_BOUND ( 'NONE', #775, .T. ) ;
#1068 = EDGE_CURVE ( 'NONE', #609, #2510, #1918, .T. ) ;
#1069 = EDGE_CURVE ( 'NONE', #721, #1102, #2505, .T. ) ;
#1070 = CARTESIAN_POINT ( 'NONE',  ( 10.18891053136336600, 20.80481177958633400, 3.610446139318789400 ) ) ;
#1071 = FACE_OUTER_BOUND ( 'NONE', #3789, .T. ) ;
#1072 = CARTESIAN_POINT ( 'NONE',  ( 10.64761746110092500, 21.73606052894238900, 4.704963056826110300 ) ) ;
#1073 = CARTESIAN_POINT ( 'NONE',  ( 4.672494165260309800, 21.19999999999990700, 9.999999999999868500 ) ) ;
#1074 = CARTESIAN_POINT ( 'NONE',  ( 10.33172904413089900, 18.20099554255937600, -7.292985168731291900 ) ) ;
#1075 = ORIENTED_EDGE ( 'NONE', *, *, #3656, .T. ) ;
#1076 = CARTESIAN_POINT ( 'NONE',  ( 7.930190452764477100, 7.894024400970566900, -12.60000000000000000 ) ) ;
#1077 = CARTESIAN_POINT ( 'NONE',  ( 10.21876950446742800, 21.17218690011572600, 0.0000000000000000000 ) ) ;
#1078 = CARTESIAN_POINT ( 'NONE',  ( 11.40000000000000000, 23.19999999999999900, 5.548802326334294900 ) ) ;
#1079 = ORIENTED_EDGE ( 'NONE', *, *, #172, .T. ) ;
#1080 = ORIENTED_EDGE ( 'NONE', *, *, #1272, .T. ) ;
#1081 = CIRCLE ( 'NONE', #996, 1.199999999999999700 ) ;
#1082 = DIRECTION ( 'NONE',  ( 0.0000000000000000000, 0.0000000000000000000, 1.000000000000000000 ) ) ;
#1083 = ORIENTED_EDGE ( 'NONE', *, *, #106, .T. ) ;
#1084 = PLANE ( 'NONE',  #1535 ) ;
#1085 = CARTESIAN_POINT ( 'NONE',  ( 9.831713264778013400, 19.04065752378203800, 2.814552192513146700 ) ) ;
#1086 = DIRECTION ( 'NONE',  ( 0.0000000000000000000, 0.0000000000000000000, 1.000000000000000000 ) ) ;
#1087 = CARTESIAN_POINT ( 'NONE',  ( 10.60296391296479800, 21.84204882524234000, -4.115084835842452500 ) ) ;
#1088 = CARTESIAN_POINT ( 'NONE',  ( 11.22782836361300300, 22.95000510350630000, -4.627294855241358600 ) ) ;
#1089 = ORIENTED_EDGE ( 'NONE', *, *, #2052, .T. ) ;
#1090 = LINE ( 'NONE', #2994, #1018 ) ;
#1091 = EDGE_CURVE ( 'NONE', #2157, #124, #929, .T. ) ;
#1092 = CARTESIAN_POINT ( 'NONE',  ( 10.40807360110974300, 18.74645732759647400, 7.239263338653654700 ) ) ;
#1093 = B_SPLINE_CURVE_WITH_KNOTS ( 'NONE', 3,
 ( #1135, #1124, #909, #1137, #1150, #1164, #1190, #1229, #1246, #1252 ),
 .UNSPECIFIED., .F., .F.,
 ( 4, 3, 3, 4 ),
 ( 1.961950202885838000E-015, 1.264648013470546100E-005, 2.941672734850532300E-005, 6.165421846363202100E-005 ),
 .UNSPECIFIED. ) ;
#1094 = ORIENTED_EDGE ( 'NONE', *, *, #1314, .F. ) ;
#1095 = CARTESIAN_POINT ( 'NONE',  ( 10.34317257068986100, 18.22423869058992100, -7.315213162062662800 ) ) ;
#1096 = ORIENTED_EDGE ( 'NONE', *, *, #1896, .F. ) ;
#1097 = ORIENTED_EDGE ( 'NONE', *, *, #1786, .T. ) ;
#1098 = CARTESIAN_POINT ( 'NONE',  ( 10.48550737437754800, 14.22249348131644100, 8.553663185991409200 ) ) ;
#1099 = ORIENTED_EDGE ( 'NONE', *, *, #2569, .F. ) ;
#1100 = ORIENTED_EDGE ( 'NONE', *, *, #98, .F. ) ;
#1101 = DIRECTION ( 'NONE',  ( -0.0000000000000000000, -0.0000000000000000000, -1.000000000000000000 ) ) ;
#1102 = VERTEX_POINT ( 'NONE', #2208 ) ;
#1103 = CARTESIAN_POINT ( 'NONE',  ( 10.50520391162607800, 21.94074515050913400, -2.300000000000005600 ) ) ;
#1104 = ORIENTED_EDGE ( 'NONE', *, *, #2650, .F. ) ;
#1105 = VERTEX_POINT ( 'NONE', #1450 ) ;
#1106 = CARTESIAN_POINT ( 'NONE',  ( 4.976713682273022200, 17.21854632709154100, 9.999999999999891600 ) ) ;
#1107 = AXIS2_PLACEMENT_3D ( 'NONE', #679, #816, #821 ) ;
#1108 = ORIENTED_EDGE ( 'NONE', *, *, #3148, .T. ) ;
#1109 = LINE ( 'NONE', #838, #1064 ) ;
#1110 = ORIENTED_EDGE ( 'NONE', *, *, #610, .F. ) ;
#1111 = ORIENTED_EDGE ( 'NONE', *, *, #1950, .F. ) ;
#1112 = CARTESIAN_POINT ( 'NONE',  ( 9.530993015477298200, 9.588049602270814400, 2.675491870977607400 ) ) ;
#1113 = ORIENTED_EDGE ( 'NONE', *, *, #44, .F. ) ;
#1114 = CARTESIAN_POINT ( 'NONE',  ( 7.930190452764477100, 8.677568135664550700, -8.500000000000005300 ) ) ;
#1115 = CARTESIAN_POINT ( 'NONE',  ( 11.22867061087841600, 23.40375547345725900, 2.299999999999995800 ) ) ;
#1116 = CARTESIAN_POINT ( 'NONE',  ( 10.40554414240534900, 18.84332587733434400, -7.177244381976848300 ) ) ;
#1117 = CARTESIAN_POINT ( 'NONE',  ( 9.530992877614043100, 9.588049442500665300, 2.299999999999972300 ) ) ;
#1118 = B_SPLINE_CURVE_WITH_KNOTS ( 'NONE', 3,
 ( #1087, #1063, #318, #192, #204, #211, #914, #902 ),
 .UNSPECIFIED., .F., .F.,
 ( 4, 2, 2, 4 ),
 ( 5.204170427930421300E-018, 0.0004499652029523997600, 0.0006749478044285983500, 0.0008999304059047969300 ),
 .UNSPECIFIED. ) ;
#1119 = EDGE_CURVE ( 'NONE', #1900, #1054, #3277, .T. ) ;
#1120 = CARTESIAN_POINT ( 'NONE',  ( 10.02460239277675500, 7.479133412345515100, 2.300000013723527500 ) ) ;
#1121 = VECTOR ( 'NONE', #2417, 1000.000000000000000 ) ;
#1122 = CARTESIAN_POINT ( 'NONE',  ( 11.39986654360818000, 23.19847458646136200, 5.492590574430825400 ) ) ;
#1123 = EDGE_CURVE ( 'NONE', #3795, #667, #2366, .T. ) ;
#1124 = CARTESIAN_POINT ( 'NONE',  ( 11.23000185200731100, 22.95327936668936900, 4.628819825141151900 ) ) ;
#1125 = LINE ( 'NONE', #601, #3623 ) ;
#1126 = CARTESIAN_POINT ( 'NONE',  ( 10.01793790475715600, 8.619581167239191500, 5.084944219849691500 ) ) ;
#1127 = CARTESIAN_POINT ( 'NONE',  ( 9.730697345080543000, 15.59349659080195500, 0.0000000000000000000 ) ) ;
#1128 = CARTESIAN_POINT ( 'NONE',  ( 7.930190452764477100, 25.19999999999999600, 10.00000000000000400 ) ) ;
#1129 = CARTESIAN_POINT ( 'NONE',  ( 11.40000000000000000, 23.20000000000000300, 5.520589203299445000 ) ) ;
#1130 = CIRCLE ( 'NONE', #303, 10.00000000000003900 ) ;
#1131 = AXIS2_PLACEMENT_3D ( 'NONE', #581, #583, #584 ) ;
#1132 = AXIS2_PLACEMENT_3D ( 'NONE', #3679, #2903, #1086 ) ;
#1133 = CARTESIAN_POINT ( 'NONE',  ( -2.069153950422515100E-029, 3.000000000000000000, -10.00000000000003000 ) ) ;
#1134 = VECTOR ( 'NONE', #3363, 1000.000000000000000 ) ;
#1135 = CARTESIAN_POINT ( 'NONE',  ( 11.22782836361195700, 22.95000510351908900, 4.627294855198512000 ) ) ;
#1136 = CARTESIAN_POINT ( 'NONE',  ( 10.04657003391683300, 7.730224699544871600, 2.300000006559002100 ) ) ;
#1137 = CARTESIAN_POINT ( 'NONE',  ( 11.23411371683211600, 22.95866090952512900, 4.634040581040166800 ) ) ;
#1138 = CARTESIAN_POINT ( 'NONE',  ( 10.87505680584337100, 17.19987183481114500, -9.094071250352229200 ) ) ;
#1139 = CARTESIAN_POINT ( 'NONE',  ( 10.79878388139097300, 22.29273644104225800, 4.358837106124764400 ) ) ;
#1140 = CARTESIAN_POINT ( 'NONE',  ( 9.679623168133201000, 17.30445872610744800, -4.050263165184842000 ) ) ;
#1141 = B_SPLINE_CURVE_WITH_KNOTS ( 'NONE', 3,
 ( #3447, #3355, #3520, #2642, #2715, #2583 ),
 .UNSPECIFIED., .F., .F.,
 ( 4, 2, 4 ),
 ( 0.0000000000000000000, 0.001114657964392144500, 0.002229315928784289000 ),
 .UNSPECIFIED. ) ;
#1142 = EDGE_CURVE ( 'NONE', #2298, #394, #2740, .T. ) ;
#1143 = CARTESIAN_POINT ( 'NONE',  ( 9.592467425385503800, 16.30826402801524100, -4.050263165187010000 ) ) ;
#1144 = CARTESIAN_POINT ( 'NONE',  ( 10.40558635489961900, 18.84298667372620900, 7.177560170886513500 ) ) ;
#1145 = EDGE_CURVE ( 'NONE', #938, #550, #2145, .T. ) ;
#1146 = VERTEX_POINT ( 'NONE', #2058 ) ;
#1147 = VECTOR ( 'NONE', #533, 1000.000000000000000 ) ;
#1148 = DIRECTION ( 'NONE',  ( -1.000000000000000000, 0.0000000000000000000, 0.0000000000000000000 ) ) ;
#1149 = CARTESIAN_POINT ( 'NONE',  ( 9.965658693745629300, 7.968935333569460200, 2.299999999999995400 ) ) ;
#1150 = CARTESIAN_POINT ( 'NONE',  ( 11.23670704934973900, 22.96189103947317600, 4.637803176153584900 ) ) ;
#1151 = VERTEX_POINT ( 'NONE', #1509 ) ;
#1152 = ORIENTED_EDGE ( 'NONE', *, *, #1804, .F. ) ;
#1153 = CARTESIAN_POINT ( 'NONE',  ( 11.39466589403713000, 23.13903088985592800, 5.334212788583140100 ) ) ;
#1154 = CARTESIAN_POINT ( 'NONE',  ( 10.02842802106470200, 7.522860543767677700, -3.187363135178294700 ) ) ;
#1155 = CARTESIAN_POINT ( 'NONE',  ( 10.37321130401067900, 18.34797944835977600, -7.343443499095450000 ) ) ;
#1156 = CARTESIAN_POINT ( 'NONE',  ( 10.99049597265519800, 22.59247445899984900, -4.460776937121987200 ) ) ;
#1157 = ORIENTED_EDGE ( 'NONE', *, *, #3845, .T. ) ;
#1158 = FACE_OUTER_BOUND ( 'NONE', #1778, .T. ) ;
#1159 = CARTESIAN_POINT ( 'NONE',  ( 10.36272787747791900, 18.28104470263369700, -7.344856871847876600 ) ) ;
#1160 = CARTESIAN_POINT ( 'NONE',  ( 1.199999999999998800, 1.000000000000000000, 12.60000000000000000 ) ) ;
#1161 = CYLINDRICAL_SURFACE ( 'NONE', #350, 0.3999999999999993000 ) ;
#1162 = CARTESIAN_POINT ( 'NONE',  ( -0.7000000000000010700, 9.930572883139300100, 9.999999999999941400 ) ) ;
#1163 = DIRECTION ( 'NONE',  ( 1.000000000000000000, 0.0000000000000000000, 0.0000000000000000000 ) ) ;
#1164 = CARTESIAN_POINT ( 'NONE',  ( 11.23904297058939200, 22.96437214637071400, 4.642418900464660300 ) ) ;
#1165 = B_SPLINE_CURVE_WITH_KNOTS ( 'NONE', 3,
 ( #3186, #2245, #2196, #2192 ),
 .UNSPECIFIED., .F., .F.,
 ( 4, 4 ),
 ( 0.001573239404709102100, 0.001608233068582046000 ),
 .UNSPECIFIED. ) ;
#1166 = CARTESIAN_POINT ( 'NONE',  ( 10.08280935297884500, 8.144442011838638300, -4.599240974681561200 ) ) ;
#1167 = LINE ( 'NONE', #2350, #1121 ) ;
#1168 = CARTESIAN_POINT ( 'NONE',  ( 9.502285221242099000, 12.40125658211098200, 5.700206213221570700 ) ) ;
#1169 = EDGE_CURVE ( 'NONE', #1177, #2453, #1841, .T. ) ;
#1170 = CARTESIAN_POINT ( 'NONE',  ( 9.848198257113669000, 19.19696800820102600, 2.907667049135963300 ) ) ;
#1171 = VECTOR ( 'NONE', #3325, 1000.000000000000000 ) ;
#1172 = CARTESIAN_POINT ( 'NONE',  ( 9.965658686675714900, 7.968935354427629600, 2.299999999999964300 ) ) ;
#1173 = ORIENTED_EDGE ( 'NONE', *, *, #1119, .T. ) ;
#1174 = CARTESIAN_POINT ( 'NONE',  ( 9.831711420275151900, 19.04063642375620400, -2.814586758230353000 ) ) ;
#1175 = DIRECTION ( 'NONE',  ( 0.0000000000000000000, -1.000000000000000000, 0.0000000000000000000 ) ) ;
#1176 = ORIENTED_EDGE ( 'NONE', *, *, #1517, .T. ) ;
#1177 = VERTEX_POINT ( 'NONE', #1624 ) ;
#1178 = CARTESIAN_POINT ( 'NONE',  ( 10.16555964217960600, 15.99197447004211800, -7.457810936355527600 ) ) ;
#1179 = CARTESIAN_POINT ( 'NONE',  ( 10.09143803311786100, 9.525351020719700300, -6.449110950420310600 ) ) ;
#1180 = CARTESIAN_POINT ( 'NONE',  ( 9.544511230855642100, 10.71405673579817200, 5.034438109050239700 ) ) ;
#1181 = CARTESIAN_POINT ( 'NONE',  ( 10.80962244884811500, 22.70837432990945400, 2.651292841939069800 ) ) ;
#1182 = FACE_OUTER_BOUND ( 'NONE', #1616, .T. ) ;
#1183 = AXIS2_PLACEMENT_3D ( 'NONE', #2072, #1909, #1895 ) ;
#1184 = DIRECTION ( 'NONE',  ( 0.0000000000000000000, 7.037085798773819200E-015, 1.000000000000000000 ) ) ;
#1185 = ORIENTED_EDGE ( 'NONE', *, *, #103, .F. ) ;
#1186 = CARTESIAN_POINT ( 'NONE',  ( 9.054430712581119400, 10.15847625943250800, -6.576718928374441800 ) ) ;
#1187 = CARTESIAN_POINT ( 'NONE',  ( 10.02460239277675500, 7.479133412345515100, 2.300000013723527500 ) ) ;
#1188 = VERTEX_POINT ( 'NONE', #1524 ) ;
#1189 = EDGE_CURVE ( 'NONE', #2510, #2898, #1697, .T. ) ;
#1190 = CARTESIAN_POINT ( 'NONE',  ( 11.24111504534621500, 22.96631583503198500, 4.647240188218563400 ) ) ;
#1191 = CARTESIAN_POINT ( 'NONE',  ( 10.35219994262728500, 11.22359054139363700, -8.390560970771574000 ) ) ;
#1192 = CARTESIAN_POINT ( 'NONE',  ( -10.00000000000000200, 6.938893903907228400E-014, 10.00000000000001100 ) ) ;
#1193 = ORIENTED_EDGE ( 'NONE', *, *, #2356, .F. ) ;
#1194 = ORIENTED_EDGE ( 'NONE', *, *, #1718, .T. ) ;
#1195 = CARTESIAN_POINT ( 'NONE',  ( 10.04445801897492700, 19.17979750393199000, 5.521704609591729700 ) ) ;
#1196 = ORIENTED_EDGE ( 'NONE', *, *, #1069, .F. ) ;
#1197 = ORIENTED_EDGE ( 'NONE', *, *, #3372, .F. ) ;
#1198 = ORIENTED_EDGE ( 'NONE', *, *, #2005, .F. ) ;
#1199 = CARTESIAN_POINT ( 'NONE',  ( 8.872568098871360200, 8.079777073236007500, -6.576718928384396500 ) ) ;
#1200 = FACE_OUTER_BOUND ( 'NONE', #3678, .T. ) ;
#1201 = CARTESIAN_POINT ( 'NONE',  ( 10.05826525904997300, 15.35978071340278500, 7.311843724008368500 ) ) ;
#1202 = EDGE_CURVE ( 'NONE', #552, #3479, #1669, .T. ) ;
#1203 = CARTESIAN_POINT ( 'NONE',  ( 9.348779062339378500, 13.52289329282375300, 3.663064902399047800 ) ) ;
#1204 = VERTEX_POINT ( 'NONE', #1626 ) ;
#1205 = DIRECTION ( 'NONE',  ( -0.9961946980917455500, 0.08715574274765906800, 0.0000000000000000000 ) ) ;
#1206 = CARTESIAN_POINT ( 'NONE',  ( 1.199999999999998800, 7.894024400970566900, 9.999999999999955600 ) ) ;
#1207 = CARTESIAN_POINT ( 'NONE',  ( 10.53936383564292000, 13.36288362773175300, -8.766324423755104800 ) ) ;
#1208 = DIRECTION ( 'NONE',  ( 0.0000000000000000000, -1.000000000000000000, 7.045559241204948900E-015 ) ) ;
#1209 = CARTESIAN_POINT ( 'NONE',  ( 9.845474435839717500, 19.19720631168409100, 2.299999999999995800 ) ) ;
#1210 = CARTESIAN_POINT ( 'NONE',  ( 10.37033091278524900, 18.31505642600069800, -7.350651602300737300 ) ) ;
#1211 = CARTESIAN_POINT ( 'NONE',  ( 10.80509553787382500, 22.53485155501638100, 3.691371057131543200 ) ) ;
#1212 =( BOUNDED_SURFACE ( )  B_SPLINE_SURFACE ( 2, 3, ( 
 ( #2389, #2204, #1243, #1203, #962, #927, #648, #3796, #3743, #3619 ),
 ( #3602, #3577, #3507, #3353, #3346, #3336, #3323, #3312, #3292, #3280 ),
 ( #3133, #3064, #2794, #2771, #2761, #2727, #2499, #2430, #2415, #2238 ) ),
 .UNSPECIFIED., .F., .F., .T. ) 
 B_SPLINE_SURFACE_WITH_KNOTS ( ( 3, 3 ),
 ( 4, 2, 2, 2, 4 ),
 ( 0.0000000000000000000, 1.000000000000000000 ),
 ( 4.712388980384688800, 5.105088062083412500, 5.497787143782137100, 5.890486225480861600, 6.283185307179585300 ),
 .UNSPECIFIED. ) 
 GEOMETRIC_REPRESENTATION_ITEM ( )  RATIONAL_B_SPLINE_SURFACE ( (
 ( 1.000000000000000000, 1.000000000000000000, 1.000000000000000000, 1.000000000000000000, 1.000000000000000000, 1.000000000000000000, 1.000000000000000000, 1.000000000000000000, 1.000000000000000000, 1.000000000000000000),
 ( 0.9695359714832659800, 0.9695333840572596400, 0.9701275339297187300, 0.9717134144120133100, 0.9726898412042460600, 0.9744373626081009900, 0.9752155576055043800, 0.9763168666684356500, 0.9766483314991976100, 0.9766504768063927200),
 ( 1.000000000000000000, 1.000000000000000000, 1.000000000000000000, 1.000000000000000000, 1.000000000000000000, 1.000000000000000000, 1.000000000000000000, 1.000000000000000000, 1.000000000000000000, 1.000000000000000000) ) ) 
 REPRESENTATION_ITEM ( '' )  SURFACE ( )  );
#1213 = CARTESIAN_POINT ( 'NONE',  ( 11.22867061472493700, 23.40375547986058500, -2.821134678750522700 ) ) ;
#1214 = CARTESIAN_POINT ( 'NONE',  ( 11.24909982446918600, 22.97242670304657600, -4.669698912331540400 ) ) ;
#1215 = CIRCLE ( 'NONE', #112, 9.999999999999998200 ) ;
#1216 = VERTEX_POINT ( 'NONE', #1795 ) ;
#1217 = CARTESIAN_POINT ( 'NONE',  ( 11.23457528856617500, 23.21364423528647000, 3.917653640001107700 ) ) ;
#1218 = EDGE_CURVE ( 'NONE', #1986, #3566, #1881, .T. ) ;
#1219 = CARTESIAN_POINT ( 'NONE',  ( 10.49591495230470400, 21.70946864961743800, 3.731603650794161500 ) ) ;
#1220 = ADVANCED_FACE ( 'NONE', ( #1576 ), #1021, .T. ) ;
#1221 = EDGE_CURVE ( 'NONE', #2572, #2294, #1308, .T. ) ;
#1222 = CARTESIAN_POINT ( 'NONE',  ( 10.80236057499377500, 22.42998840548220600, 4.032613824341628300 ) ) ;
#1223 = CARTESIAN_POINT ( 'NONE',  ( 11.23381259026902300, 23.09157473816153300, 4.314303808212092600 ) ) ;
#1224 = CARTESIAN_POINT ( 'NONE',  ( 9.803528654675627500, 17.99629228696667100, -5.288018209912665100 ) ) ;
#1225 = ORIENTED_EDGE ( 'NONE', *, *, #2810, .F. ) ;
#1226 = ORIENTED_EDGE ( 'NONE', *, *, #1804, .T. ) ;
#1227 = CARTESIAN_POINT ( 'NONE',  ( 10.03903764508266500, 7.644129101205607800, 2.300000009149016500 ) ) ;
#1228 = VECTOR ( 'NONE', #1175, 1000.000000000000000 ) ;
#1229 = CARTESIAN_POINT ( 'NONE',  ( 11.24508915589107800, 22.97004370902844900, 4.656487118349591700 ) ) ;
#1230 = CARTESIAN_POINT ( 'NONE',  ( 10.31458419400197500, 12.22641163489955600, 8.230255597563333600 ) ) ;
#1231 = ORIENTED_EDGE ( 'NONE', *, *, #3610, .T. ) ;
#1232 = CARTESIAN_POINT ( 'NONE',  ( 11.22846668559597600, 22.95096670705777000, -4.627742716770591800 ) ) ;
#1233 = ORIENTED_EDGE ( 'NONE', *, *, #2698, .T. ) ;
#1234 = DIRECTION ( 'NONE',  ( -1.000000000000000000, 0.0000000000000000000, 0.0000000000000000000 ) ) ;
#1235 = CARTESIAN_POINT ( 'NONE',  ( 10.47662278188589200, 14.12094396428530500, -8.553662862971204800 ) ) ;
#1236 = ORIENTED_EDGE ( 'NONE', *, *, #3656, .F. ) ;
#1237 = ORIENTED_EDGE ( 'NONE', *, *, #244, .T. ) ;
#1238 = CIRCLE ( 'NONE', #3448, 10.00000000000125400 ) ;
#1239 = ORIENTED_EDGE ( 'NONE', *, *, #1754, .F. ) ;
#1240 = CARTESIAN_POINT ( 'NONE',  ( 8.701368512378135000, -0.7612711019945289600, 0.0000000000000000000 ) ) ;
#1241 = ORIENTED_EDGE ( 'NONE', *, *, #689, .F. ) ;
#1242 = ORIENTED_EDGE ( 'NONE', *, *, #1142, .F. ) ;
#1243 = CARTESIAN_POINT ( 'NONE',  ( 9.378583299481206800, 13.86355728219875900, 3.954836105389572000 ) ) ;
#1244 = CIRCLE ( 'NONE', #2909, 10.00000000000044900 ) ;
#1245 = VERTEX_POINT ( 'NONE', #1818 ) ;
#1246 = CARTESIAN_POINT ( 'NONE',  ( 11.24829230417312000, 22.97205177458291200, 4.666753468268434600 ) ) ;
#1247 = ADVANCED_FACE ( 'NONE', ( #903 ), #753, .T. ) ;
#1248 = VERTEX_POINT ( 'NONE', #1862 ) ;
#1249 = ORIENTED_EDGE ( 'NONE', *, *, #1517, .F. ) ;
#1250 = EDGE_CURVE ( 'NONE', #2028, #362, #860, .T. ) ;
#1251 = CARTESIAN_POINT ( 'NONE',  ( 10.16530584688976900, 10.42849545763385800, 7.288090169096182800 ) ) ;
#1252 = CARTESIAN_POINT ( 'NONE',  ( 11.25110897899480200, 22.97335954551374100, 4.677027337736015000 ) ) ;
#1253 = APPLICATION_PROTOCOL_DEFINITION ( 'draft international standard', 'automotive_design', 1998, #1575 ) ;
#1254 = CARTESIAN_POINT ( 'NONE',  ( -0.7000000000000012900, 9.930572883139159800, -10.00000000000005700 ) ) ;
#1255 = ORIENTED_EDGE ( 'NONE', *, *, #3317, .T. ) ;
#1256 = CARTESIAN_POINT ( 'NONE',  ( 9.442169673571292800, 10.78032689623853100, 4.320153684378408500 ) ) ;
#1257 = ORIENTED_EDGE ( 'NONE', *, *, #1495, .T. ) ;
#1258 = CARTESIAN_POINT ( 'NONE',  ( 10.56933701988395700, 14.21515933766851700, -8.720501138016027600 ) ) ;
#1259 = LINE ( 'NONE', #2236, #3345 ) ;
#1260 = CARTESIAN_POINT ( 'NONE',  ( 10.21266624980921200, 20.77123396007565500, 4.019208210326448600 ) ) ;
#1261 = VECTOR ( 'NONE', #636, 1000.000000000000000 ) ;
#1262 = PRODUCT_CONTEXT ( 'NONE', #1575, 'mechanical' ) ;
#1263 = PLANE ( 'NONE',  #480 ) ;
#1264 = AXIS2_PLACEMENT_3D ( 'NONE', #940, #2769, #2547 ) ;
#1265 = ADVANCED_FACE ( 'NONE', ( #645 ), #1335, .T. ) ;
#1266 = CARTESIAN_POINT ( 'NONE',  ( 11.23583802192855300, 23.41566832566183400, 2.708455208394184900 ) ) ;
#1267 = B_SPLINE_CURVE_WITH_KNOTS ( 'NONE', 3,
 ( #3641, #45, #3406, #2845, #3152, #2542 ),
 .UNSPECIFIED., .F., .F.,
 ( 4, 2, 4 ),
 ( 0.002934051104053758300, 0.003807458806427472200, 0.004680866508801186600 ),
 .UNSPECIFIED. ) ;
#1268 = DIRECTION ( 'NONE',  ( 1.000000000000000000, 1.301042606982605300E-016, -9.155548453196957500E-031 ) ) ;
#1269 = EDGE_CURVE ( 'NONE', #3278, #1814, #280, .T. ) ;
#1270 = VECTOR ( 'NONE', #2056, 1000.000000000000000 ) ;
#1271 = CARTESIAN_POINT ( 'NONE',  ( 10.87505680584334300, 17.19987183481077200, 9.094071250352229200 ) ) ;
#1272 = EDGE_CURVE ( 'NONE', #1105, #2988, #325, .T. ) ;
#1273 = ORIENTED_EDGE ( 'NONE', *, *, #1323, .F. ) ;
#1274 = FACE_OUTER_BOUND ( 'NONE', #889, .T. ) ;
#1275 = EDGE_CURVE ( 'NONE', #2006, #281, #793, .T. ) ;
#1276 = VERTEX_POINT ( 'NONE', #1893 ) ;
#1277 = ORIENTED_EDGE ( 'NONE', *, *, #2786, .T. ) ;
#1278 = ADVANCED_FACE ( 'NONE', ( #38 ), #1398, .T. ) ;
#1279 = ORIENTED_EDGE ( 'NONE', *, *, #2691, .T. ) ;
#1280 = CARTESIAN_POINT ( 'NONE',  ( -0.7000000000000010700, 9.930572883139394200, 23.35505140532093900 ) ) ;
#1281 = ADVANCED_FACE ( 'NONE', ( #143 ), #2223, .F. ) ;
#1282 = LINE ( 'NONE', #2502, #1270 ) ;
#1283 = CARTESIAN_POINT ( 'NONE',  ( 10.01882669673388400, 7.812075149616384300, 2.300000004574505900 ) ) ;
#1284 = ORIENTED_EDGE ( 'NONE', *, *, #3812, .F. ) ;
#1285 = LINE ( 'NONE', #1076, #1228 ) ;
#1286 = B_SPLINE_CURVE_WITH_KNOTS ( 'NONE', 3,
 ( #3062, #2503, #2523, #2506, #1547, #1195 ),
 .UNSPECIFIED., .F., .F.,
 ( 4, 2, 4 ),
 ( 0.0009956690897415763900, 0.002312248093780081600, 0.003628827097818586800 ),
 .UNSPECIFIED. ) ;
#1287 = VERTEX_POINT ( 'NONE', #2219 ) ;
#1288 = EDGE_LOOP ( 'NONE', ( #10, #3409, #3706, #1430 ) ) ;
#1289 = CARTESIAN_POINT ( 'NONE',  ( 9.626629004499418900, 9.814504716630203500, -4.527237757723138900 ) ) ;
#1290 = CARTESIAN_POINT ( 'NONE',  ( 10.78790106309337400, 16.20367713671828400, 8.808572679498032800 ) ) ;
#1291 = ORIENTED_EDGE ( 'NONE', *, *, #2221, .T. ) ;
#1292 = CARTESIAN_POINT ( 'NONE',  ( 9.965658686675714900, 7.968935354427629600, 2.299999999999964300 ) ) ;
#1293 = CARTESIAN_POINT ( 'NONE',  ( 10.65981888763140300, 16.21488287507105900, 8.553663241237519100 ) ) ;
#1294 = EDGE_CURVE ( 'NONE', #2229, #2510, #1259, .T. ) ;
#1295 = CARTESIAN_POINT ( 'NONE',  ( 3.200000000000002000, 21.19999999999999900, 12.60000000000000000 ) ) ;
#1296 = VERTEX_POINT ( 'NONE', #2254 ) ;
#1297 = CARTESIAN_POINT ( 'NONE',  ( 10.61358957760033000, 14.21128774053518600, 9.094071250352225600 ) ) ;
#1298 = ADVANCED_FACE ( 'NONE', ( #2307 ), #2349, .T. ) ;
#1299 = ADVANCED_FACE ( 'NONE', ( #2211 ), #2456, .T. ) ;
#1300 = LINE ( 'NONE', #577, #1147 ) ;
#1301 = CARTESIAN_POINT ( 'NONE',  ( -0.7000000000000010700, 9.930572883139300100, 9.999999999999941400 ) ) ;
#1302 = DIRECTION ( 'NONE',  ( 0.0000000000000000000, 7.037085798773819200E-015, 1.000000000000000000 ) ) ;
#1303 = VECTOR ( 'NONE', #545, 1000.000000000000000 ) ;
#1304 = CARTESIAN_POINT ( 'NONE',  ( 10.44090332045254700, 13.70962274771408200, -8.533299068296564400 ) ) ;
#1305 = AXIS2_PLACEMENT_3D ( 'NONE', #2282, #722, #2019 ) ;
#1306 = FACE_OUTER_BOUND ( 'NONE', #3414, .T. ) ;
#1307 = CARTESIAN_POINT ( 'NONE',  ( 11.40000000000000000, 23.19999999999999900, 5.548802326334294900 ) ) ;
#1308 = LINE ( 'NONE', #1840, #1752 ) ;
#1309 = CARTESIAN_POINT ( 'NONE',  ( 0.0000000000000000000, 3.000000000000000000, 12.60000000000000000 ) ) ;
#1310 = FACE_OUTER_BOUND ( 'NONE', #2979, .T. ) ;
#1311 = CARTESIAN_POINT ( 'NONE',  ( 10.48550740213137900, 14.22249347888829300, 8.553663241227146900 ) ) ;
#1312 = CARTESIAN_POINT ( 'NONE',  ( 5.599999999999999600, 31.80000000000000100, 12.60000000000000000 ) ) ;
#1313 = CARTESIAN_POINT ( 'NONE',  ( 10.40959572187313700, 18.77025187655018000, -7.230370154667723700 ) ) ;
#1314 = EDGE_CURVE ( 'NONE', #1619, #171, #1005, .T. ) ;
#1315 = CARTESIAN_POINT ( 'NONE',  ( 9.845474435839717500, 19.19720631168409100, 2.299999999999995800 ) ) ;
#1316 = CARTESIAN_POINT ( 'NONE',  ( -10.00000000000000200, 25.20000000000012000, 7.999999999999828600 ) ) ;
#1317 = LINE ( 'NONE', #2700, #1134 ) ;
#1318 = ORIENTED_EDGE ( 'NONE', *, *, #659, .F. ) ;
#1319 = ORIENTED_EDGE ( 'NONE', *, *, #3009, .T. ) ;
#1320 = ORIENTED_EDGE ( 'NONE', *, *, #3275, .F. ) ;
#1321 = VECTOR ( 'NONE', #654, 1000.000000000000000 ) ;
#1322 = CARTESIAN_POINT ( 'NONE',  ( 11.22867061088232200, 23.40375547346376800, 2.299999999999996300 ) ) ;
#1323 = EDGE_CURVE ( 'NONE', #3553, #2026, #2398, .T. ) ;
#1324 = CARTESIAN_POINT ( 'NONE',  ( 10.40959572187304400, 18.78131962469553800, 0.0000000000000000000 ) ) ;
#1325 = CARTESIAN_POINT ( 'NONE',  ( 3.544287595250320800, 15.53286999249710300, 9.999999999999905900 ) ) ;
#1326 = ORIENTED_EDGE ( 'NONE', *, *, #2590, .F. ) ;
#1327 = ORIENTED_EDGE ( 'NONE', *, *, #2628, .T. ) ;
#1328 = CARTESIAN_POINT ( 'NONE',  ( 10.40959572187304400, 18.78131962469517500, 7.224145751713321900 ) ) ;
#1329 = PLANE ( 'NONE',  #2328 ) ;
#1330 = VERTEX_POINT ( 'NONE', #2391 ) ;
#1331 = AXIS2_PLACEMENT_3D ( 'NONE', #757, #266, #420 ) ;
#1332 = ORIENTED_EDGE ( 'NONE', *, *, #1443, .T. ) ;
#1333 =( BOUNDED_CURVE ( )  B_SPLINE_CURVE ( 2, ( #1747, #401, #750 ),
 .UNSPECIFIED., .F., .T. ) 
 B_SPLINE_CURVE_WITH_KNOTS ( ( 3, 3 ),
 ( 0.1527377524036983800, 0.4390089998744020100 ),
 .UNSPECIFIED. ) 
 CURVE ( )  GEOMETRIC_REPRESENTATION_ITEM ( )  RATIONAL_B_SPLINE_CURVE ( ( 0.9939567263098946200, 0.9893143182182254600, 0.9884989542837425700 ) ) 
 REPRESENTATION_ITEM ( '' )  );
#1334 = DIRECTION ( 'NONE',  ( 1.000000000000000000, -0.0000000000000000000, -0.0000000000000000000 ) ) ;
#1335 =( BOUNDED_SURFACE ( )  B_SPLINE_SURFACE ( 3, 2, ( 
 ( #1869, #1879, #3309 ),
 ( #1213, #1905, #1906 ),
 ( #1917, #1928, #1929 ),
 ( #1934, #2102, #1938 ),
 ( #1945, #1947, #1958 ),
 ( #1963, #1965, #1969 ) ),
 .UNSPECIFIED., .F., .F., .F. ) 
 B_SPLINE_SURFACE_WITH_KNOTS ( ( 4, 2, 4 ),
 ( 3, 3 ),
 ( -4.336808689942017700E-019, 0.001694715628085409100, 0.003389431256170818500 ),
 ( 0.0000000000000000000, 1.000000000000000000 ),
 .UNSPECIFIED. ) 
 GEOMETRIC_REPRESENTATION_ITEM ( )  RATIONAL_B_SPLINE_SURFACE ( (
 ( 1.000000000000000000, 0.9636455544092306100, 1.000000000000000000),
 ( 1.000000000000000000, 0.9636454371957093900, 1.000000000000000000),
 ( 1.000000000000000000, 0.9636192486348598200, 1.000000000000000000),
 ( 1.000000000000000000, 0.9635168797623678800, 1.000000000000000000),
 ( 1.000000000000000000, 0.9634395646860078900, 1.000000000000000000),
 ( 1.000000000000000000, 0.9633429508677524600, 1.000000000000000000) ) ) 
 REPRESENTATION_ITEM ( '' )  SURFACE ( )  );
#1336 = CARTESIAN_POINT ( 'NONE',  ( 10.16403752141630400, 15.95711217293959200, -7.462007587033787600 ) ) ;
#1337 = EDGE_LOOP ( 'NONE', ( #2308, #2431, #3523, #1548 ) ) ;
#1338 = ORIENTED_EDGE ( 'NONE', *, *, #687, .F. ) ;
#1339 = DIRECTION ( 'NONE',  ( 0.0000000000000000000, -1.000000000000000000, 7.037085798773819900E-015 ) ) ;
#1340 = ORIENTED_EDGE ( 'NONE', *, *, #3725, .F. ) ;
#1341 = LINE ( 'NONE', #476, #1303 ) ;
#1342 = DIRECTION ( 'NONE',  ( 0.0000000000000000000, -7.037085798773819900E-015, -1.000000000000000000 ) ) ;
#1343 = CARTESIAN_POINT ( 'NONE',  ( 0.8754127043440613800, 13.55022489391168400, -10.00000000000010700 ) ) ;
#1344 = ORIENTED_EDGE ( 'NONE', *, *, #3192, .T. ) ;
#1345 = ORIENTED_EDGE ( 'NONE', *, *, #1927, .T. ) ;
#1346 = CARTESIAN_POINT ( 'NONE',  ( 9.346186061429207800, 10.80880174899523500, -2.300000000000005600 ) ) ;
#1347 = LINE ( 'NONE', #630, #1261 ) ;
#1348 = DIRECTION ( 'NONE',  ( -0.0000000000000000000, -0.0000000000000000000, -1.000000000000000000 ) ) ;
#1349 = ORIENTED_EDGE ( 'NONE', *, *, #2371, .T. ) ;
#1350 = CARTESIAN_POINT ( 'NONE',  ( 9.327101954241774400, 13.27512281349554400, -2.300000000000005200 ) ) ;
#1351 = FACE_OUTER_BOUND ( 'NONE', #3458, .T. ) ;
#1352 = CARTESIAN_POINT ( 'NONE',  ( 5.599999999999999600, 28.59999999999996900, 7.999999999999803700 ) ) ;
#1353 = EDGE_CURVE ( 'NONE', #760, #549, #3095, .T. ) ;
#1354 = LINE ( 'NONE', #2932, #526 ) ;
#1355 = VECTOR ( 'NONE', #3735, 1000.000000000000000 ) ;
#1356 = DIRECTION ( 'NONE',  ( 0.0000000000000000000, 1.000000000000000000, -7.096596038086939800E-015 ) ) ;
#1357 = CIRCLE ( 'NONE', #3642, 2.999999999999996400 ) ;
#1358 = EDGE_CURVE ( 'NONE', #362, #1393, #954, .T. ) ;
#1359 = CARTESIAN_POINT ( 'NONE',  ( 9.991281165512548400, 17.97986607071991800, 6.232867045706014700 ) ) ;
#1360 = DIRECTION ( 'NONE',  ( -0.0000000000000000000, 0.0000000000000000000, -1.000000000000000000 ) ) ;
#1361 = CARTESIAN_POINT ( 'NONE',  ( 10.49588128645687500, 21.70862541211112500, -3.733580098033799600 ) ) ;
#1362 = CARTESIAN_POINT ( 'NONE',  ( 9.623161273016137300, 9.774868364404415600, -4.440601732912727000 ) ) ;
#1363 = CARTESIAN_POINT ( 'NONE',  ( 5.599999999999999600, 25.19999999999999900, 12.60000000000000000 ) ) ;
#1364 = B_SPLINE_CURVE_WITH_KNOTS ( 'NONE', 3,
 ( #660, #2304, #3872, #88, #2392, #651 ),
 .UNSPECIFIED., .F., .F.,
 ( 4, 2, 4 ),
 ( 0.001576156384487785400, 0.002612136610901170100, 0.003648116837314555200 ),
 .UNSPECIFIED. ) ;
#1365 = PLANE ( 'NONE',  #1593 ) ;
#1366 = DIRECTION ( 'NONE',  ( 0.0000000000000000000, -1.000000000000000000, 0.0000000000000000000 ) ) ;
#1367 = FACE_OUTER_BOUND ( 'NONE', #3306, .T. ) ;
#1368 = LINE ( 'NONE', #3869, #1372 ) ;
#1369 = LINE ( 'NONE', #365, #3230 ) ;
#1370 = DIRECTION ( 'NONE',  ( 0.0000000000000000000, 1.000000000000000000, -7.037085798773819200E-015 ) ) ;
#1371 = CARTESIAN_POINT ( 'NONE',  ( 9.679623168133201000, 17.30445872610744800, -2.300000000000006000 ) ) ;
#1372 = VECTOR ( 'NONE', #3201, 1000.000000000000000 ) ;
#1373 = CARTESIAN_POINT ( 'NONE',  ( 7.930190452764477100, 21.19999999999999900, 12.60000000000000000 ) ) ;
#1374 = CARTESIAN_POINT ( 'NONE',  ( 9.850276847524730400, 12.37081125980930500, -8.800000000000006000 ) ) ;
#1375 = DIRECTION ( 'NONE',  ( 0.0000000000000000000, 0.0000000000000000000, 1.000000000000000000 ) ) ;
#1376 = CARTESIAN_POINT ( 'NONE',  ( 9.616655738617700100, 9.751794355444058500, -4.350015262113216400 ) ) ;
#1377 = CARTESIAN_POINT ( 'NONE',  ( 11.22782836361195700, 22.95000510351908900, 4.627294855198512000 ) ) ;
#1378 = DIRECTION ( 'NONE',  ( 0.08715574274765833200, 0.9961946980917455500, -0.0000000000000000000 ) ) ;
#1379 = CARTESIAN_POINT ( 'NONE',  ( 10.57266314488445000, 15.21868817698038800, 8.553663241237474700 ) ) ;
#1380 = ORIENTED_EDGE ( 'NONE', *, *, #5, .F. ) ;
#1381 = EDGE_CURVE ( 'NONE', #812, #658, #3805, .T. ) ;
#1382 = CARTESIAN_POINT ( 'NONE',  ( 7.930190452764475300, 6.938893903907228400E-014, 10.00000000000001100 ) ) ;
#1383 = ORIENTED_EDGE ( 'NONE', *, *, #3661, .F. ) ;
#1384 = CARTESIAN_POINT ( 'NONE',  ( 9.604055082221821100, 9.710974552281969700, -4.167481702905028000 ) ) ;
#1385 = DIRECTION ( 'NONE',  ( -0.9961946980917455500, 0.08715574274765833200, 0.0000000000000000000 ) ) ;
#1386 = CARTESIAN_POINT ( 'NONE',  ( 11.22867061088232200, 23.40375547346376800, 2.299999999999996300 ) ) ;
#1387 = CARTESIAN_POINT ( 'NONE',  ( 10.44970022395842900, 13.81321520441641800, 8.553663282029935600 ) ) ;
#1388 = VERTEX_POINT ( 'NONE', #1170 ) ;
#1389 = ORIENTED_EDGE ( 'NONE', *, *, #1269, .T. ) ;
#1390 = CARTESIAN_POINT ( 'NONE',  ( 8.500000000000000000, 28.53749999999999100, 7.978049716414142600 ) ) ;
#1391 = VERTEX_POINT ( 'NONE', #2426 ) ;
#1392 = CARTESIAN_POINT ( 'NONE',  ( 10.49134462358054000, 21.59553962510668200, -4.000844250288730000 ) ) ;
#1393 = VERTEX_POINT ( 'NONE', #2975 ) ;
#1394 = CARTESIAN_POINT ( 'NONE',  ( 10.62615508068261000, 21.80024071190480200, 4.412135973531592400 ) ) ;
#1395 = CARTESIAN_POINT ( 'NONE',  ( 10.40959572187304400, 18.78131962469553800, -7.224145751713123800 ) ) ;
#1396 = VERTEX_POINT ( 'NONE', #2433 ) ;
#1397 = ORIENTED_EDGE ( 'NONE', *, *, #292, .F. ) ;
#1398 = CYLINDRICAL_SURFACE ( 'NONE', #1935, 0.3999999999999993000 ) ;
#1399 = CARTESIAN_POINT ( 'NONE',  ( 10.18447713376216900, 20.77365956942003300, 3.626817446442713400 ) ) ;
#1400 = CARTESIAN_POINT ( 'NONE',  ( 9.597514484210936600, 9.695120737261627000, -4.074982450042514700 ) ) ;
#1401 = CARTESIAN_POINT ( 'NONE',  ( 10.50405513232691500, 21.91215986841720900, 2.877579971971720800 ) ) ;
#1402 = CARTESIAN_POINT ( 'NONE',  ( 10.78790106309558700, 16.20367713671790000, 9.094071250358300800 ) ) ;
#1403 = ORIENTED_EDGE ( 'NONE', *, *, #1780, .T. ) ;
#1404 = VERTEX_POINT ( 'NONE', #2418 ) ;
#1405 = VERTEX_POINT ( 'NONE', #827 ) ;
#1406 = CIRCLE ( 'NONE', #2946, 6.253663241227148000 ) ;
#1407 = DIRECTION ( 'NONE',  ( -7.000356172721704900E-016, -9.099100844000066800E-017, -1.000000000000000000 ) ) ;
#1408 = CARTESIAN_POINT ( 'NONE',  ( 9.470449385538870500, 14.91359145068779300, -4.050263165184842000 ) ) ;
#1409 = VERTEX_POINT ( 'NONE', #2455 ) ;
#1410 = DIRECTION ( 'NONE',  ( -0.07525766947068768300, -0.9971641204866130700, 0.0000000000000000000 ) ) ;
#1411 = CARTESIAN_POINT ( 'NONE',  ( 9.626629004499408300, 9.814504716630118300, -1.610015806511692200E-015 ) ) ;
#1412 = DIRECTION ( 'NONE',  ( -0.08715574274765829100, -0.9961946980917455500, 0.0000000000000000000 ) ) ;
#1413 = EDGE_CURVE ( 'NONE', #2239, #2988, #3624, .T. ) ;
#1414 = CARTESIAN_POINT ( 'NONE',  ( 11.22867061087851300, 23.40375547346624800, 2.699354050091789000 ) ) ;
#1415 = CARTESIAN_POINT ( 'NONE',  ( 9.578802654115648400, 9.654615057991637900, -3.796380001664003700 ) ) ;
#1416 = CARTESIAN_POINT ( 'NONE',  ( 7.632710200154560800, 21.19999999999999900, 12.60000000000000000 ) ) ;
#1417 = CARTESIAN_POINT ( 'NONE',  ( 9.365266963529284900, 13.71135086578713200, -3.824359342241614900 ) ) ;
#1418 = EDGE_CURVE ( 'NONE', #69, #3278, #2637, .T. ) ;
#1419 = CARTESIAN_POINT ( 'NONE',  ( 11.40000000000000000, 24.02168489849347900, 2.299999999999698700 ) ) ;
#1420 = CARTESIAN_POINT ( 'NONE',  ( 9.567585252792822500, 9.637137260417665300, -3.610050849577670200 ) ) ;
#1421 = FACE_OUTER_BOUND ( 'NONE', #3745, .T. ) ;
#1422 = CARTESIAN_POINT ( 'NONE',  ( 9.364012410548392400, 13.69701125959894800, -3.812314718944750600 ) ) ;
#1423 = B_SPLINE_CURVE_WITH_KNOTS ( 'NONE', 3,
 ( #727, #732, #738, #743, #764, #2000 ),
 .UNSPECIFIED., .F., .F.,
 ( 4, 2, 4 ),
 ( 8.409710580934153300E-016, 0.001185892391509101000, 0.002371784783017361100 ),
 .UNSPECIFIED. ) ;
#1424 = CARTESIAN_POINT ( 'NONE',  ( 10.74697463037435900, 17.21107757316352500, 8.553663241227148700 ) ) ;
#1425 = CARTESIAN_POINT ( 'NONE',  ( 9.695835047981480800, 15.19501871156526600, -6.040238039400551700 ) ) ;
#1426 = CARTESIAN_POINT ( 'NONE',  ( 9.540476157651342600, 9.597412544360944200, -3.050093106172575600 ) ) ;
#1427 = CARTESIAN_POINT ( 'NONE',  ( 9.360962320083508800, 13.66214856605714300, -3.781890964616216900 ) ) ;
#1428 = CARTESIAN_POINT ( 'NONE',  ( 9.367678773537710100, 13.73891798032771300, -3.846398739269557800 ) ) ;
#1429 = ORIENTED_EDGE ( 'NONE', *, *, #1314, .T. ) ;
#1430 = ORIENTED_EDGE ( 'NONE', *, *, #2300, .T. ) ;
#1431 = FACE_OUTER_BOUND ( 'NONE', #3515, .T. ) ;
#1432 = CARTESIAN_POINT ( 'NONE',  ( 9.530993015478182800, 9.588049602271844700, -2.675489048197412100 ) ) ;
#1433 = CARTESIAN_POINT ( 'NONE',  ( 10.40959572187304400, 18.78131962469553800, -7.224145751713123800 ) ) ;
#1434 = CARTESIAN_POINT ( 'NONE',  ( 9.373754183925550300, 13.80836023882149300, -3.899378059081862100 ) ) ;
#1435 = DIRECTION ( 'NONE',  ( -0.9961946980917455500, 0.08715574274765829100, 0.0000000000000000000 ) ) ;
#1436 = ORIENTED_EDGE ( 'NONE', *, *, #548, .F. ) ;
#1437 = CIRCLE ( 'NONE', #190, 6.894024400970567800 ) ;
#1438 = EDGE_CURVE ( 'NONE', #1858, #1986, #1916, .T. ) ;
#1439 = CARTESIAN_POINT ( 'NONE',  ( 1.199999999999999700, 5.799999999999999800, -10.00000000000005000 ) ) ;
#1440 = CARTESIAN_POINT ( 'NONE',  ( 9.390146760702213800, 13.99572824875579100, -4.009575044745701300 ) ) ;
#1441 = EDGE_LOOP ( 'NONE', ( #305, #2118, #2434, #1952 ) ) ;
#1442 = CARTESIAN_POINT ( 'NONE',  ( 9.418155939890333200, 14.31587463183342900, -4.050263165184842000 ) ) ;
#1443 = EDGE_CURVE ( 'NONE', #2108, #938, #3354, .T. ) ;
#1444 = VERTEX_POINT ( 'NONE', #2552 ) ;
#1445 = ORIENTED_EDGE ( 'NONE', *, *, #433, .F. ) ;
#1446 = LINE ( 'NONE', #3647, #1321 ) ;
#1447 = CLOSED_SHELL ( 'NONE', ( #1278, #1920, #988, #3583, #628, #3373, #3314, #1903, #3875, #895, #274, #2783, #2144, #2465, #3595, #567, #3332, #1298, #1942, #1618, #2464, #3088, #2448, #3333, #1617, #3050, #3360, #3861, #1922, #2751, #3753, #2062, #3359, #970, #272, #1588, #2511, #3605, #2767, #3747, #3569, #3109, #1468, #3567, #259, #2496, #2495, #3839, #1885, #1299, #1220, #1564, #969, #2806, #3147, #258, #2174, #3347, #631, #2171, #3106, #3069, #916, #1281, #944, #587, #2485, #612, #238, #1939, #3879, #2785, #3838, #1247, #1902, #1632, #2935, #2804, #917, #2508, #2207, #3860, #2483, #1592, #3592, #947, #1265, #2206, #1629, #3818, #2187, #293, #2032, #3066, #589 ) ) ;
#1448 = CARTESIAN_POINT ( 'NONE',  ( 10.09721638141584200, 8.309115100397695700, 4.996889005172077300 ) ) ;
#1449 = DIRECTION ( 'NONE',  ( 0.0000000000000000000, 0.0000000000000000000, -1.000000000000000000 ) ) ;
#1450 = CARTESIAN_POINT ( 'NONE',  ( 11.39898655234026100, 23.18841624024307500, -5.465791793494573400 ) ) ;
#1451 = EDGE_LOOP ( 'NONE', ( #2128, #2527, #1403, #1383 ) ) ;
#1452 = ORIENTED_EDGE ( 'NONE', *, *, #1123, .F. ) ;
#1453 = CARTESIAN_POINT ( 'NONE',  ( 9.406599868598077000, 14.18378813254845700, -4.050263163787176000 ) ) ;
#1454 = VERTEX_POINT ( 'NONE', #921 ) ;
#1455 = CARTESIAN_POINT ( 'NONE',  ( 9.676091274228550500, 10.37986104664752100, 5.479847995385903800 ) ) ;
#1456 = CARTESIAN_POINT ( 'NONE',  ( 10.74697460262052000, 17.21107757559167000, 8.553663185991402100 ) ) ;
#1457 = DIRECTION ( 'NONE',  ( 0.0000000000000000000, -1.000000000000000000, 7.037085798773819200E-015 ) ) ;
#1458 = CARTESIAN_POINT ( 'NONE',  ( 9.530992876682169900, 9.588049447151423300, -2.300000000000005200 ) ) ;
#1459 = FACE_OUTER_BOUND ( 'NONE', #3087, .T. ) ;
#1460 = DIRECTION ( 'NONE',  ( -0.0000000000000000000, -0.0000000000000000000, -1.000000000000000000 ) ) ;
#1461 = CIRCLE ( 'NONE', #3480, 10.00000000000000000 ) ;
#1462 = CARTESIAN_POINT ( 'NONE',  ( 10.50520401716075500, 21.94074521046246700, 2.590316401142120900 ) ) ;
#1463 = EDGE_CURVE ( 'NONE', #1388, #2160, #1286, .T. ) ;
#1464 = CARTESIAN_POINT ( 'NONE',  ( 10.39768453756171100, 17.24163649656654900, 7.858505289741300400 ) ) ;
#1465 = CARTESIAN_POINT ( 'NONE',  ( 10.04445801897492700, 19.17979750393199000, 5.521704609591729700 ) ) ;
#1466 = CARTESIAN_POINT ( 'NONE',  ( 10.12965358644287100, 17.26508616626352600, 7.122248443468173200 ) ) ;
#1467 = CARTESIAN_POINT ( 'NONE',  ( 10.04445801897492700, 19.17979750393199000, 5.521704609591729700 ) ) ;
#1468 = ADVANCED_FACE ( 'NONE', ( #2087 ), #1683, .T. ) ;
#1469 = CARTESIAN_POINT ( 'NONE',  ( 9.566586999092843200, 12.40341639194836000, -6.025805875891335500 ) ) ;
#1470 = DIRECTION ( 'NONE',  ( 0.9961946980917456600, -0.08715574274765830500, 0.0000000000000000000 ) ) ;
#1471 = CARTESIAN_POINT ( 'NONE',  ( 9.939871127680190100, 17.98436386622168100, 5.974150322395012800 ) ) ;
#1472 = CARTESIAN_POINT ( 'NONE',  ( 9.968930980754240800, 8.010411679665058000, -3.124410625134806700 ) ) ;
#1473 = CARTESIAN_POINT ( 'NONE',  ( 9.770614019466929500, 17.29649805813117100, 5.607378325580090600 ) ) ;
#1474 = AXIS2_PLACEMENT_3D ( 'NONE', #3816, #934, #3073 ) ;
#1475 = LINE ( 'NONE', #3658, #961 ) ;
#1476 = CARTESIAN_POINT ( 'NONE',  ( 9.740632188056569200, 18.00179501477167300, -8.800000000000006000 ) ) ;
#1477 = DIRECTION ( 'NONE',  ( 0.0000000000000000000, -7.037085798773819900E-015, -1.000000000000000000 ) ) ;
#1478 = CARTESIAN_POINT ( 'NONE',  ( 9.911000721340274200, 19.87669259943035300, -3.336146925912092600 ) ) ;
#1479 = FACE_OUTER_BOUND ( 'NONE', #2231, .T. ) ;
#1480 = CARTESIAN_POINT ( 'NONE',  ( 10.04707724974054300, 7.736022202938674900, -2.300000000000005200 ) ) ;
#1481 = DIRECTION ( 'NONE',  ( -0.0000000000000000000, -0.0000000000000000000, -1.000000000000000000 ) ) ;
#1482 = EDGE_CURVE ( 'NONE', #1989, #2006, #3858, .T. ) ;
#1483 = CARTESIAN_POINT ( 'NONE',  ( 9.913887925368582500, 16.37220041815527700, -6.552546377673274400 ) ) ;
#1484 = EDGE_LOOP ( 'NONE', ( #1753, #2799, #2662, #181, #2040, #2399 ) ) ;
#1485 = CARTESIAN_POINT ( 'NONE',  ( 11.22782836361300300, 22.95000510350630000, -4.627294855241358600 ) ) ;
#1486 = VECTOR ( 'NONE', #3183, 1000.000000000000000 ) ;
#1487 = CARTESIAN_POINT ( 'NONE',  ( 10.08399108721901900, 8.157949296013232000, -5.304583218233453600 ) ) ;
#1488 = CARTESIAN_POINT ( 'NONE',  ( 10.87505680584332000, 17.19987183481049800, 8.808572679493696700 ) ) ;
#1489 = CARTESIAN_POINT ( 'NONE',  ( 10.60296391296479800, 21.84204882524234000, -4.115084835842452500 ) ) ;
#1490 = ORIENTED_EDGE ( 'NONE', *, *, #1189, .T. ) ;
#1491 = EDGE_CURVE ( 'NONE', #3479, #1650, #2722, .T. ) ;
#1492 = PLANE ( 'NONE',  #593 ) ;
#1493 = CARTESIAN_POINT ( 'NONE',  ( 10.16403752141630300, 15.95711217293958500, 0.0000000000000000000 ) ) ;
#1494 = EDGE_LOOP ( 'NONE', ( #3296, #604, #3305, #2335 ) ) ;
#1495 = EDGE_CURVE ( 'NONE', #1287, #1990, #516, .T. ) ;
#1496 = EDGE_LOOP ( 'NONE', ( #3260, #1708, #3568, #2281, #2205 ) ) ;
#1497 = CARTESIAN_POINT ( 'NONE',  ( 9.681853399226106700, 12.45252065602718800, -6.504131173984425200 ) ) ;
#1498 = CARTESIAN_POINT ( 'NONE',  ( 3.987205073138847300, 19.95913586005022500, 9.999999999999873900 ) ) ;
#1499 = ORIENTED_EDGE ( 'NONE', *, *, #2619, .T. ) ;
#1500 = EDGE_LOOP ( 'NONE', ( #1768, #2852, #346, #212 ) ) ;
#1501 = VECTOR ( 'NONE', #237, 1000.000000000000000 ) ;
#1502 = DIRECTION ( 'NONE',  ( 0.07525766947068768300, 0.9971641204866130700, -6.552287913673839800E-015 ) ) ;
#1503 = CARTESIAN_POINT ( 'NONE',  ( 10.23924983875918900, 9.932564946573935000, -7.206654149171981800 ) ) ;
#1504 = DIRECTION ( 'NONE',  ( 0.0000000000000000000, 0.0000000000000000000, 1.000000000000000000 ) ) ;
#1505 = ORIENTED_EDGE ( 'NONE', *, *, #2651, .T. ) ;
#1506 = CARTESIAN_POINT ( 'NONE',  ( 3.971716880361964900, 20.20716282756289700, 9.999999999999868500 ) ) ;
#1507 = AXIS2_PLACEMENT_3D ( 'NONE', #672, #299, #3638 ) ;
#1508 = ORIENTED_EDGE ( 'NONE', *, *, #3271, .T. ) ;
#1509 = CARTESIAN_POINT ( 'NONE',  ( 4.000000000000005300, 31.80000000000012200, 7.999999999999781500 ) ) ;
#1510 = LINE ( 'NONE', #219, #1501 ) ;
#1511 = DIRECTION ( 'NONE',  ( 1.000000000000000000, 0.0000000000000000000, 0.0000000000000000000 ) ) ;
#1512 = CARTESIAN_POINT ( 'NONE',  ( 9.723437753650531000, 12.47590675911323800, -6.662103407126456200 ) ) ;
#1513 = PLANE ( 'NONE',  #3484 ) ;
#1514 = DIRECTION ( 'NONE',  ( -7.000356172721704900E-016, -9.099100844000066800E-017, -1.000000000000000000 ) ) ;
#1515 = CARTESIAN_POINT ( 'NONE',  ( 10.25127966824036100, 11.46874251449146500, -7.918775438109081600 ) ) ;
#1516 = CARTESIAN_POINT ( 'NONE',  ( 10.19889981851536500, 16.35559005217628200, 8.799999999999998900 ) ) ;
#1517 = EDGE_CURVE ( 'NONE', #468, #971, #3187, .T. ) ;
#1518 = FACE_OUTER_BOUND ( 'NONE', #2558, .T. ) ;
#1519 = DIRECTION ( 'NONE',  ( 0.0000000000000000000, -0.0000000000000000000, -1.000000000000000000 ) ) ;
#1520 = CARTESIAN_POINT ( 'NONE',  ( 3.974420896479801300, 20.14791325257044700, 9.999999999999873900 ) ) ;
#1521 = EDGE_LOOP ( 'NONE', ( #2085, #2427, #2048, #1193 ) ) ;
#1522 = VECTOR ( 'NONE', #3253, 1000.000000000000000 ) ;
#1523 = CARTESIAN_POINT ( 'NONE',  ( 10.04707724974054300, 7.736022202938674900, -0.7666666666666730500 ) ) ;
#1524 = CARTESIAN_POINT ( 'NONE',  ( 10.61724738370412500, 21.13732460301666200, -5.681763198180521000 ) ) ;
#1525 = CARTESIAN_POINT ( 'NONE',  ( 10.16002742290784300, 19.16084973208350200, 6.121349071897352400 ) ) ;
#1526 = CARTESIAN_POINT ( 'NONE',  ( 10.12483505132973800, 20.77887716486244000, -2.300000000000006000 ) ) ;
#1527 = AXIS2_PLACEMENT_3D ( 'NONE', #774, #877, #841 ) ;
#1528 = CYLINDRICAL_SURFACE ( 'NONE', #1680, 0.3999999999999993000 ) ;
#1529 = CARTESIAN_POINT ( 'NONE',  ( 9.885139144623792600, 12.76928913904599500, 7.216746927127011300 ) ) ;
#1530 = CARTESIAN_POINT ( 'NONE',  ( 10.57460216771990600, 13.76565960645229600, -9.094071226171543300 ) ) ;
#1531 = CARTESIAN_POINT ( 'NONE',  ( 4.045398593536778400, 19.58373650700471600, 9.999999999999877400 ) ) ;
#1532 = VECTOR ( 'NONE', #1648, 1000.000000000000000 ) ;
#1533 = ORIENTED_EDGE ( 'NONE', *, *, #338, .T. ) ;
#1534 = CARTESIAN_POINT ( 'NONE',  ( 9.679623168133201000, 17.30445872610744800, 2.299999999999995800 ) ) ;
#1535 = AXIS2_PLACEMENT_3D ( 'NONE', #398, #94, #3436 ) ;
#1536 = CARTESIAN_POINT ( 'NONE',  ( 4.181844099797517700, 19.23848703833023800, 9.999999999999877400 ) ) ;
#1537 = ORIENTED_EDGE ( 'NONE', *, *, #2454, .T. ) ;
#1538 = CARTESIAN_POINT ( 'NONE',  ( 4.573132892627355300, 18.66232494378561700, 9.999999999999884500 ) ) ;
#1539 = ORIENTED_EDGE ( 'NONE', *, *, #525, .F. ) ;
#1540 = CARTESIAN_POINT ( 'NONE',  ( 9.357146919966874400, 13.61853834316799300, -3.738820727822433900 ) ) ;
#1541 = CARTESIAN_POINT ( 'NONE',  ( 9.789371886359260700, 12.54086794198040000, -6.895099760993065100 ) ) ;
#1542 = CARTESIAN_POINT ( 'NONE',  ( 10.57542597117954000, 21.88821032852590100, -3.815603701091886200 ) ) ;
#1543 = EDGE_CURVE ( 'NONE', #1146, #1105, #839, .T. ) ;
#1544 = CARTESIAN_POINT ( 'NONE',  ( -10.00000000000000200, 1.000000000000000000, 10.00000000000000400 ) ) ;
#1545 = CARTESIAN_POINT ( 'NONE',  ( 9.556385859585221400, 13.60110719461846100, -5.955137261611695500 ) ) ;
#1546 = DIRECTION ( 'NONE',  ( -1.000000000000000000, 8.164311994315695000E-017, 0.0000000000000000000 ) ) ;
#1547 = CARTESIAN_POINT ( 'NONE',  ( 9.969777774316066000, 19.18633117872898500, 5.093103280840056300 ) ) ;
#1548 = ORIENTED_EDGE ( 'NONE', *, *, #1727, .F. ) ;
#1549 = CARTESIAN_POINT ( 'NONE',  ( 4.598385473214076300, 15.66855864798989700, 9.999999999999904100 ) ) ;
#1550 = EDGE_LOOP ( 'NONE', ( #345, #3168, #1645, #2516 ) ) ;
#1551 = ORIENTED_EDGE ( 'NONE', *, *, #2918, .T. ) ;
#1552 = CARTESIAN_POINT ( 'NONE',  ( 4.156595231195153900, 15.10240806593212200, 9.999999999999907600 ) ) ;
#1553 = CARTESIAN_POINT ( 'NONE',  ( 3.524305502200570000, 14.55560693673222900, 9.999999999999911200 ) ) ;
#1554 = CARTESIAN_POINT ( 'NONE',  ( -0.7000000000000010700, 9.930572883139394200, 23.35505140532093900 ) ) ;
#1555 = EDGE_CURVE ( 'NONE', #2098, #2518, #1959, .T. ) ;
#1556 = ORIENTED_EDGE ( 'NONE', *, *, #2895, .T. ) ;
#1557 = CARTESIAN_POINT ( 'NONE',  ( 9.811593227165351600, 12.56698545427156000, -6.970818457769677700 ) ) ;
#1558 = CARTESIAN_POINT ( 'NONE',  ( 10.05346278236537000, 17.98215300553906100, 6.488639216550536700 ) ) ;
#1559 = DIRECTION ( 'NONE',  ( -3.285461128743952600E-018, 1.000000000000000000, 0.0000000000000000000 ) ) ;
#1560 = EDGE_LOOP ( 'NONE', ( #674, #63, #3025, #1755 ) ) ;
#1561 = CARTESIAN_POINT ( 'NONE',  ( 9.444302662714600100, 14.61473304126061000, -4.050263165184842000 ) ) ;
#1562 = DIRECTION ( 'NONE',  ( -0.08715574274765830500, -0.9961946980917455500, 0.0000000000000000000 ) ) ;
#1563 = CARTESIAN_POINT ( 'NONE',  ( 2.822850272962613700, 14.07302735340010400, 9.999999999999914700 ) ) ;
#1564 = ADVANCED_FACE ( 'NONE', ( #3266 ), #3779, .T. ) ;
#1565 = ORIENTED_EDGE ( 'NONE', *, *, #3492, .T. ) ;
#1566 = CARTESIAN_POINT ( 'NONE',  ( 10.51761012865554600, 21.94350379560219700, -2.907873722765596200 ) ) ;
#1567 = CARTESIAN_POINT ( 'NONE',  ( 2.328384477329699100, 13.70398818489158000, 9.999999999999918300 ) ) ;
#1568 = CIRCLE ( 'NONE', #1886, 6.253663241227145300 ) ;
#1569 = CARTESIAN_POINT ( 'NONE',  ( 9.843686712761849500, 12.62252007700422300, -7.077888023265627400 ) ) ;
#1570 = CARTESIAN_POINT ( 'NONE',  ( 10.16713327996309400, 18.02975572161405200, 6.865469296986739200 ) ) ;
#1571 = LINE ( 'NONE', #3164, #1486 ) ;
#1572 = CARTESIAN_POINT ( 'NONE',  ( 10.40914376929686300, 18.75868940594800800, -7.235534401139575200 ) ) ;
#1573 = CARTESIAN_POINT ( 'NONE',  ( 10.23946456739124900, 9.935019306083258800, 7.208790068138496200 ) ) ;
#1574 = CARTESIAN_POINT ( 'NONE',  ( 10.20841615610093600, 18.05238945208502000, 6.989984651151978300 ) ) ;
#1575 = APPLICATION_CONTEXT ( 'automotive_design' ) ;
#1576 = FACE_OUTER_BOUND ( 'NONE', #1802, .T. ) ;
#1577 = CARTESIAN_POINT ( 'NONE',  ( 1.905468326672107700, 13.34938484408337400, 9.999999999999918300 ) ) ;
#1578 = EDGE_CURVE ( 'NONE', #2451, #1204, #2402, .T. ) ;
#1579 = CARTESIAN_POINT ( 'NONE',  ( 1.455925513243222100, 12.92097486017117300, 9.999999999999925400 ) ) ;
#1580 = VECTOR ( 'NONE', #3180, 1000.000000000000000 ) ;
#1581 = EDGE_CURVE ( 'NONE', #551, #552, #3835, .T. ) ;
#1582 = CARTESIAN_POINT ( 'NONE',  ( 0.9533182490130333000, 12.39621189971325400, 9.999999999999925400 ) ) ;
#1583 = B_SPLINE_CURVE_WITH_KNOTS ( 'NONE', 3,
 ( #3006, #2955, #2860, #2763, #2772, #3400 ),
 .UNSPECIFIED., .F., .F.,
 ( 4, 2, 4 ),
 ( 0.001714251785923561200, 0.003020094900745761000, 0.004325938015567960600 ),
 .UNSPECIFIED. ) ;
#1584 = DIRECTION ( 'NONE',  ( 0.0000000000000000000, -1.000000000000000000, 0.0000000000000000000 ) ) ;
#1585 = CARTESIAN_POINT ( 'NONE',  ( 9.740632188056565600, 18.00179501477167300, -4.597251521074944100 ) ) ;
#1586 = CARTESIAN_POINT ( 'NONE',  ( 10.20000000000000100, 24.02168489848492800, 2.299999999999995800 ) ) ;
#1587 = ORIENTED_EDGE ( 'NONE', *, *, #2151, .F. ) ;
#1588 = ADVANCED_FACE ( 'NONE', ( #3289 ), #2658, .F. ) ;
#1589 = CARTESIAN_POINT ( 'NONE',  ( 9.854320612811044100, 12.64410539315005100, -7.112953792629341800 ) ) ;
#1590 = FACE_OUTER_BOUND ( 'NONE', #3221, .T. ) ;
#1591 = CARTESIAN_POINT ( 'NONE',  ( 9.418155939890333200, 14.31587463183342900, -4.050263165184842000 ) ) ;
#1592 = ADVANCED_FACE ( 'NONE', ( #3211 ), #3422, .T. ) ;
#1593 = AXIS2_PLACEMENT_3D ( 'NONE', #1374, #1378, #1385 ) ;
#1594 = ORIENTED_EDGE ( 'NONE', *, *, #1032, .F. ) ;
#1595 = CARTESIAN_POINT ( 'NONE',  ( 10.18149815188593600, 20.67873766163072300, 3.846872569208769700 ) ) ;
#1596 = APPLICATION_PROTOCOL_DEFINITION ( 'draft international standard', 'automotive_design', 1998, #3342 ) ;
#1597 = DIRECTION ( 'NONE',  ( 1.000000000000000000, 0.0000000000000000000, 0.0000000000000000000 ) ) ;
#1598 = CARTESIAN_POINT ( 'NONE',  ( 10.26259935433060000, 19.09382140346778900, 6.559763311810662900 ) ) ;
#1599 = CARTESIAN_POINT ( 'NONE',  ( 0.5181374019267039900, 11.77878691749919300, 9.999999999999932500 ) ) ;
#1600 = ORIENTED_EDGE ( 'NONE', *, *, #1927, .F. ) ;
#1601 = ORIENTED_EDGE ( 'NONE', *, *, #373, .F. ) ;
#1602 = CARTESIAN_POINT ( 'NONE',  ( 0.2486922805322966100, 11.12767576180844700, 9.999999999999936100 ) ) ;
#1603 = CARTESIAN_POINT ( 'NONE',  ( 0.1240025676036211700, 10.50055674213012800, 9.999999999999939600 ) ) ;
#1604 = ORIENTED_EDGE ( 'NONE', *, *, #3758, .T. ) ;
#1605 = CARTESIAN_POINT ( 'NONE',  ( 9.357146920158109900, 13.61853834315126800, -4.111136766784650100 ) ) ;
#1606 = LINE ( 'NONE', #3383, #1694 ) ;
#1607 = CARTESIAN_POINT ( 'NONE',  ( 9.873071607901378500, 12.69702917503861700, -7.174986293021676800 ) ) ;
#1608 = CARTESIAN_POINT ( 'NONE',  ( 10.27494742003798600, 18.11671556988279300, 7.164765517139736400 ) ) ;
#1609 = ORIENTED_EDGE ( 'NONE', *, *, #633, .F. ) ;
#1610 = ORIENTED_EDGE ( 'NONE', *, *, #474, .T. ) ;
#1611 = EDGE_LOOP ( 'NONE', ( #2758, #2631, #178, #2038 ) ) ;
#1612 = EDGE_CURVE ( 'NONE', #2340, #460, #2507, .T. ) ;
#1613 = ORIENTED_EDGE ( 'NONE', *, *, #2288, .T. ) ;
#1614 = ORIENTED_EDGE ( 'NONE', *, *, #984, .T. ) ;
#1615 = B_SPLINE_CURVE_WITH_KNOTS ( 'NONE', 3,
 ( #3627, #3625, #1566, #570, #1542, #1489 ),
 .UNSPECIFIED., .F., .F.,
 ( 4, 2, 4 ),
 ( 0.0000000000000000000, 0.0009115530610805681800, 0.001823106122161136400 ),
 .UNSPECIFIED. ) ;
#1616 = EDGE_LOOP ( 'NONE', ( #2393, #2088, #1099, #2976 ) ) ;
#1617 = ADVANCED_FACE ( 'NONE', ( #2325 ), #2780, .F. ) ;
#1618 = ADVANCED_FACE ( 'NONE', ( #1761 ), #2681, .F. ) ;
#1619 = VERTEX_POINT ( 'NONE', #2813 ) ;
#1620 = CARTESIAN_POINT ( 'NONE',  ( 0.09999999999999882600, 10.11489971560413700, 9.999999999999943200 ) ) ;
#1621 = CARTESIAN_POINT ( 'NONE',  ( 0.09999999999999896500, 9.930572883139300100, 9.999999999999946700 ) ) ;
#1622 = VECTOR ( 'NONE', #95, 1000.000000000000200 ) ;
#1623 = VECTOR ( 'NONE', #118, 1000.000000000000000 ) ;
#1624 = CARTESIAN_POINT ( 'NONE',  ( 3.971716880361964900, 20.20716282756289700, 9.999999999999868500 ) ) ;
#1625 = DIRECTION ( 'NONE',  ( 0.0000000000000000000, 0.0000000000000000000, -1.000000000000000000 ) ) ;
#1626 = CARTESIAN_POINT ( 'NONE',  ( 1.199999999999999700, 5.799999999999999800, 9.999999999999971600 ) ) ;
#1627 = CARTESIAN_POINT ( 'NONE',  ( 7.930190452764477100, 7.894024400970566900, 12.60000000000000000 ) ) ;
#1628 = EDGE_CURVE ( 'NONE', #248, #1393, #3138, .T. ) ;
#1629 = ADVANCED_FACE ( 'NONE', ( #36 ), #2871, .T. ) ;
#1630 = CARTESIAN_POINT ( 'NONE',  ( -3.285461128743951800E-018, 1.000000000000000000, 10.00000000000000400 ) ) ;
#1631 = CARTESIAN_POINT ( 'NONE',  ( 10.29824394011676800, 18.14325022220151200, 7.222028472430238800 ) ) ;
#1632 = ADVANCED_FACE ( 'NONE', ( #2985 ), #867, .T. ) ;
#1633 = CARTESIAN_POINT ( 'NONE',  ( 11.32311561572056200, 23.01856618789272700, -4.942909861321913600 ) ) ;
#1634 = CARTESIAN_POINT ( 'NONE',  ( 10.04707724974054300, 7.736022202938674900, 0.7666666666666627200 ) ) ;
#1635 = DIRECTION ( 'NONE',  ( 0.08715574274765829100, 0.9961946980917455500, -7.010307562755195100E-015 ) ) ;
#1636 = VERTEX_POINT ( 'NONE', #2880 ) ;
#1637 = VECTOR ( 'NONE', #3603, 1000.000000000000000 ) ;
#1638 = EDGE_CURVE ( 'NONE', #3649, #3710, #3548, .T. ) ;
#1639 = CARTESIAN_POINT ( 'NONE',  ( 9.911004082135521600, 19.87673158637347700, 3.336075984502957100 ) ) ;
#1640 = VECTOR ( 'NONE', #255, 1000.000000000000000 ) ;
#1641 = CARTESIAN_POINT ( 'NONE',  ( 10.47661687861055100, 14.12087649134356000, 8.553662862654521200 ) ) ;
#1642 = CARTESIAN_POINT ( 'NONE',  ( 3.200000000000069900, 21.19999999999999900, -10.00000000000016200 ) ) ;
#1643 = LINE ( 'NONE', #3737, #1355 ) ;
#1644 = PLANE ( 'NONE',  #1937 ) ;
#1645 = ORIENTED_EDGE ( 'NONE', *, *, #1877, .T. ) ;
#1646 = CARTESIAN_POINT ( 'NONE',  ( 10.33235686758803800, 18.20222817720228600, 7.294231407141729100 ) ) ;
#1647 = LINE ( 'NONE', #3369, #1637 ) ;
#1648 = DIRECTION ( 'NONE',  ( -1.000000000000000000, 0.0000000000000000000, -3.011384420665178200E-015 ) ) ;
#1649 = AXIS2_PLACEMENT_3D ( 'NONE', #3576, #3864, #3809 ) ;
#1650 = VERTEX_POINT ( 'NONE', #2906 ) ;
#1651 = ORIENTED_EDGE ( 'NONE', *, *, #1463, .T. ) ;
#1652 = ORIENTED_EDGE ( 'NONE', *, *, #613, .T. ) ;
#1653 = VERTEX_POINT ( 'NONE', #2893 ) ;
#1654 = ORIENTED_EDGE ( 'NONE', *, *, #3764, .F. ) ;
#1655 = CARTESIAN_POINT ( 'NONE',  ( 11.23281562972748800, 22.93184703568603300, -4.693335068453950300 ) ) ;
#1656 = CARTESIAN_POINT ( 'NONE',  ( 10.14079599001700400, 15.69146025344925600, 7.462007587031610700 ) ) ;
#1657 = LINE ( 'NONE', #3135, #1580 ) ;
#1658 = DIRECTION ( 'NONE',  ( 1.000000000000000000, 0.0000000000000000000, 0.0000000000000000000 ) ) ;
#1659 = VERTEX_POINT ( 'NONE', #2920 ) ;
#1660 = CARTESIAN_POINT ( 'NONE',  ( 10.46755235958448300, 14.01687037931240500, 8.551091506913110200 ) ) ;
#1661 = CARTESIAN_POINT ( 'NONE',  ( 9.369463912343301000, 13.61746074596632300, -4.482511515005228400 ) ) ;
#1662 = ORIENTED_EDGE ( 'NONE', *, *, #2628, .F. ) ;
#1663 = DIRECTION ( 'NONE',  ( 1.321776839876632300E-017, 1.510797841236849100E-016, 1.000000000000000000 ) ) ;
#1664 = CARTESIAN_POINT ( 'NONE',  ( 9.881607044928705000, 12.72891705479254300, -7.203261097139204600 ) ) ;
#1665 = LINE ( 'NONE', #250, #1622 ) ;
#1666 = CARTESIAN_POINT ( 'NONE',  ( 10.44980465888749600, 13.81249741252864500, 8.540950287094284800 ) ) ;
#1667 = EDGE_CURVE ( 'NONE', #2153, #760, #3057, .T. ) ;
#1668 = CARTESIAN_POINT ( 'NONE',  ( 9.885139144623789100, 12.76928913904599700, -7.216746927137245700 ) ) ;
#1669 = B_SPLINE_CURVE_WITH_KNOTS ( 'NONE', 3,
 ( #1739, #1641, #1660, #1666, #1677, #1678, #1691, #1901, #1864, #1852, #1821, #1696, #1706, #1711, #1724, #1726, #1730, #1736, #1748, #1759, #1765, #1776, #1781, #1785, #1790, #1791, #1793, #1794 ),
 .UNSPECIFIED., .F., .F.,
 ( 4, 2, 2, 2, 2, 2, 2, 2, 2, 2, 2, 2, 2, 4 ),
 ( -5.999999999723842900E-008, 0.0003059554932288598900, 0.0006119709864577170400, 0.001224001972915431300, 0.001836032959373145800, 0.002448063945830860100, 0.003672125918746284000, 0.004896187891661707800, 0.006120249864577130700, 0.007344311837492553700, 0.008568373810407977500, 0.009180404796865689400, 0.009486420290094546200, 0.009792435783323403000 ),
 .UNSPECIFIED. ) ;
#1670 = CARTESIAN_POINT ( 'NONE',  ( 9.679623168133201000, 17.30445872610744800, 4.050263165184834900 ) ) ;
#1671 = EDGE_CURVE ( 'NONE', #1650, #3356, #314, .T. ) ;
#1672 = ORIENTED_EDGE ( 'NONE', *, *, #1091, .T. ) ;
#1673 = DIRECTION ( 'NONE',  ( 1.000000000000000000, 3.285461128743952600E-018, -0.0000000000000000000 ) ) ;
#1674 =( BOUNDED_SURFACE ( )  B_SPLINE_SURFACE ( 2, 3, ( 
 ( #3151, #400, #3443, #1350 ),
 ( #3499, #3582, #3525, #3361 ),
 ( #3640, #333, #3646, #3535 ) ),
 .UNSPECIFIED., .F., .F., .F. ) 
 B_SPLINE_SURFACE_WITH_KNOTS ( ( 3, 3 ),
 ( 4, 4 ),
 ( 0.0000000000000000000, 1.000000000000000000 ),
 ( 0.0000000000000000000, 0.004600000000000001700 ),
 .UNSPECIFIED. ) 
 GEOMETRIC_REPRESENTATION_ITEM ( )  RATIONAL_B_SPLINE_SURFACE ( (
 ( 1.000000000000000000, 1.000000000000000000, 1.000000000000000000, 1.000000000000000000),
 ( 0.9766504768063925000, 0.9766504768063925000, 0.9766504768063925000, 0.9766504768063925000),
 ( 1.000000000000000000, 1.000000000000000000, 1.000000000000000000, 1.000000000000000000) ) ) 
 REPRESENTATION_ITEM ( '' )  SURFACE ( )  );
#1675 = CARTESIAN_POINT ( 'NONE',  ( 10.40959572187304400, 18.78131962469517500, 7.224145751713321900 ) ) ;
#1676 = CARTESIAN_POINT ( 'NONE',  ( 4.168349035112439300, 17.97559954001303200, 9.999999999999889900 ) ) ;
#1677 = CARTESIAN_POINT ( 'NONE',  ( 10.44099860963104100, 13.71072398476539400, 8.533380652867286600 ) ) ;
#1678 = CARTESIAN_POINT ( 'NONE',  ( 10.41477311821258100, 13.40662024304631200, 8.503315153563983500 ) ) ;
#1679 = VECTOR ( 'NONE', #161, 1000.000000000000000 ) ;
#1680 = AXIS2_PLACEMENT_3D ( 'NONE', #2983, #464, #1695 ) ;
#1681 = DIRECTION ( 'NONE',  ( 5.123055384344954300E-016, 6.788048384257072700E-015, 1.000000000000000000 ) ) ;
#1682 = CARTESIAN_POINT ( 'NONE',  ( 10.60296391296479800, 21.84204882524234000, -4.115084835842452500 ) ) ;
#1683 = PLANE ( 'NONE',  #3769 ) ;
#1684 = CARTESIAN_POINT ( 'NONE',  ( 9.679623168133204600, 17.30445872610744800, 4.828840006555551200 ) ) ;
#1685 = CARTESIAN_POINT ( 'NONE',  ( 10.37321130401067900, 18.34797944835977600, 7.343443499095439400 ) ) ;
#1686 = VECTOR ( 'NONE', #1635, 1000.000000000000000 ) ;
#1687 = EDGE_LOOP ( 'NONE', ( #2605, #3290, #1978, #2033 ) ) ;
#1688 = CARTESIAN_POINT ( 'NONE',  ( 5.599999999999994300, 31.79999999999998600, -4.799999999999998900 ) ) ;
#1689 = CARTESIAN_POINT ( 'NONE',  ( 3.544287595250320800, 15.53286999249696300, -10.00000000000012100 ) ) ;
#1690 = DIRECTION ( 'NONE',  ( 0.0000000000000000000, 1.000000000000000000, -6.570922257487907400E-015 ) ) ;
#1691 = CARTESIAN_POINT ( 'NONE',  ( 10.39754581812524100, 13.20550269394775900, 8.473485487380248300 ) ) ;
#1692 = EDGE_CURVE ( 'NONE', #2387, #171, #153, .T. ) ;
#1693 = CARTESIAN_POINT ( 'NONE',  ( 5.599999999999994300, 27.79999999999998600, 7.978049716414140800 ) ) ;
#1694 = VECTOR ( 'NONE', #3882, 1000.000000000000000 ) ;
#1695 = DIRECTION ( 'NONE',  ( 1.000000000000000000, 0.0000000000000000000, 0.0000000000000000000 ) ) ;
#1696 = CARTESIAN_POINT ( 'NONE',  ( 10.25000710564543200, 11.45418131585282300, 7.922944524548465300 ) ) ;
#1697 = LINE ( 'NONE', #2978, #1686 ) ;
#1698 = CARTESIAN_POINT ( 'NONE',  ( 3.501886792452843200, 25.20000000000014900, 12.60000000000004600 ) ) ;
#1699 = CARTESIAN_POINT ( 'NONE',  ( 10.35675406051279200, 11.27564434701785600, -10.00000000000000200 ) ) ;
#1700 = ORIENTED_EDGE ( 'NONE', *, *, #2044, .F. ) ;
#1701 = VECTOR ( 'NONE', #2816, 1000.000000000000000 ) ;
#1702 = CARTESIAN_POINT ( 'NONE',  ( 1.199999999999998800, 7.894024400970566900, -12.60000000000000000 ) ) ;
#1703 = CARTESIAN_POINT ( 'NONE',  ( 9.695835047981479000, 15.19501871156525600, 8.799999999999998900 ) ) ;
#1704 = CARTESIAN_POINT ( 'NONE',  ( 9.921968503106324300, 19.72832110115954400, -3.151418069416247000 ) ) ;
#1705 = ORIENTED_EDGE ( 'NONE', *, *, #3475, .T. ) ;
#1706 = CARTESIAN_POINT ( 'NONE',  ( 10.22027972688422400, 11.09540786383772600, 7.731147719761382900 ) ) ;
#1707 = CARTESIAN_POINT ( 'NONE',  ( 9.607274899546023800, 13.59665498052417500, -6.215331736832172100 ) ) ;
#1708 = ORIENTED_EDGE ( 'NONE', *, *, #1950, .T. ) ;
#1709 = CARTESIAN_POINT ( 'NONE',  ( 3.200000000000002000, 21.19999999999999900, 9.999999999999861400 ) ) ;
#1710 = PRODUCT_DEFINITION ( 'UNKNOWN', '', #1915, #2959 ) ;
#1711 = CARTESIAN_POINT ( 'NONE',  ( 10.16423079654130900, 10.41540443068918800, 7.278159480139377600 ) ) ;
#1712 = ORIENTED_EDGE ( 'NONE', *, *, #1971, .T. ) ;
#1713 = VERTEX_POINT ( 'NONE', #2655 ) ;
#1714 = CARTESIAN_POINT ( 'NONE',  ( 10.26068484033188500, 10.17756813566454500, -10.00000000000000000 ) ) ;
#1715 = VECTOR ( 'NONE', #447, 1000.000000000000000 ) ;
#1716 = CARTESIAN_POINT ( 'NONE',  ( 9.667770439085652300, 13.58384603969940800, -6.472597141399282900 ) ) ;
#1717 = ORIENTED_EDGE ( 'NONE', *, *, #881, .T. ) ;
#1718 = EDGE_CURVE ( 'NONE', #1404, #2028, #3191, .T. ) ;
#1719 = CARTESIAN_POINT ( 'NONE',  ( 10.70074532034801300, 15.20748243862720300, 9.094071250363501900 ) ) ;
#1720 = ORIENTED_EDGE ( 'NONE', *, *, #1413, .T. ) ;
#1721 = CARTESIAN_POINT ( 'NONE',  ( -10.00000000000000200, 6.938893903907228400E-014, 10.00000000000001100 ) ) ;
#1722 =( BOUNDED_SURFACE ( )  B_SPLINE_SURFACE ( 3, 2, ( 
 ( #1419, #2896, #2889 ),
 ( #2919, #2834, #2787 ),
 ( #2811, #2825, #3611 ),
 ( #3637, #3609, #3733 ),
 ( #3798, #3324, #3824 ),
 ( #3851, #1910, #861 ) ),
 .UNSPECIFIED., .F., .F., .F. ) 
 B_SPLINE_SURFACE_WITH_KNOTS ( ( 4, 2, 4 ),
 ( 3, 3 ),
 ( 0.0000000000000000000, 0.001704330683000937500, 0.003408661366001875000 ),
 ( 0.0000000000000000000, 1.000000000000000000 ),
 .UNSPECIFIED. ) 
 GEOMETRIC_REPRESENTATION_ITEM ( )  RATIONAL_B_SPLINE_SURFACE ( (
 ( 1.000000000000000000, 0.9636455544092509300, 1.000000000000000000),
 ( 1.000000000000000000, 0.9636455705382052100, 1.000000000000000000),
 ( 1.000000000000000000, 0.9636191430782075100, 1.000000000000000000),
 ( 1.000000000000000000, 0.9635155566175797000, 1.000000000000000000),
 ( 1.000000000000000000, 0.9634399483473755600, 1.000000000000000000),
 ( 1.000000000000000000, 0.9633429423239097100, 1.000000000000000000) ) ) 
 REPRESENTATION_ITEM ( '' )  SURFACE ( )  );
#1723 = CARTESIAN_POINT ( 'NONE',  ( 9.771357557974713600, 13.51768734123077600, -6.851692189982305300 ) ) ;
#1724 = CARTESIAN_POINT ( 'NONE',  ( 10.13785686385552200, 10.09353883564519400, 7.015031544845053100 ) ) ;
#1725 = VECTOR ( 'NONE', #270, 1000.000000000000000 ) ;
#1726 = CARTESIAN_POINT ( 'NONE',  ( 10.09073097679112200, 9.516675664871044700, 6.439243016054764900 ) ) ;
#1727 = EDGE_CURVE ( 'NONE', #1008, #1911, #1354, .T. ) ;
#1728 = DIRECTION ( 'NONE',  ( 1.000000000000000000, -0.0000000000000000000, -0.0000000000000000000 ) ) ;
#1729 = LINE ( 'NONE', #3616, #125 ) ;
#1730 = CARTESIAN_POINT ( 'NONE',  ( 10.06964645484922400, 9.257728099893752100, 6.124437042854572700 ) ) ;
#1731 = LINE ( 'NONE', #501, #1715 ) ;
#1732 = EDGE_CURVE ( 'NONE', #69, #1248, #1729, .T. ) ;
#1733 = CARTESIAN_POINT ( 'NONE',  ( 10.58238508660506100, 20.73884672377996500, 8.800000000000009600 ) ) ;
#1734 = CARTESIAN_POINT ( 'NONE',  ( 9.808102532696128900, 13.48843029756364200, -6.976914673615644900 ) ) ;
#1735 = CARTESIAN_POINT ( 'NONE',  ( 10.60296391295757200, 21.84204882525437700, 4.115084835746995600 ) ) ;
#1736 = CARTESIAN_POINT ( 'NONE',  ( 10.03245419846791700, 8.799351987045495700, 5.440500722739504800 ) ) ;
#1737 = CARTESIAN_POINT ( 'NONE',  ( 5.599999999999994300, 31.79999999999998600, 4.800000000000000700 ) ) ;
#1738 = LINE ( 'NONE', #3212, #1522 ) ;
#1739 = CARTESIAN_POINT ( 'NONE',  ( 10.48550737437754800, 14.22249348131644100, 8.553663185991409200 ) ) ;
#1740 = CARTESIAN_POINT ( 'NONE',  ( 9.451798968288034800, 12.40567355690836800, 5.372702571464190900 ) ) ;
#1741 = VECTOR ( 'NONE', #3378, 1000.000000000000000 ) ;
#1742 = CARTESIAN_POINT ( 'NONE',  ( 10.44293589820880900, 19.14493520683317500, -8.800000000000006000 ) ) ;
#1743 = CARTESIAN_POINT ( 'NONE',  ( 9.862718306434651100, 13.41367095486934200, -7.152853677106382000 ) ) ;
#1744 = FACE_OUTER_BOUND ( 'NONE', #575, .T. ) ;
#1745 = CARTESIAN_POINT ( 'NONE',  ( 3.200000000000002000, 21.19999999999999900, -12.60000000000000000 ) ) ;
#1746 = CARTESIAN_POINT ( 'NONE',  ( 9.881177059262512300, 13.38353909964133100, -7.210514123666019500 ) ) ;
#1747 = CARTESIAN_POINT ( 'NONE',  ( 9.280617645847154800, 12.42064998202932100, -2.300000000000006500 ) ) ;
#1748 = CARTESIAN_POINT ( 'NONE',  ( 10.01674020263965100, 8.604813977412375100, 5.077702710853945900 ) ) ;
#1749 = B_SPLINE_CURVE_WITH_KNOTS ( 'NONE', 3,
 ( #1399, #1260, #768, #755, #740, #734, #729, #716, #699, #685, #668, #650, #640, #639, #634, #629 ),
 .UNSPECIFIED., .F., .F.,
 ( 4, 2, 2, 2, 2, 2, 2, 4 ),
 ( 6.283435673255384000E-017, 0.001179720340677665800, 0.001769580511016467800, 0.002064510596185869600, 0.002138243117478224400, 0.002211975638770579100, 0.002285708160062933400, 0.002359440681355288100 ),
 .UNSPECIFIED. ) ;
#1750 = CARTESIAN_POINT ( 'NONE',  ( 9.885139144623792600, 12.76928913904599500, 7.216746927127011300 ) ) ;
#1751 = VECTOR ( 'NONE', #441, 1000.000000000000000 ) ;
#1752 = VECTOR ( 'NONE', #1843, 1000.000000000000000 ) ;
#1753 = ORIENTED_EDGE ( 'NONE', *, *, #2886, .T. ) ;
#1754 = EDGE_CURVE ( 'NONE', #615, #1276, #1118, .T. ) ;
#1755 = ORIENTED_EDGE ( 'NONE', *, *, #828, .F. ) ;
#1756 = CARTESIAN_POINT ( 'NONE',  ( 9.904793173113079200, 13.31935186040197800, -7.283111508838649300 ) ) ;
#1757 = ORIENTED_EDGE ( 'NONE', *, *, #1463, .F. ) ;
#1758 = ORIENTED_EDGE ( 'NONE', *, *, #1358, .F. ) ;
#1759 = CARTESIAN_POINT ( 'NONE',  ( 9.991514669826782900, 8.292007057224669400, 4.325363317341347300 ) ) ;
#1760 = VERTEX_POINT ( 'NONE', #421 ) ;
#1761 = FACE_OUTER_BOUND ( 'NONE', #619, .T. ) ;
#1762 = DIRECTION ( 'NONE',  ( 0.0000000000000000000, 7.037085798773819200E-015, 1.000000000000000000 ) ) ;
#1763 = ORIENTED_EDGE ( 'NONE', *, *, #1491, .T. ) ;
#1764 = CARTESIAN_POINT ( 'NONE',  ( 10.04445801897515800, 19.17979750393197200, -5.521704609593070000 ) ) ;
#1765 = CARTESIAN_POINT ( 'NONE',  ( 9.981841048048155000, 8.171737703222204300, 3.930869261443562300 ) ) ;
#1766 = AXIS2_PLACEMENT_3D ( 'NONE', #2674, #2676, #2687 ) ;
#1767 = CARTESIAN_POINT ( 'NONE',  ( 9.896616008401782200, 12.90047029230006000, -7.260566481278285500 ) ) ;
#1768 = ORIENTED_EDGE ( 'NONE', *, *, #891, .F. ) ;
#1769 = ORIENTED_EDGE ( 'NONE', *, *, #605, .F. ) ;
#1770 = ORIENTED_EDGE ( 'NONE', *, *, #2295, .F. ) ;
#1771 = ORIENTED_EDGE ( 'NONE', *, *, #2839, .F. ) ;
#1772 = CARTESIAN_POINT ( 'NONE',  ( 10.04707724974054300, 7.736022202938674900, 2.299999999999995800 ) ) ;
#1773 = DIRECTION ( 'NONE',  ( -0.0000000000000000000, -0.0000000000000000000, 1.000000000000000000 ) ) ;
#1774 = ORIENTED_EDGE ( 'NONE', *, *, #2180, .T. ) ;
#1775 = LINE ( 'NONE', #170, #1623 ) ;
#1776 = CARTESIAN_POINT ( 'NONE',  ( 9.972133796917212600, 8.050434664707793800, 3.324541299497553400 ) ) ;
#1777 = ORIENTED_EDGE ( 'NONE', *, *, #1925, .T. ) ;
#1778 = EDGE_LOOP ( 'NONE', ( #1490, #1058, #330, #2742, #2198, #2372, #3263, #885, #3532, #2289, #2190, #2581, #1389, #1319, #1108, #353, #1604, #1345, #2603, #3301 ) ) ;
#1779 = CARTESIAN_POINT ( 'NONE',  ( 10.80962215653645100, 22.70837389923491000, -2.653520279538651200 ) ) ;
#1780 = EDGE_CURVE ( 'NONE', #1396, #3566, #837, .T. ) ;
#1781 = CARTESIAN_POINT ( 'NONE',  ( 9.969712779451757700, 8.020050722177401800, 3.121266278563086700 ) ) ;
#1782 = B_SPLINE_CURVE_WITH_KNOTS ( 'NONE', 3,
 ( #1740, #1168, #1982, #1993, #1994, #2004, #2009, #2010, #2013, #2016, #2022, #2965 ),
 .UNSPECIFIED., .F., .F.,
 ( 4, 2, 2, 2, 2, 4 ),
 ( 0.0000000000000000000, 0.0009931311681409375500, 0.001489696752211405800, 0.001737979544246641000, 0.001862120940264259600, 0.001986262336281877700 ),
 .UNSPECIFIED. ) ;
#1783 = VECTOR ( 'NONE', #786, 1000.000000000000000 ) ;
#1784 = CARTESIAN_POINT ( 'NONE',  ( 9.077869758727780800, 10.42638578323846100, -0.7666666666666731600 ) ) ;
#1785 = CARTESIAN_POINT ( 'NONE',  ( 9.967284643408573800, 7.989488962393315900, 2.814612450380486100 ) ) ;
#1786 = EDGE_CURVE ( 'NONE', #2519, #726, #642, .T. ) ;
#1787 = CARTESIAN_POINT ( 'NONE',  ( 10.04014295430613900, 7.656762843440390000, 4.083652116719781200 ) ) ;
#1788 = CARTESIAN_POINT ( 'NONE',  ( -17.04226499644481800, 5.204170427930482800E-015, -4.800000000000033600 ) ) ;
#1789 = LINE ( 'NONE', #307, #1701 ) ;
#1790 = CARTESIAN_POINT ( 'NONE',  ( 9.966676243400238300, 7.981810181706802800, 2.712103583190689000 ) ) ;
#1791 = CARTESIAN_POINT ( 'NONE',  ( 9.965863273166222700, 7.971533414930351400, 2.506496624645218500 ) ) ;
#1792 = VECTOR ( 'NONE', #1504, 1000.000000000000000 ) ;
#1793 = CARTESIAN_POINT ( 'NONE',  ( 9.965658550422100200, 7.968935760047132900, 2.402005164408748300 ) ) ;
#1794 = CARTESIAN_POINT ( 'NONE',  ( 9.965658686675714900, 7.968935354427629600, 2.299999999999964300 ) ) ;
#1795 = CARTESIAN_POINT ( 'NONE',  ( 8.500000000000000000, 28.53750000000000500, -4.800000000000002500 ) ) ;
#1796 = LINE ( 'NONE', #643, #1847 ) ;
#1797 = CARTESIAN_POINT ( 'NONE',  ( 10.34977018165634100, 18.99375940337023000, 6.917442903741772400 ) ) ;
#1798 = CARTESIAN_POINT ( 'NONE',  ( 10.02460239277674800, 7.479133412345491100, -2.300000013717173000 ) ) ;
#1799 = CARTESIAN_POINT ( 'NONE',  ( 10.09683136457512700, 19.17521542992067700, 5.822283238089698700 ) ) ;
#1800 = EDGE_CURVE ( 'NONE', #1054, #725, #2287, .T. ) ;
#1801 = DIRECTION ( 'NONE',  ( 1.000000000000000000, -0.0000000000000000000, -0.0000000000000000000 ) ) ;
#1802 = EDGE_LOOP ( 'NONE', ( #1349, #452, #1083, #81, #2875 ) ) ;
#1803 = CARTESIAN_POINT ( 'NONE',  ( 8.872568098871424200, 8.079777073236702000, 6.576718928384385000 ) ) ;
#1804 = EDGE_CURVE ( 'NONE', #725, #176, #3026, .T. ) ;
#1805 = CARTESIAN_POINT ( 'NONE',  ( 10.12945184504299900, 8.677568135664541800, 8.500000000000000000 ) ) ;
#1806 = DIRECTION ( 'NONE',  ( 0.0000000000000000000, 0.0000000000000000000, -1.000000000000000000 ) ) ;
#1807 = EDGE_LOOP ( 'NONE', ( #2279, #1774, #759, #3287 ) ) ;
#1808 = ORIENTED_EDGE ( 'NONE', *, *, #2115, .F. ) ;
#1809 = CYLINDRICAL_SURFACE ( 'NONE', #3551, 2.999999999999996400 ) ;
#1810 = DIRECTION ( 'NONE',  ( 0.08715574274765858200, 0.9961946980917455500, 0.0000000000000000000 ) ) ;
#1811 = CARTESIAN_POINT ( 'NONE',  ( 10.06114368417552300, 7.896802284236977200, -3.779641554943444800 ) ) ;
#1812 = ORIENTED_EDGE ( 'NONE', *, *, #265, .F. ) ;
#1813 = CARTESIAN_POINT ( 'NONE',  ( 7.930190452764477100, 23.40000000000000200, -2.204364238465224000E-016 ) ) ;
#1814 = VERTEX_POINT ( 'NONE', #1001 ) ;
#1815 = AXIS2_PLACEMENT_3D ( 'NONE', #1371, #1435, #1412 ) ;
#1816 = CARTESIAN_POINT ( 'NONE',  ( 9.521523562486160900, 13.20262931538176700, 0.0000000000000000000 ) ) ;
#1817 = CIRCLE ( 'NONE', #2745, 1.750263165184841700 ) ;
#1818 = CARTESIAN_POINT ( 'NONE',  ( 9.496596108363144500, 15.21244986011506700, -4.050263165184951200 ) ) ;
#1819 = ORIENTED_EDGE ( 'NONE', *, *, #3302, .T. ) ;
#1820 = CARTESIAN_POINT ( 'NONE',  ( 9.857255721197079300, 5.566352203496815100, 3.111215932167720900 ) ) ;
#1821 = CARTESIAN_POINT ( 'NONE',  ( 10.29736732852325400, 12.02115491966985600, 8.157357915450028000 ) ) ;
#1822 = LINE ( 'NONE', #128, #1679 ) ;
#1823 = CARTESIAN_POINT ( 'NONE',  ( 10.01614630461700100, 16.30637801234093900, -6.928338777178272100 ) ) ;
#1824 = B_SPLINE_CURVE_WITH_KNOTS ( 'NONE', 3,
 ( #2484, #2435, #2493, #2500, #3600, #3594, #2504, #2520, #2528, #2541 ),
 .UNSPECIFIED., .F., .F.,
 ( 4, 1, 1, 2, 2, 4 ),
 ( 0.0000000000000000000, 0.1452358375453068300, 0.2178537563179595800, 0.2360082360111237000, 0.2541627157042878300, 0.2904716750906171700 ),
 .UNSPECIFIED. ) ;
#1825 = CARTESIAN_POINT ( 'NONE',  ( 10.01709037825704800, 8.609153071759264400, -5.087040882195296400 ) ) ;
#1826 = LINE ( 'NONE', #531, #1783 ) ;
#1827 = EDGE_CURVE ( 'NONE', #460, #1188, #3396, .T. ) ;
#1828 = DIRECTION ( 'NONE',  ( 0.0000000000000000000, 0.0000000000000000000, -1.000000000000000000 ) ) ;
#1829 = ORIENTED_EDGE ( 'NONE', *, *, #518, .T. ) ;
#1830 = CIRCLE ( 'NONE', #3672, 0.9907352569610040600 ) ;
#1831 = CARTESIAN_POINT ( 'NONE',  ( 9.077869758727780800, 10.42638578323846100, -2.300000000000005200 ) ) ;
#1832 = CARTESIAN_POINT ( 'NONE',  ( 7.930190452764477100, 6.399999999999998600, 12.60000000000000000 ) ) ;
#1833 = CARTESIAN_POINT ( 'NONE',  ( 10.25327434265342900, 10.09286575961024800, -7.690085060650766900 ) ) ;
#1834 = ORIENTED_EDGE ( 'NONE', *, *, #2735, .T. ) ;
#1835 = CARTESIAN_POINT ( 'NONE',  ( 10.13768472191204500, 10.09143562898402800, -7.013223243827345000 ) ) ;
#1836 = DIRECTION ( 'NONE',  ( -0.0000000000000000000, -0.0000000000000000000, -1.000000000000000000 ) ) ;
#1837 = ORIENTED_EDGE ( 'NONE', *, *, #2544, .F. ) ;
#1838 = VECTOR ( 'NONE', #1773, 1000.000000000000000 ) ;
#1839 = FACE_OUTER_BOUND ( 'NONE', #3590, .T. ) ;
#1840 = CARTESIAN_POINT ( 'NONE',  ( 1.199999999999999700, 5.799999999999840800, -10.00000000000005000 ) ) ;
#1841 = B_SPLINE_CURVE_WITH_KNOTS ( 'NONE', 3,
 ( #1506, #1520, #1498, #1531, #1536, #1538, #2916, #1106, #3207, #1549, #1552, #1553, #1563, #1567, #1577, #1579, #1582, #1599, #1602, #1603, #1620, #1621 ),
 .UNSPECIFIED., .F., .F.,
 ( 4, 1, 1, 1, 1, 1, 1, 1, 1, 1, 1, 1, 1, 1, 1, 1, 1, 1, 1, 4 ),
 ( 0.07347940711239456200, 0.08910440711239224500, 0.1250000000000000000, 0.1875000000000000000, 0.2500000000000000000, 0.2812500000000000000, 0.3125000000000000000, 0.3750000000000000000, 0.4062500000000000000, 0.4375000000000000000, 0.5000000000000000000, 0.5625000000000000000, 0.6250000000000000000, 0.6875000000000000000, 0.7500000000000000000, 0.8125000000000000000, 0.8750000000000000000, 0.9375000000000000000, 0.9687499999999998900, 1.000000000000000000 ),
 .UNSPECIFIED. ) ;
#1842 = EDGE_LOOP ( 'NONE', ( #2235, #3226, #1273, #3847 ) ) ;
#1843 = DIRECTION ( 'NONE',  ( -5.421010862427521200E-016, -1.000000000000000000, 7.037085798773818400E-015 ) ) ;
#1844 = EDGE_CURVE ( 'NONE', #470, #994, #145, .T. ) ;
#1845 = CARTESIAN_POINT ( 'NONE',  ( 10.12483505132973800, 20.77887716486244000, 2.299999999999996300 ) ) ;
#1846 = EDGE_LOOP ( 'NONE', ( #2237, #2252, #139, #1113, #3145, #1257, #3574, #829, #1006, #1152, #3170 ) ) ;
#1847 = VECTOR ( 'NONE', #2517, 1000.000000000000000 ) ;
#1848 = CARTESIAN_POINT ( 'NONE',  ( 10.37968934737346400, 11.53779587540740400, -8.232578202088792100 ) ) ;
#1849 = DIRECTION ( 'NONE',  ( -1.000000000000000000, 0.0000000000000000000, 0.0000000000000000000 ) ) ;
#1850 = ORIENTED_EDGE ( 'NONE', *, *, #1612, .F. ) ;
#1851 = FACE_OUTER_BOUND ( 'NONE', #3450, .T. ) ;
#1852 = CARTESIAN_POINT ( 'NONE',  ( 10.31371466894677800, 12.21606521689959900, 8.226803038898870200 ) ) ;
#1853 = VERTEX_POINT ( 'NONE', #1051 ) ;
#1854 = EDGE_CURVE ( 'NONE', #1405, #3146, #1866, .T. ) ;
#1855 = ORIENTED_EDGE ( 'NONE', *, *, #1727, .T. ) ;
#1856 = DIRECTION ( 'NONE',  ( 0.0000000000000000000, 1.084202172485510000E-015, -1.000000000000000000 ) ) ;
#1857 = CARTESIAN_POINT ( 'NONE',  ( 5.599999999999999600, 31.80000000000000100, 12.60000000000000000 ) ) ;
#1858 = VERTEX_POINT ( 'NONE', #1073 ) ;
#1859 = ORIENTED_EDGE ( 'NONE', *, *, #1543, .T. ) ;
#1860 = CARTESIAN_POINT ( 'NONE',  ( 10.57266314487945600, 15.21868817698144700, 8.553663241227416900 ) ) ;
#1861 = CARTESIAN_POINT ( 'NONE',  ( 10.44970783958361200, 13.81330225629306500, -8.553663281196792300 ) ) ;
#1862 = CARTESIAN_POINT ( 'NONE',  ( -2.069153950422515100E-029, 3.000000000000000000, -10.00000000000003000 ) ) ;
#1863 = AXIS2_PLACEMENT_3D ( 'NONE', #2766, #2798, #2808 ) ;
#1864 = CARTESIAN_POINT ( 'NONE',  ( 10.34679741074713800, 12.60857114668815800, 8.345209773930234200 ) ) ;
#1865 = VERTEX_POINT ( 'NONE', #89 ) ;
#1866 = B_SPLINE_CURVE_WITH_KNOTS ( 'NONE', 3,
 ( #1061, #1122, #1129, #1078 ),
 .UNSPECIFIED., .F., .F.,
 ( 4, 4 ),
 ( 0.0000000000000000000, 8.382099455727058500E-005 ),
 .UNSPECIFIED. ) ;
#1867 = VECTOR ( 'NONE', #2407, 1000.000000000000000 ) ;
#1868 = ORIENTED_EDGE ( 'NONE', *, *, #528, .F. ) ;
#1869 = CARTESIAN_POINT ( 'NONE',  ( 11.22867061087841700, 23.40375547345726300, -2.300000000000006000 ) ) ;
#1870 = CARTESIAN_POINT ( 'NONE',  ( 9.433749633256887500, 13.61183647415980000, -5.221552825345674400 ) ) ;
#1871 = CARTESIAN_POINT ( 'NONE',  ( 9.845474435839715700, 19.19720631168409100, 2.502557733497406700 ) ) ;
#1872 = CARTESIAN_POINT ( 'NONE',  ( 10.12945184504299900, 8.677568135664550700, -8.500000000000005300 ) ) ;
#1873 = VERTEX_POINT ( 'NONE', #1055 ) ;
#1874 = CARTESIAN_POINT ( 'NONE',  ( 9.346186061429207800, 10.80880174899523500, -2.300000000000005600 ) ) ;
#1875 = CARTESIAN_POINT ( 'NONE',  ( 11.39999999999999700, 24.02168489848493500, -2.868329663595865500 ) ) ;
#1876 = EDGE_CURVE ( 'NONE', #658, #2501, #707, .T. ) ;
#1877 = EDGE_CURVE ( 'NONE', #2453, #760, #3628, .T. ) ;
#1878 = LINE ( 'NONE', #129, #390 ) ;
#1879 = CARTESIAN_POINT ( 'NONE',  ( 11.40000000000000000, 23.68896847712873600, -2.300000000000006000 ) ) ;
#1880 = DIRECTION ( 'NONE',  ( 0.0000000000000000000, 0.0000000000000000000, -1.000000000000000000 ) ) ;
#1881 = LINE ( 'NONE', #1642, #1532 ) ;
#1882 = CARTESIAN_POINT ( 'NONE',  ( 9.556385859585221400, 13.60110719461846100, -5.955137261611695500 ) ) ;
#1883 = FACE_OUTER_BOUND ( 'NONE', #3721, .T. ) ;
#1884 = CARTESIAN_POINT ( 'NONE',  ( 9.857255721197079300, 5.566352203496816900, -3.111215932167734200 ) ) ;
#1885 = ADVANCED_FACE ( 'NONE', ( #3126 ), #1809, .T. ) ;
#1886 = AXIS2_PLACEMENT_3D ( 'NONE', #3825, #3425, #3429 ) ;
#1887 = LINE ( 'NONE', #3129, #1741 ) ;
#1888 = CARTESIAN_POINT ( 'NONE',  ( 10.29828702710552200, 12.03213278338791200, 8.161433377421406700 ) ) ;
#1889 = DIRECTION ( 'NONE',  ( 0.0000000000000000000, 0.0000000000000000000, -1.000000000000000000 ) ) ;
#1890 = VECTOR ( 'NONE', #1481, 1000.000000000000000 ) ;
#1891 =( BOUNDED_SURFACE ( )  B_SPLINE_SURFACE ( 2, 3, ( 
 ( #2255, #3139, #1973, #3155 ),
 ( #393, #1936, #1784, #1831 ),
 ( #1772, #1634, #1523, #1480 ) ),
 .UNSPECIFIED., .F., .F., .T. ) 
 B_SPLINE_SURFACE_WITH_KNOTS ( ( 3, 3 ),
 ( 4, 4 ),
 ( 0.0000000000000000000, 1.000000000000000000 ),
 ( 0.0000000000000000000, 0.004600000000000001700 ),
 .UNSPECIFIED. ) 
 GEOMETRIC_REPRESENTATION_ITEM ( )  RATIONAL_B_SPLINE_SURFACE ( (
 ( 1.000000000000000000, 1.000000000000000000, 1.000000000000000000, 1.000000000000000000),
 ( 0.9766504768063925000, 0.9766504768063925000, 0.9766504768063925000, 0.9766504768063925000),
 ( 1.000000000000000000, 1.000000000000000000, 1.000000000000000000, 1.000000000000000000) ) ) 
 REPRESENTATION_ITEM ( '' )  SURFACE ( )  );
#1892 = ORIENTED_EDGE ( 'NONE', *, *, #3787, .F. ) ;
#1893 = CARTESIAN_POINT ( 'NONE',  ( 10.65944596608226800, 21.63712098386458000, -4.988712418971682700 ) ) ;
#1894 = FACE_OUTER_BOUND ( 'NONE', #52, .T. ) ;
#1895 = DIRECTION ( 'NONE',  ( 0.0000000000000000000, -0.0000000000000000000, -1.000000000000000000 ) ) ;
#1896 = EDGE_CURVE ( 'NONE', #2474, #2028, #1878, .T. ) ;
#1897 = CARTESIAN_POINT ( 'NONE',  ( 10.16964148995959300, 9.136937879090655900, 6.784337833700553800 ) ) ;
#1898 = FILL_AREA_STYLE ('',( #3572 ) ) ;
#1899 = DIRECTION ( 'NONE',  ( 0.9961946980917455500, -0.08715574274765833200, 0.0000000000000000000 ) ) ;
#1900 = VERTEX_POINT ( 'NONE', #141 ) ;
#1901 = CARTESIAN_POINT ( 'NONE',  ( 10.36355802114396400, 12.80647823410671600, 8.394432241536923900 ) ) ;
#1902 = ADVANCED_FACE ( 'NONE', ( #1182 ), #111, .T. ) ;
#1903 = ADVANCED_FACE ( 'NONE', ( #1744 ), #1944, .T. ) ;
#1904 = ORIENTED_EDGE ( 'NONE', *, *, #3741, .F. ) ;
#1905 = CARTESIAN_POINT ( 'NONE',  ( 11.40000000000049600, 23.68896848561897200, -2.845058761965291600 ) ) ;
#1906 = CARTESIAN_POINT ( 'NONE',  ( 11.40000000000000000, 24.02168490676246600, -2.872967243904602800 ) ) ;
#1907 = VERTEX_POINT ( 'NONE', #101 ) ;
#1908 = VERTEX_POINT ( 'NONE', #234 ) ;
#1909 = DIRECTION ( 'NONE',  ( 0.0000000000000000000, -1.000000000000000000, 0.0000000000000000000 ) ) ;
#1910 = CARTESIAN_POINT ( 'NONE',  ( 11.39999999999999900, 22.89678781270571400, 5.406930315337138600 ) ) ;
#1911 = VERTEX_POINT ( 'NONE', #473 ) ;
#1912 = CARTESIAN_POINT ( 'NONE',  ( 10.61358957524345900, 14.21128771359597400, -9.094071250352238100 ) ) ;
#1913 = AXIS2_PLACEMENT_3D ( 'NONE', #3077, #3194, #3196 ) ;
#1914 =( BOUNDED_SURFACE ( )  B_SPLINE_SURFACE ( 2, 3, ( 
 ( #3, #317, #28, #187, #1143, #1140 ),
 ( #1199, #1186, #3601, #681, #637, #442 ),
 ( #449, #450, #482, #455, #483, #489 ) ),
 .UNSPECIFIED., .F., .F., .F. ) 
 B_SPLINE_SURFACE_WITH_KNOTS ( ( 3, 3 ),
 ( 4, 2, 4 ),
 ( 0.0000000000000000000, 1.000000000000000000 ),
 ( -0.006259918438174511200, 0.0000000000000000000, 0.002999999999999996200 ),
 .UNSPECIFIED. ) 
 GEOMETRIC_REPRESENTATION_ITEM ( )  RATIONAL_B_SPLINE_SURFACE ( (
 ( 1.000000000000000000, 1.000000000000000000, 1.000000000000000000, 1.000000000000000000, 1.000000000000000000, 1.000000000000000000),
 ( 0.9695359714832657600, 0.9695359714832657600, 0.9695359714832658700, 0.9695359714832658700, 0.9695359714832658700, 0.9695359714832658700),
 ( 1.000000000000000000, 1.000000000000000000, 1.000000000000000000, 1.000000000000000000, 1.000000000000000000, 1.000000000000000000) ) ) 
 REPRESENTATION_ITEM ( '' )  SURFACE ( )  );
#1915 = PRODUCT_DEFINITION_FORMATION_WITH_SPECIFIED_SOURCE ( 'ANY', '', #849, .NOT_KNOWN. ) ;
#1916 = LINE ( 'NONE', #2529, #3855 ) ;
#1917 = CARTESIAN_POINT ( 'NONE',  ( 11.22854892912816500, 23.33897678356884600, -3.331398432062258500 ) ) ;
#1918 =( BOUNDED_CURVE ( )  B_SPLINE_CURVE ( 3, ( #283, #2962, #2156, #2148 ),
 .UNSPECIFIED., .F., .F. ) 
 B_SPLINE_CURVE_WITH_KNOTS ( ( 4, 4 ),
 ( 3.665191429188092700, 4.712388980384696800 ),
 .UNSPECIFIED. ) 
 CURVE ( )  GEOMETRIC_REPRESENTATION_ITEM ( )  RATIONAL_B_SPLINE_CURVE ( ( 1.000000000000000000, 0.9106836025229579900, 0.9106836025229579900, 1.000000000000000000 ) ) 
 REPRESENTATION_ITEM ( '' )  );
#1919 = EDGE_CURVE ( 'NONE', #3808, #615, #2933, .T. ) ;
#1920 = ADVANCED_FACE ( 'NONE', ( #652 ), #3633, .T. ) ;
#1921 = CARTESIAN_POINT ( 'NONE',  ( 11.40000000000000000, 25.19999999999999900, -10.00000000000000000 ) ) ;
#1922 = ADVANCED_FACE ( 'NONE', ( #505 ), #2311, .F. ) ;
#1923 = VECTOR ( 'NONE', #2260, 1000.000000000000000 ) ;
#1924 = DIRECTION ( 'NONE',  ( 0.0000000000000000000, -1.000000000000000000, -3.737458707337641100E-016 ) ) ;
#1925 = EDGE_CURVE ( 'NONE', #873, #2572, #3503, .T. ) ;
#1926 = LINE ( 'NONE', #1039, #1923 ) ;
#1927 = EDGE_CURVE ( 'NONE', #80, #1989, #2843, .T. ) ;
#1928 = CARTESIAN_POINT ( 'NONE',  ( 11.39999999999951200, 23.62129509895487800, -3.378775992569837500 ) ) ;
#1929 = CARTESIAN_POINT ( 'NONE',  ( 11.40000000000000000, 23.95069049673215000, -3.433984721700614500 ) ) ;
#1930 = CARTESIAN_POINT ( 'NONE',  ( 9.939871127674917900, 17.98436386622214300, -5.974150322368489100 ) ) ;
#1931 = CARTESIAN_POINT ( 'NONE',  ( 9.484835502115753800, 13.60736703976827000, -5.589301951534162400 ) ) ;
#1932 = ORIENTED_EDGE ( 'NONE', *, *, #2454, .F. ) ;
#1933 = PLANE ( 'NONE',  #1183 ) ;
#1934 = CARTESIAN_POINT ( 'NONE',  ( 11.22807545972046300, 23.08422985956477900, -4.330314235522160400 ) ) ;
#1935 = AXIS2_PLACEMENT_3D ( 'NONE', #135, #2177, #2189 ) ;
#1936 = CARTESIAN_POINT ( 'NONE',  ( 9.077869758727780800, 10.42638578323846100, 0.7666666666666628300 ) ) ;
#1937 = AXIS2_PLACEMENT_3D ( 'NONE', #387, #1951, #933 ) ;
#1938 = CARTESIAN_POINT ( 'NONE',  ( 11.40000000000000000, 23.67143513015218300, -4.532505559227011800 ) ) ;
#1939 = ADVANCED_FACE ( 'NONE', ( #1038 ), #3365, .T. ) ;
#1940 = B_SPLINE_CURVE_WITH_KNOTS ( 'NONE', 3,
 ( #3065, #1258, #3584, #982 ),
 .UNSPECIFIED., .F., .F.,
 ( 4, 4 ),
 ( 0.0000000000000000000, 1.000000000000000000 ),
 .UNSPECIFIED. ) ;
#1941 =( BOUNDED_SURFACE ( )  B_SPLINE_SURFACE ( 3, 2, ( 
 ( #384, #391, #471 ),
 ( #1462, #1181, #1266 ),
 ( #1401, #9, #2365 ),
 ( #2353, #1211, #1217 ),
 ( #1219, #1222, #1223 ),
 ( #2951, #1139, #3248 ) ),
 .UNSPECIFIED., .F., .F., .F. ) 
 B_SPLINE_SURFACE_WITH_KNOTS ( ( 4, 2, 4 ),
 ( 3, 3 ),
 ( 0.002665381238708982400, 0.002873857338711606100, 0.003082333438714229500 ),
 ( 0.5967281554812609000, 0.9356810590690130000 ),
 .UNSPECIFIED. ) 
 GEOMETRIC_REPRESENTATION_ITEM ( )  RATIONAL_B_SPLINE_SURFACE ( (
 ( 0.9858556159906291000, 0.9877827054328387500, 0.9964626638681601800),
 ( 0.9858553633106832400, 0.9877824871790550400, 0.9964626006760196600),
 ( 0.9858100595688157300, 0.9877433558065595900, 0.9964512707684811700),
 ( 0.9856257280670914800, 0.9875841383918541000, 0.9964051717315168800),
 ( 0.9854869910193968500, 0.9874643034539777300, 0.9963704753056201700),
 ( 0.9853048161232052000, 0.9873069488199377500, 0.9963249156091225100) ) ) 
 REPRESENTATION_ITEM ( '' )  SURFACE ( )  );
#1942 = ADVANCED_FACE ( 'NONE', ( #1071 ), #1914, .T. ) ;
#1943 = ORIENTED_EDGE ( 'NONE', *, *, #1250, .F. ) ;
#1944 = PLANE ( 'NONE',  #26 ) ;
#1945 = CARTESIAN_POINT ( 'NONE',  ( 11.22771641489304700, 22.89023082001300600, -4.821856975742303300 ) ) ;
#1946 = ORIENTED_EDGE ( 'NONE', *, *, #578, .T. ) ;
#1947 = CARTESIAN_POINT ( 'NONE',  ( 11.39999999999854200, 23.15247984864709700, -4.937859826651932200 ) ) ;
#1948 = ORIENTED_EDGE ( 'NONE', *, *, #2244, .F. ) ;
#1949 = ORIENTED_EDGE ( 'NONE', *, *, #2369, .F. ) ;
#1950 = EDGE_CURVE ( 'NONE', #1986, #2153, #3540, .T. ) ;
#1951 = DIRECTION ( 'NONE',  ( 0.0000000000000000000, -1.000000000000000000, 0.0000000000000000000 ) ) ;
#1952 = ORIENTED_EDGE ( 'NONE', *, *, #3513, .F. ) ;
#1953 = ORIENTED_EDGE ( 'NONE', *, *, #292, .T. ) ;
#1954 = CARTESIAN_POINT ( 'NONE',  ( 3.501886792452843200, 25.20000000000015200, 12.60000000000000000 ) ) ;
#1955 = CARTESIAN_POINT ( 'NONE',  ( 9.679623168133201000, 17.30445872610744800, -2.300000000000006000 ) ) ;
#1956 = ORIENTED_EDGE ( 'NONE', *, *, #1482, .F. ) ;
#1957 = ORIENTED_EDGE ( 'NONE', *, *, #2109, .F. ) ;
#1958 = CARTESIAN_POINT ( 'NONE',  ( 11.40000000000000000, 23.45875281472964600, -5.073196326306907100 ) ) ;
#1959 = LINE ( 'NONE', #3036, #1725 ) ;
#1960 = CARTESIAN_POINT ( 'NONE',  ( 10.35675406051279500, 11.27564434701787600, 9.999999999999946700 ) ) ;
#1961 = VERTEX_POINT ( 'NONE', #564 ) ;
#1962 =( NAMED_UNIT ( * ) SI_UNIT ( $, .STERADIAN. ) SOLID_ANGLE_UNIT ( ) );
#1963 = CARTESIAN_POINT ( 'NONE',  ( 11.22727113836781500, 22.64550999197219700, -5.270186934967000500 ) ) ;
#1964 = B_SPLINE_CURVE_WITH_KNOTS ( 'NONE', 3,
 ( #928, #1313, #1572, #3671 ),
 .UNSPECIFIED., .F., .F.,
 ( 4, 4 ),
 ( 0.001827763891367539900, 0.001864952897642508500 ),
 .UNSPECIFIED. ) ;
#1965 = CARTESIAN_POINT ( 'NONE',  ( 11.40000000000000400, 22.89681049939421700, -5.406888696693658700 ) ) ;
#1966 = CARTESIAN_POINT ( 'NONE',  ( 10.49932478355663800, 21.79438294724002700, -3.457824188867130800 ) ) ;
#1967 = CARTESIAN_POINT ( 'NONE',  ( 10.53745476795153000, 20.93007147177424400, -5.659737604781381200 ) ) ;
#1968 =( NAMED_UNIT ( * ) PLANE_ANGLE_UNIT ( ) SI_UNIT ( $, .RADIAN. ) );
#1969 = CARTESIAN_POINT ( 'NONE',  ( 11.40000000000000000, 23.19036552848377000, -5.566575957383791200 ) ) ;
#1970 = CIRCLE ( 'NONE', #1305, 1.500000000000000400 ) ;
#1971 = EDGE_CURVE ( 'NONE', #2904, #348, #2149, .T. ) ;
#1972 = DIRECTION ( 'NONE',  ( -7.000356172721704900E-016, -9.099100844000066800E-017, -1.000000000000000000 ) ) ;
#1973 = CARTESIAN_POINT ( 'NONE',  ( 9.327101954241774400, 13.27512281349554400, -0.7666666666666730500 ) ) ;
#1974 = CARTESIAN_POINT ( 'NONE',  ( 7.930190452764477100, 25.19999999999999600, 10.00000000000000400 ) ) ;
#1975 = EDGE_CURVE ( 'NONE', #3278, #1330, #1125, .T. ) ;
#1976 = CARTESIAN_POINT ( 'NONE',  ( 3.142424528449764500, 20.43712500195951900, 9.999999999999872100 ) ) ;
#1977 = DIRECTION ( 'NONE',  ( -0.08715574274765833200, -0.9961946980917455500, 0.0000000000000000000 ) ) ;
#1978 = ORIENTED_EDGE ( 'NONE', *, *, #613, .F. ) ;
#1979 = FACE_OUTER_BOUND ( 'NONE', #2091, .T. ) ;
#1980 = ORIENTED_EDGE ( 'NONE', *, *, #1221, .F. ) ;
#1981 = EDGE_LOOP ( 'NONE', ( #2864, #603, #2926, #2942 ) ) ;
#1982 = CARTESIAN_POINT ( 'NONE',  ( 9.566705098086906400, 12.40338053354977700, 6.026469903954936300 ) ) ;
#1983 = AXIS2_PLACEMENT_3D ( 'NONE', #134, #2617, #448 ) ;
#1984 = VERTEX_POINT ( 'NONE', #623 ) ;
#1985 = CARTESIAN_POINT ( 'NONE',  ( 5.600000000000000500, 25.20000000000001000, -8.000000000000179400 ) ) ;
#1986 = VERTEX_POINT ( 'NONE', #627 ) ;
#1987 = VECTOR ( 'NONE', #1410, 1000.000000000000200 ) ;
#1988 = CARTESIAN_POINT ( 'NONE',  ( 10.50882618383270100, 21.94986609892597000, 2.299999999999996300 ) ) ;
#1989 = VERTEX_POINT ( 'NONE', #592 ) ;
#1990 = VERTEX_POINT ( 'NONE', #646 ) ;
#1991 = FACE_OUTER_BOUND ( 'NONE', #2296, .T. ) ;
#1992 = CARTESIAN_POINT ( 'NONE',  ( 4.168349035112439300, 17.97559954001289000, -10.00000000000013700 ) ) ;
#1993 = CARTESIAN_POINT ( 'NONE',  ( 9.682317553108402900, 12.45276176646879300, 6.505969724719023800 ) ) ;
#1994 = CARTESIAN_POINT ( 'NONE',  ( 9.723906903309805100, 12.47634658198332100, 6.663773278998826700 ) ) ;
#1995 = ORIENTED_EDGE ( 'NONE', *, *, #3868, .T. ) ;
#1996 = EDGE_LOOP ( 'NONE', ( #3823, #1769, #1318, #1700 ) ) ;
#1997 = ORIENTED_EDGE ( 'NONE', *, *, #433, .T. ) ;
#1998 = DIRECTION ( 'NONE',  ( -0.07525766947068768300, -0.9971641204866130700, 0.0000000000000000000 ) ) ;
#1999 = CARTESIAN_POINT ( 'NONE',  ( -3.285461128743952200E-018, 1.000000000000000000, -10.00000000000001600 ) ) ;
#2000 = CARTESIAN_POINT ( 'NONE',  ( 11.22867061087841400, 23.40375547345725900, -2.300000000000006000 ) ) ;
#2001 = EDGE_CURVE ( 'NONE', #3146, #1713, #2137, .T. ) ;
#2002 = CARTESIAN_POINT ( 'NONE',  ( 4.000000000000000900, 31.80000000000000100, 12.60000000000000000 ) ) ;
#2003 = EDGE_LOOP ( 'NONE', ( #3078, #875, #117, #1808 ) ) ;
#2004 = CARTESIAN_POINT ( 'NONE',  ( 9.789248906152149500, 12.54075800714724700, 6.894659159886167300 ) ) ;
#2005 = EDGE_CURVE ( 'NONE', #1404, #1216, #2594, .T. ) ;
#2006 = VERTEX_POINT ( 'NONE', #714 ) ;
#2007 = CARTESIAN_POINT ( 'NONE',  ( 10.18447713376216900, 20.77365956942003300, 3.626817446442713400 ) ) ;
#2008 = CARTESIAN_POINT ( 'NONE',  ( 9.848198257113656600, 19.19696800820091200, -2.907667049136214200 ) ) ;
#2009 = CARTESIAN_POINT ( 'NONE',  ( 9.811741595109037200, 12.56713890401783700, 6.971324179102852600 ) ) ;
#2010 = CARTESIAN_POINT ( 'NONE',  ( 9.843974693099021100, 12.62307091630340800, 7.078843315957613000 ) ) ;
#2011 = DIRECTION ( 'NONE',  ( 1.301042606982605300E-016, -1.000000000000000000, 0.0000000000000000000 ) ) ;
#2012 = AXIS2_PLACEMENT_3D ( 'NONE', #1390, #380, #82 ) ;
#2013 = CARTESIAN_POINT ( 'NONE',  ( 9.854425057130120200, 12.64438237465950900, 7.113298966307666200 ) ) ;
#2014 = CARTESIAN_POINT ( 'NONE',  ( 19.80092570153188100, 18.25434359822667600, 2.299999999999995800 ) ) ;
#2015 = CARTESIAN_POINT ( 'NONE',  ( 3.293037830601304600, 3.031320729375559500, 9.999999999999989300 ) ) ;
#2016 = CARTESIAN_POINT ( 'NONE',  ( 9.873024257216130200, 12.69691339219562900, 7.174829998918845300 ) ) ;
#2017 = UNCERTAINTY_MEASURE_WITH_UNIT (LENGTH_MEASURE( 1.000000000000000100E-005 ), #3461, 'distance_accuracy_value', 'NONE');
#2018 = VECTOR ( 'NONE', #2915, 1000.000000000000000 ) ;
#2019 = DIRECTION ( 'NONE',  ( 0.0000000000000000000, 1.000000000000000000, -6.938893903907226000E-015 ) ) ;
#2020 = CARTESIAN_POINT ( 'NONE',  ( 3.200000000000002000, 21.19999999999999900, 12.60000000000000000 ) ) ;
#2021 = CARTESIAN_POINT ( 'NONE',  ( 10.65792384531896700, 21.60225868676553800, 0.0000000000000000000 ) ) ;
#2022 = CARTESIAN_POINT ( 'NONE',  ( 9.881625061922418900, 12.72912298997295500, 7.203329887405695700 ) ) ;
#2023 = EDGE_CURVE ( 'NONE', #3808, #3539, #1423, .T. ) ;
#2024 = LINE ( 'NONE', #2313, #1987 ) ;
#2025 = DIRECTION ( 'NONE',  ( 1.000000000000000000, 0.0000000000000000000, 0.0000000000000000000 ) ) ;
#2026 = VERTEX_POINT ( 'NONE', #1985 ) ;
#2027 = CARTESIAN_POINT ( 'NONE',  ( 8.829168755066662700, 7.583720303642705200, 2.299999999999995800 ) ) ;
#2028 = VERTEX_POINT ( 'NONE', #1737 ) ;
#2029 = LINE ( 'NONE', #1544, #2018 ) ;
#2030 = CARTESIAN_POINT ( 'NONE',  ( 7.930190452764477100, 25.19999999999999900, -10.00000000000000000 ) ) ;
#2031 = ORIENTED_EDGE ( 'NONE', *, *, #948, .T. ) ;
#2032 = ADVANCED_FACE ( 'NONE', ( #3871 ), #3819, .T. ) ;
#2033 = ORIENTED_EDGE ( 'NONE', *, *, #15, .F. ) ;
#2034 = CARTESIAN_POINT ( 'NONE',  ( 9.676091274228346300, 10.37986104664510000, -5.479847995385910900 ) ) ;
#2035 = PLANE ( 'NONE',  #673 ) ;
#2036 = ORIENTED_EDGE ( 'NONE', *, *, #605, .T. ) ;
#2037 = CARTESIAN_POINT ( 'NONE',  ( 10.16555964217960400, 15.99197447003864900, 0.0000000000000000000 ) ) ;
#2038 = ORIENTED_EDGE ( 'NONE', *, *, #3236, .F. ) ;
#2039 = CARTESIAN_POINT ( 'NONE',  ( 10.12917522431724000, 15.55863429370289300, -7.462007587033084200 ) ) ;
#2040 = ORIENTED_EDGE ( 'NONE', *, *, #1628, .F. ) ;
#2041 = ORIENTED_EDGE ( 'NONE', *, *, #3259, .F. ) ;
#2042 = EDGE_LOOP ( 'NONE', ( #337, #61, #2067, #396, #811, #735 ) ) ;
#2043 = CARTESIAN_POINT ( 'NONE',  ( 10.70074532034798900, 15.20748243862687800, 9.094071250351913000 ) ) ;
#2044 = EDGE_CURVE ( 'NONE', #1990, #2108, #3877, .T. ) ;
#2045 = CARTESIAN_POINT ( 'NONE',  ( 10.61358957760033500, 14.21128774053518900, 9.094071250352238100 ) ) ;
#2046 = ORIENTED_EDGE ( 'NONE', *, *, #2494, .F. ) ;
#2047 = DIRECTION ( 'NONE',  ( -1.000000000000000000, 0.0000000000000000000, 7.228014483236697500E-016 ) ) ;
#2048 = ORIENTED_EDGE ( 'NONE', *, *, #1581, .F. ) ;
#2049 = CARTESIAN_POINT ( 'NONE',  ( 3.501886792452829900, 25.19999999999997800, -12.60000000000017900 ) ) ;
#2050 = ORIENTED_EDGE ( 'NONE', *, *, #469, .T. ) ;
#2051 = CARTESIAN_POINT ( 'NONE',  ( 9.885139144623794400, 12.76928913904600000, -7.063639258821036800 ) ) ;
#2052 = EDGE_CURVE ( 'NONE', #2812, #3479, #703, .T. ) ;
#2053 = CARTESIAN_POINT ( 'NONE',  ( 11.23583796685389500, 23.41566824382578800, -2.300000000000005600 ) ) ;
#2054 = CARTESIAN_POINT ( 'NONE',  ( 10.15999199577174400, 19.16092073894515100, -6.121239137060486600 ) ) ;
#2055 = DIRECTION ( 'NONE',  ( 0.0000000000000000000, 0.0000000000000000000, 1.000000000000000000 ) ) ;
#2056 = DIRECTION ( 'NONE',  ( 0.0000000000000000000, -1.000000000000000000, 7.037085798773818400E-015 ) ) ;
#2057 = AXIS2_PLACEMENT_3D ( 'NONE', #3545, #2782, #2746 ) ;
#2058 = CARTESIAN_POINT ( 'NONE',  ( 11.25110897899224800, 22.97335954548450900, -4.677027337807422700 ) ) ;
#2059 =( BOUNDED_SURFACE ( )  B_SPLINE_SURFACE ( 3, 2, ( 
 ( #906, #864, #931 ),
 ( #964, #1000, #1007 ),
 ( #1025, #79, #3056 ),
 ( #30, #1042, #1050 ),
 ( #1056, #1066, #1070 ),
 ( #1085, #1639, #1595 ) ),
 .UNSPECIFIED., .F., .F., .F. ) 
 B_SPLINE_SURFACE_WITH_KNOTS ( ( 4, 2, 4 ),
 ( 3, 3 ),
 ( 0.002665381238708974500, 0.002917728389516550600, 0.003170075540324126200 ),
 ( 0.01251387104757158100, 0.4072167194034724300 ),
 .UNSPECIFIED. ) 
 GEOMETRIC_REPRESENTATION_ITEM ( )  RATIONAL_B_SPLINE_SURFACE ( (
 ( 0.9992736728363322800, 0.9879642060257356500, 0.9858116741480806900),
 ( 0.9992736648441321600, 0.9879640735888968200, 0.9858115180256821200),
 ( 0.9992702413026732800, 0.9879073429009604900, 0.9857446413835624400),
 ( 0.9992563388363251400, 0.9876769684511668100, 0.9854730658008781200),
 ( 0.9992459389766802400, 0.9875046348605901500, 0.9852699113481213600),
 ( 0.9992324865550256100, 0.9872817179939369400, 0.9850071270940267100) ) ) 
 REPRESENTATION_ITEM ( '' )  SURFACE ( )  );
#2060 = CYLINDRICAL_SURFACE ( 'NONE', #426, 0.3999999999999993000 ) ;
#2061 = DIRECTION ( 'NONE',  ( -1.761257217036233700E-015, 1.000000000000000000, -6.881190987490401500E-015 ) ) ;
#2062 = ADVANCED_FACE ( 'NONE', ( #3840 ), #665, .F. ) ;
#2063 = FACE_OUTER_BOUND ( 'NONE', #2756, .T. ) ;
#2064 = CARTESIAN_POINT ( 'NONE',  ( 10.10309049549950600, 8.376256531611092600, 5.693401240866126800 ) ) ;
#2065 = CARTESIAN_POINT ( 'NONE',  ( 9.920001441722854800, 13.16776701828270100, -7.330997241187075600 ) ) ;
#2066 = CARTESIAN_POINT ( 'NONE',  ( 11.22782836361300300, 22.95000510350630000, -4.627294855241358600 ) ) ;
#2067 = ORIENTED_EDGE ( 'NONE', *, *, #2685, .F. ) ;
#2068 = DIRECTION ( 'NONE',  ( 0.0000000000000000000, 7.037085798773818400E-015, 1.000000000000000000 ) ) ;
#2069 = DIRECTION ( 'NONE',  ( 1.000000000000000000, 0.0000000000000000000, 0.0000000000000000000 ) ) ;
#2070 = ORIENTED_EDGE ( 'NONE', *, *, #745, .T. ) ;
#2071 = EDGE_CURVE ( 'NONE', #1396, #1858, #3834, .T. ) ;
#2072 = CARTESIAN_POINT ( 'NONE',  ( 0.0000000000000000000, 5.799999999999999800, 12.60000000000000000 ) ) ;
#2073 = CARTESIAN_POINT ( 'NONE',  ( 1.199999999999998800, 7.894024400970566900, -10.00000000000006400 ) ) ;
#2074 = CARTESIAN_POINT ( 'NONE',  ( 3.971716880362869500, 20.20716282754312600, 9.999999999999888100 ) ) ;
#2075 = EDGE_CURVE ( 'NONE', #3649, #2944, #1782, .T. ) ;
#2076 = CARTESIAN_POINT ( 'NONE',  ( 9.359009663964716500, 13.63982960449001400, -3.760807830897872100 ) ) ;
#2077 = VERTEX_POINT ( 'NONE', #1912 ) ;
#2078 = VECTOR ( 'NONE', #3766, 1000.000000000000000 ) ;
#2079 = CARTESIAN_POINT ( 'NONE',  ( 10.02460239526099400, 7.479133440740446800, 3.190346263015642100 ) ) ;
#2080 = ORIENTED_EDGE ( 'NONE', *, *, #1068, .F. ) ;
#2081 = CARTESIAN_POINT ( 'NONE',  ( -10.00000000000000200, 6.938893903907228400E-014, 10.00000000000001100 ) ) ;
#2082 = ORIENTED_EDGE ( 'NONE', *, *, #223, .F. ) ;
#2083 = ORIENTED_EDGE ( 'NONE', *, *, #1780, .F. ) ;
#2084 = DIRECTION ( 'NONE',  ( -0.9961946980917454300, 0.08715574274765917900, 0.0000000000000000000 ) ) ;
#2085 = ORIENTED_EDGE ( 'NONE', *, *, #2651, .F. ) ;
#2086 = ORIENTED_EDGE ( 'NONE', *, *, #3868, .F. ) ;
#2087 = FACE_OUTER_BOUND ( 'NONE', #1842, .T. ) ;
#2088 = ORIENTED_EDGE ( 'NONE', *, *, #2721, .F. ) ;
#2089 = ORIENTED_EDGE ( 'NONE', *, *, #1010, .F. ) ;
#2090 = CARTESIAN_POINT ( 'NONE',  ( 4.045398593536778400, 19.58373650700471600, 9.999999999999893400 ) ) ;
#2091 = EDGE_LOOP ( 'NONE', ( #2524, #3089, #2585, #1712 ) ) ;
#2092 = CARTESIAN_POINT ( 'NONE',  ( 10.61358957524345900, 14.21128771359597400, -9.094071250352238100 ) ) ;
#2093 = CARTESIAN_POINT ( 'NONE',  ( 3.971716880362869500, 20.20716282754298400, -10.00000000000013000 ) ) ;
#2094 = EDGE_CURVE ( 'NONE', #569, #3075, #3771, .T. ) ;
#2095 = CARTESIAN_POINT ( 'NONE',  ( 11.40000000000000000, 25.19999999999999600, 10.00000000000000400 ) ) ;
#2096 = VECTOR ( 'NONE', #2338, 1000.000000000000000 ) ;
#2097 = DIRECTION ( 'NONE',  ( 0.0000000000000000000, -0.0000000000000000000, 1.000000000000000000 ) ) ;
#2098 = VERTEX_POINT ( 'NONE', #2030 ) ;
#2099 = CARTESIAN_POINT ( 'NONE',  ( 11.32311561570428500, 23.01856618786237300, 4.942909861290134500 ) ) ;
#2100 = CARTESIAN_POINT ( 'NONE',  ( 10.04422306710233800, 7.703398746102381600, -4.051379489134606400 ) ) ;
#2101 = FACE_OUTER_BOUND ( 'NONE', #1500, .T. ) ;
#2102 = CARTESIAN_POINT ( 'NONE',  ( 11.40000000000049400, 23.35516952735092700, -4.423639676512934200 ) ) ;
#2103 = PRODUCT_RELATED_PRODUCT_CATEGORY ( 'part', '', ( #849 ) ) ;
#2104 = CARTESIAN_POINT ( 'NONE',  ( 9.357146919966874400, 13.61853834316799300, -3.738820727822433900 ) ) ;
#2105 = DIRECTION ( 'NONE',  ( 0.0000000000000000000, -0.0000000000000000000, 1.000000000000000000 ) ) ;
#2106 = PLANE ( 'NONE',  #3754 ) ;
#2107 = DIRECTION ( 'NONE',  ( 0.0000000000000000000, 0.0000000000000000000, -1.000000000000000000 ) ) ;
#2108 = VERTEX_POINT ( 'NONE', #2039 ) ;
#2109 = EDGE_CURVE ( 'NONE', #540, #414, #3791, .T. ) ;
#2110 = CARTESIAN_POINT ( 'NONE',  ( 10.05202480913245300, 16.27714887064661300, -7.052539495128999500 ) ) ;
#2111 = CARTESIAN_POINT ( 'NONE',  ( 10.12172360043829000, 8.589233895651169300, -5.564826073929690000 ) ) ;
#2112 = CARTESIAN_POINT ( 'NONE',  ( 9.676091274228550500, 10.37986104664752100, 5.479847995385903800 ) ) ;
#2113 = EDGE_LOOP ( 'NONE', ( #1047, #294, #167, #1033, #2323 ) ) ;
#2114 = VECTOR ( 'NONE', #1514, 1000.000000000000000 ) ;
#2115 = EDGE_CURVE ( 'NONE', #551, #1040, #91, .T. ) ;
#2116 = ORIENTED_EDGE ( 'NONE', *, *, #1975, .F. ) ;
#2117 = ORIENTED_EDGE ( 'NONE', *, *, #1482, .T. ) ;
#2118 = ORIENTED_EDGE ( 'NONE', *, *, #2263, .T. ) ;
#2119 = EDGE_CURVE ( 'NONE', #2077, #1853, #1014, .T. ) ;
#2120 = CARTESIAN_POINT ( 'NONE',  ( 2.699999999999999300, 4.409111036888172700, 12.60000000000000000 ) ) ;
#2121 = ORIENTED_EDGE ( 'NONE', *, *, #3842, .F. ) ;
#2122 = CARTESIAN_POINT ( 'NONE',  ( 9.530992877614052000, 9.588049442500668800, -5.100557484441483200E-015 ) ) ;
#2123 = CARTESIAN_POINT ( 'NONE',  ( 10.16452612591232600, 10.41900591847999600, -7.281023660059473100 ) ) ;
#2124 = EDGE_LOOP ( 'NONE', ( #2154, #2554, #2131, #1241 ) ) ;
#2125 = ORIENTED_EDGE ( 'NONE', *, *, #172, .F. ) ;
#2126 = AXIS2_PLACEMENT_3D ( 'NONE', #2214, #2169, #2230 ) ;
#2127 = ORIENTED_EDGE ( 'NONE', *, *, #1925, .F. ) ;
#2128 = ORIENTED_EDGE ( 'NONE', *, *, #3564, .F. ) ;
#2129 = EDGE_LOOP ( 'NONE', ( #2613, #2710, #2779, #2827 ) ) ;
#2130 = VERTEX_POINT ( 'NONE', #102 ) ;
#2131 = ORIENTED_EDGE ( 'NONE', *, *, #1413, .F. ) ;
#2132 = DIRECTION ( 'NONE',  ( 1.000000000000000000, 0.0000000000000000000, -0.0000000000000000000 ) ) ;
#2133 = CARTESIAN_POINT ( 'NONE',  ( 10.42271870478829500, 12.02962368121989000, -8.741523860885168400 ) ) ;
#2134 = ORIENTED_EDGE ( 'NONE', *, *, #2513, .F. ) ;
#2135 = CARTESIAN_POINT ( 'NONE',  ( 3.974420896480663300, 20.14791325255771400, 9.999999999999888100 ) ) ;
#2136 = EDGE_CURVE ( 'NONE', #721, #2501, #3784, .T. ) ;
#2137 = B_SPLINE_CURVE_WITH_KNOTS ( 'NONE', 3,
 ( #614, #12, #670, #676, #682, #688 ),
 .UNSPECIFIED., .F., .F.,
 ( 4, 2, 4 ),
 ( 0.0000000000000000000, 0.001687397338099984400, 0.003374794676199968800 ),
 .UNSPECIFIED. ) ;
#2138 = CARTESIAN_POINT ( 'NONE',  ( 2.822850272962613700, 14.07302735340010400, 9.999999999999930700 ) ) ;
#2139 = DIRECTION ( 'NONE',  ( 0.6643638388299196700, -0.7474093186836597800, 0.0000000000000000000 ) ) ;
#2140 = LINE ( 'NONE', #2122, #2114 ) ;
#2141 = CARTESIAN_POINT ( 'NONE',  ( 9.922857682939394400, 13.20041400477689000, -7.338848398398246400 ) ) ;
#2142 = CARTESIAN_POINT ( 'NONE',  ( 10.61358957648862900, 14.21128772782793500, -8.808572679493769500 ) ) ;
#2143 = PLANE ( 'NONE',  #2184 ) ;
#2144 = ADVANCED_FACE ( 'NONE', ( #3694 ), #3618, .F. ) ;
#2145 = LINE ( 'NONE', #1493, #1792 ) ;
#2146 = EDGE_LOOP ( 'NONE', ( #3587, #998, #247, #412 ) ) ;
#2147 = DIRECTION ( 'NONE',  ( 0.0000000000000000000, 0.0000000000000000000, 1.000000000000000000 ) ) ;
#2148 = CARTESIAN_POINT ( 'NONE',  ( 10.35675406051279500, 11.27564434701787600, 9.999999999999946700 ) ) ;
#2149 = LINE ( 'NONE', #555, #3159 ) ;
#2150 = ORIENTED_EDGE ( 'NONE', *, *, #3091, .T. ) ;
#2151 = EDGE_CURVE ( 'NONE', #2160, #1760, #3657, .T. ) ;
#2152 = CARTESIAN_POINT ( 'NONE',  ( 10.53957259855612500, 13.36526979877321300, 8.766314708931220800 ) ) ;
#2153 = VERTEX_POINT ( 'NONE', #635 ) ;
#2154 = ORIENTED_EDGE ( 'NONE', *, *, #3488, .T. ) ;
#2155 = DIRECTION ( 'NONE',  ( -0.9961946980917456600, 0.08715574274765830500, -0.0000000000000000000 ) ) ;
#2156 = CARTESIAN_POINT ( 'NONE',  ( 10.26068484033188700, 10.17756813566455600, 10.00000000000000200 ) ) ;
#2157 = VERTEX_POINT ( 'NONE', #795 ) ;
#2158 = B_SPLINE_CURVE_WITH_KNOTS ( 'NONE', 3,
 ( #2600, #2579, #2615, #2624, #2629, #2635 ),
 .UNSPECIFIED., .F., .F.,
 ( 4, 2, 4 ),
 ( 0.0000000000000000000, 0.4719275619890693200, 0.9438551239781386400 ),
 .UNSPECIFIED. ) ;
#2159 = DIRECTION ( 'NONE',  ( -1.000000000000000000, 0.0000000000000000000, 0.0000000000000000000 ) ) ;
#2160 = VERTEX_POINT ( 'NONE', #1467 ) ;
#2161 = EDGE_CURVE ( 'NONE', #80, #1444, #3666, .T. ) ;
#2162 = ORIENTED_EDGE ( 'NONE', *, *, #3275, .T. ) ;
#2163 = VECTOR ( 'NONE', #2421, 1000.000000000000000 ) ;
#2164 = CARTESIAN_POINT ( 'NONE',  ( 10.40959572187304400, 18.78131962469517500, 7.224145751713321900 ) ) ;
#2165 = ORIENTED_EDGE ( 'NONE', *, *, #518, .F. ) ;
#2166 = CARTESIAN_POINT ( 'NONE',  ( 10.36285835422310900, 11.34541674341260300, 8.152925214745740900 ) ) ;
#2167 = CARTESIAN_POINT ( 'NONE',  ( 9.921318563245154800, 13.23521549554395600, -7.333726782662030700 ) ) ;
#2168 = AXIS2_PLACEMENT_3D ( 'NONE', #1127, #1449, #3472 ) ;
#2169 = DIRECTION ( 'NONE',  ( -0.08715574274765833200, -0.9961946980917455500, 0.0000000000000000000 ) ) ;
#2170 = VECTOR ( 'NONE', #3833, 1000.000000000000000 ) ;
#2171 = ADVANCED_FACE ( 'NONE', ( #3549 ), #1513, .F. ) ;
#2172 = DIRECTION ( 'NONE',  ( -1.000000000000000000, 0.0000000000000000000, 0.0000000000000000000 ) ) ;
#2173 = VECTOR ( 'NONE', #200, 1000.000000000000100 ) ;
#2174 = ADVANCED_FACE ( 'NONE', ( #3608 ), #2286, .F. ) ;
#2175 = CARTESIAN_POINT ( 'NONE',  ( 10.11308256435810400, 8.490466401277625900, 5.885727170575203000 ) ) ;
#2176 = SURFACE_STYLE_USAGE ( .BOTH. , #3827 ) ;
#2177 = DIRECTION ( 'NONE',  ( 0.0000000000000000000, 0.0000000000000000000, 1.000000000000000000 ) ) ;
#2178 = EDGE_CURVE ( 'NONE', #2944, #2847, #3511, .T. ) ;
#2179 = CARTESIAN_POINT ( 'NONE',  ( 10.87505680584329300, 17.19987183481025600, -2.300000000000006000 ) ) ;
#2180 = EDGE_CURVE ( 'NONE', #2678, #2340, #3517, .T. ) ;
#2181 = DIRECTION ( 'NONE',  ( -0.9961946980917455500, 0.08715574274765829100, 0.0000000000000000000 ) ) ;
#2182 = DIRECTION ( 'NONE',  ( -0.08715574274765829100, -0.9961946980917455500, 0.0000000000000000000 ) ) ;
#2183 = CARTESIAN_POINT ( 'NONE',  ( -17.04226499644481800, 0.0000000000000000000, 4.800000000000000700 ) ) ;
#2184 = AXIS2_PLACEMENT_3D ( 'NONE', #2383, #2069, #130 ) ;
#2185 = VECTOR ( 'NONE', #3759, 1000.000000000000000 ) ;
#2186 = CARTESIAN_POINT ( 'NONE',  ( 3.974420896480663300, 20.14791325255757200, -10.00000000000013000 ) ) ;
#2187 = ADVANCED_FACE ( 'NONE', ( #3478 ), #2744, .T. ) ;
#2188 = ORIENTED_EDGE ( 'NONE', *, *, #1272, .F. ) ;
#2189 = DIRECTION ( 'NONE',  ( 1.000000000000000000, 0.0000000000000000000, 0.0000000000000000000 ) ) ;
#2190 = ORIENTED_EDGE ( 'NONE', *, *, #3494, .T. ) ;
#2191 = LINE ( 'NONE', #2999, #2078 ) ;
#2192 = CARTESIAN_POINT ( 'NONE',  ( 10.16403752141630400, 15.95711217293959200, -7.462007587033787600 ) ) ;
#2193 = ORIENTED_EDGE ( 'NONE', *, *, #2369, .T. ) ;
#2194 = VECTOR ( 'NONE', #3509, 1000.000000000000000 ) ;
#2195 = EDGE_CURVE ( 'NONE', #2388, #615, #1615, .T. ) ;
#2196 = CARTESIAN_POINT ( 'NONE',  ( 10.16507405943597100, 15.96895985671814500, -7.462007587033801800 ) ) ;
#2197 = ORIENTED_EDGE ( 'NONE', *, *, #3423, .F. ) ;
#2198 = ORIENTED_EDGE ( 'NONE', *, *, #881, .F. ) ;
#2199 = CARTESIAN_POINT ( 'NONE',  ( 7.930190452764477100, 23.40000000000000200, -2.204364238465224000E-016 ) ) ;
#2200 = ORIENTED_EDGE ( 'NONE', *, *, #2023, .F. ) ;
#2201 = ORIENTED_EDGE ( 'NONE', *, *, #1062, .T. ) ;
#2202 = DIRECTION ( 'NONE',  ( 1.000000000000000000, 0.0000000000000000000, -0.0000000000000000000 ) ) ;
#2203 = DIRECTION ( 'NONE',  ( 0.0000000000000000000, 0.0000000000000000000, 1.000000000000000000 ) ) ;
#2204 = CARTESIAN_POINT ( 'NONE',  ( 9.398045968447908300, 14.08601660643945800, 4.050263162739228500 ) ) ;
#2205 = ORIENTED_EDGE ( 'NONE', *, *, #3661, .T. ) ;
#2206 = ADVANCED_FACE ( 'NONE', ( #3445 ), #1492, .T. ) ;
#2207 = ADVANCED_FACE ( 'NONE', ( #3670 ), #3481, .T. ) ;
#2208 = CARTESIAN_POINT ( 'NONE',  ( 6.368213862877856200, 6.746740728277139900, -10.00000000000005500 ) ) ;
#2209 = VERTEX_POINT ( 'NONE', #1455 ) ;
#2210 = DIRECTION ( 'NONE',  ( -0.0000000000000000000, -0.0000000000000000000, -1.000000000000000000 ) ) ;
#2211 = FACE_OUTER_BOUND ( 'NONE', #132, .T. ) ;
#2212 = AXIS2_PLACEMENT_3D ( 'NONE', #606, #797, #835 ) ;
#2213 = ORIENTED_EDGE ( 'NONE', *, *, #1275, .F. ) ;
#2214 = CARTESIAN_POINT ( 'NONE',  ( 9.954863738821922300, 13.56624489751939900, -8.800000000000006000 ) ) ;
#2215 = EDGE_CURVE ( 'NONE', #3453, #251, #3465, .T. ) ;
#2216 = PLANE ( 'NONE',  #2278 ) ;
#2217 = PLANE ( 'NONE',  #277 ) ;
#2218 = CARTESIAN_POINT ( 'NONE',  ( 5.599999999999999600, 25.19999999999999900, -12.60000000000000000 ) ) ;
#2219 = CARTESIAN_POINT ( 'NONE',  ( 9.695835047981479000, 15.19501871156525000, 6.040238039398278000 ) ) ;
#2220 = LINE ( 'NONE', #1832, #2185 ) ;
#2221 = EDGE_CURVE ( 'NONE', #569, #990, #3439, .T. ) ;
#2222 = VECTOR ( 'NONE', #1502, 1000.000000000000200 ) ;
#2223 = PLANE ( 'NONE',  #2126 ) ;
#2224 = CARTESIAN_POINT ( 'NONE',  ( 10.16555964217960400, 15.99197447002447700, 7.457810936357649500 ) ) ;
#2225 = CARTESIAN_POINT ( 'NONE',  ( 10.17748645513345600, 9.226606241341205100, -9.450961894323345500 ) ) ;
#2226 = CARTESIAN_POINT ( 'NONE',  ( 9.679623168133201000, 17.30445872610744800, 4.050263165184831300 ) ) ;
#2227 = AXIS2_PLACEMENT_3D ( 'NONE', #2689, #2823, #2850 ) ;
#2228 = VECTOR ( 'NONE', #1584, 1000.000000000000000 ) ;
#2229 = VERTEX_POINT ( 'NONE', #3518 ) ;
#2230 = DIRECTION ( 'NONE',  ( 0.9961946980917455500, -0.08715574274765833200, 0.0000000000000000000 ) ) ;
#2231 = EDGE_LOOP ( 'NONE', ( #758, #1654, #715, #935 ) ) ;
#2232 = ORIENTED_EDGE ( 'NONE', *, *, #2151, .T. ) ;
#2233 = CARTESIAN_POINT ( 'NONE',  ( 10.56535740099684000, 20.97172649065785100, -5.715117012327913100 ) ) ;
#2234 = CARTESIAN_POINT ( 'NONE',  ( 10.12945184504299900, 8.677568135664550700, -8.500000000000005300 ) ) ;
#2235 = ORIENTED_EDGE ( 'NONE', *, *, #1628, .T. ) ;
#2236 = CARTESIAN_POINT ( 'NONE',  ( 7.930190452764477100, 11.27564434701785400, 9.999999999999998200 ) ) ;
#2237 = ORIENTED_EDGE ( 'NONE', *, *, #1119, .F. ) ;
#2238 = CARTESIAN_POINT ( 'NONE',  ( 10.04707724974052900, 7.736022202938674000, 2.299999999999931000 ) ) ;
#2239 = VERTEX_POINT ( 'NONE', #3699 ) ;
#2240 = B_SPLINE_CURVE_WITH_KNOTS ( 'NONE', 3,
 ( #1155, #1210, #1159, #1095, #1074, #1045, #1024, #978, #966, #2741, #856, #798 ),
 .UNSPECIFIED., .F., .F.,
 ( 4, 2, 2, 2, 2, 4 ),
 ( 0.0000000000000000000, 0.0001000221708291314700, 0.0002000443416582629300, 0.0004000886833165257500, 0.0008001773666330503100, 0.001600354733266099100 ),
 .UNSPECIFIED. ) ;
#2241 = CARTESIAN_POINT ( 'NONE',  ( 10.16555964217942600, 15.98057717607179200, 7.460551588883561200 ) ) ;
#2242 = ORIENTED_EDGE ( 'NONE', *, *, #2429, .T. ) ;
#2243 = CARTESIAN_POINT ( 'NONE',  ( 9.346186061437931500, 10.80880174891062700, 2.299999999999978500 ) ) ;
#2244 = EDGE_CURVE ( 'NONE', #2428, #2253, #2240, .T. ) ;
#2245 = CARTESIAN_POINT ( 'NONE',  ( 10.16555964217983800, 15.98057159279536100, -7.460552931470547700 ) ) ;
#2246 = ORIENTED_EDGE ( 'NONE', *, *, #918, .T. ) ;
#2247 = EDGE_CURVE ( 'NONE', #1204, #3291, #3432, .T. ) ;
#2248 = ORIENTED_EDGE ( 'NONE', *, *, #3725, .T. ) ;
#2249 = EDGE_LOOP ( 'NONE', ( #304, #1237, #2704, #880 ) ) ;
#2250 = DIRECTION ( 'NONE',  ( -0.08715574274765894300, -0.9961946980917455500, 0.0000000000000000000 ) ) ;
#2251 = CARTESIAN_POINT ( 'NONE',  ( 3.200000000000002000, 21.19999999999999900, -12.60000000000000000 ) ) ;
#2252 = ORIENTED_EDGE ( 'NONE', *, *, #2963, .T. ) ;
#2253 = VERTEX_POINT ( 'NONE', #3680 ) ;
#2254 = CARTESIAN_POINT ( 'NONE',  ( 5.599999999999999600, 27.79999999999999000, 4.800000000000001600 ) ) ;
#2255 = CARTESIAN_POINT ( 'NONE',  ( 9.327101954241774400, 13.27512281349554400, 2.299999999999995800 ) ) ;
#2256 = CARTESIAN_POINT ( 'NONE',  ( 9.444302662714600100, 14.61473304126061000, 4.050263165184835800 ) ) ;
#2257 = DIRECTION ( 'NONE',  ( 1.000000000000000000, -0.0000000000000000000, -0.0000000000000000000 ) ) ;
#2258 = CARTESIAN_POINT ( 'NONE',  ( 10.16403752141630300, 15.95711217293958100, 7.462007587031704000 ) ) ;
#2259 = CARTESIAN_POINT ( 'NONE',  ( 3.987205073139734600, 19.95913586004450500, 9.999999999999889900 ) ) ;
#2260 = DIRECTION ( 'NONE',  ( -0.0000000000000000000, -0.0000000000000000000, -1.000000000000000000 ) ) ;
#2261 = CARTESIAN_POINT ( 'NONE',  ( 3.142424528449764500, 20.43712500195937700, -10.00000000000015500 ) ) ;
#2262 = CARTESIAN_POINT ( 'NONE',  ( 9.505311682637939800, 15.31206932992457600, 4.050263165184834000 ) ) ;
#2263 = EDGE_CURVE ( 'NONE', #812, #470, #3387, .T. ) ;
#2264 = DIRECTION ( 'NONE',  ( -1.000000000000000000, 0.0000000000000000000, 0.0000000000000000000 ) ) ;
#2265 =( BOUNDED_SURFACE ( )  B_SPLINE_SURFACE ( 2, 3, ( 
 ( #2604, #2863, #2487, #2595, #2591, #2561, #2548, #3386, #995, #3547 ),
 ( #1053, #965, #3588, #3578, #3593, #3589, #2840, #3426, #3416, #3434 ),
 ( #2784, #850, #3645, #3411, #3597, #2822, #2800, #321, #2458, #2432 ) ),
 .UNSPECIFIED., .F., .F., .T. ) 
 B_SPLINE_SURFACE_WITH_KNOTS ( ( 3, 3 ),
 ( 4, 2, 2, 2, 4 ),
 ( 0.0000000000000000000, 1.000000000000000000 ),
 ( 3.141592653589793100, 3.534291735288517700, 3.926990816987241800, 4.319689898685966000, 4.712388980384690600 ),
 .UNSPECIFIED. ) 
 GEOMETRIC_REPRESENTATION_ITEM ( )  RATIONAL_B_SPLINE_SURFACE ( (
 ( 1.000000000000000000, 1.000000000000000000, 1.000000000000000000, 1.000000000000000000, 1.000000000000000000, 1.000000000000000000, 1.000000000000000000, 1.000000000000000000, 1.000000000000000000, 1.000000000000000000),
 ( 0.9766504768063927200, 0.9766483314991633000, 0.9763168666684811600, 0.9752155576054586400, 0.9744373626080983200, 0.9726898412042485100, 0.9717134144118717600, 0.9701275339298605100, 0.9695333840571535000, 0.9695359714832658700),
 ( 1.000000000000000000, 1.000000000000000000, 1.000000000000000000, 1.000000000000000000, 1.000000000000000000, 1.000000000000000000, 1.000000000000000000, 1.000000000000000000, 1.000000000000000000, 1.000000000000000000) ) ) 
 REPRESENTATION_ITEM ( '' )  SURFACE ( )  );
#2266 = CARTESIAN_POINT ( 'NONE',  ( 9.236293326217181100, 12.23717544563241200, 4.050263165184834000 ) ) ;
#2267 = LINE ( 'NONE', #3272, #2222 ) ;
#2268 = CARTESIAN_POINT ( 'NONE',  ( 7.930190452764477100, 6.399999999999998600, -10.00000000000011400 ) ) ;
#2269 = CARTESIAN_POINT ( 'NONE',  ( 9.054430712544446500, 10.15847625943617800, 4.050263165181204000 ) ) ;
#2270 = PLANE ( 'NONE',  #2776 ) ;
#2271 = VERTEX_POINT ( 'NONE', #3685 ) ;
#2272 = CARTESIAN_POINT ( 'NONE',  ( 8.872568098871427700, 8.079777073236705600, 4.050263165184823300 ) ) ;
#2273 = CARTESIAN_POINT ( 'NONE',  ( 2.328384477329699100, 13.70398818489158000, 9.999999999999934300 ) ) ;
#2274 = VECTOR ( 'NONE', #2665, 1000.000000000000000 ) ;
#2275 = CARTESIAN_POINT ( 'NONE',  ( 19.56312998057773500, 15.53632607034826100, -4.050263165184847300 ) ) ;
#2276 = CARTESIAN_POINT ( 'NONE',  ( 9.679623168133202800, 17.30445872610744500, 6.576718928384390300 ) ) ;
#2277 = CARTESIAN_POINT ( 'NONE',  ( 9.592467425385047300, 16.30826402801526600, 6.576718928384824600 ) ) ;
#2278 = AXIS2_PLACEMENT_3D ( 'NONE', #3041, #339, #2264 ) ;
#2279 = ORIENTED_EDGE ( 'NONE', *, *, #2318, .T. ) ;
#2280 = CARTESIAN_POINT ( 'NONE',  ( 7.930190452764477100, 0.0000000000000000000, 0.0000000000000000000 ) ) ;
#2281 = ORIENTED_EDGE ( 'NONE', *, *, #1353, .T. ) ;
#2282 = CARTESIAN_POINT ( 'NONE',  ( 2.699999999999999300, 4.409111036888172700, -10.00000000000004100 ) ) ;
#2283 = ORIENTED_EDGE ( 'NONE', *, *, #739, .F. ) ;
#2284 = LINE ( 'NONE', #532, #2163 ) ;
#2285 = DIRECTION ( 'NONE',  ( 1.000000000000000000, 0.0000000000000000000, 0.0000000000000000000 ) ) ;
#2286 = PLANE ( 'NONE',  #3829 ) ;
#2287 = B_SPLINE_CURVE_WITH_KNOTS ( 'NONE', 3,
 ( #324, #957, #1017, #1012 ),
 .UNSPECIFIED., .F., .F.,
 ( 4, 4 ),
 ( 0.0000000000000000000, 0.3000000000001521400 ),
 .UNSPECIFIED. ) ;
#2288 = EDGE_CURVE ( 'NONE', #1619, #2518, #3367, .T. ) ;
#2289 = ORIENTED_EDGE ( 'NONE', *, *, #2247, .T. ) ;
#2290 = ORIENTED_EDGE ( 'NONE', *, *, #2356, .T. ) ;
#2291 = CARTESIAN_POINT ( 'NONE',  ( 10.14347767685266700, 20.77724614647082600, 3.181581968927023100 ) ) ;
#2292 = CARTESIAN_POINT ( 'NONE',  ( 9.505311682638089000, 15.31206932992456200, 6.576718928384388500 ) ) ;
#2293 = CARTESIAN_POINT ( 'NONE',  ( 9.236293326216847200, 12.23717544563244000, 6.576718928384388500 ) ) ;
#2294 = VERTEX_POINT ( 'NONE', #3476 ) ;
#2295 = EDGE_CURVE ( 'NONE', #1873, #2847, #3435, .T. ) ;
#2296 = EDGE_LOOP ( 'NONE', ( #771, #404, #1255, #3477, #3742, #1277, #1176, #2622, #2977, #2907, #1777, #2329, #257, #879, #3482, #513, #3620, #3790, #761, #1429 ) ) ;
#2297 = DIRECTION ( 'NONE',  ( 0.9971641204866131800, -0.07525766947068769600, 0.0000000000000000000 ) ) ;
#2298 = VERTEX_POINT ( 'NONE', #3676 ) ;
#2299 = CARTESIAN_POINT ( 'NONE',  ( 9.054430712529617500, 10.15847625943748000, 6.576718928393433700 ) ) ;
#2300 = EDGE_CURVE ( 'NONE', #2157, #2438, #3352, .T. ) ;
#2301 = ORIENTED_EDGE ( 'NONE', *, *, #3236, .T. ) ;
#2302 = ORIENTED_EDGE ( 'NONE', *, *, #2810, .T. ) ;
#2303 = CARTESIAN_POINT ( 'NONE',  ( 9.640057812539065900, 9.967996694887158800, -4.862736210273622500 ) ) ;
#2304 = CARTESIAN_POINT ( 'NONE',  ( 9.872571607100340400, 17.99025181133314500, 5.635471103760633800 ) ) ;
#2305 = DIRECTION ( 'NONE',  ( 8.673617379884041400E-016, 1.000000000000000000, 0.0000000000000000000 ) ) ;
#2306 = CARTESIAN_POINT ( 'NONE',  ( -0.7000000000000010700, 9.930572883139159800, -10.00000000000008000 ) ) ;
#2307 = FACE_OUTER_BOUND ( 'NONE', #1846, .T. ) ;
#2308 = ORIENTED_EDGE ( 'NONE', *, *, #3344, .F. ) ;
#2309 = CARTESIAN_POINT ( 'NONE',  ( 9.965658686675714900, 7.968935354427629600, 2.299999999999964300 ) ) ;
#2310 = AXIS2_PLACEMENT_3D ( 'NONE', #3294, #3338, #3341 ) ;
#2311 = PLANE ( 'NONE',  #671 ) ;
#2312 = CARTESIAN_POINT ( 'NONE',  ( 10.78790106309513800, 16.20367713671808800, 8.799999999999995400 ) ) ;
#2313 = CARTESIAN_POINT ( 'NONE',  ( 4.000000000000000900, 31.80000000000000100, -12.60000000000000000 ) ) ;
#2314 = CARTESIAN_POINT ( 'NONE',  ( 9.418155939890226600, 14.31587463183221400, 4.050263165184844600 ) ) ;
#2315 = CARTESIAN_POINT ( 'NONE',  ( 10.70074532034818800, 15.20748243862737100, 8.799999999999995400 ) ) ;
#2316 = CARTESIAN_POINT ( 'NONE',  ( 10.43172696392694800, 12.13258855433525000, 8.799999999999995400 ) ) ;
#2317 = ORIENTED_EDGE ( 'NONE', *, *, #3070, .T. ) ;
#2318 = EDGE_CURVE ( 'NONE', #1188, #2678, #3288, .T. ) ;
#2319 = CARTESIAN_POINT ( 'NONE',  ( 19.80092570153188100, 18.25434359822667900, -2.300000000000006000 ) ) ;
#2320 = FILL_AREA_STYLE ('',( #2986 ) ) ;
#2321 = CARTESIAN_POINT ( 'NONE',  ( 9.346186485028255200, 10.80880167520245100, 2.878954714014658700 ) ) ;
#2322 = B_SPLINE_CURVE_WITH_KNOTS ( 'NONE', 3,
 ( #3717, #836, #231, #221, #217, #206, #440, #180, #25, #802, #923, #911 ),
 .UNSPECIFIED., .F., .F.,
 ( 4, 2, 2, 2, 2, 4 ),
 ( 3.469446951953614200E-018, 0.0001006198579465601800, 0.0002012397158931169000, 0.0004024794317862355800, 0.0008049588635724710600, 0.001609917727144938000 ),
 .UNSPECIFIED. ) ;
#2323 = ORIENTED_EDGE ( 'NONE', *, *, #3192, .F. ) ;
#2324 = CARTESIAN_POINT ( 'NONE',  ( 10.24986435025424000, 10.05388936813902300, 8.799999999999995400 ) ) ;
#2325 = FACE_OUTER_BOUND ( 'NONE', #8, .T. ) ;
#2326 = CARTESIAN_POINT ( 'NONE',  ( 1.199999999999998800, 0.9999999999999991100, 10.00000000000000400 ) ) ;
#2327 = CARTESIAN_POINT ( 'NONE',  ( 10.29836829892053600, 19.06399568516400600, -6.705151845273599400 ) ) ;
#2328 = AXIS2_PLACEMENT_3D ( 'NONE', #1280, #1339, #1342 ) ;
#2329 = ORIENTED_EDGE ( 'NONE', *, *, #1221, .T. ) ;
#2330 = LINE ( 'NONE', #2675, #2274 ) ;
#2331 = DIRECTION ( 'NONE',  ( 0.0000000000000000000, 0.0000000000000000000, 1.000000000000000000 ) ) ;
#2332 = DIRECTION ( 'NONE',  ( -1.000000000000000000, -0.0000000000000000000, -0.0000000000000000000 ) ) ;
#2333 = CARTESIAN_POINT ( 'NONE',  ( 10.06800173658152400, 7.975190181939511900, 8.799999999999995400 ) ) ;
#2334 = ORIENTED_EDGE ( 'NONE', *, *, #3070, .F. ) ;
#2335 = ORIENTED_EDGE ( 'NONE', *, *, #1353, .F. ) ;
#2336 = LINE ( 'NONE', #197, #2194 ) ;
#2337 = ORIENTED_EDGE ( 'NONE', *, *, #3101, .T. ) ;
#2338 = DIRECTION ( 'NONE',  ( -1.000000000000000000, -0.0000000000000000000, -0.0000000000000000000 ) ) ;
#2339 = VERTEX_POINT ( 'NONE', #600 ) ;
#2340 = VERTEX_POINT ( 'NONE', #527 ) ;
#2341 = CIRCLE ( 'NONE', #3202, 1.750263165184841700 ) ;
#2342 = B_SPLINE_CURVE_WITH_KNOTS ( 'NONE', 3,
 ( #2981, #3663, #997, #149, #475, #457, #784, #434, #395, #367, #306, #269, #3401, #3817, #230, #3820, #424, #3527, #3514, #213, #3732, #3677, #3752, #3726 ),
 .UNSPECIFIED., .F., .F.,
 ( 4, 2, 2, 2, 2, 2, 2, 2, 2, 2, 2, 4 ),
 ( 0.0000000000000000000, 0.001333196268129173800, 0.001999794402193761000, 0.002666392536258348600, 0.003332990670322935700, 0.003999588804387523700, 0.005332785072516701500, 0.006665981340645880100, 0.007999177608775059600, 0.008665775742839648000, 0.009332373876904236400, 0.01066557014503341500 ),
 .UNSPECIFIED. ) ;
#2343 = B_SPLINE_CURVE_WITH_KNOTS ( 'NONE', 3,
 ( #1386, #1414, #899, #901, #900, #973 ),
 .UNSPECIFIED., .F., .F.,
 ( 4, 2, 4 ),
 ( 2.973621673509912900E-016, 0.001187812922894300600, 0.002375625845788304100 ),
 .UNSPECIFIED. ) ;
#2344 = DIRECTION ( 'NONE',  ( -0.0000000000000000000, 0.0000000000000000000, 1.000000000000000000 ) ) ;
#2345 = ORIENTED_EDGE ( 'NONE', *, *, #2537, .F. ) ;
#2346 = CARTESIAN_POINT ( 'NONE',  ( 9.365400180319623400, 10.80876951613855400, 3.457452503467705700 ) ) ;
#2347 = ORIENTED_EDGE ( 'NONE', *, *, #3052, .F. ) ;
#2348 = EDGE_CURVE ( 'NONE', #3539, #2388, #3285, .T. ) ;
#2349 =( BOUNDED_SURFACE ( )  B_SPLINE_SURFACE ( 2, 3, ( 
 ( #2226, #2584, #2262, #2266, #2269, #2272 ),
 ( #2276, #2277, #2292, #2293, #2299, #1803 ),
 ( #3486, #2312, #2315, #2316, #2324, #2333 ) ),
 .UNSPECIFIED., .F., .F., .F. ) 
 B_SPLINE_SURFACE_WITH_KNOTS ( ( 3, 3 ),
 ( 4, 2, 4 ),
 ( 0.0000000000000000000, 1.000000000000000000 ),
 ( -0.002999999999999996200, -0.0000000000000000000, 0.006259918438173807700 ),
 .UNSPECIFIED. ) 
 GEOMETRIC_REPRESENTATION_ITEM ( )  RATIONAL_B_SPLINE_SURFACE ( (
 ( 1.000000000000000000, 1.000000000000000000, 1.000000000000000000, 1.000000000000000000, 1.000000000000000000, 1.000000000000000000),
 ( 0.9695359714832658700, 0.9695359714832658700, 0.9695359714832658700, 0.9695359714832658700, 0.9695359714832657600, 0.9695359714832657600),
 ( 1.000000000000000000, 1.000000000000000000, 1.000000000000000000, 1.000000000000000000, 1.000000000000000000, 1.000000000000000000) ) ) 
 REPRESENTATION_ITEM ( '' )  SURFACE ( )  );
#2350 = CARTESIAN_POINT ( 'NONE',  ( 7.632710200154546600, 21.19999999999984300, -10.00000000000015800 ) ) ;
#2351 = DIRECTION ( 'NONE',  ( 1.000000000000000000, 0.0000000000000000000, 0.0000000000000000000 ) ) ;
#2352 = VECTOR ( 'NONE', #2770, 1000.000000000000000 ) ;
#2353 = CARTESIAN_POINT ( 'NONE',  ( 10.49941300391150300, 21.79658021114257900, 3.449727996072096100 ) ) ;
#2354 = DIRECTION ( 'NONE',  ( 0.0000000000000000000, 0.0000000000000000000, -1.000000000000000000 ) ) ;
#2355 = ORIENTED_EDGE ( 'NONE', *, *, #3707, .F. ) ;
#2356 = EDGE_CURVE ( 'NONE', #912, #551, #2342, .T. ) ;
#2357 = CARTESIAN_POINT ( 'NONE',  ( 9.965658721266031300, 7.968935281832981900, 3.126824930897891300 ) ) ;
#2358 = CARTESIAN_POINT ( 'NONE',  ( 1.199999999999999700, -9.797174393178831100E-017, 12.60000000000000000 ) ) ;
#2359 = ORIENTED_EDGE ( 'NONE', *, *, #179, .F. ) ;
#2360 = DIRECTION ( 'NONE',  ( 1.000000000000000000, -0.0000000000000000000, -0.0000000000000000000 ) ) ;
#2361 = AXIS2_PLACEMENT_3D ( 'NONE', #1788, #465, #2654 ) ;
#2362 = CARTESIAN_POINT ( 'NONE',  ( 10.61358957760032100, 14.21128774053509900, 8.808572679493691400 ) ) ;
#2363 = CARTESIAN_POINT ( 'NONE',  ( -10.00000000000000200, 25.20000000000001000, -8.000000000000179400 ) ) ;
#2364 = FACE_OUTER_BOUND ( 'NONE', #1521, .T. ) ;
#2365 = CARTESIAN_POINT ( 'NONE',  ( 11.23558754754197700, 23.37561962934658400, 3.112587263286245200 ) ) ;
#2366 = LINE ( 'NONE', #1627, #2228 ) ;
#2367 = CARTESIAN_POINT ( 'NONE',  ( 9.740632188056562100, 18.00179501477167300, -3.904188625880033100 ) ) ;
#2368 = CARTESIAN_POINT ( 'NONE',  ( 11.39999999999998600, 23.19999999999984300, -10.00000000000017200 ) ) ;
#2369 = EDGE_CURVE ( 'NONE', #1659, #725, #3281, .T. ) ;
#2370 = CARTESIAN_POINT ( 'NONE',  ( 1.199999999999999700, 6.938893903907228400E-014, 10.00000000000001100 ) ) ;
#2371 = EDGE_CURVE ( 'NONE', #1653, #2006, #3315, .T. ) ;
#2372 = ORIENTED_EDGE ( 'NONE', *, *, #1381, .T. ) ;
#2373 = ORIENTED_EDGE ( 'NONE', *, *, #791, .F. ) ;
#2374 = DIRECTION ( 'NONE',  ( 1.000000000000000000, 0.0000000000000000000, 0.0000000000000000000 ) ) ;
#2375 = CARTESIAN_POINT ( 'NONE',  ( 9.475821579175125500, 10.76693528741847800, 4.607681197239403800 ) ) ;
#2376 = CYLINDRICAL_SURFACE ( 'NONE', #3004, 0.3999999999999993000 ) ;
#2377 = CARTESIAN_POINT ( 'NONE',  ( 11.25110897899480200, 22.97335954551374100, 4.677027337736015000 ) ) ;
#2378 = ORIENTED_EDGE ( 'NONE', *, *, #2565, .F. ) ;
#2379 = CARTESIAN_POINT ( 'NONE',  ( 10.40959572187303400, 18.77030500474358000, 7.230340275844710600 ) ) ;
#2380 = CARTESIAN_POINT ( 'NONE',  ( 9.982597279949569500, 8.181057969877798500, -3.926679369770135400 ) ) ;
#2381 = DIRECTION ( 'NONE',  ( -0.08715574274765829100, -0.9961946980917455500, 7.010307562755194300E-015 ) ) ;
#2382 = AXIS2_PLACEMENT_3D ( 'NONE', #508, #494, #487 ) ;
#2383 = CARTESIAN_POINT ( 'NONE',  ( 7.930190452764477100, 0.0000000000000000000, 0.0000000000000000000 ) ) ;
#2384 = AXIS2_PLACEMENT_3D ( 'NONE', #1733, #3428, #1059 ) ;
#2385 = ORIENTED_EDGE ( 'NONE', *, *, #3239, .T. ) ;
#2386 = CARTESIAN_POINT ( 'NONE',  ( 7.632710200154559000, 21.19999999999998200, 9.999999999999861400 ) ) ;
#2387 = VERTEX_POINT ( 'NONE', #2855 ) ;
#2388 = VERTEX_POINT ( 'NONE', #3203 ) ;
#2389 = CARTESIAN_POINT ( 'NONE',  ( 9.418155939890226600, 14.31587463183221400, 4.050263165184841100 ) ) ;
#2390 = B_SPLINE_CURVE_WITH_KNOTS ( 'NONE', 3,
 ( #2437, #3206, #108, #418 ),
 .UNSPECIFIED., .F., .F.,
 ( 4, 4 ),
 ( 4.903999152348814000E-005, 0.0006567130418761234000 ),
 .UNSPECIFIED. ) ;
#2391 = CARTESIAN_POINT ( 'NONE',  ( -10.00000000000000200, 2.999999999999998700, -10.00000000000003200 ) ) ;
#2392 = CARTESIAN_POINT ( 'NONE',  ( 9.740632188056565600, 18.00179501477167700, 4.253952618544888200 ) ) ;
#2393 = ORIENTED_EDGE ( 'NONE', *, *, #2075, .F. ) ;
#2394 = CARTESIAN_POINT ( 'NONE',  ( 10.15082543746606400, 16.10244732027117800, -7.390062110608648800 ) ) ;
#2395 = CARTESIAN_POINT ( 'NONE',  ( 10.18409666184832200, 20.77369244575977800, -3.622702651001542800 ) ) ;
#2396 = CARTESIAN_POINT ( 'NONE',  ( 10.14463561521298400, 8.851119422860540100, -6.431562579105563900 ) ) ;
#2397 = EDGE_CURVE ( 'NONE', #348, #2713, #3529, .T. ) ;
#2399 = ORIENTED_EDGE ( 'NONE', *, *, #3700, .F. ) ;
#2398 = LINE ( 'NONE', #2363, #3415 ) ;
#2400 = CARTESIAN_POINT ( 'NONE',  ( 3.987205073139734600, 19.95913586004436300, -10.00000000000012800 ) ) ;
#2401 = ORIENTED_EDGE ( 'NONE', *, *, #1142, .T. ) ;
#2402 = LINE ( 'NONE', #2625, #3884 ) ;
#2403 = CARTESIAN_POINT ( 'NONE',  ( 5.599999999999999600, 31.80000000000000100, 12.60000000000000000 ) ) ;
#2404 = PLANE ( 'NONE',  #1649 ) ;
#2405 = ORIENTED_EDGE ( 'NONE', *, *, #2765, .T. ) ;
#2406 = CARTESIAN_POINT ( 'NONE',  ( 9.845474435839715700, 19.19720631168409100, -2.300000000000006000 ) ) ;
#2407 = DIRECTION ( 'NONE',  ( 0.0000000000000000000, 0.0000000000000000000, -1.000000000000000000 ) ) ;
#2408 = CARTESIAN_POINT ( 'NONE',  ( 10.18428663696333600, 20.77367596123648500, -3.624760072538880000 ) ) ;
#2409 = CARTESIAN_POINT ( 'NONE',  ( 9.228151125262710900, 9.849367013729182200, -4.637514762022549300E-015 ) ) ;
#2410 = CARTESIAN_POINT ( 'NONE',  ( 10.18447713376216300, 20.77365956942002600, -3.626817446442661500 ) ) ;
#2411 = CARTESIAN_POINT ( 'NONE',  ( 10.31422327345148600, 10.78951522643870200, -7.830903284904329600 ) ) ;
#2412 = AXIS2_PLACEMENT_3D ( 'NONE', #413, #2011, #608 ) ;
#2413 = CYLINDRICAL_SURFACE ( 'NONE', #2801, 9.999999999999998200 ) ;
#2414 = B_SPLINE_CURVE_WITH_KNOTS ( 'NONE', 3,
 ( #963, #975, #945, #905 ),
 .UNSPECIFIED., .F., .F.,
 ( 4, 4 ),
 ( 0.0000000000000000000, 1.000000000000000000 ),
 .UNSPECIFIED. ) ;
#2415 = CARTESIAN_POINT ( 'NONE',  ( 10.04707724975750700, 7.736022202940519700, 3.151001413598554500 ) ) ;
#2416 = FACE_OUTER_BOUND ( 'NONE', #3714, .T. ) ;
#2417 = DIRECTION ( 'NONE',  ( 0.08715574274765829100, 0.9961946980917455500, -7.010307562755194300E-015 ) ) ;
#2418 = CARTESIAN_POINT ( 'NONE',  ( 8.500000000000000000, 28.53749999999999400, 4.800000000000001600 ) ) ;
#2419 = CARTESIAN_POINT ( 'NONE',  ( 10.18390720736836400, 20.77370902087902800, -3.620645182322054500 ) ) ;
#2420 = EDGE_CURVE ( 'NONE', #951, #3339, #3254, .T. ) ;
#2421 = DIRECTION ( 'NONE',  ( 0.0000000000000000000, -0.0000000000000000000, 1.000000000000000000 ) ) ;
#2422 = CARTESIAN_POINT ( 'NONE',  ( 10.16555964217960400, 15.99197447002447700, 7.457810936357649500 ) ) ;
#2423 = CARTESIAN_POINT ( 'NONE',  ( 10.31344475161835200, 12.21358736542597100, -8.236354384842963200 ) ) ;
#2424 = DIRECTION ( 'NONE',  ( -0.08715574274765829100, -0.9961946980917455500, 7.010307562755195100E-015 ) ) ;
#2425 = FACE_OUTER_BOUND ( 'NONE', #2842, .T. ) ;
#2426 = CARTESIAN_POINT ( 'NONE',  ( 10.12945184504299900, 8.677568135664550700, -8.500000000000005300 ) ) ;
#2427 = ORIENTED_EDGE ( 'NONE', *, *, #1202, .F. ) ;
#2428 = VERTEX_POINT ( 'NONE', #3166 ) ;
#2429 = EDGE_CURVE ( 'NONE', #3705, #3195, #3276, .T. ) ;
#2430 = CARTESIAN_POINT ( 'NONE',  ( 10.06182204937947600, 7.904556034021347000, 4.001361251435216800 ) ) ;
#2431 = ORIENTED_EDGE ( 'NONE', *, *, #548, .T. ) ;
#2432 = CARTESIAN_POINT ( 'NONE',  ( 10.61358957760032200, 14.21128774053504700, -8.800000000000006000 ) ) ;
#2433 = CARTESIAN_POINT ( 'NONE',  ( 3.200000000000002000, 21.19999999999999900, 9.999999999999818800 ) ) ;
#2434 = ORIENTED_EDGE ( 'NONE', *, *, #3442, .F. ) ;
#2435 = CARTESIAN_POINT ( 'NONE',  ( 9.406614879535052200, 14.18395970834318300, 4.050263163781313100 ) ) ;
#2436 =( BOUNDED_CURVE ( )  B_SPLINE_CURVE ( 2, ( #107, #113, #416 ),
 .UNSPECIFIED., .F., .T. ) 
 B_SPLINE_CURVE_WITH_KNOTS ( ( 3, 3 ),
 ( 0.6576157195259565400, 0.9558711096209979700 ),
 .UNSPECIFIED. ) 
 CURVE ( )  GEOMETRIC_REPRESENTATION_ITEM ( )  RATIONAL_B_SPLINE_CURVE ( ( 0.9894853695053125200, 0.9916806794367308800, 0.9980301627078643800 ) ) 
 REPRESENTATION_ITEM ( '' )  );
#2437 = CARTESIAN_POINT ( 'NONE',  ( 9.848198257113656600, 19.19696800820091200, -2.907667049136214200 ) ) ;
#2438 = VERTEX_POINT ( 'NONE', #3182 ) ;
#2439 = AXIS2_PLACEMENT_3D ( 'NONE', #35, #50, #75 ) ;
#2440 = ORIENTED_EDGE ( 'NONE', *, *, #1692, .T. ) ;
#2441 = ORIENTED_EDGE ( 'NONE', *, *, #2817, .F. ) ;
#2442 = B_SPLINE_CURVE_WITH_KNOTS ( 'NONE', 3,
 ( #3554, #1585, #1224, #1930 ),
 .UNSPECIFIED., .F., .F.,
 ( 4, 4 ),
 ( 0.001992940436377732500, 0.004076887533521657800 ),
 .UNSPECIFIED. ) ;
#2443 = ORIENTED_EDGE ( 'NONE', *, *, #2371, .F. ) ;
#2444 = CARTESIAN_POINT ( 'NONE',  ( 7.930190452764477100, 25.19999999999999900, -10.00000000000000000 ) ) ;
#2445 = ORIENTED_EDGE ( 'NONE', *, *, #1189, .F. ) ;
#2446 = CARTESIAN_POINT ( 'NONE',  ( -2.380442597831219400E-030, 3.000000000000000000, 9.999999999999989300 ) ) ;
#2447 = CARTESIAN_POINT ( 'NONE',  ( 0.0000000000000000000, 0.0000000000000000000, 12.60000000000000000 ) ) ;
#2448 = ADVANCED_FACE ( 'NONE', ( #3163 ), #3190, .F. ) ;
#2449 = CARTESIAN_POINT ( 'NONE',  ( 10.46100600859429300, 12.46724956625418600, 8.864797611696266300 ) ) ;
#2450 = CARTESIAN_POINT ( 'NONE',  ( 11.40000000000000200, 23.74581721861264000, -4.242177475124361100 ) ) ;
#2451 = VERTEX_POINT ( 'NONE', #3169 ) ;
#2452 = EDGE_CURVE ( 'NONE', #1276, #2678, #188, .T. ) ;
#2453 = VERTEX_POINT ( 'NONE', #3197 ) ;
#2454 = EDGE_CURVE ( 'NONE', #1853, #912, #3083, .T. ) ;
#2455 = CARTESIAN_POINT ( 'NONE',  ( 9.939871127680190100, 17.98436386622168100, 5.974150322395012800 ) ) ;
#2456 = PLANE ( 'NONE',  #3112 ) ;
#2457 = DIRECTION ( 'NONE',  ( -0.08715574274766087200, -0.9961946980917453200, 5.984316654691427700E-017 ) ) ;
#2458 = CARTESIAN_POINT ( 'NONE',  ( 10.53941991730974200, 13.36352464424088800, -8.800000000003697300 ) ) ;
#2459 = AXIS2_PLACEMENT_3D ( 'NONE', #3760, #3381, #3375 ) ;
#2460 = CARTESIAN_POINT ( 'NONE',  ( 10.31819419360771700, 10.83490305150530400, 8.192135361003655800 ) ) ;
#2461 = CYLINDRICAL_SURFACE ( 'NONE', #3179, 0.3999999999999993000 ) ;
#2462 = CARTESIAN_POINT ( 'NONE',  ( 10.74697463113550800, 17.21107757309693300, -8.553663242742002700 ) ) ;
#2463 = B_SPLINE_CURVE_WITH_KNOTS ( 'NONE', 3,
 ( #884, #1875, #229, #2450, #562, #2738, #898, #3047 ),
 .UNSPECIFIED., .F., .F.,
 ( 4, 2, 2, 4 ),
 ( 1.301042606982605300E-018, 0.001680793932063199300, 0.002521190898094798200, 0.003361587864126397300 ),
 .UNSPECIFIED. ) ;
#2464 = ADVANCED_FACE ( 'NONE', ( #3071 ), #2216, .F. ) ;
#2465 = ADVANCED_FACE ( 'NONE', ( #3080 ), #376, .F. ) ;
#2466 = CARTESIAN_POINT ( 'NONE',  ( 9.918545365339582500, 19.96420680568221700, -3.176937531652674500 ) ) ;
#2467 = EDGE_LOOP ( 'NONE', ( #920, #1028, #1079, #1173, #1225, #1380, #1533, #1594, #1652, #1705, #1757, #148, #1834, #1850, #1946, #3452 ) ) ;
#2468 = CARTESIAN_POINT ( 'NONE',  ( 9.418155939890228400, 14.31587463183221800, 6.429417889656385800 ) ) ;
#2469 = CYLINDRICAL_SURFACE ( 'NONE', #2212, 6.894024400970567800 ) ;
#2470 = DIRECTION ( 'NONE',  ( -0.0000000000000000000, -0.0000000000000000000, -1.000000000000000000 ) ) ;
#2471 = ORIENTED_EDGE ( 'NONE', *, *, #2472, .F. ) ;
#2472 = EDGE_CURVE ( 'NONE', #251, #1388, #2525, .T. ) ;
#2473 = CARTESIAN_POINT ( 'NONE',  ( 10.18713299182134300, 9.336866660215267900, 6.610037924997208800 ) ) ;
#2474 = VERTEX_POINT ( 'NONE', #2924 ) ;
#2475 =( NAMED_UNIT ( * ) PLANE_ANGLE_UNIT ( ) SI_UNIT ( $, .RADIAN. ) );
#2476 = ORIENTED_EDGE ( 'NONE', *, *, #3379, .T. ) ;
#2477 = CARTESIAN_POINT ( 'NONE',  ( 10.16403752141630400, 15.95711217293959200, -7.462007587033787600 ) ) ;
#2478 = DIRECTION ( 'NONE',  ( -0.0000000000000000000, 1.000000000000000000, 1.245819569112547000E-016 ) ) ;
#2479 = ORIENTED_EDGE ( 'NONE', *, *, #3440, .T. ) ;
#2480 = ORIENTED_EDGE ( 'NONE', *, *, #244, .F. ) ;
#2481 = CARTESIAN_POINT ( 'NONE',  ( 5.599999999999990800, 31.80000000000001500, -4.799999999999998900 ) ) ;
#2482 = VECTOR ( 'NONE', #51, 1000.000000000000000 ) ;
#2483 = ADVANCED_FACE ( 'NONE', ( #3040 ), #1722, .T. ) ;
#2484 = CARTESIAN_POINT ( 'NONE',  ( 9.418155939890226600, 14.31587463183221400, 4.050263165184844600 ) ) ;
#2485 = ADVANCED_FACE ( 'NONE', ( #3008 ), #2106, .F. ) ;
#2486 = ORIENTED_EDGE ( 'NONE', *, *, #218, .T. ) ;
#2487 = CARTESIAN_POINT ( 'NONE',  ( 9.325713200104786400, 13.25924928107409300, -2.576568345306282600 ) ) ;
#2488 = CARTESIAN_POINT ( 'NONE',  ( 10.61724738370412500, 21.13732460301666200, 5.681763198180510300 ) ) ;
#2489 = ORIENTED_EDGE ( 'NONE', *, *, #3723, .T. ) ;
#2490 = VECTOR ( 'NONE', #1407, 1000.000000000000000 ) ;
#2491 = EDGE_CURVE ( 'NONE', #550, #414, #3780, .T. ) ;
#2492 = CARTESIAN_POINT ( 'NONE',  ( 9.346186485470140000, 10.80880167512556300, -2.879548752277271800 ) ) ;
#2493 = CARTESIAN_POINT ( 'NONE',  ( 9.390167858215342300, 13.99596939443433100, 4.009542233337985100 ) ) ;
#2494 = EDGE_CURVE ( 'NONE', #540, #938, #1165, .T. ) ;
#2495 = ADVANCED_FACE ( 'NONE', ( #3035 ), #2217, .T. ) ;
#2496 = ADVANCED_FACE ( 'NONE', ( #3154 ), #2964, .F. ) ;
#2497 = EDGE_CURVE ( 'NONE', #3195, #451, #2984, .T. ) ;
#2498 = FACE_OUTER_BOUND ( 'NONE', #2129, .T. ) ;
#2499 = CARTESIAN_POINT ( 'NONE',  ( 10.11857881657118700, 8.553288851526794200, 5.573523369310968300 ) ) ;
#2500 = CARTESIAN_POINT ( 'NONE',  ( 9.373755176756894500, 13.80837158693568700, 3.899256383475069800 ) ) ;
#2501 = VERTEX_POINT ( 'NONE', #2015 ) ;
#2502 = CARTESIAN_POINT ( 'NONE',  ( 7.930190452764475300, -6.938893903907228400E-014, -10.00000000000001100 ) ) ;
#2503 = CARTESIAN_POINT ( 'NONE',  ( 9.851455987059608800, 19.19668299376205000, 3.346518728296758100 ) ) ;
#2504 = CARTESIAN_POINT ( 'NONE',  ( 9.363994542288443400, 13.69680702445316500, 3.812135139772657100 ) ) ;
#2505 = CIRCLE ( 'NONE', #3349, 5.294024400970569000 ) ;
#2506 = CARTESIAN_POINT ( 'NONE',  ( 9.920212575051335700, 19.19066757177005300, 4.659926662225490900 ) ) ;
#2507 = CIRCLE ( 'NONE', #3604, 5.162007587031241400 ) ;
#2508 = ADVANCED_FACE ( 'NONE', ( #2894 ), #2879, .T. ) ;
#2509 = CARTESIAN_POINT ( 'NONE',  ( 9.617041333002530800, 10.62701551501914900, -5.382658135223111100 ) ) ;
#2510 = VERTEX_POINT ( 'NONE', #1960 ) ;
#2511 = ADVANCED_FACE ( 'NONE', ( #3015 ), #1933, .F. ) ;
#2512 = CARTESIAN_POINT ( 'NONE',  ( -10.00000000000000200, 25.20000000000001000, -8.000000000000179400 ) ) ;
#2513 = EDGE_CURVE ( 'NONE', #1391, #609, #2652, .T. ) ;
#2514 = CARTESIAN_POINT ( 'NONE',  ( 9.633566635310025100, 10.59796248201348100, -5.446962119748343800 ) ) ;
#2515 = LINE ( 'NONE', #55, #2482 ) ;
#2516 = ORIENTED_EDGE ( 'NONE', *, *, #1667, .F. ) ;
#2517 = DIRECTION ( 'NONE',  ( 3.285461128743952600E-018, -1.000000000000000000, 7.037085798773819200E-015 ) ) ;
#2518 = VERTEX_POINT ( 'NONE', #1921 ) ;
#2519 = VERTEX_POINT ( 'NONE', #2814 ) ;
#2520 = CARTESIAN_POINT ( 'NONE',  ( 9.360952280291513700, 13.66203381070957200, 3.781834257056358800 ) ) ;
#2521 = VECTOR ( 'NONE', #892, 1000.000000000000000 ) ;
#2522 = CARTESIAN_POINT ( 'NONE',  ( 9.418155939890327800, 14.31587463183342400, -6.429417889656387600 ) ) ;
#2523 = CARTESIAN_POINT ( 'NONE',  ( 9.860934028579345400, 19.19585377257664400, 3.786313482922823300 ) ) ;
#2524 = ORIENTED_EDGE ( 'NONE', *, *, #2397, .T. ) ;
#2525 = B_SPLINE_CURVE_WITH_KNOTS ( 'NONE', 3,
 ( #1315, #1871, #2614, #2526 ),
 .UNSPECIFIED., .F., .F.,
 ( 4, 4 ),
 ( 9.107298248878237200E-018, 0.0006076730506208754200 ),
 .UNSPECIFIED. ) ;
#2526 = CARTESIAN_POINT ( 'NONE',  ( 9.848198257113669000, 19.19696800820102600, 2.907667049135963300 ) ) ;
#2527 = ORIENTED_EDGE ( 'NONE', *, *, #3636, .T. ) ;
#2528 = CARTESIAN_POINT ( 'NONE',  ( 9.359004069497833800, 13.63976565944097500, 3.760818177814545700 ) ) ;
#2529 = CARTESIAN_POINT ( 'NONE',  ( 4.672494165261144700, 21.20000000000025500, 23.35505140532085400 ) ) ;
#2530 = VERTEX_POINT ( 'NONE', #704 ) ;
#2531 = CARTESIAN_POINT ( 'NONE',  ( 9.556385859590657000, 13.60110719461799400, 5.955137261632239100 ) ) ;
#2532 = DIRECTION ( 'NONE',  ( 0.0000000000000000000, -7.037085798773819900E-015, -1.000000000000000000 ) ) ;
#2533 = CARTESIAN_POINT ( 'NONE',  ( 10.59490375670185200, 21.03396889848960100, -5.744800716127612000 ) ) ;
#2534 = DIRECTION ( 'NONE',  ( -0.0000000000000000000, -0.0000000000000000000, -1.000000000000000000 ) ) ;
#2535 = B_SPLINE_CURVE_WITH_KNOTS ( 'NONE', 3,
 ( #3043, #2901, #3161, #3093 ),
 .UNSPECIFIED., .F., .F.,
 ( 4, 4 ),
 ( 0.0000000000000000000, 7.256091254474172600E-005 ),
 .UNSPECIFIED. ) ;
#2536 = ORIENTED_EDGE ( 'NONE', *, *, #1438, .F. ) ;
#2537 = EDGE_CURVE ( 'NONE', #1636, #951, #2873, .T. ) ;
#2538 = DIRECTION ( 'NONE',  ( 0.07525766947068768300, 0.9971641204866130700, 0.0000000000000000000 ) ) ;
#2539 = CARTESIAN_POINT ( 'NONE',  ( 5.600000000000000500, 25.20000000000012000, 7.999999999999828600 ) ) ;
#2540 = CARTESIAN_POINT ( 'NONE',  ( 9.616205093005840300, 10.62834187915842500, 5.379219973594976200 ) ) ;
#2541 = CARTESIAN_POINT ( 'NONE',  ( 9.357146919966874400, 13.61853834316799300, 3.738862376112553200 ) ) ;
#2542 = CARTESIAN_POINT ( 'NONE',  ( 9.848198257113669000, 19.19696800820102600, 2.907667049135963300 ) ) ;
#2543 = FACE_OUTER_BOUND ( 'NONE', #3660, .T. ) ;
#2544 = EDGE_CURVE ( 'NONE', #357, #3553, #2923, .T. ) ;
#2545 = PRESENTATION_STYLE_ASSIGNMENT (( #3121 ) ) ;
#2546 = LINE ( 'NONE', #950, #2521 ) ;
#2547 = DIRECTION ( 'NONE',  ( 0.0000000000000000000, 0.0000000000000000000, 1.000000000000000000 ) ) ;
#2548 = CARTESIAN_POINT ( 'NONE',  ( 9.348779062339708900, 13.52289329282753400, -3.663064902388908400 ) ) ;
#2549 = VECTOR ( 'NONE', #93, 1000.000000000000000 ) ;
#2550 = B_SPLINE_CURVE_WITH_KNOTS ( 'NONE', 3,
 ( #2684, #2291, #3374, #3854 ),
 .UNSPECIFIED., .F., .F.,
 ( 4, 4 ),
 ( 0.0002863081810466529700, 0.001608212421742173400 ),
 .UNSPECIFIED. ) ;
#2551 = B_SPLINE_CURVE_WITH_KNOTS ( 'NONE', 3,
 ( #2112, #2968, #3013, #2931, #2917, #2826, #2815, #2764, #3639, #2540, #2607, #410, #1180, #2375, #1256, #2346, #2321, #2243 ),
 .UNSPECIFIED., .F., .F.,
 ( 4, 2, 2, 2, 2, 2, 2, 2, 4 ),
 ( 0.0000000000000000000, 0.0001105678472784903800, 0.0001658517709177353400, 0.0002211356945569802800, 0.0003317035418354701900, 0.0004422713891139600700, 0.0008845427782279130900, 0.001769085556455821000, 0.003538171112911638900 ),
 .UNSPECIFIED. ) ;
#2552 = CARTESIAN_POINT ( 'NONE',  ( 1.200000000000000200, 0.9999999999999991100, -10.00000000000001600 ) ) ;
#2553 = CARTESIAN_POINT ( 'NONE',  ( 3.200000000000002000, 21.19999999999999900, 12.60000000000000000 ) ) ;
#2554 = ORIENTED_EDGE ( 'NONE', *, *, #3845, .F. ) ;
#2555 = CARTESIAN_POINT ( 'NONE',  ( 10.50882618383264200, 21.94986609892601900, 2.603994166025368300 ) ) ;
#2556 = CARTESIAN_POINT ( 'NONE',  ( 10.36653424109444500, 18.96601846104977100, 6.987225466994672700 ) ) ;
#2557 = CARTESIAN_POINT ( 'NONE',  ( 9.280617645847160100, 12.42064998202931700, -5.098500757253996700E-015 ) ) ;
#2558 = EDGE_LOOP ( 'NONE', ( #815, #2726, #2832, #3491, #3001, #2671, #571, #669, #422, #3100, #3857, #2853, #2627 ) ) ;
#2559 = EDGE_LOOP ( 'NONE', ( #2479, #1995, #1953, #1613, #1185, #1551, #620, #327 ) ) ;
#2560 = VECTOR ( 'NONE', #1037, 1000.000000000000000 ) ;
#2561 = CARTESIAN_POINT ( 'NONE',  ( 9.338534498250250900, 13.40579738946604100, -3.470003319102699500 ) ) ;
#2562 = ORIENTED_EDGE ( 'NONE', *, *, #3009, .F. ) ;
#2563 = CARTESIAN_POINT ( 'NONE',  ( 10.87505680584337100, 17.19987183481114500, -9.094071250352229200 ) ) ;
#2564 = ORIENTED_EDGE ( 'NONE', *, *, #2619, .F. ) ;
#2565 = EDGE_CURVE ( 'NONE', #1296, #1911, #2888, .T. ) ;
#2566 = CARTESIAN_POINT ( 'NONE',  ( 5.599999999999999600, 31.80000000000000100, 12.60000000000000000 ) ) ;
#2567 = CARTESIAN_POINT ( 'NONE',  ( 10.83080424812686000, 17.20374343194289700, -8.720501138016022200 ) ) ;
#2568 = EDGE_LOOP ( 'NONE', ( #2378, #417, #1096, #2900, #663, #3836, #1758, #207 ) ) ;
#2569 = EDGE_CURVE ( 'NONE', #2847, #726, #31, .T. ) ;
#2570 = ORIENTED_EDGE ( 'NONE', *, *, #855, .F. ) ;
#2571 = VERTEX_POINT ( 'NONE', #1630 ) ;
#2572 = VERTEX_POINT ( 'NONE', #1439 ) ;
#2573 = CARTESIAN_POINT ( 'NONE',  ( 9.496596108363126700, 15.21244986011478800, 8.799999999999998900 ) ) ;
#2574 = VERTEX_POINT ( 'NONE', #1425 ) ;
#2575 = CARTESIAN_POINT ( 'NONE',  ( 10.87505680584333100, 17.19987183481069000, -8.907212805948693900 ) ) ;
#2576 = CARTESIAN_POINT ( 'NONE',  ( 11.25110897899224800, 22.97335954548450900, -4.677027337807422700 ) ) ;
#2577 = AXIS2_PLACEMENT_3D ( 'NONE', #1416, #157, #854 ) ;
#2578 = CARTESIAN_POINT ( 'NONE',  ( 4.000000000000000900, 31.80000000000000100, 12.60000000000000000 ) ) ;
#2579 = CARTESIAN_POINT ( 'NONE',  ( 9.679623168133204600, 17.30445872610744800, -4.828840017149005300 ) ) ;
#2580 = CARTESIAN_POINT ( 'NONE',  ( 1.199999999999999700, 5.799999999999999800, 12.60000000000000000 ) ) ;
#2581 = ORIENTED_EDGE ( 'NONE', *, *, #1418, .T. ) ;
#2582 = CARTESIAN_POINT ( 'NONE',  ( 11.28792602854462900, 22.99045355486388000, -4.811318155557303900 ) ) ;
#2583 = CARTESIAN_POINT ( 'NONE',  ( 9.556385859590657000, 13.60110719461799400, 5.955137261632239100 ) ) ;
#2584 = CARTESIAN_POINT ( 'NONE',  ( 9.592467425385503800, 16.30826402801523000, 4.050263165185264700 ) ) ;
#2585 = ORIENTED_EDGE ( 'NONE', *, *, #3423, .T. ) ;
#2586 = PLANE ( 'NONE',  #2012 ) ;
#2587 = CARTESIAN_POINT ( 'NONE',  ( 4.045398593536778400, 19.58373650700457300, -10.00000000000012400 ) ) ;
#2588 = CARTESIAN_POINT ( 'NONE',  ( 11.37654778587792000, 23.09294350916423300, -5.204321338110052200 ) ) ;
#2589 = FACE_OUTER_BOUND ( 'NONE', #456, .T. ) ;
#2590 = EDGE_CURVE ( 'NONE', #1989, #2229, #2821, .T. ) ;
#2591 = CARTESIAN_POINT ( 'NONE',  ( 9.327027809402409300, 13.27427533410360600, -3.089128308312416100 ) ) ;
#2592 = CARTESIAN_POINT ( 'NONE',  ( 11.39466589403747000, 23.13903088985976500, -5.334212788592817700 ) ) ;
#2593 = CARTESIAN_POINT ( 'NONE',  ( 11.39898655234026100, 23.18841624024307500, -5.465791793494573400 ) ) ;
#2594 = LINE ( 'NONE', #697, #3873 ) ;
#2595 = CARTESIAN_POINT ( 'NONE',  ( 9.325587557477504700, 13.25781317927281900, -2.902709526562956600 ) ) ;
#2596 = CARTESIAN_POINT ( 'NONE',  ( 7.930190452764477100, 11.27564434701785600, -7.000000000000003600 ) ) ;
#2597 = ORIENTED_EDGE ( 'NONE', *, *, #972, .F. ) ;
#2598 = LINE ( 'NONE', #1020, #2560 ) ;
#2599 = CARTESIAN_POINT ( 'NONE',  ( 9.656501128188455900, 10.15594465279043000, -5.180879025888235600 ) ) ;
#2600 = CARTESIAN_POINT ( 'NONE',  ( 9.679623168133201000, 17.30445872610744800, -4.050263165184842900 ) ) ;
#2601 = DIRECTION ( 'NONE',  ( 0.0000000000000000000, 0.0000000000000000000, -1.000000000000000000 ) ) ;
#2602 = ORIENTED_EDGE ( 'NONE', *, *, #2109, .T. ) ;
#2603 = ORIENTED_EDGE ( 'NONE', *, *, #2590, .T. ) ;
#2604 = CARTESIAN_POINT ( 'NONE',  ( 9.327101954241770800, 13.27512281349552100, -2.300000000000006000 ) ) ;
#2605 = ORIENTED_EDGE ( 'NONE', *, *, #3598, .F. ) ;
#2606 = CARTESIAN_POINT ( 'NONE',  ( 10.61358957760044100, 14.21128774053643300, -9.094071250352239800 ) ) ;
#2607 = CARTESIAN_POINT ( 'NONE',  ( 9.608214386577339300, 10.64026607232559800, 5.345339879013403500 ) ) ;
#2608 =( BOUNDED_CURVE ( )  B_SPLINE_CURVE ( 3, ( #1699, #1714, #2225, #2234 ),
 .UNSPECIFIED., .F., .T. ) 
 B_SPLINE_CURVE_WITH_KNOTS ( ( 4, 4 ),
 ( 1.570796326794896800, 2.617993877991492200 ),
 .UNSPECIFIED. ) 
 CURVE ( )  GEOMETRIC_REPRESENTATION_ITEM ( )  RATIONAL_B_SPLINE_CURVE ( ( 1.000000000000000000, 0.9106836025229594300, 0.9106836025229594300, 1.000000000000000000 ) ) 
 REPRESENTATION_ITEM ( '' )  );
#2609 = CARTESIAN_POINT ( 'NONE',  ( 19.45854308928053900, 14.34089243263817400, -4.050263165184847300 ) ) ;
#2610 = ORIENTED_EDGE ( 'NONE', *, *, #2941, .T. ) ;
#2611 = DIRECTION ( 'NONE',  ( 5.421010862427521200E-016, 1.000000000000000000, -7.037085798773819200E-015 ) ) ;
#2612 = ORIENTED_EDGE ( 'NONE', *, *, #2721, .T. ) ;
#2613 = ORIENTED_EDGE ( 'NONE', *, *, #2348, .F. ) ;
#2614 = CARTESIAN_POINT ( 'NONE',  ( 9.845607995990779000, 19.19719462668497200, 2.705126004922721700 ) ) ;
#2615 = CARTESIAN_POINT ( 'NONE',  ( 9.770614021954088500, 17.29649805791357400, -5.607378346764372500 ) ) ;
#2616 = ORIENTED_EDGE ( 'NONE', *, *, #2491, .F. ) ;
#2617 = DIRECTION ( 'NONE',  ( 0.0000000000000000000, -7.037085798773819900E-015, -1.000000000000000000 ) ) ;
#2618 = DIRECTION ( 'NONE',  ( 1.000000000000000000, -0.0000000000000000000, -0.0000000000000000000 ) ) ;
#2619 = EDGE_CURVE ( 'NONE', #994, #1908, #2848, .T. ) ;
#2620 = CARTESIAN_POINT ( 'NONE',  ( 10.87505680584329300, 17.19987183481025300, 9.094071250352223900 ) ) ;
#2621 = ORIENTED_EDGE ( 'NONE', *, *, #1638, .F. ) ;
#2622 = ORIENTED_EDGE ( 'NONE', *, *, #767, .T. ) ;
#2623 = CARTESIAN_POINT ( 'NONE',  ( 10.61581422994982300, 21.12094358064705100, -5.700726684851786400 ) ) ;
#2624 = CARTESIAN_POINT ( 'NONE',  ( 10.12965359861116200, 17.26508616519893400, -7.122248484118622400 ) ) ;
#2625 = CARTESIAN_POINT ( 'NONE',  ( 1.199999999999999700, 5.799999999999981200, 9.999999999999971600 ) ) ;
#2626 = VERTEX_POINT ( 'NONE', #1328 ) ;
#2627 = ORIENTED_EDGE ( 'NONE', *, *, #295, .T. ) ;
#2628 = EDGE_CURVE ( 'NONE', #3705, #3128, #2736, .T. ) ;
#2629 = CARTESIAN_POINT ( 'NONE',  ( 10.39768455692254400, 17.24163649487270100, -7.858505339262061200 ) ) ;
#2630 = ORIENTED_EDGE ( 'NONE', *, *, #2195, .F. ) ;
#2631 = ORIENTED_EDGE ( 'NONE', *, *, #201, .F. ) ;
#2632 = B_SPLINE_CURVE_WITH_KNOTS ( 'NONE', 3,
 ( #3382, #662, #1016, #3144, #1325, #3391, #1676, #3634, #1976, #33 ),
 .UNSPECIFIED., .F., .F.,
 ( 4, 1, 1, 1, 1, 1, 1, 4 ),
 ( 0.0000000000000000000, 0.2510991789707312000, 0.4372866041251251000, 0.5778458732280820100, 0.6074387011220592200, 0.7332148830648985700, 0.8410185517688783000, 1.000000000000000000 ),
 .UNSPECIFIED. ) ;
#2633 = CARTESIAN_POINT ( 'NONE',  ( 10.80233436200436300, 22.42897331107993600, -4.035007456445420400 ) ) ;
#2634 = CARTESIAN_POINT ( 'NONE',  ( 10.41497655156330300, 13.41009021451466100, 8.513548020361165300 ) ) ;
#2635 = CARTESIAN_POINT ( 'NONE',  ( 10.74697463113550800, 17.21107757309693300, -8.553663242742002700 ) ) ;
#2636 = CARTESIAN_POINT ( 'NONE',  ( 10.36586708186800500, 18.96740416030920400, -6.984324720163996000 ) ) ;
#2637 = LINE ( 'NONE', #2446, #2170 ) ;
#2638 = CARTESIAN_POINT ( 'NONE',  ( 19.80092570153188100, 18.25434359822667900, -2.300000000000006000 ) ) ;
#2639 = ORIENTED_EDGE ( 'NONE', *, *, #2263, .F. ) ;
#2640 =( BOUNDED_CURVE ( )  B_SPLINE_CURVE ( 3, ( #731, #408, #1656, #3695 ),
 .UNSPECIFIED., .F., .T. ) 
 B_SPLINE_CURVE_WITH_KNOTS ( ( 4, 4 ),
 ( 0.0004000000000000072800, 0.0007999999999999975400 ),
 .UNSPECIFIED. ) 
 CURVE ( )  GEOMETRIC_REPRESENTATION_ITEM ( )  RATIONAL_B_SPLINE_CURVE ( ( 0.9872686667552208500, 0.9872686667552208500, 0.9872686667552208500, 0.9872686667552208500 ) ) 
 REPRESENTATION_ITEM ( '' )  );
#2641 = AXIS2_PLACEMENT_3D ( 'NONE', #2870, #2733, #2712 ) ;
#2642 = CARTESIAN_POINT ( 'NONE',  ( 9.433876133911658400, 13.61182540678655600, 5.222828169794146500 ) ) ;
#2643 = DIRECTION ( 'NONE',  ( -0.0000000000000000000, -0.0000000000000000000, -1.000000000000000000 ) ) ;
#2644 = CARTESIAN_POINT ( 'NONE',  ( 10.61358957760032600, 14.21128774053512700, 8.907212805948690400 ) ) ;
#2645 = CARTESIAN_POINT ( 'NONE',  ( 10.12272518068206200, 8.600682010203931000, 5.564072910997487600 ) ) ;
#2646 = CARTESIAN_POINT ( 'NONE',  ( 7.632710200154559000, 21.19999999999999600, -10.00000000000015800 ) ) ;
#2647 = SURFACE_STYLE_FILL_AREA ( #2320 ) ;
#2648 = CARTESIAN_POINT ( 'NONE',  ( 10.61358957760033500, 14.21128774053518900, 9.094071250352238100 ) ) ;
#2649 = FACE_OUTER_BOUND ( 'NONE', #3519, .T. ) ;
#2650 = EDGE_CURVE ( 'NONE', #451, #1396, #2705, .T. ) ;
#2651 = EDGE_CURVE ( 'NONE', #3479, #912, #3704, .T. ) ;
#2652 =( BOUNDED_CURVE ( )  B_SPLINE_CURVE ( 3, ( #1872, #1884, #1820, #1805 ),
 .UNSPECIFIED., .F., .F. ) 
 B_SPLINE_CURVE_WITH_KNOTS ( ( 4, 4 ),
 ( 2.617993877991494000, 3.665191429188091800 ),
 .UNSPECIFIED. ) 
 CURVE ( )  GEOMETRIC_REPRESENTATION_ITEM ( )  RATIONAL_B_SPLINE_CURVE ( ( 1.000000000000000000, 0.9106836025229589900, 0.9106836025229589900, 1.000000000000000000 ) ) 
 REPRESENTATION_ITEM ( '' )  );
#2653 = CARTESIAN_POINT ( 'NONE',  ( 10.02460239277675500, 7.479133412345475100, 2.300000013723522600 ) ) ;
#2654 = DIRECTION ( 'NONE',  ( 0.0000000000000000000, -1.000000000000000000, -1.084202172485509800E-015 ) ) ;
#2655 = CARTESIAN_POINT ( 'NONE',  ( 11.40000000000000000, 24.02168489849347900, 2.299999999999996300 ) ) ;
#2656 = DIRECTION ( 'NONE',  ( -0.9961946980917455500, 0.08715574274765829100, 0.0000000000000000000 ) ) ;
#2657 = ORIENTED_EDGE ( 'NONE', *, *, #1202, .T. ) ;
#2658 = PLANE ( 'NONE',  #536 ) ;
#2659 = VECTOR ( 'NONE', #1148, 1000.000000000000000 ) ;
#2660 = CARTESIAN_POINT ( 'NONE',  ( 9.329470894614312100, 12.41637587658624600, 4.353332096117561000 ) ) ;
#2661 = ORIENTED_EDGE ( 'NONE', *, *, #1718, .F. ) ;
#2662 = ORIENTED_EDGE ( 'NONE', *, *, #1250, .T. ) ;
#2663 = CARTESIAN_POINT ( 'NONE',  ( 9.912001416110557600, 13.29441682868467600, -7.305050466985174600 ) ) ;
#2664 = FACE_OUTER_BOUND ( 'NONE', #2992, .T. ) ;
#2665 = DIRECTION ( 'NONE',  ( -1.000000000000000000, -0.0000000000000000000, -0.0000000000000000000 ) ) ;
#2666 = CARTESIAN_POINT ( 'NONE',  ( -10.00000000000000200, 1.000000000000000000, 12.60000000000000000 ) ) ;
#2667 = CARTESIAN_POINT ( 'NONE',  ( 10.02460239399290000, 7.479133426246182400, -2.747378084553333100 ) ) ;
#2668 = ORIENTED_EDGE ( 'NONE', *, *, #3475, .F. ) ;
#2669 = EDGE_CURVE ( 'NONE', #2453, #3185, #2690, .T. ) ;
#2670 = CARTESIAN_POINT ( 'NONE',  ( 10.65981888824716300, 16.21488288212092100, -8.553663241236227700 ) ) ;
#2671 = ORIENTED_EDGE ( 'NONE', *, *, #368, .T. ) ;
#2672 = VERTEX_POINT ( 'NONE', #1092 ) ;
#2673 = B_SPLINE_CURVE_WITH_KNOTS ( 'NONE', 3,
 ( #3630, #2623, #3142, #2829, #2533, #657, #2233, #315, #1967, #3744, #3757, #3702, #3160, #3149, #37, #2734 ),
 .UNSPECIFIED., .F., .F.,
 ( 4, 2, 2, 2, 2, 2, 2, 4 ),
 ( 0.0000000000000000000, 7.486933763457473500E-005, 0.0001497386752691494700, 0.0002246080129037242100, 0.0002994773505382989400, 0.0005989547010765951700, 0.001197909402153190600, 0.002395818804306380300 ),
 .UNSPECIFIED. ) ;
#2674 = CARTESIAN_POINT ( 'NONE',  ( 2.699999999999999300, 4.409111036888172700, 9.999999999999978700 ) ) ;
#2675 = CARTESIAN_POINT ( 'NONE',  ( 5.599999999999999600, 25.19999999999999900, 12.60000000000000000 ) ) ;
#2676 = DIRECTION ( 'NONE',  ( -0.0000000000000000000, -7.037085798773819200E-015, -1.000000000000000000 ) ) ;
#2677 = CARTESIAN_POINT ( 'NONE',  ( 10.07646122416662500, 8.071882567497214100, -4.395725444280335700 ) ) ;
#2678 = VERTEX_POINT ( 'NONE', #1065 ) ;
#2679 = DIRECTION ( 'NONE',  ( -1.000000000000000000, 5.421010862427521200E-016, 0.0000000000000000000 ) ) ;
#2680 = DIRECTION ( 'NONE',  ( -5.421010862427521200E-016, -1.000000000000000000, 0.0000000000000000000 ) ) ;
#2681 = PLANE ( 'NONE',  #2227 ) ;
#2682 = VERTEX_POINT ( 'NONE', #1048 ) ;
#2683 = VECTOR ( 'NONE', #1348, 1000.000000000000000 ) ;
#2684 = CARTESIAN_POINT ( 'NONE',  ( 10.18390720736836400, 20.77370902087902800, 3.620645182322039400 ) ) ;
#2685 = EDGE_CURVE ( 'NONE', #1713, #3140, #2774, .T. ) ;
#2686 = CARTESIAN_POINT ( 'NONE',  ( 10.16555964217946000, 16.02401501293310200, -7.450106300922064100 ) ) ;
#2687 = DIRECTION ( 'NONE',  ( 0.0000000000000000000, -1.000000000000000000, 6.938893903907228400E-015 ) ) ;
#2688 = CARTESIAN_POINT ( 'NONE',  ( 10.06983544233574600, 9.260049591145358900, -6.127242848610806400 ) ) ;
#2689 = CARTESIAN_POINT ( 'NONE',  ( 11.40000000000000000, 23.19999999999999900, 12.60000000000000000 ) ) ;
#2690 = LINE ( 'NONE', #1162, #2659 ) ;
#2691 = EDGE_CURVE ( 'NONE', #1177, #2153, #2598, .T. ) ;
#2692 = ORIENTED_EDGE ( 'NONE', *, *, #2052, .F. ) ;
#2693 = LINE ( 'NONE', #3213, #976 ) ;
#2694 = CARTESIAN_POINT ( 'NONE',  ( 10.48550737437754800, 14.22249348131644100, 8.553663185991409200 ) ) ;
#2695 = VECTOR ( 'NONE', #1334, 1000.000000000000000 ) ;
#2696 = CARTESIAN_POINT ( 'NONE',  ( 10.48550740213148600, 14.22249347888951500, -8.553663241227159400 ) ) ;
#2697 = CARTESIAN_POINT ( 'NONE',  ( 9.277613394991854900, 10.41472334374657500, -4.436504859672853200E-015 ) ) ;
#2698 = EDGE_CURVE ( 'NONE', #1650, #1853, #2414, .T. ) ;
#2699 = ORIENTED_EDGE ( 'NONE', *, *, #2497, .T. ) ;
#2700 = CARTESIAN_POINT ( 'NONE',  ( 11.40000000000000000, 24.02168489848492800, 12.60000000000000000 ) ) ;
#2701 = CARTESIAN_POINT ( 'NONE',  ( 10.70074531586359100, 15.20748238737001600, -9.094071250349637500 ) ) ;
#2702 = CARTESIAN_POINT ( 'NONE',  ( 9.530992876682169900, 9.588049447151423300, -2.300000000000005200 ) ) ;
#2703 = CARTESIAN_POINT ( 'NONE',  ( 11.40000000000000000, 23.19999999999999900, 10.00000000000000400 ) ) ;
#2704 = ORIENTED_EDGE ( 'NONE', *, *, #3343, .F. ) ;
#2705 = LINE ( 'NONE', #1295, #2683 ) ;
#2706 = CARTESIAN_POINT ( 'NONE',  ( 10.31820089727513500, 10.83497967477460700, -8.179726664915161600 ) ) ;
#2707 = CARTESIAN_POINT ( 'NONE',  ( 10.70074531586080400, 15.20748238737060700, -8.808572679494570700 ) ) ;
#2708 = CARTESIAN_POINT ( 'NONE',  ( 10.57266314039499000, 15.21868812572394500, -8.553663241227363700 ) ) ;
#2709 = AXIS2_PLACEMENT_3D ( 'NONE', #2578, #2297, #2538 ) ;
#2710 = ORIENTED_EDGE ( 'NONE', *, *, #819, .T. ) ;
#2711 = ORIENTED_EDGE ( 'NONE', *, *, #2161, .T. ) ;
#2712 = DIRECTION ( 'NONE',  ( 0.0000000000000000000, 1.000000000000000000, -7.049060881246443700E-015 ) ) ;
#2713 = VERTEX_POINT ( 'NONE', #1023 ) ;
#2714 = ORIENTED_EDGE ( 'NONE', *, *, #3459, .T. ) ;
#2715 = CARTESIAN_POINT ( 'NONE',  ( 9.485334864850251800, 13.60732335119000800, 5.591855181553833100 ) ) ;
#2716 = CARTESIAN_POINT ( 'NONE',  ( 10.78790106371234700, 16.20367714376756400, -9.094071250362644000 ) ) ;
#2717 = EDGE_LOOP ( 'NONE', ( #2958, #3014, #3123, #3205 ) ) ;
#2718 = CARTESIAN_POINT ( 'NONE',  ( 10.65981888762637600, 16.21488287507175100, 8.553663241227466700 ) ) ;
#2719 = CARTESIAN_POINT ( 'NONE',  ( 10.46624716720170100, 12.52715628328280900, -8.599036538180769200 ) ) ;
#2720 = CARTESIAN_POINT ( 'NONE',  ( 10.78790106372114200, 16.20367714376702400, -8.808572679496306200 ) ) ;
#2721 = EDGE_CURVE ( 'NONE', #726, #3649, #2546, .T. ) ;
#2722 = LINE ( 'NONE', #1149, #2490 ) ;
#2723 = CARTESIAN_POINT ( 'NONE',  ( 10.80502657204883500, 22.53220649957423300, -3.701171592492710900 ) ) ;
#2724 = CARTESIAN_POINT ( 'NONE',  ( 10.87505680584337000, 17.19987183481114800, -9.094071250352236300 ) ) ;
#2725 = CARTESIAN_POINT ( 'NONE',  ( 10.87505680584333100, 17.19987183481067600, -8.808572679493707400 ) ) ;
#2726 = ORIENTED_EDGE ( 'NONE', *, *, #1671, .T. ) ;
#2727 = CARTESIAN_POINT ( 'NONE',  ( 10.16056845340457900, 9.033232596759550100, 6.294553682208533700 ) ) ;
#2728 = DIRECTION ( 'NONE',  ( 0.9961946980917451000, -0.08715574274766262100, 0.0000000000000000000 ) ) ;
#2729 = CARTESIAN_POINT ( 'NONE',  ( 10.87505680584337100, 17.19987183481114500, -9.094071250352229200 ) ) ;
#2730 = CARTESIAN_POINT ( 'NONE',  ( 10.16555964217960600, 15.99197447004211800, -7.457810936355527600 ) ) ;
#2731 = CARTESIAN_POINT ( 'NONE',  ( 10.74697463037435300, 17.21107757316352100, -8.553663241227157600 ) ) ;
#2732 = VECTOR ( 'NONE', #1625, 1000.000000000000000 ) ;
#2733 = DIRECTION ( 'NONE',  ( 3.011384420665178200E-015, -7.049060881246443700E-015, -1.000000000000000000 ) ) ;
#2734 = CARTESIAN_POINT ( 'NONE',  ( 10.18447713376216300, 20.77365956942002600, -3.626817446442661500 ) ) ;
#2735 = EDGE_CURVE ( 'NONE', #2759, #460, #1749, .T. ) ;
#2736 = LINE ( 'NONE', #1316, #2695 ) ;
#2737 = CARTESIAN_POINT ( 'NONE',  ( 10.34753894782575900, 12.61733746262324200, 8.347506316504318800 ) ) ;
#2738 = CARTESIAN_POINT ( 'NONE',  ( 11.40000000000000200, 23.45392973881736200, -5.041616986143990800 ) ) ;
#2739 = B_SPLINE_CURVE_WITH_KNOTS ( 'NONE', 3,
 ( #1764, #3456, #2054, #120, #2327, #430, #2636, #763, #2925, #1116, #3224, #1433 ),
 .UNSPECIFIED., .F., .F.,
 ( 4, 2, 2, 2, 2, 4 ),
 ( 6.215426097787834500E-016, 0.0009138819456840771200, 0.001370822918525806000, 0.001599293404946668800, 0.001713528648157104300, 0.001827763891367539900 ),
 .UNSPECIFIED. ) ;
#2740 = LINE ( 'NONE', #1476, #1890 ) ;
#2741 = CARTESIAN_POINT ( 'NONE',  ( 10.05330002946498500, 17.98222647007754600, -6.487832509553856900 ) ) ;
#2742 = ORIENTED_EDGE ( 'NONE', *, *, #2094, .T. ) ;
#2743 = COLOUR_RGB ( '',1.000000000000000000, 1.000000000000000000, 1.000000000000000000 ) ;
#2744 = B_SPLINE_SURFACE_WITH_KNOTS ( 'NONE', 3, 1, ( 
 ( #2074, #2093 ),
 ( #2135, #2186 ),
 ( #2259, #2400 ),
 ( #2090, #2587 ),
 ( #2849, #2998 ),
 ( #3012, #2995 ),
 ( #3668, #225 ),
 ( #155, #115 ),
 ( #3562, #114 ),
 ( #686, #3880 ),
 ( #3793, #3531 ),
 ( #175, #3530 ),
 ( #2138, #3870 ),
 ( #2273, #74 ),
 ( #86, #3821 ),
 ( #3560, #3830 ),
 ( #3863, #3843 ),
 ( #3848, #3846 ),
 ( #3867, #3862 ),
 ( #3859, #3238 ),
 ( #3828, #3575 ),
 ( #3692, #3090 ) ),
 .UNSPECIFIED., .F., .F., .F.,
 ( 4, 1, 1, 1, 1, 1, 1, 1, 1, 1, 1, 1, 1, 1, 1, 1, 1, 1, 1, 4 ),
 ( 2, 2 ),
 ( 0.07347940711413239500, 0.08910440711239224500, 0.1250000000000000000, 0.1875000000000000000, 0.2500000000000000000, 0.2812500000000000000, 0.3125000000000000000, 0.3750000000000000000, 0.4062500000000000000, 0.4375000000000000000, 0.5000000000000000000, 0.5625000000000000000, 0.6250000000000000000, 0.6875000000000000000, 0.7500000000000000000, 0.8125000000000000000, 0.8750000000000000000, 0.9375000000000000000, 0.9687500000000000000, 1.000000000000000000 ),
 ( 0.0000000000000000000, 1.000000000000000000 ),
 .UNSPECIFIED. ) ;
#2745 = AXIS2_PLACEMENT_3D ( 'NONE', #1955, #57, #62 ) ;
#2746 = DIRECTION ( 'NONE',  ( 0.0000000000000000000, -0.0000000000000000000, 1.000000000000000000 ) ) ;
#2747 = ORIENTED_EDGE ( 'NONE', *, *, #3837, .F. ) ;
#2748 = DIRECTION ( 'NONE',  ( -0.08715574274766260700, -0.9961946980917451000, -5.643241905002357300E-016 ) ) ;
#2749 = EDGE_LOOP ( 'NONE', ( #3247, #3283, #3293, #3368, #3404 ) ) ;
#2750 = CARTESIAN_POINT ( 'NONE',  ( -0.7000000000000010700, 9.930572883139159800, -10.00000000000008000 ) ) ;
#2751 = ADVANCED_FACE ( 'NONE', ( #2664 ), #2469, .T. ) ;
#2752 = VECTOR ( 'NONE', #2424, 1000.000000000000000 ) ;
#2753 = CARTESIAN_POINT ( 'NONE',  ( 10.22137930719274300, 11.10869824305854300, 7.738743258593084200 ) ) ;
#2754 =( NAMED_UNIT ( * ) PLANE_ANGLE_UNIT ( ) SI_UNIT ( $, .RADIAN. ) );
#2755 = ORIENTED_EDGE ( 'NONE', *, *, #3357, .F. ) ;
#2756 = EDGE_LOOP ( 'NONE', ( #1198, #405, #776, #3410 ) ) ;
#2757 =( GEOMETRIC_REPRESENTATION_CONTEXT ( 3 ) GLOBAL_UNCERTAINTY_ASSIGNED_CONTEXT ( ( #574 ) ) GLOBAL_UNIT_ASSIGNED_CONTEXT ( ( #580, #2754, #910 ) ) REPRESENTATION_CONTEXT ( 'NONE', 'WORKASPACE' ) );
#2758 = ORIENTED_EDGE ( 'NONE', *, *, #368, .F. ) ;
#2759 = VERTEX_POINT ( 'NONE', #514 ) ;
#2760 = DIRECTION ( 'NONE',  ( 0.0000000000000000000, -6.570922257487907400E-015, -1.000000000000000000 ) ) ;
#2761 = CARTESIAN_POINT ( 'NONE',  ( 10.26544128448518800, 10.23193454107467200, 7.497834473216624200 ) ) ;
#2762 = EDGE_LOOP ( 'NONE', ( #3865, #2200, #2570, #1859, #1320, #2086 ) ) ;
#2763 = CARTESIAN_POINT ( 'NONE',  ( 9.860980473916702800, 19.19584970913615200, -3.787185321219131300 ) ) ;
#2764 = CARTESIAN_POINT ( 'NONE',  ( 9.641445265063064000, 10.58279688237148300, 5.475697237378197400 ) ) ;
#2765 = EDGE_CURVE ( 'NONE', #1659, #2271, #3686, .T. ) ;
#2766 = CARTESIAN_POINT ( 'NONE',  ( 3.200000000000002000, 21.19999999999999900, 12.60000000000000000 ) ) ;
#2767 = ADVANCED_FACE ( 'NONE', ( #2589 ), #543, .F. ) ;
#2768 = EDGE_CURVE ( 'NONE', #414, #176, #979, .T. ) ;
#2769 = DIRECTION ( 'NONE',  ( 1.000000000000000000, 0.0000000000000000000, -0.0000000000000000000 ) ) ;
#2770 = DIRECTION ( 'NONE',  ( -1.000000000000000000, 0.0000000000000000000, 0.0000000000000000000 ) ) ;
#2771 = CARTESIAN_POINT ( 'NONE',  ( 10.32828321694321100, 10.95022111595295700, 7.979611525589922900 ) ) ;
#2772 = CARTESIAN_POINT ( 'NONE',  ( 9.851460431157240900, 19.19668260495388500, -3.347117396614703200 ) ) ;
#2773 = CARTESIAN_POINT ( 'NONE',  ( 7.930190452764477100, 11.27564434701785400, 7.000000000000000000 ) ) ;
#2774 = CIRCLE ( 'NONE', #510, 1.199999999999999700 ) ;
#2775 = AXIS2_PLACEMENT_3D ( 'NONE', #2991, #3806, #2973 ) ;
#2776 = AXIS2_PLACEMENT_3D ( 'NONE', #1702, #1360, #3653 ) ;
#2777 = DIRECTION ( 'NONE',  ( 1.000000000000000000, 0.0000000000000000000, 0.0000000000000000000 ) ) ;
#2778 = VECTOR ( 'NONE', #1370, 1000.000000000000000 ) ;
#2779 = ORIENTED_EDGE ( 'NONE', *, *, #179, .T. ) ;
#2780 = PLANE ( 'NONE',  #1863 ) ;
#2781 = CARTESIAN_POINT ( 'NONE',  ( 10.27733998698825400, 17.25216528045885800, 2.299999999999995800 ) ) ;
#2782 = DIRECTION ( 'NONE',  ( 0.0000000000000000000, 1.000000000000000000, 0.0000000000000000000 ) ) ;
#2783 = ADVANCED_FACE ( 'NONE', ( #2498 ), #2413, .F. ) ;
#2784 = CARTESIAN_POINT ( 'NONE',  ( 10.04707724974053000, 7.736022202938675800, -2.300000000000006000 ) ) ;
#2785 = ADVANCED_FACE ( 'NONE', ( #2425 ), #2376, .T. ) ;
#2786 = EDGE_CURVE ( 'NONE', #3474, #468, #2515, .T. ) ;
#2787 = CARTESIAN_POINT ( 'NONE',  ( 11.22867061026667900, 23.40375547244769500, 2.819068952489286700 ) ) ;
#2788 =( BOUNDED_SURFACE ( )  B_SPLINE_SURFACE ( 3, 2, ( 
 ( #1271, #1488, #1424 ),
 ( #1402, #1290, #1293 ),
 ( #1719, #3431, #1379 ),
 ( #1297, #2362, #1311 ) ),
 .UNSPECIFIED., .F., .F., .T. ) 
 B_SPLINE_SURFACE_WITH_KNOTS ( ( 4, 4 ),
 ( 3, 3 ),
 ( 5.191160001860595200E-016, 0.003000000000000344800 ),
 ( 0.0000000000000000000, 1.000000000000000000 ),
 .UNSPECIFIED. ) 
 GEOMETRIC_REPRESENTATION_ITEM ( )  RATIONAL_B_SPLINE_SURFACE ( (
 ( 1.000000000000000000, 0.9728456051340166300, 1.000000000000000000),
 ( 1.000000000000000000, 0.9728456051340166300, 1.000000000000000000),
 ( 1.000000000000000000, 0.9728456051340168600, 1.000000000000000000),
 ( 1.000000000000000000, 0.9728456051340168600, 1.000000000000000000) ) ) 
 REPRESENTATION_ITEM ( '' )  SURFACE ( )  );
#2789 = ORIENTED_EDGE ( 'NONE', *, *, #3317, .F. ) ;
#2790 = VECTOR ( 'NONE', #1856, 1000.000000000000000 ) ;
#2791 = DIRECTION ( 'NONE',  ( 0.9961946980917455500, -0.08715574274765919300, -0.0000000000000000000 ) ) ;
#2792 = ORIENTED_EDGE ( 'NONE', *, *, #649, .F. ) ;
#2793 = DIRECTION ( 'NONE',  ( -0.08715574274765906800, -0.9961946980917454300, 0.0000000000000000000 ) ) ;
#2794 = CARTESIAN_POINT ( 'NONE',  ( 10.46530617405238800, 12.51640068231163200, 8.630822397056812500 ) ) ;
#2795 = CARTESIAN_POINT ( 'NONE',  ( 8.701368512378143900, -0.7612711019945287400, 0.0000000000000000000 ) ) ;
#2796 = DIRECTION ( 'NONE',  ( 0.0000000000000000000, 0.0000000000000000000, -1.000000000000000000 ) ) ;
#2797 = EDGE_LOOP ( 'NONE', ( #1505, #1932, #2989, #3209 ) ) ;
#2798 = DIRECTION ( 'NONE',  ( 0.0000000000000000000, 1.000000000000000000, 0.0000000000000000000 ) ) ;
#2799 = ORIENTED_EDGE ( 'NONE', *, *, #1896, .T. ) ;
#2800 = CARTESIAN_POINT ( 'NONE',  ( 10.32828321694837300, 10.95022111594850300, -7.979611525586231700 ) ) ;
#2801 = AXIS2_PLACEMENT_3D ( 'NONE', #356, #216, #360 ) ;
#2802 = EDGE_LOOP ( 'NONE', ( #2359, #2031, #2070, #2150 ) ) ;
#2803 = ORIENTED_EDGE ( 'NONE', *, *, #3271, .F. ) ;
#2804 = ADVANCED_FACE ( 'NONE', ( #2364 ), #2809, .T. ) ;
#2805 = ORIENTED_EDGE ( 'NONE', *, *, #3664, .T. ) ;
#2806 = ADVANCED_FACE ( 'NONE', ( #2416 ), #159, .T. ) ;
#2807 = CARTESIAN_POINT ( 'NONE',  ( 10.48550737437754800, 14.22249348131644100, 8.553663185991409200 ) ) ;
#2808 = DIRECTION ( 'NONE',  ( 0.0000000000000000000, -0.0000000000000000000, 1.000000000000000000 ) ) ;
#2809 =( BOUNDED_SURFACE ( )  B_SPLINE_SURFACE ( 3, 2, ( 
 ( #92, #42, #27 ),
 ( #22, #3765, #1387 ),
 ( #3193, #2152, #2634 ),
 ( #3803, #119, #227 ),
 ( #2449, #560, #2737 ),
 ( #897, #3045, #1230 ),
 ( #3318, #3558, #1888 ),
 ( #3814, #2166, #239 ),
 ( #2460, #579, #2753 ),
 ( #908, #3058, #1251 ),
 ( #3326, #1573, #3571 ),
 ( #1897, #2473, #133 ),
 ( #787, #252, #3826 ),
 ( #2175, #590, #983 ),
 ( #2064, #2645, #777 ),
 ( #2937, #3709, #1126 ),
 ( #3231, #1448, #3470 ),
 ( #1787, #3722, #146 ),
 ( #2079, #463, #2357 ),
 ( #2653, #1136, #2948 ) ),
 .UNSPECIFIED., .F., .F., .F. ) 
 B_SPLINE_SURFACE_WITH_KNOTS ( ( 4, 2, 2, 2, 2, 2, 2, 2, 2, 4 ),
 ( 3, 3 ),
 ( -2.666437123183262900E-011, 0.001323235701839916100, 0.001984853566092059900, 0.002646471430344203500, 0.003969707158848491100, 0.005292942887352778200, 0.006616178615857065300, 0.007277796480109208900, 0.007939414344361352500, 0.01058588580136992700 ),
 ( 0.0000000000000000000, 1.000000000000000000 ),
 .UNSPECIFIED. ) 
 GEOMETRIC_REPRESENTATION_ITEM ( )  RATIONAL_B_SPLINE_SURFACE ( (
 ( 1.000000000000000000, 0.9728456051340267400, 1.000000000000000000),
 ( 1.000000000000000000, 0.9728457663356131500, 1.000000000000000000),
 ( 1.000000000000000000, 0.9729619324928278100, 1.000000000000000000),
 ( 1.000000000000000000, 0.9732541424572160900, 1.000000000000000000),
 ( 1.000000000000000000, 0.9733712326723689100, 1.000000000000000000),
 ( 1.000000000000000000, 0.9736370422150368900, 1.000000000000000000),
 ( 1.000000000000000000, 0.9737862530503530500, 1.000000000000000000),
 ( 1.000000000000000000, 0.9742609950155227700, 1.000000000000000000),
 ( 1.000000000000000000, 0.9746133893981362400, 1.000000000000000000),
 ( 1.000000000000000000, 0.9753449211558383700, 1.000000000000000000),
 ( 1.000000000000000000, 0.9757249969428492000, 1.000000000000000000),
 ( 1.000000000000000000, 0.9764365599379096800, 1.000000000000000000),
 ( 1.000000000000000000, 0.9767715738446731700, 1.000000000000000000),
 ( 1.000000000000000000, 0.9772373806905410000, 1.000000000000000000),
 ( 1.000000000000000000, 0.9773856273748460200, 1.000000000000000000),
 ( 1.000000000000000000, 0.9776596941678323800, 1.000000000000000000),
 ( 1.000000000000000000, 0.9777863272826200500, 1.000000000000000000),
 ( 1.000000000000000000, 0.9783583513648050900, 1.000000000000000000),
 ( 1.000000000000000000, 0.9786364467188765100, 1.000000000000000000),
 ( 1.000000000000000000, 0.9786452262557857600, 1.000000000000000000) ) ) 
 REPRESENTATION_ITEM ( '' )  SURFACE ( )  );
#2810 = EDGE_CURVE ( 'NONE', #2298, #1054, #2341, .T. ) ;
#2811 = CARTESIAN_POINT ( 'NONE',  ( 11.40000000000000000, 23.95041197044346900, 3.437737493625725900 ) ) ;
#2812 = VERTEX_POINT ( 'NONE', #2957 ) ;
#2813 = CARTESIAN_POINT ( 'NONE',  ( 11.40000000000000000, 23.19999999999999900, -10.00000000000000000 ) ) ;
#2814 = CARTESIAN_POINT ( 'NONE',  ( 9.280617645847154800, 12.42064998202932100, -2.300000000000006000 ) ) ;
#2815 = CARTESIAN_POINT ( 'NONE',  ( 9.654993179417260800, 10.54791525162166400, 5.516402418526705100 ) ) ;
#2816 = DIRECTION ( 'NONE',  ( -0.0000000000000000000, -0.0000000000000000000, -1.000000000000000000 ) ) ;
#2817 = EDGE_CURVE ( 'NONE', #1405, #1865, #3316, .T. ) ;
#2818 = CARTESIAN_POINT ( 'NONE',  ( 8.500000000000000000, 27.79999999999999000, 4.800000000000000700 ) ) ;
#2819 = CARTESIAN_POINT ( 'NONE',  ( -10.00000000000000200, 31.80000000000000800, -8.000000000000222000 ) ) ;
#2820 = FACE_OUTER_BOUND ( 'NONE', #1337, .T. ) ;
#2821 = LINE ( 'NONE', #1382, #2778 ) ;
#2822 = CARTESIAN_POINT ( 'NONE',  ( 10.26544128448430000, 10.23193454107292800, -7.497834473213773200 ) ) ;
#2823 = DIRECTION ( 'NONE',  ( -0.9961946980917455500, 0.08715574274765829100, 0.0000000000000000000 ) ) ;
#2824 = AXIS2_PLACEMENT_3D ( 'NONE', #1030, #1029, #1035 ) ;
#2825 = CARTESIAN_POINT ( 'NONE',  ( 11.39999999999999900, 23.62102937721916300, 3.382346684700031000 ) ) ;
#2826 = CARTESIAN_POINT ( 'NONE',  ( 9.659598497210350100, 10.53454297690770000, 5.528742966146936100 ) ) ;
#2827 = ORIENTED_EDGE ( 'NONE', *, *, #2941, .F. ) ;
#2828 = FACE_OUTER_BOUND ( 'NONE', #3335, .T. ) ;
#2829 = CARTESIAN_POINT ( 'NONE',  ( 10.60313851639036300, 21.05926889657816800, -5.740971726586748100 ) ) ;
#2830 = CARTESIAN_POINT ( 'NONE',  ( 10.87505680584329300, 17.19987183481025600, 2.299999999999995800 ) ) ;
#2831 = CARTESIAN_POINT ( 'NONE',  ( -0.7000000000000028400, 11.77752999468710200, -10.00000000000009400 ) ) ;
#2832 = ORIENTED_EDGE ( 'NONE', *, *, #3599, .F. ) ;
#2833 = VECTOR ( 'NONE', #1681, 1000.000000000000000 ) ;
#2834 = CARTESIAN_POINT ( 'NONE',  ( 11.39999999999999500, 23.68896847569692500, 2.842898110655142300 ) ) ;
#2835 = ORIENTED_EDGE ( 'NONE', *, *, #2180, .F. ) ;
#2836 = DIRECTION ( 'NONE',  ( -0.9961946980917455500, 0.08715574274765829100, 0.0000000000000000000 ) ) ;
#2837 = EDGE_LOOP ( 'NONE', ( #1720, #2188, #3219, #1609 ) ) ;
#2838 = CARTESIAN_POINT ( 'NONE',  ( 9.965863461842342700, 7.971535777934253300, -2.506447318215028200 ) ) ;
#2839 = EDGE_CURVE ( 'NONE', #3795, #3195, #2330, .T. ) ;
#2840 = CARTESIAN_POINT ( 'NONE',  ( 9.234426156876612200, 12.21583360238816800, -5.948861562505879200 ) ) ;
#2841 = PRODUCT_DEFINITION_SHAPE ( 'NONE', 'NONE',  #1710 ) ;
#2842 = EDGE_LOOP ( 'NONE', ( #1957, #1046, #2803, #625 ) ) ;
#2843 = CIRCLE ( 'NONE', #3385, 6.894024400970567800 ) ;
#2844 = EDGE_CURVE ( 'NONE', #1907, #540, #919, .T. ) ;
#2845 = CARTESIAN_POINT ( 'NONE',  ( 9.921968503106711500, 19.72832110116319300, 3.151418069408192600 ) ) ;
#2846 = VERTEX_POINT ( 'NONE', #2970 ) ;
#2847 = VERTEX_POINT ( 'NONE', #3500 ) ;
#2848 = LINE ( 'NONE', #1373, #2732 ) ;
#2849 = CARTESIAN_POINT ( 'NONE',  ( 4.181844099797517700, 19.23848703833023800, 9.999999999999893400 ) ) ;
#2850 = DIRECTION ( 'NONE',  ( -0.08715574274765829100, -0.9961946980917455500, 0.0000000000000000000 ) ) ;
#2851 = ORIENTED_EDGE ( 'NONE', *, *, #2859, .F. ) ;
#2852 = ORIENTED_EDGE ( 'NONE', *, *, #2899, .T. ) ;
#2853 = ORIENTED_EDGE ( 'NONE', *, *, #3049, .F. ) ;
#2854 = CARTESIAN_POINT ( 'NONE',  ( 9.656742275206163100, 10.15870097581552200, 5.184559216696290400 ) ) ;
#2855 = CARTESIAN_POINT ( 'NONE',  ( 7.930190452764477100, 11.27564434701785600, -10.00000000000000200 ) ) ;
#2856 = CARTESIAN_POINT ( 'NONE',  ( 0.1240025676036211700, 10.50055674212998700, -10.00000000000008500 ) ) ;
#2857 = CARTESIAN_POINT ( 'NONE',  ( 10.57543400811763600, 21.88819685630803500, 3.815691104537136400 ) ) ;
#2858 = DIRECTION ( 'NONE',  ( -7.000356172721704900E-016, -9.099100844000066800E-017, -1.000000000000000000 ) ) ;
#2859 = EDGE_CURVE ( 'NONE', #3553, #248, #2267, .T. ) ;
#2860 = CARTESIAN_POINT ( 'NONE',  ( 9.920223853895699100, 19.19066658499902900, -4.659905347100946400 ) ) ;
#2861 = CARTESIAN_POINT ( 'NONE',  ( 10.48550737437759900, 14.22249348131705900, -8.553663185991409200 ) ) ;
#2862 = TOROIDAL_SURFACE ( 'NONE', #3466, 1.750263165184840800, 10.00000000000000000 ) ;
#2863 = CARTESIAN_POINT ( 'NONE',  ( 9.327101954060184500, 13.27512281141996600, -2.435579381180172900 ) ) ;
#2864 = ORIENTED_EDGE ( 'NONE', *, *, #1971, .F. ) ;
#2865 = DIRECTION ( 'NONE',  ( 1.000000000000000000, -0.0000000000000000000, -0.0000000000000000000 ) ) ;
#2866 = DIRECTION ( 'NONE',  ( -0.08715574274765829100, -0.9961946980917455500, 0.0000000000000000000 ) ) ;
#2867 = VECTOR ( 'NONE', #1728, 1000.000000000000000 ) ;
#2868 = CARTESIAN_POINT ( 'NONE',  ( 10.18409666184832400, 20.77369244575977800, 3.622702651001556100 ) ) ;
#2869 = CARTESIAN_POINT ( 'NONE',  ( 9.280617645847161900, 12.42064998202931700, 2.299999999999995800 ) ) ;
#2870 = CARTESIAN_POINT ( 'NONE',  ( 3.042708865177405500, 15.21602453808014100, -10.00000000000011900 ) ) ;
#2871 = PLANE ( 'NONE',  #2641 ) ;
#2872 = CARTESIAN_POINT ( 'NONE',  ( 9.640235422594923200, 9.970026787115038800, 4.867173528827470000 ) ) ;
#2873 = LINE ( 'NONE', #1721, #2867 ) ;
#2874 = CARTESIAN_POINT ( 'NONE',  ( 3.974420896479799600, 20.14791325257032300, -10.00000000000015100 ) ) ;
#2875 = ORIENTED_EDGE ( 'NONE', *, *, #3239, .F. ) ;
#2876 = CARTESIAN_POINT ( 'NONE',  ( 9.502275807248064900, 12.40125740572917400, -5.700145144744334800 ) ) ;
#2877 = ORIENTED_EDGE ( 'NONE', *, *, #338, .F. ) ;
#2878 = VECTOR ( 'NONE', #2881, 1000.000000000000000 ) ;
#2879 = CYLINDRICAL_SURFACE ( 'NONE', #967, 1.199999999999999700 ) ;
#2880 = CARTESIAN_POINT ( 'NONE',  ( 0.0000000000000000000, 6.938893903907228400E-014, 10.00000000000001100 ) ) ;
#2881 = DIRECTION ( 'NONE',  ( -1.000000000000000000, 0.0000000000000000000, 0.0000000000000000000 ) ) ;
#2882 = ORIENTED_EDGE ( 'NONE', *, *, #578, .F. ) ;
#2883 = PLANE ( 'NONE',  #2384 ) ;
#2884 = CARTESIAN_POINT ( 'NONE',  ( 10.65601190737270600, 21.69370364316625200, 4.849551393476597900 ) ) ;
#2885 = CARTESIAN_POINT ( 'NONE',  ( 9.373622052949611900, 12.41251315074991400, 4.865569976419216400 ) ) ;
#2886 = EDGE_CURVE ( 'NONE', #1151, #2474, #2336, .T. ) ;
#2887 = ORIENTED_EDGE ( 'NONE', *, *, #2420, .F. ) ;
#2888 = LINE ( 'NONE', #1693, #2790 ) ;
#2889 = CARTESIAN_POINT ( 'NONE',  ( 11.22867061087851000, 23.40375547346596700, 2.299999999999990900 ) ) ;
#2890 = DIRECTION ( 'NONE',  ( -0.9961946980917456600, 0.08715574274765830500, -0.0000000000000000000 ) ) ;
#2891 = CARTESIAN_POINT ( 'NONE',  ( 9.451798968288034800, 12.40567355690836800, 5.372702571464190900 ) ) ;
#2892 = ORIENTED_EDGE ( 'NONE', *, *, #2005, .T. ) ;
#2893 = CARTESIAN_POINT ( 'NONE',  ( 7.930190452764477100, 8.677568135664541800, 8.500000000000000000 ) ) ;
#2894 = FACE_OUTER_BOUND ( 'NONE', #2797, .T. ) ;
#2895 = EDGE_CURVE ( 'NONE', #2006, #3371, #2220, .T. ) ;
#2896 = CARTESIAN_POINT ( 'NONE',  ( 11.39999999999999900, 23.68896847713737600, 2.299999999999855900 ) ) ;
#2897 = CARTESIAN_POINT ( 'NONE',  ( 9.283684250968185800, 12.42038168884618300, 3.327246507721037400 ) ) ;
#2898 = VERTEX_POINT ( 'NONE', #2703 ) ;
#2899 = EDGE_CURVE ( 'NONE', #2812, #519, #2140, .T. ) ;
#2900 = ORIENTED_EDGE ( 'NONE', *, *, #918, .F. ) ;
#2901 = CARTESIAN_POINT ( 'NONE',  ( 10.65906633357320400, 21.61531738726676400, 5.032053298020256800 ) ) ;
#2902 = CARTESIAN_POINT ( 'NONE',  ( 9.496596108363144500, 15.21244986011506500, 4.050263165184874800 ) ) ;
#2903 = DIRECTION ( 'NONE',  ( -1.000000000000000000, 0.0000000000000000000, 0.0000000000000000000 ) ) ;
#2904 = VERTEX_POINT ( 'NONE', #1845 ) ;
#2905 = CARTESIAN_POINT ( 'NONE',  ( 9.280617830562517800, 12.42064996586882100, 2.813567126834244400 ) ) ;
#2906 = CARTESIAN_POINT ( 'NONE',  ( 9.965658686675720200, 7.968935354427609100, -2.300000000000005600 ) ) ;
#2907 = ORIENTED_EDGE ( 'NONE', *, *, #3343, .T. ) ;
#2908 = DIRECTION ( 'NONE',  ( 0.08715574274766260700, 0.9961946980917451000, 5.643241905002357300E-016 ) ) ;
#2909 = AXIS2_PLACEMENT_3D ( 'NONE', #2609, #2748, #2728 ) ;
#2910 = CARTESIAN_POINT ( 'NONE',  ( 10.61358957760033500, 14.21128774053518900, 9.094071250352238100 ) ) ;
#2911 = CARTESIAN_POINT ( 'NONE',  ( 9.280617645847161900, 12.42064998202931700, 2.299999999999995800 ) ) ;
#2912 = CARTESIAN_POINT ( 'NONE',  ( 0.2486922805322966100, 11.12767576180830700, -10.00000000000008900 ) ) ;
#2913 = CARTESIAN_POINT ( 'NONE',  ( 10.16403752141630300, 15.95711217293958100, 7.462007587031704000 ) ) ;
#2914 = B_SPLINE_CURVE_WITH_KNOTS ( 'NONE', 3,
 ( #1882, #1931, #1870, #1661, #1605, #1540 ),
 .UNSPECIFIED., .F., .F.,
 ( 4, 2, 4 ),
 ( 0.001507958530413507000, 0.002624264581634502100, 0.003740570632855497500 ),
 .UNSPECIFIED. ) ;
#2915 = DIRECTION ( 'NONE',  ( 1.000000000000000000, 0.0000000000000000000, 0.0000000000000000000 ) ) ;
#2916 = CARTESIAN_POINT ( 'NONE',  ( 4.845174362958382600, 17.96070199674448600, 9.999999999999888100 ) ) ;
#2917 = CARTESIAN_POINT ( 'NONE',  ( 9.668130540638351500, 10.50284667643351000, 5.545445762140960100 ) ) ;
#2918 = EDGE_CURVE ( 'NONE', #990, #2898, #2191, .T. ) ;
#2919 = CARTESIAN_POINT ( 'NONE',  ( 11.40000000000000000, 24.02168489698372900, 2.870696009685994400 ) ) ;
#2920 = CARTESIAN_POINT ( 'NONE',  ( 9.601182999660299100, 16.40788349782475600, -4.050263165185279000 ) ) ;
#2921 = CARTESIAN_POINT ( 'NONE',  ( 3.971716880361964000, 20.20716282756277900, -10.00000000000015300 ) ) ;
#2922 = DIRECTION ( 'NONE',  ( 0.0000000000000000000, -1.000000000000000000, -1.084202172485510000E-015 ) ) ;
#2923 = LINE ( 'NONE', #1698, #2833 ) ;
#2924 = CARTESIAN_POINT ( 'NONE',  ( 5.600000000000000500, 31.80000000000012200, 7.999999999999781500 ) ) ;
#2925 = CARTESIAN_POINT ( 'NONE',  ( 10.39479827607973500, 18.89194927407116600, -7.117211621348579900 ) ) ;
#2926 = ORIENTED_EDGE ( 'NONE', *, *, #2215, .F. ) ;
#2927 = AXIS2_PLACEMENT_3D ( 'NONE', #2773, #2777, #2796 ) ;
#2928 = CARTESIAN_POINT ( 'NONE',  ( 9.965658550518849500, 7.968935759757601800, -2.401937433717671800 ) ) ;
#2929 = CIRCLE ( 'NONE', #2974, 5.162007587031241400 ) ;
#2930 = CARTESIAN_POINT ( 'NONE',  ( 9.476437275392378000, 10.76660687367950300, -4.612259390688272700 ) ) ;
#2931 = CARTESIAN_POINT ( 'NONE',  ( 9.671988811717742600, 10.48398089966988200, 5.549004464021862800 ) ) ;
#2932 = CARTESIAN_POINT ( 'NONE',  ( 8.500000000000000000, 27.80000000000000100, -4.800000000000003400 ) ) ;
#2933 = B_SPLINE_CURVE_WITH_KNOTS ( 'NONE', 3,
 ( #1088, #1156, #21, #336 ),
 .UNSPECIFIED., .F., .F.,
 ( 4, 4 ),
 ( 0.0003214214315379042700, 0.001689564817725426800 ),
 .UNSPECIFIED. ) ;
#2934 = CARTESIAN_POINT ( 'NONE',  ( 9.965658686675720200, 7.968935354427609100, -2.300000000000005600 ) ) ;
#2935 = ADVANCED_FACE ( 'NONE', ( #2101 ), #2060, .T. ) ;
#2936 = ORIENTED_EDGE ( 'NONE', *, *, #2115, .T. ) ;
#2937 = CARTESIAN_POINT ( 'NONE',  ( 10.08496196742842700, 8.169046507586584100, 5.302367435625959600 ) ) ;
#2938 = ORIENTED_EDGE ( 'NONE', *, *, #2136, .T. ) ;
#2939 = CARTESIAN_POINT ( 'NONE',  ( 5.600000000000000500, 5.204170427930482800E-015, -4.800000000000033600 ) ) ;
#2940 = CARTESIAN_POINT ( 'NONE',  ( 3.987205073138846400, 19.95913586005009000, -10.00000000000015100 ) ) ;
#2941 = EDGE_CURVE ( 'NONE', #2388, #1961, #2284, .T. ) ;
#2942 = ORIENTED_EDGE ( 'NONE', *, *, #3438, .F. ) ;
#2943 = CARTESIAN_POINT ( 'NONE',  ( 4.045398593536778400, 19.58373650700457300, -10.00000000000014700 ) ) ;
#2944 = VERTEX_POINT ( 'NONE', #1529 ) ;
#2945 = ORIENTED_EDGE ( 'NONE', *, *, #2967, .F. ) ;
#2946 = AXIS2_PLACEMENT_3D ( 'NONE', #323, #328, #347 ) ;
#2947 = ORIENTED_EDGE ( 'NONE', *, *, #3017, .T. ) ;
#2948 = CARTESIAN_POINT ( 'NONE',  ( 9.965658693745627500, 7.968935333569429100, 2.299999999999933700 ) ) ;
#2949 = CARTESIAN_POINT ( 'NONE',  ( 10.12945184504299900, 8.677568135664541800, 8.500000000000000000 ) ) ;
#2950 = CARTESIAN_POINT ( 'NONE',  ( 10.78790106231006800, 16.20367712773942200, -9.094071250353899000 ) ) ;
#2951 = CARTESIAN_POINT ( 'NONE',  ( 10.49134310722442400, 21.59550186678950500, 4.000933472906172700 ) ) ;
#2952 = CARTESIAN_POINT ( 'NONE',  ( 4.181844099797517700, 19.23848703833009600, -10.00000000000014600 ) ) ;
#2953 = AXIS2_PLACEMENT_3D ( 'NONE', #1312, #1366, #1519 ) ;
#2954 = CARTESIAN_POINT ( 'NONE',  ( 10.41453219148796600, 13.40381900848383400, -8.502982951096331700 ) ) ;
#2955 = CARTESIAN_POINT ( 'NONE',  ( 9.969746076591000900, 19.18633395192059200, -5.092921362755578100 ) ) ;
#2956 = CARTESIAN_POINT ( 'NONE',  ( 10.14079599001718500, 15.69146025345102700, -7.462007587033451900 ) ) ;
#2957 = CARTESIAN_POINT ( 'NONE',  ( 9.530992877614043100, 9.588049442500665300, 2.299999999999972300 ) ) ;
#2958 = ORIENTED_EDGE ( 'NONE', *, *, #1919, .F. ) ;
#2959 = PRODUCT_DEFINITION_CONTEXT ( 'detailed design', #3342, 'design' ) ;
#2960 = CARTESIAN_POINT ( 'NONE',  ( 9.965658707658898100, 7.968935307313870500, -2.715410652749980600 ) ) ;
#2961 = CARTESIAN_POINT ( 'NONE',  ( 10.15241675571663800, 15.82428621319529500, -7.462007587033372000 ) ) ;
#2962 = CARTESIAN_POINT ( 'NONE',  ( 10.17748645513345500, 9.226606241341203300, 9.450961894323349100 ) ) ;
#2963 = EDGE_CURVE ( 'NONE', #1900, #552, #3105, .T. ) ;
#2964 = CYLINDRICAL_SURFACE ( 'NONE', #733, 1.500000000000000000 ) ;
#2965 = CARTESIAN_POINT ( 'NONE',  ( 9.885139144623792600, 12.76928913904599500, 7.216746927127011300 ) ) ;
#2966 = ORIENTED_EDGE ( 'NONE', *, *, #242, .T. ) ;
#2967 = EDGE_CURVE ( 'NONE', #3710, #2530, #958, .T. ) ;
#2968 = CARTESIAN_POINT ( 'NONE',  ( 9.678031133200963900, 10.40203373616216500, 5.509452554574257200 ) ) ;
#2969 = DIRECTION ( 'NONE',  ( 0.0000000000000000000, 1.084202172485510000E-015, -1.000000000000000000 ) ) ;
#2970 = CARTESIAN_POINT ( 'NONE',  ( 10.40807360110974300, 18.74645732759647400, -7.239263338653665300 ) ) ;
#2971 = DIRECTION ( 'NONE',  ( 0.0000000000000000000, 0.0000000000000000000, -1.000000000000000000 ) ) ;
#2972 = CARTESIAN_POINT ( 'NONE',  ( 10.06190671771179300, 7.905523797472141300, -4.688743821579825200 ) ) ;
#2973 = DIRECTION ( 'NONE',  ( -0.08715574274765906800, -0.9961946980917454300, -4.881212990051854100E-014 ) ) ;
#2974 = AXIS2_PLACEMENT_3D ( 'NONE', #876, #824, #830 ) ;
#2975 = CARTESIAN_POINT ( 'NONE',  ( 5.600000000000000500, 31.80000000000000800, -8.000000000000222000 ) ) ;
#2976 = ORIENTED_EDGE ( 'NONE', *, *, #2178, .F. ) ;
#2977 = ORIENTED_EDGE ( 'NONE', *, *, #913, .T. ) ;
#2978 = CARTESIAN_POINT ( 'NONE',  ( 11.39999999999999900, 23.19999999999998200, 9.999999999999847200 ) ) ;
#2979 = EDGE_LOOP ( 'NONE', ( #2083, #1104, #3256, #782, #60, #3413, #2851, #1837, #2947, #388 ) ) ;
#2980 = CARTESIAN_POINT ( 'NONE',  ( 9.626629004499756400, 9.814504716634024500, 4.527237757743131800 ) ) ;
#2981 = CARTESIAN_POINT ( 'NONE',  ( 10.02460239277675500, 7.479133412345515100, 2.300000013723527500 ) ) ;
#2982 = ORIENTED_EDGE ( 'NONE', *, *, #1638, .T. ) ;
#2983 = CARTESIAN_POINT ( 'NONE',  ( 10.25944596608226800, 21.63712098386460500, 2.299999999999995800 ) ) ;
#2984 = LINE ( 'NONE', #2002, #3023 ) ;
#2985 = FACE_OUTER_BOUND ( 'NONE', #1560, .T. ) ;
#2986 = FILL_AREA_STYLE_COLOUR ( '', #2743 ) ;
#2987 = CARTESIAN_POINT ( 'NONE',  ( 10.18692116601235900, 9.334445480153418000, -6.607291027941617900 ) ) ;
#2988 = VERTEX_POINT ( 'NONE', #2729 ) ;
#2989 = ORIENTED_EDGE ( 'NONE', *, *, #2698, .F. ) ;
#2990 = EDGE_CURVE ( 'NONE', #20, #3453, #2390, .T. ) ;
#2991 = CARTESIAN_POINT ( 'NONE',  ( 10.27733998698825400, 17.25216528045885800, 2.299999999999995800 ) ) ;
#2992 = EDGE_LOOP ( 'NONE', ( #1600, #2711, #2789, #87, #1956 ) ) ;
#2993 = ORIENTED_EDGE ( 'NONE', *, *, #3124, .F. ) ;
#2994 = CARTESIAN_POINT ( 'NONE',  ( 0.0000000000000000000, 2.999999999999981800, 9.999999999999989300 ) ) ;
#2995 = CARTESIAN_POINT ( 'NONE',  ( 4.573132892627355300, 18.66232494378547500, -10.00000000000011900 ) ) ;
#2996 = CARTESIAN_POINT ( 'NONE',  ( 10.78790106309564000, 16.20367713671856800, 9.094071250353183100 ) ) ;
#2997 = CARTESIAN_POINT ( 'NONE',  ( 11.23557849608325800, 23.37417554003321400, -3.123569974306819000 ) ) ;
#2998 = CARTESIAN_POINT ( 'NONE',  ( 4.181844099797517700, 19.23848703833009600, -10.00000000000012400 ) ) ;
#2999 = CARTESIAN_POINT ( 'NONE',  ( 11.40000000000000000, 25.19999999999999600, 10.00000000000000400 ) ) ;
#3000 = CARTESIAN_POINT ( 'NONE',  ( 10.22140591585330500, 11.10856647526386200, -7.727253718998221100 ) ) ;
#3001 = ORIENTED_EDGE ( 'NONE', *, *, #3591, .F. ) ;
#3002 = CARTESIAN_POINT ( 'NONE',  ( 9.679623168133201000, 17.30445872610744800, 4.050263165184834900 ) ) ;
#3003 = LINE ( 'NONE', #2818, #2878 ) ;
#3004 = AXIS2_PLACEMENT_3D ( 'NONE', #205, #168, #224 ) ;
#3005 = CARTESIAN_POINT ( 'NONE',  ( 9.967279287638442400, 7.989421356373559200, -2.813694302637807200 ) ) ;
#3006 = CARTESIAN_POINT ( 'NONE',  ( 10.04445801897515800, 19.17979750393197200, -5.521704609593070000 ) ) ;
#3007 = CARTESIAN_POINT ( 'NONE',  ( 9.982429428148906300, 8.178967570063283800, -3.918766053871938700 ) ) ;
#3008 = FACE_OUTER_BOUND ( 'NONE', #3446, .T. ) ;
#3009 = EDGE_CURVE ( 'NONE', #1814, #2571, #2029, .T. ) ;
#3010 = CARTESIAN_POINT ( 'NONE',  ( 9.280617645847161900, 12.42064998202931700, 2.299999999999995800 ) ) ;
#3011 = CARTESIAN_POINT ( 'NONE',  ( 10.53604077970339500, 13.32490092455693200, -9.049239101028650400 ) ) ;
#3012 = CARTESIAN_POINT ( 'NONE',  ( 4.573132892627355300, 18.66232494378561700, 9.999999999999898700 ) ) ;
#3013 = CARTESIAN_POINT ( 'NONE',  ( 9.678960407202703600, 10.43004944142856500, 5.538365146702797200 ) ) ;
#3014 = ORIENTED_EDGE ( 'NONE', *, *, #2023, .T. ) ;
#3015 = FACE_OUTER_BOUND ( 'NONE', #3132, .T. ) ;
#3016 = CARTESIAN_POINT ( 'NONE',  ( -10.00000000000000200, 1.000000000000000000, -10.00000000000001600 ) ) ;
#3017 = EDGE_CURVE ( 'NONE', #357, #3044, #2024, .T. ) ;
#3018 = CIRCLE ( 'NONE', #2775, 5.162007587031241400 ) ;
#3019 = PRESENTATION_STYLE_ASSIGNMENT (( #2176 ) ) ;
#3020 = FACE_OUTER_BOUND ( 'NONE', #706, .T. ) ;
#3021 = CARTESIAN_POINT ( 'NONE',  ( 9.676091274228550500, 10.37986104664752100, 5.479847995385903800 ) ) ;
#3022 = CARTESIAN_POINT ( 'NONE',  ( 9.966673751606943900, 7.981778704889369400, -2.711570136651380900 ) ) ;
#3023 = VECTOR ( 'NONE', #1998, 1000.000000000000200 ) ;
#3024 = CARTESIAN_POINT ( 'NONE',  ( 9.346186061437931500, 10.80880174891062700, 2.299999999999978500 ) ) ;
#3025 = ORIENTED_EDGE ( 'NONE', *, *, #1062, .F. ) ;
#3026 = CIRCLE ( 'NONE', #2824, 10.00000000000017100 ) ;
#3027 = PLANE ( 'NONE',  #3331 ) ;
#3028 = CARTESIAN_POINT ( 'NONE',  ( 10.39716062371319400, 13.20100584856953100, -8.472819359780539000 ) ) ;
#3029 = AXIS2_PLACEMENT_3D ( 'NONE', #2697, #409, #1 ) ;
#3030 = CARTESIAN_POINT ( 'NONE',  ( 10.34561456279536900, 12.59576581215352500, -8.352225697882820700 ) ) ;
#3031 = B_SPLINE_CURVE_WITH_KNOTS ( 'NONE', 3,
 ( #334, #2831, #1343, #3408, #1689, #3644, #1992, #47, #2261, #352 ),
 .UNSPECIFIED., .F., .F.,
 ( 4, 1, 1, 1, 1, 1, 1, 4 ),
 ( 0.0000000000000000000, 0.2510991789707312000, 0.4372866041251251000, 0.5778458732280820100, 0.6074387011220592200, 0.7332148830648985700, 0.8410185517688783000, 1.000000000000000000 ),
 .UNSPECIFIED. ) ;
#3032 =( BOUNDED_CURVE ( )  B_SPLINE_CURVE ( 3, ( #2861, #3522, #3510, #3852 ),
 .UNSPECIFIED., .F., .F. ) 
 B_SPLINE_CURVE_WITH_KNOTS ( ( 4, 4 ),
 ( 0.0000000000000000000, 0.002999999999998764900 ),
 .UNSPECIFIED. ) 
 CURVE ( )  GEOMETRIC_REPRESENTATION_ITEM ( )  RATIONAL_B_SPLINE_CURVE ( ( 0.9967451544391035000, 0.9967451544391036100, 0.9967451544391036100, 0.9967451544391036100 ) ) 
 REPRESENTATION_ITEM ( '' )  );
#3033 = AXIS2_PLACEMENT_3D ( 'NONE', #1586, #2105, #1511 ) ;
#3034 = ORIENTED_EDGE ( 'NONE', *, *, #378, .F. ) ;
#3035 = FACE_OUTER_BOUND ( 'NONE', #3094, .T. ) ;
#3036 = CARTESIAN_POINT ( 'NONE',  ( 7.930190452764477100, 25.19999999999999900, -10.00000000000000000 ) ) ;
#3037 = CARTESIAN_POINT ( 'NONE',  ( 10.46754223804580900, 14.01675477485546600, -8.551092282578602900 ) ) ;
#3038 = CARTESIAN_POINT ( 'NONE',  ( 10.20000000000000100, 24.02168489848492800, -2.300000000000006000 ) ) ;
#3039 = ORIENTED_EDGE ( 'NONE', *, *, #3098, .F. ) ;
#3040 = FACE_OUTER_BOUND ( 'NONE', #2042, .T. ) ;
#3041 = CARTESIAN_POINT ( 'NONE',  ( 1.199999999999998800, 7.894024400970566900, 12.60000000000000000 ) ) ;
#3042 = CARTESIAN_POINT ( 'NONE',  ( 10.44974608609158100, 13.81182196632697100, -8.540910233417044100 ) ) ;
#3043 = CARTESIAN_POINT ( 'NONE',  ( 10.65792384531896500, 21.60225868676553800, 5.052846819522167200 ) ) ;
#3044 = VERTEX_POINT ( 'NONE', #1745 ) ;
#3045 = CARTESIAN_POINT ( 'NONE',  ( 10.43187742685244300, 12.13430835343310200, 8.468720367763886300 ) ) ;
#3046 = CARTESIAN_POINT ( 'NONE',  ( 10.60296391295757200, 21.84204882525437700, 4.115084835746995600 ) ) ;
#3047 = CARTESIAN_POINT ( 'NONE',  ( 11.40000000000000000, 23.19999999999999900, -5.548802326333972500 ) ) ;
#3048 = CARTESIAN_POINT ( 'NONE',  ( 9.992003064792358600, 8.298002155068482800, -4.311918976314840000 ) ) ;
#3049 = EDGE_CURVE ( 'NONE', #215, #626, #3084, .T. ) ;
#3050 = ADVANCED_FACE ( 'NONE', ( #1991 ), #1084, .T. ) ;
#3051 = CARTESIAN_POINT ( 'NONE',  ( 10.38823833869312600, 18.91173994669823300, 7.085871684553518800 ) ) ;
#3052 = EDGE_CURVE ( 'NONE', #2294, #721, #1970, .T. ) ;
#3053 = CARTESIAN_POINT ( 'NONE',  ( 9.997634931780973800, 8.367899697478197400, -4.507464424891233900 ) ) ;
#3054 = CARTESIAN_POINT ( 'NONE',  ( 3.501886792452843200, 25.20000000000015200, 12.60000000000004600 ) ) ;
#3055 = CARTESIAN_POINT ( 'NONE',  ( 0.0000000000000000000, 5.799999999999999800, 9.999999999999971600 ) ) ;
#3056 = CARTESIAN_POINT ( 'NONE',  ( 10.20237280545554300, 21.03347003317460900, 2.832955129773991700 ) ) ;
#3057 = B_SPLINE_CURVE_WITH_KNOTS ( 'NONE', 3,
 ( #2921, #2874, #2940, #2943, #2952, #3768, #3739, #3718, #3457, #3799, #3772, #3249, #3687, #3228, #3229, #3234, #3235, #3237, #2912, #2856, #3498, #3225 ),
 .UNSPECIFIED., .F., .F.,
 ( 4, 1, 1, 1, 1, 1, 1, 1, 1, 1, 1, 1, 1, 1, 1, 1, 1, 1, 1, 4 ),
 ( 0.07347940711239234200, 0.08910440711239224500, 0.1250000000000000000, 0.1875000000000000000, 0.2500000000000000000, 0.2812500000000000000, 0.3125000000000000000, 0.3750000000000000000, 0.4062500000000000000, 0.4375000000000000000, 0.5000000000000000000, 0.5625000000000000000, 0.6250000000000000000, 0.6875000000000000000, 0.7500000000000000000, 0.8125000000000000000, 0.8750000000000000000, 0.9375000000000000000, 0.9687500000000000000, 0.9999999999999998900 ),
 .UNSPECIFIED. ) ;
#3058 = CARTESIAN_POINT ( 'NONE',  ( 10.26867503438381100, 10.26889647157454800, 7.482565378741706600 ) ) ;
#3059 = CARTESIAN_POINT ( 'NONE',  ( 10.78247743589357900, 22.22302673497688000, 4.290043604402524300 ) ) ;
#3060 = CARTESIAN_POINT ( 'NONE',  ( 10.01665672388156400, 8.603780981964595400, -5.076063158191220600 ) ) ;
#3061 = CARTESIAN_POINT ( 'NONE',  ( 10.03222138800451200, 8.796470090073620800, -5.435115637544767800 ) ) ;
#3062 = CARTESIAN_POINT ( 'NONE',  ( 9.848198257113669000, 19.19696800820102600, 2.907667049135963300 ) ) ;
#3063 = COLOUR_RGB ( '',1.000000000000000000, 1.000000000000000000, 1.000000000000000000 ) ;
#3064 = CARTESIAN_POINT ( 'NONE',  ( 10.53941991731770000, 13.36352464424321500, 8.800000000003686700 ) ) ;
#3065 = CARTESIAN_POINT ( 'NONE',  ( 10.48550737437759900, 14.22249348131705900, -8.553663185991409200 ) ) ;
#3066 = ADVANCED_FACE ( 'NONE', ( #2063 ), #2586, .T. ) ;
#3067 = DIRECTION ( 'NONE',  ( 0.9961946980917451000, -0.08715574274766255100, -6.245004513515722200E-015 ) ) ;
#3068 = DIRECTION ( 'NONE',  ( 0.0000000000000000000, 0.0000000000000000000, -1.000000000000000000 ) ) ;
#3069 = ADVANCED_FACE ( 'NONE', ( #1979 ), #2883, .F. ) ;
#3070 = EDGE_CURVE ( 'NONE', #3307, #2759, #3665, .T. ) ;
#3071 = FACE_OUTER_BOUND ( 'NONE', #127, .T. ) ;
#3072 = CARTESIAN_POINT ( 'NONE',  ( 11.39986654360818400, 23.19847458646139100, -5.492590574430578500 ) ) ;
#3073 = DIRECTION ( 'NONE',  ( 1.000000000000000000, 0.0000000000000000000, 0.0000000000000000000 ) ) ;
#3074 = CARTESIAN_POINT ( 'NONE',  ( 10.06904824946551400, 9.250367857130033400, -6.114515795879453800 ) ) ;
#3075 = VERTEX_POINT ( 'NONE', #364 ) ;
#3076 = FACE_OUTER_BOUND ( 'NONE', #160, .T. ) ;
#3077 = CARTESIAN_POINT ( 'NONE',  ( 11.40000000000000000, 25.19999999999999900, 12.60000000000000000 ) ) ;
#3078 = ORIENTED_EDGE ( 'NONE', *, *, #1581, .T. ) ;
#3079 = CARTESIAN_POINT ( 'NONE',  ( 10.09054170854733100, 9.514354855837483500, -6.436633304082525000 ) ) ;
#3080 = FACE_OUTER_BOUND ( 'NONE', #2717, .T. ) ;
#3081 = CARTESIAN_POINT ( 'NONE',  ( 11.39898655234026100, 23.18841624024307500, -5.465791793494573400 ) ) ;
#3082 = DIRECTION ( 'NONE',  ( -0.08715574274765830500, -0.9961946980917455500, 0.0000000000000000000 ) ) ;
#3083 = LINE ( 'NONE', #3227, #3250 ) ;
#3084 = B_SPLINE_CURVE_WITH_KNOTS ( 'NONE', 3,
 ( #736, #2303, #2599, #2034 ),
 .UNSPECIFIED., .F., .F.,
 ( 4, 4 ),
 ( 0.0006465009108584310500, 0.001753064282253955800 ),
 .UNSPECIFIED. ) ;
#3085 = PLANE ( 'NONE',  #1507 ) ;
#3086 = ORIENTED_EDGE ( 'NONE', *, *, #1844, .F. ) ;
#3087 = EDGE_LOOP ( 'NONE', ( #2345, #1997, #993, #2887 ) ) ;
#3088 = ADVANCED_FACE ( 'NONE', ( #1894 ), #2270, .T. ) ;
#3089 = ORIENTED_EDGE ( 'NONE', *, *, #3259, .T. ) ;
#3090 = CARTESIAN_POINT ( 'NONE',  ( 0.09999999999999896500, 9.930572883139159800, -10.00000000000005500 ) ) ;
#3091 = EDGE_CURVE ( 'NONE', #1454, #1961, #491, .T. ) ;
#3092 = CARTESIAN_POINT ( 'NONE',  ( 10.18390720736836400, 20.77370902087902800, 3.620645182322039400 ) ) ;
#3093 = CARTESIAN_POINT ( 'NONE',  ( 10.65944596608226800, 21.63712098386457300, 4.988712418971693400 ) ) ;
#3094 = EDGE_LOOP ( 'NONE', ( #2489, #1436, #1338, #1194 ) ) ;
#3095 = LINE ( 'NONE', #2306, #2096 ) ;
#3096 = ORIENTED_EDGE ( 'NONE', *, *, #3091, .F. ) ;
#3097 = CARTESIAN_POINT ( 'NONE',  ( 10.16348130830662900, 10.40628107616098300, -7.271314558486389000 ) ) ;
#3098 = EDGE_CURVE ( 'NONE', #1204, #2572, #1926, .T. ) ;
#3099 = VECTOR ( 'NONE', #2381, 1000.000000000000000 ) ;
#3100 = ORIENTED_EDGE ( 'NONE', *, *, #3764, .T. ) ;
#3101 = EDGE_CURVE ( 'NONE', #2759, #1388, #1267, .T. ) ;
#3102 = CARTESIAN_POINT ( 'NONE',  ( 10.20564685933186200, 10.91789189662260300, -7.613264679503815900 ) ) ;
#3103 = CARTESIAN_POINT ( 'NONE',  ( 10.22031973924940700, 11.09544097996334800, -7.719716582730854700 ) ) ;
#3104 = DIRECTION ( 'NONE',  ( -0.6643638388299196700, 0.7474093186836597800, 8.103428070527387000E-016 ) ) ;
#3105 =( BOUNDED_CURVE ( )  B_SPLINE_CURVE ( 3, ( #863, #2718, #1860, #3782 ),
 .UNSPECIFIED., .F., .F. ) 
 B_SPLINE_CURVE_WITH_KNOTS ( ( 4, 4 ),
 ( 0.0000000000000000000, 0.002999999999999992300 ),
 .UNSPECIFIED. ) 
 CURVE ( )  GEOMETRIC_REPRESENTATION_ITEM ( )  RATIONAL_B_SPLINE_CURVE ( ( 0.9967451544391050500, 0.9967451544391050500, 0.9967451544391050500, 0.9967451544391050500 ) ) 
 REPRESENTATION_ITEM ( '' )  );
#3106 = ADVANCED_FACE ( 'NONE', ( #1851 ), #3419, .F. ) ;
#3107 = CARTESIAN_POINT ( 'NONE',  ( 10.16555964218097200, 16.02435458377411900, 7.450024645955068100 ) ) ;
#3108 = DIRECTION ( 'NONE',  ( 0.08715574274765906800, 0.9961946980917455500, 0.0000000000000000000 ) ) ;
#3109 = ADVANCED_FACE ( 'NONE', ( #1883 ), #1026, .F. ) ;
#3110 = CARTESIAN_POINT ( 'NONE',  ( 10.25023598834048000, 11.45618711489623500, -7.912618576032397000 ) ) ;
#3111 = CIRCLE ( 'NONE', #3134, 6.794071250352223100 ) ;
#3112 = AXIS2_PLACEMENT_3D ( 'NONE', #2280, #2351, #2354 ) ;
#3113 = CARTESIAN_POINT ( 'NONE',  ( -10.00000000000000200, 2.999999999999998700, 9.999999999999989300 ) ) ;
#3114 = AXIS2_PLACEMENT_3D ( 'NONE', #2566, #11, #2139 ) ;
#3115 = CARTESIAN_POINT ( 'NONE',  ( 10.26555368836951100, 11.64028707824291700, -7.999730785059864700 ) ) ;
#3116 = VECTOR ( 'NONE', #2643, 1000.000000000000000 ) ;
#3117 = CARTESIAN_POINT ( 'NONE',  ( 10.31261593300168600, 12.20372424086004600, -8.233152638121248800 ) ) ;
#3118 = CARTESIAN_POINT ( 'NONE',  ( 10.12619790904146400, 15.52460342437894300, 7.462007587031512100 ) ) ;
#3119 = LINE ( 'NONE', #1703, #1838 ) ;
#3120 = CARTESIAN_POINT ( 'NONE',  ( 11.40000000000000000, 23.19999999999999900, -5.548802326333972500 ) ) ;
#3121 = SURFACE_STYLE_USAGE ( .BOTH. , #3815 ) ;
#3122 = TOROIDAL_SURFACE ( 'NONE', #1815, 6.794071250352223100, 1.200000000000000000 ) ;
#3123 = ORIENTED_EDGE ( 'NONE', *, *, #2348, .T. ) ;
#3124 = EDGE_CURVE ( 'NONE', #1188, #2682, #2673, .T. ) ;
#3125 = CARTESIAN_POINT ( 'NONE',  ( 11.39999999999996500, 23.19999999999969000, -5.520589203299223900 ) ) ;
#3126 = FACE_OUTER_BOUND ( 'NONE', #3844, .T. ) ;
#3127 = CARTESIAN_POINT ( 'NONE',  ( 7.930190452764477100, 11.27564434701785600, -10.00000000000000200 ) ) ;
#3128 = VERTEX_POINT ( 'NONE', #2539 ) ;
#3129 = CARTESIAN_POINT ( 'NONE',  ( 8.500000000000000000, 28.53750000000000500, -4.800000000000002500 ) ) ;
#3130 = PLANE ( 'NONE',  #320 ) ;
#3131 = CARTESIAN_POINT ( 'NONE',  ( 10.12917522431723900, 15.55863429370289300, 7.462007587031532600 ) ) ;
#3132 = EDGE_LOOP ( 'NONE', ( #3214, #582, #2127, #2480 ) ) ;
#3133 = CARTESIAN_POINT ( 'NONE',  ( 10.61358957760031700, 14.21128774053502900, 8.799999999999995400 ) ) ;
#3134 = AXIS2_PLACEMENT_3D ( 'NONE', #2830, #2836, #2866 ) ;
#3135 = CARTESIAN_POINT ( 'NONE',  ( 7.930190452764477100, 8.677568135664541800, 8.500000000000000000 ) ) ;
#3136 = B_SPLINE_CURVE_WITH_KNOTS ( 'NONE', 3,
 ( #2410, #2408, #2395, #2419 ),
 .UNSPECIFIED., .F., .F.,
 ( 4, 4 ),
 ( 8.312317218793650200E-017, 6.198718086398594400E-006 ),
 .UNSPECIFIED. ) ;
#3137 = EDGE_LOOP ( 'NONE', ( #472, #2125, #2441, #1868 ) ) ;
#3138 = LINE ( 'NONE', #2819, #3683 ) ;
#3139 = CARTESIAN_POINT ( 'NONE',  ( 9.327101954241774400, 13.27512281349554400, 0.7666666666666627200 ) ) ;
#3140 = VERTEX_POINT ( 'NONE', #1322 ) ;
#3141 = EDGE_LOOP ( 'NONE', ( #2046, #2602, #2616, #981 ) ) ;
#3142 = CARTESIAN_POINT ( 'NONE',  ( 10.61325112045961700, 21.10237094568042300, -5.718110282597928400 ) ) ;
#3143 = CARTESIAN_POINT ( 'NONE',  ( 3.293037830601304600, 3.031320729375559500, -10.00000000000003000 ) ) ;
#3144 = CARTESIAN_POINT ( 'NONE',  ( 2.081103669023687700, 14.55610912407219400, 9.999999999999913000 ) ) ;
#3145 = ORIENTED_EDGE ( 'NONE', *, *, #3492, .F. ) ;
#3146 = VERTEX_POINT ( 'NONE', #1307 ) ;
#3147 = ADVANCED_FACE ( 'NONE', ( #1839 ), #14, .T. ) ;
#3148 = EDGE_CURVE ( 'NONE', #2571, #1636, #1796, .T. ) ;
#3149 = CARTESIAN_POINT ( 'NONE',  ( 10.25464006491854500, 20.76796430161178700, -4.409821314917768300 ) ) ;
#3150 = ORIENTED_EDGE ( 'NONE', *, *, #3580, .T. ) ;
#3151 = CARTESIAN_POINT ( 'NONE',  ( 9.327101954241774400, 13.27512281349554400, 2.299999999999995800 ) ) ;
#3152 = CARTESIAN_POINT ( 'NONE',  ( 9.878675414420492000, 19.46318545889989700, 3.030842752818259100 ) ) ;
#3153 = CARTESIAN_POINT ( 'NONE',  ( 10.10340595770554700, 20.51697219490661400, -3.509966761155400000 ) ) ;
#3154 = FACE_OUTER_BOUND ( 'NONE', #3800, .T. ) ;
#3155 = CARTESIAN_POINT ( 'NONE',  ( 9.327101954241774400, 13.27512281349554400, -2.300000000000005200 ) ) ;
#3156 = DIRECTION ( 'NONE',  ( 0.9961946980917455500, -0.08715574274765906800, 0.0000000000000000000 ) ) ;
#3157 = FACE_OUTER_BOUND ( 'NONE', #1441, .T. ) ;
#3158 = DIRECTION ( 'NONE',  ( 5.123055384344954300E-016, 6.788048384257072700E-015, 1.000000000000000000 ) ) ;
#3159 = VECTOR ( 'NONE', #594, 1000.000000000000000 ) ;
#3160 = CARTESIAN_POINT ( 'NONE',  ( 10.35388865173595900, 20.79414792381279000, -4.989607249305399800 ) ) ;
#3161 = CARTESIAN_POINT ( 'NONE',  ( 10.65944596608226800, 21.62667428906612000, 5.010568111603545200 ) ) ;
#3162 = CARTESIAN_POINT ( 'NONE',  ( 10.14347768728686800, 20.77724614555795300, -3.181582082242045300 ) ) ;
#3163 = FACE_OUTER_BOUND ( 'NONE', #2559, .T. ) ;
#3164 = CARTESIAN_POINT ( 'NONE',  ( 9.800421939278667300, 16.39045234927535000, 8.799999999999998900 ) ) ;
#3165 = ORIENTED_EDGE ( 'NONE', *, *, #3049, .T. ) ;
#3166 = CARTESIAN_POINT ( 'NONE',  ( 10.37321130401067900, 18.34797944835977600, -7.343443499095450000 ) ) ;
#3167 = EDGE_CURVE ( 'NONE', #1216, #1008, #1887, .T. ) ;
#3168 = ORIENTED_EDGE ( 'NONE', *, *, #1169, .T. ) ;
#3169 = CARTESIAN_POINT ( 'NONE',  ( 1.199999999999999100, 4.409111036888173600, 9.999999999999980500 ) ) ;
#3170 = ORIENTED_EDGE ( 'NONE', *, *, #1800, .F. ) ;
#3171 = EDGE_CURVE ( 'NONE', #2898, #3146, #1789, .T. ) ;
#3172 = CARTESIAN_POINT ( 'NONE',  ( 10.18390720736836400, 20.77370902087902800, 3.620645182322039400 ) ) ;
#3173 = ORIENTED_EDGE ( 'NONE', *, *, #1323, .T. ) ;
#3174 = CARTESIAN_POINT ( 'NONE',  ( 0.09999999999999896500, 9.930572883139159800, -10.00000000000008000 ) ) ;
#3175 = DIRECTION ( 'NONE',  ( 0.0000000000000000000, -1.000000000000000000, 0.0000000000000000000 ) ) ;
#3176 = CARTESIAN_POINT ( 'NONE',  ( 10.65944596608226800, 21.62664516489543200, -5.010629042733928200 ) ) ;
#3177 = EDGE_LOOP ( 'NONE', ( #1233, #3327, #887, #166 ) ) ;
#3178 = ORIENTED_EDGE ( 'NONE', *, *, #1269, .F. ) ;
#3179 = AXIS2_PLACEMENT_3D ( 'NONE', #544, #2097, #796 ) ;
#3180 = DIRECTION ( 'NONE',  ( 1.000000000000000000, -0.0000000000000000000, -0.0000000000000000000 ) ) ;
#3181 = AXIS2_PLACEMENT_3D ( 'NONE', #332, #32, #2250 ) ;
#3182 = CARTESIAN_POINT ( 'NONE',  ( 9.357146919966874400, 13.61853834316799300, 3.738862376112553200 ) ) ;
#3183 = DIRECTION ( 'NONE',  ( -0.0000000000000000000, -0.0000000000000000000, -1.000000000000000000 ) ) ;
#3184 = EDGE_LOOP ( 'NONE', ( #2246, #286, #72, #1327 ) ) ;
#3185 = VERTEX_POINT ( 'NONE', #1301 ) ;
#3186 = CARTESIAN_POINT ( 'NONE',  ( 10.16555964217960600, 15.99197447004211800, -7.457810936355527600 ) ) ;
#3187 = LINE ( 'NONE', #3016, #2352 ) ;
#3188 = CARTESIAN_POINT ( 'NONE',  ( 10.37321130401067900, 18.34797944835977300, 0.0000000000000000000 ) ) ;
#3189 = CARTESIAN_POINT ( 'NONE',  ( 10.64245545360656200, 21.75363123048736800, 4.632038055372605700 ) ) ;
#3190 = PLANE ( 'NONE',  #1913 ) ;
#3191 = LINE ( 'NONE', #432, #2173 ) ;
#3192 = EDGE_CURVE ( 'NONE', #1858, #1177, #1830, .T. ) ;
#3193 = CARTESIAN_POINT ( 'NONE',  ( 10.53625915474977300, 13.32739696275860700, 9.049231083909822000 ) ) ;
#3194 = DIRECTION ( 'NONE',  ( -1.000000000000000000, 0.0000000000000000000, 0.0000000000000000000 ) ) ;
#3195 = VERTEX_POINT ( 'NONE', #1954 ) ;
#3196 = DIRECTION ( 'NONE',  ( 0.0000000000000000000, 0.0000000000000000000, 1.000000000000000000 ) ) ;
#3197 = CARTESIAN_POINT ( 'NONE',  ( 0.09999999999999896500, 9.930572883139300100, 9.999999999999946700 ) ) ;
#3198 = CARTESIAN_POINT ( 'NONE',  ( 1.199999999999998800, 0.9999999999999817900, 10.00000000000000400 ) ) ;
#3199 = CARTESIAN_POINT ( 'NONE',  ( 10.65944596608226800, 21.63712098386458000, -4.988712418971682700 ) ) ;
#3200 = VECTOR ( 'NONE', #2971, 1000.000000000000000 ) ;
#3201 = DIRECTION ( 'NONE',  ( 0.0000000000000000000, 1.084202172485510000E-015, -1.000000000000000000 ) ) ;
#3202 = AXIS2_PLACEMENT_3D ( 'NONE', #3255, #1470, #1810 ) ;
#3203 = CARTESIAN_POINT ( 'NONE',  ( 10.50882618383270300, 21.94986609892596600, -2.300000000000006000 ) ) ;
#3204 = FACE_OUTER_BOUND ( 'NONE', #2837, .T. ) ;
#3205 = ORIENTED_EDGE ( 'NONE', *, *, #2195, .T. ) ;
#3206 = CARTESIAN_POINT ( 'NONE',  ( 9.845607995990780700, 19.19719462668497200, -2.705126004922896200 ) ) ;
#3207 = CARTESIAN_POINT ( 'NONE',  ( 4.940372697077998000, 16.44012367002045100, 9.999999999999897000 ) ) ;
#3208 = EDGE_CURVE ( 'NONE', #1393, #2026, #1647, .T. ) ;
#3209 = ORIENTED_EDGE ( 'NONE', *, *, #1491, .F. ) ;
#3210 = VECTOR ( 'NONE', #3158, 1000.000000000000000 ) ;
#3211 = FACE_OUTER_BOUND ( 'NONE', #2124, .T. ) ;
#3212 = CARTESIAN_POINT ( 'NONE',  ( 10.18390720736836400, 20.77370902087902800, 8.800000000000009600 ) ) ;
#3213 = CARTESIAN_POINT ( 'NONE',  ( 8.500000000000000000, 28.53749999999999100, 4.800000000000000700 ) ) ;
#3214 = ORIENTED_EDGE ( 'NONE', *, *, #2247, .F. ) ;
#3215 = CARTESIAN_POINT ( 'NONE',  ( 10.18390720736836400, 20.77370902087902800, -3.620645182322054500 ) ) ;
#3216 = VERTEX_POINT ( 'NONE', #3621 ) ;
#3217 = ORIENTED_EDGE ( 'NONE', *, *, #1145, .T. ) ;
#3218 = CARTESIAN_POINT ( 'NONE',  ( 1.199999999999999700, -9.797174393178831100E-017, 12.60000000000000000 ) ) ;
#3219 = ORIENTED_EDGE ( 'NONE', *, *, #1543, .F. ) ;
#3220 = EDGE_CURVE ( 'NONE', #943, #626, #3340, .T. ) ;
#3221 = EDGE_LOOP ( 'NONE', ( #1291, #3251, #3563, #1284, #872, #214, #3173, #2355, #1662, #2242, #1771, #666 ) ) ;
#3222 = CARTESIAN_POINT ( 'NONE',  ( 4.961421993339540900, 20.25233072248427400, 9.999999999999868500 ) ) ;
#3223 = CARTESIAN_POINT ( 'NONE',  ( 11.24689344818780900, 22.97111713893173900, -4.662430476729296600 ) ) ;
#3224 = CARTESIAN_POINT ( 'NONE',  ( 10.40959572187312600, 18.81531695422477700, -7.205025956468706900 ) ) ;
#3225 = CARTESIAN_POINT ( 'NONE',  ( 0.09999999999999896500, 9.930572883139159800, -10.00000000000008000 ) ) ;
#3226 = ORIENTED_EDGE ( 'NONE', *, *, #3208, .T. ) ;
#3227 = CARTESIAN_POINT ( 'NONE',  ( 10.02460239277675500, 7.479133412345510700, 12.60000000000000100 ) ) ;
#3228 = CARTESIAN_POINT ( 'NONE',  ( 2.328384477329699100, 13.70398818489144000, -10.00000000000010800 ) ) ;
#3229 = CARTESIAN_POINT ( 'NONE',  ( 1.905468326672107700, 13.34938484408323400, -10.00000000000010500 ) ) ;
#3230 = VECTOR ( 'NONE', #461, 1000.000000000000000 ) ;
#3231 = CARTESIAN_POINT ( 'NONE',  ( 10.07676792537417200, 8.075388178335115800, 5.102701269822656400 ) ) ;
#3232 = CARTESIAN_POINT ( 'NONE',  ( 10.40807360110974300, 18.74645732759647400, 7.239263338653654700 ) ) ;
#3233 = VERTEX_POINT ( 'NONE', #2531 ) ;
#3234 = CARTESIAN_POINT ( 'NONE',  ( 1.455925513243222100, 12.92097486017103200, -10.00000000000010100 ) ) ;
#3235 = CARTESIAN_POINT ( 'NONE',  ( 0.9533182490130333000, 12.39621189971311400, -10.00000000000009800 ) ) ;
#3236 = EDGE_CURVE ( 'NONE', #1873, #772, #1606, .T. ) ;
#3237 = CARTESIAN_POINT ( 'NONE',  ( 0.5181374019267039900, 11.77878691749905300, -10.00000000000009400 ) ) ;
#3238 = CARTESIAN_POINT ( 'NONE',  ( 0.1240025676036211700, 10.50055674212998700, -10.00000000000006200 ) ) ;
#3239 = EDGE_CURVE ( 'NONE', #1653, #609, #1657, .T. ) ;
#3240 =( BOUNDED_CURVE ( )  B_SPLINE_CURVE ( 2, ( #3662, #2468, #2694 ),
 .UNSPECIFIED., .F., .T. ) 
 B_SPLINE_CURVE_WITH_KNOTS ( ( 3, 3 ),
 ( 0.0000000000000000000, 0.9433721466107906100 ),
 .UNSPECIFIED. ) 
 CURVE ( )  GEOMETRIC_REPRESENTATION_ITEM ( )  RATIONAL_B_SPLINE_CURVE ( ( 1.000000000000000000, 0.9712610840237563300, 0.9967451537590649200 ) ) 
 REPRESENTATION_ITEM ( '' )  );
#3241 = CARTESIAN_POINT ( 'NONE',  ( 9.920001441722858400, 13.16776701828269900, 7.330997241176729200 ) ) ;
#3242 = LINE ( 'NONE', #1352, #3881 ) ;
#3243 = CARTESIAN_POINT ( 'NONE',  ( 10.36286684395160200, 18.28166681523564900, 7.344961573985837200 ) ) ;
#3244 = CIRCLE ( 'NONE', #1766, 1.500000000000000000 ) ;
#3245 = VECTOR ( 'NONE', #467, 1000.000000000000000 ) ;
#3246 = CARTESIAN_POINT ( 'NONE',  ( 1.199999999999999100, 4.409111036888173600, -10.00000000000003000 ) ) ;
#3247 = ORIENTED_EDGE ( 'NONE', *, *, #2397, .F. ) ;
#3248 = CARTESIAN_POINT ( 'NONE',  ( 11.23281529656531000, 22.93179410767824000, 4.693460657567484900 ) ) ;
#3249 = CARTESIAN_POINT ( 'NONE',  ( 3.524305502200570000, 14.55560693673208800, -10.00000000000011400 ) ) ;
#3250 = VECTOR ( 'NONE', #1663, 1000.000000000000000 ) ;
#3251 = ORIENTED_EDGE ( 'NONE', *, *, #103, .T. ) ;
#3252 = EDGE_LOOP ( 'NONE', ( #3417, #104, #278, #2440 ) ) ;
#3253 = DIRECTION ( 'NONE',  ( -0.0000000000000000000, -0.0000000000000000000, 1.000000000000000000 ) ) ;
#3254 = LINE ( 'NONE', #3218, #3245 ) ;
#3255 = CARTESIAN_POINT ( 'NONE',  ( 9.679623168133201000, 17.30445872610744800, 2.299999999999995800 ) ) ;
#3256 = ORIENTED_EDGE ( 'NONE', *, *, #2497, .F. ) ;
#3257 = CARTESIAN_POINT ( 'NONE',  ( 9.676091274228346300, 10.37986104664510000, -5.479847995385910900 ) ) ;
#3258 = CARTESIAN_POINT ( 'NONE',  ( 10.05029581893098700, 7.772810617139321600, -3.154551563142003400 ) ) ;
#3259 = EDGE_CURVE ( 'NONE', #2713, #3307, #1738, .T. ) ;
#3260 = ORIENTED_EDGE ( 'NONE', *, *, #1218, .F. ) ;
#3261 = CARTESIAN_POINT ( 'NONE',  ( 10.18149481596897100, 20.67868088671152200, -3.846979053419066200 ) ) ;
#3262 = CARTESIAN_POINT ( 'NONE',  ( 9.678003800356135500, 10.40172132031532500, -5.509035422798812800 ) ) ;
#3263 = ORIENTED_EDGE ( 'NONE', *, *, #1876, .T. ) ;
#3264 = CARTESIAN_POINT ( 'NONE',  ( 9.997937898348933300, 8.371659293711347900, -4.517473285746087100 ) ) ;
#3265 = ORIENTED_EDGE ( 'NONE', *, *, #2300, .F. ) ;
#3266 = FACE_OUTER_BOUND ( 'NONE', #3252, .T. ) ;
#3267 = CARTESIAN_POINT ( 'NONE',  ( 0.0000000000000000000, -6.938893903907228400E-014, -10.00000000000001100 ) ) ;
#3268 = PLANE ( 'NONE',  #2057 ) ;
#3269 = CARTESIAN_POINT ( 'NONE',  ( 9.676091274228346300, 10.37986104664510000, -5.479847995385910900 ) ) ;
#3270 = CARTESIAN_POINT ( 'NONE',  ( 9.626629004499756400, 9.814504716634024500, 4.527237757743131800 ) ) ;
#3271 = EDGE_CURVE ( 'NONE', #176, #1907, #1571, .T. ) ;
#3272 = CARTESIAN_POINT ( 'NONE',  ( 3.999999999999990700, 31.79999999999986900, -8.000000000000222000 ) ) ;
#3273 = CARTESIAN_POINT ( 'NONE',  ( 10.22365623797277200, 9.754329274001710500, -7.408721405221083200 ) ) ;
#3274 = VECTOR ( 'NONE', #3681, 1000.000000000000000 ) ;
#3275 = EDGE_CURVE ( 'NONE', #3804, #1105, #58, .T. ) ;
#3276 = LINE ( 'NONE', #3054, #3210 ) ;
#3277 = B_SPLINE_CURVE_WITH_KNOTS ( 'NONE', 3,
 ( #1456, #1464, #1466, #1473, #1684, #1670 ),
 .UNSPECIFIED., .F., .F.,
 ( 4, 2, 4 ),
 ( 0.05614488886410813600, 0.5280724444320540300, 1.000000000000000000 ),
 .UNSPECIFIED. ) ;
#3278 = VERTEX_POINT ( 'NONE', #3113 ) ;
#3279 = EDGE_CURVE ( 'NONE', #2209, #675, #804, .T. ) ;
#3280 = CARTESIAN_POINT ( 'NONE',  ( 9.077869758727764800, 10.42638578323844300, 2.299999999999957200 ) ) ;
#3281 = LINE ( 'NONE', #245, #3274 ) ;
#3282 = CARTESIAN_POINT ( 'NONE',  ( 9.672289786470994200, 10.48215836064905600, -5.548981023071040600 ) ) ;
#3283 = ORIENTED_EDGE ( 'NONE', *, *, #3438, .T. ) ;
#3284 = ORIENTED_EDGE ( 'NONE', *, *, #126, .T. ) ;
#3285 = CIRCLE ( 'NONE', #1052, 9.999999999999998200 ) ;
#3286 = CARTESIAN_POINT ( 'NONE',  ( 10.36301132920050200, 11.34716525540302000, -8.142065206006499500 ) ) ;
#3287 = ORIENTED_EDGE ( 'NONE', *, *, #1827, .T. ) ;
#3288 = CIRCLE ( 'NONE', #359, 5.162007587031241400 ) ;
#3289 = FACE_OUTER_BOUND ( 'NONE', #817, .T. ) ;
#3290 = ORIENTED_EDGE ( 'NONE', *, *, #312, .T. ) ;
#3291 = VERTEX_POINT ( 'NONE', #3055 ) ;
#3292 = CARTESIAN_POINT ( 'NONE',  ( 9.077869758637081800, 10.42638578215324500, 2.810546318049076000 ) ) ;
#3293 = ORIENTED_EDGE ( 'NONE', *, *, #2990, .F. ) ;
#3294 = CARTESIAN_POINT ( 'NONE',  ( 8.701368512378165200, -0.7612711019945198600, 0.0000000000000000000 ) ) ;
#3295 = CARTESIAN_POINT ( 'NONE',  ( 11.22782836361195700, 22.95000510351908900, 4.627294855198512000 ) ) ;
#3296 = ORIENTED_EDGE ( 'NONE', *, *, #1877, .F. ) ;
#3297 = CARTESIAN_POINT ( 'NONE',  ( 9.263301413990086900, 11.61268782840631000, 2.299999999999995800 ) ) ;
#3298 = DIRECTION ( 'NONE',  ( 0.0000000000000000000, -1.000000000000000000, 0.0000000000000000000 ) ) ;
#3299 = CARTESIAN_POINT ( 'NONE',  ( 10.41477676833457600, 13.40779734182437200, -8.513557870614116400 ) ) ;
#3300 = ORIENTED_EDGE ( 'NONE', *, *, #3842, .T. ) ;
#3301 = ORIENTED_EDGE ( 'NONE', *, *, #1294, .T. ) ;
#3302 = EDGE_CURVE ( 'NONE', #1760, #20, #1583, .T. ) ;
#3303 =( BOUNDED_CURVE ( )  B_SPLINE_CURVE ( 2, ( #942, #2522, #644 ),
 .UNSPECIFIED., .F., .T. ) 
 B_SPLINE_CURVE_WITH_KNOTS ( ( 3, 3 ),
 ( 0.0000000000000000000, 0.9433721466107882800 ),
 .UNSPECIFIED. ) 
 CURVE ( )  GEOMETRIC_REPRESENTATION_ITEM ( )  RATIONAL_B_SPLINE_CURVE ( ( 1.000000000000000000, 0.9712610840237564400, 0.9967451537590648100 ) ) 
 REPRESENTATION_ITEM ( '' )  );
#3304 = B_SPLINE_CURVE_WITH_KNOTS ( 'NONE', 3,
 ( #3727, #1214, #3223, #228, #3455, #3688, #3689, #3885, #3556, #428, #287, #1232, #1485 ),
 .UNSPECIFIED., .F., .F.,
 ( 4, 3, 3, 3, 4 ),
 ( 0.0000000000000000000, 2.296768276963356800E-005, 4.631088425935066700E-005, 5.811967024972004800E-005, 6.178209562464857900E-005 ),
 .UNSPECIFIED. ) ;
#3305 = ORIENTED_EDGE ( 'NONE', *, *, #3564, .T. ) ;
#3306 = EDGE_LOOP ( 'NONE', ( #814, #2486, #68, #2401 ) ) ;
#3307 = VERTEX_POINT ( 'NONE', #3092 ) ;
#3308 = PLANE ( 'NONE',  #2709 ) ;
#3309 = CARTESIAN_POINT ( 'NONE',  ( 11.40000000000000000, 24.02168489848493500, -2.300000000000006000 ) ) ;
#3310 = DIRECTION ( 'NONE',  ( 8.164311994315695000E-017, 1.000000000000000000, -0.0000000000000000000 ) ) ;
#3311 = CARTESIAN_POINT ( 'NONE',  ( 3.501886792452831600, 25.20000000000001000, -8.000000000000179400 ) ) ;
#3312 = CARTESIAN_POINT ( 'NONE',  ( 9.084765151632060700, 10.50520048476153100, 3.323853302592572100 ) ) ;
#3313 = CARTESIAN_POINT ( 'NONE',  ( 9.678935173861644300, 10.42916535840237200, -5.537473516598201900 ) ) ;
#3314 = ADVANCED_FACE ( 'NONE', ( #1518 ), #2265, .T. ) ;
#3315 = CIRCLE ( 'NONE', #1264, 16.99999999999999600 ) ;
#3316 = B_SPLINE_CURVE_WITH_KNOTS ( 'NONE', 3,
 ( #3489, #1153, #173, #2099, #485, #2377 ),
 .UNSPECIFIED., .F., .F.,
 ( 4, 2, 4 ),
 ( 0.0000000000000000000, 0.0004154114000947726000, 0.0008308228001895452100 ),
 .UNSPECIFIED. ) ;
#3317 = EDGE_CURVE ( 'NONE', #3371, #1444, #1437, .T. ) ;
#3318 = CARTESIAN_POINT ( 'NONE',  ( 10.40553145421108800, 11.83317250818159400, 8.658677572621005700 ) ) ;
#3319 = CARTESIAN_POINT ( 'NONE',  ( -10.00000000000000200, -6.938893903907228400E-014, -10.00000000000001100 ) ) ;
#3320 = CARTESIAN_POINT ( 'NONE',  ( 19.64157014905066100, 16.43290129863086300, 2.299999999999995800 ) ) ;
#3321 = CIRCLE ( 'NONE', #2382, 10.00000000000000000 ) ;
#3322 = ORIENTED_EDGE ( 'NONE', *, *, #1010, .T. ) ;
#3323 = CARTESIAN_POINT ( 'NONE',  ( 9.114000200054366700, 10.83935861734437200, 4.306762788630618600 ) ) ;
#3324 = CARTESIAN_POINT ( 'NONE',  ( 11.39999999999803600, 23.15461332041981600, 4.933954170322829600 ) ) ;
#3325 = DIRECTION ( 'NONE',  ( 1.000000000000000000, -0.0000000000000000000, -0.0000000000000000000 ) ) ;
#3326 = CARTESIAN_POINT ( 'NONE',  ( 10.22387887279934500, 9.756874001713901700, 7.410958506650941600 ) ) ;
#3327 = ORIENTED_EDGE ( 'NONE', *, *, #2119, .F. ) ;
#3328 = CARTESIAN_POINT ( 'NONE',  ( 19.64157014905066100, 16.43290129863086300, -2.300000000000006000 ) ) ;
#3329 = CARTESIAN_POINT ( 'NONE',  ( 9.908236564586014000, 13.03329385727300900, 7.298658270840858700 ) ) ;
#3330 = AXIS2_PLACEMENT_3D ( 'NONE', #2014, #641, #2025 ) ;
#3331 = AXIS2_PLACEMENT_3D ( 'NONE', #2358, #3310, #1546 ) ;
#3332 = ADVANCED_FACE ( 'NONE', ( #1431 ), #3085, .T. ) ;
#3333 = ADVANCED_FACE ( 'NONE', ( #1590 ), #1644, .F. ) ;
#3334 = CARTESIAN_POINT ( 'NONE',  ( 3.200000000000002000, 21.20000000000002100, -10.00000000000016000 ) ) ;
#3335 = EDGE_LOOP ( 'NONE', ( #341, #1239, #2630, #2610, #3096, #1904 ) ) ;
#3336 = CARTESIAN_POINT ( 'NONE',  ( 9.136446397378538400, 11.09591982670980000, 4.777007502980177700 ) ) ;
#3337 = VECTOR ( 'NONE', #3684, 1000.000000000000000 ) ;
#3338 = DIRECTION ( 'NONE',  ( -0.9961946980917455500, 0.08715574274765776300, 0.0000000000000000000 ) ) ;
#3339 = VERTEX_POINT ( 'NONE', #454 ) ;
#3340 = B_SPLINE_CURVE_WITH_KNOTS ( 'NONE', 3,
 ( #1874, #2492, #3626, #3497, #2930, #76, #3424, #3395, #2509, #2514, #3533, #3508, #3348, #3358, #3282, #3313, #3262, #3269 ),
 .UNSPECIFIED., .F., .F.,
 ( 4, 2, 2, 2, 2, 2, 2, 2, 4 ),
 ( 0.0000000000000000000, 0.001738380107665646700, 0.002607570161498470000, 0.003042165188414879900, 0.003150813945143982700, 0.003259462701873085100, 0.003313787080237638000, 0.003368111458602191000, 0.003476760215331296400 ),
 .UNSPECIFIED. ) ;
#3341 = DIRECTION ( 'NONE',  ( -0.08715574274765776300, -0.9961946980917455500, 0.0000000000000000000 ) ) ;
#3342 = APPLICATION_CONTEXT ( 'automotive_design' ) ;
#3343 = EDGE_CURVE ( 'NONE', #1248, #873, #1446, .T. ) ;
#3344 = EDGE_CURVE ( 'NONE', #3216, #1008, #1368, .T. ) ;
#3345 = VECTOR ( 'NONE', #2257, 1000.000000000000000 ) ;
#3346 = CARTESIAN_POINT ( 'NONE',  ( 9.196608977904766400, 11.78358126884766600, 5.598570185187828200 ) ) ;
#3347 = ADVANCED_FACE ( 'NONE', ( #1306 ), #3555, .F. ) ;
#3348 = CARTESIAN_POINT ( 'NONE',  ( 9.660225153466790000, 10.53252320247844400, -5.530242556889096100 ) ) ;
#3349 = AXIS2_PLACEMENT_3D ( 'NONE', #2073, #2068, #2061 ) ;
#3350 = CARTESIAN_POINT ( 'NONE',  ( 10.87505680584329300, 17.19987183481025300, 9.094071250352223900 ) ) ;
#3351 = CARTESIAN_POINT ( 'NONE',  ( 10.29819303896855200, 19.06435474473207800, 6.704406429089115900 ) ) ;
#3352 = LINE ( 'NONE', #773, #3505 ) ;
#3353 = CARTESIAN_POINT ( 'NONE',  ( 9.234426156868508400, 12.21583360238973600, 5.948861562513655200 ) ) ;
#3354 =( BOUNDED_CURVE ( )  B_SPLINE_CURVE ( 3, ( #3734, #2956, #2961, #2477 ),
 .UNSPECIFIED., .F., .F. ) 
 B_SPLINE_CURVE_WITH_KNOTS ( ( 4, 4 ),
 ( 0.0003999999999999969800, 0.0007999999999999990600 ),
 .UNSPECIFIED. ) 
 CURVE ( )  GEOMETRIC_REPRESENTATION_ITEM ( )  RATIONAL_B_SPLINE_CURVE ( ( 0.9872686667552359500, 0.9872686667552359500, 0.9872686667552359500, 0.9872686667552359500 ) ) 
 REPRESENTATION_ITEM ( '' )  );
#3355 = CARTESIAN_POINT ( 'NONE',  ( 9.357146920481612900, 13.61853834795827100, 4.110711767095414100 ) ) ;
#3356 = VERTEX_POINT ( 'NONE', #3376 ) ;
#3357 = EDGE_CURVE ( 'NONE', #2438, #3233, #1141, .T. ) ;
#3358 = CARTESIAN_POINT ( 'NONE',  ( 9.668579164729756300, 10.50082985531092200, -5.546014044253280600 ) ) ;
#3359 = ADVANCED_FACE ( 'NONE', ( #1310 ), #3308, .F. ) ;
#3360 = ADVANCED_FACE ( 'NONE', ( #1421 ), #3460, .F. ) ;
#3361 = CARTESIAN_POINT ( 'NONE',  ( 9.077869758727780800, 10.42638578323846100, -2.300000000000005200 ) ) ;
#3362 = VECTOR ( 'NONE', #751, 1000.000000000000000 ) ;
#3363 = DIRECTION ( 'NONE',  ( -0.0000000000000000000, -0.0000000000000000000, -1.000000000000000000 ) ) ;
#3364 = ORIENTED_EDGE ( 'NONE', *, *, #2161, .F. ) ;
#3365 = CYLINDRICAL_SURFACE ( 'NONE', #1331, 0.3999999999999993000 ) ;
#3366 = CARTESIAN_POINT ( 'NONE',  ( 10.61358957760043300, 14.21128774053633300, -8.808572679493705600 ) ) ;
#3367 = LINE ( 'NONE', #781, #3337 ) ;
#3368 = ORIENTED_EDGE ( 'NONE', *, *, #3682, .F. ) ;
#3369 = CARTESIAN_POINT ( 'NONE',  ( 5.599999999999999600, 28.59999999999986600, -8.000000000000200700 ) ) ;
#3370 = ORIENTED_EDGE ( 'NONE', *, *, #1068, .T. ) ;
#3371 = VERTEX_POINT ( 'NONE', #2268 ) ;
#3372 = EDGE_CURVE ( 'NONE', #2387, #3371, #1282, .T. ) ;
#3373 = ADVANCED_FACE ( 'NONE', ( #1274 ), #1891, .T. ) ;
#3374 = CARTESIAN_POINT ( 'NONE',  ( 10.12483505132963300, 20.77887716486245000, 2.741308696363513600 ) ) ;
#3375 = DIRECTION ( 'NONE',  ( -0.9961946980917455500, 0.08715574274765833200, 0.0000000000000000000 ) ) ;
#3376 = CARTESIAN_POINT ( 'NONE',  ( 10.48550737437759900, 14.22249348131705900, -8.553663185991409200 ) ) ;
#3377 = ORIENTED_EDGE ( 'NONE', *, *, #2136, .F. ) ;
#3378 = DIRECTION ( 'NONE',  ( 0.0000000000000000000, -1.000000000000000000, -1.176083712526645600E-015 ) ) ;
#3379 = EDGE_CURVE ( 'NONE', #1245, #2574, #1244, .T. ) ;
#3380 = CARTESIAN_POINT ( 'NONE',  ( 10.79878506854649500, 22.29278191210707800, -4.358729038413481600 ) ) ;
#3381 = DIRECTION ( 'NONE',  ( 0.08715574274765833200, 0.9961946980917455500, -0.0000000000000000000 ) ) ;
#3382 = CARTESIAN_POINT ( 'NONE',  ( -0.7000000000000010700, 9.930572883139300100, 9.999999999999941400 ) ) ;
#3383 = CARTESIAN_POINT ( 'NONE',  ( 9.920001441722858400, 13.16776701828270300, 7.409048455408139900 ) ) ;
#3384 = CARTESIAN_POINT ( 'NONE',  ( 6.368213862877856200, 6.746740728277139900, 9.999999999999964500 ) ) ;
#3385 = AXIS2_PLACEMENT_3D ( 'NONE', #1206, #1184, #1208 ) ;
#3386 = CARTESIAN_POINT ( 'NONE',  ( 9.378583299480874700, 13.86355728219496100, -3.954836105399727000 ) ) ;
#3387 = LINE ( 'NONE', #3659, #3362 ) ;
#3388 = CARTESIAN_POINT ( 'NONE',  ( 7.930190452764477100, 0.0000000000000000000, 0.0000000000000000000 ) ) ;
#3389 = ORIENTED_EDGE ( 'NONE', *, *, #1438, .T. ) ;
#3390 = CARTESIAN_POINT ( 'NONE',  ( 10.12917522431724000, 15.55863429370289300, -7.462007587033084200 ) ) ;
#3391 = CARTESIAN_POINT ( 'NONE',  ( 4.213421055347285300, 16.59823875815378400, 9.999999999999898700 ) ) ;
#3392 = LINE ( 'NONE', #2573, #3200 ) ;
#3393 = VECTOR ( 'NONE', #3655, 1000.000000000000000 ) ;
#3394 = LINE ( 'NONE', #2666, #3116 ) ;
#3395 = CARTESIAN_POINT ( 'NONE',  ( 9.609125227697783000, 10.63893051350245900, -5.349252889700309800 ) ) ;
#3396 = LINE ( 'NONE', #1003, #865 ) ;
#3397 = CARTESIAN_POINT ( 'NONE',  ( 9.969720564638219400, 15.26692107836783100, -7.071805743651556700 ) ) ;
#3398 = EDGE_CURVE ( 'NONE', #2339, #1908, #1285, .T. ) ;
#3399 = CIRCLE ( 'NONE', #2927, 2.999999999999996400 ) ;
#3400 = CARTESIAN_POINT ( 'NONE',  ( 9.848198257113656600, 19.19696800820091200, -2.907667049136214200 ) ) ;
#3401 = CARTESIAN_POINT ( 'NONE',  ( 10.16964148997902500, 9.136937879312784000, 6.784337833977025900 ) ) ;
#3402 = EDGE_CURVE ( 'NONE', #1907, #1659, #1238, .T. ) ;
#3403 = CARTESIAN_POINT ( 'NONE',  ( 10.08985005977852200, 15.41603266235923700, -7.387507173817137000 ) ) ;
#3404 = ORIENTED_EDGE ( 'NONE', *, *, #407, .T. ) ;
#3405 = VECTOR ( 'NONE', #539, 1000.000000000000000 ) ;
#3406 = CARTESIAN_POINT ( 'NONE',  ( 10.03418659433614800, 20.25481174676815500, 3.390900743552666800 ) ) ;
#3407 = CARTESIAN_POINT ( 'NONE',  ( 10.05740299941084900, 15.35855002470383800, -7.309674437147609000 ) ) ;
#3408 = CARTESIAN_POINT ( 'NONE',  ( 2.081103669023687700, 14.55610912407205100, -10.00000000000011400 ) ) ;
#3409 = ORIENTED_EDGE ( 'NONE', *, *, #201, .T. ) ;
#3410 = ORIENTED_EDGE ( 'NONE', *, *, #3167, .F. ) ;
#3411 = CARTESIAN_POINT ( 'NONE',  ( 10.11857881657480200, 8.553288851526589900, -5.573523369305736900 ) ) ;
#3412 = CARTESIAN_POINT ( 'NONE',  ( 10.11867112367297000, 15.49207384535776400, -7.449191339364589700 ) ) ;
#3413 = ORIENTED_EDGE ( 'NONE', *, *, #3700, .T. ) ;
#3414 = EDGE_LOOP ( 'NONE', ( #1332, #3217, #3557, #563 ) ) ;
#3415 = VECTOR ( 'NONE', #2360, 1000.000000000000000 ) ;
#3416 = CARTESIAN_POINT ( 'NONE',  ( 9.369281280494721600, 13.75723471867622100, -6.576718927104389300 ) ) ;
#3417 = ORIENTED_EDGE ( 'NONE', *, *, #373, .T. ) ;
#3418 = CARTESIAN_POINT ( 'NONE',  ( 10.10039959326076600, 15.43815672515500600, -7.411594978118636800 ) ) ;
#3419 = PLANE ( 'NONE',  #3181 ) ;
#3420 = CARTESIAN_POINT ( 'NONE',  ( 10.03418659433561400, 20.25481174676348000, -3.390900743562947000 ) ) ;
#3421 = ORIENTED_EDGE ( 'NONE', *, *, #528, .T. ) ;
#3422 =( BOUNDED_SURFACE ( )  B_SPLINE_SURFACE ( 3, 2, ( 
 ( #2606, #3366, #2696 ),
 ( #2701, #2707, #2708 ),
 ( #2716, #2720, #2670 ),
 ( #2724, #2725, #2731 ) ),
 .UNSPECIFIED., .F., .F., .F. ) 
 B_SPLINE_SURFACE_WITH_KNOTS ( ( 4, 4 ),
 ( 3, 3 ),
 ( -2.704336667797013800E-011, 0.002999999999999475300 ),
 ( 0.0000000000000000000, 1.000000000000000000 ),
 .UNSPECIFIED. ) 
 GEOMETRIC_REPRESENTATION_ITEM ( )  RATIONAL_B_SPLINE_SURFACE ( (
 ( 1.000000000000000000, 0.9728456051340166300, 1.000000000000000000),
 ( 1.000000000000000000, 0.9728456051340166300, 1.000000000000000000),
 ( 1.000000000000000000, 0.9728456051340167400, 1.000000000000000000),
 ( 1.000000000000000000, 0.9728456051340167400, 1.000000000000000000) ) ) 
 REPRESENTATION_ITEM ( '' )  SURFACE ( )  );
#3423 = EDGE_CURVE ( 'NONE', #3307, #2904, #2550, .T. ) ;
#3424 = CARTESIAN_POINT ( 'NONE',  ( 9.570986922517914100, 10.69155393535561900, -5.179664289876101600 ) ) ;
#3425 = DIRECTION ( 'NONE',  ( 0.9961946980917455500, -0.08715574274765829100, -0.0000000000000000000 ) ) ;
#3426 = CARTESIAN_POINT ( 'NONE',  ( 9.320817902496806100, 13.20329577340077500, -6.439070139231960300 ) ) ;
#3427 = CARTESIAN_POINT ( 'NONE',  ( 9.695835047981480800, 15.19501871156526600, -6.040238039400551700 ) ) ;
#3428 = DIRECTION ( 'NONE',  ( 0.08715574274765833200, 0.9961946980917455500, 0.0000000000000000000 ) ) ;
#3429 = DIRECTION ( 'NONE',  ( 0.08715574274765841600, 0.9961946980917455500, 0.0000000000000000000 ) ) ;
#3430 = CARTESIAN_POINT ( 'NONE',  ( 10.65944596608227000, 21.66954674920592400, 4.920873971086897400 ) ) ;
#3431 = CARTESIAN_POINT ( 'NONE',  ( 10.70074532035977900, 15.20748243862635200, 8.808572679504967700 ) ) ;
#3432 = LINE ( 'NONE', #479, #3393 ) ;
#3433 = VECTOR ( 'NONE', #3541, 1000.000000000000000 ) ;
#3434 = CARTESIAN_POINT ( 'NONE',  ( 9.418155939890224800, 14.31587463183222700, -6.576718928384399200 ) ) ;
#3435 = B_SPLINE_CURVE_WITH_KNOTS ( 'NONE', 3,
 ( #742, #701, #1767, #698 ),
 .UNSPECIFIED., .F., .F.,
 ( 4, 4 ),
 ( 0.0004059826480022831700, 0.0008219783321003254400 ),
 .UNSPECIFIED. ) ;
#3436 = DIRECTION ( 'NONE',  ( 0.0000000000000000000, 1.000000000000000000, -7.037085798773818400E-015 ) ) ;
#3437 = CARTESIAN_POINT ( 'NONE',  ( 10.61421268516108400, 21.82319265077315500, 4.264034127630941000 ) ) ;
#3438 = EDGE_CURVE ( 'NONE', #348, #3453, #1215, .T. ) ;
#3439 = LINE ( 'NONE', #1128, #3405 ) ;
#3440 = EDGE_CURVE ( 'NONE', #1713, #2130, #1317, .T. ) ;
#3441 = EDGE_LOOP ( 'NONE', ( #1097, #2612, #2982, #2805 ) ) ;
#3442 = EDGE_CURVE ( 'NONE', #1102, #470, #1167, .T. ) ;
#3443 = CARTESIAN_POINT ( 'NONE',  ( 9.327101954241774400, 13.27512281349554400, -0.7666666666666730500 ) ) ;
#3444 = DIRECTION ( 'NONE',  ( 0.0000000000000000000, 1.000000000000000000, -7.037085798773818400E-015 ) ) ;
#3445 = FACE_OUTER_BOUND ( 'NONE', #2113, .T. ) ;
#3446 = EDGE_LOOP ( 'NONE', ( #3165, #343, #3585, #3755 ) ) ;
#3447 = CARTESIAN_POINT ( 'NONE',  ( 9.357146919966874400, 13.61853834316799300, 3.738862376112553200 ) ) ;
#3448 = AXIS2_PLACEMENT_3D ( 'NONE', #2275, #2908, #3067 ) ;
#3449 = CARTESIAN_POINT ( 'NONE',  ( 9.749058455822307700, 15.19036226674496600, -6.303347785349950900 ) ) ;
#3450 = EDGE_LOOP ( 'NONE', ( #3322, #3596, #203, #974 ) ) ;
#3451 = ADVANCED_BREP_SHAPE_REPRESENTATION ( 'LOCK', ( #595, #1474 ), #2757 ) ;
#3452 = ORIENTED_EDGE ( 'NONE', *, *, #3741, .T. ) ;
#3453 = VERTEX_POINT ( 'NONE', #2406 ) ;
#3454 = VECTOR ( 'NONE', #3538, 1000.000000000000000 ) ;
#3455 = CARTESIAN_POINT ( 'NONE',  ( 11.24181497768202900, 22.96711175850484900, -4.648477122561752500 ) ) ;
#3456 = CARTESIAN_POINT ( 'NONE',  ( 10.09681741924540100, 19.17521664997929800, -5.822203203729682900 ) ) ;
#3457 = CARTESIAN_POINT ( 'NONE',  ( 4.940372697077998000, 16.44012367002030900, -10.00000000000012600 ) ) ;
#3458 = EDGE_LOOP ( 'NONE', ( #2334, #2041, #987, #2993, #524, #3770 ) ) ;
#3459 = EDGE_CURVE ( 'NONE', #3774, #552, #3240, .T. ) ;
#3460 = PLANE ( 'NONE',  #3114 ) ;
#3461 =( LENGTH_UNIT ( ) NAMED_UNIT ( * ) SI_UNIT ( .MILLI., .METRE. ) );
#3462 = CARTESIAN_POINT ( 'NONE',  ( 11.23583789126380200, 23.41566812434509600, -2.711045358420808100 ) ) ;
#3463 = CARTESIAN_POINT ( 'NONE',  ( 10.39497641609861800, 18.89128837889029500, 7.118128490605244000 ) ) ;
#3464 = CARTESIAN_POINT ( 'NONE',  ( 7.930190452764477100, 25.20000000000015200, 12.60000000000000000 ) ) ;
#3465 = LINE ( 'NONE', #1209, #3433 ) ;
#3466 = AXIS2_PLACEMENT_3D ( 'NONE', #3328, #2890, #3082 ) ;
#3467 = ORIENTED_EDGE ( 'NONE', *, *, #633, .T. ) ;
#3468 = FACE_OUTER_BOUND ( 'NONE', #3441, .T. ) ;
#3469 = ORIENTED_EDGE ( 'NONE', *, *, #1013, .T. ) ;
#3470 = CARTESIAN_POINT ( 'NONE',  ( 10.01082623657343800, 8.531475465017212700, 4.900326839118190700 ) ) ;
#3471 = CARTESIAN_POINT ( 'NONE',  ( 10.12616406304314000, 15.52421656284787900, -7.462007587033009600 ) ) ;
#3472 = DIRECTION ( 'NONE',  ( -1.000000000000000000, 0.0000000000000000000, 0.0000000000000000000 ) ) ;
#3473 = FACE_OUTER_BOUND ( 'NONE', #2003, .T. ) ;
#3474 = VERTEX_POINT ( 'NONE', #3267 ) ;
#3475 = EDGE_CURVE ( 'NONE', #2626, #2160, #3813, .T. ) ;
#3476 = CARTESIAN_POINT ( 'NONE',  ( 1.199999999999999100, 4.409111036888173600, -10.00000000000004100 ) ) ;
#3477 = ORIENTED_EDGE ( 'NONE', *, *, #265, .T. ) ;
#3478 = FACE_OUTER_BOUND ( 'NONE', #1550, .T. ) ;
#3479 = VERTEX_POINT ( 'NONE', #2309 ) ;
#3480 = AXIS2_PLACEMENT_3D ( 'NONE', #389, #397, #419 ) ;
#3481 = TOROIDAL_SURFACE ( 'NONE', #807, 6.794071250352223100, 1.200000000000000000 ) ;
#3482 = ORIENTED_EDGE ( 'NONE', *, *, #3442, .T. ) ;
#3483 = ORIENTED_EDGE ( 'NONE', *, *, #1123, .T. ) ;
#3484 = AXIS2_PLACEMENT_3D ( 'NONE', #1742, #1977, #1899 ) ;
#3485 = AXIS2_PLACEMENT_3D ( 'NONE', #3320, #2155, #1562 ) ;
#3486 = CARTESIAN_POINT ( 'NONE',  ( 10.87505680584329300, 17.19987183481025300, 8.799999999999995400 ) ) ;
#3487 = B_SPLINE_CURVE_WITH_KNOTS ( 'NONE', 3,
 ( #1750, #43, #3329, #3241 ),
 .UNSPECIFIED., .F., .F.,
 ( 4, 4 ),
 ( 0.0004267440201804792600, 0.0008427397042784935000 ),
 .UNSPECIFIED. ) ;
#3488 = EDGE_CURVE ( 'NONE', #3356, #2077, #1940, .T. ) ;
#3489 = CARTESIAN_POINT ( 'NONE',  ( 11.39898655234025100, 23.18841624024296900, 5.465791793494767100 ) ) ;
#3490 = CARTESIAN_POINT ( 'NONE',  ( 10.03958989651050300, 7.650441363910085900, -3.836710365256554800 ) ) ;
#3491 = ORIENTED_EDGE ( 'NONE', *, *, #1091, .F. ) ;
#3492 = EDGE_CURVE ( 'NONE', #1287, #558, #1130, .T. ) ;
#3493 = CARTESIAN_POINT ( 'NONE',  ( 10.40959572187308000, 18.81487873292409300, 7.205272408223881300 ) ) ;
#3494 = EDGE_CURVE ( 'NONE', #3291, #69, #1090, .T. ) ;
#3495 = LINE ( 'NONE', #2447, #3696 ) ;
#3496 = VECTOR ( 'NONE', #66, 1000.000000000000000 ) ;
#3497 = CARTESIAN_POINT ( 'NONE',  ( 9.442583728663242600, 10.78015086054330900, -4.324092159653494200 ) ) ;
#3498 = CARTESIAN_POINT ( 'NONE',  ( 0.09999999999999882600, 10.11489971560399700, -10.00000000000008200 ) ) ;
#3499 = CARTESIAN_POINT ( 'NONE',  ( 9.077869758727780800, 10.42638578323846100, 2.299999999999996300 ) ) ;
#3500 = CARTESIAN_POINT ( 'NONE',  ( 9.885139144623789100, 12.76928913904599700, -7.216746927137245700 ) ) ;
#3501 = CARTESIAN_POINT ( 'NONE',  ( 10.10422134397559400, 8.389182188842063700, -5.190887827084877900 ) ) ;
#3502 = DIRECTION ( 'NONE',  ( -0.08715574274765917900, -0.9961946980917454300, 0.0000000000000000000 ) ) ;
#3503 = LINE ( 'NONE', #355, #1751 ) ;
#3504 = AXIS2_PLACEMENT_3D ( 'NONE', #678, #1673, #1559 ) ;
#3505 = VECTOR ( 'NONE', #3703, 1000.000000000000000 ) ;
#3506 = B_SPLINE_CURVE_WITH_KNOTS ( 'NONE', 3,
 ( #3295, #588, #3059, #3046 ),
 .UNSPECIFIED., .F., .F.,
 ( 4, 4 ),
 ( 0.0003214214315439299400, 0.001689564817754698800 ),
 .UNSPECIFIED. ) ;
#3507 = CARTESIAN_POINT ( 'NONE',  ( 9.320817902504936500, 13.20329577339939000, 6.439070139224238400 ) ) ;
#3508 = CARTESIAN_POINT ( 'NONE',  ( 9.655684489257881300, 10.54594069322225600, -5.518290699724463600 ) ) ;
#3509 = DIRECTION ( 'NONE',  ( 1.000000000000000000, -0.0000000000000000000, -0.0000000000000000000 ) ) ;
#3510 = CARTESIAN_POINT ( 'NONE',  ( 10.65981888762563100, 16.21488287507222400, -8.553663241226640700 ) ) ;
#3511 = LINE ( 'NONE', #2051, #3546 ) ;
#3512 = CARTESIAN_POINT ( 'NONE',  ( 10.13867349187001700, 10.10351410481566600, -7.023739814539666800 ) ) ;
#3513 = EDGE_CURVE ( 'NONE', #658, #1102, #1031, .T. ) ;
#3514 = CARTESIAN_POINT ( 'NONE',  ( 10.42394071660960400, 12.04359134025201800, 8.734862705536521300 ) ) ;
#3515 = EDGE_LOOP ( 'NONE', ( #386, #1242, #2302, #730, #1949, #2405 ) ) ;
#3516 = ORIENTED_EDGE ( 'NONE', *, *, #3398, .T. ) ;
#3517 = LINE ( 'NONE', #2021, #3496 ) ;
#3518 = CARTESIAN_POINT ( 'NONE',  ( 7.930190452764477100, 11.27564434701785400, 9.999999999999998200 ) ) ;
#3519 = EDGE_LOOP ( 'NONE', ( #2082, #2213, #1556, #1197 ) ) ;
#3520 = CARTESIAN_POINT ( 'NONE',  ( 9.369416366232199400, 13.61746490571203000, 4.482143628432925000 ) ) ;
#3521 = CARTESIAN_POINT ( 'NONE',  ( 7.930190452764477100, 6.399999999999999500, 12.60000000000000000 ) ) ;
#3522 = CARTESIAN_POINT ( 'NONE',  ( 10.57266314487946700, 15.21868817698225800, -8.553663241227264200 ) ) ;
#3523 = ORIENTED_EDGE ( 'NONE', *, *, #2565, .T. ) ;
#3524 = DIRECTION ( 'NONE',  ( -1.000000000000000000, 0.0000000000000000000, 7.000356172721717800E-016 ) ) ;
#3525 = CARTESIAN_POINT ( 'NONE',  ( 9.077869758727780800, 10.42638578323846100, -0.7666666666666731600 ) ) ;
#3526 = CARTESIAN_POINT ( 'NONE',  ( 10.36955993504149000, 11.42201616266347500, -8.485866820666686300 ) ) ;
#3527 = CARTESIAN_POINT ( 'NONE',  ( 10.40553145425393400, 11.83317250867142400, 8.658677572964551300 ) ) ;
#3528 = CARTESIAN_POINT ( 'NONE',  ( 10.56933701988385000, 14.21515933766729000, 8.720501138016016900 ) ) ;
#3529 = B_SPLINE_CURVE_WITH_KNOTS ( 'NONE', 3,
 ( #3651, #3667, #3162, #3215 ),
 .UNSPECIFIED., .F., .F.,
 ( 4, 4 ),
 ( 0.0000000000000000000, 0.001321904165671291400 ),
 .UNSPECIFIED. ) ;
#3530 = CARTESIAN_POINT ( 'NONE',  ( 3.524305502200570000, 14.55560693673208800, -10.00000000000009100 ) ) ;
#3531 = CARTESIAN_POINT ( 'NONE',  ( 4.156595231195153900, 15.10240806593198200, -10.00000000000009400 ) ) ;
#3532 = ORIENTED_EDGE ( 'NONE', *, *, #1578, .T. ) ;
#3533 = CARTESIAN_POINT ( 'NONE',  ( 9.642311719394184500, 10.58091032479435600, -5.478634395830784600 ) ) ;
#3534 = CARTESIAN_POINT ( 'NONE',  ( 9.969689322210131300, 8.019755864319682500, -3.118782235504324400 ) ) ;
#3535 = CARTESIAN_POINT ( 'NONE',  ( 10.04707724974054300, 7.736022202938674900, -2.300000000000005200 ) ) ;
#3536 = EDGE_CURVE ( 'NONE', #2130, #3539, #1081, .T. ) ;
#3537 = CARTESIAN_POINT ( 'NONE',  ( 10.57628635539524500, 13.78490995996220600, -8.808572692960149600 ) ) ;
#3538 = DIRECTION ( 'NONE',  ( -0.0000000000000000000, -0.0000000000000000000, -1.000000000000000000 ) ) ;
#3539 = VERTEX_POINT ( 'NONE', #246 ) ;
#3540 = CIRCLE ( 'NONE', #1131, 0.9907352569610040600 ) ;
#3541 = DIRECTION ( 'NONE',  ( 0.0000000000000000000, -0.0000000000000000000, 1.000000000000000000 ) ) ;
#3542 = DIRECTION ( 'NONE',  ( -0.08715574274765829100, -0.9961946980917455500, 0.0000000000000000000 ) ) ;
#3543 = CARTESIAN_POINT ( 'NONE',  ( 19.45854308928058200, 14.34089243263817400, 4.050263165184824200 ) ) ;
#3544 = EDGE_CURVE ( 'NONE', #994, #2098, #968, .T. ) ;
#3545 = CARTESIAN_POINT ( 'NONE',  ( -10.00000000000000200, 1.000000000000000000, 12.60000000000000000 ) ) ;
#3546 = VECTOR ( 'NONE', #2107, 1000.000000000000000 ) ;
#3547 = CARTESIAN_POINT ( 'NONE',  ( 9.418155939890226600, 14.31587463183221800, -4.050263165184842000 ) ) ;
#3548 = B_SPLINE_CURVE_WITH_KNOTS ( 'NONE', 3,
 ( #2891, #2885, #2660, #2897, #2905, #2911 ),
 .UNSPECIFIED., .F., .F.,
 ( 4, 2, 4 ),
 ( 0.001737528638625710400, 0.003273321753135590400, 0.004809114867645470000 ),
 .UNSPECIFIED. ) ;
#3549 = FACE_OUTER_BOUND ( 'NONE', #3635, .T. ) ;
#3550 = CARTESIAN_POINT ( 'NONE',  ( 9.601182999660299100, 16.40788349782474100, 4.050263165184928100 ) ) ;
#3551 = AXIS2_PLACEMENT_3D ( 'NONE', #164, #78, #109 ) ;
#3552 = ORIENTED_EDGE ( 'NONE', *, *, #855, .T. ) ;
#3553 = VERTEX_POINT ( 'NONE', #3311 ) ;
#3554 = CARTESIAN_POINT ( 'NONE',  ( 9.740632188056562100, 18.00179501477167300, -3.904188625880033100 ) ) ;
#3555 = PLANE ( 'NONE',  #2310 ) ;
#3556 = CARTESIAN_POINT ( 'NONE',  ( 11.23172616306310100, 22.95564875156932800, -4.630685886860315600 ) ) ;
#3557 = ORIENTED_EDGE ( 'NONE', *, *, #832, .T. ) ;
#3558 = CARTESIAN_POINT ( 'NONE',  ( 10.41421347611162100, 11.93240847259110800, 8.396504412352511400 ) ) ;
#3559 = CARTESIAN_POINT ( 'NONE',  ( 9.974733424773981800, 18.38284174545884000, 0.0000000000000000000 ) ) ;
#3560 = CARTESIAN_POINT ( 'NONE',  ( 1.455925513243222100, 12.92097486017117300, 9.999999999999941400 ) ) ;
#3561 = EDGE_CURVE ( 'NONE', #394, #2253, #2442, .T. ) ;
#3562 = CARTESIAN_POINT ( 'NONE',  ( 4.940372697077998000, 16.44012367002045100, 9.999999999999913000 ) ) ;
#3563 = ORIENTED_EDGE ( 'NONE', *, *, #1555, .F. ) ;
#3564 = EDGE_CURVE ( 'NONE', #3185, #549, #870, .T. ) ;
#3565 = CARTESIAN_POINT ( 'NONE',  ( 10.11884855075117600, 15.49278226020894100, 7.449508151592239900 ) ) ;
#3566 = VERTEX_POINT ( 'NONE', #3334 ) ;
#3567 = ADVANCED_FACE ( 'NONE', ( #926 ), #2404, .T. ) ;
#3568 = ORIENTED_EDGE ( 'NONE', *, *, #1667, .T. ) ;
#3569 = ADVANCED_FACE ( 'NONE', ( #818 ), #3268, .F. ) ;
#3570 = UNCERTAINTY_MEASURE_WITH_UNIT (LENGTH_MEASURE( 1.000000000000000100E-005 ), #254, 'distance_accuracy_value', 'NONE');
#3571 = CARTESIAN_POINT ( 'NONE',  ( 10.13886772183366200, 10.10588598620701400, 7.025786763086689900 ) ) ;
#3572 = FILL_AREA_STYLE_COLOUR ( '', #3063 ) ;
#3573 = CARTESIAN_POINT ( 'NONE',  ( 10.10074985026082800, 15.43901073947517200, 7.412362570110262900 ) ) ;
#3574 = ORIENTED_EDGE ( 'NONE', *, *, #832, .F. ) ;
#3575 = CARTESIAN_POINT ( 'NONE',  ( 0.09999999999999882600, 10.11489971560399700, -10.00000000000005900 ) ) ;
#3576 = CARTESIAN_POINT ( 'NONE',  ( -10.00000000000000200, 25.20000000000012000, 7.999999999999828600 ) ) ;
#3577 = CARTESIAN_POINT ( 'NONE',  ( 9.369281280483679800, 13.75723471867785200, 6.576718927096249200 ) ) ;
#3578 = CARTESIAN_POINT ( 'NONE',  ( 9.114000200059493300, 10.83935861734833100, -4.306762788625709600 ) ) ;
#3579 = VECTOR ( 'NONE', #752, 1000.000000000000000 ) ;
#3580 = EDGE_CURVE ( 'NONE', #1216, #362, #794, .T. ) ;
#3581 = CARTESIAN_POINT ( 'NONE',  ( 10.16507458865544000, 15.96896590572440300, 7.462007587031708400 ) ) ;
#3582 = CARTESIAN_POINT ( 'NONE',  ( 9.077869758727780800, 10.42638578323846100, 0.7666666666666628300 ) ) ;
#3583 = ADVANCED_FACE ( 'NONE', ( #711 ), #1212, .T. ) ;
#3584 = CARTESIAN_POINT ( 'NONE',  ( 10.61358957760043600, 14.21128774053636500, -8.907212805948704600 ) ) ;
#3585 = ORIENTED_EDGE ( 'NONE', *, *, #3279, .T. ) ;
#3586 = ORIENTED_EDGE ( 'NONE', *, *, #1919, .T. ) ;
#3587 = ORIENTED_EDGE ( 'NONE', *, *, #2685, .T. ) ;
#3588 = CARTESIAN_POINT ( 'NONE',  ( 9.084765151626939400, 10.50520048475760300, -3.323853302597509900 ) ) ;
#3589 = CARTESIAN_POINT ( 'NONE',  ( 9.196608977912820400, 11.78358126884814200, -5.598570185184051700 ) ) ;
#3590 = EDGE_LOOP ( 'NONE', ( #2966, #3483, #728, #611 ) ) ;
#3591 = EDGE_CURVE ( 'NONE', #823, #2157, #2914, .T. ) ;
#3592 = ADVANCED_FACE ( 'NONE', ( #691 ), #655, .T. ) ;
#3593 = CARTESIAN_POINT ( 'NONE',  ( 9.136446397370530500, 11.09591982670930600, -4.777007502983940900 ) ) ;
#3594 = CARTESIAN_POINT ( 'NONE',  ( 9.365250798432704500, 13.71116609788768100, 3.824177170623729100 ) ) ;
#3595 = ADVANCED_FACE ( 'NONE', ( #700 ), #956, .F. ) ;
#3596 = ORIENTED_EDGE ( 'NONE', *, *, #15, .T. ) ;
#3597 = CARTESIAN_POINT ( 'NONE',  ( 10.16056845340547100, 9.033232596761267900, -6.294553682211371500 ) ) ;
#3598 = EDGE_CURVE ( 'NONE', #949, #2846, #1964, .T. ) ;
#3599 = EDGE_CURVE ( 'NONE', #124, #3356, #3303, .T. ) ;
#3600 = CARTESIAN_POINT ( 'NONE',  ( 9.367667755197750500, 13.73879204012572700, 3.846234340491044600 ) ) ;
#3601 = CARTESIAN_POINT ( 'NONE',  ( 9.236293326216829400, 12.23717544563220500, -6.576718928385306000 ) ) ;
#3602 = CARTESIAN_POINT ( 'NONE',  ( 9.418155939890231900, 14.31587463183221800, 6.576718928384390300 ) ) ;
#3603 = DIRECTION ( 'NONE',  ( 0.0000000000000000000, -1.000000000000000000, 6.570922257487907400E-015 ) ) ;
#3604 = AXIS2_PLACEMENT_3D ( 'NONE', #2781, #2791, #2793 ) ;
#3605 = ADVANCED_FACE ( 'NONE', ( #747 ), #3886, .F. ) ;
#3606 = DIRECTION ( 'NONE',  ( 0.0000000000000000000, -1.000000000000000000, 7.003782145789071500E-015 ) ) ;
#3607 = LINE ( 'NONE', #2218, #3617 ) ;
#3608 = FACE_OUTER_BOUND ( 'NONE', #3751, .T. ) ;
#3609 = CARTESIAN_POINT ( 'NONE',  ( 11.39999999999999900, 23.35172063058036300, 4.434617884450623200 ) ) ;
#3610 = EDGE_CURVE ( 'NONE', #3566, #3044, #607, .T. ) ;
#3611 = CARTESIAN_POINT ( 'NONE',  ( 11.22854844014986900, 23.33872251741459900, 3.334811998117723300 ) ) ;
#3612 = DIRECTION ( 'NONE',  ( 1.000000000000000000, 0.0000000000000000000, 0.0000000000000000000 ) ) ;
#3613 = DIRECTION ( 'NONE',  ( 0.0000000000000000000, 0.0000000000000000000, -1.000000000000000000 ) ) ;
#3614 = CYLINDRICAL_SURFACE ( 'NONE', #3831, 0.3999999999999993000 ) ;
#3615 = B_SPLINE_CURVE_WITH_KNOTS ( 'NONE', 3,
 ( #84, #3430, #2884, #1072, #3189, #1394, #3437, #1735 ),
 .UNSPECIFIED., .F., .F.,
 ( 4, 2, 2, 4 ),
 ( 7.256091254474172600E-005, 0.0002977845998950182600, 0.0005230082872452948700, 0.0009734556619458479800 ),
 .UNSPECIFIED. ) ;
#3616 = CARTESIAN_POINT ( 'NONE',  ( 0.0000000000000000000, 3.000000000000000000, 12.60000000000000000 ) ) ;
#3617 = VECTOR ( 'NONE', #2332, 1000.000000000000000 ) ;
#3618 = CYLINDRICAL_SURFACE ( 'NONE', #3330, 9.999999999999998200 ) ;
#3619 = CARTESIAN_POINT ( 'NONE',  ( 9.327101954241770800, 13.27512281349551400, 2.299999999999985200 ) ) ;
#3620 = ORIENTED_EDGE ( 'NONE', *, *, #3544, .T. ) ;
#3621 = CARTESIAN_POINT ( 'NONE',  ( 8.500000000000000000, 27.79999999999998600, 4.800000000000000700 ) ) ;
#3622 = ORIENTED_EDGE ( 'NONE', *, *, #2452, .F. ) ;
#3623 = VECTOR ( 'NONE', #535, 1000.000000000000000 ) ;
#3624 = B_SPLINE_CURVE_WITH_KNOTS ( 'NONE', 3,
 ( #2462, #2567, #2575, #2563 ),
 .UNSPECIFIED., .F., .F.,
 ( 4, 4 ),
 ( 0.0000000000000000000, 1.000000000000000000 ),
 .UNSPECIFIED. ) ;
#3625 = CARTESIAN_POINT ( 'NONE',  ( 10.50882618383270300, 21.94986609892596600, -2.604008751063457500 ) ) ;
#3626 = CARTESIAN_POINT ( 'NONE',  ( 9.365437598991734400, 10.80880053578807000, -3.459290009232960800 ) ) ;
#3627 = CARTESIAN_POINT ( 'NONE',  ( 10.50882618383270300, 21.94986609892596600, -2.300000000000006000 ) ) ;
#3628 = LINE ( 'NONE', #177, #2549 ) ;
#3629 = SURFACE_STYLE_FILL_AREA ( #1898 ) ;
#3630 = CARTESIAN_POINT ( 'NONE',  ( 10.61724738370412500, 21.13732460301666200, -5.681763198180521000 ) ) ;
#3631 = ORIENTED_EDGE ( 'NONE', *, *, #1218, .T. ) ;
#3632 = DIRECTION ( 'NONE',  ( 0.0000000000000000000, -0.0000000000000000000, 1.000000000000000000 ) ) ;
#3633 = CYLINDRICAL_SURFACE ( 'NONE', #453, 0.3999999999999993000 ) ;
#3634 = CARTESIAN_POINT ( 'NONE',  ( 3.130017829339000200, 19.20136056935644200, 9.999999999999879200 ) ) ;
#3635 = EDGE_LOOP ( 'NONE', ( #1651, #2232, #1819, #624, #202, #406 ) ) ;
#3636 = EDGE_CURVE ( 'NONE', #3185, #1396, #2632, .T. ) ;
#3637 = CARTESIAN_POINT ( 'NONE',  ( 11.40000000000000000, 23.66781612460371400, 4.544047718268408300 ) ) ;
#3638 = DIRECTION ( 'NONE',  ( 0.08715574274765830500, 0.9961946980917455500, 0.0000000000000000000 ) ) ;
#3639 = CARTESIAN_POINT ( 'NONE',  ( 9.632786628099440300, 10.59946421935184800, 5.444093922494511500 ) ) ;
#3640 = CARTESIAN_POINT ( 'NONE',  ( 10.04707724974054300, 7.736022202938674900, 2.299999999999995800 ) ) ;
#3641 = CARTESIAN_POINT ( 'NONE',  ( 10.18447713376216900, 20.77365956942003300, 3.626817446442713400 ) ) ;
#3642 = AXIS2_PLACEMENT_3D ( 'NONE', #985, #883, #561 ) ;
#3643 = CARTESIAN_POINT ( 'NONE',  ( 9.556385859585221400, 13.60110719461846100, -5.955137261611695500 ) ) ;
#3644 = CARTESIAN_POINT ( 'NONE',  ( 4.213421055347285300, 16.59823875815364100, -10.00000000000012600 ) ) ;
#3645 = CARTESIAN_POINT ( 'NONE',  ( 10.06182204937587500, 7.904556034021538800, -4.001361251440426000 ) ) ;
#3646 = CARTESIAN_POINT ( 'NONE',  ( 10.04707724974054300, 7.736022202938674900, -0.7666666666666730500 ) ) ;
#3647 = CARTESIAN_POINT ( 'NONE',  ( 0.0000000000000000000, 2.999999999999841000, -10.00000000000003000 ) ) ;
#3648 = STYLED_ITEM ( 'NONE', ( #3019 ), #3451 ) ;
#3649 = VERTEX_POINT ( 'NONE', #17 ) ;
#3650 = CARTESIAN_POINT ( 'NONE',  ( 10.80869219705516400, 22.67273487602348000, -3.008333404162562500 ) ) ;
#3651 = CARTESIAN_POINT ( 'NONE',  ( 10.12483505132973800, 20.77887716486244000, -2.300000000000006000 ) ) ;
#3652 = CARTESIAN_POINT ( 'NONE',  ( 11.23380529578793000, 23.09039275693209700, -4.317085735326168500 ) ) ;
#3653 = DIRECTION ( 'NONE',  ( -1.000000000000000000, 0.0000000000000000000, 0.0000000000000000000 ) ) ;
#3654 = CARTESIAN_POINT ( 'NONE',  ( 9.878675414420492000, 19.46318545889989000, -3.030842752818240000 ) ) ;
#3655 = DIRECTION ( 'NONE',  ( -1.000000000000000000, 0.0000000000000000000, 0.0000000000000000000 ) ) ;
#3656 = EDGE_CURVE ( 'NONE', #3044, #1908, #638, .T. ) ;
#3657 = LINE ( 'NONE', #705, #3731 ) ;
#3658 = CARTESIAN_POINT ( 'NONE',  ( -10.00000000000000200, -6.938893903907228400E-014, -10.00000000000001100 ) ) ;
#3659 = CARTESIAN_POINT ( 'NONE',  ( 7.632710200154560800, 21.19999999999999900, 12.60000000000000000 ) ) ;
#3660 = EDGE_LOOP ( 'NONE', ( #3622, #3284, #2882, #2835 ) ) ;
#3661 = EDGE_CURVE ( 'NONE', #549, #3566, #3031, .T. ) ;
#3662 = CARTESIAN_POINT ( 'NONE',  ( 9.418155939890226600, 14.31587463183221400, 4.050263165184844600 ) ) ;
#3663 = CARTESIAN_POINT ( 'NONE',  ( 10.02460239388478200, 7.479133425010317600, 2.747255302356836000 ) ) ;
#3664 = EDGE_CURVE ( 'NONE', #3710, #2519, #542, .T. ) ;
#3665 = B_SPLINE_CURVE_WITH_KNOTS ( 'NONE', 3,
 ( #3172, #2868, #708, #2007 ),
 .UNSPECIFIED., .F., .F.,
 ( 4, 4 ),
 ( 0.0000000000000000000, 6.198718086549106300E-006 ),
 .UNSPECIFIED. ) ;
#3666 = LINE ( 'NONE', #710, #3579 ) ;
#3667 = CARTESIAN_POINT ( 'NONE',  ( 10.12483505132973800, 20.77887716486244000, -2.741308804501827000 ) ) ;
#3668 = CARTESIAN_POINT ( 'NONE',  ( 4.845174362958382600, 17.96070199674448600, 9.999999999999902300 ) ) ;
#3669 = EDGE_LOOP ( 'NONE', ( #2536, #1344, #1279, #1111 ) ) ;
#3670 = FACE_OUTER_BOUND ( 'NONE', #3137, .T. ) ;
#3671 = CARTESIAN_POINT ( 'NONE',  ( 10.40807360110974300, 18.74645732759647400, -7.239263338653665300 ) ) ;
#3672 = AXIS2_PLACEMENT_3D ( 'NONE', #3222, #1762, #3606 ) ;
#3673 = DIRECTION ( 'NONE',  ( 1.321776839876648900E-017, 1.510797841236854500E-016, 1.000000000000000000 ) ) ;
#3674 = DIRECTION ( 'NONE',  ( 0.0000000000000000000, 0.0000000000000000000, 1.000000000000000000 ) ) ;
#3675 = ORIENTED_EDGE ( 'NONE', *, *, #913, .F. ) ;
#3676 = CARTESIAN_POINT ( 'NONE',  ( 9.740632188056562100, 18.00179501477167300, 3.904188625880022500 ) ) ;
#3677 = CARTESIAN_POINT ( 'NONE',  ( 10.53625915479038300, 13.32739696322295600, 9.049231083866036600 ) ) ;
#3678 = EDGE_LOOP ( 'NONE', ( #2476, #2036, #1565, #1610 ) ) ;
#3679 = CARTESIAN_POINT ( 'NONE',  ( 5.599999999999999600, 28.60000000000000100, 12.60000000000000000 ) ) ;
#3680 = CARTESIAN_POINT ( 'NONE',  ( 9.939871127674917900, 17.98436386622214300, -5.974150322368489100 ) ) ;
#3681 = DIRECTION ( 'NONE',  ( -0.0000000000000000000, -0.0000000000000000000, 1.000000000000000000 ) ) ;
#3682 = EDGE_CURVE ( 'NONE', #2682, #20, #437, .T. ) ;
#3683 = VECTOR ( 'NONE', #2865, 1000.000000000000000 ) ;
#3684 = DIRECTION ( 'NONE',  ( -0.0000000000000000000, 1.000000000000000000, 1.245819569112547000E-016 ) ) ;
#3685 = CARTESIAN_POINT ( 'NONE',  ( 9.679623168133201000, 17.30445872610744800, -4.050263165184842900 ) ) ;
#3686 = B_SPLINE_CURVE_WITH_KNOTS ( 'NONE', 3,
 ( #498, #530, #438, #423 ),
 .UNSPECIFIED., .F., .F.,
 ( 4, 4 ),
 ( 0.6999999999998523000, 1.000000000000000000 ),
 .UNSPECIFIED. ) ;
#3687 = CARTESIAN_POINT ( 'NONE',  ( 2.822850272962613700, 14.07302735339996100, -10.00000000000011000 ) ) ;
#3688 = CARTESIAN_POINT ( 'NONE',  ( 11.23886971276152400, 22.96435529368708100, -4.641597642414311100 ) ) ;
#3689 = CARTESIAN_POINT ( 'NONE',  ( 11.23541917522355000, 22.96025048175234300, -4.636038964402711600 ) ) ;
#3690 = DIRECTION ( 'NONE',  ( -1.321776839876648900E-017, -1.510797841236854500E-016, -1.000000000000000000 ) ) ;
#3691 = DIRECTION ( 'NONE',  ( 1.000000000000000000, -0.0000000000000000000, -0.0000000000000000000 ) ) ;
#3692 = CARTESIAN_POINT ( 'NONE',  ( 0.09999999999999896500, 9.930572883139300100, 9.999999999999962700 ) ) ;
#3693 = AXIS2_PLACEMENT_3D ( 'NONE', #3728, #71, #477 ) ;
#3694 = FACE_OUTER_BOUND ( 'NONE', #1981, .T. ) ;
#3695 = CARTESIAN_POINT ( 'NONE',  ( 10.12917522431723900, 15.55863429370289300, 7.462007587031532600 ) ) ;
#3696 = VECTOR ( 'NONE', #2470, 1000.000000000000000 ) ;
#3697 = VECTOR ( 'NONE', #2055, 1000.000000000000000 ) ;
#3698 = CARTESIAN_POINT ( 'NONE',  ( 11.40000000000000000, 23.19999999999999900, -5.548802326333972500 ) ) ;
#3699 = CARTESIAN_POINT ( 'NONE',  ( 10.74697463113550800, 17.21107757309693300, -8.553663242742002700 ) ) ;
#3700 = EDGE_CURVE ( 'NONE', #1151, #248, #509, .T. ) ;
#3701 = VECTOR ( 'NONE', #1268, 1000.000000000000000 ) ;
#3702 = CARTESIAN_POINT ( 'NONE',  ( 10.39254134787141500, 20.80691010398410200, -5.181244327036042200 ) ) ;
#3703 = DIRECTION ( 'NONE',  ( 0.0000000000000000000, 0.0000000000000000000, 1.000000000000000000 ) ) ;
#3704 = B_SPLINE_CURVE_WITH_KNOTS ( 'NONE', 3,
 ( #1292, #1283, #1227, #1187 ),
 .UNSPECIFIED., .F., .F.,
 ( 4, 4 ),
 ( 0.0000000000000000000, 1.000000000000000000 ),
 .UNSPECIFIED. ) ;
#3705 = VERTEX_POINT ( 'NONE', #1044 ) ;
#3706 = ORIENTED_EDGE ( 'NONE', *, *, #3591, .T. ) ;
#3707 = EDGE_CURVE ( 'NONE', #3128, #2026, #661, .T. ) ;
#3708 = FACE_OUTER_BOUND ( 'NONE', #23, .T. ) ;
#3709 = CARTESIAN_POINT ( 'NONE',  ( 10.10515965351583200, 8.399907115952425200, 5.188659265373044800 ) ) ;
#3710 = VERTEX_POINT ( 'NONE', #2869 ) ;
#3711 = CARTESIAN_POINT ( 'NONE',  ( 7.930190452764477100, 25.19999999999999900, 12.60000000000000000 ) ) ;
#3712 = B_SPLINE_CURVE_WITH_KNOTS ( 'NONE', 3,
 ( #1471, #1359, #1558, #1570, #1574, #1608, #1631, #1646, #762, #3243, #799, #1685 ),
 .UNSPECIFIED., .F., .F.,
 ( 4, 2, 2, 2, 2, 4 ),
 ( 1.251360127111588800E-015, 0.0007893301274584523000, 0.001183995191187054000, 0.001381327723051355900, 0.001479993988983503600, 0.001578660254915651500 ),
 .UNSPECIFIED. ) ;
#3713 = DIRECTION ( 'NONE',  ( 1.000000000000000000, 0.0000000000000000000, 0.0000000000000000000 ) ) ;
#3714 = EDGE_LOOP ( 'NONE', ( #720, #568, #1499, #77 ) ) ;
#3715 = AXIS2_PLACEMENT_3D ( 'NONE', #123, #162, #154 ) ;
#3716 = CARTESIAN_POINT ( 'NONE',  ( 10.50520381510693300, 21.94074505705893700, -2.592157492798020000 ) ) ;
#3717 = CARTESIAN_POINT ( 'NONE',  ( 9.920001441722858400, 13.16776701828269900, 7.330997241176729200 ) ) ;
#3718 = CARTESIAN_POINT ( 'NONE',  ( 4.976713682273022200, 17.21854632709139900, -10.00000000000013100 ) ) ;
#3719 = CARTESIAN_POINT ( 'NONE',  ( -10.00000000000000200, 21.20000000000013100, 9.999999999999861400 ) ) ;
#3720 = VERTEX_POINT ( 'NONE', #1377 ) ;
#3721 = EDGE_LOOP ( 'NONE', ( #1002, #291, #329, #1445 ) ) ;
#3722 = CARTESIAN_POINT ( 'NONE',  ( 10.06172318837181700, 7.903426047534694900, 4.018333131352310500 ) ) ;
#3723 = EDGE_CURVE ( 'NONE', #2028, #1296, #493, .T. ) ;
#3724 = CARTESIAN_POINT ( 'NONE',  ( 10.65906244607258600, 21.61527295291000400, -5.032124051376015000 ) ) ;
#3725 = EDGE_CURVE ( 'NONE', #451, #667, #458, .T. ) ;
#3726 = CARTESIAN_POINT ( 'NONE',  ( 10.61358957760033500, 14.21128774053518900, 9.094071250352238100 ) ) ;
#3727 = CARTESIAN_POINT ( 'NONE',  ( 11.25110897899224800, 22.97335954548450900, -4.677027337807422700 ) ) ;
#3728 = CARTESIAN_POINT ( 'NONE',  ( 7.930190452764477100, 0.0000000000000000000, 0.0000000000000000000 ) ) ;
#3729 = CARTESIAN_POINT ( 'NONE',  ( 10.70074531877676300, 15.20748242066769900, -9.094071250351888100 ) ) ;
#3730 = VECTOR ( 'NONE', #566, 1000.000000000000000 ) ;
#3731 = VECTOR ( 'NONE', #403, 1000.000000000000000 ) ;
#3732 = CARTESIAN_POINT ( 'NONE',  ( 10.47970075686041700, 12.68093151672301600, 8.918871772980255100 ) ) ;
#3733 = CARTESIAN_POINT ( 'NONE',  ( 11.22806934077601500, 23.08092865767616100, 4.340808764293369900 ) ) ;
#3734 = CARTESIAN_POINT ( 'NONE',  ( 10.12917522431724000, 15.55863429370289300, -7.462007587033084200 ) ) ;
#3735 = DIRECTION ( 'NONE',  ( -0.0000000000000000000, -0.0000000000000000000, -1.000000000000000000 ) ) ;
#3736 = CARTESIAN_POINT ( 'NONE',  ( 9.800421939278667300, 16.39045234927535000, -6.040238039404546700 ) ) ;
#3737 = CARTESIAN_POINT ( 'NONE',  ( -3.285461128743952600E-018, 1.000000000000000000, 12.60000000000000000 ) ) ;
#3738 = CARTESIAN_POINT ( 'NONE',  ( 9.978583330358420200, 8.131028945125510900, -3.727427033885433600 ) ) ;
#3739 = CARTESIAN_POINT ( 'NONE',  ( 4.845174362958382600, 17.96070199674434100, -10.00000000000013700 ) ) ;
#3740 = ORIENTED_EDGE ( 'NONE', *, *, #2452, .T. ) ;
#3741 = EDGE_CURVE ( 'NONE', #805, #1454, #3615, .T. ) ;
#3742 = ORIENTED_EDGE ( 'NONE', *, *, #712, .F. ) ;
#3743 = CARTESIAN_POINT ( 'NONE',  ( 9.327101954061724600, 13.27512281143757500, 2.435579381181691700 ) ) ;
#3744 = CARTESIAN_POINT ( 'NONE',  ( 10.49508406599538000, 20.87802179696870700, -5.555887830242821400 ) ) ;
#3745 = EDGE_LOOP ( 'NONE', ( #2661, #2892, #3150, #1943 ) ) ;
#3746 = VECTOR ( 'NONE', #1924, 1000.000000000000000 ) ;
#3747 = ADVANCED_FACE ( 'NONE', ( #446 ), #2035, .F. ) ;
#3748 = CARTESIAN_POINT ( 'NONE',  ( 10.10406251577732900, 16.20706163196593900, -7.229004591580690000 ) ) ;
#3749 = CARTESIAN_POINT ( 'NONE',  ( 0.0000000000000000000, 5.799999999999999800, -10.00000000000004800 ) ) ;
#3750 = CARTESIAN_POINT ( 'NONE',  ( 10.10204405045384000, 8.364295610007069100, -5.693981197006736200 ) ) ;
#3751 = EDGE_LOOP ( 'NONE', ( #1226, #1508, #616, #2193 ) ) ;
#3752 = CARTESIAN_POINT ( 'NONE',  ( 10.57459073508703400, 13.76552893086101100, 9.094071227954582800 ) ) ;
#3753 = ADVANCED_FACE ( 'NONE', ( #596 ), #382, .F. ) ;
#3754 = AXIS2_PLACEMENT_3D ( 'NONE', #2795, #1205, #622 ) ;
#3755 = ORIENTED_EDGE ( 'NONE', *, *, #3763, .T. ) ;
#3756 = DIRECTION ( 'NONE',  ( 0.0000000000000000000, 0.0000000000000000000, -1.000000000000000000 ) ) ;
#3757 = CARTESIAN_POINT ( 'NONE',  ( 10.46740072983895700, 20.85740370232984700, -5.461770875242732100 ) ) ;
#3758 = EDGE_CURVE ( 'NONE', #951, #80, #375, .T. ) ;
#3759 = DIRECTION ( 'NONE',  ( -0.0000000000000000000, -0.0000000000000000000, -1.000000000000000000 ) ) ;
#3760 = CARTESIAN_POINT ( 'NONE',  ( 10.33834900691161700, 17.94950156912307900, -8.800000000000006000 ) ) ;
#3761 = CARTESIAN_POINT ( 'NONE',  ( 10.26781551752322300, 10.25907214889707600, -7.475186242372275900 ) ) ;
#3762 = ORIENTED_EDGE ( 'NONE', *, *, #443, .T. ) ;
#3763 = EDGE_CURVE ( 'NONE', #675, #215, #369, .T. ) ;
#3764 = EDGE_CURVE ( 'NONE', #2519, #943, #1333, .T. ) ;
#3765 = CARTESIAN_POINT ( 'NONE',  ( 10.57627845044637200, 13.78481960577545200, 8.808572694101025400 ) ) ;
#3766 = DIRECTION ( 'NONE',  ( 0.0000000000000000000, -1.000000000000000000, -3.737458707337641100E-016 ) ) ;
#3767 = CARTESIAN_POINT ( 'NONE',  ( 10.26656027946945700, 11.65236666423641400, -8.005157508774095400 ) ) ;
#3768 = CARTESIAN_POINT ( 'NONE',  ( 4.573132892627355300, 18.66232494378547500, -10.00000000000014200 ) ) ;
#3769 = AXIS2_PLACEMENT_3D ( 'NONE', #2512, #2760, #1690 ) ;
#3770 = ORIENTED_EDGE ( 'NONE', *, *, #2735, .F. ) ;
#3771 = LINE ( 'NONE', #1974, #3746 ) ;
#3772 = CARTESIAN_POINT ( 'NONE',  ( 4.156595231195153900, 15.10240806593198200, -10.00000000000011700 ) ) ;
#3773 = LINE ( 'NONE', #1133, #3701 ) ;
#3774 = VERTEX_POINT ( 'NONE', #2314 ) ;
#3775 = SHAPE_DEFINITION_REPRESENTATION ( #2841, #3451 ) ;
#3776 = LINE ( 'NONE', #1324, #3883 ) ;
#3777 = CARTESIAN_POINT ( 'NONE',  ( 10.48550737437759900, 14.22249348131705900, -8.553663185991409200 ) ) ;
#3778 = EDGE_LOOP ( 'NONE', ( #411, #110, #1855, #2747 ) ) ;
#3779 = CYLINDRICAL_SURFACE ( 'NONE', #301, 2.999999999999996400 ) ;
#3780 = B_SPLINE_CURVE_WITH_KNOTS ( 'NONE', 3,
 ( #2258, #3581, #2241, #2224 ),
 .UNSPECIFIED., .F., .F.,
 ( 4, 4 ),
 ( 3.576224061345498000E-018, 3.508888132104897700E-005 ),
 .UNSPECIFIED. ) ;
#3781 = ORIENTED_EDGE ( 'NONE', *, *, #2318, .F. ) ;
#3782 = CARTESIAN_POINT ( 'NONE',  ( 10.48550737437754800, 14.22249348131644100, 8.553663185991409200 ) ) ;
#3783 = CARTESIAN_POINT ( 'NONE',  ( 7.930190452764477100, 21.19999999999999900, 12.60000000000000000 ) ) ;
#3784 = LINE ( 'NONE', #538, #3730 ) ;
#3785 = CARTESIAN_POINT ( 'NONE',  ( 10.61358957524349500, 14.21128771359597400, -9.094071250352307300 ) ) ;
#3786 = CARTESIAN_POINT ( 'NONE',  ( 10.65792384531896500, 21.60225868676553800, -5.052846819522177000 ) ) ;
#3787 = EDGE_CURVE ( 'NONE', #1760, #949, #2739, .T. ) ;
#3788 = ORIENTED_EDGE ( 'NONE', *, *, #2420, .T. ) ;
#3789 = EDGE_LOOP ( 'NONE', ( #2, #466, #29, #264, #3811, #4, #991, #939, #144, #342, #1110 ) ) ;
#3790 = ORIENTED_EDGE ( 'NONE', *, *, #1555, .T. ) ;
#3791 = LINE ( 'NONE', #2037, #3697 ) ;
#3792 = CARTESIAN_POINT ( 'NONE',  ( 11.23455607746605400, 23.21056491429000000, -3.929046330375531000 ) ) ;
#3793 = CARTESIAN_POINT ( 'NONE',  ( 4.156595231195153900, 15.10240806593212200, 9.999999999999923600 ) ) ;
#3794 = ORIENTED_EDGE ( 'NONE', *, *, #3124, .T. ) ;
#3795 = VERTEX_POINT ( 'NONE', #3464 ) ;
#3796 = CARTESIAN_POINT ( 'NONE',  ( 9.325713200104987200, 13.25924928107640200, 2.576568345304336200 ) ) ;
#3797 = VECTOR ( 'NONE', #1597, 1000.000000000000000 ) ;
#3798 = CARTESIAN_POINT ( 'NONE',  ( 11.40000000000000000, 23.46099255764456600, 5.069087629953203100 ) ) ;
#3799 = CARTESIAN_POINT ( 'NONE',  ( 4.598385473214076300, 15.66855864798975500, -10.00000000000012100 ) ) ;
#3800 = EDGE_LOOP ( 'NONE', ( #766, #3377, #2347, #2121 ) ) ;
#3801 = AXIS2_PLACEMENT_3D ( 'NONE', #3841, #3156, #3108 ) ;
#3802 = ORIENTED_EDGE ( 'NONE', *, *, #767, .F. ) ;
#3803 = CARTESIAN_POINT ( 'NONE',  ( 10.47970075681115000, 12.68093151615975600, 8.918871772797970700 ) ) ;
#3804 = VERTEX_POINT ( 'NONE', #3698 ) ;
#3805 = LINE ( 'NONE', #2386, #2752 ) ;
#3806 = DIRECTION ( 'NONE',  ( 0.9961946980917454300, -0.08715574274765892900, -0.0000000000000000000 ) ) ;
#3807 = DIRECTION ( 'NONE',  ( -0.9961946980917453200, 0.08715574274766081700, -7.112366251504880700E-015 ) ) ;
#3808 = VERTEX_POINT ( 'NONE', #2066 ) ;
#3809 = DIRECTION ( 'NONE',  ( 0.0000000000000000000, -1.000000000000000000, 7.096596038086939800E-015 ) ) ;
#3810 = CARTESIAN_POINT ( 'NONE',  ( 10.65944596608226800, 21.63712098386457300, 4.988712418971693400 ) ) ;
#3811 = ORIENTED_EDGE ( 'NONE', *, *, #3402, .F. ) ;
#3812 = EDGE_CURVE ( 'NONE', #2339, #2098, #275, .T. ) ;
#3813 = B_SPLINE_CURVE_WITH_KNOTS ( 'NONE', 3,
 ( #2164, #3493, #1144, #3463, #3051, #2556, #1797, #3351, #1598, #1525, #1799, #1465 ),
 .UNSPECIFIED., .F., .F.,
 ( 4, 2, 2, 2, 2, 4 ),
 ( 3.789705240977426700E-005, 0.0001533609802589282100, 0.0002688249081080821400, 0.0004997527638063840400, 0.0009616084752029867400, 0.001885319897996194600 ),
 .UNSPECIFIED. ) ;
#3814 = CARTESIAN_POINT ( 'NONE',  ( 10.35201447537275300, 11.22147064097366700, 8.401853738331883600 ) ) ;
#3815 = SURFACE_SIDE_STYLE ('',( #2647 ) ) ;
#3816 = CARTESIAN_POINT ( 'NONE',  ( 0.0000000000000000000, 0.0000000000000000000, 0.0000000000000000000 ) ) ;
#3817 = CARTESIAN_POINT ( 'NONE',  ( 10.22387887282743600, 9.756874002034956900, 7.410958506923503100 ) ) ;
#3818 = ADVANCED_FACE ( 'NONE', ( #243 ), #226, .F. ) ;
#3819 = B_SPLINE_SURFACE_WITH_KNOTS ( 'NONE', 3, 1, ( 
 ( #664, #1254 ),
 ( #765, #769 ),
 ( #770, #779 ),
 ( #783, #785 ),
 ( #792, #810 ),
 ( #831, #843 ),
 ( #845, #851 ),
 ( #858, #859 ),
 ( #862, #868 ),
 ( #869, #871 ) ),
 .UNSPECIFIED., .F., .F., .F.,
 ( 4, 1, 1, 1, 1, 1, 1, 4 ),
 ( 2, 2 ),
 ( 0.0000000000000000000, 0.2510991789707312000, 0.4372866041251251000, 0.5778458732280820100, 0.6074387011220592200, 0.7332148830648985700, 0.8410185517688783000, 1.000000000000000000 ),
 ( 0.0000000000000000000, 1.000000000000000000 ),
 .UNSPECIFIED. ) ;
#3820 = CARTESIAN_POINT ( 'NONE',  ( 10.31819419366262000, 10.83490305213283900, 8.192135360927702300 ) ) ;
#3821 = CARTESIAN_POINT ( 'NONE',  ( 1.905468326672107700, 13.34938484408323400, -10.00000000000008300 ) ) ;
#3822 = FACE_OUTER_BOUND ( 'NONE', #1807, .T. ) ;
#3823 = ORIENTED_EDGE ( 'NONE', *, *, #1495, .F. ) ;
#3824 = CARTESIAN_POINT ( 'NONE',  ( 11.22772013473210800, 22.89227295073133600, 4.818123639655620000 ) ) ;
#3825 = CARTESIAN_POINT ( 'NONE',  ( 10.74697463037435900, 17.21107757316352500, -2.300000000000006000 ) ) ;
#3826 = CARTESIAN_POINT ( 'NONE',  ( 10.07043514872666500, 9.267427296648614600, 6.137110771770488200 ) ) ;
#3827 = SURFACE_SIDE_STYLE ('',( #3629 ) ) ;
#3828 = CARTESIAN_POINT ( 'NONE',  ( 0.09999999999999882600, 10.11489971560413700, 9.999999999999959100 ) ) ;
#3829 = AXIS2_PLACEMENT_3D ( 'NONE', #1516, #40, #34 ) ;
#3830 = CARTESIAN_POINT ( 'NONE',  ( 1.455925513243222100, 12.92097486017103200, -10.00000000000007600 ) ) ;
#3831 = AXIS2_PLACEMENT_3D ( 'NONE', #3559, #1889, #1234 ) ;
#3832 = CARTESIAN_POINT ( 'NONE',  ( 10.09041259089487300, 15.41718463904762300, 7.388803713398777600 ) ) ;
#3833 = DIRECTION ( 'NONE',  ( -1.000000000000000000, -1.301042606982605300E-016, 9.155548453196959200E-031 ) ) ;
#3834 = LINE ( 'NONE', #1709, #3797 ) ;
#3835 = B_SPLINE_CURVE_WITH_KNOTS ( 'NONE', 3,
 ( #2648, #2644, #3528, #1098 ),
 .UNSPECIFIED., .F., .F.,
 ( 4, 4 ),
 ( 0.0000000000000000000, 1.000000000000000000 ),
 .UNSPECIFIED. ) ;
#3836 = ORIENTED_EDGE ( 'NONE', *, *, #3208, .F. ) ;
#3837 = EDGE_CURVE ( 'NONE', #362, #1911, #279, .T. ) ;
#3838 = ADVANCED_FACE ( 'NONE', ( #191 ), #158, .T. ) ;
#3839 = ADVANCED_FACE ( 'NONE', ( #236 ), #147, .F. ) ;
#3840 = FACE_OUTER_BOUND ( 'NONE', #1484, .T. ) ;
#3841 = CARTESIAN_POINT ( 'NONE',  ( 8.701368512378142100, -0.7612711019945286300, 0.0000000000000000000 ) ) ;
#3842 = EDGE_CURVE ( 'NONE', #2451, #2294, #152, .T. ) ;
#3843 = CARTESIAN_POINT ( 'NONE',  ( 0.9533182490130333000, 12.39621189971311400, -10.00000000000007600 ) ) ;
#3844 = EDGE_LOOP ( 'NONE', ( #3370, #718, #39, #2385 ) ) ;
#3845 = EDGE_CURVE ( 'NONE', #2988, #2077, #140, .T. ) ;
#3846 = CARTESIAN_POINT ( 'NONE',  ( 0.5181374019267039900, 11.77878691749905300, -10.00000000000006900 ) ) ;
#3847 = ORIENTED_EDGE ( 'NONE', *, *, #2859, .T. ) ;
#3848 = CARTESIAN_POINT ( 'NONE',  ( 0.5181374019267039900, 11.77878691749919300, 9.999999999999948500 ) ) ;
#3849 = CARTESIAN_POINT ( 'NONE',  ( 9.835852535497082300, 19.08800794441705800, -2.736997544307248700 ) ) ;
#3850 = ORIENTED_EDGE ( 'NONE', *, *, #312, .F. ) ;
#3851 = CARTESIAN_POINT ( 'NONE',  ( 11.40000000000000000, 23.19034171568361900, 5.566619732332685400 ) ) ;
#3852 = CARTESIAN_POINT ( 'NONE',  ( 10.74697463113550800, 17.21107757309693300, -8.553663242742002700 ) ) ;
#3853 = AXIS2_PLACEMENT_3D ( 'NONE', #2179, #2181, #2182 ) ;
#3854 = CARTESIAN_POINT ( 'NONE',  ( 10.12483505132973800, 20.77887716486244000, 2.299999999999996300 ) ) ;
#3855 = VECTOR ( 'NONE', #2532, 1000.000000000000000 ) ;
#3856 = AXIS2_PLACEMENT_3D ( 'NONE', #3388, #3612, #999 ) ;
#3857 = ORIENTED_EDGE ( 'NONE', *, *, #3220, .T. ) ;
#3858 = LINE ( 'NONE', #3521, #3454 ) ;
#3859 = CARTESIAN_POINT ( 'NONE',  ( 0.1240025676036211700, 10.50055674213012800, 9.999999999999955600 ) ) ;
#3860 = ADVANCED_FACE ( 'NONE', ( #195 ), #1036, .T. ) ;
#3861 = ADVANCED_FACE ( 'NONE', ( #1459 ), #3027, .F. ) ;
#3862 = CARTESIAN_POINT ( 'NONE',  ( 0.2486922805322966100, 11.12767576180830700, -10.00000000000006600 ) ) ;
#3863 = CARTESIAN_POINT ( 'NONE',  ( 0.9533182490130333000, 12.39621189971325400, 9.999999999999941400 ) ) ;
#3864 = DIRECTION ( 'NONE',  ( 0.0000000000000000000, 7.096596038086939800E-015, 1.000000000000000000 ) ) ;
#3865 = ORIENTED_EDGE ( 'NONE', *, *, #3536, .T. ) ;
#3866 = PLANE ( 'NONE',  #3801 ) ;
#3867 = CARTESIAN_POINT ( 'NONE',  ( 0.2486922805322966100, 11.12767576180844700, 9.999999999999952000 ) ) ;
#3868 = EDGE_CURVE ( 'NONE', #2130, #3804, #2463, .T. ) ;
#3869 = CARTESIAN_POINT ( 'NONE',  ( 8.500000000000000000, 27.79999999999998600, 7.978049716414140800 ) ) ;
#3870 = CARTESIAN_POINT ( 'NONE',  ( 2.822850272962613700, 14.07302735339996100, -10.00000000000008700 ) ) ;
#3871 = FACE_OUTER_BOUND ( 'NONE', #1451, .T. ) ;
#3872 = CARTESIAN_POINT ( 'NONE',  ( 9.822522868039440500, 17.99463050862474500, 5.293551857321650900 ) ) ;
#3873 = VECTOR ( 'NONE', #717, 1000.000000000000000 ) ;
#3874 = ORIENTED_EDGE ( 'NONE', *, *, #3682, .T. ) ;
#3875 = ADVANCED_FACE ( 'NONE', ( #436 ), #64, .F. ) ;
#3876 = DIRECTION ( 'NONE',  ( 0.0000000000000000000, 1.000000000000000000, -7.045559241204948900E-015 ) ) ;
#3877 = LINE ( 'NONE', #888, #977 ) ;
#3878 = CARTESIAN_POINT ( 'NONE',  ( 9.451798968291537800, 12.40567355690806300, -5.372702571462269800 ) ) ;
#3879 = ADVANCED_FACE ( 'NONE', ( #3708 ), #3614, .T. ) ;
#3880 = CARTESIAN_POINT ( 'NONE',  ( 4.598385473214076300, 15.66855864798975500, -10.00000000000009800 ) ) ;
#3881 = VECTOR ( 'NONE', #1356, 1000.000000000000000 ) ;
#3882 = DIRECTION ( 'NONE',  ( 0.0000000000000000000, 0.0000000000000000000, 1.000000000000000000 ) ) ;
#3883 = VECTOR ( 'NONE', #1375, 1000.000000000000000 ) ;
#3884 = VECTOR ( 'NONE', #2611, 1000.000000000000000 ) ;
#3885 = CARTESIAN_POINT ( 'NONE',  ( 11.23365871343937500, 22.95815620963885500, -4.633202930856560500 ) ) ;
#3886 = PLANE ( 'NONE',  #232 ) ;
ENDSEC;
END-ISO-10303-21;
