ISO-10303-21;
HEADER;
FILE_DESCRIPTION (( 'STEP AP214' ),
    '1' );
FILE_NAME ('TopCover.STEP',
    '2018-02-13T18:27:44',
    ( '' ),
    ( '' ),
    'SwSTEP 2.0',
    'SolidWorks 2015',
    '' );
FILE_SCHEMA (( 'AUTOMOTIVE_DESIGN' ));
ENDSEC;

DATA;
#1 = CARTESIAN_POINT ( 'NONE',  ( 3.900000000000003500, 52.40999999999999700, 10.75000000000000200 ) ) ;
#2 = FACE_OUTER_BOUND ( 'NONE', #443, .T. ) ;
#3 = AXIS2_PLACEMENT_3D ( 'NONE', #884, #887, #889 ) ;
#4 = DIRECTION ( 'NONE',  ( 0.0000000000000000000, 0.0000000000000000000, 1.000000000000000000 ) ) ;
#5 = EDGE_LOOP ( 'NONE', ( #972, #970, #957, #954 ) ) ;
#6 = DIRECTION ( 'NONE',  ( -1.000000000000000000, 0.0000000000000000000, 0.0000000000000000000 ) ) ;
#7 = LINE ( 'NONE', #1536, #1218 ) ;
#8 = ORIENTED_EDGE ( 'NONE', *, *, #888, .T. ) ;
#9 = LINE ( 'NONE', #964, #1585 ) ;
#10 = DIRECTION ( 'NONE',  ( 0.0000000000000000000, -0.0000000000000000000, 1.000000000000000000 ) ) ;
#11 = ORIENTED_EDGE ( 'NONE', *, *, #773, .F. ) ;
#12 = DIRECTION ( 'NONE',  ( 1.000000000000000000, 0.0000000000000000000, -0.0000000000000000000 ) ) ;
#13 = VERTEX_POINT ( 'NONE', #857 ) ;
#14 = CARTESIAN_POINT ( 'NONE',  ( 3.400422743729804700, 52.43055638629579100, 10.56000000000000200 ) ) ;
#15 = CARTESIAN_POINT ( 'NONE',  ( -6.649999999999992400, 52.81990284774145300, 11.25000000000000400 ) ) ;
#16 = DIRECTION ( 'NONE',  ( 1.000000000000000000, 0.0000000000000000000, 0.0000000000000000000 ) ) ;
#17 = AXIS2_PLACEMENT_3D ( 'NONE', #512, #535, #864 ) ;
#18 = CARTESIAN_POINT ( 'NONE',  ( 3.900000000000003500, 52.40999999999999700, -10.45000000000000300 ) ) ;
#19 = DIRECTION ( 'NONE',  ( 0.0000000000000000000, 1.000000000000000000, 0.0000000000000000000 ) ) ;
#20 = EDGE_CURVE ( 'NONE', #1047, #988, #287, .T. ) ;
#21 = CARTESIAN_POINT ( 'NONE',  ( 0.0000000000000000000, 52.29999999999999700, -10.75000000000000200 ) ) ;
#22 = PLANE ( 'NONE',  #1031 ) ;
#23 = CARTESIAN_POINT ( 'NONE',  ( 4.290000000000004500, 52.40999999999999700, 10.56000000000000400 ) ) ;
#24 = DIRECTION ( 'NONE',  ( -1.000000000000000000, 0.0000000000000000000, 0.0000000000000000000 ) ) ;
#25 =( BOUNDED_CURVE ( )  B_SPLINE_CURVE ( 3, ( #1418, #994, #736, #998 ),
 .UNSPECIFIED., .F., .F. ) 
 B_SPLINE_CURVE_WITH_KNOTS ( ( 4, 4 ),
 ( 1.570796326794896600, 1.611920690084375700 ),
 .UNSPECIFIED. ) 
 CURVE ( )  GEOMETRIC_REPRESENTATION_ITEM ( )  RATIONAL_B_SPLINE_CURVE ( ( 1.000000000000000000, 0.9998590705275619600, 0.9998590705275619600, 1.000000000000000000 ) ) 
 REPRESENTATION_ITEM ( '' )  );
#26 = DIRECTION ( 'NONE',  ( -0.0000000000000000000, -0.0000000000000000000, 1.000000000000000000 ) ) ;
#27 = DIRECTION ( 'NONE',  ( -0.0000000000000000000, -0.0000000000000000000, 1.000000000000000000 ) ) ;
#28 = AXIS2_PLACEMENT_3D ( 'NONE', #912, #892, #837 ) ;
#29 = VECTOR ( 'NONE', #1468, 1000.000000000000000 ) ;
#30 = PLANE ( 'NONE',  #680 ) ;
#31 = LINE ( 'NONE', #1531, #29 ) ;
#32 = FACE_OUTER_BOUND ( 'NONE', #559, .T. ) ;
#33 = DIRECTION ( 'NONE',  ( 1.000000000000000000, 0.0000000000000000000, 0.0000000000000000000 ) ) ;
#34 = CARTESIAN_POINT ( 'NONE',  ( 3.900000000000003500, 52.40999999999999700, -10.56000000000000400 ) ) ;
#35 = ORIENTED_EDGE ( 'NONE', *, *, #888, .F. ) ;
#36 = CARTESIAN_POINT ( 'NONE',  ( 5.450000000000005500, 52.81990284774145300, -11.25000000000000200 ) ) ;
#37 = VECTOR ( 'NONE', #1580, 1000.000000000000000 ) ;
#38 = ORIENTED_EDGE ( 'NONE', *, *, #1614, .F. ) ;
#39 = CARTESIAN_POINT ( 'NONE',  ( 3.900000000000003500, 52.40999999999999700, -10.56000000000000400 ) ) ;
#40 = DIRECTION ( 'NONE',  ( 0.0000000000000000000, 0.0000000000000000000, -1.000000000000000000 ) ) ;
#41 = DIRECTION ( 'NONE',  ( -1.000000000000000000, 0.0000000000000000000, -0.0000000000000000000 ) ) ;
#42 = EDGE_CURVE ( 'NONE', #495, #530, #295, .T. ) ;
#43 = DIRECTION ( 'NONE',  ( 1.000000000000000000, 0.0000000000000000000, 0.0000000000000000000 ) ) ;
#44 = DIRECTION ( 'NONE',  ( 0.0000000000000000000, 0.0000000000000000000, -1.000000000000000000 ) ) ;
#45 = B_SPLINE_CURVE_WITH_KNOTS ( 'NONE', 3,
 ( #353, #660, #367, #370, #371, #373, #375, #378, #381, #385, #386, #388, #389, #396, #398, #400 ),
 .UNSPECIFIED., .F., .F.,
 ( 4, 3, 3, 3, 3, 4 ),
 ( 0.0000000000000000000, 3.645455244006544800E-005, 8.177673347182982000E-005, 0.0001396904715551384800, 0.0001982223688886862900, 0.0002410773076989676200 ),
 .UNSPECIFIED. ) ;
#46 = DIRECTION ( 'NONE',  ( -1.000000000000000000, 0.0000000000000000000, 0.0000000000000000000 ) ) ;
#47 = AXIS2_PLACEMENT_3D ( 'NONE', #63, #126, #55 ) ;
#48 = DIRECTION ( 'NONE',  ( 0.0000000000000000000, 0.0000000000000000000, 1.000000000000000000 ) ) ;
#49 = CARTESIAN_POINT ( 'NONE',  ( -6.649999999999992400, 52.81990284774145300, 11.25000000000000400 ) ) ;
#50 = CARTESIAN_POINT ( 'NONE',  ( 3.900000000000003500, 52.40999999999999700, 10.45000000000000300 ) ) ;
#51 = CIRCLE ( 'NONE', #322, 0.5000000000000017800 ) ;
#52 = CARTESIAN_POINT ( 'NONE',  ( -4.618590463878177000, 52.49185035593432500, 10.50856825268291800 ) ) ;
#53 = CARTESIAN_POINT ( 'NONE',  ( -4.728540125497415800, 52.56164928148115200, 10.45000000000000300 ) ) ;
#54 = CARTESIAN_POINT ( 'NONE',  ( 4.395246177430471400, 52.48262704319338900, -10.53235356516941400 ) ) ;
#55 = DIRECTION ( 'NONE',  ( 1.000000000000000000, 0.0000000000000000000, 0.0000000000000000000 ) ) ;
#56 = PLANE ( 'NONE',  #840 ) ;
#57 = CARTESIAN_POINT ( 'NONE',  ( 4.397550782218865500, 52.45942892992368200, -10.56000000000000400 ) ) ;
#58 = VECTOR ( 'NONE', #1519, 1000.000000000000000 ) ;
#59 = CARTESIAN_POINT ( 'NONE',  ( -5.599999999999994300, 52.40999999999999700, 10.45000000000000300 ) ) ;
#60 = ORIENTED_EDGE ( 'NONE', *, *, #1194, .T. ) ;
#61 = VECTOR ( 'NONE', #1445, 1000.000000000000000 ) ;
#62 = ORIENTED_EDGE ( 'NONE', *, *, #1038, .F. ) ;
#63 = CARTESIAN_POINT ( 'NONE',  ( 3.900000000000003500, 52.40999999999999700, 10.45000000000000300 ) ) ;
#64 = ORIENTED_EDGE ( 'NONE', *, *, #1194, .F. ) ;
#65 = CARTESIAN_POINT ( 'NONE',  ( 3.400140934438418600, 52.42370763814734900, 10.56574678204538600 ) ) ;
#66 = CARTESIAN_POINT ( 'NONE',  ( 4.381148454978919900, 52.50474504880158100, -10.50599435252483700 ) ) ;
#67 = DIRECTION ( 'NONE',  ( -0.0000000000000000000, -0.0000000000000000000, 1.000000000000000000 ) ) ;
#68 = DIRECTION ( 'NONE',  ( -0.0000000000000000000, -0.0000000000000000000, 1.000000000000000000 ) ) ;
#69 = DIRECTION ( 'NONE',  ( 0.0000000000000000000, 0.0000000000000000000, -1.000000000000000000 ) ) ;
#70 = EDGE_CURVE ( 'NONE', #958, #1101, #723, .T. ) ;
#71 = CARTESIAN_POINT ( 'NONE',  ( 3.402449217781141400, 52.45942892992368200, -10.56000000000000400 ) ) ;
#72 = CARTESIAN_POINT ( 'NONE',  ( -5.599999999999994300, 52.40999999999999700, -10.45000000000000300 ) ) ;
#73 = CARTESIAN_POINT ( 'NONE',  ( -6.649999999999992400, 51.89999999999999900, -9.750000000000003600 ) ) ;
#74 = VECTOR ( 'NONE', #997, 1000.000000000000000 ) ;
#75 = DIRECTION ( 'NONE',  ( 0.0000000000000000000, 0.0000000000000000000, 1.000000000000000000 ) ) ;
#76 = CARTESIAN_POINT ( 'NONE',  ( -5.099999999999992500, 52.40999999999999700, -10.45000000000000300 ) ) ;
#77 = DIRECTION ( 'NONE',  ( 1.000000000000000000, 0.0000000000000000000, 0.0000000000000000000 ) ) ;
#78 = FACE_OUTER_BOUND ( 'NONE', #614, .T. ) ;
#79 = CARTESIAN_POINT ( 'NONE',  ( 3.900000000000003500, 52.40999999999999700, -10.56000000000000400 ) ) ;
#80 = EDGE_CURVE ( 'NONE', #623, #1042, #265, .T. ) ;
#81 = LINE ( 'NONE', #1632, #61 ) ;
#82 = ORIENTED_EDGE ( 'NONE', *, *, #261, .F. ) ;
#83 = CARTESIAN_POINT ( 'NONE',  ( -5.597550782218854200, 52.45942892992368200, -10.56000000000000400 ) ) ;
#84 = LINE ( 'NONE', #1493, #58 ) ;
#85 = STYLED_ITEM ( 'NONE', ( #1053 ), #1364 ) ;
#86 = ORIENTED_EDGE ( 'NONE', *, *, #1304, .T. ) ;
#87 = CARTESIAN_POINT ( 'NONE',  ( 11.20000000000000300, 50.89999999999999900, -11.25000000000000200 ) ) ;
#88 = DIRECTION ( 'NONE',  ( -0.0000000000000000000, -0.0000000000000000000, 1.000000000000000000 ) ) ;
#89 = ORIENTED_EDGE ( 'NONE', *, *, #1245, .T. ) ;
#90 = DIRECTION ( 'NONE',  ( 1.000000000000000000, 0.0000000000000000000, 0.0000000000000000000 ) ) ;
#91 = DIRECTION ( 'NONE',  ( 0.0000000000000000000, -0.0000000000000000000, 1.000000000000000000 ) ) ;
#92 = DIRECTION ( 'NONE',  ( -0.0000000000000000000, 1.000000000000000000, 0.0000000000000000000 ) ) ;
#93 = CARTESIAN_POINT ( 'NONE',  ( -5.099999999999992500, 52.40999999999999700, -10.56000000000000400 ) ) ;
#94 = CARTESIAN_POINT ( 'NONE',  ( 4.387749935930292700, 52.29999999999999700, -10.75000000000000200 ) ) ;
#95 = DIRECTION ( 'NONE',  ( 1.000000000000000000, 0.0000000000000000000, 0.0000000000000000000 ) ) ;
#96 = DIRECTION ( 'NONE',  ( -1.000000000000000000, 0.0000000000000000000, 0.0000000000000000000 ) ) ;
#97 = CARTESIAN_POINT ( 'NONE',  ( 0.0000000000000000000, 52.20412320370288500, 10.75000000000000200 ) ) ;
#98 = PLANE ( 'NONE',  #376 ) ;
#99 = AXIS2_PLACEMENT_3D ( 'NONE', #23, #256, #229 ) ;
#100 = CARTESIAN_POINT ( 'NONE',  ( -4.599999999999991700, 52.40999999999999700, 10.57724885615913700 ) ) ;
#101 = EDGE_CURVE ( 'NONE', #320, #770, #249, .T. ) ;
#102 = CARTESIAN_POINT ( 'NONE',  ( -4.628657919565340800, 52.50464158900955900, 10.49783513372718600 ) ) ;
#103 = DIRECTION ( 'NONE',  ( 0.0000000000000000000, 0.0000000000000000000, 1.000000000000000000 ) ) ;
#104 = DIRECTION ( 'NONE',  ( -1.000000000000000000, 0.0000000000000000000, 0.0000000000000000000 ) ) ;
#105 = VECTOR ( 'NONE', #395, 1000.000000000000000 ) ;
#106 = CARTESIAN_POINT ( 'NONE',  ( -6.649999999999992400, 51.89999999999999900, -10.75000000000000200 ) ) ;
#107 = EDGE_CURVE ( 'NONE', #1137, #988, #1276, .T. ) ;
#108 = CARTESIAN_POINT ( 'NONE',  ( 3.900000000000003500, 52.40999999999999700, 10.56000000000000400 ) ) ;
#109 = LINE ( 'NONE', #783, #1597 ) ;
#110 = CARTESIAN_POINT ( 'NONE',  ( -4.690828276182973200, 52.55207891164801700, 10.45803049379721500 ) ) ;
#111 = CARTESIAN_POINT ( 'NONE',  ( -4.600422743729793300, 52.43055638629579100, 10.56000000000000200 ) ) ;
#112 = LINE ( 'NONE', #49, #869 ) ;
#113 = VECTOR ( 'NONE', #1617, 1000.000000000000000 ) ;
#114 = DIRECTION ( 'NONE',  ( -1.000000000000000000, 0.0000000000000000000, 0.0000000000000000000 ) ) ;
#115 =( BOUNDED_CURVE ( )  B_SPLINE_CURVE ( 3, ( #120, #1190, #1166, #1006 ),
 .UNSPECIFIED., .F., .T. ) 
 B_SPLINE_CURVE_WITH_KNOTS ( ( 4, 4 ),
 ( 1.570796326794896600, 1.611920690084375700 ),
 .UNSPECIFIED. ) 
 CURVE ( )  GEOMETRIC_REPRESENTATION_ITEM ( )  RATIONAL_B_SPLINE_CURVE ( ( 1.000000000000000000, 0.9998590705275619600, 0.9998590705275619600, 1.000000000000000000 ) ) 
 REPRESENTATION_ITEM ( '' )  );
#116 = ORIENTED_EDGE ( 'NONE', *, *, #297, .T. ) ;
#117 = EDGE_CURVE ( 'NONE', #610, #1511, #245, .T. ) ;
#118 = EDGE_LOOP ( 'NONE', ( #60, #38, #35, #11 ) ) ;
#119 = DIRECTION ( 'NONE',  ( -0.0000000000000000000, -0.0000000000000000000, -1.000000000000000000 ) ) ;
#120 = CARTESIAN_POINT ( 'NONE',  ( 4.400000000000004800, 52.40999999999999700, 10.57724885615913700 ) ) ;
#121 = AXIS2_PLACEMENT_3D ( 'NONE', #838, #849, #561 ) ;
#122 = ORIENTED_EDGE ( 'NONE', *, *, #1559, .T. ) ;
#123 = DIRECTION ( 'NONE',  ( -0.0000000000000000000, -1.000000000000000000, -0.0000000000000000000 ) ) ;
#124 = CARTESIAN_POINT ( 'NONE',  ( -5.099999999999992500, 52.40999999999999700, -10.56000000000000400 ) ) ;
#125 = EDGE_CURVE ( 'NONE', #320, #941, #247, .T. ) ;
#126 = DIRECTION ( 'NONE',  ( -0.0000000000000000000, -0.0000000000000000000, 1.000000000000000000 ) ) ;
#127 = CARTESIAN_POINT ( 'NONE',  ( -4.600874880597505300, 52.44154456743880400, 10.55077982125559200 ) ) ;
#128 = DIRECTION ( 'NONE',  ( -1.000000000000000000, 0.0000000000000000000, -0.0000000000000000000 ) ) ;
#129 = DIRECTION ( 'NONE',  ( 0.0000000000000000000, -0.0000000000000000000, 1.000000000000000000 ) ) ;
#130 = CARTESIAN_POINT ( 'NONE',  ( 0.0000000000000000000, 0.0000000000000000000, -10.75000000000000200 ) ) ;
#131 = AXIS2_PLACEMENT_3D ( 'NONE', #504, #392, #1538 ) ;
#132 = CIRCLE ( 'NONE', #882, 0.3900000000000014600 ) ;
#133 = DIRECTION ( 'NONE',  ( 1.000000000000000000, 0.0000000000000000000, 0.0000000000000000000 ) ) ;
#134 = DIRECTION ( 'NONE',  ( -1.000000000000000000, 0.0000000000000000000, 0.0000000000000000000 ) ) ;
#135 = DIRECTION ( 'NONE',  ( 1.000000000000000000, 0.0000000000000000000, -0.0000000000000000000 ) ) ;
#136 = VECTOR ( 'NONE', #427, 1000.000000000000000 ) ;
#137 = DIRECTION ( 'NONE',  ( 0.0000000000000000000, 0.0000000000000000000, -1.000000000000000000 ) ) ;
#138 = VECTOR ( 'NONE', #493, 1000.000000000000000 ) ;
#139 = DIRECTION ( 'NONE',  ( -0.0000000000000000000, -0.0000000000000000000, 1.000000000000000000 ) ) ;
#140 = CIRCLE ( 'NONE', #1518, 0.3900000000000014600 ) ;
#141 = LINE ( 'NONE', #1574, #466 ) ;
#142 = DIRECTION ( 'NONE',  ( 0.0000000000000000000, 0.0000000000000000000, 1.000000000000000000 ) ) ;
#143 = ORIENTED_EDGE ( 'NONE', *, *, #891, .T. ) ;
#144 = PLANE ( 'NONE',  #525 ) ;
#145 = ORIENTED_EDGE ( 'NONE', *, *, #1437, .T. ) ;
#146 = CARTESIAN_POINT ( 'NONE',  ( 3.900000000000003500, 52.40999999999999700, -10.56000000000000400 ) ) ;
#147 = CARTESIAN_POINT ( 'NONE',  ( 3.900000000000003500, 52.40999999999999700, -10.45000000000000300 ) ) ;
#148 = DIRECTION ( 'NONE',  ( 0.0000000000000000000, 0.0000000000000000000, -1.000000000000000000 ) ) ;
#149 = DIRECTION ( 'NONE',  ( 1.000000000000000000, 0.0000000000000000000, 0.0000000000000000000 ) ) ;
#150 = CARTESIAN_POINT ( 'NONE',  ( 4.395899851358689300, 52.33613746116398600, -10.70693305083059800 ) ) ;
#151 = DIRECTION ( 'NONE',  ( 1.000000000000000000, 0.0000000000000000000, 0.0000000000000000000 ) ) ;
#152 = EDGE_CURVE ( 'NONE', #991, #473, #222, .T. ) ;
#153 = CARTESIAN_POINT ( 'NONE',  ( -11.19999999999999900, 52.81990284774145300, 0.0000000000000000000 ) ) ;
#154 = AXIS2_PLACEMENT_3D ( 'NONE', #108, #119, #104 ) ;
#155 = CIRCLE ( 'NONE', #855, 0.5000000000000013300 ) ;
#156 = DIRECTION ( 'NONE',  ( -0.0000000000000000000, -1.000000000000000000, -0.0000000000000000000 ) ) ;
#157 = VECTOR ( 'NONE', #1553, 1000.000000000000000 ) ;
#158 = LINE ( 'NONE', #505, #113 ) ;
#159 = CIRCLE ( 'NONE', #1144, 0.5000000000000013300 ) ;
#160 = CARTESIAN_POINT ( 'NONE',  ( -5.599182926600434500, 52.44299979186620700, -10.57957948430322000 ) ) ;
#161 = ORIENTED_EDGE ( 'NONE', *, *, #1507, .T. ) ;
#162 = CARTESIAN_POINT ( 'NONE',  ( 3.400000000000001700, 52.40999999999999700, 10.45000000000000300 ) ) ;
#163 = DIRECTION ( 'NONE',  ( -0.0000000000000000000, -0.0000000000000000000, 1.000000000000000000 ) ) ;
#164 = VECTOR ( 'NONE', #215, 1000.000000000000000 ) ;
#165 = VERTEX_POINT ( 'NONE', #1427 ) ;
#166 = CARTESIAN_POINT ( 'NONE',  ( -5.099999999999992500, 52.40999999999999700, -10.45000000000000300 ) ) ;
#167 = VECTOR ( 'NONE', #1016, 1000.000000000000000 ) ;
#168 = ORIENTED_EDGE ( 'NONE', *, *, #1634, .T. ) ;
#169 = ORIENTED_EDGE ( 'NONE', *, *, #1227, .T. ) ;
#170 = CARTESIAN_POINT ( 'NONE',  ( -6.649999999999992400, 50.89999999999999900, -11.25000000000000400 ) ) ;
#171 = DIRECTION ( 'NONE',  ( -0.0000000000000000000, -0.0000000000000000000, 1.000000000000000000 ) ) ;
#172 = AXIS2_PLACEMENT_3D ( 'NONE', #1311, #1007, #1027 ) ;
#173 = PLANE ( 'NONE',  #911 ) ;
#174 = DIRECTION ( 'NONE',  ( 1.000000000000000000, 0.0000000000000000000, 0.0000000000000000000 ) ) ;
#175 = CARTESIAN_POINT ( 'NONE',  ( -5.099999999999992500, 52.40999999999999700, 10.75000000000000200 ) ) ;
#176 = DIRECTION ( 'NONE',  ( 0.0000000000000000000, 0.0000000000000000000, -1.000000000000000000 ) ) ;
#177 = DIRECTION ( 'NONE',  ( 1.000000000000000000, 0.0000000000000000000, 0.0000000000000000000 ) ) ;
#178 =( BOUNDED_CURVE ( )  B_SPLINE_CURVE ( 3, ( #241, #240, #246, #250 ),
 .UNSPECIFIED., .F., .T. ) 
 B_SPLINE_CURVE_WITH_KNOTS ( ( 4, 4 ),
 ( 1.146418813282400500, 1.570796326794896600 ),
 .UNSPECIFIED. ) 
 CURVE ( )  GEOMETRIC_REPRESENTATION_ITEM ( )  RATIONAL_B_SPLINE_CURVE ( ( 1.000000000000000000, 0.9850482029135265700, 0.9850482029135265700, 1.000000000000000000 ) ) 
 REPRESENTATION_ITEM ( '' )  );
#179 = CARTESIAN_POINT ( 'NONE',  ( 3.400000000000001700, 52.40999999999999700, 10.56000000000000400 ) ) ;
#180 = DIRECTION ( 'NONE',  ( 1.000000000000000000, 0.0000000000000000000, 0.0000000000000000000 ) ) ;
#181 = CARTESIAN_POINT ( 'NONE',  ( -5.099999999999992500, 52.40999999999999700, 10.45000000000000300 ) ) ;
#182 = CARTESIAN_POINT ( 'NONE',  ( 11.20000000000000300, 52.81990284774145300, -11.25000000000000200 ) ) ;
#183 = EDGE_CURVE ( 'NONE', #223, #453, #198, .T. ) ;
#184 = VECTOR ( 'NONE', #702, 1000.000000000000000 ) ;
#185 = DIRECTION ( 'NONE',  ( 0.0000000000000000000, 0.0000000000000000000, -1.000000000000000000 ) ) ;
#186 = EDGE_CURVE ( 'NONE', #595, #1013, #191, .T. ) ;
#187 = AXIS2_PLACEMENT_3D ( 'NONE', #418, #447, #450 ) ;
#188 = CARTESIAN_POINT ( 'NONE',  ( -6.649999999999992400, 52.81990284774145300, -11.25000000000000400 ) ) ;
#189 = CIRCLE ( 'NONE', #1628, 0.3900000000000014600 ) ;
#190 = CARTESIAN_POINT ( 'NONE',  ( 11.19999999999999900, 52.81990284774145300, 4.114813245135106300E-015 ) ) ;
#191 = LINE ( 'NONE', #503, #138 ) ;
#192 = ORIENTED_EDGE ( 'NONE', *, *, #80, .T. ) ;
#193 = VECTOR ( 'NONE', #195, 1000.000000000000000 ) ;
#194 = LINE ( 'NONE', #1140, #1057 ) ;
#195 = DIRECTION ( 'NONE',  ( -1.000000000000000000, -0.0000000000000000000, -0.0000000000000000000 ) ) ;
#196 = ORIENTED_EDGE ( 'NONE', *, *, #325, .T. ) ;
#197 = CARTESIAN_POINT ( 'NONE',  ( -5.099999999999992500, 52.40999999999999700, -10.45000000000000300 ) ) ;
#198 = LINE ( 'NONE', #1435, #157 ) ;
#199 = DIRECTION ( 'NONE',  ( -0.0000000000000000000, -1.000000000000000000, -0.0000000000000000000 ) ) ;
#200 = EDGE_LOOP ( 'NONE', ( #756, #754, #738, #726 ) ) ;
#201 = CARTESIAN_POINT ( 'NONE',  ( -5.099999999999992500, 52.40999999999999700, 10.56000000000000400 ) ) ;
#202 = ORIENTED_EDGE ( 'NONE', *, *, #331, .T. ) ;
#203 = CARTESIAN_POINT ( 'NONE',  ( -5.599999999999994300, 52.40999999999999700, 10.56000000000000400 ) ) ;
#204 = EDGE_CURVE ( 'NONE', #1083, #1291, #158, .T. ) ;
#205 = DIRECTION ( 'NONE',  ( -1.000000000000000000, 0.0000000000000000000, 0.0000000000000000000 ) ) ;
#206 = CARTESIAN_POINT ( 'NONE',  ( -6.649999999999992400, 51.89999999999999900, -10.75000000000000200 ) ) ;
#207 = PRESENTATION_LAYER_ASSIGNMENT (  '', '', ( #85 ) ) ;
#208 = CARTESIAN_POINT ( 'NONE',  ( 3.900000000000003500, 52.40999999999999700, -10.45000000000000300 ) ) ;
#209 = DIRECTION ( 'NONE',  ( -0.0000000000000000000, -0.0000000000000000000, -1.000000000000000000 ) ) ;
#210 = PRODUCT ( 'TopCover', 'TopCover', '', ( #452 ) ) ;
#211 = DIRECTION ( 'NONE',  ( 0.0000000000000000000, 0.0000000000000000000, 1.000000000000000000 ) ) ;
#212 = LINE ( 'NONE', #1192, #311 ) ;
#213 = DIRECTION ( 'NONE',  ( -0.0000000000000000000, -0.0000000000000000000, 1.000000000000000000 ) ) ;
#214 = LINE ( 'NONE', #675, #688 ) ;
#215 = DIRECTION ( 'NONE',  ( -0.0000000000000000000, -1.000000000000000000, -0.0000000000000000000 ) ) ;
#216 = DIRECTION ( 'NONE',  ( 1.000000000000000000, 0.0000000000000000000, 0.0000000000000000000 ) ) ;
#217 = DIRECTION ( 'NONE',  ( 0.0000000000000000000, 0.0000000000000000000, 1.000000000000000000 ) ) ;
#218 = FACE_OUTER_BOUND ( 'NONE', #545, .T. ) ;
#219 = CARTESIAN_POINT ( 'NONE',  ( -4.716266181226418800, 52.55958772200177300, 10.45172985379879700 ) ) ;
#220 = AXIS2_PLACEMENT_3D ( 'NONE', #1404, #1370, #1434 ) ;
#221 = CIRCLE ( 'NONE', #963, 0.1099999999999998500 ) ;
#222 = LINE ( 'NONE', #21, #184 ) ;
#223 = VERTEX_POINT ( 'NONE', #1450 ) ;
#224 = VECTOR ( 'NONE', #962, 1000.000000000000000 ) ;
#225 = ORIENTED_EDGE ( 'NONE', *, *, #261, .T. ) ;
#226 = EDGE_CURVE ( 'NONE', #705, #1289, #81, .T. ) ;
#227 = CARTESIAN_POINT ( 'NONE',  ( -4.709999999999991100, 52.40999999999999700, -10.56000000000000400 ) ) ;
#228 = EDGE_LOOP ( 'NONE', ( #1167, #1150, #1148, #1135, #1132, #1131, #1115, #1114, #1100, #1096, #1077, #1074, #1072, #1062, #1059, #1058, #1039, #1026, #1023, #1010 ) ) ;
#229 = DIRECTION ( 'NONE',  ( -1.000000000000000000, 0.0000000000000000000, 0.0000000000000000000 ) ) ;
#230 = CARTESIAN_POINT ( 'NONE',  ( -5.099999999999992500, 52.40999999999999700, 10.56000000000000400 ) ) ;
#231 = CARTESIAN_POINT ( 'NONE',  ( 0.0000000000000000000, 0.0000000000000000000, 10.75000000000000200 ) ) ;
#232 = PRODUCT_DEFINITION_CONTEXT ( 'detailed design', #454, 'design' ) ;
#233 = EDGE_CURVE ( 'NONE', #362, #453, #1034, .T. ) ;
#234 = PLANE ( 'NONE',  #1475 ) ;
#235 = DIRECTION ( 'NONE',  ( 0.0000000000000000000, 0.0000000000000000000, -1.000000000000000000 ) ) ;
#236 = FILL_AREA_STYLE_COLOUR ( '', #1133 ) ;
#237 = AXIS2_PLACEMENT_3D ( 'NONE', #895, #897, #901 ) ;
#238 = CARTESIAN_POINT ( 'NONE',  ( 3.444352389728162900, 52.20412320370288500, 10.75000000000000200 ) ) ;
#239 = DIRECTION ( 'NONE',  ( 1.000000000000000000, 0.0000000000000000000, -0.0000000000000000000 ) ) ;
#240 = CARTESIAN_POINT ( 'NONE',  ( 4.384991465528636400, 52.26906717876175200, 10.69550553448091400 ) ) ;
#241 = CARTESIAN_POINT ( 'NONE',  ( 4.355647610271843100, 52.20412320370288500, 10.75000000000000200 ) ) ;
#242 = DIRECTION ( 'NONE',  ( -1.000000000000000000, 0.0000000000000000000, 0.0000000000000000000 ) ) ;
#243 = DIRECTION ( 'NONE',  ( -1.000000000000000000, 0.0000000000000000000, 0.0000000000000000000 ) ) ;
#244 = FILL_AREA_STYLE ('',( #236 ) ) ;
#245 = CIRCLE ( 'NONE', #399, 0.5000000000000013300 ) ;
#246 = CARTESIAN_POINT ( 'NONE',  ( 4.400000000000004800, 52.33873442810318000, 10.63704777125338700 ) ) ;
#247 = LINE ( 'NONE', #206, #193 ) ;
#248 = CARTESIAN_POINT ( 'NONE',  ( -5.599999999999994300, 52.40999999999999700, -10.56000000000000400 ) ) ;
#249 = LINE ( 'NONE', #1000, #224 ) ;
#250 = CARTESIAN_POINT ( 'NONE',  ( 4.400000000000004800, 52.40999999999999700, 10.57724885615913700 ) ) ;
#251 = ORIENTED_EDGE ( 'NONE', *, *, #1614, .T. ) ;
#252 = DIRECTION ( 'NONE',  ( -1.224646799147353200E-016, 1.000000000000000000, 0.0000000000000000000 ) ) ;
#253 = DIRECTION ( 'NONE',  ( 1.224646799147353200E-016, 1.000000000000000000, 0.0000000000000000000 ) ) ;
#254 = DIRECTION ( 'NONE',  ( 1.000000000000000000, 0.0000000000000000000, 0.0000000000000000000 ) ) ;
#255 = SURFACE_SIDE_STYLE ('',( #1097 ) ) ;
#256 = DIRECTION ( 'NONE',  ( -1.224646799147353200E-016, 1.000000000000000000, 0.0000000000000000000 ) ) ;
#257 = SURFACE_STYLE_USAGE ( .BOTH. , #255 ) ;
#258 =( LENGTH_UNIT ( ) NAMED_UNIT ( * ) SI_UNIT ( .MILLI., .METRE. ) );
#259 =( NAMED_UNIT ( * ) PLANE_ANGLE_UNIT ( ) SI_UNIT ( $, .RADIAN. ) );
#260 = VECTOR ( 'NONE', #1109, 1000.000000000000000 ) ;
#261 = EDGE_CURVE ( 'NONE', #552, #500, #84, .T. ) ;
#262 = DIRECTION ( 'NONE',  ( -0.0000000000000000000, -0.0000000000000000000, -1.000000000000000000 ) ) ;
#263 = CARTESIAN_POINT ( 'NONE',  ( -5.099999999999992500, 52.40999999999999700, 10.45000000000000300 ) ) ;
#264 = EDGE_CURVE ( 'NONE', #317, #390, #31, .T. ) ;
#265 = LINE ( 'NONE', #1051, #292 ) ;
#266 = ORIENTED_EDGE ( 'NONE', *, *, #1523, .T. ) ;
#267 = CARTESIAN_POINT ( 'NONE',  ( 3.510000000000002000, 52.40999999999999700, -10.56000000000000400 ) ) ;
#268 = AXIS2_PLACEMENT_3D ( 'NONE', #281, #302, #277 ) ;
#269 = ORIENTED_EDGE ( 'NONE', *, *, #304, .F. ) ;
#270 = CARTESIAN_POINT ( 'NONE',  ( 0.0000000000000000000, 52.20412320370288500, 10.75000000000000200 ) ) ;
#271 = ORIENTED_EDGE ( 'NONE', *, *, #865, .F. ) ;
#272 = DIRECTION ( 'NONE',  ( -0.0000000000000000000, -0.0000000000000000000, 1.000000000000000000 ) ) ;
#273 = CARTESIAN_POINT ( 'NONE',  ( -6.649999999999992400, 51.89999999999999900, 10.75000000000000200 ) ) ;
#274 = CARTESIAN_POINT ( 'NONE',  ( -4.606331351722458200, 52.46322523683158300, 10.53258757956443000 ) ) ;
#275 = CARTESIAN_POINT ( 'NONE',  ( 3.510000000000002000, 52.40999999999999700, 10.56000000000000400 ) ) ;
#276 = CARTESIAN_POINT ( 'NONE',  ( -11.20000000000000100, 50.89999999999999900, -11.25000000000000400 ) ) ;
#277 = DIRECTION ( 'NONE',  ( 1.000000000000000000, 0.0000000000000000000, 0.0000000000000000000 ) ) ;
#278 = DIRECTION ( 'NONE',  ( -0.0000000000000000000, -0.0000000000000000000, -1.000000000000000000 ) ) ;
#279 = CARTESIAN_POINT ( 'NONE',  ( -4.638603131557367500, 52.51727750502703200, 10.48723234125733600 ) ) ;
#280 = CARTESIAN_POINT ( 'NONE',  ( 3.415008534471370100, 52.26906717876176600, 10.69550553448091700 ) ) ;
#281 = CARTESIAN_POINT ( 'NONE',  ( -5.099999999999992500, 52.40999999999999700, 10.56000000000000400 ) ) ;
#282 = CIRCLE ( 'NONE', #1240, 0.5000000000000013300 ) ;
#283 = VECTOR ( 'NONE', #1090, 1000.000000000000000 ) ;
#284 = CARTESIAN_POINT ( 'NONE',  ( -4.599999999999991700, 52.40999999999999700, -10.45000000000000300 ) ) ;
#285 = CYLINDRICAL_SURFACE ( 'NONE', #17, 0.5000000000000013300 ) ;
#286 = CARTESIAN_POINT ( 'NONE',  ( 5.450000000000005500, 51.89999999999999900, -9.750000000000003600 ) ) ;
#287 = LINE ( 'NONE', #1082, #283 ) ;
#288 = CARTESIAN_POINT ( 'NONE',  ( -5.599577256270191800, 52.43055638629579100, 10.56000000000000200 ) ) ;
#289 = VECTOR ( 'NONE', #529, 1000.000000000000000 ) ;
#290 = CARTESIAN_POINT ( 'NONE',  ( 4.400000000000004800, 52.40999999999999700, 10.57724885615913700 ) ) ;
#291 = EDGE_LOOP ( 'NONE', ( #651, #481, #547, #745 ) ) ;
#292 = VECTOR ( 'NONE', #1295, 1000.000000000000000 ) ;
#293 = ORIENTED_EDGE ( 'NONE', *, *, #891, .F. ) ;
#294 = AXIS2_PLACEMENT_3D ( 'NONE', #1099, #1112, #1093 ) ;
#295 = CIRCLE ( 'NONE', #294, 0.3900000000000014600 ) ;
#296 = VERTEX_POINT ( 'NONE', #1630 ) ;
#297 = EDGE_CURVE ( 'NONE', #585, #579, #7, .T. ) ;
#298 = DIRECTION ( 'NONE',  ( 0.0000000000000000000, -1.000000000000000000, 0.0000000000000000000 ) ) ;
#299 = PRODUCT_DEFINITION ( 'UNKNOWN', '', #403, #232 ) ;
#300 = CARTESIAN_POINT ( 'NONE',  ( 3.900000000000003500, 52.40999999999999700, -10.75000000000000200 ) ) ;
#301 = DIRECTION ( 'NONE',  ( 0.0000000000000000000, 0.0000000000000000000, -1.000000000000000000 ) ) ;
#302 = DIRECTION ( 'NONE',  ( 0.0000000000000000000, 0.0000000000000000000, 1.000000000000000000 ) ) ;
#303 = DIRECTION ( 'NONE',  ( -0.0000000000000000000, -0.0000000000000000000, -1.000000000000000000 ) ) ;
#304 = EDGE_CURVE ( 'NONE', #514, #877, #664, .T. ) ;
#305 = CARTESIAN_POINT ( 'NONE',  ( -6.649999999999992400, 52.79999999999999700, -11.25000000000000400 ) ) ;
#306 = DIRECTION ( 'NONE',  ( -1.000000000000000000, 0.0000000000000000000, 0.0000000000000000000 ) ) ;
#307 = PLANE ( 'NONE',  #925 ) ;
#308 = EDGE_CURVE ( 'NONE', #974, #958, #920, .T. ) ;
#309 = DIRECTION ( 'NONE',  ( 1.000000000000000000, 0.0000000000000000000, 0.0000000000000000000 ) ) ;
#310 = MECHANICAL_DESIGN_GEOMETRIC_PRESENTATION_REPRESENTATION (  '', ( #85 ), #413 ) ;
#311 = VECTOR ( 'NONE', #1216, 1000.000000000000000 ) ;
#312 = LINE ( 'NONE', #1179, #260 ) ;
#313 = DIRECTION ( 'NONE',  ( 0.0000000000000000000, 1.000000000000000000, 0.0000000000000000000 ) ) ;
#314 = CARTESIAN_POINT ( 'NONE',  ( -5.099999999999992500, 52.40999999999999700, -10.56000000000000400 ) ) ;
#315 = VERTEX_POINT ( 'NONE', #1476 ) ;
#316 = CARTESIAN_POINT ( 'NONE',  ( 11.20000000000000100, 50.89999999999999900, 11.25000000000000700 ) ) ;
#317 = VERTEX_POINT ( 'NONE', #1596 ) ;
#318 = DIRECTION ( 'NONE',  ( 0.0000000000000000000, -0.0000000000000000000, 1.000000000000000000 ) ) ;
#319 = VERTEX_POINT ( 'NONE', #1543 ) ;
#320 = VERTEX_POINT ( 'NONE', #1546 ) ;
#321 = PLANE ( 'NONE',  #1075 ) ;
#322 = AXIS2_PLACEMENT_3D ( 'NONE', #300, #1636, #134 ) ;
#323 = ORIENTED_EDGE ( 'NONE', *, *, #186, .T. ) ;
#324 = DIRECTION ( 'NONE',  ( 0.0000000000000000000, 0.0000000000000000000, -1.000000000000000000 ) ) ;
#325 = EDGE_CURVE ( 'NONE', #500, #623, #141, .T. ) ;
#326 = CARTESIAN_POINT ( 'NONE',  ( 4.397550782218865500, 52.45942892992368200, -10.56000000000000400 ) ) ;
#327 = EDGE_CURVE ( 'NONE', #904, #705, #368, .T. ) ;
#328 = CARTESIAN_POINT ( 'NONE',  ( 4.399182926600445900, 52.44299979186620700, -10.57957948430322000 ) ) ;
#329 = DIRECTION ( 'NONE',  ( 0.0000000000000000000, 0.0000000000000000000, -1.000000000000000000 ) ) ;
#330 = DIRECTION ( 'NONE',  ( 0.0000000000000000000, 0.0000000000000000000, -1.000000000000000000 ) ) ;
#331 = EDGE_CURVE ( 'NONE', #991, #440, #1520, .T. ) ;
#332 = CARTESIAN_POINT ( 'NONE',  ( 4.400000000000004800, 52.42651001128388100, -10.59923123955330700 ) ) ;
#333 = DIRECTION ( 'NONE',  ( -1.000000000000000000, 0.0000000000000000000, 0.0000000000000000000 ) ) ;
#334 = DIRECTION ( 'NONE',  ( 1.000000000000000000, 0.0000000000000000000, 0.0000000000000000000 ) ) ;
#335 = AXIS2_PLACEMENT_3D ( 'NONE', #808, #802, #812 ) ;
#336 = CARTESIAN_POINT ( 'NONE',  ( 4.400000000000004800, 52.40999999999999700, -10.61890710481464100 ) ) ;
#337 = EDGE_LOOP ( 'NONE', ( #740, #771, #777, #776, #801, #798 ) ) ;
#338 = DIRECTION ( 'NONE',  ( 0.0000000000000000000, 0.0000000000000000000, -1.000000000000000000 ) ) ;
#339 = ORIENTED_EDGE ( 'NONE', *, *, #919, .T. ) ;
#340 = DIRECTION ( 'NONE',  ( -1.000000000000000000, -1.387778780781442000E-014, 0.0000000000000000000 ) ) ;
#341 = CARTESIAN_POINT ( 'NONE',  ( 5.450000000000003700, 51.89999999999999900, 10.75000000000000200 ) ) ;
#342 = VERTEX_POINT ( 'NONE', #1056 ) ;
#343 = ORIENTED_EDGE ( 'NONE', *, *, #947, .F. ) ;
#344 = DIRECTION ( 'NONE',  ( 0.0000000000000000000, 1.000000000000000000, 0.0000000000000000000 ) ) ;
#345 = ORIENTED_EDGE ( 'NONE', *, *, #1559, .F. ) ;
#346 = FACE_OUTER_BOUND ( 'NONE', #1063, .T. ) ;
#347 = CARTESIAN_POINT ( 'NONE',  ( -5.099999999999992500, 52.40999999999999700, 10.45000000000000300 ) ) ;
#348 = DIRECTION ( 'NONE',  ( 1.000000000000000000, 0.0000000000000000000, -0.0000000000000000000 ) ) ;
#349 = DIRECTION ( 'NONE',  ( 0.0000000000000000000, 0.0000000000000000000, 1.000000000000000000 ) ) ;
#350 = AXIS2_PLACEMENT_3D ( 'NONE', #470, #129, #135 ) ;
#351 = DIRECTION ( 'NONE',  ( 1.000000000000000000, 0.0000000000000000000, 0.0000000000000000000 ) ) ;
#352 = DIRECTION ( 'NONE',  ( 0.0000000000000000000, 1.000000000000000000, 0.0000000000000000000 ) ) ;
#353 = CARTESIAN_POINT ( 'NONE',  ( 4.259308357022562500, 52.56164928148115200, 10.45000000000000300 ) ) ;
#354 = DIRECTION ( 'NONE',  ( -0.0000000000000000000, -1.000000000000000000, -0.0000000000000000000 ) ) ;
#355 = DIRECTION ( 'NONE',  ( 0.0000000000000000000, 0.0000000000000000000, -1.000000000000000000 ) ) ;
#356 = CARTESIAN_POINT ( 'NONE',  ( 0.0000000000000000000, 52.20412320370288500, 10.75000000000000200 ) ) ;
#357 = DIRECTION ( 'NONE',  ( -1.000000000000000000, 0.0000000000000000000, 0.0000000000000000000 ) ) ;
#358 = TOROIDAL_SURFACE ( 'NONE', #472, 0.3900000000000016200, 0.1100000000000000000 ) ;
#359 = CARTESIAN_POINT ( 'NONE',  ( -4.644352389728152500, 52.20412320370288500, 10.75000000000000200 ) ) ;
#360 = VECTOR ( 'NONE', #348, 1000.000000000000000 ) ;
#361 = CARTESIAN_POINT ( 'NONE',  ( -5.524683841791544500, 52.54024008103211000, -10.46369302034486100 ) ) ;
#362 = VERTEX_POINT ( 'NONE', #1052 ) ;
#363 = CARTESIAN_POINT ( 'NONE',  ( 4.263335435188943200, 52.55172988935318300, -10.45000000000000300 ) ) ;
#364 = VECTOR ( 'NONE', #1217, 1000.000000000000000 ) ;
#365 = CARTESIAN_POINT ( 'NONE',  ( -4.615008534471359200, 52.26906717876175200, 10.69550553448091400 ) ) ;
#366 = ORIENTED_EDGE ( 'NONE', *, *, #1481, .T. ) ;
#367 = CARTESIAN_POINT ( 'NONE',  ( 4.283733818773577600, 52.55958772200177300, 10.45172985379879700 ) ) ;
#368 = CIRCLE ( 'NONE', #625, 11.25000000000000400 ) ;
#369 = VERTEX_POINT ( 'NONE', #1540 ) ;
#370 = CARTESIAN_POINT ( 'NONE',  ( 4.295072656988597100, 52.55624070165387000, 10.45453833733826700 ) ) ;
#371 = CARTESIAN_POINT ( 'NONE',  ( 4.309171723817022400, 52.55207891164801700, 10.45803049379721500 ) ) ;
#372 = EDGE_CURVE ( 'NONE', #1012, #845, #155, .T. ) ;
#373 = CARTESIAN_POINT ( 'NONE',  ( 4.322361799672878900, 52.54581533534887700, 10.46328625835967500 ) ) ;
#374 = CARTESIAN_POINT ( 'NONE',  ( 3.444352389728162900, 52.20412320370288500, 10.75000000000000200 ) ) ;
#375 = CARTESIAN_POINT ( 'NONE',  ( 4.333954795746572100, 52.53839214017175900, 10.46951505869495100 ) ) ;
#376 = AXIS2_PLACEMENT_3D ( 'NONE', #106, #92, #91 ) ;
#377 = CARTESIAN_POINT ( 'NONE',  ( 4.400000000000004800, 52.40999999999999700, -10.61890710481464100 ) ) ;
#378 = CARTESIAN_POINT ( 'NONE',  ( 4.348733151492579600, 52.52892930430067500, 10.47745532078426900 ) ) ;
#379 = CARTESIAN_POINT ( 'NONE',  ( 5.450000000000003700, 52.20412320370288500, 10.75000000000000200 ) ) ;
#380 = CARTESIAN_POINT ( 'NONE',  ( -11.19999999999999900, 50.89999999999999900, 11.25000000000000400 ) ) ;
#381 = CARTESIAN_POINT ( 'NONE',  ( 4.361396868442629000, 52.51727750502703200, 10.48723234125733600 ) ) ;
#382 = CIRCLE ( 'NONE', #727, 0.5000000000000017800 ) ;
#383 = EDGE_LOOP ( 'NONE', ( #1487, #1514, #1504 ) ) ;
#384 = AXIS2_PLACEMENT_3D ( 'NONE', #1066, #984, #741 ) ;
#385 = CARTESIAN_POINT ( 'NONE',  ( 4.371342080434654800, 52.50464158900955900, 10.49783513372718600 ) ) ;
#386 = CARTESIAN_POINT ( 'NONE',  ( 4.381409536121818600, 52.49185035593432500, 10.50856825268291800 ) ) ;
#387 = CIRCLE ( 'NONE', #458, 0.3900000000000014600 ) ;
#388 = CARTESIAN_POINT ( 'NONE',  ( 4.388958341971730600, 52.47771911683566500, 10.52042577019867900 ) ) ;
#389 = CARTESIAN_POINT ( 'NONE',  ( 4.393668648277537300, 52.46322523683158300, 10.53258757956443000 ) ) ;
#390 = VERTEX_POINT ( 'NONE', #1064 ) ;
#391 = ORIENTED_EDGE ( 'NONE', *, *, #1561, .F. ) ;
#392 = DIRECTION ( 'NONE',  ( 0.0000000000000000000, -1.000000000000000000, 0.0000000000000000000 ) ) ;
#393 = EDGE_LOOP ( 'NONE', ( #681, #677, #676, #667 ) ) ;
#394 = LINE ( 'NONE', #1377, #696 ) ;
#395 = DIRECTION ( 'NONE',  ( -0.0000000000000000000, -1.000000000000000000, -0.0000000000000000000 ) ) ;
#396 = CARTESIAN_POINT ( 'NONE',  ( 4.397135603241618000, 52.45255721951666300, 10.54153910895877100 ) ) ;
#397 = ORIENTED_EDGE ( 'NONE', *, *, #186, .F. ) ;
#398 = CARTESIAN_POINT ( 'NONE',  ( 4.399125119402491200, 52.44154456743880400, 10.55077982125559200 ) ) ;
#399 = AXIS2_PLACEMENT_3D ( 'NONE', #175, #1394, #692 ) ;
#400 = CARTESIAN_POINT ( 'NONE',  ( 4.399577256270202200, 52.43055638629579100, 10.56000000000000200 ) ) ;
#401 = EDGE_CURVE ( 'NONE', #974, #165, #674, .T. ) ;
#402 = CARTESIAN_POINT ( 'NONE',  ( -4.599999999999991700, 52.40999999999999700, 10.56000000000000400 ) ) ;
#403 = PRODUCT_DEFINITION_FORMATION_WITH_SPECIFIED_SOURCE ( 'ANY', '', #210, .NOT_KNOWN. ) ;
#404 = CARTESIAN_POINT ( 'NONE',  ( -6.649999999999992400, 50.89999999999999900, 11.25000000000000400 ) ) ;
#405 = DIRECTION ( 'NONE',  ( -1.000000000000000000, 0.0000000000000000000, 0.0000000000000000000 ) ) ;
#406 = CARTESIAN_POINT ( 'NONE',  ( -4.599999999999990800, 52.33873442810318000, 10.63704777125338700 ) ) ;
#407 = EDGE_CURVE ( 'NONE', #942, #1012, #507, .T. ) ;
#408 = CARTESIAN_POINT ( 'NONE',  ( -4.599999999999991700, 52.40999999999999700, 10.57724885615913700 ) ) ;
#409 = EDGE_LOOP ( 'NONE', ( #1602, #1599, #1595, #1584 ) ) ;
#410 = VECTOR ( 'NONE', #1408, 1000.000000000000000 ) ;
#411 = CARTESIAN_POINT ( 'NONE',  ( -5.534925373638046200, 52.53531469665804100, -10.46956286486755900 ) ) ;
#412 = VERTEX_POINT ( 'NONE', #1061 ) ;
#413 =( GEOMETRIC_REPRESENTATION_CONTEXT ( 3 ) GLOBAL_UNCERTAINTY_ASSIGNED_CONTEXT ( ( #1128 ) ) GLOBAL_UNIT_ASSIGNED_CONTEXT ( ( #258, #259, #717 ) ) REPRESENTATION_CONTEXT ( 'NONE', 'WORKASPACE' ) );
#414 = PLANE ( 'NONE',  #1319 ) ;
#415 = EDGE_LOOP ( 'NONE', ( #1560, #1544, #1527, #1513 ) ) ;
#416 = ORIENTED_EDGE ( 'NONE', *, *, #297, .F. ) ;
#417 = ORIENTED_EDGE ( 'NONE', *, *, #486, .T. ) ;
#418 = CARTESIAN_POINT ( 'NONE',  ( 0.0000000000000000000, 0.0000000000000000000, 0.0000000000000000000 ) ) ;
#419 = ORIENTED_EDGE ( 'NONE', *, *, #557, .F. ) ;
#420 =( LENGTH_UNIT ( ) NAMED_UNIT ( * ) SI_UNIT ( .MILLI., .METRE. ) );
#421 = CARTESIAN_POINT ( 'NONE',  ( 5.450000000000003700, 52.81990284774145300, 11.25000000000000700 ) ) ;
#422 = CARTESIAN_POINT ( 'NONE',  ( 3.400000000000001700, 52.40999999999999700, 10.57724885615913700 ) ) ;
#423 =( NAMED_UNIT ( * ) PLANE_ANGLE_UNIT ( ) SI_UNIT ( $, .RADIAN. ) );
#424 =( NAMED_UNIT ( * ) SI_UNIT ( $, .STERADIAN. ) SOLID_ANGLE_UNIT ( ) );
#425 = PRODUCT_DEFINITION_SHAPE ( 'NONE', 'NONE',  #299 ) ;
#426 = DIRECTION ( 'NONE',  ( 0.0000000000000000000, 0.0000000000000000000, -1.000000000000000000 ) ) ;
#427 = DIRECTION ( 'NONE',  ( -1.000000000000000000, 0.0000000000000000000, 0.0000000000000000000 ) ) ;
#428 = DIRECTION ( 'NONE',  ( -1.000000000000000000, 0.0000000000000000000, 0.0000000000000000000 ) ) ;
#429 = APPLICATION_CONTEXT ( 'automotive_design' ) ;
#430 = FILL_AREA_STYLE_COLOUR ( '', #1081 ) ;
#431 = FILL_AREA_STYLE ('',( #430 ) ) ;
#432 = EDGE_CURVE ( 'NONE', #515, #1012, #282, .T. ) ;
#433 = SURFACE_SIDE_STYLE ('',( #1065 ) ) ;
#434 = CARTESIAN_POINT ( 'NONE',  ( 3.400000000000001200, 52.41685454357907000, 10.57149721117004000 ) ) ;
#435 = SURFACE_STYLE_USAGE ( .BOTH. , #433 ) ;
#436 =( LENGTH_UNIT ( ) NAMED_UNIT ( * ) SI_UNIT ( .MILLI., .METRE. ) );
#437 =( NAMED_UNIT ( * ) PLANE_ANGLE_UNIT ( ) SI_UNIT ( $, .RADIAN. ) );
#438 = EDGE_CURVE ( 'NONE', #440, #475, #1354, .T. ) ;
#439 =( NAMED_UNIT ( * ) SI_UNIT ( $, .STERADIAN. ) SOLID_ANGLE_UNIT ( ) );
#440 = VERTEX_POINT ( 'NONE', #1143 ) ;
#441 = ORIENTED_EDGE ( 'NONE', *, *, #1266, .T. ) ;
#442 = DIRECTION ( 'NONE',  ( -0.0000000000000000000, -1.000000000000000000, -0.0000000000000000000 ) ) ;
#443 = EDGE_LOOP ( 'NONE', ( #469, #451, #445, #441, #419, #417, #416 ) ) ;
#444 = AXIS2_PLACEMENT_3D ( 'NONE', #581, #582, #584 ) ;
#445 = ORIENTED_EDGE ( 'NONE', *, *, #627, .F. ) ;
#446 = CARTESIAN_POINT ( 'NONE',  ( -11.20000000000000100, 52.81990284774145300, -11.25000000000000400 ) ) ;
#447 = DIRECTION ( 'NONE',  ( 0.0000000000000000000, 0.0000000000000000000, 1.000000000000000000 ) ) ;
#448 = EDGE_CURVE ( 'NONE', #1238, #1605, #312, .T. ) ;
#449 = CIRCLE ( 'NONE', #915, 11.25000000000000400 ) ;
#450 = DIRECTION ( 'NONE',  ( 1.000000000000000000, 0.0000000000000000000, 0.0000000000000000000 ) ) ;
#451 = ORIENTED_EDGE ( 'NONE', *, *, #101, .F. ) ;
#452 = PRODUCT_CONTEXT ( 'NONE', #429, 'mechanical' ) ;
#453 = VERTEX_POINT ( 'NONE', #1196 ) ;
#454 = APPLICATION_CONTEXT ( 'automotive_design' ) ;
#455 = APPLICATION_PROTOCOL_DEFINITION ( 'draft international standard', 'automotive_design', 1998, #454 ) ;
#456 = DIRECTION ( 'NONE',  ( -1.000000000000000000, 0.0000000000000000000, -0.0000000000000000000 ) ) ;
#457 = CARTESIAN_POINT ( 'NONE',  ( -4.666045204253423500, 52.53839214017175900, 10.46951505869495100 ) ) ;
#458 = AXIS2_PLACEMENT_3D ( 'NONE', #147, #148, #149 ) ;
#459 = CARTESIAN_POINT ( 'NONE',  ( -5.546863154239772200, 52.52957354788088700, -10.47640489954835500 ) ) ;
#460 = CARTESIAN_POINT ( 'NONE',  ( -4.700333258321847100, 52.55172988935320400, -10.44999999999996900 ) ) ;
#461 = VECTOR ( 'NONE', #123, 1000.000000000000000 ) ;
#462 = CYLINDRICAL_SURFACE ( 'NONE', #568, 0.5000000000000017800 ) ;
#463 = CARTESIAN_POINT ( 'NONE',  ( -6.649999999999992400, 50.89999999999999900, -9.750000000000003600 ) ) ;
#464 = CIRCLE ( 'NONE', #1325, 0.3900000000000014600 ) ;
#465 = EDGE_LOOP ( 'NONE', ( #544, #556, #562, #593, #596, #666, #478 ) ) ;
#466 = VECTOR ( 'NONE', #1592, 1000.000000000000000 ) ;
#467 = VERTEX_POINT ( 'NONE', #1189 ) ;
#468 = LINE ( 'NONE', #1242, #476 ) ;
#469 = ORIENTED_EDGE ( 'NONE', *, *, #1481, .F. ) ;
#470 = CARTESIAN_POINT ( 'NONE',  ( 5.450000000000003700, 52.81990284774145300, 9.750000000000001800 ) ) ;
#471 = EDGE_CURVE ( 'NONE', #1083, #1042, #212, .T. ) ;
#472 = AXIS2_PLACEMENT_3D ( 'NONE', #79, #88, #95 ) ;
#473 = VERTEX_POINT ( 'NONE', #1184 ) ;
#474 = PLANE ( 'NONE',  #131 ) ;
#475 = VERTEX_POINT ( 'NONE', #1228 ) ;
#476 = VECTOR ( 'NONE', #1258, 1000.000000000000000 ) ;
#477 = EDGE_LOOP ( 'NONE', ( #1565, #1568, #711 ) ) ;
#478 = ORIENTED_EDGE ( 'NONE', *, *, #943, .T. ) ;
#479 = ORIENTED_EDGE ( 'NONE', *, *, #1587, .F. ) ;
#480 = DIRECTION ( 'NONE',  ( -1.000000000000000000, 0.0000000000000000000, 0.0000000000000000000 ) ) ;
#481 = ORIENTED_EDGE ( 'NONE', *, *, #407, .T. ) ;
#482 = VERTEX_POINT ( 'NONE', #1174 ) ;
#483 = CARTESIAN_POINT ( 'NONE',  ( 11.20000000000000100, 52.81990284774145300, 11.25000000000000700 ) ) ;
#484 = TOROIDAL_SURFACE ( 'NONE', #1156, 0.3900000000000016200, 0.1100000000000000000 ) ;
#485 = CARTESIAN_POINT ( 'NONE',  ( -4.602864396758377600, 52.45255721951666300, 10.54153910895877100 ) ) ;
#486 = EDGE_CURVE ( 'NONE', #622, #579, #468, .T. ) ;
#487 = PRODUCT_RELATED_PRODUCT_CATEGORY ( 'part', '', ( #210 ) ) ;
#488 = LINE ( 'NONE', #578, #1024 ) ;
#489 = DIRECTION ( 'NONE',  ( 0.0000000000000000000, 0.0000000000000000000, 1.000000000000000000 ) ) ;
#490 = EDGE_LOOP ( 'NONE', ( #533, #497, #517, #546 ) ) ;
#491 = VECTOR ( 'NONE', #489, 1000.000000000000000 ) ;
#492 =( BOUNDED_CURVE ( )  B_SPLINE_CURVE ( 3, ( #288, #1598, #1577, #631 ),
 .UNSPECIFIED., .F., .T. ) 
 B_SPLINE_CURVE_WITH_KNOTS ( ( 4, 4 ),
 ( 4.671264617095210300, 4.712388980384689700 ),
 .UNSPECIFIED. ) 
 CURVE ( )  GEOMETRIC_REPRESENTATION_ITEM ( )  RATIONAL_B_SPLINE_CURVE ( ( 1.000000000000000000, 0.9998590705275619600, 0.9998590705275619600, 1.000000000000000000 ) ) 
 REPRESENTATION_ITEM ( '' )  );
#493 = DIRECTION ( 'NONE',  ( -0.0000000000000000000, -1.000000000000000000, -0.0000000000000000000 ) ) ;
#494 = VERTEX_POINT ( 'NONE', #1246 ) ;
#495 = VERTEX_POINT ( 'NONE', #1268 ) ;
#496 = CARTESIAN_POINT ( 'NONE',  ( -5.099999999999992500, 52.40999999999999700, -10.75000000000000200 ) ) ;
#497 = ORIENTED_EDGE ( 'NONE', *, *, #204, .F. ) ;
#498 = EDGE_CURVE ( 'NONE', #979, #369, #464, .T. ) ;
#499 = PLANE ( 'NONE',  #350 ) ;
#500 = VERTEX_POINT ( 'NONE', #1211 ) ;
#501 = DIRECTION ( 'NONE',  ( -0.0000000000000000000, -0.0000000000000000000, 1.000000000000000000 ) ) ;
#502 = AXIS2_PLACEMENT_3D ( 'NONE', #1, #4, #6 ) ;
#503 = CARTESIAN_POINT ( 'NONE',  ( -6.649999999999992400, 52.81990284774145300, -9.750000000000003600 ) ) ;
#504 = CARTESIAN_POINT ( 'NONE',  ( -11.19999999999999900, 50.89999999999999900, 0.0000000000000000000 ) ) ;
#505 = CARTESIAN_POINT ( 'NONE',  ( -6.649999999999992400, 51.89999999999999900, 9.750000000000001800 ) ) ;
#506 = DIRECTION ( 'NONE',  ( 1.000000000000000000, 0.0000000000000000000, 0.0000000000000000000 ) ) ;
#507 = CIRCLE ( 'NONE', #1172, 0.1100000000000007200 ) ;
#508 = EDGE_LOOP ( 'NONE', ( #1351, #1333, #1317, #1352 ) ) ;
#509 = EDGE_CURVE ( 'NONE', #705, #1271, #678, .T. ) ;
#510 = VERTEX_POINT ( 'NONE', #1243 ) ;
#511 = CYLINDRICAL_SURFACE ( 'NONE', #1591, 0.5000000000000013300 ) ;
#512 = CARTESIAN_POINT ( 'NONE',  ( -5.099999999999992500, 52.40999999999999700, -10.45000000000000300 ) ) ;
#513 = ORIENTED_EDGE ( 'NONE', *, *, #1245, .F. ) ;
#514 = VERTEX_POINT ( 'NONE', #1277 ) ;
#515 = VERTEX_POINT ( 'NONE', #1067 ) ;
#516 = VECTOR ( 'NONE', #730, 1000.000000000000000 ) ;
#517 = ORIENTED_EDGE ( 'NONE', *, *, #471, .T. ) ;
#518 = EDGE_CURVE ( 'NONE', #369, #1380, #1165, .T. ) ;
#519 = ORIENTED_EDGE ( 'NONE', *, *, #924, .T. ) ;
#520 = CARTESIAN_POINT ( 'NONE',  ( -6.649999999999992400, 50.89999999999999900, 9.750000000000001800 ) ) ;
#521 = B_SPLINE_CURVE_WITH_KNOTS ( 'NONE', 3,
 ( #848, #1001, #835, #819, #817, #811 ),
 .UNSPECIFIED., .F., .F.,
 ( 4, 2, 4 ),
 ( 4.336808689942017700E-019, 0.0001201709164330004500, 0.0002403418328660004600 ),
 .UNSPECIFIED. ) ;
#522 = DIRECTION ( 'NONE',  ( 1.000000000000000000, 0.0000000000000000000, -0.0000000000000000000 ) ) ;
#523 = DIRECTION ( 'NONE',  ( 0.0000000000000000000, -0.0000000000000000000, 1.000000000000000000 ) ) ;
#524 = PLANE ( 'NONE',  #1497 ) ;
#525 = AXIS2_PLACEMENT_3D ( 'NONE', #130, #69, #128 ) ;
#526 = CARTESIAN_POINT ( 'NONE',  ( -4.740691642977433100, 52.56164928148115200, 10.45000000000000300 ) ) ;
#527 = VECTOR ( 'NONE', #673, 1000.000000000000000 ) ;
#528 = EDGE_CURVE ( 'NONE', #13, #996, #1263, .T. ) ;
#529 = DIRECTION ( 'NONE',  ( -0.0000000000000000000, -0.0000000000000000000, 1.000000000000000000 ) ) ;
#530 = VERTEX_POINT ( 'NONE', #1306 ) ;
#531 = ORIENTED_EDGE ( 'NONE', *, *, #823, .F. ) ;
#532 = CARTESIAN_POINT ( 'NONE',  ( 4.400000000000004800, 52.40999999999999700, 10.45000000000000300 ) ) ;
#533 = ORIENTED_EDGE ( 'NONE', *, *, #1491, .F. ) ;
#534 = AXIS2_PLACEMENT_3D ( 'NONE', #929, #743, #734 ) ;
#535 = DIRECTION ( 'NONE',  ( -0.0000000000000000000, -0.0000000000000000000, -1.000000000000000000 ) ) ;
#536 = CARTESIAN_POINT ( 'NONE',  ( 11.20000000000000300, 52.81990284774145300, 11.25000000000000700 ) ) ;
#537 = CARTESIAN_POINT ( 'NONE',  ( -6.649999999999992400, 50.89999999999999900, -9.750000000000003600 ) ) ;
#538 = CARTESIAN_POINT ( 'NONE',  ( -5.555647610271832600, 52.20412320370288500, 10.75000000000000200 ) ) ;
#539 = EDGE_CURVE ( 'NONE', #1012, #1117, #394, .T. ) ;
#540 = CARTESIAN_POINT ( 'NONE',  ( 3.540691642977444000, 52.56164928148115200, 10.45000000000000300 ) ) ;
#541 = AXIS2_PLACEMENT_3D ( 'NONE', #201, #103, #90 ) ;
#542 = CARTESIAN_POINT ( 'NONE',  ( -5.099999999999992500, 52.40999999999999700, 10.45000000000000300 ) ) ;
#543 = EDGE_LOOP ( 'NONE', ( #1379, #1375, #1355, #1350 ) ) ;
#544 = ORIENTED_EDGE ( 'NONE', *, *, #1615, .F. ) ;
#545 = EDGE_LOOP ( 'NONE', ( #8, #513, #1623, #1620 ) ) ;
#546 = ORIENTED_EDGE ( 'NONE', *, *, #80, .F. ) ;
#547 = ORIENTED_EDGE ( 'NONE', *, *, #432, .F. ) ;
#548 = AXIS2_PLACEMENT_3D ( 'NONE', #1508, #33, #44 ) ;
#549 = CARTESIAN_POINT ( 'NONE',  ( 5.450000000000003700, 52.79999999999999700, 11.25000000000000700 ) ) ;
#550 = DIRECTION ( 'NONE',  ( 1.000000000000000000, 0.0000000000000000000, 0.0000000000000000000 ) ) ;
#551 = CIRCLE ( 'NONE', #810, 0.1100000000000007200 ) ;
#552 = VERTEX_POINT ( 'NONE', #316 ) ;
#553 = VECTOR ( 'NONE', #77, 1000.000000000000000 ) ;
#554 = EDGE_LOOP ( 'NONE', ( #86, #82, #64, #62 ) ) ;
#555 = VERTEX_POINT ( 'NONE', #1399 ) ;
#556 = ORIENTED_EDGE ( 'NONE', *, *, #1471, .T. ) ;
#557 = EDGE_CURVE ( 'NONE', #622, #555, #1466, .T. ) ;
#558 = DIRECTION ( 'NONE',  ( 0.0000000000000000000, 0.0000000000000000000, 1.000000000000000000 ) ) ;
#559 = EDGE_LOOP ( 'NONE', ( #343, #339, #323, #293, #271, #269, #266 ) ) ;
#560 = CARTESIAN_POINT ( 'NONE',  ( -4.618851545021077400, 52.50474504880158100, -10.50599435252483700 ) ) ;
#561 = DIRECTION ( 'NONE',  ( 0.0000000000000000000, 0.0000000000000000000, 1.000000000000000000 ) ) ;
#562 = ORIENTED_EDGE ( 'NONE', *, *, #1491, .T. ) ;
#563 = TOROIDAL_SURFACE ( 'NONE', #268, 0.3900000000000016200, 0.1100000000000000000 ) ;
#564 = EDGE_CURVE ( 'NONE', #988, #473, #778, .T. ) ;
#565 = DIRECTION ( 'NONE',  ( 1.000000000000000000, -0.0000000000000000000, -0.0000000000000000000 ) ) ;
#566 = EDGE_CURVE ( 'NONE', #315, #758, #831, .T. ) ;
#567 = EDGE_CURVE ( 'NONE', #1117, #515, #25, .T. ) ;
#568 = AXIS2_PLACEMENT_3D ( 'NONE', #843, #262, #243 ) ;
#569 = DIRECTION ( 'NONE',  ( 1.000000000000000000, 0.0000000000000000000, 0.0000000000000000000 ) ) ;
#570 = VECTOR ( 'NONE', #1489, 1000.000000000000000 ) ;
#571 = CARTESIAN_POINT ( 'NONE',  ( -11.20000000000000100, 52.79999999999999700, 10.25000000000000200 ) ) ;
#572 = CARTESIAN_POINT ( 'NONE',  ( 5.450000000000005500, 50.89999999999999900, -11.25000000000000200 ) ) ;
#573 = VECTOR ( 'NONE', #278, 1000.000000000000000 ) ;
#574 = EDGE_LOOP ( 'NONE', ( #397, #391, #366, #345 ) ) ;
#575 = CARTESIAN_POINT ( 'NONE',  ( 5.450000000000005500, 52.29999999999999700, -10.75000000000000200 ) ) ;
#576 = AXIS2_PLACEMENT_3D ( 'NONE', #93, #67, #1533 ) ;
#577 = ORIENTED_EDGE ( 'NONE', *, *, #407, .F. ) ;
#578 = CARTESIAN_POINT ( 'NONE',  ( 0.0000000000000000000, 52.55172988935318300, -10.45000000000000300 ) ) ;
#579 = VERTEX_POINT ( 'NONE', #968 ) ;
#580 = EDGE_CURVE ( 'NONE', #877, #904, #933, .T. ) ;
#581 = CARTESIAN_POINT ( 'NONE',  ( -5.099999999999992500, 52.40999999999999700, -10.56000000000000400 ) ) ;
#582 = DIRECTION ( 'NONE',  ( -0.0000000000000000000, -0.0000000000000000000, 1.000000000000000000 ) ) ;
#583 = EDGE_CURVE ( 'NONE', #1529, #977, #1374, .T. ) ;
#584 = DIRECTION ( 'NONE',  ( -1.000000000000000000, 0.0000000000000000000, 0.0000000000000000000 ) ) ;
#585 = VERTEX_POINT ( 'NONE', #926 ) ;
#586 = CARTESIAN_POINT ( 'NONE',  ( 3.406029477805641500, 52.47724644082135400, -10.53876591737661700 ) ) ;
#587 = CARTESIAN_POINT ( 'NONE',  ( 4.400000000000004800, 52.40999999999999700, -10.45000000000000300 ) ) ;
#588 = EDGE_LOOP ( 'NONE', ( #251, #225, #196, #192, #169, #168, #161, #145, #143, #122, #116, #89 ) ) ;
#589 = CARTESIAN_POINT ( 'NONE',  ( -5.599577256270191800, 52.43055638629579100, 10.56000000000000200 ) ) ;
#590 = ORIENTED_EDGE ( 'NONE', *, *, #1227, .F. ) ;
#591 = EDGE_LOOP ( 'NONE', ( #636, #637, #479, #679, #531, #519, #590 ) ) ;
#592 = CARTESIAN_POINT ( 'NONE',  ( 3.400000000000001700, 52.33873442810319400, 10.63704777125338700 ) ) ;
#593 = ORIENTED_EDGE ( 'NONE', *, *, #325, .F. ) ;
#594 = DIRECTION ( 'NONE',  ( -0.0000000000000000000, 0.6427876096865384700, 0.7660444431189786800 ) ) ;
#595 = VERTEX_POINT ( 'NONE', #914 ) ;
#596 = ORIENTED_EDGE ( 'NONE', *, *, #1304, .F. ) ;
#597 = CARTESIAN_POINT ( 'NONE',  ( 3.410380320442046600, 52.48572607175171400, -10.52866028675149000 ) ) ;
#598 = CARTESIAN_POINT ( 'NONE',  ( 3.402449217781141400, 52.45942892992368200, -10.56000000000000400 ) ) ;
#599 = CARTESIAN_POINT ( 'NONE',  ( 3.900000000000003500, 52.40999999999999700, -10.56000000000000400 ) ) ;
#600 = CARTESIAN_POINT ( 'NONE',  ( 3.403334453076152700, 52.46833969360317700, -10.54938056537220700 ) ) ;
#601 = DIRECTION ( 'NONE',  ( -1.000000000000000000, 0.0000000000000000000, 0.0000000000000000000 ) ) ;
#602 = AXIS2_PLACEMENT_3D ( 'NONE', #718, #719, #725 ) ;
#603 = CARTESIAN_POINT ( 'NONE',  ( 3.442491779187831600, 52.52256876860443000, -10.48475287041639700 ) ) ;
#604 = CARTESIAN_POINT ( 'NONE',  ( 3.433670233044242300, 52.51484286911296800, -10.49396023889137000 ) ) ;
#605 = EDGE_LOOP ( 'NONE', ( #825, #797, #790, #789 ) ) ;
#606 = CARTESIAN_POINT ( 'NONE',  ( 3.415698110866183200, 52.49609024805732100, -10.51630874240500000 ) ) ;
#607 = CLOSED_SHELL ( 'NONE', ( #1410, #1447, #1389, #1428, #1357, #1440, #1416, #1472, #1346, #1366, #1324, #1369, #1463, #1396, #1368, #1343, #1284, #1296, #1328, #1477, #1395, #1301, #1459, #1327, #1322, #1344, #1391, #1312, #1340, #1378, #1297, #1420, #1330, #1449, #1361, #1282, #1353, #1474, #1409, #1315, #1438, #1341, #1465, #1383, #1303, #1432, #1336, #1460 ) ) ;
#608 = ORIENTED_EDGE ( 'NONE', *, *, #1018, .F. ) ;
#609 = CARTESIAN_POINT ( 'NONE',  ( 3.423624566894448500, 52.50604488679390200, -10.50444526592769500 ) ) ;
#610 = VERTEX_POINT ( 'NONE', #860 ) ;
#611 = FACE_OUTER_BOUND ( 'NONE', #477, .T. ) ;
#612 = ORIENTED_EDGE ( 'NONE', *, *, #1461, .F. ) ;
#613 = EDGE_CURVE ( 'NONE', #624, #1251, #521, .T. ) ;
#614 = EDGE_LOOP ( 'NONE', ( #1453, #1433, #1470, #1473, #1485, #1490 ) ) ;
#615 = CARTESIAN_POINT ( 'NONE',  ( -6.649999999999992400, 52.81990284774145300, -9.750000000000003600 ) ) ;
#616 = CARTESIAN_POINT ( 'NONE',  ( -11.20000000000000100, 52.79999999999999700, 6.858022075225178600E-016 ) ) ;
#617 = DIRECTION ( 'NONE',  ( 0.0000000000000000000, 1.000000000000000000, 0.0000000000000000000 ) ) ;
#618 = CARTESIAN_POINT ( 'NONE',  ( 3.453136845760222500, 52.52957354788088700, -10.47640489954835500 ) ) ;
#619 = ORIENTED_EDGE ( 'NONE', *, *, #1070, .F. ) ;
#620 = EDGE_LOOP ( 'NONE', ( #1269, #1248, #1235, #1232 ) ) ;
#621 = FACE_OUTER_BOUND ( 'NONE', #415, .T. ) ;
#622 = VERTEX_POINT ( 'NONE', #799 ) ;
#623 = VERTEX_POINT ( 'NONE', #807 ) ;
#624 = VERTEX_POINT ( 'NONE', #784 ) ;
#625 = AXIS2_PLACEMENT_3D ( 'NONE', #1019, #1025, #1033 ) ;
#626 = CARTESIAN_POINT ( 'NONE',  ( 3.465074626361948500, 52.53531469665804100, -10.46956286486755900 ) ) ;
#627 = EDGE_CURVE ( 'NONE', #390, #320, #816, .T. ) ;
#628 = DIRECTION ( 'NONE',  ( 1.000000000000000000, 0.0000000000000000000, 0.0000000000000000000 ) ) ;
#629 = CARTESIAN_POINT ( 'NONE',  ( 3.498710670579823200, 52.54718536148621400, -10.45541595741210500 ) ) ;
#630 = EDGE_CURVE ( 'NONE', #904, #955, #755, .T. ) ;
#631 = CARTESIAN_POINT ( 'NONE',  ( -5.599999999999994300, 52.40999999999999700, 10.57724885615913700 ) ) ;
#632 = EDGE_CURVE ( 'NONE', #1043, #979, #1178, .T. ) ;
#633 = AXIS2_PLACEMENT_3D ( 'NONE', #263, #272, #254 ) ;
#634 = ORIENTED_EDGE ( 'NONE', *, *, #401, .F. ) ;
#635 = CARTESIAN_POINT ( 'NONE',  ( 3.475316158208450600, 52.54024008103211000, -10.46369302034486100 ) ) ;
#636 = ORIENTED_EDGE ( 'NONE', *, *, #471, .F. ) ;
#637 = ORIENTED_EDGE ( 'NONE', *, *, #949, .F. ) ;
#638 = DIRECTION ( 'NONE',  ( -1.000000000000000000, -0.0000000000000000000, -0.0000000000000000000 ) ) ;
#639 = DIRECTION ( 'NONE',  ( 0.0000000000000000000, -0.0000000000000000000, 1.000000000000000000 ) ) ;
#640 = DIRECTION ( 'NONE',  ( 1.000000000000000000, 0.0000000000000000000, 0.0000000000000000000 ) ) ;
#641 = EDGE_CURVE ( 'NONE', #510, #845, #903, .T. ) ;
#642 = CARTESIAN_POINT ( 'NONE',  ( 3.486714357110577600, 52.54433295399388700, -10.45881532428862600 ) ) ;
#643 = EDGE_CURVE ( 'NONE', #977, #644, #967, .T. ) ;
#644 = VERTEX_POINT ( 'NONE', #946 ) ;
#645 = VECTOR ( 'NONE', #767, 1000.000000000000000 ) ;
#646 = CARTESIAN_POINT ( 'NONE',  ( -4.612250064069702800, 52.29999999999999700, -10.75000000000000200 ) ) ;
#647 = AXIS2_PLACEMENT_3D ( 'NONE', #917, #922, #982 ) ;
#648 = CARTESIAN_POINT ( 'NONE',  ( -6.649999999999992400, 52.20412320370288500, 10.75000000000000200 ) ) ;
#649 = ORIENTED_EDGE ( 'NONE', *, *, #1139, .F. ) ;
#650 = ORIENTED_EDGE ( 'NONE', *, *, #518, .F. ) ;
#651 = ORIENTED_EDGE ( 'NONE', *, *, #1198, .F. ) ;
#652 = ORIENTED_EDGE ( 'NONE', *, *, #713, .F. ) ;
#653 = DIRECTION ( 'NONE',  ( -0.0000000000000000000, -0.0000000000000000000, 1.000000000000000000 ) ) ;
#654 = EDGE_LOOP ( 'NONE', ( #1348, #1345, #1331, #1313, #1308, #1307, #1288, #1283 ) ) ;
#655 = FACE_OUTER_BOUND ( 'NONE', #1009, .T. ) ;
#656 = AXIS2_PLACEMENT_3D ( 'NONE', #599, #68, #151 ) ;
#657 = CARTESIAN_POINT ( 'NONE',  ( 3.510780298502871300, 52.55005520122535500, -10.45199581559281100 ) ) ;
#658 = CARTESIAN_POINT ( 'NONE',  ( -5.099999999999992500, 52.40999999999999700, 10.45000000000000300 ) ) ;
#659 = CARTESIAN_POINT ( 'NONE',  ( -5.557508220812163600, 52.52256876860443000, -10.48475287041639700 ) ) ;
#660 = CARTESIAN_POINT ( 'NONE',  ( 4.271459874502579800, 52.56164928148115200, 10.45000000000000300 ) ) ;
#661 = ORIENTED_EDGE ( 'NONE', *, *, #1579, .F. ) ;
#662 = AXIS2_PLACEMENT_3D ( 'NONE', #275, #298, #330 ) ;
#663 = CARTESIAN_POINT ( 'NONE',  ( -11.19999999999999900, 52.79999999999999700, -11.25000000000000400 ) ) ;
#664 = LINE ( 'NONE', #1534, #570 ) ;
#665 = ORIENTED_EDGE ( 'NONE', *, *, #1152, .F. ) ;
#666 = ORIENTED_EDGE ( 'NONE', *, *, #566, .F. ) ;
#667 = ORIENTED_EDGE ( 'NONE', *, *, #1537, .F. ) ;
#668 = FACE_OUTER_BOUND ( 'NONE', #383, .T. ) ;
#669 = ORIENTED_EDGE ( 'NONE', *, *, #1266, .F. ) ;
#670 = EDGE_CURVE ( 'NONE', #1155, #961, #905, .T. ) ;
#671 = AXIS2_PLACEMENT_3D ( 'NONE', #76, #303, #306 ) ;
#672 = CARTESIAN_POINT ( 'NONE',  ( 3.536664564811063300, 52.55172988935318300, -10.45000000000000300 ) ) ;
#673 = DIRECTION ( 'NONE',  ( -1.000000000000000000, 0.0000000000000000000, 0.0000000000000000000 ) ) ;
#674 = CIRCLE ( 'NONE', #1095, 0.3900000000000014600 ) ;
#675 = CARTESIAN_POINT ( 'NONE',  ( -6.649999999999992400, 52.79999999999999700, 6.858022075225178600E-016 ) ) ;
#676 = ORIENTED_EDGE ( 'NONE', *, *, #1280, .F. ) ;
#677 = ORIENTED_EDGE ( 'NONE', *, *, #1612, .F. ) ;
#678 = LINE ( 'NONE', #1281, #105 ) ;
#679 = ORIENTED_EDGE ( 'NONE', *, *, #670, .T. ) ;
#680 = AXIS2_PLACEMENT_3D ( 'NONE', #616, #617, #639 ) ;
#681 = ORIENTED_EDGE ( 'NONE', *, *, #641, .F. ) ;
#682 =( BOUNDED_CURVE ( )  B_SPLINE_CURVE ( 3, ( #14, #65, #434, #422 ),
 .UNSPECIFIED., .F., .T. ) 
 B_SPLINE_CURVE_WITH_KNOTS ( ( 4, 4 ),
 ( 4.671264617095210300, 4.712388980384689700 ),
 .UNSPECIFIED. ) 
 CURVE ( )  GEOMETRIC_REPRESENTATION_ITEM ( )  RATIONAL_B_SPLINE_CURVE ( ( 1.000000000000000000, 0.9998590705275619600, 0.9998590705275619600, 1.000000000000000000 ) ) 
 REPRESENTATION_ITEM ( '' )  );
#683 = CYLINDRICAL_SURFACE ( 'NONE', #671, 0.5000000000000013300 ) ;
#684 = DIRECTION ( 'NONE',  ( -0.0000000000000000000, -1.000000000000000000, -0.0000000000000000000 ) ) ;
#685 = CARTESIAN_POINT ( 'NONE',  ( 3.900000000000003500, 52.40999999999999700, 10.56000000000000400 ) ) ;
#686 = CARTESIAN_POINT ( 'NONE',  ( 3.400000000000001700, 52.40999999999999700, -10.61890710481464100 ) ) ;
#687 = DIRECTION ( 'NONE',  ( -1.000000000000000000, 0.0000000000000000000, 0.0000000000000000000 ) ) ;
#688 = VECTOR ( 'NONE', #235, 1000.000000000000000 ) ;
#689 = CARTESIAN_POINT ( 'NONE',  ( 4.333352447495832900, 52.53940328785552100, -10.46469027161932900 ) ) ;
#690 = EDGE_CURVE ( 'NONE', #1314, #1529, #382, .T. ) ;
#691 = ORIENTED_EDGE ( 'NONE', *, *, #42, .F. ) ;
#692 = DIRECTION ( 'NONE',  ( 1.000000000000000000, 0.0000000000000000000, 0.0000000000000000000 ) ) ;
#693 = DIRECTION ( 'NONE',  ( -0.0000000000000000000, -0.0000000000000000000, -1.000000000000000000 ) ) ;
#694 = ORIENTED_EDGE ( 'NONE', *, *, #1631, .F. ) ;
#695 = AXIS2_PLACEMENT_3D ( 'NONE', #1226, #1223, #1207 ) ;
#696 = VECTOR ( 'NONE', #1393, 1000.000000000000000 ) ;
#697 = CARTESIAN_POINT ( 'NONE',  ( 3.523795638344831400, 52.55172988935318300, -10.45000000000000300 ) ) ;
#698 = CARTESIAN_POINT ( 'NONE',  ( -11.20000000000000100, 52.79999999999999700, -11.25000000000000200 ) ) ;
#699 = CARTESIAN_POINT ( 'NONE',  ( -4.740691642977433100, 52.56164928148115200, 10.45000000000000300 ) ) ;
#700 = DIRECTION ( 'NONE',  ( -0.0000000000000000000, -0.0000000000000000000, -1.000000000000000000 ) ) ;
#701 = CARTESIAN_POINT ( 'NONE',  ( 5.450000000000003700, 51.89999999999999900, 10.75000000000000200 ) ) ;
#702 = DIRECTION ( 'NONE',  ( 1.000000000000000000, 0.0000000000000000000, 0.0000000000000000000 ) ) ;
#703 = CYLINDRICAL_SURFACE ( 'NONE', #47, 0.5000000000000013300 ) ;
#704 = PLANE ( 'NONE',  #172 ) ;
#705 = VERTEX_POINT ( 'NONE', #709 ) ;
#706 = EDGE_CURVE ( 'NONE', #1581, #622, #847, .T. ) ;
#707 = CARTESIAN_POINT ( 'NONE',  ( -5.598297112827177500, 52.46166742593526100, 10.53389473811297900 ) ) ;
#708 = FACE_OUTER_BOUND ( 'NONE', #712, .T. ) ;
#709 = CARTESIAN_POINT ( 'NONE',  ( -11.19999999999999900, 52.79999999999999700, 11.25000000000000400 ) ) ;
#710 = ORIENTED_EDGE ( 'NONE', *, *, #690, .F. ) ;
#711 = ORIENTED_EDGE ( 'NONE', *, *, #971, .T. ) ;
#712 = EDGE_LOOP ( 'NONE', ( #1403, #1456, #1430 ) ) ;
#713 = EDGE_CURVE ( 'NONE', #1380, #1137, #1299, .T. ) ;
#714 = CARTESIAN_POINT ( 'NONE',  ( -4.736664564811052400, 52.55172988935318300, -10.45000000000000300 ) ) ;
#715 = EDGE_LOOP ( 'NONE', ( #1008, #1004, #989 ) ) ;
#716 = AXIS2_PLACEMENT_3D ( 'NONE', #1162, #1160, #340 ) ;
#717 =( NAMED_UNIT ( * ) SI_UNIT ( $, .STERADIAN. ) SOLID_ANGLE_UNIT ( ) );
#718 = CARTESIAN_POINT ( 'NONE',  ( -5.489999999999994000, 52.40999999999999700, 10.56000000000000400 ) ) ;
#719 = DIRECTION ( 'NONE',  ( 1.224646799147353200E-016, 1.000000000000000000, -0.0000000000000000000 ) ) ;
#720 = CARTESIAN_POINT ( 'NONE',  ( -5.584974960743879900, 52.49195417111948800, 10.50848114139934700 ) ) ;
#721 = CARTESIAN_POINT ( 'NONE',  ( 4.400000000000005700, 52.37295492987092200, -10.66305570022886700 ) ) ;
#722 = FACE_OUTER_BOUND ( 'NONE', #1044, .T. ) ;
#723 = B_SPLINE_CURVE_WITH_KNOTS ( 'NONE', 3,
 ( #1118, #1105, #1098, #1123, #1173, #361, #411, #459, #659, #1326, #827, #1320, #1332, #1275, #1091, #1292 ),
 .UNSPECIFIED., .F., .F.,
 ( 4, 3, 3, 3, 3, 4 ),
 ( 0.0000000000000000000, 3.860677939869479000E-005, 7.684192661002730600E-005, 0.0001214739710239277200, 0.0001724005842661447000, 0.0002138936178514792800 ),
 .UNSPECIFIED. ) ;
#724 = ORIENTED_EDGE ( 'NONE', *, *, #927, .F. ) ;
#725 = DIRECTION ( 'NONE',  ( -1.000000000000000000, 0.0000000000000000000, 0.0000000000000000000 ) ) ;
#726 = ORIENTED_EDGE ( 'NONE', *, *, #518, .T. ) ;
#727 = AXIS2_PLACEMENT_3D ( 'NONE', #685, #693, #687 ) ;
#728 = EDGE_LOOP ( 'NONE', ( #1566, #1087, #1264, #577 ) ) ;
#729 = CARTESIAN_POINT ( 'NONE',  ( -6.649999999999992400, 51.89999999999999900, -10.75000000000000200 ) ) ;
#730 = DIRECTION ( 'NONE',  ( -0.0000000000000000000, 0.7660444431189823400, -0.6427876096865341400 ) ) ;
#731 = CARTESIAN_POINT ( 'NONE',  ( -4.611041658028264900, 52.47771911683566500, 10.52042577019867900 ) ) ;
#732 = CARTESIAN_POINT ( 'NONE',  ( -5.536724288388243500, 52.54118665006951300, 10.46717018647041500 ) ) ;
#733 = EDGE_CURVE ( 'NONE', #319, #1329, #551, .T. ) ;
#734 = DIRECTION ( 'NONE',  ( 0.0000000000000000000, 0.0000000000000000000, -1.000000000000000000 ) ) ;
#735 = AXIS2_PLACEMENT_3D ( 'NONE', #1076, #301, #1193 ) ;
#736 = CARTESIAN_POINT ( 'NONE',  ( -4.600140934438407200, 52.42370763814734900, 10.56574678204538600 ) ) ;
#737 = FACE_OUTER_BOUND ( 'NONE', #554, .T. ) ;
#738 = ORIENTED_EDGE ( 'NONE', *, *, #498, .T. ) ;
#739 = CYLINDRICAL_SURFACE ( 'NONE', #1279, 0.5000000000000013300 ) ;
#740 = ORIENTED_EDGE ( 'NONE', *, *, #372, .T. ) ;
#741 = DIRECTION ( 'NONE',  ( 1.000000000000000000, -0.0000000000000000000, 0.0000000000000000000 ) ) ;
#742 = ORIENTED_EDGE ( 'NONE', *, *, #583, .F. ) ;
#743 = DIRECTION ( 'NONE',  ( 0.0000000000000000000, -1.000000000000000000, 0.0000000000000000000 ) ) ;
#744 = FACE_OUTER_BOUND ( 'NONE', #940, .T. ) ;
#745 = ORIENTED_EDGE ( 'NONE', *, *, #1121, .F. ) ;
#746 = ORIENTED_EDGE ( 'NONE', *, *, #927, .T. ) ;
#747 = AXIS2_PLACEMENT_3D ( 'NONE', #876, #1541, #601 ) ;
#748 = CARTESIAN_POINT ( 'NONE',  ( 5.450000000000003700, 52.20412320370288500, 10.75000000000000200 ) ) ;
#749 = CARTESIAN_POINT ( 'NONE',  ( -5.489999999999994000, 52.40999999999999700, -10.56000000000000400 ) ) ;
#750 = CARTESIAN_POINT ( 'NONE',  ( -6.649999999999992400, 52.20412320370288500, 10.75000000000000200 ) ) ;
#751 = CARTESIAN_POINT ( 'NONE',  ( -4.602449217781130900, 52.45942892992368200, -10.56000000000000400 ) ) ;
#752 = CYLINDRICAL_SURFACE ( 'NONE', #1206, 0.5000000000000017800 ) ;
#753 = EDGE_LOOP ( 'NONE', ( #1576, #1567, #1564, #1563 ) ) ;
#754 = ORIENTED_EDGE ( 'NONE', *, *, #1335, .T. ) ;
#755 = LINE ( 'NONE', #761, #645 ) ;
#756 = ORIENTED_EDGE ( 'NONE', *, *, #1249, .T. ) ;
#757 = EDGE_LOOP ( 'NONE', ( #1183, #1233, #1204, #1149 ) ) ;
#758 = VERTEX_POINT ( 'NONE', #549 ) ;
#759 = DIRECTION ( 'NONE',  ( 0.0000000000000000000, -1.000000000000000000, 0.0000000000000000000 ) ) ;
#760 = EDGE_CURVE ( 'NONE', #467, #1524, #1310, .T. ) ;
#761 = CARTESIAN_POINT ( 'NONE',  ( -11.19999999999999900, 52.81990284774145300, -11.25000000000000400 ) ) ;
#762 = PLANE ( 'NONE',  #1441 ) ;
#763 = FACE_OUTER_BOUND ( 'NONE', #728, .T. ) ;
#764 = CARTESIAN_POINT ( 'NONE',  ( -5.500222765941795300, 52.56164928148115200, 10.45000000000000300 ) ) ;
#765 = CYLINDRICAL_SURFACE ( 'NONE', #1136, 11.25000000000000400 ) ;
#766 = ORIENTED_EDGE ( 'NONE', *, *, #760, .F. ) ;
#767 = DIRECTION ( 'NONE',  ( -0.0000000000000000000, -1.000000000000000000, -0.0000000000000000000 ) ) ;
#768 = AXIS2_PLACEMENT_3D ( 'NONE', #908, #1633, #1414 ) ;
#769 = ORIENTED_EDGE ( 'NONE', *, *, #866, .T. ) ;
#770 = VERTEX_POINT ( 'NONE', #286 ) ;
#771 = ORIENTED_EDGE ( 'NONE', *, *, #1107, .T. ) ;
#772 = SHAPE_DEFINITION_REPRESENTATION ( #425, #874 ) ;
#773 = EDGE_CURVE ( 'NONE', #296, #1581, #449, .T. ) ;
#774 = ORIENTED_EDGE ( 'NONE', *, *, #1578, .F. ) ;
#775 = FACE_OUTER_BOUND ( 'NONE', #1049, .T. ) ;
#776 = ORIENTED_EDGE ( 'NONE', *, *, #117, .T. ) ;
#777 = ORIENTED_EDGE ( 'NONE', *, *, #1555, .T. ) ;
#778 =( BOUNDED_CURVE ( )  B_SPLINE_CURVE ( 3, ( #1412, #1386, #953, #1422 ),
 .UNSPECIFIED., .F., .F. ) 
 B_SPLINE_CURVE_WITH_KNOTS ( ( 4, 4 ),
 ( 4.712388980384689700, 4.934203450881481600 ),
 .UNSPECIFIED. ) 
 CURVE ( )  GEOMETRIC_REPRESENTATION_ITEM ( )  RATIONAL_B_SPLINE_CURVE ( ( 1.000000000000000000, 0.9959040627838369200, 0.9959040627838369200, 1.000000000000000000 ) ) 
 REPRESENTATION_ITEM ( '' )  );
#779 =( BOUNDED_CURVE ( )  B_SPLINE_CURVE ( 3, ( #83, #160, #890, #1210 ),
 .UNSPECIFIED., .F., .T. ) 
 B_SPLINE_CURVE_WITH_KNOTS ( ( 4, 4 ),
 ( 4.613369387311571800, 4.712388980384689700 ),
 .UNSPECIFIED. ) 
 CURVE ( )  GEOMETRIC_REPRESENTATION_ITEM ( )  RATIONAL_B_SPLINE_CURVE ( ( 1.000000000000000000, 0.9991830935708678800, 0.9991830935708678800, 1.000000000000000000 ) ) 
 REPRESENTATION_ITEM ( '' )  );
#780 = EDGE_CURVE ( 'NONE', #980, #1015, #1431, .T. ) ;
#781 = AXIS2_PLACEMENT_3D ( 'NONE', #347, #349, #351 ) ;
#782 = CARTESIAN_POINT ( 'NONE',  ( 3.900000000000003500, 52.40999999999999700, 10.45000000000000300 ) ) ;
#783 = CARTESIAN_POINT ( 'NONE',  ( -6.649999999999992400, 51.89999999999999900, -10.75000000000000200 ) ) ;
#784 = CARTESIAN_POINT ( 'NONE',  ( 3.400422743729804700, 52.43055638629579100, 10.56000000000000200 ) ) ;
#785 = TOROIDAL_SURFACE ( 'NONE', #1512, 0.3900000000000016200, 0.1100000000000000000 ) ;
#786 = CYLINDRICAL_SURFACE ( 'NONE', #1055, 0.5000000000000013300 ) ;
#787 = DIRECTION ( 'NONE',  ( -0.0000000000000000000, -0.0000000000000000000, 1.000000000000000000 ) ) ;
#788 = CARTESIAN_POINT ( 'NONE',  ( -11.20000000000000100, 52.79999999999999700, -10.15412320370289700 ) ) ;
#789 = ORIENTED_EDGE ( 'NONE', *, *, #1509, .T. ) ;
#790 = ORIENTED_EDGE ( 'NONE', *, *, #921, .T. ) ;
#791 = FACE_OUTER_BOUND ( 'NONE', #715, .T. ) ;
#792 = DIRECTION ( 'NONE',  ( 0.0000000000000000000, 0.0000000000000000000, -1.000000000000000000 ) ) ;
#793 = DIRECTION ( 'NONE',  ( -1.000000000000000000, 0.0000000000000000000, 0.0000000000000000000 ) ) ;
#794 = AXIS2_PLACEMENT_3D ( 'NONE', #153, #156, #137 ) ;
#795 = CARTESIAN_POINT ( 'NONE',  ( -5.584991465528625000, 52.26906717876176600, 10.69550553448091700 ) ) ;
#796 = CYLINDRICAL_SURFACE ( 'NONE', #794, 11.25000000000000400 ) ;
#797 = ORIENTED_EDGE ( 'NONE', *, *, #401, .T. ) ;
#798 = ORIENTED_EDGE ( 'NONE', *, *, #539, .F. ) ;
#799 = CARTESIAN_POINT ( 'NONE',  ( 5.450000000000005500, 52.79999999999999700, -11.25000000000000200 ) ) ;
#800 = DIRECTION ( 'NONE',  ( -1.000000000000000000, 0.0000000000000000000, 0.0000000000000000000 ) ) ;
#801 = ORIENTED_EDGE ( 'NONE', *, *, #1635, .T. ) ;
#802 = DIRECTION ( 'NONE',  ( -0.0000000000000000000, -0.0000000000000000000, -1.000000000000000000 ) ) ;
#803 = CARTESIAN_POINT ( 'NONE',  ( 3.400000000000001700, 52.40999999999999700, 10.57724885615913700 ) ) ;
#804 = ORIENTED_EDGE ( 'NONE', *, *, #432, .T. ) ;
#805 = DIRECTION ( 'NONE',  ( 1.000000000000000000, 0.0000000000000000000, 0.0000000000000000000 ) ) ;
#806 = CARTESIAN_POINT ( 'NONE',  ( 3.900000000000003500, 52.40999999999999700, -10.45000000000000300 ) ) ;
#807 = CARTESIAN_POINT ( 'NONE',  ( 5.450000000000005500, 50.89999999999999900, 9.750000000000001800 ) ) ;
#808 = CARTESIAN_POINT ( 'NONE',  ( -5.099999999999992500, 52.40999999999999700, 10.56000000000000400 ) ) ;
#809 = DIRECTION ( 'NONE',  ( -0.0000000000000000000, -0.0000000000000000000, -1.000000000000000000 ) ) ;
#810 = AXIS2_PLACEMENT_3D ( 'NONE', #749, #354, #338 ) ;
#811 = CARTESIAN_POINT ( 'NONE',  ( 3.540691642977444000, 52.56164928148115200, 10.45000000000000300 ) ) ;
#812 = DIRECTION ( 'NONE',  ( 1.000000000000000000, 0.0000000000000000000, 0.0000000000000000000 ) ) ;
#813 = DIRECTION ( 'NONE',  ( -0.0000000000000000000, -0.0000000000000000000, -1.000000000000000000 ) ) ;
#814 = CARTESIAN_POINT ( 'NONE',  ( 5.450000000000003700, 51.89999999999999900, 10.75000000000000200 ) ) ;
#815 = PLANE ( 'NONE',  #121 ) ;
#816 = LINE ( 'NONE', #833, #987 ) ;
#817 = CARTESIAN_POINT ( 'NONE',  ( 3.499777234058200300, 52.56164928148115200, 10.45000000000000100 ) ) ;
#818 = CARTESIAN_POINT ( 'NONE',  ( 3.900000000000003500, 52.40999999999999700, 10.56000000000000400 ) ) ;
#819 = CARTESIAN_POINT ( 'NONE',  ( 3.463275711611755200, 52.54118665006951300, 10.46717018647041200 ) ) ;
#820 = FACE_OUTER_BOUND ( 'NONE', #753, .T. ) ;
#821 = DIRECTION ( 'NONE',  ( -0.0000000000000000000, -0.0000000000000000000, -1.000000000000000000 ) ) ;
#822 = EDGE_LOOP ( 'NONE', ( #918, #907, #900, #878 ) ) ;
#823 = EDGE_CURVE ( 'NONE', #1289, #961, #214, .T. ) ;
#824 = DIRECTION ( 'NONE',  ( 0.0000000000000000000, 0.0000000000000000000, 1.000000000000000000 ) ) ;
#825 = ORIENTED_EDGE ( 'NONE', *, *, #308, .F. ) ;
#826 = ORIENTED_EDGE ( 'NONE', *, *, #539, .T. ) ;
#827 = CARTESIAN_POINT ( 'NONE',  ( -5.576375433105546600, 52.50604488679390200, -10.50444526592769500 ) ) ;
#828 = VECTOR ( 'NONE', #594, 1000.000000000000100 ) ;
#829 = DIRECTION ( 'NONE',  ( -1.000000000000000000, 0.0000000000000000000, 0.0000000000000000000 ) ) ;
#830 = CARTESIAN_POINT ( 'NONE',  ( -5.099999999999992500, 52.40999999999999700, 10.45000000000000300 ) ) ;
#831 = LINE ( 'NONE', #932, #1270 ) ;
#832 = ORIENTED_EDGE ( 'NONE', *, *, #264, .F. ) ;
#833 = CARTESIAN_POINT ( 'NONE',  ( 5.450000000000005500, 52.79999999999999700, -10.75000000000000200 ) ) ;
#834 = DIRECTION ( 'NONE',  ( -0.0000000000000000000, 0.0000000000000000000, -1.000000000000000000 ) ) ;
#835 = CARTESIAN_POINT ( 'NONE',  ( 3.415025039256117900, 52.49195417111948800, 10.50848114139934400 ) ) ;
#836 = PLANE ( 'NONE',  #1556 ) ;
#837 = DIRECTION ( 'NONE',  ( -1.000000000000000000, 0.0000000000000000000, 0.0000000000000000000 ) ) ;
#838 = CARTESIAN_POINT ( 'NONE',  ( 5.450000000000003700, 52.81990284774145300, 11.25000000000000700 ) ) ;
#839 = DIRECTION ( 'NONE',  ( 1.000000000000000000, 0.0000000000000000000, -0.0000000000000000000 ) ) ;
#840 = AXIS2_PLACEMENT_3D ( 'NONE', #615, #792, #1262 ) ;
#841 = DIRECTION ( 'NONE',  ( -1.000000000000000000, 0.0000000000000000000, 0.0000000000000000000 ) ) ;
#842 = CARTESIAN_POINT ( 'NONE',  ( -6.649999999999992400, 52.79999999999999700, 10.75000000000000200 ) ) ;
#843 = CARTESIAN_POINT ( 'NONE',  ( 3.900000000000003500, 52.40999999999999700, -10.45000000000000300 ) ) ;
#844 = DIRECTION ( 'NONE',  ( -0.0000000000000000000, -1.000000000000000000, -0.0000000000000000000 ) ) ;
#845 = VERTEX_POINT ( 'NONE', #203 ) ;
#846 = CARTESIAN_POINT ( 'NONE',  ( 3.900000000000003500, 52.40999999999999700, 10.45000000000000300 ) ) ;
#847 = LINE ( 'NONE', #698, #527 ) ;
#848 = CARTESIAN_POINT ( 'NONE',  ( 3.400422743729804700, 52.43055638629579100, 10.56000000000000200 ) ) ;
#849 = DIRECTION ( 'NONE',  ( -1.000000000000000000, 0.0000000000000000000, 0.0000000000000000000 ) ) ;
#850 = FACE_OUTER_BOUND ( 'NONE', #409, .T. ) ;
#851 = ORIENTED_EDGE ( 'NONE', *, *, #567, .T. ) ;
#852 = CARTESIAN_POINT ( 'NONE',  ( 5.450000000000003700, 52.81990284774145300, 9.750000000000001800 ) ) ;
#853 = ORIENTED_EDGE ( 'NONE', *, *, #438, .F. ) ;
#854 = ORIENTED_EDGE ( 'NONE', *, *, #760, .T. ) ;
#855 = AXIS2_PLACEMENT_3D ( 'NONE', #1073, #1054, #1036 ) ;
#856 = LINE ( 'NONE', #788, #1629 ) ;
#857 = CARTESIAN_POINT ( 'NONE',  ( -6.649999999999992400, 51.89999999999999900, 10.75000000000000200 ) ) ;
#858 = ORIENTED_EDGE ( 'NONE', *, *, #1018, .T. ) ;
#859 = ORIENTED_EDGE ( 'NONE', *, *, #1168, .T. ) ;
#860 = CARTESIAN_POINT ( 'NONE',  ( -5.555647610271832600, 52.20412320370288500, 10.75000000000000200 ) ) ;
#861 = CARTESIAN_POINT ( 'NONE',  ( 5.450000000000005500, 52.81990284774145300, -9.750000000000003600 ) ) ;
#862 = ORIENTED_EDGE ( 'NONE', *, *, #1249, .F. ) ;
#863 = DIRECTION ( 'NONE',  ( -0.0000000000000000000, -1.000000000000000000, -0.0000000000000000000 ) ) ;
#864 = DIRECTION ( 'NONE',  ( -1.000000000000000000, 0.0000000000000000000, 0.0000000000000000000 ) ) ;
#865 = EDGE_CURVE ( 'NONE', #877, #412, #973, .T. ) ;
#866 = EDGE_CURVE ( 'NONE', #1043, #1524, #159, .T. ) ;
#867 = CARTESIAN_POINT ( 'NONE',  ( -4.644352389728152500, 52.20412320370288500, 10.75000000000000200 ) ) ;
#868 = AXIS2_PLACEMENT_3D ( 'NONE', #15, #10, #12 ) ;
#869 = VECTOR ( 'NONE', #684, 1000.000000000000000 ) ;
#870 = CARTESIAN_POINT ( 'NONE',  ( -6.649999999999992400, 52.29999999999999700, -10.75000000000000200 ) ) ;
#871 = VECTOR ( 'NONE', #442, 1000.000000000000000 ) ;
#872 = FACE_OUTER_BOUND ( 'NONE', #654, .T. ) ;
#873 = ORIENTED_EDGE ( 'NONE', *, *, #1439, .F. ) ;
#874 = ADVANCED_BREP_SHAPE_REPRESENTATION ( 'TopCover', ( #1364, #187 ), #978 ) ;
#875 = VECTOR ( 'NONE', #1154, 1000.000000000000000 ) ;
#876 = CARTESIAN_POINT ( 'NONE',  ( 3.900000000000003500, 52.40999999999999700, 10.45000000000000300 ) ) ;
#877 = VERTEX_POINT ( 'NONE', #305 ) ;
#878 = ORIENTED_EDGE ( 'NONE', *, *, #42, .T. ) ;
#879 = TOROIDAL_SURFACE ( 'NONE', #656, 0.3900000000000016200, 0.1100000000000000000 ) ;
#880 = ORIENTED_EDGE ( 'NONE', *, *, #713, .T. ) ;
#881 = FACE_OUTER_BOUND ( 'NONE', #605, .T. ) ;
#882 = AXIS2_PLACEMENT_3D ( 'NONE', #658, #142, #628 ) ;
#883 = ORIENTED_EDGE ( 'NONE', *, *, #107, .T. ) ;
#884 = CARTESIAN_POINT ( 'NONE',  ( -11.19999999999999900, 50.89999999999999900, 0.0000000000000000000 ) ) ;
#885 = DIRECTION ( 'NONE',  ( 0.0000000000000000000, 0.0000000000000000000, -1.000000000000000000 ) ) ;
#886 = CARTESIAN_POINT ( 'NONE',  ( 3.402449217781141400, 52.45942892992368200, -10.56000000000000400 ) ) ;
#887 = DIRECTION ( 'NONE',  ( 0.0000000000000000000, -1.000000000000000000, 0.0000000000000000000 ) ) ;
#888 = EDGE_CURVE ( 'NONE', #1581, #1120, #950, .T. ) ;
#889 = DIRECTION ( 'NONE',  ( 0.0000000000000000000, 0.0000000000000000000, -1.000000000000000000 ) ) ;
#890 = CARTESIAN_POINT ( 'NONE',  ( -5.599999999999994300, 52.42651001128388100, -10.59923123955330700 ) ) ;
#891 = EDGE_CURVE ( 'NONE', #412, #1013, #1547, .T. ) ;
#892 = DIRECTION ( 'NONE',  ( -0.0000000000000000000, -0.0000000000000000000, -1.000000000000000000 ) ) ;
#893 = CARTESIAN_POINT ( 'NONE',  ( 4.397550782218865500, 52.45942892992368200, -10.56000000000000400 ) ) ;
#894 = EDGE_CURVE ( 'NONE', #1101, #362, #779, .T. ) ;
#895 = CARTESIAN_POINT ( 'NONE',  ( -5.099999999999992500, 52.40999999999999700, -10.45000000000000300 ) ) ;
#896 = FACE_OUTER_BOUND ( 'NONE', #1028, .T. ) ;
#897 = DIRECTION ( 'NONE',  ( 0.0000000000000000000, 0.0000000000000000000, -1.000000000000000000 ) ) ;
#898 = CARTESIAN_POINT ( 'NONE',  ( 3.900000000000003500, 52.40999999999999700, 10.56000000000000400 ) ) ;
#899 = AXIS2_PLACEMENT_3D ( 'NONE', #1141, #759, #355 ) ;
#900 = ORIENTED_EDGE ( 'NONE', *, *, #1029, .T. ) ;
#901 = DIRECTION ( 'NONE',  ( -1.000000000000000000, 0.0000000000000000000, 0.0000000000000000000 ) ) ;
#902 = DIRECTION ( 'NONE',  ( -0.0000000000000000000, -0.6427876096865384700, -0.7660444431189786800 ) ) ;
#903 = CIRCLE ( 'NONE', #602, 0.1099999999999998500 ) ;
#904 = VERTEX_POINT ( 'NONE', #663 ) ;
#905 = LINE ( 'NONE', #750, #516 ) ;
#906 = EDGE_CURVE ( 'NONE', #1047, #1043, #1185, .T. ) ;
#907 = ORIENTED_EDGE ( 'NONE', *, *, #1302, .T. ) ;
#908 = CARTESIAN_POINT ( 'NONE',  ( 3.900000000000003500, 52.40999999999999700, 10.45000000000000300 ) ) ;
#909 = CARTESIAN_POINT ( 'NONE',  ( -5.599999999999994300, 52.40999999999999700, 10.57724885615913700 ) ) ;
#910 = ORIENTED_EDGE ( 'NONE', *, *, #1397, .T. ) ;
#911 = AXIS2_PLACEMENT_3D ( 'NONE', #166, #176, #177 ) ;
#912 = CARTESIAN_POINT ( 'NONE',  ( 3.900000000000003500, 52.40999999999999700, 10.56000000000000400 ) ) ;
#913 = CARTESIAN_POINT ( 'NONE',  ( -6.649999999999992400, 51.89999999999999900, 9.750000000000001800 ) ) ;
#914 = CARTESIAN_POINT ( 'NONE',  ( -6.649999999999992400, 51.89999999999999900, -9.750000000000003600 ) ) ;
#915 = AXIS2_PLACEMENT_3D ( 'NONE', #1613, #19, #944 ) ;
#916 = CIRCLE ( 'NONE', #1259, 0.5000000000000013300 ) ;
#917 = CARTESIAN_POINT ( 'NONE',  ( 3.900000000000003500, 52.40999999999999700, -10.56000000000000400 ) ) ;
#918 = ORIENTED_EDGE ( 'NONE', *, *, #1367, .T. ) ;
#919 = EDGE_CURVE ( 'NONE', #941, #595, #109, .T. ) ;
#920 = LINE ( 'NONE', #1482, #364 ) ;
#921 = EDGE_CURVE ( 'NONE', #165, #319, #189, .T. ) ;
#922 = DIRECTION ( 'NONE',  ( -0.0000000000000000000, -0.0000000000000000000, 1.000000000000000000 ) ) ;
#923 = VECTOR ( 'NONE', #27, 1000.000000000000000 ) ;
#924 = EDGE_CURVE ( 'NONE', #1289, #939, #112, .T. ) ;
#925 = AXIS2_PLACEMENT_3D ( 'NONE', #273, #313, #318 ) ;
#926 = CARTESIAN_POINT ( 'NONE',  ( 5.450000000000005500, 50.89999999999999900, -9.750000000000003600 ) ) ;
#927 = EDGE_CURVE ( 'NONE', #1529, #495, #1616, .T. ) ;
#928 = CARTESIAN_POINT ( 'NONE',  ( 3.400817073399561100, 52.44299979186620700, -10.57957948430322000 ) ) ;
#929 = CARTESIAN_POINT ( 'NONE',  ( 4.290000000000004500, 52.40999999999999700, -10.56000000000000400 ) ) ;
#930 = FACE_OUTER_BOUND ( 'NONE', #291, .T. ) ;
#931 = LINE ( 'NONE', #59, #923 ) ;
#932 = CARTESIAN_POINT ( 'NONE',  ( 5.450000000000003700, 52.79999999999999700, 6.858022075225178600E-016 ) ) ;
#933 = LINE ( 'NONE', #956, #74 ) ;
#934 = ORIENTED_EDGE ( 'NONE', *, *, #1002, .T. ) ;
#935 = UNCERTAINTY_MEASURE_WITH_UNIT (LENGTH_MEASURE( 1.000000000000000100E-005 ), #436, 'distance_accuracy_value', 'NONE');
#936 = LINE ( 'NONE', #532, #289 ) ;
#937 = CARTESIAN_POINT ( 'NONE',  ( -5.099999999999992500, 52.40999999999999700, 10.45000000000000300 ) ) ;
#938 = ORIENTED_EDGE ( 'NONE', *, *, #966, .T. ) ;
#939 = VERTEX_POINT ( 'NONE', #1203 ) ;
#940 = EDGE_LOOP ( 'NONE', ( #1221, #1219, #1214, #1201, #1200, #1181, #1170, #1169 ) ) ;
#941 = VERTEX_POINT ( 'NONE', #729 ) ;
#942 = VERTEX_POINT ( 'NONE', #1480 ) ;
#943 = EDGE_CURVE ( 'NONE', #315, #1022, #1478, .T. ) ;
#944 = DIRECTION ( 'NONE',  ( 0.0000000000000000000, 0.0000000000000000000, 1.000000000000000000 ) ) ;
#945 = CARTESIAN_POINT ( 'NONE',  ( -5.459308357022552000, 52.56164928148115200, 10.45000000000000300 ) ) ;
#946 = CARTESIAN_POINT ( 'NONE',  ( 3.510000000000002000, 52.40999999999999700, 10.45000000000000300 ) ) ;
#947 = EDGE_CURVE ( 'NONE', #941, #223, #194, .T. ) ;
#948 = DIRECTION ( 'NONE',  ( 0.0000000000000000000, -0.0000000000000000000, 1.000000000000000000 ) ) ;
#949 = EDGE_CURVE ( 'NONE', #13, #1083, #9, .T. ) ;
#950 = LINE ( 'NONE', #182, #461 ) ;
#951 = ORIENTED_EDGE ( 'NONE', *, *, #1337, .F. ) ;
#952 = LINE ( 'NONE', #72, #960 ) ;
#953 = CARTESIAN_POINT ( 'NONE',  ( 3.404100148641317200, 52.33613746116398600, -10.70693305083059800 ) ) ;
#954 = ORIENTED_EDGE ( 'NONE', *, *, #1198, .T. ) ;
#955 = VERTEX_POINT ( 'NONE', #1195 ) ;
#956 = CARTESIAN_POINT ( 'NONE',  ( -11.20000000000000100, 52.79999999999999700, -11.25000000000000400 ) ) ;
#957 = ORIENTED_EDGE ( 'NONE', *, *, #1048, .T. ) ;
#958 = VERTEX_POINT ( 'NONE', #1177 ) ;
#959 = PLANE ( 'NONE',  #384 ) ;
#960 = VECTOR ( 'NONE', #1253, 1000.000000000000000 ) ;
#961 = VERTEX_POINT ( 'NONE', #1462 ) ;
#962 = DIRECTION ( 'NONE',  ( -0.0000000000000000000, -0.0000000000000000000, 1.000000000000000000 ) ) ;
#963 = AXIS2_PLACEMENT_3D ( 'NONE', #227, #252, #242 ) ;
#964 = CARTESIAN_POINT ( 'NONE',  ( -6.649999999999992400, 51.89999999999999900, 10.75000000000000200 ) ) ;
#965 = CARTESIAN_POINT ( 'NONE',  ( 4.400000000000004800, 52.40999999999999700, 10.56000000000000400 ) ) ;
#966 = EDGE_CURVE ( 'NONE', #977, #624, #1250, .T. ) ;
#967 = CIRCLE ( 'NONE', #662, 0.1100000000000007200 ) ;
#968 = CARTESIAN_POINT ( 'NONE',  ( 5.450000000000005500, 50.89999999999999900, -11.25000000000000200 ) ) ;
#969 = FACE_OUTER_BOUND ( 'NONE', #490, .T. ) ;
#970 = ORIENTED_EDGE ( 'NONE', *, *, #1612, .T. ) ;
#971 = EDGE_CURVE ( 'NONE', #1444, #1314, #115, .T. ) ;
#972 = ORIENTED_EDGE ( 'NONE', *, *, #448, .F. ) ;
#973 = LINE ( 'NONE', #188, #164 ) ;
#974 = VERTEX_POINT ( 'NONE', #714 ) ;
#975 = CIRCLE ( 'NONE', #747, 0.3900000000000014600 ) ;
#976 = CARTESIAN_POINT ( 'NONE',  ( 11.20000000000000300, 52.79999999999999700, -11.25000000000000200 ) ) ;
#977 = VERTEX_POINT ( 'NONE', #179 ) ;
#978 =( GEOMETRIC_REPRESENTATION_CONTEXT ( 3 ) GLOBAL_UNCERTAINTY_ASSIGNED_CONTEXT ( ( #1594 ) ) GLOBAL_UNIT_ASSIGNED_CONTEXT ( ( #420, #423, #424 ) ) REPRESENTATION_CONTEXT ( 'NONE', 'WORKASPACE' ) );
#979 = VERTEX_POINT ( 'NONE', #1571 ) ;
#980 = VERTEX_POINT ( 'NONE', #1234 ) ;
#981 = PRESENTATION_STYLE_ASSIGNMENT (( #435 ) ) ;
#982 = DIRECTION ( 'NONE',  ( 1.000000000000000000, 0.0000000000000000000, 0.0000000000000000000 ) ) ;
#983 = AXIS2_PLACEMENT_3D ( 'NONE', #230, #217, #216 ) ;
#984 = DIRECTION ( 'NONE',  ( -0.0000000000000000000, -0.7660444431189786800, 0.6427876096865385900 ) ) ;
#985 = VECTOR ( 'NONE', #569, 1000.000000000000000 ) ;
#986 = DIRECTION ( 'NONE',  ( 0.0000000000000000000, -1.000000000000000000, 0.0000000000000000000 ) ) ;
#987 = VECTOR ( 'NONE', #1551, 1000.000000000000000 ) ;
#988 = VERTEX_POINT ( 'NONE', #1625 ) ;
#989 = ORIENTED_EDGE ( 'NONE', *, *, #1092, .T. ) ;
#990 = LINE ( 'NONE', #162, #1020 ) ;
#991 = VERTEX_POINT ( 'NONE', #646 ) ;
#992 = CARTESIAN_POINT ( 'NONE',  ( -5.599577256270191800, 52.43055638629579100, 10.56000000000000200 ) ) ;
#993 = LINE ( 'NONE', #575, #828 ) ;
#994 = CARTESIAN_POINT ( 'NONE',  ( -4.599999999999990800, 52.41685454357907000, 10.57149721117004000 ) ) ;
#995 = TOROIDAL_SURFACE ( 'NONE', #1108, 0.3900000000000016200, 0.1100000000000000000 ) ;
#996 = VERTEX_POINT ( 'NONE', #701 ) ;
#997 = DIRECTION ( 'NONE',  ( -1.000000000000000000, 0.0000000000000000000, 0.0000000000000000000 ) ) ;
#998 = CARTESIAN_POINT ( 'NONE',  ( -4.600422743729793300, 52.43055638629579100, 10.56000000000000200 ) ) ;
#999 = EDGE_CURVE ( 'NONE', #473, #317, #51, .T. ) ;
#1000 = CARTESIAN_POINT ( 'NONE',  ( 5.450000000000005500, 51.89999999999999900, -10.75000000000000200 ) ) ;
#1001 = CARTESIAN_POINT ( 'NONE',  ( 3.401702887172817700, 52.46166742593526100, 10.53389473811297900 ) ) ;
#1002 = EDGE_CURVE ( 'NONE', #624, #980, #682, .T. ) ;
#1003 = FACE_OUTER_BOUND ( 'NONE', #1171, .T. ) ;
#1004 = ORIENTED_EDGE ( 'NONE', *, *, #1537, .T. ) ;
#1005 = TOROIDAL_SURFACE ( 'NONE', #983, 0.3900000000000016200, 0.1100000000000000000 ) ;
#1006 = CARTESIAN_POINT ( 'NONE',  ( 4.399577256270202200, 52.43055638629579100, 10.56000000000000200 ) ) ;
#1007 = DIRECTION ( 'NONE',  ( -0.0000000000000000000, -0.6427876096865341400, -0.7660444431189823400 ) ) ;
#1008 = ORIENTED_EDGE ( 'NONE', *, *, #1107, .F. ) ;
#1009 = EDGE_LOOP ( 'NONE', ( #649, #634, #619, #608 ) ) ;
#1010 = ORIENTED_EDGE ( 'NONE', *, *, #971, .F. ) ;
#1011 = LINE ( 'NONE', #572, #985 ) ;
#1012 = VERTEX_POINT ( 'NONE', #402 ) ;
#1013 = VERTEX_POINT ( 'NONE', #463 ) ;
#1014 = AXIS2_PLACEMENT_3D ( 'NONE', #898, #1256, #841 ) ;
#1015 = VERTEX_POINT ( 'NONE', #374 ) ;
#1016 = DIRECTION ( 'NONE',  ( -0.0000000000000000000, -1.000000000000000000, -0.0000000000000000000 ) ) ;
#1017 = VERTEX_POINT ( 'NONE', #363 ) ;
#1018 = EDGE_CURVE ( 'NONE', #482, #475, #1558, .T. ) ;
#1019 = CARTESIAN_POINT ( 'NONE',  ( -11.19999999999999900, 52.79999999999999700, 0.0000000000000000000 ) ) ;
#1020 = VECTOR ( 'NONE', #163, 1000.000000000000000 ) ;
#1021 = CARTESIAN_POINT ( 'NONE',  ( -4.604100148641306200, 52.33613746116398600, -10.70693305083059800 ) ) ;
#1022 = VERTEX_POINT ( 'NONE', #379 ) ;
#1023 = ORIENTED_EDGE ( 'NONE', *, *, #1631, .T. ) ;
#1024 = VECTOR ( 'NONE', #565, 1000.000000000000000 ) ;
#1025 = DIRECTION ( 'NONE',  ( 0.0000000000000000000, 1.000000000000000000, 0.0000000000000000000 ) ) ;
#1026 = ORIENTED_EDGE ( 'NONE', *, *, #1367, .F. ) ;
#1027 = DIRECTION ( 'NONE',  ( -1.000000000000000000, 0.0000000000000000000, 0.0000000000000000000 ) ) ;
#1028 = EDGE_LOOP ( 'NONE', ( #832, #859, #854, #910, #862, #880, #883, #1607, #1621, #202, #1085, #1626, #1624, #1405, #1589, #1601, #1586, #1603, #612, #669 ) ) ;
#1029 = EDGE_CURVE ( 'NONE', #644, #495, #1522, .T. ) ;
#1030 = ORIENTED_EDGE ( 'NONE', *, *, #632, .F. ) ;
#1031 = AXIS2_PLACEMENT_3D ( 'NONE', #18, #1209, #24 ) ;
#1032 = CARTESIAN_POINT ( 'NONE',  ( 3.400000000000001700, 52.42651001128388100, -10.59923123955330700 ) ) ;
#1033 = DIRECTION ( 'NONE',  ( 0.0000000000000000000, 0.0000000000000000000, 1.000000000000000000 ) ) ;
#1034 =( BOUNDED_CURVE ( )  B_SPLINE_CURVE ( 3, ( #1503, #1446, #1609, #1506 ),
 .UNSPECIFIED., .F., .F. ) 
 B_SPLINE_CURVE_WITH_KNOTS ( ( 4, 4 ),
 ( 4.712388980384689700, 4.934203450881481600 ),
 .UNSPECIFIED. ) 
 CURVE ( )  GEOMETRIC_REPRESENTATION_ITEM ( )  RATIONAL_B_SPLINE_CURVE ( ( 1.000000000000000000, 0.9959040627838369200, 0.9959040627838369200, 1.000000000000000000 ) ) 
 REPRESENTATION_ITEM ( '' )  );
#1035 =( BOUNDED_CURVE ( )  B_SPLINE_CURVE ( 3, ( #909, #1572, #795, #538 ),
 .UNSPECIFIED., .F., .T. ) 
 B_SPLINE_CURVE_WITH_KNOTS ( ( 4, 4 ),
 ( 4.712388980384689700, 5.136766493897186000 ),
 .UNSPECIFIED. ) 
 CURVE ( )  GEOMETRIC_REPRESENTATION_ITEM ( )  RATIONAL_B_SPLINE_CURVE ( ( 1.000000000000000000, 0.9850482029135264600, 0.9850482029135264600, 1.000000000000000000 ) ) 
 REPRESENTATION_ITEM ( '' )  );
#1036 = DIRECTION ( 'NONE',  ( 1.000000000000000000, 0.0000000000000000000, 0.0000000000000000000 ) ) ;
#1037 = FACE_OUTER_BOUND ( 'NONE', #1469, .T. ) ;
#1038 = EDGE_CURVE ( 'NONE', #758, #296, #1588, .T. ) ;
#1039 = ORIENTED_EDGE ( 'NONE', *, *, #613, .T. ) ;
#1040 = FACE_OUTER_BOUND ( 'NONE', #574, .T. ) ;
#1041 = CARTESIAN_POINT ( 'NONE',  ( -4.612250064069702800, 52.29999999999999700, -10.75000000000000200 ) ) ;
#1042 = VERTEX_POINT ( 'NONE', #1424 ) ;
#1043 = VERTEX_POINT ( 'NONE', #1436 ) ;
#1044 = EDGE_LOOP ( 'NONE', ( #1236, #1103, #1138, #1078 ) ) ;
#1045 = CARTESIAN_POINT ( 'NONE',  ( -4.599999999999991700, 52.40999999999999700, -10.61890710481464100 ) ) ;
#1046 = LINE ( 'NONE', #421, #871 ) ;
#1047 = VERTEX_POINT ( 'NONE', #1499 ) ;
#1048 = EDGE_CURVE ( 'NONE', #510, #942, #132, .T. ) ;
#1049 = EDGE_LOOP ( 'NONE', ( #1356, #1358, #1382, #1384, #1400, #1406 ) ) ;
#1050 = CARTESIAN_POINT ( 'NONE',  ( 5.450000000000005500, 52.81990284774145300, -9.750000000000003600 ) ) ;
#1051 = CARTESIAN_POINT ( 'NONE',  ( 5.450000000000003700, 50.89999999999999900, 9.750000000000001800 ) ) ;
#1052 = CARTESIAN_POINT ( 'NONE',  ( -5.599999999999994300, 52.40999999999999700, -10.61890710481464100 ) ) ;
#1053 = PRESENTATION_STYLE_ASSIGNMENT (( #257 ) ) ;
#1054 = DIRECTION ( 'NONE',  ( -0.0000000000000000000, -0.0000000000000000000, -1.000000000000000000 ) ) ;
#1055 = AXIS2_PLACEMENT_3D ( 'NONE', #181, #171, #174 ) ;
#1056 = CARTESIAN_POINT ( 'NONE',  ( -5.599999999999994300, 52.40999999999999700, 10.57724885615913700 ) ) ;
#1057 = VECTOR ( 'NONE', #352, 1000.000000000000000 ) ;
#1058 = ORIENTED_EDGE ( 'NONE', *, *, #1002, .F. ) ;
#1059 = ORIENTED_EDGE ( 'NONE', *, *, #780, .F. ) ;
#1060 = FACE_OUTER_BOUND ( 'NONE', #337, .T. ) ;
#1061 = CARTESIAN_POINT ( 'NONE',  ( -6.649999999999992400, 50.89999999999999900, -11.25000000000000400 ) ) ;
#1062 = ORIENTED_EDGE ( 'NONE', *, *, #1159, .F. ) ;
#1063 = EDGE_LOOP ( 'NONE', ( #1188, #1186, #1199, #1202 ) ) ;
#1064 = CARTESIAN_POINT ( 'NONE',  ( 5.450000000000005500, 52.29999999999999700, -10.75000000000000200 ) ) ;
#1065 = SURFACE_STYLE_FILL_AREA ( #431 ) ;
#1066 = CARTESIAN_POINT ( 'NONE',  ( 0.0000000000000000000, 52.29999999999999700, -10.75000000000000200 ) ) ;
#1067 = CARTESIAN_POINT ( 'NONE',  ( -4.600422743729793300, 52.43055638629579100, 10.56000000000000200 ) ) ;
#1068 = LINE ( 'NONE', #520, #491 ) ;
#1069 = FACE_OUTER_BOUND ( 'NONE', #591, .T. ) ;
#1070 = EDGE_CURVE ( 'NONE', #475, #974, #1157, .T. ) ;
#1071 = FACE_OUTER_BOUND ( 'NONE', #1425, .T. ) ;
#1072 = ORIENTED_EDGE ( 'NONE', *, *, #1635, .F. ) ;
#1073 = CARTESIAN_POINT ( 'NONE',  ( -5.099999999999992500, 52.40999999999999700, 10.56000000000000400 ) ) ;
#1074 = ORIENTED_EDGE ( 'NONE', *, *, #567, .F. ) ;
#1075 = AXIS2_PLACEMENT_3D ( 'NONE', #1372, #309, #329 ) ;
#1076 = CARTESIAN_POINT ( 'NONE',  ( -5.099999999999992500, 52.40999999999999700, -10.56000000000000400 ) ) ;
#1077 = ORIENTED_EDGE ( 'NONE', *, *, #1121, .T. ) ;
#1078 = ORIENTED_EDGE ( 'NONE', *, *, #1397, .F. ) ;
#1079 = CARTESIAN_POINT ( 'NONE',  ( -5.099999999999992500, 52.40999999999999700, -10.45000000000000300 ) ) ;
#1080 = FACE_OUTER_BOUND ( 'NONE', #822, .T. ) ;
#1081 = COLOUR_RGB ( '',0.8823529411764705600, 0.1843137254901960900, 0.1843137254901960900 ) ;
#1082 = CARTESIAN_POINT ( 'NONE',  ( 3.400000000000001700, 52.40999999999999700, -10.45000000000000300 ) ) ;
#1083 = VERTEX_POINT ( 'NONE', #913 ) ;
#1084 = FACE_OUTER_BOUND ( 'NONE', #393, .T. ) ;
#1085 = ORIENTED_EDGE ( 'NONE', *, *, #438, .T. ) ;
#1086 = DIRECTION ( 'NONE',  ( 0.0000000000000000000, 0.0000000000000000000, -1.000000000000000000 ) ) ;
#1087 = ORIENTED_EDGE ( 'NONE', *, *, #641, .T. ) ;
#1088 = VECTOR ( 'NONE', #405, 1000.000000000000000 ) ;
#1089 = DIRECTION ( 'NONE',  ( -1.000000000000000000, 0.0000000000000000000, 0.0000000000000000000 ) ) ;
#1090 = DIRECTION ( 'NONE',  ( -0.0000000000000000000, -0.0000000000000000000, -1.000000000000000000 ) ) ;
#1091 = CARTESIAN_POINT ( 'NONE',  ( -5.596665546923843800, 52.46833969360317700, -10.54938056537220900 ) ) ;
#1092 = EDGE_CURVE ( 'NONE', #1265, #342, #492, .T. ) ;
#1093 = DIRECTION ( 'NONE',  ( -1.000000000000000000, 0.0000000000000000000, 0.0000000000000000000 ) ) ;
#1094 = LINE ( 'NONE', #1208, #1521 ) ;
#1095 = AXIS2_PLACEMENT_3D ( 'NONE', #1079, #1086, #1089 ) ;
#1096 = ORIENTED_EDGE ( 'NONE', *, *, #448, .T. ) ;
#1097 = SURFACE_STYLE_FILL_AREA ( #244 ) ;
#1098 = CARTESIAN_POINT ( 'NONE',  ( -5.489219701497124700, 52.55005520122535500, -10.45199581559281100 ) ) ;
#1099 = CARTESIAN_POINT ( 'NONE',  ( 3.900000000000003500, 52.40999999999999700, 10.45000000000000300 ) ) ;
#1100 = ORIENTED_EDGE ( 'NONE', *, *, #1280, .T. ) ;
#1101 = VERTEX_POINT ( 'NONE', #1611 ) ;
#1102 = VECTOR ( 'NONE', #357, 1000.000000000000000 ) ;
#1103 = ORIENTED_EDGE ( 'NONE', *, *, #632, .T. ) ;
#1104 = DIRECTION ( 'NONE',  ( 0.0000000000000000000, -1.000000000000000000, 0.0000000000000000000 ) ) ;
#1105 = CARTESIAN_POINT ( 'NONE',  ( -5.476204361655164600, 52.55172988935318300, -10.45000000000000300 ) ) ;
#1106 = LINE ( 'NONE', #404, #1088 ) ;
#1107 = EDGE_CURVE ( 'NONE', #845, #342, #931, .T. ) ;
#1108 = AXIS2_PLACEMENT_3D ( 'NONE', #34, #26, #16 ) ;
#1109 = DIRECTION ( 'NONE',  ( 1.000000000000000000, -0.0000000000000000000, -0.0000000000000000000 ) ) ;
#1110 = TOROIDAL_SURFACE ( 'NONE', #541, 0.3900000000000016200, 0.1100000000000000000 ) ;
#1111 = B_SPLINE_CURVE_WITH_KNOTS ( 'NONE', 3,
 ( #57, #54, #66, #689, #1197, #1323 ),
 .UNSPECIFIED., .F., .F.,
 ( 4, 2, 4 ),
 ( 0.0000000000000000000, 0.0001069039701219732800, 0.0002138079402439465500 ),
 .UNSPECIFIED. ) ;
#1112 = DIRECTION ( 'NONE',  ( 0.0000000000000000000, 0.0000000000000000000, 1.000000000000000000 ) ) ;
#1113 = CARTESIAN_POINT ( 'NONE',  ( -4.709999999999991100, 52.40999999999999700, 10.56000000000000400 ) ) ;
#1114 = ORIENTED_EDGE ( 'NONE', *, *, #1092, .F. ) ;
#1115 = ORIENTED_EDGE ( 'NONE', *, *, #1555, .F. ) ;
#1116 = CYLINDRICAL_SURFACE ( 'NONE', #695, 0.5000000000000013300 ) ;
#1117 = VERTEX_POINT ( 'NONE', #100 ) ;
#1118 = CARTESIAN_POINT ( 'NONE',  ( -5.463335435188932700, 52.55172988935318300, -10.45000000000000300 ) ) ;
#1119 = ORIENTED_EDGE ( 'NONE', *, *, #1152, .T. ) ;
#1120 = VERTEX_POINT ( 'NONE', #87 ) ;
#1121 = EDGE_CURVE ( 'NONE', #1605, #515, #1257, .T. ) ;
#1122 = VECTOR ( 'NONE', #344, 1000.000000000000000 ) ;
#1123 = CARTESIAN_POINT ( 'NONE',  ( -5.501289329420171900, 52.54718536148621400, -10.45541595741210500 ) ) ;
#1124 = CARTESIAN_POINT ( 'NONE',  ( -4.599999999999991700, 52.40999999999999700, -10.61890710481464100 ) ) ;
#1125 = EDGE_CURVE ( 'NONE', #1329, #362, #952, .T. ) ;
#1126 = DIRECTION ( 'NONE',  ( 0.0000000000000000000, 0.0000000000000000000, -1.000000000000000000 ) ) ;
#1127 = CARTESIAN_POINT ( 'NONE',  ( -4.651266848507416900, 52.52892930430067500, 10.47745532078426900 ) ) ;
#1128 = UNCERTAINTY_MEASURE_WITH_UNIT (LENGTH_MEASURE( 1.000000000000000100E-005 ), #258, 'distance_accuracy_value', 'NONE');
#1129 = DIRECTION ( 'NONE',  ( 1.000000000000000000, 4.163336342344325700E-014, 0.0000000000000000000 ) ) ;
#1130 = CARTESIAN_POINT ( 'NONE',  ( -4.736664564811052400, 52.55172988935318300, -10.45000000000000300 ) ) ;
#1131 = ORIENTED_EDGE ( 'NONE', *, *, #1618, .F. ) ;
#1132 = ORIENTED_EDGE ( 'NONE', *, *, #670, .F. ) ;
#1133 = COLOUR_RGB ( '',0.8823529411764705600, 0.1843137254901960900, 0.1843137254901960900 ) ;
#1134 = EDGE_LOOP ( 'NONE', ( #1222, #1119, #1224, #1030 ) ) ;
#1135 = ORIENTED_EDGE ( 'NONE', *, *, #1570, .F. ) ;
#1136 = AXIS2_PLACEMENT_3D ( 'NONE', #190, #199, #185 ) ;
#1137 = VERTEX_POINT ( 'NONE', #71 ) ;
#1138 = ORIENTED_EDGE ( 'NONE', *, *, #1335, .F. ) ;
#1139 = EDGE_CURVE ( 'NONE', #165, #482, #221, .T. ) ;
#1140 = CARTESIAN_POINT ( 'NONE',  ( -6.649999999999992400, 51.89999999999999900, -10.75000000000000200 ) ) ;
#1141 = CARTESIAN_POINT ( 'NONE',  ( 11.19999999999999900, 50.89999999999999900, 4.114813245135106300E-015 ) ) ;
#1142 = CARTESIAN_POINT ( 'NONE',  ( -4.599999999999991700, 52.42651001128388100, -10.59923123955330700 ) ) ;
#1143 = CARTESIAN_POINT ( 'NONE',  ( -4.599999999999991700, 52.40999999999999700, -10.61890710481464100 ) ) ;
#1144 = AXIS2_PLACEMENT_3D ( 'NONE', #146, #139, #133 ) ;
#1145 = DIRECTION ( 'NONE',  ( -0.0000000000000000000, -0.0000000000000000000, -1.000000000000000000 ) ) ;
#1146 = LINE ( 'NONE', #270, #136 ) ;
#1147 = CARTESIAN_POINT ( 'NONE',  ( -5.099999999999992500, 52.40999999999999700, 10.56000000000000400 ) ) ;
#1148 = ORIENTED_EDGE ( 'NONE', *, *, #943, .F. ) ;
#1149 = ORIENTED_EDGE ( 'NONE', *, *, #733, .F. ) ;
#1150 = ORIENTED_EDGE ( 'NONE', *, *, #1419, .F. ) ;
#1151 = EDGE_LOOP ( 'NONE', ( #1515, #1516, #1526, #1548, #1532, #1550 ) ) ;
#1152 = EDGE_CURVE ( 'NONE', #1047, #369, #1213, .T. ) ;
#1153 = LINE ( 'NONE', #356, #1102 ) ;
#1154 = DIRECTION ( 'NONE',  ( 1.000000000000000000, 0.0000000000000000000, 0.0000000000000000000 ) ) ;
#1155 = VERTEX_POINT ( 'NONE', #648 ) ;
#1156 = AXIS2_PLACEMENT_3D ( 'NONE', #314, #324, #333 ) ;
#1157 = B_SPLINE_CURVE_WITH_KNOTS ( 'NONE', 3,
 ( #751, #1365, #560, #1239, #460, #1130 ),
 .UNSPECIFIED., .F., .F.,
 ( 4, 2, 4 ),
 ( 0.0000000000000000000, 0.0001069039701219732800, 0.0002138079402439465500 ),
 .UNSPECIFIED. ) ;
#1158 = LINE ( 'NONE', #341, #1122 ) ;
#1159 = EDGE_CURVE ( 'NONE', #1015, #1511, #1146, .T. ) ;
#1160 = DIRECTION ( 'NONE',  ( -0.0000000000000000000, -0.0000000000000000000, 1.000000000000000000 ) ) ;
#1161 = CARTESIAN_POINT ( 'NONE',  ( -4.600817073399550600, 52.44299979186620700, -10.57957948430322000 ) ) ;
#1162 = CARTESIAN_POINT ( 'NONE',  ( -5.099999999999992500, 52.40999999999999700, -10.56000000000000400 ) ) ;
#1163 = CARTESIAN_POINT ( 'NONE',  ( -4.602449217781130900, 52.45942892992368200, -10.56000000000000400 ) ) ;
#1164 = AXIS2_PLACEMENT_3D ( 'NONE', #446, #1575, #456 ) ;
#1165 = CIRCLE ( 'NONE', #1573, 0.3900000000000014600 ) ;
#1166 = CARTESIAN_POINT ( 'NONE',  ( 4.399859065561587500, 52.42370763814734900, 10.56574678204538600 ) ) ;
#1167 = ORIENTED_EDGE ( 'NONE', *, *, #1362, .F. ) ;
#1168 = EDGE_CURVE ( 'NONE', #317, #467, #1415, .T. ) ;
#1169 = ORIENTED_EDGE ( 'NONE', *, *, #1419, .T. ) ;
#1170 = ORIENTED_EDGE ( 'NONE', *, *, #1615, .T. ) ;
#1171 = EDGE_LOOP ( 'NONE', ( #804, #826, #851 ) ) ;
#1172 = AXIS2_PLACEMENT_3D ( 'NONE', #1113, #1104, #1126 ) ;
#1173 = CARTESIAN_POINT ( 'NONE',  ( -5.513285642889417900, 52.54433295399388700, -10.45881532428862600 ) ) ;
#1174 = CARTESIAN_POINT ( 'NONE',  ( -4.599999999999991700, 52.40999999999999700, -10.56000000000000400 ) ) ;
#1175 = FACE_OUTER_BOUND ( 'NONE', #757, .T. ) ;
#1176 = EDGE_CURVE ( 'NONE', #453, #991, #916, .T. ) ;
#1177 = CARTESIAN_POINT ( 'NONE',  ( -5.463335435188932700, 52.55172988935318300, -10.45000000000000300 ) ) ;
#1178 = CIRCLE ( 'NONE', #534, 0.1100000000000007200 ) ;
#1179 = CARTESIAN_POINT ( 'NONE',  ( 0.0000000000000000000, 52.56164928148115200, 10.45000000000000300 ) ) ;
#1180 = VECTOR ( 'NONE', #96, 1000.000000000000000 ) ;
#1181 = ORIENTED_EDGE ( 'NONE', *, *, #528, .T. ) ;
#1182 = DIRECTION ( 'NONE',  ( -0.0000000000000000000, -0.0000000000000000000, -1.000000000000000000 ) ) ;
#1183 = ORIENTED_EDGE ( 'NONE', *, *, #921, .F. ) ;
#1184 = CARTESIAN_POINT ( 'NONE',  ( 3.412250064069713300, 52.29999999999999700, -10.75000000000000200 ) ) ;
#1185 = CIRCLE ( 'NONE', #1390, 0.5000000000000013300 ) ;
#1186 = ORIENTED_EDGE ( 'NONE', *, *, #733, .T. ) ;
#1187 = CIRCLE ( 'NONE', #899, 11.25000000000000400 ) ;
#1188 = ORIENTED_EDGE ( 'NONE', *, *, #1509, .F. ) ;
#1189 = CARTESIAN_POINT ( 'NONE',  ( 4.400000000000004800, 52.40999999999999700, -10.61890710481464100 ) ) ;
#1190 = CARTESIAN_POINT ( 'NONE',  ( 4.400000000000003900, 52.41685454357907000, 10.57149721117004000 ) ) ;
#1191 = AXIS2_PLACEMENT_3D ( 'NONE', #267, #253, #480 ) ;
#1192 = CARTESIAN_POINT ( 'NONE',  ( -6.649999999999992400, 52.81990284774145300, 9.750000000000001800 ) ) ;
#1193 = DIRECTION ( 'NONE',  ( -1.000000000000000000, 0.0000000000000000000, 0.0000000000000000000 ) ) ;
#1194 = EDGE_CURVE ( 'NONE', #296, #552, #1510, .T. ) ;
#1195 = CARTESIAN_POINT ( 'NONE',  ( -11.19999999999999900, 50.89999999999999900, -11.25000000000000400 ) ) ;
#1196 = CARTESIAN_POINT ( 'NONE',  ( -5.587749935930282200, 52.29999999999999700, -10.75000000000000200 ) ) ;
#1197 = CARTESIAN_POINT ( 'NONE',  ( 4.299666741678149300, 52.55172988935320400, -10.44999999999996900 ) ) ;
#1198 = EDGE_CURVE ( 'NONE', #942, #1605, #140, .T. ) ;
#1199 = ORIENTED_EDGE ( 'NONE', *, *, #1606, .F. ) ;
#1200 = ORIENTED_EDGE ( 'NONE', *, *, #1587, .T. ) ;
#1201 = ORIENTED_EDGE ( 'NONE', *, *, #1618, .T. ) ;
#1202 = ORIENTED_EDGE ( 'NONE', *, *, #70, .F. ) ;
#1203 = CARTESIAN_POINT ( 'NONE',  ( -6.649999999999992400, 50.89999999999999900, 11.25000000000000400 ) ) ;
#1204 = ORIENTED_EDGE ( 'NONE', *, *, #1557, .F. ) ;
#1205 = DIRECTION ( 'NONE',  ( -1.000000000000000000, 0.0000000000000000000, 0.0000000000000000000 ) ) ;
#1206 = AXIS2_PLACEMENT_3D ( 'NONE', #208, #209, #205 ) ;
#1207 = DIRECTION ( 'NONE',  ( -1.000000000000000000, 0.0000000000000000000, 0.0000000000000000000 ) ) ;
#1208 = CARTESIAN_POINT ( 'NONE',  ( 0.0000000000000000000, 52.56164928148115200, 10.45000000000000300 ) ) ;
#1209 = DIRECTION ( 'NONE',  ( 0.0000000000000000000, -0.0000000000000000000, 1.000000000000000000 ) ) ;
#1210 = CARTESIAN_POINT ( 'NONE',  ( -5.599999999999994300, 52.40999999999999700, -10.61890710481464100 ) ) ;
#1211 = CARTESIAN_POINT ( 'NONE',  ( 5.450000000000005500, 50.89999999999999900, 11.25000000000000700 ) ) ;
#1212 = DIRECTION ( 'NONE',  ( -0.0000000000000000000, -0.0000000000000000000, 1.000000000000000000 ) ) ;
#1213 = CIRCLE ( 'NONE', #1191, 0.1099999999999998500 ) ;
#1214 = ORIENTED_EDGE ( 'NONE', *, *, #117, .F. ) ;
#1215 = FACE_OUTER_BOUND ( 'NONE', #588, .T. ) ;
#1216 = DIRECTION ( 'NONE',  ( -0.0000000000000000000, -1.000000000000000000, -0.0000000000000000000 ) ) ;
#1217 = DIRECTION ( 'NONE',  ( -1.000000000000000000, -0.0000000000000000000, -0.0000000000000000000 ) ) ;
#1218 = VECTOR ( 'NONE', #1539, 1000.000000000000000 ) ;
#1219 = ORIENTED_EDGE ( 'NONE', *, *, #1159, .T. ) ;
#1220 = PLANE ( 'NONE',  #868 ) ;
#1221 = ORIENTED_EDGE ( 'NONE', *, *, #1373, .F. ) ;
#1222 = ORIENTED_EDGE ( 'NONE', *, *, #906, .F. ) ;
#1223 = DIRECTION ( 'NONE',  ( -0.0000000000000000000, -0.0000000000000000000, -1.000000000000000000 ) ) ;
#1224 = ORIENTED_EDGE ( 'NONE', *, *, #498, .F. ) ;
#1225 = TOROIDAL_SURFACE ( 'NONE', #735, 0.3900000000000016200, 0.1100000000000000000 ) ;
#1226 = CARTESIAN_POINT ( 'NONE',  ( -5.099999999999992500, 52.40999999999999700, -10.45000000000000300 ) ) ;
#1227 = EDGE_CURVE ( 'NONE', #1042, #939, #1068, .T. ) ;
#1228 = CARTESIAN_POINT ( 'NONE',  ( -4.602449217781130900, 52.45942892992368200, -10.56000000000000400 ) ) ;
#1229 = AXIS2_PLACEMENT_3D ( 'NONE', #818, #821, #829 ) ;
#1230 = PLANE ( 'NONE',  #1164 ) ;
#1231 = CARTESIAN_POINT ( 'NONE',  ( 3.536664564811063300, 52.55172988935318300, -10.45000000000000300 ) ) ;
#1232 = ORIENTED_EDGE ( 'NONE', *, *, #949, .T. ) ;
#1233 = ORIENTED_EDGE ( 'NONE', *, *, #1139, .T. ) ;
#1234 = CARTESIAN_POINT ( 'NONE',  ( 3.400000000000001700, 52.40999999999999700, 10.57724885615913700 ) ) ;
#1235 = ORIENTED_EDGE ( 'NONE', *, *, #528, .F. ) ;
#1236 = ORIENTED_EDGE ( 'NONE', *, *, #866, .F. ) ;
#1237 = CARTESIAN_POINT ( 'NONE',  ( -4.677638200327117500, 52.54581533534887700, 10.46328625835967500 ) ) ;
#1238 = VERTEX_POINT ( 'NONE', #1554 ) ;
#1239 = CARTESIAN_POINT ( 'NONE',  ( -4.666647552504160900, 52.53940328785552100, -10.46469027161932900 ) ) ;
#1240 = AXIS2_PLACEMENT_3D ( 'NONE', #1147, #1145, #1129 ) ;
#1241 = APPLICATION_PROTOCOL_DEFINITION ( 'draft international standard', 'automotive_design', 1998, #429 ) ;
#1242 = CARTESIAN_POINT ( 'NONE',  ( 5.450000000000005500, 52.81990284774145300, -11.25000000000000200 ) ) ;
#1243 = CARTESIAN_POINT ( 'NONE',  ( -5.489999999999994000, 52.40999999999999700, 10.45000000000000300 ) ) ;
#1244 = LINE ( 'NONE', #97, #1180 ) ;
#1245 = EDGE_CURVE ( 'NONE', #579, #1120, #1011, .T. ) ;
#1246 = CARTESIAN_POINT ( 'NONE',  ( 4.355647610271843100, 52.20412320370288500, 10.75000000000000200 ) ) ;
#1247 = FACE_OUTER_BOUND ( 'NONE', #228, .T. ) ;
#1248 = ORIENTED_EDGE ( 'NONE', *, *, #1471, .F. ) ;
#1249 = EDGE_CURVE ( 'NONE', #1380, #1017, #488, .T. ) ;
#1250 = CIRCLE ( 'NONE', #220, 0.5000000000000017800 ) ;
#1251 = VERTEX_POINT ( 'NONE', #540 ) ;
#1252 = AXIS2_PLACEMENT_3D ( 'NONE', #36, #40, #41 ) ;
#1253 = DIRECTION ( 'NONE',  ( -0.0000000000000000000, -0.0000000000000000000, -1.000000000000000000 ) ) ;
#1254 = CIRCLE ( 'NONE', #781, 0.3900000000000014600 ) ;
#1255 = VECTOR ( 'NONE', #986, 1000.000000000000000 ) ;
#1256 = DIRECTION ( 'NONE',  ( -0.0000000000000000000, -0.0000000000000000000, -1.000000000000000000 ) ) ;
#1257 = B_SPLINE_CURVE_WITH_KNOTS ( 'NONE', 3,
 ( #526, #53, #219, #1371, #110, #1237, #457, #1127, #279, #102, #52, #731, #274, #485, #127, #111 ),
 .UNSPECIFIED., .F., .F.,
 ( 4, 3, 3, 3, 3, 4 ),
 ( 0.0000000000000000000, 3.645455244006544800E-005, 8.177673347182982000E-005, 0.0001396904715551384800, 0.0001982223688886862900, 0.0002410773076989676200 ),
 .UNSPECIFIED. ) ;
#1258 = DIRECTION ( 'NONE',  ( -0.0000000000000000000, -1.000000000000000000, -0.0000000000000000000 ) ) ;
#1259 = AXIS2_PLACEMENT_3D ( 'NONE', #496, #501, #506 ) ;
#1260 = CARTESIAN_POINT ( 'NONE',  ( 4.399577256270202200, 52.43055638629579100, 10.56000000000000200 ) ) ;
#1261 = PLANE ( 'NONE',  #548 ) ;
#1262 = DIRECTION ( 'NONE',  ( -1.000000000000000000, 0.0000000000000000000, -0.0000000000000000000 ) ) ;
#1263 = LINE ( 'NONE', #1300, #875 ) ;
#1264 = ORIENTED_EDGE ( 'NONE', *, *, #372, .F. ) ;
#1265 = VERTEX_POINT ( 'NONE', #589 ) ;
#1266 = EDGE_CURVE ( 'NONE', #390, #555, #993, .T. ) ;
#1267 = CIRCLE ( 'NONE', #716, 0.5000000000000013300 ) ;
#1268 = CARTESIAN_POINT ( 'NONE',  ( 4.290000000000004500, 52.40999999999999700, 10.45000000000000300 ) ) ;
#1269 = ORIENTED_EDGE ( 'NONE', *, *, #204, .T. ) ;
#1270 = VECTOR ( 'NONE', #948, 1000.000000000000000 ) ;
#1271 = VERTEX_POINT ( 'NONE', #380 ) ;
#1272 = DIRECTION ( 'NONE',  ( -1.000000000000000000, -0.0000000000000000000, -0.0000000000000000000 ) ) ;
#1273 = STYLED_ITEM ( 'NONE', ( #981 ), #874 ) ;
#1274 = LINE ( 'NONE', #842, #1255 ) ;
#1275 = CARTESIAN_POINT ( 'NONE',  ( -5.593970522194354100, 52.47724644082135400, -10.53876591737661900 ) ) ;
#1276 =( BOUNDED_CURVE ( )  B_SPLINE_CURVE ( 3, ( #886, #928, #1032, #686 ),
 .UNSPECIFIED., .F., .F. ) 
 B_SPLINE_CURVE_WITH_KNOTS ( ( 4, 4 ),
 ( 4.613369387311571800, 4.712388980384689700 ),
 .UNSPECIFIED. ) 
 CURVE ( )  GEOMETRIC_REPRESENTATION_ITEM ( )  RATIONAL_B_SPLINE_CURVE ( ( 1.000000000000000000, 0.9991830935708678800, 0.9991830935708678800, 1.000000000000000000 ) ) 
 REPRESENTATION_ITEM ( '' )  );
#1277 = CARTESIAN_POINT ( 'NONE',  ( -6.649999999999992400, 52.79999999999999700, -10.15412320370289700 ) ) ;
#1278 = CARTESIAN_POINT ( 'NONE',  ( 3.900000000000003500, 52.40999999999999700, -10.45000000000000300 ) ) ;
#1279 = AXIS2_PLACEMENT_3D ( 'NONE', #937, #213, #180 ) ;
#1280 = EDGE_CURVE ( 'NONE', #1265, #1238, #1494, .T. ) ;
#1281 = CARTESIAN_POINT ( 'NONE',  ( -11.19999999999999900, 52.81990284774145300, 11.25000000000000400 ) ) ;
#1282 = ADVANCED_FACE ( 'NONE', ( #1247 ), #704, .F. ) ;
#1283 = ORIENTED_EDGE ( 'NONE', *, *, #1176, .T. ) ;
#1284 = ADVANCED_FACE ( 'NONE', ( #896 ), #959, .F. ) ;
#1285 = TOROIDAL_SURFACE ( 'NONE', #1014, 0.3900000000000016200, 0.1100000000000000000 ) ;
#1286 = DIRECTION ( 'NONE',  ( 0.0000000000000000000, 0.0000000000000000000, -1.000000000000000000 ) ) ;
#1287 = FACE_OUTER_BOUND ( 'NONE', #118, .T. ) ;
#1288 = ORIENTED_EDGE ( 'NONE', *, *, #183, .T. ) ;
#1289 = VERTEX_POINT ( 'NONE', #1347 ) ;
#1290 = DIRECTION ( 'NONE',  ( 1.000000000000000000, 0.0000000000000000000, 0.0000000000000000000 ) ) ;
#1291 = VERTEX_POINT ( 'NONE', #1381 ) ;
#1292 = CARTESIAN_POINT ( 'NONE',  ( -5.597550782218854200, 52.45942892992368200, -10.56000000000000400 ) ) ;
#1293 = ORIENTED_EDGE ( 'NONE', *, *, #643, .F. ) ;
#1294 = VECTOR ( 'NONE', #700, 1000.000000000000000 ) ;
#1295 = DIRECTION ( 'NONE',  ( -1.000000000000000000, 0.0000000000000000000, 0.0000000000000000000 ) ) ;
#1296 = ADVANCED_FACE ( 'NONE', ( #1069 ), #1261, .T. ) ;
#1297 = ADVANCED_FACE ( 'NONE', ( #1376 ), #30, .T. ) ;
#1298 = CIRCLE ( 'NONE', #647, 0.5000000000000013300 ) ;
#1299 = B_SPLINE_CURVE_WITH_KNOTS ( 'NONE', 3,
 ( #672, #697, #657, #629, #642, #635, #626, #618, #603, #604, #609, #606, #597, #586, #600, #598 ),
 .UNSPECIFIED., .F., .F.,
 ( 4, 3, 3, 3, 3, 4 ),
 ( 0.0000000000000000000, 3.860677939869521700E-005, 7.684192661002803800E-005, 0.0001214739710239282600, 0.0001724005842661448100, 0.0002138936178514792500 ),
 .UNSPECIFIED. ) ;
#1300 = CARTESIAN_POINT ( 'NONE',  ( -6.649999999999992400, 51.89999999999999900, 10.75000000000000200 ) ) ;
#1301 = ADVANCED_FACE ( 'NONE', ( #1040 ), #56, .T. ) ;
#1302 = EDGE_CURVE ( 'NONE', #1251, #644, #975, .T. ) ;
#1303 = ADVANCED_FACE ( 'NONE', ( #1071 ), #1285, .F. ) ;
#1304 = EDGE_CURVE ( 'NONE', #758, #500, #1046, .T. ) ;
#1305 = AXIS2_PLACEMENT_3D ( 'NONE', #782, #787, #334 ) ;
#1306 = CARTESIAN_POINT ( 'NONE',  ( 4.259308357022562500, 52.56164928148115200, 10.45000000000000300 ) ) ;
#1307 = ORIENTED_EDGE ( 'NONE', *, *, #947, .T. ) ;
#1308 = ORIENTED_EDGE ( 'NONE', *, *, #125, .T. ) ;
#1309 = ORIENTED_EDGE ( 'NONE', *, *, #1029, .F. ) ;
#1310 =( BOUNDED_CURVE ( )  B_SPLINE_CURVE ( 3, ( #336, #332, #328, #326 ),
 .UNSPECIFIED., .F., .T. ) 
 B_SPLINE_CURVE_WITH_KNOTS ( ( 4, 4 ),
 ( 1.570796326794896600, 1.669815919868014900 ),
 .UNSPECIFIED. ) 
 CURVE ( )  GEOMETRIC_REPRESENTATION_ITEM ( )  RATIONAL_B_SPLINE_CURVE ( ( 1.000000000000000000, 0.9991830935708678800, 0.9991830935708678800, 1.000000000000000000 ) ) 
 REPRESENTATION_ITEM ( '' )  );
#1311 = CARTESIAN_POINT ( 'NONE',  ( 0.0000000000000000000, 52.20412320370288500, 10.75000000000000200 ) ) ;
#1312 = ADVANCED_FACE ( 'NONE', ( #850 ), #1230, .T. ) ;
#1313 = ORIENTED_EDGE ( 'NONE', *, *, #627, .T. ) ;
#1314 = VERTEX_POINT ( 'NONE', #1260 ) ;
#1315 = ADVANCED_FACE ( 'NONE', ( #1080 ), #414, .F. ) ;
#1316 = EDGE_CURVE ( 'NONE', #1529, #1444, #936, .T. ) ;
#1317 = ORIENTED_EDGE ( 'NONE', *, *, #1302, .F. ) ;
#1318 = VECTOR ( 'NONE', #640, 1000.000000000000000 ) ;
#1319 = AXIS2_PLACEMENT_3D ( 'NONE', #846, #834, #428 ) ;
#1320 = CARTESIAN_POINT ( 'NONE',  ( -5.584301889133812800, 52.49609024805732100, -10.51630874240500000 ) ) ;
#1321 = LINE ( 'NONE', #587, #1294 ) ;
#1322 = ADVANCED_FACE ( 'NONE', ( #737 ), #524, .T. ) ;
#1323 = CARTESIAN_POINT ( 'NONE',  ( 4.263335435188943200, 52.55172988935318300, -10.45000000000000300 ) ) ;
#1324 = ADVANCED_FACE ( 'NONE', ( #78 ), #285, .F. ) ;
#1325 = AXIS2_PLACEMENT_3D ( 'NONE', #1278, #1286, #1290 ) ;
#1326 = CARTESIAN_POINT ( 'NONE',  ( -5.566329766955752800, 52.51484286911296800, -10.49396023889137000 ) ) ;
#1327 = ADVANCED_FACE ( 'NONE', ( #1215 ), #474, .T. ) ;
#1328 = ADVANCED_FACE ( 'NONE', ( #969 ), #499, .T. ) ;
#1329 = VERTEX_POINT ( 'NONE', #248 ) ;
#1330 = ADVANCED_FACE ( 'NONE', ( #872 ), #144, .T. ) ;
#1331 = ORIENTED_EDGE ( 'NONE', *, *, #264, .T. ) ;
#1332 = CARTESIAN_POINT ( 'NONE',  ( -5.589619679557948500, 52.48572607175171400, -10.52866028675149000 ) ) ;
#1333 = ORIENTED_EDGE ( 'NONE', *, *, #643, .T. ) ;
#1334 = VECTOR ( 'NONE', #638, 1000.000000000000000 ) ;
#1335 = EDGE_CURVE ( 'NONE', #1017, #979, #387, .T. ) ;
#1336 = ADVANCED_FACE ( 'NONE', ( #1037 ), #879, .F. ) ;
#1337 = EDGE_CURVE ( 'NONE', #977, #980, #990, .T. ) ;
#1338 = CARTESIAN_POINT ( 'NONE',  ( 3.900000000000003500, 52.40999999999999700, -10.45000000000000300 ) ) ;
#1339 = FACE_OUTER_BOUND ( 'NONE', #620, .T. ) ;
#1340 = ADVANCED_FACE ( 'NONE', ( #820 ), #796, .T. ) ;
#1341 = ADVANCED_FACE ( 'NONE', ( #881 ), #173, .T. ) ;
#1342 = LINE ( 'NONE', #276, #553 ) ;
#1343 = ADVANCED_FACE ( 'NONE', ( #1003 ), #786, .F. ) ;
#1344 = ADVANCED_FACE ( 'NONE', ( #1287 ), #765, .T. ) ;
#1345 = ORIENTED_EDGE ( 'NONE', *, *, #999, .T. ) ;
#1346 = ADVANCED_FACE ( 'NONE', ( #775 ), #752, .F. ) ;
#1347 = CARTESIAN_POINT ( 'NONE',  ( -6.649999999999992400, 52.79999999999999700, 11.25000000000000400 ) ) ;
#1348 = ORIENTED_EDGE ( 'NONE', *, *, #152, .T. ) ;
#1349 = DIRECTION ( 'NONE',  ( 0.0000000000000000000, 0.0000000000000000000, -1.000000000000000000 ) ) ;
#1350 = ORIENTED_EDGE ( 'NONE', *, *, #101, .T. ) ;
#1351 = ORIENTED_EDGE ( 'NONE', *, *, #966, .F. ) ;
#1352 = ORIENTED_EDGE ( 'NONE', *, *, #613, .F. ) ;
#1353 = ADVANCED_FACE ( 'NONE', ( #791 ), #739, .F. ) ;
#1354 =( BOUNDED_CURVE ( )  B_SPLINE_CURVE ( 3, ( #1124, #1142, #1161, #1163 ),
 .UNSPECIFIED., .F., .T. ) 
 B_SPLINE_CURVE_WITH_KNOTS ( ( 4, 4 ),
 ( 1.570796326794896600, 1.669815919868014900 ),
 .UNSPECIFIED. ) 
 CURVE ( )  GEOMETRIC_REPRESENTATION_ITEM ( )  RATIONAL_B_SPLINE_CURVE ( ( 1.000000000000000000, 0.9991830935708678800, 0.9991830935708678800, 1.000000000000000000 ) ) 
 REPRESENTATION_ITEM ( '' )  );
#1355 = ORIENTED_EDGE ( 'NONE', *, *, #125, .F. ) ;
#1356 = ORIENTED_EDGE ( 'NONE', *, *, #906, .T. ) ;
#1357 = ADVANCED_FACE ( 'NONE', ( #763 ), #1005, .F. ) ;
#1358 = ORIENTED_EDGE ( 'NONE', *, *, #1578, .T. ) ;
#1359 = DIRECTION ( 'NONE',  ( 1.000000000000000000, 0.0000000000000000000, 0.0000000000000000000 ) ) ;
#1360 = VECTOR ( 'NONE', #805, 1000.000000000000000 ) ;
#1361 = ADVANCED_FACE ( 'NONE', ( #744 ), #234, .T. ) ;
#1362 = EDGE_CURVE ( 'NONE', #494, #1444, #178, .T. ) ;
#1363 = PRESENTATION_LAYER_ASSIGNMENT (  '', '', ( #1273 ) ) ;
#1364 = MANIFOLD_SOLID_BREP ( 'Скругление12', #607 ) ;
#1365 = CARTESIAN_POINT ( 'NONE',  ( -4.604753822569524100, 52.48262704319338900, -10.53235356516941400 ) ) ;
#1366 = ADVANCED_FACE ( 'NONE', ( #708 ), #462, .F. ) ;
#1367 = EDGE_CURVE ( 'NONE', #530, #1251, #1094, .T. ) ;
#1368 = ADVANCED_FACE ( 'NONE', ( #1060 ), #1479, .F. ) ;
#1369 = ADVANCED_FACE ( 'NONE', ( #668 ), #1116, .F. ) ;
#1370 = DIRECTION ( 'NONE',  ( -0.0000000000000000000, -0.0000000000000000000, -1.000000000000000000 ) ) ;
#1371 = CARTESIAN_POINT ( 'NONE',  ( -4.704927343011399400, 52.55624070165387000, 10.45453833733826700 ) ) ;
#1372 = CARTESIAN_POINT ( 'NONE',  ( -6.649999999999992400, 52.81990284774145300, -11.25000000000000400 ) ) ;
#1373 = EDGE_CURVE ( 'NONE', #1015, #494, #1452, .T. ) ;
#1374 = CIRCLE ( 'NONE', #28, 0.5000000000000017800 ) ;
#1375 = ORIENTED_EDGE ( 'NONE', *, *, #919, .F. ) ;
#1376 = FACE_OUTER_BOUND ( 'NONE', #1600, .T. ) ;
#1377 = CARTESIAN_POINT ( 'NONE',  ( -4.599999999999991700, 52.40999999999999700, 10.45000000000000300 ) ) ;
#1378 = ADVANCED_FACE ( 'NONE', ( #621 ), #1220, .T. ) ;
#1379 = ORIENTED_EDGE ( 'NONE', *, *, #1561, .T. ) ;
#1380 = VERTEX_POINT ( 'NONE', #1231 ) ;
#1381 = CARTESIAN_POINT ( 'NONE',  ( 5.450000000000003700, 51.89999999999999900, 9.750000000000001800 ) ) ;
#1382 = ORIENTED_EDGE ( 'NONE', *, *, #1168, .F. ) ;
#1383 = ADVANCED_FACE ( 'NONE', ( #1495 ), #22, .F. ) ;
#1384 = ORIENTED_EDGE ( 'NONE', *, *, #999, .F. ) ;
#1385 = LINE ( 'NONE', #571, #1318 ) ;
#1386 = CARTESIAN_POINT ( 'NONE',  ( 3.400000000000001700, 52.37295492987092200, -10.66305570022886700 ) ) ;
#1387 = LINE ( 'NONE', #537, #1360 ) ;
#1388 = PLANE ( 'NONE',  #1252 ) ;
#1389 = ADVANCED_FACE ( 'NONE', ( #1443 ), #995, .F. ) ;
#1390 = AXIS2_PLACEMENT_3D ( 'NONE', #39, #1619, #1486 ) ;
#1391 = ADVANCED_FACE ( 'NONE', ( #218 ), #1388, .T. ) ;
#1392 = FACE_OUTER_BOUND ( 'NONE', #1582, .T. ) ;
#1393 = DIRECTION ( 'NONE',  ( -0.0000000000000000000, -0.0000000000000000000, 1.000000000000000000 ) ) ;
#1394 = DIRECTION ( 'NONE',  ( 0.0000000000000000000, 0.0000000000000000000, 1.000000000000000000 ) ) ;
#1395 = ADVANCED_FACE ( 'NONE', ( #2 ), #762, .T. ) ;
#1396 = ADVANCED_FACE ( 'NONE', ( #611 ), #511, .F. ) ;
#1397 = EDGE_CURVE ( 'NONE', #1524, #1017, #1111, .T. ) ;
#1398 = ORIENTED_EDGE ( 'NONE', *, *, #706, .T. ) ;
#1399 = CARTESIAN_POINT ( 'NONE',  ( 5.450000000000003700, 52.79999999999999700, -10.15412320370289700 ) ) ;
#1400 = ORIENTED_EDGE ( 'NONE', *, *, #564, .F. ) ;
#1401 = ORIENTED_EDGE ( 'NONE', *, *, #773, .T. ) ;
#1402 = AXIS2_PLACEMENT_3D ( 'NONE', #806, #809, #800 ) ;
#1403 = ORIENTED_EDGE ( 'NONE', *, *, #1579, .T. ) ;
#1404 = CARTESIAN_POINT ( 'NONE',  ( 3.900000000000003500, 52.40999999999999700, 10.56000000000000400 ) ) ;
#1405 = ORIENTED_EDGE ( 'NONE', *, *, #70, .T. ) ;
#1406 = ORIENTED_EDGE ( 'NONE', *, *, #20, .F. ) ;
#1407 = FACE_OUTER_BOUND ( 'NONE', #1455, .T. ) ;
#1408 = DIRECTION ( 'NONE',  ( 0.0000000000000000000, -0.0000000000000000000, 1.000000000000000000 ) ) ;
#1409 = ADVANCED_FACE ( 'NONE', ( #1442 ), #703, .F. ) ;
#1410 = ADVANCED_FACE ( 'NONE', ( #1175 ), #785, .F. ) ;
#1411 = CARTESIAN_POINT ( 'NONE',  ( 5.450000000000003700, 52.79999999999999700, 6.858022075225178600E-016 ) ) ;
#1412 = CARTESIAN_POINT ( 'NONE',  ( 3.400000000000001700, 52.40999999999999700, -10.61890710481464100 ) ) ;
#1413 =( BOUNDED_CURVE ( )  B_SPLINE_CURVE ( 3, ( #359, #365, #406, #408 ),
 .UNSPECIFIED., .F., .F. ) 
 B_SPLINE_CURVE_WITH_KNOTS ( ( 4, 4 ),
 ( 1.146418813282400500, 1.570796326794896600 ),
 .UNSPECIFIED. ) 
 CURVE ( )  GEOMETRIC_REPRESENTATION_ITEM ( )  RATIONAL_B_SPLINE_CURVE ( ( 1.000000000000000000, 0.9850482029135265700, 0.9850482029135265700, 1.000000000000000000 ) ) 
 REPRESENTATION_ITEM ( '' )  );
#1414 = DIRECTION ( 'NONE',  ( -1.000000000000000000, 0.0000000000000000000, 0.0000000000000000000 ) ) ;
#1415 =( BOUNDED_CURVE ( )  B_SPLINE_CURVE ( 3, ( #94, #150, #721, #377 ),
 .UNSPECIFIED., .F., .T. ) 
 B_SPLINE_CURVE_WITH_KNOTS ( ( 4, 4 ),
 ( 1.348981856298104600, 1.570796326794896600 ),
 .UNSPECIFIED. ) 
 CURVE ( )  GEOMETRIC_REPRESENTATION_ITEM ( )  RATIONAL_B_SPLINE_CURVE ( ( 1.000000000000000000, 0.9959040627838369200, 0.9959040627838369200, 1.000000000000000000 ) ) 
 REPRESENTATION_ITEM ( '' )  );
#1416 = ADVANCED_FACE ( 'NONE', ( #1392 ), #1417, .F. ) ;
#1417 = TOROIDAL_SURFACE ( 'NONE', #154, 0.3900000000000016200, 0.1100000000000000000 ) ;
#1418 = CARTESIAN_POINT ( 'NONE',  ( -4.599999999999991700, 52.40999999999999700, 10.57724885615913700 ) ) ;
#1419 = EDGE_CURVE ( 'NONE', #1022, #494, #1244, .T. ) ;
#1420 = ADVANCED_FACE ( 'NONE', ( #1421 ), #98, .F. ) ;
#1421 = FACE_OUTER_BOUND ( 'NONE', #543, .T. ) ;
#1422 = CARTESIAN_POINT ( 'NONE',  ( 3.412250064069713300, 52.29999999999999700, -10.75000000000000200 ) ) ;
#1423 = ORIENTED_EDGE ( 'NONE', *, *, #1038, .T. ) ;
#1424 = CARTESIAN_POINT ( 'NONE',  ( -6.649999999999992400, 50.89999999999999900, 9.750000000000001800 ) ) ;
#1425 = EDGE_LOOP ( 'NONE', ( #724, #710, #694, #691 ) ) ;
#1426 = ORIENTED_EDGE ( 'NONE', *, *, #566, .T. ) ;
#1427 = CARTESIAN_POINT ( 'NONE',  ( -4.709999999999991100, 52.40999999999999700, -10.45000000000000300 ) ) ;
#1428 = ADVANCED_FACE ( 'NONE', ( #722 ), #358, .F. ) ;
#1429 = ORIENTED_EDGE ( 'NONE', *, *, #1570, .T. ) ;
#1430 = ORIENTED_EDGE ( 'NONE', *, *, #107, .F. ) ;
#1431 =( BOUNDED_CURVE ( )  B_SPLINE_CURVE ( 3, ( #803, #592, #280, #238 ),
 .UNSPECIFIED., .F., .F. ) 
 B_SPLINE_CURVE_WITH_KNOTS ( ( 4, 4 ),
 ( 4.712388980384689700, 5.136766493897186000 ),
 .UNSPECIFIED. ) 
 CURVE ( )  GEOMETRIC_REPRESENTATION_ITEM ( )  RATIONAL_B_SPLINE_CURVE ( ( 1.000000000000000000, 0.9850482029135264600, 0.9850482029135264600, 1.000000000000000000 ) ) 
 REPRESENTATION_ITEM ( '' )  );
#1432 = ADVANCED_FACE ( 'NONE', ( #1084 ), #1110, .F. ) ;
#1433 = ORIENTED_EDGE ( 'NONE', *, *, #1439, .T. ) ;
#1434 = DIRECTION ( 'NONE',  ( -1.000000000000000000, 0.0000000000000000000, 0.0000000000000000000 ) ) ;
#1435 = CARTESIAN_POINT ( 'NONE',  ( 0.0000000000000000000, 52.29999999999999700, -10.75000000000000200 ) ) ;
#1436 = CARTESIAN_POINT ( 'NONE',  ( 4.400000000000004800, 52.40999999999999700, -10.56000000000000400 ) ) ;
#1437 = EDGE_CURVE ( 'NONE', #955, #412, #1342, .T. ) ;
#1438 = ADVANCED_FACE ( 'NONE', ( #1542 ), #683, .F. ) ;
#1439 = EDGE_CURVE ( 'NONE', #482, #440, #1545, .T. ) ;
#1440 = ADVANCED_FACE ( 'NONE', ( #930 ), #563, .F. ) ;
#1441 = AXIS2_PLACEMENT_3D ( 'NONE', #1050, #46, #48 ) ;
#1442 = FACE_OUTER_BOUND ( 'NONE', #1500, .T. ) ;
#1443 = FACE_OUTER_BOUND ( 'NONE', #1134, .T. ) ;
#1444 = VERTEX_POINT ( 'NONE', #290 ) ;
#1445 = DIRECTION ( 'NONE',  ( 1.000000000000000000, 0.0000000000000000000, -0.0000000000000000000 ) ) ;
#1446 = CARTESIAN_POINT ( 'NONE',  ( -5.599999999999994300, 52.37295492987092200, -10.66305570022886700 ) ) ;
#1447 = ADVANCED_FACE ( 'NONE', ( #346 ), #1225, .F. ) ;
#1448 = EDGE_LOOP ( 'NONE', ( #873, #858, #853 ) ) ;
#1449 = ADVANCED_FACE ( 'NONE', ( #1339 ), #307, .F. ) ;
#1450 = CARTESIAN_POINT ( 'NONE',  ( -6.649999999999992400, 52.29999999999999700, -10.75000000000000200 ) ) ;
#1451 = ORIENTED_EDGE ( 'NONE', *, *, #823, .T. ) ;
#1452 = CIRCLE ( 'NONE', #502, 0.5000000000000017800 ) ;
#1453 = ORIENTED_EDGE ( 'NONE', *, *, #1557, .T. ) ;
#1454 = LINE ( 'NONE', #73, #1334 ) ;
#1455 = EDGE_LOOP ( 'NONE', ( #774, #769, #766 ) ) ;
#1456 = ORIENTED_EDGE ( 'NONE', *, *, #20, .T. ) ;
#1457 = LINE ( 'NONE', #814, #1610 ) ;
#1458 = CARTESIAN_POINT ( 'NONE',  ( -11.20000000000000100, 52.79999999999999700, 11.25000000000000700 ) ) ;
#1459 = ADVANCED_FACE ( 'NONE', ( #32 ), #321, .T. ) ;
#1460 = ADVANCED_FACE ( 'NONE', ( #655 ), #484, .F. ) ;
#1461 = EDGE_CURVE ( 'NONE', #555, #514, #856, .T. ) ;
#1462 = CARTESIAN_POINT ( 'NONE',  ( -6.649999999999992400, 52.79999999999999700, 10.25000000000000200 ) ) ;
#1463 = ADVANCED_FACE ( 'NONE', ( #1622 ), #1608, .F. ) ;
#1464 = MECHANICAL_DESIGN_GEOMETRIC_PRESENTATION_REPRESENTATION (  '', ( #1273 ), #1528 ) ;
#1465 = ADVANCED_FACE ( 'NONE', ( #1407 ), #1593, .F. ) ;
#1466 = LINE ( 'NONE', #1411, #410 ) ;
#1467 = ORIENTED_EDGE ( 'NONE', *, *, #226, .T. ) ;
#1468 = DIRECTION ( 'NONE',  ( 1.000000000000000000, 0.0000000000000000000, 0.0000000000000000000 ) ) ;
#1469 = EDGE_LOOP ( 'NONE', ( #665, #661, #652, #650 ) ) ;
#1470 = ORIENTED_EDGE ( 'NONE', *, *, #331, .F. ) ;
#1471 = EDGE_CURVE ( 'NONE', #996, #1291, #1457, .T. ) ;
#1472 = ADVANCED_FACE ( 'NONE', ( #1583 ), #1590, .F. ) ;
#1473 = ORIENTED_EDGE ( 'NONE', *, *, #1176, .F. ) ;
#1474 = ADVANCED_FACE ( 'NONE', ( #1604 ), #836, .T. ) ;
#1475 = AXIS2_PLACEMENT_3D ( 'NONE', #231, #211, #239 ) ;
#1476 = CARTESIAN_POINT ( 'NONE',  ( 5.450000000000003700, 52.79999999999999700, 10.25000000000000200 ) ) ;
#1477 = ADVANCED_FACE ( 'NONE', ( #1569 ), #815, .T. ) ;
#1478 = LINE ( 'NONE', #748, #37 ) ;
#1479 = CYLINDRICAL_SURFACE ( 'NONE', #633, 0.5000000000000013300 ) ;
#1480 = CARTESIAN_POINT ( 'NONE',  ( -4.709999999999991100, 52.40999999999999700, 10.45000000000000300 ) ) ;
#1481 = EDGE_CURVE ( 'NONE', #770, #585, #1535, .T. ) ;
#1482 = CARTESIAN_POINT ( 'NONE',  ( 0.0000000000000000000, 52.55172988935318300, -10.45000000000000300 ) ) ;
#1483 = ORIENTED_EDGE ( 'NONE', *, *, #327, .T. ) ;
#1484 = ORIENTED_EDGE ( 'NONE', *, *, #580, .T. ) ;
#1485 = ORIENTED_EDGE ( 'NONE', *, *, #233, .F. ) ;
#1486 = DIRECTION ( 'NONE',  ( 1.000000000000000000, 0.0000000000000000000, 0.0000000000000000000 ) ) ;
#1487 = ORIENTED_EDGE ( 'NONE', *, *, #1606, .T. ) ;
#1488 = VECTOR ( 'NONE', #902, 1000.000000000000100 ) ;
#1489 = DIRECTION ( 'NONE',  ( 0.0000000000000000000, 0.0000000000000000000, -1.000000000000000000 ) ) ;
#1490 = ORIENTED_EDGE ( 'NONE', *, *, #1125, .F. ) ;
#1491 = EDGE_CURVE ( 'NONE', #1291, #623, #1549, .T. ) ;
#1492 = CIRCLE ( 'NONE', #444, 0.5000000000000013300 ) ;
#1493 = CARTESIAN_POINT ( 'NONE',  ( 11.20000000000000300, 50.89999999999999900, 11.25000000000000700 ) ) ;
#1494 = B_SPLINE_CURVE_WITH_KNOTS ( 'NONE', 3,
 ( #992, #707, #720, #732, #764, #945 ),
 .UNSPECIFIED., .F., .F.,
 ( 4, 2, 4 ),
 ( 0.0000000000000000000, 0.0001201709164329996100, 0.0002403418328659992100 ),
 .UNSPECIFIED. ) ;
#1495 = FACE_OUTER_BOUND ( 'NONE', #200, .T. ) ;
#1496 = ORIENTED_EDGE ( 'NONE', *, *, #304, .T. ) ;
#1497 = AXIS2_PLACEMENT_3D ( 'NONE', #536, #523, #522 ) ;
#1498 = ORIENTED_EDGE ( 'NONE', *, *, #1461, .T. ) ;
#1499 = CARTESIAN_POINT ( 'NONE',  ( 3.400000000000001700, 52.40999999999999700, -10.56000000000000400 ) ) ;
#1500 = EDGE_LOOP ( 'NONE', ( #951, #938, #934 ) ) ;
#1501 = ORIENTED_EDGE ( 'NONE', *, *, #557, .T. ) ;
#1502 = LINE ( 'NONE', #870, #1488 ) ;
#1503 = CARTESIAN_POINT ( 'NONE',  ( -5.599999999999994300, 52.40999999999999700, -10.61890710481464100 ) ) ;
#1504 = ORIENTED_EDGE ( 'NONE', *, *, #894, .F. ) ;
#1505 = CIRCLE ( 'NONE', #335, 0.5000000000000013300 ) ;
#1506 = CARTESIAN_POINT ( 'NONE',  ( -5.587749935930282200, 52.29999999999999700, -10.75000000000000200 ) ) ;
#1507 = EDGE_CURVE ( 'NONE', #1271, #955, #1530, .T. ) ;
#1508 = CARTESIAN_POINT ( 'NONE',  ( -6.649999999999992400, 52.81990284774145300, 9.750000000000001800 ) ) ;
#1509 = EDGE_CURVE ( 'NONE', #319, #958, #1627, .T. ) ;
#1510 = LINE ( 'NONE', #483, #167 ) ;
#1511 = VERTEX_POINT ( 'NONE', #867 ) ;
#1512 = AXIS2_PLACEMENT_3D ( 'NONE', #124, #426, #114 ) ;
#1513 = ORIENTED_EDGE ( 'NONE', *, *, #226, .F. ) ;
#1514 = ORIENTED_EDGE ( 'NONE', *, *, #1125, .T. ) ;
#1515 = ORIENTED_EDGE ( 'NONE', *, *, #583, .T. ) ;
#1516 = ORIENTED_EDGE ( 'NONE', *, *, #1337, .T. ) ;
#1517 = VECTOR ( 'NONE', #844, 1000.000000000000000 ) ;
#1518 = AXIS2_PLACEMENT_3D ( 'NONE', #542, #558, #550 ) ;
#1519 = DIRECTION ( 'NONE',  ( -1.000000000000000000, 0.0000000000000000000, 0.0000000000000000000 ) ) ;
#1520 =( BOUNDED_CURVE ( )  B_SPLINE_CURVE ( 3, ( #1041, #1021, #1562, #1045 ),
 .UNSPECIFIED., .F., .F. ) 
 B_SPLINE_CURVE_WITH_KNOTS ( ( 4, 4 ),
 ( 1.348981856298104600, 1.570796326794896600 ),
 .UNSPECIFIED. ) 
 CURVE ( )  GEOMETRIC_REPRESENTATION_ITEM ( )  RATIONAL_B_SPLINE_CURVE ( ( 1.000000000000000000, 0.9959040627838369200, 0.9959040627838369200, 1.000000000000000000 ) ) 
 REPRESENTATION_ITEM ( '' )  );
#1521 = VECTOR ( 'NONE', #1272, 1000.000000000000000 ) ;
#1522 = CIRCLE ( 'NONE', #768, 0.3900000000000014600 ) ;
#1523 = EDGE_CURVE ( 'NONE', #514, #223, #1502, .T. ) ;
#1524 = VERTEX_POINT ( 'NONE', #893 ) ;
#1525 = VECTOR ( 'NONE', #75, 1000.000000000000000 ) ;
#1526 = ORIENTED_EDGE ( 'NONE', *, *, #780, .T. ) ;
#1527 = ORIENTED_EDGE ( 'NONE', *, *, #924, .F. ) ;
#1528 =( GEOMETRIC_REPRESENTATION_CONTEXT ( 3 ) GLOBAL_UNCERTAINTY_ASSIGNED_CONTEXT ( ( #935 ) ) GLOBAL_UNIT_ASSIGNED_CONTEXT ( ( #436, #437, #439 ) ) REPRESENTATION_CONTEXT ( 'NONE', 'WORKASPACE' ) );
#1529 = VERTEX_POINT ( 'NONE', #965 ) ;
#1530 = CIRCLE ( 'NONE', #3, 11.25000000000000400 ) ;
#1531 = CARTESIAN_POINT ( 'NONE',  ( 0.0000000000000000000, 52.29999999999999700, -10.75000000000000200 ) ) ;
#1532 = ORIENTED_EDGE ( 'NONE', *, *, #1362, .T. ) ;
#1533 = DIRECTION ( 'NONE',  ( -1.000000000000000000, 0.0000000000000000000, 0.0000000000000000000 ) ) ;
#1534 = CARTESIAN_POINT ( 'NONE',  ( -6.649999999999992400, 52.79999999999999700, 6.858022075225178600E-016 ) ) ;
#1535 = LINE ( 'NONE', #861, #1552 ) ;
#1536 = CARTESIAN_POINT ( 'NONE',  ( 5.450000000000005500, 50.89999999999999900, -9.750000000000003600 ) ) ;
#1537 = EDGE_CURVE ( 'NONE', #845, #1265, #1505, .T. ) ;
#1538 = DIRECTION ( 'NONE',  ( 0.0000000000000000000, -0.0000000000000000000, -1.000000000000000000 ) ) ;
#1539 = DIRECTION ( 'NONE',  ( 0.0000000000000000000, 0.0000000000000000000, -1.000000000000000000 ) ) ;
#1540 = CARTESIAN_POINT ( 'NONE',  ( 3.510000000000002000, 52.40999999999999700, -10.45000000000000300 ) ) ;
#1541 = DIRECTION ( 'NONE',  ( 0.0000000000000000000, 0.0000000000000000000, 1.000000000000000000 ) ) ;
#1542 = FACE_OUTER_BOUND ( 'NONE', #1448, .T. ) ;
#1543 = CARTESIAN_POINT ( 'NONE',  ( -5.489999999999994000, 52.40999999999999700, -10.45000000000000300 ) ) ;
#1544 = ORIENTED_EDGE ( 'NONE', *, *, #1634, .F. ) ;
#1545 = LINE ( 'NONE', #284, #573 ) ;
#1546 = CARTESIAN_POINT ( 'NONE',  ( 5.450000000000005500, 51.89999999999999900, -10.75000000000000200 ) ) ;
#1547 = LINE ( 'NONE', #170, #1525 ) ;
#1548 = ORIENTED_EDGE ( 'NONE', *, *, #1373, .T. ) ;
#1549 = LINE ( 'NONE', #852, #1517 ) ;
#1550 = ORIENTED_EDGE ( 'NONE', *, *, #1316, .F. ) ;
#1551 = DIRECTION ( 'NONE',  ( 0.0000000000000000000, -1.000000000000000000, 0.0000000000000000000 ) ) ;
#1552 = VECTOR ( 'NONE', #863, 1000.000000000000000 ) ;
#1553 = DIRECTION ( 'NONE',  ( 1.000000000000000000, 0.0000000000000000000, 0.0000000000000000000 ) ) ;
#1554 = CARTESIAN_POINT ( 'NONE',  ( -5.459308357022552000, 52.56164928148115200, 10.45000000000000300 ) ) ;
#1555 = EDGE_CURVE ( 'NONE', #342, #610, #1035, .T. ) ;
#1556 = AXIS2_PLACEMENT_3D ( 'NONE', #830, #824, #839 ) ;
#1557 = EDGE_CURVE ( 'NONE', #1329, #482, #1492, .T. ) ;
#1558 = CIRCLE ( 'NONE', #576, 0.5000000000000013300 ) ;
#1559 = EDGE_CURVE ( 'NONE', #1013, #585, #1387, .T. ) ;
#1560 = ORIENTED_EDGE ( 'NONE', *, *, #509, .T. ) ;
#1561 = EDGE_CURVE ( 'NONE', #770, #595, #1454, .T. ) ;
#1562 = CARTESIAN_POINT ( 'NONE',  ( -4.599999999999991700, 52.37295492987092200, -10.66305570022886700 ) ) ;
#1563 = ORIENTED_EDGE ( 'NONE', *, *, #327, .F. ) ;
#1564 = ORIENTED_EDGE ( 'NONE', *, *, #509, .F. ) ;
#1565 = ORIENTED_EDGE ( 'NONE', *, *, #690, .T. ) ;
#1566 = ORIENTED_EDGE ( 'NONE', *, *, #1048, .F. ) ;
#1567 = ORIENTED_EDGE ( 'NONE', *, *, #1507, .F. ) ;
#1568 = ORIENTED_EDGE ( 'NONE', *, *, #1316, .T. ) ;
#1569 = FACE_OUTER_BOUND ( 'NONE', #465, .T. ) ;
#1570 = EDGE_CURVE ( 'NONE', #961, #315, #1385, .T. ) ;
#1571 = CARTESIAN_POINT ( 'NONE',  ( 4.290000000000004500, 52.40999999999999700, -10.45000000000000300 ) ) ;
#1572 = CARTESIAN_POINT ( 'NONE',  ( -5.599999999999994300, 52.33873442810319400, 10.63704777125338700 ) ) ;
#1573 = AXIS2_PLACEMENT_3D ( 'NONE', #1338, #1349, #1359 ) ;
#1574 = CARTESIAN_POINT ( 'NONE',  ( 5.450000000000003700, 50.89999999999999900, 11.25000000000000700 ) ) ;
#1575 = DIRECTION ( 'NONE',  ( 0.0000000000000000000, 0.0000000000000000000, -1.000000000000000000 ) ) ;
#1576 = ORIENTED_EDGE ( 'NONE', *, *, #630, .T. ) ;
#1577 = CARTESIAN_POINT ( 'NONE',  ( -5.599999999999993400, 52.41685454357907000, 10.57149721117004000 ) ) ;
#1578 = EDGE_CURVE ( 'NONE', #1043, #467, #1321, .T. ) ;
#1579 = EDGE_CURVE ( 'NONE', #1137, #1047, #1298, .T. ) ;
#1580 = DIRECTION ( 'NONE',  ( -0.0000000000000000000, -0.7660444431189823400, 0.6427876096865341400 ) ) ;
#1581 = VERTEX_POINT ( 'NONE', #976 ) ;
#1582 = EDGE_LOOP ( 'NONE', ( #742, #746, #1309, #1293 ) ) ;
#1583 = FACE_OUTER_BOUND ( 'NONE', #508, .T. ) ;
#1584 = ORIENTED_EDGE ( 'NONE', *, *, #580, .F. ) ;
#1585 = VECTOR ( 'NONE', #1182, 1000.000000000000000 ) ;
#1586 = ORIENTED_EDGE ( 'NONE', *, *, #183, .F. ) ;
#1587 = EDGE_CURVE ( 'NONE', #1155, #13, #1274, .T. ) ;
#1588 = LINE ( 'NONE', #1458, #360 ) ;
#1589 = ORIENTED_EDGE ( 'NONE', *, *, #894, .T. ) ;
#1590 = TOROIDAL_SURFACE ( 'NONE', #1229, 0.3900000000000016200, 0.1100000000000000000 ) ;
#1591 = AXIS2_PLACEMENT_3D ( 'NONE', #50, #1212, #43 ) ;
#1592 = DIRECTION ( 'NONE',  ( 0.0000000000000000000, 0.0000000000000000000, -1.000000000000000000 ) ) ;
#1593 = CYLINDRICAL_SURFACE ( 'NONE', #1402, 0.5000000000000017800 ) ;
#1594 = UNCERTAINTY_MEASURE_WITH_UNIT (LENGTH_MEASURE( 1.000000000000000100E-005 ), #420, 'distance_accuracy_value', 'NONE');
#1595 = ORIENTED_EDGE ( 'NONE', *, *, #630, .F. ) ;
#1596 = CARTESIAN_POINT ( 'NONE',  ( 4.387749935930292700, 52.29999999999999700, -10.75000000000000200 ) ) ;
#1597 = VECTOR ( 'NONE', #653, 1000.000000000000000 ) ;
#1598 = CARTESIAN_POINT ( 'NONE',  ( -5.599859065561577000, 52.42370763814734900, 10.56574678204538600 ) ) ;
#1599 = ORIENTED_EDGE ( 'NONE', *, *, #1437, .F. ) ;
#1600 = EDGE_LOOP ( 'NONE', ( #1501, #1498, #1496, #1484, #1483, #1467, #1451, #1429, #1426, #1423, #1401, #1398 ) ) ;
#1601 = ORIENTED_EDGE ( 'NONE', *, *, #233, .T. ) ;
#1602 = ORIENTED_EDGE ( 'NONE', *, *, #865, .T. ) ;
#1603 = ORIENTED_EDGE ( 'NONE', *, *, #1523, .F. ) ;
#1604 = FACE_OUTER_BOUND ( 'NONE', #5, .T. ) ;
#1605 = VERTEX_POINT ( 'NONE', #699 ) ;
#1606 = EDGE_CURVE ( 'NONE', #1101, #1329, #1267, .T. ) ;
#1607 = ORIENTED_EDGE ( 'NONE', *, *, #564, .T. ) ;
#1608 = CYLINDRICAL_SURFACE ( 'NONE', #1305, 0.5000000000000013300 ) ;
#1609 = CARTESIAN_POINT ( 'NONE',  ( -5.595899851358678800, 52.33613746116398600, -10.70693305083059800 ) ) ;
#1610 = VECTOR ( 'NONE', #813, 1000.000000000000000 ) ;
#1611 = CARTESIAN_POINT ( 'NONE',  ( -5.597550782218854200, 52.45942892992368200, -10.56000000000000400 ) ) ;
#1612 = EDGE_CURVE ( 'NONE', #1238, #510, #1254, .T. ) ;
#1613 = CARTESIAN_POINT ( 'NONE',  ( 11.19999999999999900, 52.79999999999999700, 4.114813245135106300E-015 ) ) ;
#1614 = EDGE_CURVE ( 'NONE', #1120, #552, #1187, .T. ) ;
#1615 = EDGE_CURVE ( 'NONE', #996, #1022, #1158, .T. ) ;
#1616 = CIRCLE ( 'NONE', #99, 0.1099999999999998500 ) ;
#1617 = DIRECTION ( 'NONE',  ( 1.000000000000000000, 0.0000000000000000000, 0.0000000000000000000 ) ) ;
#1618 = EDGE_CURVE ( 'NONE', #610, #1155, #1153, .T. ) ;
#1619 = DIRECTION ( 'NONE',  ( -0.0000000000000000000, -0.0000000000000000000, 1.000000000000000000 ) ) ;
#1620 = ORIENTED_EDGE ( 'NONE', *, *, #706, .F. ) ;
#1621 = ORIENTED_EDGE ( 'NONE', *, *, #152, .F. ) ;
#1622 = FACE_OUTER_BOUND ( 'NONE', #1151, .T. ) ;
#1623 = ORIENTED_EDGE ( 'NONE', *, *, #486, .F. ) ;
#1624 = ORIENTED_EDGE ( 'NONE', *, *, #308, .T. ) ;
#1625 = CARTESIAN_POINT ( 'NONE',  ( 3.400000000000001700, 52.40999999999999700, -10.61890710481464100 ) ) ;
#1626 = ORIENTED_EDGE ( 'NONE', *, *, #1070, .T. ) ;
#1627 = CIRCLE ( 'NONE', #237, 0.3900000000000014600 ) ;
#1628 = AXIS2_PLACEMENT_3D ( 'NONE', #197, #885, #1205 ) ;
#1629 = VECTOR ( 'NONE', #793, 1000.000000000000000 ) ;
#1630 = CARTESIAN_POINT ( 'NONE',  ( 11.20000000000000100, 52.79999999999999700, 11.25000000000000700 ) ) ;
#1631 = EDGE_CURVE ( 'NONE', #530, #1314, #45, .T. ) ;
#1632 = CARTESIAN_POINT ( 'NONE',  ( -11.20000000000000100, 52.79999999999999700, 11.25000000000000400 ) ) ;
#1633 = DIRECTION ( 'NONE',  ( 0.0000000000000000000, 0.0000000000000000000, 1.000000000000000000 ) ) ;
#1634 = EDGE_CURVE ( 'NONE', #939, #1271, #1106, .T. ) ;
#1635 = EDGE_CURVE ( 'NONE', #1511, #1117, #1413, .T. ) ;
#1636 = DIRECTION ( 'NONE',  ( -0.0000000000000000000, -0.0000000000000000000, 1.000000000000000000 ) ) ;
ENDSEC;
END-ISO-10303-21;
