ISO-10303-21;
HEADER;
FILE_DESCRIPTION (( 'STEP AP214' ),
    '1' );
FILE_NAME ('LockCover.STEP',
    '2018-02-13T18:31:58',
    ( '' ),
    ( '' ),
    'SwSTEP 2.0',
    'SolidWorks 2015',
    '' );
FILE_SCHEMA (( 'AUTOMOTIVE_DESIGN' ));
ENDSEC;

DATA;
#1 = CARTESIAN_POINT ( 'NONE',  ( -7.081450494843099200, -28.81270561988611000, 5.778138829633580700 ) ) ;
#2 = CARTESIAN_POINT ( 'NONE',  ( -12.79999999999999500, -20.30717967697248100, 4.500000000000005300 ) ) ;
#3 = CARTESIAN_POINT ( 'NONE',  ( 10.80000000000000100, 0.0000000000000000000, 0.0000000000000000000 ) ) ;
#4 = ORIENTED_EDGE ( 'NONE', *, *, #816, .T. ) ;
#5 = CARTESIAN_POINT ( 'NONE',  ( 1.243132662301657200, -30.70508574867572800, 4.505237691315939800 ) ) ;
#6 = CARTESIAN_POINT ( 'NONE',  ( -11.59999999999999600, -29.78420748798082600, 3.193704550949335800 ) ) ;
#7 = B_SPLINE_CURVE_WITH_KNOTS ( 'NONE', 3,
 ( #3694, #2182, #1891, #46 ),
 .UNSPECIFIED., .F., .F.,
 ( 4, 4 ),
 ( 0.0000000000000000000, 1.340548420554241200E-006 ),
 .UNSPECIFIED. ) ;
#8 = EDGE_CURVE ( 'NONE', #2471, #655, #3241, .T. ) ;
#9 = CARTESIAN_POINT ( 'NONE',  ( 11.65861314762557500, -27.18768470631816900, 5.946215560779341700 ) ) ;
#10 = CARTESIAN_POINT ( 'NONE',  ( 11.07291534641155200, -29.31437863458458900, 4.942146303387120000 ) ) ;
#11 = CARTESIAN_POINT ( 'NONE',  ( -7.176571456578550100, -28.61257291338554900, 5.998683156642585800 ) ) ;
#12 = DIRECTION ( 'NONE',  ( 0.0000000000000000000, 0.0000000000000000000, -1.000000000000000000 ) ) ;
#13 = CARTESIAN_POINT ( 'NONE',  ( 11.60000000000000700, -29.78420748798082200, 1.682163157918299600 ) ) ;
#14 = VECTOR ( 'NONE', #1568, 1000.000000000000000 ) ;
#15 = SURFACE_SIDE_STYLE ('',( #148 ) ) ;
#16 = CARTESIAN_POINT ( 'NONE',  ( -12.79999999999999500, 0.0000000000000000000, 4.999999999999996400 ) ) ;
#17 = CARTESIAN_POINT ( 'NONE',  ( -12.79999999999999500, -24.50000000000000000, 2.079274057836309400 ) ) ;
#18 = FACE_OUTER_BOUND ( 'NONE', #746, .T. ) ;
#19 = CARTESIAN_POINT ( 'NONE',  ( -14.80000000000000100, -21.51961524227068900, 3.800000000000002000 ) ) ;
#20 = CARTESIAN_POINT ( 'NONE',  ( -11.62813295602266100, -28.68825973384710800, 2.712834845024286500 ) ) ;
#21 = EDGE_CURVE ( 'NONE', #3921, #128, #3698, .T. ) ;
#22 = DIRECTION ( 'NONE',  ( -1.759079432684508100E-016, 0.8619342151577684700, 0.5070201265633955700 ) ) ;
#23 = CARTESIAN_POINT ( 'NONE',  ( 11.60000000000000700, -29.46102333015506100, 3.394458843837467200 ) ) ;
#24 = FACE_OUTER_BOUND ( 'NONE', #836, .T. ) ;
#25 = ORIENTED_EDGE ( 'NONE', *, *, #82, .T. ) ;
#26 = DIRECTION ( 'NONE',  ( 1.000000000000000000, -1.746062762822404500E-016, -0.0000000000000000000 ) ) ;
#27 = ORIENTED_EDGE ( 'NONE', *, *, #2811, .F. ) ;
#28 = EDGE_LOOP ( 'NONE', ( #217, #3354, #310, #2969 ) ) ;
#29 = CARTESIAN_POINT ( 'NONE',  ( 11.64901324572441200, -28.21883677907846500, 4.592804930492620800 ) ) ;
#30 = EDGE_LOOP ( 'NONE', ( #2062, #2134, #2412, #1471, #2329, #569, #3027, #593, #2442 ) ) ;
#31 = VERTEX_POINT ( 'NONE', #2985 ) ;
#32 = CARTESIAN_POINT ( 'NONE',  ( -10.62588817265792900, -29.60385401834466300, 5.056946280894638200 ) ) ;
#33 = EDGE_LOOP ( 'NONE', ( #3799, #2838, #1545, #940, #222, #1707, #2302 ) ) ;
#34 = ORIENTED_EDGE ( 'NONE', *, *, #1651, .T. ) ;
#35 =( BOUNDED_SURFACE ( )  B_SPLINE_SURFACE ( 3, 2, ( 
 ( #367, #2508, #2523 ),
 ( #687, #2820, #1009 ),
 ( #3117, #1320, #3431 ),
 ( #1627, #3729, #1930 ) ),
 .UNSPECIFIED., .F., .F., .F. ) 
 B_SPLINE_SURFACE_WITH_KNOTS ( ( 4, 4 ),
 ( 3, 3 ),
 ( 0.0000000000000000000, 0.003075328437678219200 ),
 ( 0.0000000000000000000, 1.000000000000000000 ),
 .UNSPECIFIED. ) 
 GEOMETRIC_REPRESENTATION_ITEM ( )  RATIONAL_B_SPLINE_SURFACE ( (
 ( 1.000000000000000000, 0.7071067811863988000, 1.000000000000000000),
 ( 1.000000000000000000, 0.7550802492048622700, 1.000000000000000000),
 ( 1.000000000000000000, 0.7951317157218927800, 1.000000000000000000),
 ( 1.000000000000000000, 0.8289183213559797600, 1.000000000000000000) ) ) 
 REPRESENTATION_ITEM ( '' )  SURFACE ( )  );
#36 = CARTESIAN_POINT ( 'NONE',  ( 7.960204194457797400E-016, -6.500000000000002700, 8.000000000000000000 ) ) ;
#37 = CARTESIAN_POINT ( 'NONE',  ( -14.80000000000000200, -21.21523168056431500, 3.975735931288074500 ) ) ;
#38 = ORIENTED_EDGE ( 'NONE', *, *, #3000, .T. ) ;
#39 = CARTESIAN_POINT ( 'NONE',  ( -14.49999999999999800, -24.50000000000000000, 2.000000000000004000 ) ) ;
#40 = CARTESIAN_POINT ( 'NONE',  ( -10.80000000000000100, 0.0000000000000000000, 8.000000000000000000 ) ) ;
#41 = DIRECTION ( 'NONE',  ( 0.0000000000000000000, 0.0000000000000000000, 1.000000000000000000 ) ) ;
#42 = EDGE_CURVE ( 'NONE', #3331, #3703, #291, .T. ) ;
#43 = CARTESIAN_POINT ( 'NONE',  ( 10.98327478536251800, -31.06367440241526300, 3.549427903530417300 ) ) ;
#44 = CARTESIAN_POINT ( 'NONE',  ( 12.31290059725793800, -26.47206291726264400, 5.395139599606393300 ) ) ;
#45 = CARTESIAN_POINT ( 'NONE',  ( -11.67514529817866600, -27.46254141474965100, 5.319496213036399200 ) ) ;
#46 = CARTESIAN_POINT ( 'NONE',  ( 10.98582514788124700, -28.09799526671552900, 5.279163430410773300 ) ) ;
#47 = VERTEX_POINT ( 'NONE', #2726 ) ;
#48 = CARTESIAN_POINT ( 'NONE',  ( 8.531591196549991100, -29.55785228187473700, 5.217871766435243900 ) ) ;
#49 = CARTESIAN_POINT ( 'NONE',  ( 7.960204194457797400E-016, -6.500000000000002700, 8.000000000000000000 ) ) ;
#50 = CARTESIAN_POINT ( 'NONE',  ( 7.960204194457797400E-016, -6.500000000000002700, 5.232763454621357700 ) ) ;
#51 = CARTESIAN_POINT ( 'NONE',  ( -5.377125544666783200, -29.54731290474939000, 5.224418576206226700 ) ) ;
#52 = CARTESIAN_POINT ( 'NONE',  ( 10.23065965438764700, -31.38420748798082000, 7.589415207398531000E-016 ) ) ;
#53 = CARTESIAN_POINT ( 'NONE',  ( -12.27757976009861100, -26.01024299386125100, 6.032763454618528700 ) ) ;
#54 = DIRECTION ( 'NONE',  ( -0.0000000000000000000, -0.0000000000000000000, -1.000000000000000000 ) ) ;
#55 = CARTESIAN_POINT ( 'NONE',  ( -13.08276906021132600, -27.82010299115154700, 2.991587866329957500 ) ) ;
#56 = CIRCLE ( 'NONE', #225, 1.600000000000001200 ) ;
#57 = DIRECTION ( 'NONE',  ( -0.0000000000000000000, -0.5839501271454024000, -0.8117895349207627800 ) ) ;
#58 = CARTESIAN_POINT ( 'NONE',  ( 7.434091162397545600, -29.45897240273541200, 5.279293589679693500 ) ) ;
#59 = CIRCLE ( 'NONE', #3058, 0.8000000000000003800 ) ;
#60 = EDGE_CURVE ( 'NONE', #3454, #3215, #2089, .T. ) ;
#61 = LINE ( 'NONE', #1768, #1689 ) ;
#62 = CARTESIAN_POINT ( 'NONE',  ( 14.80000000000000100, -21.51961524227068900, 3.799999999999998000 ) ) ;
#63 = CARTESIAN_POINT ( 'NONE',  ( 10.89910006574545200, -27.92752385761195200, 4.502363418305481700 ) ) ;
#64 = FACE_OUTER_BOUND ( 'NONE', #1653, .T. ) ;
#65 = CIRCLE ( 'NONE', #1682, 0.2999999999999999300 ) ;
#66 = EDGE_CURVE ( 'NONE', #1238, #1383, #3597, .T. ) ;
#67 = LINE ( 'NONE', #1015, #2408 ) ;
#68 = EDGE_CURVE ( 'NONE', #31, #1675, #3546, .T. ) ;
#69 = CARTESIAN_POINT ( 'NONE',  ( 14.40000000000000000, -3.499999999999994700, 1.500000000000000000 ) ) ;
#70 = CARTESIAN_POINT ( 'NONE',  ( 10.32212504307050500, -29.19951177557289100, 5.232763454621356800 ) ) ;
#71 = CARTESIAN_POINT ( 'NONE',  ( 8.079876465145114000, -29.37950786285093900, 5.270514073854499800 ) ) ;
#72 = FACE_OUTER_BOUND ( 'NONE', #1043, .T. ) ;
#73 = ORIENTED_EDGE ( 'NONE', *, *, #1100, .F. ) ;
#74 = CARTESIAN_POINT ( 'NONE',  ( -6.799999999999998000, -19.87011593068661600, 8.000000000000000000 ) ) ;
#75 = DIRECTION ( 'NONE',  ( 0.0000000000000000000, -0.0000000000000000000, 1.000000000000000000 ) ) ;
#76 = ORIENTED_EDGE ( 'NONE', *, *, #3871, .F. ) ;
#77 = ORIENTED_EDGE ( 'NONE', *, *, #253, .F. ) ;
#78 = ADVANCED_FACE ( 'NONE', ( #1176 ), #2841, .T. ) ;
#79 = VECTOR ( 'NONE', #1361, 1000.000000000000000 ) ;
#80 = CARTESIAN_POINT ( 'NONE',  ( -9.999999999999998200, -6.982665657135206600, 19.24103941845603700 ) ) ;
#81 = CARTESIAN_POINT ( 'NONE',  ( -10.63383725894073500, -28.81777645282198100, 5.232763454621358600 ) ) ;
#82 = EDGE_CURVE ( 'NONE', #1127, #3200, #2692, .T. ) ;
#83 = ORIENTED_EDGE ( 'NONE', *, *, #3018, .T. ) ;
#84 = ORIENTED_EDGE ( 'NONE', *, *, #2466, .F. ) ;
#85 = AXIS2_PLACEMENT_3D ( 'NONE', #2419, #580, #2716 ) ;
#86 = VERTEX_POINT ( 'NONE', #3264 ) ;
#87 = CARTESIAN_POINT ( 'NONE',  ( 7.422076264656377400, -29.27785751176625000, 5.373682449548613100 ) ) ;
#88 = EDGE_LOOP ( 'NONE', ( #1948, #3298, #991, #1414, #1077 ) ) ;
#89 = CARTESIAN_POINT ( 'NONE',  ( 6.929200857905702700, -28.71841534070017900, 5.955899684584316000 ) ) ;
#90 = EDGE_CURVE ( 'NONE', #888, #1230, #1078, .T. ) ;
#91 = CARTESIAN_POINT ( 'NONE',  ( 7.960204194457797400E-016, -6.500000000000002700, 6.032763454621351300 ) ) ;
#92 = CARTESIAN_POINT ( 'NONE',  ( 7.122721390391809000, -29.07842389598929600, 5.525328281810013600 ) ) ;
#93 = EDGE_CURVE ( 'NONE', #1017, #166, #3500, .T. ) ;
#94 = ADVANCED_FACE ( 'NONE', ( #1990 ), #2151, .T. ) ;
#95 = EDGE_CURVE ( 'NONE', #3797, #2561, #162, .T. ) ;
#96 = CARTESIAN_POINT ( 'NONE',  ( -7.206221048480819600, -29.13194031525722100, 5.481797534032498500 ) ) ;
#97 = B_SPLINE_CURVE_WITH_KNOTS ( 'NONE', 3,
 ( #2710, #575, #1199, #3317, #1516 ),
 .UNSPECIFIED., .F., .F.,
 ( 4, 1, 4 ),
 ( 6.071532165918824800E-018, 0.003316232486956946200, 0.006632464973913886400 ),
 .UNSPECIFIED. ) ;
#98 = ORIENTED_EDGE ( 'NONE', *, *, #1481, .F. ) ;
#99 = CARTESIAN_POINT ( 'NONE',  ( 11.15832305116302000, -28.43942246854445000, 6.832763454621356500 ) ) ;
#100 = ORIENTED_EDGE ( 'NONE', *, *, #95, .T. ) ;
#101 = ORIENTED_EDGE ( 'NONE', *, *, #370, .T. ) ;
#102 = CARTESIAN_POINT ( 'NONE',  ( 10.98529063199599200, -28.09920724736352000, 5.278957358226438900 ) ) ;
#103 = CARTESIAN_POINT ( 'NONE',  ( 7.057109435277289400, -28.74356921894650400, 5.869450710797496900 ) ) ;
#104 = AXIS2_PLACEMENT_3D ( 'NONE', #1668, #2568, #424 ) ;
#105 = VECTOR ( 'NONE', #2752, 1000.000000000000000 ) ;
#106 = CARTESIAN_POINT ( 'NONE',  ( -7.069732739770928200, -28.78674699640027200, 5.812528593792776200 ) ) ;
#107 = CIRCLE ( 'NONE', #954, 23.22830726092213600 ) ;
#108 = CARTESIAN_POINT ( 'NONE',  ( -12.40195872667049100, -27.80646660573860600, 3.463992569948146600 ) ) ;
#109 = LINE ( 'NONE', #548, #819 ) ;
#110 = CIRCLE ( 'NONE', #984, 1.100000000000000300 ) ;
#111 = ADVANCED_FACE ( 'NONE', ( #3305 ), #2263, .F. ) ;
#112 = CARTESIAN_POINT ( 'NONE',  ( -14.40000000000000000, -3.500000000000000000, 1.500000000000000000 ) ) ;
#113 = CARTESIAN_POINT ( 'NONE',  ( 10.80070899401288500, -28.51987883439035800, 5.232763454621302700 ) ) ;
#114 = EDGE_CURVE ( 'NONE', #3658, #3312, #883, .T. ) ;
#115 = EDGE_LOOP ( 'NONE', ( #1928, #1338, #2153, #598, #2816, #504 ) ) ;
#116 = CARTESIAN_POINT ( 'NONE',  ( -3.208614384139760700, -30.07121799890762000, 4.898981223626674500 ) ) ;
#117 = CARTESIAN_POINT ( 'NONE',  ( -7.067411925634453400, -28.67865693544232600, 5.952397292806136200 ) ) ;
#118 = EDGE_LOOP ( 'NONE', ( #3602, #2735, #2927, #3745 ) ) ;
#119 = CARTESIAN_POINT ( 'NONE',  ( -11.81727860457717800, -26.66824201213036000, 5.725053551157220300 ) ) ;
#120 = ORIENTED_EDGE ( 'NONE', *, *, #2215, .F. ) ;
#121 = EDGE_LOOP ( 'NONE', ( #760, #2514, #1615, #281 ) ) ;
#122 = CARTESIAN_POINT ( 'NONE',  ( 11.55835626615543000, -30.10409717919748800, 3.488014792733512800 ) ) ;
#123 = ORIENTED_EDGE ( 'NONE', *, *, #3021, .F. ) ;
#124 = B_SPLINE_CURVE_WITH_KNOTS ( 'NONE', 3,
 ( #2707, #884, #3004, #1197 ),
 .UNSPECIFIED., .F., .F.,
 ( 4, 4 ),
 ( 0.0002401433987116189900, 0.0009489142608555342500 ),
 .UNSPECIFIED. ) ;
#125 = EDGE_LOOP ( 'NONE', ( #1468, #2376, #962, #2818, #3422 ) ) ;
#126 = DIRECTION ( 'NONE',  ( -1.746062762822404500E-016, 1.000000000000000000, 0.0000000000000000000 ) ) ;
#127 = DIRECTION ( 'NONE',  ( -0.0000000000000000000, -1.000000000000000000, 0.0000000000000000000 ) ) ;
#128 = VERTEX_POINT ( 'NONE', #3396 ) ;
#129 = CARTESIAN_POINT ( 'NONE',  ( 0.6661027856780633600, -30.73361197752492300, 4.487517878129821700 ) ) ;
#130 = CARTESIAN_POINT ( 'NONE',  ( -7.316030594612531200, -28.55102404912023000, 6.024424055113243500 ) ) ;
#131 = EDGE_CURVE ( 'NONE', #361, #2476, #1434, .T. ) ;
#132 = CARTESIAN_POINT ( 'NONE',  ( 13.20000000000000600, -21.00000000000002500, 4.099999999999997000 ) ) ;
#133 = CARTESIAN_POINT ( 'NONE',  ( 10.53016595828470900, -27.20434406347590800, 6.032763454621344200 ) ) ;
#134 = CARTESIAN_POINT ( 'NONE',  ( 4.416095873699532600, -29.60794238092993400, 5.477082709482687100 ) ) ;
#135 = EDGE_CURVE ( 'NONE', #655, #2998, #1862, .T. ) ;
#136 = EDGE_LOOP ( 'NONE', ( #3461, #3326, #2563, #2556 ) ) ;
#137 = CARTESIAN_POINT ( 'NONE',  ( 4.349205466508712100, -29.61691075415310300, 5.472306138894736300 ) ) ;
#138 = CARTESIAN_POINT ( 'NONE',  ( 10.00000000000000500, -31.38420748798082000, 3.638544005341466400 ) ) ;
#139 = PRODUCT_DEFINITION_FORMATION_WITH_SPECIFIED_SOURCE ( 'ANY', '', #3539, .NOT_KNOWN. ) ;
#140 = DIRECTION ( 'NONE',  ( -0.8660254037844353800, -1.512134709206239400E-016, 0.5000000000000058800 ) ) ;
#141 = CARTESIAN_POINT ( 'NONE',  ( -10.94381680823581200, -28.19810472565279400, 5.263518355992152600 ) ) ;
#142 = CARTESIAN_POINT ( 'NONE',  ( 11.59317008318899400, -28.46127981562438700, 4.632211874453203000 ) ) ;
#143 = B_SPLINE_CURVE_WITH_KNOTS ( 'NONE', 3,
 ( #755, #2586, #445, #1070, #3180, #1389, #3499, #1688, #3793, #1998 ),
 .UNSPECIFIED., .F., .F.,
 ( 4, 2, 2, 2, 4 ),
 ( 0.0000000000000000000, 0.001121391106373653400, 0.001682086659560476700, 0.001962434436153888100, 0.002242782212747299800 ),
 .UNSPECIFIED. ) ;
#144 = VECTOR ( 'NONE', #296, 1000.000000000000000 ) ;
#145 = DIRECTION ( 'NONE',  ( -1.000000000000000000, -1.746062762822404500E-016, 0.0000000000000000000 ) ) ;
#146 = CIRCLE ( 'NONE', #2262, 0.4000000000000001900 ) ;
#147 = VECTOR ( 'NONE', #841, 1000.000000000000000 ) ;
#148 = SURFACE_STYLE_FILL_AREA ( #1861 ) ;
#149 = CARTESIAN_POINT ( 'NONE',  ( 6.834646941973376000, -28.99715134006401500, 5.566165822223796400 ) ) ;
#150 = CARTESIAN_POINT ( 'NONE',  ( 13.20000000000000100, 0.0000000000000000000, 1.999999999999997100 ) ) ;
#151 = CARTESIAN_POINT ( 'NONE',  ( -10.69996191312749400, -28.66657949763496300, 5.232763454621357700 ) ) ;
#152 = VECTOR ( 'NONE', #3789, 1000.000000000000000 ) ;
#153 = CIRCLE ( 'NONE', #1837, 0.8000000000000002700 ) ;
#154 = CARTESIAN_POINT ( 'NONE',  ( -7.083538545148123900, -28.66400773100171800, 5.966023602561143100 ) ) ;
#155 = CARTESIAN_POINT ( 'NONE',  ( 14.80000000000000100, 0.0000000000000000000, 3.799999999999998000 ) ) ;
#156 = ORIENTED_EDGE ( 'NONE', *, *, #3620, .F. ) ;
#157 = EDGE_CURVE ( 'NONE', #1494, #405, #3206, .T. ) ;
#158 = CARTESIAN_POINT ( 'NONE',  ( -11.73278752558541300, -30.37973764905344600, 0.0000000000000000000 ) ) ;
#159 = EDGE_LOOP ( 'NONE', ( #1220, #3111 ) ) ;
#160 = VERTEX_POINT ( 'NONE', #1080 ) ;
#161 = ADVANCED_FACE ( 'NONE', ( #1617 ), #2553, .T. ) ;
#162 = LINE ( 'NONE', #1889, #1807 ) ;
#163 = AXIS2_PLACEMENT_3D ( 'NONE', #1207, #596, #2728 ) ;
#164 = DIRECTION ( 'NONE',  ( 2.209286174613473500E-015, 0.5000000000000035500, -0.8660254037844366000 ) ) ;
#165 = CARTESIAN_POINT ( 'NONE',  ( 6.800000000000003400, -19.87011593068661600, 6.032763454621347800 ) ) ;
#166 = VERTEX_POINT ( 'NONE', #1397 ) ;
#167 = ORIENTED_EDGE ( 'NONE', *, *, #3186, .T. ) ;
#168 = CARTESIAN_POINT ( 'NONE',  ( -10.79999999999999700, -23.60597559902927500, -2.000000000000001800 ) ) ;
#169 = VERTEX_POINT ( 'NONE', #3780 ) ;
#170 = CARTESIAN_POINT ( 'NONE',  ( -10.87351986858409900, -28.05872827361098100, 4.478895806677063400 ) ) ;
#171 = ORIENTED_EDGE ( 'NONE', *, *, #2767, .F. ) ;
#172 = PLANE ( 'NONE',  #452 ) ;
#173 = AXIS2_PLACEMENT_3D ( 'NONE', #622, #948, #3059 ) ;
#174 = DIRECTION ( 'NONE',  ( -1.000000000000000000, -0.0000000000000000000, -0.0000000000000000000 ) ) ;
#175 = DIRECTION ( 'NONE',  ( 0.0000000000000000000, 1.000000000000000000, -0.0000000000000000000 ) ) ;
#176 = CARTESIAN_POINT ( 'NONE',  ( 12.80000000000000400, -19.50000000000004600, 5.000000000000000000 ) ) ;
#177 = ADVANCED_FACE ( 'NONE', ( #3915 ), #744, .T. ) ;
#178 = CARTESIAN_POINT ( 'NONE',  ( 11.60000000000000700, -29.78420748798090400, 2.821537815314022700 ) ) ;
#179 = CARTESIAN_POINT ( 'NONE',  ( 17.50137142655966500, -24.62782332962043300, 0.0000000000000000000 ) ) ;
#180 = ADVANCED_FACE ( 'NONE', ( #3116 ), #2824, .T. ) ;
#181 = ORIENTED_EDGE ( 'NONE', *, *, #495, .T. ) ;
#182 = DIRECTION ( 'NONE',  ( -0.0000000000000000000, 1.000000000000000000, -0.0000000000000000000 ) ) ;
#183 = VERTEX_POINT ( 'NONE', #730 ) ;
#184 = EDGE_CURVE ( 'NONE', #934, #589, #787, .T. ) ;
#185 = ORIENTED_EDGE ( 'NONE', *, *, #1922, .F. ) ;
#186 = CARTESIAN_POINT ( 'NONE',  ( -8.886038312248514300, -29.72776279367533900, 5.112327407824425400 ) ) ;
#187 = CARTESIAN_POINT ( 'NONE',  ( -10.80000000000000100, 0.0000000000000000000, 8.000000000000000000 ) ) ;
#188 = DIRECTION ( 'NONE',  ( -0.5000000000000055500, 0.0000000000000000000, 0.8660254037844353800 ) ) ;
#189 = CARTESIAN_POINT ( 'NONE',  ( -14.80000000000000100, -24.50000000000000000, 2.300000000000006000 ) ) ;
#190 = VECTOR ( 'NONE', #2763, 1000.000000000000000 ) ;
#191 = CARTESIAN_POINT ( 'NONE',  ( 13.63060574599995300, -28.94472218611415600, -0.0000000000000000000 ) ) ;
#192 = CARTESIAN_POINT ( 'NONE',  ( 13.07805807440158600, -27.81997830233429200, 2.995813874144339600 ) ) ;
#193 = CARTESIAN_POINT ( 'NONE',  ( 13.89252271188808800, 0.0000000000000000000, 8.000000000000000000 ) ) ;
#194 = CARTESIAN_POINT ( 'NONE',  ( -10.80579032038633300, -30.85208712348423200, 4.176192959768863000 ) ) ;
#195 = CIRCLE ( 'NONE', #2035, 0.3999999999999999700 ) ;
#196 = CARTESIAN_POINT ( 'NONE',  ( 11.20000000000000100, -18.99999999999999600, 5.000000000000000000 ) ) ;
#197 = CYLINDRICAL_SURFACE ( 'NONE', #2236, 7.196091087370740900 ) ;
#198 = FACE_OUTER_BOUND ( 'NONE', #636, .T. ) ;
#199 = CARTESIAN_POINT ( 'NONE',  ( 11.38817235152323100, -30.91358900367805900, -0.0000000000000000000 ) ) ;
#200 = VERTEX_POINT ( 'NONE', #138 ) ;
#201 = VECTOR ( 'NONE', #2855, 1000.000000000000000 ) ;
#202 = CARTESIAN_POINT ( 'NONE',  ( -10.80000000000000400, -19.50000000000004600, 5.000000000000000000 ) ) ;
#203 = CARTESIAN_POINT ( 'NONE',  ( -2.029079840448991100, -29.35179953824472300, 6.532263036491529300 ) ) ;
#204 = ADVANCED_FACE ( 'NONE', ( #1704 ), #1138, .T. ) ;
#205 = EDGE_CURVE ( 'NONE', #3556, #2461, #3530, .T. ) ;
#206 = CARTESIAN_POINT ( 'NONE',  ( 11.67514424038731800, -27.46254432867083800, 5.319495011344369800 ) ) ;
#207 = EDGE_LOOP ( 'NONE', ( #1526, #2241, #914, #1952, #1854, #1415, #1339, #1626, #255, #700, #2901, #599, #2140, #807, #1036 ) ) ;
#208 = CARTESIAN_POINT ( 'NONE',  ( -12.80000000000000400, -19.50000000000004600, 5.000000000000000000 ) ) ;
#209 = CARTESIAN_POINT ( 'NONE',  ( 15.47128928974491500, -25.66124303537315400, 2.226868932728549600 ) ) ;
#210 = CARTESIAN_POINT ( 'NONE',  ( -10.01481025735175300, -29.30563386371789400, 4.432763454621355200 ) ) ;
#211 = CARTESIAN_POINT ( 'NONE',  ( -11.56821623158896300, -30.15579748492952600, 3.400326915324740200 ) ) ;
#212 =( BOUNDED_SURFACE ( )  B_SPLINE_SURFACE ( 3, 2, ( 
 ( #1828, #3328, #3932 ),
 ( #2146, #293, #2439 ),
 ( #605, #2740, #920 ),
 ( #3038, #1232, #3344 ),
 ( #1543, #3660, #1857 ),
 ( #10, #2213, #368 ),
 ( #2509, #672, #2809 ),
 ( #996, #3103, #1306 ) ),
 .UNSPECIFIED., .F., .F., .T. ) 
 B_SPLINE_SURFACE_WITH_KNOTS ( ( 4, 2, 2, 4 ),
 ( 3, 3 ),
 ( 0.0000000000000000000, 0.0002469589534531925100, 0.0004939179069063850300, 0.0009878358138127700500 ),
 ( 0.0000000000000000000, 1.000000000000000000 ),
 .UNSPECIFIED. ) 
 GEOMETRIC_REPRESENTATION_ITEM ( )  RATIONAL_B_SPLINE_SURFACE ( (
 ( 1.000000000000000000, 0.9616275122590463000, 1.000000000000000000),
 ( 1.000000000000000000, 0.9610942543795525400, 1.000000000000000000),
 ( 1.000000000000000000, 0.9567031102544497600, 1.000000000000000000),
 ( 1.000000000000000000, 0.9434818464231516900, 1.000000000000000000),
 ( 1.000000000000000000, 0.9345794994979378400, 1.000000000000000000),
 ( 1.000000000000000000, 0.9048519651173693200, 1.000000000000000000),
 ( 1.000000000000000000, 0.8802824923758770800, 1.000000000000000000),
 ( 1.000000000000000000, 0.8544047142269771700, 1.000000000000000000) ) ) 
 REPRESENTATION_ITEM ( '' )  SURFACE ( )  );
#213 = VERTEX_POINT ( 'NONE', #479 ) ;
#214 = VERTEX_POINT ( 'NONE', #1476 ) ;
#215 = ORIENTED_EDGE ( 'NONE', *, *, #879, .T. ) ;
#216 = EDGE_LOOP ( 'NONE', ( #2013, #3655, #1225 ) ) ;
#217 = ORIENTED_EDGE ( 'NONE', *, *, #3863, .F. ) ;
#218 = CARTESIAN_POINT ( 'NONE',  ( 11.19999999999999900, 0.0000000000000000000, 5.400000000000000400 ) ) ;
#219 = EDGE_CURVE ( 'NONE', #1675, #3823, #416, .T. ) ;
#220 = CARTESIAN_POINT ( 'NONE',  ( -11.49580972956546900, -28.73029333890043100, 4.715142372428395000 ) ) ;
#221 = CARTESIAN_POINT ( 'NONE',  ( -2.823646009222406500, -30.05002487284978900, 5.010137810018561800 ) ) ;
#222 = ORIENTED_EDGE ( 'NONE', *, *, #2401, .T. ) ;
#223 = CARTESIAN_POINT ( 'NONE',  ( 12.27757976009868000, -26.01024299385892400, 6.032763454621387700 ) ) ;
#224 = CARTESIAN_POINT ( 'NONE',  ( -10.01481025735083500, -29.72776278960146700, 5.112327410355013600 ) ) ;
#225 = AXIS2_PLACEMENT_3D ( 'NONE', #2187, #338, #2484 ) ;
#226 = CARTESIAN_POINT ( 'NONE',  ( 13.26173239082426200, -29.95506491982980900, -2.125593696087850800 ) ) ;
#227 = CARTESIAN_POINT ( 'NONE',  ( -10.79999999999999500, -30.61993871305901700, 0.0000000000000000000 ) ) ;
#228 = CARTESIAN_POINT ( 'NONE',  ( -11.35077297405363000, -28.95120597236304100, 4.800775319728173500 ) ) ;
#229 = CARTESIAN_POINT ( 'NONE',  ( -10.94381680823714700, -28.19810472564941900, 5.263518355992523800 ) ) ;
#230 = DIRECTION ( 'NONE',  ( 1.000000000000000000, 0.0000000000000000000, 0.0000000000000000000 ) ) ;
#231 = EDGE_CURVE ( 'NONE', #309, #888, #1934, .T. ) ;
#232 = B_SPLINE_CURVE_WITH_KNOTS ( 'NONE', 3,
 ( #2285, #771, #3198, #1404 ),
 .UNSPECIFIED., .F., .F.,
 ( 4, 4 ),
 ( 0.001789301166707941400, 0.002446815163934455200 ),
 .UNSPECIFIED. ) ;
#233 = CARTESIAN_POINT ( 'NONE',  ( -12.80000000000000400, -19.50000000000004600, 5.000000000000000000 ) ) ;
#234 = VECTOR ( 'NONE', #2800, 1000.000000000000000 ) ;
#235 = CARTESIAN_POINT ( 'NONE',  ( 14.80000000000000100, -21.51961524227068900, 3.799999999999998000 ) ) ;
#236 = CARTESIAN_POINT ( 'NONE',  ( -12.64320428194345800, -29.57769572044149700, -0.3108505427648516900 ) ) ;
#237 = FACE_OUTER_BOUND ( 'NONE', #472, .T. ) ;
#238 = CARTESIAN_POINT ( 'NONE',  ( 7.081066462345250800, -28.81198420642923400, 5.779055614558013000 ) ) ;
#239 = CARTESIAN_POINT ( 'NONE',  ( -7.242236914569960300, -29.20731436763490100, 5.435617560588768000 ) ) ;
#240 = DIRECTION ( 'NONE',  ( -1.746062762822404500E-016, 1.000000000000000000, -2.366356300935116200E-032 ) ) ;
#241 = STYLED_ITEM ( 'NONE', ( #2777 ), #2950 ) ;
#242 = FACE_OUTER_BOUND ( 'NONE', #3909, .T. ) ;
#243 = LINE ( 'NONE', #377, #2595 ) ;
#244 = CARTESIAN_POINT ( 'NONE',  ( -10.98582514788114000, -28.09799526671574600, 5.279163430410737800 ) ) ;
#245 = EDGE_LOOP ( 'NONE', ( #1947, #2487, #3160, #2559 ) ) ;
#246 = ADVANCED_FACE ( 'NONE', ( #2636 ), #2724, .F. ) ;
#247 = CARTESIAN_POINT ( 'NONE',  ( -12.04317627888020500, -26.65698585553642600, 5.497499505322662300 ) ) ;
#248 = CARTESIAN_POINT ( 'NONE',  ( 7.325678408011710600, -28.56093075750433700, 6.003934860262673600 ) ) ;
#249 = EDGE_LOOP ( 'NONE', ( #1469, #1805, #76, #2722, #2143, #2932, #1773, #3641 ) ) ;
#250 = ORIENTED_EDGE ( 'NONE', *, *, #464, .T. ) ;
#252 = CARTESIAN_POINT ( 'NONE',  ( -11.61930491049147000, -28.64434169277331000, 4.196364882562282800 ) ) ;
#251 = CARTESIAN_POINT ( 'NONE',  ( -7.912216969367062100, -29.37487983394348800, 5.284249879443812000 ) ) ;
#253 = EDGE_CURVE ( 'NONE', #1514, #1708, #386, .T. ) ;
#254 = VECTOR ( 'NONE', #1546, 1000.000000000000000 ) ;
#255 = ORIENTED_EDGE ( 'NONE', *, *, #2670, .F. ) ;
#256 = CARTESIAN_POINT ( 'NONE',  ( -7.181559833691148100, -29.22849292606608500, 5.422461945069592600 ) ) ;
#257 = AXIS2_PLACEMENT_3D ( 'NONE', #1037, #1362, #3474 ) ;
#258 = CARTESIAN_POINT ( 'NONE',  ( 7.040815570878253400, -28.84941588986343700, 5.748994907420788000 ) ) ;
#259 = EDGE_LOOP ( 'NONE', ( #395, #2322, #1378, #3314 ) ) ;
#260 = EDGE_CURVE ( 'NONE', #1398, #2846, #3669, .T. ) ;
#261 = EDGE_CURVE ( 'NONE', #1659, #3921, #1109, .T. ) ;
#262 = CARTESIAN_POINT ( 'NONE',  ( -18.73201513087678500, -29.30563386371789400, 4.432763454621357000 ) ) ;
#263 = ORIENTED_EDGE ( 'NONE', *, *, #3931, .F. ) ;
#264 = ORIENTED_EDGE ( 'NONE', *, *, #1180, .T. ) ;
#265 = DIRECTION ( 'NONE',  ( -0.0000000000000000000, 0.0000000000000000000, 1.000000000000000000 ) ) ;
#266 = DIRECTION ( 'NONE',  ( -0.0000000000000000000, -0.0000000000000000000, -1.000000000000000000 ) ) ;
#267 = CARTESIAN_POINT ( 'NONE',  ( 11.60000000000000700, -29.53235310385530400, 3.440210068344566400 ) ) ;
#268 = CARTESIAN_POINT ( 'NONE',  ( 2.308594794996367200, -29.33994323078193400, 6.516506579564327800 ) ) ;
#269 = CARTESIAN_POINT ( 'NONE',  ( 10.80000000000000100, 0.0000000000000000000, 8.000000000000000000 ) ) ;
#270 = EDGE_CURVE ( 'NONE', #1961, #701, #717, .T. ) ;
#271 = DIRECTION ( 'NONE',  ( 0.0000000000000000000, 0.0000000000000000000, 1.000000000000000000 ) ) ;
#272 = CARTESIAN_POINT ( 'NONE',  ( -7.849060859117011900, -29.37084888358912900, 5.290755719412724800 ) ) ;
#273 = ADVANCED_FACE ( 'NONE', ( #1021 ), #923, .T. ) ;
#274 = VERTEX_POINT ( 'NONE', #3357 ) ;
#275 = ORIENTED_EDGE ( 'NONE', *, *, #261, .F. ) ;
#276 = EDGE_CURVE ( 'NONE', #830, #2363, #3440, .T. ) ;
#277 = CARTESIAN_POINT ( 'NONE',  ( -11.64901324572303300, -28.21883677909257000, 4.592804930482141200 ) ) ;
#278 = DIRECTION ( 'NONE',  ( 0.0000000000000000000, 0.0000000000000000000, -1.000000000000000000 ) ) ;
#279 = VERTEX_POINT ( 'NONE', #3668 ) ;
#280 = DIRECTION ( 'NONE',  ( 0.0000000000000000000, -1.000000000000000000, -0.0000000000000000000 ) ) ;
#281 = ORIENTED_EDGE ( 'NONE', *, *, #1923, .F. ) ;
#282 = CARTESIAN_POINT ( 'NONE',  ( 10.80579032038654000, -30.85208712348406500, 4.176192959768867400 ) ) ;
#283 = CARTESIAN_POINT ( 'NONE',  ( -11.67217382049129300, -30.52907212453158800, 0.0000000000000000000 ) ) ;
#284 = CARTESIAN_POINT ( 'NONE',  ( 10.09910613096208800, -28.73352785678890300, 5.729922444233827700 ) ) ;
#285 = EDGE_CURVE ( 'NONE', #2323, #2790, #1735, .T. ) ;
#286 = CARTESIAN_POINT ( 'NONE',  ( 11.48432891691976100, -27.18334400259124500, 5.527464709911890300 ) ) ;
#287 = VECTOR ( 'NONE', #901, 1000.000000000000000 ) ;
#288 = EDGE_CURVE ( 'NONE', #944, #544, #3236, .T. ) ;
#289 = CARTESIAN_POINT ( 'NONE',  ( 7.435033439840309700, -28.51227386829340900, 6.023088501449009900 ) ) ;
#290 = CARTESIAN_POINT ( 'NONE',  ( 14.40000000000000000, -3.499999999999994700, 0.5000000000000000000 ) ) ;
#291 =( BOUNDED_CURVE ( )  B_SPLINE_CURVE ( 3, ( #3287, #3925, #3935, #3553 ),
 .UNSPECIFIED., .F., .F. ) 
 B_SPLINE_CURVE_WITH_KNOTS ( ( 4, 4 ),
 ( 3.885610912896109600, 4.712388980384695900 ),
 .UNSPECIFIED. ) 
 CURVE ( )  GEOMETRIC_REPRESENTATION_ITEM ( )  RATIONAL_B_SPLINE_CURVE ( ( 1.000000000000000000, 0.9438431054172552500, 0.9438431054172552500, 1.000000000000000000 ) ) 
 REPRESENTATION_ITEM ( '' )  );
#292 = CARTESIAN_POINT ( 'NONE',  ( -6.799999999999998000, -19.87011593068661600, 0.0000000000000000000 ) ) ;
#293 = CARTESIAN_POINT ( 'NONE',  ( 10.14260282382329200, -29.53577397400055600, 5.232763454621322200 ) ) ;
#294 = VECTOR ( 'NONE', #1725, 1000.000000000000000 ) ;
#295 = CYLINDRICAL_SURFACE ( 'NONE', #356, 0.3999999999999993000 ) ;
#296 = DIRECTION ( 'NONE',  ( -0.0000000000000000000, 1.000000000000000000, -0.0000000000000000000 ) ) ;
#297 = CARTESIAN_POINT ( 'NONE',  ( 9.260102355883164500, -29.72776278960150300, 5.112327410354991400 ) ) ;
#298 = CARTESIAN_POINT ( 'NONE',  ( 6.072539735881797200, -28.95380059581288600, 5.986084724778332400 ) ) ;
#299 = DIRECTION ( 'NONE',  ( -0.0000000000000000000, -0.0000000000000000000, -1.000000000000000000 ) ) ;
#300 = ORIENTED_EDGE ( 'NONE', *, *, #939, .T. ) ;
#301 = VECTOR ( 'NONE', #1317, 1000.000000000000000 ) ;
#302 = ORIENTED_EDGE ( 'NONE', *, *, #3185, .T. ) ;
#303 = CARTESIAN_POINT ( 'NONE',  ( -7.056401094015790900, -28.73019736159311700, 5.886779917119089800 ) ) ;
#304 = DIRECTION ( 'NONE',  ( -1.000000000000000000, 0.0000000000000000000, 0.0000000000000000000 ) ) ;
#305 = DIRECTION ( 'NONE',  ( -0.2266666666666694900, 0.4456705310228918400, 0.8660254037844354900 ) ) ;
#306 = ORIENTED_EDGE ( 'NONE', *, *, #2346, .T. ) ;
#307 = CARTESIAN_POINT ( 'NONE',  ( -12.10580266220947000, -27.83514096213952600, 3.793699918649443800 ) ) ;
#308 = CARTESIAN_POINT ( 'NONE',  ( -0.6291341811229308500, -30.73340119523933500, 4.487648811059772300 ) ) ;
#309 = VERTEX_POINT ( 'NONE', #23 ) ;
#310 = ORIENTED_EDGE ( 'NONE', *, *, #3749, .T. ) ;
#311 = ORIENTED_EDGE ( 'NONE', *, *, #2607, .T. ) ;
#312 = CARTESIAN_POINT ( 'NONE',  ( 12.31236140770807100, -26.46456974194163100, 5.405742338349874400 ) ) ;
#313 = EDGE_LOOP ( 'NONE', ( #2468, #2898, #538 ) ) ;
#314 = ORIENTED_EDGE ( 'NONE', *, *, #896, .T. ) ;
#315 = CARTESIAN_POINT ( 'NONE',  ( -7.143601244970105000, -28.62644562470214300, 5.993397626401541200 ) ) ;
#316 = CARTESIAN_POINT ( 'NONE',  ( -13.19999999999999600, -24.50000000000000000, 2.000000000000004000 ) ) ;
#317 =( LENGTH_UNIT ( ) NAMED_UNIT ( * ) SI_UNIT ( .MILLI., .METRE. ) );
#318 = EDGE_CURVE ( 'NONE', #160, #3066, #2543, .T. ) ;
#319 = DIRECTION ( 'NONE',  ( 1.000000000000000000, 1.746062762822404200E-016, 0.0000000000000000000 ) ) ;
#320 = ORIENTED_EDGE ( 'NONE', *, *, #2811, .T. ) ;
#321 = CARTESIAN_POINT ( 'NONE',  ( -18.73201513087678500, -29.53387890807587000, 5.232763454621357700 ) ) ;
#322 =( BOUNDED_SURFACE ( )  B_SPLINE_SURFACE ( 3, 2, ( 
 ( #2682, #2984, #3286 ),
 ( #1486, #3604, #1795 ),
 ( #3891, #2102, #252 ),
 ( #2396, #563, #2698 ) ),
 .UNSPECIFIED., .F., .F., .F. ) 
 B_SPLINE_SURFACE_WITH_KNOTS ( ( 4, 4 ),
 ( 3, 3 ),
 ( -2.168404344971008900E-019, 0.001852997233988505100 ),
 ( 0.0000000000000000000, 1.000000000000000000 ),
 .UNSPECIFIED. ) 
 GEOMETRIC_REPRESENTATION_ITEM ( )  RATIONAL_B_SPLINE_SURFACE ( (
 ( 1.000000000000000000, 0.7071067811862501400, 1.000000000000000000),
 ( 1.000000000000000000, 0.7352699748298139300, 1.000000000000000000),
 ( 1.000000000000000000, 0.7607339828610509800, 1.000000000000000000),
 ( 1.000000000000000000, 0.7835281344572213600, 1.000000000000000000) ) ) 
 REPRESENTATION_ITEM ( '' )  SURFACE ( )  );
#323 = CARTESIAN_POINT ( 'NONE',  ( -11.81797123801124300, -26.73088483361219000, 5.600763507712898100 ) ) ;
#324 = PLANE ( 'NONE',  #173 ) ;
#325 = CARTESIAN_POINT ( 'NONE',  ( 12.80000000000000600, 0.0000000000000000000, 5.000000000000000000 ) ) ;
#326 = CARTESIAN_POINT ( 'NONE',  ( -14.76580467876464700, -24.40014772540693500, 2.136923795451813200 ) ) ;
#327 = CARTESIAN_POINT ( 'NONE',  ( -9.999999999999994700, -31.00633641386444200, 4.318107961075103400 ) ) ;
#328 = CARTESIAN_POINT ( 'NONE',  ( 10.80000000000000400, -18.82000000000005000, 5.400000000000000400 ) ) ;
#329 = DIRECTION ( 'NONE',  ( 3.469446951953616700E-016, -0.0000000000000000000, 1.000000000000000000 ) ) ;
#330 = CARTESIAN_POINT ( 'NONE',  ( 10.09225281639385900, -31.38420748798082000, 0.9354833448366100000 ) ) ;
#331 = CARTESIAN_POINT ( 'NONE',  ( 7.960204194457797400E-016, -6.500000000000002700, 5.232763454621357700 ) ) ;
#332 = CARTESIAN_POINT ( 'NONE',  ( -10.59505627095974800, -29.36812012537670600, 5.232763454621358600 ) ) ;
#333 = ORIENTED_EDGE ( 'NONE', *, *, #276, .T. ) ;
#334 = AXIS2_PLACEMENT_3D ( 'NONE', #1166, #3279, #1479 ) ;
#335 = CARTESIAN_POINT ( 'NONE',  ( -10.93725830020303900, -31.38420748798082700, 3.638544005341468200 ) ) ;
#336 = CARTESIAN_POINT ( 'NONE',  ( 10.80000000000000100, -6.152526382431302000E-032, 5.400000000000000400 ) ) ;
#337 = EDGE_CURVE ( 'NONE', #2462, #1991, #1642, .T. ) ;
#338 = DIRECTION ( 'NONE',  ( -0.8913410620457745700, 0.4533333333333333100, -1.661605382462522600E-017 ) ) ;
#339 = VECTOR ( 'NONE', #3378, 1000.000000000000000 ) ;
#340 = EDGE_CURVE ( 'NONE', #1470, #2536, #3142, .T. ) ;
#341 = CARTESIAN_POINT ( 'NONE',  ( -10.98529063199598200, -28.09920724736352000, 5.278957358226438000 ) ) ;
#342 = DIRECTION ( 'NONE',  ( 0.0000000000000000000, 1.000000000000000000, -0.0000000000000000000 ) ) ;
#343 = CARTESIAN_POINT ( 'NONE',  ( -11.45825287443253300, -27.22495520586361900, 5.512560944610026300 ) ) ;
#344 = LINE ( 'NONE', #872, #2678 ) ;
#345 = CARTESIAN_POINT ( 'NONE',  ( 8.586323242554271900, -29.37539748447200700, 5.239104330650487600 ) ) ;
#346 = CARTESIAN_POINT ( 'NONE',  ( 8.020708300424795200, -29.37813120032602000, 5.275235270639983700 ) ) ;
#347 = FACE_BOUND ( 'NONE', #3693, .T. ) ;
#348 = VECTOR ( 'NONE', #1879, 1000.000000000000000 ) ;
#349 = PRODUCT_RELATED_PRODUCT_CATEGORY ( 'part', '', ( #3539 ) ) ;
#350 = DIRECTION ( 'NONE',  ( -1.000000000000000000, 0.0000000000000000000, 0.0000000000000000000 ) ) ;
#351 = CARTESIAN_POINT ( 'NONE',  ( -11.64901324572303300, -28.21883677909257000, 4.592804930482141200 ) ) ;
#352 = DIRECTION ( 'NONE',  ( -1.000000000000000000, 0.0000000000000000000, 0.0000000000000000000 ) ) ;
#353 = ORIENTED_EDGE ( 'NONE', *, *, #825, .F. ) ;
#354 = ORIENTED_EDGE ( 'NONE', *, *, #2066, .T. ) ;
#355 = VERTEX_POINT ( 'NONE', #3078 ) ;
#356 = AXIS2_PLACEMENT_3D ( 'NONE', #3270, #240, #2380 ) ;
#357 = CARTESIAN_POINT ( 'NONE',  ( -4.941348072683561000, -29.45725077287335500, 5.562691953678613500 ) ) ;
#358 = CARTESIAN_POINT ( 'NONE',  ( 10.00000000000000500, -31.38420748798082000, 2.821537815313730000 ) ) ;
#359 = VECTOR ( 'NONE', #2385, 1000.000000000000000 ) ;
#360 = CARTESIAN_POINT ( 'NONE',  ( 14.49999999999999800, -24.50000000000000000, 2.000000000000000400 ) ) ;
#361 = VERTEX_POINT ( 'NONE', #3384 ) ;
#362 = CARTESIAN_POINT ( 'NONE',  ( -14.63331048321630400, -26.13956217191239900, 2.913053988058907700 ) ) ;
#363 = CARTESIAN_POINT ( 'NONE',  ( -6.799999999999998000, -19.87011593068661600, 8.000000000000000000 ) ) ;
#364 = ORIENTED_EDGE ( 'NONE', *, *, #705, .F. ) ;
#365 = CARTESIAN_POINT ( 'NONE',  ( 7.337117555326040400, -29.31734331608584300, 5.367270201324427800 ) ) ;
#366 = VERTEX_POINT ( 'NONE', #3371 ) ;
#367 = CARTESIAN_POINT ( 'NONE',  ( -11.59999999999999800, -29.78420748798015400, 2.821537815317207700 ) ) ;
#368 = CARTESIAN_POINT ( 'NONE',  ( 10.55195409675185500, -28.96195887928482900, 5.232763454621357700 ) ) ;
#369 = DIRECTION ( 'NONE',  ( 0.9792803110435901500, -0.2025094378106097600, 0.0000000000000000000 ) ) ;
#370 = EDGE_CURVE ( 'NONE', #3460, #547, #7, .T. ) ;
#371 = CARTESIAN_POINT ( 'NONE',  ( 13.20000000000000600, -21.00000000000002500, 4.099999999999997000 ) ) ;
#372 = CARTESIAN_POINT ( 'NONE',  ( 10.55113105999704900, -28.96311263793847600, 5.232763454621358600 ) ) ;
#373 = CARTESIAN_POINT ( 'NONE',  ( -12.86302155606996900, -27.81488602378526300, 3.187497451668955600 ) ) ;
#374 = AXIS2_PLACEMENT_3D ( 'NONE', #1563, #3672, #1875 ) ;
#375 = DIRECTION ( 'NONE',  ( -1.000000000000000000, 0.0000000000000000000, 0.0000000000000000000 ) ) ;
#376 = ORIENTED_EDGE ( 'NONE', *, *, #2571, .T. ) ;
#377 = CARTESIAN_POINT ( 'NONE',  ( 14.80000000000000100, -24.50000000000000000, 3.799999999999998000 ) ) ;
#378 = CARTESIAN_POINT ( 'NONE',  ( -14.70317494544345000, -24.50000000000000000, 2.079274057836308500 ) ) ;
#379 = CARTESIAN_POINT ( 'NONE',  ( 6.800000000000003400, -19.87011593068661600, 8.000000000000000000 ) ) ;
#380 = ORIENTED_EDGE ( 'NONE', *, *, #1923, .T. ) ;
#381 = ORIENTED_EDGE ( 'NONE', *, *, #3143, .F. ) ;
#382 = VERTEX_POINT ( 'NONE', #1274 ) ;
#383 = CARTESIAN_POINT ( 'NONE',  ( -7.242236914571871700, -29.20731436763762500, 5.435617560586970300 ) ) ;
#384 = CARTESIAN_POINT ( 'NONE',  ( -14.29999999999999900, -3.500000000000000000, 1.500000000000000000 ) ) ;
#385 = CARTESIAN_POINT ( 'NONE',  ( -12.53562403886081900, -29.21072116443647500, 0.7218163357353196700 ) ) ;
#386 = CIRCLE ( 'NONE', #3441, 1.100000000000000300 ) ;
#387 = ADVANCED_FACE ( 'NONE', ( #812 ), #1583, .F. ) ;
#388 = DIRECTION ( 'NONE',  ( 1.000000000000000000, 0.0000000000000000000, 0.0000000000000000000 ) ) ;
#389 = CARTESIAN_POINT ( 'NONE',  ( 7.106542780649467900, -28.92872488685549500, 5.654274251976309200 ) ) ;
#390 = CIRCLE ( 'NONE', #1423, 0.3999999999999999700 ) ;
#391 = VECTOR ( 'NONE', #174, 1000.000000000000000 ) ;
#392 = LINE ( 'NONE', #2689, #2643 ) ;
#393 = EDGE_CURVE ( 'NONE', #660, #880, #2352, .T. ) ;
#394 = CARTESIAN_POINT ( 'NONE',  ( -7.122702718705196100, -29.07836379724676200, 5.525411343267177400 ) ) ;
#395 = ORIENTED_EDGE ( 'NONE', *, *, #3421, .F. ) ;
#396 = CIRCLE ( 'NONE', #1179, 1.599999999999998500 ) ;
#397 = ORIENTED_EDGE ( 'NONE', *, *, #1785, .T. ) ;
#398 = DIRECTION ( 'NONE',  ( 0.4533333333333345900, -0.8913410620457736800, 0.0000000000000000000 ) ) ;
#399 = CARTESIAN_POINT ( 'NONE',  ( -7.181559833689435700, -29.22849292606259300, 5.422461945071763300 ) ) ;
#400 = VERTEX_POINT ( 'NONE', #1290 ) ;
#401 = CARTESIAN_POINT ( 'NONE',  ( -12.80000000000000600, -28.00000000000000700, 0.0000000000000000000 ) ) ;
#402 = CARTESIAN_POINT ( 'NONE',  ( 13.38138573953127700, -26.85063346751280700, 3.691237318819154700 ) ) ;
#403 = CARTESIAN_POINT ( 'NONE',  ( 7.028830366165881700, -28.75050294428657700, 5.871127135311119200 ) ) ;
#404 = CLOSED_SHELL ( 'NONE', ( #713, #511, #574, #1929, #3187, #3826, #1351, #2899, #78, #3917, #2338, #482, #876, #3213, #457, #2042, #2852, #1491, #1069, #2633, #2990, #1092, #1418, #94, #2108, #478, #2694, #3124, #1424, #2016, #3720, #1515, #3615, #2427, #1022, #2915, #3831, #111, #1721, #761, #1630, #2404, #1008, #2316, #2813, #1949, #696, #3896, #180, #785, #2521, #1788, #3220, #3806, #204, #853, #3448, #2718, #1696, #3234, #2629, #1334, #2095, #3137, #1208, #161, #1740, #2382, #3741, #1822, #3498, #3548, #1717, #387, #1187, #2297, #246, #1114, #2232, #2921, #1314, #3284, #409, #1401, #3005, #3430, #3787, #3518, #555, #1643, #3634, #2610, #2938, #3593, #2251, #273, #1997, #805, #177, #2831, #1108, #2537, #3309 ) ) ;
#405 = VERTEX_POINT ( 'NONE', #3709 ) ;
#406 = ORIENTED_EDGE ( 'NONE', *, *, #2474, .T. ) ;
#407 = ORIENTED_EDGE ( 'NONE', *, *, #3894, .T. ) ;
#408 = ORIENTED_EDGE ( 'NONE', *, *, #393, .F. ) ;
#409 = ADVANCED_FACE ( 'NONE', ( #721 ), #2505, .F. ) ;
#410 = CARTESIAN_POINT ( 'NONE',  ( -7.046316627388560700, -28.77858363692713400, 5.830736986238504100 ) ) ;
#411 = ORIENTED_EDGE ( 'NONE', *, *, #464, .F. ) ;
#412 = DIRECTION ( 'NONE',  ( -1.000000000000000000, 0.0000000000000000000, 0.0000000000000000000 ) ) ;
#413 = EDGE_CURVE ( 'NONE', #3407, #1341, #2259, .T. ) ;
#414 = DIRECTION ( 'NONE',  ( -1.000000000000000000, 0.0000000000000000000, 0.0000000000000000000 ) ) ;
#415 = CARTESIAN_POINT ( 'NONE',  ( 10.94381680824167300, -28.19810472563832300, 5.263518355994198000 ) ) ;
#416 =( BOUNDED_CURVE ( )  B_SPLINE_CURVE ( 3, ( #2020, #2708, #885, #2590 ),
 .UNSPECIFIED., .F., .F. ) 
 B_SPLINE_CURVE_WITH_KNOTS ( ( 4, 4 ),
 ( 0.4705014814071567500, 1.570796326794896600 ),
 .UNSPECIFIED. ) 
 CURVE ( )  GEOMETRIC_REPRESENTATION_ITEM ( )  RATIONAL_B_SPLINE_CURVE ( ( 1.000000000000000000, 0.9016316378908630900, 0.9016316378908630900, 1.000000000000000000 ) ) 
 REPRESENTATION_ITEM ( '' )  );
#417 = CARTESIAN_POINT ( 'NONE',  ( -2.513649294250722500, -29.96625127447694600, 5.277844584900601700 ) ) ;
#418 = CARTESIAN_POINT ( 'NONE',  ( -7.084178675781122300, -28.68093495727714900, 5.942032455970117900 ) ) ;
#419 = CARTESIAN_POINT ( 'NONE',  ( -12.21017976041861900, -29.69787905249217600, -0.0000000000000000000 ) ) ;
#420 = CARTESIAN_POINT ( 'NONE',  ( 10.98564690562923700, -28.09839926017619400, 5.279094672352417900 ) ) ;
#421 = CARTESIAN_POINT ( 'NONE',  ( -8.613333333333352800, -23.43548017886970700, 5.477002518062914000 ) ) ;
#422 = CARTESIAN_POINT ( 'NONE',  ( 11.59994599339927700, -29.96881802171595800, 3.296357112326582200 ) ) ;
#423 = ORIENTED_EDGE ( 'NONE', *, *, #1147, .T. ) ;
#424 = DIRECTION ( 'NONE',  ( 0.0000000000000000000, 0.0000000000000000000, 1.000000000000000000 ) ) ;
#425 = AXIS2_PLACEMENT_3D ( 'NONE', #986, #1313, #3424 ) ;
#426 = FACE_OUTER_BOUND ( 'NONE', #3929, .T. ) ;
#427 = CARTESIAN_POINT ( 'NONE',  ( 1.291876369430607500, -30.28594293037988500, 4.765599216065321100 ) ) ;
#428 = EDGE_LOOP ( 'NONE', ( #2294, #735, #2148, #3623 ) ) ;
#429 = CARTESIAN_POINT ( 'NONE',  ( -7.434436891539543300, -28.47621816833149600, 6.075646105240334500 ) ) ;
#430 = CARTESIAN_POINT ( 'NONE',  ( -11.48432228262443500, -27.18335483470069400, 5.527461033112740700 ) ) ;
#431 = CIRCLE ( 'NONE', #1914, 11.71132486540516000 ) ;
#432 = CARTESIAN_POINT ( 'NONE',  ( 10.94381680824167300, -28.19810472563832300, 5.263518355994198000 ) ) ;
#433 = CARTESIAN_POINT ( 'NONE',  ( -14.49999999999999800, -24.50000000000000000, 4.100000000000005000 ) ) ;
#434 = B_SPLINE_CURVE_WITH_KNOTS ( 'NONE', 3,
 ( #647, #951, #3064, #2778 ),
 .UNSPECIFIED., .F., .F.,
 ( 4, 4 ),
 ( 0.0000000000000000000, 0.0001083473675695799400 ),
 .UNSPECIFIED. ) ;
#435 = VECTOR ( 'NONE', #3276, 1000.000000000000000 ) ;
#436 = FACE_OUTER_BOUND ( 'NONE', #453, .T. ) ;
#437 = CARTESIAN_POINT ( 'NONE',  ( 5.992735713250248800, -29.11087646644357500, 5.760909952828396500 ) ) ;
#438 = EDGE_CURVE ( 'NONE', #1913, #1234, #3845, .T. ) ;
#439 = VECTOR ( 'NONE', #3087, 1000.000000000000000 ) ;
#440 = AXIS2_PLACEMENT_3D ( 'NONE', #455, #2599, #764 ) ;
#441 = ORIENTED_EDGE ( 'NONE', *, *, #3581, .F. ) ;
#442 = CARTESIAN_POINT ( 'NONE',  ( 4.597450678958224100, -30.18124873062934600, 4.830632756637311500 ) ) ;
#443 = CARTESIAN_POINT ( 'NONE',  ( -29.86248267878166000, -25.20835647758647000, 5.218308137104039600 ) ) ;
#444 = ORIENTED_EDGE ( 'NONE', *, *, #3181, .T. ) ;
#445 = CARTESIAN_POINT ( 'NONE',  ( 8.510984368398027300, -29.71044133652542000, 5.123087083995804000 ) ) ;
#446 = CARTESIAN_POINT ( 'NONE',  ( 7.960204194457797400E-016, -6.500000000000002700, 6.032763454621344200 ) ) ;
#447 = VERTEX_POINT ( 'NONE', #3098 ) ;
#448 = VERTEX_POINT ( 'NONE', #3337 ) ;
#449 = CARTESIAN_POINT ( 'NONE',  ( 11.32301844899595800, -28.66895121336031900, 5.210818875408717700 ) ) ;
#450 = VERTEX_POINT ( 'NONE', #2 ) ;
#451 = DIRECTION ( 'NONE',  ( -0.0000000000000000000, -0.0000000000000000000, -1.000000000000000000 ) ) ;
#452 = AXIS2_PLACEMENT_3D ( 'NONE', #477, #1416, #3528 ) ;
#453 = EDGE_LOOP ( 'NONE', ( #3820, #1730, #2744, #2753, #2096, #300, #3017, #2090, #895, #2693 ) ) ;
#454 = CARTESIAN_POINT ( 'NONE',  ( 7.175609795540118800, -28.55228884519554800, 6.087762647417124900 ) ) ;
#455 = CARTESIAN_POINT ( 'NONE',  ( 10.69996191312581900, -28.66657949763778000, 4.432763454621373900 ) ) ;
#456 = DIRECTION ( 'NONE',  ( 0.0000000000000000000, -0.5276611573545170200, 0.8494549446670444100 ) ) ;
#457 = ADVANCED_FACE ( 'NONE', ( #3758 ), #2171, .F. ) ;
#458 = EDGE_CURVE ( 'NONE', #3122, #3618, #2952, .T. ) ;
#459 = CARTESIAN_POINT ( 'NONE',  ( -7.031279976687099700, -28.73228312816003400, 5.893545946654903400 ) ) ;
#460 = CARTESIAN_POINT ( 'NONE',  ( -18.73201513087678500, -30.58420748798082700, 3.638544005341466400 ) ) ;
#461 = EDGE_LOOP ( 'NONE', ( #1566, #3162, #3497 ) ) ;
#462 = CARTESIAN_POINT ( 'NONE',  ( -12.79999999999999700, -6.500000000000002700, 0.0000000000000000000 ) ) ;
#463 = EDGE_CURVE ( 'NONE', #830, #3523, #3050, .T. ) ;
#464 = EDGE_CURVE ( 'NONE', #3120, #2105, #1358, .T. ) ;
#465 = CARTESIAN_POINT ( 'NONE',  ( -9.999999999999822400, -31.38420748798082700, 1.874739763569004000 ) ) ;
#466 = CARTESIAN_POINT ( 'NONE',  ( -13.10883812208643600, -29.87381872407104700, -1.684784824247314900 ) ) ;
#467 = DIRECTION ( 'NONE',  ( -0.0000000000000000000, -0.8660254037844366000, -0.5000000000000035500 ) ) ;
#468 = DIRECTION ( 'NONE',  ( 0.0000000000000000000, -0.0000000000000000000, 1.000000000000000000 ) ) ;
#469 = ORIENTED_EDGE ( 'NONE', *, *, #3894, .F. ) ;
#470 = CARTESIAN_POINT ( 'NONE',  ( 12.80000000000000600, -24.50000000000000000, 4.099999999999996100 ) ) ;
#471 = ORIENTED_EDGE ( 'NONE', *, *, #93, .T. ) ;
#472 = EDGE_LOOP ( 'NONE', ( #1381, #1032, #3734, #501, #793, #3416, #1623, #2996, #2330 ) ) ;
#473 = DIRECTION ( 'NONE',  ( 2.346115433090945000E-016, -1.000000000000000000, 0.0000000000000000000 ) ) ;
#474 = CARTESIAN_POINT ( 'NONE',  ( 10.00000000000000700, -31.38420748798082000, 2.821537815313979200 ) ) ;
#475 = DIRECTION ( 'NONE',  ( -0.9837041139148819900, -0.1797949283682301600, 0.0000000000000000000 ) ) ;
#476 = EDGE_CURVE ( 'NONE', #2737, #1838, #621, .T. ) ;
#477 = CARTESIAN_POINT ( 'NONE',  ( -11.60000000000000100, -1.396850210257923600E-016, 8.000000000000000000 ) ) ;
#478 = ADVANCED_FACE ( 'NONE', ( #2068 ), #942, .F. ) ;
#479 = CARTESIAN_POINT ( 'NONE',  ( 10.01527696272260400, -26.19197265728471500, 8.000000000000000000 ) ) ;
#480 = DIRECTION ( 'NONE',  ( 1.000000000000000000, 1.746062762822404500E-016, 0.0000000000000000000 ) ) ;
#481 = CARTESIAN_POINT ( 'NONE',  ( 12.30393060904813600, -27.40313686857820500, 4.125433666047493700 ) ) ;
#482 = ADVANCED_FACE ( 'NONE', ( #426 ), #1158, .F. ) ;
#483 = EDGE_CURVE ( 'NONE', #2741, #309, #1157, .T. ) ;
#484 = CIRCLE ( 'NONE', #590, 0.8000000000000003800 ) ;
#485 = CARTESIAN_POINT ( 'NONE',  ( -11.19999999999999900, 0.0000000000000000000, 5.399999999999996800 ) ) ;
#486 = FACE_OUTER_BOUND ( 'NONE', #249, .T. ) ;
#487 = CIRCLE ( 'NONE', #513, 8.228307260922134600 ) ;
#488 = CARTESIAN_POINT ( 'NONE',  ( -10.53016595828470200, -27.20434406347591100, 6.032763454621349600 ) ) ;
#489 = CARTESIAN_POINT ( 'NONE',  ( 11.39733603155959300, -31.38420748799423500, 1.964792172203588100 ) ) ;
#490 = VERTEX_POINT ( 'NONE', #956 ) ;
#491 = CIRCLE ( 'NONE', #979, 7.196091087370740900 ) ;
#492 = ORIENTED_EDGE ( 'NONE', *, *, #60, .F. ) ;
#493 = EDGE_CURVE ( 'NONE', #490, #3887, #2773, .T. ) ;
#494 = ORIENTED_EDGE ( 'NONE', *, *, #3341, .F. ) ;
#495 = EDGE_CURVE ( 'NONE', #2696, #490, #3579, .T. ) ;
#496 = CARTESIAN_POINT ( 'NONE',  ( -9.260102355882839500, -29.53387890807680100, 5.232763454620776000 ) ) ;
#497 = CARTESIAN_POINT ( 'NONE',  ( -11.61976192497554400, -28.63944952211773300, 4.200742638495652800 ) ) ;
#498 = ORIENTED_EDGE ( 'NONE', *, *, #2390, .T. ) ;
#499 = CARTESIAN_POINT ( 'NONE',  ( -12.95512723198346100, -29.78345134522719200, -1.234761327965836000 ) ) ;
#500 = EDGE_LOOP ( 'NONE', ( #2017, #2440, #2248, #3476 ) ) ;
#501 = ORIENTED_EDGE ( 'NONE', *, *, #567, .T. ) ;
#502 = DIRECTION ( 'NONE',  ( -0.0000000000000000000, 1.000000000000000000, -0.0000000000000000000 ) ) ;
#503 = VERTEX_POINT ( 'NONE', #3688 ) ;
#504 = ORIENTED_EDGE ( 'NONE', *, *, #3201, .T. ) ;
#505 = CARTESIAN_POINT ( 'NONE',  ( 12.57319642167467900, -29.48359221476586000, 0.0000000000000000000 ) ) ;
#506 = AXIS2_PLACEMENT_3D ( 'NONE', #2481, #640, #2774 ) ;
#507 = CARTESIAN_POINT ( 'NONE',  ( 11.89783485921822500, -28.95555537074125900, 1.922403544169766200 ) ) ;
#508 = CARTESIAN_POINT ( 'NONE',  ( -10.80579032038651900, -31.18226572931559600, 3.582399216751729100 ) ) ;
#509 = B_SPLINE_CURVE_WITH_KNOTS ( 'NONE', 3,
 ( #3829, #2336, #497, #2638 ),
 .UNSPECIFIED., .F., .F.,
 ( 4, 4 ),
 ( 0.0000000000000000000, 0.001726702339664027700 ),
 .UNSPECIFIED. ) ;
#510 = ORIENTED_EDGE ( 'NONE', *, *, #2401, .F. ) ;
#511 = ADVANCED_FACE ( 'NONE', ( #1974 ), #3676, .F. ) ;
#512 = FILL_AREA_STYLE ('',( #1734 ) ) ;
#513 = AXIS2_PLACEMENT_3D ( 'NONE', #2669, #839, #2961 ) ;
#514 = CARTESIAN_POINT ( 'NONE',  ( 10.87097289871162100, -31.28724664310582400, -0.0000000000000000000 ) ) ;
#515 = CARTESIAN_POINT ( 'NONE',  ( 11.87703885948913100, -27.20380873252767600, 5.120594210750526000 ) ) ;
#516 = CARTESIAN_POINT ( 'NONE',  ( -9.999999999999994700, -29.46102333015898400, 3.394458843831268600 ) ) ;
#517 = CARTESIAN_POINT ( 'NONE',  ( 14.74054641170891100, -27.96298158669556200, 1.300975552800954600 ) ) ;
#518 = DIRECTION ( 'NONE',  ( 0.0000000000000000000, 0.0000000000000000000, 1.000000000000000000 ) ) ;
#519 = CARTESIAN_POINT ( 'NONE',  ( -11.59999999999999600, -29.94421261070553400, 3.340915128997241600 ) ) ;
#520 = EDGE_CURVE ( 'NONE', #589, #880, #1407, .T. ) ;
#521 = DIRECTION ( 'NONE',  ( 0.0000000000000000000, 0.0000000000000000000, -1.000000000000000000 ) ) ;
#522 = CARTESIAN_POINT ( 'NONE',  ( -6.492683267796305600, -28.88762479532614700, 5.891097322002937500 ) ) ;
#523 = CARTESIAN_POINT ( 'NONE',  ( -2.880481239093615200, -29.30023264908803100, 6.463334042149902800 ) ) ;
#524 = VECTOR ( 'NONE', #3665, 1000.000000000000100 ) ;
#525 = CARTESIAN_POINT ( 'NONE',  ( -10.14260282382224800, -29.53577397400087200, 5.232763454621321300 ) ) ;
#526 = CARTESIAN_POINT ( 'NONE',  ( 17.52078273708146500, -24.61919247610482800, -0.02466729260736967600 ) ) ;
#527 = FACE_OUTER_BOUND ( 'NONE', #259, .T. ) ;
#528 =( BOUNDED_SURFACE ( )  B_SPLINE_SURFACE ( 3, 2, ( 
 ( #3079, #1881, #1275 ),
 ( #3385, #1584, #3695 ),
 ( #1892, #48, #2199 ),
 ( #346, #2494, #657 ),
 ( #2789, #972, #3090 ),
 ( #1292, #3400, #1595 ),
 ( #3710, #1908, #58 ),
 ( #2212, #365, #2506 ),
 ( #670, #2807, #990 ),
 ( #3099, #1304, #3418 ) ),
 .UNSPECIFIED., .F., .F., .T. ) 
 B_SPLINE_SURFACE_WITH_KNOTS ( ( 4, 2, 2, 2, 4 ),
 ( 3, 3 ),
 ( 1.734723475976807100E-018, 0.001121391106370643000, 0.001682086659555963600, 0.001962434436148624000, 0.002242782212741284200 ),
 ( 0.0000000000000000000, 1.000000000000000000 ),
 .UNSPECIFIED. ) 
 GEOMETRIC_REPRESENTATION_ITEM ( )  RATIONAL_B_SPLINE_SURFACE ( (
 ( 1.000000000000000000, 0.9616275122590463000, 1.000000000000000000),
 ( 1.000000000000000000, 0.9690634668240983900, 1.000000000000000000),
 ( 1.000000000000000000, 0.9760517239282464600, 1.000000000000000000),
 ( 1.000000000000000000, 0.9854921754004404300, 1.000000000000000000),
 ( 1.000000000000000000, 0.9884732244451642800, 1.000000000000000000),
 ( 1.000000000000000000, 0.9924073359773917200, 1.000000000000000000),
 ( 1.000000000000000000, 0.9936429181287178600, 1.000000000000000000),
 ( 1.000000000000000000, 0.9956605460034793100, 1.000000000000000000),
 ( 1.000000000000000000, 0.9964490446316206500, 1.000000000000000000),
 ( 1.000000000000000000, 0.9966548990226489200, 1.000000000000000000) ) ) 
 REPRESENTATION_ITEM ( '' )  SURFACE ( )  );
#529 = CARTESIAN_POINT ( 'NONE',  ( -18.73201513087678500, -29.30563386371789400, 5.232763454621357700 ) ) ;
#530 = FACE_OUTER_BOUND ( 'NONE', #88, .T. ) ;
#531 = DIRECTION ( 'NONE',  ( -0.3800622591588279100, 0.7857126159301411900, 0.4880659426054052000 ) ) ;
#532 = VECTOR ( 'NONE', #3327, 1000.000000000000000 ) ;
#533 = LINE ( 'NONE', #1286, #439 ) ;
#534 = VECTOR ( 'NONE', #3640, 1000.000000000000000 ) ;
#535 = CARTESIAN_POINT ( 'NONE',  ( -5.878861809639475100, -29.78937163368957300, 4.474134323334830300 ) ) ;
#536 = EDGE_CURVE ( 'NONE', #3521, #2320, #994, .T. ) ;
#537 = CARTESIAN_POINT ( 'NONE',  ( -11.59999999999999300, -27.74828500571406700, 4.373430307132461600 ) ) ;
#538 = ORIENTED_EDGE ( 'NONE', *, *, #2596, .F. ) ;
#539 = CARTESIAN_POINT ( 'NONE',  ( 7.479960362465649700, -28.49773604053839500, 6.022179401961775400 ) ) ;
#540 = CARTESIAN_POINT ( 'NONE',  ( -13.61868644244376400, -28.95198479356544400, -0.0000000000000000000 ) ) ;
#541 = EDGE_CURVE ( 'NONE', #309, #3817, #3479, .T. ) ;
#542 = EDGE_LOOP ( 'NONE', ( #1280, #3777, #3768, #3070 ) ) ;
#543 = VECTOR ( 'NONE', #3320, 1000.000000000000100 ) ;
#544 = VERTEX_POINT ( 'NONE', #2208 ) ;
#545 = ORIENTED_EDGE ( 'NONE', *, *, #1342, .T. ) ;
#546 = CARTESIAN_POINT ( 'NONE',  ( 14.67573593128807400, -21.00000000000001800, 4.100000000000001400 ) ) ;
#547 = VERTEX_POINT ( 'NONE', #663 ) ;
#548 = CARTESIAN_POINT ( 'NONE',  ( 12.80000000000000400, -19.50000000000004600, 5.000000000000000000 ) ) ;
#549 = CARTESIAN_POINT ( 'NONE',  ( -11.59999999999999600, -29.52966193516022700, 3.443951248416951700 ) ) ;
#550 = EDGE_LOOP ( 'NONE', ( #3590, #3361, #3783, #34, #827, #943 ) ) ;
#551 = AXIS2_PLACEMENT_3D ( 'NONE', #1029, #2867, #2569 ) ;
#552 = EDGE_CURVE ( 'NONE', #274, #1921, #1697, .T. ) ;
#553 = CARTESIAN_POINT ( 'NONE',  ( 7.140501572144835100, -28.91258399955276900, 5.661532888344844100 ) ) ;
#554 = CARTESIAN_POINT ( 'NONE',  ( -11.54853106211529700, -28.19895496748370100, 5.194394331241216600 ) ) ;
#555 = ADVANCED_FACE ( 'NONE', ( #3388 ), #3107, .F. ) ;
#556 = CARTESIAN_POINT ( 'NONE',  ( 12.80000000000000600, -19.00000000000000000, 4.499999999999997300 ) ) ;
#557 = AXIS2_PLACEMENT_3D ( 'NONE', #3310, #3624, #1824 ) ;
#558 = B_SPLINE_CURVE_WITH_KNOTS ( 'NONE', 3,
 ( #2631, #2331, #1110, #3226, #1428, #3540, #1731, #3833, #2038, #191, #2341, #505 ),
 .UNSPECIFIED., .F., .F.,
 ( 4, 2, 2, 2, 2, 4 ),
 ( 0.0000000000000000000, 0.001756861889456903500, 0.002635292834185351000, 0.003513723778913798300, 0.005270585668370686400, 0.007027447557827573200 ),
 .UNSPECIFIED. ) ;
#559 = CARTESIAN_POINT ( 'NONE',  ( -12.27757976009868900, -26.01024299385893100, 6.032763454621348700 ) ) ;
#560 = CARTESIAN_POINT ( 'NONE',  ( 7.307260156903149500, -28.53937515846227400, 6.044355044602887100 ) ) ;
#561 = ORIENTED_EDGE ( 'NONE', *, *, #2324, .T. ) ;
#563 = CARTESIAN_POINT ( 'NONE',  ( -11.36185712800097600, -28.83897398280661100, 5.664421824992789600 ) ) ;
#562 = CARTESIAN_POINT ( 'NONE',  ( -7.580206662489945100, -29.32958321413372000, 5.332668300873041100 ) ) ;
#564 = CARTESIAN_POINT ( 'NONE',  ( 3.977383067174148100, -29.21055610997806100, 6.342302100185133200 ) ) ;
#565 = CARTESIAN_POINT ( 'NONE',  ( -14.49999999999999800, -24.50000000000000000, 2.000000000000004000 ) ) ;
#566 = CARTESIAN_POINT ( 'NONE',  ( 7.960204194457797400E-016, -6.500000000000002700, 8.000000000000000000 ) ) ;
#567 = EDGE_CURVE ( 'NONE', #3089, #2423, #2674, .T. ) ;
#568 = CARTESIAN_POINT ( 'NONE',  ( -7.274311679108675000, -29.26911853435755600, 5.397226285869400000 ) ) ;
#569 = ORIENTED_EDGE ( 'NONE', *, *, #1820, .F. ) ;
#570 = CARTESIAN_POINT ( 'NONE',  ( 7.031328049404332400, -28.73218294624322800, 5.893665335998091900 ) ) ;
#571 = VERTEX_POINT ( 'NONE', #2112 ) ;
#572 = VERTEX_POINT ( 'NONE', #2415 ) ;
#573 = CARTESIAN_POINT ( 'NONE',  ( -10.80000000000000400, -18.82000000000005400, 5.399999999999997700 ) ) ;
#574 = ADVANCED_FACE ( 'NONE', ( #2582 ), #3283, .F. ) ;
#575 = CARTESIAN_POINT ( 'NONE',  ( -2.210821657971297100, -25.40430096404672600, 5.174810728514802200 ) ) ;
#577 = CARTESIAN_POINT ( 'NONE',  ( 10.00000000000000500, -31.38420748798082000, 4.083383459733600100 ) ) ;
#576 = CARTESIAN_POINT ( 'NONE',  ( 11.59999999999393500, -29.44696920927880900, 1.399588490524947400 ) ) ;
#578 = CARTESIAN_POINT ( 'NONE',  ( 2.724080429424543300, -29.72457647047969300, 5.775073285742005100 ) ) ;
#579 = FACE_OUTER_BOUND ( 'NONE', #2747, .T. ) ;
#580 = DIRECTION ( 'NONE',  ( -1.138412281106481600E-014, 6.207057437480884900E-014, 1.000000000000000000 ) ) ;
#581 = CARTESIAN_POINT ( 'NONE',  ( -7.302103469516900700, -29.18077990437147700, 5.439519811095969700 ) ) ;
#582 = CARTESIAN_POINT ( 'NONE',  ( -7.778375991256661200, -29.58772459718146300, 5.199315796437266700 ) ) ;
#583 = DIRECTION ( 'NONE',  ( 0.0000000000000000000, 0.0000000000000000000, 1.000000000000000000 ) ) ;
#584 = AXIS2_PLACEMENT_3D ( 'NONE', #36, #3678, #1256 ) ;
#585 = VECTOR ( 'NONE', #2475, 1000.000000000000000 ) ;
#586 = CARTESIAN_POINT ( 'NONE',  ( 6.640699719606564200, -29.49865482667796400, 5.254643814108169900 ) ) ;
#587 = ORIENTED_EDGE ( 'NONE', *, *, #3529, .T. ) ;
#588 = VECTOR ( 'NONE', #3770, 1000.000000000000000 ) ;
#589 = VERTEX_POINT ( 'NONE', #1201 ) ;
#590 = AXIS2_PLACEMENT_3D ( 'NONE', #1297, #3406, #1598 ) ;
#591 = DIRECTION ( 'NONE',  ( -0.0000000000000000000, 1.000000000000000000, -0.0000000000000000000 ) ) ;
#592 = PLANE ( 'NONE',  #1156 ) ;
#593 = ORIENTED_EDGE ( 'NONE', *, *, #915, .T. ) ;
#594 = DIRECTION ( 'NONE',  ( -1.000000000000000000, 0.0000000000000000000, 0.0000000000000000000 ) ) ;
#595 = ORIENTED_EDGE ( 'NONE', *, *, #1800, .F. ) ;
#596 = DIRECTION ( 'NONE',  ( -1.746062762822404500E-016, 1.000000000000000000, 0.0000000000000000000 ) ) ;
#597 = CARTESIAN_POINT ( 'NONE',  ( 12.04878911932788000, -26.33616963204823900, 5.875307646544672300 ) ) ;
#598 = ORIENTED_EDGE ( 'NONE', *, *, #114, .F. ) ;
#599 = ORIENTED_EDGE ( 'NONE', *, *, #879, .F. ) ;
#600 = EDGE_CURVE ( 'NONE', #1514, #1229, #1890, .T. ) ;
#601 = CARTESIAN_POINT ( 'NONE',  ( 7.581595916785432500, -28.45617593212421400, 6.032763454621344200 ) ) ;
#602 = DIRECTION ( 'NONE',  ( 1.000000000000000000, 0.0000000000000000000, 0.0000000000000000000 ) ) ;
#603 = ORIENTED_EDGE ( 'NONE', *, *, #2863, .T. ) ;
#604 = DIRECTION ( 'NONE',  ( 1.000000000000000000, 3.554966146181022800E-015, 0.0000000000000000000 ) ) ;
#605 = CARTESIAN_POINT ( 'NONE',  ( 10.34296879800568200, -29.70101899910301300, 5.097142924015147800 ) ) ;
#606 = CARTESIAN_POINT ( 'NONE',  ( -7.581595916795608400, -28.45617593212070100, 6.032763454621351300 ) ) ;
#607 = DIRECTION ( 'NONE',  ( -3.469446951953639300E-016, -0.8660254037844366000, -0.5000000000000035500 ) ) ;
#608 =( LENGTH_UNIT ( ) NAMED_UNIT ( * ) SI_UNIT ( .MILLI., .METRE. ) );
#609 = CARTESIAN_POINT ( 'NONE',  ( -7.086377489739088100, -28.67872250831807800, 5.944045060332583400 ) ) ;
#610 = CARTESIAN_POINT ( 'NONE',  ( 12.24000000000000600, -30.56620867523589900, -0.5000000000000350800 ) ) ;
#611 =( BOUNDED_SURFACE ( )  B_SPLINE_SURFACE ( 3, 2, ( 
 ( #474, #3526, #178 ),
 ( #2332, #489, #2632 ),
 ( #800, #2925, #1111 ),
 ( #3227, #1430, #3542 ) ),
 .UNSPECIFIED., .F., .F., .T. ) 
 B_SPLINE_SURFACE_WITH_KNOTS ( ( 4, 4 ),
 ( 3, 3 ),
 ( 0.0000000000000000000, 0.003080847918845162100 ),
 ( 0.0000000000000000000, 1.000000000000000000 ),
 .UNSPECIFIED. ) 
 GEOMETRIC_REPRESENTATION_ITEM ( )  RATIONAL_B_SPLINE_SURFACE ( (
 ( 1.000000000000000000, 0.7071067811865658900, 1.000000000000000000),
 ( 1.000000000000000000, 0.7548507777890687300, 1.000000000000000000),
 ( 1.000000000000000000, 0.7950082256543866700, 1.000000000000000000),
 ( 1.000000000000000000, 0.8289206746700844600, 1.000000000000000000) ) ) 
 REPRESENTATION_ITEM ( '' )  SURFACE ( )  );
#612 = CARTESIAN_POINT ( 'NONE',  ( 8.924104589317465800, -29.34660699433464300, 5.232763454621357700 ) ) ;
#613 = CARTESIAN_POINT ( 'NONE',  ( -2.483376448705583600, -30.58871905843246700, 4.577521904665653500 ) ) ;
#614 = EDGE_CURVE ( 'NONE', #3703, #754, #1781, .T. ) ;
#615 = CARTESIAN_POINT ( 'NONE',  ( 11.80612374029462000, -26.26492305041268000, 6.247748368707680000 ) ) ;
#616 = CARTESIAN_POINT ( 'NONE',  ( 10.80000000000000400, -19.87011593068661600, 8.000000000000000000 ) ) ;
#617 = CARTESIAN_POINT ( 'NONE',  ( -8.613333333333352800, -23.43548017886970700, 5.477002518062914000 ) ) ;
#618 =( NAMED_UNIT ( * ) SI_UNIT ( $, .STERADIAN. ) SOLID_ANGLE_UNIT ( ) );
#619 = CARTESIAN_POINT ( 'NONE',  ( 10.80000000000000400, -23.64239687965819300, -1.760010483172795000 ) ) ;
#620 = CARTESIAN_POINT ( 'NONE',  ( -11.98745118215395600, -29.03975755956046000, 1.655337615948997600 ) ) ;
#621 = LINE ( 'NONE', #17, #1263 ) ;
#622 = CARTESIAN_POINT ( 'NONE',  ( 12.80000000000000600, -19.00000000000000000, 5.000000000000000000 ) ) ;
#623 = DIRECTION ( 'NONE',  ( 3.469446951953616700E-016, -0.0000000000000000000, 1.000000000000000000 ) ) ;
#624 = B_SPLINE_CURVE_WITH_KNOTS ( 'NONE', 3,
 ( #1336, #1656, #2570, #736, #2868, #1054, #3167, #1367, #3477, #1671, #3771, #1975, #134, #2286, #437, #2580 ),
 .UNSPECIFIED., .F., .F.,
 ( 4, 2, 2, 2, 2, 2, 2, 4 ),
 ( 4.635316164197443400E-017, 0.001683722367477840800, 0.003367444734955635200, 0.005051167102433429400, 0.006734889469911223600, 0.01010233420486681400, 0.01178605657234460700, 0.01346977893982240200 ),
 .UNSPECIFIED. ) ;
#625 = LINE ( 'NONE', #462, #2356 ) ;
#626 = VECTOR ( 'NONE', #1718, 1000.000000000000000 ) ;
#627 = VECTOR ( 'NONE', #502, 1000.000000000000000 ) ;
#628 = CARTESIAN_POINT ( 'NONE',  ( 14.50000000000000000, 0.0000000000000000000, 3.800000000000000300 ) ) ;
#629 = CARTESIAN_POINT ( 'NONE',  ( -13.26168366762068700, -29.95503947423162900, -2.125454580148162400 ) ) ;
#630 = AXIS2_PLACEMENT_3D ( 'NONE', #2129, #280, #2430 ) ;
#631 = VECTOR ( 'NONE', #54, 1000.000000000000000 ) ;
#632 = CARTESIAN_POINT ( 'NONE',  ( 11.64901324572441200, -28.21883677907846500, 4.592804930492620800 ) ) ;
#633 = CARTESIAN_POINT ( 'NONE',  ( 11.60000000000000500, -29.05295802385403900, 3.800701357118779500 ) ) ;
#634 = DIRECTION ( 'NONE',  ( -1.000000000000000000, 0.0000000000000000000, 0.0000000000000000000 ) ) ;
#635 = CARTESIAN_POINT ( 'NONE',  ( -10.55195409675219200, -28.96195887928458000, 5.232763454621357700 ) ) ;
#636 = EDGE_LOOP ( 'NONE', ( #779, #3776, #3419, #1288, #2519, #2301, #882, #3914 ) ) ;
#637 = CARTESIAN_POINT ( 'NONE',  ( 9.260102355883164500, -29.30563386371789000, 5.232763454621357700 ) ) ;
#638 = ORIENTED_EDGE ( 'NONE', *, *, #2541, .F. ) ;
#639 = CARTESIAN_POINT ( 'NONE',  ( -9.999999999999994700, -31.38420748798082700, 3.638544005341466400 ) ) ;
#640 = DIRECTION ( 'NONE',  ( -0.0000000000000000000, -1.000000000000000000, -0.0000000000000000000 ) ) ;
#641 = VERTEX_POINT ( 'NONE', #905 ) ;
#642 = ORIENTED_EDGE ( 'NONE', *, *, #3201, .F. ) ;
#643 = EDGE_LOOP ( 'NONE', ( #2037, #3842, #3256, #3368 ) ) ;
#644 = DIRECTION ( 'NONE',  ( -0.0000000000000000000, 1.000000000000000000, -0.0000000000000000000 ) ) ;
#645 = ORIENTED_EDGE ( 'NONE', *, *, #2993, .F. ) ;
#646 = ORIENTED_EDGE ( 'NONE', *, *, #2533, .T. ) ;
#647 = CARTESIAN_POINT ( 'NONE',  ( -10.98529063199598200, -28.09920724736352000, 5.278957358226438000 ) ) ;
#648 = CARTESIAN_POINT ( 'NONE',  ( 10.00000000000000500, -31.38420748798082000, 3.638544005341466400 ) ) ;
#649 = EDGE_CURVE ( 'NONE', #1823, #2741, #2974, .T. ) ;
#650 = CARTESIAN_POINT ( 'NONE',  ( 11.06916968712153900, -30.99796263044942200, 3.868612270125827600 ) ) ;
#651 = DIRECTION ( 'NONE',  ( 0.0000000000000000000, 0.0000000000000000000, -1.000000000000000000 ) ) ;
#652 = ORIENTED_EDGE ( 'NONE', *, *, #2228, .F. ) ;
#653 = CARTESIAN_POINT ( 'NONE',  ( -11.87703600311134300, -27.20381965938667800, 5.120587752179422300 ) ) ;
#654 = CARTESIAN_POINT ( 'NONE',  ( -15.50000000000000000, -3.500000000000000000, 0.0000000000000000000 ) ) ;
#655 = VERTEX_POINT ( 'NONE', #3646 ) ;
#656 = CARTESIAN_POINT ( 'NONE',  ( -12.37346822383212200, -27.36946644482883400, 4.100932156715243700 ) ) ;
#657 = CARTESIAN_POINT ( 'NONE',  ( 7.959120313524609400, -29.62520294936091900, 5.176035137691433100 ) ) ;
#658 = CARTESIAN_POINT ( 'NONE',  ( -11.66599430102267300, -28.11264552444473700, 4.635041304398796100 ) ) ;
#659 =( BOUNDED_SURFACE ( )  B_SPLINE_SURFACE ( 3, 2, ( 
 ( #2175, #1564, #2769 ),
 ( #957, #3072, #1268 ),
 ( #3379, #1579, #3689 ),
 ( #1887, #45, #2195 ),
 ( #343, #2490, #653 ),
 ( #2784, #968, #3086 ),
 ( #1285, #3393, #1592 ),
 ( #3705, #1902, #53 ) ),
 .UNSPECIFIED., .F., .F., .T. ) 
 B_SPLINE_SURFACE_WITH_KNOTS ( ( 4, 2, 2, 4 ),
 ( 3, 3 ),
 ( -2.856872724499304200E-016, 0.0007107639788333085700, 0.001421527957666902900, 0.002843055915334091700 ),
 ( 0.0000000000000000000, 1.000000000000000000 ),
 .UNSPECIFIED. ) 
 GEOMETRIC_REPRESENTATION_ITEM ( )  RATIONAL_B_SPLINE_SURFACE ( (
 ( 1.000000000000000000, 0.8106723671576155900, 1.000000000000000000),
 ( 1.000000000000000000, 0.8406021068177159700, 1.000000000000000000),
 ( 1.000000000000000000, 0.8677032933695251200, 1.000000000000000000),
 ( 1.000000000000000000, 0.9148514729096267600, 1.000000000000000000),
 ( 1.000000000000000000, 0.9349124715279990600, 1.000000000000000000),
 ( 1.000000000000000000, 0.9834968444170697500, 1.000000000000000000),
 ( 1.000000000000000000, 1.000080807381332100, 1.000000000000000000),
 ( 1.000000000000000000, 1.000000000000000000, 1.000000000000000000) ) ) 
 REPRESENTATION_ITEM ( '' )  SURFACE ( )  );
#660 = VERTEX_POINT ( 'NONE', #1842 ) ;
#661 = PRESENTATION_LAYER_ASSIGNMENT (  '', '', ( #241 ) ) ;
#662 = CARTESIAN_POINT ( 'NONE',  ( -5.226212480956867500, -30.00455835100474300, 4.940388607481962100 ) ) ;
#663 = CARTESIAN_POINT ( 'NONE',  ( 10.98582514788124700, -28.09799526671552900, 5.279163430410773300 ) ) ;
#664 = CARTESIAN_POINT ( 'NONE',  ( -14.49999999999999800, 0.0000000000000000000, 2.000000000000004000 ) ) ;
#665 = CARTESIAN_POINT ( 'NONE',  ( -10.79999999999999700, -25.20835647758646700, 5.218308137104039600 ) ) ;
#666 = CARTESIAN_POINT ( 'NONE',  ( 7.320957679938191000, -29.21357313953992100, 5.418631771966177600 ) ) ;
#667 = ORIENTED_EDGE ( 'NONE', *, *, #3794, .F. ) ;
#668 = DIRECTION ( 'NONE',  ( -0.1986243503996304200, -0.9617835718551368500, -0.1884694360842088500 ) ) ;
#669 = DIRECTION ( 'NONE',  ( -1.000000000000000000, 0.0000000000000000000, 0.0000000000000000000 ) ) ;
#670 = CARTESIAN_POINT ( 'NONE',  ( 7.330157645548699600, -29.22957446219830800, 5.408439517325854600 ) ) ;
#671 = ORIENTED_EDGE ( 'NONE', *, *, #2622, .T. ) ;
#672 = CARTESIAN_POINT ( 'NONE',  ( 11.01983952449185400, -29.01695845936806300, 5.232763454621492700 ) ) ;
#673 = DIRECTION ( 'NONE',  ( -6.938893903907228400E-016, 0.0000000000000000000, -1.000000000000000000 ) ) ;
#674 = FACE_OUTER_BOUND ( 'NONE', #1014, .T. ) ;
#675 = AXIS2_PLACEMENT_3D ( 'NONE', #3782, #140, #2292 ) ;
#676 = EDGE_CURVE ( 'NONE', #3797, #944, #970, .T. ) ;
#677 = EDGE_CURVE ( 'NONE', #2704, #1420, #3268, .T. ) ;
#678 = FACE_OUTER_BOUND ( 'NONE', #2371, .T. ) ;
#679 = CARTESIAN_POINT ( 'NONE',  ( 10.69996191312541500, -28.66657949763685700, 5.232763454621357700 ) ) ;
#680 = CARTESIAN_POINT ( 'NONE',  ( -11.65555265183924400, -26.70489978345796800, 6.588344511496821100 ) ) ;
#681 = CARTESIAN_POINT ( 'NONE',  ( 10.80000000000000100, 0.0000000000000000000, 8.000000000000000000 ) ) ;
#682 = FACE_OUTER_BOUND ( 'NONE', #1660, .T. ) ;
#683 = CARTESIAN_POINT ( 'NONE',  ( -10.80000000000000100, 0.0000000000000000000, 8.000000000000000000 ) ) ;
#684 = VECTOR ( 'NONE', #2138, 1000.000000000000000 ) ;
#685 = FACE_OUTER_BOUND ( 'NONE', #3163, .T. ) ;
#686 =( BOUNDED_SURFACE ( )  B_SPLINE_SURFACE ( 3, 2, ( 
 ( #3895, #239, #256 ),
 ( #2403, #568, #2703 ),
 ( #875, #3002, #1194 ),
 ( #3308, #1503, #3622 ),
 ( #1821, #3912, #2119 ),
 ( #272, #2422, #582 ),
 ( #2717, #898, #2714 ),
 ( #1419, #3531, #1723 ),
 ( #3828, #2030, #186 ),
 ( #2335, #496, #2637 ) ),
 .UNSPECIFIED., .F., .F., .F. ) 
 B_SPLINE_SURFACE_WITH_KNOTS ( ( 4, 2, 2, 2, 4 ),
 ( 3, 3 ),
 ( 7.792974165282684500E-016, 0.0002816136131053904100, 0.0005632272262100014900, 0.001126454452419223700, 0.002252908904837668000 ),
 ( 0.0000000000000000000, 1.000000000000000000 ),
 .UNSPECIFIED. ) 
 GEOMETRIC_REPRESENTATION_ITEM ( )  RATIONAL_B_SPLINE_SURFACE ( (
 ( 1.000000000000000000, 0.9966548990226482600, 1.000000000000000000),
 ( 1.000000000000000000, 0.9964522523620688000, 1.000000000000000000),
 ( 1.000000000000000000, 0.9956548353516253600, 1.000000000000000000),
 ( 1.000000000000000000, 0.9936328281678051800, 1.000000000000000000),
 ( 1.000000000000000000, 0.9923882496409637300, 1.000000000000000000),
 ( 1.000000000000000000, 0.9884483533349403000, 1.000000000000000000),
 ( 1.000000000000000000, 0.9854618920710258600, 1.000000000000000000),
 ( 1.000000000000000000, 0.9760070569750121100, 1.000000000000000000),
 ( 1.000000000000000000, 0.9690748965549880200, 1.000000000000000000),
 ( 1.000000000000000000, 0.9616275122589993400, 1.000000000000000000) ) ) 
 REPRESENTATION_ITEM ( '' )  SURFACE ( )  );
#687 = CARTESIAN_POINT ( 'NONE',  ( -11.59999999999987900, -30.00137006793102800, 1.903500538563125400 ) ) ;
#688 = CARTESIAN_POINT ( 'NONE',  ( -10.38562789499439800, -29.14447656487683200, 5.232763454621355900 ) ) ;
#689 = CARTESIAN_POINT ( 'NONE',  ( 13.20000000000000300, 0.0000000000000000000, 1.599999999999997200 ) ) ;
#690 = VERTEX_POINT ( 'NONE', #616 ) ;
#691 = LINE ( 'NONE', #3742, #3110 ) ;
#692 = ORIENTED_EDGE ( 'NONE', *, *, #724, .F. ) ;
#693 = EDGE_CURVE ( 'NONE', #2883, #1925, #1295, .T. ) ;
#694 = VERTEX_POINT ( 'NONE', #1872 ) ;
#695 = AXIS2_PLACEMENT_3D ( 'NONE', #3578, #2971, #1163 ) ;
#696 = ADVANCED_FACE ( 'NONE', ( #1683 ), #1599, .T. ) ;
#697 = DIRECTION ( 'NONE',  ( 0.0000000000000000000, 0.0000000000000000000, 1.000000000000000000 ) ) ;
#698 = CARTESIAN_POINT ( 'NONE',  ( 12.80000000000000600, 0.0000000000000000000, 5.000000000000000000 ) ) ;
#699 = EDGE_CURVE ( 'NONE', #1708, #2526, #2392, .T. ) ;
#700 = ORIENTED_EDGE ( 'NONE', *, *, #285, .F. ) ;
#701 = VERTEX_POINT ( 'NONE', #327 ) ;
#702 = CARTESIAN_POINT ( 'NONE',  ( 14.70317494544345200, -24.50000000000000000, 2.079274057836305800 ) ) ;
#703 = CARTESIAN_POINT ( 'NONE',  ( 10.00000000000003400, -30.11257647555475700, 4.873290324078991100 ) ) ;
#704 = CARTESIAN_POINT ( 'NONE',  ( 7.102454922061209400, -28.85570868026784200, 5.723711585596081600 ) ) ;
#705 = EDGE_CURVE ( 'NONE', #1127, #3451, #56, .T. ) ;
#706 = ORIENTED_EDGE ( 'NONE', *, *, #3679, .F. ) ;
#707 = EDGE_CURVE ( 'NONE', #3451, #1909, #434, .T. ) ;
#708 = CARTESIAN_POINT ( 'NONE',  ( -7.219433616886503200, -29.04046759030267600, 5.538718871052289200 ) ) ;
#709 = CARTESIAN_POINT ( 'NONE',  ( -11.99611857931350500, -29.92849402982948700, 0.0000000000000000000 ) ) ;
#710 = AXIS2_PLACEMENT_3D ( 'NONE', #210, #2354, #518 ) ;
#711 = CARTESIAN_POINT ( 'NONE',  ( 14.80000000000000100, 0.0000000000000000000, 2.300000000000002500 ) ) ;
#712 = CARTESIAN_POINT ( 'NONE',  ( -10.69996191312785800, -28.66657949763567700, 5.232763454621357700 ) ) ;
#713 = ADVANCED_FACE ( 'NONE', ( #3097 ), #3892, .F. ) ;
#714 = AXIS2_PLACEMENT_3D ( 'NONE', #1541, #3047, #1227 ) ;
#715 = CARTESIAN_POINT ( 'NONE',  ( 14.75983564663719200, -26.06521099330546700, 2.830771601495300200 ) ) ;
#716 = CARTESIAN_POINT ( 'NONE',  ( 7.043536239941365000, -28.73184736612882900, 5.890051359229690100 ) ) ;
#717 =( BOUNDED_CURVE ( )  B_SPLINE_CURVE ( 3, ( #6, #3657, #1853, #2158 ),
 .UNSPECIFIED., .F., .T. ) 
 B_SPLINE_CURVE_WITH_KNOTS ( ( 4, 4 ),
 ( 4.712388980384689700, 6.283185307179586200 ),
 .UNSPECIFIED. ) 
 CURVE ( )  GEOMETRIC_REPRESENTATION_ITEM ( )  RATIONAL_B_SPLINE_CURVE ( ( 1.000000000000000000, 0.8047378541243649400, 0.8047378541243649400, 1.000000000000000000 ) ) 
 REPRESENTATION_ITEM ( '' )  );
#718 = VERTEX_POINT ( 'NONE', #40 ) ;
#719 = CARTESIAN_POINT ( 'NONE',  ( -7.028725281885858300, -28.75137125647145100, 5.870054141886424000 ) ) ;
#720 = CARTESIAN_POINT ( 'NONE',  ( 10.98327478536260300, -30.76150344163166000, 4.092852652032490800 ) ) ;
#721 = FACE_OUTER_BOUND ( 'NONE', #2098, .T. ) ;
#722 = ORIENTED_EDGE ( 'NONE', *, *, #1820, .T. ) ;
#723 = CARTESIAN_POINT ( 'NONE',  ( 10.97100237658008500, -28.13218514331281700, 5.273327794290194600 ) ) ;
#724 = EDGE_CURVE ( 'NONE', #1869, #944, #762, .T. ) ;
#725 = VECTOR ( 'NONE', #3489, 999.9999999999998900 ) ;
#726 = VECTOR ( 'NONE', #2880, 1000.000000000000200 ) ;
#727 = VECTOR ( 'NONE', #1461, 1000.000000000000000 ) ;
#728 = CARTESIAN_POINT ( 'NONE',  ( -2.653508202053954400, -30.56785223956147100, 4.590483875003101800 ) ) ;
#729 = CARTESIAN_POINT ( 'NONE',  ( -7.126185907369190000, -28.64431351622431900, 5.975752928820419600 ) ) ;
#730 = CARTESIAN_POINT ( 'NONE',  ( 14.49999999999999800, 0.0000000000000000000, 2.000000000000000400 ) ) ;
#731 = CARTESIAN_POINT ( 'NONE',  ( 11.60000000000000700, -29.78420748798082200, 3.193704550949334900 ) ) ;
#732 = CARTESIAN_POINT ( 'NONE',  ( -12.79999999999999500, -20.71302442591430900, 4.265685424949243300 ) ) ;
#733 =( BOUNDED_CURVE ( )  B_SPLINE_CURVE ( 3, ( #3214, #1098, #2909, #3525 ),
 .UNSPECIFIED., .F., .F. ) 
 B_SPLINE_CURVE_WITH_KNOTS ( ( 4, 4 ),
 ( 4.712388980384689700, 6.283185307179586200 ),
 .UNSPECIFIED. ) 
 CURVE ( )  GEOMETRIC_REPRESENTATION_ITEM ( )  RATIONAL_B_SPLINE_CURVE ( ( 1.000000000000000000, 0.8047378541243649400, 0.8047378541243649400, 1.000000000000000000 ) ) 
 REPRESENTATION_ITEM ( '' )  );
#734 = ORIENTED_EDGE ( 'NONE', *, *, #2863, .F. ) ;
#735 = ORIENTED_EDGE ( 'NONE', *, *, #699, .T. ) ;
#736 = CARTESIAN_POINT ( 'NONE',  ( -4.407858204298105600, -29.61013543807881700, 5.475842560990168200 ) ) ;
#737 = ORIENTED_EDGE ( 'NONE', *, *, #2346, .F. ) ;
#738 = VERTEX_POINT ( 'NONE', #351 ) ;
#739 = ORIENTED_EDGE ( 'NONE', *, *, #748, .T. ) ;
#740 = ORIENTED_EDGE ( 'NONE', *, *, #2228, .T. ) ;
#741 = VERTEX_POINT ( 'NONE', #2204 ) ;
#742 = CARTESIAN_POINT ( 'NONE',  ( 2.508823912045031100, -29.96691599083079500, 5.277479692071021400 ) ) ;
#743 = CARTESIAN_POINT ( 'NONE',  ( -7.457694982333395100, -28.50665697712109600, 6.019774447166038400 ) ) ;
#744 = PLANE ( 'NONE',  #1625 ) ;
#745 = AXIS2_PLACEMENT_3D ( 'NONE', #829, #2953, #1149 ) ;
#746 = EDGE_LOOP ( 'NONE', ( #101, #1132, #1141, #2888 ) ) ;
#747 = CARTESIAN_POINT ( 'NONE',  ( -11.16988746101531600, -27.71762226276025800, 5.358937289515882400 ) ) ;
#748 = EDGE_CURVE ( 'NONE', #880, #279, #2572, .T. ) ;
#749 = CARTESIAN_POINT ( 'NONE',  ( 10.95725783906732400, -28.16491321446419600, 5.268210104575378400 ) ) ;
#750 = CARTESIAN_POINT ( 'NONE',  ( 11.54494369129877500, -28.29647199214381500, 5.192187929823172800 ) ) ;
#751 = CARTESIAN_POINT ( 'NONE',  ( 6.800000000000003400, -19.87011593068661600, 6.832763454621357400 ) ) ;
#752 = EDGE_CURVE ( 'NONE', #1838, #169, #3184, .T. ) ;
#753 = CARTESIAN_POINT ( 'NONE',  ( 5.076297548399804100, -29.63911550031682700, 5.167392992766284700 ) ) ;
#754 = VERTEX_POINT ( 'NONE', #62 ) ;
#755 = CARTESIAN_POINT ( 'NONE',  ( 9.260102355883164500, -29.72776278960150300, 5.112327410354991400 ) ) ;
#756 = DIRECTION ( 'NONE',  ( 1.000000000000000000, 0.0000000000000000000, 0.0000000000000000000 ) ) ;
#757 = CARTESIAN_POINT ( 'NONE',  ( 10.69996191312596600, -28.66657949763737900, 5.232763454621357700 ) ) ;
#758 = AXIS2_PLACEMENT_3D ( 'NONE', #2817, #1006, #3113 ) ;
#759 = EDGE_CURVE ( 'NONE', #993, #183, #858, .T. ) ;
#760 = ORIENTED_EDGE ( 'NONE', *, *, #677, .F. ) ;
#761 = ADVANCED_FACE ( 'NONE', ( #3414 ), #1882, .F. ) ;
#762 = LINE ( 'NONE', #1587, #1495 ) ;
#763 = CARTESIAN_POINT ( 'NONE',  ( 7.608697521595167300, -29.00306715127262800, 5.562491061353892300 ) ) ;
#764 = DIRECTION ( 'NONE',  ( 0.9162107622439660300, -0.4006966922103685200, 0.0000000000000000000 ) ) ;
#765 = CARTESIAN_POINT ( 'NONE',  ( 11.54857814225911700, -28.19814386161444400, 5.194427235542415000 ) ) ;
#766 = CARTESIAN_POINT ( 'NONE',  ( -2.191504750441243500, -29.35672869109233600, 6.539611223199751000 ) ) ;
#767 = FACE_OUTER_BOUND ( 'NONE', #2621, .T. ) ;
#768 = CARTESIAN_POINT ( 'NONE',  ( 14.40000000000000000, -3.499999999999994700, 1.500000000000000000 ) ) ;
#769 = VECTOR ( 'NONE', #1774, 1000.000000000000100 ) ;
#770 = CARTESIAN_POINT ( 'NONE',  ( -7.040982832132765000, -28.84994897932795900, 5.748404654649505100 ) ) ;
#771 = CARTESIAN_POINT ( 'NONE',  ( -11.59999999999999600, -29.57195014066675000, 3.205169552775541500 ) ) ;
#772 = EDGE_CURVE ( 'NONE', #2846, #701, #3199, .T. ) ;
#773 = CIRCLE ( 'NONE', #3723, 24.61394790697723400 ) ;
#774 = CARTESIAN_POINT ( 'NONE',  ( -10.80000000000000100, 0.0000000000000000000, 8.000000000000000000 ) ) ;
#775 = CIRCLE ( 'NONE', #2298, 1.100000000000000300 ) ;
#776 = VECTOR ( 'NONE', #1026, 1000.000000000000000 ) ;
#777 = EDGE_LOOP ( 'NONE', ( #3509, #1759, #1392, #3769, #3558, #2626 ) ) ;
#778 = CIRCLE ( 'NONE', #2486, 0.1000000000000011300 ) ;
#779 = ORIENTED_EDGE ( 'NONE', *, *, #3222, .F. ) ;
#780 = DIRECTION ( 'NONE',  ( -8.260587980841935800E-016, -0.0000000000000000000, -1.000000000000000000 ) ) ;
#781 = CARTESIAN_POINT ( 'NONE',  ( -14.74675459188647500, -27.96380938291800800, 1.293953904255457800 ) ) ;
#782 = CARTESIAN_POINT ( 'NONE',  ( 14.50000000000000000, -24.50000000000000000, 2.300000000000000300 ) ) ;
#783 = CARTESIAN_POINT ( 'NONE',  ( 10.01481025735269800, -29.30563386371788700, 4.432763454621357000 ) ) ;
#784 = ORIENTED_EDGE ( 'NONE', *, *, #849, .T. ) ;
#785 = ADVANCED_FACE ( 'NONE', ( #72 ), #35, .T. ) ;
#786 = DIRECTION ( 'NONE',  ( -8.260587980841935800E-016, 0.0000000000000000000, -1.000000000000000000 ) ) ;
#787 = CIRCLE ( 'NONE', #1832, 8.228307260922134600 ) ;
#788 = CARTESIAN_POINT ( 'NONE',  ( -10.80000000000000400, -18.82000000000005400, 5.399999999999997700 ) ) ;
#789 = CARTESIAN_POINT ( 'NONE',  ( -12.79999999999999700, -24.50000000000000000, 2.058823529411776900 ) ) ;
#790 = ORIENTED_EDGE ( 'NONE', *, *, #3410, .F. ) ;
#791 = ORIENTED_EDGE ( 'NONE', *, *, #1531, .T. ) ;
#792 = CARTESIAN_POINT ( 'NONE',  ( -14.50000000000000000, -24.50000000000000000, 3.800000000000004700 ) ) ;
#793 = ORIENTED_EDGE ( 'NONE', *, *, #3713, .F. ) ;
#794 = DIRECTION ( 'NONE',  ( 2.410646912212208400E-016, -1.000000000000000000, 0.0000000000000000000 ) ) ;
#795 = CARTESIAN_POINT ( 'NONE',  ( -12.48517251104454000, -29.46252362762234600, 0.1626602777256877200 ) ) ;
#796 = CARTESIAN_POINT ( 'NONE',  ( 12.10476513462604800, -27.83525410363853300, 3.794374563767126700 ) ) ;
#797 = EDGE_LOOP ( 'NONE', ( #215, #1484, #3859, #2045 ) ) ;
#798 = AXIS2_PLACEMENT_3D ( 'NONE', #63, #2214, #369 ) ;
#799 = DIRECTION ( 'NONE',  ( 0.0000000000000000000, 0.0000000000000000000, -1.000000000000000000 ) ) ;
#800 = CARTESIAN_POINT ( 'NONE',  ( 10.10886159927263600, -31.38420748798082000, 0.7686600734129498400 ) ) ;
#801 = B_SPLINE_CURVE_WITH_KNOTS ( 'NONE', 3,
 ( #842, #3585, #1789, #3888, #2099, #247, #2393, #559 ),
 .UNSPECIFIED., .F., .F.,
 ( 4, 2, 2, 4 ),
 ( 0.0000000000000000000, 0.0006498226371780539000, 0.001299645274356107800, 0.002599290548712215600 ),
 .UNSPECIFIED. ) ;
#802 = CARTESIAN_POINT ( 'NONE',  ( 11.59999999999977400, -30.00601612669131400, 1.883859657815060400 ) ) ;
#803 = EDGE_CURVE ( 'NONE', #2345, #2737, #3910, .T. ) ;
#804 = CARTESIAN_POINT ( 'NONE',  ( -11.54853106211538700, -28.19895496748341700, 5.194394331241295700 ) ) ;
#805 = ADVANCED_FACE ( 'NONE', ( #2321 ), #3816, .F. ) ;
#806 = DIRECTION ( 'NONE',  ( -0.0000000000000000000, 1.000000000000000000, -0.0000000000000000000 ) ) ;
#807 = ORIENTED_EDGE ( 'NONE', *, *, #493, .F. ) ;
#808 = CARTESIAN_POINT ( 'NONE',  ( 14.62608107032454400, -26.14372452225404300, 2.918292740263552300 ) ) ;
#809 = DIRECTION ( 'NONE',  ( -0.0000000000000000000, -0.0000000000000000000, -1.000000000000000000 ) ) ;
#810 = CARTESIAN_POINT ( 'NONE',  ( -11.06916968712147800, -30.99796263044916200, 3.868612270125789500 ) ) ;
#811 = SURFACE_STYLE_USAGE ( .BOTH. , #2650 ) ;
#812 = FACE_OUTER_BOUND ( 'NONE', #2086, .T. ) ;
#813 = CARTESIAN_POINT ( 'NONE',  ( 10.23065965438764700, -31.38420748798082000, 7.589415207398531000E-016 ) ) ;
#814 = CARTESIAN_POINT ( 'NONE',  ( 12.38699770204378400, -29.58090166291487200, -6.598093327993304000E-032 ) ) ;
#815 = CARTESIAN_POINT ( 'NONE',  ( -2.730115518728688100, -29.72203629434195800, 5.770785701313753800 ) ) ;
#816 = EDGE_CURVE ( 'NONE', #1961, #2764, #691, .T. ) ;
#817 = CIRCLE ( 'NONE', #2381, 7.394024400970568700 ) ;
#818 = CARTESIAN_POINT ( 'NONE',  ( 11.45825909618015400, -27.22494466299349700, 5.512564231414100600 ) ) ;
#819 = VECTOR ( 'NONE', #855, 1000.000000000000100 ) ;
#820 = FACE_OUTER_BOUND ( 'NONE', #2534, .T. ) ;
#821 = DIRECTION ( 'NONE',  ( 0.0000000000000000000, 0.5276611573545168000, -0.8494549446670446300 ) ) ;
#822 = CARTESIAN_POINT ( 'NONE',  ( 12.64069568109132600, -29.57595016911425700, -0.3033773142321601300 ) ) ;
#823 = CARTESIAN_POINT ( 'NONE',  ( -11.59999999999999600, -29.99368472965053600, 3.251944389632084800 ) ) ;
#824 = VECTOR ( 'NONE', #3852, 1000.000000000000100 ) ;
#825 = EDGE_CURVE ( 'NONE', #3559, #3830, #1513, .T. ) ;
#826 = B_SPLINE_CURVE_WITH_KNOTS ( 'NONE', 3,
 ( #2980, #3282, #1482, #3599, #1787, #3886 ),
 .UNSPECIFIED., .F., .F.,
 ( 4, 2, 4 ),
 ( 9.178183223978528700E-016, 0.0008247066102378016200, 0.001649413220474685600 ),
 .UNSPECIFIED. ) ;
#827 = ORIENTED_EDGE ( 'NONE', *, *, #3376, .T. ) ;
#828 = ORIENTED_EDGE ( 'NONE', *, *, #567, .F. ) ;
#829 = CARTESIAN_POINT ( 'NONE',  ( -14.29999999999999900, -3.500000000000000000, 0.5000000000000000000 ) ) ;
#830 = VERTEX_POINT ( 'NONE', #401 ) ;
#831 = CARTESIAN_POINT ( 'NONE',  ( -10.98529063199598400, -28.09920724736352000, 5.278957358226438900 ) ) ;
#832 = EDGE_LOOP ( 'NONE', ( #737, #840, #3920, #2111 ) ) ;
#833 = ORIENTED_EDGE ( 'NONE', *, *, #2333, .T. ) ;
#834 = CARTESIAN_POINT ( 'NONE',  ( 14.80000000000000100, -24.50000000000000000, 2.300000000000002500 ) ) ;
#835 = ORIENTED_EDGE ( 'NONE', *, *, #2273, .T. ) ;
#836 = EDGE_LOOP ( 'NONE', ( #1374, #1475, #2576, #381 ) ) ;
#837 = AXIS2_PLACEMENT_3D ( 'NONE', #69, #266, #2712 ) ;
#838 = CARTESIAN_POINT ( 'NONE',  ( -29.86248267878166000, -12.99390235989686600, 7.000615593644232200 ) ) ;
#839 = DIRECTION ( 'NONE',  ( 0.0000000000000000000, -0.0000000000000000000, 1.000000000000000000 ) ) ;
#840 = ORIENTED_EDGE ( 'NONE', *, *, #1391, .T. ) ;
#841 = DIRECTION ( 'NONE',  ( 1.000000000000000000, 1.746062762822404500E-016, 0.0000000000000000000 ) ) ;
#842 = CARTESIAN_POINT ( 'NONE',  ( -11.66606671049692200, -28.11221653126520400, 4.635219664441940800 ) ) ;
#843 = CARTESIAN_POINT ( 'NONE',  ( 11.60000000000000700, -29.78420748798082600, 2.821537815313731800 ) ) ;
#844 = DIRECTION ( 'NONE',  ( 0.0000000000000000000, 0.8117895349207657800, -0.5839501271453980700 ) ) ;
#845 = PLANE ( 'NONE',  #695 ) ;
#846 = DIRECTION ( 'NONE',  ( -1.000000000000000000, 0.0000000000000000000, 0.0000000000000000000 ) ) ;
#847 = CARTESIAN_POINT ( 'NONE',  ( -14.58958726136861600, -28.27869531729840700, 0.0000000000000000000 ) ) ;
#848 = ORIENTED_EDGE ( 'NONE', *, *, #135, .F. ) ;
#849 = EDGE_CURVE ( 'NONE', #946, #2462, #778, .T. ) ;
#850 = ORIENTED_EDGE ( 'NONE', *, *, #270, .T. ) ;
#851 = PLANE ( 'NONE',  #3517 ) ;
#852 =( BOUNDED_SURFACE ( )  B_SPLINE_SURFACE ( 3, 2, ( 
 ( #3252, #3571, #224 ),
 ( #2364, #525, #3056 ),
 ( #1253, #3369, #1565 ),
 ( #3675, #1877, #32 ),
 ( #2176, #332, #2478 ),
 ( #635, #2770, #958 ),
 ( #3073, #1269, #3380 ),
 ( #1580, #3690, #1888 ) ),
 .UNSPECIFIED., .F., .F., .F. ) 
 B_SPLINE_SURFACE_WITH_KNOTS ( ( 4, 2, 2, 4 ),
 ( 3, 3 ),
 ( -1.027281558430015500E-017, 0.0002469589534538117600, 0.0004939179069076338100, 0.0009878358138152778100 ),
 ( 0.0000000000000000000, 1.000000000000000000 ),
 .UNSPECIFIED. ) 
 GEOMETRIC_REPRESENTATION_ITEM ( )  RATIONAL_B_SPLINE_SURFACE ( (
 ( 1.000000000000000000, 0.9616275122590531900, 1.000000000000000000),
 ( 1.000000000000000000, 0.9610942543795695200, 1.000000000000000000),
 ( 1.000000000000000000, 0.9567031102545049400, 1.000000000000000000),
 ( 1.000000000000000000, 0.9434818464231458100, 1.000000000000000000),
 ( 1.000000000000000000, 0.9345794994979169700, 1.000000000000000000),
 ( 1.000000000000000000, 0.9048519651173000400, 1.000000000000000000),
 ( 1.000000000000000000, 0.8802824923756650300, 1.000000000000000000),
 ( 1.000000000000000000, 0.8544047142266648600, 1.000000000000000000) ) ) 
 REPRESENTATION_ITEM ( '' )  SURFACE ( )  );
#853 = ADVANCED_FACE ( 'NONE', ( #3016 ), #1834, .T. ) ;
#854 = CARTESIAN_POINT ( 'NONE',  ( 7.134602859029868700, -28.64735167842545100, 5.967285348463770200 ) ) ;
#855 = DIRECTION ( 'NONE',  ( -1.759079432684508100E-016, 0.8619342151577684700, 0.5070201265633955700 ) ) ;
#856 = CARTESIAN_POINT ( 'NONE',  ( 0.5364744979131058600, -29.80397319368887600, 5.902220079757754000 ) ) ;
#857 = CARTESIAN_POINT ( 'NONE',  ( -12.43483765990119100, -28.31077847688855100, 2.728944339142871800 ) ) ;
#858 = CIRCLE ( 'NONE', #1464, 0.2999999999999999300 ) ;
#859 = CARTESIAN_POINT ( 'NONE',  ( 7.253889369466740800, -29.09692084657769600, 5.492934830126185600 ) ) ;
#860 = CARTESIAN_POINT ( 'NONE',  ( -7.434801684517216500, -29.45933235281160700, 5.279069997274951300 ) ) ;
#861 = CARTESIAN_POINT ( 'NONE',  ( 7.134362468220516900, -29.10781660633728800, 5.497423197496988900 ) ) ;
#862 = AXIS2_PLACEMENT_3D ( 'NONE', #792, #182, #3825 ) ;
#863 = FACE_OUTER_BOUND ( 'NONE', #2928, .T. ) ;
#864 = LINE ( 'NONE', #3857, #1605 ) ;
#865 = CARTESIAN_POINT ( 'NONE',  ( -9.260102355883159200, -29.30563386371789000, 4.432763454621357000 ) ) ;
#866 = AXIS2_PLACEMENT_3D ( 'NONE', #49, #2202, #350 ) ;
#867 = LINE ( 'NONE', #3603, #3293 ) ;
#868 = CARTESIAN_POINT ( 'NONE',  ( 7.446758570965724500, -28.49241768233572000, 6.048530753459607100 ) ) ;
#869 = FACE_OUTER_BOUND ( 'NONE', #3015, .T. ) ;
#870 = CARTESIAN_POINT ( 'NONE',  ( -7.423568716314768800, -29.27856346869605300, 5.373164854340617000 ) ) ;
#871 = CARTESIAN_POINT ( 'NONE',  ( -1.109092445316740300, -29.79340107923616500, 5.885429091770266300 ) ) ;
#872 = CARTESIAN_POINT ( 'NONE',  ( 12.80000000000000600, -21.00000000000002500, 4.099999999999996100 ) ) ;
#873 = ORIENTED_EDGE ( 'NONE', *, *, #2215, .T. ) ;
#874 = CARTESIAN_POINT ( 'NONE',  ( -16.00940795702056400, -25.36169722699238700, 1.723170343999380600 ) ) ;
#875 = CARTESIAN_POINT ( 'NONE',  ( -7.389518335742209800, -29.26491063620063200, 5.383504996650333200 ) ) ;
#876 = ADVANCED_FACE ( 'NONE', ( #2238 ), #1328, .F. ) ;
#877 = AXIS2_PLACEMENT_3D ( 'NONE', #168, #2317, #473 ) ;
#878 = CARTESIAN_POINT ( 'NONE',  ( 7.083642708089682200, -28.66392848923113600, 5.966091440152176500 ) ) ;
#879 = EDGE_CURVE ( 'NONE', #447, #1427, #2917, .T. ) ;
#880 = VERTEX_POINT ( 'NONE', #3166 ) ;
#881 = EDGE_CURVE ( 'NONE', #1823, #3460, #2135, .T. ) ;
#882 = ORIENTED_EDGE ( 'NONE', *, *, #2324, .F. ) ;
#883 = LINE ( 'NONE', #969, #2515 ) ;
#884 = CARTESIAN_POINT ( 'NONE',  ( -6.929200857909648900, -28.71841534069604400, 5.955899684589182300 ) ) ;
#885 = CARTESIAN_POINT ( 'NONE',  ( 10.80000000000000200, -21.41638791949991500, 5.771624214181578300 ) ) ;
#886 = DIRECTION ( 'NONE',  ( 0.0000000000000000000, 0.0000000000000000000, 1.000000000000000000 ) ) ;
#887 = DIRECTION ( 'NONE',  ( -1.000000000000000000, 0.0000000000000000000, 0.0000000000000000000 ) ) ;
#888 = VERTEX_POINT ( 'NONE', #1960 ) ;
#889 = ORIENTED_EDGE ( 'NONE', *, *, #1984, .T. ) ;
#890 = CARTESIAN_POINT ( 'NONE',  ( 11.66584961494165500, -28.11350350945777500, 4.634684852307912300 ) ) ;
#892 = CARTESIAN_POINT ( 'NONE',  ( 10.00000000000000500, -31.00633641386443500, 4.318107961075103400 ) ) ;
#891 = CARTESIAN_POINT ( 'NONE',  ( 12.59046815583678300, -29.60554770576651900, -0.3303096751146262800 ) ) ;
#893 = CARTESIAN_POINT ( 'NONE',  ( 0.5049739987141899100, -30.12928047301057400, 5.166734558879088700 ) ) ;
#894 = CARTESIAN_POINT ( 'NONE',  ( 10.00000000000000700, -30.30528118192231400, 4.753586755304754200 ) ) ;
#895 = ORIENTED_EDGE ( 'NONE', *, *, #3686, .T. ) ;
#896 = EDGE_CURVE ( 'NONE', #1659, #3089, #3733, .T. ) ;
#897 = DIRECTION ( 'NONE',  ( 0.0000000000000000000, 1.000000000000000000, 0.0000000000000000000 ) ) ;
#898 = CARTESIAN_POINT ( 'NONE',  ( -7.993217400280316900, -29.51088655643670200, 5.247045755233479300 ) ) ;
#899 = ORIENTED_EDGE ( 'NONE', *, *, #2767, .T. ) ;
#900 = CARTESIAN_POINT ( 'NONE',  ( 7.215147942255120100, -28.59575477792414200, 6.005910914864356800 ) ) ;
#901 = DIRECTION ( 'NONE',  ( -0.0000000000000000000, -0.8494549446670444100, -0.5276611573545171300 ) ) ;
#902 = EDGE_CURVE ( 'NONE', #3658, #2970, #3642, .T. ) ;
#903 = CARTESIAN_POINT ( 'NONE',  ( -11.66584961494158900, -28.11350350945785000, 4.634684852308121900 ) ) ;
#904 = DIRECTION ( 'NONE',  ( -1.355252715606880500E-016, 0.0000000000000000000, 1.000000000000000000 ) ) ;
#905 = CARTESIAN_POINT ( 'NONE',  ( 12.80000000000000400, 0.0000000000000000000, 1.599999999999997200 ) ) ;
#906 = DIRECTION ( 'NONE',  ( 1.000000000000000000, 0.0000000000000000000, 2.551063935260020900E-015 ) ) ;
#907 = CARTESIAN_POINT ( 'NONE',  ( 5.436546294478898900, -29.83935597486787800, 4.580086206576253500 ) ) ;
#908 = CARTESIAN_POINT ( 'NONE',  ( 13.89252271188808900, 0.0000000000000000000, 8.000000000000000000 ) ) ;
#909 = EDGE_CURVE ( 'NONE', #1991, #503, #2032, .T. ) ;
#910 = DIRECTION ( 'NONE',  ( -0.3800622591133458500, -0.7857126159467188200, -0.4880659426141350500 ) ) ;
#911 = EDGE_LOOP ( 'NONE', ( #1385, #2373, #2362, #3257 ) ) ;
#912 = CARTESIAN_POINT ( 'NONE',  ( -14.50000000000000000, -24.50000000000000000, 2.079274057836309400 ) ) ;
#913 = ORIENTED_EDGE ( 'NONE', *, *, #2018, .F. ) ;
#914 = ORIENTED_EDGE ( 'NONE', *, *, #1585, .F. ) ;
#915 = EDGE_CURVE ( 'NONE', #3458, #3563, #491, .T. ) ;
#916 = CARTESIAN_POINT ( 'NONE',  ( 7.181559833689884300, -29.22849292606241200, 5.422461945071873400 ) ) ;
#917 = CARTESIAN_POINT ( 'NONE',  ( -9.999999999999994700, -30.30528118192800900, 4.753586755301217400 ) ) ;
#918 = AXIS2_PLACEMENT_3D ( 'NONE', #1705, #1999, #3512 ) ;
#919 = CARTESIAN_POINT ( 'NONE',  ( 11.83872052190484900, -27.63136777269098900, 4.289327432985270900 ) ) ;
#920 = CARTESIAN_POINT ( 'NONE',  ( 10.17948969404459100, -29.28003954871919100, 5.232763454621357700 ) ) ;
#921 = CARTESIAN_POINT ( 'NONE',  ( -7.526503103781713800, -28.47734415140845200, 6.029123038327081300 ) ) ;
#922 = DIRECTION ( 'NONE',  ( -0.0000000000000000000, -0.0000000000000000000, 1.000000000000000000 ) ) ;
#923 = CYLINDRICAL_SURFACE ( 'NONE', #714, 0.3999999999999993000 ) ;
#924 = AXIS2_PLACEMENT_3D ( 'NONE', #1907, #57, #2210 ) ;
#925 =( NAMED_UNIT ( * ) SI_UNIT ( $, .STERADIAN. ) SOLID_ANGLE_UNIT ( ) );
#926 = CARTESIAN_POINT ( 'NONE',  ( -7.176756315488152200, -28.62453996274670200, 5.980980602076277500 ) ) ;
#927 = DIRECTION ( 'NONE',  ( 1.000000000000000000, 0.0000000000000000000, 0.0000000000000000000 ) ) ;
#928 = CIRCLE ( 'NONE', #1576, 22.09252271188808300 ) ;
#929 = LINE ( 'NONE', #3, #3447 ) ;
#930 = CARTESIAN_POINT ( 'NONE',  ( -4.300726136795674400, -30.26275445840356700, 4.780003341953968900 ) ) ;
#931 =( BOUNDED_SURFACE ( )  B_SPLINE_SURFACE ( 3, 2, ( 
 ( #1611, #2227, #3119 ),
 ( #1322, #3433, #1628 ),
 ( #3731, #1932, #92 ),
 ( #2243, #389, #2532 ),
 ( #704, #2833, #1020 ),
 ( #3131, #1337, #3444 ),
 ( #1637, #3744, #1944 ),
 ( #103, #2252, #403 ),
 ( #2545, #716, #2850 ),
 ( #1031, #3140, #1349 ),
 ( #3457, #2776, #1893 ),
 ( #854, #2983, #1172 ),
 ( #3285, #1483, #3601 ),
 ( #1791, #3889, #2100 ),
 ( #248, #2394, #560 ),
 ( #2695, #868, #2997 ),
 ( #1189, #3300, #1497 ),
 ( #3617, #1811, #3903 ) ),
 .UNSPECIFIED., .F., .F., .T. ) 
 B_SPLINE_SURFACE_WITH_KNOTS ( ( 4, 2, 2, 2, 2, 2, 2, 2, 4 ),
 ( 3, 3 ),
 ( -1.954382836122370300E-015, 0.0004231182090966430500, 0.0008462364181952404700, 0.0009520159704698898500, 0.001057795522744539100, 0.001163575075019188400, 0.001269354627293837800, 0.001480913731843136600, 0.001692472836392435300 ),
 ( 0.0000000000000000000, 1.000000000000000000 ),
 .UNSPECIFIED. ) 
 GEOMETRIC_REPRESENTATION_ITEM ( )  RATIONAL_B_SPLINE_SURFACE ( (
 ( 1.000000000000000000, 0.9966548990226528100, 1.000000000000000000),
 ( 1.000000000000000000, 0.9972983433854054600, 1.000000000000000000),
 ( 1.000000000000000000, 0.9978950381531651600, 1.000000000000000000),
 ( 1.000000000000000000, 0.9989115344403328700, 1.000000000000000000),
 ( 1.000000000000000000, 0.9993326954779920800, 1.000000000000000000),
 ( 1.000000000000000000, 0.9996780790573039900, 1.000000000000000000),
 ( 1.000000000000000000, 0.9997382405360193400, 1.000000000000000000),
 ( 1.000000000000000000, 0.9998372278433356200, 1.000000000000000000),
 ( 1.000000000000000000, 0.9998762203736635300, 1.000000000000000000),
 ( 1.000000000000000000, 0.9999228204621575200, 1.000000000000000000),
 ( 1.000000000000000000, 0.9999268103748840700, 1.000000000000000000),
 ( 1.000000000000000000, 0.9998896827306768000, 1.000000000000000000),
 ( 1.000000000000000000, 0.9998516718218621900, 1.000000000000000000),
 ( 1.000000000000000000, 0.9996978774060949500, 1.000000000000000000),
 ( 1.000000000000000000, 0.9995405452393125700, 1.000000000000000000),
 ( 1.000000000000000000, 0.9991188744959421700, 1.000000000000000000),
 ( 1.000000000000000000, 0.9988530421796408800, 1.000000000000000000),
 ( 1.000000000000000000, 0.9985265501754528900, 1.000000000000000000) ) ) 
 REPRESENTATION_ITEM ( '' )  SURFACE ( )  );
#932 = ORIENTED_EDGE ( 'NONE', *, *, #288, .T. ) ;
#933 = VECTOR ( 'NONE', #1936, 1000.000000000000000 ) ;
#934 = VERTEX_POINT ( 'NONE', #133 ) ;
#935 = CARTESIAN_POINT ( 'NONE',  ( 11.20669538389349100, -29.17065765377375200, 4.885841954319178400 ) ) ;
#936 = CARTESIAN_POINT ( 'NONE',  ( -14.40000000000000000, -3.500000000000000000, 0.5000000000000000000 ) ) ;
#937 = CARTESIAN_POINT ( 'NONE',  ( -10.23065965438763800, -31.38420748798082700, 7.589415207398531000E-016 ) ) ;
#938 = DIRECTION ( 'NONE',  ( 0.0000000000000000000, 0.0000000000000000000, 1.000000000000000000 ) ) ;
#939 = EDGE_CURVE ( 'NONE', #3121, #3643, #1883, .T. ) ;
#940 = ORIENTED_EDGE ( 'NONE', *, *, #2571, .F. ) ;
#941 = DIRECTION ( 'NONE',  ( -0.0000000000000000000, -1.000000000000000000, 0.0000000000000000000 ) ) ;
#942 = PLANE ( 'NONE',  #2756 ) ;
#943 = ORIENTED_EDGE ( 'NONE', *, *, #536, .T. ) ;
#944 = VERTEX_POINT ( 'NONE', #698 ) ;
#945 = DIRECTION ( 'NONE',  ( -2.410646912212208400E-016, 1.000000000000000000, 0.0000000000000000000 ) ) ;
#946 = VERTEX_POINT ( 'NONE', #384 ) ;
#947 = VERTEX_POINT ( 'NONE', #2827 ) ;
#948 = DIRECTION ( 'NONE',  ( 1.000000000000000000, 0.0000000000000000000, -6.938893903907228400E-016 ) ) ;
#949 = DIRECTION ( 'NONE',  ( 0.0000000000000000000, 0.5276611573545170200, -0.8494549446670446300 ) ) ;
#950 = ORIENTED_EDGE ( 'NONE', *, *, #1766, .F. ) ;
#951 = CARTESIAN_POINT ( 'NONE',  ( -10.97110552226250300, -28.13194708247755600, 5.273368432805459500 ) ) ;
#952 = DIRECTION ( 'NONE',  ( 0.0000000000000000000, 0.0000000000000000000, 1.000000000000000000 ) ) ;
#953 = CARTESIAN_POINT ( 'NONE',  ( -15.47890781092243300, -25.65697167018653200, 2.219983136212361000 ) ) ;
#954 = AXIS2_PLACEMENT_3D ( 'NONE', #91, #2242, #388 ) ;
#955 = CARTESIAN_POINT ( 'NONE',  ( -10.98564692092506000, -28.09839922555450500, 5.279094678242578300 ) ) ;
#956 = CARTESIAN_POINT ( 'NONE',  ( -14.80000000000000100, 0.0000000000000000000, 2.300000000000006000 ) ) ;
#957 = CARTESIAN_POINT ( 'NONE',  ( -11.06434685116305700, -27.92002256736319800, 5.309453666388271200 ) ) ;
#958 = CARTESIAN_POINT ( 'NONE',  ( -11.07291534641215200, -29.31437863458417300, 4.942146303386856200 ) ) ;
#959 = DIRECTION ( 'NONE',  ( -0.0000000000000000000, -0.0000000000000000000, -1.000000000000000000 ) ) ;
#960 = EDGE_CURVE ( 'NONE', #718, #3735, #2736, .T. ) ;
#961 = CARTESIAN_POINT ( 'NONE',  ( -10.80000000000000600, -28.00000000000000700, 0.0000000000000000000 ) ) ;
#962 = ORIENTED_EDGE ( 'NONE', *, *, #3819, .T. ) ;
#963 =( BOUNDED_SURFACE ( )  B_SPLINE_SURFACE ( 3, 2, ( 
 ( #3767, #750, #1679 ),
 ( #3784, #1985, #142 ),
 ( #2293, #449, #2589 ),
 ( #757, #2892, #1072 ) ),
 .UNSPECIFIED., .F., .F., .F. ) 
 B_SPLINE_SURFACE_WITH_KNOTS ( ( 4, 4 ),
 ( 3, 3 ),
 ( 6.463471251272334700E-016, 0.0006338246353517160700 ),
 ( 0.0000000000000000000, 1.000000000000000000 ),
 .UNSPECIFIED. ) 
 GEOMETRIC_REPRESENTATION_ITEM ( )  RATIONAL_B_SPLINE_SURFACE ( (
 ( 1.000000000000000000, 0.7936298303166305900, 1.000000000000000000),
 ( 1.000000000000000000, 0.8104715728860834000, 1.000000000000000000),
 ( 1.000000000000000000, 0.8316895327069296900, 1.000000000000000000),
 ( 1.000000000000000000, 0.8544047142265370800, 1.000000000000000000) ) ) 
 REPRESENTATION_ITEM ( '' )  SURFACE ( )  );
#964 = DIRECTION ( 'NONE',  ( 0.0000000000000000000, -0.0000000000000000000, 1.000000000000000000 ) ) ;
#965 = EDGE_CURVE ( 'NONE', #934, #3460, #396, .T. ) ;
#966 = CARTESIAN_POINT ( 'NONE',  ( -6.654657383266247500, -28.83308288952722300, 5.922206433458277400 ) ) ;
#967 = CARTESIAN_POINT ( 'NONE',  ( 12.34458820645176800, -26.92383849099285300, 4.750268268950502000 ) ) ;
#968 = CARTESIAN_POINT ( 'NONE',  ( -11.92424624602280600, -26.72162587826541000, 5.602940427245577800 ) ) ;
#969 = CARTESIAN_POINT ( 'NONE',  ( -8.613333333333352800, -23.43548017886970700, 8.000000000000000000 ) ) ;
#970 = LINE ( 'NONE', #3933, #144 ) ;
#971 = DIRECTION ( 'NONE',  ( 0.0000000000000000000, -0.8619342151577684700, -0.5070201265633955700 ) ) ;
#972 = CARTESIAN_POINT ( 'NONE',  ( 7.813503862524203000, -29.48660297937997800, 5.262130134287236400 ) ) ;
#973 = VECTOR ( 'NONE', #2948, 1000.000000000000000 ) ;
#974 = CARTESIAN_POINT ( 'NONE',  ( -10.98564690562891500, -28.09839926017688000, 5.279094672352303300 ) ) ;
#975 = CIRCLE ( 'NONE', #1693, 0.4000000000000001900 ) ;
#976 = VECTOR ( 'NONE', #299, 1000.000000000000000 ) ;
#977 = CARTESIAN_POINT ( 'NONE',  ( 12.40196751873836200, -27.80660146243430100, 3.463796012656621800 ) ) ;
#978 = CARTESIAN_POINT ( 'NONE',  ( -13.19999999999999600, -24.50000000000000000, 1.600000000000004100 ) ) ;
#979 = AXIS2_PLACEMENT_3D ( 'NONE', #3427, #1621, #3724 ) ;
#980 = EDGE_CURVE ( 'NONE', #1312, #690, #1122, .T. ) ;
#981 = VECTOR ( 'NONE', #3082, 1000.000000000000000 ) ;
#982 = LINE ( 'NONE', #2895, #1694 ) ;
#983 = FACE_OUTER_BOUND ( 'NONE', #777, .T. ) ;
#984 = AXIS2_PLACEMENT_3D ( 'NONE', #3044, #1242, #3353 ) ;
#985 = CARTESIAN_POINT ( 'NONE',  ( -4.455916575784341300, -29.80650876153520600, 5.063412290196470000 ) ) ;
#986 = CARTESIAN_POINT ( 'NONE',  ( 14.50000000000000000, -24.50000000000000000, 2.300000000000000300 ) ) ;
#987 = CARTESIAN_POINT ( 'NONE',  ( -14.86139238593916500, -26.00805437165700000, 2.739431502537818200 ) ) ;
#988 = ORIENTED_EDGE ( 'NONE', *, *, #2018, .T. ) ;
#989 = CARTESIAN_POINT ( 'NONE',  ( 12.80000000000000600, -28.00000000000000700, 0.0000000000000000000 ) ) ;
#990 = CARTESIAN_POINT ( 'NONE',  ( 7.217862058861541600, -29.30354120998398000, 5.375843740539498800 ) ) ;
#991 = ORIENTED_EDGE ( 'NONE', *, *, #285, .T. ) ;
#992 = ORIENTED_EDGE ( 'NONE', *, *, #2137, .F. ) ;
#993 = VERTEX_POINT ( 'NONE', #711 ) ;
#994 = B_SPLINE_CURVE_WITH_KNOTS ( 'NONE', 3,
 ( #52, #330, #3392, #358 ),
 .UNSPECIFIED., .F., .F.,
 ( 4, 4 ),
 ( 0.0000000000000000000, 0.002830950285576841700 ),
 .UNSPECIFIED. ) ;
#995 = CARTESIAN_POINT ( 'NONE',  ( 14.50000000000000000, 0.0000000000000000000, 2.300000000000000300 ) ) ;
#996 = CARTESIAN_POINT ( 'NONE',  ( 11.35077297404744500, -28.95120597236609700, 4.800775319730608900 ) ) ;
#997 = DIRECTION ( 'NONE',  ( 0.0000000000000000000, -0.0000000000000000000, 1.000000000000000000 ) ) ;
#998 = EDGE_CURVE ( 'NONE', #366, #166, #2649, .T. ) ;
#999 = EDGE_LOOP ( 'NONE', ( #1703, #784 ) ) ;
#1000 = ORIENTED_EDGE ( 'NONE', *, *, #1444, .F. ) ;
#1001 = CARTESIAN_POINT ( 'NONE',  ( 10.80000000000000100, 0.0000000000000000000, 8.000000000000000000 ) ) ;
#1002 = ORIENTED_EDGE ( 'NONE', *, *, #1375, .F. ) ;
#1003 = CARTESIAN_POINT ( 'NONE',  ( -11.82876934021197500, -27.18470273080615100, 4.947027834177821300 ) ) ;
#1004 = AXIS2_PLACEMENT_3D ( 'NONE', #3552, #1738, #3838 ) ;
#1005 = ORIENTED_EDGE ( 'NONE', *, *, #2791, .F. ) ;
#1006 = DIRECTION ( 'NONE',  ( -0.0000000000000000000, -0.0000000000000000000, 1.000000000000000000 ) ) ;
#1007 = DIRECTION ( 'NONE',  ( -0.0000000000000000000, -0.0000000000000000000, -1.000000000000000000 ) ) ;
#1008 = ADVANCED_FACE ( 'NONE', ( #1033 ), #3545, .F. ) ;
#1009 = CARTESIAN_POINT ( 'NONE',  ( -10.00000000662589400, -31.38420748798082700, 1.785862544847417000 ) ) ;
#1010 = CARTESIAN_POINT ( 'NONE',  ( -10.17914646480027400, -29.28015032897149800, 5.232763454621357700 ) ) ;
#1011 = DIRECTION ( 'NONE',  ( 0.0000000000000000000, 0.0000000000000000000, -1.000000000000000000 ) ) ;
#1012 = CARTESIAN_POINT ( 'NONE',  ( -7.302103469516900700, -29.18077990437147700, 5.439519811095969700 ) ) ;
#1013 = AXIS2_PLACEMENT_3D ( 'NONE', #2810, #997, #3104 ) ;
#1014 = EDGE_LOOP ( 'NONE', ( #2648, #2239, #1287, #2425 ) ) ;
#1015 = CARTESIAN_POINT ( 'NONE',  ( -9.999999999999994700, -31.38420748798082700, 0.0000000000000000000 ) ) ;
#1016 = ORIENTED_EDGE ( 'NONE', *, *, #2265, .F. ) ;
#1017 = VERTEX_POINT ( 'NONE', #1953 ) ;
#1018 = DIRECTION ( 'NONE',  ( -1.000000000000000000, 0.0000000000000000000, 0.0000000000000000000 ) ) ;
#1019 = CARTESIAN_POINT ( 'NONE',  ( 12.88971605392592000, -27.11821867048724500, 3.916840052400088400 ) ) ;
#1020 = CARTESIAN_POINT ( 'NONE',  ( 7.045921487937249600, -28.87666448564195700, 5.717291119065270000 ) ) ;
#1021 = FACE_OUTER_BOUND ( 'NONE', #118, .T. ) ;
#1022 = ADVANCED_FACE ( 'NONE', ( #3351 ), #2254, .F. ) ;
#1023 = CARTESIAN_POINT ( 'NONE',  ( -7.106841943559450300, -28.92933867071347400, 5.653691571054320500 ) ) ;
#1024 = CARTESIAN_POINT ( 'NONE',  ( 7.960204194457797400E-016, -6.500000000000002700, 6.832763454621357400 ) ) ;
#1025 = FACE_OUTER_BOUND ( 'NONE', #3436, .T. ) ;
#1026 = DIRECTION ( 'NONE',  ( 1.000000000000000000, 1.746062762822404500E-016, -0.0000000000000000000 ) ) ;
#1027 = CIRCLE ( 'NONE', #1004, 0.1000000000000011300 ) ;
#1028 = LINE ( 'NONE', #1506, #3346 ) ;
#1029 = CARTESIAN_POINT ( 'NONE',  ( 6.800000000000003400, -19.87011593068661600, 8.000000000000000000 ) ) ;
#1030 = CARTESIAN_POINT ( 'NONE',  ( 16.00090755062360900, -25.36621756990867700, 1.731998822804918800 ) ) ;
#1031 = CARTESIAN_POINT ( 'NONE',  ( 7.068779419179350900, -28.69745386625672300, 5.925560990305548600 ) ) ;
#1032 = ORIENTED_EDGE ( 'NONE', *, *, #340, .T. ) ;
#1033 = FACE_OUTER_BOUND ( 'NONE', #2748, .T. ) ;
#1034 = ORIENTED_EDGE ( 'NONE', *, *, #1091, .T. ) ;
#1035 = CARTESIAN_POINT ( 'NONE',  ( -7.057184765210995400, -28.74433235428847400, 5.868453545271614200 ) ) ;
#1036 = ORIENTED_EDGE ( 'NONE', *, *, #495, .F. ) ;
#1037 = CARTESIAN_POINT ( 'NONE',  ( 13.89252271188808900, -6.500000000000000000, 8.000000000000000000 ) ) ;
#1038 = EDGE_CURVE ( 'NONE', #2423, #3563, #1221, .T. ) ;
#1039 = ORIENTED_EDGE ( 'NONE', *, *, #2296, .F. ) ;
#1040 = ORIENTED_EDGE ( 'NONE', *, *, #909, .F. ) ;
#1041 = CARTESIAN_POINT ( 'NONE',  ( 11.34030559198602500, -30.68715577468167400, 3.695788329949957000 ) ) ;
#1042 = ORIENTED_EDGE ( 'NONE', *, *, #3403, .T. ) ;
#1043 = EDGE_LOOP ( 'NONE', ( #1808, #2244, #469, #2929 ) ) ;
#1044 = CARTESIAN_POINT ( 'NONE',  ( 11.60000000000000500, -30.50011403779498300, 3.852364819022451800 ) ) ;
#1045 =( BOUNDED_SURFACE ( )  B_SPLINE_SURFACE ( 3, 2, ( 
 ( #2666, #804, #831 ),
 ( #2954, #1150, #3263 ),
 ( #1458, #3577, #1770 ),
 ( #3862, #2070, #229 ) ),
 .UNSPECIFIED., .F., .F., .F. ) 
 B_SPLINE_SURFACE_WITH_KNOTS ( ( 4, 4 ),
 ( 3, 3 ),
 ( 4.041905699025960500E-016, 0.0001331384464978758700 ),
 ( 0.0000000000000000000, 1.000000000000000000 ),
 .UNSPECIFIED. ) 
 GEOMETRIC_REPRESENTATION_ITEM ( )  RATIONAL_B_SPLINE_SURFACE ( (
 ( 1.000000000000000000, 0.8104657287972730800, 1.000000000000000000),
 ( 1.000000000000000000, 0.8049188318203630600, 1.000000000000000000),
 ( 1.000000000000000000, 0.7993019028897412300, 1.000000000000000000),
 ( 1.000000000000000000, 0.7936298303146163100, 1.000000000000000000) ) ) 
 REPRESENTATION_ITEM ( '' )  SURFACE ( )  );
#1046 = CARTESIAN_POINT ( 'NONE',  ( 11.65991673088939600, -28.14869613689102900, 4.620067641379798800 ) ) ;
#1047 = EDGE_CURVE ( 'NONE', #3792, #2105, #2552, .T. ) ;
#1048 = ORIENTED_EDGE ( 'NONE', *, *, #2386, .T. ) ;
#1049 = CARTESIAN_POINT ( 'NONE',  ( -1.299323465283027700, -30.28543720415969900, 4.765913361132931800 ) ) ;
#1050 = CARTESIAN_POINT ( 'NONE',  ( -7.149346270502988400, -28.62256868765809500, 5.996441774170505400 ) ) ;
#1051 = CARTESIAN_POINT ( 'NONE',  ( -11.81986923692992700, -30.18959826679926900, 0.0000000000000000000 ) ) ;
#1052 = CARTESIAN_POINT ( 'NONE',  ( 11.60000000000000700, -29.78420748798082200, 3.193704550949334500 ) ) ;
#1053 = AXIS2_PLACEMENT_3D ( 'NONE', #1260, #3373, #1575 ) ;
#1054 = CARTESIAN_POINT ( 'NONE',  ( -2.777822978973917100, -29.92828767548268200, 5.298615674645723100 ) ) ;
#1055 = ORIENTED_EDGE ( 'NONE', *, *, #2823, .F. ) ;
#1056 = CARTESIAN_POINT ( 'NONE',  ( 2.648406636096157600, -30.56858785896891800, 4.590026925767188200 ) ) ;
#1057 = CARTESIAN_POINT ( 'NONE',  ( -7.511898687562059300, -28.46356929640887000, 6.059693943887260100 ) ) ;
#1058 = CARTESIAN_POINT ( 'NONE',  ( -10.98582514788114000, -28.09799526671574600, 5.279163430410737800 ) ) ;
#1059 = CARTESIAN_POINT ( 'NONE',  ( -10.98529063199598200, -28.09920724736352000, 5.278957358226438000 ) ) ;
#1060 = DIRECTION ( 'NONE',  ( -1.000000000000000000, 0.0000000000000000000, 0.0000000000000000000 ) ) ;
#1061 = EDGE_CURVE ( 'NONE', #947, #3312, #1586, .T. ) ;
#1062 = PRODUCT_DEFINITION_SHAPE ( 'NONE', 'NONE',  #3877 ) ;
#1063 = AXIS2_PLACEMENT_3D ( 'NONE', #2290, #1387, #3494 ) ;
#1064 = CARTESIAN_POINT ( 'NONE',  ( 5.238338182688440100, -29.36671153733381700, 5.614269879548181100 ) ) ;
#1065 = PLANE ( 'NONE',  #1063 ) ;
#1066 = CARTESIAN_POINT ( 'NONE',  ( -10.88009569477685200, -28.35545878872559200, 5.241275748036708000 ) ) ;
#1067 = CIRCLE ( 'NONE', #866, 19.00000000000000000 ) ;
#1068 = VECTOR ( 'NONE', #2886, 1000.000000000000000 ) ;
#1069 = ADVANCED_FACE ( 'NONE', ( #2457 ), #3161, .T. ) ;
#1070 = CARTESIAN_POINT ( 'NONE',  ( 7.959120312111819500, -29.62520295700848300, 5.176035132940946900 ) ) ;
#1071 = CARTESIAN_POINT ( 'NONE',  ( -13.29999999999999900, -3.500000000000000000, 0.0000000000000000000 ) ) ;
#1072 = CARTESIAN_POINT ( 'NONE',  ( 11.35077297405148400, -28.95120597236681400, 4.800775319729646100 ) ) ;
#1073 = EDGE_LOOP ( 'NONE', ( #1101, #1136, #306, #2043 ) ) ;
#1074 = CARTESIAN_POINT ( 'NONE',  ( -9.999999999999994700, -30.30528118192800900, 4.753586755301217400 ) ) ;
#1075 = AXIS2_PLACEMENT_3D ( 'NONE', #1722, #2634, #3229 ) ;
#1076 = VERTEX_POINT ( 'NONE', #1650 ) ;
#1077 = ORIENTED_EDGE ( 'NONE', *, *, #3018, .F. ) ;
#1078 = LINE ( 'NONE', #13, #254 ) ;
#1079 = ORIENTED_EDGE ( 'NONE', *, *, #90, .F. ) ;
#1080 = CARTESIAN_POINT ( 'NONE',  ( -10.01481025735175300, -29.30563386371789000, 5.232763454621357700 ) ) ;
#1081 = CARTESIAN_POINT ( 'NONE',  ( 11.54860183360594500, -28.19773814265841900, 5.194443860536853000 ) ) ;
#1082 = ORIENTED_EDGE ( 'NONE', *, *, #3565, .T. ) ;
#1083 = CARTESIAN_POINT ( 'NONE',  ( 1.089494974751325400, -29.40183381901538300, 6.598622584119945100 ) ) ;
#1084 = DIRECTION ( 'NONE',  ( 0.0000000000000000000, -0.0000000000000000000, 1.000000000000000000 ) ) ;
#1085 = CARTESIAN_POINT ( 'NONE',  ( -7.134353062240927900, -29.10779255675615200, 5.497438136523599400 ) ) ;
#1086 = ORIENTED_EDGE ( 'NONE', *, *, #3613, .F. ) ;
#1087 = EDGE_LOOP ( 'NONE', ( #3435, #2660, #1858, #2746, #2278 ) ) ;
#1088 = AXIS2_PLACEMENT_3D ( 'NONE', #768, #1084, #3196 ) ;
#1089 = CARTESIAN_POINT ( 'NONE',  ( -11.60000000000009200, -30.00601612669056100, 1.883859657816997500 ) ) ;
#1090 = EDGE_CURVE ( 'NONE', #3867, #3033, #3394, .T. ) ;
#1091 = EDGE_CURVE ( 'NONE', #128, #2275, #3452, .T. ) ;
#1092 = ADVANCED_FACE ( 'NONE', ( #24 ), #1676, .T. ) ;
#1093 = CARTESIAN_POINT ( 'NONE',  ( -10.09225281639355600, -31.38420748798082700, 0.9354833448376568300 ) ) ;
#1094 = CARTESIAN_POINT ( 'NONE',  ( -12.24013200055412800, -29.26303531869357900, 0.8983238782652465100 ) ) ;
#1095 = CARTESIAN_POINT ( 'NONE',  ( 11.78185604172122000, -27.86855738146568800, 4.007996933589267600 ) ) ;
#1096 = DIRECTION ( 'NONE',  ( -2.385244779468113900E-014, -1.000000000000000000, 0.0000000000000000000 ) ) ;
#1097 = EDGE_LOOP ( 'NONE', ( #3026, #1308, #3740 ) ) ;
#1098 = CARTESIAN_POINT ( 'NONE',  ( 10.80000000000000400, -19.21833477758634200, 5.165685424949238300 ) ) ;
#1099 = PLANE ( 'NONE',  #1550 ) ;
#1100 = EDGE_CURVE ( 'NONE', #2470, #1121, #143, .T. ) ;
#1101 = ORIENTED_EDGE ( 'NONE', *, *, #3434, .F. ) ;
#1102 = DIRECTION ( 'NONE',  ( -0.0000000000000000000, 1.000000000000000000, -0.0000000000000000000 ) ) ;
#1103 = EDGE_LOOP ( 'NONE', ( #1333, #4, #3358 ) ) ;
#1104 = ORIENTED_EDGE ( 'NONE', *, *, #902, .T. ) ;
#1105 = CARTESIAN_POINT ( 'NONE',  ( -2.313929449863347400, -29.33650423140268500, 6.511888284171221600 ) ) ;
#1106 = CARTESIAN_POINT ( 'NONE',  ( 11.43129775120979000, -28.48442595182099500, 3.267843515605907800 ) ) ;
#1107 = EDGE_CURVE ( 'NONE', #200, #1462, #3247, .T. ) ;
#1108 = ADVANCED_FACE ( 'NONE', ( #1562 ), #2603, .F. ) ;
#1109 = LINE ( 'NONE', #2142, #1844 ) ;
#1110 = CARTESIAN_POINT ( 'NONE',  ( 16.96792001667439100, -25.68110385234386300, 3.233660153538852300E-031 ) ) ;
#1111 = CARTESIAN_POINT ( 'NONE',  ( 11.65439435422619900, -30.20311422830970800, 0.9587908030027930700 ) ) ;
#1112 = CARTESIAN_POINT ( 'NONE',  ( -9.999999999999994700, -31.38420748798082700, 3.638544005341468200 ) ) ;
#1113 = EDGE_CURVE ( 'NONE', #3458, #1291, #1750, .T. ) ;
#1114 = ADVANCED_FACE ( 'NONE', ( #2360 ), #1402, .F. ) ;
#1115 = FACE_OUTER_BOUND ( 'NONE', #2656, .T. ) ;
#1116 = CARTESIAN_POINT ( 'NONE',  ( 11.73278752558497100, -30.37973764905447300, 0.0000000000000000000 ) ) ;
#1117 = CYLINDRICAL_SURFACE ( 'NONE', #2019, 0.7999999999999986000 ) ;
#1118 = FACE_OUTER_BOUND ( 'NONE', #2428, .T. ) ;
#1119 = EDGE_CURVE ( 'NONE', #2536, #2561, #733, .T. ) ;
#1120 = DIRECTION ( 'NONE',  ( -1.746062762822404500E-016, 1.000000000000000000, -0.0000000000000000000 ) ) ;
#1121 = VERTEX_POINT ( 'NONE', #3511 ) ;
#1122 = LINE ( 'NONE', #681, #301 ) ;
#1123 = ORIENTED_EDGE ( 'NONE', *, *, #3000, .F. ) ;
#1124 = CARTESIAN_POINT ( 'NONE',  ( 12.47698762438282400, -29.52774134045000000, 1.525054627708834700E-015 ) ) ;
#1125 = CARTESIAN_POINT ( 'NONE',  ( -11.00119713824620300, -31.19995038323866200, 0.0000000000000000000 ) ) ;
#1126 = CARTESIAN_POINT ( 'NONE',  ( 11.69796357087276600, -27.92423108173540000, 4.712413681277429800 ) ) ;
#1127 = VERTEX_POINT ( 'NONE', #488 ) ;
#1128 = CARTESIAN_POINT ( 'NONE',  ( -11.66599430735010400, -28.11264548694466500, 4.635041320002573100 ) ) ;
#1129 = AXIS2_PLACEMENT_3D ( 'NONE', #2493, #2788, #971 ) ;
#1130 = CARTESIAN_POINT ( 'NONE',  ( 13.68347321492553300, -27.85259959200125100, 2.420493481564854700 ) ) ;
#1131 = CARTESIAN_POINT ( 'NONE',  ( -11.27946691443422200, -30.53526283628326300, 3.884703002044625800 ) ) ;
#1132 = ORIENTED_EDGE ( 'NONE', *, *, #3633, .T. ) ;
#1133 = EDGE_LOOP ( 'NONE', ( #2923, #1638, #1863, #3465, #2198 ) ) ;
#1134 = ORIENTED_EDGE ( 'NONE', *, *, #759, .F. ) ;
#1135 = ORIENTED_EDGE ( 'NONE', *, *, #1245, .T. ) ;
#1136 = ORIENTED_EDGE ( 'NONE', *, *, #3222, .T. ) ;
#1137 =( NAMED_UNIT ( * ) PLANE_ANGLE_UNIT ( ) SI_UNIT ( $, .RADIAN. ) );
#1138 =( BOUNDED_SURFACE ( )  B_SPLINE_SURFACE ( 3, 2, ( 
 ( #3508, #3804, #2615 ),
 ( #2907, #3482, #2584 ),
 ( #3191, #765, #420 ),
 ( #2896, #1081, #1700 ) ),
 .UNSPECIFIED., .F., .F., .T. ) 
 B_SPLINE_SURFACE_WITH_KNOTS ( ( 4, 4 ),
 ( 3, 3 ),
 ( 0.0001341650003167415600, 0.0001358031944525413000 ),
 ( 0.0000000000000000000, 1.000000000000000000 ),
 .UNSPECIFIED. ) 
 GEOMETRIC_REPRESENTATION_ITEM ( )  RATIONAL_B_SPLINE_SURFACE ( (
 ( 1.000000000000000000, 0.8104657287970452600, 1.000000000000000000),
 ( 1.000000000000000000, 0.8105346189003598300, 1.000000000000000000),
 ( 1.000000000000000000, 0.8106034983635243000, 1.000000000000000000),
 ( 1.000000000000000000, 0.8106723671576230300, 1.000000000000000000) ) ) 
 REPRESENTATION_ITEM ( '' )  SURFACE ( )  );
#1139 = CARTESIAN_POINT ( 'NONE',  ( 12.13922073694649800, -29.77435931101031500, 0.0000000000000000000 ) ) ;
#1140 = CARTESIAN_POINT ( 'NONE',  ( -15.66886612875816500, -28.09838523796839700, 0.2105777096785569900 ) ) ;
#1141 = ORIENTED_EDGE ( 'NONE', *, *, #184, .F. ) ;
#1142 = CARTESIAN_POINT ( 'NONE',  ( 11.92427218523069500, -26.72155799193717500, 5.602970692557907000 ) ) ;
#1143 = DIRECTION ( 'NONE',  ( 0.0000000000000000000, 0.8619342151577684700, 0.5070201265633955700 ) ) ;
#1144 = CARTESIAN_POINT ( 'NONE',  ( 16.35103052073564500, -25.18188584977801600, 1.361634330670362700 ) ) ;
#1145 = CARTESIAN_POINT ( 'NONE',  ( -13.19999999999999400, 0.0000000000000000000, 4.500000000000004400 ) ) ;
#1146 = CARTESIAN_POINT ( 'NONE',  ( -11.59999999999999600, -29.78420748798082600, 3.193704550949335800 ) ) ;
#1147 = EDGE_CURVE ( 'NONE', #3544, #279, #558, .T. ) ;
#1148 = CARTESIAN_POINT ( 'NONE',  ( -6.799999999999998000, -19.87011593068661600, 8.000000000000000000 ) ) ;
#1149 = DIRECTION ( 'NONE',  ( -1.000000000000000000, 0.0000000000000000000, 0.0000000000000000000 ) ) ;
#1150 = CARTESIAN_POINT ( 'NONE',  ( -11.54666880096763000, -28.23225700145271900, 5.192859989333520300 ) ) ;
#1151 = CARTESIAN_POINT ( 'NONE',  ( -5.001358668261711500, -29.88852134713169000, 4.684313984650340300 ) ) ;
#1152 = CARTESIAN_POINT ( 'NONE',  ( 10.00000000000000500, -30.30528118192231400, 4.753586755304754200 ) ) ;
#1153 = ORIENTED_EDGE ( 'NONE', *, *, #724, .T. ) ;
#1154 = CARTESIAN_POINT ( 'NONE',  ( -13.19999999999999400, 0.0000000000000000000, 4.100000000000005000 ) ) ;
#1155 = CARTESIAN_POINT ( 'NONE',  ( 10.00000000000000500, -30.58420748798081900, 3.638544005341468200 ) ) ;
#1156 = AXIS2_PLACEMENT_3D ( 'NONE', #3008, #904, #3025 ) ;
#1157 = B_SPLINE_CURVE_WITH_KNOTS ( 'NONE', 3,
 ( #29, #1876, #633, #2768 ),
 .UNSPECIFIED., .F., .F.,
 ( 4, 4 ),
 ( 9.875123378179027600E-005, 0.001825986247707585100 ),
 .UNSPECIFIED. ) ;
#1158 = CYLINDRICAL_SURFACE ( 'NONE', #3151, 7.394024400970568700 ) ;
#1159 = CARTESIAN_POINT ( 'NONE',  ( -11.64901324572303300, -28.21883677909257000, 4.592804930482141200 ) ) ;
#1160 = CARTESIAN_POINT ( 'NONE',  ( -17.50137142655966500, -24.62782332962043000, 0.0000000000000000000 ) ) ;
#1161 = CARTESIAN_POINT ( 'NONE',  ( -13.19999999999999600, -28.48160187857115800, 4.900932156714961100 ) ) ;
#1162 = EDGE_CURVE ( 'NONE', #1076, #3215, #3096, .T. ) ;
#1163 = DIRECTION ( 'NONE',  ( 3.469446951953616700E-016, 0.0000000000000000000, 1.000000000000000000 ) ) ;
#1164 = CIRCLE ( 'NONE', #85, 1.600000000000000800 ) ;
#1165 = CARTESIAN_POINT ( 'NONE',  ( 7.227264882254867300, -28.60296139720537700, 5.988989729684576000 ) ) ;
#1166 = CARTESIAN_POINT ( 'NONE',  ( 10.80000000000000100, 0.0000000000000000000, 8.000000000000000000 ) ) ;
#1167 = CYLINDRICAL_SURFACE ( 'NONE', #3791, 0.2999999999999999300 ) ;
#1168 = CARTESIAN_POINT ( 'NONE',  ( -15.26935652173183800, -27.70964451841050600, 0.0000000000000000000 ) ) ;
#1169 = EDGE_CURVE ( 'NONE', #1659, #2033, #3060, .T. ) ;
#1170 = FACE_OUTER_BOUND ( 'NONE', #3773, .T. ) ;
#1171 = EDGE_LOOP ( 'NONE', ( #1344, #790, #2834, #2882 ) ) ;
#1172 = CARTESIAN_POINT ( 'NONE',  ( 7.119784987838484000, -28.63978163475464500, 5.984834471066397700 ) ) ;
#1173 = EDGE_LOOP ( 'NONE', ( #1629, #2194, #1612, #1906 ) ) ;
#1174 = CARTESIAN_POINT ( 'NONE',  ( -10.79999999999999700, -12.99390235989686300, 7.000615593644232200 ) ) ;
#1175 = CARTESIAN_POINT ( 'NONE',  ( -1.043999977102753700, -30.12081199996787400, 5.150188854846922100 ) ) ;
#1176 = FACE_OUTER_BOUND ( 'NONE', #3315, .T. ) ;
#1177 = CARTESIAN_POINT ( 'NONE',  ( -11.60000000001064200, -29.44571698192529400, 1.403280886648719200 ) ) ;
#1178 = ORIENTED_EDGE ( 'NONE', *, *, #1933, .F. ) ;
#1179 = AXIS2_PLACEMENT_3D ( 'NONE', #99, #2249, #398 ) ;
#1180 = EDGE_CURVE ( 'NONE', #2846, #2764, #2272, .T. ) ;
#1181 = CARTESIAN_POINT ( 'NONE',  ( -7.778376005499743500, -29.58772456195349300, 5.199315818320045000 ) ) ;
#1182 = DIRECTION ( 'NONE',  ( -0.0000000000000000000, -1.000000000000000000, -0.0000000000000000000 ) ) ;
#1183 = ORIENTED_EDGE ( 'NONE', *, *, #3061, .F. ) ;
#1184 = AXIS2_PLACEMENT_3D ( 'NONE', #912, #1224, #3338 ) ;
#1185 = DIRECTION ( 'NONE',  ( -4.336808689942025600E-015, -1.000000000000000000, 0.0000000000000000000 ) ) ;
#1186 = ORIENTED_EDGE ( 'NONE', *, *, #1450, .F. ) ;
#1187 = ADVANCED_FACE ( 'NONE', ( #1457 ), #1745, .T. ) ;
#1188 = CARTESIAN_POINT ( 'NONE',  ( -29.86248267878166000, -25.20835647758647000, 5.218308137104039600 ) ) ;
#1189 = CARTESIAN_POINT ( 'NONE',  ( 7.524585845949614400, -28.47950096599320000, 6.026845987932597700 ) ) ;
#1190 = CARTESIAN_POINT ( 'NONE',  ( -7.320992803148513400, -29.21363422954197000, 5.418592859966739900 ) ) ;
#1191 = CARTESIAN_POINT ( 'NONE',  ( -12.27757976009868900, -26.01024299385893100, 6.032763454621348700 ) ) ;
#1192 = CARTESIAN_POINT ( 'NONE',  ( -14.77068587768845000, -26.05894490301351500, 2.822555786444035600 ) ) ;
#1193 = EDGE_CURVE ( 'NONE', #169, #450, #2963, .T. ) ;
#1194 = CARTESIAN_POINT ( 'NONE',  ( -7.284520848006604200, -29.36375602310060300, 5.338439734384169600 ) ) ;
#1195 = CARTESIAN_POINT ( 'NONE',  ( 7.143601244962743700, -28.62644562470724100, 5.993397626397047900 ) ) ;
#1196 = EDGE_LOOP ( 'NONE', ( #2369, #1666, #2328, #2904 ) ) ;
#1197 = CARTESIAN_POINT ( 'NONE',  ( -6.492683267796305600, -28.88762479532614700, 5.891097322002937500 ) ) ;
#1198 = ORIENTED_EDGE ( 'NONE', *, *, #3639, .F. ) ;
#1199 = CARTESIAN_POINT ( 'NONE',  ( -4.336808689942017700E-015, -25.59569903595327000, 5.119841195988374900 ) ) ;
#1200 = ORIENTED_EDGE ( 'NONE', *, *, #3324, .T. ) ;
#1201 = CARTESIAN_POINT ( 'NONE',  ( 12.27757976009869800, -26.01024299385892700, 6.032763454621348700 ) ) ;
#1202 = ORIENTED_EDGE ( 'NONE', *, *, #3628, .F. ) ;
#1204 = CARTESIAN_POINT ( 'NONE',  ( 10.24250975477415800, -31.38420748744485100, 4.083383459434141800 ) ) ;
#1203 = CARTESIAN_POINT ( 'NONE',  ( 11.60000000000000700, -30.98671100264311900, 0.1996515294201408900 ) ) ;
#1205 = CARTESIAN_POINT ( 'NONE',  ( -0.5933404759182130400, -29.40150953052961600, 6.598194033731376300 ) ) ;
#1206 = CARTESIAN_POINT ( 'NONE',  ( 11.47735871097718200, -29.85490289315685100, 5.033351009534953800 ) ) ;
#1207 = CARTESIAN_POINT ( 'NONE',  ( -18.73201513087678500, -31.38420748798082700, 7.589415207398531000E-016 ) ) ;
#1208 = ADVANCED_FACE ( 'NONE', ( #2184 ), #852, .T. ) ;
#1209 = PLANE ( 'NONE',  #1184 ) ;
#1210 = AXIS2_PLACEMENT_3D ( 'NONE', #2180, #3077, #949 ) ;
#1211 = VECTOR ( 'NONE', #3334, 1000.000000000000000 ) ;
#1212 = CARTESIAN_POINT ( 'NONE',  ( -9.999999999999895200, -30.11257647555845200, 4.873290324076696900 ) ) ;
#1213 = AXIS2_PLACEMENT_3D ( 'NONE', #379, #2525, #887 ) ;
#1214 = CARTESIAN_POINT ( 'NONE',  ( 12.80000000000000600, -24.50000000000000000, 2.079274057836300000 ) ) ;
#1215 = VECTOR ( 'NONE', #673, 1000.000000000000000 ) ;
#1216 = LINE ( 'NONE', #1421, #294 ) ;
#1217 = CARTESIAN_POINT ( 'NONE',  ( -7.563237745139896400, -28.46324970542456600, 6.031560790471747400 ) ) ;
#1218 = PLANE ( 'NONE',  #2709 ) ;
#1219 = CARTESIAN_POINT ( 'NONE',  ( 5.765390758147286300, -29.44237210459213100, 5.307048464768461900 ) ) ;
#1220 = ORIENTED_EDGE ( 'NONE', *, *, #1720, .T. ) ;
#1221 = LINE ( 'NONE', #2843, #201 ) ;
#1222 = ORIENTED_EDGE ( 'NONE', *, *, #1736, .F. ) ;
#1223 = DIRECTION ( 'NONE',  ( -0.0000000000000000000, -0.0000000000000000000, -1.000000000000000000 ) ) ;
#1224 = DIRECTION ( 'NONE',  ( 0.0000000000000000000, 0.5000000000000035500, -0.8660254037844366000 ) ) ;
#1225 = ORIENTED_EDGE ( 'NONE', *, *, #1331, .F. ) ;
#1226 = CARTESIAN_POINT ( 'NONE',  ( 6.072259554547058800, -29.72706200637969000, 5.112762720183003900 ) ) ;
#1227 = DIRECTION ( 'NONE',  ( 1.000000000000000000, 1.746062762822407900E-016, 0.0000000000000000000 ) ) ;
#1228 =( BOUNDED_SURFACE ( )  B_SPLINE_SURFACE ( 3, 2, ( 
 ( #1278, #3386, #2495 ),
 ( #658, #2793, #974 ),
 ( #3091, #1293, #3404 ),
 ( #1596, #554, #3592 ) ),
 .UNSPECIFIED., .F., .F., .T. ) 
 B_SPLINE_SURFACE_WITH_KNOTS ( ( 4, 4 ),
 ( 3, 3 ),
 ( 3.338800590169110900E-016, 1.638194135923983200E-006 ),
 ( 0.0000000000000000000, 1.000000000000000000 ),
 .UNSPECIFIED. ) 
 GEOMETRIC_REPRESENTATION_ITEM ( )  RATIONAL_B_SPLINE_SURFACE ( (
 ( 1.000000000000000000, 0.8106723671576191400, 1.000000000000000000),
 ( 1.000000000000000000, 0.8106034983635024300, 1.000000000000000000),
 ( 1.000000000000000000, 0.8105346189000561800, 1.000000000000000000),
 ( 1.000000000000000000, 0.8104657287972263400, 1.000000000000000000) ) ) 
 REPRESENTATION_ITEM ( '' )  SURFACE ( )  );
#1229 = VERTEX_POINT ( 'NONE', #1447 ) ;
#1230 = VERTEX_POINT ( 'NONE', #2491 ) ;
#1231 = ORIENTED_EDGE ( 'NONE', *, *, #3403, .F. ) ;
#1232 = CARTESIAN_POINT ( 'NONE',  ( 10.49322436969034600, -29.42618731657706000, 5.232763454621322200 ) ) ;
#1233 = ORIENTED_EDGE ( 'NONE', *, *, #21, .F. ) ;
#1234 = VERTEX_POINT ( 'NONE', #654 ) ;
#1235 = CARTESIAN_POINT ( 'NONE',  ( -7.438652566390443300, -28.51092510509098300, 6.023148819432323700 ) ) ;
#1236 = CARTESIAN_POINT ( 'NONE',  ( -10.23065965438763800, -31.38420748798082700, 7.589415207398531000E-016 ) ) ;
#1237 = APPLICATION_PROTOCOL_DEFINITION ( 'draft international standard', 'automotive_design', 1998, #1548 ) ;
#1238 = VERTEX_POINT ( 'NONE', #2785 ) ;
#1239 = CARTESIAN_POINT ( 'NONE',  ( -7.377934817406687900, -28.53850886069247000, 6.011915683761634100 ) ) ;
#1240 = DIRECTION ( 'NONE',  ( -1.746062762822404500E-016, 1.000000000000000000, -2.366356300935116200E-032 ) ) ;
#1241 = ORIENTED_EDGE ( 'NONE', *, *, #2333, .F. ) ;
#1242 = DIRECTION ( 'NONE',  ( 0.0000000000000000000, 0.0000000000000000000, -1.000000000000000000 ) ) ;
#1243 = CARTESIAN_POINT ( 'NONE',  ( -6.071538541845216100, -29.72744910712145800, 5.112522262432199800 ) ) ;
#1244 = CARTESIAN_POINT ( 'NONE',  ( -12.80000000000000600, -28.00000000000000700, 0.0000000000000000000 ) ) ;
#1245 = EDGE_CURVE ( 'NONE', #2345, #2696, #1368, .T. ) ;
#1246 = CARTESIAN_POINT ( 'NONE',  ( 10.56403935721901100, -29.64706925762598300, 5.074083785042002900 ) ) ;
#1247 = CARTESIAN_POINT ( 'NONE',  ( -5.162995653977322500, -24.88100030295265000, 5.266075261641299600 ) ) ;
#1248 = PRODUCT_CONTEXT ( 'NONE', #1548, 'mechanical' ) ;
#1249 = EDGE_CURVE ( 'NONE', #1312, #1470, #3685, .T. ) ;
#1250 = CARTESIAN_POINT ( 'NONE',  ( -12.79999999999999700, -24.50000000000000000, 1.600000000000003900 ) ) ;
#1251 = DIRECTION ( 'NONE',  ( 1.000000000000000000, 0.0000000000000000000, 1.355252715606880500E-016 ) ) ;
#1252 = DIRECTION ( 'NONE',  ( -1.000000000000000000, 0.0000000000000000000, 0.0000000000000000000 ) ) ;
#1253 = CARTESIAN_POINT ( 'NONE',  ( -10.17948969404398500, -29.28003954871945400, 5.232763454621357700 ) ) ;
#1254 = ORIENTED_EDGE ( 'NONE', *, *, #552, .F. ) ;
#1255 = CARTESIAN_POINT ( 'NONE',  ( -11.66393653065520800, -28.11809686635879400, 4.639449606167226600 ) ) ;
#1256 = DIRECTION ( 'NONE',  ( -1.000000000000000000, 0.0000000000000000000, 0.0000000000000000000 ) ) ;
#1257 = CARTESIAN_POINT ( 'NONE',  ( -14.67573593128807400, -21.00000000000001800, 4.100000000000005900 ) ) ;
#1258 = DIRECTION ( 'NONE',  ( -1.000000000000000000, 0.0000000000000000000, 0.0000000000000000000 ) ) ;
#1259 =( BOUNDED_CURVE ( )  B_SPLINE_CURVE ( 3, ( #3372, #1257, #37, #2183 ),
 .UNSPECIFIED., .F., .T. ) 
 B_SPLINE_CURVE_WITH_KNOTS ( ( 4, 4 ),
 ( -6.217248937900876600E-015, 1.570796326794909900 ),
 .UNSPECIFIED. ) 
 CURVE ( )  GEOMETRIC_REPRESENTATION_ITEM ( )  RATIONAL_B_SPLINE_CURVE ( ( 1.000000000000000000, 0.8047378541243603900, 0.8047378541243603900, 1.000000000000000000 ) ) 
 REPRESENTATION_ITEM ( '' )  );
#1260 = CARTESIAN_POINT ( 'NONE',  ( 14.29999999999999900, -3.499999999999994700, 0.5000000000000000000 ) ) ;
#1261 = DIRECTION ( 'NONE',  ( -1.000000000000000000, 0.0000000000000000000, 0.0000000000000000000 ) ) ;
#1262 = CARTESIAN_POINT ( 'NONE',  ( -14.05947489872341700, -27.88561303968725000, 2.036800404550727100 ) ) ;
#1263 = VECTOR ( 'NONE', #927, 1000.000000000000000 ) ;
#1264 = AXIS2_PLACEMENT_3D ( 'NONE', #3048, #2168, #2441 ) ;
#1265 = EDGE_LOOP ( 'NONE', ( #587, #2511, #1573, #3505, #1379, #2186 ) ) ;
#1266 = CARTESIAN_POINT ( 'NONE',  ( -7.175126211583271500, -28.55254951539272700, 6.087608955628675200 ) ) ;
#1267 = CYLINDRICAL_SURFACE ( 'NONE', #1075, 0.4000000000000001900 ) ;
#1268 = CARTESIAN_POINT ( 'NONE',  ( -11.69796581307720600, -27.92421786722981700, 4.712419107641171200 ) ) ;
#1269 = CARTESIAN_POINT ( 'NONE',  ( -11.01983952450358500, -29.01695845937501200, 5.232763454620882500 ) ) ;
#1270 = LINE ( 'NONE', #565, #435 ) ;
#1271 = CARTESIAN_POINT ( 'NONE',  ( -12.37386876000911700, -27.82270612107473800, 3.588427782856109100 ) ) ;
#1272 = CARTESIAN_POINT ( 'NONE',  ( -11.59999999999999600, -30.72146578818387400, 3.454285470253600100 ) ) ;
#1273 = CYLINDRICAL_SURFACE ( 'NONE', #3397, 0.4000000000000001900 ) ;
#1274 = CARTESIAN_POINT ( 'NONE',  ( -3.316232486956949300, -25.20835647758646700, 5.218308137104039600 ) ) ;
#1275 = CARTESIAN_POINT ( 'NONE',  ( 9.260102355883164500, -29.72776278960149900, 5.112327410354993200 ) ) ;
#1276 = LINE ( 'NONE', #1903, #1981 ) ;
#1277 = VECTOR ( 'NONE', #22, 1000.000000000000100 ) ;
#1278 = CARTESIAN_POINT ( 'NONE',  ( -11.66606671049691900, -28.11221653126514400, 4.635219664442043800 ) ) ;
#1279 = DIRECTION ( 'NONE',  ( 1.000000000000000000, 0.0000000000000000000, 1.355252715606880500E-016 ) ) ;
#1280 = ORIENTED_EDGE ( 'NONE', *, *, #1357, .T. ) ;
#1281 = EDGE_CURVE ( 'NONE', #2320, #200, #533, .T. ) ;
#1282 = VERTEX_POINT ( 'NONE', #360 ) ;
#1283 = CARTESIAN_POINT ( 'NONE',  ( -7.051077236633379800, -29.31380837062841800, 5.369466025155770900 ) ) ;
#1284 = CARTESIAN_POINT ( 'NONE',  ( 12.27757976009869800, -26.01024299385892700, 6.032763454621348700 ) ) ;
#1285 = CARTESIAN_POINT ( 'NONE',  ( -12.03404591441691800, -26.35718127596467000, 5.865149576811001400 ) ) ;
#1286 = CARTESIAN_POINT ( 'NONE',  ( 10.00000000000000500, -31.38420748798082000, 7.589415207398531000E-016 ) ) ;
#1287 = ORIENTED_EDGE ( 'NONE', *, *, #3438, .F. ) ;
#1288 = ORIENTED_EDGE ( 'NONE', *, *, #1193, .F. ) ;
#1289 = AXIS2_PLACEMENT_3D ( 'NONE', #1396, #3507, #1699 ) ;
#1290 = CARTESIAN_POINT ( 'NONE',  ( 11.73278752558497100, -30.37973764905447300, 0.0000000000000000000 ) ) ;
#1291 = VERTEX_POINT ( 'NONE', #665 ) ;
#1292 = CARTESIAN_POINT ( 'NONE',  ( 7.605160342060685300, -29.33338040150856000, 5.328811199157918600 ) ) ;
#1293 = CARTESIAN_POINT ( 'NONE',  ( -11.54855455178299700, -28.19854946995361500, 5.194410725794210000 ) ) ;
#1294 = ORIENTED_EDGE ( 'NONE', *, *, #1589, .F. ) ;
#1295 = B_SPLINE_CURVE_WITH_KNOTS ( 'NONE', 3,
 ( #2454, #935, #2755, #1246, #3363, #1559 ),
 .UNSPECIFIED., .F., .F.,
 ( 4, 2, 4 ),
 ( 0.0000000000000000000, 0.0008226850625712789700, 0.001645370125142557900 ),
 .UNSPECIFIED. ) ;
#1296 = CARTESIAN_POINT ( 'NONE',  ( 12.49987886654385400, -28.90023003966798900, 1.430577157535393200 ) ) ;
#1297 = CARTESIAN_POINT ( 'NONE',  ( -10.89877442241238500, -27.92909963677344400, 4.502054310028903200 ) ) ;
#1298 = MECHANICAL_DESIGN_GEOMETRIC_PRESENTATION_REPRESENTATION (  '', ( #241 ), #1493 ) ;
#1299 = CARTESIAN_POINT ( 'NONE',  ( -4.040878585657414300, -29.68951746988874900, 5.431524720554421000 ) ) ;
#1300 = CARTESIAN_POINT ( 'NONE',  ( 10.00000000000000500, -29.46102333015506900, 3.394458843837457000 ) ) ;
#1301 = CARTESIAN_POINT ( 'NONE',  ( -14.49999999999999800, -21.00000000000002500, 4.100000000000005000 ) ) ;
#1302 = DIRECTION ( 'NONE',  ( -1.000000000000000000, -1.746062762822404500E-016, -0.0000000000000000000 ) ) ;
#1303 = ORIENTED_EDGE ( 'NONE', *, *, #2620, .T. ) ;
#1304 = CARTESIAN_POINT ( 'NONE',  ( 7.242236914569855500, -29.20731436763470900, 5.435617560588885200 ) ) ;
#1305 = DIRECTION ( 'NONE',  ( 0.0000000000000000000, 0.0000000000000000000, -1.000000000000000000 ) ) ;
#1306 = CARTESIAN_POINT ( 'NONE',  ( 10.69996191312287200, -28.66657949763642300, 5.232763454621357700 ) ) ;
#1307 = CARTESIAN_POINT ( 'NONE',  ( 12.80000000000000600, 0.0000000000000000000, 5.000000000000000000 ) ) ;
#1308 = ORIENTED_EDGE ( 'NONE', *, *, #231, .T. ) ;
#1309 = VERTEX_POINT ( 'NONE', #2500 ) ;
#1310 = EDGE_CURVE ( 'NONE', #2970, #947, #1276, .T. ) ;
#1311 = EDGE_CURVE ( 'NONE', #1569, #1818, #3796, .T. ) ;
#1312 = VERTEX_POINT ( 'NONE', #1001 ) ;
#1313 = DIRECTION ( 'NONE',  ( 0.0000000000000000000, -1.000000000000000000, 0.0000000000000000000 ) ) ;
#1314 = ADVANCED_FACE ( 'NONE', ( #2082 ), #1315, .F. ) ;
#1315 = PLANE ( 'NONE',  #3778 ) ;
#1316 = CARTESIAN_POINT ( 'NONE',  ( -12.31236140770684500, -26.46456974194212800, 5.405742338350642700 ) ) ;
#1317 = DIRECTION ( 'NONE',  ( 1.746062762822404500E-016, -1.000000000000000000, 0.0000000000000000000 ) ) ;
#1318 = PLANE ( 'NONE',  #2435 ) ;
#1319 = SHAPE_DEFINITION_REPRESENTATION ( #1062, #2069 ) ;
#1320 = CARTESIAN_POINT ( 'NONE',  ( -11.32023382672360000, -31.38420748798082400, 0.9570838177061555800 ) ) ;
#1321 = CARTESIAN_POINT ( 'NONE',  ( -10.01481025735175300, -29.30563386371789000, 5.232763454621357700 ) ) ;
#1322 = CARTESIAN_POINT ( 'NONE',  ( 7.260362862554147900, -29.10818023378464800, 5.485763030623202100 ) ) ;
#1323 = EDGE_CURVE ( 'NONE', #213, #2110, #3586, .T. ) ;
#1324 = LINE ( 'NONE', #3702, #3635 ) ;
#1325 = FACE_OUTER_BOUND ( 'NONE', #3714, .T. ) ;
#1326 = CARTESIAN_POINT ( 'NONE',  ( -12.27757976009868900, -26.01024299385893100, 6.032763454621348700 ) ) ;
#1327 = ORIENTED_EDGE ( 'NONE', *, *, #3606, .F. ) ;
#1328 = CYLINDRICAL_SURFACE ( 'NONE', #551, 4.000000000000000000 ) ;
#1329 = ORIENTED_EDGE ( 'NONE', *, *, #676, .T. ) ;
#1330 = DIRECTION ( 'NONE',  ( -1.000000000000000000, 0.0000000000000000000, 0.0000000000000000000 ) ) ;
#1331 = EDGE_CURVE ( 'NONE', #3454, #3867, #2814, .T. ) ;
#1332 = CARTESIAN_POINT ( 'NONE',  ( 10.87351986858654800, -28.05872827359696900, 4.478895806679799000 ) ) ;
#1333 = ORIENTED_EDGE ( 'NONE', *, *, #2541, .T. ) ;
#1334 = ADVANCED_FACE ( 'NONE', ( #3490 ), #2685, .T. ) ;
#1335 = CARTESIAN_POINT ( 'NONE',  ( -14.50000000000000000, -24.50000000000000000, 2.300000000000003800 ) ) ;
#1336 = CARTESIAN_POINT ( 'NONE',  ( -6.492683267796305600, -28.88762479532614700, 5.891097322002937500 ) ) ;
#1337 = CARTESIAN_POINT ( 'NONE',  ( 7.050066567801938100, -28.79248363711155900, 5.813096379512859200 ) ) ;
#1338 = ORIENTED_EDGE ( 'NONE', *, *, #2233, .F. ) ;
#1339 = ORIENTED_EDGE ( 'NONE', *, *, #3271, .T. ) ;
#1340 = ORIENTED_EDGE ( 'NONE', *, *, #3123, .F. ) ;
#1341 = VERTEX_POINT ( 'NONE', #1012 ) ;
#1342 = EDGE_CURVE ( 'NONE', #31, #3020, #2780, .T. ) ;
#1343 = CARTESIAN_POINT ( 'NONE',  ( -7.046365493661198800, -28.87795988774530900, 5.715812337104945400 ) ) ;
#1344 = ORIENTED_EDGE ( 'NONE', *, *, #1531, .F. ) ;
#1345 = CARTESIAN_POINT ( 'NONE',  ( 10.93725830020305300, -31.00633641386443500, 4.318107961075103400 ) ) ;
#1346 = B_SPLINE_CURVE_WITH_KNOTS ( 'NONE', 3,
 ( #2959, #1783, #2688, #860, #2989, #1181, #3292, #1490, #3610, #1802 ),
 .UNSPECIFIED., .F., .F.,
 ( 4, 2, 2, 2, 4 ),
 ( 6.468459125538469700E-015, 0.0002816136131102181400, 0.0005632272262139678300, 0.001126454452421464700, 0.002252908904836452800 ),
 .UNSPECIFIED. ) ;
#1347 = DIRECTION ( 'NONE',  ( -0.4006966922074859900, 0.9162107622452268000, -1.849566403384195100E-012 ) ) ;
#1348 = CARTESIAN_POINT ( 'NONE',  ( 17.14186584676730600, -24.78791488446416500, 0.4563362092720895100 ) ) ;
#1349 = CARTESIAN_POINT ( 'NONE',  ( 7.049854441101903300, -28.69771933969467500, 5.933040076359984200 ) ) ;
#1350 = AXIS2_PLACEMENT_3D ( 'NONE', #460, #2011, #2619 ) ;
#1351 = ADVANCED_FACE ( 'NONE', ( #2681, #347, #242 ), #1065, .F. ) ;
#1352 = CARTESIAN_POINT ( 'NONE',  ( -7.043397713319177600, -28.73263994580545600, 5.889070884684947800 ) ) ;
#1353 = CARTESIAN_POINT ( 'NONE',  ( 11.39805823788066300, -30.58999781670631200, 3.417734132314717700 ) ) ;
#1354 = B_SPLINE_CURVE_WITH_KNOTS ( 'NONE', 3,
 ( #3752, #113, #2258, #415 ),
 .UNSPECIFIED., .F., .F.,
 ( 4, 4 ),
 ( 7.407045796916862900E-016, 0.0005290365637935417800 ),
 .UNSPECIFIED. ) ;
#1355 = CARTESIAN_POINT ( 'NONE',  ( 11.54547319271188300, -28.26479396881767800, 5.192138729347099100 ) ) ;
#1356 = DIRECTION ( 'NONE',  ( 0.0000000000000000000, 0.0000000000000000000, 1.000000000000000000 ) ) ;
#1357 = EDGE_CURVE ( 'NONE', #2883, #1818, #2593, .T. ) ;
#1358 = LINE ( 'NONE', #1864, #2866 ) ;
#1359 = CARTESIAN_POINT ( 'NONE',  ( -0.6370915591847164900, -30.11585390619965700, 5.196322408629394700 ) ) ;
#1360 = CARTESIAN_POINT ( 'NONE',  ( -7.164265491179614600, -28.63252211568502400, 5.975206598793354500 ) ) ;
#1361 = DIRECTION ( 'NONE',  ( -1.000000000000000000, 0.0000000000000000000, -0.0000000000000000000 ) ) ;
#1362 = DIRECTION ( 'NONE',  ( 0.8660254037844354900, 1.512134709206239800E-016, 0.5000000000000056600 ) ) ;
#1363 = VECTOR ( 'NONE', #2344, 1000.000000000000000 ) ;
#1364 = LINE ( 'NONE', #3267, #727 ) ;
#1365 = UNCERTAINTY_MEASURE_WITH_UNIT (LENGTH_MEASURE( 1.000000000000000100E-005 ), #317, 'distance_accuracy_value', 'NONE');
#1366 = VECTOR ( 'NONE', #2383, 1000.000000000000000 ) ;
#1367 = CARTESIAN_POINT ( 'NONE',  ( -1.121266052501833900, -30.09259530855804200, 5.208876175947045400 ) ) ;
#1368 = LINE ( 'NONE', #2063, #2876 ) ;
#1369 = LINE ( 'NONE', #2762, #348 ) ;
#1370 = VERTEX_POINT ( 'NONE', #150 ) ;
#1371 = CARTESIAN_POINT ( 'NONE',  ( 3.206299367169744000, -30.07176720041623600, 4.898640072744791000 ) ) ;
#1372 = CARTESIAN_POINT ( 'NONE',  ( -7.561995513427634200, -28.41287982666590400, 6.105434941476943300 ) ) ;
#1373 = AXIS2_PLACEMENT_3D ( 'NONE', #2941, #3566, #1754 ) ;
#1374 = ORIENTED_EDGE ( 'NONE', *, *, #2060, .F. ) ;
#1375 = EDGE_CURVE ( 'NONE', #2462, #946, #1792, .T. ) ;
#1376 = EDGE_LOOP ( 'NONE', ( #3258, #561, #2189, #1135, #181 ) ) ;
#1377 = CARTESIAN_POINT ( 'NONE',  ( -7.113016792482619100, -28.64463275167307200, 5.980932140772183400 ) ) ;
#1378 = ORIENTED_EDGE ( 'NONE', *, *, #1988, .F. ) ;
#1379 = ORIENTED_EDGE ( 'NONE', *, *, #1539, .T. ) ;
#1380 = DIRECTION ( 'NONE',  ( -3.089976191583689500E-014, 0.0000000000000000000, 1.000000000000000000 ) ) ;
#1381 = ORIENTED_EDGE ( 'NONE', *, *, #1249, .T. ) ;
#1382 = EDGE_CURVE ( 'NONE', #355, #1398, #3401, .T. ) ;
#1383 = VERTEX_POINT ( 'NONE', #1685 ) ;
#1384 = B_SPLINE_CURVE_WITH_KNOTS ( 'NONE', 3,
 ( #2120, #3019, #3930, #2139, #286, #2434, #597, #2731 ),
 .UNSPECIFIED., .F., .F.,
 ( 4, 2, 2, 4 ),
 ( 0.0000000000000000000, 0.0006423182494635264500, 0.001284636498927052900, 0.002569272997854116200 ),
 .UNSPECIFIED. ) ;
#1385 = ORIENTED_EDGE ( 'NONE', *, *, #825, .T. ) ;
#1386 = CARTESIAN_POINT ( 'NONE',  ( 5.541938784681479800, -29.90436159739961400, 5.002628441745535800 ) ) ;
#1387 = DIRECTION ( 'NONE',  ( 0.0000000000000000000, 0.0000000000000000000, 1.000000000000000000 ) ) ;
#1388 = CARTESIAN_POINT ( 'NONE',  ( -11.64901324571991200, -28.21883677909745100, 4.592804930496535900 ) ) ;
#1389 = CARTESIAN_POINT ( 'NONE',  ( 7.518607137914134600, -29.49582920691009100, 5.256399021734340600 ) ) ;
#1390 = CARTESIAN_POINT ( 'NONE',  ( -7.143601244970105000, -28.62644562470214300, 5.993397626401541200 ) ) ;
#1391 = EDGE_CURVE ( 'NONE', #3707, #694, #982, .T. ) ;
#1392 = ORIENTED_EDGE ( 'NONE', *, *, #1657, .T. ) ;
#1393 = PLANE ( 'NONE',  #3389 ) ;
#1394 = AXIS2_PLACEMENT_3D ( 'NONE', #619, #2760, #945 ) ;
#1395 = CARTESIAN_POINT ( 'NONE',  ( 8.613333333333333300, -23.43548017886971400, 5.477002518062911400 ) ) ;
#1396 = CARTESIAN_POINT ( 'NONE',  ( -14.40000000000000000, -3.500000000000000000, 1.500000000000000000 ) ) ;
#1397 = CARTESIAN_POINT ( 'NONE',  ( -11.19999999999999600, -19.50000000000004600, 5.000000000000000000 ) ) ;
#1398 = VERTEX_POINT ( 'NONE', #2310 ) ;
#1399 = CARTESIAN_POINT ( 'NONE',  ( 3.815838678881068100, -29.22586397636053200, 6.363088370405860900 ) ) ;
#1400 = ORIENTED_EDGE ( 'NONE', *, *, #1727, .F. ) ;
#1401 = ADVANCED_FACE ( 'NONE', ( #1899 ), #3194, .F. ) ;
#1402 = PLANE ( 'NONE',  #1706 ) ;
#1403 = CARTESIAN_POINT ( 'NONE',  ( 10.01481025735268900, -29.72776278960149900, 5.112327410354993200 ) ) ;
#1404 = CARTESIAN_POINT ( 'NONE',  ( -11.59999999999999600, -29.78420748797872300, 2.821537815316977700 ) ) ;
#1405 = EDGE_CURVE ( 'NONE', #3887, #447, #65, .T. ) ;
#1406 = CIRCLE ( 'NONE', #1582, 4.000000000000000000 ) ;
#1407 = B_SPLINE_CURVE_WITH_KNOTS ( 'NONE', 3,
 ( #1284, #44, #967, #1591 ),
 .UNSPECIFIED., .F., .F.,
 ( 4, 4 ),
 ( 0.0000000000000000000, 0.002364033661078866300 ),
 .UNSPECIFIED. ) ;
#1408 = CIRCLE ( 'NONE', #3112, 0.2999999999999999300 ) ;
#1409 = DIRECTION ( 'NONE',  ( 1.000000000000000000, 0.0000000000000000000, 2.551063935260020900E-015 ) ) ;
#1410 = LINE ( 'NONE', #3533, #3537 ) ;
#1411 = FACE_OUTER_BOUND ( 'NONE', #3362, .T. ) ;
#1412 = CARTESIAN_POINT ( 'NONE',  ( -11.66592194213551500, -28.11307447967393700, 4.634863049253100400 ) ) ;
#1413 = CARTESIAN_POINT ( 'NONE',  ( 12.80000000000000600, -24.50000000000000000, 1.999999999999996200 ) ) ;
#1414 = ORIENTED_EDGE ( 'NONE', *, *, #1967, .F. ) ;
#1415 = ORIENTED_EDGE ( 'NONE', *, *, #960, .F. ) ;
#1416 = DIRECTION ( 'NONE',  ( -1.000000000000000000, -1.746062762822404500E-016, 0.0000000000000000000 ) ) ;
#1417 = ORIENTED_EDGE ( 'NONE', *, *, #393, .T. ) ;
#1418 = ADVANCED_FACE ( 'NONE', ( #2507 ), #1992, .T. ) ;
#1419 = CARTESIAN_POINT ( 'NONE',  ( -8.547986451480563000, -29.37859532092328900, 5.239847047636747100 ) ) ;
#1420 = VERTEX_POINT ( 'NONE', #3209 ) ;
#1421 = CARTESIAN_POINT ( 'NONE',  ( -29.86248267878166000, -28.69122033371484500, 3.367670149189577500 ) ) ;
#1422 = CARTESIAN_POINT ( 'NONE',  ( 3.552628284576191400, -30.00566558353665800, 4.921362090426513600 ) ) ;
#1423 = AXIS2_PLACEMENT_3D ( 'NONE', #689, #2822, #1011 ) ;
#1424 = ADVANCED_FACE ( 'NONE', ( #3904 ), #1465, .T. ) ;
#1425 = CARTESIAN_POINT ( 'NONE',  ( 11.88463015794815900, -27.17756365504815700, 5.137797008359587600 ) ) ;
#1426 = ORIENTED_EDGE ( 'NONE', *, *, #2003, .F. ) ;
#1427 = VERTEX_POINT ( 'NONE', #1154 ) ;
#1428 = CARTESIAN_POINT ( 'NONE',  ( 16.28176616239510500, -26.63097875434479500, 0.0000000000000000000 ) ) ;
#1429 = CARTESIAN_POINT ( 'NONE',  ( 13.17577444363593600, -26.96055910250616700, 3.780772682777452600 ) ) ;
#1430 = CARTESIAN_POINT ( 'NONE',  ( 11.33505845714612000, -31.38420748798081700, -0.08013563015587564500 ) ) ;
#1431 = CARTESIAN_POINT ( 'NONE',  ( -10.24250975477409400, -31.38420748744376700, 4.083383459435823100 ) ) ;
#1432 = ORIENTED_EDGE ( 'NONE', *, *, #3628, .T. ) ;
#1433 = CARTESIAN_POINT ( 'NONE',  ( 11.73278752558497100, -30.37973764905447300, 0.0000000000000000000 ) ) ;
#1434 = B_SPLINE_CURVE_WITH_KNOTS ( 'NONE', 3,
 ( #3339, #666, #2235, #87, #1924, #3722, #1619, #3426, #71, #345, #612, #637 ),
 .UNSPECIFIED., .F., .F.,
 ( 4, 2, 2, 2, 2, 4 ),
 ( 0.0000000000000000000, 0.0001289871973629814800, 0.0002579743947259629700, 0.0005159487894519229000, 0.001031897578903844900, 0.002063795157807694200 ),
 .UNSPECIFIED. ) ;
#1435 = DIRECTION ( 'NONE',  ( -0.0000000000000000000, 0.0000000000000000000, -1.000000000000000000 ) ) ;
#1436 = CARTESIAN_POINT ( 'NONE',  ( 5.879387911672632900, -29.78931218261386600, 4.474008307461100600 ) ) ;
#1437 = CARTESIAN_POINT ( 'NONE',  ( 11.06434133087560800, -27.92003507931024900, 5.309451536906002500 ) ) ;
#1438 = CARTESIAN_POINT ( 'NONE',  ( 12.15397831371753400, -29.18934436388499900, 1.157154325983974700 ) ) ;
#1439 = DIRECTION ( 'NONE',  ( -0.0000000000000000000, 1.000000000000000000, -0.0000000000000000000 ) ) ;
#1440 = CARTESIAN_POINT ( 'NONE',  ( -11.27946691443418300, -30.76748227334358900, 3.467079187848248100 ) ) ;
#1441 = CARTESIAN_POINT ( 'NONE',  ( 11.66599430735014100, -28.11264548694451900, 4.635041320002643200 ) ) ;
#1442 = CARTESIAN_POINT ( 'NONE',  ( 11.93266834723317300, -30.01120484701870300, 0.0000000000000000000 ) ) ;
#1443 = CARTESIAN_POINT ( 'NONE',  ( -4.318648263356892300, -29.61025724512873600, 5.588997735458120200 ) ) ;
#1444 = EDGE_CURVE ( 'NONE', #448, #361, #2288, .T. ) ;
#1445 = CARTESIAN_POINT ( 'NONE',  ( 12.15400086001380900, -26.33880624317057000, 5.750588051877418400 ) ) ;
#1446 = VECTOR ( 'NONE', #1240, 1000.000000000000000 ) ;
#1447 = CARTESIAN_POINT ( 'NONE',  ( 14.50000000000000000, -3.499999999999994700, 1.500000000000000000 ) ) ;
#1448 = CARTESIAN_POINT ( 'NONE',  ( 15.66647252176571400, -28.09800245517748600, 0.2135234748006468500 ) ) ;
#1449 = DIRECTION ( 'NONE',  ( 0.0000000000000000000, 0.0000000000000000000, -1.000000000000000000 ) ) ;
#1450 = EDGE_CURVE ( 'NONE', #47, #3492, #775, .T. ) ;
#1451 = CYLINDRICAL_SURFACE ( 'NONE', #3176, 1.100000000000000300 ) ;
#1452 = DIRECTION ( 'NONE',  ( -0.0000000000000000000, -0.0000000000000000000, -1.000000000000000000 ) ) ;
#1453 = LINE ( 'NONE', #2577, #726 ) ;
#1454 = B_SPLINE_CURVE_WITH_KNOTS ( 'NONE', 3,
 ( #632, #2458, #3377, #1577 ),
 .UNSPECIFIED., .F., .F.,
 ( 4, 4 ),
 ( 2.591423735099152800E-016, 0.0008176573718405334700 ),
 .UNSPECIFIED. ) ;
#1455 = LINE ( 'NONE', #834, #3683 ) ;
#1456 = CARTESIAN_POINT ( 'NONE',  ( 14.80000000000000200, -21.21523168056431500, 3.975735931288070500 ) ) ;
#1457 = FACE_OUTER_BOUND ( 'NONE', #2690, .T. ) ;
#1458 = CARTESIAN_POINT ( 'NONE',  ( -11.65429275469225300, -28.18380604894983000, 4.606100560877014700 ) ) ;
#1459 = CARTESIAN_POINT ( 'NONE',  ( -6.232442807645882400, -29.38010241882992800, 5.199587963099253900 ) ) ;
#1460 =( GEOMETRIC_REPRESENTATION_CONTEXT ( 3 ) GLOBAL_UNCERTAINTY_ASSIGNED_CONTEXT ( ( #2766 ) ) GLOBAL_UNIT_ASSIGNED_CONTEXT ( ( #608, #2743, #925 ) ) REPRESENTATION_CONTEXT ( 'NONE', 'WORKASPACE' ) );
#1461 = DIRECTION ( 'NONE',  ( 0.0000000000000000000, 0.0000000000000000000, -1.000000000000000000 ) ) ;
#1462 = VERTEX_POINT ( 'NONE', #1489 ) ;
#1463 = ORIENTED_EDGE ( 'NONE', *, *, #1785, .F. ) ;
#1464 = AXIS2_PLACEMENT_3D ( 'NONE', #995, #3102, #1305 ) ;
#1465 = PLANE ( 'NONE',  #2894 ) ;
#1466 = DIRECTION ( 'NONE',  ( 0.0000000000000000000, 0.0000000000000000000, 1.000000000000000000 ) ) ;
#1467 = CARTESIAN_POINT ( 'NONE',  ( -13.10712141372828500, -29.23858009276306900, -0.0000000000000000000 ) ) ;
#1468 = ORIENTED_EDGE ( 'NONE', *, *, #1561, .F. ) ;
#1469 = ORIENTED_EDGE ( 'NONE', *, *, #2474, .F. ) ;
#1470 = VERTEX_POINT ( 'NONE', #3609 ) ;
#1471 = ORIENTED_EDGE ( 'NONE', *, *, #2390, .F. ) ;
#1472 = EDGE_LOOP ( 'NONE', ( #2836, #1955, #2384, #27, #1340, #380 ) ) ;
#1473 = PLANE ( 'NONE',  #2706 ) ;
#1474 = CARTESIAN_POINT ( 'NONE',  ( 11.60000000000000700, -29.67964335254490700, 3.014177530356528100 ) ) ;
#1475 = ORIENTED_EDGE ( 'NONE', *, *, #1937, .F. ) ;
#1476 = CARTESIAN_POINT ( 'NONE',  ( -18.51132486540516100, -19.87011593068662000, 0.0000000000000000000 ) ) ;
#1477 = CARTESIAN_POINT ( 'NONE',  ( -10.69996191312785800, -28.66657949763567700, 5.232763454621357700 ) ) ;
#1478 = CARTESIAN_POINT ( 'NONE',  ( 7.108280480050606100, -28.66381941963201600, 5.955606133239263600 ) ) ;
#1479 = DIRECTION ( 'NONE',  ( 0.0000000000000000000, -0.0000000000000000000, -1.000000000000000000 ) ) ;
#1480 = CARTESIAN_POINT ( 'NONE',  ( -16.28175275622576000, -26.65332898407269700, 0.0000000000000000000 ) ) ;
#1481 = EDGE_CURVE ( 'NONE', #1755, #3454, #2400, .T. ) ;
#1482 = CARTESIAN_POINT ( 'NONE',  ( -10.56403935722070700, -29.64706925762542900, 5.074083785041771900 ) ) ;
#1483 = CARTESIAN_POINT ( 'NONE',  ( 7.157844648983916300, -28.62721150971227500, 5.986264736303295900 ) ) ;
#1484 = ORIENTED_EDGE ( 'NONE', *, *, #3612, .T. ) ;
#1486 = CARTESIAN_POINT ( 'NONE',  ( -10.00000000369768900, -29.78006672465086500, 5.079837453029287400 ) ) ;
#1485 = CARTESIAN_POINT ( 'NONE',  ( 11.60000000000000500, -27.74828500571410200, 4.373430307132325700 ) ) ;
#1487 = CARTESIAN_POINT ( 'NONE',  ( 3.771406373077743200, -29.64971120216412000, 5.653232387005671100 ) ) ;
#1488 = CARTESIAN_POINT ( 'NONE',  ( -11.59999999999999600, -30.98673821226096700, 0.1995806164845670700 ) ) ;
#1489 = CARTESIAN_POINT ( 'NONE',  ( -9.999999999999994700, -31.38420748798082700, 3.638544005341466400 ) ) ;
#1490 = CARTESIAN_POINT ( 'NONE',  ( -8.513471004835430700, -29.71065750868778100, 5.122952803002919000 ) ) ;
#1491 = ADVANCED_FACE ( 'NONE', ( #3105 ), #2118, .T. ) ;
#1492 = ORIENTED_EDGE ( 'NONE', *, *, #699, .F. ) ;
#1493 =( GEOMETRIC_REPRESENTATION_CONTEXT ( 3 ) GLOBAL_UNCERTAINTY_ASSIGNED_CONTEXT ( ( #2473 ) ) GLOBAL_UNIT_ASSIGNED_CONTEXT ( ( #2939, #1137, #3243 ) ) REPRESENTATION_CONTEXT ( 'NONE', 'WORKASPACE' ) );
#1494 = VERTEX_POINT ( 'NONE', #2378 ) ;
#1495 = VECTOR ( 'NONE', #1279, 1000.000000000000000 ) ;
#1496 = DIRECTION ( 'NONE',  ( 0.0000000000000000000, 0.0000000000000000000, 1.000000000000000000 ) ) ;
#1497 = CARTESIAN_POINT ( 'NONE',  ( 7.498487546690231700, -28.44460396351672700, 6.090585391404854200 ) ) ;
#1498 = CARTESIAN_POINT ( 'NONE',  ( 12.37346822383213800, -27.36946644482891200, 4.100932156715126500 ) ) ;
#1499 = CARTESIAN_POINT ( 'NONE',  ( 1.151121557649714900, -29.38943092523919300, 6.582279393537984200 ) ) ;
#1500 = FACE_OUTER_BOUND ( 'NONE', #3260, .T. ) ;
#1501 = DIRECTION ( 'NONE',  ( 1.000000000000000000, 1.746062762822404500E-016, -0.0000000000000000000 ) ) ;
#1502 = CARTESIAN_POINT ( 'NONE',  ( -13.38616807750746700, -26.84803833100872700, 3.689072493731489800 ) ) ;
#1503 = CARTESIAN_POINT ( 'NONE',  ( -7.481561100047311900, -29.39245017481063000, 5.320615611520909600 ) ) ;
#1504 = AXIS2_PLACEMENT_3D ( 'NONE', #516, #2661, #821 ) ;
#1505 = VECTOR ( 'NONE', #607, 1000.000000000000100 ) ;
#1506 = CARTESIAN_POINT ( 'NONE',  ( 12.80000000000000600, -24.50000000000000000, 1.999999999999996200 ) ) ;
#1507 = VECTOR ( 'NONE', #897, 1000.000000000000000 ) ;
#1508 = EDGE_CURVE ( 'NONE', #3215, #3033, #3294, .T. ) ;
#1509 = CIRCLE ( 'NONE', #3836, 1.600000000000000800 ) ;
#1510 = EDGE_CURVE ( 'NONE', #450, #2323, #1609, .T. ) ;
#1511 = DIRECTION ( 'NONE',  ( -0.0000000000000000000, -0.0000000000000000000, -1.000000000000000000 ) ) ;
#1512 = ORIENTED_EDGE ( 'NONE', *, *, #1727, .T. ) ;
#1513 = CIRCLE ( 'NONE', #3084, 0.7999999999999993800 ) ;
#1514 = VERTEX_POINT ( 'NONE', #3928 ) ;
#1515 = ADVANCED_FACE ( 'NONE', ( #3813 ), #2433, .F. ) ;
#1516 = CARTESIAN_POINT ( 'NONE',  ( 3.316232486956942200, -25.20835647758646300, 5.218308137104039600 ) ) ;
#1517 = CARTESIAN_POINT ( 'NONE',  ( -12.79999999999999500, 0.0000000000000000000, 4.999999999999996400 ) ) ;
#1518 = ORIENTED_EDGE ( 'NONE', *, *, #1539, .F. ) ;
#1519 = CARTESIAN_POINT ( 'NONE',  ( 11.65997327749735900, -28.14836071387990700, 4.620206959230352500 ) ) ;
#1520 = CARTESIAN_POINT ( 'NONE',  ( 10.41879666318182500, -31.34256375068214600, 3.626966019479709300 ) ) ;
#1521 = CARTESIAN_POINT ( 'NONE',  ( 11.61930491049319700, -28.64434169276073700, 4.196364882567327600 ) ) ;
#1522 = EDGE_CURVE ( 'NONE', #1341, #2704, #3691, .T. ) ;
#1523 = CARTESIAN_POINT ( 'NONE',  ( -10.89910006574538800, -27.92752385761249200, 4.502363418305061600 ) ) ;
#1524 = DIRECTION ( 'NONE',  ( -1.000000000000000000, 0.0000000000000000000, 0.0000000000000000000 ) ) ;
#1525 = ORIENTED_EDGE ( 'NONE', *, *, #2549, .T. ) ;
#1526 = ORIENTED_EDGE ( 'NONE', *, *, #3749, .F. ) ;
#1527 = CARTESIAN_POINT ( 'NONE',  ( -13.89252271188808400, -19.87011593068662000, 8.000000000000000000 ) ) ;
#1528 = DIRECTION ( 'NONE',  ( -1.000000000000000000, 0.0000000000000000000, -0.0000000000000000000 ) ) ;
#1529 =( BOUNDED_CURVE ( )  B_SPLINE_CURVE ( 3, ( #235, #1456, #546, #2679 ),
 .UNSPECIFIED., .F., .T. ) 
 B_SPLINE_CURVE_WITH_KNOTS ( ( 4, 4 ),
 ( 4.712388980384676400, 6.283185307179589800 ),
 .UNSPECIFIED. ) 
 CURVE ( )  GEOMETRIC_REPRESENTATION_ITEM ( )  RATIONAL_B_SPLINE_CURVE ( ( 1.000000000000000000, 0.8047378541243610500, 0.8047378541243610500, 1.000000000000000000 ) ) 
 REPRESENTATION_ITEM ( '' )  );
#1530 = ORIENTED_EDGE ( 'NONE', *, *, #2940, .T. ) ;
#1531 = EDGE_CURVE ( 'NONE', #1956, #1238, #2314, .T. ) ;
#1532 = CARTESIAN_POINT ( 'NONE',  ( -7.581595916795608400, -28.45617593212070100, 6.032763454621351300 ) ) ;
#1533 = CARTESIAN_POINT ( 'NONE',  ( 11.64901324572441200, -28.21883677907846500, 4.592804930492620800 ) ) ;
#1534 = DIRECTION ( 'NONE',  ( -1.000000000000000000, 0.0000000000000000000, 0.0000000000000000000 ) ) ;
#1535 = CARTESIAN_POINT ( 'NONE',  ( 4.514995191792479500, -29.15430050974205000, 6.265604634651962700 ) ) ;
#1536 = DIRECTION ( 'NONE',  ( -1.746062762822404500E-016, 1.000000000000000000, 0.0000000000000000000 ) ) ;
#1537 = CARTESIAN_POINT ( 'NONE',  ( -7.206667223854656100, -29.01962053037231100, 5.555267647264488000 ) ) ;
#1538 = CARTESIAN_POINT ( 'NONE',  ( -14.40000000000000000, -3.500000000000000000, 0.0000000000000000000 ) ) ;
#1539 = EDGE_CURVE ( 'NONE', #1986, #2973, #2407, .T. ) ;
#1540 = CARTESIAN_POINT ( 'NONE',  ( 4.303566948460069600, -30.26222213717923600, 4.780334007205933500 ) ) ;
#1541 = CARTESIAN_POINT ( 'NONE',  ( 11.19999999999999900, 6.984251051289611900E-017, 5.400000000000000400 ) ) ;
#1542 = CARTESIAN_POINT ( 'NONE',  ( 11.66138924367635400, -27.65697578211405300, 5.295449937751191900 ) ) ;
#1543 = CARTESIAN_POINT ( 'NONE',  ( 10.75056864395873600, -29.53662072769045500, 5.030108517977272900 ) ) ;
#1544 = CARTESIAN_POINT ( 'NONE',  ( -7.327321188877522900, -28.55339229513635500, 6.014786088978770100 ) ) ;
#1545 = ORIENTED_EDGE ( 'NONE', *, *, #3355, .T. ) ;
#1546 = DIRECTION ( 'NONE',  ( -0.0000000000000000000, -0.0000000000000000000, -1.000000000000000000 ) ) ;
#1547 = AXIS2_PLACEMENT_3D ( 'NONE', #2729, #910, #3032 ) ;
#1548 = APPLICATION_CONTEXT ( 'automotive_design' ) ;
#1549 = CARTESIAN_POINT ( 'NONE',  ( -7.581595916795608400, -28.45617593212070100, 6.032763454621351300 ) ) ;
#1550 = AXIS2_PLACEMENT_3D ( 'NONE', #1413, #3809, #3527 ) ;
#1551 = VECTOR ( 'NONE', #1880, 1000.000000000000000 ) ;
#1552 = ORIENTED_EDGE ( 'NONE', *, *, #184, .T. ) ;
#1553 = CARTESIAN_POINT ( 'NONE',  ( -7.181559833689435700, -29.22849292606259300, 5.422461945071763300 ) ) ;
#1554 = CARTESIAN_POINT ( 'NONE',  ( -12.79999999999999500, 0.0000000000000000000, 4.999999999999996400 ) ) ;
#1555 = DIRECTION ( 'NONE',  ( 0.0000000000000000000, 1.000000000000000000, 0.0000000000000000000 ) ) ;
#1556 = FACE_OUTER_BOUND ( 'NONE', #30, .T. ) ;
#1557 = LINE ( 'NONE', #1815, #2451 ) ;
#1558 = LINE ( 'NONE', #664, #3150 ) ;
#1559 = CARTESIAN_POINT ( 'NONE',  ( 10.01481025735268900, -29.72776278960149900, 5.112327410354993200 ) ) ;
#1560 = APPLICATION_PROTOCOL_DEFINITION ( 'draft international standard', 'automotive_design', 1998, #3366 ) ;
#1561 = EDGE_CURVE ( 'NONE', #3331, #1282, #3009, .T. ) ;
#1562 = FACE_OUTER_BOUND ( 'NONE', #159, .T. ) ;
#1563 = CARTESIAN_POINT ( 'NONE',  ( 14.50000000000000000, -24.50000000000000000, 2.300000000000000300 ) ) ;
#1564 = CARTESIAN_POINT ( 'NONE',  ( -11.54860183360587000, -28.19773814265859400, 5.194443860536865500 ) ) ;
#1565 = CARTESIAN_POINT ( 'NONE',  ( -10.34296879800449200, -29.70101899910332600, 5.097142924015313900 ) ) ;
#1566 = ORIENTED_EDGE ( 'NONE', *, *, #2549, .F. ) ;
#1567 = ORIENTED_EDGE ( 'NONE', *, *, #131, .T. ) ;
#1568 = DIRECTION ( 'NONE',  ( 1.000000000000000000, 1.746062762822404500E-016, 0.0000000000000000000 ) ) ;
#1569 = VERTEX_POINT ( 'NONE', #3664 ) ;
#1570 = ORIENTED_EDGE ( 'NONE', *, *, #2738, .F. ) ;
#1571 = ORIENTED_EDGE ( 'NONE', *, *, #1357, .F. ) ;
#1572 = CARTESIAN_POINT ( 'NONE',  ( -14.80000000000000100, -24.50000000000000000, 3.800000000000002500 ) ) ;
#1573 = ORIENTED_EDGE ( 'NONE', *, *, #1561, .T. ) ;
#1574 = EDGE_LOOP ( 'NONE', ( #1186, #3230 ) ) ;
#1575 = DIRECTION ( 'NONE',  ( -1.000000000000000000, 0.0000000000000000000, 0.0000000000000000000 ) ) ;
#1576 = AXIS2_PLACEMENT_3D ( 'NONE', #3153, #1356, #3469 ) ;
#1577 = CARTESIAN_POINT ( 'NONE',  ( 11.35077297405109700, -28.95120597236725100, 4.800775319729536900 ) ) ;
#1578 = VERTEX_POINT ( 'NONE', #1250 ) ;
#1579 = CARTESIAN_POINT ( 'NONE',  ( -11.58873297982427500, -27.83812710070633400, 5.228730525042404800 ) ) ;
#1580 = CARTESIAN_POINT ( 'NONE',  ( -10.69996191312364400, -28.66657949763464000, 5.232763454621357700 ) ) ;
#1581 = CARTESIAN_POINT ( 'NONE',  ( -13.69006931308544700, -27.85310102914300900, 2.413932537805384600 ) ) ;
#1582 = AXIS2_PLACEMENT_3D ( 'NONE', #3576, #1769, #3860 ) ;
#1583 = PLANE ( 'NONE',  #1129 ) ;
#1584 = CARTESIAN_POINT ( 'NONE',  ( 8.899199645073222700, -29.55364329712044100, 5.220486287405758000 ) ) ;
#1585 = EDGE_CURVE ( 'NONE', #3556, #3231, #3727, .T. ) ;
#1586 =( BOUNDED_CURVE ( )  B_SPLINE_CURVE ( 3, ( #3755, #1963, #2264, #421 ),
 .UNSPECIFIED., .F., .F. ) 
 B_SPLINE_CURVE_WITH_KNOTS ( ( 4, 4 ),
 ( 4.712388980384690600, 5.812683825772424500 ),
 .UNSPECIFIED. ) 
 CURVE ( )  GEOMETRIC_REPRESENTATION_ITEM ( )  RATIONAL_B_SPLINE_CURVE ( ( 1.000000000000000000, 0.9016316378908642000, 0.9016316378908642000, 1.000000000000000000 ) ) 
 REPRESENTATION_ITEM ( '' )  );
#1587 = CARTESIAN_POINT ( 'NONE',  ( -12.79999999999999500, 0.0000000000000000000, 4.999999999999996400 ) ) ;
#1588 = ORIENTED_EDGE ( 'NONE', *, *, #3810, .F. ) ;
#1589 = EDGE_CURVE ( 'NONE', #3523, #1578, #2230, .T. ) ;
#1590 = CARTESIAN_POINT ( 'NONE',  ( -6.268667749892584200, -29.23962526862832000, 5.415546799307160000 ) ) ;
#1591 = CARTESIAN_POINT ( 'NONE',  ( 12.37346822383213900, -27.36946644482891200, 4.100932156715124700 ) ) ;
#1592 = CARTESIAN_POINT ( 'NONE',  ( -12.15400619376632100, -26.33879206044800400, 5.750600232961211600 ) ) ;
#1593 = DIRECTION ( 'NONE',  ( -0.0000000000000000000, 1.000000000000000000, -0.0000000000000000000 ) ) ;
#1594 = CARTESIAN_POINT ( 'NONE',  ( -12.30363158620665900, -27.40328090844846200, 4.125537760278955800 ) ) ;
#1595 = CARTESIAN_POINT ( 'NONE',  ( 7.518607145073628000, -29.49582918920082300, 5.256399032734909900 ) ) ;
#1596 = CARTESIAN_POINT ( 'NONE',  ( -11.66584961494152000, -28.11350350945755500, 4.634684852308463800 ) ) ;
#1597 = CARTESIAN_POINT ( 'NONE',  ( 12.57319642167467900, -29.48359221476586000, 0.0000000000000000000 ) ) ;
#1598 = DIRECTION ( 'NONE',  ( -0.9793341648661437700, -0.2022488406046686100, 0.0000000000000000000 ) ) ;
#1599 = CYLINDRICAL_SURFACE ( 'NONE', #1264, 1.600000000000000800 ) ;
#1600 = AXIS2_PLACEMENT_3D ( 'NONE', #1024, #3453, #1641 ) ;
#1601 = EDGE_CURVE ( 'NONE', #2741, #2883, #1454, .T. ) ;
#1602 = CARTESIAN_POINT ( 'NONE',  ( -4.270428677928547000, -30.26160016243314700, 4.780720363087936200 ) ) ;
#1603 = FACE_OUTER_BOUND ( 'NONE', #2467, .T. ) ;
#1604 = DIRECTION ( 'NONE',  ( 0.0000000000000000000, 0.5276611573545172400, -0.8494549446670444100 ) ) ;
#1605 = VECTOR ( 'NONE', #2965, 1000.000000000000100 ) ;
#1606 = CARTESIAN_POINT ( 'NONE',  ( 10.17914646480070600, -29.28015032897129500, 5.232763454621358600 ) ) ;
#1607 = CARTESIAN_POINT ( 'NONE',  ( 6.492683267796248700, -28.88762479532615800, 5.891097322002947200 ) ) ;
#1608 = CIRCLE ( 'NONE', #2109, 1.100000000000000300 ) ;
#1609 = LINE ( 'NONE', #3322, #1507 ) ;
#1610 = LINE ( 'NONE', #2848, #776 ) ;
#1611 = CARTESIAN_POINT ( 'NONE',  ( 7.302103469515202500, -29.18077990436851400, 5.439519811097854400 ) ) ;
#1612 = ORIENTED_EDGE ( 'NONE', *, *, #1508, .F. ) ;
#1613 = ORIENTED_EDGE ( 'NONE', *, *, #2914, .F. ) ;
#1614 = EDGE_CURVE ( 'NONE', #3033, #3451, #3514, .T. ) ;
#1615 = ORIENTED_EDGE ( 'NONE', *, *, #413, .F. ) ;
#1616 = CARTESIAN_POINT ( 'NONE',  ( 10.80000000000000100, 0.0000000000000000000, 0.0000000000000000000 ) ) ;
#1617 = FACE_OUTER_BOUND ( 'NONE', #911, .T. ) ;
#1618 = DIRECTION ( 'NONE',  ( -0.0000000000000000000, 0.0000000000000000000, 1.000000000000000000 ) ) ;
#1619 = CARTESIAN_POINT ( 'NONE',  ( 7.662001875078062500, -29.34365407406509600, 5.319032465312101700 ) ) ;
#1620 = AXIS2_PLACEMENT_3D ( 'NONE', #2006, #164, #2308 ) ;
#1621 = DIRECTION ( 'NONE',  ( 1.000000000000000000, 1.746062762822404500E-016, 0.0000000000000000000 ) ) ;
#1622 = ORIENTED_EDGE ( 'NONE', *, *, #2265, .T. ) ;
#1623 = ORIENTED_EDGE ( 'NONE', *, *, #2825, .T. ) ;
#1624 = DIRECTION ( 'NONE',  ( 0.0000000000000000000, -0.0000000000000000000, -1.000000000000000000 ) ) ;
#1625 = AXIS2_PLACEMENT_3D ( 'NONE', #2247, #1665, #3178 ) ;
#1626 = ORIENTED_EDGE ( 'NONE', *, *, #3794, .T. ) ;
#1627 = CARTESIAN_POINT ( 'NONE',  ( -11.73420720545191800, -30.38294535511559500, -0.01739674871341996600 ) ) ;
#1628 = CARTESIAN_POINT ( 'NONE',  ( 7.151312686483708900, -29.15115568162935100, 5.470501997296440600 ) ) ;
#1629 = ORIENTED_EDGE ( 'NONE', *, *, #2594, .T. ) ;
#1630 = ADVANCED_FACE ( 'NONE', ( #2127 ), #1752, .F. ) ;
#1631 = CARTESIAN_POINT ( 'NONE',  ( -7.181559833694957500, -29.22849292607158500, 5.422461945066177500 ) ) ;
#1632 = ORIENTED_EDGE ( 'NONE', *, *, #1382, .T. ) ;
#1633 = AXIS2_PLACEMENT_3D ( 'NONE', #978, #3712, #2510 ) ;
#1634 = DIRECTION ( 'NONE',  ( 0.9837041139146964800, -0.1797949283692447400, 0.0000000000000000000 ) ) ;
#1635 = DIRECTION ( 'NONE',  ( 0.0000000000000000000, 0.0000000000000000000, -1.000000000000000000 ) ) ;
#1636 = CARTESIAN_POINT ( 'NONE',  ( 10.01481025735268900, -29.72776278960149900, 5.112327410354993200 ) ) ;
#1637 = CARTESIAN_POINT ( 'NONE',  ( 7.063647122145607900, -28.77197107163470600, 5.832082919348550800 ) ) ;
#1638 = ORIENTED_EDGE ( 'NONE', *, *, #1601, .T. ) ;
#1639 = CARTESIAN_POINT ( 'NONE',  ( -7.103192585253395900, -28.85687641165909800, 5.722289092786458500 ) ) ;
#1640 = CARTESIAN_POINT ( 'NONE',  ( -11.54494369129094400, -28.29647199215815300, 5.192187929823418800 ) ) ;
#1641 = DIRECTION ( 'NONE',  ( -1.000000000000000000, 0.0000000000000000000, 0.0000000000000000000 ) ) ;
#1642 = CIRCLE ( 'NONE', #506, 1.000000000000000000 ) ;
#1643 = ADVANCED_FACE ( 'NONE', ( #486 ), #3802, .T. ) ;
#1644 =( BOUNDED_CURVE ( )  B_SPLINE_CURVE ( 3, ( #2169, #3374, #2485, #648 ),
 .UNSPECIFIED., .F., .T. ) 
 B_SPLINE_CURVE_WITH_KNOTS ( ( 4, 4 ),
 ( 1.570796326794896600, 3.141592653589793100 ),
 .UNSPECIFIED. ) 
 CURVE ( )  GEOMETRIC_REPRESENTATION_ITEM ( )  RATIONAL_B_SPLINE_CURVE ( ( 1.000000000000000000, 0.8047378541243649400, 0.8047378541243649400, 1.000000000000000000 ) ) 
 REPRESENTATION_ITEM ( '' )  );
#1645 = TOROIDAL_SURFACE ( 'NONE', #2581, 9.613947906977232400, 1.600000000000000100 ) ;
#1646 = LINE ( 'NONE', #1174, #3850 ) ;
#1647 = CIRCLE ( 'NONE', #1806, 24.61394790697723400 ) ;
#1648 = CARTESIAN_POINT ( 'NONE',  ( -7.049210112602075600, -28.69857246321305100, 5.932127642848204400 ) ) ;
#1649 = VECTOR ( 'NONE', #3173, 1000.000000000000100 ) ;
#1650 = CARTESIAN_POINT ( 'NONE',  ( -11.66584961494158900, -28.11350350945785000, 4.634684852308121900 ) ) ;
#1651 = EDGE_CURVE ( 'NONE', #1912, #2471, #2167, .T. ) ;
#1652 = CARTESIAN_POINT ( 'NONE',  ( 11.39805823788069700, -30.39969478106376900, 3.759975421865043600 ) ) ;
#1653 = EDGE_LOOP ( 'NONE', ( #408, #3550, #2256, #1658, #950, #3417, #1400, #3547 ) ) ;
#1654 = ORIENTED_EDGE ( 'NONE', *, *, #2869, .T. ) ;
#1655 = CARTESIAN_POINT ( 'NONE',  ( 10.94381680824146700, -28.19810472563874600, 5.263518355994034600 ) ) ;
#1656 = CARTESIAN_POINT ( 'NONE',  ( -5.992429307730414000, -29.11101329188401400, 5.760830164202233500 ) ) ;
#1657 = EDGE_CURVE ( 'NONE', #1838, #3523, #2028, .T. ) ;
#1658 = ORIENTED_EDGE ( 'NONE', *, *, #483, .T. ) ;
#1659 = VERTEX_POINT ( 'NONE', #1713 ) ;
#1660 = EDGE_LOOP ( 'NONE', ( #494, #2211, #638, #407 ) ) ;
#1661 = ORIENTED_EDGE ( 'NONE', *, *, #1090, .F. ) ;
#1662 = ORIENTED_EDGE ( 'NONE', *, *, #1585, .T. ) ;
#1663 = CARTESIAN_POINT ( 'NONE',  ( -0.6721492322567312900, -30.73341248537140300, 4.487641797898929100 ) ) ;
#1664 = CARTESIAN_POINT ( 'NONE',  ( -7.250232818946183300, -28.58039520016909700, 6.012104807150822500 ) ) ;
#1665 = DIRECTION ( 'NONE',  ( 0.0000000000000000000, 0.0000000000000000000, -1.000000000000000000 ) ) ;
#1666 = ORIENTED_EDGE ( 'NONE', *, *, #1038, .T. ) ;
#1667 = CARTESIAN_POINT ( 'NONE',  ( -12.04800711444128000, -26.33728364717210400, 5.874769463583120000 ) ) ;
#1668 = CARTESIAN_POINT ( 'NONE',  ( 14.50000000000000000, -24.50000000000000000, 3.800000000000000300 ) ) ;
#1669 = AXIS2_PLACEMENT_3D ( 'NONE', #3083, #964, #3387 ) ;
#1670 = CARTESIAN_POINT ( 'NONE',  ( -14.49999999999999800, 0.0000000000000000000, 4.100000000000005000 ) ) ;
#1671 = CARTESIAN_POINT ( 'NONE',  ( 1.119461431915222500, -30.11604621256260500, 5.196218259935977600 ) ) ;
#1672 =( BOUNDED_CURVE ( )  B_SPLINE_CURVE ( 3, ( #2857, #2268, #732, #2865 ),
 .UNSPECIFIED., .F., .T. ) 
 B_SPLINE_CURVE_WITH_KNOTS ( ( 4, 4 ),
 ( 3.141592653589793100, 4.712388980384689700 ),
 .UNSPECIFIED. ) 
 CURVE ( )  GEOMETRIC_REPRESENTATION_ITEM ( )  RATIONAL_B_SPLINE_CURVE ( ( 1.000000000000000000, 0.8047378541243649400, 0.8047378541243649400, 1.000000000000000000 ) ) 
 REPRESENTATION_ITEM ( '' )  );
#1673 = CARTESIAN_POINT ( 'NONE',  ( 4.044706590191302600, -29.68869644086743200, 5.431984144164514000 ) ) ;
#1674 = CARTESIAN_POINT ( 'NONE',  ( -7.591145054201062300, -28.45227018276727500, 6.033756348880175800 ) ) ;
#1675 = VERTEX_POINT ( 'NONE', #1395 ) ;
#1676 = PLANE ( 'NONE',  #675 ) ;
#1677 = ORIENTED_EDGE ( 'NONE', *, *, #649, .F. ) ;
#1678 = CARTESIAN_POINT ( 'NONE',  ( 10.98529063199599200, -28.09920724736352000, 5.278957358226437100 ) ) ;
#1679 = CARTESIAN_POINT ( 'NONE',  ( 11.64901324572423000, -28.21883677907871800, 4.592804930493461900 ) ) ;
#1680 = CARTESIAN_POINT ( 'NONE',  ( 10.80000000000000400, -12.99390235989685900, 7.000615593644232200 ) ) ;
#1681 = EDGE_CURVE ( 'NONE', #1956, #1312, #2829, .T. ) ;
#1682 = AXIS2_PLACEMENT_3D ( 'NONE', #2022, #175, #2327 ) ;
#1683 = FACE_OUTER_BOUND ( 'NONE', #2967, .T. ) ;
#1684 = CARTESIAN_POINT ( 'NONE',  ( 6.265005154324386500, -29.24092932995873200, 5.414736747503565300 ) ) ;
#1685 = CARTESIAN_POINT ( 'NONE',  ( 18.51132486540516800, -19.87011593068661600, 0.0000000000000000000 ) ) ;
#1686 = CARTESIAN_POINT ( 'NONE',  ( -11.32301844884065100, -28.66895121327911200, 5.210818875432686100 ) ) ;
#1687 = LINE ( 'NONE', #2094, #3100 ) ;
#1688 = CARTESIAN_POINT ( 'NONE',  ( 7.284056649410906900, -29.36336827303529500, 5.338680595479288200 ) ) ;
#1689 = VECTOR ( 'NONE', #1751, 1000.000000000000000 ) ;
#1690 = CARTESIAN_POINT ( 'NONE',  ( -12.79999999999999500, -19.00000000000000000, 4.999999999999996400 ) ) ;
#1691 = VECTOR ( 'NONE', #1120, 1000.000000000000000 ) ;
#1692 = DIRECTION ( 'NONE',  ( 0.0000000000000000000, -1.000000000000000000, 0.0000000000000000000 ) ) ;
#1693 = AXIS2_PLACEMENT_3D ( 'NONE', #218, #2357, #521 ) ;
#1694 = VECTOR ( 'NONE', #467, 1000.000000000000100 ) ;
#1695 = TOROIDAL_SURFACE ( 'NONE', #2635, 0.1000000000000009100, 1.000000000000000000 ) ;
#1696 = ADVANCED_FACE ( 'NONE', ( #2732 ), #1117, .T. ) ;
#1697 =( BOUNDED_CURVE ( )  B_SPLINE_CURVE ( 3, ( #1915, #3715, #2219, #371 ),
 .UNSPECIFIED., .F., .T. ) 
 B_SPLINE_CURVE_WITH_KNOTS ( ( 4, 4 ),
 ( 1.570796326794896600, 3.141592653589794900 ),
 .UNSPECIFIED. ) 
 CURVE ( )  GEOMETRIC_REPRESENTATION_ITEM ( )  RATIONAL_B_SPLINE_CURVE ( ( 1.000000000000000000, 0.8047378541243646000, 0.8047378541243646000, 1.000000000000000000 ) ) 
 REPRESENTATION_ITEM ( '' )  );
#1698 = ORIENTED_EDGE ( 'NONE', *, *, #1113, .T. ) ;
#1699 = DIRECTION ( 'NONE',  ( -1.000000000000000000, 0.0000000000000000000, 0.0000000000000000000 ) ) ;
#1700 = CARTESIAN_POINT ( 'NONE',  ( 10.98582514788125800, -28.09799526671550000, 5.279163430410777700 ) ) ;
#1701 = CARTESIAN_POINT ( 'NONE',  ( 5.428698299382991100, -29.04395640372743900, 6.112742692171302400 ) ) ;
#1702 = ORIENTED_EDGE ( 'NONE', *, *, #2296, .T. ) ;
#1703 = ORIENTED_EDGE ( 'NONE', *, *, #1375, .T. ) ;
#1704 = FACE_OUTER_BOUND ( 'NONE', #136, .T. ) ;
#1705 = CARTESIAN_POINT ( 'NONE',  ( -14.40000000000000000, -3.500000000000000000, 1.500000000000000000 ) ) ;
#1706 = AXIS2_PLACEMENT_3D ( 'NONE', #2009, #2617, #786 ) ;
#1707 = ORIENTED_EDGE ( 'NONE', *, *, #1522, .T. ) ;
#1708 = VERTEX_POINT ( 'NONE', #2919 ) ;
#1709 = PLANE ( 'NONE',  #3786 ) ;
#1710 = EDGE_CURVE ( 'NONE', #572, #3458, #1216, .T. ) ;
#1711 = EDGE_CURVE ( 'NONE', #1383, #2110, #1410, .T. ) ;
#1712 = ORIENTED_EDGE ( 'NONE', *, *, #1249, .F. ) ;
#1713 = CARTESIAN_POINT ( 'NONE',  ( 12.80000000000000600, -28.00000000000000700, 0.0000000000000000000 ) ) ;
#1714 = CARTESIAN_POINT ( 'NONE',  ( -3.129511004697485900, -29.87627384209877200, 5.327227296383869200 ) ) ;
#1715 = ORIENTED_EDGE ( 'NONE', *, *, #2721, .T. ) ;
#1716 = CARTESIAN_POINT ( 'NONE',  ( 14.49999999999999800, -21.00000000000002500, 4.100000000000000500 ) ) ;
#1717 = ADVANCED_FACE ( 'NONE', ( #3446 ), #197, .F. ) ;
#1718 = DIRECTION ( 'NONE',  ( -1.746062762822404000E-016, 1.000000000000000000, 0.0000000000000000000 ) ) ;
#1719 = CARTESIAN_POINT ( 'NONE',  ( 12.80000000000000600, -24.50000000000000000, 1.999999999999996200 ) ) ;
#1720 = EDGE_CURVE ( 'NONE', #1229, #2526, #1027, .T. ) ;
#1721 = ADVANCED_FACE ( 'NONE', ( #1940 ), #1850, .F. ) ;
#1722 = CARTESIAN_POINT ( 'NONE',  ( -13.19999999999999400, -19.00000000000000000, 4.500000000000004400 ) ) ;
#1723 = CARTESIAN_POINT ( 'NONE',  ( -8.513471003172229600, -29.71065752478089900, 5.122952793006255100 ) ) ;
#1724 = CARTESIAN_POINT ( 'NONE',  ( -9.260102355883157400, -29.30563386371789000, 5.232763454621357700 ) ) ;
#1725 = DIRECTION ( 'NONE',  ( -1.000000000000000000, -1.746062762822404200E-016, -0.0000000000000000000 ) ) ;
#1726 = ORIENTED_EDGE ( 'NONE', *, *, #219, .T. ) ;
#1727 = EDGE_CURVE ( 'NONE', #279, #400, #2860, .T. ) ;
#1728 = CARTESIAN_POINT ( 'NONE',  ( 11.74208498823207100, -27.72264101369782500, 4.813828026857354600 ) ) ;
#1729 = EDGE_LOOP ( 'NONE', ( #2370, #2691, #1804, #2819 ) ) ;
#1730 = ORIENTED_EDGE ( 'NONE', *, *, #2727, .T. ) ;
#1731 = CARTESIAN_POINT ( 'NONE',  ( 15.69475461197018400, -27.29612324771436600, 0.0000000000000000000 ) ) ;
#1732 = CARTESIAN_POINT ( 'NONE',  ( 12.85906089502775800, -27.81487700967031200, 3.190874573794122400 ) ) ;
#1733 = CARTESIAN_POINT ( 'NONE',  ( -10.41879666318194000, -30.97452765390517400, 4.288842735931992500 ) ) ;
#1734 = FILL_AREA_STYLE_COLOUR ( '', #3582 ) ;
#1735 = LINE ( 'NONE', #1554, #2447 ) ;
#1736 = EDGE_CURVE ( 'NONE', #183, #1370, #2642, .T. ) ;
#1737 = CARTESIAN_POINT ( 'NONE',  ( 13.89252271188809100, -19.87011593068661600, 8.000000000000000000 ) ) ;
#1738 = DIRECTION ( 'NONE',  ( -0.0000000000000000000, 0.0000000000000000000, -1.000000000000000000 ) ) ;
#1739 = CARTESIAN_POINT ( 'NONE',  ( 6.232998244739438800, -29.38002836782175500, 5.199460172705451900 ) ) ;
#1740 = ADVANCED_FACE ( 'NONE', ( #2547 ), #1045, .T. ) ;
#1741 = FACE_OUTER_BOUND ( 'NONE', #542, .T. ) ;
#1742 = CARTESIAN_POINT ( 'NONE',  ( 11.58872989838441300, -27.83814226926400400, 5.228727383900841000 ) ) ;
#1743 = VECTOR ( 'NONE', #2058, 1000.000000000000000 ) ;
#1744 = CIRCLE ( 'NONE', #1394, 7.196091087370740900 ) ;
#1745 = PLANE ( 'NONE',  #2772 ) ;
#1746 = AXIS2_PLACEMENT_3D ( 'NONE', #3399, #669, #2806 ) ;
#1747 = CARTESIAN_POINT ( 'NONE',  ( 15.27636683451264500, -25.77124751362384800, 2.399737024800573200 ) ) ;
#1748 = CARTESIAN_POINT ( 'NONE',  ( -11.43970045869541800, -30.51340317046591000, 3.599173312876417200 ) ) ;
#1749 = ORIENTED_EDGE ( 'NONE', *, *, #1162, .T. ) ;
#1750 = CIRCLE ( 'NONE', #877, 7.394024400970565100 ) ;
#1751 = DIRECTION ( 'NONE',  ( 0.0000000000000000000, 1.000000000000000000, 0.0000000000000000000 ) ) ;
#1752 =( BOUNDED_SURFACE ( )  B_SPLINE_SURFACE ( 3, 2, ( 
 ( #1266, #2488, #2782 ),
 ( #966, #3085, #1283 ),
 ( #3390, #1590, #3704 ),
 ( #1901, #51, #2207 ),
 ( #357, #2497, #662 ),
 ( #2799, #985, #3095 ),
 ( #1299, #3412, #1602 ),
 ( #1714, #116, #2260 ),
 ( #417, #2564, #728 ),
 ( #2861, #1049, #3157 ),
 ( #1359, #3470, #1663 ),
 ( #3762, #1970, #129 ),
 ( #2276, #427, #2573 ),
 ( #742, #2873, #1056 ),
 ( #3171, #1371, #3480 ),
 ( #1673, #3779, #1977 ),
 ( #137, #2289, #442 ),
 ( #2583, #753, #2885 ),
 ( #1064, #3177, #1386 ),
 ( #3493, #1684, #3788 ),
 ( #1993, #149, #2299 ),
 ( #454, #2598, #763 ) ),
 .UNSPECIFIED., .F., .F., .F. ) 
 B_SPLINE_SURFACE_WITH_KNOTS ( ( 4, 2, 2, 2, 2, 2, 2, 2, 2, 2, 4 ),
 ( 3, 3 ),
 ( 0.008950101266585642700, 0.01094111741338674500, 0.01193662548678729600, 0.01293213356018784600, 0.01492314970698894700, 0.01691416585379004700, 0.01890518200059114800, 0.02089619814739224900, 0.02189170622079279800, 0.02288721429419335000, 0.02487823044099445000 ),
 ( 0.0000000000000000000, 1.000000000000000000 ),
 .UNSPECIFIED. ) 
 GEOMETRIC_REPRESENTATION_ITEM ( )  RATIONAL_B_SPLINE_SURFACE ( (
 ( 1.000000000000000000, 0.9668984992832996300, 1.000000000000000000),
 ( 1.000000000000000000, 0.9656831958839381400, 1.000000000000000000),
 ( 1.000000000000000000, 0.9643732855670011900, 1.000000000000000000),
 ( 1.000000000000000000, 0.9624393959596911900, 1.000000000000000000),
 ( 1.000000000000000000, 0.9617977146359888400, 1.000000000000000000),
 ( 1.000000000000000000, 0.9605706171835368700, 1.000000000000000000),
 ( 1.000000000000000000, 0.9599866160461140200, 1.000000000000000000),
 ( 1.000000000000000000, 0.9583665217431658300, 1.000000000000000000),
 ( 1.000000000000000000, 0.9574642202202630100, 1.000000000000000000),
 ( 1.000000000000000000, 0.9562203345671447300, 1.000000000000000000),
 ( 1.000000000000000000, 0.9558813710578048000, 1.000000000000000000),
 ( 1.000000000000000000, 0.9558793786577325400, 1.000000000000000000),
 ( 1.000000000000000000, 0.9562149357952517400, 1.000000000000000000),
 ( 1.000000000000000000, 0.9574575640306844900, 1.000000000000000000),
 ( 1.000000000000000000, 0.9583621572649059200, 1.000000000000000000),
 ( 1.000000000000000000, 0.9599936113352369700, 1.000000000000000000),
 ( 1.000000000000000000, 0.9605837740929761300, 1.000000000000000000),
 ( 1.000000000000000000, 0.9618066150524300400, 1.000000000000000000),
 ( 1.000000000000000000, 0.9624409926158168400, 1.000000000000000000),
 ( 1.000000000000000000, 0.9643652642942196500, 1.000000000000000000),
 ( 1.000000000000000000, 0.9656758356726602400, 1.000000000000000000),
 ( 1.000000000000000000, 0.9668996290690585700, 1.000000000000000000) ) ) 
 REPRESENTATION_ITEM ( '' )  SURFACE ( )  );
#1753 = ORIENTED_EDGE ( 'NONE', *, *, #1870, .F. ) ;
#1754 = DIRECTION ( 'NONE',  ( 3.469446951953616700E-016, 0.0000000000000000000, 1.000000000000000000 ) ) ;
#1755 = VERTEX_POINT ( 'NONE', #1160 ) ;
#1756 = CARTESIAN_POINT ( 'NONE',  ( 11.77212886735012600, -30.28281206715921700, 0.0000000000000000000 ) ) ;
#1757 = CARTESIAN_POINT ( 'NONE',  ( -5.590671234042900100, -29.02962349428921100, 6.094900403415324200 ) ) ;
#1758 = EDGE_LOOP ( 'NONE', ( #171, #739, #2008 ) ) ;
#1759 = ORIENTED_EDGE ( 'NONE', *, *, #476, .T. ) ;
#1760 = CARTESIAN_POINT ( 'NONE',  ( 12.03403580401110800, -26.35719567922678400, 5.865142618279851800 ) ) ;
#1761 = VERTEX_POINT ( 'NONE', #522 ) ;
#1762 = ORIENTED_EDGE ( 'NONE', *, *, #2825, .F. ) ;
#1763 = CARTESIAN_POINT ( 'NONE',  ( -12.79999999999999500, -19.11028856829701500, 5.191025403784459900 ) ) ;
#1764 = CARTESIAN_POINT ( 'NONE',  ( 13.10820943999388500, -29.87348612489451900, -1.682972607206979300 ) ) ;
#1765 = CARTESIAN_POINT ( 'NONE',  ( 13.29999999999999900, -3.499999999999994700, 1.500000000000000000 ) ) ;
#1766 = EDGE_CURVE ( 'NONE', #1230, #309, #3570, .T. ) ;
#1767 = EDGE_LOOP ( 'NONE', ( #2196, #1002, #2794, #84 ) ) ;
#1768 = CARTESIAN_POINT ( 'NONE',  ( 13.20000000000000600, -24.50000000000000000, 4.099999999999997000 ) ) ;
#1769 = DIRECTION ( 'NONE',  ( -0.0000000000000000000, -0.0000000000000000000, -1.000000000000000000 ) ) ;
#1770 = CARTESIAN_POINT ( 'NONE',  ( -10.95716136189385300, -28.16515146111042600, 5.268176427334743100 ) ) ;
#1771 = CARTESIAN_POINT ( 'NONE',  ( -29.86248267878166000, -12.99390235989686600, 7.000615593644232200 ) ) ;
#1772 = DIRECTION ( 'NONE',  ( 0.0000000000000000000, 0.9895210288342832800, 0.1443888274581574300 ) ) ;
#1773 = ORIENTED_EDGE ( 'NONE', *, *, #2424, .F. ) ;
#1774 = DIRECTION ( 'NONE',  ( 1.759079432684508100E-016, 0.8619342151577684700, 0.5070201265633955700 ) ) ;
#1775 = AXIS2_PLACEMENT_3D ( 'NONE', #2374, #531, #2672 ) ;
#1776 = CARTESIAN_POINT ( 'NONE',  ( 11.66592194213559200, -28.11307447967378800, 4.634863049252921900 ) ) ;
#1777 = CARTESIAN_POINT ( 'NONE',  ( 11.60000000000000700, -29.57195014066374500, 3.205169552778152300 ) ) ;
#1778 = DIRECTION ( 'NONE',  ( 1.746062762822404700E-016, -1.000000000000000000, 0.0000000000000000000 ) ) ;
#1779 = EDGE_CURVE ( 'NONE', #2363, #3122, #3244, .T. ) ;
#1780 = CARTESIAN_POINT ( 'NONE',  ( 10.00000000000000500, -31.38420748798082700, 4.083383459733596500 ) ) ;
#1781 = LINE ( 'NONE', #1829, #2496 ) ;
#1782 = CARTESIAN_POINT ( 'NONE',  ( 7.059668817088277300, -28.71216787793213100, 5.909462680951969900 ) ) ;
#1783 = CARTESIAN_POINT ( 'NONE',  ( -7.217896248898603600, -29.30361214445928700, 5.375799677734793400 ) ) ;
#1784 = CARTESIAN_POINT ( 'NONE',  ( -17.25950804257304200, -25.17183953101722000, 0.0000000000000000000 ) ) ;
#1785 = EDGE_CURVE ( 'NONE', #128, #3797, #109, .T. ) ;
#1786 = LINE ( 'NONE', #2646, #3391 ) ;
#1787 = CARTESIAN_POINT ( 'NONE',  ( -11.20669538389564400, -29.17065765376995000, 4.885841954318002500 ) ) ;
#1788 = ADVANCED_FACE ( 'NONE', ( #3149 ), #322, .T. ) ;
#1789 = CARTESIAN_POINT ( 'NONE',  ( -11.74208948162611900, -27.72262137307623700, 4.813838332451940300 ) ) ;
#1790 = CONICAL_SURFACE ( 'NONE', #3600, 22.09252271188808300, 0.5235987755983053700 ) ;
#1791 = CARTESIAN_POINT ( 'NONE',  ( 7.259055640792103000, -28.58819461276989300, 5.995637180897135800 ) ) ;
#1792 = CIRCLE ( 'NONE', #1289, 0.1000000000000011300 ) ;
#1793 = LINE ( 'NONE', #683, #3295 ) ;
#1795 = CARTESIAN_POINT ( 'NONE',  ( -11.59999999999986100, -29.06016079828371800, 3.793530757792459100 ) ) ;
#1794 = CARTESIAN_POINT ( 'NONE',  ( -8.924242803527656400, -29.34659013985092500, 5.232763454621357700 ) ) ;
#1796 = CARTESIAN_POINT ( 'NONE',  ( 1.026527581566155900, -30.12123475409842000, 5.151018860553699100 ) ) ;
#1797 = CARTESIAN_POINT ( 'NONE',  ( -12.59047167885663800, -29.60557188768233800, -0.3303767493234022200 ) ) ;
#1798 =( BOUNDED_SURFACE ( )  B_SPLINE_SURFACE ( 3, 2, ( 
 ( #3589, #537, #2387 ),
 ( #549, #2684, #857 ),
 ( #2987, #1177, #3290 ),
 ( #1488, #3607, #1797 ) ),
 .UNSPECIFIED., .F., .F., .T. ) 
 B_SPLINE_SURFACE_WITH_KNOTS ( ( 4, 4 ),
 ( 3, 3 ),
 ( 0.0000000000000000000, 0.005326734380207791100 ),
 ( 0.0000000000000000000, 1.000000000000000000 ),
 .UNSPECIFIED. ) 
 GEOMETRIC_REPRESENTATION_ITEM ( )  RATIONAL_B_SPLINE_SURFACE ( (
 ( 1.000000000000000000, 0.8707991617201181800, 1.000000000000000000),
 ( 1.000000000000000000, 0.8597561804358611100, 1.000000000000000000),
 ( 1.000000000000000000, 0.8465262213124763500, 1.000000000000000000),
 ( 1.000000000000000000, 0.8309498181943955100, 1.000000000000000000) ) ) 
 REPRESENTATION_ITEM ( '' )  SURFACE ( )  );
#1799 = EDGE_LOOP ( 'NONE', ( #3645, #3136, #1040, #2044 ) ) ;
#1800 = EDGE_CURVE ( 'NONE', #1925, #2470, #1557, .T. ) ;
#1801 = CARTESIAN_POINT ( 'NONE',  ( 14.40000000000000000, -3.499999999999994700, -0.0000000000000000000 ) ) ;
#1802 = CARTESIAN_POINT ( 'NONE',  ( -9.260102355883159200, -29.72776278960150600, 5.112327410354991400 ) ) ;
#1803 = CARTESIAN_POINT ( 'NONE',  ( -10.80000000000000100, 0.0000000000000000000, 5.399999999999996800 ) ) ;
#1804 = ORIENTED_EDGE ( 'NONE', *, *, #93, .F. ) ;
#1805 = ORIENTED_EDGE ( 'NONE', *, *, #552, .T. ) ;
#1806 = AXIS2_PLACEMENT_3D ( 'NONE', #331, #2477, #634 ) ;
#1807 = VECTOR ( 'NONE', #3692, 1000.000000000000000 ) ;
#1808 = ORIENTED_EDGE ( 'NONE', *, *, #8, .F. ) ;
#1809 = CARTESIAN_POINT ( 'NONE',  ( 14.40000000000000000, -3.499999999999994700, 1.500000000000000000 ) ) ;
#1810 = PLANE ( 'NONE',  #2982 ) ;
#1811 = CARTESIAN_POINT ( 'NONE',  ( 7.577172431281845800, -28.43446226180939400, 6.070877414727085000 ) ) ;
#1812 = ORIENTED_EDGE ( 'NONE', *, *, #2620, .F. ) ;
#1813 = ORIENTED_EDGE ( 'NONE', *, *, #1681, .T. ) ;
#1815 = CARTESIAN_POINT ( 'NONE',  ( -18.73201513087678500, -29.72776278960150600, 5.112327410354991400 ) ) ;
#1814 = CARTESIAN_POINT ( 'NONE',  ( 11.60000000000000700, -28.48160187857103100, 4.900932156715136900 ) ) ;
#1816 = CARTESIAN_POINT ( 'NONE',  ( 2.187639628391381500, -29.75404823856796500, 5.822415748014322800 ) ) ;
#1817 = CARTESIAN_POINT ( 'NONE',  ( -14.80000000000000100, 0.0000000000000000000, 3.800000000000002500 ) ) ;
#1818 = VERTEX_POINT ( 'NONE', #3274 ) ;
#1819 = CARTESIAN_POINT ( 'NONE',  ( -12.37346822383213400, -27.36946644482893700, 4.100932156715090900 ) ) ;
#1820 = EDGE_CURVE ( 'NONE', #1291, #947, #1646, .T. ) ;
#1821 = CARTESIAN_POINT ( 'NONE',  ( -7.606365551205660900, -29.33362208137576100, 5.328589709927484800 ) ) ;
#1822 = ADVANCED_FACE ( 'NONE', ( #2269 ), #3841, .T. ) ;
#1823 = VERTEX_POINT ( 'NONE', #3304 ) ;
#1824 = DIRECTION ( 'NONE',  ( 0.0000000000000000000, 0.8494549446670444100, 0.5276611573545171300 ) ) ;
#1825 = DIRECTION ( 'NONE',  ( -6.938893903907228400E-016, 0.0000000000000000000, -1.000000000000000000 ) ) ;
#1826 = AXIS2_PLACEMENT_3D ( 'NONE', #446, #2588, #756 ) ;
#1827 = DIRECTION ( 'NONE',  ( 0.0000000000000000000, 1.000000000000000000, 0.0000000000000000000 ) ) ;
#1828 = CARTESIAN_POINT ( 'NONE',  ( 10.01481025735269300, -29.72776278960149900, 5.112327410354993200 ) ) ;
#1829 = CARTESIAN_POINT ( 'NONE',  ( 14.80000000000000100, -24.50000000000000000, 2.079274057836305400 ) ) ;
#1831 = CARTESIAN_POINT ( 'NONE',  ( 10.41879666318175200, -30.97452765390533400, 4.288842735931986300 ) ) ;
#1830 = DIRECTION ( 'NONE',  ( -1.000000000000000000, -0.0000000000000000000, -2.551063935260020900E-015 ) ) ;
#1832 = AXIS2_PLACEMENT_3D ( 'NONE', #165, #468, #2311 ) ;
#1833 = CARTESIAN_POINT ( 'NONE',  ( 10.03861825065953700, -29.25620815770073000, 5.405245904015858500 ) ) ;
#1834 =( BOUNDED_SURFACE ( )  B_SPLINE_SURFACE ( 3, 2, ( 
 ( #102, #3751, #2558 ),
 ( #723, #2858, #1046 ),
 ( #3152, #1355, #3468 ),
 ( #1655, #3759, #1965 ) ),
 .UNSPECIFIED., .F., .F., .T. ) 
 B_SPLINE_SURFACE_WITH_KNOTS ( ( 4, 4 ),
 ( 3, 3 ),
 ( 0.0000000000000000000, 0.0001331553765654631200 ),
 ( 0.0000000000000000000, 1.000000000000000000 ),
 .UNSPECIFIED. ) 
 GEOMETRIC_REPRESENTATION_ITEM ( )  RATIONAL_B_SPLINE_SURFACE ( (
 ( 1.000000000000000000, 0.8104657287970751200, 1.000000000000000000),
 ( 1.000000000000000000, 0.8049189489510477600, 1.000000000000000000),
 ( 1.000000000000000000, 0.7993020250041330500, 1.000000000000000000),
 ( 1.000000000000000000, 0.7936298303164244200, 1.000000000000000000) ) ) 
 REPRESENTATION_ITEM ( '' )  SURFACE ( )  );
#1835 = DIRECTION ( 'NONE',  ( -0.9792803110436708600, -0.2025094378102195700, 0.0000000000000000000 ) ) ;
#1836 = VERTEX_POINT ( 'NONE', #3765 ) ;
#1837 = AXIS2_PLACEMENT_3D ( 'NONE', #1332, #3439, #1634 ) ;
#1838 = VERTEX_POINT ( 'NONE', #1973 ) ;
#1839 = ORIENTED_EDGE ( 'NONE', *, *, #3067, .F. ) ;
#1840 = CARTESIAN_POINT ( 'NONE',  ( -10.00523184421674300, -29.92008221453411900, 4.992863169221549500 ) ) ;
#1841 = DIRECTION ( 'NONE',  ( 0.0000000000000000000, 0.0000000000000000000, 1.000000000000000000 ) ) ;
#1842 = CARTESIAN_POINT ( 'NONE',  ( 11.66606671049696900, -28.11221653126498400, 4.635219664442038500 ) ) ;
#1843 = CARTESIAN_POINT ( 'NONE',  ( -10.54895442339934200, -31.36090778879295400, 1.055694932478928600E-030 ) ) ;
#1844 = VECTOR ( 'NONE', #3036, 1000.000000000000100 ) ;
#1845 = CARTESIAN_POINT ( 'NONE',  ( -13.29999999999999900, -3.500000000000000000, 1.500000000000000000 ) ) ;
#1846 = CARTESIAN_POINT ( 'NONE',  ( -7.119488611770033300, -28.87895819163833300, 5.698518302443814900 ) ) ;
#1847 = DIRECTION ( 'NONE',  ( -1.000000000000000000, 0.0000000000000000000, 0.0000000000000000000 ) ) ;
#1848 = LINE ( 'NONE', #1931, #2450 ) ;
#1849 = CARTESIAN_POINT ( 'NONE',  ( 7.143601244962743700, -28.62644562470724100, 5.993397626397047900 ) ) ;
#1850 = TOROIDAL_SURFACE ( 'NONE', #2426, 9.613947906977232400, 1.600000000000000100 ) ;
#1851 = CIRCLE ( 'NONE', #3884, 0.8000000000000003800 ) ;
#1852 = CARTESIAN_POINT ( 'NONE',  ( 2.476658109942625700, -30.58959975365525000, 4.576974837792410400 ) ) ;
#1853 = CARTESIAN_POINT ( 'NONE',  ( -10.93725830020303900, -31.00633641386443500, 4.318107961075103400 ) ) ;
#1854 = ORIENTED_EDGE ( 'NONE', *, *, #2060, .T. ) ;
#1855 = VECTOR ( 'NONE', #3133, 1000.000000000000000 ) ;
#1856 = CARTESIAN_POINT ( 'NONE',  ( 12.34430531191435400, -26.91947333898815800, 4.756628845878617900 ) ) ;
#1857 = CARTESIAN_POINT ( 'NONE',  ( 10.38628354793440600, -29.14388278909767700, 5.232763454621357700 ) ) ;
#1858 = ORIENTED_EDGE ( 'NONE', *, *, #2386, .F. ) ;
#1859 = CARTESIAN_POINT ( 'NONE',  ( -7.193208544336178200, -28.60584426912946300, 6.000848958062903200 ) ) ;
#1860 = CARTESIAN_POINT ( 'NONE',  ( -9.999999999999994700, -29.78420748798082600, 8.000000000000000000 ) ) ;
#1861 = FILL_AREA_STYLE ('',( #3663 ) ) ;
#1862 = B_SPLINE_CURVE_WITH_KNOTS ( 'NONE', 3,
 ( #1918, #1878, #1051, #1978, #709, #419, #3790, #3190 ),
 .UNSPECIFIED., .F., .F.,
 ( 4, 2, 2, 4 ),
 ( 0.0006959116923713325900, 0.001008874271373110100, 0.001321836850374887800, 0.001947762008378431900 ),
 .UNSPECIFIED. ) ;
#1863 = ORIENTED_EDGE ( 'NONE', *, *, #693, .T. ) ;
#1864 = CARTESIAN_POINT ( 'NONE',  ( 12.80000000000000600, 0.0000000000000000000, 4.099999999999996100 ) ) ;
#1865 = ORIENTED_EDGE ( 'NONE', *, *, #881, .T. ) ;
#1866 = EDGE_LOOP ( 'NONE', ( #2274, #3864, #250, #3301 ) ) ;
#1867 = EDGE_LOOP ( 'NONE', ( #1432, #1968, #2916, #73 ) ) ;
#1868 = ORIENTED_EDGE ( 'NONE', *, *, #21, .T. ) ;
#1869 = VERTEX_POINT ( 'NONE', #2282 ) ;
#1870 = EDGE_CURVE ( 'NONE', #214, #3462, #1453, .T. ) ;
#1871 = CARTESIAN_POINT ( 'NONE',  ( -14.80000000000000100, -24.11769145362397300, 2.300000000000006000 ) ) ;
#1872 = CARTESIAN_POINT ( 'NONE',  ( -14.80000000000000100, -24.11769145362397300, 2.300000000000006000 ) ) ;
#1873 = CARTESIAN_POINT ( 'NONE',  ( -17.52069709633008500, -24.61923049654761500, -0.02455834168534846300 ) ) ;
#1874 = EDGE_CURVE ( 'NONE', #741, #3460, #2452, .T. ) ;
#1875 = DIRECTION ( 'NONE',  ( 0.0000000000000000000, 0.0000000000000000000, -1.000000000000000000 ) ) ;
#1876 = CARTESIAN_POINT ( 'NONE',  ( 11.61976192497638400, -28.63944952210769700, 4.200742638505542600 ) ) ;
#1877 = CARTESIAN_POINT ( 'NONE',  ( -10.49322436969034200, -29.42618731657696800, 5.232763454621358600 ) ) ;
#1878 = CARTESIAN_POINT ( 'NONE',  ( -11.77228927489602300, -30.28241686979125900, -0.0000000000000000000 ) ) ;
#1879 = DIRECTION ( 'NONE',  ( -0.0000000000000000000, -0.0000000000000000000, -1.000000000000000000 ) ) ;
#1880 = DIRECTION ( 'NONE',  ( 1.746062762822404500E-016, -1.000000000000000000, 2.366356300935116200E-032 ) ) ;
#1881 = CARTESIAN_POINT ( 'NONE',  ( 9.260102355883162800, -29.53387890807586700, 5.232763454621358600 ) ) ;
#1882 = TOROIDAL_SURFACE ( 'NONE', #2077, 24.61394790697723400, 1.600000000000000100 ) ;
#1883 = B_SPLINE_CURVE_WITH_KNOTS ( 'NONE', 3,
 ( #1607, #1926, #89, #2240 ),
 .UNSPECIFIED., .F., .F.,
 ( 4, 4 ),
 ( -4.927696095297707000E-005, 0.0006594939011806429500 ),
 .UNSPECIFIED. ) ;
#1884 = CARTESIAN_POINT ( 'NONE',  ( -11.59999999999999600, -29.78420748798082600, 4.083383459733599200 ) ) ;
#1885 = AXIS2_PLACEMENT_3D ( 'NONE', #1335, #3442, #1635 ) ;
#1886 = CARTESIAN_POINT ( 'NONE',  ( -10.98582514788114000, -28.09799526671574600, 5.279163430410737800 ) ) ;
#1887 = CARTESIAN_POINT ( 'NONE',  ( -11.35201566111060400, -27.39788543550861300, 5.453366363278331800 ) ) ;
#1888 = CARTESIAN_POINT ( 'NONE',  ( -11.35077297404887800, -28.95120597236390100, 4.800775319729756200 ) ) ;
#1889 = CARTESIAN_POINT ( 'NONE',  ( 12.80000000000000400, -19.50000000000004600, 5.000000000000000000 ) ) ;
#1890 = CIRCLE ( 'NONE', #630, 1.000000000000000000 ) ;
#1891 = CARTESIAN_POINT ( 'NONE',  ( 10.98564692092513400, -28.09839922555436000, 5.279094678242596900 ) ) ;
#1892 = CARTESIAN_POINT ( 'NONE',  ( 8.545614620471896600, -29.37871596128923500, 5.239936568457848100 ) ) ;
#1893 = CARTESIAN_POINT ( 'NONE',  ( 7.068288189248684200, -28.67787664132150400, 5.953122370027268900 ) ) ;
#1894 = FACE_OUTER_BOUND ( 'NONE', #1133, .T. ) ;
#1895 = CARTESIAN_POINT ( 'NONE',  ( 12.37346822383213900, -27.36946644482891200, 4.100932156715124700 ) ) ;
#1896 = DIRECTION ( 'NONE',  ( 0.0000000000000000000, 1.000000000000000000, 0.0000000000000000000 ) ) ;
#1897 = LINE ( 'NONE', #2483, #3398 ) ;
#1898 = EDGE_CURVE ( 'NONE', #448, #934, #2957, .T. ) ;
#1899 = FACE_OUTER_BOUND ( 'NONE', #125, .T. ) ;
#1900 = CYLINDRICAL_SURFACE ( 'NONE', #584, 19.00000000000000000 ) ;
#1901 = CARTESIAN_POINT ( 'NONE',  ( -5.237638326155233900, -29.36697176741117900, 5.614119824162196800 ) ) ;
#1902 = CARTESIAN_POINT ( 'NONE',  ( -12.27757976009860200, -26.01024299386008200, 6.032763454620048400 ) ) ;
#1903 = CARTESIAN_POINT ( 'NONE',  ( -10.79999999999999700, -19.87011593068661600, 8.000000000000000000 ) ) ;
#1904 = CARTESIAN_POINT ( 'NONE',  ( -14.12332331978703300, -26.43209349667651200, 3.259843562971071100 ) ) ;
#1905 = AXIS2_PLACEMENT_3D ( 'NONE', #782, #2614, #3803 ) ;
#1906 = ORIENTED_EDGE ( 'NONE', *, *, #1162, .F. ) ;
#1907 = CARTESIAN_POINT ( 'NONE',  ( 13.20000000000000600, -28.48160187857103100, 4.900932156715135200 ) ) ;
#1908 = CARTESIAN_POINT ( 'NONE',  ( 7.480875781820277100, -29.39217441924410700, 5.320786904303564500 ) ) ;
#1909 = VERTEX_POINT ( 'NONE', #141 ) ;
#1910 = EDGE_LOOP ( 'NONE', ( #311, #3311, #1082, #1426 ) ) ;
#1911 = VECTOR ( 'NONE', #26, 1000.000000000000000 ) ;
#1912 = VERTEX_POINT ( 'NONE', #2890 ) ;
#1913 = VERTEX_POINT ( 'NONE', #1071 ) ;
#1914 = AXIS2_PLACEMENT_3D ( 'NONE', #3261, #1452, #3575 ) ;
#1915 = CARTESIAN_POINT ( 'NONE',  ( 12.80000000000000600, -20.30717967697248100, 4.499999999999997300 ) ) ;
#1916 = CARTESIAN_POINT ( 'NONE',  ( -14.80000000000000100, -24.50000000000000000, 3.800000000000002500 ) ) ;
#1917 = ORIENTED_EDGE ( 'NONE', *, *, #1323, .T. ) ;
#1918 = CARTESIAN_POINT ( 'NONE',  ( -11.73278752558541300, -30.37973764905344600, 0.0000000000000000000 ) ) ;
#1919 = ORIENTED_EDGE ( 'NONE', *, *, #1933, .T. ) ;
#1920 = DIRECTION ( 'NONE',  ( -0.0000000000000000000, -0.0000000000000000000, -1.000000000000000000 ) ) ;
#1921 = VERTEX_POINT ( 'NONE', #132 ) ;
#1922 = EDGE_CURVE ( 'NONE', #1370, #1986, #3761, .T. ) ;
#1923 = EDGE_CURVE ( 'NONE', #1420, #3407, #3141, .T. ) ;
#1924 = CARTESIAN_POINT ( 'NONE',  ( 7.460796226712856700, -29.29275812349771600, 5.362303939226811700 ) ) ;
#1925 = VERTEX_POINT ( 'NONE', #1403 ) ;
#1926 = CARTESIAN_POINT ( 'NONE',  ( 6.711928831107882400, -28.80530192490032700, 5.922269760895837900 ) ) ;
#1927 = ORIENTED_EDGE ( 'NONE', *, *, #520, .T. ) ;
#1928 = ORIENTED_EDGE ( 'NONE', *, *, #68, .F. ) ;
#1929 = ADVANCED_FACE ( 'NONE', ( #2358 ), #2871, .F. ) ;
#1930 = CARTESIAN_POINT ( 'NONE',  ( -10.26841441090384100, -31.38420748798082700, -0.2475368145642892500 ) ) ;
#1931 = CARTESIAN_POINT ( 'NONE',  ( -10.80000000000000100, 0.0000000000000000000, 0.0000000000000000000 ) ) ;
#1932 = CARTESIAN_POINT ( 'NONE',  ( 7.171533516132560800, -29.06151951666998200, 5.534628101149633200 ) ) ;
#1933 = EDGE_CURVE ( 'NONE', #166, #3122, #2047, .T. ) ;
#1934 = LINE ( 'NONE', #2410, #287 ) ;
#1935 = CARTESIAN_POINT ( 'NONE',  ( -7.151238507060707400, -29.15096602043713500, 5.470619810307759700 ) ) ;
#1936 = DIRECTION ( 'NONE',  ( -0.0000000000000000000, 1.000000000000000000, -0.0000000000000000000 ) ) ;
#1937 = EDGE_CURVE ( 'NONE', #214, #2461, #3682, .T. ) ;
#1938 = CYLINDRICAL_SURFACE ( 'NONE', #1633, 0.3999999999999999700 ) ;
#1939 = CARTESIAN_POINT ( 'NONE',  ( -10.87771936379042300, -28.36132688430280900, 5.240446272072379200 ) ) ;
#1940 = FACE_OUTER_BOUND ( 'NONE', #3858, .T. ) ;
#1941 = LINE ( 'NONE', #556, #2733 ) ;
#1942 =( BOUNDED_CURVE ( )  B_SPLINE_CURVE ( 3, ( #1871, #2739, #326, #2469 ),
 .UNSPECIFIED., .F., .T. ) 
 B_SPLINE_CURVE_WITH_KNOTS ( ( 4, 4 ),
 ( 1.570796326794889900, 2.397574394283477500 ),
 .UNSPECIFIED. ) 
 CURVE ( )  GEOMETRIC_REPRESENTATION_ITEM ( )  RATIONAL_B_SPLINE_CURVE ( ( 1.000000000000000000, 0.9438431054172551300, 0.9438431054172551300, 1.000000000000000000 ) ) 
 REPRESENTATION_ITEM ( '' )  );
#1943 = CARTESIAN_POINT ( 'NONE',  ( 12.37346822383213900, -27.36946644482891200, 4.100932156715124700 ) ) ;
#1944 = CARTESIAN_POINT ( 'NONE',  ( 7.028409418046472000, -28.78269087248870100, 5.831252040737281200 ) ) ;
#1945 = ORIENTED_EDGE ( 'NONE', *, *, #288, .F. ) ;
#1946 = VECTOR ( 'NONE', #1330, 1000.000000000000000 ) ;
#1947 = ORIENTED_EDGE ( 'NONE', *, *, #909, .T. ) ;
#1948 = ORIENTED_EDGE ( 'NONE', *, *, #1193, .T. ) ;
#1949 = ADVANCED_FACE ( 'NONE', ( #674 ), #611, .T. ) ;
#1950 = EDGE_CURVE ( 'NONE', #690, #3823, #1786, .T. ) ;
#1951 = CARTESIAN_POINT ( 'NONE',  ( -7.050331391401471100, -28.79343200064564100, 5.811905403015853900 ) ) ;
#1952 = ORIENTED_EDGE ( 'NONE', *, *, #205, .T. ) ;
#1953 = CARTESIAN_POINT ( 'NONE',  ( -12.80000000000000400, -19.50000000000004600, 5.000000000000000000 ) ) ;
#1954 = ORIENTED_EDGE ( 'NONE', *, *, #3529, .F. ) ;
#1955 = ORIENTED_EDGE ( 'NONE', *, *, #3613, .T. ) ;
#1956 = VERTEX_POINT ( 'NONE', #193 ) ;
#1957 = ORIENTED_EDGE ( 'NONE', *, *, #1874, .T. ) ;
#1958 = CARTESIAN_POINT ( 'NONE',  ( -12.43326588548254600, -28.20023761756517200, 2.797803166093470600 ) ) ;
#1959 = AXIS2_PLACEMENT_3D ( 'NONE', #1538, #3651, #1847 ) ;
#1960 = CARTESIAN_POINT ( 'NONE',  ( 11.60000000000000700, -29.78420748798082200, 3.193704550949335400 ) ) ;
#1961 = VERTEX_POINT ( 'NONE', #2025 ) ;
#1962 = CARTESIAN_POINT ( 'NONE',  ( -7.068249438421042400, -28.69819480397887200, 5.924766658646855300 ) ) ;
#1963 = CARTESIAN_POINT ( 'NONE',  ( -10.79999999999999500, -21.41638791949990800, 5.771624214181580100 ) ) ;
#1964 = CARTESIAN_POINT ( 'NONE',  ( 11.56821623158887200, -30.15579748492951500, 3.400326915324817000 ) ) ;
#1965 = CARTESIAN_POINT ( 'NONE',  ( 11.64901324572423400, -28.21883677907888500, 4.592804930492879300 ) ) ;
#1966 = CARTESIAN_POINT ( 'NONE',  ( -13.19999999999999600, -24.50000000000000000, 1.600000000000004100 ) ) ;
#1967 = EDGE_CURVE ( 'NONE', #1017, #2790, #3288, .T. ) ;
#1968 = ORIENTED_EDGE ( 'NONE', *, *, #131, .F. ) ;
#1969 =( BOUNDED_CURVE ( )  B_SPLINE_CURVE ( 3, ( #639, #335, #1272, #3383 ),
 .UNSPECIFIED., .F., .F. ) 
 B_SPLINE_CURVE_WITH_KNOTS ( ( 4, 4 ),
 ( 0.0000000000000000000, 1.570796326794896600 ),
 .UNSPECIFIED. ) 
 CURVE ( )  GEOMETRIC_REPRESENTATION_ITEM ( )  RATIONAL_B_SPLINE_CURVE ( ( 1.000000000000000000, 0.8047378541243649400, 0.8047378541243649400, 1.000000000000000000 ) ) 
 REPRESENTATION_ITEM ( '' )  );
#1970 = CARTESIAN_POINT ( 'NONE',  ( 0.6470917374368631000, -30.31592394131818200, 4.746975726932155300 ) ) ;
#1971 = CARTESIAN_POINT ( 'NONE',  ( -7.306630296785211700, -28.53968932011710900, 6.044195472955770800 ) ) ;
#1972 = CARTESIAN_POINT ( 'NONE',  ( 12.80000000000000600, -24.49999999999999600, 2.079274057836301800 ) ) ;
#1973 = CARTESIAN_POINT ( 'NONE',  ( -12.79999999999999700, -24.50000000000000000, 2.079274057836308900 ) ) ;
#1974 = FACE_OUTER_BOUND ( 'NONE', #1799, .T. ) ;
#1975 = CARTESIAN_POINT ( 'NONE',  ( 3.870523781828792300, -29.73340889469838200, 5.406825991588999800 ) ) ;
#1976 = FACE_OUTER_BOUND ( 'NONE', #2905, .T. ) ;
#1977 = CARTESIAN_POINT ( 'NONE',  ( 4.274485982488700500, -30.26069155696583500, 4.781284767139579700 ) ) ;
#1978 = CARTESIAN_POINT ( 'NONE',  ( -11.93135355988543700, -30.01305902887024100, -0.0000000000000000000 ) ) ;
#1979 = AXIS2_PLACEMENT_3D ( 'NONE', #3299, #1496, #3616 ) ;
#1980 = LINE ( 'NONE', #3062, #2680 ) ;
#1981 = VECTOR ( 'NONE', #3415, 1000.000000000000000 ) ;
#1982 = FACE_OUTER_BOUND ( 'NONE', #2560, .T. ) ;
#1983 = CARTESIAN_POINT ( 'NONE',  ( -18.73201513087678500, -31.38420748798082700, 3.638544005341466400 ) ) ;
#1984 = EDGE_CURVE ( 'NONE', #1398, #160, #2585, .T. ) ;
#1985 = CARTESIAN_POINT ( 'NONE',  ( 11.44593888367692400, -28.47849570971616700, 5.195211055816108600 ) ) ;
#1986 = VERTEX_POINT ( 'NONE', #3561 ) ;
#1987 = CARTESIAN_POINT ( 'NONE',  ( 10.80000000000000600, -23.60597559902927100, -2.000000000000001800 ) ) ;
#1988 = EDGE_CURVE ( 'NONE', #2323, #1427, #146, .T. ) ;
#1989 = ORIENTED_EDGE ( 'NONE', *, *, #3478, .T. ) ;
#1990 = FACE_OUTER_BOUND ( 'NONE', #2200, .T. ) ;
#1991 = VERTEX_POINT ( 'NONE', #2054 ) ;
#1992 =( BOUNDED_SURFACE ( )  B_SPLINE_SURFACE ( 3, 2, ( 
 ( #3520, #1095, #481 ),
 ( #2625, #796, #2920 ),
 ( #1106, #3224, #1429 ),
 ( #3541, #1732, #3834 ),
 ( #2039, #192, #2342 ),
 ( #507, #2645, #808 ),
 ( #2936, #1130, #3238 ),
 ( #1438, #3560, #1747 ),
 ( #3843, #2053, #209 ),
 ( #2353, #517, #2662 ),
 ( #822, #2947, #1144 ),
 ( #3253, #1448, #3572 ),
 ( #1764, #3853, #2064 ),
 ( #226, #2365, #526 ) ),
 .UNSPECIFIED., .F., .F., .F. ) 
 B_SPLINE_SURFACE_WITH_KNOTS ( ( 4, 2, 2, 2, 2, 2, 4 ),
 ( 3, 3 ),
 ( 0.0004294271938552734900, 0.001036959003100479300, 0.001644490812345685000, 0.002252022621590891000, 0.002859554430836096700, 0.004074618049326508500, 0.005289681667816919900 ),
 ( 0.1636387711377416100, 1.000000000000000000 ),
 .UNSPECIFIED. ) 
 GEOMETRIC_REPRESENTATION_ITEM ( )  RATIONAL_B_SPLINE_SURFACE ( (
 ( 0.9990200421889496900, 0.9970057285194797700, 1.000000000000000000),
 ( 0.9982749273022806200, 0.9947290220840533400, 1.000000000000000000),
 ( 0.9973129282304554800, 0.9917896237216220500, 1.000000000000000000),
 ( 0.9952727485149923700, 0.9855558329724055700, 1.000000000000000000),
 ( 0.9941891812812075900, 0.9822449818023224500, 1.000000000000000000),
 ( 0.9919986571043775100, 0.9755518119575481400, 1.000000000000000000),
 ( 0.9908890221890613900, 0.9721613107101934000, 1.000000000000000000),
 ( 0.9886854978883695700, 0.9654284188491412100, 1.000000000000000000),
 ( 0.9875904569594578000, 0.9620825096819611800, 1.000000000000000000),
 ( 0.9843519737162611500, 0.9521872898001440000, 1.000000000000000000),
 ( 0.9822558760220725400, 0.9457826410741271300, 1.000000000000000000),
 ( 0.9782413387657180600, 0.9335161799279008100, 1.000000000000000000),
 ( 0.9763212835788343000, 0.9276494309492391300, 1.000000000000000000),
 ( 0.9744896503054856200, 0.9220528560647729400, 1.000000000000000000) ) ) 
 REPRESENTATION_ITEM ( '' )  SURFACE ( )  );
#1993 = CARTESIAN_POINT ( 'NONE',  ( 6.651615191817730200, -28.83476122621844000, 5.921215592013447300 ) ) ;
#1994 = CARTESIAN_POINT ( 'NONE',  ( -18.73201513087678500, -29.72776278960150600, 5.112327410354991400 ) ) ;
#1995 = CARTESIAN_POINT ( 'NONE',  ( -11.35077297405378400, -28.95120597236302700, 4.800775319728223200 ) ) ;
#1996 = ORIENTED_EDGE ( 'NONE', *, *, #2587, .F. ) ;
#1997 = ADVANCED_FACE ( 'NONE', ( #863 ), #2398, .T. ) ;
#1998 = CARTESIAN_POINT ( 'NONE',  ( 7.181559833689884300, -29.22849292606241200, 5.422461945071873400 ) ) ;
#1999 = DIRECTION ( 'NONE',  ( -0.0000000000000000000, -0.0000000000000000000, -1.000000000000000000 ) ) ;
#2000 = ORIENTED_EDGE ( 'NONE', *, *, #2097, .T. ) ;
#2001 = CARTESIAN_POINT ( 'NONE',  ( -10.79999999999999500, -28.69122033371483800, 3.367670149189580200 ) ) ;
#2002 = AXIS2_PLACEMENT_3D ( 'NONE', #3748, #412, #2554 ) ;
#2003 = EDGE_CURVE ( 'NONE', #1708, #47, #3188, .T. ) ;
#2004 = CARTESIAN_POINT ( 'NONE',  ( -11.65588749443202600, -30.20550239467354800, 0.9441001945466225300 ) ) ;
#2005 = AXIS2_PLACEMENT_3D ( 'NONE', #321, #3055, #1252 ) ;
#2006 = CARTESIAN_POINT ( 'NONE',  ( 14.50000000000000000, -24.50000000000000000, 2.079274057836304900 ) ) ;
#2007 = CARTESIAN_POINT ( 'NONE',  ( 6.492683267796248700, -28.88762479532615800, 5.891097322002947200 ) ) ;
#2008 = ORIENTED_EDGE ( 'NONE', *, *, #1147, .F. ) ;
#2009 = CARTESIAN_POINT ( 'NONE',  ( -12.79999999999999700, -24.50000000000000000, 2.000000000000004000 ) ) ;
#2010 = CARTESIAN_POINT ( 'NONE',  ( -11.19999999999999600, -19.50000000000004600, 5.000000000000000000 ) ) ;
#2011 = DIRECTION ( 'NONE',  ( 1.000000000000000000, 1.746062762822404700E-016, -1.232595164407830900E-032 ) ) ;
#2012 = EDGE_CURVE ( 'NONE', #200, #571, #59, .T. ) ;
#2013 = ORIENTED_EDGE ( 'NONE', *, *, #60, .T. ) ;
#2014 = DIRECTION ( 'NONE',  ( 1.746062762822404500E-016, -1.000000000000000000, 0.0000000000000000000 ) ) ;
#2015 = EDGE_LOOP ( 'NONE', ( #3411, #2513, #1202, #595 ) ) ;
#2016 = ADVANCED_FACE ( 'NONE', ( #1603 ), #2366, .T. ) ;
#2017 = ORIENTED_EDGE ( 'NONE', *, *, #1736, .T. ) ;
#2018 = EDGE_CURVE ( 'NONE', #1462, #701, #3897, .T. ) ;
#2019 = AXIS2_PLACEMENT_3D ( 'NONE', #2325, #480, #2623 ) ;
#2020 = CARTESIAN_POINT ( 'NONE',  ( 8.613333333333333300, -23.43548017886971400, 5.477002518062911400 ) ) ;
#2021 = CARTESIAN_POINT ( 'NONE',  ( -10.85550530476180600, -31.26853114859246600, -0.0000000000000000000 ) ) ;
#2022 = CARTESIAN_POINT ( 'NONE',  ( -14.50000000000000000, 0.0000000000000000000, 3.800000000000004700 ) ) ;
#2023 = CARTESIAN_POINT ( 'NONE',  ( 12.15813315607916700, -26.32782153656855700, 5.760021042997800900 ) ) ;
#2024 = AXIS2_PLACEMENT_3D ( 'NONE', #2840, #2291, #456 ) ;
#2025 = CARTESIAN_POINT ( 'NONE',  ( -11.59999999999999600, -29.78420748798082600, 3.193704550949335800 ) ) ;
#2026 = CARTESIAN_POINT ( 'NONE',  ( -9.999999999999996400, -31.38420748798082700, 4.083383459733595600 ) ) ;
#2027 = FACE_OUTER_BOUND ( 'NONE', #2217, .T. ) ;
#2028 = LINE ( 'NONE', #2906, #3637 ) ;
#2029 = VECTOR ( 'NONE', #3216, 1000.000000000000000 ) ;
#2030 = CARTESIAN_POINT ( 'NONE',  ( -8.898524252495885600, -29.55368028351474800, 5.220463312337616700 ) ) ;
#2031 = ORIENTED_EDGE ( 'NONE', *, *, #2066, .F. ) ;
#2032 = CIRCLE ( 'NONE', #758, 1.100000000000000300 ) ;
#2033 = VERTEX_POINT ( 'NONE', #2079 ) ;
#2034 = CARTESIAN_POINT ( 'NONE',  ( 14.68087062662009100, -23.64239687965819300, -1.760010483172795000 ) ) ;
#2035 = AXIS2_PLACEMENT_3D ( 'NONE', #3919, #2126, #278 ) ;
#2036 = CARTESIAN_POINT ( 'NONE',  ( 11.66606671049696900, -28.11221653126498400, 4.635219664442038500 ) ) ;
#2037 = ORIENTED_EDGE ( 'NONE', *, *, #1061, .F. ) ;
#2038 = CARTESIAN_POINT ( 'NONE',  ( 14.60247595797698100, -28.28441738718201400, 0.0000000000000000000 ) ) ;
#2039 = CARTESIAN_POINT ( 'NONE',  ( 11.71880817731949700, -28.78035535019906600, 2.449028939914504700 ) ) ;
#2040 = CARTESIAN_POINT ( 'NONE',  ( -10.41879666318175300, -31.34256375068217400, 3.626966019479701800 ) ) ;
#2041 = ORIENTED_EDGE ( 'NONE', *, *, #2273, .F. ) ;
#2042 = ADVANCED_FACE ( 'NONE', ( #767 ), #2379, .F. ) ;
#2043 = ORIENTED_EDGE ( 'NONE', *, *, #1405, .T. ) ;
#2044 = ORIENTED_EDGE ( 'NONE', *, *, #337, .F. ) ;
#2045 = ORIENTED_EDGE ( 'NONE', *, *, #3434, .T. ) ;
#2046 = ORIENTED_EDGE ( 'NONE', *, *, #66, .T. ) ;
#2047 =( BOUNDED_CURVE ( )  B_SPLINE_CURVE ( 3, ( #2010, #3808, #2618, #788 ),
 .UNSPECIFIED., .F., .F. ) 
 B_SPLINE_CURVE_WITH_KNOTS ( ( 4, 4 ),
 ( 3.141592653589792700, 4.712388980384689700 ),
 .UNSPECIFIED. ) 
 CURVE ( )  GEOMETRIC_REPRESENTATION_ITEM ( )  RATIONAL_B_SPLINE_CURVE ( ( 1.000000000000000000, 0.8047378541243649400, 0.8047378541243649400, 1.000000000000000000 ) ) 
 REPRESENTATION_ITEM ( '' )  );
#2048 = CARTESIAN_POINT ( 'NONE',  ( 11.59091755097877500, -30.66553908096528500, 5.173856245662318500E-030 ) ) ;
#2049 = DIRECTION ( 'NONE',  ( -1.000000000000000000, 0.0000000000000000000, 0.0000000000000000000 ) ) ;
#2050 = CARTESIAN_POINT ( 'NONE',  ( -1.922668460772854100, -29.76360415384290500, 5.837715038128241200 ) ) ;
#2051 = ORIENTED_EDGE ( 'NONE', *, *, #2667, .F. ) ;
#2052 = CARTESIAN_POINT ( 'NONE',  ( 11.82740955401628300, -27.38093715477766600, 5.008295358557952600 ) ) ;
#2053 = CARTESIAN_POINT ( 'NONE',  ( 14.22837485887178700, -27.90345388854191500, 1.857825005245971300 ) ) ;
#2054 = CARTESIAN_POINT ( 'NONE',  ( -15.50000000000000000, -3.500000000000000000, 0.5000000000000000000 ) ) ;
#2055 = CARTESIAN_POINT ( 'NONE',  ( -11.55835626615544200, -30.10409717919749200, 3.488014792733444800 ) ) ;
#2056 = CARTESIAN_POINT ( 'NONE',  ( 12.80000000000000600, -24.50000000000000000, 1.599999999999997400 ) ) ;
#2057 = B_SPLINE_CURVE_WITH_KNOTS ( 'NONE', 3,
 ( #1943, #1019, #402, #2544, #715, #2849, #1030, #3139, #1348, #3456 ),
 .UNSPECIFIED., .F., .F.,
 ( 4, 2, 2, 2, 4 ),
 ( 0.001601012199063377500, 0.003411619796465067800, 0.005222227393866758100, 0.007032834991268448400, 0.008843442588670138600 ),
 .UNSPECIFIED. ) ;
#2058 = DIRECTION ( 'NONE',  ( -1.000000000000000000, -0.0000000000000000000, -2.551063935260020900E-015 ) ) ;
#2059 = CARTESIAN_POINT ( 'NONE',  ( -2.570842599597845900, -30.06363468490843300, 5.037218987717862400 ) ) ;
#2060 = EDGE_CURVE ( 'NONE', #2461, #3735, #1687, .T. ) ;
#2061 = CARTESIAN_POINT ( 'NONE',  ( 12.27757976009868200, -26.01024299385891700, 6.032763454621394000 ) ) ;
#2062 = ORIENTED_EDGE ( 'NONE', *, *, #1779, .T. ) ;
#2063 = CARTESIAN_POINT ( 'NONE',  ( -14.49999999999999800, -24.50000000000000000, 2.000000000000004000 ) ) ;
#2064 = CARTESIAN_POINT ( 'NONE',  ( 17.24815094210481800, -24.74022729195640800, 0.3221726226600190000 ) ) ;
#2065 = CARTESIAN_POINT ( 'NONE',  ( -11.35077297405363000, -28.95120597236304100, 4.800775319728173500 ) ) ;
#2066 = EDGE_CURVE ( 'NONE', #3407, #355, #1346, .T. ) ;
#2067 = CARTESIAN_POINT ( 'NONE',  ( 10.80000000000000600, -25.20835647758646300, 5.218308137104039600 ) ) ;
#2068 = FACE_OUTER_BOUND ( 'NONE', #1729, .T. ) ;
#2069 = ADVANCED_BREP_SHAPE_REPRESENTATION ( 'LockCover', ( #2950, #3697 ), #1460 ) ;
#2070 = CARTESIAN_POINT ( 'NONE',  ( -11.54494369129882400, -28.29647199215435200, 5.192187929823092000 ) ) ;
#2071 = CARTESIAN_POINT ( 'NONE',  ( 8.613333333333333300, -23.43548017886971400, 5.477002518062911400 ) ) ;
#2072 = AXIS2_PLACEMENT_3D ( 'NONE', #269, #1501, #1536 ) ;
#2073 = FACE_OUTER_BOUND ( 'NONE', #3501, .T. ) ;
#2074 = DIRECTION ( 'NONE',  ( 1.000000000000000000, 1.746062762822404500E-016, 0.0000000000000000000 ) ) ;
#2075 = FACE_OUTER_BOUND ( 'NONE', #3259, .T. ) ;
#2076 = VECTOR ( 'NONE', #2074, 1000.000000000000000 ) ;
#2077 = AXIS2_PLACEMENT_3D ( 'NONE', #3701, #2808, #3420 ) ;
#2078 = DIRECTION ( 'NONE',  ( 0.0000000000000000000, 0.9895210288342832800, 0.1443888274581574300 ) ) ;
#2079 = CARTESIAN_POINT ( 'NONE',  ( 12.80000000000000200, 0.0000000000000000000, -3.851859888774471700E-031 ) ) ;
#2080 = CIRCLE ( 'NONE', #3179, 11.71132486540516000 ) ;
#2081 = DIRECTION ( 'NONE',  ( -0.0000000000000000000, 0.0000000000000000000, -1.000000000000000000 ) ) ;
#2082 = FACE_OUTER_BOUND ( 'NONE', #832, .T. ) ;
#2083 = LINE ( 'NONE', #2165, #3587 ) ;
#2084 = DIRECTION ( 'NONE',  ( 0.0000000000000000000, 0.0000000000000000000, -1.000000000000000000 ) ) ;
#2085 = EDGE_LOOP ( 'NONE', ( #889, #2711, #353, #123 ) ) ;
#2086 = EDGE_LOOP ( 'NONE', ( #302, #3360, #2992, #1463, #1233, #275, #314 ) ) ;
#2087 = DIRECTION ( 'NONE',  ( 1.759079432684508100E-016, 0.8619342151577684700, 0.5070201265633955700 ) ) ;
#2088 = CARTESIAN_POINT ( 'NONE',  ( -16.96590939432734800, -24.87322202878304000, 0.6657324544560130300 ) ) ;
#2089 = CIRCLE ( 'NONE', #2121, 1.600000000000001200 ) ;
#2090 = ORIENTED_EDGE ( 'NONE', *, *, #1898, .T. ) ;
#2091 = B_SPLINE_CURVE_WITH_KNOTS ( 'NONE', 3,
 ( #2991, #861, #2104, #258, #2406, #570, #2705, #878, #3003, #1195 ),
 .UNSPECIFIED., .F., .F.,
 ( 4, 2, 2, 2, 4 ),
 ( 6.164281046731974000E-015, 0.0004456002726896529700, 0.0006684004090314006400, 0.0007798004772022744200, 0.0008912005453731483100 ),
 .UNSPECIFIED. ) ;
#2092 = ORIENTED_EDGE ( 'NONE', *, *, #2466, .T. ) ;
#2093 = CARTESIAN_POINT ( 'NONE',  ( 7.062413113113049000, -28.78016620582121400, 5.821670055582614200 ) ) ;
#2094 = CARTESIAN_POINT ( 'NONE',  ( -13.89252271188808600, 0.0000000000000000000, 8.000000000000000000 ) ) ;
#2095 = ADVANCED_FACE ( 'NONE', ( #678 ), #686, .T. ) ;
#2096 = ORIENTED_EDGE ( 'NONE', *, *, #3753, .T. ) ;
#2097 = EDGE_CURVE ( 'NONE', #400, #3521, #3217, .T. ) ;
#2098 = EDGE_LOOP ( 'NONE', ( #1868, #1034, #1954 ) ) ;
#2099 = CARTESIAN_POINT ( 'NONE',  ( -11.88463529304010000, -27.17754624642033100, 5.137808649753827300 ) ) ;
#2100 = CARTESIAN_POINT ( 'NONE',  ( 7.242811683630874200, -28.57108790865855100, 6.028356655144987600 ) ) ;
#2102 = CARTESIAN_POINT ( 'NONE',  ( -11.40056040731600700, -29.35896131861096600, 5.341418090486991200 ) ) ;
#2101 = CARTESIAN_POINT ( 'NONE',  ( -8.081508231163885700, -29.37953951331635900, 5.270387505859108800 ) ) ;
#2103 = DIRECTION ( 'NONE',  ( 1.000000000000000000, 0.0000000000000000000, 0.0000000000000000000 ) ) ;
#2104 = CARTESIAN_POINT ( 'NONE',  ( 7.090056252538958300, -28.99868934704057500, 5.588844137855832500 ) ) ;
#2105 = VERTEX_POINT ( 'NONE', #3232 ) ;
#2106 = AXIS2_PLACEMENT_3D ( 'NONE', #1148, #2951, #3549 ) ;
#2107 = DIRECTION ( 'NONE',  ( 1.000000000000000000, 0.0000000000000000000, 0.0000000000000000000 ) ) ;
#2108 = ADVANCED_FACE ( 'NONE', ( #2306 ), #3246, .F. ) ;
#2109 = AXIS2_PLACEMENT_3D ( 'NONE', #2742, #922, #3040 ) ;
#2110 = VERTEX_POINT ( 'NONE', #1737 ) ;
#2111 = ORIENTED_EDGE ( 'NONE', *, *, #493, .T. ) ;
#2112 = CARTESIAN_POINT ( 'NONE',  ( 10.00000000000000500, -31.00633641386443900, 4.318107961075101600 ) ) ;
#2113 = ORIENTED_EDGE ( 'NONE', *, *, #2594, .F. ) ;
#2115 = DIRECTION ( 'NONE',  ( -1.727765821477256800E-016, 0.9895210288342832800, 0.1443888274581574300 ) ) ;
#2114 = CARTESIAN_POINT ( 'NONE',  ( 11.60000000000000700, -28.72223844931914300, 2.937261522205375700 ) ) ;
#2116 = CARTESIAN_POINT ( 'NONE',  ( 2.565092989094935200, -30.06567029234046400, 5.041441048004569000 ) ) ;
#2117 = B_SPLINE_CURVE_WITH_KNOTS ( 'NONE', 3,
 ( #228, #220, #2968, #1159 ),
 .UNSPECIFIED., .F., .F.,
 ( 4, 4 ),
 ( 7.707659662544045400E-016, 0.0008176573718245142700 ),
 .UNSPECIFIED. ) ;
#2118 = PLANE ( 'NONE',  #3506 ) ;
#2119 = CARTESIAN_POINT ( 'NONE',  ( -7.519897157811917600, -29.49636403566111300, 5.256066798866573500 ) ) ;
#2120 = CARTESIAN_POINT ( 'NONE',  ( 10.98582514788124700, -28.09799526671552900, 5.279163430410773300 ) ) ;
#2121 = AXIS2_PLACEMENT_3D ( 'NONE', #1161, #3275, #844 ) ;
#2122 = EDGE_CURVE ( 'NONE', #946, #503, #2224, .T. ) ;
#2123 = DIRECTION ( 'NONE',  ( 0.0000000000000000000, 1.000000000000000000, 0.0000000000000000000 ) ) ;
#2124 = CARTESIAN_POINT ( 'NONE',  ( -11.65434297036951100, -28.18347285726759900, 4.606227020432373600 ) ) ;
#2125 = CIRCLE ( 'NONE', #798, 0.8000000000000002700 ) ;
#2126 = DIRECTION ( 'NONE',  ( -0.0000000000000000000, 1.000000000000000000, -0.0000000000000000000 ) ) ;
#2127 = FACE_OUTER_BOUND ( 'NONE', #1472, .T. ) ;
#2128 = CIRCLE ( 'NONE', #2837, 0.7999999999999992700 ) ;
#2129 = CARTESIAN_POINT ( 'NONE',  ( 14.50000000000000000, -3.499999999999994700, 0.5000000000000000000 ) ) ;
#2131 = CARTESIAN_POINT ( 'NONE',  ( 10.89421328110665000, -31.13394594262488700, 3.944225698119021600 ) ) ;
#2130 = CARTESIAN_POINT ( 'NONE',  ( 10.80000000000000600, -30.61993871305901400, 0.0000000000000000000 ) ) ;
#2132 = CARTESIAN_POINT ( 'NONE',  ( -11.73278752558541300, -30.37973764905344600, 0.0000000000000000000 ) ) ;
#2133 = CARTESIAN_POINT ( 'NONE',  ( 11.36185712800006100, -28.83897398279403700, 5.664421825000597500 ) ) ;
#2134 = ORIENTED_EDGE ( 'NONE', *, *, #458, .T. ) ;
#2135 = CIRCLE ( 'NONE', #3879, 0.7999999999999992700 ) ;
#2136 = ORIENTED_EDGE ( 'NONE', *, *, #3408, .T. ) ;
#2137 = EDGE_CURVE ( 'NONE', #690, #1309, #1406, .T. ) ;
#2138 = DIRECTION ( 'NONE',  ( 0.5000000000000055500, 0.0000000000000000000, -0.8660254037844353800 ) ) ;
#2139 = CARTESIAN_POINT ( 'NONE',  ( 11.37588390327111100, -27.35790617878592100, 5.466325075996150100 ) ) ;
#2140 = ORIENTED_EDGE ( 'NONE', *, *, #1405, .F. ) ;
#2141 = CARTESIAN_POINT ( 'NONE',  ( 7.288565803325211000, -28.56822150431143100, 6.011547493903189700 ) ) ;
#2142 = CARTESIAN_POINT ( 'NONE',  ( 12.80000000000000400, -19.50000000000004600, 5.000000000000000000 ) ) ;
#2143 = ORIENTED_EDGE ( 'NONE', *, *, #614, .F. ) ;
#2144 = EDGE_CURVE ( 'NONE', #1121, #361, #3807, .T. ) ;
#2145 = CARTESIAN_POINT ( 'NONE',  ( -14.50000000000000000, -24.50000000000000000, 2.300000000000003800 ) ) ;
#2146 = CARTESIAN_POINT ( 'NONE',  ( 10.18067368423364400, -29.73074042564287800, 5.110477773844386300 ) ) ;
#2147 = ORIENTED_EDGE ( 'NONE', *, *, #1169, .T. ) ;
#2148 = ORIENTED_EDGE ( 'NONE', *, *, #1720, .F. ) ;
#2149 = CARTESIAN_POINT ( 'NONE',  ( -7.544871967253003600, -28.47030288566933700, 6.030352900428026100 ) ) ;
#2150 = CARTESIAN_POINT ( 'NONE',  ( -14.50000000000000000, -3.500000000000000000, 1.500000000000000000 ) ) ;
#2151 =( BOUNDED_SURFACE ( )  B_SPLINE_SURFACE ( 3, 2, ( 
 ( #629, #3647, #1873 ),
 ( #466, #3208, #2309 ),
 ( #499, #1140, #2088 ),
 ( #236, #2683, #3630 ),
 ( #795, #781, #2624 ),
 ( #1094, #2931, #953 ),
 ( #3065, #1262, #3375 ),
 ( #620, #1581, #987 ),
 ( #2804, #2502, #362 ),
 ( #2209, #55, #1904 ),
 ( #20, #373, #2221 ),
 ( #2771, #1271, #3088 ),
 ( #3708, #307, #3382 ),
 ( #2479, #2179, #1594 ) ),
 .UNSPECIFIED., .F., .F., .T. ) 
 B_SPLINE_SURFACE_WITH_KNOTS ( ( 4, 2, 2, 2, 2, 2, 4 ),
 ( 3, 3 ),
 ( 0.03595696790849707600, 0.03716411078554574000, 0.03837125366259439700, 0.03897482510111872900, 0.03957839653964305400, 0.04018196797816738600, 0.04078553941669171800 ),
 ( 0.1636387121962372700, 1.000000000000000000 ),
 .UNSPECIFIED. ) 
 GEOMETRIC_REPRESENTATION_ITEM ( )  RATIONAL_B_SPLINE_SURFACE ( (
 ( 0.9744902333700882200, 0.9220546095494804900, 1.000000000000000000),
 ( 0.9763137934471377600, 0.9276265187040295700, 1.000000000000000000),
 ( 0.9782254175867559600, 0.9334675086322732400, 1.000000000000000000),
 ( 0.9822232228115174200, 0.9456828492784624700, 1.000000000000000000),
 ( 0.9843113578775675200, 0.9520631704079336500, 1.000000000000000000),
 ( 0.9875470819879874600, 0.9619499632914524400, 1.000000000000000000),
 ( 0.9886425693253071400, 0.9652972376699198200, 1.000000000000000000),
 ( 0.9908507479887700400, 0.9720443534160243500, 1.000000000000000000),
 ( 0.9919651718883609700, 0.9754494886821050100, 1.000000000000000000),
 ( 0.9941657023805814400, 0.9821732353514800500, 1.000000000000000000),
 ( 0.9952547633478192600, 0.9855008738809608600, 1.000000000000000000),
 ( 0.9973062184214531700, 0.9917691188643782400, 1.000000000000000000),
 ( 0.9982726248256084100, 0.9947219849410694500, 1.000000000000000000),
 ( 0.9990204876145603000, 0.9970070884441297700, 1.000000000000000000) ) ) 
 REPRESENTATION_ITEM ( '' )  SURFACE ( )  );
#2152 = CARTESIAN_POINT ( 'NONE',  ( -7.062589183939236300, -28.78072064337325000, 5.820930931556458400 ) ) ;
#2153 = ORIENTED_EDGE ( 'NONE', *, *, #2527, .F. ) ;
#2154 = DIRECTION ( 'NONE',  ( -1.000000000000000000, -0.0000000000000000000, -0.0000000000000000000 ) ) ;
#2155 = CARTESIAN_POINT ( 'NONE',  ( -11.83872052190477800, -27.63136777269094300, 4.289327432985411200 ) ) ;
#2156 = EDGE_CURVE ( 'NONE', #3559, #738, #2117, .T. ) ;
#2157 = CARTESIAN_POINT ( 'NONE',  ( 0.6219403888239734000, -30.73362308039602600, 4.487510981291032800 ) ) ;
#2158 = CARTESIAN_POINT ( 'NONE',  ( -9.999999999999994700, -31.00633641386444200, 4.318107961075103400 ) ) ;
#2159 = CARTESIAN_POINT ( 'NONE',  ( 11.81797123801314500, -26.73088483360968600, 5.600763507710179400 ) ) ;
#2160 = CARTESIAN_POINT ( 'NONE',  ( -7.160003249103816400, -28.61940978077454600, 5.996266284449151700 ) ) ;
#2161 = AXIS2_PLACEMENT_3D ( 'NONE', #1300, #3413, #1604 ) ;
#2162 = SURFACE_STYLE_USAGE ( .BOTH. , #15 ) ;
#2163 = DIRECTION ( 'NONE',  ( 1.000000000000000000, 0.0000000000000000000, 2.551063935260020900E-015 ) ) ;
#2164 = PLANE ( 'NONE',  #2005 ) ;
#2165 = CARTESIAN_POINT ( 'NONE',  ( -15.50000000000000000, -3.500000000000000000, 1.500000000000000000 ) ) ;
#2166 = CARTESIAN_POINT ( 'NONE',  ( 7.960204194457797400E-016, -6.500000000000002700, 8.000000000000000000 ) ) ;
#2167 = B_SPLINE_CURVE_WITH_KNOTS ( 'NONE', 3,
 ( #2612, #465, #1093, #3207 ),
 .UNSPECIFIED., .F., .F.,
 ( 4, 4 ),
 ( 0.0000000000000000000, 0.002830950285580077900 ),
 .UNSPECIFIED. ) ;
#2168 = DIRECTION ( 'NONE',  ( 0.0000000000000000000, 0.0000000000000000000, 1.000000000000000000 ) ) ;
#2169 = CARTESIAN_POINT ( 'NONE',  ( 11.60000000000000700, -29.78420748798082200, 3.193704550949335400 ) ) ;
#2170 = CARTESIAN_POINT ( 'NONE',  ( -11.38706321900610500, -30.91452296502760400, 0.0000000000000000000 ) ) ;
#2171 = CYLINDRICAL_SURFACE ( 'NONE', #2557, 3.999999999999999100 ) ;
#2172 = EDGE_CURVE ( 'NONE', #660, #1823, #2529, .T. ) ;
#2173 = CARTESIAN_POINT ( 'NONE',  ( -12.79999999999999700, -24.50000000000000000, 2.000000000000004000 ) ) ;
#2174 = FACE_OUTER_BOUND ( 'NONE', #1103, .T. ) ;
#2175 = CARTESIAN_POINT ( 'NONE',  ( -10.98582514788114200, -28.09799526671574600, 5.279163430410738700 ) ) ;
#2176 = CARTESIAN_POINT ( 'NONE',  ( -10.38628354793453400, -29.14388278909746800, 5.232763454621357700 ) ) ;
#2177 = VECTOR ( 'NONE', #3502, 1000.000000000000000 ) ;
#2178 = LINE ( 'NONE', #3522, #2076 ) ;
#2179 = CARTESIAN_POINT ( 'NONE',  ( -11.78166066561443500, -27.86857758599061800, 4.008126130589821500 ) ) ;
#2180 = CARTESIAN_POINT ( 'NONE',  ( -9.999999999999998200, -6.138407805367980300, 17.88191150698876400 ) ) ;
#2181 = CIRCLE ( 'NONE', #1979, 7.092522711888085100 ) ;
#2182 = CARTESIAN_POINT ( 'NONE',  ( 10.98546874892105600, -28.09880321910007700, 5.279025987486433800 ) ) ;
#2183 = CARTESIAN_POINT ( 'NONE',  ( -14.80000000000000100, -21.51961524227068900, 3.800000000000002000 ) ) ;
#2184 = FACE_OUTER_BOUND ( 'NONE', #2085, .T. ) ;
#2185 = LINE ( 'NONE', #1527, #534 ) ;
#2186 = ORIENTED_EDGE ( 'NONE', *, *, #3620, .T. ) ;
#2187 = CARTESIAN_POINT ( 'NONE',  ( -11.15832305116300900, -28.43942246854445000, 6.832763454621357400 ) ) ;
#2188 = CARTESIAN_POINT ( 'NONE',  ( 11.20000000000000300, -19.50000000000004600, 5.000000000000000000 ) ) ;
#2189 = ORIENTED_EDGE ( 'NONE', *, *, #803, .F. ) ;
#2190 = AXIS2_PLACEMENT_3D ( 'NONE', #1966, #127, #2271 ) ;
#2191 = ORIENTED_EDGE ( 'NONE', *, *, #1874, .F. ) ;
#2192 = CARTESIAN_POINT ( 'NONE',  ( -10.98546874892101500, -28.09880321910014800, 5.279025987486416900 ) ) ;
#2193 = CARTESIAN_POINT ( 'NONE',  ( -14.50000000000000000, 0.0000000000000000000, 2.300000000000003800 ) ) ;
#2194 = ORIENTED_EDGE ( 'NONE', *, *, #1614, .F. ) ;
#2195 = CARTESIAN_POINT ( 'NONE',  ( -11.82741031195484800, -27.38093481666274100, 5.008297056923332500 ) ) ;
#2196 = ORIENTED_EDGE ( 'NONE', *, *, #2122, .F. ) ;
#2197 = ORIENTED_EDGE ( 'NONE', *, *, #3376, .F. ) ;
#2198 = ORIENTED_EDGE ( 'NONE', *, *, #541, .F. ) ;
#2199 = CARTESIAN_POINT ( 'NONE',  ( 8.510984365581320400, -29.71044135182191700, 5.123087074493981600 ) ) ;
#2200 = EDGE_LOOP ( 'NONE', ( #441, #1042, #98 ) ) ;
#2201 = EDGE_CURVE ( 'NONE', #754, #3792, #1529, .T. ) ;
#2202 = DIRECTION ( 'NONE',  ( -0.0000000000000000000, -0.0000000000000000000, -1.000000000000000000 ) ) ;
#2203 = EDGE_LOOP ( 'NONE', ( #3781, #1552, #1927, #899, #3071, #3515, #2787 ) ) ;
#2204 = CARTESIAN_POINT ( 'NONE',  ( 10.94381680824167300, -28.19810472563832300, 5.263518355994198000 ) ) ;
#2205 = DIRECTION ( 'NONE',  ( -0.0000000000000000000, 0.0000000000000000000, -1.000000000000000000 ) ) ;
#2206 = EDGE_CURVE ( 'NONE', #3215, #3867, #801, .T. ) ;
#2207 = CARTESIAN_POINT ( 'NONE',  ( -5.541193193823605900, -29.90464958531889600, 5.002449550516816500 ) ) ;
#2208 = CARTESIAN_POINT ( 'NONE',  ( 12.80000000000000600, 0.0000000000000000000, 4.499999999999997300 ) ) ;
#2209 = CARTESIAN_POINT ( 'NONE',  ( -11.72080040197787900, -28.78236167618659300, 2.443227628651501300 ) ) ;
#2210 = DIRECTION ( 'NONE',  ( 0.0000000000000000000, 0.8117895349207624500, -0.5839501271454027300 ) ) ;
#2211 = ORIENTED_EDGE ( 'NONE', *, *, #3218, .T. ) ;
#2212 = CARTESIAN_POINT ( 'NONE',  ( 7.389102303835871400, -29.26468660252460600, 5.383665588024625100 ) ) ;
#2213 = CARTESIAN_POINT ( 'NONE',  ( 10.87103072883746800, -29.17476424167130100, 5.232763454621285800 ) ) ;
#2214 = DIRECTION ( 'NONE',  ( -0.1988659519189464300, -0.9616614087551584900, -0.1888376765330887500 ) ) ;
#2215 = EDGE_CURVE ( 'NONE', #3462, #3200, #2181, .T. ) ;
#2216 = ORIENTED_EDGE ( 'NONE', *, *, #3639, .T. ) ;
#2217 = EDGE_LOOP ( 'NONE', ( #2630, #2041, #2051, #1996 ) ) ;
#2218 = AXIS2_PLACEMENT_3D ( 'NONE', #783, #2908, #1096 ) ;
#2219 = CARTESIAN_POINT ( 'NONE',  ( 12.96568542494924800, -21.00000000000003200, 4.099999999999996100 ) ) ;
#2220 = CARTESIAN_POINT ( 'NONE',  ( 10.38562789499422400, -29.14447656487699900, 5.232763454621358600 ) ) ;
#2221 = CARTESIAN_POINT ( 'NONE',  ( -13.84232592069460400, -26.59300719738076800, 3.433084009857957600 ) ) ;
#2222 = DIRECTION ( 'NONE',  ( -0.0000000000000000000, -0.0000000000000000000, -1.000000000000000000 ) ) ;
#2223 = DIRECTION ( 'NONE',  ( -0.0000000000000000000, 1.000000000000000000, -0.0000000000000000000 ) ) ;
#2224 = CIRCLE ( 'NONE', #745, 0.9999999999999991100 ) ;
#2225 = DIRECTION ( 'NONE',  ( 1.483201647578492200E-016, -0.8494549446670444100, -0.5276611573545171300 ) ) ;
#2226 = CARTESIAN_POINT ( 'NONE',  ( -10.69996191312785800, -28.66657949763567700, 5.232763454621357700 ) ) ;
#2227 = CARTESIAN_POINT ( 'NONE',  ( 7.242236914569988700, -29.20731436763490100, 5.435617560588756400 ) ) ;
#2228 = EDGE_CURVE ( 'NONE', #1291, #382, #2960, .T. ) ;
#2229 = CYLINDRICAL_SURFACE ( 'NONE', #3316, 1.600000000000000800 ) ;
#2230 = LINE ( 'NONE', #2173, #585 ) ;
#2231 = CYLINDRICAL_SURFACE ( 'NONE', #104, 0.2999999999999999300 ) ;
#2232 = ADVANCED_FACE ( 'NONE', ( #3684 ), #1810, .F. ) ;
#2233 = EDGE_CURVE ( 'NONE', #382, #31, #97, .T. ) ;
#2234 = CARTESIAN_POINT ( 'NONE',  ( -12.34458820645179100, -26.92383849099291000, 4.750268268950307500 ) ) ;
#2235 = CARTESIAN_POINT ( 'NONE',  ( 7.352555406676937200, -29.23852954898216100, 5.401662065466338100 ) ) ;
#2236 = AXIS2_PLACEMENT_3D ( 'NONE', #2034, #2337, #794 ) ;
#2237 = ORIENTED_EDGE ( 'NONE', *, *, #676, .F. ) ;
#2238 = FACE_OUTER_BOUND ( 'NONE', #3409, .T. ) ;
#2239 = ORIENTED_EDGE ( 'NONE', *, *, #2933, .F. ) ;
#2240 = CARTESIAN_POINT ( 'NONE',  ( 7.143601244962743700, -28.62644562470724100, 5.993397626397047900 ) ) ;
#2241 = ORIENTED_EDGE ( 'NONE', *, *, #2667, .T. ) ;
#2242 = DIRECTION ( 'NONE',  ( 0.0000000000000000000, -0.0000000000000000000, 1.000000000000000000 ) ) ;
#2243 = CARTESIAN_POINT ( 'NONE',  ( 7.141506399498122300, -28.91407149945934700, 5.657461858245845600 ) ) ;
#2244 = ORIENTED_EDGE ( 'NONE', *, *, #1651, .F. ) ;
#2245 = ORIENTED_EDGE ( 'NONE', *, *, #3438, .T. ) ;
#2246 = CARTESIAN_POINT ( 'NONE',  ( -7.260260265735881900, -29.10800178670395500, 5.485876694617188900 ) ) ;
#2247 = CARTESIAN_POINT ( 'NONE',  ( -14.40000000000000000, -3.500000000000000000, 1.500000000000000000 ) ) ;
#2248 = ORIENTED_EDGE ( 'NONE', *, *, #2421, .F. ) ;
#2249 = DIRECTION ( 'NONE',  ( -0.8913410620457740100, -0.4533333333333343700, -0.0000000000000000000 ) ) ;
#2250 = CARTESIAN_POINT ( 'NONE',  ( -10.94381680823581200, -28.19810472565279400, 5.263518355992152600 ) ) ;
#2251 = ADVANCED_FACE ( 'NONE', ( #579 ), #1273, .T. ) ;
#2252 = CARTESIAN_POINT ( 'NONE',  ( 7.043028674186162500, -28.74723683712065300, 5.870444213375049200 ) ) ;
#2253 = CARTESIAN_POINT ( 'NONE',  ( -7.028495781027897800, -28.78368021825074800, 5.830023558596263200 ) ) ;
#2254 = PLANE ( 'NONE',  #2002 ) ;
#2255 = CARTESIAN_POINT ( 'NONE',  ( -12.37346822383213400, -27.36946644482893700, 4.100932156715090900 ) ) ;
#2256 = ORIENTED_EDGE ( 'NONE', *, *, #649, .T. ) ;
#2257 = DIRECTION ( 'NONE',  ( 0.0000000000000000000, 0.0000000000000000000, -1.000000000000000000 ) ) ;
#2258 = CARTESIAN_POINT ( 'NONE',  ( 10.87771936379529000, -28.36132688429435000, 5.240446272072619900 ) ) ;
#2259 = CIRCLE ( 'NONE', #1547, 0.8000000000000002700 ) ;
#2260 = CARTESIAN_POINT ( 'NONE',  ( -3.304770955155772700, -30.46827721484544300, 4.652337506105172200 ) ) ;
#2261 = CARTESIAN_POINT ( 'NONE',  ( -7.075823957351597700, -28.67988779164844000, 5.947281062760831500 ) ) ;
#2262 = AXIS2_PLACEMENT_3D ( 'NONE', #1145, #3254, #1449 ) ;
#2263 =( BOUNDED_SURFACE ( )  B_SPLINE_SURFACE ( 3, 2, ( 
 ( #656, #2155, #1255 ),
 ( #2815, #1003, #3108 ),
 ( #1316, #323, #2761 ),
 ( #2517, #2492, #680 ) ),
 .UNSPECIFIED., .F., .F., .T. ) 
 B_SPLINE_SURFACE_WITH_KNOTS ( ( 4, 4 ),
 ( 3, 3 ),
 ( -3.556183125752454500E-016, 0.002422100195492510600 ),
 ( 0.0000000000000000000, 0.7200773777541713500 ),
 .UNSPECIFIED. ) 
 GEOMETRIC_REPRESENTATION_ITEM ( )  RATIONAL_B_SPLINE_SURFACE ( (
 ( 1.000000000000000000, 0.9069653991677821800, 0.9479150211509033100),
 ( 1.000000000000000000, 0.9107334683414474200, 0.9500245567586953500),
 ( 1.000000000000000000, 0.9148274563717648800, 0.9523165564884743500),
 ( 1.000000000000000000, 0.9193149339729116400, 0.9548288494832390900) ) ) 
 REPRESENTATION_ITEM ( '' )  SURFACE ( )  );
#2264 = CARTESIAN_POINT ( 'NONE',  ( -9.991589050053818300, -22.73450354394101000, 5.579287554402316800 ) ) ;
#2265 = EDGE_CURVE ( 'NONE', #738, #1076, #3336, .T. ) ;
#2266 = CIRCLE ( 'NONE', #3595, 0.4000000000000001900 ) ;
#2267 = CARTESIAN_POINT ( 'NONE',  ( 11.60000000000000700, -29.99368472965053600, 3.251944389632059900 ) ) ;
#2268 = CARTESIAN_POINT ( 'NONE',  ( -12.96568542494923400, -21.00000000000002500, 4.100000000000005000 ) ) ;
#2269 = FACE_OUTER_BOUND ( 'NONE', #461, .T. ) ;
#2270 = CIRCLE ( 'NONE', #3205, 0.4000000000000001900 ) ;
#2271 = DIRECTION ( 'NONE',  ( 0.0000000000000000000, 0.0000000000000000000, -1.000000000000000000 ) ) ;
#2272 = CIRCLE ( 'NONE', #1504, 1.600000000000000500 ) ;
#2273 = EDGE_CURVE ( 'NONE', #3231, #1578, #2875, .T. ) ;
#2274 = ORIENTED_EDGE ( 'NONE', *, *, #3871, .T. ) ;
#2275 = VERTEX_POINT ( 'NONE', #1214 ) ;
#2276 = CARTESIAN_POINT ( 'NONE',  ( 1.260870299250835800, -30.08654713964052600, 5.212125827367515300 ) ) ;
#2277 = CARTESIAN_POINT ( 'NONE',  ( -7.325026577306042300, -28.56120081385903100, 6.003851429260798500 ) ) ;
#2278 = ORIENTED_EDGE ( 'NONE', *, *, #260, .F. ) ;
#2279 = CARTESIAN_POINT ( 'NONE',  ( -12.27757976009868900, -26.01024299385893100, 6.032763454621348700 ) ) ;
#2280 = ORIENTED_EDGE ( 'NONE', *, *, #135, .T. ) ;
#2281 = EDGE_LOOP ( 'NONE', ( #1662, #835, #1294, #2284, #734 ) ) ;
#2282 = CARTESIAN_POINT ( 'NONE',  ( 11.19999999999999800, 0.0000000000000000000, 5.000000000000000000 ) ) ;
#2283 = ORIENTED_EDGE ( 'NONE', *, *, #3168, .F. ) ;
#2284 = ORIENTED_EDGE ( 'NONE', *, *, #463, .F. ) ;
#2285 = CARTESIAN_POINT ( 'NONE',  ( -11.59999999999999600, -29.46102333015899800, 3.394458843831069700 ) ) ;
#2286 = CARTESIAN_POINT ( 'NONE',  ( 5.476102363510923600, -29.29671849994616300, 5.654106044800475000 ) ) ;
#2287 = ORIENTED_EDGE ( 'NONE', *, *, #3324, .F. ) ;
#2288 = B_SPLINE_CURVE_WITH_KNOTS ( 'NONE', 3,
 ( #2675, #539, #2975, #1165, #3278, #1478, #3591, #1782, #3880, #2093, #238, #2388, #553, #2687, #859, #2988 ),
 .UNSPECIFIED., .F., .F.,
 ( 4, 2, 2, 2, 2, 2, 2, 4 ),
 ( 1.582525201205175100E-016, 0.0003308750377785834900, 0.0004963125566677939500, 0.0005790313161123990900, 0.0006617500755570043500, 0.0008271875944462065100, 0.0009926251133354087800, 0.001323500151113808100 ),
 .UNSPECIFIED. ) ;
#2289 = CARTESIAN_POINT ( 'NONE',  ( 4.462724876665562100, -29.80480049892193900, 5.064473422200451000 ) ) ;
#2290 = CARTESIAN_POINT ( 'NONE',  ( 7.960204194457797400E-016, -6.500000000000002700, 0.0000000000000000000 ) ) ;
#2291 = DIRECTION ( 'NONE',  ( 0.0000000000000000000, 0.8494549446670444100, 0.5276611573545171300 ) ) ;
#2292 = DIRECTION ( 'NONE',  ( -1.746062762822404000E-016, 1.000000000000000000, 0.0000000000000000000 ) ) ;
#2293 = CARTESIAN_POINT ( 'NONE',  ( 10.80561907037716200, -28.51272904395488100, 5.232763454621316000 ) ) ;
#2294 = ORIENTED_EDGE ( 'NONE', *, *, #2607, .F. ) ;
#2295 = DIRECTION ( 'NONE',  ( 2.346115433090943500E-016, -1.000000000000000000, 0.0000000000000000000 ) ) ;
#2296 = EDGE_CURVE ( 'NONE', #1755, #214, #2080, .T. ) ;
#2297 = ADVANCED_FACE ( 'NONE', ( #3719 ), #1167, .F. ) ;
#2298 = AXIS2_PLACEMENT_3D ( 'NONE', #1801, #3893, #2103 ) ;
#2299 = CARTESIAN_POINT ( 'NONE',  ( 7.047821064417768800, -29.31566502423494600, 5.368312716205156000 ) ) ;
#2300 = CARTESIAN_POINT ( 'NONE',  ( -11.14571838555284000, -28.86152715748748000, 5.232763454621172100 ) ) ;
#2301 = ORIENTED_EDGE ( 'NONE', *, *, #476, .F. ) ;
#2302 = ORIENTED_EDGE ( 'NONE', *, *, #2727, .F. ) ;
#2303 = CARTESIAN_POINT ( 'NONE',  ( -7.041040252031170800, -28.70830079602233900, 5.922203183399086700 ) ) ;
#2304 = CARTESIAN_POINT ( 'NONE',  ( 10.98529063199599200, -28.09920724736352000, 5.278957358226437100 ) ) ;
#2305 = VECTOR ( 'NONE', #3711, 1000.000000000000100 ) ;
#2306 = FACE_OUTER_BOUND ( 'NONE', #2281, .T. ) ;
#2307 = CIRCLE ( 'NONE', #2903, 0.1000000000000011300 ) ;
#2308 = DIRECTION ( 'NONE',  ( -1.000000000000000000, 0.0000000000000000000, -2.551063935260020900E-015 ) ) ;
#2309 = CARTESIAN_POINT ( 'NONE',  ( -17.24926865153177500, -24.73973271872486300, 0.3207472775858845600 ) ) ;
#2310 = CARTESIAN_POINT ( 'NONE',  ( -10.01481025735267800, -29.72776278960150300, 5.112327410354994900 ) ) ;
#2311 = DIRECTION ( 'NONE',  ( 1.000000000000000000, 0.0000000000000000000, 0.0000000000000000000 ) ) ;
#2312 = LINE ( 'NONE', #3923, #1505 ) ;
#2313 = PLANE ( 'NONE',  #3423 ) ;
#2314 = LINE ( 'NONE', #908, #684 ) ;
#2315 = VECTOR ( 'NONE', #126, 1000.000000000000000 ) ;
#2316 = ADVANCED_FACE ( 'NONE', ( #2779 ), #2639, .F. ) ;
#2317 = DIRECTION ( 'NONE',  ( -1.000000000000000000, -1.746062762822404500E-016, 0.0000000000000000000 ) ) ;
#2318 = CARTESIAN_POINT ( 'NONE',  ( -18.51132486540516500, -6.500000000000005300, 0.0000000000000000000 ) ) ;
#2319 = DIRECTION ( 'NONE',  ( -0.1775745601187809200, 0.9715559103964993600, 0.1566728712070187000 ) ) ;
#2320 = VERTEX_POINT ( 'NONE', #3037 ) ;
#2321 = FACE_OUTER_BOUND ( 'NONE', #3094, .T. ) ;
#2322 = ORIENTED_EDGE ( 'NONE', *, *, #3612, .F. ) ;
#2323 = VERTEX_POINT ( 'NONE', #3670 ) ;
#2324 = EDGE_CURVE ( 'NONE', #694, #2737, #1942, .T. ) ;
#2325 = CARTESIAN_POINT ( 'NONE',  ( -18.73201513087678500, -29.30563386371789400, 4.432763454621357000 ) ) ;
#2326 = CARTESIAN_POINT ( 'NONE',  ( 6.562486018992516700, -28.87669381235922100, 5.875423225973887200 ) ) ;
#2327 = DIRECTION ( 'NONE',  ( 0.0000000000000000000, 0.0000000000000000000, -1.000000000000000000 ) ) ;
#2328 = ORIENTED_EDGE ( 'NONE', *, *, #915, .F. ) ;
#2329 = ORIENTED_EDGE ( 'NONE', *, *, #1310, .T. ) ;
#2330 = ORIENTED_EDGE ( 'NONE', *, *, #980, .F. ) ;
#2331 = CARTESIAN_POINT ( 'NONE',  ( 17.25969253450863400, -25.17142455872864600, 3.859097775954306400E-014 ) ) ;
#2332 = CARTESIAN_POINT ( 'NONE',  ( 10.00000000629171900, -31.38420748798082000, 1.790868506743222400 ) ) ;
#2333 = EDGE_CURVE ( 'NONE', #2973, #641, #1980, .T. ) ;
#2334 = ORIENTED_EDGE ( 'NONE', *, *, #1107, .F. ) ;
#2335 = CARTESIAN_POINT ( 'NONE',  ( -9.260102355882788000, -29.30563386371867900, 5.232763454620699600 ) ) ;
#2336 = CARTESIAN_POINT ( 'NONE',  ( -11.59999999999589300, -29.05295802386028800, 3.800701357109994100 ) ) ;
#2337 = DIRECTION ( 'NONE',  ( -1.000000000000000000, -1.746062762822404500E-016, 0.0000000000000000000 ) ) ;
#2338 = ADVANCED_FACE ( 'NONE', ( #436 ), #1790, .T. ) ;
#2339 = EDGE_CURVE ( 'NONE', #1282, #183, #1897, .T. ) ;
#2340 = CARTESIAN_POINT ( 'NONE',  ( 11.66606671049697000, -28.11221653126498100, 4.635219664442033100 ) ) ;
#2341 = CARTESIAN_POINT ( 'NONE',  ( 13.11128039725271500, -29.23667158240076700, -0.0000000000000000000 ) ) ;
#2342 = CARTESIAN_POINT ( 'NONE',  ( 14.11733601495178700, -26.43551191849247000, 3.263583638141171100 ) ) ;
#2343 = CARTESIAN_POINT ( 'NONE',  ( -10.89421328110656400, -31.13394594262437200, 3.944225698119412400 ) ) ;
#2344 = DIRECTION ( 'NONE',  ( -1.746062762822404500E-016, 1.000000000000000000, -2.366356300935116200E-032 ) ) ;
#2345 = VERTEX_POINT ( 'NONE', #39 ) ;
#2346 = EDGE_CURVE ( 'NONE', #3707, #3887, #2591, .T. ) ;
#2347 = CARTESIAN_POINT ( 'NONE',  ( 11.26897105026553300, -31.02151001100754300, 0.0000000000000000000 ) ) ;
#2348 =( BOUNDED_CURVE ( )  B_SPLINE_CURVE ( 3, ( #617, #3049, #1247, #3364 ),
 .UNSPECIFIED., .F., .T. ) 
 B_SPLINE_CURVE_WITH_KNOTS ( ( 4, 4 ),
 ( 5.812683825772428000, 6.107748200042743200 ),
 .UNSPECIFIED. ) 
 CURVE ( )  GEOMETRIC_REPRESENTATION_ITEM ( )  RATIONAL_B_SPLINE_CURVE ( ( 1.000000000000000000, 0.9927579013676842700, 0.9927579013676842700, 1.000000000000000000 ) ) 
 REPRESENTATION_ITEM ( '' )  );
#2349 = CARTESIAN_POINT ( 'NONE',  ( 12.57319642167467900, -29.48359221476586000, 0.0000000000000000000 ) ) ;
#2350 = CARTESIAN_POINT ( 'NONE',  ( 4.282364068624876700, -29.60431628183855700, 5.578718251567251800 ) ) ;
#2351 = CARTESIAN_POINT ( 'NONE',  ( 11.35201408785584900, -27.39788775398118000, 5.453365414319995000 ) ) ;
#2352 = CIRCLE ( 'NONE', #924, 1.599999999999999000 ) ;
#2353 = CARTESIAN_POINT ( 'NONE',  ( 12.48210556101678600, -29.46020200941982700, 0.1718628747915119900 ) ) ;
#2354 = DIRECTION ( 'NONE',  ( -1.000000000000000000, 0.0000000000000000000, 0.0000000000000000000 ) ) ;
#2355 = CARTESIAN_POINT ( 'NONE',  ( -11.55835626615545300, -30.20300414282363400, 3.310140348100346000 ) ) ;
#2356 = VECTOR ( 'NONE', #2609, 1000.000000000000000 ) ;
#2357 = DIRECTION ( 'NONE',  ( -0.0000000000000000000, 1.000000000000000000, -0.0000000000000000000 ) ) ;
#2358 = FACE_OUTER_BOUND ( 'NONE', #245, .T. ) ;
#2359 = CIRCLE ( 'NONE', #2218, 0.7999999999999986000 ) ;
#2360 = FACE_OUTER_BOUND ( 'NONE', #3265, .T. ) ;
#2361 = CARTESIAN_POINT ( 'NONE',  ( -4.553513354110975800, -29.16166116595462700, 6.276196738923828500 ) ) ;
#2362 = ORIENTED_EDGE ( 'NONE', *, *, #3478, .F. ) ;
#2363 = VERTEX_POINT ( 'NONE', #961 ) ;
#2364 = CARTESIAN_POINT ( 'NONE',  ( -10.09780606485370100, -29.30563376402987800, 5.232763454621357700 ) ) ;
#2365 = CARTESIAN_POINT ( 'NONE',  ( 16.23763268020927000, -28.19007188119429900, -0.4976540936203243100 ) ) ;
#2366 = PLANE ( 'NONE',  #3677 ) ;
#2367 = CARTESIAN_POINT ( 'NONE',  ( -12.57319642167556900, -29.48359221476549800, 0.0000000000000000000 ) ) ;
#2368 = EDGE_CURVE ( 'NONE', #1309, #3658, #1067, .T. ) ;
#2369 = ORIENTED_EDGE ( 'NONE', *, *, #3713, .T. ) ;
#2370 = ORIENTED_EDGE ( 'NONE', *, *, #2670, .T. ) ;
#2371 = EDGE_LOOP ( 'NONE', ( #3649, #510, #1183, #2031 ) ) ;
#2372 = ORIENTED_EDGE ( 'NONE', *, *, #438, .F. ) ;
#2373 = ORIENTED_EDGE ( 'NONE', *, *, #3355, .F. ) ;
#2374 = CARTESIAN_POINT ( 'NONE',  ( 7.181559833691781400, -28.80636400018378400, 4.742897989335141100 ) ) ;
#2375 = CARTESIAN_POINT ( 'NONE',  ( 6.941576594701056800, -24.28573053433658300, 5.352935774361293800 ) ) ;
#2376 = ORIENTED_EDGE ( 'NONE', *, *, #42, .T. ) ;
#2377 =( BOUNDED_CURVE ( )  B_SPLINE_CURVE ( 3, ( #2555, #1345, #1044, #3148 ),
 .UNSPECIFIED., .F., .T. ) 
 B_SPLINE_CURVE_WITH_KNOTS ( ( 4, 4 ),
 ( 3.141592653589793100, 4.712388980384689700 ),
 .UNSPECIFIED. ) 
 CURVE ( )  GEOMETRIC_REPRESENTATION_ITEM ( )  RATIONAL_B_SPLINE_CURVE ( ( 1.000000000000000000, 0.8047378541243649400, 0.8047378541243649400, 1.000000000000000000 ) ) 
 REPRESENTATION_ITEM ( '' )  );
#2378 = CARTESIAN_POINT ( 'NONE',  ( -13.19999999999999400, -21.00000000000002500, 4.100000000000005000 ) ) ;
#2379 = PLANE ( 'NONE',  #334 ) ;
#2380 = DIRECTION ( 'NONE',  ( -1.000000000000000000, -1.746062762822407200E-016, 0.0000000000000000000 ) ) ;
#2381 = AXIS2_PLACEMENT_3D ( 'NONE', #1987, #145, #2295 ) ;
#2382 = ADVANCED_FACE ( 'NONE', ( #3488 ), #1228, .T. ) ;
#2383 = DIRECTION ( 'NONE',  ( 1.000000000000000000, 1.746062762822404200E-016, 0.0000000000000000000 ) ) ;
#2384 = ORIENTED_EDGE ( 'NONE', *, *, #939, .F. ) ;
#2385 = DIRECTION ( 'NONE',  ( 0.2266666666666691300, 0.4456705310228922200, 0.8660254037844353800 ) ) ;
#2386 = EDGE_CURVE ( 'NONE', #2764, #738, #509, .T. ) ;
#2387 = CARTESIAN_POINT ( 'NONE',  ( -12.37346822383212300, -27.36946644482887700, 4.100932156715259700 ) ) ;
#2388 = CARTESIAN_POINT ( 'NONE',  ( 7.119049735719950300, -28.87824518907443800, 5.699326426378409100 ) ) ;
#2389 = DIRECTION ( 'NONE',  ( -0.0000000000000000000, -1.000000000000000000, -0.0000000000000000000 ) ) ;
#2390 = EDGE_CURVE ( 'NONE', #2970, #718, #2504, .T. ) ;
#2391 = CARTESIAN_POINT ( 'NONE',  ( -9.260102355883157400, -29.30563386371789000, 5.232763454621357700 ) ) ;
#2392 = CIRCLE ( 'NONE', #1053, 0.9999999999999991100 ) ;
#2393 = CARTESIAN_POINT ( 'NONE',  ( -12.15871339233962100, -26.32627883395953100, 5.761345944952076100 ) ) ;
#2394 = CARTESIAN_POINT ( 'NONE',  ( 7.316672155776986500, -28.55073427992793700, 6.024547120185666000 ) ) ;
#2396 = CARTESIAN_POINT ( 'NONE',  ( -10.09910613096057300, -28.73352785680194200, 5.729922444225727500 ) ) ;
#2395 = CARTESIAN_POINT ( 'NONE',  ( -7.663429221337577400, -29.34388534103548100, 5.318802744064171000 ) ) ;
#2397 = CARTESIAN_POINT ( 'NONE',  ( 4.034846979499372200, -29.96926966895184900, 4.847913430001717900 ) ) ;
#2398 = CYLINDRICAL_SURFACE ( 'NONE', #3262, 0.4000000000000001900 ) ;
#2399 = CIRCLE ( 'NONE', #2512, 0.7999999999999986000 ) ;
#2400 = B_SPLINE_CURVE_WITH_KNOTS ( 'NONE', 3,
 ( #3291, #2402, #2702, #874, #3001, #1192, #3307, #1502, #3621, #1819 ),
 .UNSPECIFIED., .F., .F.,
 ( 4, 2, 2, 2, 4 ),
 ( 0.0000000000000000000, 0.001791345196612840100, 0.003582690393225680200, 0.005374035589838517500, 0.007165380786451354400 ),
 .UNSPECIFIED. ) ;
#2401 = EDGE_CURVE ( 'NONE', #3066, #1341, #3747, .T. ) ;
#2402 = CARTESIAN_POINT ( 'NONE',  ( -17.14198118935148000, -24.78786352121788600, 0.4561897998681957400 ) ) ;
#2403 = CARTESIAN_POINT ( 'NONE',  ( -7.330058114131956500, -29.22940118974069500, 5.408549869658134700 ) ) ;
#2404 = ADVANCED_FACE ( 'NONE', ( #64 ), #3041, .F. ) ;
#2405 = FACE_OUTER_BOUND ( 'NONE', #2686, .T. ) ;
#2406 = CARTESIAN_POINT ( 'NONE',  ( 7.024892389478074200, -28.80239763237070600, 5.807078733166965100 ) ) ;
#2407 = CIRCLE ( 'NONE', #3900, 0.3999999999999999700 ) ;
#2408 = VECTOR ( 'NONE', #3128, 1000.000000000000000 ) ;
#2409 = CARTESIAN_POINT ( 'NONE',  ( 6.492683267796248700, -28.88762479532615800, 5.891097322002947200 ) ) ;
#2410 = CARTESIAN_POINT ( 'NONE',  ( 11.60000000000000700, -30.24568550657084000, 2.907045409211899100 ) ) ;
#2411 = VECTOR ( 'NONE', #2225, 1000.000000000000000 ) ;
#2412 = ORIENTED_EDGE ( 'NONE', *, *, #3271, .F. ) ;
#2413 = DIRECTION ( 'NONE',  ( 1.000000000000000000, 0.0000000000000000000, 0.0000000000000000000 ) ) ;
#2414 = ORIENTED_EDGE ( 'NONE', *, *, #2368, .T. ) ;
#2415 = CARTESIAN_POINT ( 'NONE',  ( 10.80000000000000400, -28.69122033371483800, 3.367670149189577500 ) ) ;
#2417 = CARTESIAN_POINT ( 'NONE',  ( 10.00000000000000500, -31.38420748798082000, 3.638544005341467300 ) ) ;
#2416 = CARTESIAN_POINT ( 'NONE',  ( 12.50777848920334100, -29.03796485239366700, 1.244006676482882800 ) ) ;
#2418 = CARTESIAN_POINT ( 'NONE',  ( 2.874186529266964400, -29.30338317736382300, 6.467753941503104000 ) ) ;
#2419 = CARTESIAN_POINT ( 'NONE',  ( -9.999999999999994700, -29.78420748798118100, 2.821537815316878600 ) ) ;
#2420 = DIRECTION ( 'NONE',  ( 1.000000000000000000, 0.0000000000000000000, -0.0000000000000000000 ) ) ;
#2421 = EDGE_CURVE ( 'NONE', #1282, #1986, #867, .T. ) ;
#2422 = CARTESIAN_POINT ( 'NONE',  ( -7.815021202971610000, -29.48686998586358500, 5.261964276226235500 ) ) ;
#2423 = VERTEX_POINT ( 'NONE', #2130 ) ;
#2424 = EDGE_CURVE ( 'NONE', #2275, #3331, #3192, .T. ) ;
#2425 = ORIENTED_EDGE ( 'NONE', *, *, #536, .F. ) ;
#2426 = AXIS2_PLACEMENT_3D ( 'NONE', #2640, #1435, #2049 ) ;
#2427 = ADVANCED_FACE ( 'NONE', ( #2405 ), #1218, .F. ) ;
#2428 = EDGE_LOOP ( 'NONE', ( #444, #354, #1632, #2628, #3219, #3775, #3428, #2978, #3350, #2918 ) ) ;
#2429 = CARTESIAN_POINT ( 'NONE',  ( -14.49999999999999800, 0.0000000000000000000, 2.000000000000004000 ) ) ;
#2430 = DIRECTION ( 'NONE',  ( 0.0000000000000000000, 0.0000000000000000000, -1.000000000000000000 ) ) ;
#2431 = CARTESIAN_POINT ( 'NONE',  ( 14.50000000000000400, -24.50000000000000000, 2.079274057836304900 ) ) ;
#2432 = CARTESIAN_POINT ( 'NONE',  ( -11.58863119345108200, -30.66875228030985000, -0.0000000000000000000 ) ) ;
#2433 = PLANE ( 'NONE',  #163 ) ;
#2434 = CARTESIAN_POINT ( 'NONE',  ( 11.81730511450049200, -26.66820213557847600, 5.725069804115542600 ) ) ;
#2435 = AXIS2_PLACEMENT_3D ( 'NONE', #2520, #3429, #1624 ) ;
#2436 = CARTESIAN_POINT ( 'NONE',  ( 7.508390527741355800, -28.48438344299988500, 6.027967688551537000 ) ) ;
#2437 = DIRECTION ( 'NONE',  ( 0.0000000000000000000, -0.0000000000000000000, 1.000000000000000000 ) ) ;
#2438 = DIRECTION ( 'NONE',  ( -0.0000000000000000000, -0.0000000000000000000, -1.000000000000000000 ) ) ;
#2439 = CARTESIAN_POINT ( 'NONE',  ( 10.09780606485433900, -29.30563376402944100, 5.232763454621357700 ) ) ;
#2440 = ORIENTED_EDGE ( 'NONE', *, *, #1922, .T. ) ;
#2441 = DIRECTION ( 'NONE',  ( 1.000000000000000000, 0.0000000000000000000, 0.0000000000000000000 ) ) ;
#2442 = ORIENTED_EDGE ( 'NONE', *, *, #2738, .T. ) ;
#2443 = CARTESIAN_POINT ( 'NONE',  ( 0.0000000000000000000, 0.0000000000000000000, 0.0000000000000000000 ) ) ;
#2444 = CARTESIAN_POINT ( 'NONE',  ( -7.059728801654468800, -28.71209874562481800, 5.909532394132745600 ) ) ;
#2445 = CARTESIAN_POINT ( 'NONE',  ( -12.80000000000000400, -19.50000000000004600, 5.000000000000000000 ) ) ;
#2446 = CARTESIAN_POINT ( 'NONE',  ( -8.613333333333352800, -23.43548017886970700, 8.000000000000000000 ) ) ;
#2447 = VECTOR ( 'NONE', #623, 1000.000000000000000 ) ;
#2448 = CARTESIAN_POINT ( 'NONE',  ( -1.251907952291333400, -30.70451274162990200, 4.505593629630118900 ) ) ;
#2449 = CARTESIAN_POINT ( 'NONE',  ( 11.65555265183928100, -26.70489978345802100, 6.588344511496551100 ) ) ;
#2450 = VECTOR ( 'NONE', #3432, 1000.000000000000000 ) ;
#2451 = VECTOR ( 'NONE', #3906, 1000.000000000000000 ) ;
#2452 = B_SPLINE_CURVE_WITH_KNOTS ( 'NONE', 3,
 ( #432, #749, #3483, #1678 ),
 .UNSPECIFIED., .F., .F.,
 ( 4, 4 ),
 ( 0.0000000000000000000, 0.0001083473675538362600 ),
 .UNSPECIFIED. ) ;
#2453 = VECTOR ( 'NONE', #305, 1000.000000000000200 ) ;
#2454 = CARTESIAN_POINT ( 'NONE',  ( 11.35077297405109700, -28.95120597236725100, 4.800775319729536900 ) ) ;
#2455 = CARTESIAN_POINT ( 'NONE',  ( 14.29999999999999900, -3.499999999999994700, 1.500000000000000000 ) ) ;
#2456 =( NAMED_UNIT ( * ) PLANE_ANGLE_UNIT ( ) SI_UNIT ( $, .RADIAN. ) );
#2457 = FACE_OUTER_BOUND ( 'NONE', #1171, .T. ) ;
#2458 = CARTESIAN_POINT ( 'NONE',  ( 11.58752899960067700, -28.48577058101140100, 4.636192618956499700 ) ) ;
#2459 = CARTESIAN_POINT ( 'NONE',  ( -12.79999999999999500, -19.00000000000000000, 4.999999999999996400 ) ) ;
#2460 = DIRECTION ( 'NONE',  ( -1.000000000000000000, -0.0000000000000000000, -0.0000000000000000000 ) ) ;
#2461 = VERTEX_POINT ( 'NONE', #3934 ) ;
#2462 = VERTEX_POINT ( 'NONE', #2150 ) ;
#2463 = DIRECTION ( 'NONE',  ( -0.0000000000000000000, -0.0000000000000000000, -1.000000000000000000 ) ) ;
#2464 = CARTESIAN_POINT ( 'NONE',  ( -18.73201513087678500, -29.30563386371789400, 5.232763454621357700 ) ) ;
#2465 = ORIENTED_EDGE ( 'NONE', *, *, #1090, .T. ) ;
#2466 = EDGE_CURVE ( 'NONE', #503, #1991, #1608, .T. ) ;
#2467 = EDGE_LOOP ( 'NONE', ( #3696, #652, #722, #2720 ) ) ;
#2468 = ORIENTED_EDGE ( 'NONE', *, *, #3800, .F. ) ;
#2469 = CARTESIAN_POINT ( 'NONE',  ( -14.70317494544345000, -24.50000000000000000, 2.079274057836308500 ) ) ;
#2470 = VERTEX_POINT ( 'NONE', #297 ) ;
#2471 = VERTEX_POINT ( 'NONE', #1236 ) ;
#2472 = DIRECTION ( 'NONE',  ( 0.0000000000000000000, 0.0000000000000000000, -1.000000000000000000 ) ) ;
#2473 = UNCERTAINTY_MEASURE_WITH_UNIT (LENGTH_MEASURE( 1.000000000000000100E-005 ), #2939, 'distance_accuracy_value', 'NONE');
#2474 = EDGE_CURVE ( 'NONE', #274, #128, #2312, .T. ) ;
#2475 = DIRECTION ( 'NONE',  ( -8.260587980841935800E-016, -0.0000000000000000000, -1.000000000000000000 ) ) ;
#2476 = VERTEX_POINT ( 'NONE', #3348 ) ;
#2477 = DIRECTION ( 'NONE',  ( -0.0000000000000000000, 0.0000000000000000000, -1.000000000000000000 ) ) ;
#2478 = CARTESIAN_POINT ( 'NONE',  ( -10.75056864395902800, -29.53662072769025600, 5.030108517977240900 ) ) ;
#2479 = CARTESIAN_POINT ( 'NONE',  ( -11.21380016267044000, -28.25925949500447100, 3.841866616493960800 ) ) ;
#2480 = CARTESIAN_POINT ( 'NONE',  ( -11.66606671049692200, -28.11221653126520400, 4.635219664441940800 ) ) ;
#2481 = CARTESIAN_POINT ( 'NONE',  ( -14.50000000000000000, -3.500000000000000000, 0.5000000000000000000 ) ) ;
#2482 = STYLED_ITEM ( 'NONE', ( #3101 ), #2069 ) ;
#2483 = CARTESIAN_POINT ( 'NONE',  ( 14.49999999999999800, -24.50000000000000000, 2.000000000000000400 ) ) ;
#2484 = DIRECTION ( 'NONE',  ( -0.4533333333333328100, -0.8913410620457744600, 0.0000000000000000000 ) ) ;
#2485 = CARTESIAN_POINT ( 'NONE',  ( 10.93725830020305300, -31.38420748798082000, 3.638544005341466800 ) ) ;
#2486 = AXIS2_PLACEMENT_3D ( 'NONE', #112, #2257, #414 ) ;
#2487 = ORIENTED_EDGE ( 'NONE', *, *, #3931, .T. ) ;
#2488 = CARTESIAN_POINT ( 'NONE',  ( -7.376573806991908500, -28.70345982474701800, 5.748599988800726200 ) ) ;
#2489 = DIRECTION ( 'NONE',  ( 0.0000000000000000000, 0.0000000000000000000, -1.000000000000000000 ) ) ;
#2490 = CARTESIAN_POINT ( 'NONE',  ( -11.73131031312889000, -27.27225377970664500, 5.381480742281993900 ) ) ;
#2491 = CARTESIAN_POINT ( 'NONE',  ( 11.60000000000000700, -29.78420748798082600, 2.821537815313731800 ) ) ;
#2492 = CARTESIAN_POINT ( 'NONE',  ( -11.80612374029455400, -26.26492305041256600, 6.247748368707905600 ) ) ;
#2493 = CARTESIAN_POINT ( 'NONE',  ( 12.80000000000000400, -19.50000000000004600, 5.000000000000000000 ) ) ;
#2494 = CARTESIAN_POINT ( 'NONE',  ( 7.991429577263916800, -29.51065745850235400, 5.247188065407596200 ) ) ;
#2495 = CARTESIAN_POINT ( 'NONE',  ( -10.98582514788114200, -28.09799526671574200, 5.279163430410738700 ) ) ;
#2496 = VECTOR ( 'NONE', #3922, 1000.000000000000100 ) ;
#2497 = CARTESIAN_POINT ( 'NONE',  ( -5.072031731101663600, -29.64039513496115000, 5.166598114236814300 ) ) ;
#2498 = VECTOR ( 'NONE', #1439, 1000.000000000000000 ) ;
#2499 = LINE ( 'NONE', #233, #769 ) ;
#2500 = CARTESIAN_POINT ( 'NONE',  ( 8.613333333333333300, -23.43548017886971400, 8.000000000000000000 ) ) ;
#2501 =( BOUNDED_SURFACE ( )  B_SPLINE_SURFACE ( 3, 2, ( 
 ( #2340, #2641, #2934 ),
 ( #1126, #3235, #1437 ),
 ( #3557, #1742, #3840 ),
 ( #2052, #206, #2351 ),
 ( #515, #2658, #818 ),
 ( #2944, #1142, #3250 ),
 ( #1445, #3569, #1760 ),
 ( #3849, #2061, #223 ) ),
 .UNSPECIFIED., .F., .F., .T. ) 
 B_SPLINE_SURFACE_WITH_KNOTS ( ( 4, 2, 2, 4 ),
 ( 3, 3 ),
 ( 0.0000000000000000000, 0.0007107903998237504900, 0.001421580799647501000, 0.002843161599295001900 ),
 ( 0.0000000000000000000, 1.000000000000000000 ),
 .UNSPECIFIED. ) 
 GEOMETRIC_REPRESENTATION_ITEM ( )  RATIONAL_B_SPLINE_SURFACE ( (
 ( 1.000000000000000000, 0.8106723671576203700, 1.000000000000000000),
 ( 1.000000000000000000, 0.8406000060867041500, 1.000000000000000000),
 ( 1.000000000000000000, 0.8677013212001336600, 1.000000000000000000),
 ( 1.000000000000000000, 0.9148512624233853300, 1.000000000000000000),
 ( 1.000000000000000000, 0.9349138893154743700, 1.000000000000000000),
 ( 1.000000000000000000, 0.9835021076699459500, 1.000000000000000000),
 ( 1.000000000000000000, 1.000078108470980700, 1.000000000000000000),
 ( 1.000000000000000000, 1.000000000000000000, 1.000000000000000000) ) ) 
 REPRESENTATION_ITEM ( '' )  SURFACE ( )  );
#2502 = CARTESIAN_POINT ( 'NONE',  ( -13.49657193440835300, -27.83908554043946300, 2.604806235903563700 ) ) ;
#2503 = CARTESIAN_POINT ( 'NONE',  ( 10.89877442241248000, -27.92909963677305300, 4.502054310028977800 ) ) ;
#2504 = LINE ( 'NONE', #187, #1691 ) ;
#2505 = PLANE ( 'NONE',  #1746 ) ;
#2506 = CARTESIAN_POINT ( 'NONE',  ( 7.284056683852450800, -29.36336823000461700, 5.338680622208916500 ) ) ;
#2507 = FACE_OUTER_BOUND ( 'NONE', #1758, .T. ) ;
#2508 = CARTESIAN_POINT ( 'NONE',  ( -11.60000000000066800, -31.38420748798082700, 2.821537815317207700 ) ) ;
#2509 = CARTESIAN_POINT ( 'NONE',  ( 11.23087814487101500, -29.13382371056543000, 4.871563901292144100 ) ) ;
#2510 = DIRECTION ( 'NONE',  ( 0.0000000000000000000, 0.0000000000000000000, 1.000000000000000000 ) ) ;
#2511 = ORIENTED_EDGE ( 'NONE', *, *, #2424, .T. ) ;
#2512 = AXIS2_PLACEMENT_3D ( 'NONE', #865, #2995, #1185 ) ;
#2513 = ORIENTED_EDGE ( 'NONE', *, *, #2994, .F. ) ;
#2514 = ORIENTED_EDGE ( 'NONE', *, *, #1522, .F. ) ;
#2515 = VECTOR ( 'NONE', #959, 1000.000000000000000 ) ;
#2516 = CARTESIAN_POINT ( 'NONE',  ( 10.63383725893927200, -28.81777645282456000, 5.232763454621357700 ) ) ;
#2517 = CARTESIAN_POINT ( 'NONE',  ( -12.27694647606125100, -26.00196680630865500, 6.044187871669500100 ) ) ;
#2518 = ORIENTED_EDGE ( 'NONE', *, *, #3606, .T. ) ;
#2519 = ORIENTED_EDGE ( 'NONE', *, *, #752, .F. ) ;
#2520 = CARTESIAN_POINT ( 'NONE',  ( -14.50000000000000000, -24.50000000000000000, 2.300000000000003800 ) ) ;
#2521 = ADVANCED_FACE ( 'NONE', ( #682 ), #2229, .T. ) ;
#2522 = VERTEX_POINT ( 'NONE', #316 ) ;
#2523 = CARTESIAN_POINT ( 'NONE',  ( -9.999999999999996400, -31.38420748798082700, 2.821537815317573200 ) ) ;
#2524 = CARTESIAN_POINT ( 'NONE',  ( -10.55113105999762400, -28.96311263793773000, 5.232763454621358600 ) ) ;
#2525 = DIRECTION ( 'NONE',  ( 0.0000000000000000000, 0.0000000000000000000, -1.000000000000000000 ) ) ;
#2526 = VERTEX_POINT ( 'NONE', #2455 ) ;
#2527 = EDGE_CURVE ( 'NONE', #3312, #382, #2348, .T. ) ;
#2528 = CARTESIAN_POINT ( 'NONE',  ( 6.800000000000003400, -19.87011593068661600, 8.000000000000000000 ) ) ;
#2529 = B_SPLINE_CURVE_WITH_KNOTS ( 'NONE', 3,
 ( #3272, #1441, #1776, #3874 ),
 .UNSPECIFIED., .F., .F.,
 ( 4, 4 ),
 ( 4.249187360970369500E-018, 1.410484798812646600E-006 ),
 .UNSPECIFIED. ) ;
#2530 = CARTESIAN_POINT ( 'NONE',  ( -8.613333333333352800, -23.43548017886970700, 5.477002518062914000 ) ) ;
#2531 = CARTESIAN_POINT ( 'NONE',  ( 11.64901324572441200, -28.21883677907846500, 4.592804930492620800 ) ) ;
#2532 = CARTESIAN_POINT ( 'NONE',  ( 7.070943697517216200, -28.94092439574969000, 5.648663259322387600 ) ) ;
#2533 = EDGE_CURVE ( 'NONE', #2105, #3459, #1408, .T. ) ;
#2534 = EDGE_LOOP ( 'NONE', ( #1661, #2891, #3076 ) ) ;
#2535 = ORIENTED_EDGE ( 'NONE', *, *, #3819, .F. ) ;
#2536 = VERTEX_POINT ( 'NONE', #328 ) ;
#2537 = ADVANCED_FACE ( 'NONE', ( #3811 ), #3007, .F. ) ;
#2538 = CARTESIAN_POINT ( 'NONE',  ( -7.171506656482455000, -29.06146211286357700, 5.534709646798417800 ) ) ;
#2539 = CARTESIAN_POINT ( 'NONE',  ( -11.59317008319847300, -28.46127981574011700, 4.632211874217548000 ) ) ;
#2540 = CARTESIAN_POINT ( 'NONE',  ( -11.19999999999999600, -19.00000000000000000, 4.999999999999996400 ) ) ;
#2541 = EDGE_CURVE ( 'NONE', #86, #1961, #3725, .T. ) ;
#2542 = CARTESIAN_POINT ( 'NONE',  ( -10.80070899401116200, -28.51987883439229100, 5.232763454621387000 ) ) ;
#2543 = LINE ( 'NONE', #2464, #14 ) ;
#2544 = CARTESIAN_POINT ( 'NONE',  ( 14.31442878635548300, -26.32500879401136700, 3.149556079606244300 ) ) ;
#2545 = CARTESIAN_POINT ( 'NONE',  ( 7.055926698701341600, -28.72922688753428500, 5.888369822028579400 ) ) ;
#2546 = CONICAL_SURFACE ( 'NONE', #1213, 7.092522711888083400, 0.5235987755983053700 ) ;
#2547 = FACE_OUTER_BOUND ( 'NONE', #3868, .T. ) ;
#2548 = LINE ( 'NONE', #610, #2453 ) ;
#2549 = EDGE_CURVE ( 'NONE', #888, #200, #1644, .T. ) ;
#2550 = CARTESIAN_POINT ( 'NONE',  ( -7.063955109497660700, -28.77284726896403200, 5.830922826143218000 ) ) ;
#2551 = ORIENTED_EDGE ( 'NONE', *, *, #3827, .F. ) ;
#2552 = LINE ( 'NONE', #3466, #933 ) ;
#2553 =( BOUNDED_SURFACE ( )  B_SPLINE_SURFACE ( 3, 2, ( 
 ( #151, #2300, #1995 ),
 ( #3495, #1686, #2887 ),
 ( #1066, #3450, #2539 ),
 ( #3145, #1640, #1388 ) ),
 .UNSPECIFIED., .F., .F., .T. ) 
 B_SPLINE_SURFACE_WITH_KNOTS ( ( 4, 4 ),
 ( 3, 3 ),
 ( -1.481237008049696200E-015, 0.0006338246353334148500 ),
 ( 0.0000000000000000000, 1.000000000000000000 ),
 .UNSPECIFIED. ) 
 GEOMETRIC_REPRESENTATION_ITEM ( )  RATIONAL_B_SPLINE_SURFACE ( (
 ( 1.000000000000000000, 0.8544047142262040100, 1.000000000000000000),
 ( 1.000000000000000000, 0.8316895327075430900, 1.000000000000000000),
 ( 1.000000000000000000, 0.8104715728867147900, 1.000000000000000000),
 ( 1.000000000000000000, 0.7936298303179351000, 1.000000000000000000) ) ) 
 REPRESENTATION_ITEM ( '' )  SURFACE ( )  );
#2554 = DIRECTION ( 'NONE',  ( 0.0000000000000000000, 0.0000000000000000000, 1.000000000000000000 ) ) ;
#2555 = CARTESIAN_POINT ( 'NONE',  ( 10.00000000000000500, -31.00633641386443900, 4.318107961075101600 ) ) ;
#2556 = ORIENTED_EDGE ( 'NONE', *, *, #2172, .F. ) ;
#2557 = AXIS2_PLACEMENT_3D ( 'NONE', #363, #1223, #304 ) ;
#2558 = CARTESIAN_POINT ( 'NONE',  ( 11.66584961494165300, -28.11350350945769700, 4.634684852308022400 ) ) ;
#2559 = ORIENTED_EDGE ( 'NONE', *, *, #3186, .F. ) ;
#2560 = EDGE_LOOP ( 'NONE', ( #932, #2518, #406, #397, #1329 ) ) ;
#2561 = VERTEX_POINT ( 'NONE', #2188 ) ;
#2562 = ORIENTED_EDGE ( 'NONE', *, *, #1481, .T. ) ;
#2563 = ORIENTED_EDGE ( 'NONE', *, *, #881, .F. ) ;
#2564 = CARTESIAN_POINT ( 'NONE',  ( -2.576787762673554000, -30.16309823431934600, 4.841907412168665400 ) ) ;
#2565 = CARTESIAN_POINT ( 'NONE',  ( -7.118729844947439200, -28.64043495548614600, 5.984363365678631500 ) ) ;
#2566 = ORIENTED_EDGE ( 'NONE', *, *, #1614, .T. ) ;
#2567 = CARTESIAN_POINT ( 'NONE',  ( 11.60000000000000700, -29.94421261070502600, 3.340915128997746600 ) ) ;
#2568 = DIRECTION ( 'NONE',  ( -0.0000000000000000000, 1.000000000000000000, -0.0000000000000000000 ) ) ;
#2569 = DIRECTION ( 'NONE',  ( -1.000000000000000000, 0.0000000000000000000, 0.0000000000000000000 ) ) ;
#2570 = CARTESIAN_POINT ( 'NONE',  ( -5.474059306301555200, -29.29754175711847400, 5.653630591213118200 ) ) ;
#2571 = EDGE_CURVE ( 'NONE', #3066, #3830, #773, .T. ) ;
#2572 = B_SPLINE_CURVE_WITH_KNOTS ( 'NONE', 3,
 ( #1895, #977, #3092, #1296, #3405, #1597 ),
 .UNSPECIFIED., .F., .F.,
 ( 4, 2, 4 ),
 ( 8.673617379884035500E-019, 0.002310356954291608400, 0.004620713908583215900 ),
 .UNSPECIFIED. ) ;
#2573 = CARTESIAN_POINT ( 'NONE',  ( 1.330264405724369300, -30.70097966393178600, 4.507788293254026100 ) ) ;
#2574 = CARTESIAN_POINT ( 'NONE',  ( -7.446448209657377000, -28.49255466630847900, 6.048478282943871200 ) ) ;
#2575 = CARTESIAN_POINT ( 'NONE',  ( -11.37588228168320200, -27.35790909539704800, 5.466324256706785800 ) ) ;
#2576 = ORIENTED_EDGE ( 'NONE', *, *, #1870, .T. ) ;
#2577 = CARTESIAN_POINT ( 'NONE',  ( -18.79999999999999400, -19.87011593068662000, -0.5000000000000350800 ) ) ;
#2578 = ORIENTED_EDGE ( 'NONE', *, *, #3266, .T. ) ;
#2579 = DIRECTION ( 'NONE',  ( -0.0000000000000000000, 1.000000000000000000, -0.0000000000000000000 ) ) ;
#2580 = CARTESIAN_POINT ( 'NONE',  ( 6.492683267796248700, -28.88762479532615800, 5.891097322002947200 ) ) ;
#2581 = AXIS2_PLACEMENT_3D ( 'NONE', #751, #2859, #1060 ) ;
#2582 = FACE_OUTER_BOUND ( 'NONE', #1910, .T. ) ;
#2583 = CARTESIAN_POINT ( 'NONE',  ( 4.945489757432127000, -29.45600995589853400, 5.563398213218148300 ) ) ;
#2584 = CARTESIAN_POINT ( 'NONE',  ( 10.98546873367352500, -28.09880325373357100, 5.279025981601118500 ) ) ;
#2585 = CIRCLE ( 'NONE', #710, 0.8000000000000003800 ) ;
#2586 = CARTESIAN_POINT ( 'NONE',  ( 8.885886438133237400, -29.72776278960150600, 5.112327410354992300 ) ) ;
#2587 = EDGE_CURVE ( 'NONE', #2522, #1836, #1324, .T. ) ;
#2588 = DIRECTION ( 'NONE',  ( 0.0000000000000000000, -0.0000000000000000000, 1.000000000000000000 ) ) ;
#2589 = CARTESIAN_POINT ( 'NONE',  ( 11.50884186598237400, -28.71044343885800700, 4.707447915496981500 ) ) ;
#2590 = CARTESIAN_POINT ( 'NONE',  ( 10.80000000000000400, -19.87011593068661600, 5.997252970812619200 ) ) ;
#2591 = LINE ( 'NONE', #1572, #981 ) ;
#2592 = DIRECTION ( 'NONE',  ( -1.000000000000000000, 0.0000000000000000000, 0.0000000000000000000 ) ) ;
#2593 = CIRCLE ( 'NONE', #440, 0.8000000000000003800 ) ;
#2594 = EDGE_CURVE ( 'NONE', #1076, #3451, #484, .T. ) ;
#2595 = VECTOR ( 'NONE', #2223, 1000.000000000000000 ) ;
#2596 = EDGE_CURVE ( 'NONE', #660, #547, #2125, .T. ) ;
#2597 = ORIENTED_EDGE ( 'NONE', *, *, #3266, .F. ) ;
#2598 = CARTESIAN_POINT ( 'NONE',  ( 7.377073769321199800, -28.70318889408796500, 5.748768284466100600 ) ) ;
#2599 = DIRECTION ( 'NONE',  ( -0.4006966922103676300, -0.9162107622439663600, -1.281153758013305600E-013 ) ) ;
#2600 = CARTESIAN_POINT ( 'NONE',  ( -4.368070715875266100, -29.18126506022786900, 6.302922996797729400 ) ) ;
#2601 = ORIENTED_EDGE ( 'NONE', *, *, #2012, .T. ) ;
#2602 = ORIENTED_EDGE ( 'NONE', *, *, #3581, .T. ) ;
#2603 = PLANE ( 'NONE',  #1088 ) ;
#2604 = CARTESIAN_POINT ( 'NONE',  ( -7.024930595180078900, -28.80283519023781800, 5.806530789601299400 ) ) ;
#2605 = ORIENTED_EDGE ( 'NONE', *, *, #3736, .T. ) ;
#2606 = CARTESIAN_POINT ( 'NONE',  ( -13.89252271188808400, -19.87011593068662000, 8.000000000000000000 ) ) ;
#2607 = EDGE_CURVE ( 'NONE', #1708, #1514, #2828, .T. ) ;
#2608 = ORIENTED_EDGE ( 'NONE', *, *, #219, .F. ) ;
#2609 = DIRECTION ( 'NONE',  ( 0.0000000000000000000, -1.000000000000000000, 0.0000000000000000000 ) ) ;
#2610 = ADVANCED_FACE ( 'NONE', ( #2027 ), #1938, .T. ) ;
#2611 = ORIENTED_EDGE ( 'NONE', *, *, #1984, .F. ) ;
#2612 = CARTESIAN_POINT ( 'NONE',  ( -9.999999999999996400, -31.38420748798082700, 2.821537815316977700 ) ) ;
#2613 = CARTESIAN_POINT ( 'NONE',  ( -10.39178764953947900, -31.38420748798084100, -1.661890279181788900E-014 ) ) ;
#2614 = DIRECTION ( 'NONE',  ( -0.0000000000000000000, 1.000000000000000000, -0.0000000000000000000 ) ) ;
#2615 = CARTESIAN_POINT ( 'NONE',  ( 10.98529063199593000, -28.09920724736350600, 5.278957358226374900 ) ) ;
#2616 = EDGE_LOOP ( 'NONE', ( #2551, #2136, #2845, #3273 ) ) ;
#2617 = DIRECTION ( 'NONE',  ( 1.000000000000000000, 0.0000000000000000000, -8.260587980841935800E-016 ) ) ;
#2618 = CARTESIAN_POINT ( 'NONE',  ( -10.79999999999999700, -19.21833477758634600, 5.165685424949234800 ) ) ;
#2619 = DIRECTION ( 'NONE',  ( 0.0000000000000000000, 1.000000000000000000, 0.0000000000000000000 ) ) ;
#2620 = EDGE_CURVE ( 'NONE', #641, #2033, #2730, .T. ) ;
#2621 = EDGE_LOOP ( 'NONE', ( #1812, #671, #1222, #1134, #1588, #3156, #411, #2796, #1945, #692, #3699, #1712, #3503, #791, #2216 ) ) ;
#2622 = EDGE_CURVE ( 'NONE', #641, #1370, #390, .T. ) ;
#2623 = DIRECTION ( 'NONE',  ( 0.0000000000000000000, 1.000000000000000000, 0.0000000000000000000 ) ) ;
#2624 = CARTESIAN_POINT ( 'NONE',  ( -16.03060652250243800, -25.35144992695431300, 1.701375149899408100 ) ) ;
#2625 = CARTESIAN_POINT ( 'NONE',  ( 11.32850836722606400, -28.37586035295155200, 3.550055907280590200 ) ) ;
#2626 = ORIENTED_EDGE ( 'NONE', *, *, #3863, .T. ) ;
#2627 = DIRECTION ( 'NONE',  ( -0.0000000000000000000, 1.000000000000000000, -0.0000000000000000000 ) ) ;
#2628 = ORIENTED_EDGE ( 'NONE', *, *, #260, .T. ) ;
#2629 = ADVANCED_FACE ( 'NONE', ( #1115 ), #931, .T. ) ;
#2630 = ORIENTED_EDGE ( 'NONE', *, *, #2798, .F. ) ;
#2631 = CARTESIAN_POINT ( 'NONE',  ( 17.50137142655966500, -24.62782332962043300, 0.0000000000000000000 ) ) ;
#2632 = CARTESIAN_POINT ( 'NONE',  ( 11.60000000000001900, -30.00030777850004400, 1.907991242305028000 ) ) ;
#2633 = ADVANCED_FACE ( 'NONE', ( #3535 ), #2546, .T. ) ;
#2634 = DIRECTION ( 'NONE',  ( 0.0000000000000000000, 1.000000000000000000, 0.0000000000000000000 ) ) ;
#2635 = AXIS2_PLACEMENT_3D ( 'NONE', #3726, #75, #3114 ) ;
#2636 = FACE_OUTER_BOUND ( 'NONE', #28, .T. ) ;
#2637 = CARTESIAN_POINT ( 'NONE',  ( -9.260102355882898100, -29.72776278960256500, 5.112327410354334100 ) ) ;
#2638 = CARTESIAN_POINT ( 'NONE',  ( -11.64901324572303300, -28.21883677909257000, 4.592804930482141200 ) ) ;
#2639 =( BOUNDED_SURFACE ( )  B_SPLINE_SURFACE ( 3, 2, ( 
 ( #3342, #919, #3644 ),
 ( #1542, #3659, #1856 ),
 ( #9, #2159, #312 ),
 ( #2449, #615, #2754 ) ),
 .UNSPECIFIED., .F., .F., .F. ) 
 B_SPLINE_SURFACE_WITH_KNOTS ( ( 4, 4 ),
 ( 3, 3 ),
 ( 0.0000000000000000000, 0.002422100195492404300 ),
 ( 0.2799226222459044700, 1.000000000000000000 ),
 .UNSPECIFIED. ) 
 GEOMETRIC_REPRESENTATION_ITEM ( )  RATIONAL_B_SPLINE_SURFACE ( (
 ( 0.9479150211508944300, 0.9069653991677916200, 1.000000000000000000),
 ( 0.9500245567586891300, 0.9107334683414601800, 1.000000000000000000),
 ( 0.9523165564884659200, 0.9148274563717727600, 1.000000000000000000),
 ( 0.9548288494832308800, 0.9193149339729188600, 1.000000000000000000) ) ) 
 REPRESENTATION_ITEM ( '' )  SURFACE ( )  );
#2640 = CARTESIAN_POINT ( 'NONE',  ( -6.799999999999998000, -19.87011593068661600, 6.832763454621357400 ) ) ;
#2641 = CARTESIAN_POINT ( 'NONE',  ( 11.54860183360594100, -28.19773814265844400, 5.194443860536854800 ) ) ;
#2642 = LINE ( 'NONE', #2654, #1743 ) ;
#2643 = VECTOR ( 'NONE', #1182, 1000.000000000000000 ) ;
#2644 = CARTESIAN_POINT ( 'NONE',  ( -11.66584961494158900, -28.11350350945785000, 4.634684852308121900 ) ) ;
#2645 = CARTESIAN_POINT ( 'NONE',  ( 13.49055202352073100, -27.83871947253677000, 2.610607222528205100 ) ) ;
#2646 = CARTESIAN_POINT ( 'NONE',  ( 10.80000000000000400, -19.87011593068661600, 8.000000000000000000 ) ) ;
#2647 = CARTESIAN_POINT ( 'NONE',  ( -10.98327478536271700, -30.76150344163146500, 4.092852652032464200 ) ) ;
#2648 = ORIENTED_EDGE ( 'NONE', *, *, #2097, .F. ) ;
#2649 = LINE ( 'NONE', #2540, #1855 ) ;
#2650 = SURFACE_SIDE_STYLE ('',( #3681 ) ) ;
#2651 = ORIENTED_EDGE ( 'NONE', *, *, #1779, .F. ) ;
#2652 = CARTESIAN_POINT ( 'NONE',  ( 10.55284950779046000, -31.38420748798082000, -0.0000000000000000000 ) ) ;
#2653 = ORIENTED_EDGE ( 'NONE', *, *, #3753, .F. ) ;
#2654 = CARTESIAN_POINT ( 'NONE',  ( 12.80000000000000600, 0.0000000000000000000, 1.999999999999996200 ) ) ;
#2655 = CARTESIAN_POINT ( 'NONE',  ( -2.064520237488006100, -30.08706437466885200, 5.083679431253716400 ) ) ;
#2656 = EDGE_LOOP ( 'NONE', ( #2283, #1086, #2884, #1000 ) ) ;
#2657 = ORIENTED_EDGE ( 'NONE', *, *, #1898, .F. ) ;
#2658 = CARTESIAN_POINT ( 'NONE',  ( 11.73131304328323000, -27.27224275746174000, 5.381483617712134100 ) ) ;
#2659 = ORIENTED_EDGE ( 'NONE', *, *, #261, .T. ) ;
#2660 = ORIENTED_EDGE ( 'NONE', *, *, #2156, .T. ) ;
#2661 = DIRECTION ( 'NONE',  ( 7.301533223930545700E-014, -0.8494549446670449600, -0.5276611573545164600 ) ) ;
#2662 = CARTESIAN_POINT ( 'NONE',  ( 16.02411254406705500, -25.35494451146938400, 1.708015211851539900 ) ) ;
#2663 = DIRECTION ( 'NONE',  ( 0.0000000000000000000, 1.000000000000000000, 0.0000000000000000000 ) ) ;
#2664 = CARTESIAN_POINT ( 'NONE',  ( -11.59994599339937200, -29.96881802171599700, 3.296357112326614200 ) ) ;
#2665 = ORIENTED_EDGE ( 'NONE', *, *, #960, .T. ) ;
#2666 = CARTESIAN_POINT ( 'NONE',  ( -11.66584961494164400, -28.11350350945724600, 4.634684852308652100 ) ) ;
#2667 = EDGE_CURVE ( 'NONE', #1836, #3231, #195, .T. ) ;
#2668 = B_SPLINE_CURVE_WITH_KNOTS ( 'NONE', 3,
 ( #916, #586, #1226, #3340, #1540, #3656, #1852, #5, #2157, #308, #2448, #613, #2751, #930, #3046, #1243, #3356, #1553 ),
 .UNSPECIFIED., .F., .F.,
 ( 4, 2, 2, 2, 2, 2, 2, 2, 4 ),
 ( -0.0007518554688986964000, 0.001122007993039344300, 0.002995871454977385000, 0.004869734916915422600, 0.006743598378853462400, 0.008617461840791502300, 0.01049132530272953900, 0.01236518876466757800, 0.01423905222660561800 ),
 .UNSPECIFIED. ) ;
#2669 = CARTESIAN_POINT ( 'NONE',  ( -6.799999999999998000, -19.87011593068661600, 6.032763454621347800 ) ) ;
#2670 = EDGE_CURVE ( 'NONE', #2790, #366, #3343, .T. ) ;
#2671 = CARTESIAN_POINT ( 'NONE',  ( -12.57319642167556900, -29.48359221476549800, 0.0000000000000000000 ) ) ;
#2672 = DIRECTION ( 'NONE',  ( 0.0000000000000000000, -0.5276611573545170200, 0.8494549446670446300 ) ) ;
#2673 = PRESENTATION_LAYER_ASSIGNMENT (  '', '', ( #2482 ) ) ;
#2674 = LINE ( 'NONE', #1616, #234 ) ;
#2675 = CARTESIAN_POINT ( 'NONE',  ( 7.581595916785432500, -28.45617593212421400, 6.032763454621344200 ) ) ;
#2676 = CARTESIAN_POINT ( 'NONE',  ( -9.999999999999994700, -30.58420748798082700, 3.638544005341466400 ) ) ;
#2677 = CARTESIAN_POINT ( 'NONE',  ( -14.35050409971688400, -28.45601635463213000, -0.0000000000000000000 ) ) ;
#2678 = VECTOR ( 'NONE', #2700, 1000.000000000000000 ) ;
#2679 = CARTESIAN_POINT ( 'NONE',  ( 14.49999999999999800, -21.00000000000002500, 4.100000000000000500 ) ) ;
#2680 = VECTOR ( 'NONE', #1555, 1000.000000000000000 ) ;
#2681 = FACE_BOUND ( 'NONE', #1574, .T. ) ;
#2682 = CARTESIAN_POINT ( 'NONE',  ( -9.999999999999996400, -30.30528118192791000, 4.753586755301278700 ) ) ;
#2683 = CARTESIAN_POINT ( 'NONE',  ( -15.06255691260910000, -28.00810923152110400, 0.9306240030592574100 ) ) ;
#2684 = CARTESIAN_POINT ( 'NONE',  ( -11.60000000000629900, -28.71971417974830800, 2.940983750567187200 ) ) ;
#2685 =( BOUNDED_SURFACE ( )  B_SPLINE_SURFACE ( 3, 2, ( 
 ( #1631, #383, #3737 ),
 ( #1935, #96, #2246 ),
 ( #394, #2538, #708 ),
 ( #2839, #1023, #3132 ),
 ( #1343, #3449, #1639 ),
 ( #3746, #1951, #106 ),
 ( #2253, #410, #2550 ),
 ( #719, #2853, #1035 ),
 ( #3144, #1352, #3463 ),
 ( #1648, #3754, #1962 ),
 ( #117, #2261, #418 ),
 ( #2565, #729, #2862 ),
 ( #1050, #3158, #1360 ),
 ( #3471, #1664, #3763 ),
 ( #1971, #130, #2277 ),
 ( #429, #2574, #743 ),
 ( #2874, #1057, #3172 ),
 ( #1372, #3481, #1674 ) ),
 .UNSPECIFIED., .F., .F., .F. ) 
 B_SPLINE_SURFACE_WITH_KNOTS ( ( 4, 2, 2, 2, 2, 2, 2, 2, 4 ),
 ( 3, 3 ),
 ( -3.386722326192970200E-015, 0.0004214013682923160400, 0.0008428027365880188000, 0.0009481530786619444400, 0.001053503420735870100, 0.001158853762809795900, 0.001264204104883721600, 0.001474904789031573100, 0.001685605473179424400 ),
 ( 0.0000000000000000000, 1.000000000000000000 ),
 .UNSPECIFIED. ) 
 GEOMETRIC_REPRESENTATION_ITEM ( )  RATIONAL_B_SPLINE_SURFACE ( (
 ( 1.000000000000000000, 0.9966548990227024300, 1.000000000000000000),
 ( 1.000000000000000000, 0.9972999828068333000, 1.000000000000000000),
 ( 1.000000000000000000, 0.9978953161082582100, 1.000000000000000000),
 ( 1.000000000000000000, 0.9989069918646649200, 1.000000000000000000),
 ( 1.000000000000000000, 0.9993253262015123800, 1.000000000000000000),
 ( 1.000000000000000000, 0.9996740690721841500, 1.000000000000000000),
 ( 1.000000000000000000, 0.9997347092759406600, 1.000000000000000000),
 ( 1.000000000000000000, 0.9998350189094787900, 1.000000000000000000),
 ( 1.000000000000000000, 0.9998745325963578300, 1.000000000000000000),
 ( 1.000000000000000000, 0.9999223114651414300, 1.000000000000000000),
 ( 1.000000000000000000, 0.9999270267446762600, 1.000000000000000000),
 ( 1.000000000000000000, 0.9998908435506443900, 1.000000000000000000),
 ( 1.000000000000000000, 0.9998530382384284200, 1.000000000000000000),
 ( 1.000000000000000000, 0.9996997321455545200, 1.000000000000000000),
 ( 1.000000000000000000, 0.9995423591854230000, 1.000000000000000000),
 ( 1.000000000000000000, 0.9991201445817748900, 1.000000000000000000),
 ( 1.000000000000000000, 0.9988537723969326300, 1.000000000000000000),
 ( 1.000000000000000000, 0.9985264306017416200, 1.000000000000000000) ) ) 
 REPRESENTATION_ITEM ( '' )  SURFACE ( )  );
#2686 = EDGE_LOOP ( 'NONE', ( #3653, #3927, #2605 ) ) ;
#2687 = CARTESIAN_POINT ( 'NONE',  ( 7.206765986095894600, -29.01978017691479600, 5.555080566174392100 ) ) ;
#2688 = CARTESIAN_POINT ( 'NONE',  ( -7.284520813477335800, -29.36375606167909400, 5.338439710420128200 ) ) ;
#2689 = CARTESIAN_POINT ( 'NONE',  ( -13.19999999999999400, -24.50000000000000000, 4.100000000000005000 ) ) ;
#2690 = EDGE_LOOP ( 'NONE', ( #2651, #3555, #3861, #38, #83, #471, #1919 ) ) ;
#2691 = ORIENTED_EDGE ( 'NONE', *, *, #998, .T. ) ;
#2692 = LINE ( 'NONE', #3662, #359 ) ;
#2693 = ORIENTED_EDGE ( 'NONE', *, *, #2797, .F. ) ;
#2694 = ADVANCED_FACE ( 'NONE', ( #1025 ), #592, .F. ) ;
#2695 = CARTESIAN_POINT ( 'NONE',  ( 7.458011616178478000, -28.50652888489448200, 6.019807214026198700 ) ) ;
#2696 = VERTEX_POINT ( 'NONE', #2429 ) ;
#2698 = CARTESIAN_POINT ( 'NONE',  ( -11.64955306548028500, -28.21108972872672600, 4.600024479932087300 ) ) ;
#2697 = CARTESIAN_POINT ( 'NONE',  ( -7.461747929594397800, -29.29310848721949200, 5.362033736391984100 ) ) ;
#2699 = CARTESIAN_POINT ( 'NONE',  ( -1.170706331771912200, -29.38877592020551800, 6.581411654969811800 ) ) ;
#2700 = DIRECTION ( 'NONE',  ( -1.000000000000000000, 0.0000000000000000000, -2.551063935260020900E-015 ) ) ;
#2701 = ORIENTED_EDGE ( 'NONE', *, *, #2233, .T. ) ;
#2702 = CARTESIAN_POINT ( 'NONE',  ( -16.77415878564167400, -24.96545951179724900, 0.8950723178021057200 ) ) ;
#2703 = CARTESIAN_POINT ( 'NONE',  ( -7.217741644584713800, -29.30329209723582900, 5.375998483438846300 ) ) ;
#2704 = VERTEX_POINT ( 'NONE', #1532 ) ;
#2705 = CARTESIAN_POINT ( 'NONE',  ( 7.041094191076567200, -28.70821536770207100, 5.922298219548991000 ) ) ;
#2706 = AXIS2_PLACEMENT_3D ( 'NONE', #3583, #3873, #2084 ) ;
#2707 = CARTESIAN_POINT ( 'NONE',  ( -7.143601244970105000, -28.62644562470214300, 5.993397626401541200 ) ) ;
#2708 = CARTESIAN_POINT ( 'NONE',  ( 9.991589050053814700, -22.73450354394101300, 5.579287554402315100 ) ) ;
#2709 = AXIS2_PLACEMENT_3D ( 'NONE', #3028, #3332, #1534 ) ;
#2710 = CARTESIAN_POINT ( 'NONE',  ( -3.316232486956949300, -25.20835647758646700, 5.218308137104039600 ) ) ;
#2711 = ORIENTED_EDGE ( 'NONE', *, *, #2721, .F. ) ;
#2712 = DIRECTION ( 'NONE',  ( -1.000000000000000000, 0.0000000000000000000, 0.0000000000000000000 ) ) ;
#2714 = CARTESIAN_POINT ( 'NONE',  ( -7.960952317039128100, -29.62556916371765000, 5.175807654064994000 ) ) ;
#2713 = CARTESIAN_POINT ( 'NONE',  ( 11.60000000000000700, -30.34823903908838000, 1.863611158688520200 ) ) ;
#2715 = CARTESIAN_POINT ( 'NONE',  ( -0.5620869065145250900, -29.80366039342175500, 5.901722013351977700 ) ) ;
#2716 = DIRECTION ( 'NONE',  ( 0.0000000000000000000, -1.000000000000000000, 6.207057437479510400E-014 ) ) ;
#2717 = CARTESIAN_POINT ( 'NONE',  ( -8.022447510115730700, -29.37819426565006300, 5.275083614804082700 ) ) ;
#2718 = ADVANCED_FACE ( 'NONE', ( #1741 ), #212, .T. ) ;
#2719 = ORIENTED_EDGE ( 'NONE', *, *, #2791, .T. ) ;
#2720 = ORIENTED_EDGE ( 'NONE', *, *, #1061, .T. ) ;
#2721 = EDGE_CURVE ( 'NONE', #3830, #160, #3464, .T. ) ;
#2722 = ORIENTED_EDGE ( 'NONE', *, *, #2201, .F. ) ;
#2723 = DIRECTION ( 'NONE',  ( 1.000000000000000000, 1.746062762822404500E-016, 0.0000000000000000000 ) ) ;
#2724 = PLANE ( 'NONE',  #3648 ) ;
#2725 = CARTESIAN_POINT ( 'NONE',  ( -11.65997327749646000, -28.14836071388506900, 4.620206959228251100 ) ) ;
#2726 = CARTESIAN_POINT ( 'NONE',  ( 13.29999999999999900, -3.499999999999994700, 0.0000000000000000000 ) ) ;
#2727 = EDGE_CURVE ( 'NONE', #1127, #2704, #107, .T. ) ;
#2728 = DIRECTION ( 'NONE',  ( -1.000000000000000000, -1.746062762822404500E-016, 0.0000000000000000000 ) ) ;
#2729 = CARTESIAN_POINT ( 'NONE',  ( -7.181559833706172600, -28.80636400018016400, 4.742897989337391700 ) ) ;
#2730 = LINE ( 'NONE', #1307, #1215 ) ;
#2731 = CARTESIAN_POINT ( 'NONE',  ( 12.27757976009869800, -26.01024299385892700, 6.032763454621348700 ) ) ;
#2732 = FACE_OUTER_BOUND ( 'NONE', #2015, .T. ) ;
#2733 = VECTOR ( 'NONE', #2389, 1000.000000000000000 ) ;
#2734 = CARTESIAN_POINT ( 'NONE',  ( -10.01481025735267800, -29.72776278960150300, 5.112327410354994900 ) ) ;
#2735 = ORIENTED_EDGE ( 'NONE', *, *, #2940, .F. ) ;
#2736 = LINE ( 'NONE', #3127, #1946 ) ;
#2737 = VERTEX_POINT ( 'NONE', #378 ) ;
#2738 = EDGE_CURVE ( 'NONE', #3563, #2363, #1848, .T. ) ;
#2739 = CARTESIAN_POINT ( 'NONE',  ( -14.80000000000000100, -24.26512932945329500, 2.214876702701201100 ) ) ;
#2740 = CARTESIAN_POINT ( 'NONE',  ( 10.26901822535422100, -29.50975265271884100, 5.232763454621391500 ) ) ;
#2741 = VERTEX_POINT ( 'NONE', #2531 ) ;
#2742 = CARTESIAN_POINT ( 'NONE',  ( -14.40000000000000000, -3.500000000000000000, 0.5000000000000000000 ) ) ;
#2743 =( NAMED_UNIT ( * ) PLANE_ANGLE_UNIT ( ) SI_UNIT ( $, .RADIAN. ) );
#2744 = ORIENTED_EDGE ( 'NONE', *, *, #677, .T. ) ;
#2745 = CARTESIAN_POINT ( 'NONE',  ( -7.108240027316074200, -28.66384527072913700, 5.955587367498595500 ) ) ;
#2746 = ORIENTED_EDGE ( 'NONE', *, *, #1180, .F. ) ;
#2747 = EDGE_LOOP ( 'NONE', ( #1518, #185, #3551, #1241 ) ) ;
#2748 = EDGE_LOOP ( 'NONE', ( #2657, #3883, #1567, #3654, #2719, #1957, #3574 ) ) ;
#2749 = EDGE_LOOP ( 'NONE', ( #1178, #3212, #667, #3204 ) ) ;
#2750 = EDGE_CURVE ( 'NONE', #3817, #1925, #2757, .T. ) ;
#2751 = CARTESIAN_POINT ( 'NONE',  ( -3.093425758195424500, -30.50182455674416500, 4.631498697215334000 ) ) ;
#2752 = DIRECTION ( 'NONE',  ( 1.000000000000000000, -1.746062762822404500E-016, -0.0000000000000000000 ) ) ;
#2753 = ORIENTED_EDGE ( 'NONE', *, *, #3123, .T. ) ;
#2754 = CARTESIAN_POINT ( 'NONE',  ( 12.27694647606127300, -26.00196680630879300, 6.044187871669299400 ) ) ;
#2755 = CARTESIAN_POINT ( 'NONE',  ( 11.01926916339074000, -29.36485344448618300, 4.961929841728184500 ) ) ;
#2756 = AXIS2_PLACEMENT_3D ( 'NONE', #2459, #3053, #1251 ) ;
#2757 = B_SPLINE_CURVE_WITH_KNOTS ( 'NONE', 3,
 ( #3130, #703, #3443, #1636 ),
 .UNSPECIFIED., .F., .F.,
 ( 4, 4 ),
 ( 0.0000000000000000000, 0.0006798089363770037700 ),
 .UNSPECIFIED. ) ;
#2758 = CARTESIAN_POINT ( 'NONE',  ( 13.20000000000000300, -24.50000000000000000, 1.599999999999997200 ) ) ;
#2759 = DIRECTION ( 'NONE',  ( 0.0000000000000000000, 1.000000000000000000, 0.0000000000000000000 ) ) ;
#2760 = DIRECTION ( 'NONE',  ( 1.000000000000000000, 1.746062762822404500E-016, -0.0000000000000000000 ) ) ;
#2761 = CARTESIAN_POINT ( 'NONE',  ( -11.65861314762464400, -27.18768470632000600, 5.946215560781587900 ) ) ;
#2762 = CARTESIAN_POINT ( 'NONE',  ( 8.613333333333333300, -23.43548017886971400, 8.000000000000000000 ) ) ;
#2763 = DIRECTION ( 'NONE',  ( -6.938893903907228400E-016, 0.0000000000000000000, -1.000000000000000000 ) ) ;
#2764 = VERTEX_POINT ( 'NONE', #3743 ) ;
#2765 = DIRECTION ( 'NONE',  ( 0.0000000000000000000, 1.000000000000000000, 0.0000000000000000000 ) ) ;
#2766 = UNCERTAINTY_MEASURE_WITH_UNIT (LENGTH_MEASURE( 1.000000000000000100E-005 ), #608, 'distance_accuracy_value', 'NONE');
#2767 = EDGE_CURVE ( 'NONE', #880, #3544, #2057, .T. ) ;
#2768 = CARTESIAN_POINT ( 'NONE',  ( 11.60000000000000700, -29.46102333015506100, 3.394458843837467200 ) ) ;
#2769 = CARTESIAN_POINT ( 'NONE',  ( -11.66606671049692200, -28.11221653126513700, 4.635219664442036700 ) ) ;
#2770 = CARTESIAN_POINT ( 'NONE',  ( -10.87103072883798800, -29.17476424167102400, 5.232763454621359500 ) ) ;
#2771 = CARTESIAN_POINT ( 'NONE',  ( -11.43203803623078800, -28.48520565679997000, 3.265826331435166500 ) ) ;
#2772 = AXIS2_PLACEMENT_3D ( 'NONE', #208, #2945, #1143 ) ;
#2773 = LINE ( 'NONE', #3673, #339 ) ;
#2774 = DIRECTION ( 'NONE',  ( 0.0000000000000000000, 0.0000000000000000000, -1.000000000000000000 ) ) ;
#2775 = CARTESIAN_POINT ( 'NONE',  ( -12.79999999999999700, 0.0000000000000000000, 1.600000000000003900 ) ) ;
#2776 = CARTESIAN_POINT ( 'NONE',  ( 7.076667749784463400, -28.67916030189440900, 5.947941123484062200 ) ) ;
#2777 = PRESENTATION_STYLE_ASSIGNMENT (( #811 ) ) ;
#2778 = CARTESIAN_POINT ( 'NONE',  ( -10.94381680823581200, -28.19810472565279400, 5.263518355992152600 ) ) ;
#2779 = FACE_OUTER_BOUND ( 'NONE', #3068, .T. ) ;
#2780 = LINE ( 'NONE', #443, #1068 ) ;
#2781 = FACE_OUTER_BOUND ( 'NONE', #1867, .T. ) ;
#2782 = CARTESIAN_POINT ( 'NONE',  ( -7.608179892517961600, -29.00335562629083700, 5.562311867550935300 ) ) ;
#2783 = DIRECTION ( 'NONE',  ( -1.000000000000000000, 0.0000000000000000000, 0.0000000000000000000 ) ) ;
#2784 = CARTESIAN_POINT ( 'NONE',  ( -11.79257501336966600, -26.70431172371673200, 5.709427437556622700 ) ) ;
#2785 = CARTESIAN_POINT ( 'NONE',  ( 18.51132486540516800, 0.0000000000000000000, 0.0000000000000000000 ) ) ;
#2786 = B_SPLINE_CURVE_WITH_KNOTS ( 'NONE', 3,
 ( #2367, #1467, #540, #2677, #847, #2977, #1168, #3280, #1480, #3594, #1784, #3882 ),
 .UNSPECIFIED., .F., .F.,
 ( 4, 2, 2, 2, 2, 4 ),
 ( 0.001082034258219391800, 0.002840895982328219200, 0.003720326844382635400, 0.004599757706437050700, 0.006358619430545878700, 0.008117481154654705000 ),
 .UNSPECIFIED. ) ;
#2787 = ORIENTED_EDGE ( 'NONE', *, *, #1323, .F. ) ;
#2788 = DIRECTION ( 'NONE',  ( 8.852889629938477100E-017, -0.5070201265633955700, 0.8619342151577684700 ) ) ;
#2789 = CARTESIAN_POINT ( 'NONE',  ( 7.847587114327061500, -29.37073510244947300, 5.290919047069896100 ) ) ;
#2790 = VERTEX_POINT ( 'NONE', #3730 ) ;
#2791 = EDGE_CURVE ( 'NONE', #1818, #741, #1354, .T. ) ;
#2792 = VECTOR ( 'NONE', #1778, 1000.000000000000000 ) ;
#2793 = CARTESIAN_POINT ( 'NONE',  ( -11.54857814225904800, -28.19814386161490900, 5.194427235542377700 ) ) ;
#2794 = ORIENTED_EDGE ( 'NONE', *, *, #337, .T. ) ;
#2795 = CARTESIAN_POINT ( 'NONE',  ( -12.79999999999999700, -24.50000000000000000, 2.079274057836308900 ) ) ;
#2796 = ORIENTED_EDGE ( 'NONE', *, *, #2914, .T. ) ;
#2797 = EDGE_CURVE ( 'NONE', #3200, #213, #928, .T. ) ;
#2798 = EDGE_CURVE ( 'NONE', #1578, #2522, #3242, .T. ) ;
#2799 = CARTESIAN_POINT ( 'NONE',  ( -4.342587916242732300, -29.61857096435914700, 5.471370085072195800 ) ) ;
#2800 = DIRECTION ( 'NONE',  ( 1.746062762822404500E-016, -1.000000000000000000, 0.0000000000000000000 ) ) ;
#2801 = CARTESIAN_POINT ( 'NONE',  ( -6.492683267796305600, -28.88762479532614700, 5.891097322002937500 ) ) ;
#2802 = CARTESIAN_POINT ( 'NONE',  ( 10.09826924622525500, -29.30563386371790100, 5.232763454621357700 ) ) ;
#2803 = ORIENTED_EDGE ( 'NONE', *, *, #2986, .T. ) ;
#2804 = CARTESIAN_POINT ( 'NONE',  ( -11.90049784158064000, -28.95810383227825500, 1.914508001527302400 ) ) ;
#2805 = DIRECTION ( 'NONE',  ( 0.9793341648660649500, -0.2022488406050505200, 0.0000000000000000000 ) ) ;
#2806 = DIRECTION ( 'NONE',  ( 0.0000000000000000000, 0.0000000000000000000, 1.000000000000000000 ) ) ;
#2807 = CARTESIAN_POINT ( 'NONE',  ( 7.274421074433377900, -29.26932949454183900, 5.397095242433865200 ) ) ;
#2808 = DIRECTION ( 'NONE',  ( -0.0000000000000000000, 0.0000000000000000000, -1.000000000000000000 ) ) ;
#2809 = CARTESIAN_POINT ( 'NONE',  ( 10.63516124130260300, -28.81474917370436000, 5.232763454621357700 ) ) ;
#2810 = CARTESIAN_POINT ( 'NONE',  ( 14.40000000000000000, -3.499999999999994700, 0.5000000000000000000 ) ) ;
#2811 = EDGE_CURVE ( 'NONE', #1761, #3121, #624, .T. ) ;
#2812 = ORIENTED_EDGE ( 'NONE', *, *, #1601, .F. ) ;
#2813 = ADVANCED_FACE ( 'NONE', ( #18 ), #1645, .F. ) ;
#2814 = B_SPLINE_CURVE_WITH_KNOTS ( 'NONE', 3,
 ( #3721, #2234, #3125, #1326 ),
 .UNSPECIFIED., .F., .F.,
 ( 4, 4 ),
 ( 1.632945251168847400E-016, 0.002364033661079070200 ),
 .UNSPECIFIED. ) ;
#2815 = CARTESIAN_POINT ( 'NONE',  ( -12.34430531191033600, -26.91947333899057100, 4.756628845879413700 ) ) ;
#2816 = ORIENTED_EDGE ( 'NONE', *, *, #2368, .F. ) ;
#2817 = CARTESIAN_POINT ( 'NONE',  ( -14.40000000000000000, -3.500000000000000000, 0.5000000000000000000 ) ) ;
#2818 = ORIENTED_EDGE ( 'NONE', *, *, #759, .T. ) ;
#2819 = ORIENTED_EDGE ( 'NONE', *, *, #1967, .T. ) ;
#2820 = CARTESIAN_POINT ( 'NONE',  ( -11.39641163734419700, -31.38420748798082400, 1.960884405125925100 ) ) ;
#2821 = CARTESIAN_POINT ( 'NONE',  ( -10.32212504307052300, -29.19951177557292600, 5.232763454621357700 ) ) ;
#2822 = DIRECTION ( 'NONE',  ( -0.0000000000000000000, 1.000000000000000000, -0.0000000000000000000 ) ) ;
#2823 = EDGE_CURVE ( 'NONE', #572, #3020, #817, .T. ) ;
#2824 = CYLINDRICAL_SURFACE ( 'NONE', #2024, 1.599999999999999900 ) ;
#2825 = EDGE_CURVE ( 'NONE', #3020, #3823, #3146, .T. ) ;
#2826 = DIRECTION ( 'NONE',  ( 1.000000000000000000, 0.0000000000000000000, 0.0000000000000000000 ) ) ;
#2827 = CARTESIAN_POINT ( 'NONE',  ( -10.79999999999999500, -19.87011593068662000, 5.997252970812619200 ) ) ;
#2828 = CIRCLE ( 'NONE', #1013, 1.100000000000000300 ) ;
#2829 = LINE ( 'NONE', #3818, #391 ) ;
#2830 = CIRCLE ( 'NONE', #3281, 1.100000000000000300 ) ;
#2831 = ADVANCED_FACE ( 'NONE', ( #3054 ), #1451, .F. ) ;
#2832 = DIRECTION ( 'NONE',  ( -1.483201647578492200E-016, 0.8494549446670444100, 0.5276611573545171300 ) ) ;
#2833 = CARTESIAN_POINT ( 'NONE',  ( 7.074398775454781700, -28.86696788257365000, 5.721198531963863400 ) ) ;
#2834 = ORIENTED_EDGE ( 'NONE', *, *, #1711, .F. ) ;
#2835 = VECTOR ( 'NONE', #1302, 1000.000000000000000 ) ;
#2836 = ORIENTED_EDGE ( 'NONE', *, *, #3181, .F. ) ;
#2837 = AXIS2_PLACEMENT_3D ( 'NONE', #170, #2319, #475 ) ;
#2838 = ORIENTED_EDGE ( 'NONE', *, *, #707, .T. ) ;
#2839 = CARTESIAN_POINT ( 'NONE',  ( -7.071179578963299400, -28.94156126672809700, 5.648062964530796000 ) ) ;
#2840 = CARTESIAN_POINT ( 'NONE',  ( 10.00000000000000500, -30.53994963621359900, 2.724255548266325100 ) ) ;
#2841 =( BOUNDED_SURFACE ( )  B_SPLINE_SURFACE ( 3, 2, ( 
 ( #535, #1459, #2955 ),
 ( #1151, #3847, #1757 ),
 ( #3249, #1443, #2361 ),
 ( #221, #2943, #3568 ),
 ( #2059, #815, #523 ),
 ( #2655, #3534, #1105 ),
 ( #3223, #2050, #203 ),
 ( #1175, #871, #2699 ),
 ( #3013, #2715, #1205 ),
 ( #893, #856, #3605 ),
 ( #1796, #3619, #1499 ),
 ( #3907, #1816, #268 ),
 ( #2116, #578, #2418 ),
 ( #1422, #1487, #564 ),
 ( #2397, #2350, #1535 ),
 ( #3029, #3671, #3349 ),
 ( #907, #1219, #298 ),
 ( #1436, #1739, #2326 ) ),
 .UNSPECIFIED., .F., .F., .T. ) 
 B_SPLINE_SURFACE_WITH_KNOTS ( ( 4, 2, 2, 2, 2, 2, 2, 2, 4 ),
 ( 3, 3 ),
 ( 0.05040496351395320300, 0.05188911760608498600, 0.05226015612911792700, 0.05263119465215087400, 0.05337327169821676200, 0.05411534874428265000, 0.05485742579034853800, 0.05559950283641443300, 0.05634157988248032100 ),
 ( 0.7942993954558671400, 1.000000000000000000 ),
 .UNSPECIFIED. ) 
 GEOMETRIC_REPRESENTATION_ITEM ( )  RATIONAL_B_SPLINE_SURFACE ( (
 ( 0.9858916745902606100, 0.9911190128744575800, 1.000000000000000000),
 ( 0.9867608244402043000, 0.9916661301547400300, 1.000000000000000000),
 ( 0.9875094570804923100, 0.9921373835917758300, 1.000000000000000000),
 ( 0.9881737538518508000, 0.9925555488171045000, 1.000000000000000000),
 ( 0.9882927386752153900, 0.9926304480453082000, 1.000000000000000000),
 ( 0.9884975569731202500, 0.9927593782063259800, 1.000000000000000000),
 ( 0.9885838776499520400, 0.9928137158259474600, 1.000000000000000000),
 ( 0.9887925048451643400, 0.9929450436328209900, 1.000000000000000000),
 ( 0.9888642796241451400, 0.9929902248197836100, 1.000000000000000000),
 ( 0.9888664687664232600, 0.9929916028532370700, 1.000000000000000000),
 ( 0.9887961990739123600, 0.9929473690964743000, 1.000000000000000000),
 ( 0.9885169836877729700, 0.9927716070426839700, 1.000000000000000000),
 ( 0.9883106269434787100, 0.9926417084518788200, 1.000000000000000000),
 ( 0.9877858736751820000, 0.9923113838467622100, 1.000000000000000000),
 ( 0.9874675339243264000, 0.9921109935703269500, 1.000000000000000000),
 ( 0.9867404633716203600, 0.9916533131560740800, 1.000000000000000000),
 ( 0.9863302036974774800, 0.9913950606152248700, 1.000000000000000000),
 ( 0.9858911534227978700, 0.9911186848070652200, 1.000000000000000000) ) ) 
 REPRESENTATION_ITEM ( '' )  SURFACE ( )  );
#2842 = ORIENTED_EDGE ( 'NONE', *, *, #253, .T. ) ;
#2843 = CARTESIAN_POINT ( 'NONE',  ( 14.68087062662009300, -30.61993871305901400, 0.0000000000000000000 ) ) ;
#2844 = EDGE_LOOP ( 'NONE', ( #2535, #3126, #2578, #3109 ) ) ;
#2845 = ORIENTED_EDGE ( 'NONE', *, *, #231, .F. ) ;
#2846 = VERTEX_POINT ( 'NONE', #1074 ) ;
#2847 = EDGE_LOOP ( 'NONE', ( #3437, #2842, #2851, #3504 ) ) ;
#2848 = CARTESIAN_POINT ( 'NONE',  ( -18.73201513087678500, -31.38420748798082700, 7.589415207398531000E-016 ) ) ;
#2849 = CARTESIAN_POINT ( 'NONE',  ( 15.60188973407468500, -25.58655118133415800, 2.122159702554752900 ) ) ;
#2850 = CARTESIAN_POINT ( 'NONE',  ( 7.031055185837296100, -28.73416048456572000, 5.891499953858555300 ) ) ;
#2851 = ORIENTED_EDGE ( 'NONE', *, *, #2003, .T. ) ;
#2852 = ADVANCED_FACE ( 'NONE', ( #3848 ), #1393, .F. ) ;
#2853 = CARTESIAN_POINT ( 'NONE',  ( -7.043014533827532700, -28.74805519332669900, 5.869411386634516800 ) ) ;
#2854 = PRODUCT_DEFINITION_CONTEXT ( 'detailed design', #3366, 'design' ) ;
#2855 = DIRECTION ( 'NONE',  ( -1.000000000000000000, -1.746062762822404500E-016, 0.0000000000000000000 ) ) ;
#2856 = CARTESIAN_POINT ( 'NONE',  ( 11.27946691443444900, -30.76748227334333700, 3.467079187848254800 ) ) ;
#2857 = CARTESIAN_POINT ( 'NONE',  ( -13.19999999999999400, -21.00000000000002500, 4.100000000000005000 ) ) ;
#2858 = CARTESIAN_POINT ( 'NONE',  ( 11.54666884055328200, -28.23225629310968900, 5.192860021973651800 ) ) ;
#2859 = DIRECTION ( 'NONE',  ( -0.0000000000000000000, 0.0000000000000000000, -1.000000000000000000 ) ) ;
#2860 = B_SPLINE_CURVE_WITH_KNOTS ( 'NONE', 3,
 ( #2349, #1124, #814, #2942, #1139, #3248, #1442, #3567, #1756, #3846 ),
 .UNSPECIFIED., .F., .F.,
 ( 4, 2, 2, 2, 4 ),
 ( 1.734723475976807100E-018, 0.0003127781133880683500, 0.0006255562267761349700, 0.0009383343401642015800, 0.001251112453552268200 ),
 .UNSPECIFIED. ) ;
#2861 = CARTESIAN_POINT ( 'NONE',  ( -1.268133579590607900, -30.08605106202386600, 5.212395087139412900 ) ) ;
#2862 = CARTESIAN_POINT ( 'NONE',  ( -7.133554411720267800, -28.64791488455025400, 5.966948815424318700 ) ) ;
#2863 = EDGE_CURVE ( 'NONE', #3556, #830, #625, .T. ) ;
#2864 = CARTESIAN_POINT ( 'NONE',  ( 11.60000000000000700, -29.78420748798082200, 3.193704550949334900 ) ) ;
#2865 = CARTESIAN_POINT ( 'NONE',  ( -12.79999999999999500, -20.30717967697248100, 4.500000000000005300 ) ) ;
#2866 = VECTOR ( 'NONE', #2163, 1000.000000000000000 ) ;
#2867 = DIRECTION ( 'NONE',  ( -0.0000000000000000000, -0.0000000000000000000, -1.000000000000000000 ) ) ;
#2868 = CARTESIAN_POINT ( 'NONE',  ( -3.867130189679851800, -29.73403919461169300, 5.406475470578264700 ) ) ;
#2869 = EDGE_CURVE ( 'NONE', #655, #86, #3855, .T. ) ;
#2870 = CYLINDRICAL_SURFACE ( 'NONE', #862, 0.2999999999999999300 ) ;
#2871 = CYLINDRICAL_SURFACE ( 'NONE', #918, 1.100000000000000300 ) ;
#2872 = VECTOR ( 'NONE', #3878, 1000.000000000000000 ) ;
#2873 = CARTESIAN_POINT ( 'NONE',  ( 2.571835358362200000, -30.16377770471344300, 4.841485341359127200 ) ) ;
#2874 = CARTESIAN_POINT ( 'NONE',  ( -7.498348373986983600, -28.44467356251626500, 6.090552862125824700 ) ) ;
#2875 = LINE ( 'NONE', #3024, #532 ) ;
#2876 = VECTOR ( 'NONE', #1593, 1000.000000000000000 ) ;
#2877 = CYLINDRICAL_SURFACE ( 'NONE', #3913, 0.7999999999999986000 ) ;
#2878 = MECHANICAL_DESIGN_GEOMETRIC_PRESENTATION_REPRESENTATION (  '', ( #2482 ), #3080 ) ;
#2879 = CARTESIAN_POINT ( 'NONE',  ( -11.07205685068705300, -27.90254751124841400, 5.312427851586600800 ) ) ;
#2880 = DIRECTION ( 'NONE',  ( 0.5000000000000053300, 0.0000000000000000000, 0.8660254037844356000 ) ) ;
#2881 = ORIENTED_EDGE ( 'NONE', *, *, #1169, .F. ) ;
#2882 = ORIENTED_EDGE ( 'NONE', *, *, #66, .F. ) ;
#2883 = VERTEX_POINT ( 'NONE', #3516 ) ;
#2884 = ORIENTED_EDGE ( 'NONE', *, *, #2144, .T. ) ;
#2885 = CARTESIAN_POINT ( 'NONE',  ( 5.230614660867330700, -30.00318518034024300, 4.941241588357082800 ) ) ;
#2886 = DIRECTION ( 'NONE',  ( 1.000000000000000000, 1.746062762822404200E-016, 0.0000000000000000000 ) ) ;
#2887 = CARTESIAN_POINT ( 'NONE',  ( -11.50884186590716100, -28.71044343872133800, 4.707447915734130500 ) ) ;
#2888 = ORIENTED_EDGE ( 'NONE', *, *, #965, .T. ) ;
#2889 = DIRECTION ( 'NONE',  ( -1.000000000000000000, -1.746062762822404500E-016, 1.232595164407830900E-032 ) ) ;
#2890 = CARTESIAN_POINT ( 'NONE',  ( -9.999999999999996400, -31.38420748798082700, 2.821537815316977700 ) ) ;
#2891 = ORIENTED_EDGE ( 'NONE', *, *, #2206, .F. ) ;
#2892 = CARTESIAN_POINT ( 'NONE',  ( 11.14571838555031600, -28.86152715749042800, 5.232763454621520300 ) ) ;
#2893 = CARTESIAN_POINT ( 'NONE',  ( -10.80000000000000100, 0.0000000000000000000, 8.000000000000000000 ) ) ;
#2894 = AXIS2_PLACEMENT_3D ( 'NONE', #1771, #3869, #2078 ) ;
#2895 = CARTESIAN_POINT ( 'NONE',  ( -14.80000000000000100, -24.50000000000000000, 2.079274057836309400 ) ) ;
#2896 = CARTESIAN_POINT ( 'NONE',  ( 11.66606671049697400, -28.11221653126495600, 4.635219664442037600 ) ) ;
#2897 = CARTESIAN_POINT ( 'NONE',  ( -1.098953790756926500, -29.40157747134074000, 6.598283818094584400 ) ) ;
#2898 = ORIENTED_EDGE ( 'NONE', *, *, #3633, .F. ) ;
#2899 = ADVANCED_FACE ( 'NONE', ( #1556 ), #1709, .F. ) ;
#2900 = CARTESIAN_POINT ( 'NONE',  ( -7.089940412826838000, -28.99828593150915500, 5.589313708559253700 ) ) ;
#2901 = ORIENTED_EDGE ( 'NONE', *, *, #1988, .T. ) ;
#2902 = CARTESIAN_POINT ( 'NONE',  ( 11.60000000000000700, -29.78420748798082600, 2.821537815313731800 ) ) ;
#2903 = AXIS2_PLACEMENT_3D ( 'NONE', #1809, #3899, #2107 ) ;
#2904 = ORIENTED_EDGE ( 'NONE', *, *, #1710, .F. ) ;
#2905 = EDGE_LOOP ( 'NONE', ( #1048, #1622, #1749, #492, #1231, #848, #1654, #3739 ) ) ;
#2906 = CARTESIAN_POINT ( 'NONE',  ( -12.79999999999999700, -24.50000000000000000, 2.000000000000004000 ) ) ;
#2907 = CARTESIAN_POINT ( 'NONE',  ( 11.66592193581056400, -28.11307451717921100, 4.634863033687603100 ) ) ;
#2908 = DIRECTION ( 'NONE',  ( -1.000000000000000000, 2.465678189210506200E-014, 0.0000000000000000000 ) ) ;
#2909 = CARTESIAN_POINT ( 'NONE',  ( 10.96568542494923900, -19.50000000000004600, 5.000000000000000000 ) ) ;
#2910 = VECTOR ( 'NONE', #41, 1000.000000000000000 ) ;
#2911 = CARTESIAN_POINT ( 'NONE',  ( 13.20000000000000500, 0.0000000000000000000, 4.499999999999997300 ) ) ;
#2912 = VECTOR ( 'NONE', #329, 1000.000000000000000 ) ;
#2913 = LINE ( 'NONE', #1719, #2029 ) ;
#2914 = EDGE_CURVE ( 'NONE', #3120, #544, #2266, .T. ) ;
#2915 = ADVANCED_FACE ( 'NONE', ( #2174 ), #172, .T. ) ;
#2916 = ORIENTED_EDGE ( 'NONE', *, *, #2144, .F. ) ;
#2917 = LINE ( 'NONE', #1670, #588 ) ;
#2918 = ORIENTED_EDGE ( 'NONE', *, *, #1100, .T. ) ;
#2919 = CARTESIAN_POINT ( 'NONE',  ( 13.29999999999999900, -3.499999999999994700, 0.5000000000000000000 ) ) ;
#2920 = CARTESIAN_POINT ( 'NONE',  ( 12.79659993370115800, -27.16581181071914800, 3.953919386221295800 ) ) ;
#2921 = ADVANCED_FACE ( 'NONE', ( #2956 ), #2870, .F. ) ;
#2922 = CARTESIAN_POINT ( 'NONE',  ( 12.27757976009869800, -26.01024299385892700, 6.032763454621348700 ) ) ;
#2923 = ORIENTED_EDGE ( 'NONE', *, *, #483, .F. ) ;
#2924 = CARTESIAN_POINT ( 'NONE',  ( 12.80000000000000200, -19.00000000000000000, -3.851859888774471700E-031 ) ) ;
#2925 = CARTESIAN_POINT ( 'NONE',  ( 11.32016882607260100, -31.38420748798082000, 0.9613593320909169500 ) ) ;
#2926 = CARTESIAN_POINT ( 'NONE',  ( -9.999999999999994700, -31.00633641386444200, 4.318107961075101600 ) ) ;
#2927 = ORIENTED_EDGE ( 'NONE', *, *, #1119, .F. ) ;
#2928 = EDGE_LOOP ( 'NONE', ( #1254, #1327, #1613, #645 ) ) ;
#2929 = ORIENTED_EDGE ( 'NONE', *, *, #2869, .F. ) ;
#2930 = CARTESIAN_POINT ( 'NONE',  ( 11.65588749443154600, -30.20550239467378300, 0.9441001945454677900 ) ) ;
#2931 = CARTESIAN_POINT ( 'NONE',  ( -14.23530173086345000, -27.90420820814402300, 1.850424319311199800 ) ) ;
#2932 = ORIENTED_EDGE ( 'NONE', *, *, #42, .F. ) ;
#2933 = EDGE_CURVE ( 'NONE', #1230, #400, #3159, .T. ) ;
#2934 = CARTESIAN_POINT ( 'NONE',  ( 10.98582514788124500, -28.09799526671552900, 5.279163430410774200 ) ) ;
#2935 = DIRECTION ( 'NONE',  ( -0.0000000000000000000, 1.000000000000000000, -0.0000000000000000000 ) ) ;
#2936 = CARTESIAN_POINT ( 'NONE',  ( 11.98447213549875700, -29.03699426006241400, 1.664222925742583600 ) ) ;
#2937 = CARTESIAN_POINT ( 'NONE',  ( -10.98327478536275600, -31.06367440241501800, 3.549427903530427500 ) ) ;
#2938 = ADVANCED_FACE ( 'NONE', ( #527 ), #1267, .T. ) ;
#2939 =( LENGTH_UNIT ( ) NAMED_UNIT ( * ) SI_UNIT ( .MILLI., .METRE. ) );
#2940 = EDGE_CURVE ( 'NONE', #2561, #1869, #3760, .T. ) ;
#2941 = CARTESIAN_POINT ( 'NONE',  ( -12.79999999999999500, -19.00000000000000000, 4.999999999999996400 ) ) ;
#2942 = CARTESIAN_POINT ( 'NONE',  ( 12.21845934580147900, -29.70380111101096800, -0.0000000000000000000 ) ) ;
#2943 = CARTESIAN_POINT ( 'NONE',  ( -2.998330264891392100, -29.70505349705926100, 5.743306179876576300 ) ) ;
#2944 = CARTESIAN_POINT ( 'NONE',  ( 12.03594741176661900, -26.67834100031403500, 5.481062956651093100 ) ) ;
#2945 = DIRECTION ( 'NONE',  ( 8.852889629938477100E-017, 0.5070201265633955700, -0.8619342151577684700 ) ) ;
#2946 = AXIS2_PLACEMENT_3D ( 'NONE', #2193, #342, #2489 ) ;
#2947 = CARTESIAN_POINT ( 'NONE',  ( 15.05761522309612100, -28.00739932234079200, 0.9363899520896991100 ) ) ;
#2948 = DIRECTION ( 'NONE',  ( -0.0000000000000000000, -0.0000000000000000000, -1.000000000000000000 ) ) ;
#2949 = CARTESIAN_POINT ( 'NONE',  ( -11.59999999999999600, -29.78420748798082600, 3.193704550949335800 ) ) ;
#2950 = MANIFOLD_SOLID_BREP ( 'Скругление9', #404 ) ;
#2951 = DIRECTION ( 'NONE',  ( 0.0000000000000000000, 0.0000000000000000000, -1.000000000000000000 ) ) ;
#2952 = LINE ( 'NONE', #3043, #1446 ) ;
#2953 = DIRECTION ( 'NONE',  ( -1.224646799147353200E-016, 1.000000000000000000, 0.0000000000000000000 ) ) ;
#2954 = CARTESIAN_POINT ( 'NONE',  ( -11.65991660565166800, -28.14869687980250400, 4.620067332785870600 ) ) ;
#2955 = CARTESIAN_POINT ( 'NONE',  ( -6.561904203872365400, -28.87678537350151900, 5.875554630997057400 ) ) ;
#2956 = FACE_OUTER_BOUND ( 'NONE', #1073, .T. ) ;
#2957 = CIRCLE ( 'NONE', #1826, 23.22830726092214000 ) ;
#2958 = FACE_OUTER_BOUND ( 'NONE', #313, .T. ) ;
#2959 = CARTESIAN_POINT ( 'NONE',  ( -7.181559833689435700, -29.22849292606259300, 5.422461945071763300 ) ) ;
#2960 = LINE ( 'NONE', #1188, #1366 ) ;
#2961 = DIRECTION ( 'NONE',  ( 1.000000000000000000, 0.0000000000000000000, 0.0000000000000000000 ) ) ;
#2962 = EDGE_CURVE ( 'NONE', #1869, #1470, #975, .T. ) ;
#2963 = LINE ( 'NONE', #1763, #824 ) ;
#2964 = VECTOR ( 'NONE', #1511, 1000.000000000000000 ) ;
#2965 = DIRECTION ( 'NONE',  ( 1.759079432684508100E-016, 0.8619342151577684700, 0.5070201265633955700 ) ) ;
#2966 = ORIENTED_EDGE ( 'NONE', *, *, #8, .T. ) ;
#2967 = EDGE_LOOP ( 'NONE', ( #1079, #1525, #3717, #2245 ) ) ;
#2968 = CARTESIAN_POINT ( 'NONE',  ( -11.58752899959794100, -28.48577058101963300, 4.636192618959388900 ) ) ;
#2969 = ORIENTED_EDGE ( 'NONE', *, *, #1245, .F. ) ;
#2970 = VERTEX_POINT ( 'NONE', #3564 ) ;
#2971 = DIRECTION ( 'NONE',  ( -1.000000000000000000, 0.0000000000000000000, 3.469446951953616700E-016 ) ) ;
#2972 = ORIENTED_EDGE ( 'NONE', *, *, #318, .F. ) ;
#2973 = VERTEX_POINT ( 'NONE', #2056 ) ;
#2974 = B_SPLINE_CURVE_WITH_KNOTS ( 'NONE', 3,
 ( #890, #1519, #3330, #1533 ),
 .UNSPECIFIED., .F., .F.,
 ( 4, 4 ),
 ( 0.0000000000000000000, 0.0001145970718153799100 ),
 .UNSPECIFIED. ) ;
#2975 = CARTESIAN_POINT ( 'NONE',  ( 7.377954358293972200, -28.53850130548825700, 6.011917280368669100 ) ) ;
#2976 = DIRECTION ( 'NONE',  ( 0.0000000000000000000, 0.0000000000000000000, 1.000000000000000000 ) ) ;
#2977 = CARTESIAN_POINT ( 'NONE',  ( -15.04930476772510900, -27.90517979129601400, -0.0000000000000000000 ) ) ;
#2978 = ORIENTED_EDGE ( 'NONE', *, *, #2750, .T. ) ;
#2979 = EDGE_LOOP ( 'NONE', ( #1865, #2191, #2287, #1677 ) ) ;
#2980 = CARTESIAN_POINT ( 'NONE',  ( -10.01481025735267800, -29.72776278960150300, 5.112327410354994900 ) ) ;
#2981 = ORIENTED_EDGE ( 'NONE', *, *, #1331, .T. ) ;
#2982 = AXIS2_PLACEMENT_3D ( 'NONE', #3901, #265, #2413 ) ;
#2983 = CARTESIAN_POINT ( 'NONE',  ( 7.127238191843742000, -28.64370673388167900, 5.976157757636077200 ) ) ;
#2984 = CARTESIAN_POINT ( 'NONE',  ( -11.60000000000134400, -30.30528118192731000, 4.753586755301652600 ) ) ;
#2985 = CARTESIAN_POINT ( 'NONE',  ( 3.316232486956942200, -25.20835647758646300, 5.218308137104039600 ) ) ;
#2986 = EDGE_CURVE ( 'NONE', #1383, #3544, #431, .T. ) ;
#2987 = CARTESIAN_POINT ( 'NONE',  ( -11.59999999999999600, -30.34672791059054500, 1.867565127102115600 ) ) ;
#2988 = CARTESIAN_POINT ( 'NONE',  ( 7.302103469513895100, -29.18077990436624300, 5.439519811099302200 ) ) ;
#2989 = CARTESIAN_POINT ( 'NONE',  ( -7.519897150698485100, -29.49636405327796100, 5.256066787923407100 ) ) ;
#2990 = ADVANCED_FACE ( 'NONE', ( #2073 ), #3189, .T. ) ;
#2991 = CARTESIAN_POINT ( 'NONE',  ( 7.181559833689884300, -29.22849292606241200, 5.422461945071873400 ) ) ;
#2992 = ORIENTED_EDGE ( 'NONE', *, *, #95, .F. ) ;
#2993 = EDGE_CURVE ( 'NONE', #1921, #3120, #61, .T. ) ;
#2994 = EDGE_CURVE ( 'NONE', #2476, #1569, #3289, .T. ) ;
#2995 = DIRECTION ( 'NONE',  ( -1.000000000000000000, 3.490804216304270900E-015, 2.168404344971023100E-015 ) ) ;
#2996 = ORIENTED_EDGE ( 'NONE', *, *, #1950, .F. ) ;
#2997 = CARTESIAN_POINT ( 'NONE',  ( 7.434739991192006200, -28.47606901482360400, 6.075716082402128600 ) ) ;
#2998 = VERTEX_POINT ( 'NONE', #2671 ) ;
#2999 = CARTESIAN_POINT ( 'NONE',  ( -7.353001849721359000, -29.23891666741781500, 5.401401582611099700 ) ) ;
#3000 = EDGE_CURVE ( 'NONE', #3523, #169, #864, .T. ) ;
#3001 = CARTESIAN_POINT ( 'NONE',  ( -15.61251491846790900, -25.58061225417552400, 2.112279717004404300 ) ) ;
#3002 = CARTESIAN_POINT ( 'NONE',  ( -7.337558349065579600, -29.31765294560535300, 5.367077866849467000 ) ) ;
#3003 = CARTESIAN_POINT ( 'NONE',  ( 7.113050775543974200, -28.64461254355741100, 5.980945991444008000 ) ) ;
#3004 = CARTESIAN_POINT ( 'NONE',  ( -6.711928831110717500, -28.80530192490029200, 5.922269760894559800 ) ) ;
#3005 = ADVANCED_FACE ( 'NONE', ( #3898 ), #1473, .F. ) ;
#3006 = CARTESIAN_POINT ( 'NONE',  ( 13.20000000000000300, -19.00000000000000000, 1.599999999999997200 ) ) ;
#3007 = TOROIDAL_SURFACE ( 'NONE', #3918, 0.1000000000000009100, 1.000000000000000000 ) ;
#3008 = CARTESIAN_POINT ( 'NONE',  ( -12.79999999999999500, -19.00000000000000000, 4.999999999999996400 ) ) ;
#3009 = CIRCLE ( 'NONE', #374, 0.2999999999999999300 ) ;
#3010 = FACE_OUTER_BOUND ( 'NONE', #3329, .T. ) ;
#3012 = CARTESIAN_POINT ( 'NONE',  ( 10.20947723540676000, -31.38420748798082000, 3.638544005313032700 ) ) ;
#3011 = CARTESIAN_POINT ( 'NONE',  ( 11.60000000000000700, -29.98656190733127500, -0.1841120852548724400 ) ) ;
#3013 = CARTESIAN_POINT ( 'NONE',  ( -0.5290829447763669700, -30.12902992027361600, 5.166243804256083600 ) ) ;
#3014 = CARTESIAN_POINT ( 'NONE',  ( 11.60000000000000700, -29.06016079829253600, 3.793530757813051500 ) ) ;
#3015 = EDGE_LOOP ( 'NONE', ( #1492, #77, #3115, #1839 ) ) ;
#3016 = FACE_OUTER_BOUND ( 'NONE', #2979, .T. ) ;
#3017 = ORIENTED_EDGE ( 'NONE', *, *, #3168, .T. ) ;
#3018 = EDGE_CURVE ( 'NONE', #169, #1017, #2499, .T. ) ;
#3019 = CARTESIAN_POINT ( 'NONE',  ( 11.07205368101457000, -27.90255469544352000, 5.312426628865526200 ) ) ;
#3020 = VERTEX_POINT ( 'NONE', #2067 ) ;
#3021 = EDGE_CURVE ( 'NONE', #1398, #3559, #826, .T. ) ;
#3022 = CARTESIAN_POINT ( 'NONE',  ( 7.143601244962743700, -28.62644562470724100, 5.993397626397047900 ) ) ;
#3023 = CARTESIAN_POINT ( 'NONE',  ( -14.49999999999999800, -24.50000000000000000, 2.000000000000004000 ) ) ;
#3024 = CARTESIAN_POINT ( 'NONE',  ( -12.79999999999999700, -19.00000000000000000, 1.600000000000003900 ) ) ;
#3025 = DIRECTION ( 'NONE',  ( 1.000000000000000000, 0.0000000000000000000, 1.355252715606880500E-016 ) ) ;
#3026 = ORIENTED_EDGE ( 'NONE', *, *, #1766, .T. ) ;
#3027 = ORIENTED_EDGE ( 'NONE', *, *, #1113, .F. ) ;
#3028 = CARTESIAN_POINT ( 'NONE',  ( -18.73201513087678500, -29.53387890807587000, 5.232763454621357700 ) ) ;
#3029 = CARTESIAN_POINT ( 'NONE',  ( 4.976014445380284800, -29.88621783401708100, 4.677502554092051000 ) ) ;
#3030 = CARTESIAN_POINT ( 'NONE',  ( 12.80000000000000600, -24.50000000000000000, 2.058823529411776900 ) ) ;
#3031 = CARTESIAN_POINT ( 'NONE',  ( -7.253726696120256000, -29.09663790792548700, 5.493115051249953100 ) ) ;
#3032 = DIRECTION ( 'NONE',  ( 0.0000000000000000000, 0.5276611573532938900, -0.8494549446678042500 ) ) ;
#3033 = VERTEX_POINT ( 'NONE', #244 ) ;
#3034 = CARTESIAN_POINT ( 'NONE',  ( -5.438747291335209500, -29.05184662299070200, 6.126371084268872600 ) ) ;
#3035 = CARTESIAN_POINT ( 'NONE',  ( -10.01527696272259900, -26.19197265728471500, 8.000000000000000000 ) ) ;
#3036 = DIRECTION ( 'NONE',  ( -1.759079432684508100E-016, 0.8619342151577684700, 0.5070201265633955700 ) ) ;
#3037 = CARTESIAN_POINT ( 'NONE',  ( 10.00000000000000500, -31.38420748798082000, 2.821537815313730000 ) ) ;
#3038 = CARTESIAN_POINT ( 'NONE',  ( 10.62588817265782700, -29.60385401834459900, 5.056946280894652400 ) ) ;
#3039 = CARTESIAN_POINT ( 'NONE',  ( -7.482591158312192900, -28.49417674846356600, 6.026182974147490200 ) ) ;
#3040 = DIRECTION ( 'NONE',  ( -1.000000000000000000, 0.0000000000000000000, 0.0000000000000000000 ) ) ;
#3041 =( BOUNDED_SURFACE ( )  B_SPLINE_SURFACE ( 3, 2, ( 
 ( #1498, #1485, #1814 ),
 ( #3905, #2114, #267 ),
 ( #2416, #576, #2713 ),
 ( #891, #3011, #1203 ) ),
 .UNSPECIFIED., .F., .F., .T. ) 
 B_SPLINE_SURFACE_WITH_KNOTS ( ( 4, 4 ),
 ( 3, 3 ),
 ( 0.0000000000000000000, 0.005324408585789523800 ),
 ( 0.0000000000000000000, 1.000000000000000000 ),
 .UNSPECIFIED. ) 
 GEOMETRIC_REPRESENTATION_ITEM ( )  RATIONAL_B_SPLINE_SURFACE ( (
 ( 1.000000000000000000, 0.8707991617201177300, 1.000000000000000000),
 ( 1.000000000000000000, 0.8597273744037800000, 1.000000000000000000),
 ( 1.000000000000000000, 0.8464895126506216700, 1.000000000000000000),
 ( 1.000000000000000000, 0.8309504806551397700, 1.000000000000000000) ) ) 
 REPRESENTATION_ITEM ( '' )  SURFACE ( )  );
#3042 = CARTESIAN_POINT ( 'NONE',  ( -7.227230461755477000, -28.60297652323890800, 5.988983803989509800 ) ) ;
#3043 = CARTESIAN_POINT ( 'NONE',  ( -10.80000000000000100, -6.152526382431309600E-032, 5.399999999999996800 ) ) ;
#3044 = CARTESIAN_POINT ( 'NONE',  ( -14.40000000000000000, -3.500000000000000000, 0.0000000000000000000 ) ) ;
#3045 = ORIENTED_EDGE ( 'NONE', *, *, #3554, .F. ) ;
#3046 = CARTESIAN_POINT ( 'NONE',  ( -4.900825705483238300, -30.10971644208155200, 4.875066908678349800 ) ) ;
#3047 = DIRECTION ( 'NONE',  ( 1.746062762822404500E-016, -1.000000000000000000, 2.366356300935116200E-032 ) ) ;
#3048 = CARTESIAN_POINT ( 'NONE',  ( 10.00000000000000500, -29.78420748798082200, 7.589415207398531000E-016 ) ) ;
#3049 = CARTESIAN_POINT ( 'NONE',  ( -6.941576594701066600, -24.28573053433657200, 5.352935774361295500 ) ) ;
#3050 = LINE ( 'NONE', #2445, #524 ) ;
#3051 = DIRECTION ( 'NONE',  ( 1.000000000000000000, 0.0000000000000000000, 0.0000000000000000000 ) ) ;
#3052 = DIRECTION ( 'NONE',  ( 0.0000000000000000000, 0.0000000000000000000, -1.000000000000000000 ) ) ;
#3053 = DIRECTION ( 'NONE',  ( -1.355252715606880500E-016, 0.0000000000000000000, 1.000000000000000000 ) ) ;
#3054 = FACE_OUTER_BOUND ( 'NONE', #2847, .T. ) ;
#3055 = DIRECTION ( 'NONE',  ( 0.0000000000000000000, 0.0000000000000000000, -1.000000000000000000 ) ) ;
#3056 = CARTESIAN_POINT ( 'NONE',  ( -10.18067368423236000, -29.73074042564365300, 5.110477773844128700 ) ) ;
#3057 = FACE_OUTER_BOUND ( 'NONE', #1866, .T. ) ;
#3058 = AXIS2_PLACEMENT_3D ( 'NONE', #1155, #3269, #1466 ) ;
#3059 = DIRECTION ( 'NONE',  ( -6.938893903907228400E-016, 0.0000000000000000000, -1.000000000000000000 ) ) ;
#3060 = LINE ( 'NONE', #2924, #3856 ) ;
#3061 = EDGE_CURVE ( 'NONE', #355, #3066, #2399, .T. ) ;
#3062 = CARTESIAN_POINT ( 'NONE',  ( 12.80000000000000400, -19.00000000000000000, 1.599999999999997200 ) ) ;
#3063 = ORIENTED_EDGE ( 'NONE', *, *, #1038, .F. ) ;
#3064 = CARTESIAN_POINT ( 'NONE',  ( -10.95725783906327600, -28.16491321447376700, 5.268210104573881800 ) ) ;
#3065 = CARTESIAN_POINT ( 'NONE',  ( -12.15724517669941900, -29.19219220592997000, 1.147352535364156900 ) ) ;
#3066 = VERTEX_POINT ( 'NONE', #2391 ) ;
#3067 = EDGE_CURVE ( 'NONE', #2526, #1229, #2307, .T. ) ;
#3068 = EDGE_LOOP ( 'NONE', ( #3652, #3824, #1417 ) ) ;
#3069 = CARTESIAN_POINT ( 'NONE',  ( -14.40000000000000000, -3.500000000000000000, 0.5000000000000000000 ) ) ;
#3070 = ORIENTED_EDGE ( 'NONE', *, *, #693, .F. ) ;
#3071 = ORIENTED_EDGE ( 'NONE', *, *, #2986, .F. ) ;
#3072 = CARTESIAN_POINT ( 'NONE',  ( -11.55935313908318200, -28.02611321230871900, 5.201222058754523500 ) ) ;
#3073 = CARTESIAN_POINT ( 'NONE',  ( -10.63516124130603800, -28.81474917370414700, 5.232763454621357700 ) ) ;
#3074 = ORIENTED_EDGE ( 'NONE', *, *, #2797, .T. ) ;
#3075 = B_SPLINE_CURVE_WITH_KNOTS ( 'NONE', 3,
 ( #3135, #385, #3750, #1958, #108, #2255 ),
 .UNSPECIFIED., .F., .F.,
 ( 4, 2, 4 ),
 ( 9.989614175174628700E-017, 0.002310877247551572400, 0.004621754495103045000 ),
 .UNSPECIFIED. ) ;
#3076 = ORIENTED_EDGE ( 'NONE', *, *, #1508, .T. ) ;
#3077 = DIRECTION ( 'NONE',  ( 1.483201647578492200E-016, -0.8494549446670444100, -0.5276611573545171300 ) ) ;
#3078 = CARTESIAN_POINT ( 'NONE',  ( -9.260102355883159200, -29.72776278960150600, 5.112327410354991400 ) ) ;
#3079 = CARTESIAN_POINT ( 'NONE',  ( 9.260102355883164500, -29.30563386371788700, 5.232763454621357700 ) ) ;
#3080 =( GEOMETRIC_REPRESENTATION_CONTEXT ( 3 ) GLOBAL_UNCERTAINTY_ASSIGNED_CONTEXT ( ( #1365 ) ) GLOBAL_UNIT_ASSIGNED_CONTEXT ( ( #317, #2456, #618 ) ) REPRESENTATION_CONTEXT ( 'NONE', 'WORKASPACE' ) );
#3081 = EDGE_LOOP ( 'NONE', ( #2665, #3210, #873, #3074, #1917, #3700, #1813, #3774, #3302, #2414, #1104, #498 ) ) ;
#3082 = DIRECTION ( 'NONE',  ( -0.0000000000000000000, 1.000000000000000000, -0.0000000000000000000 ) ) ;
#3083 = CARTESIAN_POINT ( 'NONE',  ( 14.40000000000000000, -3.499999999999994700, 0.5000000000000000000 ) ) ;
#3084 = AXIS2_PLACEMENT_3D ( 'NONE', #3138, #1347, #3455 ) ;
#3085 = CARTESIAN_POINT ( 'NONE',  ( -6.837801482178646100, -28.99540165110922600, 5.567252687281270000 ) ) ;
#3086 = CARTESIAN_POINT ( 'NONE',  ( -12.03592663762064600, -26.67840673200795400, 5.481015790812663500 ) ) ;
#3087 = DIRECTION ( 'NONE',  ( 0.0000000000000000000, 0.0000000000000000000, 1.000000000000000000 ) ) ;
#3088 = CARTESIAN_POINT ( 'NONE',  ( -13.17855158692302600, -26.95908185732473300, 3.779545968643322200 ) ) ;
#3089 = VERTEX_POINT ( 'NONE', #3614 ) ;
#3090 = CARTESIAN_POINT ( 'NONE',  ( 7.776819096810419800, -29.58733019788271100, 5.199560787877653700 ) ) ;
#3091 = CARTESIAN_POINT ( 'NONE',  ( -11.66592193581028500, -28.11307451718036500, 4.634863033687548900 ) ) ;
#3092 = CARTESIAN_POINT ( 'NONE',  ( 12.43310238247170400, -28.19829461669031200, 2.801244714894337100 ) ) ;
#3093 = ORIENTED_EDGE ( 'NONE', *, *, #3679, .T. ) ;
#3094 = EDGE_LOOP ( 'NONE', ( #263, #2092, #167, #3093 ) ) ;
#3095 = CARTESIAN_POINT ( 'NONE',  ( -4.590428252674319900, -30.18308603004494000, 4.829491470048629300 ) ) ;
#3096 = B_SPLINE_CURVE_WITH_KNOTS ( 'NONE', 3,
 ( #2644, #1412, #1128, #3237 ),
 .UNSPECIFIED., .F., .F.,
 ( 4, 4 ),
 ( 0.0000000000000000000, 1.410484798559873300E-006 ),
 .UNSPECIFIED. ) ;
#3097 = FACE_OUTER_BOUND ( 'NONE', #428, .T. ) ;
#3098 = CARTESIAN_POINT ( 'NONE',  ( -14.49999999999999800, 0.0000000000000000000, 4.100000000000005000 ) ) ;
#3099 = CARTESIAN_POINT ( 'NONE',  ( 7.302103469515208700, -29.18077990436851000, 5.439519811097855300 ) ) ;
#3100 = VECTOR ( 'NONE', #3881, 1000.000000000000100 ) ;
#3101 = PRESENTATION_STYLE_ASSIGNMENT (( #2162 ) ) ;
#3102 = DIRECTION ( 'NONE',  ( 0.0000000000000000000, 1.000000000000000000, -0.0000000000000000000 ) ) ;
#3103 = CARTESIAN_POINT ( 'NONE',  ( 11.14571838554617000, -28.86152715748955800, 5.232763454621356800 ) ) ;
#3104 = DIRECTION ( 'NONE',  ( 1.000000000000000000, 0.0000000000000000000, 0.0000000000000000000 ) ) ;
#3105 = FACE_OUTER_BOUND ( 'NONE', #3081, .T. ) ;
#3106 = LINE ( 'NONE', #433, #3814 ) ;
#3107 = PLANE ( 'NONE',  #425 ) ;
#3108 = CARTESIAN_POINT ( 'NONE',  ( -11.66138924367598100, -27.65697578211942400, 5.295449937753860000 ) ) ;
#3109 = ORIENTED_EDGE ( 'NONE', *, *, #3810, .T. ) ;
#3110 = VECTOR ( 'NONE', #2832, 1000.000000000000000 ) ;
#3111 = ORIENTED_EDGE ( 'NONE', *, *, #3067, .T. ) ;
#3112 = AXIS2_PLACEMENT_3D ( 'NONE', #628, #2765, #952 ) ;
#3113 = DIRECTION ( 'NONE',  ( -1.000000000000000000, 0.0000000000000000000, 0.0000000000000000000 ) ) ;
#3114 = DIRECTION ( 'NONE',  ( 1.000000000000000000, 0.0000000000000000000, 0.0000000000000000000 ) ) ;
#3115 = ORIENTED_EDGE ( 'NONE', *, *, #600, .T. ) ;
#3116 = FACE_OUTER_BOUND ( 'NONE', #2616, .T. ) ;
#3117 = CARTESIAN_POINT ( 'NONE',  ( -11.65470040175835100, -30.20379994478643900, 0.9550616540927328000 ) ) ;
#3118 = CARTESIAN_POINT ( 'NONE',  ( -10.09826924622454800, -29.30563386371810000, 5.232763454621355900 ) ) ;
#3119 = CARTESIAN_POINT ( 'NONE',  ( 7.181559833691308000, -29.22849292606624500, 5.422461945069492200 ) ) ;
#3120 = VERTEX_POINT ( 'NONE', #3296 ) ;
#3121 = VERTEX_POINT ( 'NONE', #2409 ) ;
#3122 = VERTEX_POINT ( 'NONE', #573 ) ;
#3123 = EDGE_CURVE ( 'NONE', #1420, #1761, #124, .T. ) ;
#3124 = ADVANCED_FACE ( 'NONE', ( #2075 ), #851, .F. ) ;
#3125 = CARTESIAN_POINT ( 'NONE',  ( -12.31290059725791200, -26.47206291726267600, 5.395139599606393300 ) ) ;
#3126 = ORIENTED_EDGE ( 'NONE', *, *, #614, .T. ) ;
#3127 = CARTESIAN_POINT ( 'NONE',  ( -10.80000000000000100, 0.0000000000000000000, 8.000000000000000000 ) ) ;
#3128 = DIRECTION ( 'NONE',  ( -0.0000000000000000000, 0.0000000000000000000, -1.000000000000000000 ) ) ;
#3129 = CARTESIAN_POINT ( 'NONE',  ( -14.40000000000000000, -3.500000000000000000, 1.500000000000000000 ) ) ;
#3130 = CARTESIAN_POINT ( 'NONE',  ( 10.00000000000000500, -30.30528118192231400, 4.753586755304754200 ) ) ;
#3131 = CARTESIAN_POINT ( 'NONE',  ( 7.069355980401362600, -28.78585873627688200, 5.813692447922068900 ) ) ;
#3132 = CARTESIAN_POINT ( 'NONE',  ( -7.141867839376978100, -28.91465504638721700, 5.656883710758389600 ) ) ;
#3133 = DIRECTION ( 'NONE',  ( 1.746062762822404500E-016, -1.000000000000000000, 2.366356300935116200E-032 ) ) ;
#3134 = EDGE_CURVE ( 'NONE', #1514, #3492, #3764, .T. ) ;
#3135 = CARTESIAN_POINT ( 'NONE',  ( -12.57319642167556900, -29.48359221476549800, 0.0000000000000000000 ) ) ;
#3136 = ORIENTED_EDGE ( 'NONE', *, *, #2122, .T. ) ;
#3137 = ADVANCED_FACE ( 'NONE', ( #1500 ), #2877, .T. ) ;
#3138 = CARTESIAN_POINT ( 'NONE',  ( -10.69996191312705100, -28.66657949763620600, 4.432763454620273400 ) ) ;
#3139 = CARTESIAN_POINT ( 'NONE',  ( 16.77231366662417500, -24.96630100692857800, 0.8974413143090580500 ) ) ;
#3140 = CARTESIAN_POINT ( 'NONE',  ( 7.059346330950396500, -28.69768419418893000, 5.929370287638940700 ) ) ;
#3141 = B_SPLINE_CURVE_WITH_KNOTS ( 'NONE', 3,
 ( #1390, #1377, #154, #2303, #459, #2604, #770, #2900, #1085, #3197 ),
 .UNSPECIFIED., .F., .F.,
 ( 4, 2, 2, 2, 4 ),
 ( 1.239962697190345500E-015, 0.0001129830994749650800, 0.0002259661989486902000, 0.0004519323978961317800, 0.0009038647957910170600 ),
 .UNSPECIFIED. ) ;
#3142 = LINE ( 'NONE', #336, #1551 ) ;
#3143 = EDGE_CURVE ( 'NONE', #3735, #3462, #2185, .T. ) ;
#3144 = CARTESIAN_POINT ( 'NONE',  ( -7.030834273435204700, -28.73500350844639000, 5.890476029796169600 ) ) ;
#3145 = CARTESIAN_POINT ( 'NONE',  ( -10.94381680823673400, -28.19810472565051300, 5.263518355992474100 ) ) ;
#3146 = LINE ( 'NONE', #1680, #725 ) ;
#3147 = CARTESIAN_POINT ( 'NONE',  ( 11.27946691443436400, -30.53526283628305300, 3.884703002044597800 ) ) ;
#3148 = CARTESIAN_POINT ( 'NONE',  ( 11.60000000000000700, -29.78420748798082200, 3.193704550949335400 ) ) ;
#3149 = FACE_OUTER_BOUND ( 'NONE', #1087, .T. ) ;
#3150 = VECTOR ( 'NONE', #2460, 1000.000000000000000 ) ;
#3151 = AXIS2_PLACEMENT_3D ( 'NONE', #3367, #319, #2759 ) ;
#3152 = CARTESIAN_POINT ( 'NONE',  ( 10.95716164911047100, -28.16515075190610100, 5.268176527581705000 ) ) ;
#3153 = CARTESIAN_POINT ( 'NONE',  ( 7.960204194457797400E-016, -6.500000000000002700, 8.000000000000000000 ) ) ;
#3154 = VECTOR ( 'NONE', #2889, 1000.000000000000000 ) ;
#3155 = EDGE_LOOP ( 'NONE', ( #1726, #1762, #3251, #3359 ) ) ;
#3156 = ORIENTED_EDGE ( 'NONE', *, *, #2533, .F. ) ;
#3157 = CARTESIAN_POINT ( 'NONE',  ( -1.337931450838366000, -30.70043067134516300, 4.508129314358742900 ) ) ;
#3158 = CARTESIAN_POINT ( 'NONE',  ( -7.156866283587391700, -28.62773198385353300, 5.985953958950417200 ) ) ;
#3159 = B_SPLINE_CURVE_WITH_KNOTS ( 'NONE', 3,
 ( #2902, #802, #2930, #1116 ),
 .UNSPECIFIED., .F., .F.,
 ( 4, 4 ),
 ( 4.336808689942017700E-018, 0.002886756716965389300 ),
 .UNSPECIFIED. ) ;
#3160 = ORIENTED_EDGE ( 'NONE', *, *, #438, .T. ) ;
#3161 = PLANE ( 'NONE',  #257 ) ;
#3162 = ORIENTED_EDGE ( 'NONE', *, *, #3408, .F. ) ;
#3163 = EDGE_LOOP ( 'NONE', ( #2597, #3164, #3608, #646 ) ) ;
#3164 = ORIENTED_EDGE ( 'NONE', *, *, #2201, .T. ) ;
#3165 = ORIENTED_EDGE ( 'NONE', *, *, #3554, .T. ) ;
#3166 = CARTESIAN_POINT ( 'NONE',  ( 12.37346822383213900, -27.36946644482891200, 4.100932156715124700 ) ) ;
#3167 = CARTESIAN_POINT ( 'NONE',  ( -2.228415886251426900, -29.99878705316068300, 5.260032520991450700 ) ) ;
#3168 = EDGE_CURVE ( 'NONE', #3643, #448, #3370, .T. ) ;
#3169 = ORIENTED_EDGE ( 'NONE', *, *, #816, .F. ) ;
#3170 = AXIS2_PLACEMENT_3D ( 'NONE', #2528, #697, #2826 ) ;
#3171 = CARTESIAN_POINT ( 'NONE',  ( 3.127269114715170300, -29.87680612222593600, 5.326928232401998600 ) ) ;
#3172 = CARTESIAN_POINT ( 'NONE',  ( -7.524440047338879700, -28.47956065235068800, 6.026830902018035700 ) ) ;
#3173 = DIRECTION ( 'NONE',  ( -0.0000000000000000000, -0.8660254037844366000, -0.5000000000000035500 ) ) ;
#3174 = CARTESIAN_POINT ( 'NONE',  ( 10.00000000000000700, -29.78420748798081900, 2.821537815313730000 ) ) ;
#3175 = ORIENTED_EDGE ( 'NONE', *, *, #896, .F. ) ;
#3176 = AXIS2_PLACEMENT_3D ( 'NONE', #3785, #451, #2592 ) ;
#3177 = CARTESIAN_POINT ( 'NONE',  ( 5.377849089718346000, -29.54704310217129400, 5.224586171134099300 ) ) ;
#3178 = DIRECTION ( 'NONE',  ( -1.000000000000000000, 0.0000000000000000000, -0.0000000000000000000 ) ) ;
#3179 = AXIS2_PLACEMENT_3D ( 'NONE', #292, #2438, #604 ) ;
#3180 = CARTESIAN_POINT ( 'NONE',  ( 7.776819111116941100, -29.58733016245976800, 5.199560809881542200 ) ) ;
#3181 = EDGE_CURVE ( 'NONE', #1121, #3407, #2668, .T. ) ;
#3182 = CARTESIAN_POINT ( 'NONE',  ( 13.20000000000000100, -24.50000000000000000, 1.999999999999997100 ) ) ;
#3183 = B_SPLINE_CURVE_WITH_KNOTS ( 'NONE', 3,
 ( #2922, #2023, #3225, #1425, #3536, #1728, #3832, #2036 ),
 .UNSPECIFIED., .F., .F.,
 ( 4, 2, 2, 4 ),
 ( -9.835676457522063800E-006, 0.001296153707974532500, 0.001949148400190559900, 0.002602143092406587100 ),
 .UNSPECIFIED. ) ;
#3184 = LINE ( 'NONE', #2795, #2305 ) ;
#3185 = EDGE_CURVE ( 'NONE', #3089, #2536, #3687, .T. ) ;
#3186 = EDGE_CURVE ( 'NONE', #1991, #1234, #2083, .T. ) ;
#3187 = ADVANCED_FACE ( 'NONE', ( #1982 ), #324, .F. ) ;
#3188 = LINE ( 'NONE', #1765, #973 ) ;
#3189 = CONICAL_SURFACE ( 'NONE', #2106, 7.092522711888084300, 0.5235987755983053700 ) ;
#3190 = CARTESIAN_POINT ( 'NONE',  ( -12.57319642167556900, -29.48359221476549800, 0.0000000000000000000 ) ) ;
#3191 = CARTESIAN_POINT ( 'NONE',  ( 11.66599430102275800, -28.11264552444429300, 4.635041304398973800 ) ) ;
#3192 = LINE ( 'NONE', #2431, #3902 ) ;
#3193 = CARTESIAN_POINT ( 'NONE',  ( 2.189108235619205500, -29.35675891408925900, 6.539642834294962600 ) ) ;
#3194 = CYLINDRICAL_SURFACE ( 'NONE', #1905, 0.2999999999999999300 ) ;
#3195 = LINE ( 'NONE', #3757, #2315 ) ;
#3196 = DIRECTION ( 'NONE',  ( 1.000000000000000000, 0.0000000000000000000, -0.0000000000000000000 ) ) ;
#3197 = CARTESIAN_POINT ( 'NONE',  ( -7.181559833689435700, -29.22849292606259300, 5.422461945071763300 ) ) ;
#3198 = CARTESIAN_POINT ( 'NONE',  ( -11.59999999999999600, -29.67964335254767900, 3.014177530358066500 ) ) ;
#3199 = LINE ( 'NONE', #80, #2411 ) ;
#3200 = VERTEX_POINT ( 'NONE', #3035 ) ;
#3201 = EDGE_CURVE ( 'NONE', #1309, #1675, #1369, .T. ) ;
#3202 = CARTESIAN_POINT ( 'NONE',  ( -11.59999999999999600, -29.78420748797872300, 2.821537815316977700 ) ) ;
#3203 = ORIENTED_EDGE ( 'NONE', *, *, #1950, .T. ) ;
#3204 = ORIENTED_EDGE ( 'NONE', *, *, #458, .F. ) ;
#3205 = AXIS2_PLACEMENT_3D ( 'NONE', #485, #2627, #799 ) ;
#3206 = LINE ( 'NONE', #1301, #79 ) ;
#3207 = CARTESIAN_POINT ( 'NONE',  ( -10.23065965438763800, -31.38420748798082700, 7.589415207398531000E-016 ) ) ;
#3208 = CARTESIAN_POINT ( 'NONE',  ( -15.95819680107937400, -28.14453180575469900, -0.1455085492458007000 ) ) ;
#3209 = CARTESIAN_POINT ( 'NONE',  ( -7.143601244970105000, -28.62644562470214300, 5.993397626401541200 ) ) ;
#3210 = ORIENTED_EDGE ( 'NONE', *, *, #3143, .T. ) ;
#3211 = DIRECTION ( 'NONE',  ( -2.551063935260020900E-015, 0.0000000000000000000, 1.000000000000000000 ) ) ;
#3212 = ORIENTED_EDGE ( 'NONE', *, *, #998, .F. ) ;
#3213 = ADVANCED_FACE ( 'NONE', ( #3491 ), #1900, .F. ) ;
#3214 = CARTESIAN_POINT ( 'NONE',  ( 10.80000000000000400, -18.82000000000005000, 5.400000000000000400 ) ) ;
#3215 = VERTEX_POINT ( 'NONE', #2480 ) ;
#3216 = DIRECTION ( 'NONE',  ( 0.0000000000000000000, 0.0000000000000000000, 1.000000000000000000 ) ) ;
#3217 = B_SPLINE_CURVE_WITH_KNOTS ( 'NONE', 3,
 ( #1433, #3837, #2048, #199, #2347, #514, #2652, #813 ),
 .UNSPECIFIED., .F., .F.,
 ( 4, 2, 2, 4 ),
 ( 3.427560745014176600E-016, 0.0004764857432562724100, 0.0009529714865122019900, 0.001905942973024055500 ),
 .UNSPECIFIED. ) ;
#3218 = EDGE_CURVE ( 'NONE', #1462, #1961, #1969, .T. ) ;
#3219 = ORIENTED_EDGE ( 'NONE', *, *, #772, .T. ) ;
#3220 = ADVANCED_FACE ( 'NONE', ( #1170 ), #3402, .T. ) ;
#3221 = DIRECTION ( 'NONE',  ( 0.0000000000000000000, 0.0000000000000000000, -1.000000000000000000 ) ) ;
#3222 = EDGE_CURVE ( 'NONE', #405, #3707, #1259, .T. ) ;
#3223 = CARTESIAN_POINT ( 'NONE',  ( -1.810128912083459400, -30.09694142882530000, 5.103173772787395800 ) ) ;
#3224 = CARTESIAN_POINT ( 'NONE',  ( 12.37192176684233400, -27.82280985393907400, 3.589892200418522100 ) ) ;
#3225 = CARTESIAN_POINT ( 'NONE',  ( 12.04317640102244100, -26.65698435885647700, 5.497499764678639000 ) ) ;
#3226 = CARTESIAN_POINT ( 'NONE',  ( 16.46191200671074400, -26.39933869486459600, -0.0000000000000000000 ) ) ;
#3227 = CARTESIAN_POINT ( 'NONE',  ( 10.26842549258135600, -31.38420748798082000, -0.2476073946830354400 ) ) ;
#3228 = CARTESIAN_POINT ( 'NONE',  ( -10.20947723540665600, -31.00633641384015200, 4.318107961090188200 ) ) ;
#3229 = DIRECTION ( 'NONE',  ( 0.0000000000000000000, 0.0000000000000000000, 1.000000000000000000 ) ) ;
#3230 = ORIENTED_EDGE ( 'NONE', *, *, #3565, .F. ) ;
#3231 = VERTEX_POINT ( 'NONE', #2775 ) ;
#3232 = CARTESIAN_POINT ( 'NONE',  ( 14.49999999999999800, 0.0000000000000000000, 4.100000000000000500 ) ) ;
#3233 = CARTESIAN_POINT ( 'NONE',  ( 3.316232486956942200, -25.20835647758646300, 5.218308137104039600 ) ) ;
#3234 = ADVANCED_FACE ( 'NONE', ( #2781 ), #528, .T. ) ;
#3235 = CARTESIAN_POINT ( 'NONE',  ( 11.55935239834380600, -28.02612503641129400, 5.201221591765825100 ) ) ;
#3236 = LINE ( 'NONE', #325, #190 ) ;
#3237 = CARTESIAN_POINT ( 'NONE',  ( -11.66606671049692200, -28.11221653126520400, 4.635219664441940800 ) ) ;
#3238 = CARTESIAN_POINT ( 'NONE',  ( 14.85367530347860100, -26.01248718704441400, 2.745411992606555400 ) ) ;
#3239 = DIRECTION ( 'NONE',  ( 0.0000000000000000000, 0.0000000000000000000, 1.000000000000000000 ) ) ;
#3240 = CARTESIAN_POINT ( 'NONE',  ( -11.34030559198606300, -30.68715577468192600, 3.695788329949985400 ) ) ;
#3241 = B_SPLINE_CURVE_WITH_KNOTS ( 'NONE', 3,
 ( #937, #2613, #1843, #2021, #1125, #3519, #2170, #2432, #283, #2132 ),
 .UNSPECIFIED., .F., .F.,
 ( 4, 2, 2, 2, 4 ),
 ( 0.0000000000000000000, 0.0004765460075868135000, 0.0009530920151736270100, 0.001429638022760440500, 0.001906184030347254000 ),
 .UNSPECIFIED. ) ;
#3242 = CIRCLE ( 'NONE', #2190, 0.3999999999999999700 ) ;
#3243 =( NAMED_UNIT ( * ) SI_UNIT ( $, .STERADIAN. ) SOLID_ANGLE_UNIT ( ) );
#3244 = LINE ( 'NONE', #202, #3345 ) ;
#3245 = FACE_OUTER_BOUND ( 'NONE', #3596, .T. ) ;
#3246 = PLANE ( 'NONE',  #1373 ) ;
#3247 = LINE ( 'NONE', #1983, #3154 ) ;
#3248 = CARTESIAN_POINT ( 'NONE',  ( 11.99622143850505500, -29.92834950760592200, -0.0000000000000000000 ) ) ;
#3249 = CARTESIAN_POINT ( 'NONE',  ( -4.068795450124640400, -29.97403355079723800, 4.858037603766329800 ) ) ;
#3250 = CARTESIAN_POINT ( 'NONE',  ( 11.79261830097085500, -26.70424601903199500, 5.709453681448828800 ) ) ;
#3251 = ORIENTED_EDGE ( 'NONE', *, *, #1342, .F. ) ;
#3252 = CARTESIAN_POINT ( 'NONE',  ( -10.01481025735176400, -29.30563386371789000, 5.232763454621357700 ) ) ;
#3253 = CARTESIAN_POINT ( 'NONE',  ( 12.95385131315700500, -29.78269887377848900, -1.231022122533325100 ) ) ;
#3254 = DIRECTION ( 'NONE',  ( -0.0000000000000000000, 1.000000000000000000, -0.0000000000000000000 ) ) ;
#3255 = CARTESIAN_POINT ( 'NONE',  ( -11.59999999999999600, -29.78420748798082600, 3.193704550949335800 ) ) ;
#3256 = ORIENTED_EDGE ( 'NONE', *, *, #902, .F. ) ;
#3257 = ORIENTED_EDGE ( 'NONE', *, *, #2156, .F. ) ;
#3258 = ORIENTED_EDGE ( 'NONE', *, *, #3801, .F. ) ;
#3259 = EDGE_LOOP ( 'NONE', ( #156, #833, #1303, #2881, #2659 ) ) ;
#3260 = EDGE_LOOP ( 'NONE', ( #3911, #2972, #2611, #3598 ) ) ;
#3261 = CARTESIAN_POINT ( 'NONE',  ( 6.800000000000003400, -19.87011593068661600, 0.0000000000000000000 ) ) ;
#3262 = AXIS2_PLACEMENT_3D ( 'NONE', #3573, #2663, #3239 ) ;
#3263 = CARTESIAN_POINT ( 'NONE',  ( -10.97100207493517500, -28.13218583952547600, 5.273327675441518800 ) ) ;
#3264 = CARTESIAN_POINT ( 'NONE',  ( -11.59999999999999600, -29.78420748797872300, 2.821537815316977700 ) ) ;
#3265 = EDGE_LOOP ( 'NONE', ( #3872, #3718, #1123 ) ) ;
#3266 = EDGE_CURVE ( 'NONE', #754, #3459, #243, .T. ) ;
#3267 = CARTESIAN_POINT ( 'NONE',  ( 14.80000000000000100, 0.0000000000000000000, 3.799999999999998000 ) ) ;
#3268 = B_SPLINE_CURVE_WITH_KNOTS ( 'NONE', 3,
 ( #606, #1217, #2149, #921, #3039, #1235, #3347, #1544, #3661, #1859, #11, #2160, #315 ),
 .UNSPECIFIED., .F., .F.,
 ( 4, 3, 3, 3, 4 ),
 ( -5.913175257852409700E-005, 0.0000000000000000000, 0.0001413582445535521200, 0.0003583820063476996300, 0.0004125969021688422800 ),
 .UNSPECIFIED. ) ;
#3269 = DIRECTION ( 'NONE',  ( -1.000000000000000000, 0.0000000000000000000, 0.0000000000000000000 ) ) ;
#3270 = CARTESIAN_POINT ( 'NONE',  ( -11.19999999999999900, -6.984251051289624200E-017, 5.399999999999996800 ) ) ;
#3271 = EDGE_CURVE ( 'NONE', #718, #3618, #1793, .T. ) ;
#3272 = CARTESIAN_POINT ( 'NONE',  ( 11.66606671049696900, -28.11221653126498400, 4.635219664442038500 ) ) ;
#3273 = ORIENTED_EDGE ( 'NONE', *, *, #541, .T. ) ;
#3274 = CARTESIAN_POINT ( 'NONE',  ( 10.69996191312541500, -28.66657949763685700, 5.232763454621357700 ) ) ;
#3275 = DIRECTION ( 'NONE',  ( 4.786815902396819700E-015, -0.5839501271453982900, -0.8117895349207660000 ) ) ;
#3276 = DIRECTION ( 'NONE',  ( -1.000000000000000000, -0.0000000000000000000, -0.0000000000000000000 ) ) ;
#3277 = AXIS2_PLACEMENT_3D ( 'NONE', #3129, #1920, #1018 ) ;
#3278 = CARTESIAN_POINT ( 'NONE',  ( 7.176789062843356600, -28.62452647303866400, 5.980985182739074100 ) ) ;
#3279 = DIRECTION ( 'NONE',  ( 0.0000000000000000000, -1.000000000000000000, 0.0000000000000000000 ) ) ;
#3280 = CARTESIAN_POINT ( 'NONE',  ( -15.90013674508003500, -27.09674730441630100, -0.0000000000000000000 ) ) ;
#3281 = AXIS2_PLACEMENT_3D ( 'NONE', #3870, #2081, #230 ) ;
#3282 = CARTESIAN_POINT ( 'NONE',  ( -10.29168644767454000, -29.73273349740270900, 5.109239725189882900 ) ) ;
#3283 = CYLINDRICAL_SURFACE ( 'NONE', #837, 1.100000000000000300 ) ;
#3284 = ADVANCED_FACE ( 'NONE', ( #983 ), #1318, .F. ) ;
#3285 = CARTESIAN_POINT ( 'NONE',  ( 7.165246423799065000, -28.63203874069996500, 5.975455544406982800 ) ) ;
#3286 = CARTESIAN_POINT ( 'NONE',  ( -11.59999999999999800, -29.46102333015937100, 3.394458843833238100 ) ) ;
#3287 = CARTESIAN_POINT ( 'NONE',  ( 14.70317494544345200, -24.50000000000000000, 2.079274057836305800 ) ) ;
#3288 = LINE ( 'NONE', #1690, #2498 ) ;
#3289 = LINE ( 'NONE', #529, #147 ) ;
#3290 = CARTESIAN_POINT ( 'NONE',  ( -12.50758212203802200, -29.03662347639623000, 1.247742496597035600 ) ) ;
#3291 = CARTESIAN_POINT ( 'NONE',  ( -17.50137142655966500, -24.62782332962043000, 0.0000000000000000000 ) ) ;
#3292 = CARTESIAN_POINT ( 'NONE',  ( -7.960952316213300700, -29.62556917176510000, 5.175807649066109100 ) ) ;
#3293 = VECTOR ( 'NONE', #1830, 1000.000000000000000 ) ;
#3294 = CIRCLE ( 'NONE', #3297, 0.7999999999999998200 ) ;
#3295 = VECTOR ( 'NONE', #1007, 1000.000000000000000 ) ;
#3296 = CARTESIAN_POINT ( 'NONE',  ( 13.20000000000000600, 0.0000000000000000000, 4.099999999999997000 ) ) ;
#3297 = AXIS2_PLACEMENT_3D ( 'NONE', #1523, #3632, #1835 ) ;
#3298 = ORIENTED_EDGE ( 'NONE', *, *, #1510, .T. ) ;
#3299 = CARTESIAN_POINT ( 'NONE',  ( -6.799999999999998000, -19.87011593068661600, 8.000000000000000000 ) ) ;
#3300 = CARTESIAN_POINT ( 'NONE',  ( 7.512041384294810200, -28.46350563052032000, 6.059718370896997700 ) ) ;
#3301 = ORIENTED_EDGE ( 'NONE', *, *, #1047, .F. ) ;
#3302 = ORIENTED_EDGE ( 'NONE', *, *, #2137, .T. ) ;
#3304 = CARTESIAN_POINT ( 'NONE',  ( 11.66584961494165500, -28.11350350945777500, 4.634684852307912300 ) ) ;
#3303 = CARTESIAN_POINT ( 'NONE',  ( -7.302103469516900700, -29.18077990437147700, 5.439519811095969700 ) ) ;
#3305 = FACE_OUTER_BOUND ( 'NONE', #216, .T. ) ;
#3306 = CARTESIAN_POINT ( 'NONE',  ( 11.60000000000000900, -29.46102333015507600, 3.394458843837476500 ) ) ;
#3307 = CARTESIAN_POINT ( 'NONE',  ( -14.32428047503394100, -26.31935837367649700, 3.143215458845396400 ) ) ;
#3308 = CARTESIAN_POINT ( 'NONE',  ( -7.526976058499999800, -29.31643144256984700, 5.343925170585333900 ) ) ;
#3309 = ADVANCED_FACE ( 'NONE', ( #869 ), #1695, .F. ) ;
#3310 = CARTESIAN_POINT ( 'NONE',  ( -18.73201513087678500, -31.38420748798082700, 4.083383459733599200 ) ) ;
#3311 = ORIENTED_EDGE ( 'NONE', *, *, #3134, .T. ) ;
#3312 = VERTEX_POINT ( 'NONE', #2530 ) ;
#3313 = CARTESIAN_POINT ( 'NONE',  ( 12.80000000000000600, -19.00000000000000000, 5.000000000000000000 ) ) ;
#3314 = ORIENTED_EDGE ( 'NONE', *, *, #1510, .F. ) ;
#3315 = EDGE_LOOP ( 'NONE', ( #2653, #320 ) ) ;
#3316 = AXIS2_PLACEMENT_3D ( 'NONE', #1860, #12, #594 ) ;
#3317 = CARTESIAN_POINT ( 'NONE',  ( 2.210821657971303800, -25.40430096404673300, 5.174810728514803100 ) ) ;
#3318 = DIRECTION ( 'NONE',  ( 1.000000000000000000, 0.0000000000000000000, 1.355252715606880500E-016 ) ) ;
#3319 = CARTESIAN_POINT ( 'NONE',  ( 10.20947723540682100, -31.00633641384081300, 4.318107961089776100 ) ) ;
#3320 = DIRECTION ( 'NONE',  ( -1.759079432684508100E-016, 0.8619342151577684700, 0.5070201265633955700 ) ) ;
#3321 = CARTESIAN_POINT ( 'NONE',  ( 10.00000000369716300, -29.78006672464273300, 5.079837453034337500 ) ) ;
#3322 = CARTESIAN_POINT ( 'NONE',  ( -12.79999999999999500, -19.00000000000000000, 4.500000000000004400 ) ) ;
#3323 = CARTESIAN_POINT ( 'NONE',  ( 9.260102355883164500, -29.30563386371789000, 4.432763454621355200 ) ) ;
#3324 = EDGE_CURVE ( 'NONE', #2741, #741, #153, .T. ) ;
#3325 = DIRECTION ( 'NONE',  ( 0.0000000000000000000, 0.0000000000000000000, -1.000000000000000000 ) ) ;
#3326 = ORIENTED_EDGE ( 'NONE', *, *, #370, .F. ) ;
#3327 = DIRECTION ( 'NONE',  ( -0.0000000000000000000, -1.000000000000000000, -0.0000000000000000000 ) ) ;
#3328 = CARTESIAN_POINT ( 'NONE',  ( 10.01481025735269600, -29.53387890807586700, 5.232763454621358600 ) ) ;
#3329 = EDGE_LOOP ( 'NONE', ( #3381, #3815, #988 ) ) ;
#3330 = CARTESIAN_POINT ( 'NONE',  ( 11.65434297037118900, -28.18347285725720000, 4.606227020436445100 ) ) ;
#3331 = VERTEX_POINT ( 'NONE', #702 ) ;
#3332 = DIRECTION ( 'NONE',  ( 0.0000000000000000000, 0.0000000000000000000, -1.000000000000000000 ) ) ;
#3333 = CARTESIAN_POINT ( 'NONE',  ( -12.80000000000000400, -19.50000000000004600, 5.000000000000000000 ) ) ;
#3334 = DIRECTION ( 'NONE',  ( -1.000000000000000000, 0.0000000000000000000, 0.0000000000000000000 ) ) ;
#3335 = PLANE ( 'NONE',  #2072 ) ;
#3336 = B_SPLINE_CURVE_WITH_KNOTS ( 'NONE', 3,
 ( #277, #2124, #2725, #903 ),
 .UNSPECIFIED., .F., .F.,
 ( 4, 4 ),
 ( 7.514076434179792600E-017, 0.0001145970718322993500 ),
 .UNSPECIFIED. ) ;
#3337 = CARTESIAN_POINT ( 'NONE',  ( 7.581595916785432500, -28.45617593212421400, 6.032763454621344200 ) ) ;
#3338 = DIRECTION ( 'NONE',  ( -1.000000000000000000, 0.0000000000000000000, -0.0000000000000000000 ) ) ;
#3339 = CARTESIAN_POINT ( 'NONE',  ( 7.302103469513895100, -29.18077990436624300, 5.439519811099302200 ) ) ;
#3340 = CARTESIAN_POINT ( 'NONE',  ( 4.906315288048669600, -30.10807482079675200, 4.876086644677903000 ) ) ;
#3341 = EDGE_CURVE ( 'NONE', #1462, #1912, #67, .T. ) ;
#3342 = CARTESIAN_POINT ( 'NONE',  ( 11.66393653065525400, -28.11809686635878700, 4.639449606167040100 ) ) ;
#3343 = LINE ( 'NONE', #1517, #3445 ) ;
#3344 = CARTESIAN_POINT ( 'NONE',  ( 10.32270403927160100, -29.19910189424813400, 5.232763454621357700 ) ) ;
#3345 = VECTOR ( 'NONE', #2087, 1000.000000000000100 ) ;
#3346 = VECTOR ( 'NONE', #583, 1000.000000000000000 ) ;
#3347 = CARTESIAN_POINT ( 'NONE',  ( -7.394735349712712800, -28.52767726273585700, 6.019849948498084300 ) ) ;
#3348 = CARTESIAN_POINT ( 'NONE',  ( 9.260102355883164500, -29.30563386371789000, 5.232763454621357700 ) ) ;
#3349 = CARTESIAN_POINT ( 'NONE',  ( 5.561732696267457100, -29.02606996327033800, 6.087717195701348900 ) ) ;
#3350 = ORIENTED_EDGE ( 'NONE', *, *, #1800, .T. ) ;
#3351 = FACE_OUTER_BOUND ( 'NONE', #1097, .T. ) ;
#3352 = CARTESIAN_POINT ( 'NONE',  ( -7.479950640622623900, -28.49774001592724600, 6.022178389555305600 ) ) ;
#3353 = DIRECTION ( 'NONE',  ( -1.000000000000000000, 0.0000000000000000000, 0.0000000000000000000 ) ) ;
#3354 = ORIENTED_EDGE ( 'NONE', *, *, #2587, .T. ) ;
#3355 = EDGE_CURVE ( 'NONE', #1909, #3830, #3766, .T. ) ;
#3356 = CARTESIAN_POINT ( 'NONE',  ( -6.640264618260030000, -29.49887216162952800, 5.254508810818359500 ) ) ;
#3357 = CARTESIAN_POINT ( 'NONE',  ( 12.80000000000000600, -20.30717967697248100, 4.499999999999997300 ) ) ;
#3358 = ORIENTED_EDGE ( 'NONE', *, *, #3475, .T. ) ;
#3359 = ORIENTED_EDGE ( 'NONE', *, *, #68, .T. ) ;
#3360 = ORIENTED_EDGE ( 'NONE', *, *, #1119, .T. ) ;
#3361 = ORIENTED_EDGE ( 'NONE', *, *, #1107, .T. ) ;
#3362 = EDGE_LOOP ( 'NONE', ( #1200, #1005, #1571, #2812 ) ) ;
#3363 = CARTESIAN_POINT ( 'NONE',  ( 10.29168644767460700, -29.73273349740247400, 5.109239725189819800 ) ) ;
#3364 = CARTESIAN_POINT ( 'NONE',  ( -3.316232486956949300, -25.20835647758646700, 5.218308137104039600 ) ) ;
#3365 = AXIS2_PLACEMENT_3D ( 'NONE', #3069, #651, #2783 ) ;
#3366 = APPLICATION_CONTEXT ( 'automotive_design' ) ;
#3367 = CARTESIAN_POINT ( 'NONE',  ( -29.86248267878166000, -23.60597559902927900, -2.000000000000001800 ) ) ;
#3368 = ORIENTED_EDGE ( 'NONE', *, *, #114, .T. ) ;
#3369 = CARTESIAN_POINT ( 'NONE',  ( -10.26901822535336700, -29.50975265271924600, 5.232763454621357700 ) ) ;
#3370 = B_SPLINE_CURVE_WITH_KNOTS ( 'NONE', 3,
 ( #3022, #900, #2141, #289, #2436, #601 ),
 .UNSPECIFIED., .F., .F.,
 ( 4, 2, 4 ),
 ( 4.724224073326179700E-016, 0.0002357947472549699000, 0.0004715894945094674100 ),
 .UNSPECIFIED. ) ;
#3371 = CARTESIAN_POINT ( 'NONE',  ( -11.19999999999999900, 0.0000000000000000000, 4.999999999999996400 ) ) ;
#3372 = CARTESIAN_POINT ( 'NONE',  ( -14.49999999999999800, -21.00000000000002100, 4.100000000000005000 ) ) ;
#3373 = DIRECTION ( 'NONE',  ( 1.224646799147353200E-016, 1.000000000000000000, 0.0000000000000000000 ) ) ;
#3374 = CARTESIAN_POINT ( 'NONE',  ( 11.60000000000000500, -30.72146578818387000, 3.454285470253598800 ) ) ;
#3375 = CARTESIAN_POINT ( 'NONE',  ( -15.28421357563302000, -25.76679876670758800, 2.392977106294676700 ) ) ;
#3376 = EDGE_CURVE ( 'NONE', #2471, #3521, #1610, .T. ) ;
#3377 = CARTESIAN_POINT ( 'NONE',  ( 11.49580972957324400, -28.73029333890118100, 4.715142372437569000 ) ) ;
#3378 = DIRECTION ( 'NONE',  ( -0.0000000000000000000, -0.0000000000000000000, 1.000000000000000000 ) ) ;
#3379 = CARTESIAN_POINT ( 'NONE',  ( -11.15513194097413100, -27.74545422432465400, 5.351872425890899600 ) ) ;
#3380 = CARTESIAN_POINT ( 'NONE',  ( -11.23087814487633900, -29.13382371057148400, 4.871563901278616300 ) ) ;
#3381 = ORIENTED_EDGE ( 'NONE', *, *, #270, .F. ) ;
#3382 = CARTESIAN_POINT ( 'NONE',  ( -12.79818738797672900, -27.16505777274400300, 3.953384541399636000 ) ) ;
#3383 = CARTESIAN_POINT ( 'NONE',  ( -11.59999999999999600, -29.78420748798082600, 3.193704550949335800 ) ) ;
#3384 = CARTESIAN_POINT ( 'NONE',  ( 7.302103469513895100, -29.18077990436624300, 5.439519811099302200 ) ) ;
#3385 = CARTESIAN_POINT ( 'NONE',  ( 8.904581511164632700, -29.34898773254357000, 5.232763454621357700 ) ) ;
#3386 = CARTESIAN_POINT ( 'NONE',  ( -11.54860183360586100, -28.19773814265859000, 5.194443860536865500 ) ) ;
#3387 = DIRECTION ( 'NONE',  ( 1.000000000000000000, 0.0000000000000000000, 0.0000000000000000000 ) ) ;
#3388 = FACE_OUTER_BOUND ( 'NONE', #1265, .T. ) ;
#3389 = AXIS2_PLACEMENT_3D ( 'NONE', #2893, #1692, #3798 ) ;
#3390 = CARTESIAN_POINT ( 'NONE',  ( -6.103372633998093400, -29.06893526227490200, 5.785220481218352100 ) ) ;
#3391 = VECTOR ( 'NONE', #809, 1000.000000000000000 ) ;
#3392 = CARTESIAN_POINT ( 'NONE',  ( 10.00000000000005000, -31.38420748798082000, 1.874739763566848600 ) ) ;
#3393 = CARTESIAN_POINT ( 'NONE',  ( -12.09428097281431400, -26.34752668588533800, 5.808175498816443600 ) ) ;
#3394 = B_SPLINE_CURVE_WITH_KNOTS ( 'NONE', 3,
 ( #2279, #1667, #119, #430, #2575, #747, #2879, #1058 ),
 .UNSPECIFIED., .F., .F.,
 ( 4, 2, 2, 4 ),
 ( -9.488246366603205900E-006, 0.001279539131725910900, 0.001924052820772173400, 0.002568566509818436200 ),
 .UNSPECIFIED. ) ;
#3395 = LINE ( 'NONE', #1845, #976 ) ;
#3396 = CARTESIAN_POINT ( 'NONE',  ( 12.80000000000000600, -22.62122355624805800, 3.163986143383569400 ) ) ;
#3397 = AXIS2_PLACEMENT_3D ( 'NONE', #3006, #1827, #886 ) ;
#3398 = VECTOR ( 'NONE', #644, 1000.000000000000000 ) ;
#3399 = CARTESIAN_POINT ( 'NONE',  ( 12.80000000000000600, -24.50000000000000000, 1.999999999999996200 ) ) ;
#3400 = CARTESIAN_POINT ( 'NONE',  ( 7.562665670413036200, -29.41989294095400700, 5.303568819533679400 ) ) ;
#3401 = LINE ( 'NONE', #1994, #152 ) ;
#3402 = CYLINDRICAL_SURFACE ( 'NONE', #1210, 1.600000000000000100 ) ;
#3403 = EDGE_CURVE ( 'NONE', #2998, #3454, #3075, .T. ) ;
#3404 = CARTESIAN_POINT ( 'NONE',  ( -10.98546873367346200, -28.09880325373382000, 5.279025981601070500 ) ) ;
#3405 = CARTESIAN_POINT ( 'NONE',  ( 12.53561091799844900, -29.21062587361435800, 0.7220684052467334400 ) ) ;
#3406 = DIRECTION ( 'NONE',  ( -0.1986243503992700900, 0.9617835718552996100, 0.1884694360837586000 ) ) ;
#3407 = VERTEX_POINT ( 'NONE', #399 ) ;
#3408 = EDGE_CURVE ( 'NONE', #571, #888, #2377, .T. ) ;
#3409 = EDGE_LOOP ( 'NONE', ( #2608, #642, #992, #3203 ) ) ;
#3410 = EDGE_CURVE ( 'NONE', #2110, #1956, #3195, .T. ) ;
#3411 = ORIENTED_EDGE ( 'NONE', *, *, #3772, .T. ) ;
#3412 = CARTESIAN_POINT ( 'NONE',  ( -4.145699745870804700, -29.87941186526968500, 5.018126620447270100 ) ) ;
#3413 = DIRECTION ( 'NONE',  ( 7.116471824586151700E-015, -0.8494549446670441900, -0.5276611573545175700 ) ) ;
#3414 = FACE_OUTER_BOUND ( 'NONE', #33, .T. ) ;
#3415 = DIRECTION ( 'NONE',  ( -0.0000000000000000000, -0.0000000000000000000, -1.000000000000000000 ) ) ;
#3416 = ORIENTED_EDGE ( 'NONE', *, *, #2823, .T. ) ;
#3417 = ORIENTED_EDGE ( 'NONE', *, *, #2933, .T. ) ;
#3418 = CARTESIAN_POINT ( 'NONE',  ( 7.181559833691041600, -29.22849292606584700, 5.422461945069739100 ) ) ;
#3419 = ORIENTED_EDGE ( 'NONE', *, *, #3421, .T. ) ;
#3420 = DIRECTION ( 'NONE',  ( -1.000000000000000000, 0.0000000000000000000, 0.0000000000000000000 ) ) ;
#3421 = EDGE_CURVE ( 'NONE', #1494, #450, #1672, .T. ) ;
#3422 = ORIENTED_EDGE ( 'NONE', *, *, #2339, .F. ) ;
#3423 = AXIS2_PLACEMENT_3D ( 'NONE', #470, #3211, #1409 ) ;
#3424 = DIRECTION ( 'NONE',  ( 0.0000000000000000000, -0.0000000000000000000, -1.000000000000000000 ) ) ;
#3425 = DIRECTION ( 'NONE',  ( -1.000000000000000000, 0.0000000000000000000, -0.0000000000000000000 ) ) ;
#3426 = CARTESIAN_POINT ( 'NONE',  ( 7.910752616770254900, -29.37480291332852300, 5.284391099483389800 ) ) ;
#3427 = CARTESIAN_POINT ( 'NONE',  ( -10.79999999999999700, -23.64239687965819700, -1.760010483172795000 ) ) ;
#3428 = ORIENTED_EDGE ( 'NONE', *, *, #3827, .T. ) ;
#3429 = DIRECTION ( 'NONE',  ( 0.0000000000000000000, -1.000000000000000000, 0.0000000000000000000 ) ) ;
#3430 = ADVANCED_FACE ( 'NONE', ( #685 ), #2231, .F. ) ;
#3431 = CARTESIAN_POINT ( 'NONE',  ( -10.10947512437265800, -31.38420748798082700, 0.7647686960146358200 ) ) ;
#3432 = DIRECTION ( 'NONE',  ( -1.746062762822404500E-016, 1.000000000000000000, -0.0000000000000000000 ) ) ;
#3433 = CARTESIAN_POINT ( 'NONE',  ( 7.206309240542728900, -29.13212488173923700, 5.481684453339498800 ) ) ;
#3434 = EDGE_CURVE ( 'NONE', #405, #447, #3106, .T. ) ;
#3435 = ORIENTED_EDGE ( 'NONE', *, *, #3021, .T. ) ;
#3436 = EDGE_LOOP ( 'NONE', ( #100, #1530, #1153, #2237 ) ) ;
#3437 = ORIENTED_EDGE ( 'NONE', *, *, #3134, .F. ) ;
#3438 = EDGE_CURVE ( 'NONE', #2320, #1230, #1509, .T. ) ;
#3439 = DIRECTION ( 'NONE',  ( -0.1775745601198174800, -0.9715559103965179000, -0.1566728712057277000 ) ) ;
#3440 = LINE ( 'NONE', #1244, #105 ) ;
#3441 = AXIS2_PLACEMENT_3D ( 'NONE', #290, #2437, #602 ) ;
#3442 = DIRECTION ( 'NONE',  ( 0.0000000000000000000, 1.000000000000000000, -0.0000000000000000000 ) ) ;
#3443 = CARTESIAN_POINT ( 'NONE',  ( 10.00523184421685000, -29.92008221453222200, 4.992863169222725400 ) ) ;
#3444 = CARTESIAN_POINT ( 'NONE',  ( 7.030560070606205700, -28.79833916556148000, 5.811849977513709600 ) ) ;
#3445 = VECTOR ( 'NONE', #3318, 1000.000000000000000 ) ;
#3446 = FACE_OUTER_BOUND ( 'NONE', #1196, .T. ) ;
#3447 = VECTOR ( 'NONE', #2154, 1000.000000000000000 ) ;
#3448 = ADVANCED_FACE ( 'NONE', ( #1411 ), #963, .T. ) ;
#3449 = CARTESIAN_POINT ( 'NONE',  ( -7.074991569605316500, -28.86820740943326800, 5.719756459436544200 ) ) ;
#3450 = CARTESIAN_POINT ( 'NONE',  ( -11.44593888384815900, -28.47849570982082000, 5.195211055757178000 ) ) ;
#3451 = VERTEX_POINT ( 'NONE', #1059 ) ;
#3452 = LINE ( 'NONE', #1972, #1649 ) ;
#3453 = DIRECTION ( 'NONE',  ( -0.0000000000000000000, 0.0000000000000000000, -1.000000000000000000 ) ) ;
#3454 = VERTEX_POINT ( 'NONE', #3795 ) ;
#3455 = DIRECTION ( 'NONE',  ( -0.9162107622452270200, -0.4006966922074851100, 0.0000000000000000000 ) ) ;
#3456 = CARTESIAN_POINT ( 'NONE',  ( 17.50137142655966500, -24.62782332962043300, 0.0000000000000000000 ) ) ;
#3457 = CARTESIAN_POINT ( 'NONE',  ( 7.084989769604813900, -28.68025970386283800, 5.942627166243019200 ) ) ;
#3458 = VERTEX_POINT ( 'NONE', #2001 ) ;
#3459 = VERTEX_POINT ( 'NONE', #155 ) ;
#3460 = VERTEX_POINT ( 'NONE', #2304 ) ;
#3461 = ORIENTED_EDGE ( 'NONE', *, *, #2596, .T. ) ;
#3462 = VERTEX_POINT ( 'NONE', #2606 ) ;
#3463 = CARTESIAN_POINT ( 'NONE',  ( -7.055869409543460000, -28.72996495801655900, 5.887429438306202000 ) ) ;
#3464 = B_SPLINE_CURVE_WITH_KNOTS ( 'NONE', 3,
 ( #2226, #81, #2524, #688, #2821, #1010, #3118, #1321 ),
 .UNSPECIFIED., .F., .F.,
 ( 4, 2, 2, 4 ),
 ( 6.000262812947671600E-016, 0.0004932593812448162200, 0.0007398890718669260200, 0.0009865187624890359200 ),
 .UNSPECIFIED. ) ;
#3465 = ORIENTED_EDGE ( 'NONE', *, *, #2750, .F. ) ;
#3466 = CARTESIAN_POINT ( 'NONE',  ( 14.49999999999999800, -24.50000000000000000, 4.100000000000000500 ) ) ;
#3467 = CARTESIAN_POINT ( 'NONE',  ( 11.43970045869553700, -30.51340317046590700, 3.599173312876341700 ) ) ;
#3468 = CARTESIAN_POINT ( 'NONE',  ( 11.65429286831158300, -28.18380529506507800, 4.606100847003315100 ) ) ;
#3469 = DIRECTION ( 'NONE',  ( 1.000000000000000000, 0.0000000000000000000, 0.0000000000000000000 ) ) ;
#3470 = CARTESIAN_POINT ( 'NONE',  ( -0.6529642530824687500, -30.31574023189155700, 4.747089842848032100 ) ) ;
#3471 = CARTESIAN_POINT ( 'NONE',  ( -7.241995338023439600, -28.57148943869217900, 6.028152241416405500 ) ) ;
#3472 = AXIS2_PLACEMENT_3D ( 'NONE', #2676, #846, #2976 ) ;
#3473 =( BOUNDED_SURFACE ( )  B_SPLINE_SURFACE ( 3, 2, ( 
 ( #3306, #3908, #894 ),
 ( #3014, #1206, #3321 ),
 ( #1521, #3631, #1833 ),
 ( #3926, #2133, #284 ) ),
 .UNSPECIFIED., .F., .F., .T. ) 
 B_SPLINE_SURFACE_WITH_KNOTS ( ( 4, 4 ),
 ( 3, 3 ),
 ( 0.0000000000000000000, 0.001852997233997053800 ),
 ( 0.0000000000000000000, 1.000000000000000000 ),
 .UNSPECIFIED. ) 
 GEOMETRIC_REPRESENTATION_ITEM ( )  RATIONAL_B_SPLINE_SURFACE ( (
 ( 1.000000000000000000, 0.7071067811865450200, 1.000000000000000000),
 ( 1.000000000000000000, 0.7352699748302351500, 1.000000000000000000),
 ( 1.000000000000000000, 0.7607339828615545800, 1.000000000000000000),
 ( 1.000000000000000000, 0.7835281344577846900, 1.000000000000000000) ) ) 
 REPRESENTATION_ITEM ( '' )  SURFACE ( )  );
#3474 = DIRECTION ( 'NONE',  ( 1.746062762822404500E-016, -1.000000000000000000, 0.0000000000000000000 ) ) ;
#3475 = EDGE_CURVE ( 'NONE', #2764, #86, #232, .T. ) ;
#3476 = ORIENTED_EDGE ( 'NONE', *, *, #2339, .T. ) ;
#3477 = CARTESIAN_POINT ( 'NONE',  ( -0.5624835130097162200, -30.11589313105752900, 5.196301165294393300 ) ) ;
#3478 = EDGE_CURVE ( 'NONE', #738, #1909, #2128, .T. ) ;
#3479 = CIRCLE ( 'NONE', #2161, 1.599999999999999400 ) ;
#3480 = CARTESIAN_POINT ( 'NONE',  ( 3.302392995218722800, -30.46886627155358300, 4.651971598123449100 ) ) ;
#3481 = CARTESIAN_POINT ( 'NONE',  ( -7.577196289935996800, -28.43445162270219100, 6.070881502480539800 ) ) ;
#3482 = CARTESIAN_POINT ( 'NONE',  ( 11.54855455178333700, -28.19854946995280900, 5.194410725794139000 ) ) ;
#3483 = CARTESIAN_POINT ( 'NONE',  ( 10.97110552226458500, -28.13194708247280200, 5.273368432806266900 ) ) ;
#3484 =( BOUNDED_SURFACE ( )  B_SPLINE_SURFACE ( 3, 2, ( 
 ( #2926, #2026, #1112 ),
 ( #3228, #1431, #3543 ),
 ( #1733, #3835, #2040 ),
 ( #194, #2343, #508 ),
 ( #2647, #810, #2937 ),
 ( #1131, #3240, #1440 ),
 ( #3562, #1748, #3844 ),
 ( #2055, #211, #2355 ),
 ( #519, #2664, #823 ),
 ( #2949, #1146, #3255 ) ),
 .UNSPECIFIED., .F., .F., .F. ) 
 B_SPLINE_SURFACE_WITH_KNOTS ( ( 4, 2, 2, 2, 4 ),
 ( 3, 3 ),
 ( 6.283185307179586200, 6.675884388878310800, 7.068583470577034500, 7.461282552275758200, 7.853981633974482800 ),
 ( 0.0000000000000000000, 1.000000000000000000 ),
 .UNSPECIFIED. ) 
 GEOMETRIC_REPRESENTATION_ITEM ( )  RATIONAL_B_SPLINE_SURFACE ( (
 ( 1.000000000000000000, 0.8739740148753054600, 1.000000000000000000),
 ( 1.000000000000000000, 0.8738341115000495300, 1.000000000000000000),
 ( 1.000000000000000000, 0.8813095843863161200, 1.000000000000000000),
 ( 1.000000000000000000, 0.9057738380375202100, 1.000000000000000000),
 ( 1.000000000000000000, 0.9226438800159073600, 1.000000000000000000),
 ( 1.000000000000000000, 0.9555630194907791500, 1.000000000000000000),
 ( 1.000000000000000000, 0.9714307445424558200, 1.000000000000000000),
 ( 1.000000000000000000, 0.9936787068639899600, 1.000000000000000000),
 ( 1.000000000000000000, 1.000093563722102000, 1.000000000000000000),
 ( 1.000000000000000000, 1.000000000000000000, 1.000000000000000000) ) ) 
 REPRESENTATION_ITEM ( '' )  SURFACE ( )  );
#3485 = DIRECTION ( 'NONE',  ( 1.000000000000000000, 0.0000000000000000000, 3.089976191583686400E-014 ) ) ;
#3486 = COLOUR_RGB ( '',0.8823529411764705600, 0.1843137254901960900, 0.1843137254901960900 ) ;
#3487 = AXIS2_PLACEMENT_3D ( 'NONE', #74, #2222, #375 ) ;
#3488 = FACE_OUTER_BOUND ( 'NONE', #1173, .T. ) ;
#3489 = DIRECTION ( 'NONE',  ( -1.405339397202830800E-016, 0.9895210288342833900, 0.1443888274581574300 ) ) ;
#3490 = FACE_OUTER_BOUND ( 'NONE', #121, .T. ) ;
#3491 = FACE_OUTER_BOUND ( 'NONE', #115, .T. ) ;
#3492 = VERTEX_POINT ( 'NONE', #3513 ) ;
#3493 = CARTESIAN_POINT ( 'NONE',  ( 6.099811556919370000, -29.07019971810084200, 5.784493250254273600 ) ) ;
#3494 = DIRECTION ( 'NONE',  ( 1.000000000000000000, 0.0000000000000000000, -0.0000000000000000000 ) ) ;
#3495 = CARTESIAN_POINT ( 'NONE',  ( -10.80561907039586300, -28.51272904398790300, 5.232763454621404800 ) ) ;
#3496 = ORIENTED_EDGE ( 'NONE', *, *, #707, .F. ) ;
#3497 = ORIENTED_EDGE ( 'NONE', *, *, #2012, .F. ) ;
#3498 = ADVANCED_FACE ( 'NONE', ( #1325 ), #3638, .T. ) ;
#3499 = CARTESIAN_POINT ( 'NONE',  ( 7.434091196830646500, -29.45897235969937400, 5.279293616412661400 ) ) ;
#3500 = LINE ( 'NONE', #3333, #1911 ) ;
#3501 = EDGE_LOOP ( 'NONE', ( #2562, #2981, #3165, #25, #120, #1753, #1039 ) ) ;
#3502 = DIRECTION ( 'NONE',  ( -0.0000000000000000000, -1.000000000000000000, -0.0000000000000000000 ) ) ;
#3503 = ORIENTED_EDGE ( 'NONE', *, *, #1681, .F. ) ;
#3504 = ORIENTED_EDGE ( 'NONE', *, *, #1450, .T. ) ;
#3505 = ORIENTED_EDGE ( 'NONE', *, *, #2421, .T. ) ;
#3506 = AXIS2_PLACEMENT_3D ( 'NONE', #566, #271, #2420 ) ;
#3507 = DIRECTION ( 'NONE',  ( 0.0000000000000000000, 0.0000000000000000000, -1.000000000000000000 ) ) ;
#3508 = CARTESIAN_POINT ( 'NONE',  ( 11.66584961494158500, -28.11350350945775700, 4.634684852307858100 ) ) ;
#3509 = ORIENTED_EDGE ( 'NONE', *, *, #803, .T. ) ;
#3510 = CARTESIAN_POINT ( 'NONE',  ( 4.355295314983234100, -29.17177403142958500, 6.289563832749443900 ) ) ;
#3511 = CARTESIAN_POINT ( 'NONE',  ( 7.181559833689884300, -29.22849292606241200, 5.422461945071873400 ) ) ;
#3512 = DIRECTION ( 'NONE',  ( -1.000000000000000000, 0.0000000000000000000, 0.0000000000000000000 ) ) ;
#3513 = CARTESIAN_POINT ( 'NONE',  ( 15.50000000000000000, -3.499999999999994700, 0.0000000000000000000 ) ) ;
#3514 = B_SPLINE_CURVE_WITH_KNOTS ( 'NONE', 3,
 ( #1886, #955, #2192, #341 ),
 .UNSPECIFIED., .F., .F.,
 ( 4, 4 ),
 ( 0.0000000000000000000, 1.340548420316897900E-006 ),
 .UNSPECIFIED. ) ;
#3515 = ORIENTED_EDGE ( 'NONE', *, *, #1711, .T. ) ;
#3516 = CARTESIAN_POINT ( 'NONE',  ( 11.35077297405109700, -28.95120597236725100, 4.800775319729536900 ) ) ;
#3517 = AXIS2_PLACEMENT_3D ( 'NONE', #3313, #3627, #1825 ) ;
#3518 = ADVANCED_FACE ( 'NONE', ( #3728 ), #1099, .F. ) ;
#3519 = CARTESIAN_POINT ( 'NONE',  ( -11.26656158981689000, -31.02346020195669100, -0.0000000000000000000 ) ) ;
#3520 = CARTESIAN_POINT ( 'NONE',  ( 11.21386964938303000, -28.25932980469368200, 3.841690393851218100 ) ) ;
#3521 = VERTEX_POINT ( 'NONE', #3821 ) ;
#3522 = CARTESIAN_POINT ( 'NONE',  ( -18.73201513087678500, -31.00633641386444200, 4.318107961075101600 ) ) ;
#3523 = VERTEX_POINT ( 'NONE', #789 ) ;
#3524 = ORIENTED_EDGE ( 'NONE', *, *, #1937, .T. ) ;
#3525 = CARTESIAN_POINT ( 'NONE',  ( 11.20000000000000300, -19.50000000000004600, 5.000000000000000000 ) ) ;
#3526 = CARTESIAN_POINT ( 'NONE',  ( 11.59999999999992100, -31.38420748798082000, 2.821537815314022300 ) ) ;
#3527 = DIRECTION ( 'NONE',  ( -1.000000000000000000, 0.0000000000000000000, -2.551063935260020900E-015 ) ) ;
#3528 = DIRECTION ( 'NONE',  ( 1.746062762822404500E-016, -1.000000000000000000, 0.0000000000000000000 ) ) ;
#3529 = EDGE_CURVE ( 'NONE', #3921, #2275, #2913, .T. ) ;
#3530 = LINE ( 'NONE', #3532, #1211 ) ;
#3531 = CARTESIAN_POINT ( 'NONE',  ( -8.534025926938975100, -29.55791657374317400, 5.217831829859303400 ) ) ;
#3532 = CARTESIAN_POINT ( 'NONE',  ( -10.80000000000000100, 0.0000000000000000000, 0.0000000000000000000 ) ) ;
#3533 = CARTESIAN_POINT ( 'NONE',  ( 18.80000000000000400, -19.87011593068661600, -0.5000000000000368600 ) ) ;
#3534 = CARTESIAN_POINT ( 'NONE',  ( -2.192744005487714100, -29.75127630636247400, 5.817932316868781800 ) ) ;
#3535 = FACE_OUTER_BOUND ( 'NONE', #2203, .T. ) ;
#3536 = CARTESIAN_POINT ( 'NONE',  ( 11.83430982106559500, -27.35519227097022100, 5.023945577728664300 ) ) ;
#3537 = VECTOR ( 'NONE', #188, 1000.000000000000100 ) ;
#3538 = FACE_OUTER_BOUND ( 'NONE', #2749, .T. ) ;
#3539 = PRODUCT ( 'LockCover', 'LockCover', '', ( #1248 ) ) ;
#3540 = CARTESIAN_POINT ( 'NONE',  ( 15.89874420933504600, -27.07886660429618800, -0.0000000000000000000 ) ) ;
#3541 = CARTESIAN_POINT ( 'NONE',  ( 11.62650959980816300, -28.68659125637571300, 2.717483435216304400 ) ) ;
#3542 = CARTESIAN_POINT ( 'NONE',  ( 11.73421274629068000, -30.38295783964644400, -0.01746451896543835300 ) ) ;
#3543 = CARTESIAN_POINT ( 'NONE',  ( -10.20947723540680000, -31.38420748798082700, 3.638544005313033600 ) ) ;
#3544 = VERTEX_POINT ( 'NONE', #179 ) ;
#3545 = TOROIDAL_SURFACE ( 'NONE', #1600, 24.61394790697723400, 1.600000000000000100 ) ;
#3546 =( BOUNDED_CURVE ( )  B_SPLINE_CURVE ( 3, ( #3233, #3876, #2375, #2071 ),
 .UNSPECIFIED., .F., .T. ) 
 B_SPLINE_CURVE_WITH_KNOTS ( ( 4, 4 ),
 ( 0.1754371071368423200, 0.4705014814071575300 ),
 .UNSPECIFIED. ) 
 CURVE ( )  GEOMETRIC_REPRESENTATION_ITEM ( )  RATIONAL_B_SPLINE_CURVE ( ( 1.000000000000000000, 0.9927579013676842700, 0.9927579013676842700, 1.000000000000000000 ) ) 
 REPRESENTATION_ITEM ( '' )  );
#3547 = ORIENTED_EDGE ( 'NONE', *, *, #748, .F. ) ;
#3548 = ADVANCED_FACE ( 'NONE', ( #3010 ), #3484, .T. ) ;
#3549 = DIRECTION ( 'NONE',  ( -1.000000000000000000, 0.0000000000000000000, 0.0000000000000000000 ) ) ;
#3550 = ORIENTED_EDGE ( 'NONE', *, *, #2172, .T. ) ;
#3551 = ORIENTED_EDGE ( 'NONE', *, *, #2622, .F. ) ;
#3552 = CARTESIAN_POINT ( 'NONE',  ( 14.40000000000000000, -3.499999999999994700, 1.500000000000000000 ) ) ;
#3553 = CARTESIAN_POINT ( 'NONE',  ( 14.80000000000000100, -24.11769145362397300, 2.300000000000002500 ) ) ;
#3554 = EDGE_CURVE ( 'NONE', #3867, #1127, #487, .T. ) ;
#3555 = ORIENTED_EDGE ( 'NONE', *, *, #276, .F. ) ;
#3556 = VERTEX_POINT ( 'NONE', #3854 ) ;
#3557 = CARTESIAN_POINT ( 'NONE',  ( 11.73792678963072000, -27.74118442402798800, 4.804274387375973500 ) ) ;
#3558 = ORIENTED_EDGE ( 'NONE', *, *, #2798, .T. ) ;
#3559 = VERTEX_POINT ( 'NONE', #2065 ) ;
#3560 = CARTESIAN_POINT ( 'NONE',  ( 14.05247478358685100, -27.88491987938082800, 2.044115183383602200 ) ) ;
#3561 = CARTESIAN_POINT ( 'NONE',  ( 13.20000000000000100, -24.50000000000000000, 1.999999999999997100 ) ) ;
#3562 = CARTESIAN_POINT ( 'NONE',  ( -11.39805823788066300, -30.39969478106376900, 3.759975421865112900 ) ) ;
#3563 = VERTEX_POINT ( 'NONE', #227 ) ;
#3564 = CARTESIAN_POINT ( 'NONE',  ( -10.79999999999999700, -19.87011593068661600, 8.000000000000000000 ) ) ;
#3565 = EDGE_CURVE ( 'NONE', #3492, #47, #2830, .T. ) ;
#3566 = DIRECTION ( 'NONE',  ( -1.000000000000000000, 0.0000000000000000000, 3.469446951953616700E-016 ) ) ;
#3567 = CARTESIAN_POINT ( 'NONE',  ( 11.82069146284314700, -30.18807272568503200, -0.0000000000000000000 ) ) ;
#3568 = CARTESIAN_POINT ( 'NONE',  ( -3.163140029695828700, -29.27917025956212500, 6.435037468132323500 ) ) ;
#3569 = CARTESIAN_POINT ( 'NONE',  ( 12.09427316831804700, -26.34754103872174700, 5.808165936299674000 ) ) ;
#3570 = B_SPLINE_CURVE_WITH_KNOTS ( 'NONE', 3,
 ( #843, #1474, #1777, #3875 ),
 .UNSPECIFIED., .F., .F.,
 ( 4, 4 ),
 ( 0.003092064241035743300, 0.003749578238273602600 ),
 .UNSPECIFIED. ) ;
#3571 = CARTESIAN_POINT ( 'NONE',  ( -10.01481025735125900, -29.53387890807584500, 5.232763454621355900 ) ) ;
#3572 = CARTESIAN_POINT ( 'NONE',  ( 16.96355184796858500, -24.87433453236538100, 0.6686030794870756500 ) ) ;
#3573 = CARTESIAN_POINT ( 'NONE',  ( 13.20000000000000500, -24.50000000000000000, 4.499999999999997300 ) ) ;
#3574 = ORIENTED_EDGE ( 'NONE', *, *, #965, .F. ) ;
#3575 = DIRECTION ( 'NONE',  ( 1.000000000000000000, 0.0000000000000000000, 0.0000000000000000000 ) ) ;
#3576 = CARTESIAN_POINT ( 'NONE',  ( 6.800000000000003400, -19.87011593068661600, 8.000000000000000000 ) ) ;
#3577 = CARTESIAN_POINT ( 'NONE',  ( -11.54547318136385300, -28.26479464617034800, 5.192138730396277600 ) ) ;
#3578 = CARTESIAN_POINT ( 'NONE',  ( -12.79999999999999500, -19.00000000000000000, 4.999999999999996400 ) ) ;
#3579 = CIRCLE ( 'NONE', #2946, 0.2999999999999999300 ) ;
#3580 = DIRECTION ( 'NONE',  ( -2.521119549922777500E-017, 0.1443888274581574300, -0.9895210288342832800 ) ) ;
#3581 = EDGE_CURVE ( 'NONE', #2998, #1755, #2786, .T. ) ;
#3582 = COLOUR_RGB ( '',0.8823529411764705600, 0.1843137254901960900, 0.1843137254901960900 ) ;
#3583 = CARTESIAN_POINT ( 'NONE',  ( 14.80000000000000100, -24.50000000000000000, 3.799999999999998000 ) ) ;
#3584 = LINE ( 'NONE', #1780, #2872 ) ;
#3585 = CARTESIAN_POINT ( 'NONE',  ( -11.69999444917691300, -27.91226202611457600, 4.717328624939126400 ) ) ;
#3586 = CIRCLE ( 'NONE', #3170, 7.092522711888082500 ) ;
#3587 = VECTOR ( 'NONE', #2463, 1000.000000000000000 ) ;
#3588 = CARTESIAN_POINT ( 'NONE',  ( 18.51132486540516500, -6.499999999999999100, 0.0000000000000000000 ) ) ;
#3589 = CARTESIAN_POINT ( 'NONE',  ( -11.59999999999999600, -28.48160187857098400, 4.900932156715279900 ) ) ;
#3590 = ORIENTED_EDGE ( 'NONE', *, *, #1281, .T. ) ;
#3591 = CARTESIAN_POINT ( 'NONE',  ( 7.086457074746355100, -28.67862883165912200, 5.944140152314933100 ) ) ;
#3592 = CARTESIAN_POINT ( 'NONE',  ( -10.98529063199578800, -28.09920724736380700, 5.278957358226323400 ) ) ;
#3593 = ADVANCED_FACE ( 'NONE', ( #3538 ), #295, .T. ) ;
#3594 = CARTESIAN_POINT ( 'NONE',  ( -16.96155638459202900, -25.69182184127755200, -0.0000000000000000000 ) ) ;
#3595 = AXIS2_PLACEMENT_3D ( 'NONE', #2911, #1102, #3221 ) ;
#3596 = EDGE_LOOP ( 'NONE', ( #1715, #3865, #376 ) ) ;
#3597 = LINE ( 'NONE', #3588, #2792 ) ;
#3598 = ORIENTED_EDGE ( 'NONE', *, *, #1382, .F. ) ;
#3599 = CARTESIAN_POINT ( 'NONE',  ( -11.01926916339333900, -29.36485344448407300, 4.961929841727350500 ) ) ;
#3600 = AXIS2_PLACEMENT_3D ( 'NONE', #2166, #3680, #1258 ) ;
#3601 = CARTESIAN_POINT ( 'NONE',  ( 7.150320935709836500, -28.62200761049502200, 5.996812024016890100 ) ) ;
#3602 = ORIENTED_EDGE ( 'NONE', *, *, #2962, .F. ) ;
#3604 = CARTESIAN_POINT ( 'NONE',  ( -11.47735871100330700, -29.85490289315511700, 5.033351009535051500 ) ) ;
#3603 = CARTESIAN_POINT ( 'NONE',  ( 12.80000000000000600, -24.50000000000000000, 1.999999999999996200 ) ) ;
#3605 = CARTESIAN_POINT ( 'NONE',  ( 0.5663047330684393100, -29.40189778793602200, 6.598707119589211500 ) ) ;
#3606 = EDGE_CURVE ( 'NONE', #544, #274, #1941, .T. ) ;
#3607 = CARTESIAN_POINT ( 'NONE',  ( -11.59999999999999300, -29.98658532977505000, -0.1841808303268379600 ) ) ;
#3608 = ORIENTED_EDGE ( 'NONE', *, *, #1047, .T. ) ;
#3609 = CARTESIAN_POINT ( 'NONE',  ( 10.80000000000000100, 0.0000000000000000000, 5.400000000000000400 ) ) ;
#3610 = CARTESIAN_POINT ( 'NONE',  ( -8.885904325177772700, -29.72776278960265000, 5.112327410354282600 ) ) ;
#3611 = PLANE ( 'NONE',  #557 ) ;
#3612 = EDGE_CURVE ( 'NONE', #1427, #1494, #392, .T. ) ;
#3613 = EDGE_CURVE ( 'NONE', #1121, #3643, #2091, .T. ) ;
#3614 = CARTESIAN_POINT ( 'NONE',  ( 10.80000000000000600, -28.00000000000000700, 0.0000000000000000000 ) ) ;
#3615 = ADVANCED_FACE ( 'NONE', ( #1118 ), #3611, .F. ) ;
#3616 = DIRECTION ( 'NONE',  ( 1.000000000000000000, 0.0000000000000000000, 0.0000000000000000000 ) ) ;
#3617 = CARTESIAN_POINT ( 'NONE',  ( 7.591120687078533700, -28.45228015188185800, 6.033753819025281300 ) ) ;
#3618 = VERTEX_POINT ( 'NONE', #1803 ) ;
#3619 = CARTESIAN_POINT ( 'NONE',  ( 1.090534299631067400, -29.79392883381967400, 5.886271455440715200 ) ) ;
#3620 = EDGE_CURVE ( 'NONE', #2973, #3921, #1028, .T. ) ;
#3621 = CARTESIAN_POINT ( 'NONE',  ( -12.89159263822495800, -27.11730537336850900, 3.916170869311953200 ) ) ;
#3622 = CARTESIAN_POINT ( 'NONE',  ( -7.434801649976951600, -29.45933239138312500, 5.279069973315246000 ) ) ;
#3623 = ORIENTED_EDGE ( 'NONE', *, *, #600, .F. ) ;
#3624 = DIRECTION ( 'NONE',  ( -9.213294982444957300E-017, 0.5276611573545171300, -0.8494549446670444100 ) ) ;
#3625 = ORIENTED_EDGE ( 'NONE', *, *, #772, .F. ) ;
#3626 = ORIENTED_EDGE ( 'NONE', *, *, #3822, .F. ) ;
#3627 = DIRECTION ( 'NONE',  ( 1.000000000000000000, 0.0000000000000000000, -6.938893903907228400E-016 ) ) ;
#3628 = EDGE_CURVE ( 'NONE', #2470, #2476, #1851, .T. ) ;
#3629 = CARTESIAN_POINT ( 'NONE',  ( 10.47928458925264300, -31.32952723634027200, 4.052978543101584600 ) ) ;
#3630 = CARTESIAN_POINT ( 'NONE',  ( -16.35608512229346400, -25.17927752167768000, 1.356116098370489900 ) ) ;
#3631 = CARTESIAN_POINT ( 'NONE',  ( 11.40056040731841400, -29.35896131859584900, 5.341418090498126300 ) ) ;
#3632 = DIRECTION ( 'NONE',  ( -0.1988659519185776700, 0.9616614087553147000, 0.1888376765326816000 ) ) ;
#3633 = EDGE_CURVE ( 'NONE', #547, #589, #1384, .T. ) ;
#3634 = ADVANCED_FACE ( 'NONE', ( #198 ), #1209, .T. ) ;
#3635 = VECTOR ( 'NONE', #1896, 1000.000000000000000 ) ;
#3636 = DIRECTION ( 'NONE',  ( 0.0000000000000000000, 0.0000000000000000000, 1.000000000000000000 ) ) ;
#3637 = VECTOR ( 'NONE', #780, 1000.000000000000000 ) ;
#3638 = CYLINDRICAL_SURFACE ( 'NONE', #1350, 0.7999999999999986000 ) ;
#3639 = EDGE_CURVE ( 'NONE', #1238, #2033, #929, .T. ) ;
#3640 = DIRECTION ( 'NONE',  ( 1.746062762822404000E-016, -1.000000000000000000, 0.0000000000000000000 ) ) ;
#3641 = ORIENTED_EDGE ( 'NONE', *, *, #1091, .F. ) ;
#3642 = CIRCLE ( 'NONE', #3487, 3.999999999999999100 ) ;
#3643 = VERTEX_POINT ( 'NONE', #1849 ) ;
#3644 = CARTESIAN_POINT ( 'NONE',  ( 12.37346822383213600, -27.36946644482891200, 4.100932156715125600 ) ) ;
#3645 = ORIENTED_EDGE ( 'NONE', *, *, #849, .F. ) ;
#3646 = CARTESIAN_POINT ( 'NONE',  ( -11.73278752558541300, -30.37973764905344600, 0.0000000000000000000 ) ) ;
#3647 = CARTESIAN_POINT ( 'NONE',  ( -16.23754389376956900, -28.19005769876211400, -0.4975423645039848700 ) ) ;
#3648 = AXIS2_PLACEMENT_3D ( 'NONE', #3023, #3325, #1528 ) ;
#3649 = ORIENTED_EDGE ( 'NONE', *, *, #413, .T. ) ;
#3650 = CARTESIAN_POINT ( 'NONE',  ( -7.140747302077377500, -28.91298145725577500, 5.661123981166746000 ) ) ;
#3651 = DIRECTION ( 'NONE',  ( 0.0000000000000000000, 0.0000000000000000000, -1.000000000000000000 ) ) ;
#3652 = ORIENTED_EDGE ( 'NONE', *, *, #520, .F. ) ;
#3653 = ORIENTED_EDGE ( 'NONE', *, *, #2994, .T. ) ;
#3654 = ORIENTED_EDGE ( 'NONE', *, *, #3736, .F. ) ;
#3655 = ORIENTED_EDGE ( 'NONE', *, *, #2206, .T. ) ;
#3656 = CARTESIAN_POINT ( 'NONE',  ( 3.088994424210389100, -30.50267179422995400, 4.630972413490548300 ) ) ;
#3657 = CARTESIAN_POINT ( 'NONE',  ( -11.59999999999999600, -30.50011403779498300, 3.852364819022451800 ) ) ;
#3658 = VERTEX_POINT ( 'NONE', #2446 ) ;
#3659 = CARTESIAN_POINT ( 'NONE',  ( 11.82876934021327700, -27.18470273080008000, 4.947027834174831700 ) ) ;
#3660 = CARTESIAN_POINT ( 'NONE',  ( 10.59505627095950500, -29.36812012537691200, 5.232763454621394100 ) ) ;
#3661 = CARTESIAN_POINT ( 'NONE',  ( -7.259778823858742800, -28.57892082342425200, 6.009515018375939400 ) ) ;
#3662 = CARTESIAN_POINT ( 'NONE',  ( -12.23999999999999700, -30.56620867523590600, -0.5000000000000350800 ) ) ;
#3663 = FILL_AREA_STYLE_COLOUR ( '', #3486 ) ;
#3664 = CARTESIAN_POINT ( 'NONE',  ( 10.01481025735269800, -29.30563386371789000, 5.232763454621357700 ) ) ;
#3665 = DIRECTION ( 'NONE',  ( 1.759079432684508100E-016, 0.8619342151577684700, 0.5070201265633955700 ) ) ;
#3666 = CARTESIAN_POINT ( 'NONE',  ( 14.80000000000000100, -24.11769145362397300, 2.300000000000002500 ) ) ;
#3667 = CARTESIAN_POINT ( 'NONE',  ( 10.80000000000000400, -19.50000000000004600, 5.000000000000000000 ) ) ;
#3668 = CARTESIAN_POINT ( 'NONE',  ( 12.57319642167467900, -29.48359221476586000, 0.0000000000000000000 ) ) ;
#3669 = B_SPLINE_CURVE_WITH_KNOTS ( 'NONE', 3,
 ( #2734, #1840, #1212, #917 ),
 .UNSPECIFIED., .F., .F.,
 ( 4, 4 ),
 ( 0.001265944197680783800, 0.001946294635384349600 ),
 .UNSPECIFIED. ) ;
#3670 = CARTESIAN_POINT ( 'NONE',  ( -12.79999999999999500, 0.0000000000000000000, 4.500000000000004400 ) ) ;
#3671 = CARTESIAN_POINT ( 'NONE',  ( 5.278532767883860700, -29.50077154839563300, 5.405851174969039400 ) ) ;
#3672 = DIRECTION ( 'NONE',  ( 0.0000000000000000000, 1.000000000000000000, -0.0000000000000000000 ) ) ;
#3673 = CARTESIAN_POINT ( 'NONE',  ( -14.80000000000000100, 0.0000000000000000000, 3.800000000000002500 ) ) ;
#3674 = CARTESIAN_POINT ( 'NONE',  ( -13.89252271188808600, 0.0000000000000000000, 8.000000000000000000 ) ) ;
#3675 = CARTESIAN_POINT ( 'NONE',  ( -10.32270403927164400, -29.19910189424818700, 5.232763454621357700 ) ) ;
#3676 = TOROIDAL_SURFACE ( 'NONE', #3365, 0.1000000000000009100, 1.000000000000000000 ) ;
#3677 = AXIS2_PLACEMENT_3D ( 'NONE', #838, #3580, #1772 ) ;
#3678 = DIRECTION ( 'NONE',  ( -0.0000000000000000000, -0.0000000000000000000, -1.000000000000000000 ) ) ;
#3679 = EDGE_CURVE ( 'NONE', #1234, #1913, #110, .T. ) ;
#3680 = DIRECTION ( 'NONE',  ( 0.0000000000000000000, 0.0000000000000000000, -1.000000000000000000 ) ) ;
#3681 = SURFACE_STYLE_FILL_AREA ( #512 ) ;
#3682 = LINE ( 'NONE', #2318, #626 ) ;
#3683 = VECTOR ( 'NONE', #806, 1000.000000000000000 ) ;
#3684 = FACE_OUTER_BOUND ( 'NONE', #797, .T. ) ;
#3685 = LINE ( 'NONE', #3706, #631 ) ;
#3686 = EDGE_CURVE ( 'NONE', #934, #213, #2548, .T. ) ;
#3687 = LINE ( 'NONE', #3667, #1277 ) ;
#3688 = CARTESIAN_POINT ( 'NONE',  ( -13.29999999999999900, -3.500000000000000000, 0.5000000000000000000 ) ) ;
#3689 = CARTESIAN_POINT ( 'NONE',  ( -11.73793017402683200, -27.74117008561493900, 4.804282133544989000 ) ) ;
#3690 = CARTESIAN_POINT ( 'NONE',  ( -11.14571838554771700, -28.86152715748763600, 5.232763454621358600 ) ) ;
#3691 = B_SPLINE_CURVE_WITH_KNOTS ( 'NONE', 3,
 ( #581, #3031, #1537, #3650, #1846, #1, #2152, #303, #2444, #609, #2745, #926, #3042, #1239, #3352, #1549 ),
 .UNSPECIFIED., .F., .F.,
 ( 4, 2, 2, 2, 2, 2, 2, 4 ),
 ( 0.0000000000000000000, 0.0003279898171154468600, 0.0004919847256731666300, 0.0006559796342308864500, 0.0007379770885097429500, 0.0008199745427885996600, 0.0009839694513463172100, 0.001311959268461756000 ),
 .UNSPECIFIED. ) ;
#3692 = DIRECTION ( 'NONE',  ( -1.000000000000000000, -1.746062762822404500E-016, -0.0000000000000000000 ) ) ;
#3693 = EDGE_LOOP ( 'NONE', ( #706, #2372 ) ) ;
#3694 = CARTESIAN_POINT ( 'NONE',  ( 10.98529063199599200, -28.09920724736352000, 5.278957358226437100 ) ) ;
#3695 = CARTESIAN_POINT ( 'NONE',  ( 8.886748288059672900, -29.72776279440080300, 5.112327407373780600 ) ) ;
#3696 = ORIENTED_EDGE ( 'NONE', *, *, #2527, .T. ) ;
#3697 = AXIS2_PLACEMENT_3D ( 'NONE', #2443, #938, #3051 ) ;
#3698 = LINE ( 'NONE', #3839, #543 ) ;
#3699 = ORIENTED_EDGE ( 'NONE', *, *, #2962, .T. ) ;
#3700 = ORIENTED_EDGE ( 'NONE', *, *, #3410, .T. ) ;
#3701 = CARTESIAN_POINT ( 'NONE',  ( 7.960204194457797400E-016, -6.500000000000002700, 6.832763454621357400 ) ) ;
#3702 = CARTESIAN_POINT ( 'NONE',  ( -13.19999999999999600, -24.50000000000000000, 2.000000000000004000 ) ) ;
#3703 = VERTEX_POINT ( 'NONE', #3666 ) ;
#3704 = CARTESIAN_POINT ( 'NONE',  ( -6.462697760633830900, -29.57482251925184300, 5.207330259611989500 ) ) ;
#3705 = CARTESIAN_POINT ( 'NONE',  ( -12.27757976009859500, -26.01024299385891000, 6.032763454621568900 ) ) ;
#3706 = CARTESIAN_POINT ( 'NONE',  ( 10.80000000000000100, 0.0000000000000000000, 8.000000000000000000 ) ) ;
#3707 = VERTEX_POINT ( 'NONE', #19 ) ;
#3708 = CARTESIAN_POINT ( 'NONE',  ( -11.32887298644780700, -28.37623101329030500, 3.549133945289988800 ) ) ;
#3709 = CARTESIAN_POINT ( 'NONE',  ( -14.49999999999999800, -21.00000000000002100, 4.100000000000005000 ) ) ;
#3710 = CARTESIAN_POINT ( 'NONE',  ( 7.526317735075736000, -29.31625226500250000, 5.344074248670498400 ) ) ;
#3711 = DIRECTION ( 'NONE',  ( 4.130293990420997500E-016, 0.8660254037844366000, 0.5000000000000035500 ) ) ;
#3712 = DIRECTION ( 'NONE',  ( 0.0000000000000000000, 1.000000000000000000, 0.0000000000000000000 ) ) ;
#3713 = EDGE_CURVE ( 'NONE', #572, #2423, #1744, .T. ) ;
#3714 = EDGE_LOOP ( 'NONE', ( #2601, #3626, #913, #2334 ) ) ;
#3715 = CARTESIAN_POINT ( 'NONE',  ( 12.80000000000000600, -20.71302442591430900, 4.265685424949234400 ) ) ;
#3716 = CARTESIAN_POINT ( 'NONE',  ( 10.01481025735269800, -29.30563386371789000, 5.232763454621357700 ) ) ;
#3717 = ORIENTED_EDGE ( 'NONE', *, *, #1281, .F. ) ;
#3718 = ORIENTED_EDGE ( 'NONE', *, *, #752, .T. ) ;
#3719 = FACE_OUTER_BOUND ( 'NONE', #1376, .T. ) ;
#3720 = ADVANCED_FACE ( 'NONE', ( #3245 ), #2164, .F. ) ;
#3721 = CARTESIAN_POINT ( 'NONE',  ( -12.37346822383213400, -27.36946644482893700, 4.100932156715090900 ) ) ;
#3722 = CARTESIAN_POINT ( 'NONE',  ( 7.578865375933410100, -29.32928253747052200, 5.332933633403647500 ) ) ;
#3723 = AXIS2_PLACEMENT_3D ( 'NONE', #50, #2205, #352 ) ;
#3724 = DIRECTION ( 'NONE',  ( -2.410646912212208400E-016, 1.000000000000000000, 0.0000000000000000000 ) ) ;
#3725 = LINE ( 'NONE', #1884, #2910 ) ;
#3726 = CARTESIAN_POINT ( 'NONE',  ( 14.40000000000000000, -3.499999999999994700, 0.5000000000000000000 ) ) ;
#3727 = LINE ( 'NONE', #16, #2912 ) ;
#3728 = FACE_OUTER_BOUND ( 'NONE', #500, .T. ) ;
#3729 = CARTESIAN_POINT ( 'NONE',  ( -11.33505746387181500, -31.38420748798083400, -0.08006614383752690100 ) ) ;
#3730 = CARTESIAN_POINT ( 'NONE',  ( -12.79999999999999500, 0.0000000000000000000, 4.999999999999996400 ) ) ;
#3731 = CARTESIAN_POINT ( 'NONE',  ( 7.219468030731497300, -29.04052070884982900, 5.538639034945014700 ) ) ;
#3732 = ORIENTED_EDGE ( 'NONE', *, *, #1710, .T. ) ;
#3733 = LINE ( 'NONE', #989, #2835 ) ;
#3734 = ORIENTED_EDGE ( 'NONE', *, *, #3185, .F. ) ;
#3735 = VERTEX_POINT ( 'NONE', #3674 ) ;
#3736 = EDGE_CURVE ( 'NONE', #1818, #2476, #1647, .T. ) ;
#3737 = CARTESIAN_POINT ( 'NONE',  ( -7.302103469515293100, -29.18077990436867000, 5.439519811097757600 ) ) ;
#3738 = ORIENTED_EDGE ( 'NONE', *, *, #205, .F. ) ;
#3739 = ORIENTED_EDGE ( 'NONE', *, *, #3475, .F. ) ;
#3740 = ORIENTED_EDGE ( 'NONE', *, *, #90, .T. ) ;
#3741 = ADVANCED_FACE ( 'NONE', ( #820 ), #659, .T. ) ;
#3742 = CARTESIAN_POINT ( 'NONE',  ( -11.60000000000000000, -6.138407805367980300, 17.88191150698876400 ) ) ;
#3743 = CARTESIAN_POINT ( 'NONE',  ( -11.59999999999999600, -29.46102333015899800, 3.394458843831069700 ) ) ;
#3744 = CARTESIAN_POINT ( 'NONE',  ( 7.046118362096500200, -28.77764680187070900, 5.831927483920671800 ) ) ;
#3745 = ORIENTED_EDGE ( 'NONE', *, *, #340, .F. ) ;
#3746 = CARTESIAN_POINT ( 'NONE',  ( -7.030710578050259200, -28.79933856269876800, 5.810623057146312200 ) ) ;
#3747 = B_SPLINE_CURVE_WITH_KNOTS ( 'NONE', 3,
 ( #1724, #1794, #3890, #2101, #251, #2395, #562, #2697, #870, #2999, #1190, #3303 ),
 .UNSPECIFIED., .F., .F.,
 ( 4, 2, 2, 2, 2, 4 ),
 ( 0.0000000000000000000, 0.001012720980096827600, 0.001519081470145244200, 0.001772261715169448900, 0.001898851837681551500, 0.002025441960193654000 ),
 .UNSPECIFIED. ) ;
#3748 = CARTESIAN_POINT ( 'NONE',  ( 11.60000000000000700, -29.48481785797068300, 1.682163157918299600 ) ) ;
#3749 = EDGE_CURVE ( 'NONE', #1836, #2696, #1558, .T. ) ;
#3750 = CARTESIAN_POINT ( 'NONE',  ( -12.50006263659181400, -28.90193630513911700, 1.426890955083569600 ) ) ;
#3751 = CARTESIAN_POINT ( 'NONE',  ( 11.54853106211571200, -28.19895496748388900, 5.194394331241154500 ) ) ;
#3752 = CARTESIAN_POINT ( 'NONE',  ( 10.69996191312541500, -28.66657949763685700, 5.232763454621357700 ) ) ;
#3753 = EDGE_CURVE ( 'NONE', #1761, #3121, #3885, .T. ) ;
#3754 = CARTESIAN_POINT ( 'NONE',  ( -7.058759352663770400, -28.69848185536329400, 5.928517401273097700 ) ) ;
#3755 = CARTESIAN_POINT ( 'NONE',  ( -10.79999999999999500, -19.87011593068662000, 5.997252970812619200 ) ) ;
#3756 = CARTESIAN_POINT ( 'NONE',  ( 11.55835626615546200, -30.20300414282363000, 3.310140348100345100 ) ) ;
#3757 = CARTESIAN_POINT ( 'NONE',  ( 13.89252271188808800, -8.568763352168887300E-016, 8.000000000000000000 ) ) ;
#3758 = FACE_OUTER_BOUND ( 'NONE', #643, .T. ) ;
#3759 = CARTESIAN_POINT ( 'NONE',  ( 11.54494369129905000, -28.29647199214407700, 5.192187929823066200 ) ) ;
#3760 = LINE ( 'NONE', #196, #1363 ) ;
#3761 = LINE ( 'NONE', #3182, #2177 ) ;
#3762 = CARTESIAN_POINT ( 'NONE',  ( 0.6313604805778007000, -30.11603417005087400, 5.196224781807740300 ) ) ;
#3763 = CARTESIAN_POINT ( 'NONE',  ( -7.258212739857248700, -28.58853983452350500, 5.995530005593221500 ) ) ;
#3764 = LINE ( 'NONE', #3916, #2964 ) ;
#3765 = CARTESIAN_POINT ( 'NONE',  ( -13.19999999999999600, 0.0000000000000000000, 2.000000000000004000 ) ) ;
#3766 = B_SPLINE_CURVE_WITH_KNOTS ( 'NONE', 3,
 ( #2250, #1939, #2542, #712 ),
 .UNSPECIFIED., .F., .F.,
 ( 4, 4 ),
 ( 0.0000000000000000000, 0.0005290365637749935800 ),
 .UNSPECIFIED. ) ;
#3767 = CARTESIAN_POINT ( 'NONE',  ( 10.94381680824166400, -28.19810472563834500, 5.263518355994195400 ) ) ;
#3768 = ORIENTED_EDGE ( 'NONE', *, *, #3772, .F. ) ;
#3769 = ORIENTED_EDGE ( 'NONE', *, *, #1589, .T. ) ;
#3770 = DIRECTION ( 'NONE',  ( 1.000000000000000000, 0.0000000000000000000, 0.0000000000000000000 ) ) ;
#3771 = CARTESIAN_POINT ( 'NONE',  ( 2.228593087336769000, -30.02627821112593400, 5.244203680133077600 ) ) ;
#3772 = EDGE_CURVE ( 'NONE', #1925, #1569, #2359, .T. ) ;
#3773 = EDGE_LOOP ( 'NONE', ( #3169, #850, #3625, #264 ) ) ;
#3774 = ORIENTED_EDGE ( 'NONE', *, *, #980, .T. ) ;
#3775 = ORIENTED_EDGE ( 'NONE', *, *, #3822, .T. ) ;
#3776 = ORIENTED_EDGE ( 'NONE', *, *, #157, .F. ) ;
#3777 = ORIENTED_EDGE ( 'NONE', *, *, #1311, .F. ) ;
#3778 = AXIS2_PLACEMENT_3D ( 'NONE', #1916, #3425, #1618 ) ;
#3779 = CARTESIAN_POINT ( 'NONE',  ( 4.149631901525903100, -29.87856923668192300, 5.018650041234387500 ) ) ;
#3780 = CARTESIAN_POINT ( 'NONE',  ( -12.79999999999999900, -22.62122355625940900, 3.163986143376957400 ) ) ;
#3781 = ORIENTED_EDGE ( 'NONE', *, *, #3686, .F. ) ;
#3782 = CARTESIAN_POINT ( 'NONE',  ( -13.89252271188808600, -6.500000000000005300, 8.000000000000000000 ) ) ;
#3783 = ORIENTED_EDGE ( 'NONE', *, *, #3341, .T. ) ;
#3784 = CARTESIAN_POINT ( 'NONE',  ( 10.88009569476762200, -28.35545878873150000, 5.241275748035856300 ) ) ;
#3785 = CARTESIAN_POINT ( 'NONE',  ( 14.40000000000000000, -3.499999999999994700, 1.500000000000000000 ) ) ;
#3786 = AXIS2_PLACEMENT_3D ( 'NONE', #774, #3812, #2014 ) ;
#3787 = ADVANCED_FACE ( 'NONE', ( #3057 ), #2313, .F. ) ;
#3788 = CARTESIAN_POINT ( 'NONE',  ( 6.458905983140113900, -29.57622185029984200, 5.206461028530409200 ) ) ;
#3789 = DIRECTION ( 'NONE',  ( -1.000000000000000000, -1.746062762822404500E-016, 2.476346475299310700E-033 ) ) ;
#3790 = CARTESIAN_POINT ( 'NONE',  ( -12.38056422758891600, -29.57198894341105300, 0.0000000000000000000 ) ) ;
#3791 = AXIS2_PLACEMENT_3D ( 'NONE', #2145, #591, #1841 ) ;
#3792 = VERTEX_POINT ( 'NONE', #1716 ) ;
#3793 = CARTESIAN_POINT ( 'NONE',  ( 7.217614311046783200, -29.30302928698875700, 5.376161734897917400 ) ) ;
#3794 = EDGE_CURVE ( 'NONE', #3618, #366, #2270, .T. ) ;
#3795 = CARTESIAN_POINT ( 'NONE',  ( -12.37346822383213400, -27.36946644482893700, 4.100932156715090900 ) ) ;
#3796 = B_SPLINE_CURVE_WITH_KNOTS ( 'NONE', 3,
 ( #3716, #2802, #1606, #70, #2220, #372, #2516, #679 ),
 .UNSPECIFIED., .F., .F.,
 ( 4, 2, 2, 4 ),
 ( 0.0000000000000000000, 0.0002464289905557484100, 0.0004928579811114968100, 0.0009857159622230014400 ),
 .UNSPECIFIED. ) ;
#3797 = VERTEX_POINT ( 'NONE', #176 ) ;
#3798 = DIRECTION ( 'NONE',  ( 0.0000000000000000000, -0.0000000000000000000, -1.000000000000000000 ) ) ;
#3799 = ORIENTED_EDGE ( 'NONE', *, *, #705, .T. ) ;
#3800 = EDGE_CURVE ( 'NONE', #589, #660, #3183, .T. ) ;
#3801 = EDGE_CURVE ( 'NONE', #694, #490, #3851, .T. ) ;
#3802 = PLANE ( 'NONE',  #1620 ) ;
#3803 = DIRECTION ( 'NONE',  ( 0.0000000000000000000, 0.0000000000000000000, 1.000000000000000000 ) ) ;
#3804 = CARTESIAN_POINT ( 'NONE',  ( 11.54853106211569600, -28.19895496748395700, 5.194394331241063000 ) ) ;
#3805 = CARTESIAN_POINT ( 'NONE',  ( 5.963744607785618400, -28.97004277460518700, 6.009174122992762400 ) ) ;
#3806 = ADVANCED_FACE ( 'NONE', ( #2958 ), #2501, .T. ) ;
#3807 = CIRCLE ( 'NONE', #1775, 0.8000000000000000400 ) ;
#3808 = CARTESIAN_POINT ( 'NONE',  ( -10.96568542494923400, -19.50000000000005300, 4.999999999999996400 ) ) ;
#3809 = DIRECTION ( 'NONE',  ( 2.551063935260020900E-015, 0.0000000000000000000, -1.000000000000000000 ) ) ;
#3810 = EDGE_CURVE ( 'NONE', #3459, #993, #1364, .T. ) ;
#3811 = FACE_OUTER_BOUND ( 'NONE', #1767, .T. ) ;
#3812 = DIRECTION ( 'NONE',  ( -1.000000000000000000, -1.746062762822404500E-016, 0.0000000000000000000 ) ) ;
#3813 = FACE_OUTER_BOUND ( 'NONE', #550, .T. ) ;
#3814 = VECTOR ( 'NONE', #2579, 1000.000000000000000 ) ;
#3815 = ORIENTED_EDGE ( 'NONE', *, *, #3218, .F. ) ;
#3816 = CYLINDRICAL_SURFACE ( 'NONE', #3277, 1.100000000000000300 ) ;
#3817 = VERTEX_POINT ( 'NONE', #1152 ) ;
#3818 = CARTESIAN_POINT ( 'NONE',  ( 10.80000000000000100, 0.0000000000000000000, 8.000000000000000000 ) ) ;
#3819 = EDGE_CURVE ( 'NONE', #3703, #993, #1455, .T. ) ;
#3820 = ORIENTED_EDGE ( 'NONE', *, *, #82, .F. ) ;
#3821 = CARTESIAN_POINT ( 'NONE',  ( 10.23065965438764700, -31.38420748798082000, 7.589415207398531000E-016 ) ) ;
#3822 = EDGE_CURVE ( 'NONE', #701, #571, #2178, .T. ) ;
#3823 = VERTEX_POINT ( 'NONE', #3866 ) ;
#3824 = ORIENTED_EDGE ( 'NONE', *, *, #3800, .T. ) ;
#3825 = DIRECTION ( 'NONE',  ( 0.0000000000000000000, 0.0000000000000000000, 1.000000000000000000 ) ) ;
#3826 = ADVANCED_FACE ( 'NONE', ( #530 ), #845, .F. ) ;
#3827 = EDGE_CURVE ( 'NONE', #571, #3817, #3584, .T. ) ;
#3828 = CARTESIAN_POINT ( 'NONE',  ( -8.903917050691088500, -29.34906875942093800, 5.232763454620664900 ) ) ;
#3829 = CARTESIAN_POINT ( 'NONE',  ( -11.59999999999999600, -29.46102333015899800, 3.394458843831069700 ) ) ;
#3830 = VERTEX_POINT ( 'NONE', #1477 ) ;
#3831 = ADVANCED_FACE ( 'NONE', ( #1976 ), #1798, .F. ) ;
#3832 = CARTESIAN_POINT ( 'NONE',  ( 11.69999195822236400, -27.91227670665645300, 4.717322596547675500 ) ) ;
#3833 = CARTESIAN_POINT ( 'NONE',  ( 15.05866546829480300, -27.91472530456158900, -0.0000000000000000000 ) ) ;
#3834 = CARTESIAN_POINT ( 'NONE',  ( 13.83710471360614700, -26.59594042666468600, 3.436029415196579300 ) ) ;
#3835 = CARTESIAN_POINT ( 'NONE',  ( -10.47928458925271200, -31.32952723634080200, 4.052978543101192900 ) ) ;
#3836 = AXIS2_PLACEMENT_3D ( 'NONE', #3174, #1380, #3485 ) ;
#3837 = CARTESIAN_POINT ( 'NONE',  ( 11.67218454107021900, -30.52904571215708900, 3.408365070427650600E-013 ) ) ;
#3838 = DIRECTION ( 'NONE',  ( 1.000000000000000000, 0.0000000000000000000, 0.0000000000000000000 ) ) ;
#3839 = CARTESIAN_POINT ( 'NONE',  ( 12.80000000000000400, -19.50000000000004600, 5.000000000000000000 ) ) ;
#3840 = CARTESIAN_POINT ( 'NONE',  ( 11.15512439981874100, -27.74546799600226900, 5.351868676359733200 ) ) ;
#3841 =( BOUNDED_SURFACE ( )  B_SPLINE_SURFACE ( 3, 2, ( 
 ( #2417, #577, #892 ),
 ( #3012, #1204, #3319 ),
 ( #1520, #3629, #1831 ),
 ( #3924, #2131, #282 ),
 ( #43, #650, #720 ),
 ( #2856, #1041, #3147 ),
 ( #1353, #3467, #1652 ),
 ( #3756, #1964, #122 ),
 ( #2267, #422, #2567 ),
 ( #731, #2864, #1052 ) ),
 .UNSPECIFIED., .F., .F., .T. ) 
 B_SPLINE_SURFACE_WITH_KNOTS ( ( 4, 2, 2, 2, 4 ),
 ( 3, 3 ),
 ( 3.141592653589793100, 3.534291735288517300, 3.926990816987241400, 4.319689898685965100, 4.712388980384689700 ),
 ( 0.0000000000000000000, 1.000000000000000000 ),
 .UNSPECIFIED. ) 
 GEOMETRIC_REPRESENTATION_ITEM ( )  RATIONAL_B_SPLINE_SURFACE ( (
 ( 1.000000000000000000, 0.8739740148753042400, 1.000000000000000000),
 ( 1.000000000000000000, 0.8738341115000490800, 1.000000000000000000),
 ( 1.000000000000000000, 0.8813095843863175700, 1.000000000000000000),
 ( 1.000000000000000000, 0.9057738380375185400, 1.000000000000000000),
 ( 1.000000000000000000, 0.9226438800158692800, 1.000000000000000000),
 ( 1.000000000000000000, 0.9555630194908161200, 1.000000000000000000),
 ( 1.000000000000000000, 0.9714307445424557000, 1.000000000000000000),
 ( 1.000000000000000000, 0.9936787068639898500, 1.000000000000000000),
 ( 1.000000000000000000, 1.000093563722102000, 1.000000000000000000),
 ( 1.000000000000000000, 1.000000000000000000, 1.000000000000000000) ) ) 
 REPRESENTATION_ITEM ( '' )  SURFACE ( )  );
#3842 = ORIENTED_EDGE ( 'NONE', *, *, #1310, .F. ) ;
#3843 = CARTESIAN_POINT ( 'NONE',  ( 12.23684843796579500, -29.26027160507550200, 0.9081859214965092300 ) ) ;
#3844 = CARTESIAN_POINT ( 'NONE',  ( -11.39805823788065300, -30.58999781670631500, 3.417734132314718600 ) ) ;
#3845 = CIRCLE ( 'NONE', #1959, 1.100000000000000300 ) ;
#3846 = CARTESIAN_POINT ( 'NONE',  ( 11.73278752558497100, -30.37973764905447300, 0.0000000000000000000 ) ) ;
#3847 = CARTESIAN_POINT ( 'NONE',  ( -5.305727360022694400, -29.50364252988133300, 5.412791278610649600 ) ) ;
#3848 = FACE_OUTER_BOUND ( 'NONE', #207, .T. ) ;
#3849 = CARTESIAN_POINT ( 'NONE',  ( 12.27757976009868200, -26.01024299385891000, 6.032763454621401100 ) ) ;
#3850 = VECTOR ( 'NONE', #2115, 1000.000000000000100 ) ;
#3851 = LINE ( 'NONE', #189, #627 ) ;
#3852 = DIRECTION ( 'NONE',  ( 1.734723475976821100E-016, 0.8660254037844366000, 0.5000000000000035500 ) ) ;
#3853 = CARTESIAN_POINT ( 'NONE',  ( 15.95705415362196400, -28.14434509455606900, -0.1440665305866867000 ) ) ;
#3854 = CARTESIAN_POINT ( 'NONE',  ( -12.79999999999999700, 0.0000000000000000000, 0.0000000000000000000 ) ) ;
#3855 = B_SPLINE_CURVE_WITH_KNOTS ( 'NONE', 3,
 ( #158, #2004, #1089, #3202 ),
 .UNSPECIFIED., .F., .F.,
 ( 4, 4 ),
 ( 8.423270156088710800E-019, 0.002886756716968799300 ),
 .UNSPECIFIED. ) ;
#3856 = VECTOR ( 'NONE', #2935, 1000.000000000000000 ) ;
#3857 = CARTESIAN_POINT ( 'NONE',  ( -12.80000000000000400, -19.50000000000004600, 5.000000000000000000 ) ) ;
#3858 = EDGE_LOOP ( 'NONE', ( #3045, #2465, #2566, #364 ) ) ;
#3859 = ORIENTED_EDGE ( 'NONE', *, *, #157, .T. ) ;
#3860 = DIRECTION ( 'NONE',  ( -1.000000000000000000, 0.0000000000000000000, 0.0000000000000000000 ) ) ;
#3861 = ORIENTED_EDGE ( 'NONE', *, *, #463, .T. ) ;
#3862 = CARTESIAN_POINT ( 'NONE',  ( -11.64901324572252200, -28.21883677909019300, 4.592804930488655100 ) ) ;
#3863 = EDGE_CURVE ( 'NONE', #2522, #2345, #1270, .T. ) ;
#3864 = ORIENTED_EDGE ( 'NONE', *, *, #2993, .T. ) ;
#3865 = ORIENTED_EDGE ( 'NONE', *, *, #318, .T. ) ;
#3866 = CARTESIAN_POINT ( 'NONE',  ( 10.80000000000000400, -19.87011593068661600, 5.997252970812619200 ) ) ;
#3867 = VERTEX_POINT ( 'NONE', #1191 ) ;
#3868 = EDGE_LOOP ( 'NONE', ( #1989, #3496, #2113, #1016 ) ) ;
#3869 = DIRECTION ( 'NONE',  ( -2.521119549922777500E-017, 0.1443888274581574300, -0.9895210288342832800 ) ) ;
#3870 = CARTESIAN_POINT ( 'NONE',  ( 14.40000000000000000, -3.499999999999994700, -0.0000000000000000000 ) ) ;
#3871 = EDGE_CURVE ( 'NONE', #3792, #1921, #344, .T. ) ;
#3872 = ORIENTED_EDGE ( 'NONE', *, *, #1657, .F. ) ;
#3873 = DIRECTION ( 'NONE',  ( 1.000000000000000000, 0.0000000000000000000, 0.0000000000000000000 ) ) ;
#3874 = CARTESIAN_POINT ( 'NONE',  ( 11.66584961494165500, -28.11350350945777500, 4.634684852307912300 ) ) ;
#3875 = CARTESIAN_POINT ( 'NONE',  ( 11.60000000000000700, -29.46102333015506100, 3.394458843837467200 ) ) ;
#3876 = CARTESIAN_POINT ( 'NONE',  ( 5.162995653977314500, -24.88100030295265300, 5.266075261641298700 ) ) ;
#3877 = PRODUCT_DEFINITION ( 'UNKNOWN', '', #139, #2854 ) ;
#3878 = DIRECTION ( 'NONE',  ( 0.0000000000000000000, 0.8494549446670444100, 0.5276611573545171300 ) ) ;
#3879 = AXIS2_PLACEMENT_3D ( 'NONE', #2503, #668, #2805 ) ;
#3880 = CARTESIAN_POINT ( 'NONE',  ( 7.056436781231843400, -28.73004143585076500, 5.886974782353237700 ) ) ;
#3881 = DIRECTION ( 'NONE',  ( 0.5000000000000057700, 0.0000000000000000000, 0.8660254037844352700 ) ) ;
#3882 = CARTESIAN_POINT ( 'NONE',  ( -17.50137142655966500, -24.62782332962043000, 0.0000000000000000000 ) ) ;
#3883 = ORIENTED_EDGE ( 'NONE', *, *, #1444, .T. ) ;
#3884 = AXIS2_PLACEMENT_3D ( 'NONE', #3323, #1524, #3636 ) ;
#3885 = B_SPLINE_CURVE_WITH_KNOTS ( 'NONE', 3,
 ( #2801, #3034, #2600, #766, #2897, #1083, #3193, #1399, #3510, #1701, #3805, #2007 ),
 .UNSPECIFIED., .F., .F.,
 ( 4, 2, 2, 2, 2, 4 ),
 ( 0.004744356613097675000, 0.008035686614892241500, 0.01132701661668681000, 0.01461834661848137800, 0.01626401161937866100, 0.01790967662027594500 ),
 .UNSPECIFIED. ) ;
#3886 = CARTESIAN_POINT ( 'NONE',  ( -11.35077297405363000, -28.95120597236304100, 4.800775319728173500 ) ) ;
#3887 = VERTEX_POINT ( 'NONE', #1817 ) ;
#3888 = CARTESIAN_POINT ( 'NONE',  ( -11.83431556974532700, -27.35517110458545200, 5.023958606833608600 ) ) ;
#3889 = CARTESIAN_POINT ( 'NONE',  ( 7.251063227985030200, -28.58002419752288900, 6.012262202513634100 ) ) ;
#3891 = CARTESIAN_POINT ( 'NONE',  ( -10.03861825065777500, -29.25620815771127100, 5.405245904009312600 ) ) ;
#3890 = CARTESIAN_POINT ( 'NONE',  ( -8.587827859422201700, -29.37529484734485800, 5.239062106990666700 ) ) ;
#3892 = TOROIDAL_SURFACE ( 'NONE', #1669, 0.1000000000000009100, 1.000000000000000000 ) ;
#3893 = DIRECTION ( 'NONE',  ( -0.0000000000000000000, 0.0000000000000000000, -1.000000000000000000 ) ) ;
#3894 = EDGE_CURVE ( 'NONE', #86, #1912, #1164, .T. ) ;
#3895 = CARTESIAN_POINT ( 'NONE',  ( -7.302103469515289500, -29.18077990436867000, 5.439519811097757600 ) ) ;
#3896 = ADVANCED_FACE ( 'NONE', ( #1894 ), #3473, .T. ) ;
#3897 = CIRCLE ( 'NONE', #3472, 0.8000000000000003800 ) ;
#3898 = FACE_OUTER_BOUND ( 'NONE', #2844, .T. ) ;
#3899 = DIRECTION ( 'NONE',  ( -0.0000000000000000000, 0.0000000000000000000, -1.000000000000000000 ) ) ;
#3900 = AXIS2_PLACEMENT_3D ( 'NONE', #2758, #941, #3052 ) ;
#3901 = CARTESIAN_POINT ( 'NONE',  ( -14.49999999999999800, -24.50000000000000000, 4.100000000000005000 ) ) ;
#3902 = VECTOR ( 'NONE', #906, 1000.000000000000000 ) ;
#3903 = CARTESIAN_POINT ( 'NONE',  ( 7.561972267537006700, -28.41289143870240600, 6.105429506079907800 ) ) ;
#3904 = FACE_OUTER_BOUND ( 'NONE', #3155, .T. ) ;
#3906 = DIRECTION ( 'NONE',  ( -1.000000000000000000, -1.746062762822404500E-016, 2.476346475299310700E-033 ) ) ;
#3905 = CARTESIAN_POINT ( 'NONE',  ( 12.43499492429174500, -28.31319066883262500, 2.725428503955213100 ) ) ;
#3907 = CARTESIAN_POINT ( 'NONE',  ( 2.059670821497483000, -30.08928530807304500, 5.088096989202417000 ) ) ;
#3908 = CARTESIAN_POINT ( 'NONE',  ( 11.60000000000002100, -30.30528118192231100, 4.753586755304756800 ) ) ;
#3909 = EDGE_LOOP ( 'NONE', ( #333, #1570, #3063, #828, #3175, #2147, #1198, #2046, #2803, #423, #1512, #2000, #2197, #2966, #2280, #2602, #1702, #3524, #3738, #603 ) ) ;
#3910 = CIRCLE ( 'NONE', #1885, 0.2999999999999999300 ) ;
#3911 = ORIENTED_EDGE ( 'NONE', *, *, #3061, .T. ) ;
#3912 = CARTESIAN_POINT ( 'NONE',  ( -7.563914610692910000, -29.42029227375499900, 5.303320763519249000 ) ) ;
#3913 = AXIS2_PLACEMENT_3D ( 'NONE', #262, #2723, #2123 ) ;
#3914 = ORIENTED_EDGE ( 'NONE', *, *, #1391, .F. ) ;
#3915 = FACE_OUTER_BOUND ( 'NONE', #999, .T. ) ;
#3916 = CARTESIAN_POINT ( 'NONE',  ( 15.50000000000000000, -3.499999999999994700, 1.500000000000000000 ) ) ;
#3917 = ADVANCED_FACE ( 'NONE', ( #237 ), #3335, .F. ) ;
#3918 = AXIS2_PLACEMENT_3D ( 'NONE', #936, #2472, #1261 ) ;
#3919 = CARTESIAN_POINT ( 'NONE',  ( -13.19999999999999600, 0.0000000000000000000, 1.600000000000004100 ) ) ;
#3920 = ORIENTED_EDGE ( 'NONE', *, *, #3801, .T. ) ;
#3921 = VERTEX_POINT ( 'NONE', #3030 ) ;
#3922 = DIRECTION ( 'NONE',  ( -0.0000000000000000000, 0.8660254037844366000, 0.5000000000000035500 ) ) ;
#3924 = CARTESIAN_POINT ( 'NONE',  ( 10.80579032038646800, -31.18226572931562000, 3.582399216751719800 ) ) ;
#3923 = CARTESIAN_POINT ( 'NONE',  ( 12.80000000000000600, -19.11028856829701200, 5.191025403784453700 ) ) ;
#3925 = CARTESIAN_POINT ( 'NONE',  ( 14.76580467876464900, -24.40014772540693100, 2.136923795451810100 ) ) ;
#3926 = CARTESIAN_POINT ( 'NONE',  ( 11.64955306548104700, -28.21108972871594400, 4.600024479942110400 ) ) ;
#3927 = ORIENTED_EDGE ( 'NONE', *, *, #1311, .T. ) ;
#3928 = CARTESIAN_POINT ( 'NONE',  ( 15.50000000000000000, -3.499999999999994700, 0.5000000000000000000 ) ) ;
#3929 = EDGE_LOOP ( 'NONE', ( #1055, #3732, #1698, #740, #2701, #545 ) ) ;
#3930 = CARTESIAN_POINT ( 'NONE',  ( 11.16988411927699000, -27.71762818314061100, 5.358935573496726300 ) ) ;
#3931 = EDGE_CURVE ( 'NONE', #503, #1913, #3395, .T. ) ;
#3932 = CARTESIAN_POINT ( 'NONE',  ( 10.01481025735269800, -29.30563386371788700, 5.232763454621357700 ) ) ;
#3933 = CARTESIAN_POINT ( 'NONE',  ( 12.80000000000000600, -19.00000000000000000, 5.000000000000000000 ) ) ;
#3934 = CARTESIAN_POINT ( 'NONE',  ( -18.51132486540516500, 0.0000000000000000000, -8.673617379884035500E-016 ) ) ;
#3935 = CARTESIAN_POINT ( 'NONE',  ( 14.80000000000000100, -24.26512932945329100, 2.214876702701198000 ) ) ;
ENDSEC;
END-ISO-10303-21;
