ISO-10303-21;
HEADER;
FILE_DESCRIPTION(('STEP AP242'),
    '1');
FILE_NAME('корпус ИЧТ верх',
    '',
    ('UNSPECIFIED'),
    ('UNSPECIFIED'),
    'C3D Converter',
    'C3D Toolkit',
    '');
FILE_SCHEMA(('AP242_MANAGED_MODEL_BASED_3D_ENGINEERING_MIM_LF { 1 0 10303 442 1 1 4 }'));
ENDSEC;

DATA;
#1=PRODUCT_DEFINITION('','UNSPECIFIED',#28,#31);
#2=SHAPE_DEFINITION_REPRESENTATION(#26,#3);
#3=SHAPE_REPRESENTATION('NONE',(#4),#8);
#4=AXIS2_PLACEMENT_3D('',#5,#6,#7);
#5=CARTESIAN_POINT('',(0.,0.,0.));
#6=DIRECTION('',(0.,0.,1.));
#7=DIRECTION('',(1.,0.,0.));
#8=(GEOMETRIC_REPRESENTATION_CONTEXT(3)GLOBAL_UNCERTAINTY_ASSIGNED_CONTEXT((#10))
GLOBAL_UNIT_ASSIGNED_CONTEXT((#9,#11,#12))REPRESENTATION_CONTEXT('NONE','NONE'));
#9=(LENGTH_UNIT()NAMED_UNIT(*)SI_UNIT(.MILLI.,.METRE.));
#10=UNCERTAINTY_MEASURE_WITH_UNIT(LENGTH_MEASURE(1.E-5),#9,'NONE','NONE');
#11=(NAMED_UNIT(*)PLANE_ANGLE_UNIT()SI_UNIT($,.RADIAN.));
#12=(NAMED_UNIT(*)SI_UNIT($,.STERADIAN.)SOLID_ANGLE_UNIT());
#13=MANIFOLD_SOLID_BREP('',#14);
#14=CLOSED_SHELL('',(#53,#62,#71,#80,#89,#98,#107,#116,#125,#134,#143,#152,#161,
#170,#179,#188,#197,#206,#215,#224,#233,#242,#251,#260,#269,#278,#287,#296,#305,
#314,#323,#332,#341,#350,#359,#368,#377,#386,#395,#404,#413,#422,#431,#440,#449,
#458,#467,#476,#485,#494,#503,#512,#521,#530,#539,#548,#557,#566,#575,#584,#593,
#602,#611));
#15=COLOUR_RGB('',0.564705882352941,0.564705882352941,0.564705882352941);
#16=FILL_AREA_STYLE_COLOUR('',#15);
#17=FILL_AREA_STYLE($,(#16));
#18=SURFACE_STYLE_FILL_AREA(#17);
#19=SURFACE_SIDE_STYLE('',(#18));
#20=SURFACE_STYLE_USAGE(.BOTH.,#19);
#21=PRESENTATION_STYLE_ASSIGNMENT((#20));
#22=MECHANICAL_DESIGN_GEOMETRIC_PRESENTATION_REPRESENTATION('NONE',(#23,#61,#70,
#79,#88,#97,#106,#115,#124,#133,#142,#151,#160,#169,#178,#187,#196,#205,#214,#223,
#232,#241,#250,#259,#268,#277,#286,#295,#304,#313,#322,#331,#340,#349,#358,#367,
#376,#385,#394,#403,#412,#421,#430,#439,#448,#457,#466,#475,#484,#493,#502,#511,
#520,#529,#538,#547,#556,#565,#574,#583,#592,#601,#610,#619),#8);
#23=STYLED_ITEM('',(#21),#13);
#24=ADVANCED_BREP_SHAPE_REPRESENTATION('NONE',(#13),#8);
#25=SHAPE_REPRESENTATION_RELATIONSHIP('','',#3,#24);
#26=PRODUCT_DEFINITION_SHAPE('NONE','NONE',#1);
#27=MECHANICAL_CONTEXT('NONE',#32,'mechanical');
#28=PRODUCT_DEFINITION_FORMATION_WITH_SPECIFIED_SOURCE('ANY','UNSPECIFIED',#29,.NOT_KNOWN.);
#29=PRODUCT('','\X2\0414043504420430043B044C\X0\','NONE',(#27));
#30=PRODUCT_RELATED_PRODUCT_CATEGORY('detail','',(#29));
#31=DESIGN_CONTEXT('detailed design',#32,'design');
#32=APPLICATION_CONTEXT('configuration controlled 3d designs of mechanical parts and assemblies');
#33=APPLICATION_PROTOCOL_DEFINITION('international standard','config_control_design',
1994,#32);
#34=CC_DESIGN_DATE_AND_TIME_ASSIGNMENT(#35,#39,(#1));
#35=DATE_AND_TIME(#36,#37);
#36=CALENDAR_DATE(0,1,1);
#37=LOCAL_TIME(0,0,0.,#38);
#38=COORDINATED_UNIVERSAL_TIME_OFFSET(0,0,.AHEAD.);
#39=DATE_TIME_ROLE('creation_date');
#40=CC_DESIGN_APPROVAL(#41,(#1));
#41=APPROVAL(#42,'UNSPECIFIED');
#42=APPROVAL_STATUS('not_yet_approved');
#43=APPROVAL_DATE_TIME(#44,#41);
#44=DATE_AND_TIME(#45,#46);
#45=CALENDAR_DATE(0,1,1);
#46=LOCAL_TIME(0,0,0.,#47);
#47=COORDINATED_UNIVERSAL_TIME_OFFSET(0,0,.AHEAD.);
#48=PERSON('UNSPECIFIED','savvig','UNSPECIFIED',('UNSPECIFIED'),('UNSPECIFIED'),
('UNSPECIFIED'));
#49=ORGANIZATION('UNSPECIFIED','UNSPECIFIED','UNSPECIFIED');
#50=PERSON_AND_ORGANIZATION(#48,#49);
#51=PERSON_AND_ORGANIZATION_ROLE('creator');
#52=CC_DESIGN_PERSON_AND_ORGANIZATION_ASSIGNMENT(#50,#51,(#28,#1));
#53=ADVANCED_FACE('',(#620),#622,.F.);
#54=COLOUR_RGB('',0.564705882352941,0.564705882352941,0.564705882352941);
#55=FILL_AREA_STYLE_COLOUR('',#54);
#56=FILL_AREA_STYLE($,(#55));
#57=SURFACE_STYLE_FILL_AREA(#56);
#58=SURFACE_SIDE_STYLE('',(#57));
#59=SURFACE_STYLE_USAGE(.BOTH.,#58);
#60=PRESENTATION_STYLE_ASSIGNMENT((#59));
#61=STYLED_ITEM('',(#60),#53);
#62=ADVANCED_FACE('',(#627),#629,.F.);
#63=COLOUR_RGB('',0.564705882352941,0.564705882352941,0.564705882352941);
#64=FILL_AREA_STYLE_COLOUR('',#63);
#65=FILL_AREA_STYLE($,(#64));
#66=SURFACE_STYLE_FILL_AREA(#65);
#67=SURFACE_SIDE_STYLE('',(#66));
#68=SURFACE_STYLE_USAGE(.BOTH.,#67);
#69=PRESENTATION_STYLE_ASSIGNMENT((#68));
#70=STYLED_ITEM('',(#69),#62);
#71=ADVANCED_FACE('',(#634),#636,.F.);
#72=COLOUR_RGB('',0.564705882352941,0.564705882352941,0.564705882352941);
#73=FILL_AREA_STYLE_COLOUR('',#72);
#74=FILL_AREA_STYLE($,(#73));
#75=SURFACE_STYLE_FILL_AREA(#74);
#76=SURFACE_SIDE_STYLE('',(#75));
#77=SURFACE_STYLE_USAGE(.BOTH.,#76);
#78=PRESENTATION_STYLE_ASSIGNMENT((#77));
#79=STYLED_ITEM('',(#78),#71);
#80=ADVANCED_FACE('',(#641),#643,.F.);
#81=COLOUR_RGB('',0.564705882352941,0.564705882352941,0.564705882352941);
#82=FILL_AREA_STYLE_COLOUR('',#81);
#83=FILL_AREA_STYLE($,(#82));
#84=SURFACE_STYLE_FILL_AREA(#83);
#85=SURFACE_SIDE_STYLE('',(#84));
#86=SURFACE_STYLE_USAGE(.BOTH.,#85);
#87=PRESENTATION_STYLE_ASSIGNMENT((#86));
#88=STYLED_ITEM('',(#87),#80);
#89=ADVANCED_FACE('',(#648),#650,.F.);
#90=COLOUR_RGB('',0.564705882352941,0.564705882352941,0.564705882352941);
#91=FILL_AREA_STYLE_COLOUR('',#90);
#92=FILL_AREA_STYLE($,(#91));
#93=SURFACE_STYLE_FILL_AREA(#92);
#94=SURFACE_SIDE_STYLE('',(#93));
#95=SURFACE_STYLE_USAGE(.BOTH.,#94);
#96=PRESENTATION_STYLE_ASSIGNMENT((#95));
#97=STYLED_ITEM('',(#96),#89);
#98=ADVANCED_FACE('',(#655),#657,.F.);
#99=COLOUR_RGB('',0.564705882352941,0.564705882352941,0.564705882352941);
#100=FILL_AREA_STYLE_COLOUR('',#99);
#101=FILL_AREA_STYLE($,(#100));
#102=SURFACE_STYLE_FILL_AREA(#101);
#103=SURFACE_SIDE_STYLE('',(#102));
#104=SURFACE_STYLE_USAGE(.BOTH.,#103);
#105=PRESENTATION_STYLE_ASSIGNMENT((#104));
#106=STYLED_ITEM('',(#105),#98);
#107=ADVANCED_FACE('',(#662),#664,.F.);
#108=COLOUR_RGB('',0.564705882352941,0.564705882352941,0.564705882352941);
#109=FILL_AREA_STYLE_COLOUR('',#108);
#110=FILL_AREA_STYLE($,(#109));
#111=SURFACE_STYLE_FILL_AREA(#110);
#112=SURFACE_SIDE_STYLE('',(#111));
#113=SURFACE_STYLE_USAGE(.BOTH.,#112);
#114=PRESENTATION_STYLE_ASSIGNMENT((#113));
#115=STYLED_ITEM('',(#114),#107);
#116=ADVANCED_FACE('',(#669),#671,.F.);
#117=COLOUR_RGB('',0.564705882352941,0.564705882352941,0.564705882352941);
#118=FILL_AREA_STYLE_COLOUR('',#117);
#119=FILL_AREA_STYLE($,(#118));
#120=SURFACE_STYLE_FILL_AREA(#119);
#121=SURFACE_SIDE_STYLE('',(#120));
#122=SURFACE_STYLE_USAGE(.BOTH.,#121);
#123=PRESENTATION_STYLE_ASSIGNMENT((#122));
#124=STYLED_ITEM('',(#123),#116);
#125=ADVANCED_FACE('',(#676),#678,.F.);
#126=COLOUR_RGB('',0.564705882352941,0.564705882352941,0.564705882352941);
#127=FILL_AREA_STYLE_COLOUR('',#126);
#128=FILL_AREA_STYLE($,(#127));
#129=SURFACE_STYLE_FILL_AREA(#128);
#130=SURFACE_SIDE_STYLE('',(#129));
#131=SURFACE_STYLE_USAGE(.BOTH.,#130);
#132=PRESENTATION_STYLE_ASSIGNMENT((#131));
#133=STYLED_ITEM('',(#132),#125);
#134=ADVANCED_FACE('',(#683),#685,.F.);
#135=COLOUR_RGB('',0.564705882352941,0.564705882352941,0.564705882352941);
#136=FILL_AREA_STYLE_COLOUR('',#135);
#137=FILL_AREA_STYLE($,(#136));
#138=SURFACE_STYLE_FILL_AREA(#137);
#139=SURFACE_SIDE_STYLE('',(#138));
#140=SURFACE_STYLE_USAGE(.BOTH.,#139);
#141=PRESENTATION_STYLE_ASSIGNMENT((#140));
#142=STYLED_ITEM('',(#141),#134);
#143=ADVANCED_FACE('',(#690),#692,.F.);
#144=COLOUR_RGB('',0.564705882352941,0.564705882352941,0.564705882352941);
#145=FILL_AREA_STYLE_COLOUR('',#144);
#146=FILL_AREA_STYLE($,(#145));
#147=SURFACE_STYLE_FILL_AREA(#146);
#148=SURFACE_SIDE_STYLE('',(#147));
#149=SURFACE_STYLE_USAGE(.BOTH.,#148);
#150=PRESENTATION_STYLE_ASSIGNMENT((#149));
#151=STYLED_ITEM('',(#150),#143);
#152=ADVANCED_FACE('',(#697),#699,.F.);
#153=COLOUR_RGB('',0.564705882352941,0.564705882352941,0.564705882352941);
#154=FILL_AREA_STYLE_COLOUR('',#153);
#155=FILL_AREA_STYLE($,(#154));
#156=SURFACE_STYLE_FILL_AREA(#155);
#157=SURFACE_SIDE_STYLE('',(#156));
#158=SURFACE_STYLE_USAGE(.BOTH.,#157);
#159=PRESENTATION_STYLE_ASSIGNMENT((#158));
#160=STYLED_ITEM('',(#159),#152);
#161=ADVANCED_FACE('',(#704,#706),#708,.T.);
#162=COLOUR_RGB('',0.564705882352941,0.564705882352941,0.564705882352941);
#163=FILL_AREA_STYLE_COLOUR('',#162);
#164=FILL_AREA_STYLE($,(#163));
#165=SURFACE_STYLE_FILL_AREA(#164);
#166=SURFACE_SIDE_STYLE('',(#165));
#167=SURFACE_STYLE_USAGE(.BOTH.,#166);
#168=PRESENTATION_STYLE_ASSIGNMENT((#167));
#169=STYLED_ITEM('',(#168),#161);
#170=ADVANCED_FACE('',(#713),#715,.F.);
#171=COLOUR_RGB('',0.564705882352941,0.564705882352941,0.564705882352941);
#172=FILL_AREA_STYLE_COLOUR('',#171);
#173=FILL_AREA_STYLE($,(#172));
#174=SURFACE_STYLE_FILL_AREA(#173);
#175=SURFACE_SIDE_STYLE('',(#174));
#176=SURFACE_STYLE_USAGE(.BOTH.,#175);
#177=PRESENTATION_STYLE_ASSIGNMENT((#176));
#178=STYLED_ITEM('',(#177),#170);
#179=ADVANCED_FACE('',(#720),#722,.F.);
#180=COLOUR_RGB('',0.564705882352941,0.564705882352941,0.564705882352941);
#181=FILL_AREA_STYLE_COLOUR('',#180);
#182=FILL_AREA_STYLE($,(#181));
#183=SURFACE_STYLE_FILL_AREA(#182);
#184=SURFACE_SIDE_STYLE('',(#183));
#185=SURFACE_STYLE_USAGE(.BOTH.,#184);
#186=PRESENTATION_STYLE_ASSIGNMENT((#185));
#187=STYLED_ITEM('',(#186),#179);
#188=ADVANCED_FACE('',(#727),#729,.F.);
#189=COLOUR_RGB('',0.564705882352941,0.564705882352941,0.564705882352941);
#190=FILL_AREA_STYLE_COLOUR('',#189);
#191=FILL_AREA_STYLE($,(#190));
#192=SURFACE_STYLE_FILL_AREA(#191);
#193=SURFACE_SIDE_STYLE('',(#192));
#194=SURFACE_STYLE_USAGE(.BOTH.,#193);
#195=PRESENTATION_STYLE_ASSIGNMENT((#194));
#196=STYLED_ITEM('',(#195),#188);
#197=ADVANCED_FACE('',(#734),#736,.F.);
#198=COLOUR_RGB('',0.564705882352941,0.564705882352941,0.564705882352941);
#199=FILL_AREA_STYLE_COLOUR('',#198);
#200=FILL_AREA_STYLE($,(#199));
#201=SURFACE_STYLE_FILL_AREA(#200);
#202=SURFACE_SIDE_STYLE('',(#201));
#203=SURFACE_STYLE_USAGE(.BOTH.,#202);
#204=PRESENTATION_STYLE_ASSIGNMENT((#203));
#205=STYLED_ITEM('',(#204),#197);
#206=ADVANCED_FACE('',(#741),#743,.F.);
#207=COLOUR_RGB('',0.564705882352941,0.564705882352941,0.564705882352941);
#208=FILL_AREA_STYLE_COLOUR('',#207);
#209=FILL_AREA_STYLE($,(#208));
#210=SURFACE_STYLE_FILL_AREA(#209);
#211=SURFACE_SIDE_STYLE('',(#210));
#212=SURFACE_STYLE_USAGE(.BOTH.,#211);
#213=PRESENTATION_STYLE_ASSIGNMENT((#212));
#214=STYLED_ITEM('',(#213),#206);
#215=ADVANCED_FACE('',(#748),#750,.F.);
#216=COLOUR_RGB('',0.564705882352941,0.564705882352941,0.564705882352941);
#217=FILL_AREA_STYLE_COLOUR('',#216);
#218=FILL_AREA_STYLE($,(#217));
#219=SURFACE_STYLE_FILL_AREA(#218);
#220=SURFACE_SIDE_STYLE('',(#219));
#221=SURFACE_STYLE_USAGE(.BOTH.,#220);
#222=PRESENTATION_STYLE_ASSIGNMENT((#221));
#223=STYLED_ITEM('',(#222),#215);
#224=ADVANCED_FACE('',(#755),#757,.F.);
#225=COLOUR_RGB('',0.564705882352941,0.564705882352941,0.564705882352941);
#226=FILL_AREA_STYLE_COLOUR('',#225);
#227=FILL_AREA_STYLE($,(#226));
#228=SURFACE_STYLE_FILL_AREA(#227);
#229=SURFACE_SIDE_STYLE('',(#228));
#230=SURFACE_STYLE_USAGE(.BOTH.,#229);
#231=PRESENTATION_STYLE_ASSIGNMENT((#230));
#232=STYLED_ITEM('',(#231),#224);
#233=ADVANCED_FACE('',(#762),#764,.F.);
#234=COLOUR_RGB('',0.564705882352941,0.564705882352941,0.564705882352941);
#235=FILL_AREA_STYLE_COLOUR('',#234);
#236=FILL_AREA_STYLE($,(#235));
#237=SURFACE_STYLE_FILL_AREA(#236);
#238=SURFACE_SIDE_STYLE('',(#237));
#239=SURFACE_STYLE_USAGE(.BOTH.,#238);
#240=PRESENTATION_STYLE_ASSIGNMENT((#239));
#241=STYLED_ITEM('',(#240),#233);
#242=ADVANCED_FACE('',(#769,#771),#773,.T.);
#243=COLOUR_RGB('',0.564705882352941,0.564705882352941,0.564705882352941);
#244=FILL_AREA_STYLE_COLOUR('',#243);
#245=FILL_AREA_STYLE($,(#244));
#246=SURFACE_STYLE_FILL_AREA(#245);
#247=SURFACE_SIDE_STYLE('',(#246));
#248=SURFACE_STYLE_USAGE(.BOTH.,#247);
#249=PRESENTATION_STYLE_ASSIGNMENT((#248));
#250=STYLED_ITEM('',(#249),#242);
#251=ADVANCED_FACE('',(#778,#780),#782,.F.);
#252=COLOUR_RGB('',0.564705882352941,0.564705882352941,0.564705882352941);
#253=FILL_AREA_STYLE_COLOUR('',#252);
#254=FILL_AREA_STYLE($,(#253));
#255=SURFACE_STYLE_FILL_AREA(#254);
#256=SURFACE_SIDE_STYLE('',(#255));
#257=SURFACE_STYLE_USAGE(.BOTH.,#256);
#258=PRESENTATION_STYLE_ASSIGNMENT((#257));
#259=STYLED_ITEM('',(#258),#251);
#260=ADVANCED_FACE('',(#787),#789,.F.);
#261=COLOUR_RGB('',0.564705882352941,0.564705882352941,0.564705882352941);
#262=FILL_AREA_STYLE_COLOUR('',#261);
#263=FILL_AREA_STYLE($,(#262));
#264=SURFACE_STYLE_FILL_AREA(#263);
#265=SURFACE_SIDE_STYLE('',(#264));
#266=SURFACE_STYLE_USAGE(.BOTH.,#265);
#267=PRESENTATION_STYLE_ASSIGNMENT((#266));
#268=STYLED_ITEM('',(#267),#260);
#269=ADVANCED_FACE('',(#794),#796,.F.);
#270=COLOUR_RGB('',0.564705882352941,0.564705882352941,0.564705882352941);
#271=FILL_AREA_STYLE_COLOUR('',#270);
#272=FILL_AREA_STYLE($,(#271));
#273=SURFACE_STYLE_FILL_AREA(#272);
#274=SURFACE_SIDE_STYLE('',(#273));
#275=SURFACE_STYLE_USAGE(.BOTH.,#274);
#276=PRESENTATION_STYLE_ASSIGNMENT((#275));
#277=STYLED_ITEM('',(#276),#269);
#278=ADVANCED_FACE('',(#801),#803,.F.);
#279=COLOUR_RGB('',0.564705882352941,0.564705882352941,0.564705882352941);
#280=FILL_AREA_STYLE_COLOUR('',#279);
#281=FILL_AREA_STYLE($,(#280));
#282=SURFACE_STYLE_FILL_AREA(#281);
#283=SURFACE_SIDE_STYLE('',(#282));
#284=SURFACE_STYLE_USAGE(.BOTH.,#283);
#285=PRESENTATION_STYLE_ASSIGNMENT((#284));
#286=STYLED_ITEM('',(#285),#278);
#287=ADVANCED_FACE('',(#808),#810,.F.);
#288=COLOUR_RGB('',0.564705882352941,0.564705882352941,0.564705882352941);
#289=FILL_AREA_STYLE_COLOUR('',#288);
#290=FILL_AREA_STYLE($,(#289));
#291=SURFACE_STYLE_FILL_AREA(#290);
#292=SURFACE_SIDE_STYLE('',(#291));
#293=SURFACE_STYLE_USAGE(.BOTH.,#292);
#294=PRESENTATION_STYLE_ASSIGNMENT((#293));
#295=STYLED_ITEM('',(#294),#287);
#296=ADVANCED_FACE('',(#815),#817,.F.);
#297=COLOUR_RGB('',0.564705882352941,0.564705882352941,0.564705882352941);
#298=FILL_AREA_STYLE_COLOUR('',#297);
#299=FILL_AREA_STYLE($,(#298));
#300=SURFACE_STYLE_FILL_AREA(#299);
#301=SURFACE_SIDE_STYLE('',(#300));
#302=SURFACE_STYLE_USAGE(.BOTH.,#301);
#303=PRESENTATION_STYLE_ASSIGNMENT((#302));
#304=STYLED_ITEM('',(#303),#296);
#305=ADVANCED_FACE('',(#822),#824,.F.);
#306=COLOUR_RGB('',0.564705882352941,0.564705882352941,0.564705882352941);
#307=FILL_AREA_STYLE_COLOUR('',#306);
#308=FILL_AREA_STYLE($,(#307));
#309=SURFACE_STYLE_FILL_AREA(#308);
#310=SURFACE_SIDE_STYLE('',(#309));
#311=SURFACE_STYLE_USAGE(.BOTH.,#310);
#312=PRESENTATION_STYLE_ASSIGNMENT((#311));
#313=STYLED_ITEM('',(#312),#305);
#314=ADVANCED_FACE('',(#829),#831,.F.);
#315=COLOUR_RGB('',0.564705882352941,0.564705882352941,0.564705882352941);
#316=FILL_AREA_STYLE_COLOUR('',#315);
#317=FILL_AREA_STYLE($,(#316));
#318=SURFACE_STYLE_FILL_AREA(#317);
#319=SURFACE_SIDE_STYLE('',(#318));
#320=SURFACE_STYLE_USAGE(.BOTH.,#319);
#321=PRESENTATION_STYLE_ASSIGNMENT((#320));
#322=STYLED_ITEM('',(#321),#314);
#323=ADVANCED_FACE('',(#836),#838,.F.);
#324=COLOUR_RGB('',0.564705882352941,0.564705882352941,0.564705882352941);
#325=FILL_AREA_STYLE_COLOUR('',#324);
#326=FILL_AREA_STYLE($,(#325));
#327=SURFACE_STYLE_FILL_AREA(#326);
#328=SURFACE_SIDE_STYLE('',(#327));
#329=SURFACE_STYLE_USAGE(.BOTH.,#328);
#330=PRESENTATION_STYLE_ASSIGNMENT((#329));
#331=STYLED_ITEM('',(#330),#323);
#332=ADVANCED_FACE('',(#843),#845,.T.);
#333=COLOUR_RGB('',0.564705882352941,0.564705882352941,0.564705882352941);
#334=FILL_AREA_STYLE_COLOUR('',#333);
#335=FILL_AREA_STYLE($,(#334));
#336=SURFACE_STYLE_FILL_AREA(#335);
#337=SURFACE_SIDE_STYLE('',(#336));
#338=SURFACE_STYLE_USAGE(.BOTH.,#337);
#339=PRESENTATION_STYLE_ASSIGNMENT((#338));
#340=STYLED_ITEM('',(#339),#332);
#341=ADVANCED_FACE('',(#850),#852,.T.);
#342=COLOUR_RGB('',0.564705882352941,0.564705882352941,0.564705882352941);
#343=FILL_AREA_STYLE_COLOUR('',#342);
#344=FILL_AREA_STYLE($,(#343));
#345=SURFACE_STYLE_FILL_AREA(#344);
#346=SURFACE_SIDE_STYLE('',(#345));
#347=SURFACE_STYLE_USAGE(.BOTH.,#346);
#348=PRESENTATION_STYLE_ASSIGNMENT((#347));
#349=STYLED_ITEM('',(#348),#341);
#350=ADVANCED_FACE('',(#857),#859,.T.);
#351=COLOUR_RGB('',0.564705882352941,0.564705882352941,0.564705882352941);
#352=FILL_AREA_STYLE_COLOUR('',#351);
#353=FILL_AREA_STYLE($,(#352));
#354=SURFACE_STYLE_FILL_AREA(#353);
#355=SURFACE_SIDE_STYLE('',(#354));
#356=SURFACE_STYLE_USAGE(.BOTH.,#355);
#357=PRESENTATION_STYLE_ASSIGNMENT((#356));
#358=STYLED_ITEM('',(#357),#350);
#359=ADVANCED_FACE('',(#864),#866,.T.);
#360=COLOUR_RGB('',0.564705882352941,0.564705882352941,0.564705882352941);
#361=FILL_AREA_STYLE_COLOUR('',#360);
#362=FILL_AREA_STYLE($,(#361));
#363=SURFACE_STYLE_FILL_AREA(#362);
#364=SURFACE_SIDE_STYLE('',(#363));
#365=SURFACE_STYLE_USAGE(.BOTH.,#364);
#366=PRESENTATION_STYLE_ASSIGNMENT((#365));
#367=STYLED_ITEM('',(#366),#359);
#368=ADVANCED_FACE('',(#871),#873,.T.);
#369=COLOUR_RGB('',0.564705882352941,0.564705882352941,0.564705882352941);
#370=FILL_AREA_STYLE_COLOUR('',#369);
#371=FILL_AREA_STYLE($,(#370));
#372=SURFACE_STYLE_FILL_AREA(#371);
#373=SURFACE_SIDE_STYLE('',(#372));
#374=SURFACE_STYLE_USAGE(.BOTH.,#373);
#375=PRESENTATION_STYLE_ASSIGNMENT((#374));
#376=STYLED_ITEM('',(#375),#368);
#377=ADVANCED_FACE('',(#878),#880,.T.);
#378=COLOUR_RGB('',0.564705882352941,0.564705882352941,0.564705882352941);
#379=FILL_AREA_STYLE_COLOUR('',#378);
#380=FILL_AREA_STYLE($,(#379));
#381=SURFACE_STYLE_FILL_AREA(#380);
#382=SURFACE_SIDE_STYLE('',(#381));
#383=SURFACE_STYLE_USAGE(.BOTH.,#382);
#384=PRESENTATION_STYLE_ASSIGNMENT((#383));
#385=STYLED_ITEM('',(#384),#377);
#386=ADVANCED_FACE('',(#885),#887,.T.);
#387=COLOUR_RGB('',0.564705882352941,0.564705882352941,0.564705882352941);
#388=FILL_AREA_STYLE_COLOUR('',#387);
#389=FILL_AREA_STYLE($,(#388));
#390=SURFACE_STYLE_FILL_AREA(#389);
#391=SURFACE_SIDE_STYLE('',(#390));
#392=SURFACE_STYLE_USAGE(.BOTH.,#391);
#393=PRESENTATION_STYLE_ASSIGNMENT((#392));
#394=STYLED_ITEM('',(#393),#386);
#395=ADVANCED_FACE('',(#892),#894,.T.);
#396=COLOUR_RGB('',0.564705882352941,0.564705882352941,0.564705882352941);
#397=FILL_AREA_STYLE_COLOUR('',#396);
#398=FILL_AREA_STYLE($,(#397));
#399=SURFACE_STYLE_FILL_AREA(#398);
#400=SURFACE_SIDE_STYLE('',(#399));
#401=SURFACE_STYLE_USAGE(.BOTH.,#400);
#402=PRESENTATION_STYLE_ASSIGNMENT((#401));
#403=STYLED_ITEM('',(#402),#395);
#404=ADVANCED_FACE('',(#899,#901),#903,.T.);
#405=COLOUR_RGB('',0.564705882352941,0.564705882352941,0.564705882352941);
#406=FILL_AREA_STYLE_COLOUR('',#405);
#407=FILL_AREA_STYLE($,(#406));
#408=SURFACE_STYLE_FILL_AREA(#407);
#409=SURFACE_SIDE_STYLE('',(#408));
#410=SURFACE_STYLE_USAGE(.BOTH.,#409);
#411=PRESENTATION_STYLE_ASSIGNMENT((#410));
#412=STYLED_ITEM('',(#411),#404);
#413=ADVANCED_FACE('',(#908,#910),#912,.T.);
#414=COLOUR_RGB('',0.564705882352941,0.564705882352941,0.564705882352941);
#415=FILL_AREA_STYLE_COLOUR('',#414);
#416=FILL_AREA_STYLE($,(#415));
#417=SURFACE_STYLE_FILL_AREA(#416);
#418=SURFACE_SIDE_STYLE('',(#417));
#419=SURFACE_STYLE_USAGE(.BOTH.,#418);
#420=PRESENTATION_STYLE_ASSIGNMENT((#419));
#421=STYLED_ITEM('',(#420),#413);
#422=ADVANCED_FACE('',(#917),#919,.F.);
#423=COLOUR_RGB('',0.564705882352941,0.564705882352941,0.564705882352941);
#424=FILL_AREA_STYLE_COLOUR('',#423);
#425=FILL_AREA_STYLE($,(#424));
#426=SURFACE_STYLE_FILL_AREA(#425);
#427=SURFACE_SIDE_STYLE('',(#426));
#428=SURFACE_STYLE_USAGE(.BOTH.,#427);
#429=PRESENTATION_STYLE_ASSIGNMENT((#428));
#430=STYLED_ITEM('',(#429),#422);
#431=ADVANCED_FACE('',(#924,#926),#928,.F.);
#432=COLOUR_RGB('',0.564705882352941,0.564705882352941,0.564705882352941);
#433=FILL_AREA_STYLE_COLOUR('',#432);
#434=FILL_AREA_STYLE($,(#433));
#435=SURFACE_STYLE_FILL_AREA(#434);
#436=SURFACE_SIDE_STYLE('',(#435));
#437=SURFACE_STYLE_USAGE(.BOTH.,#436);
#438=PRESENTATION_STYLE_ASSIGNMENT((#437));
#439=STYLED_ITEM('',(#438),#431);
#440=ADVANCED_FACE('',(#933,#935),#937,.T.);
#441=COLOUR_RGB('',0.564705882352941,0.564705882352941,0.564705882352941);
#442=FILL_AREA_STYLE_COLOUR('',#441);
#443=FILL_AREA_STYLE($,(#442));
#444=SURFACE_STYLE_FILL_AREA(#443);
#445=SURFACE_SIDE_STYLE('',(#444));
#446=SURFACE_STYLE_USAGE(.BOTH.,#445);
#447=PRESENTATION_STYLE_ASSIGNMENT((#446));
#448=STYLED_ITEM('',(#447),#440);
#449=ADVANCED_FACE('',(#942),#944,.T.);
#450=COLOUR_RGB('',0.564705882352941,0.564705882352941,0.564705882352941);
#451=FILL_AREA_STYLE_COLOUR('',#450);
#452=FILL_AREA_STYLE($,(#451));
#453=SURFACE_STYLE_FILL_AREA(#452);
#454=SURFACE_SIDE_STYLE('',(#453));
#455=SURFACE_STYLE_USAGE(.BOTH.,#454);
#456=PRESENTATION_STYLE_ASSIGNMENT((#455));
#457=STYLED_ITEM('',(#456),#449);
#458=ADVANCED_FACE('',(#949,#951),#953,.F.);
#459=COLOUR_RGB('',0.564705882352941,0.564705882352941,0.564705882352941);
#460=FILL_AREA_STYLE_COLOUR('',#459);
#461=FILL_AREA_STYLE($,(#460));
#462=SURFACE_STYLE_FILL_AREA(#461);
#463=SURFACE_SIDE_STYLE('',(#462));
#464=SURFACE_STYLE_USAGE(.BOTH.,#463);
#465=PRESENTATION_STYLE_ASSIGNMENT((#464));
#466=STYLED_ITEM('',(#465),#458);
#467=ADVANCED_FACE('',(#958),#960,.T.);
#468=COLOUR_RGB('',0.564705882352941,0.564705882352941,0.564705882352941);
#469=FILL_AREA_STYLE_COLOUR('',#468);
#470=FILL_AREA_STYLE($,(#469));
#471=SURFACE_STYLE_FILL_AREA(#470);
#472=SURFACE_SIDE_STYLE('',(#471));
#473=SURFACE_STYLE_USAGE(.BOTH.,#472);
#474=PRESENTATION_STYLE_ASSIGNMENT((#473));
#475=STYLED_ITEM('',(#474),#467);
#476=ADVANCED_FACE('',(#965),#967,.F.);
#477=COLOUR_RGB('',0.564705882352941,0.564705882352941,0.564705882352941);
#478=FILL_AREA_STYLE_COLOUR('',#477);
#479=FILL_AREA_STYLE($,(#478));
#480=SURFACE_STYLE_FILL_AREA(#479);
#481=SURFACE_SIDE_STYLE('',(#480));
#482=SURFACE_STYLE_USAGE(.BOTH.,#481);
#483=PRESENTATION_STYLE_ASSIGNMENT((#482));
#484=STYLED_ITEM('',(#483),#476);
#485=ADVANCED_FACE('',(#972),#974,.T.);
#486=COLOUR_RGB('',0.564705882352941,0.564705882352941,0.564705882352941);
#487=FILL_AREA_STYLE_COLOUR('',#486);
#488=FILL_AREA_STYLE($,(#487));
#489=SURFACE_STYLE_FILL_AREA(#488);
#490=SURFACE_SIDE_STYLE('',(#489));
#491=SURFACE_STYLE_USAGE(.BOTH.,#490);
#492=PRESENTATION_STYLE_ASSIGNMENT((#491));
#493=STYLED_ITEM('',(#492),#485);
#494=ADVANCED_FACE('',(#979),#981,.T.);
#495=COLOUR_RGB('',0.564705882352941,0.564705882352941,0.564705882352941);
#496=FILL_AREA_STYLE_COLOUR('',#495);
#497=FILL_AREA_STYLE($,(#496));
#498=SURFACE_STYLE_FILL_AREA(#497);
#499=SURFACE_SIDE_STYLE('',(#498));
#500=SURFACE_STYLE_USAGE(.BOTH.,#499);
#501=PRESENTATION_STYLE_ASSIGNMENT((#500));
#502=STYLED_ITEM('',(#501),#494);
#503=ADVANCED_FACE('',(#986),#988,.T.);
#504=COLOUR_RGB('',0.564705882352941,0.564705882352941,0.564705882352941);
#505=FILL_AREA_STYLE_COLOUR('',#504);
#506=FILL_AREA_STYLE($,(#505));
#507=SURFACE_STYLE_FILL_AREA(#506);
#508=SURFACE_SIDE_STYLE('',(#507));
#509=SURFACE_STYLE_USAGE(.BOTH.,#508);
#510=PRESENTATION_STYLE_ASSIGNMENT((#509));
#511=STYLED_ITEM('',(#510),#503);
#512=ADVANCED_FACE('',(#993),#995,.F.);
#513=COLOUR_RGB('',0.564705882352941,0.564705882352941,0.564705882352941);
#514=FILL_AREA_STYLE_COLOUR('',#513);
#515=FILL_AREA_STYLE($,(#514));
#516=SURFACE_STYLE_FILL_AREA(#515);
#517=SURFACE_SIDE_STYLE('',(#516));
#518=SURFACE_STYLE_USAGE(.BOTH.,#517);
#519=PRESENTATION_STYLE_ASSIGNMENT((#518));
#520=STYLED_ITEM('',(#519),#512);
#521=ADVANCED_FACE('',(#1000,#1002),#1004,.F.);
#522=COLOUR_RGB('',0.564705882352941,0.564705882352941,0.564705882352941);
#523=FILL_AREA_STYLE_COLOUR('',#522);
#524=FILL_AREA_STYLE($,(#523));
#525=SURFACE_STYLE_FILL_AREA(#524);
#526=SURFACE_SIDE_STYLE('',(#525));
#527=SURFACE_STYLE_USAGE(.BOTH.,#526);
#528=PRESENTATION_STYLE_ASSIGNMENT((#527));
#529=STYLED_ITEM('',(#528),#521);
#530=ADVANCED_FACE('',(#1009,#1011),#1013,.F.);
#531=COLOUR_RGB('',0.564705882352941,0.564705882352941,0.564705882352941);
#532=FILL_AREA_STYLE_COLOUR('',#531);
#533=FILL_AREA_STYLE($,(#532));
#534=SURFACE_STYLE_FILL_AREA(#533);
#535=SURFACE_SIDE_STYLE('',(#534));
#536=SURFACE_STYLE_USAGE(.BOTH.,#535);
#537=PRESENTATION_STYLE_ASSIGNMENT((#536));
#538=STYLED_ITEM('',(#537),#530);
#539=ADVANCED_FACE('',(#1018),#1020,.T.);
#540=COLOUR_RGB('',0.564705882352941,0.564705882352941,0.564705882352941);
#541=FILL_AREA_STYLE_COLOUR('',#540);
#542=FILL_AREA_STYLE($,(#541));
#543=SURFACE_STYLE_FILL_AREA(#542);
#544=SURFACE_SIDE_STYLE('',(#543));
#545=SURFACE_STYLE_USAGE(.BOTH.,#544);
#546=PRESENTATION_STYLE_ASSIGNMENT((#545));
#547=STYLED_ITEM('',(#546),#539);
#548=ADVANCED_FACE('',(#1025),#1027,.T.);
#549=COLOUR_RGB('',0.564705882352941,0.564705882352941,0.564705882352941);
#550=FILL_AREA_STYLE_COLOUR('',#549);
#551=FILL_AREA_STYLE($,(#550));
#552=SURFACE_STYLE_FILL_AREA(#551);
#553=SURFACE_SIDE_STYLE('',(#552));
#554=SURFACE_STYLE_USAGE(.BOTH.,#553);
#555=PRESENTATION_STYLE_ASSIGNMENT((#554));
#556=STYLED_ITEM('',(#555),#548);
#557=ADVANCED_FACE('',(#1032),#1034,.T.);
#558=COLOUR_RGB('',0.564705882352941,0.564705882352941,0.564705882352941);
#559=FILL_AREA_STYLE_COLOUR('',#558);
#560=FILL_AREA_STYLE($,(#559));
#561=SURFACE_STYLE_FILL_AREA(#560);
#562=SURFACE_SIDE_STYLE('',(#561));
#563=SURFACE_STYLE_USAGE(.BOTH.,#562);
#564=PRESENTATION_STYLE_ASSIGNMENT((#563));
#565=STYLED_ITEM('',(#564),#557);
#566=ADVANCED_FACE('',(#1039),#1041,.T.);
#567=COLOUR_RGB('',0.564705882352941,0.564705882352941,0.564705882352941);
#568=FILL_AREA_STYLE_COLOUR('',#567);
#569=FILL_AREA_STYLE($,(#568));
#570=SURFACE_STYLE_FILL_AREA(#569);
#571=SURFACE_SIDE_STYLE('',(#570));
#572=SURFACE_STYLE_USAGE(.BOTH.,#571);
#573=PRESENTATION_STYLE_ASSIGNMENT((#572));
#574=STYLED_ITEM('',(#573),#566);
#575=ADVANCED_FACE('',(#1046),#1048,.F.);
#576=COLOUR_RGB('',0.564705882352941,0.564705882352941,0.564705882352941);
#577=FILL_AREA_STYLE_COLOUR('',#576);
#578=FILL_AREA_STYLE($,(#577));
#579=SURFACE_STYLE_FILL_AREA(#578);
#580=SURFACE_SIDE_STYLE('',(#579));
#581=SURFACE_STYLE_USAGE(.BOTH.,#580);
#582=PRESENTATION_STYLE_ASSIGNMENT((#581));
#583=STYLED_ITEM('',(#582),#575);
#584=ADVANCED_FACE('',(#1053),#1055,.T.);
#585=COLOUR_RGB('',0.564705882352941,0.564705882352941,0.564705882352941);
#586=FILL_AREA_STYLE_COLOUR('',#585);
#587=FILL_AREA_STYLE($,(#586));
#588=SURFACE_STYLE_FILL_AREA(#587);
#589=SURFACE_SIDE_STYLE('',(#588));
#590=SURFACE_STYLE_USAGE(.BOTH.,#589);
#591=PRESENTATION_STYLE_ASSIGNMENT((#590));
#592=STYLED_ITEM('',(#591),#584);
#593=ADVANCED_FACE('',(#1060),#1062,.T.);
#594=COLOUR_RGB('',0.564705882352941,0.564705882352941,0.564705882352941);
#595=FILL_AREA_STYLE_COLOUR('',#594);
#596=FILL_AREA_STYLE($,(#595));
#597=SURFACE_STYLE_FILL_AREA(#596);
#598=SURFACE_SIDE_STYLE('',(#597));
#599=SURFACE_STYLE_USAGE(.BOTH.,#598);
#600=PRESENTATION_STYLE_ASSIGNMENT((#599));
#601=STYLED_ITEM('',(#600),#593);
#602=ADVANCED_FACE('',(#1067),#1069,.T.);
#603=COLOUR_RGB('',0.564705882352941,0.564705882352941,0.564705882352941);
#604=FILL_AREA_STYLE_COLOUR('',#603);
#605=FILL_AREA_STYLE($,(#604));
#606=SURFACE_STYLE_FILL_AREA(#605);
#607=SURFACE_SIDE_STYLE('',(#606));
#608=SURFACE_STYLE_USAGE(.BOTH.,#607);
#609=PRESENTATION_STYLE_ASSIGNMENT((#608));
#610=STYLED_ITEM('',(#609),#602);
#611=ADVANCED_FACE('',(#1074),#1076,.T.);
#612=COLOUR_RGB('',0.564705882352941,0.564705882352941,0.564705882352941);
#613=FILL_AREA_STYLE_COLOUR('',#612);
#614=FILL_AREA_STYLE($,(#613));
#615=SURFACE_STYLE_FILL_AREA(#614);
#616=SURFACE_SIDE_STYLE('',(#615));
#617=SURFACE_STYLE_USAGE(.BOTH.,#616);
#618=PRESENTATION_STYLE_ASSIGNMENT((#617));
#619=STYLED_ITEM('',(#618),#611);
#620=FACE_BOUND('',#621,.T.);
#621=EDGE_LOOP('',(#1081,#1082,#1083,#1084));
#622=PLANE('',#623);
#623=AXIS2_PLACEMENT_3D('',#624,#625,#626);
#624=CARTESIAN_POINT('',(30.56156096577,-0.935088600029334,3.));
#625=DIRECTION('',(-6.30126581544008E-17,-1.,0.));
#626=DIRECTION('',(-1.,6.30126581544008E-17,0.));
#627=FACE_BOUND('',#628,.T.);
#628=EDGE_LOOP('',(#1085,#1086,#1087,#1088));
#629=PLANE('',#630);
#630=AXIS2_PLACEMENT_3D('',#631,#632,#633);
#631=CARTESIAN_POINT('',(30.56156096577,1.06491139997067,3.));
#632=DIRECTION('',(1.,0.,0.));
#633=DIRECTION('',(0.,-1.,0.));
#634=FACE_BOUND('',#635,.T.);
#635=EDGE_LOOP('',(#1089,#1090,#1091,#1092));
#636=PLANE('',#637);
#637=AXIS2_PLACEMENT_3D('',#638,#639,#640);
#638=CARTESIAN_POINT('',(18.2282276324367,1.06491139997067,3.));
#639=DIRECTION('',(5.40108498466292E-17,1.,0.));
#640=DIRECTION('',(1.,-5.40108498466292E-17,0.));
#641=FACE_BOUND('',#642,.T.);
#642=EDGE_LOOP('',(#1093,#1094,#1095,#1096));
#643=PLANE('',#644);
#644=AXIS2_PLACEMENT_3D('',#645,#646,#647);
#645=CARTESIAN_POINT('',(18.2282276324367,2.,3.));
#646=DIRECTION('',(1.,0.,0.));
#647=DIRECTION('',(0.,-1.,0.));
#648=FACE_BOUND('',#649,.T.);
#649=EDGE_LOOP('',(#1097,#1098,#1099,#1100));
#650=PLANE('',#651);
#651=AXIS2_PLACEMENT_3D('',#652,#653,#654);
#652=CARTESIAN_POINT('',(3.0261866035694,2.,3.));
#653=DIRECTION('',(5.84249455723449E-17,1.,0.));
#654=DIRECTION('',(1.,-5.84249455723449E-17,0.));
#655=FACE_BOUND('',#656,.T.);
#656=EDGE_LOOP('',(#1101,#1102,#1103,#1104));
#657=CYLINDRICAL_SURFACE('',#658,10.);
#658=AXIS2_PLACEMENT_3D('',#659,#660,#661);
#659=CARTESIAN_POINT('',(-6.77177236756333,-5.16705367653492E-16,3.));
#660=DIRECTION('',(0.,0.,-1.));
#661=DIRECTION('',(-0.979795897113271,0.2,0.));
#662=FACE_BOUND('',#663,.T.);
#663=EDGE_LOOP('',(#1105,#1106,#1107,#1108));
#664=PLANE('',#665);
#665=AXIS2_PLACEMENT_3D('',#666,#667,#668);
#666=CARTESIAN_POINT('',(-20.7717723675633,2.,3.));
#667=DIRECTION('',(0.,1.,0.));
#668=DIRECTION('',(1.,0.,0.));
#669=FACE_BOUND('',#670,.T.);
#670=EDGE_LOOP('',(#1109,#1110,#1111,#1112));
#671=PLANE('',#672);
#672=AXIS2_PLACEMENT_3D('',#673,#674,#675);
#673=CARTESIAN_POINT('',(-20.7717723675633,-2.,3.));
#674=DIRECTION('',(-1.,0.,0.));
#675=DIRECTION('',(0.,1.,0.));
#676=FACE_BOUND('',#677,.T.);
#677=EDGE_LOOP('',(#1113,#1114,#1115,#1116));
#678=PLANE('',#679);
#679=AXIS2_PLACEMENT_3D('',#680,#681,#682);
#680=CARTESIAN_POINT('',(-16.569731338696,-2.,3.));
#681=DIRECTION('',(-5.28420839776727E-17,-1.,0.));
#682=DIRECTION('',(-1.,5.28420839776727E-17,0.));
#683=FACE_BOUND('',#684,.T.);
#684=EDGE_LOOP('',(#1117,#1118,#1119,#1120));
#685=CYLINDRICAL_SURFACE('',#686,10.);
#686=AXIS2_PLACEMENT_3D('',#687,#688,#689);
#687=CARTESIAN_POINT('',(-6.77177236756333,-5.16705367653492E-16,3.));
#688=DIRECTION('',(0.,0.,-1.));
#689=DIRECTION('',(0.979795897113272,-0.2,0.));
#690=FACE_BOUND('',#691,.T.);
#691=EDGE_LOOP('',(#1121,#1122,#1123,#1124));
#692=PLANE('',#693);
#693=AXIS2_PLACEMENT_3D('',#694,#695,#696);
#694=CARTESIAN_POINT('',(18.2282276324367,-2.,3.));
#695=DIRECTION('',(-8.76374183585173E-17,-1.,0.));
#696=DIRECTION('',(-1.,8.76374183585173E-17,0.));
#697=FACE_BOUND('',#698,.T.);
#698=EDGE_LOOP('',(#1125,#1126,#1127,#1128));
#699=PLANE('',#700);
#700=AXIS2_PLACEMENT_3D('',#701,#702,#703);
#701=CARTESIAN_POINT('',(18.2282276324367,-0.935088600029333,3.));
#702=DIRECTION('',(1.,0.,0.));
#703=DIRECTION('',(0.,-1.,0.));
#704=FACE_BOUND('',#705,.T.);
#705=EDGE_LOOP('',(#1129,#1130,#1131,#1132,#1133,#1134,#1135,#1136));
#706=FACE_BOUND('',#707,.T.);
#707=EDGE_LOOP('',(#1137,#1138,#1139,#1140,#1141,#1142,#1143,#1144));
#708=PLANE('',#709);
#709=AXIS2_PLACEMENT_3D('',#710,#711,#712);
#710=CARTESIAN_POINT('',(0.,0.,2.));
#711=DIRECTION('',(0.,0.,1.));
#712=DIRECTION('',(-1.,1.22464679914735E-16,0.));
#713=FACE_BOUND('',#714,.T.);
#714=EDGE_LOOP('',(#1145,#1146,#1147,#1148));
#715=CYLINDRICAL_SURFACE('',#716,5.);
#716=AXIS2_PLACEMENT_3D('',#717,#718,#719);
#717=CARTESIAN_POINT('',(-17.7717723675633,-7.,-1.));
#718=DIRECTION('',(0.,0.,1.));
#719=DIRECTION('',(-1.,1.77635683940025E-16,0.));
#720=FACE_BOUND('',#721,.T.);
#721=EDGE_LOOP('',(#1149,#1150,#1151,#1152));
#722=PLANE('',#723);
#723=AXIS2_PLACEMENT_3D('',#724,#725,#726);
#724=CARTESIAN_POINT('',(-17.7717723675633,-12.,-1.));
#725=DIRECTION('',(0.,-1.,0.));
#726=DIRECTION('',(1.,0.,0.));
#727=FACE_BOUND('',#728,.T.);
#728=EDGE_LOOP('',(#1153,#1154,#1155,#1156));
#729=CYLINDRICAL_SURFACE('',#730,5.);
#730=AXIS2_PLACEMENT_3D('',#731,#732,#733);
#731=CARTESIAN_POINT('',(27.2282276324367,-7.,-1.));
#732=DIRECTION('',(0.,0.,1.));
#733=DIRECTION('',(0.,-1.,0.));
#734=FACE_BOUND('',#735,.T.);
#735=EDGE_LOOP('',(#1157,#1158,#1159,#1160));
#736=PLANE('',#737);
#737=AXIS2_PLACEMENT_3D('',#738,#739,#740);
#738=CARTESIAN_POINT('',(32.2282276324367,-7.,-1.));
#739=DIRECTION('',(1.,0.,0.));
#740=DIRECTION('',(0.,1.,0.));
#741=FACE_BOUND('',#742,.T.);
#742=EDGE_LOOP('',(#1161,#1162,#1163,#1164));
#743=CYLINDRICAL_SURFACE('',#744,5.);
#744=AXIS2_PLACEMENT_3D('',#745,#746,#747);
#745=CARTESIAN_POINT('',(27.2282276324367,7.,-1.));
#746=DIRECTION('',(0.,0.,1.));
#747=DIRECTION('',(1.,0.,0.));
#748=FACE_BOUND('',#749,.T.);
#749=EDGE_LOOP('',(#1165,#1166,#1167,#1168));
#750=PLANE('',#751);
#751=AXIS2_PLACEMENT_3D('',#752,#753,#754);
#752=CARTESIAN_POINT('',(27.2282276324367,12.,-1.));
#753=DIRECTION('',(0.,1.,0.));
#754=DIRECTION('',(-1.,0.,0.));
#755=FACE_BOUND('',#756,.T.);
#756=EDGE_LOOP('',(#1169,#1170,#1171,#1172));
#757=CYLINDRICAL_SURFACE('',#758,5.);
#758=AXIS2_PLACEMENT_3D('',#759,#760,#761);
#759=CARTESIAN_POINT('',(-17.7717723675633,7.,-1.));
#760=DIRECTION('',(0.,0.,1.));
#761=DIRECTION('',(0.,1.,0.));
#762=FACE_BOUND('',#763,.T.);
#763=EDGE_LOOP('',(#1173,#1174,#1175,#1176));
#764=PLANE('',#765);
#765=AXIS2_PLACEMENT_3D('',#766,#767,#768);
#766=CARTESIAN_POINT('',(-22.7717723675633,7.,-1.));
#767=DIRECTION('',(-1.,0.,0.));
#768=DIRECTION('',(0.,-1.,0.));
#769=FACE_BOUND('',#770,.T.);
#770=EDGE_LOOP('',(#1177,#1178,#1179,#1180,#1181,#1182,#1183,#1184));
#771=FACE_BOUND('',#772,.T.);
#772=EDGE_LOOP('',(#1185,#1186,#1187,#1188,#1189,#1190,#1191,#1192,#1193,#1194,#1195,
#1196));
#773=PLANE('',#774);
#774=AXIS2_PLACEMENT_3D('',#775,#776,#777);
#775=CARTESIAN_POINT('',(0.,0.,0.5));
#776=DIRECTION('',(0.,0.,1.));
#777=DIRECTION('',(-1.,1.22464679914735E-16,0.));
#778=FACE_BOUND('',#779,.T.);
#779=EDGE_LOOP('',(#1197,#1198,#1199,#1200,#1201,#1202,#1203,#1204));
#780=FACE_BOUND('',#781,.T.);
#781=EDGE_LOOP('',(#1205,#1206,#1207,#1208,#1209,#1210,#1211,#1212,#1213,#1214,#1215,
#1216));
#782=PLANE('',#783);
#783=AXIS2_PLACEMENT_3D('',#784,#785,#786);
#784=CARTESIAN_POINT('',(0.,0.,0.));
#785=DIRECTION('',(0.,0.,1.));
#786=DIRECTION('',(-1.,1.22464679914735E-16,0.));
#787=FACE_BOUND('',#788,.T.);
#788=EDGE_LOOP('',(#1217,#1218,#1219,#1220));
#789=CYLINDRICAL_SURFACE('',#790,2.);
#790=AXIS2_PLACEMENT_3D('',#791,#792,#793);
#791=CARTESIAN_POINT('',(38.5,16.,-16.));
#792=DIRECTION('',(0.,0.,-1.));
#793=DIRECTION('',(0.,1.,0.));
#794=FACE_BOUND('',#795,.T.);
#795=EDGE_LOOP('',(#1221,#1222,#1223,#1224));
#796=PLANE('',#797);
#797=AXIS2_PLACEMENT_3D('',#798,#799,#800);
#798=CARTESIAN_POINT('',(42.5,18.,0.));
#799=DIRECTION('',(8.35932630306E-17,1.,0.));
#800=DIRECTION('',(-1.,8.35932630306E-17,0.));
#801=FACE_BOUND('',#802,.T.);
#802=EDGE_LOOP('',(#1225,#1226,#1227,#1228));
#803=CYLINDRICAL_SURFACE('',#804,2.);
#804=AXIS2_PLACEMENT_3D('',#805,#806,#807);
#805=CARTESIAN_POINT('',(-38.5,16.,-16.));
#806=DIRECTION('',(0.,0.,-1.));
#807=DIRECTION('',(-1.,0.,0.));
#808=FACE_BOUND('',#809,.T.);
#809=EDGE_LOOP('',(#1229,#1230,#1231,#1232));
#810=PLANE('',#811);
#811=AXIS2_PLACEMENT_3D('',#812,#813,#814);
#812=CARTESIAN_POINT('',(-40.5,20.,0.));
#813=DIRECTION('',(-1.,0.,0.));
#814=DIRECTION('',(0.,-1.,0.));
#815=FACE_BOUND('',#816,.T.);
#816=EDGE_LOOP('',(#1233,#1234,#1235,#1236));
#817=CYLINDRICAL_SURFACE('',#818,2.);
#818=AXIS2_PLACEMENT_3D('',#819,#820,#821);
#819=CARTESIAN_POINT('',(-38.5,-16.,-16.));
#820=DIRECTION('',(0.,0.,-1.));
#821=DIRECTION('',(0.,-1.,0.));
#822=FACE_BOUND('',#823,.T.);
#823=EDGE_LOOP('',(#1237,#1238,#1239,#1240));
#824=PLANE('',#825);
#825=AXIS2_PLACEMENT_3D('',#826,#827,#828);
#826=CARTESIAN_POINT('',(-42.5,-18.,0.));
#827=DIRECTION('',(-8.35932630306E-17,-1.,0.));
#828=DIRECTION('',(1.,-8.35932630306E-17,0.));
#829=FACE_BOUND('',#830,.T.);
#830=EDGE_LOOP('',(#1241,#1242,#1243,#1244));
#831=CYLINDRICAL_SURFACE('',#832,2.);
#832=AXIS2_PLACEMENT_3D('',#833,#834,#835);
#833=CARTESIAN_POINT('',(38.5,-16.,-16.));
#834=DIRECTION('',(0.,0.,-1.));
#835=DIRECTION('',(1.,0.,0.));
#836=FACE_BOUND('',#837,.T.);
#837=EDGE_LOOP('',(#1245,#1246,#1247,#1248));
#838=PLANE('',#839);
#839=AXIS2_PLACEMENT_3D('',#840,#841,#842);
#840=CARTESIAN_POINT('',(40.5,-20.,0.));
#841=DIRECTION('',(1.,0.,0.));
#842=DIRECTION('',(0.,1.,0.));
#843=FACE_BOUND('',#844,.T.);
#844=EDGE_LOOP('',(#1249,#1250,#1251,#1252));
#845=CYLINDRICAL_SURFACE('',#846,4.);
#846=AXIS2_PLACEMENT_3D('',#847,#848,#849);
#847=CARTESIAN_POINT('',(38.5,16.,-16.));
#848=DIRECTION('',(0.,0.,-1.));
#849=DIRECTION('',(0.,1.,0.));
#850=FACE_BOUND('',#851,.T.);
#851=EDGE_LOOP('',(#1253,#1254,#1255,#1256));
#852=PLANE('',#853);
#853=AXIS2_PLACEMENT_3D('',#854,#855,#856);
#854=CARTESIAN_POINT('',(42.5,-20.,0.));
#855=DIRECTION('',(1.,0.,0.));
#856=DIRECTION('',(0.,1.,0.));
#857=FACE_BOUND('',#858,.T.);
#858=EDGE_LOOP('',(#1257,#1258,#1259,#1260));
#859=CYLINDRICAL_SURFACE('',#860,4.);
#860=AXIS2_PLACEMENT_3D('',#861,#862,#863);
#861=CARTESIAN_POINT('',(38.5,-16.,-16.));
#862=DIRECTION('',(0.,0.,-1.));
#863=DIRECTION('',(1.,0.,0.));
#864=FACE_BOUND('',#865,.T.);
#865=EDGE_LOOP('',(#1261,#1262,#1263,#1264,#1265,#1266,#1267,#1268,#1269,#1270,#1271,
#1272));
#866=PLANE('',#867);
#867=AXIS2_PLACEMENT_3D('',#868,#869,#870);
#868=CARTESIAN_POINT('',(-42.5,-20.,0.));
#869=DIRECTION('',(-8.35932630306E-17,-1.,0.));
#870=DIRECTION('',(1.,-8.35932630306E-17,0.));
#871=FACE_BOUND('',#872,.T.);
#872=EDGE_LOOP('',(#1273,#1274,#1275,#1276));
#873=CYLINDRICAL_SURFACE('',#874,4.);
#874=AXIS2_PLACEMENT_3D('',#875,#876,#877);
#875=CARTESIAN_POINT('',(-38.5,-16.,-16.));
#876=DIRECTION('',(0.,0.,-1.));
#877=DIRECTION('',(0.,-1.,0.));
#878=FACE_BOUND('',#879,.T.);
#879=EDGE_LOOP('',(#1277,#1278,#1279,#1280));
#880=PLANE('',#881);
#881=AXIS2_PLACEMENT_3D('',#882,#883,#884);
#882=CARTESIAN_POINT('',(-42.5,20.,0.));
#883=DIRECTION('',(-1.,0.,0.));
#884=DIRECTION('',(0.,-1.,0.));
#885=FACE_BOUND('',#886,.T.);
#886=EDGE_LOOP('',(#1281,#1282,#1283,#1284));
#887=CYLINDRICAL_SURFACE('',#888,4.);
#888=AXIS2_PLACEMENT_3D('',#889,#890,#891);
#889=CARTESIAN_POINT('',(-38.5,16.,-16.));
#890=DIRECTION('',(0.,0.,-1.));
#891=DIRECTION('',(-1.,0.,0.));
#892=FACE_BOUND('',#893,.T.);
#893=EDGE_LOOP('',(#1285,#1286,#1287,#1288,#1289,#1290,#1291,#1292));
#894=PLANE('',#895);
#895=AXIS2_PLACEMENT_3D('',#896,#897,#898);
#896=CARTESIAN_POINT('',(42.5,20.,0.));
#897=DIRECTION('',(8.35932630306E-17,1.,0.));
#898=DIRECTION('',(-1.,8.35932630306E-17,0.));
#899=FACE_BOUND('',#900,.T.);
#900=EDGE_LOOP('',(#1293,#1294,#1295,#1296,#1297,#1298,#1299,#1300,#1301,#1302,#1303,
#1304,#1305,#1306));
#901=FACE_BOUND('',#902,.T.);
#902=EDGE_LOOP('',(#1307,#1308,#1309,#1310,#1311,#1312,#1313,#1314));
#903=PLANE('',#904);
#904=AXIS2_PLACEMENT_3D('',#905,#906,#907);
#905=CARTESIAN_POINT('',(0.,0.,10.));
#906=DIRECTION('',(0.,0.,1.));
#907=DIRECTION('',(-1.,1.22464679914735E-16,0.));
#908=FACE_BOUND('',#909,.T.);
#909=EDGE_LOOP('',(#1315,#1316,#1317));
#910=FACE_BOUND('',#911,.T.);
#911=EDGE_LOOP('',(#1318));
#912=PLANE('',#913);
#913=AXIS2_PLACEMENT_3D('',#914,#915,#916);
#914=CARTESIAN_POINT('',(-10.,0.,-6.12323399573677E-16));
#915=DIRECTION('',(1.,0.,-1.83697019872103E-16));
#916=DIRECTION('',(-1.12481983699639E-32,1.,-6.12323399573677E-17));
#917=FACE_BOUND('',#918,.T.);
#918=EDGE_LOOP('',(#1319,#1320,#1321,#1322));
#919=PLANE('',#920);
#920=AXIS2_PLACEMENT_3D('',#921,#922,#923);
#921=CARTESIAN_POINT('',(-10.,-24.2677669529659,8.23223304703312));
#922=DIRECTION('',(8.65956056235743E-17,0.707106781186343,0.707106781186752));
#923=DIRECTION('',(-8.65956056235243E-17,0.707106781186752,-0.707106781186343));
#924=FACE_BOUND('',#925,.T.);
#925=EDGE_LOOP('',(#1323,#1324,#1325));
#926=FACE_BOUND('',#927,.T.);
#927=EDGE_LOOP('',(#1326));
#928=PLANE('',#929);
#929=AXIS2_PLACEMENT_3D('',#930,#931,#932);
#930=CARTESIAN_POINT('',(-19.8,-2.73691106313441E-49,1.18790739517293E-15));
#931=DIRECTION('',(1.,-1.3684555315672E-48,-1.83697019872103E-16));
#932=DIRECTION('',(-1.12481983699639E-32,1.,-6.12323399573677E-17));
#933=FACE_BOUND('',#934,.T.);
#934=EDGE_LOOP('',(#1327,#1328,#1329));
#935=FACE_BOUND('',#936,.T.);
#936=EDGE_LOOP('',(#1330));
#937=PLANE('',#938);
#938=AXIS2_PLACEMENT_3D('',#939,#940,#941);
#939=CARTESIAN_POINT('',(19.8,0.,-1.23689326713883E-15));
#940=DIRECTION('',(1.,0.,6.12323399573677E-17));
#941=DIRECTION('',(3.74939945665464E-33,1.,-6.12323399573677E-17));
#942=FACE_BOUND('',#943,.T.);
#943=EDGE_LOOP('',(#1331,#1332,#1333,#1334));
#944=PLANE('',#945);
#945=AXIS2_PLACEMENT_3D('',#946,#947,#948);
#946=CARTESIAN_POINT('',(10.,-24.2677669529659,8.23223304703312));
#947=DIRECTION('',(0.,-0.707106781186343,-0.707106781186752));
#948=DIRECTION('',(0.,0.707106781186752,-0.707106781186343));
#949=FACE_BOUND('',#950,.T.);
#950=EDGE_LOOP('',(#1335,#1336,#1337));
#951=FACE_BOUND('',#952,.T.);
#952=EDGE_LOOP('',(#1338));
#953=PLANE('',#954);
#954=AXIS2_PLACEMENT_3D('',#955,#956,#957);
#955=CARTESIAN_POINT('',(10.,0.,-1.83697019872103E-15));
#956=DIRECTION('',(1.,0.,6.12323399573677E-17));
#957=DIRECTION('',(3.74939945665464E-33,1.,-6.12323399573677E-17));
#958=FACE_BOUND('',#959,.T.);
#959=EDGE_LOOP('',(#1339,#1340,#1341,#1342));
#960=PLANE('',#961);
#961=AXIS2_PLACEMENT_3D('',#962,#963,#964);
#962=CARTESIAN_POINT('',(15.,20.,-8.88178419700125E-16));
#963=DIRECTION('',(-4.92672743690674E-17,0.832050294337843,-0.55470019622523));
#964=DIRECTION('',(-1.,-5.46976623650633E-33,8.88178419700125E-17));
#965=FACE_BOUND('',#966,.T.);
#966=EDGE_LOOP('',(#1343,#1344,#1345,#1346,#1347,#1348,#1349,#1350));
#967=PLANE('',#968);
#968=AXIS2_PLACEMENT_3D('',#969,#970,#971);
#969=CARTESIAN_POINT('',(5.,0.,-3.06161699786838E-16));
#970=DIRECTION('',(-1.,0.,6.12323399573677E-17));
#971=DIRECTION('',(-3.74939945665464E-33,-1.,-6.12323399573677E-17));
#972=FACE_BOUND('',#973,.T.);
#973=EDGE_LOOP('',(#1351,#1352,#1353,#1354,#1355,#1356,#1357,#1358));
#974=PLANE('',#975);
#975=AXIS2_PLACEMENT_3D('',#976,#977,#978);
#976=CARTESIAN_POINT('',(-5.,0.,3.06161699786838E-16));
#977=DIRECTION('',(-1.,0.,6.12323399573677E-17));
#978=DIRECTION('',(-3.74939945665464E-33,-1.,-6.12323399573677E-17));
#979=FACE_BOUND('',#980,.T.);
#980=EDGE_LOOP('',(#1359,#1360,#1361,#1362));
#981=CYLINDRICAL_SURFACE('',#982,2.5);
#982=AXIS2_PLACEMENT_3D('',#983,#984,#985);
#983=CARTESIAN_POINT('',(-10.,-22.5,10.));
#984=DIRECTION('',(1.,0.,-1.83697019872103E-16));
#985=DIRECTION('',(-1.12481983699639E-32,1.,-6.12323399573677E-17));
#986=FACE_BOUND('',#987,.T.);
#987=EDGE_LOOP('',(#1363,#1364,#1365,#1366));
#988=CYLINDRICAL_SURFACE('',#989,2.5);
#989=AXIS2_PLACEMENT_3D('',#990,#991,#992);
#990=CARTESIAN_POINT('',(10.,-22.5,10.));
#991=DIRECTION('',(1.,0.,6.12323399573677E-17));
#992=DIRECTION('',(3.74939945665465E-33,1.,-6.12323399573677E-17));
#993=FACE_BOUND('',#994,.T.);
#994=EDGE_LOOP('',(#1367,#1368,#1369,#1370));
#995=PLANE('',#996);
#996=AXIS2_PLACEMENT_3D('',#997,#998,#999);
#997=CARTESIAN_POINT('',(6.,20.,13.));
#998=DIRECTION('',(0.,1.,0.));
#999=DIRECTION('',(0.,0.,-1.));
#1000=FACE_OUTER_BOUND('',#1001,.T.);
#1001=EDGE_LOOP('',(#1371));
#1002=FACE_OUTER_BOUND('',#1003,.T.);
#1003=EDGE_LOOP('',(#1372));
#1004=CYLINDRICAL_SURFACE('',#1005,1.);
#1005=AXIS2_PLACEMENT_3D('',#1006,#1007,#1008);
#1006=CARTESIAN_POINT('',(-10.,-22.5,10.));
#1007=DIRECTION('',(1.,0.,-1.83697019872103E-16));
#1008=DIRECTION('',(-1.12481983699639E-32,1.,-6.12323399573677E-17));
#1009=FACE_OUTER_BOUND('',#1010,.T.);
#1010=EDGE_LOOP('',(#1373));
#1011=FACE_OUTER_BOUND('',#1012,.T.);
#1012=EDGE_LOOP('',(#1374));
#1013=CYLINDRICAL_SURFACE('',#1014,1.);
#1014=AXIS2_PLACEMENT_3D('',#1015,#1016,#1017);
#1015=CARTESIAN_POINT('',(10.,-22.5,10.));
#1016=DIRECTION('',(1.,0.,6.12323399573677E-17));
#1017=DIRECTION('',(3.74939945665464E-33,1.,-6.12323399573677E-17));
#1018=FACE_BOUND('',#1019,.T.);
#1019=EDGE_LOOP('',(#1375,#1376,#1377,#1378));
#1020=PLANE('',#1021);
#1021=AXIS2_PLACEMENT_3D('',#1022,#1023,#1024);
#1022=CARTESIAN_POINT('',(5.,22.,17.));
#1023=DIRECTION('',(0.,1.,0.));
#1024=DIRECTION('',(-6.34413156928661E-17,0.,-1.));
#1025=FACE_BOUND('',#1026,.T.);
#1026=EDGE_LOOP('',(#1379,#1380,#1381,#1382));
#1027=CYLINDRICAL_SURFACE('',#1028,1.);
#1028=AXIS2_PLACEMENT_3D('',#1029,#1030,#1031);
#1029=CARTESIAN_POINT('',(-9.,21.,16.));
#1030=DIRECTION('',(1.,0.,0.));
#1031=DIRECTION('',(0.,1.,0.));
#1032=FACE_BOUND('',#1033,.T.);
#1033=EDGE_LOOP('',(#1383,#1384,#1385,#1386));
#1034=PLANE('',#1035);
#1035=AXIS2_PLACEMENT_3D('',#1036,#1037,#1038);
#1036=CARTESIAN_POINT('',(5.,19.,17.));
#1037=DIRECTION('',(0.,0.,1.));
#1038=DIRECTION('',(0.,1.,0.));
#1039=FACE_BOUND('',#1040,.T.);
#1040=EDGE_LOOP('',(#1387,#1388,#1389,#1390));
#1041=CYLINDRICAL_SURFACE('',#1042,1.);
#1042=AXIS2_PLACEMENT_3D('',#1043,#1044,#1045);
#1043=CARTESIAN_POINT('',(4.,19.,8.99999999999999));
#1044=DIRECTION('',(7.40148683083437E-17,0.,1.));
#1045=DIRECTION('',(1.31476817536835E-31,-1.,-3.94430452610506E-31));
#1046=FACE_BOUND('',#1047,.T.);
#1047=EDGE_LOOP('',(#1391,#1392,#1393,#1394));
#1048=PLANE('',#1049);
#1049=AXIS2_PLACEMENT_3D('',#1050,#1051,#1052);
#1050=CARTESIAN_POINT('',(6.,18.,13.));
#1051=DIRECTION('',(1.61486985400023E-16,0.,1.));
#1052=DIRECTION('',(0.,1.,0.));
#1053=FACE_BOUND('',#1054,.T.);
#1054=EDGE_LOOP('',(#1395,#1396,#1397,#1398));
#1055=CYLINDRICAL_SURFACE('',#1056,1.);
#1056=AXIS2_PLACEMENT_3D('',#1057,#1058,#1059);
#1057=CARTESIAN_POINT('',(-4.,19.,21.));
#1058=DIRECTION('',(-7.40148683083438E-17,0.,-1.));
#1059=DIRECTION('',(0.,-1.,0.));
#1060=FACE_BOUND('',#1061,.T.);
#1061=EDGE_LOOP('',(#1399,#1400,#1401,#1402));
#1062=CYLINDRICAL_SURFACE('',#1063,1.);
#1063=AXIS2_PLACEMENT_3D('',#1064,#1065,#1066);
#1064=CARTESIAN_POINT('',(9.,19.,16.));
#1065=DIRECTION('',(-1.,0.,0.));
#1066=DIRECTION('',(0.,-1.,0.));
#1067=FACE_BOUND('',#1068,.T.);
#1068=EDGE_LOOP('',(#1403,#1404,#1405,#1406));
#1069=PLANE('',#1070);
#1070=AXIS2_PLACEMENT_3D('',#1071,#1072,#1073);
#1071=CARTESIAN_POINT('',(5.,18.,3.));
#1072=DIRECTION('',(0.,-1.,0.));
#1073=DIRECTION('',(6.34413156928661E-17,0.,1.));
#1074=FACE_BOUND('',#1075,.T.);
#1075=EDGE_LOOP('',(#1407,#1408,#1409,#1410));
#1076=CYLINDRICAL_SURFACE('',#1077,1.);
#1077=AXIS2_PLACEMENT_3D('',#1078,#1079,#1080);
#1078=CARTESIAN_POINT('',(-9.,19.,14.));
#1079=DIRECTION('',(1.,0.,-1.97372982155583E-16));
#1080=DIRECTION('',(0.,-1.,-3.50604846764894E-31));
#1081=ORIENTED_EDGE('',*,*,#1411,.T.);
#1082=ORIENTED_EDGE('',*,*,#1412,.T.);
#1083=ORIENTED_EDGE('',*,*,#1413,.F.);
#1084=ORIENTED_EDGE('',*,*,#1414,.F.);
#1085=ORIENTED_EDGE('',*,*,#1415,.T.);
#1086=ORIENTED_EDGE('',*,*,#1416,.T.);
#1087=ORIENTED_EDGE('',*,*,#1417,.F.);
#1088=ORIENTED_EDGE('',*,*,#1412,.F.);
#1089=ORIENTED_EDGE('',*,*,#1418,.T.);
#1090=ORIENTED_EDGE('',*,*,#1419,.T.);
#1091=ORIENTED_EDGE('',*,*,#1420,.F.);
#1092=ORIENTED_EDGE('',*,*,#1416,.F.);
#1093=ORIENTED_EDGE('',*,*,#1421,.T.);
#1094=ORIENTED_EDGE('',*,*,#1422,.T.);
#1095=ORIENTED_EDGE('',*,*,#1423,.F.);
#1096=ORIENTED_EDGE('',*,*,#1419,.F.);
#1097=ORIENTED_EDGE('',*,*,#1424,.T.);
#1098=ORIENTED_EDGE('',*,*,#1425,.T.);
#1099=ORIENTED_EDGE('',*,*,#1426,.F.);
#1100=ORIENTED_EDGE('',*,*,#1422,.F.);
#1101=ORIENTED_EDGE('',*,*,#1427,.T.);
#1102=ORIENTED_EDGE('',*,*,#1428,.T.);
#1103=ORIENTED_EDGE('',*,*,#1429,.F.);
#1104=ORIENTED_EDGE('',*,*,#1425,.F.);
#1105=ORIENTED_EDGE('',*,*,#1430,.T.);
#1106=ORIENTED_EDGE('',*,*,#1431,.T.);
#1107=ORIENTED_EDGE('',*,*,#1432,.F.);
#1108=ORIENTED_EDGE('',*,*,#1428,.F.);
#1109=ORIENTED_EDGE('',*,*,#1433,.T.);
#1110=ORIENTED_EDGE('',*,*,#1434,.T.);
#1111=ORIENTED_EDGE('',*,*,#1435,.F.);
#1112=ORIENTED_EDGE('',*,*,#1431,.F.);
#1113=ORIENTED_EDGE('',*,*,#1436,.T.);
#1114=ORIENTED_EDGE('',*,*,#1437,.T.);
#1115=ORIENTED_EDGE('',*,*,#1438,.F.);
#1116=ORIENTED_EDGE('',*,*,#1434,.F.);
#1117=ORIENTED_EDGE('',*,*,#1439,.T.);
#1118=ORIENTED_EDGE('',*,*,#1440,.T.);
#1119=ORIENTED_EDGE('',*,*,#1441,.F.);
#1120=ORIENTED_EDGE('',*,*,#1437,.F.);
#1121=ORIENTED_EDGE('',*,*,#1442,.T.);
#1122=ORIENTED_EDGE('',*,*,#1443,.T.);
#1123=ORIENTED_EDGE('',*,*,#1444,.F.);
#1124=ORIENTED_EDGE('',*,*,#1440,.F.);
#1125=ORIENTED_EDGE('',*,*,#1445,.T.);
#1126=ORIENTED_EDGE('',*,*,#1414,.T.);
#1127=ORIENTED_EDGE('',*,*,#1446,.F.);
#1128=ORIENTED_EDGE('',*,*,#1443,.F.);
#1129=ORIENTED_EDGE('',*,*,#1447,.T.);
#1130=ORIENTED_EDGE('',*,*,#1448,.T.);
#1131=ORIENTED_EDGE('',*,*,#1449,.T.);
#1132=ORIENTED_EDGE('',*,*,#1450,.T.);
#1133=ORIENTED_EDGE('',*,*,#1451,.T.);
#1134=ORIENTED_EDGE('',*,*,#1452,.T.);
#1135=ORIENTED_EDGE('',*,*,#1453,.T.);
#1136=ORIENTED_EDGE('',*,*,#1454,.T.);
#1137=ORIENTED_EDGE('',*,*,#1455,.T.);
#1138=ORIENTED_EDGE('',*,*,#1456,.T.);
#1139=ORIENTED_EDGE('',*,*,#1457,.T.);
#1140=ORIENTED_EDGE('',*,*,#1458,.T.);
#1141=ORIENTED_EDGE('',*,*,#1459,.T.);
#1142=ORIENTED_EDGE('',*,*,#1460,.T.);
#1143=ORIENTED_EDGE('',*,*,#1461,.T.);
#1144=ORIENTED_EDGE('',*,*,#1462,.T.);
#1145=ORIENTED_EDGE('',*,*,#1462,.F.);
#1146=ORIENTED_EDGE('',*,*,#1463,.F.);
#1147=ORIENTED_EDGE('',*,*,#1464,.T.);
#1148=ORIENTED_EDGE('',*,*,#1465,.T.);
#1149=ORIENTED_EDGE('',*,*,#1461,.F.);
#1150=ORIENTED_EDGE('',*,*,#1466,.F.);
#1151=ORIENTED_EDGE('',*,*,#1467,.T.);
#1152=ORIENTED_EDGE('',*,*,#1463,.T.);
#1153=ORIENTED_EDGE('',*,*,#1460,.F.);
#1154=ORIENTED_EDGE('',*,*,#1468,.F.);
#1155=ORIENTED_EDGE('',*,*,#1469,.T.);
#1156=ORIENTED_EDGE('',*,*,#1466,.T.);
#1157=ORIENTED_EDGE('',*,*,#1459,.F.);
#1158=ORIENTED_EDGE('',*,*,#1470,.F.);
#1159=ORIENTED_EDGE('',*,*,#1471,.T.);
#1160=ORIENTED_EDGE('',*,*,#1468,.T.);
#1161=ORIENTED_EDGE('',*,*,#1458,.F.);
#1162=ORIENTED_EDGE('',*,*,#1472,.F.);
#1163=ORIENTED_EDGE('',*,*,#1473,.T.);
#1164=ORIENTED_EDGE('',*,*,#1470,.T.);
#1165=ORIENTED_EDGE('',*,*,#1457,.F.);
#1166=ORIENTED_EDGE('',*,*,#1474,.F.);
#1167=ORIENTED_EDGE('',*,*,#1475,.T.);
#1168=ORIENTED_EDGE('',*,*,#1472,.T.);
#1169=ORIENTED_EDGE('',*,*,#1456,.F.);
#1170=ORIENTED_EDGE('',*,*,#1476,.F.);
#1171=ORIENTED_EDGE('',*,*,#1477,.T.);
#1172=ORIENTED_EDGE('',*,*,#1474,.T.);
#1173=ORIENTED_EDGE('',*,*,#1455,.F.);
#1174=ORIENTED_EDGE('',*,*,#1465,.F.);
#1175=ORIENTED_EDGE('',*,*,#1478,.T.);
#1176=ORIENTED_EDGE('',*,*,#1476,.T.);
#1177=ORIENTED_EDGE('',*,*,#1467,.F.);
#1178=ORIENTED_EDGE('',*,*,#1469,.F.);
#1179=ORIENTED_EDGE('',*,*,#1471,.F.);
#1180=ORIENTED_EDGE('',*,*,#1473,.F.);
#1181=ORIENTED_EDGE('',*,*,#1475,.F.);
#1182=ORIENTED_EDGE('',*,*,#1477,.F.);
#1183=ORIENTED_EDGE('',*,*,#1478,.F.);
#1184=ORIENTED_EDGE('',*,*,#1464,.F.);
#1185=ORIENTED_EDGE('',*,*,#1445,.F.);
#1186=ORIENTED_EDGE('',*,*,#1442,.F.);
#1187=ORIENTED_EDGE('',*,*,#1439,.F.);
#1188=ORIENTED_EDGE('',*,*,#1436,.F.);
#1189=ORIENTED_EDGE('',*,*,#1433,.F.);
#1190=ORIENTED_EDGE('',*,*,#1430,.F.);
#1191=ORIENTED_EDGE('',*,*,#1427,.F.);
#1192=ORIENTED_EDGE('',*,*,#1424,.F.);
#1193=ORIENTED_EDGE('',*,*,#1421,.F.);
#1194=ORIENTED_EDGE('',*,*,#1418,.F.);
#1195=ORIENTED_EDGE('',*,*,#1415,.F.);
#1196=ORIENTED_EDGE('',*,*,#1411,.F.);
#1197=ORIENTED_EDGE('',*,*,#1479,.F.);
#1198=ORIENTED_EDGE('',*,*,#1480,.F.);
#1199=ORIENTED_EDGE('',*,*,#1481,.F.);
#1200=ORIENTED_EDGE('',*,*,#1482,.F.);
#1201=ORIENTED_EDGE('',*,*,#1483,.F.);
#1202=ORIENTED_EDGE('',*,*,#1484,.F.);
#1203=ORIENTED_EDGE('',*,*,#1485,.F.);
#1204=ORIENTED_EDGE('',*,*,#1486,.F.);
#1205=ORIENTED_EDGE('',*,*,#1413,.T.);
#1206=ORIENTED_EDGE('',*,*,#1417,.T.);
#1207=ORIENTED_EDGE('',*,*,#1420,.T.);
#1208=ORIENTED_EDGE('',*,*,#1423,.T.);
#1209=ORIENTED_EDGE('',*,*,#1426,.T.);
#1210=ORIENTED_EDGE('',*,*,#1429,.T.);
#1211=ORIENTED_EDGE('',*,*,#1432,.T.);
#1212=ORIENTED_EDGE('',*,*,#1435,.T.);
#1213=ORIENTED_EDGE('',*,*,#1438,.T.);
#1214=ORIENTED_EDGE('',*,*,#1441,.T.);
#1215=ORIENTED_EDGE('',*,*,#1444,.T.);
#1216=ORIENTED_EDGE('',*,*,#1446,.T.);
#1217=ORIENTED_EDGE('',*,*,#1487,.T.);
#1218=ORIENTED_EDGE('',*,*,#1488,.F.);
#1219=ORIENTED_EDGE('',*,*,#1489,.F.);
#1220=ORIENTED_EDGE('',*,*,#1447,.F.);
#1221=ORIENTED_EDGE('',*,*,#1489,.T.);
#1222=ORIENTED_EDGE('',*,*,#1490,.T.);
#1223=ORIENTED_EDGE('',*,*,#1491,.F.);
#1224=ORIENTED_EDGE('',*,*,#1448,.F.);
#1225=ORIENTED_EDGE('',*,*,#1491,.T.);
#1226=ORIENTED_EDGE('',*,*,#1492,.F.);
#1227=ORIENTED_EDGE('',*,*,#1493,.F.);
#1228=ORIENTED_EDGE('',*,*,#1449,.F.);
#1229=ORIENTED_EDGE('',*,*,#1493,.T.);
#1230=ORIENTED_EDGE('',*,*,#1494,.T.);
#1231=ORIENTED_EDGE('',*,*,#1495,.F.);
#1232=ORIENTED_EDGE('',*,*,#1450,.F.);
#1233=ORIENTED_EDGE('',*,*,#1495,.T.);
#1234=ORIENTED_EDGE('',*,*,#1496,.F.);
#1235=ORIENTED_EDGE('',*,*,#1497,.F.);
#1236=ORIENTED_EDGE('',*,*,#1451,.F.);
#1237=ORIENTED_EDGE('',*,*,#1498,.F.);
#1238=ORIENTED_EDGE('',*,*,#1452,.F.);
#1239=ORIENTED_EDGE('',*,*,#1497,.T.);
#1240=ORIENTED_EDGE('',*,*,#1499,.T.);
#1241=ORIENTED_EDGE('',*,*,#1498,.T.);
#1242=ORIENTED_EDGE('',*,*,#1500,.F.);
#1243=ORIENTED_EDGE('',*,*,#1501,.F.);
#1244=ORIENTED_EDGE('',*,*,#1453,.F.);
#1245=ORIENTED_EDGE('',*,*,#1487,.F.);
#1246=ORIENTED_EDGE('',*,*,#1454,.F.);
#1247=ORIENTED_EDGE('',*,*,#1501,.T.);
#1248=ORIENTED_EDGE('',*,*,#1502,.T.);
#1249=ORIENTED_EDGE('',*,*,#1503,.F.);
#1250=ORIENTED_EDGE('',*,*,#1479,.T.);
#1251=ORIENTED_EDGE('',*,*,#1504,.T.);
#1252=ORIENTED_EDGE('',*,*,#1505,.T.);
#1253=ORIENTED_EDGE('',*,*,#1503,.T.);
#1254=ORIENTED_EDGE('',*,*,#1506,.F.);
#1255=ORIENTED_EDGE('',*,*,#1507,.F.);
#1256=ORIENTED_EDGE('',*,*,#1480,.T.);
#1257=ORIENTED_EDGE('',*,*,#1508,.F.);
#1258=ORIENTED_EDGE('',*,*,#1481,.T.);
#1259=ORIENTED_EDGE('',*,*,#1507,.T.);
#1260=ORIENTED_EDGE('',*,*,#1509,.T.);
#1261=ORIENTED_EDGE('',*,*,#1510,.F.);
#1262=ORIENTED_EDGE('',*,*,#1511,.F.);
#1263=ORIENTED_EDGE('',*,*,#1512,.T.);
#1264=ORIENTED_EDGE('',*,*,#1513,.F.);
#1265=ORIENTED_EDGE('',*,*,#1514,.F.);
#1266=ORIENTED_EDGE('',*,*,#1482,.T.);
#1267=ORIENTED_EDGE('',*,*,#1508,.T.);
#1268=ORIENTED_EDGE('',*,*,#1515,.F.);
#1269=ORIENTED_EDGE('',*,*,#1516,.F.);
#1270=ORIENTED_EDGE('',*,*,#1517,.F.);
#1271=ORIENTED_EDGE('',*,*,#1518,.F.);
#1272=ORIENTED_EDGE('',*,*,#1519,.F.);
#1273=ORIENTED_EDGE('',*,*,#1520,.F.);
#1274=ORIENTED_EDGE('',*,*,#1483,.T.);
#1275=ORIENTED_EDGE('',*,*,#1514,.T.);
#1276=ORIENTED_EDGE('',*,*,#1521,.T.);
#1277=ORIENTED_EDGE('',*,*,#1522,.F.);
#1278=ORIENTED_EDGE('',*,*,#1484,.T.);
#1279=ORIENTED_EDGE('',*,*,#1520,.T.);
#1280=ORIENTED_EDGE('',*,*,#1523,.F.);
#1281=ORIENTED_EDGE('',*,*,#1524,.F.);
#1282=ORIENTED_EDGE('',*,*,#1485,.T.);
#1283=ORIENTED_EDGE('',*,*,#1522,.T.);
#1284=ORIENTED_EDGE('',*,*,#1525,.T.);
#1285=ORIENTED_EDGE('',*,*,#1526,.F.);
#1286=ORIENTED_EDGE('',*,*,#1527,.F.);
#1287=ORIENTED_EDGE('',*,*,#1528,.F.);
#1288=ORIENTED_EDGE('',*,*,#1504,.F.);
#1289=ORIENTED_EDGE('',*,*,#1486,.T.);
#1290=ORIENTED_EDGE('',*,*,#1524,.T.);
#1291=ORIENTED_EDGE('',*,*,#1529,.F.);
#1292=ORIENTED_EDGE('',*,*,#1530,.F.);
#1293=ORIENTED_EDGE('',*,*,#1529,.T.);
#1294=ORIENTED_EDGE('',*,*,#1525,.F.);
#1295=ORIENTED_EDGE('',*,*,#1523,.T.);
#1296=ORIENTED_EDGE('',*,*,#1521,.F.);
#1297=ORIENTED_EDGE('',*,*,#1513,.T.);
#1298=ORIENTED_EDGE('',*,*,#1531,.F.);
#1299=ORIENTED_EDGE('',*,*,#1519,.T.);
#1300=ORIENTED_EDGE('',*,*,#1532,.F.);
#1301=ORIENTED_EDGE('',*,*,#1515,.T.);
#1302=ORIENTED_EDGE('',*,*,#1509,.F.);
#1303=ORIENTED_EDGE('',*,*,#1506,.T.);
#1304=ORIENTED_EDGE('',*,*,#1505,.F.);
#1305=ORIENTED_EDGE('',*,*,#1528,.T.);
#1306=ORIENTED_EDGE('',*,*,#1533,.T.);
#1307=ORIENTED_EDGE('',*,*,#1488,.T.);
#1308=ORIENTED_EDGE('',*,*,#1502,.F.);
#1309=ORIENTED_EDGE('',*,*,#1500,.T.);
#1310=ORIENTED_EDGE('',*,*,#1499,.F.);
#1311=ORIENTED_EDGE('',*,*,#1496,.T.);
#1312=ORIENTED_EDGE('',*,*,#1494,.F.);
#1313=ORIENTED_EDGE('',*,*,#1492,.T.);
#1314=ORIENTED_EDGE('',*,*,#1490,.F.);
#1315=ORIENTED_EDGE('',*,*,#1510,.T.);
#1316=ORIENTED_EDGE('',*,*,#1534,.T.);
#1317=ORIENTED_EDGE('',*,*,#1535,.T.);
#1318=ORIENTED_EDGE('',*,*,#1536,.F.);
#1319=ORIENTED_EDGE('',*,*,#1537,.T.);
#1320=ORIENTED_EDGE('',*,*,#1511,.T.);
#1321=ORIENTED_EDGE('',*,*,#1535,.F.);
#1322=ORIENTED_EDGE('',*,*,#1538,.T.);
#1323=ORIENTED_EDGE('',*,*,#1537,.F.);
#1324=ORIENTED_EDGE('',*,*,#1539,.F.);
#1325=ORIENTED_EDGE('',*,*,#1512,.F.);
#1326=ORIENTED_EDGE('',*,*,#1540,.F.);
#1327=ORIENTED_EDGE('',*,*,#1541,.F.);
#1328=ORIENTED_EDGE('',*,*,#1542,.F.);
#1329=ORIENTED_EDGE('',*,*,#1516,.T.);
#1330=ORIENTED_EDGE('',*,*,#1543,.F.);
#1331=ORIENTED_EDGE('',*,*,#1542,.T.);
#1332=ORIENTED_EDGE('',*,*,#1544,.F.);
#1333=ORIENTED_EDGE('',*,*,#1545,.T.);
#1334=ORIENTED_EDGE('',*,*,#1517,.T.);
#1335=ORIENTED_EDGE('',*,*,#1518,.T.);
#1336=ORIENTED_EDGE('',*,*,#1545,.F.);
#1337=ORIENTED_EDGE('',*,*,#1546,.F.);
#1338=ORIENTED_EDGE('',*,*,#1547,.T.);
#1339=ORIENTED_EDGE('',*,*,#1526,.T.);
#1340=ORIENTED_EDGE('',*,*,#1548,.T.);
#1341=ORIENTED_EDGE('',*,*,#1549,.F.);
#1342=ORIENTED_EDGE('',*,*,#1550,.T.);
#1343=ORIENTED_EDGE('',*,*,#1550,.F.);
#1344=ORIENTED_EDGE('',*,*,#1551,.F.);
#1345=ORIENTED_EDGE('',*,*,#1552,.F.);
#1346=ORIENTED_EDGE('',*,*,#1553,.F.);
#1347=ORIENTED_EDGE('',*,*,#1554,.F.);
#1348=ORIENTED_EDGE('',*,*,#1555,.T.);
#1349=ORIENTED_EDGE('',*,*,#1556,.T.);
#1350=ORIENTED_EDGE('',*,*,#1527,.T.);
#1351=ORIENTED_EDGE('',*,*,#1548,.F.);
#1352=ORIENTED_EDGE('',*,*,#1530,.T.);
#1353=ORIENTED_EDGE('',*,*,#1557,.T.);
#1354=ORIENTED_EDGE('',*,*,#1558,.T.);
#1355=ORIENTED_EDGE('',*,*,#1559,.F.);
#1356=ORIENTED_EDGE('',*,*,#1560,.T.);
#1357=ORIENTED_EDGE('',*,*,#1561,.F.);
#1358=ORIENTED_EDGE('',*,*,#1562,.F.);
#1359=ORIENTED_EDGE('',*,*,#1539,.T.);
#1360=ORIENTED_EDGE('',*,*,#1538,.F.);
#1361=ORIENTED_EDGE('',*,*,#1534,.F.);
#1362=ORIENTED_EDGE('',*,*,#1531,.T.);
#1363=ORIENTED_EDGE('',*,*,#1541,.T.);
#1364=ORIENTED_EDGE('',*,*,#1532,.T.);
#1365=ORIENTED_EDGE('',*,*,#1546,.T.);
#1366=ORIENTED_EDGE('',*,*,#1544,.T.);
#1367=ORIENTED_EDGE('',*,*,#1556,.F.);
#1368=ORIENTED_EDGE('',*,*,#1563,.T.);
#1369=ORIENTED_EDGE('',*,*,#1557,.F.);
#1370=ORIENTED_EDGE('',*,*,#1533,.F.);
#1371=ORIENTED_EDGE('',*,*,#1536,.T.);
#1372=ORIENTED_EDGE('',*,*,#1540,.T.);
#1373=ORIENTED_EDGE('',*,*,#1543,.T.);
#1374=ORIENTED_EDGE('',*,*,#1547,.F.);
#1375=ORIENTED_EDGE('',*,*,#1564,.T.);
#1376=ORIENTED_EDGE('',*,*,#1551,.T.);
#1377=ORIENTED_EDGE('',*,*,#1549,.T.);
#1378=ORIENTED_EDGE('',*,*,#1562,.T.);
#1379=ORIENTED_EDGE('',*,*,#1565,.T.);
#1380=ORIENTED_EDGE('',*,*,#1552,.T.);
#1381=ORIENTED_EDGE('',*,*,#1564,.F.);
#1382=ORIENTED_EDGE('',*,*,#1561,.T.);
#1383=ORIENTED_EDGE('',*,*,#1565,.F.);
#1384=ORIENTED_EDGE('',*,*,#1560,.F.);
#1385=ORIENTED_EDGE('',*,*,#1566,.F.);
#1386=ORIENTED_EDGE('',*,*,#1553,.T.);
#1387=ORIENTED_EDGE('',*,*,#1554,.T.);
#1388=ORIENTED_EDGE('',*,*,#1567,.T.);
#1389=ORIENTED_EDGE('',*,*,#1568,.F.);
#1390=ORIENTED_EDGE('',*,*,#1569,.F.);
#1391=ORIENTED_EDGE('',*,*,#1570,.F.);
#1392=ORIENTED_EDGE('',*,*,#1558,.F.);
#1393=ORIENTED_EDGE('',*,*,#1563,.F.);
#1394=ORIENTED_EDGE('',*,*,#1555,.F.);
#1395=ORIENTED_EDGE('',*,*,#1559,.T.);
#1396=ORIENTED_EDGE('',*,*,#1571,.T.);
#1397=ORIENTED_EDGE('',*,*,#1572,.F.);
#1398=ORIENTED_EDGE('',*,*,#1573,.F.);
#1399=ORIENTED_EDGE('',*,*,#1566,.T.);
#1400=ORIENTED_EDGE('',*,*,#1573,.T.);
#1401=ORIENTED_EDGE('',*,*,#1574,.F.);
#1402=ORIENTED_EDGE('',*,*,#1567,.F.);
#1403=ORIENTED_EDGE('',*,*,#1574,.T.);
#1404=ORIENTED_EDGE('',*,*,#1572,.T.);
#1405=ORIENTED_EDGE('',*,*,#1575,.T.);
#1406=ORIENTED_EDGE('',*,*,#1568,.T.);
#1407=ORIENTED_EDGE('',*,*,#1570,.T.);
#1408=ORIENTED_EDGE('',*,*,#1569,.T.);
#1409=ORIENTED_EDGE('',*,*,#1575,.F.);
#1410=ORIENTED_EDGE('',*,*,#1571,.F.);
#1411=EDGE_CURVE('',#1576,#1577,#1578,.F.);
#1412=EDGE_CURVE('',#1577,#1579,#1580,.T.);
#1413=EDGE_CURVE('',#1581,#1579,#1582,.T.);
#1414=EDGE_CURVE('',#1576,#1581,#1583,.T.);
#1415=EDGE_CURVE('',#1577,#1584,#1585,.F.);
#1416=EDGE_CURVE('',#1584,#1586,#1587,.T.);
#1417=EDGE_CURVE('',#1579,#1586,#1588,.T.);
#1418=EDGE_CURVE('',#1584,#1589,#1590,.F.);
#1419=EDGE_CURVE('',#1589,#1591,#1592,.T.);
#1420=EDGE_CURVE('',#1586,#1591,#1593,.T.);
#1421=EDGE_CURVE('',#1589,#1594,#1595,.F.);
#1422=EDGE_CURVE('',#1594,#1596,#1597,.T.);
#1423=EDGE_CURVE('',#1591,#1596,#1598,.T.);
#1424=EDGE_CURVE('',#1594,#1599,#1600,.F.);
#1425=EDGE_CURVE('',#1599,#1601,#1602,.T.);
#1426=EDGE_CURVE('',#1596,#1601,#1603,.T.);
#1427=EDGE_CURVE('',#1599,#1604,#1605,.F.);
#1428=EDGE_CURVE('',#1604,#1606,#1607,.T.);
#1429=EDGE_CURVE('',#1601,#1606,#1608,.F.);
#1430=EDGE_CURVE('',#1604,#1609,#1610,.F.);
#1431=EDGE_CURVE('',#1609,#1611,#1612,.T.);
#1432=EDGE_CURVE('',#1606,#1611,#1613,.T.);
#1433=EDGE_CURVE('',#1609,#1614,#1615,.F.);
#1434=EDGE_CURVE('',#1614,#1616,#1617,.T.);
#1435=EDGE_CURVE('',#1611,#1616,#1618,.T.);
#1436=EDGE_CURVE('',#1614,#1619,#1620,.F.);
#1437=EDGE_CURVE('',#1619,#1621,#1622,.T.);
#1438=EDGE_CURVE('',#1616,#1621,#1623,.T.);
#1439=EDGE_CURVE('',#1619,#1624,#1625,.F.);
#1440=EDGE_CURVE('',#1624,#1626,#1627,.T.);
#1441=EDGE_CURVE('',#1621,#1626,#1628,.F.);
#1442=EDGE_CURVE('',#1624,#1629,#1630,.F.);
#1443=EDGE_CURVE('',#1629,#1631,#1632,.T.);
#1444=EDGE_CURVE('',#1626,#1631,#1633,.T.);
#1445=EDGE_CURVE('',#1629,#1576,#1634,.F.);
#1446=EDGE_CURVE('',#1631,#1581,#1635,.T.);
#1447=EDGE_CURVE('',#1636,#1637,#1638,.F.);
#1448=EDGE_CURVE('',#1637,#1639,#1640,.T.);
#1449=EDGE_CURVE('',#1639,#1641,#1642,.F.);
#1450=EDGE_CURVE('',#1641,#1643,#1644,.T.);
#1451=EDGE_CURVE('',#1643,#1645,#1646,.F.);
#1452=EDGE_CURVE('',#1645,#1647,#1648,.T.);
#1453=EDGE_CURVE('',#1647,#1649,#1650,.F.);
#1454=EDGE_CURVE('',#1649,#1636,#1651,.T.);
#1455=EDGE_CURVE('',#1652,#1653,#1654,.F.);
#1456=EDGE_CURVE('',#1653,#1655,#1656,.F.);
#1457=EDGE_CURVE('',#1655,#1657,#1658,.F.);
#1458=EDGE_CURVE('',#1657,#1659,#1660,.F.);
#1459=EDGE_CURVE('',#1659,#1661,#1662,.F.);
#1460=EDGE_CURVE('',#1661,#1663,#1664,.F.);
#1461=EDGE_CURVE('',#1663,#1665,#1666,.F.);
#1462=EDGE_CURVE('',#1665,#1652,#1667,.F.);
#1463=EDGE_CURVE('',#1668,#1665,#1669,.T.);
#1464=EDGE_CURVE('',#1668,#1670,#1671,.F.);
#1465=EDGE_CURVE('',#1670,#1652,#1672,.T.);
#1466=EDGE_CURVE('',#1673,#1663,#1674,.T.);
#1467=EDGE_CURVE('',#1673,#1668,#1675,.F.);
#1468=EDGE_CURVE('',#1676,#1661,#1677,.T.);
#1469=EDGE_CURVE('',#1676,#1673,#1678,.F.);
#1470=EDGE_CURVE('',#1679,#1659,#1680,.T.);
#1471=EDGE_CURVE('',#1679,#1676,#1681,.F.);
#1472=EDGE_CURVE('',#1682,#1657,#1683,.T.);
#1473=EDGE_CURVE('',#1682,#1679,#1684,.F.);
#1474=EDGE_CURVE('',#1685,#1655,#1686,.T.);
#1475=EDGE_CURVE('',#1685,#1682,#1687,.F.);
#1476=EDGE_CURVE('',#1688,#1653,#1689,.T.);
#1477=EDGE_CURVE('',#1688,#1685,#1690,.F.);
#1478=EDGE_CURVE('',#1670,#1688,#1691,.F.);
#1479=EDGE_CURVE('',#1692,#1693,#1694,.F.);
#1480=EDGE_CURVE('',#1695,#1692,#1696,.T.);
#1481=EDGE_CURVE('',#1697,#1695,#1698,.F.);
#1482=EDGE_CURVE('',#1699,#1697,#1700,.T.);
#1483=EDGE_CURVE('',#1701,#1699,#1702,.F.);
#1484=EDGE_CURVE('',#1703,#1701,#1704,.T.);
#1485=EDGE_CURVE('',#1705,#1703,#1706,.F.);
#1486=EDGE_CURVE('',#1693,#1705,#1707,.T.);
#1487=EDGE_CURVE('',#1636,#1708,#1709,.T.);
#1488=EDGE_CURVE('',#1710,#1708,#1711,.F.);
#1489=EDGE_CURVE('',#1637,#1710,#1712,.T.);
#1490=EDGE_CURVE('',#1710,#1713,#1714,.T.);
#1491=EDGE_CURVE('',#1639,#1713,#1715,.T.);
#1492=EDGE_CURVE('',#1716,#1713,#1717,.F.);
#1493=EDGE_CURVE('',#1641,#1716,#1718,.T.);
#1494=EDGE_CURVE('',#1716,#1719,#1720,.T.);
#1495=EDGE_CURVE('',#1643,#1719,#1721,.T.);
#1496=EDGE_CURVE('',#1722,#1719,#1723,.F.);
#1497=EDGE_CURVE('',#1645,#1722,#1724,.T.);
#1498=EDGE_CURVE('',#1647,#1725,#1726,.T.);
#1499=EDGE_CURVE('',#1722,#1725,#1727,.T.);
#1500=EDGE_CURVE('',#1728,#1725,#1729,.F.);
#1501=EDGE_CURVE('',#1649,#1728,#1730,.T.);
#1502=EDGE_CURVE('',#1728,#1708,#1731,.T.);
#1503=EDGE_CURVE('',#1692,#1732,#1733,.T.);
#1504=EDGE_CURVE('',#1693,#1734,#1735,.T.);
#1505=EDGE_CURVE('',#1734,#1732,#1736,.F.);
#1506=EDGE_CURVE('',#1737,#1732,#1738,.T.);
#1507=EDGE_CURVE('',#1695,#1737,#1739,.T.);
#1508=EDGE_CURVE('',#1697,#1740,#1741,.T.);
#1509=EDGE_CURVE('',#1737,#1740,#1742,.F.);
#1510=EDGE_CURVE('',#1743,#1744,#1745,.T.);
#1511=EDGE_CURVE('',#1746,#1743,#1747,.F.);
#1512=EDGE_CURVE('',#1746,#1748,#1749,.T.);
#1513=EDGE_CURVE('',#1750,#1748,#1751,.T.);
#1514=EDGE_CURVE('',#1699,#1750,#1752,.T.);
#1515=EDGE_CURVE('',#1753,#1740,#1754,.T.);
#1516=EDGE_CURVE('',#1755,#1753,#1756,.T.);
#1517=EDGE_CURVE('',#1757,#1755,#1758,.T.);
#1518=EDGE_CURVE('',#1759,#1757,#1760,.F.);
#1519=EDGE_CURVE('',#1744,#1759,#1761,.T.);
#1520=EDGE_CURVE('',#1701,#1762,#1763,.T.);
#1521=EDGE_CURVE('',#1750,#1762,#1764,.F.);
#1522=EDGE_CURVE('',#1703,#1765,#1766,.T.);
#1523=EDGE_CURVE('',#1765,#1762,#1767,.T.);
#1524=EDGE_CURVE('',#1705,#1768,#1769,.T.);
#1525=EDGE_CURVE('',#1765,#1768,#1770,.F.);
#1526=EDGE_CURVE('',#1771,#1772,#1773,.T.);
#1527=EDGE_CURVE('',#1774,#1771,#1775,.F.);
#1528=EDGE_CURVE('',#1734,#1774,#1776,.T.);
#1529=EDGE_CURVE('',#1777,#1768,#1778,.T.);
#1530=EDGE_CURVE('',#1772,#1777,#1779,.T.);
#1531=EDGE_CURVE('',#1744,#1748,#1780,.T.);
#1532=EDGE_CURVE('',#1753,#1759,#1781,.F.);
#1533=EDGE_CURVE('',#1774,#1777,#1782,.T.);
#1534=EDGE_CURVE('',#1744,#1783,#1784,.T.);
#1535=EDGE_CURVE('',#1783,#1743,#1785,.T.);
#1536=EDGE_CURVE('',#1786,#1786,#1787,.T.);
#1537=EDGE_CURVE('',#1788,#1746,#1789,.T.);
#1538=EDGE_CURVE('',#1783,#1788,#1790,.T.);
#1539=EDGE_CURVE('',#1748,#1788,#1791,.T.);
#1540=EDGE_CURVE('',#1792,#1792,#1793,.F.);
#1541=EDGE_CURVE('',#1794,#1753,#1795,.F.);
#1542=EDGE_CURVE('',#1755,#1794,#1796,.T.);
#1543=EDGE_CURVE('',#1797,#1797,#1798,.T.);
#1544=EDGE_CURVE('',#1799,#1794,#1800,.T.);
#1545=EDGE_CURVE('',#1799,#1757,#1801,.T.);
#1546=EDGE_CURVE('',#1759,#1799,#1802,.T.);
#1547=EDGE_CURVE('',#1803,#1803,#1804,.T.);
#1548=EDGE_CURVE('',#1772,#1805,#1806,.F.);
#1549=EDGE_CURVE('',#1807,#1805,#1808,.T.);
#1550=EDGE_CURVE('',#1807,#1771,#1809,.F.);
#1551=EDGE_CURVE('',#1810,#1807,#1811,.T.);
#1552=EDGE_CURVE('',#1812,#1810,#1813,.F.);
#1553=EDGE_CURVE('',#1814,#1812,#1815,.T.);
#1554=EDGE_CURVE('',#1816,#1814,#1817,.T.);
#1555=EDGE_CURVE('',#1816,#1818,#1819,.T.);
#1556=EDGE_CURVE('',#1818,#1774,#1820,.T.);
#1557=EDGE_CURVE('',#1777,#1821,#1822,.F.);
#1558=EDGE_CURVE('',#1821,#1823,#1824,.T.);
#1559=EDGE_CURVE('',#1825,#1823,#1826,.T.);
#1560=EDGE_CURVE('',#1825,#1827,#1828,.T.);
#1561=EDGE_CURVE('',#1829,#1827,#1830,.F.);
#1562=EDGE_CURVE('',#1805,#1829,#1831,.T.);
#1563=EDGE_CURVE('',#1818,#1821,#1832,.T.);
#1564=EDGE_CURVE('',#1829,#1810,#1833,.T.);
#1565=EDGE_CURVE('',#1827,#1812,#1834,.T.);
#1566=EDGE_CURVE('',#1814,#1825,#1835,.T.);
#1567=EDGE_CURVE('',#1814,#1836,#1837,.T.);
#1568=EDGE_CURVE('',#1838,#1836,#1839,.T.);
#1569=EDGE_CURVE('',#1816,#1838,#1840,.T.);
#1570=EDGE_CURVE('',#1823,#1816,#1841,.T.);
#1571=EDGE_CURVE('',#1823,#1842,#1843,.T.);
#1572=EDGE_CURVE('',#1844,#1842,#1845,.T.);
#1573=EDGE_CURVE('',#1825,#1844,#1846,.T.);
#1574=EDGE_CURVE('',#1836,#1844,#1847,.T.);
#1575=EDGE_CURVE('',#1842,#1838,#1848,.T.);
#1576=VERTEX_POINT('',#1849);
#1577=VERTEX_POINT('',#1850);
#1578=LINE('',#1851,#1852);
#1579=VERTEX_POINT('',#1854);
#1580=LINE('',#1855,#1856);
#1581=VERTEX_POINT('',#1858);
#1582=LINE('',#1859,#1860);
#1583=LINE('',#1862,#1863);
#1584=VERTEX_POINT('',#1865);
#1585=LINE('',#1866,#1867);
#1586=VERTEX_POINT('',#1869);
#1587=LINE('',#1870,#1871);
#1588=LINE('',#1873,#1874);
#1589=VERTEX_POINT('',#1876);
#1590=LINE('',#1877,#1878);
#1591=VERTEX_POINT('',#1880);
#1592=LINE('',#1881,#1882);
#1593=LINE('',#1884,#1885);
#1594=VERTEX_POINT('',#1887);
#1595=LINE('',#1888,#1889);
#1596=VERTEX_POINT('',#1891);
#1597=LINE('',#1892,#1893);
#1598=LINE('',#1895,#1896);
#1599=VERTEX_POINT('',#1898);
#1600=LINE('',#1899,#1900);
#1601=VERTEX_POINT('',#1902);
#1602=LINE('',#1903,#1904);
#1603=LINE('',#1906,#1907);
#1604=VERTEX_POINT('',#1909);
#1605=CIRCLE('',#1910,10.);
#1606=VERTEX_POINT('',#1914);
#1607=LINE('',#1915,#1916);
#1608=CIRCLE('',#1918,10.);
#1609=VERTEX_POINT('',#1922);
#1610=LINE('',#1923,#1924);
#1611=VERTEX_POINT('',#1926);
#1612=LINE('',#1927,#1928);
#1613=LINE('',#1930,#1931);
#1614=VERTEX_POINT('',#1933);
#1615=LINE('',#1934,#1935);
#1616=VERTEX_POINT('',#1937);
#1617=LINE('',#1938,#1939);
#1618=LINE('',#1941,#1942);
#1619=VERTEX_POINT('',#1944);
#1620=LINE('',#1945,#1946);
#1621=VERTEX_POINT('',#1948);
#1622=LINE('',#1949,#1950);
#1623=LINE('',#1952,#1953);
#1624=VERTEX_POINT('',#1955);
#1625=CIRCLE('',#1956,10.);
#1626=VERTEX_POINT('',#1960);
#1627=LINE('',#1961,#1962);
#1628=CIRCLE('',#1964,10.);
#1629=VERTEX_POINT('',#1968);
#1630=LINE('',#1969,#1970);
#1631=VERTEX_POINT('',#1972);
#1632=LINE('',#1973,#1974);
#1633=LINE('',#1976,#1977);
#1634=LINE('',#1979,#1980);
#1635=LINE('',#1982,#1983);
#1636=VERTEX_POINT('',#1985);
#1637=VERTEX_POINT('',#1986);
#1638=CIRCLE('',#1987,2.);
#1639=VERTEX_POINT('',#1991);
#1640=LINE('',#1992,#1993);
#1641=VERTEX_POINT('',#1995);
#1642=CIRCLE('',#1996,2.);
#1643=VERTEX_POINT('',#2000);
#1644=LINE('',#2001,#2002);
#1645=VERTEX_POINT('',#2004);
#1646=CIRCLE('',#2005,2.);
#1647=VERTEX_POINT('',#2009);
#1648=LINE('',#2010,#2011);
#1649=VERTEX_POINT('',#2013);
#1650=CIRCLE('',#2014,2.);
#1651=LINE('',#2018,#2019);
#1652=VERTEX_POINT('',#2021);
#1653=VERTEX_POINT('',#2022);
#1654=LINE('',#2023,#2024);
#1655=VERTEX_POINT('',#2026);
#1656=CIRCLE('',#2027,5.);
#1657=VERTEX_POINT('',#2031);
#1658=LINE('',#2032,#2033);
#1659=VERTEX_POINT('',#2035);
#1660=CIRCLE('',#2036,5.);
#1661=VERTEX_POINT('',#2040);
#1662=LINE('',#2041,#2042);
#1663=VERTEX_POINT('',#2044);
#1664=CIRCLE('',#2045,5.);
#1665=VERTEX_POINT('',#2049);
#1666=LINE('',#2050,#2051);
#1667=CIRCLE('',#2053,5.);
#1668=VERTEX_POINT('',#2057);
#1669=LINE('',#2058,#2059);
#1670=VERTEX_POINT('',#2061);
#1671=CIRCLE('',#2062,5.);
#1672=LINE('',#2066,#2067);
#1673=VERTEX_POINT('',#2069);
#1674=LINE('',#2070,#2071);
#1675=LINE('',#2073,#2074);
#1676=VERTEX_POINT('',#2076);
#1677=LINE('',#2077,#2078);
#1678=CIRCLE('',#2080,5.);
#1679=VERTEX_POINT('',#2084);
#1680=LINE('',#2085,#2086);
#1681=LINE('',#2088,#2089);
#1682=VERTEX_POINT('',#2091);
#1683=LINE('',#2092,#2093);
#1684=CIRCLE('',#2095,5.);
#1685=VERTEX_POINT('',#2099);
#1686=LINE('',#2100,#2101);
#1687=LINE('',#2103,#2104);
#1688=VERTEX_POINT('',#2106);
#1689=LINE('',#2107,#2108);
#1690=CIRCLE('',#2110,5.);
#1691=LINE('',#2114,#2115);
#1692=VERTEX_POINT('',#2117);
#1693=VERTEX_POINT('',#2118);
#1694=CIRCLE('',#2119,4.);
#1695=VERTEX_POINT('',#2123);
#1696=LINE('',#2124,#2125);
#1697=VERTEX_POINT('',#2127);
#1698=CIRCLE('',#2128,4.);
#1699=VERTEX_POINT('',#2132);
#1700=LINE('',#2133,#2134);
#1701=VERTEX_POINT('',#2136);
#1702=CIRCLE('',#2137,4.);
#1703=VERTEX_POINT('',#2141);
#1704=LINE('',#2142,#2143);
#1705=VERTEX_POINT('',#2145);
#1706=CIRCLE('',#2146,4.);
#1707=LINE('',#2150,#2151);
#1708=VERTEX_POINT('',#2153);
#1709=LINE('',#2154,#2155);
#1710=VERTEX_POINT('',#2157);
#1711=CIRCLE('',#2158,2.);
#1712=LINE('',#2162,#2163);
#1713=VERTEX_POINT('',#2165);
#1714=LINE('',#2166,#2167);
#1715=LINE('',#2169,#2170);
#1716=VERTEX_POINT('',#2172);
#1717=CIRCLE('',#2173,2.);
#1718=LINE('',#2177,#2178);
#1719=VERTEX_POINT('',#2180);
#1720=LINE('',#2181,#2182);
#1721=LINE('',#2184,#2185);
#1722=VERTEX_POINT('',#2187);
#1723=CIRCLE('',#2188,2.);
#1724=LINE('',#2192,#2193);
#1725=VERTEX_POINT('',#2195);
#1726=LINE('',#2196,#2197);
#1727=LINE('',#2199,#2200);
#1728=VERTEX_POINT('',#2202);
#1729=CIRCLE('',#2203,2.);
#1730=LINE('',#2207,#2208);
#1731=LINE('',#2210,#2211);
#1732=VERTEX_POINT('',#2213);
#1733=LINE('',#2214,#2215);
#1734=VERTEX_POINT('',#2217);
#1735=LINE('',#2218,#2219);
#1736=CIRCLE('',#2221,4.);
#1737=VERTEX_POINT('',#2225);
#1738=LINE('',#2226,#2227);
#1739=LINE('',#2229,#2230);
#1740=VERTEX_POINT('',#2232);
#1741=LINE('',#2233,#2234);
#1742=CIRCLE('',#2236,4.);
#1743=VERTEX_POINT('',#2240);
#1744=VERTEX_POINT('',#2241);
#1745=LINE('',#2242,#2243);
#1746=VERTEX_POINT('',#2245);
#1747=LINE('',#2246,#2247);
#1748=VERTEX_POINT('',#2249);
#1749=LINE('',#2250,#2251);
#1750=VERTEX_POINT('',#2253);
#1751=LINE('',#2254,#2255);
#1752=LINE('',#2257,#2258);
#1753=VERTEX_POINT('',#2260);
#1754=LINE('',#2261,#2262);
#1755=VERTEX_POINT('',#2264);
#1756=LINE('',#2265,#2266);
#1757=VERTEX_POINT('',#2268);
#1758=LINE('',#2269,#2270);
#1759=VERTEX_POINT('',#2272);
#1760=LINE('',#2273,#2274);
#1761=LINE('',#2276,#2277);
#1762=VERTEX_POINT('',#2279);
#1763=LINE('',#2280,#2281);
#1764=CIRCLE('',#2283,4.);
#1765=VERTEX_POINT('',#2287);
#1766=LINE('',#2288,#2289);
#1767=LINE('',#2291,#2292);
#1768=VERTEX_POINT('',#2294);
#1769=LINE('',#2295,#2296);
#1770=CIRCLE('',#2298,4.);
#1771=VERTEX_POINT('',#2302);
#1772=VERTEX_POINT('',#2303);
#1773=LINE('',#2304,#2305);
#1774=VERTEX_POINT('',#2307);
#1775=LINE('',#2308,#2309);
#1776=LINE('',#2311,#2312);
#1777=VERTEX_POINT('',#2314);
#1778=LINE('',#2315,#2316);
#1779=LINE('',#2318,#2319);
#1780=LINE('',#2321,#2322);
#1781=LINE('',#2324,#2325);
#1782=LINE('',#2327,#2328);
#1783=VERTEX_POINT('',#2330);
#1784=CIRCLE('',#2331,2.5);
#1785=LINE('',#2335,#2336);
#1786=VERTEX_POINT('',#2338);
#1787=CIRCLE('',#2339,1.);
#1788=VERTEX_POINT('',#2343);
#1789=LINE('',#2344,#2345);
#1790=LINE('',#2347,#2348);
#1791=CIRCLE('',#2350,2.5);
#1792=VERTEX_POINT('',#2354);
#1793=CIRCLE('',#2355,1.);
#1794=VERTEX_POINT('',#2359);
#1795=CIRCLE('',#2360,2.5);
#1796=LINE('',#2364,#2365);
#1797=VERTEX_POINT('',#2367);
#1798=CIRCLE('',#2368,1.);
#1799=VERTEX_POINT('',#2372);
#1800=LINE('',#2373,#2374);
#1801=LINE('',#2376,#2377);
#1802=CIRCLE('',#2379,2.5);
#1803=VERTEX_POINT('',#2383);
#1804=CIRCLE('',#2384,1.);
#1805=VERTEX_POINT('',#2388);
#1806=LINE('',#2389,#2390);
#1807=VERTEX_POINT('',#2392);
#1808=LINE('',#2393,#2394);
#1809=LINE('',#2396,#2397);
#1810=VERTEX_POINT('',#2399);
#1811=LINE('',#2400,#2401);
#1812=VERTEX_POINT('',#2403);
#1813=CIRCLE('',#2404,1.);
#1814=VERTEX_POINT('',#2408);
#1815=LINE('',#2409,#2410);
#1816=VERTEX_POINT('',#2412);
#1817=LINE('',#2413,#2414);
#1818=VERTEX_POINT('',#2416);
#1819=LINE('',#2417,#2418);
#1820=LINE('',#2420,#2421);
#1821=VERTEX_POINT('',#2423);
#1822=LINE('',#2424,#2425);
#1823=VERTEX_POINT('',#2427);
#1824=LINE('',#2428,#2429);
#1825=VERTEX_POINT('',#2431);
#1826=LINE('',#2432,#2433);
#1827=VERTEX_POINT('',#2435);
#1828=LINE('',#2436,#2437);
#1829=VERTEX_POINT('',#2439);
#1830=CIRCLE('',#2440,1.);
#1831=LINE('',#2444,#2445);
#1832=LINE('',#2447,#2448);
#1833=LINE('',#2450,#2451);
#1834=LINE('',#2453,#2454);
#1835=LINE('',#2456,#2457);
#1836=VERTEX_POINT('',#2459);
#1837=(BOUNDED_CURVE()B_SPLINE_CURVE(3,
(#2460,#2461,#2462,#2463),
.UNSPECIFIED.,.F.,.F.)B_SPLINE_CURVE_WITH_KNOTS((4,4),
(0.,1.),
.UNSPECIFIED.)CURVE()GEOMETRIC_REPRESENTATION_ITEM()RATIONAL_B_SPLINE_CURVE((1.,
0.804737854124365,0.804737854124365,1.))REPRESENTATION_ITEM(''));
#1838=VERTEX_POINT('',#2464);
#1839=LINE('',#2465,#2466);
#1840=(BOUNDED_CURVE()B_SPLINE_CURVE(3,
(#2468,#2469,#2470,#2471),
.UNSPECIFIED.,.F.,.F.)B_SPLINE_CURVE_WITH_KNOTS((4,4),
(0.,1.),
.UNSPECIFIED.)CURVE()GEOMETRIC_REPRESENTATION_ITEM()RATIONAL_B_SPLINE_CURVE((1.,
0.804737854124365,0.804737854124365,1.))REPRESENTATION_ITEM(''));
#1841=LINE('',#2472,#2473);
#1842=VERTEX_POINT('',#2475);
#1843=(BOUNDED_CURVE()B_SPLINE_CURVE(3,
(#2476,#2477,#2478,#2479),
.UNSPECIFIED.,.F.,.F.)B_SPLINE_CURVE_WITH_KNOTS((4,4),
(0.,1.),
.UNSPECIFIED.)CURVE()GEOMETRIC_REPRESENTATION_ITEM()RATIONAL_B_SPLINE_CURVE((1.,
0.804737854124365,0.804737854124365,1.))REPRESENTATION_ITEM(''));
#1844=VERTEX_POINT('',#2480);
#1845=LINE('',#2481,#2482);
#1846=(BOUNDED_CURVE()B_SPLINE_CURVE(3,
(#2484,#2485,#2486,#2487),
.UNSPECIFIED.,.F.,.F.)B_SPLINE_CURVE_WITH_KNOTS((4,4),
(0.,1.),
.UNSPECIFIED.)CURVE()GEOMETRIC_REPRESENTATION_ITEM()RATIONAL_B_SPLINE_CURVE((1.,
0.804737854124365,0.804737854124365,1.))REPRESENTATION_ITEM(''));
#1847=LINE('',#2488,#2489);
#1848=LINE('',#2491,#2492);
#1849=CARTESIAN_POINT('',(18.2282276324367,-0.935088600029333,0.5));
#1850=CARTESIAN_POINT('',(30.56156096577,-0.935088600029334,0.5));
#1851=CARTESIAN_POINT('',(30.56156096577,-0.935088600029334,0.5));
#1852=VECTOR('',#1853,1.);
#1853=DIRECTION('',(-1.,6.30126581544008E-17,0.));
#1854=CARTESIAN_POINT('',(30.56156096577,-0.935088600029334,0.));
#1855=CARTESIAN_POINT('',(30.56156096577,-0.935088600029334,0.5));
#1856=VECTOR('',#1857,1.);
#1857=DIRECTION('',(0.,0.,-1.));
#1858=CARTESIAN_POINT('',(18.2282276324367,-0.935088600029333,0.));
#1859=CARTESIAN_POINT('',(18.2282276324367,-0.935088600029333,0.));
#1860=VECTOR('',#1861,1.);
#1861=DIRECTION('',(1.,-6.30126581544008E-17,0.));
#1862=CARTESIAN_POINT('',(18.2282276324367,-0.935088600029333,0.5));
#1863=VECTOR('',#1864,1.);
#1864=DIRECTION('',(0.,0.,-1.));
#1865=CARTESIAN_POINT('',(30.56156096577,1.06491139997067,0.5));
#1866=CARTESIAN_POINT('',(30.56156096577,1.06491139997067,0.5));
#1867=VECTOR('',#1868,1.);
#1868=DIRECTION('',(0.,-1.,0.));
#1869=CARTESIAN_POINT('',(30.56156096577,1.06491139997067,0.));
#1870=CARTESIAN_POINT('',(30.56156096577,1.06491139997067,0.5));
#1871=VECTOR('',#1872,1.);
#1872=DIRECTION('',(0.,0.,-1.));
#1873=CARTESIAN_POINT('',(30.56156096577,-0.935088600029334,0.));
#1874=VECTOR('',#1875,1.);
#1875=DIRECTION('',(0.,1.,0.));
#1876=CARTESIAN_POINT('',(18.2282276324367,1.06491139997067,0.5));
#1877=CARTESIAN_POINT('',(18.2282276324367,1.06491139997067,0.5));
#1878=VECTOR('',#1879,1.);
#1879=DIRECTION('',(1.,-5.40108498466292E-17,0.));
#1880=CARTESIAN_POINT('',(18.2282276324367,1.06491139997067,0.));
#1881=CARTESIAN_POINT('',(18.2282276324367,1.06491139997067,0.5));
#1882=VECTOR('',#1883,1.);
#1883=DIRECTION('',(0.,0.,-1.));
#1884=CARTESIAN_POINT('',(30.56156096577,1.06491139997067,0.));
#1885=VECTOR('',#1886,1.);
#1886=DIRECTION('',(-1.,5.40108498466292E-17,0.));
#1887=CARTESIAN_POINT('',(18.2282276324367,2.,0.5));
#1888=CARTESIAN_POINT('',(18.2282276324367,2.,0.5));
#1889=VECTOR('',#1890,1.);
#1890=DIRECTION('',(0.,-1.,0.));
#1891=CARTESIAN_POINT('',(18.2282276324367,2.,0.));
#1892=CARTESIAN_POINT('',(18.2282276324367,2.,0.5));
#1893=VECTOR('',#1894,1.);
#1894=DIRECTION('',(0.,0.,-1.));
#1895=CARTESIAN_POINT('',(18.2282276324367,1.06491139997067,0.));
#1896=VECTOR('',#1897,1.);
#1897=DIRECTION('',(0.,1.,0.));
#1898=CARTESIAN_POINT('',(3.02618660356939,2.,0.500000000000001));
#1899=CARTESIAN_POINT('',(3.0261866035694,2.,0.5));
#1900=VECTOR('',#1901,1.);
#1901=DIRECTION('',(1.,-5.84249455723449E-17,0.));
#1902=CARTESIAN_POINT('',(3.02618660356939,2.,0.));
#1903=CARTESIAN_POINT('',(3.02618660356939,2.,0.500000000000001));
#1904=VECTOR('',#1905,1.);
#1905=DIRECTION('',(0.,0.,-1.));
#1906=CARTESIAN_POINT('',(18.2282276324367,2.,0.));
#1907=VECTOR('',#1908,1.);
#1908=DIRECTION('',(-1.,5.84249455723449E-17,0.));
#1909=CARTESIAN_POINT('',(-16.569731338696,2.,0.5));
#1910=AXIS2_PLACEMENT_3D('',#1911,#1912,#1913);
#1911=CARTESIAN_POINT('',(-6.77177236756333,-5.16705367653492E-16,0.5));
#1912=DIRECTION('',(0.,0.,-1.));
#1913=DIRECTION('',(-0.979795897113271,0.2,0.));
#1914=CARTESIAN_POINT('',(-16.569731338696,2.,0.));
#1915=CARTESIAN_POINT('',(-16.569731338696,2.,0.5));
#1916=VECTOR('',#1917,1.);
#1917=DIRECTION('',(0.,0.,-1.));
#1918=AXIS2_PLACEMENT_3D('',#1919,#1920,#1921);
#1919=CARTESIAN_POINT('',(-6.77177236756333,-5.16705367653492E-16,0.));
#1920=DIRECTION('',(0.,0.,-1.));
#1921=DIRECTION('',(-0.979795897113271,0.2,0.));
#1922=CARTESIAN_POINT('',(-20.7717723675633,2.,0.5));
#1923=CARTESIAN_POINT('',(-20.7717723675633,2.,0.5));
#1924=VECTOR('',#1925,1.);
#1925=DIRECTION('',(1.,0.,0.));
#1926=CARTESIAN_POINT('',(-20.7717723675633,2.,0.));
#1927=CARTESIAN_POINT('',(-20.7717723675633,2.,0.5));
#1928=VECTOR('',#1929,1.);
#1929=DIRECTION('',(0.,0.,-1.));
#1930=CARTESIAN_POINT('',(-16.569731338696,2.,0.));
#1931=VECTOR('',#1932,1.);
#1932=DIRECTION('',(-1.,0.,0.));
#1933=CARTESIAN_POINT('',(-20.7717723675633,-2.,0.5));
#1934=CARTESIAN_POINT('',(-20.7717723675633,-2.,0.5));
#1935=VECTOR('',#1936,1.);
#1936=DIRECTION('',(0.,1.,0.));
#1937=CARTESIAN_POINT('',(-20.7717723675633,-2.,0.));
#1938=CARTESIAN_POINT('',(-20.7717723675633,-2.,0.5));
#1939=VECTOR('',#1940,1.);
#1940=DIRECTION('',(0.,0.,-1.));
#1941=CARTESIAN_POINT('',(-20.7717723675633,2.,0.));
#1942=VECTOR('',#1943,1.);
#1943=DIRECTION('',(0.,-1.,0.));
#1944=CARTESIAN_POINT('',(-16.569731338696,-2.,0.500000000000001));
#1945=CARTESIAN_POINT('',(-16.569731338696,-2.,0.5));
#1946=VECTOR('',#1947,1.);
#1947=DIRECTION('',(-1.,5.28420839776727E-17,0.));
#1948=CARTESIAN_POINT('',(-16.569731338696,-2.,0.));
#1949=CARTESIAN_POINT('',(-16.569731338696,-2.,0.500000000000001));
#1950=VECTOR('',#1951,1.);
#1951=DIRECTION('',(0.,0.,-1.));
#1952=CARTESIAN_POINT('',(-20.7717723675633,-2.,0.));
#1953=VECTOR('',#1954,1.);
#1954=DIRECTION('',(1.,0.,0.));
#1955=CARTESIAN_POINT('',(3.02618660356938,-2.,0.5));
#1956=AXIS2_PLACEMENT_3D('',#1957,#1958,#1959);
#1957=CARTESIAN_POINT('',(-6.77177236756333,-5.16705367653492E-16,0.5));
#1958=DIRECTION('',(0.,0.,-1.));
#1959=DIRECTION('',(0.979795897113271,-0.2,0.));
#1960=CARTESIAN_POINT('',(3.02618660356938,-2.,0.));
#1961=CARTESIAN_POINT('',(3.02618660356938,-2.,0.5));
#1962=VECTOR('',#1963,1.);
#1963=DIRECTION('',(1.77635683940025E-15,0.,-1.));
#1964=AXIS2_PLACEMENT_3D('',#1965,#1966,#1967);
#1965=CARTESIAN_POINT('',(-6.77177236756333,-5.16705367653492E-16,0.));
#1966=DIRECTION('',(0.,0.,-1.));
#1967=DIRECTION('',(0.979795897113271,-0.2,0.));
#1968=CARTESIAN_POINT('',(18.2282276324367,-2.,0.5));
#1969=CARTESIAN_POINT('',(18.2282276324367,-2.,0.5));
#1970=VECTOR('',#1971,1.);
#1971=DIRECTION('',(-1.,8.76374183585173E-17,0.));
#1972=CARTESIAN_POINT('',(18.2282276324367,-2.,0.));
#1973=CARTESIAN_POINT('',(18.2282276324367,-2.,0.5));
#1974=VECTOR('',#1975,1.);
#1975=DIRECTION('',(0.,0.,-1.));
#1976=CARTESIAN_POINT('',(3.02618660356937,-2.,0.));
#1977=VECTOR('',#1978,1.);
#1978=DIRECTION('',(1.,-8.76374183585173E-17,0.));
#1979=CARTESIAN_POINT('',(18.2282276324367,-0.935088600029333,0.5));
#1980=VECTOR('',#1981,1.);
#1981=DIRECTION('',(0.,-1.,0.));
#1982=CARTESIAN_POINT('',(18.2282276324367,-2.,0.));
#1983=VECTOR('',#1984,1.);
#1984=DIRECTION('',(0.,1.,0.));
#1985=CARTESIAN_POINT('',(40.5,16.,2.));
#1986=CARTESIAN_POINT('',(38.5,18.,2.));
#1987=AXIS2_PLACEMENT_3D('',#1988,#1989,#1990);
#1988=CARTESIAN_POINT('',(38.5,16.,2.));
#1989=DIRECTION('',(0.,0.,-1.));
#1990=DIRECTION('',(0.,1.,0.));
#1991=CARTESIAN_POINT('',(-38.5,18.,2.));
#1992=CARTESIAN_POINT('',(38.5,18.,2.));
#1993=VECTOR('',#1994,1.);
#1994=DIRECTION('',(-1.,4.61391386857208E-17,0.));
#1995=CARTESIAN_POINT('',(-40.5,16.,2.));
#1996=AXIS2_PLACEMENT_3D('',#1997,#1998,#1999);
#1997=CARTESIAN_POINT('',(-38.5,16.,2.));
#1998=DIRECTION('',(0.,0.,-1.));
#1999=DIRECTION('',(-1.,0.,0.));
#2000=CARTESIAN_POINT('',(-40.5,-16.,2.));
#2001=CARTESIAN_POINT('',(-40.5,16.,2.));
#2002=VECTOR('',#2003,1.);
#2003=DIRECTION('',(0.,-1.,0.));
#2004=CARTESIAN_POINT('',(-38.5,-18.,2.));
#2005=AXIS2_PLACEMENT_3D('',#2006,#2007,#2008);
#2006=CARTESIAN_POINT('',(-38.5,-16.,2.));
#2007=DIRECTION('',(0.,0.,-1.));
#2008=DIRECTION('',(0.,-1.,0.));
#2009=CARTESIAN_POINT('',(38.5,-18.,2.));
#2010=CARTESIAN_POINT('',(-38.5,-18.,2.));
#2011=VECTOR('',#2012,1.);
#2012=DIRECTION('',(1.,-4.61391386857208E-17,0.));
#2013=CARTESIAN_POINT('',(40.5,-16.,2.));
#2014=AXIS2_PLACEMENT_3D('',#2015,#2016,#2017);
#2015=CARTESIAN_POINT('',(38.5,-16.,2.));
#2016=DIRECTION('',(0.,0.,-1.));
#2017=DIRECTION('',(1.,-1.77635683940025E-15,0.));
#2018=CARTESIAN_POINT('',(40.5,-16.,2.));
#2019=VECTOR('',#2020,1.);
#2020=DIRECTION('',(0.,1.,0.));
#2021=CARTESIAN_POINT('',(-22.7717723675633,-7.,2.));
#2022=CARTESIAN_POINT('',(-22.7717723675633,7.,2.));
#2023=CARTESIAN_POINT('',(-22.7717723675633,7.,2.));
#2024=VECTOR('',#2025,1.);
#2025=DIRECTION('',(0.,-1.,0.));
#2026=CARTESIAN_POINT('',(-17.7717723675633,12.,2.));
#2027=AXIS2_PLACEMENT_3D('',#2028,#2029,#2030);
#2028=CARTESIAN_POINT('',(-17.7717723675633,7.,2.));
#2029=DIRECTION('',(0.,0.,1.));
#2030=DIRECTION('',(0.,1.,0.));
#2031=CARTESIAN_POINT('',(27.2282276324367,12.,2.));
#2032=CARTESIAN_POINT('',(27.2282276324367,12.,2.));
#2033=VECTOR('',#2034,1.);
#2034=DIRECTION('',(-1.,0.,0.));
#2035=CARTESIAN_POINT('',(32.2282276324367,7.,2.));
#2036=AXIS2_PLACEMENT_3D('',#2037,#2038,#2039);
#2037=CARTESIAN_POINT('',(27.2282276324367,7.,2.));
#2038=DIRECTION('',(0.,0.,1.));
#2039=DIRECTION('',(1.,0.,0.));
#2040=CARTESIAN_POINT('',(32.2282276324367,-7.,2.));
#2041=CARTESIAN_POINT('',(32.2282276324367,-7.,2.));
#2042=VECTOR('',#2043,1.);
#2043=DIRECTION('',(0.,1.,0.));
#2044=CARTESIAN_POINT('',(27.2282276324367,-12.,2.));
#2045=AXIS2_PLACEMENT_3D('',#2046,#2047,#2048);
#2046=CARTESIAN_POINT('',(27.2282276324367,-7.,2.));
#2047=DIRECTION('',(0.,0.,1.));
#2048=DIRECTION('',(0.,-1.,0.));
#2049=CARTESIAN_POINT('',(-17.7717723675633,-12.,2.));
#2050=CARTESIAN_POINT('',(-17.7717723675633,-12.,2.));
#2051=VECTOR('',#2052,1.);
#2052=DIRECTION('',(1.,0.,0.));
#2053=AXIS2_PLACEMENT_3D('',#2054,#2055,#2056);
#2054=CARTESIAN_POINT('',(-17.7717723675633,-7.,2.));
#2055=DIRECTION('',(0.,0.,1.));
#2056=DIRECTION('',(-1.,1.77635683940025E-16,0.));
#2057=CARTESIAN_POINT('',(-17.7717723675633,-12.,0.5));
#2058=CARTESIAN_POINT('',(-17.7717723675633,-12.,0.5));
#2059=VECTOR('',#2060,1.);
#2060=DIRECTION('',(0.,0.,1.));
#2061=CARTESIAN_POINT('',(-22.7717723675633,-7.,0.5));
#2062=AXIS2_PLACEMENT_3D('',#2063,#2064,#2065);
#2063=CARTESIAN_POINT('',(-17.7717723675633,-7.,0.5));
#2064=DIRECTION('',(0.,0.,1.));
#2065=DIRECTION('',(-1.,1.77635683940025E-16,0.));
#2066=CARTESIAN_POINT('',(-22.7717723675633,-7.,0.5));
#2067=VECTOR('',#2068,1.);
#2068=DIRECTION('',(0.,0.,1.));
#2069=CARTESIAN_POINT('',(27.2282276324367,-12.,0.5));
#2070=CARTESIAN_POINT('',(27.2282276324367,-12.,0.5));
#2071=VECTOR('',#2072,1.);
#2072=DIRECTION('',(0.,0.,1.));
#2073=CARTESIAN_POINT('',(-17.7717723675633,-12.,0.5));
#2074=VECTOR('',#2075,1.);
#2075=DIRECTION('',(1.,0.,0.));
#2076=CARTESIAN_POINT('',(32.2282276324367,-7.,0.5));
#2077=CARTESIAN_POINT('',(32.2282276324367,-7.,0.5));
#2078=VECTOR('',#2079,1.);
#2079=DIRECTION('',(0.,0.,1.));
#2080=AXIS2_PLACEMENT_3D('',#2081,#2082,#2083);
#2081=CARTESIAN_POINT('',(27.2282276324367,-7.,0.5));
#2082=DIRECTION('',(0.,0.,1.));
#2083=DIRECTION('',(0.,-1.,0.));
#2084=CARTESIAN_POINT('',(32.2282276324367,7.,0.5));
#2085=CARTESIAN_POINT('',(32.2282276324367,7.,0.5));
#2086=VECTOR('',#2087,1.);
#2087=DIRECTION('',(0.,0.,1.));
#2088=CARTESIAN_POINT('',(32.2282276324367,-7.,0.5));
#2089=VECTOR('',#2090,1.);
#2090=DIRECTION('',(0.,1.,0.));
#2091=CARTESIAN_POINT('',(27.2282276324367,12.,0.5));
#2092=CARTESIAN_POINT('',(27.2282276324367,12.,0.5));
#2093=VECTOR('',#2094,1.);
#2094=DIRECTION('',(0.,0.,1.));
#2095=AXIS2_PLACEMENT_3D('',#2096,#2097,#2098);
#2096=CARTESIAN_POINT('',(27.2282276324367,7.,0.5));
#2097=DIRECTION('',(0.,0.,1.));
#2098=DIRECTION('',(1.,0.,0.));
#2099=CARTESIAN_POINT('',(-17.7717723675633,12.,0.5));
#2100=CARTESIAN_POINT('',(-17.7717723675633,12.,0.5));
#2101=VECTOR('',#2102,1.);
#2102=DIRECTION('',(0.,0.,1.));
#2103=CARTESIAN_POINT('',(27.2282276324367,12.,0.5));
#2104=VECTOR('',#2105,1.);
#2105=DIRECTION('',(-1.,0.,0.));
#2106=CARTESIAN_POINT('',(-22.7717723675633,7.,0.5));
#2107=CARTESIAN_POINT('',(-22.7717723675633,7.,0.5));
#2108=VECTOR('',#2109,1.);
#2109=DIRECTION('',(0.,0.,1.));
#2110=AXIS2_PLACEMENT_3D('',#2111,#2112,#2113);
#2111=CARTESIAN_POINT('',(-17.7717723675633,7.,0.5));
#2112=DIRECTION('',(0.,0.,1.));
#2113=DIRECTION('',(0.,1.,0.));
#2114=CARTESIAN_POINT('',(-22.7717723675633,7.,0.5));
#2115=VECTOR('',#2116,1.);
#2116=DIRECTION('',(0.,-1.,0.));
#2117=CARTESIAN_POINT('',(42.5,16.,0.));
#2118=CARTESIAN_POINT('',(38.5,20.,0.));
#2119=AXIS2_PLACEMENT_3D('',#2120,#2121,#2122);
#2120=CARTESIAN_POINT('',(38.5,16.,0.));
#2121=DIRECTION('',(0.,0.,-1.));
#2122=DIRECTION('',(0.,1.,0.));
#2123=CARTESIAN_POINT('',(42.5,-16.,0.));
#2124=CARTESIAN_POINT('',(42.5,-16.,0.));
#2125=VECTOR('',#2126,1.);
#2126=DIRECTION('',(0.,1.,0.));
#2127=CARTESIAN_POINT('',(38.5,-20.,0.));
#2128=AXIS2_PLACEMENT_3D('',#2129,#2130,#2131);
#2129=CARTESIAN_POINT('',(38.5,-16.,0.));
#2130=DIRECTION('',(0.,0.,-1.));
#2131=DIRECTION('',(1.,0.,0.));
#2132=CARTESIAN_POINT('',(-38.5,-20.,0.));
#2133=CARTESIAN_POINT('',(-38.5,-20.,0.));
#2134=VECTOR('',#2135,1.);
#2135=DIRECTION('',(1.,-9.22782773714416E-17,0.));
#2136=CARTESIAN_POINT('',(-42.5,-16.,0.));
#2137=AXIS2_PLACEMENT_3D('',#2138,#2139,#2140);
#2138=CARTESIAN_POINT('',(-38.5,-16.,0.));
#2139=DIRECTION('',(0.,0.,-1.));
#2140=DIRECTION('',(0.,-1.,0.));
#2141=CARTESIAN_POINT('',(-42.5,16.,0.));
#2142=CARTESIAN_POINT('',(-42.5,16.,0.));
#2143=VECTOR('',#2144,1.);
#2144=DIRECTION('',(0.,-1.,0.));
#2145=CARTESIAN_POINT('',(-38.5,20.,0.));
#2146=AXIS2_PLACEMENT_3D('',#2147,#2148,#2149);
#2147=CARTESIAN_POINT('',(-38.5,16.,0.));
#2148=DIRECTION('',(0.,0.,-1.));
#2149=DIRECTION('',(-1.,0.,0.));
#2150=CARTESIAN_POINT('',(38.5,20.,0.));
#2151=VECTOR('',#2152,1.);
#2152=DIRECTION('',(-1.,9.22782773714416E-17,0.));
#2153=CARTESIAN_POINT('',(40.5,16.,10.));
#2154=CARTESIAN_POINT('',(40.5,16.,2.));
#2155=VECTOR('',#2156,1.);
#2156=DIRECTION('',(0.,0.,1.));
#2157=CARTESIAN_POINT('',(38.5,18.,10.));
#2158=AXIS2_PLACEMENT_3D('',#2159,#2160,#2161);
#2159=CARTESIAN_POINT('',(38.5,16.,10.));
#2160=DIRECTION('',(0.,0.,1.));
#2161=DIRECTION('',(1.,0.,0.));
#2162=CARTESIAN_POINT('',(38.5,18.,2.));
#2163=VECTOR('',#2164,1.);
#2164=DIRECTION('',(0.,0.,1.));
#2165=CARTESIAN_POINT('',(-38.5,18.,10.));
#2166=CARTESIAN_POINT('',(38.5,18.,10.));
#2167=VECTOR('',#2168,1.);
#2168=DIRECTION('',(-1.,4.61391386857208E-17,0.));
#2169=CARTESIAN_POINT('',(-38.5,18.,2.));
#2170=VECTOR('',#2171,1.);
#2171=DIRECTION('',(0.,0.,1.));
#2172=CARTESIAN_POINT('',(-40.5,16.,10.));
#2173=AXIS2_PLACEMENT_3D('',#2174,#2175,#2176);
#2174=CARTESIAN_POINT('',(-38.5,16.,10.));
#2175=DIRECTION('',(0.,0.,1.));
#2176=DIRECTION('',(0.,1.,0.));
#2177=CARTESIAN_POINT('',(-40.5,16.,2.));
#2178=VECTOR('',#2179,1.);
#2179=DIRECTION('',(0.,0.,1.));
#2180=CARTESIAN_POINT('',(-40.5,-16.,10.));
#2181=CARTESIAN_POINT('',(-40.5,16.,10.));
#2182=VECTOR('',#2183,1.);
#2183=DIRECTION('',(0.,-1.,0.));
#2184=CARTESIAN_POINT('',(-40.5,-16.,2.));
#2185=VECTOR('',#2186,1.);
#2186=DIRECTION('',(0.,0.,1.));
#2187=CARTESIAN_POINT('',(-38.5,-18.,10.));
#2188=AXIS2_PLACEMENT_3D('',#2189,#2190,#2191);
#2189=CARTESIAN_POINT('',(-38.5,-16.,10.));
#2190=DIRECTION('',(0.,0.,1.));
#2191=DIRECTION('',(-1.,0.,0.));
#2192=CARTESIAN_POINT('',(-38.5,-18.,2.));
#2193=VECTOR('',#2194,1.);
#2194=DIRECTION('',(0.,0.,1.));
#2195=CARTESIAN_POINT('',(38.5,-18.,10.));
#2196=CARTESIAN_POINT('',(38.5,-18.,2.));
#2197=VECTOR('',#2198,1.);
#2198=DIRECTION('',(0.,0.,1.));
#2199=CARTESIAN_POINT('',(-38.5,-18.,10.));
#2200=VECTOR('',#2201,1.);
#2201=DIRECTION('',(1.,-4.61391386857208E-17,0.));
#2202=CARTESIAN_POINT('',(40.5,-16.,10.));
#2203=AXIS2_PLACEMENT_3D('',#2204,#2205,#2206);
#2204=CARTESIAN_POINT('',(38.5,-16.,10.));
#2205=DIRECTION('',(0.,0.,1.));
#2206=DIRECTION('',(0.,-1.,0.));
#2207=CARTESIAN_POINT('',(40.5,-16.,2.));
#2208=VECTOR('',#2209,1.);
#2209=DIRECTION('',(0.,0.,1.));
#2210=CARTESIAN_POINT('',(40.5,-16.,10.));
#2211=VECTOR('',#2212,1.);
#2212=DIRECTION('',(0.,1.,0.));
#2213=CARTESIAN_POINT('',(41.9285714285714,16.,10.));
#2214=CARTESIAN_POINT('',(42.5,16.,0.));
#2215=VECTOR('',#2216,1.);
#2216=DIRECTION('',(0.,0.,1.));
#2217=CARTESIAN_POINT('',(38.5,19.4285714285714,10.));
#2218=CARTESIAN_POINT('',(38.5,20.,0.));
#2219=VECTOR('',#2220,1.);
#2220=DIRECTION('',(0.,0.,1.));
#2221=AXIS2_PLACEMENT_3D('',#2222,#2223,#2224);
#2222=CARTESIAN_POINT('',(38.5,16.,10.));
#2223=DIRECTION('',(0.,0.,1.));
#2224=DIRECTION('',(1.,4.44089209850063E-16,0.));
#2225=CARTESIAN_POINT('',(41.9285714285714,-16.,10.));
#2226=CARTESIAN_POINT('',(42.5,-16.,10.));
#2227=VECTOR('',#2228,1.);
#2228=DIRECTION('',(0.,1.,0.));
#2229=CARTESIAN_POINT('',(42.5,-16.,0.));
#2230=VECTOR('',#2231,1.);
#2231=DIRECTION('',(0.,0.,1.));
#2232=CARTESIAN_POINT('',(38.5,-19.4285714285714,10.));
#2233=CARTESIAN_POINT('',(38.5,-20.,0.));
#2234=VECTOR('',#2235,1.);
#2235=DIRECTION('',(0.,0.,1.));
#2236=AXIS2_PLACEMENT_3D('',#2237,#2238,#2239);
#2237=CARTESIAN_POINT('',(38.5,-16.,10.));
#2238=DIRECTION('',(0.,0.,1.));
#2239=DIRECTION('',(0.,-1.,0.));
#2240=CARTESIAN_POINT('',(-10.,-20.,3.96446609406973));
#2241=CARTESIAN_POINT('',(-10.,-20.,10.));
#2242=CARTESIAN_POINT('',(-10.,-20.,3.96446609406973));
#2243=VECTOR('',#2244,1.);
#2244=DIRECTION('',(0.,0.,1.));
#2245=CARTESIAN_POINT('',(-19.8,-20.,3.96446609406973));
#2246=CARTESIAN_POINT('',(-10.,-20.,3.96446609406972));
#2247=VECTOR('',#2248,1.);
#2248=DIRECTION('',(-1.,0.,4.53152254949043E-17));
#2249=CARTESIAN_POINT('',(-19.8,-20.,10.));
#2250=CARTESIAN_POINT('',(-19.8,-20.,3.96446609406973));
#2251=VECTOR('',#2252,1.);
#2252=DIRECTION('',(5.88632875595273E-16,0.,1.));
#2253=CARTESIAN_POINT('',(-38.5,-19.4285714285714,10.));
#2254=CARTESIAN_POINT('',(-38.5,-20.,10.));
#2255=VECTOR('',#2256,1.);
#2256=DIRECTION('',(1.,-1.89984688705909E-16,0.));
#2257=CARTESIAN_POINT('',(-38.5,-20.,0.));
#2258=VECTOR('',#2259,1.);
#2259=DIRECTION('',(0.,0.,1.));
#2260=CARTESIAN_POINT('',(19.8,-20.,10.));
#2261=CARTESIAN_POINT('',(19.8,-20.,10.));
#2262=VECTOR('',#2263,1.);
#2263=DIRECTION('',(1.,-1.89984688705909E-16,0.));
#2264=CARTESIAN_POINT('',(19.8,-20.,3.96446609406973));
#2265=CARTESIAN_POINT('',(19.8,-20.,3.96446609406973));
#2266=VECTOR('',#2267,1.);
#2267=DIRECTION('',(0.,0.,1.));
#2268=CARTESIAN_POINT('',(10.,-20.,3.96446609406973));
#2269=CARTESIAN_POINT('',(10.,-20.,3.96446609406972));
#2270=VECTOR('',#2271,1.);
#2271=DIRECTION('',(1.,0.,4.53152254949044E-17));
#2272=CARTESIAN_POINT('',(10.,-20.,10.));
#2273=CARTESIAN_POINT('',(10.,-20.,3.96446609406973));
#2274=VECTOR('',#2275,1.);
#2275=DIRECTION('',(0.,0.,1.));
#2276=CARTESIAN_POINT('',(-10.,-20.,10.));
#2277=VECTOR('',#2278,1.);
#2278=DIRECTION('',(1.,0.,0.));
#2279=CARTESIAN_POINT('',(-41.9285714285714,-16.,10.));
#2280=CARTESIAN_POINT('',(-42.5,-16.,0.));
#2281=VECTOR('',#2282,1.);
#2282=DIRECTION('',(0.,0.,1.));
#2283=AXIS2_PLACEMENT_3D('',#2284,#2285,#2286);
#2284=CARTESIAN_POINT('',(-38.5,-16.,10.));
#2285=DIRECTION('',(0.,0.,1.));
#2286=DIRECTION('',(-1.,0.,0.));
#2287=CARTESIAN_POINT('',(-41.9285714285714,16.,10.));
#2288=CARTESIAN_POINT('',(-42.5,16.,0.));
#2289=VECTOR('',#2290,1.);
#2290=DIRECTION('',(0.,0.,1.));
#2291=CARTESIAN_POINT('',(-42.5,16.,10.));
#2292=VECTOR('',#2293,1.);
#2293=DIRECTION('',(0.,-1.,0.));
#2294=CARTESIAN_POINT('',(-38.5,19.4285714285714,10.));
#2295=CARTESIAN_POINT('',(-38.5,20.,0.));
#2296=VECTOR('',#2297,1.);
#2297=DIRECTION('',(0.,0.,1.));
#2298=AXIS2_PLACEMENT_3D('',#2299,#2300,#2301);
#2299=CARTESIAN_POINT('',(-38.5,16.,10.));
#2300=DIRECTION('',(0.,0.,1.));
#2301=DIRECTION('',(0.,1.,0.));
#2302=CARTESIAN_POINT('',(5.,20.,1.01022265534634E-17));
#2303=CARTESIAN_POINT('',(-5.,20.,8.06328972878106E-16));
#2304=CARTESIAN_POINT('',(5.,20.,1.97215226305253E-31));
#2305=VECTOR('',#2306,1.);
#2306=DIRECTION('',(-1.,0.,8.88178419700125E-17));
#2307=CARTESIAN_POINT('',(5.,20.,10.));
#2308=CARTESIAN_POINT('',(5.,20.,1.51533398301949E-17));
#2309=VECTOR('',#2310,1.);
#2310=DIRECTION('',(0.,0.,1.));
#2311=CARTESIAN_POINT('',(38.5,20.,10.));
#2312=VECTOR('',#2313,1.);
#2313=DIRECTION('',(-1.,1.0605115459106E-16,0.));
#2314=CARTESIAN_POINT('',(-5.,20.,10.));
#2315=CARTESIAN_POINT('',(-5.,20.,10.));
#2316=VECTOR('',#2317,1.);
#2317=DIRECTION('',(-1.,1.0605115459106E-16,0.));
#2318=CARTESIAN_POINT('',(-5.,20.,7.65404249467096E-16));
#2319=VECTOR('',#2320,1.);
#2320=DIRECTION('',(0.,0.,1.));
#2321=CARTESIAN_POINT('',(-10.,-20.,10.));
#2322=VECTOR('',#2323,1.);
#2323=DIRECTION('',(-1.,0.,0.));
#2324=CARTESIAN_POINT('',(10.,-20.,10.));
#2325=VECTOR('',#2326,1.);
#2326=DIRECTION('',(1.,-3.62521803959235E-16,0.));
#2327=CARTESIAN_POINT('',(5.,20.,10.));
#2328=VECTOR('',#2329,1.);
#2329=DIRECTION('',(-1.,0.,1.77635683940025E-16));
#2330=CARTESIAN_POINT('',(-10.,-24.2677669529659,8.23223304703312));
#2331=AXIS2_PLACEMENT_3D('',#2332,#2333,#2334);
#2332=CARTESIAN_POINT('',(-10.,-22.5,10.));
#2333=DIRECTION('',(1.,-1.3684555315672E-48,-1.83697019872103E-16));
#2334=DIRECTION('',(1.3684555315672E-48,1.,-2.5138120297639E-64));
#2335=CARTESIAN_POINT('',(-10.,-24.2677669529659,8.23223304703312));
#2336=VECTOR('',#2337,1.);
#2337=DIRECTION('',(-2.94316437797636E-16,0.707106781186752,-0.707106781186343));
#2338=CARTESIAN_POINT('',(-10.,-21.5,10.));
#2339=AXIS2_PLACEMENT_3D('',#2340,#2341,#2342);
#2340=CARTESIAN_POINT('',(-10.,-22.5,10.));
#2341=DIRECTION('',(1.,0.,-1.83697019872103E-16));
#2342=DIRECTION('',(-1.12481983699639E-32,1.,-6.12323399573677E-17));
#2343=CARTESIAN_POINT('',(-19.8,-24.2677669529659,8.23223304703312));
#2344=CARTESIAN_POINT('',(-19.8,-24.2677669529659,8.23223304703312));
#2345=VECTOR('',#2346,1.);
#2346=DIRECTION('',(0.,0.707106781186752,-0.707106781186343));
#2347=CARTESIAN_POINT('',(-10.,-24.2677669529659,8.23223304703312));
#2348=VECTOR('',#2349,1.);
#2349=DIRECTION('',(-1.,0.,1.81260901979617E-16));
#2350=AXIS2_PLACEMENT_3D('',#2351,#2352,#2353);
#2351=CARTESIAN_POINT('',(-19.8,-22.5,10.));
#2352=DIRECTION('',(1.,-1.3684555315672E-48,-1.83697019872103E-16));
#2353=DIRECTION('',(1.3684555315672E-48,1.,-2.5138120297639E-64));
#2354=CARTESIAN_POINT('',(-19.8,-21.5,10.));
#2355=AXIS2_PLACEMENT_3D('',#2356,#2357,#2358);
#2356=CARTESIAN_POINT('',(-19.8,-22.5,10.));
#2357=DIRECTION('',(1.,-1.3684555315672E-48,-1.83697019872103E-16));
#2358=DIRECTION('',(-1.12481983699639E-32,1.,-6.12323399573677E-17));
#2359=CARTESIAN_POINT('',(19.8,-24.2677669529659,8.23223304703312));
#2360=AXIS2_PLACEMENT_3D('',#2361,#2362,#2363);
#2361=CARTESIAN_POINT('',(19.8,-22.5,10.));
#2362=DIRECTION('',(1.,0.,6.12323399573677E-17));
#2363=DIRECTION('',(0.,1.,0.));
#2364=CARTESIAN_POINT('',(19.8,-20.,3.96446609406973));
#2365=VECTOR('',#2366,1.);
#2366=DIRECTION('',(0.,-0.707106781186752,0.707106781186343));
#2367=CARTESIAN_POINT('',(19.8,-21.5,10.));
#2368=AXIS2_PLACEMENT_3D('',#2369,#2370,#2371);
#2369=CARTESIAN_POINT('',(19.8,-22.5,10.));
#2370=DIRECTION('',(1.,0.,6.12323399573677E-17));
#2371=DIRECTION('',(3.74939945665464E-33,1.,-6.12323399573677E-17));
#2372=CARTESIAN_POINT('',(10.,-24.2677669529659,8.23223304703312));
#2373=CARTESIAN_POINT('',(10.,-24.2677669529659,8.23223304703312));
#2374=VECTOR('',#2375,1.);
#2375=DIRECTION('',(1.,0.,0.));
#2376=CARTESIAN_POINT('',(10.,-24.2677669529659,8.23223304703312));
#2377=VECTOR('',#2378,1.);
#2378=DIRECTION('',(0.,0.707106781186752,-0.707106781186343));
#2379=AXIS2_PLACEMENT_3D('',#2380,#2381,#2382);
#2380=CARTESIAN_POINT('',(10.,-22.5,10.));
#2381=DIRECTION('',(1.,0.,6.12323399573677E-17));
#2382=DIRECTION('',(0.,1.,0.));
#2383=CARTESIAN_POINT('',(10.,-21.5,10.));
#2384=AXIS2_PLACEMENT_3D('',#2385,#2386,#2387);
#2385=CARTESIAN_POINT('',(10.,-22.5,10.));
#2386=DIRECTION('',(1.,0.,6.12323399573677E-17));
#2387=DIRECTION('',(3.74939945665464E-33,1.,-6.12323399573677E-17));
#2388=CARTESIAN_POINT('',(-5.,22.,3.));
#2389=CARTESIAN_POINT('',(-5.,22.,3.));
#2390=VECTOR('',#2391,1.);
#2391=DIRECTION('',(0.,-0.55470019622523,-0.832050294337843));
#2392=CARTESIAN_POINT('',(5.,22.,3.));
#2393=CARTESIAN_POINT('',(5.,22.,3.));
#2394=VECTOR('',#2395,1.);
#2395=DIRECTION('',(-1.,0.,1.33226762955019E-16));
#2396=CARTESIAN_POINT('',(5.,20.,1.5153339830195E-17));
#2397=VECTOR('',#2398,1.);
#2398=DIRECTION('',(0.,0.55470019622523,0.832050294337843));
#2399=CARTESIAN_POINT('',(5.,22.,16.));
#2400=CARTESIAN_POINT('',(5.,22.,16.));
#2401=VECTOR('',#2402,1.);
#2402=DIRECTION('',(-6.83214169000096E-17,-2.73285667600039E-16,-1.));
#2403=CARTESIAN_POINT('',(5.,21.,17.));
#2404=AXIS2_PLACEMENT_3D('',#2405,#2406,#2407);
#2405=CARTESIAN_POINT('',(5.,21.,16.));
#2406=DIRECTION('',(1.,0.,-6.12323399573677E-17));
#2407=DIRECTION('',(1.08770485875751E-31,1.,1.77635683940024E-15));
#2408=CARTESIAN_POINT('',(5.,19.,17.));
#2409=CARTESIAN_POINT('',(5.,19.,17.));
#2410=VECTOR('',#2411,1.);
#2411=DIRECTION('',(0.,1.,1.77635683940025E-15));
#2412=CARTESIAN_POINT('',(5.,19.,13.));
#2413=CARTESIAN_POINT('',(5.,19.,13.));
#2414=VECTOR('',#2415,1.);
#2415=DIRECTION('',(0.,0.,1.));
#2416=CARTESIAN_POINT('',(5.,20.,13.));
#2417=CARTESIAN_POINT('',(5.,19.,13.));
#2418=VECTOR('',#2419,1.);
#2419=DIRECTION('',(0.,1.,0.));
#2420=CARTESIAN_POINT('',(5.,20.,13.));
#2421=VECTOR('',#2422,1.);
#2422=DIRECTION('',(0.,0.,-1.));
#2423=CARTESIAN_POINT('',(-5.,20.,13.));
#2424=CARTESIAN_POINT('',(-5.,20.,13.));
#2425=VECTOR('',#2426,1.);
#2426=DIRECTION('',(0.,0.,-1.));
#2427=CARTESIAN_POINT('',(-5.,19.,13.));
#2428=CARTESIAN_POINT('',(-5.,20.,13.));
#2429=VECTOR('',#2430,1.);
#2430=DIRECTION('',(0.,-1.,0.));
#2431=CARTESIAN_POINT('',(-5.,19.,17.));
#2432=CARTESIAN_POINT('',(-5.,19.,17.));
#2433=VECTOR('',#2434,1.);
#2434=DIRECTION('',(-2.22044604925032E-16,0.,-1.));
#2435=CARTESIAN_POINT('',(-5.,21.,17.));
#2436=CARTESIAN_POINT('',(-5.,19.,17.));
#2437=VECTOR('',#2438,1.);
#2438=DIRECTION('',(0.,1.,0.));
#2439=CARTESIAN_POINT('',(-5.,22.,16.));
#2440=AXIS2_PLACEMENT_3D('',#2441,#2442,#2443);
#2441=CARTESIAN_POINT('',(-5.,21.,16.));
#2442=DIRECTION('',(-1.,0.,6.12323399573677E-17));
#2443=DIRECTION('',(6.12323399573677E-17,0.,1.));
#2444=CARTESIAN_POINT('',(-5.,22.,3.));
#2445=VECTOR('',#2446,1.);
#2446=DIRECTION('',(6.83214169000096E-17,0.,1.));
#2447=CARTESIAN_POINT('',(5.,20.,13.));
#2448=VECTOR('',#2449,1.);
#2449=DIRECTION('',(-1.,0.,1.77635683940025E-16));
#2450=CARTESIAN_POINT('',(-5.,22.,16.));
#2451=VECTOR('',#2452,1.);
#2452=DIRECTION('',(1.,0.,0.));
#2453=CARTESIAN_POINT('',(-5.,21.,17.));
#2454=VECTOR('',#2455,1.);
#2455=DIRECTION('',(1.,0.,0.));
#2456=CARTESIAN_POINT('',(5.,19.,17.));
#2457=VECTOR('',#2458,1.);
#2458=DIRECTION('',(-1.,0.,0.));
#2459=CARTESIAN_POINT('',(4.,18.,16.));
#2460=CARTESIAN_POINT('',(5.,19.,17.));
#2461=CARTESIAN_POINT('',(5.,18.4142135623731,17.));
#2462=CARTESIAN_POINT('',(4.58578643762691,18.,16.5857864376269));
#2463=CARTESIAN_POINT('',(4.,18.,16.));
#2464=CARTESIAN_POINT('',(4.,18.,14.));
#2465=CARTESIAN_POINT('',(4.,18.,14.));
#2466=VECTOR('',#2467,1.);
#2467=DIRECTION('',(4.44089209850062E-16,0.,1.));
#2468=CARTESIAN_POINT('',(5.,19.,13.));
#2469=CARTESIAN_POINT('',(5.,18.4142135623731,13.));
#2470=CARTESIAN_POINT('',(4.58578643762691,18.,13.4142135623731));
#2471=CARTESIAN_POINT('',(4.,18.,14.));
#2472=CARTESIAN_POINT('',(-5.,19.,13.));
#2473=VECTOR('',#2474,1.);
#2474=DIRECTION('',(1.,0.,-3.5527136788005E-16));
#2475=CARTESIAN_POINT('',(-4.,18.,14.));
#2476=CARTESIAN_POINT('',(-5.,19.,13.));
#2477=CARTESIAN_POINT('',(-5.,18.4142135623731,13.));
#2478=CARTESIAN_POINT('',(-4.58578643762691,18.,13.4142135623731));
#2479=CARTESIAN_POINT('',(-4.,18.,14.));
#2480=CARTESIAN_POINT('',(-4.,18.,16.));
#2481=CARTESIAN_POINT('',(-4.,18.,16.));
#2482=VECTOR('',#2483,1.);
#2483=DIRECTION('',(0.,0.,-1.));
#2484=CARTESIAN_POINT('',(-5.,19.,17.));
#2485=CARTESIAN_POINT('',(-5.,18.4142135623731,17.));
#2486=CARTESIAN_POINT('',(-4.58578643762691,18.,16.5857864376269));
#2487=CARTESIAN_POINT('',(-4.,18.,16.));
#2488=CARTESIAN_POINT('',(4.,18.,16.));
#2489=VECTOR('',#2490,1.);
#2490=DIRECTION('',(-1.,0.,0.));
#2491=CARTESIAN_POINT('',(-4.,18.,14.));
#2492=VECTOR('',#2493,1.);
#2493=DIRECTION('',(1.,0.,-4.44089209850063E-16));
ENDSEC;
END-ISO-10303-21;
