ISO-10303-21;
HEADER;
FILE_DESCRIPTION(('STEP AP242'),
    '1');
FILE_NAME('вешалка на подголовник 2',
    '',
    ('UNSPECIFIED'),
    ('UNSPECIFIED'),
    'C3D Converter',
    'C3D Toolkit',
    '');
FILE_SCHEMA(('AP242_MANAGED_MODEL_BASED_3D_ENGINEERING_MIM_LF { 1 0 10303 442 1 1 4 }'));
ENDSEC;

DATA;
#1=PRODUCT_DEFINITION('','UNSPECIFIED',#28,#31);
#2=SHAPE_DEFINITION_REPRESENTATION(#26,#3);
#3=SHAPE_REPRESENTATION('NONE',(#4),#8);
#4=AXIS2_PLACEMENT_3D('',#5,#6,#7);
#5=CARTESIAN_POINT('',(0.,0.,0.));
#6=DIRECTION('',(0.,0.,1.));
#7=DIRECTION('',(1.,0.,0.));
#8=(GEOMETRIC_REPRESENTATION_CONTEXT(3)GLOBAL_UNCERTAINTY_ASSIGNED_CONTEXT((#10))
GLOBAL_UNIT_ASSIGNED_CONTEXT((#9,#11,#12))REPRESENTATION_CONTEXT('NONE','NONE'));
#9=(LENGTH_UNIT()NAMED_UNIT(*)SI_UNIT(.MILLI.,.METRE.));
#10=UNCERTAINTY_MEASURE_WITH_UNIT(LENGTH_MEASURE(1.E-5),#9,'NONE','NONE');
#11=(NAMED_UNIT(*)PLANE_ANGLE_UNIT()SI_UNIT($,.RADIAN.));
#12=(NAMED_UNIT(*)SI_UNIT($,.STERADIAN.)SOLID_ANGLE_UNIT());
#13=MANIFOLD_SOLID_BREP('',#14);
#14=CLOSED_SHELL('',(#53,#62,#71,#80,#89,#98,#107,#116,#125,#134,#143,#152,#161,
#170,#179,#188,#197,#206,#215,#224,#233,#242,#251,#260,#269,#278,#287,#296,#305,
#314,#323,#332,#341,#350,#359,#368,#377,#386,#395,#404,#413,#422,#431,#440,#449,
#458,#467,#476,#485,#494,#503,#512,#521,#530,#539,#548,#557,#566,#575,#584,#593,
#602,#611,#620,#629,#638,#647,#656,#665));
#15=COLOUR_RGB('',0.564705882352941,0.564705882352941,0.564705882352941);
#16=FILL_AREA_STYLE_COLOUR('',#15);
#17=FILL_AREA_STYLE($,(#16));
#18=SURFACE_STYLE_FILL_AREA(#17);
#19=SURFACE_SIDE_STYLE('',(#18));
#20=SURFACE_STYLE_USAGE(.BOTH.,#19);
#21=PRESENTATION_STYLE_ASSIGNMENT((#20));
#22=MECHANICAL_DESIGN_GEOMETRIC_PRESENTATION_REPRESENTATION('NONE',(#23,#61,#70,
#79,#88,#97,#106,#115,#124,#133,#142,#151,#160,#169,#178,#187,#196,#205,#214,#223,
#232,#241,#250,#259,#268,#277,#286,#295,#304,#313,#322,#331,#340,#349,#358,#367,
#376,#385,#394,#403,#412,#421,#430,#439,#448,#457,#466,#475,#484,#493,#502,#511,
#520,#529,#538,#547,#556,#565,#574,#583,#592,#601,#610,#619,#628,#637,#646,#655,
#664,#673),#8);
#23=STYLED_ITEM('',(#21),#13);
#24=ADVANCED_BREP_SHAPE_REPRESENTATION('NONE',(#13),#8);
#25=SHAPE_REPRESENTATION_RELATIONSHIP('','',#3,#24);
#26=PRODUCT_DEFINITION_SHAPE('NONE','NONE',#1);
#27=MECHANICAL_CONTEXT('NONE',#32,'mechanical');
#28=PRODUCT_DEFINITION_FORMATION_WITH_SPECIFIED_SOURCE('ANY','UNSPECIFIED',#29,.NOT_KNOWN.);
#29=PRODUCT('','\X2\0414043504420430043B044C\X0\','NONE',(#27));
#30=PRODUCT_RELATED_PRODUCT_CATEGORY('detail','',(#29));
#31=DESIGN_CONTEXT('detailed design',#32,'design');
#32=APPLICATION_CONTEXT('configuration controlled 3d designs of mechanical parts and assemblies');
#33=APPLICATION_PROTOCOL_DEFINITION('international standard','config_control_design',
1994,#32);
#34=CC_DESIGN_DATE_AND_TIME_ASSIGNMENT(#35,#39,(#1));
#35=DATE_AND_TIME(#36,#37);
#36=CALENDAR_DATE(0,1,1);
#37=LOCAL_TIME(0,0,0.,#38);
#38=COORDINATED_UNIVERSAL_TIME_OFFSET(0,0,.AHEAD.);
#39=DATE_TIME_ROLE('creation_date');
#40=CC_DESIGN_APPROVAL(#41,(#1));
#41=APPROVAL(#42,'UNSPECIFIED');
#42=APPROVAL_STATUS('not_yet_approved');
#43=APPROVAL_DATE_TIME(#44,#41);
#44=DATE_AND_TIME(#45,#46);
#45=CALENDAR_DATE(0,1,1);
#46=LOCAL_TIME(0,0,0.,#47);
#47=COORDINATED_UNIVERSAL_TIME_OFFSET(0,0,.AHEAD.);
#48=PERSON('UNSPECIFIED','savatneevvg','UNSPECIFIED',('UNSPECIFIED'),('UNSPECIFIED'),
('UNSPECIFIED'));
#49=ORGANIZATION('UNSPECIFIED','UNSPECIFIED','UNSPECIFIED');
#50=PERSON_AND_ORGANIZATION(#48,#49);
#51=PERSON_AND_ORGANIZATION_ROLE('creator');
#52=CC_DESIGN_PERSON_AND_ORGANIZATION_ASSIGNMENT(#50,#51,(#28,#1));
#53=ADVANCED_FACE('',(#674,#676),#678,.T.);
#54=COLOUR_RGB('',0.564705882352941,0.564705882352941,0.564705882352941);
#55=FILL_AREA_STYLE_COLOUR('',#54);
#56=FILL_AREA_STYLE($,(#55));
#57=SURFACE_STYLE_FILL_AREA(#56);
#58=SURFACE_SIDE_STYLE('',(#57));
#59=SURFACE_STYLE_USAGE(.BOTH.,#58);
#60=PRESENTATION_STYLE_ASSIGNMENT((#59));
#61=STYLED_ITEM('',(#60),#53);
#62=ADVANCED_FACE('',(#683,#685),#687,.F.);
#63=COLOUR_RGB('',0.564705882352941,0.564705882352941,0.564705882352941);
#64=FILL_AREA_STYLE_COLOUR('',#63);
#65=FILL_AREA_STYLE($,(#64));
#66=SURFACE_STYLE_FILL_AREA(#65);
#67=SURFACE_SIDE_STYLE('',(#66));
#68=SURFACE_STYLE_USAGE(.BOTH.,#67);
#69=PRESENTATION_STYLE_ASSIGNMENT((#68));
#70=STYLED_ITEM('',(#69),#62);
#71=ADVANCED_FACE('',(#692,#694),#696,.T.);
#72=COLOUR_RGB('',0.564705882352941,0.564705882352941,0.564705882352941);
#73=FILL_AREA_STYLE_COLOUR('',#72);
#74=FILL_AREA_STYLE($,(#73));
#75=SURFACE_STYLE_FILL_AREA(#74);
#76=SURFACE_SIDE_STYLE('',(#75));
#77=SURFACE_STYLE_USAGE(.BOTH.,#76);
#78=PRESENTATION_STYLE_ASSIGNMENT((#77));
#79=STYLED_ITEM('',(#78),#71);
#80=ADVANCED_FACE('',(#701),#703,.T.);
#81=COLOUR_RGB('',0.564705882352941,0.564705882352941,0.564705882352941);
#82=FILL_AREA_STYLE_COLOUR('',#81);
#83=FILL_AREA_STYLE($,(#82));
#84=SURFACE_STYLE_FILL_AREA(#83);
#85=SURFACE_SIDE_STYLE('',(#84));
#86=SURFACE_STYLE_USAGE(.BOTH.,#85);
#87=PRESENTATION_STYLE_ASSIGNMENT((#86));
#88=STYLED_ITEM('',(#87),#80);
#89=ADVANCED_FACE('',(#708),#710,.T.);
#90=COLOUR_RGB('',0.564705882352941,0.564705882352941,0.564705882352941);
#91=FILL_AREA_STYLE_COLOUR('',#90);
#92=FILL_AREA_STYLE($,(#91));
#93=SURFACE_STYLE_FILL_AREA(#92);
#94=SURFACE_SIDE_STYLE('',(#93));
#95=SURFACE_STYLE_USAGE(.BOTH.,#94);
#96=PRESENTATION_STYLE_ASSIGNMENT((#95));
#97=STYLED_ITEM('',(#96),#89);
#98=ADVANCED_FACE('',(#786),#788,.T.);
#99=COLOUR_RGB('',0.564705882352941,0.564705882352941,0.564705882352941);
#100=FILL_AREA_STYLE_COLOUR('',#99);
#101=FILL_AREA_STYLE($,(#100));
#102=SURFACE_STYLE_FILL_AREA(#101);
#103=SURFACE_SIDE_STYLE('',(#102));
#104=SURFACE_STYLE_USAGE(.BOTH.,#103);
#105=PRESENTATION_STYLE_ASSIGNMENT((#104));
#106=STYLED_ITEM('',(#105),#98);
#107=ADVANCED_FACE('',(#845),#847,.T.);
#108=COLOUR_RGB('',0.564705882352941,0.564705882352941,0.564705882352941);
#109=FILL_AREA_STYLE_COLOUR('',#108);
#110=FILL_AREA_STYLE($,(#109));
#111=SURFACE_STYLE_FILL_AREA(#110);
#112=SURFACE_SIDE_STYLE('',(#111));
#113=SURFACE_STYLE_USAGE(.BOTH.,#112);
#114=PRESENTATION_STYLE_ASSIGNMENT((#113));
#115=STYLED_ITEM('',(#114),#107);
#116=ADVANCED_FACE('',(#900),#902,.T.);
#117=COLOUR_RGB('',0.564705882352941,0.564705882352941,0.564705882352941);
#118=FILL_AREA_STYLE_COLOUR('',#117);
#119=FILL_AREA_STYLE($,(#118));
#120=SURFACE_STYLE_FILL_AREA(#119);
#121=SURFACE_SIDE_STYLE('',(#120));
#122=SURFACE_STYLE_USAGE(.BOTH.,#121);
#123=PRESENTATION_STYLE_ASSIGNMENT((#122));
#124=STYLED_ITEM('',(#123),#116);
#125=ADVANCED_FACE('',(#959),#961,.T.);
#126=COLOUR_RGB('',0.564705882352941,0.564705882352941,0.564705882352941);
#127=FILL_AREA_STYLE_COLOUR('',#126);
#128=FILL_AREA_STYLE($,(#127));
#129=SURFACE_STYLE_FILL_AREA(#128);
#130=SURFACE_SIDE_STYLE('',(#129));
#131=SURFACE_STYLE_USAGE(.BOTH.,#130);
#132=PRESENTATION_STYLE_ASSIGNMENT((#131));
#133=STYLED_ITEM('',(#132),#125);
#134=ADVANCED_FACE('',(#1022),#1024,.T.);
#135=COLOUR_RGB('',0.564705882352941,0.564705882352941,0.564705882352941);
#136=FILL_AREA_STYLE_COLOUR('',#135);
#137=FILL_AREA_STYLE($,(#136));
#138=SURFACE_STYLE_FILL_AREA(#137);
#139=SURFACE_SIDE_STYLE('',(#138));
#140=SURFACE_STYLE_USAGE(.BOTH.,#139);
#141=PRESENTATION_STYLE_ASSIGNMENT((#140));
#142=STYLED_ITEM('',(#141),#134);
#143=ADVANCED_FACE('',(#1081),#1083,.T.);
#144=COLOUR_RGB('',0.564705882352941,0.564705882352941,0.564705882352941);
#145=FILL_AREA_STYLE_COLOUR('',#144);
#146=FILL_AREA_STYLE($,(#145));
#147=SURFACE_STYLE_FILL_AREA(#146);
#148=SURFACE_SIDE_STYLE('',(#147));
#149=SURFACE_STYLE_USAGE(.BOTH.,#148);
#150=PRESENTATION_STYLE_ASSIGNMENT((#149));
#151=STYLED_ITEM('',(#150),#143);
#152=ADVANCED_FACE('',(#1136),#1138,.T.);
#153=COLOUR_RGB('',0.564705882352941,0.564705882352941,0.564705882352941);
#154=FILL_AREA_STYLE_COLOUR('',#153);
#155=FILL_AREA_STYLE($,(#154));
#156=SURFACE_STYLE_FILL_AREA(#155);
#157=SURFACE_SIDE_STYLE('',(#156));
#158=SURFACE_STYLE_USAGE(.BOTH.,#157);
#159=PRESENTATION_STYLE_ASSIGNMENT((#158));
#160=STYLED_ITEM('',(#159),#152);
#161=ADVANCED_FACE('',(#1195),#1197,.T.);
#162=COLOUR_RGB('',0.564705882352941,0.564705882352941,0.564705882352941);
#163=FILL_AREA_STYLE_COLOUR('',#162);
#164=FILL_AREA_STYLE($,(#163));
#165=SURFACE_STYLE_FILL_AREA(#164);
#166=SURFACE_SIDE_STYLE('',(#165));
#167=SURFACE_STYLE_USAGE(.BOTH.,#166);
#168=PRESENTATION_STYLE_ASSIGNMENT((#167));
#169=STYLED_ITEM('',(#168),#161);
#170=ADVANCED_FACE('',(#1202),#1204,.T.);
#171=COLOUR_RGB('',0.564705882352941,0.564705882352941,0.564705882352941);
#172=FILL_AREA_STYLE_COLOUR('',#171);
#173=FILL_AREA_STYLE($,(#172));
#174=SURFACE_STYLE_FILL_AREA(#173);
#175=SURFACE_SIDE_STYLE('',(#174));
#176=SURFACE_STYLE_USAGE(.BOTH.,#175);
#177=PRESENTATION_STYLE_ASSIGNMENT((#176));
#178=STYLED_ITEM('',(#177),#170);
#179=ADVANCED_FACE('',(#1209),#1211,.T.);
#180=COLOUR_RGB('',0.564705882352941,0.564705882352941,0.564705882352941);
#181=FILL_AREA_STYLE_COLOUR('',#180);
#182=FILL_AREA_STYLE($,(#181));
#183=SURFACE_STYLE_FILL_AREA(#182);
#184=SURFACE_SIDE_STYLE('',(#183));
#185=SURFACE_STYLE_USAGE(.BOTH.,#184);
#186=PRESENTATION_STYLE_ASSIGNMENT((#185));
#187=STYLED_ITEM('',(#186),#179);
#188=ADVANCED_FACE('',(#1216),#1218,.T.);
#189=COLOUR_RGB('',0.564705882352941,0.564705882352941,0.564705882352941);
#190=FILL_AREA_STYLE_COLOUR('',#189);
#191=FILL_AREA_STYLE($,(#190));
#192=SURFACE_STYLE_FILL_AREA(#191);
#193=SURFACE_SIDE_STYLE('',(#192));
#194=SURFACE_STYLE_USAGE(.BOTH.,#193);
#195=PRESENTATION_STYLE_ASSIGNMENT((#194));
#196=STYLED_ITEM('',(#195),#188);
#197=ADVANCED_FACE('',(#1223),#1225,.F.);
#198=COLOUR_RGB('',0.564705882352941,0.564705882352941,0.564705882352941);
#199=FILL_AREA_STYLE_COLOUR('',#198);
#200=FILL_AREA_STYLE($,(#199));
#201=SURFACE_STYLE_FILL_AREA(#200);
#202=SURFACE_SIDE_STYLE('',(#201));
#203=SURFACE_STYLE_USAGE(.BOTH.,#202);
#204=PRESENTATION_STYLE_ASSIGNMENT((#203));
#205=STYLED_ITEM('',(#204),#197);
#206=ADVANCED_FACE('',(#1230),#1232,.T.);
#207=COLOUR_RGB('',0.564705882352941,0.564705882352941,0.564705882352941);
#208=FILL_AREA_STYLE_COLOUR('',#207);
#209=FILL_AREA_STYLE($,(#208));
#210=SURFACE_STYLE_FILL_AREA(#209);
#211=SURFACE_SIDE_STYLE('',(#210));
#212=SURFACE_STYLE_USAGE(.BOTH.,#211);
#213=PRESENTATION_STYLE_ASSIGNMENT((#212));
#214=STYLED_ITEM('',(#213),#206);
#215=ADVANCED_FACE('',(#1237),#1239,.T.);
#216=COLOUR_RGB('',0.564705882352941,0.564705882352941,0.564705882352941);
#217=FILL_AREA_STYLE_COLOUR('',#216);
#218=FILL_AREA_STYLE($,(#217));
#219=SURFACE_STYLE_FILL_AREA(#218);
#220=SURFACE_SIDE_STYLE('',(#219));
#221=SURFACE_STYLE_USAGE(.BOTH.,#220);
#222=PRESENTATION_STYLE_ASSIGNMENT((#221));
#223=STYLED_ITEM('',(#222),#215);
#224=ADVANCED_FACE('',(#1244),#1246,.T.);
#225=COLOUR_RGB('',0.564705882352941,0.564705882352941,0.564705882352941);
#226=FILL_AREA_STYLE_COLOUR('',#225);
#227=FILL_AREA_STYLE($,(#226));
#228=SURFACE_STYLE_FILL_AREA(#227);
#229=SURFACE_SIDE_STYLE('',(#228));
#230=SURFACE_STYLE_USAGE(.BOTH.,#229);
#231=PRESENTATION_STYLE_ASSIGNMENT((#230));
#232=STYLED_ITEM('',(#231),#224);
#233=ADVANCED_FACE('',(#1251),#1253,.F.);
#234=COLOUR_RGB('',0.564705882352941,0.564705882352941,0.564705882352941);
#235=FILL_AREA_STYLE_COLOUR('',#234);
#236=FILL_AREA_STYLE($,(#235));
#237=SURFACE_STYLE_FILL_AREA(#236);
#238=SURFACE_SIDE_STYLE('',(#237));
#239=SURFACE_STYLE_USAGE(.BOTH.,#238);
#240=PRESENTATION_STYLE_ASSIGNMENT((#239));
#241=STYLED_ITEM('',(#240),#233);
#242=ADVANCED_FACE('',(#1258),#1260,.T.);
#243=COLOUR_RGB('',0.564705882352941,0.564705882352941,0.564705882352941);
#244=FILL_AREA_STYLE_COLOUR('',#243);
#245=FILL_AREA_STYLE($,(#244));
#246=SURFACE_STYLE_FILL_AREA(#245);
#247=SURFACE_SIDE_STYLE('',(#246));
#248=SURFACE_STYLE_USAGE(.BOTH.,#247);
#249=PRESENTATION_STYLE_ASSIGNMENT((#248));
#250=STYLED_ITEM('',(#249),#242);
#251=ADVANCED_FACE('',(#1265),#1267,.T.);
#252=COLOUR_RGB('',0.564705882352941,0.564705882352941,0.564705882352941);
#253=FILL_AREA_STYLE_COLOUR('',#252);
#254=FILL_AREA_STYLE($,(#253));
#255=SURFACE_STYLE_FILL_AREA(#254);
#256=SURFACE_SIDE_STYLE('',(#255));
#257=SURFACE_STYLE_USAGE(.BOTH.,#256);
#258=PRESENTATION_STYLE_ASSIGNMENT((#257));
#259=STYLED_ITEM('',(#258),#251);
#260=ADVANCED_FACE('',(#1272),#1274,.T.);
#261=COLOUR_RGB('',0.564705882352941,0.564705882352941,0.564705882352941);
#262=FILL_AREA_STYLE_COLOUR('',#261);
#263=FILL_AREA_STYLE($,(#262));
#264=SURFACE_STYLE_FILL_AREA(#263);
#265=SURFACE_SIDE_STYLE('',(#264));
#266=SURFACE_STYLE_USAGE(.BOTH.,#265);
#267=PRESENTATION_STYLE_ASSIGNMENT((#266));
#268=STYLED_ITEM('',(#267),#260);
#269=ADVANCED_FACE('',(#1279),#1281,.T.);
#270=COLOUR_RGB('',0.564705882352941,0.564705882352941,0.564705882352941);
#271=FILL_AREA_STYLE_COLOUR('',#270);
#272=FILL_AREA_STYLE($,(#271));
#273=SURFACE_STYLE_FILL_AREA(#272);
#274=SURFACE_SIDE_STYLE('',(#273));
#275=SURFACE_STYLE_USAGE(.BOTH.,#274);
#276=PRESENTATION_STYLE_ASSIGNMENT((#275));
#277=STYLED_ITEM('',(#276),#269);
#278=ADVANCED_FACE('',(#1286),#1288,.T.);
#279=COLOUR_RGB('',0.564705882352941,0.564705882352941,0.564705882352941);
#280=FILL_AREA_STYLE_COLOUR('',#279);
#281=FILL_AREA_STYLE($,(#280));
#282=SURFACE_STYLE_FILL_AREA(#281);
#283=SURFACE_SIDE_STYLE('',(#282));
#284=SURFACE_STYLE_USAGE(.BOTH.,#283);
#285=PRESENTATION_STYLE_ASSIGNMENT((#284));
#286=STYLED_ITEM('',(#285),#278);
#287=ADVANCED_FACE('',(#1293),#1295,.T.);
#288=COLOUR_RGB('',0.564705882352941,0.564705882352941,0.564705882352941);
#289=FILL_AREA_STYLE_COLOUR('',#288);
#290=FILL_AREA_STYLE($,(#289));
#291=SURFACE_STYLE_FILL_AREA(#290);
#292=SURFACE_SIDE_STYLE('',(#291));
#293=SURFACE_STYLE_USAGE(.BOTH.,#292);
#294=PRESENTATION_STYLE_ASSIGNMENT((#293));
#295=STYLED_ITEM('',(#294),#287);
#296=ADVANCED_FACE('',(#1300),#1302,.T.);
#297=COLOUR_RGB('',0.564705882352941,0.564705882352941,0.564705882352941);
#298=FILL_AREA_STYLE_COLOUR('',#297);
#299=FILL_AREA_STYLE($,(#298));
#300=SURFACE_STYLE_FILL_AREA(#299);
#301=SURFACE_SIDE_STYLE('',(#300));
#302=SURFACE_STYLE_USAGE(.BOTH.,#301);
#303=PRESENTATION_STYLE_ASSIGNMENT((#302));
#304=STYLED_ITEM('',(#303),#296);
#305=ADVANCED_FACE('',(#1307),#1309,.F.);
#306=COLOUR_RGB('',0.564705882352941,0.564705882352941,0.564705882352941);
#307=FILL_AREA_STYLE_COLOUR('',#306);
#308=FILL_AREA_STYLE($,(#307));
#309=SURFACE_STYLE_FILL_AREA(#308);
#310=SURFACE_SIDE_STYLE('',(#309));
#311=SURFACE_STYLE_USAGE(.BOTH.,#310);
#312=PRESENTATION_STYLE_ASSIGNMENT((#311));
#313=STYLED_ITEM('',(#312),#305);
#314=ADVANCED_FACE('',(#1314),#1316,.T.);
#315=COLOUR_RGB('',0.564705882352941,0.564705882352941,0.564705882352941);
#316=FILL_AREA_STYLE_COLOUR('',#315);
#317=FILL_AREA_STYLE($,(#316));
#318=SURFACE_STYLE_FILL_AREA(#317);
#319=SURFACE_SIDE_STYLE('',(#318));
#320=SURFACE_STYLE_USAGE(.BOTH.,#319);
#321=PRESENTATION_STYLE_ASSIGNMENT((#320));
#322=STYLED_ITEM('',(#321),#314);
#323=ADVANCED_FACE('',(#1321),#1323,.T.);
#324=COLOUR_RGB('',0.564705882352941,0.564705882352941,0.564705882352941);
#325=FILL_AREA_STYLE_COLOUR('',#324);
#326=FILL_AREA_STYLE($,(#325));
#327=SURFACE_STYLE_FILL_AREA(#326);
#328=SURFACE_SIDE_STYLE('',(#327));
#329=SURFACE_STYLE_USAGE(.BOTH.,#328);
#330=PRESENTATION_STYLE_ASSIGNMENT((#329));
#331=STYLED_ITEM('',(#330),#323);
#332=ADVANCED_FACE('',(#1328),#1330,.F.);
#333=COLOUR_RGB('',0.564705882352941,0.564705882352941,0.564705882352941);
#334=FILL_AREA_STYLE_COLOUR('',#333);
#335=FILL_AREA_STYLE($,(#334));
#336=SURFACE_STYLE_FILL_AREA(#335);
#337=SURFACE_SIDE_STYLE('',(#336));
#338=SURFACE_STYLE_USAGE(.BOTH.,#337);
#339=PRESENTATION_STYLE_ASSIGNMENT((#338));
#340=STYLED_ITEM('',(#339),#332);
#341=ADVANCED_FACE('',(#1335),#1337,.F.);
#342=COLOUR_RGB('',0.564705882352941,0.564705882352941,0.564705882352941);
#343=FILL_AREA_STYLE_COLOUR('',#342);
#344=FILL_AREA_STYLE($,(#343));
#345=SURFACE_STYLE_FILL_AREA(#344);
#346=SURFACE_SIDE_STYLE('',(#345));
#347=SURFACE_STYLE_USAGE(.BOTH.,#346);
#348=PRESENTATION_STYLE_ASSIGNMENT((#347));
#349=STYLED_ITEM('',(#348),#341);
#350=ADVANCED_FACE('',(#1410),#1412,.T.);
#351=COLOUR_RGB('',0.564705882352941,0.564705882352941,0.564705882352941);
#352=FILL_AREA_STYLE_COLOUR('',#351);
#353=FILL_AREA_STYLE($,(#352));
#354=SURFACE_STYLE_FILL_AREA(#353);
#355=SURFACE_SIDE_STYLE('',(#354));
#356=SURFACE_STYLE_USAGE(.BOTH.,#355);
#357=PRESENTATION_STYLE_ASSIGNMENT((#356));
#358=STYLED_ITEM('',(#357),#350);
#359=ADVANCED_FACE('',(#1417),#1419,.T.);
#360=COLOUR_RGB('',0.564705882352941,0.564705882352941,0.564705882352941);
#361=FILL_AREA_STYLE_COLOUR('',#360);
#362=FILL_AREA_STYLE($,(#361));
#363=SURFACE_STYLE_FILL_AREA(#362);
#364=SURFACE_SIDE_STYLE('',(#363));
#365=SURFACE_STYLE_USAGE(.BOTH.,#364);
#366=PRESENTATION_STYLE_ASSIGNMENT((#365));
#367=STYLED_ITEM('',(#366),#359);
#368=ADVANCED_FACE('',(#1492),#1494,.T.);
#369=COLOUR_RGB('',0.564705882352941,0.564705882352941,0.564705882352941);
#370=FILL_AREA_STYLE_COLOUR('',#369);
#371=FILL_AREA_STYLE($,(#370));
#372=SURFACE_STYLE_FILL_AREA(#371);
#373=SURFACE_SIDE_STYLE('',(#372));
#374=SURFACE_STYLE_USAGE(.BOTH.,#373);
#375=PRESENTATION_STYLE_ASSIGNMENT((#374));
#376=STYLED_ITEM('',(#375),#368);
#377=ADVANCED_FACE('',(#1567),#1569,.F.);
#378=COLOUR_RGB('',0.564705882352941,0.564705882352941,0.564705882352941);
#379=FILL_AREA_STYLE_COLOUR('',#378);
#380=FILL_AREA_STYLE($,(#379));
#381=SURFACE_STYLE_FILL_AREA(#380);
#382=SURFACE_SIDE_STYLE('',(#381));
#383=SURFACE_STYLE_USAGE(.BOTH.,#382);
#384=PRESENTATION_STYLE_ASSIGNMENT((#383));
#385=STYLED_ITEM('',(#384),#377);
#386=ADVANCED_FACE('',(#1574),#1576,.T.);
#387=COLOUR_RGB('',0.564705882352941,0.564705882352941,0.564705882352941);
#388=FILL_AREA_STYLE_COLOUR('',#387);
#389=FILL_AREA_STYLE($,(#388));
#390=SURFACE_STYLE_FILL_AREA(#389);
#391=SURFACE_SIDE_STYLE('',(#390));
#392=SURFACE_STYLE_USAGE(.BOTH.,#391);
#393=PRESENTATION_STYLE_ASSIGNMENT((#392));
#394=STYLED_ITEM('',(#393),#386);
#395=ADVANCED_FACE('',(#1581),#1583,.T.);
#396=COLOUR_RGB('',0.564705882352941,0.564705882352941,0.564705882352941);
#397=FILL_AREA_STYLE_COLOUR('',#396);
#398=FILL_AREA_STYLE($,(#397));
#399=SURFACE_STYLE_FILL_AREA(#398);
#400=SURFACE_SIDE_STYLE('',(#399));
#401=SURFACE_STYLE_USAGE(.BOTH.,#400);
#402=PRESENTATION_STYLE_ASSIGNMENT((#401));
#403=STYLED_ITEM('',(#402),#395);
#404=ADVANCED_FACE('',(#1588),#1590,.T.);
#405=COLOUR_RGB('',0.564705882352941,0.564705882352941,0.564705882352941);
#406=FILL_AREA_STYLE_COLOUR('',#405);
#407=FILL_AREA_STYLE($,(#406));
#408=SURFACE_STYLE_FILL_AREA(#407);
#409=SURFACE_SIDE_STYLE('',(#408));
#410=SURFACE_STYLE_USAGE(.BOTH.,#409);
#411=PRESENTATION_STYLE_ASSIGNMENT((#410));
#412=STYLED_ITEM('',(#411),#404);
#413=ADVANCED_FACE('',(#1595),#1597,.F.);
#414=COLOUR_RGB('',0.564705882352941,0.564705882352941,0.564705882352941);
#415=FILL_AREA_STYLE_COLOUR('',#414);
#416=FILL_AREA_STYLE($,(#415));
#417=SURFACE_STYLE_FILL_AREA(#416);
#418=SURFACE_SIDE_STYLE('',(#417));
#419=SURFACE_STYLE_USAGE(.BOTH.,#418);
#420=PRESENTATION_STYLE_ASSIGNMENT((#419));
#421=STYLED_ITEM('',(#420),#413);
#422=ADVANCED_FACE('',(#1670),#1672,.T.);
#423=COLOUR_RGB('',0.564705882352941,0.564705882352941,0.564705882352941);
#424=FILL_AREA_STYLE_COLOUR('',#423);
#425=FILL_AREA_STYLE($,(#424));
#426=SURFACE_STYLE_FILL_AREA(#425);
#427=SURFACE_SIDE_STYLE('',(#426));
#428=SURFACE_STYLE_USAGE(.BOTH.,#427);
#429=PRESENTATION_STYLE_ASSIGNMENT((#428));
#430=STYLED_ITEM('',(#429),#422);
#431=ADVANCED_FACE('',(#1677),#1679,.T.);
#432=COLOUR_RGB('',0.564705882352941,0.564705882352941,0.564705882352941);
#433=FILL_AREA_STYLE_COLOUR('',#432);
#434=FILL_AREA_STYLE($,(#433));
#435=SURFACE_STYLE_FILL_AREA(#434);
#436=SURFACE_SIDE_STYLE('',(#435));
#437=SURFACE_STYLE_USAGE(.BOTH.,#436);
#438=PRESENTATION_STYLE_ASSIGNMENT((#437));
#439=STYLED_ITEM('',(#438),#431);
#440=ADVANCED_FACE('',(#1752),#1754,.T.);
#441=COLOUR_RGB('',0.564705882352941,0.564705882352941,0.564705882352941);
#442=FILL_AREA_STYLE_COLOUR('',#441);
#443=FILL_AREA_STYLE($,(#442));
#444=SURFACE_STYLE_FILL_AREA(#443);
#445=SURFACE_SIDE_STYLE('',(#444));
#446=SURFACE_STYLE_USAGE(.BOTH.,#445);
#447=PRESENTATION_STYLE_ASSIGNMENT((#446));
#448=STYLED_ITEM('',(#447),#440);
#449=ADVANCED_FACE('',(#1759),#1761,.T.);
#450=COLOUR_RGB('',0.564705882352941,0.564705882352941,0.564705882352941);
#451=FILL_AREA_STYLE_COLOUR('',#450);
#452=FILL_AREA_STYLE($,(#451));
#453=SURFACE_STYLE_FILL_AREA(#452);
#454=SURFACE_SIDE_STYLE('',(#453));
#455=SURFACE_STYLE_USAGE(.BOTH.,#454);
#456=PRESENTATION_STYLE_ASSIGNMENT((#455));
#457=STYLED_ITEM('',(#456),#449);
#458=ADVANCED_FACE('',(#1766),#1768,.T.);
#459=COLOUR_RGB('',0.564705882352941,0.564705882352941,0.564705882352941);
#460=FILL_AREA_STYLE_COLOUR('',#459);
#461=FILL_AREA_STYLE($,(#460));
#462=SURFACE_STYLE_FILL_AREA(#461);
#463=SURFACE_SIDE_STYLE('',(#462));
#464=SURFACE_STYLE_USAGE(.BOTH.,#463);
#465=PRESENTATION_STYLE_ASSIGNMENT((#464));
#466=STYLED_ITEM('',(#465),#458);
#467=ADVANCED_FACE('',(#1773),#1775,.F.);
#468=COLOUR_RGB('',0.564705882352941,0.564705882352941,0.564705882352941);
#469=FILL_AREA_STYLE_COLOUR('',#468);
#470=FILL_AREA_STYLE($,(#469));
#471=SURFACE_STYLE_FILL_AREA(#470);
#472=SURFACE_SIDE_STYLE('',(#471));
#473=SURFACE_STYLE_USAGE(.BOTH.,#472);
#474=PRESENTATION_STYLE_ASSIGNMENT((#473));
#475=STYLED_ITEM('',(#474),#467);
#476=ADVANCED_FACE('',(#1848),#1850,.T.);
#477=COLOUR_RGB('',0.564705882352941,0.564705882352941,0.564705882352941);
#478=FILL_AREA_STYLE_COLOUR('',#477);
#479=FILL_AREA_STYLE($,(#478));
#480=SURFACE_STYLE_FILL_AREA(#479);
#481=SURFACE_SIDE_STYLE('',(#480));
#482=SURFACE_STYLE_USAGE(.BOTH.,#481);
#483=PRESENTATION_STYLE_ASSIGNMENT((#482));
#484=STYLED_ITEM('',(#483),#476);
#485=ADVANCED_FACE('',(#1923),#1925,.F.);
#486=COLOUR_RGB('',0.564705882352941,0.564705882352941,0.564705882352941);
#487=FILL_AREA_STYLE_COLOUR('',#486);
#488=FILL_AREA_STYLE($,(#487));
#489=SURFACE_STYLE_FILL_AREA(#488);
#490=SURFACE_SIDE_STYLE('',(#489));
#491=SURFACE_STYLE_USAGE(.BOTH.,#490);
#492=PRESENTATION_STYLE_ASSIGNMENT((#491));
#493=STYLED_ITEM('',(#492),#485);
#494=ADVANCED_FACE('',(#1998),#2000,.T.);
#495=COLOUR_RGB('',0.564705882352941,0.564705882352941,0.564705882352941);
#496=FILL_AREA_STYLE_COLOUR('',#495);
#497=FILL_AREA_STYLE($,(#496));
#498=SURFACE_STYLE_FILL_AREA(#497);
#499=SURFACE_SIDE_STYLE('',(#498));
#500=SURFACE_STYLE_USAGE(.BOTH.,#499);
#501=PRESENTATION_STYLE_ASSIGNMENT((#500));
#502=STYLED_ITEM('',(#501),#494);
#503=ADVANCED_FACE('',(#2073),#2075,.T.);
#504=COLOUR_RGB('',0.564705882352941,0.564705882352941,0.564705882352941);
#505=FILL_AREA_STYLE_COLOUR('',#504);
#506=FILL_AREA_STYLE($,(#505));
#507=SURFACE_STYLE_FILL_AREA(#506);
#508=SURFACE_SIDE_STYLE('',(#507));
#509=SURFACE_STYLE_USAGE(.BOTH.,#508);
#510=PRESENTATION_STYLE_ASSIGNMENT((#509));
#511=STYLED_ITEM('',(#510),#503);
#512=ADVANCED_FACE('',(#2148),#2150,.T.);
#513=COLOUR_RGB('',0.564705882352941,0.564705882352941,0.564705882352941);
#514=FILL_AREA_STYLE_COLOUR('',#513);
#515=FILL_AREA_STYLE($,(#514));
#516=SURFACE_STYLE_FILL_AREA(#515);
#517=SURFACE_SIDE_STYLE('',(#516));
#518=SURFACE_STYLE_USAGE(.BOTH.,#517);
#519=PRESENTATION_STYLE_ASSIGNMENT((#518));
#520=STYLED_ITEM('',(#519),#512);
#521=ADVANCED_FACE('',(#2223),#2225,.T.);
#522=COLOUR_RGB('',0.564705882352941,0.564705882352941,0.564705882352941);
#523=FILL_AREA_STYLE_COLOUR('',#522);
#524=FILL_AREA_STYLE($,(#523));
#525=SURFACE_STYLE_FILL_AREA(#524);
#526=SURFACE_SIDE_STYLE('',(#525));
#527=SURFACE_STYLE_USAGE(.BOTH.,#526);
#528=PRESENTATION_STYLE_ASSIGNMENT((#527));
#529=STYLED_ITEM('',(#528),#521);
#530=ADVANCED_FACE('',(#2298),#2300,.T.);
#531=COLOUR_RGB('',0.564705882352941,0.564705882352941,0.564705882352941);
#532=FILL_AREA_STYLE_COLOUR('',#531);
#533=FILL_AREA_STYLE($,(#532));
#534=SURFACE_STYLE_FILL_AREA(#533);
#535=SURFACE_SIDE_STYLE('',(#534));
#536=SURFACE_STYLE_USAGE(.BOTH.,#535);
#537=PRESENTATION_STYLE_ASSIGNMENT((#536));
#538=STYLED_ITEM('',(#537),#530);
#539=ADVANCED_FACE('',(#2373),#2375,.T.);
#540=COLOUR_RGB('',0.564705882352941,0.564705882352941,0.564705882352941);
#541=FILL_AREA_STYLE_COLOUR('',#540);
#542=FILL_AREA_STYLE($,(#541));
#543=SURFACE_STYLE_FILL_AREA(#542);
#544=SURFACE_SIDE_STYLE('',(#543));
#545=SURFACE_STYLE_USAGE(.BOTH.,#544);
#546=PRESENTATION_STYLE_ASSIGNMENT((#545));
#547=STYLED_ITEM('',(#546),#539);
#548=ADVANCED_FACE('',(#2448),#2450,.T.);
#549=COLOUR_RGB('',0.564705882352941,0.564705882352941,0.564705882352941);
#550=FILL_AREA_STYLE_COLOUR('',#549);
#551=FILL_AREA_STYLE($,(#550));
#552=SURFACE_STYLE_FILL_AREA(#551);
#553=SURFACE_SIDE_STYLE('',(#552));
#554=SURFACE_STYLE_USAGE(.BOTH.,#553);
#555=PRESENTATION_STYLE_ASSIGNMENT((#554));
#556=STYLED_ITEM('',(#555),#548);
#557=ADVANCED_FACE('',(#2455),#2457,.T.);
#558=COLOUR_RGB('',0.564705882352941,0.564705882352941,0.564705882352941);
#559=FILL_AREA_STYLE_COLOUR('',#558);
#560=FILL_AREA_STYLE($,(#559));
#561=SURFACE_STYLE_FILL_AREA(#560);
#562=SURFACE_SIDE_STYLE('',(#561));
#563=SURFACE_STYLE_USAGE(.BOTH.,#562);
#564=PRESENTATION_STYLE_ASSIGNMENT((#563));
#565=STYLED_ITEM('',(#564),#557);
#566=ADVANCED_FACE('',(#2530),#2532,.F.);
#567=COLOUR_RGB('',0.564705882352941,0.564705882352941,0.564705882352941);
#568=FILL_AREA_STYLE_COLOUR('',#567);
#569=FILL_AREA_STYLE($,(#568));
#570=SURFACE_STYLE_FILL_AREA(#569);
#571=SURFACE_SIDE_STYLE('',(#570));
#572=SURFACE_STYLE_USAGE(.BOTH.,#571);
#573=PRESENTATION_STYLE_ASSIGNMENT((#572));
#574=STYLED_ITEM('',(#573),#566);
#575=ADVANCED_FACE('',(#2537),#2539,.F.);
#576=COLOUR_RGB('',0.564705882352941,0.564705882352941,0.564705882352941);
#577=FILL_AREA_STYLE_COLOUR('',#576);
#578=FILL_AREA_STYLE($,(#577));
#579=SURFACE_STYLE_FILL_AREA(#578);
#580=SURFACE_SIDE_STYLE('',(#579));
#581=SURFACE_STYLE_USAGE(.BOTH.,#580);
#582=PRESENTATION_STYLE_ASSIGNMENT((#581));
#583=STYLED_ITEM('',(#582),#575);
#584=ADVANCED_FACE('',(#2612,#2614),#2616,.T.);
#585=COLOUR_RGB('',0.564705882352941,0.564705882352941,0.564705882352941);
#586=FILL_AREA_STYLE_COLOUR('',#585);
#587=FILL_AREA_STYLE($,(#586));
#588=SURFACE_STYLE_FILL_AREA(#587);
#589=SURFACE_SIDE_STYLE('',(#588));
#590=SURFACE_STYLE_USAGE(.BOTH.,#589);
#591=PRESENTATION_STYLE_ASSIGNMENT((#590));
#592=STYLED_ITEM('',(#591),#584);
#593=ADVANCED_FACE('',(#2621),#2623,.T.);
#594=COLOUR_RGB('',0.564705882352941,0.564705882352941,0.564705882352941);
#595=FILL_AREA_STYLE_COLOUR('',#594);
#596=FILL_AREA_STYLE($,(#595));
#597=SURFACE_STYLE_FILL_AREA(#596);
#598=SURFACE_SIDE_STYLE('',(#597));
#599=SURFACE_STYLE_USAGE(.BOTH.,#598);
#600=PRESENTATION_STYLE_ASSIGNMENT((#599));
#601=STYLED_ITEM('',(#600),#593);
#602=ADVANCED_FACE('',(#2696),#2698,.T.);
#603=COLOUR_RGB('',0.564705882352941,0.564705882352941,0.564705882352941);
#604=FILL_AREA_STYLE_COLOUR('',#603);
#605=FILL_AREA_STYLE($,(#604));
#606=SURFACE_STYLE_FILL_AREA(#605);
#607=SURFACE_SIDE_STYLE('',(#606));
#608=SURFACE_STYLE_USAGE(.BOTH.,#607);
#609=PRESENTATION_STYLE_ASSIGNMENT((#608));
#610=STYLED_ITEM('',(#609),#602);
#611=ADVANCED_FACE('',(#2771),#2773,.T.);
#612=COLOUR_RGB('',0.564705882352941,0.564705882352941,0.564705882352941);
#613=FILL_AREA_STYLE_COLOUR('',#612);
#614=FILL_AREA_STYLE($,(#613));
#615=SURFACE_STYLE_FILL_AREA(#614);
#616=SURFACE_SIDE_STYLE('',(#615));
#617=SURFACE_STYLE_USAGE(.BOTH.,#616);
#618=PRESENTATION_STYLE_ASSIGNMENT((#617));
#619=STYLED_ITEM('',(#618),#611);
#620=ADVANCED_FACE('',(#2846),#2848,.T.);
#621=COLOUR_RGB('',0.564705882352941,0.564705882352941,0.564705882352941);
#622=FILL_AREA_STYLE_COLOUR('',#621);
#623=FILL_AREA_STYLE($,(#622));
#624=SURFACE_STYLE_FILL_AREA(#623);
#625=SURFACE_SIDE_STYLE('',(#624));
#626=SURFACE_STYLE_USAGE(.BOTH.,#625);
#627=PRESENTATION_STYLE_ASSIGNMENT((#626));
#628=STYLED_ITEM('',(#627),#620);
#629=ADVANCED_FACE('',(#2921),#2923,.T.);
#630=COLOUR_RGB('',0.564705882352941,0.564705882352941,0.564705882352941);
#631=FILL_AREA_STYLE_COLOUR('',#630);
#632=FILL_AREA_STYLE($,(#631));
#633=SURFACE_STYLE_FILL_AREA(#632);
#634=SURFACE_SIDE_STYLE('',(#633));
#635=SURFACE_STYLE_USAGE(.BOTH.,#634);
#636=PRESENTATION_STYLE_ASSIGNMENT((#635));
#637=STYLED_ITEM('',(#636),#629);
#638=ADVANCED_FACE('',(#2996),#2998,.T.);
#639=COLOUR_RGB('',0.564705882352941,0.564705882352941,0.564705882352941);
#640=FILL_AREA_STYLE_COLOUR('',#639);
#641=FILL_AREA_STYLE($,(#640));
#642=SURFACE_STYLE_FILL_AREA(#641);
#643=SURFACE_SIDE_STYLE('',(#642));
#644=SURFACE_STYLE_USAGE(.BOTH.,#643);
#645=PRESENTATION_STYLE_ASSIGNMENT((#644));
#646=STYLED_ITEM('',(#645),#638);
#647=ADVANCED_FACE('',(#3071),#3073,.T.);
#648=COLOUR_RGB('',0.564705882352941,0.564705882352941,0.564705882352941);
#649=FILL_AREA_STYLE_COLOUR('',#648);
#650=FILL_AREA_STYLE($,(#649));
#651=SURFACE_STYLE_FILL_AREA(#650);
#652=SURFACE_SIDE_STYLE('',(#651));
#653=SURFACE_STYLE_USAGE(.BOTH.,#652);
#654=PRESENTATION_STYLE_ASSIGNMENT((#653));
#655=STYLED_ITEM('',(#654),#647);
#656=ADVANCED_FACE('',(#3146),#3148,.T.);
#657=COLOUR_RGB('',0.564705882352941,0.564705882352941,0.564705882352941);
#658=FILL_AREA_STYLE_COLOUR('',#657);
#659=FILL_AREA_STYLE($,(#658));
#660=SURFACE_STYLE_FILL_AREA(#659);
#661=SURFACE_SIDE_STYLE('',(#660));
#662=SURFACE_STYLE_USAGE(.BOTH.,#661);
#663=PRESENTATION_STYLE_ASSIGNMENT((#662));
#664=STYLED_ITEM('',(#663),#656);
#665=ADVANCED_FACE('',(#3221,#3223),#3225,.F.);
#666=COLOUR_RGB('',0.564705882352941,0.564705882352941,0.564705882352941);
#667=FILL_AREA_STYLE_COLOUR('',#666);
#668=FILL_AREA_STYLE($,(#667));
#669=SURFACE_STYLE_FILL_AREA(#668);
#670=SURFACE_SIDE_STYLE('',(#669));
#671=SURFACE_STYLE_USAGE(.BOTH.,#670);
#672=PRESENTATION_STYLE_ASSIGNMENT((#671));
#673=STYLED_ITEM('',(#672),#665);
#674=FACE_BOUND('',#675,.T.);
#675=EDGE_LOOP('',(#3230));
#676=FACE_BOUND('',#677,.T.);
#677=EDGE_LOOP('',(#3231));
#678=PLANE('',#679);
#679=AXIS2_PLACEMENT_3D('',#680,#681,#682);
#680=CARTESIAN_POINT('',(-6.16297582203915E-32,37.5865824907075,97.9163950257427));
#681=DIRECTION('',(-6.16297582203915E-33,0.358367949545335,0.933580426497188));
#682=DIRECTION('',(-1.,1.1433062810564E-16,-4.38874162327695E-17));
#683=FACE_OUTER_BOUND('',#684,.T.);
#684=EDGE_LOOP('',(#3232));
#685=FACE_OUTER_BOUND('',#686,.T.);
#686=EDGE_LOOP('',(#3233));
#687=CYLINDRICAL_SURFACE('',#688,2.45);
#688=AXIS2_PLACEMENT_3D('',#689,#690,#691);
#689=CARTESIAN_POINT('',(0.499999999999993,51.467185899933,-2.74516232938045));
#690=DIRECTION('',(6.05052252620204E-17,0.358367949545335,0.933580426497188));
#691=DIRECTION('',(-1.,1.36013761619569E-16,1.2599077772656E-17));
#692=FACE_BOUND('',#693,.T.);
#693=EDGE_LOOP('',(#3234,#3235,#3236,#3237,#3238,#3239,#3240,#3241,#3242));
#694=FACE_OUTER_BOUND('',#695,.T.);
#695=EDGE_LOOP('',(#3243));
#696=CYLINDRICAL_SURFACE('',#697,7.5);
#697=AXIS2_PLACEMENT_3D('',#698,#699,#700);
#698=CARTESIAN_POINT('',(0.499999999977737,79.778718453972,71.0089015317488));
#699=DIRECTION('',(-6.16297582203915E-33,0.358367949545335,0.933580426497188));
#700=DIRECTION('',(-0.447213595499958,-0.835019718444383,0.320534038456234));
#701=FACE_BOUND('',#702,.T.);
#702=EDGE_LOOP('',(#3244));
#703=PLANE('',#704);
#704=AXIS2_PLACEMENT_3D('',#705,#706,#707);
#705=CARTESIAN_POINT('',(0.,0.,4.));
#706=DIRECTION('',(0.,0.,1.));
#707=DIRECTION('',(-1.,1.22464679914735E-16,0.));
#708=FACE_BOUND('',#709,.T.);
#709=EDGE_LOOP('',(#3245,#3246,#3247,#3248));
#710=B_SPLINE_SURFACE_WITH_KNOTS('',3,3,(
(#711,#712,#713,#714,#715),
(#716,#717,#718,#719,#720),
(#721,#722,#723,#724,#725),
(#726,#727,#728,#729,#730),
(#731,#732,#733,#734,#735),
(#736,#737,#738,#739,#740),
(#741,#742,#743,#744,#745),
(#746,#747,#748,#749,#750),
(#751,#752,#753,#754,#755),
(#756,#757,#758,#759,#760),
(#761,#762,#763,#764,#765),
(#766,#767,#768,#769,#770),
(#771,#772,#773,#774,#775),
(#776,#777,#778,#779,#780),
(#781,#782,#783,#784,#785)),
.UNSPECIFIED.,.F.,.F.,.F.,
(4,1,1,1,1,1,1,1,1,1,1,1,4),
(4,1,4),
(0.,0.108703504878633,0.203501331679518,0.288120111491772,0.372738891304025,0.459566388512086,
0.548983285726364,0.637204035520715,0.725534498426821,0.814546648699469,0.901343758294102,
0.98078198419509,1.),
(0.0824480262695938,0.516904940246605,0.825920069202084),
.UNSPECIFIED.);
#711=CARTESIAN_POINT('',(-4.14349066572758,81.6823027930819,67.3296903571185));
#712=CARTESIAN_POINT('',(-4.3955303026445,81.994864407665,67.6750755429048));
#713=CARTESIAN_POINT('',(-4.82683756863613,82.5297409734658,68.2661220228069));
#714=CARTESIAN_POINT('',(-5.25814483462775,83.0646175392666,68.857168502709));
#715=CARTESIAN_POINT('',(-5.43741246370246,83.2869324904842,69.1028297968246));
#716=CARTESIAN_POINT('',(-4.15810676161355,81.475602135328,67.4090353056484));
#717=CARTESIAN_POINT('',(-4.43581939601474,81.7816054998552,67.756937967764));
#718=CARTESIAN_POINT('',(-4.91106003094074,82.3052591447858,68.3522925233562));
#719=CARTESIAN_POINT('',(-5.38630066586674,82.8289127897163,68.9476470789484));
#720=CARTESIAN_POINT('',(-5.58382866639153,83.0465630701195,69.195098972425));
#721=CARTESIAN_POINT('',(-4.18284194744574,81.0870075926726,67.5582027747848));
#722=CARTESIAN_POINT('',(-4.5040016397068,81.3778615595134,67.9119207458247));
#723=CARTESIAN_POINT('',(-5.05359181730851,81.8755905309384,68.5172268511958));
#724=CARTESIAN_POINT('',(-5.60318199491018,82.3733195023632,69.1225329565667));
#725=CARTESIAN_POINT('',(-5.83161248025081,82.5801945069473,69.3741210908979));
#726=CARTESIAN_POINT('',(-4.21036559867165,80.5333606791448,67.7707279129965));
#727=CARTESIAN_POINT('',(-4.57987025488163,80.7966723508977,68.135018380563));
#728=CARTESIAN_POINT('',(-5.21219160318464,81.2472690849541,68.7584168567506));
#729=CARTESIAN_POINT('',(-5.84451295148764,81.6978658190102,69.3818153329382));
#730=CARTESIAN_POINT('',(-6.10732964358066,81.8851508813134,69.6409233415594));
#731=CARTESIAN_POINT('',(-4.22923709186247,80.0238390144629,67.9663149551394));
#732=CARTESIAN_POINT('',(-4.63188929999003,80.2581244978259,68.3417475325028));
#733=CARTESIAN_POINT('',(-5.32093498009565,80.6590496559755,68.9842131402446));
#734=CARTESIAN_POINT('',(-6.00998066020127,81.059974814125,69.6266787479863));
#735=CARTESIAN_POINT('',(-6.29637413217932,81.2266144889114,69.8937117783646));
#736=CARTESIAN_POINT('',(-4.24154817172038,79.5282749189337,68.1565441884678));
#737=CARTESIAN_POINT('',(-4.66582464426759,79.7319106599669,68.5437420995949));
#738=CARTESIAN_POINT('',(-5.39187522757022,80.0803859069465,69.2063413418756));
#739=CARTESIAN_POINT('',(-6.11792581087282,80.4288611539259,69.8689405841563));
#740=CARTESIAN_POINT('',(-6.41969992162823,80.5737006598721,70.1443419153101));
#741=CARTESIAN_POINT('',(-4.24778131849443,79.022536919569,68.3506788175747));
#742=CARTESIAN_POINT('',(-4.68300623874599,79.1933887030152,68.7504613109455));
#743=CARTESIAN_POINT('',(-5.42779254593705,79.4857618253918,69.4345961411505));
#744=CARTESIAN_POINT('',(-6.17257885312811,79.7781349477681,70.1187309713554));
#745=CARTESIAN_POINT('',(-6.4821402400676,79.8996562866982,70.4030833081895));
#746=CARTESIAN_POINT('',(-4.24745861284193,78.5095206829314,68.5476073002092));
#747=CARTESIAN_POINT('',(-4.68211670447733,78.6466175574622,68.9603470891185));
#748=CARTESIAN_POINT('',(-5.4259330162196,78.8812269976805,69.6666553194351));
#749=CARTESIAN_POINT('',(-6.16974932796186,79.1158364378988,70.3729635497518));
#750=CARTESIAN_POINT('',(-6.47890754806873,79.2133490035862,70.6665319911591));
#751=CARTESIAN_POINT('',(-4.24040508211904,77.9939512234848,68.7455158732534));
#752=CARTESIAN_POINT('',(-4.66267373146308,78.0977376787698,69.1710423341031));
#753=CARTESIAN_POINT('',(-5.38528839196028,78.2753440776028,69.8992319818952));
#754=CARTESIAN_POINT('',(-6.10790305245748,78.4529504764356,70.6274216296875));
#755=CARTESIAN_POINT('',(-6.40824906361064,78.5267704199835,70.9300848166298));
#756=CARTESIAN_POINT('',(-4.22676057790322,77.4801695272571,68.9427381882947));
#757=CARTESIAN_POINT('',(-4.62506281890264,77.5524583214301,69.3803554684331));
#758=CARTESIAN_POINT('',(-5.30666454117632,77.6761637931488,70.1292357435995));
#759=CARTESIAN_POINT('',(-5.98826626344998,77.7998692648671,70.8781160187659));
#760=CARTESIAN_POINT('',(-6.27156574472422,77.8512859424128,71.1893790137939));
#761=CARTESIAN_POINT('',(-4.20674020953865,76.9707775209394,69.1382754592547));
#762=CARTESIAN_POINT('',(-4.56987691312864,77.0146100563413,69.5868160737068));
#763=CARTESIAN_POINT('',(-5.19130099039884,77.0896192542477,70.3543890970301));
#764=CARTESIAN_POINT('',(-5.81272506766904,77.1646284521539,71.1219621203532));
#765=CARTESIAN_POINT('',(-6.07101244134925,77.1958051146582,71.4409945292242));
#766=CARTESIAN_POINT('',(-4.18142501771929,76.4806948655226,69.3264005648638));
#767=CARTESIAN_POINT('',(-4.500095889875,76.5008243991272,69.7840399092284));
#768=CARTESIAN_POINT('',(-5.04542703025416,76.5352714179012,70.5671832943031));
#769=CARTESIAN_POINT('',(-5.59075817063331,76.5697184366755,71.3503266793778));
#770=CARTESIAN_POINT('',(-5.81741843885675,76.5840359218449,71.6758307200878));
#771=CARTESIAN_POINT('',(-4.15911504917432,76.1264856354905,69.4623687491508));
#772=CARTESIAN_POINT('',(-4.43859872860786,76.1326721804063,69.9253603054137));
#773=CARTESIAN_POINT('',(-4.91687009552585,76.1432590143121,70.717662757329));
#774=CARTESIAN_POINT('',(-5.39514146244381,76.1538458482172,71.5099652092439));
#775=CARTESIAN_POINT('',(-5.59392914992825,76.1582461372068,71.8392761048959));
#776=CARTESIAN_POINT('',(-4.14607468877317,75.9387500220322,69.5344336992527));
#777=CARTESIAN_POINT('',(-4.4026531312416,75.9387387268418,69.9998043834276));
#778=CARTESIAN_POINT('',(-4.84172750814181,75.9387193977483,70.7961781598676));
#779=CARTESIAN_POINT('',(-5.28080188504201,75.9387000686549,71.5925519363077));
#780=CARTESIAN_POINT('',(-5.46329781947378,75.9386920347518,71.9235550285729));
#781=CARTESIAN_POINT('',(-4.14349066572758,75.9022067982233,69.5484613285972));
#782=CARTESIAN_POINT('',(-4.3955303026445,75.9010360505077,70.0142770848968));
#783=CARTESIAN_POINT('',(-4.82683756863612,75.8990325878676,70.8114124988461));
#784=CARTESIAN_POINT('',(-5.25814483462774,75.8970291252275,71.6085479127954));
#785=CARTESIAN_POINT('',(-5.43741246370245,75.896196410303,71.9398675704451));
#786=FACE_BOUND('',#787,.T.);
#787=EDGE_LOOP('',(#3249,#3250,#3251,#3252));
#788=B_SPLINE_SURFACE_WITH_KNOTS('',3,3,(
(#789,#790,#791,#792),
(#793,#794,#795,#796),
(#797,#798,#799,#800),
(#801,#802,#803,#804),
(#805,#806,#807,#808),
(#809,#810,#811,#812),
(#813,#814,#815,#816),
(#817,#818,#819,#820),
(#821,#822,#823,#824),
(#825,#826,#827,#828),
(#829,#830,#831,#832),
(#833,#834,#835,#836),
(#837,#838,#839,#840),
(#841,#842,#843,#844)),
.UNSPECIFIED.,.F.,.F.,.F.,
(4,1,1,1,1,1,1,1,1,1,1,4),
(4,4),
(0.,0.175302001870603,0.328184669343337,0.464605816397532,0.601026963451726,0.741004548269226,
0.885173719440469,1.02733512256678,1.17000136246944,1.31296013694188,1.44826939735009,
1.57079632679488),
(0.0733724997841287,0.853252908129215),
.UNSPECIFIED.);
#789=CARTESIAN_POINT('',(-4.12769582628571,75.9022801667316,69.519269550787));
#790=CARTESIAN_POINT('',(-4.58012452205348,75.9001785930723,70.3554412643662));
#791=CARTESIAN_POINT('',(-5.03255321782126,75.898077019413,71.1916129779455));
#792=CARTESIAN_POINT('',(-5.48498191358903,75.8959754457537,72.0277846915247));
#793=CARTESIAN_POINT('',(-4.12180076600923,75.7929245753211,69.5612472293595));
#794=CARTESIAN_POINT('',(-4.5533431531956,75.789937555372,70.3977588339243));
#795=CARTESIAN_POINT('',(-4.98488554038198,75.786950535423,71.2342704384891));
#796=CARTESIAN_POINT('',(-5.41642792756836,75.7839635154739,72.070782043054));
#797=CARTESIAN_POINT('',(-4.09246701191181,75.5884996477965,69.6397186069009));
#798=CARTESIAN_POINT('',(-4.48820706486214,75.5849121444277,70.4764607154542));
#799=CARTESIAN_POINT('',(-4.88394711781248,75.5813246410589,71.3132028240076));
#800=CARTESIAN_POINT('',(-5.27968717076281,75.5777371376902,72.1499449325608));
#801=CARTESIAN_POINT('',(-4.00323806557508,75.307641190013,69.7475300677795));
#802=CARTESIAN_POINT('',(-4.35701068166311,75.3040900186656,70.5842582297765));
#803=CARTESIAN_POINT('',(-4.71078329775113,75.3005388473183,71.4209863917734));
#804=CARTESIAN_POINT('',(-5.06455591383915,75.2969876759709,72.2577145537704));
#805=CARTESIAN_POINT('',(-3.88445726556254,75.0624929948093,69.8416336431721));
#806=CARTESIAN_POINT('',(-4.20654029693214,75.0583766581253,70.6785787518155));
#807=CARTESIAN_POINT('',(-4.52862332830174,75.0542603214414,71.5155238604592));
#808=CARTESIAN_POINT('',(-4.85070635967134,75.0501439847573,72.3524689691027));
#809=CARTESIAN_POINT('',(-3.73729556152073,74.8400627022926,69.9270166327717));
#810=CARTESIAN_POINT('',(-4.03443978885172,74.8338307509267,70.7647738498036));
#811=CARTESIAN_POINT('',(-4.33158401618271,74.8275987995609,71.6025310668355));
#812=CARTESIAN_POINT('',(-4.62872824351371,74.821366848195,72.4402882838674));
#813=CARTESIAN_POINT('',(-3.55688930497747,74.6332129812151,70.0064188013504));
#814=CARTESIAN_POINT('',(-3.83403320805094,74.622227050214,70.8460009001876));
#815=CARTESIAN_POINT('',(-4.11117711112441,74.6112411192128,71.6855829990248));
#816=CARTESIAN_POINT('',(-4.38832101419787,74.6002551882117,72.5251650978619));
#817=CARTESIAN_POINT('',(-3.34555263591971,74.4479975013146,70.077516362816));
#818=CARTESIAN_POINT('',(-3.60728775092353,74.4285369378675,70.9203515682594));
#819=CARTESIAN_POINT('',(-3.86902286592735,74.4090763744204,71.7631867737027));
#820=CARTESIAN_POINT('',(-4.13075798093117,74.3896158109732,72.606021979146));
#821=CARTESIAN_POINT('',(-3.10803563940253,74.2899635181195,70.1381799252781));
#822=CARTESIAN_POINT('',(-3.35823915107324,74.2574092961146,70.9860413153287));
#823=CARTESIAN_POINT('',(-3.60844266274396,74.2248550741096,71.8339027053796));
#824=CARTESIAN_POINT('',(-3.85864617441467,74.1923008521047,72.6817640954302));
#825=CARTESIAN_POINT('',(-2.85096272077029,74.1634111124712,70.1867588423537));
#826=CARTESIAN_POINT('',(-3.09254151494995,74.1125803483807,71.0416359395958));
#827=CARTESIAN_POINT('',(-3.33412030912962,74.0617495842905,71.8965130368379));
#828=CARTESIAN_POINT('',(-3.57569910330928,74.0109188201999,72.7513901340801));
#829=CARTESIAN_POINT('',(-2.58281770509145,74.0717932506558,70.2219276444715));
#830=CARTESIAN_POINT('',(-2.81758529572184,73.9973052643569,71.0858858984884));
#831=CARTESIAN_POINT('',(-3.05235288635224,73.922817278058,71.949844152505));
#832=CARTESIAN_POINT('',(-3.28712047698263,73.8483292917591,72.8138024065219));
#833=CARTESIAN_POINT('',(-2.31812038325492,74.0165974129235,70.2431153414605));
#834=CARTESIAN_POINT('',(-2.54680537679613,73.9139989206189,71.1178642077396));
#835=CARTESIAN_POINT('',(-2.77549037033734,73.8114004283142,71.9926130740187));
#836=CARTESIAN_POINT('',(-3.00417536387854,73.7088019360095,72.8673619402978));
#837=CARTESIAN_POINT('',(-2.14500265786261,74.0006863296733,70.2492230340787));
#838=CARTESIAN_POINT('',(-2.36933964905074,73.8765880508394,71.1322248951673));
#839=CARTESIAN_POINT('',(-2.59367664023886,73.7524897720054,72.015226756256));
#840=CARTESIAN_POINT('',(-2.81801363142698,73.6283914931715,72.8982286173446));
#841=CARTESIAN_POINT('',(-2.06266759633591,73.9975850470867,70.2504135049262));
#842=CARTESIAN_POINT('',(-2.28470005974408,73.8624988661679,71.1376332264457));
#843=CARTESIAN_POINT('',(-2.50673252315225,73.7274126852492,72.0248529479651));
#844=CARTESIAN_POINT('',(-2.72876498656042,73.5923265043304,72.9120726694846));
#845=FACE_BOUND('',#846,.T.);
#846=EDGE_LOOP('',(#3253,#3254,#3255,#3256));
#847=B_SPLINE_SURFACE_WITH_KNOTS('',3,3,(
(#848,#849,#850,#851),
(#852,#853,#854,#855),
(#856,#857,#858,#859),
(#860,#861,#862,#863),
(#864,#865,#866,#867),
(#868,#869,#870,#871),
(#872,#873,#874,#875),
(#876,#877,#878,#879),
(#880,#881,#882,#883),
(#884,#885,#886,#887),
(#888,#889,#890,#891),
(#892,#893,#894,#895),
(#896,#897,#898,#899)),
.UNSPECIFIED.,.F.,.F.,.F.,
(4,1,1,1,1,1,1,1,1,1,4),
(4,4),
(0.,0.130845427000522,0.24495495840944,0.346818049963806,0.448681141518172,0.553206566566081,
0.660836313223624,0.767002169398296,0.873499293673126,0.952617135632826,1.),
(0.079435179646418,0.834585654035862),
.UNSPECIFIED.);
#848=CARTESIAN_POINT('',(-2.06784574312717,73.9944346245605,70.2711048663767));
#849=CARTESIAN_POINT('',(-2.28283757812957,73.8636320136566,71.1301909344762));
#850=CARTESIAN_POINT('',(-2.49782941313199,73.732829402753,71.989277002576));
#851=CARTESIAN_POINT('',(-2.71282124813439,73.6020267918491,72.8483630706755));
#852=CARTESIAN_POINT('',(-1.84554156612395,73.9843746659198,70.2749665226929));
#853=CARTESIAN_POINT('',(-2.04713410030273,73.8216937253147,71.1462895350617));
#854=CARTESIAN_POINT('',(-2.24872663448152,73.6590127847099,72.0176125474306));
#855=CARTESIAN_POINT('',(-2.45031916866031,73.4963318441049,72.8889355597995));
#856=CARTESIAN_POINT('',(-1.42814192608716,73.9678295460433,70.2813175991688));
#857=CARTESIAN_POINT('',(-1.60076696555473,73.7527198822992,71.1727661127534));
#858=CARTESIAN_POINT('',(-1.77339200502232,73.5376102185555,72.0642146263384));
#859=CARTESIAN_POINT('',(-1.9460170444899,73.3225005548114,72.9556631399231));
#860=CARTESIAN_POINT('',(-0.834731523563638,73.9507900554356,70.2878584467884));
#861=CARTESIAN_POINT('',(-0.958618898644647,73.6816850902269,71.2000338146664));
#862=CARTESIAN_POINT('',(-1.08250627372565,73.4125801250183,72.1122091825443));
#863=CARTESIAN_POINT('',(-1.20639364880666,73.1434751598096,73.0243845504223));
#864=CARTESIAN_POINT('',(-0.289535999569306,73.9404980409334,70.2918091810039));
#865=CARTESIAN_POINT('',(-0.364403640133019,73.6387793997338,71.2165037661449));
#866=CARTESIAN_POINT('',(-0.439271280696734,73.3370607585345,72.1411983512863));
#867=CARTESIAN_POINT('',(-0.514138921260447,73.0353421173349,73.0658929364273));
#868=CARTESIAN_POINT('',(0.23997915577002,73.9354752277904,70.2937372583241));
#869=CARTESIAN_POINT('',(0.21506016762068,73.6178401301601,71.2245415986543));
#870=CARTESIAN_POINT('',(0.190141179471341,73.3002050325301,72.1553459389843));
#871=CARTESIAN_POINT('',(0.165222191322001,72.9825699348999,73.0861502793144));
#872=CARTESIAN_POINT('',(0.779663713949081,73.935522483883,70.2937191184098));
#873=CARTESIAN_POINT('',(0.806462572582068,73.6180371329223,71.224465976379));
#874=CARTESIAN_POINT('',(0.833261431215058,73.3005517819615,72.1552128343485));
#875=CARTESIAN_POINT('',(0.860060289848046,72.9830664310008,73.0859596923178));
#876=CARTESIAN_POINT('',(1.32645856455403,73.9409512920858,70.2916351941876));
#877=CARTESIAN_POINT('',(1.40478202837664,73.6406689281304,71.2157784441503));
#878=CARTESIAN_POINT('',(1.48310549219926,73.3403865641753,72.1399216941132));
#879=CARTESIAN_POINT('',(1.56142895602187,73.0401042002199,73.0640649440759));
#880=CARTESIAN_POINT('',(1.87577085510864,73.9518158225659,70.2874646916788));
#881=CARTESIAN_POINT('',(2.00318296155526,73.6859613421694,71.1983923153408));
#882=CARTESIAN_POINT('',(2.13059506800188,73.4201068617732,72.109319939003));
#883=CARTESIAN_POINT('',(2.25800717444851,73.1542523813768,73.0202475626651));
#884=CARTESIAN_POINT('',(2.37488483837234,73.9665124676202,70.2818231782067));
#885=CARTESIAN_POINT('',(2.54289797537959,73.747229202203,71.1748737873703));
#886=CARTESIAN_POINT('',(2.71091111238684,73.5279459367861,72.0679243965342));
#887=CARTESIAN_POINT('',(2.87892424939408,73.3086626713689,72.9609750056977));
#888=CARTESIAN_POINT('',(2.77219159212237,73.9814930888952,70.2760726564768));
#889=CARTESIAN_POINT('',(2.96865145800125,73.809680911699,71.1509008221683));
#890=CARTESIAN_POINT('',(3.16511132388013,73.637868734503,72.0257289878601));
#891=CARTESIAN_POINT('',(3.36157118975901,73.4660565573068,72.9005571535517));
#892=CARTESIAN_POINT('',(2.98734305450344,73.9907916263546,70.2725032823677));
#893=CARTESIAN_POINT('',(3.19748262015595,73.8484449622338,71.1360206973157));
#894=CARTESIAN_POINT('',(3.40762218580848,73.7060982981132,71.999538112264));
#895=CARTESIAN_POINT('',(3.61776175146099,73.5637516339925,72.863055527212));
#896=CARTESIAN_POINT('',(3.06784574312364,73.9944346245605,70.2711048663767));
#897=CARTESIAN_POINT('',(3.28283757811483,73.8636320136567,71.1301909344762));
#898=CARTESIAN_POINT('',(3.49782941310603,73.7328294027529,71.989277002576));
#899=CARTESIAN_POINT('',(3.71282124809722,73.6020267918491,72.8483630706755));
#900=FACE_BOUND('',#901,.T.);
#901=EDGE_LOOP('',(#3257,#3258,#3259,#3260));
#902=B_SPLINE_SURFACE_WITH_KNOTS('',3,3,(
(#903,#904,#905,#906),
(#907,#908,#909,#910),
(#911,#912,#913,#914),
(#915,#916,#917,#918),
(#919,#920,#921,#922),
(#923,#924,#925,#926),
(#927,#928,#929,#930),
(#931,#932,#933,#934),
(#935,#936,#937,#938),
(#939,#940,#941,#942),
(#943,#944,#945,#946),
(#947,#948,#949,#950),
(#951,#952,#953,#954),
(#955,#956,#957,#958)),
.UNSPECIFIED.,.F.,.F.,.F.,
(4,1,1,1,1,1,1,1,1,1,1,4),
(4,4),
(0.,0.175295294412902,0.328172355118844,0.464589474245924,0.601006593373003,0.740981041203189,
0.8851484970195,1.02730960219734,1.16997707131801,1.31293846148657,1.44826183642849,
1.57079632679488),
(0.0733724997832253,0.853252908130961),
.UNSPECIFIED.);
#903=CARTESIAN_POINT('',(3.06266759633188,73.9975850470872,70.2504135049231));
#904=CARTESIAN_POINT('',(3.28470005972922,73.862498866168,71.1376332264456));
#905=CARTESIAN_POINT('',(3.50673252312656,73.7274126852487,72.0248529479681));
#906=CARTESIAN_POINT('',(3.72876498652391,73.5923265043295,72.9120726694905));
#907=CARTESIAN_POINT('',(3.18046169201538,74.0020219512562,70.2487103369858));
#908=CARTESIAN_POINT('',(3.40579116838368,73.8826558046157,71.1298957027191));
#909=CARTESIAN_POINT('',(3.63112064475198,73.7632896579753,72.0110810684524));
#910=CARTESIAN_POINT('',(3.85645012112028,73.6439235113348,72.8922664341857));
#911=CARTESIAN_POINT('',(3.40072518109943,74.0274428398126,70.2389521721303));
#912=CARTESIAN_POINT('',(3.63131427523473,73.9345455178861,71.1099771080062));
#913=CARTESIAN_POINT('',(3.86190336937002,73.84164819596,71.9810020438822));
#914=CARTESIAN_POINT('',(4.09249246350532,73.7487508740336,72.8520269797581));
#915=CARTESIAN_POINT('',(3.70355840758519,74.1080586730482,70.2080066530967));
#916=CARTESIAN_POINT('',(3.94120527295299,74.044841304865,71.0676385221691));
#917=CARTESIAN_POINT('',(4.1788521383208,73.981623936682,71.9272703912415));
#918=CARTESIAN_POINT('',(4.4164990036886,73.9184065684988,72.7869022603139));
#919=CARTESIAN_POINT('',(3.96809965857192,74.2165713164466,70.1663525519494));
#920=CARTESIAN_POINT('',(4.21329222147269,74.1745347855881,71.017853859341));
#921=CARTESIAN_POINT('',(4.45848478437346,74.1324982547295,71.8693551667326));
#922=CARTESIAN_POINT('',(4.70367734727424,74.090461723871,72.7208564741241));
#923=CARTESIAN_POINT('',(4.20835939614571,74.3517332608144,70.1144687426012));
#924=CARTESIAN_POINT('',(4.46293440666717,74.3251217377691,70.960048944253));
#925=CARTESIAN_POINT('',(4.71750941718864,74.2985102147239,71.8056291459051));
#926=CARTESIAN_POINT('',(4.9720844277101,74.2718986916786,72.6512093475569));
#927=CARTESIAN_POINT('',(4.43207917290148,74.5179793322615,70.0506528548067));
#928=CARTESIAN_POINT('',(4.6993800728919,74.5023524082049,70.8920164639676));
#929=CARTESIAN_POINT('',(4.96668097288232,74.4867254841482,71.7333800731284));
#930=CARTESIAN_POINT('',(5.23398187287273,74.4710985600915,72.5747436822893));
#931=CARTESIAN_POINT('',(4.6327666169171,74.7131711159435,69.9757257491168));
#932=CARTESIAN_POINT('',(4.91726618853855,74.7044849693025,70.8144250434526));
#933=CARTESIAN_POINT('',(5.20176576016001,74.6957988226616,71.6531243377884));
#934=CARTESIAN_POINT('',(5.48626533178147,74.6871126760207,72.4918236321241));
#935=CARTESIAN_POINT('',(4.80446069615096,74.9328977997952,69.8913805776485));
#936=CARTESIAN_POINT('',(5.11152815119855,74.9278550958663,70.7286812853635));
#937=CARTESIAN_POINT('',(5.41859560624615,74.9228123919374,71.5659819930784));
#938=CARTESIAN_POINT('',(5.72566306129374,74.9177696880085,72.4032827007933));
#939=CARTESIAN_POINT('',(4.9425268486801,75.1709982459052,69.799982379661));
#940=CARTESIAN_POINT('',(5.27803842392957,75.1672871644808,70.6367719253881));
#941=CARTESIAN_POINT('',(5.61354999917903,75.1635760830565,71.4735614711154));
#942=CARTESIAN_POINT('',(5.94906157442849,75.1598650016322,72.3103510168425));
#943=CARTESIAN_POINT('',(5.04322747606804,75.4195859857385,69.7045584867882));
#944=CARTESIAN_POINT('',(5.41313037190443,75.4160126196729,70.5412951685421));
#945=CARTESIAN_POINT('',(5.78303326774081,75.4124392536073,71.378031850296));
#946=CARTESIAN_POINT('',(6.15293616357721,75.4088658875418,72.2147685320499));
#947=CARTESIAN_POINT('',(5.10486958418105,75.6651508111118,69.6102949820577));
#948=CARTESIAN_POINT('',(5.51378447882954,75.6617086662304,70.4469812927183));
#949=CARTESIAN_POINT('',(5.92269937347803,75.6582665213491,71.283667603379));
#950=CARTESIAN_POINT('',(6.33161426812652,75.6548243764677,72.1203539140396));
#951=CARTESIAN_POINT('',(5.1235752332532,75.8258416120134,69.5486115628305));
#952=CARTESIAN_POINT('',(5.56140459100933,75.8231211195242,70.3850208570919));
#953=CARTESIAN_POINT('',(5.99923394876546,75.8204006270351,71.2214301513534));
#954=CARTESIAN_POINT('',(6.43706330652159,75.817680134546,72.0578394456148));
#955=CARTESIAN_POINT('',(5.1276958262809,75.9022801667316,69.5192695507841));
#956=CARTESIAN_POINT('',(5.58012452203862,75.9001785930722,70.3554412643661));
#957=CARTESIAN_POINT('',(6.03255321779635,75.898077019413,71.1916129779482));
#958=CARTESIAN_POINT('',(6.48498191355408,75.8959754457537,72.0277846915303));
#959=FACE_BOUND('',#960,.T.);
#960=EDGE_LOOP('',(#3261,#3262,#3263,#3264));
#961=B_SPLINE_SURFACE_WITH_KNOTS('',3,3,(
(#962,#963,#964,#965),
(#966,#967,#968,#969),
(#970,#971,#972,#973),
(#974,#975,#976,#977),
(#978,#979,#980,#981),
(#982,#983,#984,#985),
(#986,#987,#988,#989),
(#990,#991,#992,#993),
(#994,#995,#996,#997),
(#998,#999,#1000,#1001),
(#1002,#1003,#1004,#1005),
(#1006,#1007,#1008,#1009),
(#1010,#1011,#1012,#1013),
(#1014,#1015,#1016,#1017),
(#1018,#1019,#1020,#1021)),
.UNSPECIFIED.,.F.,.F.,.F.,
(4,1,1,1,1,1,1,1,1,1,1,1,4),
(4,4),
(0.,0.108703504878058,0.203501331679121,0.288120111491585,0.372738891304048,0.459566388512135,
0.54898328572617,0.637204035520796,0.725534498426742,0.814546648699897,0.901343758294317,
0.98078198419619,1.),
(0.0824480262684194,0.825920069203836),
.UNSPECIFIED.);
#962=CARTESIAN_POINT('',(5.14349066572187,75.9022067982233,69.5484613285935));
#963=CARTESIAN_POINT('',(5.57479793170415,75.9002033355832,70.3455967425459));
#964=CARTESIAN_POINT('',(6.00610519768644,75.8981998729431,71.1427321564983));
#965=CARTESIAN_POINT('',(6.43741246366872,75.896196410303,71.9398675704508));
#966=CARTESIAN_POINT('',(5.15810676160756,76.108907455976,69.469116380064));
#967=CARTESIAN_POINT('',(5.63334739652415,76.1181269142062,70.2619437183263));
#968=CARTESIAN_POINT('',(6.10858803144074,76.1273463724364,71.0547710565886));
#969=CARTESIAN_POINT('',(6.58382866635733,76.1365658306666,71.8475983948509));
#970=CARTESIAN_POINT('',(5.18284194743936,76.4975019986306,69.3199489109279));
#971=CARTESIAN_POINT('',(5.73243212503184,76.5326461303663,70.1028246994113));
#972=CARTESIAN_POINT('',(6.28202230262431,76.5677902621022,70.8857004878948));
#973=CARTESIAN_POINT('',(6.83161248021679,76.602934393838,71.6685762763783));
#974=CARTESIAN_POINT('',(5.2103655986649,77.0511489121577,69.1074237727164));
#975=CARTESIAN_POINT('',(5.84268694695907,77.1334252812623,69.8722071903831));
#976=CARTESIAN_POINT('',(6.47500829525325,77.2157016503669,70.6369906080501));
#977=CARTESIAN_POINT('',(7.10732964354742,77.2979780194716,71.4017740257168));
#978=CARTESIAN_POINT('',(5.22923709185551,77.5606705768406,68.9118367305733));
#979=CARTESIAN_POINT('',(5.91828277195272,77.6926185218522,69.6575530166859));
#980=CARTESIAN_POINT('',(6.60732845204993,77.8245664668638,70.4032693027984));
#981=CARTESIAN_POINT('',(7.29637413214713,77.9565144118754,71.148985588911));
#982=CARTESIAN_POINT('',(5.24154817171328,78.0562346723703,68.7216074972445));
#983=CARTESIAN_POINT('',(5.96759875500771,78.2406325285523,69.4471901488179));
#984=CARTESIAN_POINT('',(6.69364933830215,78.4250303847342,70.1727728003915));
#985=CARTESIAN_POINT('',(7.41969992159658,78.6094282409162,70.8983554519649));
#986=CARTESIAN_POINT('',(5.24778131848724,78.5619726717347,68.5274728681377));
#987=CARTESIAN_POINT('',(5.99256762567017,78.8024726525199,69.2315199317869));
#988=CARTESIAN_POINT('',(6.73735393285311,79.0429726333052,69.9355669954361));
#989=CARTESIAN_POINT('',(7.48214024003605,79.2834726140904,70.6396140590853));
#990=CARTESIAN_POINT('',(5.24745861283475,79.0749889083722,68.3305443855034));
#991=CARTESIAN_POINT('',(5.9912749245689,79.3732525713158,69.0124180490407));
#992=CARTESIAN_POINT('',(6.73509123630307,79.6715162342593,69.6942917125783));
#993=CARTESIAN_POINT('',(7.47890754803723,79.969779897203,70.3761653761156));
#994=CARTESIAN_POINT('',(5.24040508211196,79.5905583678183,68.1326358124594));
#995=CARTESIAN_POINT('',(5.963019742601,79.9458250721474,68.7926280585211));
#996=CARTESIAN_POINT('',(6.68563440309002,80.3010917764767,69.452620304583));
#997=CARTESIAN_POINT('',(7.40824906357906,80.6563584808059,70.1126125506448));
#998=CARTESIAN_POINT('',(5.2267605778963,80.1043400640469,67.9354134974177));
#999=CARTESIAN_POINT('',(5.90836230016154,80.5135076954907,68.5747151161051));
#1000=CARTESIAN_POINT('',(6.5899640224268,80.9226753269347,69.2140167347925));
#1001=CARTESIAN_POINT('',(7.27156574469205,81.3318429583784,69.85331835348));
#1002=CARTESIAN_POINT('',(5.206740209532,80.6137320703647,67.7398762264577));
#1003=CARTESIAN_POINT('',(5.82816428679346,81.0715959756211,68.3604850969882));
#1004=CARTESIAN_POINT('',(6.44958836405494,81.5294598808773,68.9810939675189));
#1005=CARTESIAN_POINT('',(7.07101244131641,81.9873237861338,69.6017028380494));
#1006=CARTESIAN_POINT('',(5.18142501771286,81.1038147257836,67.5517511208477));
#1007=CARTESIAN_POINT('',(5.72675615808256,81.6022408101724,68.1567896296267));
#1008=CARTESIAN_POINT('',(6.27208729845228,82.1006668945613,68.7618281384056));
#1009=CARTESIAN_POINT('',(6.81741843882199,82.59909297895,69.3668666471846));
#1010=CARTESIAN_POINT('',(5.15911504916823,81.4580239558147,67.4157829365612));
#1011=CARTESIAN_POINT('',(5.63738641607657,81.9803102250722,68.0116623784998));
#1012=CARTESIAN_POINT('',(6.11565778298489,82.5025964943296,68.6075418204384));
#1013=CARTESIAN_POINT('',(6.59392914989322,83.0248827635871,69.2034212623769));
#1014=CARTESIAN_POINT('',(5.14607468876728,81.6457595692725,67.3437179864594));
#1015=CARTESIAN_POINT('',(5.58514906565773,82.1786520015288,67.935526103873));
#1016=CARTESIAN_POINT('',(6.02422344254818,82.7115444337853,68.5273342212866));
#1017=CARTESIAN_POINT('',(6.46329781943864,83.2444368660417,69.1191423387001));
#1018=CARTESIAN_POINT('',(5.14349066572188,81.6823027930794,67.3296903571157));
#1019=CARTESIAN_POINT('',(5.57479793170416,82.2171793588822,67.92073683702));
#1020=CARTESIAN_POINT('',(6.00610519768645,82.7520559246852,68.5117833169245));
#1021=CARTESIAN_POINT('',(6.43741246366874,83.286932490488,69.1028297968288));
#1022=FACE_BOUND('',#1023,.T.);
#1023=EDGE_LOOP('',(#3265,#3266,#3267,#3268));
#1024=B_SPLINE_SURFACE_WITH_KNOTS('',3,3,(
(#1025,#1026,#1027,#1028),
(#1029,#1030,#1031,#1032),
(#1033,#1034,#1035,#1036),
(#1037,#1038,#1039,#1040),
(#1041,#1042,#1043,#1044),
(#1045,#1046,#1047,#1048),
(#1049,#1050,#1051,#1052),
(#1053,#1054,#1055,#1056),
(#1057,#1058,#1059,#1060),
(#1061,#1062,#1063,#1064),
(#1065,#1066,#1067,#1068),
(#1069,#1070,#1071,#1072),
(#1073,#1074,#1075,#1076),
(#1077,#1078,#1079,#1080)),
.UNSPECIFIED.,.F.,.F.,.F.,
(4,1,1,1,1,1,1,1,1,1,1,4),
(4,4),
(0.,0.175302001883199,0.328184669363165,0.464605816418766,0.601026963474367,0.741004548291824,
0.885173719461801,1.02733512258885,1.17000136249064,1.31296013696362,1.44826939736399,
1.57079632679489),
(0.0733724997853094,0.853252908126748),
.UNSPECIFIED.);
#1025=CARTESIAN_POINT('',(5.1276958262845,81.6627151576695,67.3080457316099));
#1026=CARTESIAN_POINT('',(5.58012452203859,82.2237850170063,67.9280361864986));
#1027=CARTESIAN_POINT('',(6.03255321779267,82.7848548763431,68.5480266413874));
#1028=CARTESIAN_POINT('',(6.48498191354676,83.3459247356799,69.1680170962761));
#1029=CARTESIAN_POINT('',(5.12180076600751,81.7720707490878,67.2660680530344));
#1030=CARTESIAN_POINT('',(5.55334315317879,82.3340260547144,67.8857186169375));
#1031=CARTESIAN_POINT('',(5.98488554035007,82.8959813603411,68.5053691808406));
#1032=CARTESIAN_POINT('',(6.41642792752135,83.4579366659677,69.1250197447437));
#1033=CARTESIAN_POINT('',(5.09246701190684,81.9764956766248,67.1875966754882));
#1034=CARTESIAN_POINT('',(5.48820706484032,82.5390514656711,67.8070167354028));
#1035=CARTESIAN_POINT('',(5.8839471177738,83.1016072547174,68.4264367953176));
#1036=CARTESIAN_POINT('',(6.27968717070728,83.6641630437637,69.0458568552323));
#1037=CARTESIAN_POINT('',(5.00323806556119,82.2573541344201,67.0797852146051));
#1038=CARTESIAN_POINT('',(5.35701068163148,82.8198735914449,67.6992192210762));
#1039=CARTESIAN_POINT('',(5.71078329770179,83.3823930484698,68.3186532275471));
#1040=CARTESIAN_POINT('',(6.06455591377209,83.9449125054947,68.9380872340182));
#1041=CARTESIAN_POINT('',(4.88445726554056,82.5025023296274,66.9856816392111));
#1042=CARTESIAN_POINT('',(5.20654029689278,83.0655869519891,67.6048986990354));
#1043=CARTESIAN_POINT('',(5.52862332824499,83.6286715743508,68.2241157588599));
#1044=CARTESIAN_POINT('',(5.85070635959721,84.1917561967124,68.8433328186842));
#1045=CARTESIAN_POINT('',(4.73729556149269,82.7249326221429,66.900298649612));
#1046=CARTESIAN_POINT('',(5.03443978880714,83.2901328591867,67.5187036010479));
#1047=CARTESIAN_POINT('',(5.33158401612159,83.8553330962306,68.1371085524838));
#1048=CARTESIAN_POINT('',(5.62872824343603,84.4205333332745,68.7555135039197));
#1049=CARTESIAN_POINT('',(4.55688930494456,82.9317823432169,66.8208964810346));
#1050=CARTESIAN_POINT('',(4.83403320800239,83.5017365598966,67.4374765506649));
#1051=CARTESIAN_POINT('',(5.11117711106024,84.0716907765761,68.0540566202955));
#1052=CARTESIAN_POINT('',(5.38832101411808,84.6416449932558,68.6706366899259));
#1053=CARTESIAN_POINT('',(4.34555263588291,83.1169978231131,66.7497989195706));
#1054=CARTESIAN_POINT('',(4.60728775087188,83.6954266722393,67.3631258825947));
#1055=CARTESIAN_POINT('',(4.86902286586084,84.2738555213655,67.9764528456187));
#1056=CARTESIAN_POINT('',(5.13075798084981,84.8522843704918,68.5897798086427));
#1057=CARTESIAN_POINT('',(4.10803563936301,83.2750318063033,66.6891353571105));
#1058=CARTESIAN_POINT('',(4.35823915101948,83.8665543139878,67.2974361355269));
#1059=CARTESIAN_POINT('',(4.60844266267596,84.4580768216725,67.9057369139433));
#1060=CARTESIAN_POINT('',(4.85864617433243,85.0495993293572,68.5140376923598));
#1061=CARTESIAN_POINT('',(3.85096272072778,83.4015842119468,66.6405564400367));
#1062=CARTESIAN_POINT('',(4.09254151489358,84.0113832617177,67.2418415112613));
#1063=CARTESIAN_POINT('',(4.33412030905938,84.6211823114887,67.8431265824862));
#1064=CARTESIAN_POINT('',(4.57569910322519,85.2309813612596,68.4444116537108));
#1065=CARTESIAN_POINT('',(3.58281770505219,83.4932020737555,66.6053876379215));
#1066=CARTESIAN_POINT('',(3.81758529566905,84.1266583457353,67.1975915523714));
#1067=CARTESIAN_POINT('',(4.05235288628592,84.7601146177149,67.7897954668213));
#1068=CARTESIAN_POINT('',(4.28712047690277,85.3935708896946,68.3819993812712));
#1069=CARTESIAN_POINT('',(3.31812038322879,83.5483979114808,66.5841999409351));
#1070=CARTESIAN_POINT('',(3.54680537675678,84.2099646894654,67.165613243123));
#1071=CARTESIAN_POINT('',(3.77549037028476,84.8715314674499,67.7470265453111));
#1072=CARTESIAN_POINT('',(4.00417536381275,85.5330982454346,68.328439847499));
#1073=CARTESIAN_POINT('',(3.14500265785104,83.5643089947287,66.5780922483178));
#1074=CARTESIAN_POINT('',(3.36933964902627,84.2473755592408,67.1512525556969));
#1075=CARTESIAN_POINT('',(3.5936766402015,84.930442123753,67.724412863076));
#1076=CARTESIAN_POINT('',(3.81801363137673,85.6135086882651,68.2975731704551));
#1077=CARTESIAN_POINT('',(3.06266759633366,83.567410277315,66.5769017774705));
#1078=CARTESIAN_POINT('',(3.28470005972921,84.2614647439106,67.1458442244192));
#1079=CARTESIAN_POINT('',(3.50673252312476,84.9555192105063,67.714786671368));
#1080=CARTESIAN_POINT('',(3.72876498652032,85.649573677102,68.2837291183167));
#1081=FACE_BOUND('',#1082,.T.);
#1082=EDGE_LOOP('',(#3269,#3270,#3271,#3272));
#1083=B_SPLINE_SURFACE_WITH_KNOTS('',3,3,(
(#1084,#1085,#1086,#1087),
(#1088,#1089,#1090,#1091),
(#1092,#1093,#1094,#1095),
(#1096,#1097,#1098,#1099),
(#1100,#1101,#1102,#1103),
(#1104,#1105,#1106,#1107),
(#1108,#1109,#1110,#1111),
(#1112,#1113,#1114,#1115),
(#1116,#1117,#1118,#1119),
(#1120,#1121,#1122,#1123),
(#1124,#1125,#1126,#1127),
(#1128,#1129,#1130,#1131),
(#1132,#1133,#1134,#1135)),
.UNSPECIFIED.,.F.,.F.,.F.,
(4,1,1,1,1,1,1,1,1,1,4),
(4,4),
(0.,0.130845426994588,0.244954958398919,0.346818049954792,0.448681141510666,0.553206566558481,
0.660836313220106,0.767002169390251,0.873499293668505,0.952617135630085,1.),
(0.0794351796488931,0.834585654031702),
.UNSPECIFIED.);
#1084=CARTESIAN_POINT('',(3.06784574312575,83.5835967207511,66.5901704115319));
#1085=CARTESIAN_POINT('',(3.28283757811506,84.2556427858803,67.1410717473195));
#1086=CARTESIAN_POINT('',(3.49782941310436,84.9276888510096,67.6919730831071));
#1087=CARTESIAN_POINT('',(3.71282124809367,85.5997349161387,68.2428744188946));
#1088=CARTESIAN_POINT('',(2.84554156613248,83.5936566793918,66.5863087552158));
#1089=CARTESIAN_POINT('',(3.04713410029889,84.2975810742205,67.1249731467348));
#1090=CARTESIAN_POINT('',(3.2487266344653,85.001505469049,67.6636375382538));
#1091=CARTESIAN_POINT('',(3.45031916863171,85.7054298638776,68.2023019297727));
#1092=CARTESIAN_POINT('',(2.42814192611339,83.6102017992681,66.5799576787399));
#1093=CARTESIAN_POINT('',(2.60076696557027,84.3665549172334,67.098496569044));
#1094=CARTESIAN_POINT('',(2.77339200502714,85.1229080351987,67.6170354593479));
#1095=CARTESIAN_POINT('',(2.94601704448403,85.8792611531639,68.1355743496519));
#1096=CARTESIAN_POINT('',(1.83473152360496,83.6272412898763,66.5734168311201));
#1097=CARTESIAN_POINT('',(1.95861889867742,84.4375897093059,67.0712288671311));
#1098=CARTESIAN_POINT('',(2.08250627374989,85.2479381287352,67.5690409031421));
#1099=CARTESIAN_POINT('',(2.20639364882235,86.0582865481647,68.0668529391531));
#1100=CARTESIAN_POINT('',(1.28953599961294,83.6375333043793,66.5694660969043));
#1101=CARTESIAN_POINT('',(1.36440364016909,84.4804953998006,67.0547589156518));
#1102=CARTESIAN_POINT('',(1.43927128072525,85.3234574952222,67.5400517343991));
#1103=CARTESIAN_POINT('',(1.5141389212814,86.1664195906434,68.0253445531465));
#1104=CARTESIAN_POINT('',(0.760020844268143,83.6425561175229,66.5675380195838));
#1105=CARTESIAN_POINT('',(0.784939832410011,84.5014346693764,67.0467210831418));
#1106=CARTESIAN_POINT('',(0.809858820551878,85.3603132212296,67.5259041466997));
#1107=CARTESIAN_POINT('',(0.834777808693745,86.219191773083,68.0050872102577));
#1108=CARTESIAN_POINT('',(0.220336286079129,83.6425088614307,66.567556159498));
#1109=CARTESIAN_POINT('',(0.193537427438218,84.5012376666158,67.0467967054163));
#1110=CARTESIAN_POINT('',(0.166738568797306,85.3599664718009,67.5260372513345));
#1111=CARTESIAN_POINT('',(0.139939710156395,86.218695276986,68.0052777972528));
#1112=CARTESIAN_POINT('',(-0.326458564525437,83.637080053228,66.5696400837202));
#1113=CARTESIAN_POINT('',(-0.404782028355548,84.4786058714089,67.0554842376446));
#1114=CARTESIAN_POINT('',(-0.483105492185659,85.3201316895894,67.541328391569));
#1115=CARTESIAN_POINT('',(-0.56142895601577,86.1616575077702,68.0271725454934));
#1116=CARTESIAN_POINT('',(-0.875770855085695,83.6262155227478,66.5738105862291));
#1117=CARTESIAN_POINT('',(-1.00318296154001,84.4333134573705,67.0728703664538));
#1118=CARTESIAN_POINT('',(-1.13059506799434,85.2404113919933,67.5719301466785));
#1119=CARTESIAN_POINT('',(-1.25800717444866,86.047509326616,68.0709899269032));
#1120=CARTESIAN_POINT('',(-1.37488483835122,83.6115188776933,66.5794520997012));
#1121=CARTESIAN_POINT('',(-1.54289797536623,84.3720455973379,67.096388894424));
#1122=CARTESIAN_POINT('',(-1.71091111238123,85.1325723169825,67.6133256891466));
#1123=CARTESIAN_POINT('',(-1.87892424939623,85.8930990366271,68.1302624838694));
#1124=CARTESIAN_POINT('',(-1.7721915921153,83.5965382564173,66.5852026214315));
#1125=CARTESIAN_POINT('',(-1.96865145800285,84.3095938878403,67.1203618596265));
#1126=CARTESIAN_POINT('',(-2.16511132389039,85.022649519263,67.6555210978216));
#1127=CARTESIAN_POINT('',(-2.36157118977794,85.735705150686,68.1906803360166));
#1128=CARTESIAN_POINT('',(-1.98734305450438,83.5872397189574,66.5887719955408));
#1129=CARTESIAN_POINT('',(-2.19748262016599,84.2708298373041,67.1352419844797));
#1130=CARTESIAN_POINT('',(-2.40762218582759,84.9544199556507,67.6817119734185));
#1131=CARTESIAN_POINT('',(-2.6177617514892,85.6380100739974,68.2281819623574));
#1132=CARTESIAN_POINT('',(-2.06784574312928,83.5835967207511,66.5901704115319));
#1133=CARTESIAN_POINT('',(-2.2828375781298,84.2556427858803,67.1410717473195));
#1134=CARTESIAN_POINT('',(-2.49782941313032,84.9276888510096,67.6919730831071));
#1135=CARTESIAN_POINT('',(-2.71282124813084,85.5997349161387,68.2428744188946));
#1136=FACE_BOUND('',#1137,.T.);
#1137=EDGE_LOOP('',(#3273,#3274,#3275,#3276));
#1138=B_SPLINE_SURFACE_WITH_KNOTS('',3,3,(
(#1139,#1140,#1141,#1142),
(#1143,#1144,#1145,#1146),
(#1147,#1148,#1149,#1150),
(#1151,#1152,#1153,#1154),
(#1155,#1156,#1157,#1158),
(#1159,#1160,#1161,#1162),
(#1163,#1164,#1165,#1166),
(#1167,#1168,#1169,#1170),
(#1171,#1172,#1173,#1174),
(#1175,#1176,#1177,#1178),
(#1179,#1180,#1181,#1182),
(#1183,#1184,#1185,#1186),
(#1187,#1188,#1189,#1190),
(#1191,#1192,#1193,#1194)),
.UNSPECIFIED.,.F.,.F.,.F.,
(4,1,1,1,1,1,1,1,1,1,1,4),
(4,4),
(0.,0.17529529440237,0.328172355103408,0.464589474231703,0.601006593359997,0.740981041190509,
0.885148497006874,1.02730960218421,1.16997707130495,1.31293846147427,1.4482618364198,
1.57079632679489),
(0.0733724997861894,0.853252908125025),
.UNSPECIFIED.);
#1139=CARTESIAN_POINT('',(-2.06266759633767,83.5674102773173,66.5769017774724));
#1140=CARTESIAN_POINT('',(-2.28470005974406,84.2614647439108,67.1458442244192));
#1141=CARTESIAN_POINT('',(-2.50673252315046,84.9555192105039,67.714786671366));
#1142=CARTESIAN_POINT('',(-2.72876498655685,85.6495736770974,68.2837291183129));
#1143=CARTESIAN_POINT('',(-2.18046169201413,83.5629733731484,66.5786049454097));
#1144=CARTESIAN_POINT('',(-2.40579116839125,84.2413078054642,67.1535817481454));
#1145=CARTESIAN_POINT('',(-2.63112064476835,84.9196422377797,67.7285585508808));
#1146=CARTESIAN_POINT('',(-2.85645012114547,85.5979766700955,68.3035353536164));
#1147=CARTESIAN_POINT('',(-2.40072518108789,83.5375524845939,66.5883631102644));
#1148=CARTESIAN_POINT('',(-2.63131427523175,84.189418092197,67.1735003428569));
#1149=CARTESIAN_POINT('',(-2.8619033693756,84.8412836997997,67.7586375754493));
#1150=CARTESIAN_POINT('',(-3.09249246351946,85.4931493074027,68.3437748080418));
#1151=CARTESIAN_POINT('',(-2.70355840756541,83.4569366513639,66.6193086292959));
#1152=CARTESIAN_POINT('',(-2.94120527294146,84.0791223052243,67.2158389286917));
#1153=CARTESIAN_POINT('',(-3.17885213831748,84.7013079590847,67.8123692280872));
#1154=CARTESIAN_POINT('',(-3.41649900369353,85.3234936129451,68.4088995274831));
#1155=CARTESIAN_POINT('',(-2.96809965855226,83.3484240079694,66.6609627304416));
#1156=CARTESIAN_POINT('',(-3.21329222146097,83.949428824505,67.2656235915183));
#1157=CARTESIAN_POINT('',(-3.45848478436968,84.5504336410404,67.8702844525949));
#1158=CARTESIAN_POINT('',(-3.70367734727839,85.151438457576,68.4749453136717));
#1159=CARTESIAN_POINT('',(-3.20835939612962,83.2132620636034,66.7128465397892));
#1160=CARTESIAN_POINT('',(-3.46293440665871,83.7988418723254,67.3234285066058));
#1161=CARTESIAN_POINT('',(-3.7175094171878,84.3844216810472,67.9340104734221));
#1162=CARTESIAN_POINT('',(-3.9720844277169,84.9700014897691,68.5445924402386));
#1163=CARTESIAN_POINT('',(-3.43207917288852,83.047015992158,66.776662427583));
#1164=CARTESIAN_POINT('',(-3.69938007288614,83.621611201891,67.3914609868906));
#1165=CARTESIAN_POINT('',(-3.96668097288373,84.1962064116238,68.0062595461982));
#1166=CARTESIAN_POINT('',(-4.23398187288135,84.7708016213568,68.6210581055059));
#1167=CARTESIAN_POINT('',(-3.63276661690678,82.8518242084783,66.8515895332721));
#1168=CARTESIAN_POINT('',(-3.91726618853481,83.4194786407953,67.469052407405));
#1169=CARTESIAN_POINT('',(-4.20176576016281,83.9871330731122,68.0865152815376));
#1170=CARTESIAN_POINT('',(-4.48626533179084,84.5547875054291,68.7039781556705));
#1171=CARTESIAN_POINT('',(-3.80446069614361,82.6320975246287,66.9359347047396));
#1172=CARTESIAN_POINT('',(-4.11152815119699,83.1961085142334,67.5547961654933));
#1173=CARTESIAN_POINT('',(-4.41859560625036,83.760119503838,68.1736576262471));
#1174=CARTESIAN_POINT('',(-4.72566306130373,84.3241304934428,68.7925190870008));
#1175=CARTESIAN_POINT('',(-3.94252684867636,82.39399707852,67.0273329027266));
#1176=CARTESIAN_POINT('',(-4.27803842393072,82.9566764456201,67.6467055254682));
#1177=CARTESIAN_POINT('',(-4.61354999918508,83.5193558127199,68.2660781482096));
#1178=CARTESIAN_POINT('',(-4.94906157443945,84.08203517982,68.8854507709513));
#1179=CARTESIAN_POINT('',(-4.04322747606896,82.1454093386851,67.1227567956));
#1180=CARTESIAN_POINT('',(-4.41313037190964,82.7079509904264,67.7421822823149));
#1181=CARTESIAN_POINT('',(-4.7830332677503,83.2704926421674,68.3616077690297));
#1182=CARTESIAN_POINT('',(-5.15293616359098,83.8330342939088,68.9810332557446));
#1183=CARTESIAN_POINT('',(-4.10486958418706,81.8998445133043,67.2170203003334));
#1184=CARTESIAN_POINT('',(-4.51378447884018,82.4622549438614,67.8364961581415));
#1185=CARTESIAN_POINT('',(-4.9226993734933,83.0246653744183,68.4559720159496));
#1186=CARTESIAN_POINT('',(-5.33161426814642,83.5870758049754,69.0754478737577));
#1187=CARTESIAN_POINT('',(-4.12357523326115,81.7391537123951,67.2787037195635));
#1188=CARTESIAN_POINT('',(-4.56140459102283,82.3008424905599,67.8984565937708));
#1189=CARTESIAN_POINT('',(-4.9992339487845,82.8625312687246,68.5182094679781));
#1190=CARTESIAN_POINT('',(-5.43706330654619,83.4242200468894,69.1379623421853));
#1191=CARTESIAN_POINT('',(-4.1276958262893,81.6627151576714,67.308045731612));
#1192=CARTESIAN_POINT('',(-4.58012452205346,82.2237850170064,67.9280361864987));
#1193=CARTESIAN_POINT('',(-5.03255321781759,82.7848548763412,68.5480266413853));
#1194=CARTESIAN_POINT('',(-5.48498191358175,83.3459247356762,69.168017096272));
#1195=FACE_BOUND('',#1196,.T.);
#1196=EDGE_LOOP('',(#3277,#3278,#3279,#3280,#3281,#3282));
#1197=PLANE('',#1198);
#1198=AXIS2_PLACEMENT_3D('',#1199,#1200,#1201);
#1199=CARTESIAN_POINT('',(-4.,0.,2.44929359829471E-16));
#1200=DIRECTION('',(-1.,0.,6.12323399573677E-17));
#1201=DIRECTION('',(-3.74939945665464E-33,-1.,-6.12323399573677E-17));
#1202=FACE_BOUND('',#1203,.T.);
#1203=EDGE_LOOP('',(#3283,#3284,#3285,#3286));
#1204=CYLINDRICAL_SURFACE('',#1205,2.);
#1205=AXIS2_PLACEMENT_3D('',#1206,#1207,#1208);
#1206=CARTESIAN_POINT('',(-2.,53.8427279776671,11.8146206889318));
#1207=DIRECTION('',(6.38451364712207E-17,0.358367949545335,0.933580426497188));
#1208=DIRECTION('',(-1.,6.1718741517448E-16,-1.68528653262759E-16));
#1209=FACE_BOUND('',#1210,.T.);
#1210=EDGE_LOOP('',(#3287,#3288,#3289,#3290));
#1211=PLANE('',#1212);
#1212=AXIS2_PLACEMENT_3D('',#1213,#1214,#1215);
#1213=CARTESIAN_POINT('',(5.,54.8425107210354,20.));
#1214=DIRECTION('',(0.,-0.933580426497188,0.358367949545335));
#1215=DIRECTION('',(6.63348790295393E-17,0.358367949545335,0.933580426497188));
#1216=FACE_BOUND('',#1217,.T.);
#1217=EDGE_LOOP('',(#3291,#3292,#3293,#3294));
#1218=CYLINDRICAL_SURFACE('',#1219,2.);
#1219=AXIS2_PLACEMENT_3D('',#1220,#1221,#1222);
#1220=CARTESIAN_POINT('',(3.,53.8427279776671,11.8146206889318));
#1221=DIRECTION('',(-7.66141637654648E-17,-0.358367949545335,-0.933580426497188));
#1222=DIRECTION('',(1.,5.66851303754086E-16,-2.9965870668322E-16));
#1223=FACE_BOUND('',#1224,.T.);
#1224=EDGE_LOOP('',(#3295,#3296,#3297,#3298,#3299,#3300));
#1225=PLANE('',#1226);
#1226=AXIS2_PLACEMENT_3D('',#1227,#1228,#1229);
#1227=CARTESIAN_POINT('',(5.,0.,-3.06161699786838E-16));
#1228=DIRECTION('',(-1.,0.,6.12323399573677E-17));
#1229=DIRECTION('',(-3.74939945665464E-33,-1.,-6.12323399573677E-17));
#1230=FACE_BOUND('',#1231,.T.);
#1231=EDGE_LOOP('',(#3301,#3302,#3303,#3304));
#1232=CYLINDRICAL_SURFACE('',#1233,2.);
#1233=AXIS2_PLACEMENT_3D('',#1234,#1235,#1236);
#1234=CARTESIAN_POINT('',(3.00000000000001,84.3712994811485,74.6016998156148));
#1235=DIRECTION('',(7.13465832147703E-17,0.358367949545335,0.933580426497188));
#1236=DIRECTION('',(1.,-2.55683287337428E-17,-6.66077735867624E-17));
#1237=FACE_BOUND('',#1238,.T.);
#1238=EDGE_LOOP('',(#3305,#3306,#3307,#3308));
#1239=PLANE('',#1240);
#1240=AXIS2_PLACEMENT_3D('',#1241,#1242,#1243);
#1241=CARTESIAN_POINT('',(5.,83.3715167377802,66.4163205045466));
#1242=DIRECTION('',(0.,0.933580426497188,-0.358367949545335));
#1243=DIRECTION('',(-6.24233608223206E-17,-0.358367949545335,-0.933580426497188));
#1244=FACE_BOUND('',#1245,.T.);
#1245=EDGE_LOOP('',(#3309,#3310,#3311,#3312));
#1246=CYLINDRICAL_SURFACE('',#1247,2.);
#1247=AXIS2_PLACEMENT_3D('',#1248,#1249,#1250);
#1248=CARTESIAN_POINT('',(-2.,84.3712994811485,74.6016998156148));
#1249=DIRECTION('',(-6.11542141840888E-17,-0.358367949545335,-0.933580426497188));
#1250=DIRECTION('',(-1.,2.19157103432081E-17,5.70923773600821E-17));
#1251=FACE_BOUND('',#1252,.T.);
#1252=EDGE_LOOP('',(#3313,#3314,#3315,#3316,#3317,#3318,#3319,#3320,#3321,#3322,
#3323,#3324));
#1253=PLANE('',#1254);
#1254=AXIS2_PLACEMENT_3D('',#1255,#1256,#1257);
#1255=CARTESIAN_POINT('',(0.,0.,0.));
#1256=DIRECTION('',(0.,0.,1.));
#1257=DIRECTION('',(-1.,1.22464679914735E-16,0.));
#1258=FACE_BOUND('',#1259,.T.);
#1259=EDGE_LOOP('',(#3325,#3326,#3327,#3328,#3329));
#1260=CYLINDRICAL_SURFACE('',#1261,9.95);
#1261=AXIS2_PLACEMENT_3D('',#1262,#1263,#1264);
#1262=CARTESIAN_POINT('',(0.,0.,0.));
#1263=DIRECTION('',(0.,0.,1.));
#1264=DIRECTION('',(-0.70710678114288,-0.707106781230215,0.));
#1265=FACE_BOUND('',#1266,.T.);
#1266=EDGE_LOOP('',(#3330,#3331,#3332,#3333));
#1267=CYLINDRICAL_SURFACE('',#1268,2.);
#1268=AXIS2_PLACEMENT_3D('',#1269,#1270,#1271);
#1269=CARTESIAN_POINT('',(-2.,1.11057078343613,18.));
#1270=DIRECTION('',(0.,1.,0.));
#1271=DIRECTION('',(-1.,0.,0.));
#1272=FACE_BOUND('',#1273,.T.);
#1273=EDGE_LOOP('',(#3334,#3335,#3336,#3337,#3338,#3339,#3340,#3341,#3342));
#1274=PLANE('',#1275);
#1275=AXIS2_PLACEMENT_3D('',#1276,#1277,#1278);
#1276=CARTESIAN_POINT('',(0.,0.,20.));
#1277=DIRECTION('',(0.,0.,1.));
#1278=DIRECTION('',(-1.,1.22464679914735E-16,0.));
#1279=FACE_BOUND('',#1280,.T.);
#1280=EDGE_LOOP('',(#3343,#3344,#3345,#3346,#3347));
#1281=CYLINDRICAL_SURFACE('',#1282,2.);
#1282=AXIS2_PLACEMENT_3D('',#1283,#1284,#1285);
#1283=CARTESIAN_POINT('',(3.,0.602470575363802,18.));
#1284=DIRECTION('',(0.,-1.,0.));
#1285=DIRECTION('',(1.,0.,-1.77635683940025E-15));
#1286=FACE_BOUND('',#1287,.T.);
#1287=EDGE_LOOP('',(#3348,#3349,#3350,#3351,#3352));
#1288=CYLINDRICAL_SURFACE('',#1289,9.95);
#1289=AXIS2_PLACEMENT_3D('',#1290,#1291,#1292);
#1290=CARTESIAN_POINT('',(0.,0.,0.));
#1291=DIRECTION('',(0.,0.,1.));
#1292=DIRECTION('',(-0.70710678114288,-0.707106781230215,0.));
#1293=FACE_BOUND('',#1294,.T.);
#1294=EDGE_LOOP('',(#3353,#3354,#3355,#3356));
#1295=PLANE('',#1296);
#1296=AXIS2_PLACEMENT_3D('',#1297,#1298,#1299);
#1297=CARTESIAN_POINT('',(-4.91439212894302,-4.91439212954999,0.));
#1298=DIRECTION('',(-0.707106781230215,0.70710678114288,0.));
#1299=DIRECTION('',(-0.70710678114288,-0.707106781230215,0.));
#1300=FACE_BOUND('',#1301,.T.);
#1301=EDGE_LOOP('',(#3357,#3358,#3359,#3360,#3361,#3362));
#1302=CYLINDRICAL_SURFACE('',#1303,3.);
#1303=AXIS2_PLACEMENT_3D('',#1304,#1305,#1306);
#1304=CARTESIAN_POINT('',(-4.58697675724652,-8.82961744519434,-6.));
#1305=DIRECTION('',(0.,0.,-1.));
#1306=DIRECTION('',(-0.707106781230215,0.70710678114288,0.));
#1307=FACE_BOUND('',#1308,.T.);
#1308=EDGE_LOOP('',(#3363,#3364,#3365,#3366));
#1309=CYLINDRICAL_SURFACE('',#1310,6.95);
#1310=AXIS2_PLACEMENT_3D('',#1311,#1312,#1313);
#1311=CARTESIAN_POINT('',(0.,0.,0.));
#1312=DIRECTION('',(0.,0.,-1.));
#1313=DIRECTION('',(-0.707106781186332,0.707106781186763,0.));
#1314=FACE_BOUND('',#1315,.T.);
#1315=EDGE_LOOP('',(#3367,#3368,#3369,#3370,#3371,#3372));
#1316=CYLINDRICAL_SURFACE('',#1317,3.);
#1317=AXIS2_PLACEMENT_3D('',#1318,#1319,#1320);
#1318=CARTESIAN_POINT('',(-4.5869767577891,8.82961744491247,-6.));
#1319=DIRECTION('',(0.,0.,-1.));
#1320=DIRECTION('',(0.461002689225035,-0.887398738182158,0.));
#1321=FACE_BOUND('',#1322,.T.);
#1322=EDGE_LOOP('',(#3373,#3374,#3375,#3376));
#1323=PLANE('',#1324);
#1324=AXIS2_PLACEMENT_3D('',#1325,#1326,#1327);
#1325=CARTESIAN_POINT('',(-7.035712472804,7.03571247280829,0.));
#1326=DIRECTION('',(-0.707106781186763,-0.707106781186332,0.));
#1327=DIRECTION('',(0.707106781186332,-0.707106781186763,0.));
#1328=FACE_BOUND('',#1329,.T.);
#1329=EDGE_LOOP('',(#3377,#3378,#3379,#3380));
#1330=CYLINDRICAL_SURFACE('',#1331,1.);
#1331=AXIS2_PLACEMENT_3D('',#1332,#1333,#1334);
#1332=CARTESIAN_POINT('',(-5.,9.74179141636691,-2.00000000000001));
#1333=DIRECTION('',(-4.03717463500057E-17,0.,-1.));
#1334=DIRECTION('',(1.,0.,-4.03717463500053E-17));
#1335=FACE_BOUND('',#1336,.T.);
#1336=EDGE_LOOP('',(#3381,#3382,#3383,#3384));
#1337=B_SPLINE_SURFACE_WITH_KNOTS('',3,3,(
(#1338,#1339,#1340,#1341,#1342,#1343,#1344,#1345,#1346,#1347,#1348,#1349),
(#1350,#1351,#1352,#1353,#1354,#1355,#1356,#1357,#1358,#1359,#1360,#1361),
(#1362,#1363,#1364,#1365,#1366,#1367,#1368,#1369,#1370,#1371,#1372,#1373),
(#1374,#1375,#1376,#1377,#1378,#1379,#1380,#1381,#1382,#1383,#1384,#1385),
(#1386,#1387,#1388,#1389,#1390,#1391,#1392,#1393,#1394,#1395,#1396,#1397),
(#1398,#1399,#1400,#1401,#1402,#1403,#1404,#1405,#1406,#1407,#1408,#1409)),
.UNSPECIFIED.,.F.,.F.,.F.,
(4,1,1,4),
(4,1,1,1,1,1,1,1,1,4),
(5.71778872048194,12.8682748722714,19.4359491319234,22.2026116518376),
(0.,0.0891427872249777,0.207999836858281,0.326856886491585,0.445713936124889,0.564570985758192,
0.683428035391496,0.802285085024799,0.921142134658103,1.),
.UNSPECIFIED.);
#1338=CARTESIAN_POINT('',(-1.81733528730803,9.78262707321019,21.0000001584175));
#1339=CARTESIAN_POINT('',(-1.81733637994733,9.7826309450123,20.9579750446828));
#1340=CARTESIAN_POINT('',(-1.81846550393016,9.7887041535974,20.8573498812404));
#1341=CARTESIAN_POINT('',(-1.82499261282068,9.82383145235485,20.6938507829007));
#1342=CARTESIAN_POINT('',(-1.83865506264088,9.89736736077074,20.5179606502208));
#1343=CARTESIAN_POINT('',(-1.85881784756667,10.0058948968652,20.355279279073));
#1344=CARTESIAN_POINT('',(-1.88465871209367,10.1449883959273,20.2162139658961));
#1345=CARTESIAN_POINT('',(-1.91466022458006,10.3064799792405,20.108792770833));
#1346=CARTESIAN_POINT('',(-1.94690116936938,10.4800280315635,20.037148252438));
#1347=CARTESIAN_POINT('',(-1.97578380522234,10.6355003640263,20.0051921945221));
#1348=CARTESIAN_POINT('',(-1.99320044031264,10.7292530376051,20.0000033061727));
#1349=CARTESIAN_POINT('',(-1.99999074976685,10.7658049516089,19.9999999999786));
#1350=CARTESIAN_POINT('',(-2.46649535585258,9.66443526614363,20.9991860108287));
#1351=CARTESIAN_POINT('',(-2.45660560894985,9.66624677709708,20.9581025941336));
#1352=CARTESIAN_POINT('',(-2.43439859791211,9.67632821299538,20.8598684812577));
#1353=CARTESIAN_POINT('',(-2.40446002956094,9.71641775189864,20.7006028917647));
#1354=CARTESIAN_POINT('',(-2.38099694547609,9.79283823721646,20.5291835393849));
#1355=CARTESIAN_POINT('',(-2.36929832480901,9.90121608796975,20.3698317506801));
#1356=CARTESIAN_POINT('',(-2.37086455037085,10.0372160941184,20.2320035981099));
#1357=CARTESIAN_POINT('',(-2.38572031864619,10.1933697920577,20.1231651653756));
#1358=CARTESIAN_POINT('',(-2.41238769577151,10.3604053570858,20.0474872128157));
#1359=CARTESIAN_POINT('',(-2.44423350081412,10.5100149060453,20.0101534159365));
#1360=CARTESIAN_POINT('',(-2.46692778686989,10.6004361022178,20.0010810697841));
#1361=CARTESIAN_POINT('',(-2.47627529389043,10.6357329484956,19.9994895809162));
#1362=CARTESIAN_POINT('',(-3.62854781135752,9.30448957485669,20.5140244835432));
#1363=CARTESIAN_POINT('',(-3.60537150612985,9.31283127792811,20.4830137210001));
#1364=CARTESIAN_POINT('',(-3.5520118200316,9.3372054843195,20.4093813442742));
#1365=CARTESIAN_POINT('',(-3.47342010904218,9.3944487837803,20.2912125538228));
#1366=CARTESIAN_POINT('',(-3.39884889808557,9.48048752631072,20.1636355564113));
#1367=CARTESIAN_POINT('',(-3.33977193428246,9.58823071063361,20.0422041445392));
#1368=CARTESIAN_POINT('',(-3.29958296113351,9.71400567798274,19.9316241717485));
#1369=CARTESIAN_POINT('',(-3.28021223158606,9.85272281429462,19.8359876427805));
#1370=CARTESIAN_POINT('',(-3.28184370693948,9.99850622869427,19.7583147195767));
#1371=CARTESIAN_POINT('',(-3.30060051541897,10.128924282003,19.7067792084409));
#1372=CARTESIAN_POINT('',(-3.31999745116962,10.2084279751479,19.6837415104578));
#1373=CARTESIAN_POINT('',(-3.32877794727864,10.2396173575548,19.6759563355964));
#1374=CARTESIAN_POINT('',(-4.42940401616003,8.91021186965204,19.1755773495214));
#1375=CARTESIAN_POINT('',(-4.40241059617733,8.92368871669571,19.1619951098602));
#1376=CARTESIAN_POINT('',(-4.34014180939064,8.95873992874985,19.1298989610104));
#1377=CARTESIAN_POINT('',(-4.24688323379452,9.02713622343203,19.0786968651775));
#1378=CARTESIAN_POINT('',(-4.1542087600918,9.11762852640285,19.0232680581745));
#1379=CARTESIAN_POINT('',(-4.07373226783343,9.22229413811614,18.9697594163626));
#1380=CARTESIAN_POINT('',(-4.00807405638784,9.33852083242692,18.9196361842205));
#1381=CARTESIAN_POINT('',(-3.95908315283308,9.46298390666797,18.8741976764717));
#1382=CARTESIAN_POINT('',(-3.92767145336302,9.59196514932471,18.8344583148906));
#1383=CARTESIAN_POINT('',(-3.91533767448619,9.70715246413648,18.8048278533872));
#1384=CARTESIAN_POINT('',(-3.91527496521,9.77785196129003,18.7893975169017));
#1385=CARTESIAN_POINT('',(-3.91638446419664,9.80570998862347,18.7837314854069));
#1386=CARTESIAN_POINT('',(-4.54434048384225,8.85203484465258,18.2666533927444));
#1387=CARTESIAN_POINT('',(-4.51674633599001,8.86617500013064,18.2635377085516));
#1388=CARTESIAN_POINT('',(-4.45304578473752,8.90258930650358,18.2561688627461));
#1389=CARTESIAN_POINT('',(-4.35737087519718,8.97237142961851,18.2444035683958));
#1390=CARTESIAN_POINT('',(-4.26177213476635,9.06336622817663,18.2316748651962));
#1391=CARTESIAN_POINT('',(-4.17802471131899,9.16755156019304,18.219412963565));
#1392=CARTESIAN_POINT('',(-4.10871903575242,9.28244901658555,18.2079720185625));
#1393=CARTESIAN_POINT('',(-4.05570379307494,9.40496342568472,18.1976718988962));
#1394=CARTESIAN_POINT('',(-4.01991791961065,9.53166174145081,18.1887706424256));
#1395=CARTESIAN_POINT('',(-4.00343628335322,9.64478191593357,18.1822648306751));
#1396=CARTESIAN_POINT('',(-4.00068173978948,9.7142830908316,18.178962765608));
#1397=CARTESIAN_POINT('',(-4.0007065934812,9.74168681323526,18.1777660010739));
#1398=CARTESIAN_POINT('',(-4.54337899546344,8.85213009978851,17.9999875749228));
#1399=CARTESIAN_POINT('',(-4.51582060609934,8.86627563533328,17.9999877190275));
#1400=CARTESIAN_POINT('',(-4.45220822191653,8.90270094332267,17.9999880596828));
#1401=CARTESIAN_POINT('',(-4.35667913406362,8.97249221166144,17.9999886033361));
#1402=CARTESIAN_POINT('',(-4.26122499415653,9.06348811981659,17.999989191756));
#1403=CARTESIAN_POINT('',(-4.1775820832908,9.16767029592637,17.9999897593336));
#1404=CARTESIAN_POINT('',(-4.10832064595382,9.28256433045361,17.9999902901733));
#1405=CARTESIAN_POINT('',(-4.05528146832816,9.40507622368442,17.9999907700807));
#1406=CARTESIAN_POINT('',(-4.01941182071203,9.53177197615227,17.9999911878362));
#1407=CARTESIAN_POINT('',(-4.00282367082829,9.64488915565986,17.9999914969413));
#1408=CARTESIAN_POINT('',(-4.00000095857613,9.71438839694769,17.9999916563631));
#1409=CARTESIAN_POINT('',(-3.99999999998284,9.74179141631227,17.9999917146205));
#1410=FACE_BOUND('',#1411,.T.);
#1411=EDGE_LOOP('',(#3385,#3386,#3387,#3388,#3389));
#1412=TOROIDAL_SURFACE('',#1413,8.95,1.);
#1413=AXIS2_PLACEMENT_3D('',#1414,#1415,#1416);
#1414=CARTESIAN_POINT('',(0.,0.,19.));
#1415=DIRECTION('',(0.,0.,1.));
#1416=DIRECTION('',(-0.846225959241155,-0.53282419793623,0.));
#1417=FACE_BOUND('',#1418,.T.);
#1418=EDGE_LOOP('',(#3390,#3391,#3392));
#1419=B_SPLINE_SURFACE_WITH_KNOTS('',3,3,(
(#1420,#1421,#1422,#1423,#1424,#1425,#1426,#1427,#1428,#1429,#1430,#1431),
(#1432,#1433,#1434,#1435,#1436,#1437,#1438,#1439,#1440,#1441,#1442,#1443),
(#1444,#1445,#1446,#1447,#1448,#1449,#1450,#1451,#1452,#1453,#1454,#1455),
(#1456,#1457,#1458,#1459,#1460,#1461,#1462,#1463,#1464,#1465,#1466,#1467),
(#1468,#1469,#1470,#1471,#1472,#1473,#1474,#1475,#1476,#1477,#1478,#1479),
(#1480,#1481,#1482,#1483,#1484,#1485,#1486,#1487,#1488,#1489,#1490,#1491)),
.UNSPECIFIED.,.F.,.F.,.F.,
(4,1,1,4),
(4,1,1,1,1,1,1,1,1,4),
(2.66470067605799,5.89885332191534,10.3418275726069,15.),
(0.,0.0927586863277345,0.216436934764714,0.340115183201693,0.463793431638672,0.587471680075652,
0.711149928512631,0.83482817694961,0.958506425386589,1.),
.UNSPECIFIED.);
#1420=CARTESIAN_POINT('',(4.88562184505936,9.2699439399268,18.6666560263246));
#1421=CARTESIAN_POINT('',(4.88351279222085,9.23973672665488,18.6726243110024));
#1422=CARTESIAN_POINT('',(4.88167263062144,9.16837852944488,18.6878341062579));
#1423=CARTESIAN_POINT('',(4.89096727789979,9.05467555625043,18.7163927778414));
#1424=CARTESIAN_POINT('',(4.91715859198266,8.93179361967026,18.7529660248672));
#1425=CARTESIAN_POINT('',(4.95947331162747,8.81338326051789,18.7942463924713));
#1426=CARTESIAN_POINT('',(5.01713276295881,8.70267095596163,18.839241419302));
#1427=CARTESIAN_POINT('',(5.08854318705624,8.60251301274264,18.8867527180608));
#1428=CARTESIAN_POINT('',(5.17144269064897,8.51515307304919,18.9354818331112));
#1429=CARTESIAN_POINT('',(5.24281497100422,8.45825128699323,18.9733653032844));
#1430=CARTESIAN_POINT('',(5.28537745979696,8.4301519695656,18.9946602701563));
#1431=CARTESIAN_POINT('',(5.29616247495052,8.42337005214438,18.9999810761933));
#1432=CARTESIAN_POINT('',(4.8067906625909,9.34777322347101,18.8952066625511));
#1433=CARTESIAN_POINT('',(4.80510605464257,9.31749651665695,18.8972553148885));
#1434=CARTESIAN_POINT('',(4.80400249798896,9.24601508280063,18.903522802046));
#1435=CARTESIAN_POINT('',(4.81338386912167,9.1321964791033,18.9190993709148));
#1436=CARTESIAN_POINT('',(4.83817516489827,9.00913898365561,18.9433809511199));
#1437=CARTESIAN_POINT('',(4.87754627276783,8.89033507307655,18.9747285350977));
#1438=CARTESIAN_POINT('',(4.93080135606283,8.77885160416852,19.0125367531377));
#1439=CARTESIAN_POINT('',(4.996558364652,8.67742549444832,19.0558492505249));
#1440=CARTESIAN_POINT('',(5.07286766725498,8.58824459091439,19.1034380499073));
#1441=CARTESIAN_POINT('',(5.13866588989042,8.52950745025311,19.1427325593983));
#1442=CARTESIAN_POINT('',(5.17798167512059,8.50022227406363,19.1656354087169));
#1443=CARTESIAN_POINT('',(5.18794928772728,8.49313473931435,19.1714079512926));
#1444=CARTESIAN_POINT('',(4.4994119981171,9.36313894215564,19.4146567458966));
#1445=CARTESIAN_POINT('',(4.50230090246965,9.33691180795175,19.4102239631275));
#1446=CARTESIAN_POINT('',(4.51072594417741,9.27524494694515,19.4016210526558));
#1447=CARTESIAN_POINT('',(4.53015544999066,9.17753936569127,19.3949548898753));
#1448=CARTESIAN_POINT('',(4.55890087595219,9.07158558150068,19.3967939869171));
#1449=CARTESIAN_POINT('',(4.59483536251598,8.96794387965276,19.4080468377931));
#1450=CARTESIAN_POINT('',(4.63742693723558,8.86827082127176,19.428725020699));
#1451=CARTESIAN_POINT('',(4.68599357815833,8.77413784170627,19.4585368913204));
#1452=CARTESIAN_POINT('',(4.73973025311111,8.68696858342852,19.4968976568215));
#1453=CARTESIAN_POINT('',(4.78488775985709,8.6254764296667,19.5327539652285));
#1454=CARTESIAN_POINT('',(4.81169243356249,8.59303308599437,19.5552286148432));
#1455=CARTESIAN_POINT('',(4.81848177896176,8.58505787587945,19.5609907364897));
#1456=CARTESIAN_POINT('',(3.79290613404281,9.00856421261482,19.9035844014095));
#1457=CARTESIAN_POINT('',(3.79933267320793,8.99477685077733,19.9014380029449));
#1458=CARTESIAN_POINT('',(3.81435158381505,8.96261305159231,19.8970867123512));
#1459=CARTESIAN_POINT('',(3.83794131270771,8.91208905348119,19.8925923920247));
#1460=CARTESIAN_POINT('',(3.86354074798701,8.85696449920846,19.8905219996918));
#1461=CARTESIAN_POINT('',(3.88892741281224,8.80179075960051,19.8912289362465));
#1462=CARTESIAN_POINT('',(3.91406084214258,8.74653101422824,19.8947028856803));
#1463=CARTESIAN_POINT('',(3.93893325437549,8.69116782294134,19.9009835549979));
#1464=CARTESIAN_POINT('',(3.96356428800344,8.63571751801222,19.9101588869783));
#1465=CARTESIAN_POINT('',(3.98258457924184,8.59253131943717,19.9196547202058));
#1466=CARTESIAN_POINT('',(3.99341925282438,8.56786538550175,19.926028065377));
#1467=CARTESIAN_POINT('',(3.99613892632947,8.56167214197981,19.9276896841001));
#1468=CARTESIAN_POINT('',(3.26166099319764,8.6327824627333,19.9989900885117));
#1469=CARTESIAN_POINT('',(3.26397168552865,8.62809365816776,19.9990393916417));
#1470=CARTESIAN_POINT('',(3.2693659399304,8.61714854185639,19.9991351547864));
#1471=CARTESIAN_POINT('',(3.27787687645374,8.59993932759071,19.9992345783849));
#1472=CARTESIAN_POINT('',(3.28723308917584,8.58117142874556,19.9993076465108));
#1473=CARTESIAN_POINT('',(3.2966778882816,8.56243018122337,19.9993643777821));
#1474=CARTESIAN_POINT('',(3.30621816290662,8.54373506144004,19.9994106634129));
#1475=CARTESIAN_POINT('',(3.31585207555972,8.52510010877253,19.9994372279532));
#1476=CARTESIAN_POINT('',(3.32557037363555,8.50652983452059,19.9994199868179));
#1477=CARTESIAN_POINT('',(3.33318953346702,8.49211625169717,19.9993443297442));
#1478=CARTESIAN_POINT('',(3.33756060745542,8.48388318719752,19.999264559611));
#1479=CARTESIAN_POINT('',(3.33865941945902,8.48181515434426,19.999241940457));
#1480=CARTESIAN_POINT('',(3.,8.4322298355773,20.));
#1481=CARTESIAN_POINT('',(3.00000000000001,8.43222983557731,20.));
#1482=CARTESIAN_POINT('',(3.,8.4322298355773,20.));
#1483=CARTESIAN_POINT('',(3.,8.4322298355773,20.));
#1484=CARTESIAN_POINT('',(3.00000000000001,8.43222983557732,20.));
#1485=CARTESIAN_POINT('',(3.,8.43222983557729,20.));
#1486=CARTESIAN_POINT('',(3.00000000000001,8.43222983557731,20.));
#1487=CARTESIAN_POINT('',(3.,8.43222983557731,20.));
#1488=CARTESIAN_POINT('',(3.00000000000001,8.43222983557729,20.));
#1489=CARTESIAN_POINT('',(3.,8.43222983557732,20.));
#1490=CARTESIAN_POINT('',(3.00000000000001,8.43222983557729,20.));
#1491=CARTESIAN_POINT('',(3.,8.4322298355773,20.));
#1492=FACE_BOUND('',#1493,.T.);
#1493=EDGE_LOOP('',(#3393,#3394,#3395,#3396));
#1494=B_SPLINE_SURFACE_WITH_KNOTS('',3,3,(
(#1495,#1496,#1497,#1498,#1499,#1500,#1501,#1502,#1503,#1504,#1505,#1506),
(#1507,#1508,#1509,#1510,#1511,#1512,#1513,#1514,#1515,#1516,#1517,#1518),
(#1519,#1520,#1521,#1522,#1523,#1524,#1525,#1526,#1527,#1528,#1529,#1530),
(#1531,#1532,#1533,#1534,#1535,#1536,#1537,#1538,#1539,#1540,#1541,#1542),
(#1543,#1544,#1545,#1546,#1547,#1548,#1549,#1550,#1551,#1552,#1553,#1554),
(#1555,#1556,#1557,#1558,#1559,#1560,#1561,#1562,#1563,#1564,#1565,#1566)),
.UNSPECIFIED.,.F.,.F.,.F.,
(4,1,1,4),
(4,1,1,1,1,1,1,1,1,4),
(9.35147537837027,11.6377973788579,13.4426742454026,15.2237580007678),
(0.,0.0927591308035769,0.216437971875013,0.340116812946449,0.463795654017885,0.58747449508932,
0.711153336160756,0.834832177232192,0.958511018303628,1.),
.UNSPECIFIED.);
#1495=CARTESIAN_POINT('',(5.29614591623857,8.4233804635615,19.0000152642931));
#1496=CARTESIAN_POINT('',(5.27203670759813,8.43854013352658,18.9881210399058));
#1497=CARTESIAN_POINT('',(5.21685762950496,8.47717303608535,18.9600234353058));
#1498=CARTESIAN_POINT('',(5.1358373933045,8.5497100958356,18.9152523987095));
#1499=CARTESIAN_POINT('',(5.05739214771552,8.64260136723174,18.8668671191865));
#1500=CARTESIAN_POINT('',(4.99144214037484,8.74744608834118,18.8202425556281));
#1501=CARTESIAN_POINT('',(4.93999571781629,8.86172354293475,18.7766491453185));
#1502=CARTESIAN_POINT('',(4.90432021057935,8.98239009808312,18.7372115678862));
#1503=CARTESIAN_POINT('',(4.88484091460533,9.1061480573068,18.702813262979));
#1504=CARTESIAN_POINT('',(4.88196277318928,9.2023584961765,18.6804083474777));
#1505=CARTESIAN_POINT('',(4.88467230649905,9.25643904865792,18.6693444098886));
#1506=CARTESIAN_POINT('',(4.88561538846781,9.26995054965458,18.6666742883698));
#1507=CARTESIAN_POINT('',(5.33551523698106,8.39862520666171,18.87747827719));
#1508=CARTESIAN_POINT('',(5.31127025484188,8.41402747054114,18.8670872613521));
#1509=CARTESIAN_POINT('',(5.25576026819351,8.45314972339016,18.8425491514856));
#1510=CARTESIAN_POINT('',(5.17412828781632,8.52614375365052,18.8034662828124));
#1511=CARTESIAN_POINT('',(5.09483494872754,8.61912868677437,18.7612175715297));
#1512=CARTESIAN_POINT('',(5.02780160273127,8.72368855669332,18.7204599498757));
#1513=CARTESIAN_POINT('',(4.97500669165515,8.83736938016286,18.6822690554363));
#1514=CARTESIAN_POINT('',(4.93772084741297,8.95722514857186,18.6476009477456));
#1515=CARTESIAN_POINT('',(4.91640793467709,9.08007102187175,18.6172133795776));
#1516=CARTESIAN_POINT('',(4.91198205184771,9.17557856766407,18.5972836045556));
#1517=CARTESIAN_POINT('',(4.91378666359922,9.22928768668171,18.5873822604626));
#1518=CARTESIAN_POINT('',(4.91450179223732,9.24270814614065,18.5849885682335));
#1519=CARTESIAN_POINT('',(5.3936342826314,8.36140991687095,18.6510897743105));
#1520=CARTESIAN_POINT('',(5.36920655859687,8.37716722054664,18.6434271217056));
#1521=CARTESIAN_POINT('',(5.31324798142083,8.41700255442163,18.625341106333));
#1522=CARTESIAN_POINT('',(5.23076814745863,8.49065308216692,18.5965525172114));
#1523=CARTESIAN_POINT('',(5.1502698790707,8.58375836869092,18.5654210031525));
#1524=CARTESIAN_POINT('',(5.08166712521703,8.68788548081938,18.5353399129777));
#1525=CARTESIAN_POINT('',(5.02688954001208,8.80067978090302,18.5070663265066));
#1526=CARTESIAN_POINT('',(4.98720727846501,8.91933763486145,18.481276862845));
#1527=CARTESIAN_POINT('',(4.96313561853743,9.04083775982244,18.45851437047));
#1528=CARTESIAN_POINT('',(4.95635547744846,9.13530739449586,18.4434403645486));
#1529=CARTESIAN_POINT('',(4.95677272196217,9.18846732028842,18.435888087194));
#1530=CARTESIAN_POINT('',(4.95713767471259,9.20175312743977,18.4340579020125));
#1531=CARTESIAN_POINT('',(5.44211394197846,8.32984041263711,18.3136734562733));
#1532=CARTESIAN_POINT('',(5.41754778622002,8.34589091532558,18.3099988942778));
#1533=CARTESIAN_POINT('',(5.3612465670141,8.38631259015657,18.3013290136682));
#1534=CARTESIAN_POINT('',(5.27810317096999,8.46049508923861,18.2875345253313));
#1535=CARTESIAN_POINT('',(5.19663732359911,8.55368563755341,18.2726131643763));
#1536=CARTESIAN_POINT('',(5.12674989721854,8.65744155497451,18.2581780788203));
#1537=CARTESIAN_POINT('',(5.07032633651736,8.76949173769404,18.244579804188));
#1538=CARTESIAN_POINT('',(5.02863218273797,8.88715000821931,18.2321328746369));
#1539=CARTESIAN_POINT('',(5.0022210439527,9.00752919863298,18.2210918478242));
#1540=CARTESIAN_POINT('',(4.99342441695674,9.10113418325888,18.2137294276033));
#1541=CARTESIAN_POINT('',(4.9926447659288,9.15383626510175,18.2100186756483));
#1542=CARTESIAN_POINT('',(4.99270707288444,9.16700980199689,18.2091179063012));
#1543=CARTESIAN_POINT('',(5.45205653374415,8.32331412015808,18.1040920926965));
#1544=CARTESIAN_POINT('',(5.42746374500336,8.33942419460371,18.1028727090256));
#1545=CARTESIAN_POINT('',(5.37109602994385,8.37996481041472,18.0999956486288));
#1546=CARTESIAN_POINT('',(5.28782123538088,8.45425469500418,18.0954179877685));
#1547=CARTESIAN_POINT('',(5.20616050117632,8.54746168538402,18.0904663567033));
#1548=CARTESIAN_POINT('',(5.1360115763608,8.65114135820519,18.0856760831047));
#1549=CARTESIAN_POINT('',(5.07925073341271,8.76303951910661,18.0811635005659));
#1550=CARTESIAN_POINT('',(5.03714231937235,8.88049360819156,18.077032994068));
#1551=CARTESIAN_POINT('',(5.01024742251746,9.00064338704644,18.0733690425178));
#1552=CARTESIAN_POINT('',(5.00103201567656,9.09407074863563,18.0709258389442));
#1553=CARTESIAN_POINT('',(5.00000298025667,9.14667841283926,18.0696944362593));
#1554=CARTESIAN_POINT('',(5.00000217527868,9.15982877214614,18.0693955186153));
#1555=CARTESIAN_POINT('',(5.45205479458146,8.3233165575317,17.9999876674485));
#1556=CARTESIAN_POINT('',(5.42746159188128,8.33942688086131,17.9999878116335));
#1557=CARTESIAN_POINT('',(5.37109309258599,8.3799679599547,17.999988151851));
#1558=CARTESIAN_POINT('',(5.28781764422763,8.4542581152239,17.9999886932535));
#1559=CARTESIAN_POINT('',(5.20615673061484,8.54746487630895,17.9999892790003));
#1560=CARTESIAN_POINT('',(5.1360079585387,8.65114394048072,17.9999898457819));
#1561=CARTESIAN_POINT('',(5.07924742275273,8.76304134433393,17.9999903798376));
#1562=CARTESIAN_POINT('',(5.03713934777022,8.88049481260083,17.9999908688147));
#1563=CARTESIAN_POINT('',(5.0102447726298,9.00064440023364,17.9999913027093));
#1564=CARTESIAN_POINT('',(5.00102962184406,9.09407214634543,17.9999915921649));
#1565=CARTESIAN_POINT('',(5.00000075910401,9.14668028846597,17.9999917381059));
#1566=CARTESIAN_POINT('',(4.99999999998308,9.15983078438075,17.999991773536));
#1567=FACE_BOUND('',#1568,.T.);
#1568=EDGE_LOOP('',(#3397,#3398,#3399,#3400));
#1569=CYLINDRICAL_SURFACE('',#1570,1.);
#1570=AXIS2_PLACEMENT_3D('',#1571,#1572,#1573);
#1571=CARTESIAN_POINT('',(6.,9.15983078446322,-2.));
#1572=DIRECTION('',(1.21115239050017E-16,-8.07434927000114E-17,1.));
#1573=DIRECTION('',(-1.,-2.2492315066219E-31,1.21115239050017E-16));
#1574=FACE_BOUND('',#1575,.T.);
#1575=EDGE_LOOP('',(#3401,#3402,#3403,#3404,#3405));
#1576=TOROIDAL_SURFACE('',#1577,8.95,1.);
#1577=AXIS2_PLACEMENT_3D('',#1578,#1579,#1580);
#1578=CARTESIAN_POINT('',(0.,0.,1.));
#1579=DIRECTION('',(0.,0.,1.));
#1580=DIRECTION('',(-0.248110931610903,0.968731627240058,0.));
#1581=FACE_BOUND('',#1582,.T.);
#1582=EDGE_LOOP('',(#3406,#3407,#3408,#3409));
#1583=TOROIDAL_SURFACE('',#1584,2.,1.);
#1584=AXIS2_PLACEMENT_3D('',#1585,#1586,#1587);
#1585=CARTESIAN_POINT('',(-5.,9.74179141636691,1.));
#1586=DIRECTION('',(0.,0.,1.));
#1587=DIRECTION('',(-0.889661316563192,-0.456621004566202,0.));
#1588=FACE_BOUND('',#1589,.T.);
#1589=EDGE_LOOP('',(#3410,#3411,#3412,#3413));
#1590=CYLINDRICAL_SURFACE('',#1591,1.);
#1591=AXIS2_PLACEMENT_3D('',#1592,#1593,#1594);
#1592=CARTESIAN_POINT('',(-3.,59.7343899694226,1.));
#1593=DIRECTION('',(0.,-1.,0.));
#1594=DIRECTION('',(-1.,0.,2.22044604925031E-16));
#1595=FACE_BOUND('',#1596,.T.);
#1596=EDGE_LOOP('',(#3414,#3415,#3416,#3417));
#1597=B_SPLINE_SURFACE_WITH_KNOTS('',3,3,(
(#1598,#1599,#1600,#1601,#1602,#1603,#1604,#1605,#1606,#1607,#1608,#1609),
(#1610,#1611,#1612,#1613,#1614,#1615,#1616,#1617,#1618,#1619,#1620,#1621),
(#1622,#1623,#1624,#1625,#1626,#1627,#1628,#1629,#1630,#1631,#1632,#1633),
(#1634,#1635,#1636,#1637,#1638,#1639,#1640,#1641,#1642,#1643,#1644,#1645),
(#1646,#1647,#1648,#1649,#1650,#1651,#1652,#1653,#1654,#1655,#1656,#1657),
(#1658,#1659,#1660,#1661,#1662,#1663,#1664,#1665,#1666,#1667,#1668,#1669)),
.UNSPECIFIED.,.F.,.F.,.F.,
(4,1,1,4),
(4,1,1,1,1,1,1,1,1,4),
(1.94241473577909,2.42289361221047,2.99946826392813,3.51322303186295),
(0.,0.0891427490623699,0.207999747812196,0.326856746562023,0.44571374531185,0.564570744061676,
0.683427742811503,0.802284741561329,0.921141740311156,1.),
.UNSPECIFIED.);
#1598=CARTESIAN_POINT('',(-2.9999999999835,56.1182478503413,0.));
#1599=CARTESIAN_POINT('',(-3.0420250749137,56.1182476248694,4.02878033588178E-6));
#1600=CARTESIAN_POINT('',(-3.14265015056758,56.118247085007,0.00618136099188236));
#1601=CARTESIAN_POINT('',(-3.3061491283935,56.118246207857,0.0419100064015286));
#1602=CARTESIAN_POINT('',(-3.48203916309016,56.1182452642821,0.116704426077323));
#1603=CARTESIAN_POINT('',(-3.64472047839391,56.1182443916248,0.227089125655497));
#1604=CARTESIAN_POINT('',(-3.78378578098536,56.1182436457154,0.368562702255935));
#1605=CARTESIAN_POINT('',(-3.89120700749284,56.1182430696146,0.532817516045323));
#1606=CARTESIAN_POINT('',(-3.9628515912107,56.1182426854788,0.709335005738653));
#1607=CARTESIAN_POINT('',(-3.99480777094834,56.1182425142523,0.867467645393745));
#1608=CARTESIAN_POINT('',(-3.99999669375051,56.118242486548,0.962824573992228));
#1609=CARTESIAN_POINT('',(-3.99999999996699,56.1182424865829,1.00000205895397));
#1610=CARTESIAN_POINT('',(-3.00003317202213,56.2896084806225,0.));
#1611=CARTESIAN_POINT('',(-3.04085324331299,56.2958970270749,3.49280338827631E-6));
#1612=CARTESIAN_POINT('',(-3.13841574469921,56.3109561262864,0.00582783811481208));
#1613=CARTESIAN_POINT('',(-3.29649696648958,56.335428526058,0.0392569362902112));
#1614=CARTESIAN_POINT('',(-3.46667461146923,56.3617538711474,0.108857081417799));
#1615=CARTESIAN_POINT('',(-3.62509606976038,56.3860928920422,0.211368185922699));
#1616=CARTESIAN_POINT('',(-3.76255609815993,56.4068807605008,0.342974877789944));
#1617=CARTESIAN_POINT('',(-3.87176354027106,56.4229103324112,0.496626195556412));
#1618=CARTESIAN_POINT('',(-3.94859915135065,56.4335607806545,0.663264647197076));
#1619=CARTESIAN_POINT('',(-3.98758925652157,56.4382602316027,0.814362601464143));
#1620=CARTESIAN_POINT('',(-3.99793845751451,56.4389791008392,0.90655364882839));
#1621=CARTESIAN_POINT('',(-4.00006634404425,56.4389563148466,0.942670737730922));
#1622=CARTESIAN_POINT('',(-2.91404303399586,56.6674934681271,0.));
#1623=CARTESIAN_POINT('',(-2.9489900205609,56.6863549771955,2.45812603222479E-6));
#1624=CARTESIAN_POINT('',(-3.03215716870977,56.731332441856,0.00504737848403207));
#1625=CARTESIAN_POINT('',(-3.16607120733446,56.8039605110995,0.0335463266807213));
#1626=CARTESIAN_POINT('',(-3.31050185287012,56.8822188995855,0.0922362710949125));
#1627=CARTESIAN_POINT('',(-3.44692987624268,56.9556528486482,0.178338621602267));
#1628=CARTESIAN_POINT('',(-3.56916899394211,57.0205137234595,0.289258168429024));
#1629=CARTESIAN_POINT('',(-3.67204401484818,57.0737331141058,0.420185918598692));
#1630=CARTESIAN_POINT('',(-3.75209779876858,57.1133874283217,0.564772284136113));
#1631=CARTESIAN_POINT('',(-3.80166277470437,57.136029783576,0.699087407809313));
#1632=CARTESIAN_POINT('',(-3.82171646237355,57.1439490187583,0.783027285092341));
#1633=CARTESIAN_POINT('',(-3.82808606799173,57.1461954326486,0.816243532319438));
#1634=CARTESIAN_POINT('',(-2.53482138976913,57.0873890159437,0.));
#1635=CARTESIAN_POINT('',(-2.55409877067725,57.1183132992696,1.61511468097868E-6));
#1636=CARTESIAN_POINT('',(-2.59978535914143,57.1916848127982,0.00417904397250987));
#1637=CARTESIAN_POINT('',(-2.67293767945181,57.3093395286537,0.02744665100614));
#1638=CARTESIAN_POINT('',(-2.75200070340714,57.4364251170467,0.0749209824658608));
#1639=CARTESIAN_POINT('',(-2.82766656207054,57.5576296496297,0.144347875751799));
#1640=CARTESIAN_POINT('',(-2.89733314811304,57.6684388672002,0.2340449988476));
#1641=CARTESIAN_POINT('',(-2.95873521412155,57.7649605704182,0.340888767182225));
#1642=CARTESIAN_POINT('',(-3.01018861033768,57.8443728202417,0.460675436956431));
#1643=CARTESIAN_POINT('',(-3.0461795642416,57.8983483473202,0.574278626047437));
#1644=CARTESIAN_POINT('',(-3.0635219992057,57.9233987020037,0.646798666397029));
#1645=CARTESIAN_POINT('',(-3.06964277953826,57.9320603561735,0.675761051060541));
#1646=CARTESIAN_POINT('',(-2.17108719076795,57.1895550754518,0.));
#1647=CARTESIAN_POINT('',(-2.17726294372063,57.2232149725237,1.45164872843342E-6));
#1648=CARTESIAN_POINT('',(-2.19190079310307,57.3029884804128,0.00396769058632749));
#1649=CARTESIAN_POINT('',(-2.21534219591817,57.4307247009827,0.0259932822568374));
#1650=CARTESIAN_POINT('',(-2.24067630058243,57.5687826874658,0.070846388947269));
#1651=CARTESIAN_POINT('',(-2.26491346101795,57.7008999300096,0.136396756160026));
#1652=CARTESIAN_POINT('',(-2.28721326252583,57.8225243296539,0.221137035579748));
#1653=CARTESIAN_POINT('',(-2.30684495155814,57.9296984029163,0.322267311478993));
#1654=CARTESIAN_POINT('',(-2.32326729752001,58.0194903571526,0.436003494102497));
#1655=CARTESIAN_POINT('',(-2.33472623703677,58.0822992253278,0.544330173280308));
#1656=CARTESIAN_POINT('',(-2.34023311550965,58.1125795128461,0.613787211042118));
#1657=CARTESIAN_POINT('',(-2.3421743815359,58.1232715346676,0.641579832386471));
#1658=CARTESIAN_POINT('',(-1.99999377607398,57.1893989980743,0.));
#1659=CARTESIAN_POINT('',(-1.99999355166425,57.2230600928502,1.4502046934566E-6));
#1660=CARTESIAN_POINT('',(-1.99999301980936,57.3028374689502,0.00396801343541586));
#1661=CARTESIAN_POINT('',(-1.99999216817588,57.4305811628689,0.0259943837764817));
#1662=CARTESIAN_POINT('',(-1.99999124773612,57.5686457427025,0.0708478543024825));
#1663=CARTESIAN_POINT('',(-1.99999036692868,57.7007655948964,0.136398228725052));
#1664=CARTESIAN_POINT('',(-1.99998955611787,57.822386115454,0.221139214209912));
#1665=CARTESIAN_POINT('',(-1.99998884171288,57.9295459614844,0.322272863104514));
#1666=CARTESIAN_POINT('',(-1.99998824329742,58.0193075992956,0.436017916365052));
#1667=CARTESIAN_POINT('',(-1.99998782488407,58.0820692024915,0.544360293603504));
#1668=CARTESIAN_POINT('',(-1.99998762329965,58.1123067154224,0.613832477778307));
#1669=CARTESIAN_POINT('',(-1.99998755214796,58.1229794245535,0.641632050461638));
#1670=FACE_BOUND('',#1671,.T.);
#1671=EDGE_LOOP('',(#3418,#3419,#3420,#3421));
#1672=CYLINDRICAL_SURFACE('',#1673,1.);
#1673=AXIS2_PLACEMENT_3D('',#1674,#1675,#1676);
#1674=CARTESIAN_POINT('',(7.,57.1893989980951,0.999999999999998));
#1675=DIRECTION('',(1.,0.,-3.41607084500048E-17));
#1676=DIRECTION('',(-3.41607084500048E-17,0.,-1.));
#1677=FACE_BOUND('',#1678,.T.);
#1678=EDGE_LOOP('',(#3422,#3423,#3424,#3425));
#1679=B_SPLINE_SURFACE_WITH_KNOTS('',3,3,(
(#1680,#1681,#1682,#1683,#1684,#1685,#1686,#1687,#1688,#1689,#1690,#1691),
(#1692,#1693,#1694,#1695,#1696,#1697,#1698,#1699,#1700,#1701,#1702,#1703),
(#1704,#1705,#1706,#1707,#1708,#1709,#1710,#1711,#1712,#1713,#1714,#1715),
(#1716,#1717,#1718,#1719,#1720,#1721,#1722,#1723,#1724,#1725,#1726,#1727),
(#1728,#1729,#1730,#1731,#1732,#1733,#1734,#1735,#1736,#1737,#1738,#1739),
(#1740,#1741,#1742,#1743,#1744,#1745,#1746,#1747,#1748,#1749,#1750,#1751)),
.UNSPECIFIED.,.F.,.F.,.F.,
(4,1,1,4),
(4,1,1,1,1,1,1,1,1,4),
(1.94241473577909,2.42289361221047,2.99946826392813,3.51322303186295),
(0.,0.0891427490623699,0.207999747812197,0.326856746562023,0.44571374531185,0.564570744061676,
0.683427742811503,0.802284741561329,0.921141740311156,1.),
.UNSPECIFIED.);
#1680=CARTESIAN_POINT('',(3.99999999998349,56.1182478503413,0.));
#1681=CARTESIAN_POINT('',(4.04202507491369,56.1182476248694,4.02878033589704E-6));
#1682=CARTESIAN_POINT('',(4.14265015056759,56.1182470850069,0.00618136099188233));
#1683=CARTESIAN_POINT('',(4.30614912839349,56.118246207857,0.0419100064015286));
#1684=CARTESIAN_POINT('',(4.48203916309018,56.118245264282,0.116704426077323));
#1685=CARTESIAN_POINT('',(4.6447204783939,56.1182443916248,0.227089125655497));
#1686=CARTESIAN_POINT('',(4.78378578098536,56.1182436457154,0.368562702255935));
#1687=CARTESIAN_POINT('',(4.89120700749283,56.1182430696146,0.532817516045323));
#1688=CARTESIAN_POINT('',(4.96285159121071,56.1182426854789,0.709335005738654));
#1689=CARTESIAN_POINT('',(4.99480777094833,56.1182425142523,0.867467645393744));
#1690=CARTESIAN_POINT('',(4.99999669375052,56.118242486548,0.962824573992229));
#1691=CARTESIAN_POINT('',(4.99999999996699,56.1182424865829,1.00000205895397));
#1692=CARTESIAN_POINT('',(4.00003317202212,56.2896084806225,0.));
#1693=CARTESIAN_POINT('',(4.04085324331299,56.295897027075,3.49280338821093E-6));
#1694=CARTESIAN_POINT('',(4.1384157446992,56.3109561262863,0.00582783811481222));
#1695=CARTESIAN_POINT('',(4.29649696648959,56.335428526058,0.039256936290211));
#1696=CARTESIAN_POINT('',(4.46667461146923,56.3617538711473,0.108857081417799));
#1697=CARTESIAN_POINT('',(4.62509606976039,56.3860928920422,0.211368185922698));
#1698=CARTESIAN_POINT('',(4.76255609815992,56.4068807605008,0.342974877789945));
#1699=CARTESIAN_POINT('',(4.87176354027107,56.4229103324111,0.496626195556412));
#1700=CARTESIAN_POINT('',(4.94859915135064,56.4335607806547,0.663264647197077));
#1701=CARTESIAN_POINT('',(4.98758925652157,56.4382602316025,0.814362601464141));
#1702=CARTESIAN_POINT('',(4.99793845751452,56.4389791008393,0.90655364882839));
#1703=CARTESIAN_POINT('',(5.00006634404425,56.4389563148466,0.942670737730922));
#1704=CARTESIAN_POINT('',(3.91404303399587,56.6674934681271,0.));
#1705=CARTESIAN_POINT('',(3.94899002056091,56.6863549771955,2.45812603208423E-6));
#1706=CARTESIAN_POINT('',(4.03215716870976,56.731332441856,0.00504737848403234));
#1707=CARTESIAN_POINT('',(4.16607120733446,56.8039605110997,0.0335463266807209));
#1708=CARTESIAN_POINT('',(4.31050185287012,56.8822188995855,0.0922362710949131));
#1709=CARTESIAN_POINT('',(4.44692987624266,56.9556528486484,0.178338621602266));
#1710=CARTESIAN_POINT('',(4.56916899394212,57.0205137234593,0.289258168429025));
#1711=CARTESIAN_POINT('',(4.67204401484817,57.073733114106,0.420185918598691));
#1712=CARTESIAN_POINT('',(4.75209779876859,57.1133874283214,0.564772284136116));
#1713=CARTESIAN_POINT('',(4.80166277470437,57.1360297835763,0.699087407809312));
#1714=CARTESIAN_POINT('',(4.82171646237354,57.1439490187582,0.783027285092342));
#1715=CARTESIAN_POINT('',(4.82808606799174,57.1461954326486,0.816243532319438));
#1716=CARTESIAN_POINT('',(3.53482138976912,57.0873890159437,0.));
#1717=CARTESIAN_POINT('',(3.55409877067726,57.1183132992697,1.61511468106803E-6));
#1718=CARTESIAN_POINT('',(3.59978535914143,57.1916848127981,0.0041790439725097));
#1719=CARTESIAN_POINT('',(3.67293767945181,57.3093395286537,0.0274466510061402));
#1720=CARTESIAN_POINT('',(3.75200070340713,57.4364251170466,0.0749209824658604));
#1721=CARTESIAN_POINT('',(3.82766656207056,57.5576296496297,0.144347875751799));
#1722=CARTESIAN_POINT('',(3.89733314811302,57.6684388672003,0.2340449988476));
#1723=CARTESIAN_POINT('',(3.95873521412158,57.7649605704181,0.340888767182225));
#1724=CARTESIAN_POINT('',(4.01018861033766,57.8443728202419,0.46067543695643));
#1725=CARTESIAN_POINT('',(4.04617956424161,57.89834834732,0.574278626047436));
#1726=CARTESIAN_POINT('',(4.06352199920572,57.9233987020039,0.646798666397029));
#1727=CARTESIAN_POINT('',(4.06964277953826,57.9320603561735,0.675761051060541));
#1728=CARTESIAN_POINT('',(3.17108719076795,57.1895550754518,0.));
#1729=CARTESIAN_POINT('',(3.17726294372063,57.2232149725237,1.45164872835061E-6));
#1730=CARTESIAN_POINT('',(3.19190079310306,57.3029884804128,0.00396769058632766));
#1731=CARTESIAN_POINT('',(3.21534219591817,57.4307247009829,0.0259932822568371));
#1732=CARTESIAN_POINT('',(3.24067630058242,57.5687826874657,0.0708463889472694));
#1733=CARTESIAN_POINT('',(3.26491346101795,57.7008999300098,0.136396756160026));
#1734=CARTESIAN_POINT('',(3.28721326252583,57.8225243296537,0.221137035579749));
#1735=CARTESIAN_POINT('',(3.30684495155812,57.9296984029164,0.322267311478991));
#1736=CARTESIAN_POINT('',(3.32326729752003,58.0194903571524,0.436003494102499));
#1737=CARTESIAN_POINT('',(3.33472623703675,58.0822992253279,0.544330173280306));
#1738=CARTESIAN_POINT('',(3.34023311550965,58.112579512846,0.613787211042119));
#1739=CARTESIAN_POINT('',(3.3421743815359,58.1232715346676,0.641579832386471));
#1740=CARTESIAN_POINT('',(2.99999377607398,57.1893989980743,0.));
#1741=CARTESIAN_POINT('',(2.99999355166425,57.2230600928503,1.45020469344134E-6));
#1742=CARTESIAN_POINT('',(2.99999301980937,57.3028374689501,0.0039680134354159));
#1743=CARTESIAN_POINT('',(2.99999216817588,57.430581162869,0.0259943837764817));
#1744=CARTESIAN_POINT('',(2.99999124773612,57.5686457427024,0.0708478543024826));
#1745=CARTESIAN_POINT('',(2.99999036692868,57.7007655948965,0.136398228725052));
#1746=CARTESIAN_POINT('',(2.99998955611786,57.8223861154539,0.221139214209912));
#1747=CARTESIAN_POINT('',(2.99998884171288,57.9295459614845,0.322272863104514));
#1748=CARTESIAN_POINT('',(2.99998824329742,58.0193075992955,0.436017916365053));
#1749=CARTESIAN_POINT('',(2.99998782488406,58.0820692024916,0.544360293603502));
#1750=CARTESIAN_POINT('',(2.99998762329965,58.1123067154224,0.613832477778308));
#1751=CARTESIAN_POINT('',(2.99998755214796,58.1229794245535,0.641632050461638));
#1752=FACE_BOUND('',#1753,.T.);
#1753=EDGE_LOOP('',(#3426,#3427,#3428,#3429));
#1754=CYLINDRICAL_SURFACE('',#1755,1.);
#1755=AXIS2_PLACEMENT_3D('',#1756,#1757,#1758);
#1756=CARTESIAN_POINT('',(4.,59.7343899694226,1.));
#1757=DIRECTION('',(0.,1.,0.));
#1758=DIRECTION('',(1.,0.,-1.11022302462516E-16));
#1759=FACE_BOUND('',#1760,.T.);
#1760=EDGE_LOOP('',(#3430,#3431,#3432,#3433));
#1761=TOROIDAL_SURFACE('',#1762,2.,1.);
#1762=AXIS2_PLACEMENT_3D('',#1763,#1764,#1765);
#1763=CARTESIAN_POINT('',(6.,9.15983078446322,1.));
#1764=DIRECTION('',(0.,0.,1.));
#1765=DIRECTION('',(0.,1.,0.));
#1766=FACE_BOUND('',#1767,.T.);
#1767=EDGE_LOOP('',(#3434,#3435,#3436,#3437,#3438));
#1768=TOROIDAL_SURFACE('',#1769,8.95,1.);
#1769=AXIS2_PLACEMENT_3D('',#1770,#1771,#1772);
#1770=CARTESIAN_POINT('',(0.,0.,1.));
#1771=DIRECTION('',(0.,0.,1.));
#1772=DIRECTION('',(-0.846225959241155,-0.53282419793623,0.));
#1773=FACE_BOUND('',#1774,.T.);
#1774=EDGE_LOOP('',(#3439,#3440,#3441,#3442));
#1775=B_SPLINE_SURFACE_WITH_KNOTS('',3,3,(
(#1776,#1777,#1778,#1779,#1780,#1781,#1782,#1783,#1784,#1785,#1786,#1787),
(#1788,#1789,#1790,#1791,#1792,#1793,#1794,#1795,#1796,#1797,#1798,#1799),
(#1800,#1801,#1802,#1803,#1804,#1805,#1806,#1807,#1808,#1809,#1810,#1811),
(#1812,#1813,#1814,#1815,#1816,#1817,#1818,#1819,#1820,#1821,#1822,#1823),
(#1824,#1825,#1826,#1827,#1828,#1829,#1830,#1831,#1832,#1833,#1834,#1835),
(#1836,#1837,#1838,#1839,#1840,#1841,#1842,#1843,#1844,#1845,#1846,#1847)),
.UNSPECIFIED.,.F.,.F.,.F.,
(4,1,1,4),
(4,1,1,1,1,1,1,1,1,4),
(0.65968539698636,2.10022091389924,3.8857853504667,5.34035241062921),
(0.,0.0969519215085029,0.226221150186507,0.355490378864511,0.484759607542514,0.614028836220518,
0.743298064898522,0.872567293576526,0.975615372068023,1.),
.UNSPECIFIED.);
#1776=CARTESIAN_POINT('',(-4.,75.6622445491232,69.0914710703044));
#1777=CARTESIAN_POINT('',(-4.00000008134273,75.6702677543922,69.1069916111861));
#1778=CARTESIAN_POINT('',(-4.00104935724915,75.6890630182895,69.1432976985547));
#1779=CARTESIAN_POINT('',(-4.00661713255422,75.7187306924425,69.2004097379791));
#1780=CARTESIAN_POINT('',(-4.01762879458519,75.7510172239785,69.2623152495824));
#1781=CARTESIAN_POINT('',(-4.03355499270594,75.7829782302592,69.3233449584458));
#1782=CARTESIAN_POINT('',(-4.05429767551859,75.8143685771395,69.3830295729067));
#1783=CARTESIAN_POINT('',(-4.07968515987454,75.8449515512648,69.4409197779582));
#1784=CARTESIAN_POINT('',(-4.10746306976587,75.8725064192823,69.4928325451561));
#1785=CARTESIAN_POINT('',(-4.12962378806718,75.8913354263781,69.5281467829047));
#1786=CARTESIAN_POINT('',(-4.14124389047559,75.900459728399,69.5452154925783));
#1787=CARTESIAN_POINT('',(-4.14348969106927,75.9021973491949,69.5484643899948));
#1788=CARTESIAN_POINT('',(-4.,76.2415106200344,68.79411511022));
#1789=CARTESIAN_POINT('',(-4.00000016097086,76.2505855956497,68.8131804243318));
#1790=CARTESIAN_POINT('',(-4.00154850586001,76.2718650503703,68.8579133216191));
#1791=CARTESIAN_POINT('',(-4.00979908160517,76.3054622476378,68.9286534649677));
#1792=CARTESIAN_POINT('',(-4.02615454987891,76.3419188284593,69.0055770552928));
#1793=CARTESIAN_POINT('',(-4.0498194399674,76.3777810710656,69.0814330709551));
#1794=CARTESIAN_POINT('',(-4.08060098579637,76.412655225529,69.1554104125084));
#1795=CARTESIAN_POINT('',(-4.11816202430306,76.4461659955642,69.2267323450824));
#1796=CARTESIAN_POINT('',(-4.1590662766602,76.475817975627,69.2900857765058));
#1797=CARTESIAN_POINT('',(-4.1915083783918,76.4956722473965,69.3326762821907));
#1798=CARTESIAN_POINT('',(-4.20845203163866,76.505169429357,69.3530990953916));
#1799=CARTESIAN_POINT('',(-4.21172418162581,76.5069733531832,69.3569801644182));
#1800=CARTESIAN_POINT('',(-4.,77.5625435077017,68.1953404060628));
#1801=CARTESIAN_POINT('',(-4.00000038120188,77.5721089642799,68.2185029918725));
#1802=CARTESIAN_POINT('',(-4.00219130210503,77.5946098009766,68.2729492319708));
#1803=CARTESIAN_POINT('',(-4.01398308273445,77.630286491106,68.3591455405851));
#1804=CARTESIAN_POINT('',(-4.03749191095453,77.6689788470584,68.4524849562661));
#1805=CARTESIAN_POINT('',(-4.07154388289876,77.7067975529681,68.5435949226056));
#1806=CARTESIAN_POINT('',(-4.1156936316475,77.7431105516537,68.6309737219628));
#1807=CARTESIAN_POINT('',(-4.16916834463563,77.7773341784451,68.7132351337864));
#1808=CARTESIAN_POINT('',(-4.22673847740879,77.8068246325234,68.7840438594674));
#1809=CARTESIAN_POINT('',(-4.27177093489173,77.8259791027885,68.8299879814462));
#1810=CARTESIAN_POINT('',(-4.29507705101128,77.8349652184997,68.8515286219433));
#1811=CARTESIAN_POINT('',(-4.29957004477206,77.8366653535355,68.8556034962958));
#1812=CARTESIAN_POINT('',(-4.,79.5309130237188,67.4386909607433));
#1813=CARTESIAN_POINT('',(-4.00000038281668,79.5393261866872,67.4623460237953));
#1814=CARTESIAN_POINT('',(-4.00219043165622,79.5590854015346,67.5179506859092));
#1815=CARTESIAN_POINT('',(-4.01397890078689,79.590307682697,67.6059780927558));
#1816=CARTESIAN_POINT('',(-4.03748266786175,79.6240479056145,67.7012858104761));
#1817=CARTESIAN_POINT('',(-4.07152772540305,79.6569166447687,67.7942906212566));
#1818=CARTESIAN_POINT('',(-4.11566687911431,79.6883762703956,67.8834479659612));
#1819=CARTESIAN_POINT('',(-4.16912417344975,79.7179311444685,67.9673329834348));
#1820=CARTESIAN_POINT('',(-4.22666779970206,79.7433119404843,68.0394812383646));
#1821=CARTESIAN_POINT('',(-4.27167201794638,79.7597401277679,68.0862512709877));
#1822=CARTESIAN_POINT('',(-4.29496090121948,79.7674305542077,68.1081660174621));
#1823=CARTESIAN_POINT('',(-4.29945047483038,79.7688849052848,68.112311153545));
#1824=CARTESIAN_POINT('',(-4.,80.9195997012476,66.9981312599236));
#1825=CARTESIAN_POINT('',(-4.00000016209437,80.9256211176715,67.0183817797768));
#1826=CARTESIAN_POINT('',(-4.0015580468569,80.9397653066613,67.0658970964567));
#1827=CARTESIAN_POINT('',(-4.00985953246757,80.9621964922062,67.1410390358412));
#1828=CARTESIAN_POINT('',(-4.02631602149083,80.9866755709402,67.2227438115268));
#1829=CARTESIAN_POINT('',(-4.05012711177657,81.0109105874826,67.3033013620274));
#1830=CARTESIAN_POINT('',(-4.08109871399195,81.0346501510286,67.381842541685));
#1831=CARTESIAN_POINT('',(-4.11889136787578,81.0576517702167,67.4575355878671));
#1832=CARTESIAN_POINT('',(-4.16004739749676,81.078198913705,67.5247382389571));
#1833=CARTESIAN_POINT('',(-4.19268883295002,81.0920914087162,67.5698913573749));
#1834=CARTESIAN_POINT('',(-4.20973649799995,81.098776040279,67.5915354054949));
#1835=CARTESIAN_POINT('',(-4.21302873149503,81.100047231137,67.5956482636891));
#1836=CARTESIAN_POINT('',(-4.,81.554712156485,66.8296085578428));
#1837=CARTESIAN_POINT('',(-4.00000008135814,81.5591358402219,66.8465066856626));
#1838=CARTESIAN_POINT('',(-4.00104935686298,81.5694644614707,66.8860537533928));
#1839=CARTESIAN_POINT('',(-4.00661714284208,81.5856397174123,66.948333070813));
#1840=CARTESIAN_POINT('',(-4.01762884014255,81.6030805812512,67.0159271071646));
#1841=CARTESIAN_POINT('',(-4.03355509302761,81.6201809466149,67.0826539701511));
#1842=CARTESIAN_POINT('',(-4.0542978321155,81.6368088440026,67.1480008962341));
#1843=CARTESIAN_POINT('',(-4.07968534302301,81.6528393608379,67.2114755826912));
#1844=CARTESIAN_POINT('',(-4.10746321011196,81.6671219141005,67.2684840359385));
#1845=CARTESIAN_POINT('',(-4.12962382413969,81.6767773642541,67.3073218352889));
#1846=CARTESIAN_POINT('',(-4.14124384724299,81.6814273847309,67.3261095248499));
#1847=CARTESIAN_POINT('',(-4.14348963159118,81.6823118509202,67.3296862119122));
#1848=FACE_BOUND('',#1849,.T.);
#1849=EDGE_LOOP('',(#3443,#3444,#3445,#3446));
#1850=B_SPLINE_SURFACE_WITH_KNOTS('',3,3,(
(#1851,#1852,#1853,#1854,#1855,#1856,#1857,#1858,#1859,#1860,#1861,#1862),
(#1863,#1864,#1865,#1866,#1867,#1868,#1869,#1870,#1871,#1872,#1873,#1874),
(#1875,#1876,#1877,#1878,#1879,#1880,#1881,#1882,#1883,#1884,#1885,#1886),
(#1887,#1888,#1889,#1890,#1891,#1892,#1893,#1894,#1895,#1896,#1897,#1898),
(#1899,#1900,#1901,#1902,#1903,#1904,#1905,#1906,#1907,#1908,#1909,#1910),
(#1911,#1912,#1913,#1914,#1915,#1916,#1917,#1918,#1919,#1920,#1921,#1922)),
.UNSPECIFIED.,.F.,.F.,.F.,
(4,1,1,4),
(4,1,1,1,1,1,1,1,1,4),
(6.61954513433568,13.0597849624178,20.887923459813,27.3907347970499),
(0.,0.0987059647455662,0.230313917739655,0.361921870733743,0.493529823727831,0.625137776721919,
0.756745729716008,0.888353682710096,0.955003240547782,1.),
.UNSPECIFIED.);
#1851=CARTESIAN_POINT('',(-3.99999999997584,75.8032319401161,69.0236619855828));
#1852=CARTESIAN_POINT('',(-4.00000008741254,75.8098941174291,69.0403550817141));
#1853=CARTESIAN_POINT('',(-4.00110059460042,75.825487103212,69.0794247518139));
#1854=CARTESIAN_POINT('',(-4.00694085606093,75.8500446150488,69.1409524316303));
#1855=CARTESIAN_POINT('',(-4.01849051600063,75.8766935844307,69.2077157927708));
#1856=CARTESIAN_POINT('',(-4.03519080457447,75.9029904217582,69.2735925187873));
#1857=CARTESIAN_POINT('',(-4.05693306429668,75.9287272788048,69.3380619054366));
#1858=CARTESIAN_POINT('',(-4.08352943067822,75.9537049905282,69.4006250718601));
#1859=CARTESIAN_POINT('',(-4.10958728092446,75.973784017458,69.4509142913173));
#1860=CARTESIAN_POINT('',(-4.13078280469313,75.988075143714,69.486705120662));
#1861=CARTESIAN_POINT('',(-4.14099935336664,75.994492148532,69.5027753412874));
#1862=CARTESIAN_POINT('',(-4.14519382886998,75.9970542928635,69.5091916688706));
#1863=CARTESIAN_POINT('',(-4.00000496963738,75.5053573257954,69.1508914724381));
#1864=CARTESIAN_POINT('',(-4.00004470414618,75.5117374846813,69.1667762734667));
#1865=CARTESIAN_POINT('',(-4.00117549327517,75.5265102014722,69.2040430853747));
#1866=CARTESIAN_POINT('',(-4.00682532814161,75.5491851002446,69.2630815861786));
#1867=CARTESIAN_POINT('',(-4.01786275546249,75.5730540058952,69.3276194749499));
#1868=CARTESIAN_POINT('',(-4.03374825708265,75.595870355701,69.3918160105235));
#1869=CARTESIAN_POINT('',(-4.05438489554862,75.617463304585,69.4551974142905));
#1870=CARTESIAN_POINT('',(-4.07960599224446,75.6376806859089,69.5173011928703));
#1871=CARTESIAN_POINT('',(-4.10431434180684,75.653313811623,69.5677520603701));
#1872=CARTESIAN_POINT('',(-4.1244203970188,75.6640947240561,69.6039701059312));
#1873=CARTESIAN_POINT('',(-4.1341150970214,75.6688448119586,69.6203158656989));
#1874=CARTESIAN_POINT('',(-4.13809597690334,75.6707265021955,69.6268561564886));
#1875=CARTESIAN_POINT('',(-3.82283075523522,74.8384311728747,69.4225248612311));
#1876=CARTESIAN_POINT('',(-3.82296359245792,74.8443177881266,69.4374696922836));
#1877=CARTESIAN_POINT('',(-3.8240758126504,74.8576351554483,69.4726157839431));
#1878=CARTESIAN_POINT('',(-3.82880721297692,74.8769159611551,69.528642521597));
#1879=CARTESIAN_POINT('',(-3.83771567705847,74.8957298229311,69.5903859398324));
#1880=CARTESIAN_POINT('',(-3.85035182619073,74.9121836269493,69.652367164772));
#1881=CARTESIAN_POINT('',(-3.86665040470839,74.9261668095482,69.7141939269306));
#1882=CARTESIAN_POINT('',(-3.88650083036096,74.937601244636,69.7754753153177));
#1883=CARTESIAN_POINT('',(-3.90592491836967,74.9449877829722,69.8258999992057));
#1884=CARTESIAN_POINT('',(-3.92173684151482,74.9492266923266,69.8624859392967));
#1885=CARTESIAN_POINT('',(-3.92936487066541,74.9508613065056,69.8791022651987));
#1886=CARTESIAN_POINT('',(-3.93249798519272,74.9514696937578,69.8857683286876));
#1887=CARTESIAN_POINT('',(-3.0506763894589,74.1155933989163,69.7055600118959));
#1888=CARTESIAN_POINT('',(-3.05061499841666,74.1211307341865,69.7202585439378));
#1889=CARTESIAN_POINT('',(-3.05093523180866,74.1333644578445,69.7549292942275));
#1890=CARTESIAN_POINT('',(-3.05316448363218,74.1499535478843,69.8105894887294));
#1891=CARTESIAN_POINT('',(-3.05776755038535,74.1646036917675,69.8724304123892));
#1892=CARTESIAN_POINT('',(-3.06453377789277,74.1756844361546,69.9350249942133));
#1893=CARTESIAN_POINT('',(-3.07342807586387,74.1831151089793,69.997994218287));
#1894=CARTESIAN_POINT('',(-3.08438861079348,74.1868589582947,70.0609545945166));
#1895=CARTESIAN_POINT('',(-3.09519950046066,74.1869127705683,70.113231317423));
#1896=CARTESIAN_POINT('',(-3.10403919985393,74.1852688267578,70.1514301208232));
#1897=CARTESIAN_POINT('',(-3.10831263354205,74.1840847461237,70.1688498661632));
#1898=CARTESIAN_POINT('',(-3.11006925556041,74.1835382940915,70.1758499247509));
#1899=CARTESIAN_POINT('',(-2.32687294236591,73.9424674208371,69.757326675088));
#1900=CARTESIAN_POINT('',(-2.32663697593606,73.9483975091694,69.7728925441041));
#1901=CARTESIAN_POINT('',(-2.32625809322158,73.9613694744354,69.809686962285));
#1902=CARTESIAN_POINT('',(-2.32630735592319,73.978431980878,69.8690169087154));
#1903=CARTESIAN_POINT('',(-2.32717905681945,73.992702114999,69.9352095144541));
#1904=CARTESIAN_POINT('',(-2.32887101589196,74.0024835930781,70.0024288066518));
#1905=CARTESIAN_POINT('',(-2.33137348582922,74.0076915150038,70.0702141443991));
#1906=CARTESIAN_POINT('',(-2.33466474361768,74.0083040275904,70.1380967953652));
#1907=CARTESIAN_POINT('',(-2.33804593688597,74.0050105646451,70.1945028547558));
#1908=CARTESIAN_POINT('',(-2.34086991641643,74.0005158261199,70.2357173619963));
#1909=CARTESIAN_POINT('',(-2.34224829895936,73.9979285138205,70.2545088222129));
#1910=CARTESIAN_POINT('',(-2.34281685835251,73.9968015318016,70.2620591778495));
#1911=CARTESIAN_POINT('',(-1.9999901782971,73.9389869916028,69.7480215065671));
#1912=CARTESIAN_POINT('',(-1.99973973776069,73.9452065951579,69.7642243439854));
#1913=CARTESIAN_POINT('',(-1.99915334752339,73.958793965612,69.8025220442528));
#1914=CARTESIAN_POINT('',(-1.99822872703231,73.9765833042436,69.8642508256918));
#1915=CARTESIAN_POINT('',(-1.9972235037692,73.9913209139021,69.9330584862607));
#1916=CARTESIAN_POINT('',(-1.99622921853038,74.0012269774486,70.0028405157038));
#1917=CARTESIAN_POINT('',(-1.9952532702002,74.0062084436654,70.0730847699124));
#1918=CARTESIAN_POINT('',(-1.99430278983537,74.0062451139907,70.1432720125925));
#1919=CARTESIAN_POINT('',(-1.99353555827139,74.0021880962257,70.2014348836271));
#1920=CARTESIAN_POINT('',(-1.99298752702809,73.9969828947685,70.2438315485086));
#1921=CARTESIAN_POINT('',(-1.99274091343737,73.9940331307945,70.2631340757431));
#1922=CARTESIAN_POINT('',(-1.99264235635475,73.9927543359487,70.2708850386681));
#1923=FACE_BOUND('',#1924,.T.);
#1924=EDGE_LOOP('',(#3447,#3448,#3449,#3450));
#1925=B_SPLINE_SURFACE_WITH_KNOTS('',3,3,(
(#1926,#1927,#1928,#1929,#1930,#1931,#1932,#1933,#1934,#1935,#1936,#1937),
(#1938,#1939,#1940,#1941,#1942,#1943,#1944,#1945,#1946,#1947,#1948,#1949),
(#1950,#1951,#1952,#1953,#1954,#1955,#1956,#1957,#1958,#1959,#1960,#1961),
(#1962,#1963,#1964,#1965,#1966,#1967,#1968,#1969,#1970,#1971,#1972,#1973),
(#1974,#1975,#1976,#1977,#1978,#1979,#1980,#1981,#1982,#1983,#1984,#1985),
(#1986,#1987,#1988,#1989,#1990,#1991,#1992,#1993,#1994,#1995,#1996,#1997)),
.UNSPECIFIED.,.F.,.F.,.F.,
(4,1,1,4),
(4,1,1,1,1,1,1,1,1,4),
(1.04418277370134,2.9284219097181,5.20928230310896,6.95581722630295),
(0.,0.093419497025153,0.217978826392024,0.342538155758894,0.467097485125765,0.591656814492636,
0.716216143859507,0.840775473226377,0.937082361120068,1.),
.UNSPECIFIED.);
#1926=CARTESIAN_POINT('',(3.11084423043752,73.9415493027717,69.7546965554409));
#1927=CARTESIAN_POINT('',(3.10948331617799,73.9473682027648,69.7698554791253));
#1928=CARTESIAN_POINT('',(3.106292011446,73.9601246270744,69.8056577384611));
#1929=CARTESIAN_POINT('',(3.10123952356799,73.977016971667,69.8632880245545));
#1930=CARTESIAN_POINT('',(3.09571642178202,73.9913193605469,69.9274809653599));
#1931=CARTESIAN_POINT('',(3.09021846603523,74.0013533212289,69.9925877802529));
#1932=CARTESIAN_POINT('',(3.08478216770096,74.0070307101605,70.0581822733968));
#1933=CARTESIAN_POINT('',(3.07944330374664,74.0083210004533,70.1238307973355));
#1934=CARTESIAN_POINT('',(3.07462985122018,74.0054832267194,70.1841667879531));
#1935=CARTESIAN_POINT('',(3.07078559779191,74.0002728525283,70.2331987725667));
#1936=CARTESIAN_POINT('',(3.06867943689605,73.996213249538,70.2604078193147));
#1937=CARTESIAN_POINT('',(3.06785570086669,73.9944351705931,70.27110410759));
#1938=CARTESIAN_POINT('',(2.55734854327597,73.926337133579,69.7150674998263));
#1939=CARTESIAN_POINT('',(2.5562258963165,73.9329426947696,69.7322758557718));
#1940=CARTESIAN_POINT('',(2.55359530797775,73.9472976821049,69.773056656608));
#1941=CARTESIAN_POINT('',(2.54944441219804,73.9657615321582,69.8391453707576));
#1942=CARTESIAN_POINT('',(2.54493566132684,73.9805123440246,69.9131913292715));
#1943=CARTESIAN_POINT('',(2.54048806355667,73.9896663167686,69.9885905206646));
#1944=CARTESIAN_POINT('',(2.53614286389008,73.9931064186647,70.0647167472468));
#1945=CARTESIAN_POINT('',(2.53193969411036,73.9908087492395,70.1409293306766));
#1946=CARTESIAN_POINT('',(2.52821972818408,73.9834444042524,70.210869270064));
#1947=CARTESIAN_POINT('',(2.5253063555745,73.9736853035207,70.2675396145863));
#1948=CARTESIAN_POINT('',(2.52373553557907,73.9667600255117,70.2988933280276));
#1949=CARTESIAN_POINT('',(2.52312534308369,73.9638032141622,70.3112016065102));
#1950=CARTESIAN_POINT('',(1.33185263853252,73.903457244484,69.6554633509444));
#1951=CARTESIAN_POINT('',(1.33136037159251,73.9111788208922,69.6755792974354));
#1952=CARTESIAN_POINT('',(1.33020310573749,73.9277893639856,69.7233592508033));
#1953=CARTESIAN_POINT('',(1.32836779641179,73.9483631482526,69.8010630691762));
#1954=CARTESIAN_POINT('',(1.32637136446975,73.9634249249288,69.8882082217724));
#1955=CARTESIAN_POINT('',(1.32440812288094,73.9707725851939,69.97675075459));
#1956=CARTESIAN_POINT('',(1.32250517726428,73.9702489871776,70.0656584970497));
#1957=CARTESIAN_POINT('',(1.32068807031258,73.961881797446,70.1538861594107));
#1958=CARTESIAN_POINT('',(1.31910887181804,73.9470896963379,70.2338731044633));
#1959=CARTESIAN_POINT('',(1.31789766728199,73.9300532371385,70.2978022302636));
#1960=CARTESIAN_POINT('',(1.31725616671305,73.9186288186194,70.3327688318899));
#1961=CARTESIAN_POINT('',(1.31700889520905,73.9138358220027,70.3464280354511));
#1962=CARTESIAN_POINT('',(-0.413070465092396,73.9041306426589,69.657217613165));
#1963=CARTESIAN_POINT('',(-0.412531752927534,73.9118254484923,69.6772638030312));
#1964=CARTESIAN_POINT('',(-0.411265257485269,73.9283886843276,69.7248595444839));
#1965=CARTESIAN_POINT('',(-0.409256332648097,73.948952058023,69.8022024992167));
#1966=CARTESIAN_POINT('',(-0.407070127109302,73.9640927966987,69.8888810983315));
#1967=CARTESIAN_POINT('',(-0.404918886657957,73.9716159497012,69.9769036864812));
#1968=CARTESIAN_POINT('',(-0.402831857711337,73.9713654762655,70.0652595838213));
#1969=CARTESIAN_POINT('',(-0.400836637838271,73.9633647269785,70.1529254772367));
#1970=CARTESIAN_POINT('',(-0.399100066739289,73.9489888700079,70.2324032905191));
#1971=CARTESIAN_POINT('',(-0.397765997116318,73.9323414259058,70.2959339039366));
#1972=CARTESIAN_POINT('',(-0.397058457065953,73.9211506889245,70.3306880611798));
#1973=CARTESIAN_POINT('',(-0.396785569190723,73.9164520448426,70.3442653276949));
#1974=CARTESIAN_POINT('',(-1.59772554440675,73.927825109086,69.7189438085486));
#1975=CARTESIAN_POINT('',(-1.59658645250134,73.9343516543429,69.7359463129223));
#1976=CARTESIAN_POINT('',(-1.59391818420022,73.948540703379,69.7762451987739));
#1977=CARTESIAN_POINT('',(-1.58971040097194,73.9668174715229,69.8415792853685));
#1978=CARTESIAN_POINT('',(-1.58514204061685,73.9814640886933,69.914820645953));
#1979=CARTESIAN_POINT('',(-1.58063677150508,73.9906192672751,69.9894499330481));
#1980=CARTESIAN_POINT('',(-1.57623531122001,73.9941687192338,70.0648571988177));
#1981=CARTESIAN_POINT('',(-1.57197679510062,73.9920883531398,70.1404176322344));
#1982=CARTESIAN_POINT('',(-1.56820612193068,73.9850217935605,70.2098302877532));
#1983=CARTESIAN_POINT('',(-1.56525121350916,73.9755738927846,70.266131499873));
#1984=CARTESIAN_POINT('',(-1.5636570998818,73.9688483634028,70.2973064428766));
#1985=CARTESIAN_POINT('',(-1.56303770251966,73.9659741995466,70.3095487242509));
#1986=CARTESIAN_POINT('',(-2.11084423044131,73.9415493027717,69.7546965554409));
#1987=CARTESIAN_POINT('',(-2.10948331618178,73.9473682027649,69.7698554791252));
#1988=CARTESIAN_POINT('',(-2.10629201144978,73.9601246270742,69.8056577384612));
#1989=CARTESIAN_POINT('',(-2.10123952357175,73.9770169716672,69.8632880245545));
#1990=CARTESIAN_POINT('',(-2.09571642178577,73.9913193605468,69.9274809653601));
#1991=CARTESIAN_POINT('',(-2.09021846603896,74.001353321229,69.9925877802531));
#1992=CARTESIAN_POINT('',(-2.08478216770467,74.0070307101606,70.0581822733971));
#1993=CARTESIAN_POINT('',(-2.07944330375034,74.0083210004533,70.1238307973359));
#1994=CARTESIAN_POINT('',(-2.07462985122384,74.0054832267194,70.1841667879535));
#1995=CARTESIAN_POINT('',(-2.07078559779557,74.0002728525283,70.2331987725671));
#1996=CARTESIAN_POINT('',(-2.06867943689969,73.9962132495379,70.2604078193151));
#1997=CARTESIAN_POINT('',(-2.06785570087033,73.994435170593,70.2711041075905));
#1998=FACE_BOUND('',#1999,.T.);
#1999=EDGE_LOOP('',(#3451,#3452,#3453,#3454));
#2000=B_SPLINE_SURFACE_WITH_KNOTS('',3,3,(
(#2001,#2002,#2003,#2004,#2005,#2006,#2007,#2008,#2009,#2010,#2011,#2012),
(#2013,#2014,#2015,#2016,#2017,#2018,#2019,#2020,#2021,#2022,#2023,#2024),
(#2025,#2026,#2027,#2028,#2029,#2030,#2031,#2032,#2033,#2034,#2035,#2036),
(#2037,#2038,#2039,#2040,#2041,#2042,#2043,#2044,#2045,#2046,#2047,#2048),
(#2049,#2050,#2051,#2052,#2053,#2054,#2055,#2056,#2057,#2058,#2059,#2060),
(#2061,#2062,#2063,#2064,#2065,#2066,#2067,#2068,#2069,#2070,#2071,#2072)),
.UNSPECIFIED.,.F.,.F.,.F.,
(4,1,1,4),
(4,1,1,1,1,1,1,1,1,4),
(6.484760055084,12.8457283189053,20.5309430260622,26.8646626577432),
(0.,0.0987059647475847,0.230313917744364,0.361921870741144,0.493529823737923,0.625137776734703,
0.756745729731483,0.888353682728262,0.955003240558547,1.),
.UNSPECIFIED.);
#2001=CARTESIAN_POINT('',(2.99999017779097,73.9389869915989,69.7480215065569));
#2002=CARTESIAN_POINT('',(2.99973976467062,73.9452065949785,69.7642243442752));
#2003=CARTESIAN_POINT('',(2.99915343253155,73.9587939650263,69.8025220450906));
#2004=CARTESIAN_POINT('',(2.99822888093444,73.9765833030962,69.8642508269056));
#2005=CARTESIAN_POINT('',(2.99722370380909,73.9913209123197,69.9330584874226));
#2006=CARTESIAN_POINT('',(2.99622943501223,74.0012269756723,70.0028405165168));
#2007=CARTESIAN_POINT('',(2.99525347318245,74.0062084419692,70.0730847702567));
#2008=CARTESIAN_POINT('',(2.99430294957393,74.0062451126547,70.14327201253));
#2009=CARTESIAN_POINT('',(2.99353565755693,74.0021880954047,70.2014348834225));
#2010=CARTESIAN_POINT('',(2.99298756870783,73.9969828944239,70.2438315483839));
#2011=CARTESIAN_POINT('',(2.99274092539702,73.9940331306886,70.2631340757102));
#2012=CARTESIAN_POINT('',(2.99264235581216,73.9927543359424,70.2708850386819));
#2013=CARTESIAN_POINT('',(3.32587089121106,73.9423333026932,69.7569430906464));
#2014=CARTESIAN_POINT('',(3.32563490382817,73.9482728972226,69.772533073441));
#2015=CARTESIAN_POINT('',(3.32525493136082,73.9612662365729,69.8093800742199));
#2016=CARTESIAN_POINT('',(3.32529860588058,73.978359110147,69.8687784011305));
#2017=CARTESIAN_POINT('',(3.32615933730358,73.9926579767079,69.9350268150587));
#2018=CARTESIAN_POINT('',(3.32783547480837,74.0024634810974,70.0022823616944));
#2019=CARTESIAN_POINT('',(3.33031735438372,74.0076904909848,70.0700839169563));
#2020=CARTESIAN_POINT('',(3.33358339749185,74.008317007144,70.1379625659598));
#2021=CARTESIAN_POINT('',(3.33693982954704,74.0050309482757,70.1943484901258));
#2022=CARTESIAN_POINT('',(3.33974361491368,74.0005392990926,70.2355390182879));
#2023=CARTESIAN_POINT('',(3.34111224713811,73.9979527990433,70.2543171553659));
#2024=CARTESIAN_POINT('',(3.34167680050852,73.9968260466328,70.2618617691128));
#2025=CARTESIAN_POINT('',(4.04893768532299,74.1150303568616,69.7062692000785));
#2026=CARTESIAN_POINT('',(4.04887572672703,74.1205571391975,69.7209406243974));
#2027=CARTESIAN_POINT('',(4.04919473699346,74.132766693757,69.755552922042));
#2028=CARTESIAN_POINT('',(4.05142246140343,74.1493196590949,69.8111396286477));
#2029=CARTESIAN_POINT('',(4.05602438138045,74.1639330103914,69.8729242566722));
#2030=CARTESIAN_POINT('',(4.062789995349,74.1749798628883,69.9354870378012));
#2031=CARTESIAN_POINT('',(4.07168421250801,74.1823798035164,69.9984492080493));
#2032=CARTESIAN_POINT('',(4.08264518455622,74.1860963070204,70.0614271485855));
#2033=CARTESIAN_POINT('',(4.09345684859642,74.1861302597167,70.1137386962002));
#2034=CARTESIAN_POINT('',(4.10229732766224,74.1844733977456,70.1519739761697));
#2035=CARTESIAN_POINT('',(4.10657117007967,74.1832838406207,70.169413182427));
#2036=CARTESIAN_POINT('',(4.10832796478003,74.1827352556588,70.1764215188377));
#2037=CARTESIAN_POINT('',(4.82213951034512,74.8366173491401,69.4226764661232));
#2038=CARTESIAN_POINT('',(4.82227244948541,74.8425149973281,69.4376511000845));
#2039=CARTESIAN_POINT('',(4.82338350154947,74.8558564869883,69.4728621133422));
#2040=CARTESIAN_POINT('',(4.82810783101518,74.8751689433303,69.528973038694));
#2041=CARTESIAN_POINT('',(4.83700199531649,74.8940091012312,69.5907848663457));
#2042=CARTESIAN_POINT('',(4.84961728026815,74.9104806399308,69.6528102141167));
#2043=CARTESIAN_POINT('',(4.86588853245231,74.9244727786128,69.7146563285768));
#2044=CARTESIAN_POINT('',(4.88570535151256,74.9359072946413,69.7759322047844));
#2045=CARTESIAN_POINT('',(4.90509632969865,74.9432865074946,69.8263317555347));
#2046=CARTESIAN_POINT('',(4.92088119282322,74.9475159775911,69.8628880719147));
#2047=CARTESIAN_POINT('',(4.92849614242496,74.9491452319606,69.8794879968086));
#2048=CARTESIAN_POINT('',(4.93162388079216,74.9497512937073,69.8861470007807));
#2049=CARTESIAN_POINT('',(5.0000131906019,75.5048478816069,69.1516980092476));
#2050=CARTESIAN_POINT('',(5.00005303890184,75.5112149294257,69.1675487993932));
#2051=CARTESIAN_POINT('',(5.0011847506155,75.525957820094,69.2047411873184));
#2052=CARTESIAN_POINT('',(5.00683848353566,75.5485889492147,69.2636818031228));
#2053=CARTESIAN_POINT('',(5.01788324214535,75.5724144155065,69.3281379860282));
#2054=CARTESIAN_POINT('',(5.03377913848749,75.5951920287777,69.3922788321054));
#2055=CARTESIAN_POINT('',(5.05442917794302,75.616751275575,69.4556311063025));
#2056=CARTESIAN_POINT('',(5.07966658366109,75.6369402492995,69.5177324435925));
#2057=CARTESIAN_POINT('',(5.10439087446849,75.6525542169596,69.5682033308882));
#2058=CARTESIAN_POINT('',(5.12450989175685,75.6633235894281,69.6044480731229));
#2059=CARTESIAN_POINT('',(5.13421084054827,75.6680690508724,69.6208091062854));
#2060=CARTESIAN_POINT('',(5.13819428625562,75.6699489856095,69.6273560369768));
#2061=CARTESIAN_POINT('',(4.99999999997585,75.8032319401183,69.0236619855884));
#2062=CARTESIAN_POINT('',(5.00000008741255,75.8098941174311,69.0403550817197));
#2063=CARTESIAN_POINT('',(5.00110059460042,75.8254871032143,69.0794247518194));
#2064=CARTESIAN_POINT('',(5.00694085606096,75.8500446150508,69.140952431636));
#2065=CARTESIAN_POINT('',(5.01849051600064,75.876693584433,69.2077157927763));
#2066=CARTESIAN_POINT('',(5.0351908045745,75.9029904217602,69.273592518793));
#2067=CARTESIAN_POINT('',(5.05693306429669,75.9287272788071,69.3380619054421));
#2068=CARTESIAN_POINT('',(5.08352943067821,75.9537049905302,69.4006250718657));
#2069=CARTESIAN_POINT('',(5.10958728092375,75.9737840174598,69.4509142913214));
#2070=CARTESIAN_POINT('',(5.13078280469052,75.9880751437144,69.4867051206632));
#2071=CARTESIAN_POINT('',(5.14099935336202,75.9944921485313,69.5027753412857));
#2072=CARTESIAN_POINT('',(5.1451938288642,75.9970542928621,69.5091916688673));
#2073=FACE_BOUND('',#2074,.T.);
#2074=EDGE_LOOP('',(#3455,#3456,#3457,#3458));
#2075=B_SPLINE_SURFACE_WITH_KNOTS('',3,3,(
(#2076,#2077,#2078,#2079,#2080,#2081,#2082,#2083,#2084,#2085,#2086,#2087),
(#2088,#2089,#2090,#2091,#2092,#2093,#2094,#2095,#2096,#2097,#2098,#2099),
(#2100,#2101,#2102,#2103,#2104,#2105,#2106,#2107,#2108,#2109,#2110,#2111),
(#2112,#2113,#2114,#2115,#2116,#2117,#2118,#2119,#2120,#2121,#2122,#2123),
(#2124,#2125,#2126,#2127,#2128,#2129,#2130,#2131,#2132,#2133,#2134,#2135),
(#2136,#2137,#2138,#2139,#2140,#2141,#2142,#2143,#2144,#2145,#2146,#2147)),
.UNSPECIFIED.,.F.,.F.,.F.,
(4,1,1,4),
(4,1,1,1,1,1,1,1,1,4),
(0.659685396987611,2.10022091390149,3.88578535046882,5.34035241062798),
(0.,0.0969519215094416,0.226221150188697,0.355490378867952,0.484759607547208,0.614028836226463,
0.743298064905719,0.872567293584974,0.975615372075533,1.),
.UNSPECIFIED.);
#2076=CARTESIAN_POINT('',(5.,75.6622445491269,69.0914710703094));
#2077=CARTESIAN_POINT('',(5.00000008134274,75.6702677543958,69.106991611191));
#2078=CARTESIAN_POINT('',(5.00104935724913,75.6890630182931,69.1432976985591));
#2079=CARTESIAN_POINT('',(5.0066171325541,75.7187306924456,69.2004097379829));
#2080=CARTESIAN_POINT('',(5.01762879458482,75.7510172239817,69.2623152495855));
#2081=CARTESIAN_POINT('',(5.03355499270525,75.7829782302618,69.3233449584482));
#2082=CARTESIAN_POINT('',(5.05429767551743,75.8143685771422,69.3830295729083));
#2083=CARTESIAN_POINT('',(5.07968515987286,75.844951551267,69.4409197779593));
#2084=CARTESIAN_POINT('',(5.10746306976341,75.8725064192845,69.4928325451565));
#2085=CARTESIAN_POINT('',(5.12962378806342,75.8913354263793,69.5281467829033));
#2086=CARTESIAN_POINT('',(5.14124389047064,75.9004597283996,69.5452154925756));
#2087=CARTESIAN_POINT('',(5.14348969106355,75.9021973491949,69.548464389991));
#2088=CARTESIAN_POINT('',(5.,76.241510620038,68.7941151102241));
#2089=CARTESIAN_POINT('',(5.00000016097088,76.2505855956539,68.8131804243358));
#2090=CARTESIAN_POINT('',(5.00154850585999,76.2718650503737,68.8579133216231));
#2091=CARTESIAN_POINT('',(5.00979908160511,76.3054622476417,68.9286534649713));
#2092=CARTESIAN_POINT('',(5.02615454987869,76.3419188284627,69.0055770552958));
#2093=CARTESIAN_POINT('',(5.049819439967,76.3777810710694,69.0814330709582));
#2094=CARTESIAN_POINT('',(5.08060098579568,76.4126552255322,69.1554104125108));
#2095=CARTESIAN_POINT('',(5.11816202430205,76.4461659955677,69.2267323450852));
#2096=CARTESIAN_POINT('',(5.15906627665862,76.4758179756302,69.2900857765075));
#2097=CARTESIAN_POINT('',(5.19150837838867,76.4956722473989,69.3326762821914));
#2098=CARTESIAN_POINT('',(5.20845203163404,76.5051694293586,69.3530990953903));
#2099=CARTESIAN_POINT('',(5.21172418162008,76.5069733531844,69.3569801644159));
#2100=CARTESIAN_POINT('',(5.,77.5625435077055,68.1953404060656));
#2101=CARTESIAN_POINT('',(5.00000038120186,77.572108964283,68.2185029918757));
#2102=CARTESIAN_POINT('',(5.00219130210505,77.5946098009804,68.2729492319734));
#2103=CARTESIAN_POINT('',(5.01398308273447,77.6302864911097,68.3591455405884));
#2104=CARTESIAN_POINT('',(5.0374919109546,77.6689788470619,68.4524849562694));
#2105=CARTESIAN_POINT('',(5.07154388289888,77.7067975529717,68.5435949226089));
#2106=CARTESIAN_POINT('',(5.11569363164767,77.7431105516574,68.630973721966));
#2107=CARTESIAN_POINT('',(5.16916834463583,77.7773341784491,68.7132351337895));
#2108=CARTESIAN_POINT('',(5.22673847740871,77.8068246325267,68.7840438594704));
#2109=CARTESIAN_POINT('',(5.27177093488993,77.8259791027918,68.8299879814468));
#2110=CARTESIAN_POINT('',(5.29507705100761,77.8349652185023,68.8515286219429));
#2111=CARTESIAN_POINT('',(5.29957004476697,77.8366653535374,68.8556034962938));
#2112=CARTESIAN_POINT('',(5.00000000000001,79.5309130237217,67.438690960747));
#2113=CARTESIAN_POINT('',(5.00000038281671,79.5393261866908,67.4623460237986));
#2114=CARTESIAN_POINT('',(5.00219043165622,79.5590854015375,67.5179506859133));
#2115=CARTESIAN_POINT('',(5.01397890078693,79.5903076827001,67.6059780927594));
#2116=CARTESIAN_POINT('',(5.03748266786181,79.6240479056177,67.7012858104796));
#2117=CARTESIAN_POINT('',(5.07152772540313,79.656916644772,67.7942906212605));
#2118=CARTESIAN_POINT('',(5.11566687911443,79.6883762703984,67.8834479659649));
#2119=CARTESIAN_POINT('',(5.16912417344988,79.7179311444718,67.9673329834388));
#2120=CARTESIAN_POINT('',(5.22666779970188,79.7433119404869,68.0394812383678));
#2121=CARTESIAN_POINT('',(5.27167201794445,79.7597401277701,68.0862512709897));
#2122=CARTESIAN_POINT('',(5.29496090121571,79.7674305542091,68.1081660174622));
#2123=CARTESIAN_POINT('',(5.29945047482511,79.7688849052858,68.1123111535441));
#2124=CARTESIAN_POINT('',(5.,80.9195997012495,66.9981312599284));
#2125=CARTESIAN_POINT('',(5.00000016209437,80.9256211176729,67.0183817797818));
#2126=CARTESIAN_POINT('',(5.00155804685689,80.9397653066632,67.0658970964611));
#2127=CARTESIAN_POINT('',(5.0098595324675,80.9621964922076,67.1410390358458));
#2128=CARTESIAN_POINT('',(5.02631602149058,80.9866755709414,67.2227438115309));
#2129=CARTESIAN_POINT('',(5.05012711177611,81.0109105874837,67.3033013620313));
#2130=CARTESIAN_POINT('',(5.08109871399117,81.0346501510296,67.3818425416887));
#2131=CARTESIAN_POINT('',(5.11889136787466,81.0576517702174,67.4575355878705));
#2132=CARTESIAN_POINT('',(5.16004739749502,81.0781989137056,67.5247382389598));
#2133=CARTESIAN_POINT('',(5.19268883294672,81.0920914087161,67.569891357376));
#2134=CARTESIAN_POINT('',(5.20973649799511,81.0987760402787,67.5915354054943));
#2135=CARTESIAN_POINT('',(5.21302873148912,81.1000472311362,67.5956482636871));
#2136=CARTESIAN_POINT('',(5.,81.5547121564856,66.829608557849));
#2137=CARTESIAN_POINT('',(5.00000008135815,81.5591358402223,66.8465066856685));
#2138=CARTESIAN_POINT('',(5.00104935686296,81.569464461471,66.8860537533984));
#2139=CARTESIAN_POINT('',(5.00661714284196,81.5856397174124,66.9483330708181));
#2140=CARTESIAN_POINT('',(5.01762884014218,81.6030805812508,67.0159271071688));
#2141=CARTESIAN_POINT('',(5.03355509302692,81.6201809466146,67.0826539701549));
#2142=CARTESIAN_POINT('',(5.05429783211434,81.6368088440016,67.148000896237));
#2143=CARTESIAN_POINT('',(5.07968534302133,81.652839360837,67.2114755826937));
#2144=CARTESIAN_POINT('',(5.10746321010951,81.6671219140992,67.26848403594));
#2145=CARTESIAN_POINT('',(5.12962382413596,81.6767773642524,67.3073218352888));
#2146=CARTESIAN_POINT('',(5.14124384723806,81.6814273847286,67.3261095248483));
#2147=CARTESIAN_POINT('',(5.14348963158548,81.6823118509176,67.3296862119094));
#2148=FACE_BOUND('',#2149,.T.);
#2149=EDGE_LOOP('',(#3459,#3460,#3461,#3462));
#2150=B_SPLINE_SURFACE_WITH_KNOTS('',3,3,(
(#2151,#2152,#2153,#2154,#2155,#2156,#2157,#2158,#2159,#2160,#2161,#2162),
(#2163,#2164,#2165,#2166,#2167,#2168,#2169,#2170,#2171,#2172,#2173,#2174),
(#2175,#2176,#2177,#2178,#2179,#2180,#2181,#2182,#2183,#2184,#2185,#2186),
(#2187,#2188,#2189,#2190,#2191,#2192,#2193,#2194,#2195,#2196,#2197,#2198),
(#2199,#2200,#2201,#2202,#2203,#2204,#2205,#2206,#2207,#2208,#2209,#2210),
(#2211,#2212,#2213,#2214,#2215,#2216,#2217,#2218,#2219,#2220,#2221,#2222)),
.UNSPECIFIED.,.F.,.F.,.F.,
(4,1,1,4),
(4,1,1,1,1,1,1,1,1,4),
(6.61954491550121,13.0598336026706,20.8879723416546,27.3907343554302),
(0.,0.0987059644751963,0.230313917108791,0.361921869742387,0.493529822375982,0.625137775009577,
0.756745727643172,0.888353680276767,0.955003239105809,1.),
.UNSPECIFIED.);
#2151=CARTESIAN_POINT('',(4.99999999997585,81.404696143716,66.8734613319651));
#2152=CARTESIAN_POINT('',(5.00000008740866,81.4109150407246,66.8903245875635));
#2153=CARTESIAN_POINT('',(5.00110059516823,81.4254699029148,66.9297927572385));
#2154=CARTESIAN_POINT('',(5.00694085969725,81.4483901688923,66.9919489226854));
#2155=CARTESIAN_POINT('',(5.01849052571867,81.4732595401092,67.0593954187539));
#2156=CARTESIAN_POINT('',(5.03519082309436,81.4977973282302,67.1259473964998));
#2157=CARTESIAN_POINT('',(5.05693309428166,81.5218095753685,67.1910788195734));
#2158=CARTESIAN_POINT('',(5.08352947469295,81.5451104733687,67.254285679709));
#2159=CARTESIAN_POINT('',(5.10958733878115,81.5638389308672,67.3050933590565));
#2160=CARTESIAN_POINT('',(5.13078287398575,81.577167315965,67.3412537705841));
#2161=CARTESIAN_POINT('',(5.14099942831888,81.5831516394595,67.3574900920915));
#2162=CARTESIAN_POINT('',(5.14519390619128,81.5855409608619,67.3639727643886));
#2163=CARTESIAN_POINT('',(5.00000498329263,81.7111954911211,66.7686934295622));
#2164=CARTESIAN_POINT('',(5.00004471901546,81.717083117436,66.7847672928471));
#2165=CARTESIAN_POINT('',(5.0011755100928,81.731041219162,66.822346798165));
#2166=CARTESIAN_POINT('',(5.00682534466236,81.7536949655731,66.8813934048587));
#2167=CARTESIAN_POINT('',(5.01786276736948,81.7791412067935,66.945325795099));
#2168=CARTESIAN_POINT('',(5.03374826008508,81.8051412444727,67.0083002104363));
#2169=CARTESIAN_POINT('',(5.05438488545741,81.8315050213688,67.0698502474493));
#2170=CARTESIAN_POINT('',(5.07960596507269,81.8580361506646,67.1295303876252));
#2171=CARTESIAN_POINT('',(5.10431429736692,81.8801767246711,67.1774832653582));
#2172=CARTESIAN_POINT('',(5.12442033847667,81.8963995729472,67.2116123373444));
#2173=CARTESIAN_POINT('',(5.13411503177999,81.9038070297684,67.2269380244058));
#2174=CARTESIAN_POINT('',(5.13809590894933,81.906784975053,67.2330575006391));
#2175=CARTESIAN_POINT('',(4.82282876209406,82.3885788584721,66.5242948720706));
#2176=CARTESIAN_POINT('',(4.82296159737244,82.3942042903834,66.5393399513305));
#2177=CARTESIAN_POINT('',(4.82407381157859,82.4078248745343,66.5743696234524));
#2178=CARTESIAN_POINT('',(4.82880519705916,82.4309856390159,66.6289069429207));
#2179=CARTESIAN_POINT('',(4.83771363811495,82.4583186215109,66.6873801310368));
#2180=CARTESIAN_POINT('',(4.85034975751313,82.4875645988269,66.7444508550704));
#2181=CARTESIAN_POINT('',(4.86664829987937,82.518543256647,66.7997536214496));
#2182=CARTESIAN_POINT('',(4.88649868341776,82.5510510838171,66.8529456510999));
#2183=CARTESIAN_POINT('',(4.9059227318312,82.5793025349293,66.8953610140352));
#2184=CARTESIAN_POINT('',(4.92173462376365,82.6006332017905,66.9253860224155));
#2185=CARTESIAN_POINT('',(4.92936263819751,82.6105369483334,66.938828117108));
#2186=CARTESIAN_POINT('',(4.93249574675228,82.6145452995765,66.9441890533666));
#2187=CARTESIAN_POINT('',(4.05067144331347,83.1151366704751,66.2509588651889));
#2188=CARTESIAN_POINT('',(4.05061005410308,83.1208568707899,66.2655872115049));
#2189=CARTESIAN_POINT('',(4.05093028992144,83.1349647154206,66.2995385772914));
#2190=CARTESIAN_POINT('',(4.0531595386988,83.1598805859262,66.3520024589437));
#2191=CARTESIAN_POINT('',(4.05776259348274,83.1903731002033,66.4077621106672));
#2192=CARTESIAN_POINT('',(4.06452880032787,83.2240224990431,66.4616934431898));
#2193=CARTESIAN_POINT('',(4.07342306894525,83.2606351217731,66.5134608119396));
#2194=CARTESIAN_POINT('',(4.08438356588234,83.2999816747685,66.5627546357461));
#2195=CARTESIAN_POINT('',(4.09519441671676,83.3349216954603,66.6016398344989));
#2196=CARTESIAN_POINT('',(4.10403408366456,83.3617034159486,66.6289270738902));
#2197=CARTESIAN_POINT('',(4.10830750153451,83.3742394648814,66.6410801668493));
#2198=CARTESIAN_POINT('',(4.11006411703805,83.3793295198397,66.6459165779327));
#2199=CARTESIAN_POINT('',(3.32687060732457,83.2784311484021,66.1735859880887));
#2200=CARTESIAN_POINT('',(3.32663463602744,83.2844398320633,66.1891216863408));
#2201=CARTESIAN_POINT('',(3.32625574086686,83.2994200513212,66.225145205486));
#2202=CARTESIAN_POINT('',(3.32630498002953,83.3264396147933,66.2806529894951));
#2203=CARTESIAN_POINT('',(3.32717665038209,83.3601263286988,66.3393922585069));
#2204=CARTESIAN_POINT('',(3.32886857422539,83.397835749958,66.3958910043013));
#2205=CARTESIAN_POINT('',(3.33137100450406,83.4393227426407,66.4497500945604));
#2206=CARTESIAN_POINT('',(3.33466221853221,83.4842899035898,66.5006065705615));
#2207=CARTESIAN_POINT('',(3.33804337215089,83.5244804321619,66.5403206693291));
#2208=CARTESIAN_POINT('',(3.34086732094998,83.5553985525314,66.5679414373617));
#2209=CARTESIAN_POINT('',(3.34224568904641,83.5698952370499,66.580174957932));
#2210=CARTESIAN_POINT('',(3.34281424256794,83.5757849202043,66.5850318650615));
#2211=CARTESIAN_POINT('',(2.99999017838685,83.2747912566711,66.1643420114994));
#2212=CARTESIAN_POINT('',(2.99973974195977,83.2810110048818,66.1805447933018));
#2213=CARTESIAN_POINT('',(2.99915336106438,83.2965397847434,66.2180972567749));
#2214=CARTESIAN_POINT('',(2.99822875426053,83.3246243495691,66.2758740743285));
#2215=CARTESIAN_POINT('',(2.99722354455706,83.3597134884944,66.3368695213467));
#2216=CARTESIAN_POINT('',(2.99622927138978,83.3990451485001,66.3953561323084));
#2217=CARTESIAN_POINT('',(2.99525333354747,83.4423457887759,66.4508910465199));
#2218=CARTESIAN_POINT('',(2.99430286201479,83.4892829827997,66.5030748806754));
#2219=CARTESIAN_POINT('',(2.99353563640428,83.531216504775,66.5435836532767));
#2220=CARTESIAN_POINT('',(2.99298760874703,83.5634536402751,66.5716075647393));
#2221=CARTESIAN_POINT('',(2.99274099659249,83.5785616593211,66.5839783650774));
#2222=CARTESIAN_POINT('',(2.99264244005415,83.5846983979207,66.5888827741739));
#2223=FACE_BOUND('',#2224,.T.);
#2224=EDGE_LOOP('',(#3463,#3464,#3465,#3466));
#2225=B_SPLINE_SURFACE_WITH_KNOTS('',3,3,(
(#2226,#2227,#2228,#2229,#2230,#2231,#2232,#2233,#2234,#2235,#2236,#2237),
(#2238,#2239,#2240,#2241,#2242,#2243,#2244,#2245,#2246,#2247,#2248,#2249),
(#2250,#2251,#2252,#2253,#2254,#2255,#2256,#2257,#2258,#2259,#2260,#2261),
(#2262,#2263,#2264,#2265,#2266,#2267,#2268,#2269,#2270,#2271,#2272,#2273),
(#2274,#2275,#2276,#2277,#2278,#2279,#2280,#2281,#2282,#2283,#2284,#2285),
(#2286,#2287,#2288,#2289,#2290,#2291,#2292,#2293,#2294,#2295,#2296,#2297)),
.UNSPECIFIED.,.F.,.F.,.F.,
(4,1,1,4),
(4,1,1,1,1,1,1,1,1,4),
(1.0441827736984,2.92842190971655,5.20928230310829,6.95581722630592),
(0.,0.0934194970227626,0.217978826386446,0.342538155750129,0.467097485113813,0.591656814477496,
0.71621614384118,0.840775473204863,0.937082361104132,1.),
.UNSPECIFIED.);
#2226=CARTESIAN_POINT('',(3.11084423044032,83.2773535677393,66.1710170599762));
#2227=CARTESIAN_POINT('',(3.1094833161808,83.2831725821161,66.186175939753));
#2228=CARTESIAN_POINT('',(3.10629201144882,83.2976490988978,66.2213179174528));
#2229=CARTESIAN_POINT('',(3.10123952357084,83.3236578287021,66.2754487511346));
#2230=CARTESIAN_POINT('',(3.0957164217849,83.3559825438201,66.332723569071));
#2231=CARTESIAN_POINT('',(3.09021846603815,83.3920908203883,66.3878213918582));
#2232=CARTESIAN_POINT('',(3.0847821677039,83.4317629811538,66.4403665147169));
#2233=CARTESIAN_POINT('',(3.07944330374964,83.4747315452303,66.490016248309));
#2234=CARTESIAN_POINT('',(3.0746298512231,83.5172130800855,66.5329557862685));
#2235=CARTESIAN_POINT('',(3.07078559779455,83.5538939443044,66.5659072310785));
#2236=CARTESIAN_POINT('',(3.06867943689837,83.5751172232132,66.5834110887676));
#2237=CARTESIAN_POINT('',(3.0678557008688,83.5835958072425,66.5901702130106));
#2238=CARTESIAN_POINT('',(2.55734854327811,83.2621413985467,66.1313880043625));
#2239=CARTESIAN_POINT('',(2.55622589631867,83.2687471475768,66.148596288203));
#2240=CARTESIAN_POINT('',(2.55359530797995,83.2853669950101,66.1885076907043));
#2241=CARTESIAN_POINT('',(2.54944441220032,83.3158676617574,66.2499759038288));
#2242=CARTESIAN_POINT('',(2.54493566132918,83.3544520893666,66.3148729944352));
#2243=CARTESIAN_POINT('',(2.54048806355908,83.3981012685455,66.3770307166969));
#2244=CARTESIAN_POINT('',(2.53614286389255,83.4464831627759,66.435905405533));
#2245=CARTESIAN_POINT('',(2.53193969411291,83.4991868360828,66.4910049516092));
#2246=CARTESIAN_POINT('',(2.5282197281866,83.5514585650061,66.5380527470342));
#2247=CARTESIAN_POINT('',(2.52530635557682,83.5966308522131,66.5736369073366));
#2248=CARTESIAN_POINT('',(2.52373553558118,83.6227570660223,66.5923033417698));
#2249=CARTESIAN_POINT('',(2.52312534308565,83.6331902509239,66.599471682265));
#2250=CARTESIAN_POINT('',(1.33185263853383,83.2392615094526,66.0717838554819));
#2251=CARTESIAN_POINT('',(1.33136037159383,83.2469834553736,66.0918996601309));
#2252=CARTESIAN_POINT('',(1.33020310573886,83.2666104453942,66.1385217080083));
#2253=CARTESIAN_POINT('',(1.32836779641322,83.3033151471796,66.2100334472944));
#2254=CARTESIAN_POINT('',(1.32637136447125,83.3504335545781,66.2848732122711));
#2255=CARTESIAN_POINT('',(1.32440812288249,83.4042196975457,66.3555896817386));
#2256=CARTESIAN_POINT('',(1.32250517726589,83.4640996983236,66.4213106550333));
#2257=CARTESIAN_POINT('',(1.32068807031425,83.5293535612904,66.4812778430431));
#2258=CARTESIAN_POINT('',(1.31910887181971,83.593867947731,66.5308218797815));
#2259=CARTESIAN_POINT('',(1.31789766728359,83.6493054389468,66.5669308625463));
#2260=CARTESIAN_POINT('',(1.31725616671458,83.6811926598062,66.5852716835208));
#2261=CARTESIAN_POINT('',(1.31700889521052,83.6938943416056,66.592215309237));
#2262=CARTESIAN_POINT('',(-0.413070465092387,83.2399349076271,66.0735381177024));
#2263=CARTESIAN_POINT('',(-0.412531752927541,83.2476300716694,66.0935841700646));
#2264=CARTESIAN_POINT('',(-0.411265257485323,83.2671689560027,66.1400376670787));
#2265=CARTESIAN_POINT('',(-0.409256332648219,83.3036399294457,66.2112742663844));
#2266=CARTESIAN_POINT('',(-0.4070701271095,83.350387471428,66.2858201504475));
#2267=CARTESIAN_POINT('',(-0.404918886658223,83.4036952869853,66.3562676532857));
#2268=CARTESIAN_POINT('',(-0.402831857711669,83.463003060185,66.4217612817529));
#2269=CARTESIAN_POINT('',(-0.400836637838673,83.5276087080361,66.4815561905935));
#2270=CARTESIAN_POINT('',(-0.399100066739693,83.5914730891509,66.5310003903841));
#2271=CARTESIAN_POINT('',(-0.397765997116643,83.6463548289757,66.5670735226415));
#2272=CARTESIAN_POINT('',(-0.397058457066194,83.677926237572,66.5854128301415));
#2273=CARTESIAN_POINT('',(-0.396785569190902,83.6905029751878,66.5923586989343));
#2274=CARTESIAN_POINT('',(-1.59772554440829,83.2636293740539,66.1352643130847));
#2275=CARTESIAN_POINT('',(-1.59658645250289,83.2701561017793,66.1522667474157));
#2276=CARTESIAN_POINT('',(-1.59391818420181,83.2865768013354,66.1917089828937));
#2277=CARTESIAN_POINT('',(-1.58971040097359,83.3167115526417,66.2524912162251));
#2278=CARTESIAN_POINT('',(-1.58514204061857,83.3548350309,66.3167206541828));
#2279=CARTESIAN_POINT('',(-1.58063677150687,83.397968147437,66.3783070329133));
#2280=CARTESIAN_POINT('',(-1.57623531122186,83.4457877000498,66.4367205992147));
#2281=CARTESIAN_POINT('',(-1.57197679510254,83.4978935119769,66.4914809076938));
#2282=CARTESIAN_POINT('',(-1.56820612193257,83.5495911214404,66.5383361121702));
#2283=CARTESIAN_POINT('',(-1.56525121351084,83.5942851442229,66.5738541870533));
#2284=CARTESIAN_POINT('',(-1.56365709988327,83.6201432951015,66.5925214270803));
#2285=CARTESIAN_POINT('',(-1.56303770252098,83.6304709002609,66.5996960241337));
#2286=CARTESIAN_POINT('',(-2.11084423044413,83.2773535677393,66.1710170599763));
#2287=CARTESIAN_POINT('',(-2.1094833161846,83.2831725821162,66.1861759397531));
#2288=CARTESIAN_POINT('',(-2.10629201145262,83.2976490988978,66.2213179174529));
#2289=CARTESIAN_POINT('',(-2.10123952357462,83.3236578287021,66.2754487511347));
#2290=CARTESIAN_POINT('',(-2.09571642178867,83.3559825438203,66.3327235690712));
#2291=CARTESIAN_POINT('',(-2.0902184660419,83.3920908203884,66.3878213918583));
#2292=CARTESIAN_POINT('',(-2.08478216770763,83.431762981154,66.4403665147173));
#2293=CARTESIAN_POINT('',(-2.07944330375334,83.4747315452305,66.4900162483091));
#2294=CARTESIAN_POINT('',(-2.07462985122678,83.5172130800857,66.5329557862689));
#2295=CARTESIAN_POINT('',(-2.0707855977982,83.5538939443048,66.5659072310787));
#2296=CARTESIAN_POINT('',(-2.06867943690201,83.5751172232134,66.5834110887679));
#2297=CARTESIAN_POINT('',(-2.06785570087243,83.5835958072428,66.5901702130108));
#2298=FACE_BOUND('',#2299,.T.);
#2299=EDGE_LOOP('',(#3467,#3468,#3469,#3470));
#2300=B_SPLINE_SURFACE_WITH_KNOTS('',3,3,(
(#2301,#2302,#2303,#2304,#2305,#2306,#2307,#2308,#2309,#2310,#2311,#2312),
(#2313,#2314,#2315,#2316,#2317,#2318,#2319,#2320,#2321,#2322,#2323,#2324),
(#2325,#2326,#2327,#2328,#2329,#2330,#2331,#2332,#2333,#2334,#2335,#2336),
(#2337,#2338,#2339,#2340,#2341,#2342,#2343,#2344,#2345,#2346,#2347,#2348),
(#2349,#2350,#2351,#2352,#2353,#2354,#2355,#2356,#2357,#2358,#2359,#2360),
(#2361,#2362,#2363,#2364,#2365,#2366,#2367,#2368,#2369,#2370,#2371,#2372)),
.UNSPECIFIED.,.F.,.F.,.F.,
(4,1,1,4),
(4,1,1,1,1,1,1,1,1,4),
(6.60926564456593,13.09236350758,20.92513167196,27.3804550844949),
(0.,0.0987059644731794,0.230313917104085,0.361921869734991,0.493529822365897,0.625137774996803,
0.756745727627709,0.888353680258614,0.955003239095052,1.),
.UNSPECIFIED.);
#2301=CARTESIAN_POINT('',(-1.99999017838684,83.274791256671,66.1643420114992));
#2302=CARTESIAN_POINT('',(-1.99973974195981,83.2810110048816,66.1805447933014));
#2303=CARTESIAN_POINT('',(-1.99915336106449,83.2965397847428,66.2180972567735));
#2304=CARTESIAN_POINT('',(-1.9982287542608,83.3246243495682,66.2758740743264));
#2305=CARTESIAN_POINT('',(-1.99722354455749,83.3597134884921,66.336869521343));
#2306=CARTESIAN_POINT('',(-1.99622927139036,83.3990451484973,66.3953561323041));
#2307=CARTESIAN_POINT('',(-1.99525333354821,83.4423457887714,66.4508910465147));
#2308=CARTESIAN_POINT('',(-1.99430286201567,83.4892829827941,66.5030748806695));
#2309=CARTESIAN_POINT('',(-1.99353563640526,83.5312165047693,66.5435836532716));
#2310=CARTESIAN_POINT('',(-1.99298760874804,83.5634536402714,66.5716075647361));
#2311=CARTESIAN_POINT('',(-1.9927409965935,83.5785616593198,66.5839783650763));
#2312=CARTESIAN_POINT('',(-1.99264244005515,83.5846983979209,66.5888827741739));
#2313=CARTESIAN_POINT('',(-2.32587105304443,83.2782741785311,66.1732111122083));
#2314=CARTESIAN_POINT('',(-2.3256350094614,83.2842920214759,66.1887711172255));
#2315=CARTESIAN_POINT('',(-2.3252551101894,83.2992919559019,66.2248483055608));
#2316=CARTESIAN_POINT('',(-2.32529965231496,83.3263361470772,66.2804285656701));
#2317=CARTESIAN_POINT('',(-2.32616227246819,83.3600414288758,66.3392311484455));
#2318=CARTESIAN_POINT('',(-2.32784124340578,83.3977608440284,66.3957767165496));
#2319=CARTESIAN_POINT('',(-2.33032690209373,83.4392490919059,66.4496656420708));
#2320=CARTESIAN_POINT('',(-2.33359766913685,83.4842087220482,66.5005347329877));
#2321=CARTESIAN_POINT('',(-2.33695883459319,83.5243856777419,66.5402450112889));
#2322=CARTESIAN_POINT('',(-2.33976654445445,83.5552898324831,66.567855123925));
#2323=CARTESIAN_POINT('',(-2.34113708942693,83.5697791026644,66.5800817609983));
#2324=CARTESIAN_POINT('',(-2.34170243174379,83.5756656362415,66.5849355733147));
#2325=CARTESIAN_POINT('',(-3.04893784862737,83.1160276719687,66.2511101552892));
#2326=CARTESIAN_POINT('',(-3.0488758577181,83.1217374751346,66.2657111819077));
#2327=CARTESIAN_POINT('',(-3.04919437962177,83.1358234585064,66.2996021853502));
#2328=CARTESIAN_POINT('',(-3.05141981678725,83.1607140903025,66.3519842304972));
#2329=CARTESIAN_POINT('',(-3.05601734207491,83.1911908040308,66.4076716453793));
#2330=CARTESIAN_POINT('',(-3.06277666158564,83.2248363213443,66.4615483474862));
#2331=CARTESIAN_POINT('',(-3.07166268850477,83.2614569808384,66.5132790051873));
#2332=CARTESIAN_POINT('',(-3.08261358334267,83.3008232995547,66.5625540875146));
#2333=CARTESIAN_POINT('',(-3.09341526380146,83.3357893247125,66.601438467998));
#2334=CARTESIAN_POINT('',(-3.10224752194777,83.3625952440706,66.6287331350306));
#2335=CARTESIAN_POINT('',(-3.10651737116481,83.3751436561947,66.6408916716134));
#2336=CARTESIAN_POINT('',(-3.10827252094578,83.3802388937374,66.6457306030103));
#2337=CARTESIAN_POINT('',(-3.82213959841795,82.3900234764723,66.5231953567447));
#2338=CARTESIAN_POINT('',(-3.82227255317913,82.3956609219974,66.5382702949071));
#2339=CARTESIAN_POINT('',(-3.82338426150315,82.4093082929424,66.5733657259008));
#2340=CARTESIAN_POINT('',(-3.82811189551586,82.4325063112925,66.627991377213));
#2341=CARTESIAN_POINT('',(-3.83701250031598,82.4598735465186,66.6865413662488));
#2342=CARTESIAN_POINT('',(-3.84963706416215,82.4891471532288,66.7436687512502));
#2343=CARTESIAN_POINT('',(-3.86592043838957,82.5201467056282,66.7990077486895));
#2344=CARTESIAN_POINT('',(-3.88575222812911,82.5526687075385,66.8522155861053));
#2345=CARTESIAN_POINT('',(-3.90515809730552,82.5809265011953,66.8946273397782));
#2346=CARTESIAN_POINT('',(-3.92095526493736,82.6022589065368,66.9246406115763));
#2347=CARTESIAN_POINT('',(-3.92857620347347,82.6121627126302,66.938075023643));
#2348=CARTESIAN_POINT('',(-3.93170641099418,82.616170970076,66.9434324956405));
#2349=CARTESIAN_POINT('',(-4.00001319396811,81.7121113534329,66.7689529893413));
#2350=CARTESIAN_POINT('',(-4.00005303805694,81.7179859025457,66.7849928687013));
#2351=CARTESIAN_POINT('',(-4.00118399155943,81.731915317906,66.8224962267462));
#2352=CARTESIAN_POINT('',(-4.00683373546076,81.7545310629258,66.8814355850849));
#2353=CARTESIAN_POINT('',(-4.01787061709765,81.779945184234,66.9452677046998));
#2354=CARTESIAN_POINT('',(-4.03375513012618,81.805922813723,67.0081595969854));
#2355=CARTESIAN_POINT('',(-4.05439035523372,81.8322741213678,67.0696456155192));
#2356=CARTESIAN_POINT('',(-4.0796096460708,81.8588027908159,67.1292807113542));
#2357=CARTESIAN_POINT('',(-4.1043161966178,81.8809496002107,67.1772119526265));
#2358=CARTESIAN_POINT('',(-4.12442078992889,81.89718154021,67.211333895388));
#2359=CARTESIAN_POINT('',(-4.13411478799121,81.90459430823,67.226658566857));
#2360=CARTESIAN_POINT('',(-4.13809538036883,81.9075745767208,67.2327779980871));
#2361=CARTESIAN_POINT('',(-3.99999999997584,81.4046961437138,66.8734613319595));
#2362=CARTESIAN_POINT('',(-4.00000008740866,81.4109150407226,66.8903245875578));
#2363=CARTESIAN_POINT('',(-4.0011005951682,81.4254699029124,66.9297927572328));
#2364=CARTESIAN_POINT('',(-4.00694085969725,81.4483901688904,66.9919489226798));
#2365=CARTESIAN_POINT('',(-4.01849052571863,81.4732595401068,67.0593954187482));
#2366=CARTESIAN_POINT('',(-4.03519082309434,81.4977973282282,67.1259473964943));
#2367=CARTESIAN_POINT('',(-4.05693309428165,81.5218095753661,67.1910788195677));
#2368=CARTESIAN_POINT('',(-4.08352947469294,81.5451104733668,67.2542856797035));
#2369=CARTESIAN_POINT('',(-4.10958733878188,81.5638389308654,67.3050933590522));
#2370=CARTESIAN_POINT('',(-4.13078287398835,81.5771673159646,67.3412537705829));
#2371=CARTESIAN_POINT('',(-4.14099942832349,81.58315163946,67.3574900920932));
#2372=CARTESIAN_POINT('',(-4.14519390619706,81.5855409608631,67.3639727643919));
#2373=FACE_BOUND('',#2374,.T.);
#2374=EDGE_LOOP('',(#3471,#3472,#3473));
#2375=B_SPLINE_SURFACE_WITH_KNOTS('',3,3,(
(#2376,#2377,#2378,#2379,#2380,#2381,#2382,#2383,#2384,#2385,#2386,#2387),
(#2388,#2389,#2390,#2391,#2392,#2393,#2394,#2395,#2396,#2397,#2398,#2399),
(#2400,#2401,#2402,#2403,#2404,#2405,#2406,#2407,#2408,#2409,#2410,#2411),
(#2412,#2413,#2414,#2415,#2416,#2417,#2418,#2419,#2420,#2421,#2422,#2423),
(#2424,#2425,#2426,#2427,#2428,#2429,#2430,#2431,#2432,#2433,#2434,#2435),
(#2436,#2437,#2438,#2439,#2440,#2441,#2442,#2443,#2444,#2445,#2446,#2447)),
.UNSPECIFIED.,.F.,.F.,.F.,
(4,1,1,4),
(4,1,1,1,1,1,1,1,1,4),
(1.16206184382394,2.38983941228904,6.10026645592517,10.),
(0.,0.0891854181414952,0.208099308996822,0.327013199852149,0.445927090707476,0.564840981562803,
0.68375487241813,0.802668763273457,0.921582654128784,1.),
.UNSPECIFIED.);
#2376=CARTESIAN_POINT('',(-3.9465317823573,8.03289403304787,20.));
#2377=CARTESIAN_POINT('',(-3.9651930151739,8.07054173528163,19.9999959653525));
#2378=CARTESIAN_POINT('',(-4.00986329740622,8.16069218021252,19.9938122963256));
#2379=CARTESIAN_POINT('',(-4.08239353279911,8.30719823696382,19.9580488066952));
#2380=CARTESIAN_POINT('',(-4.16034751195429,8.46484481349103,19.8831861462913));
#2381=CARTESIAN_POINT('',(-4.23236514571782,8.61069606911556,19.7727077849081));
#2382=CARTESIAN_POINT('',(-4.2938354063315,8.73542669634931,19.6311229649135));
#2383=CARTESIAN_POINT('',(-4.34121182517057,8.8318397289541,19.466748111805));
#2384=CARTESIAN_POINT('',(-4.37268186989974,8.89622507128424,19.2901095565105));
#2385=CARTESIAN_POINT('',(-4.38654789546642,8.92500093937904,19.1321123721816));
#2386=CARTESIAN_POINT('',(-4.38868249805726,8.92979066284429,19.0369168705414));
#2387=CARTESIAN_POINT('',(-4.38862563617962,8.92986373029798,18.9999308178191));
#2388=CARTESIAN_POINT('',(-3.77770378917253,8.11203201592279,20.));
#2389=CARTESIAN_POINT('',(-3.79892802568243,8.14785251752408,19.9999962415353));
#2390=CARTESIAN_POINT('',(-3.84971128468712,8.23353400006602,19.9940283722207));
#2391=CARTESIAN_POINT('',(-3.93215308254106,8.37252684740169,19.9596332231507));
#2392=CARTESIAN_POINT('',(-4.02089484708346,8.52208326983397,19.8878122604684));
#2393=CARTESIAN_POINT('',(-4.10320243086995,8.66086653108652,19.7819199825559));
#2394=CARTESIAN_POINT('',(-4.17399499014637,8.78044004708291,19.6461072296206));
#2395=CARTESIAN_POINT('',(-4.22933386642052,8.8742057761053,19.4880340215538));
#2396=CARTESIAN_POINT('',(-4.26715822746805,8.9385931713101,19.3174596647197));
#2397=CARTESIAN_POINT('',(-4.28517163164733,8.96944703257657,19.1640428489921));
#2398=CARTESIAN_POINT('',(-4.28917428343164,8.97633942093327,19.0711038492347));
#2399=CARTESIAN_POINT('',(-4.2897574242855,8.97734316104617,19.0349120857213));
#2400=CARTESIAN_POINT('',(-3.1120894260852,8.56930626221432,20.));
#2401=CARTESIAN_POINT('',(-3.14266390104367,8.59375700824148,19.9999978210421));
#2402=CARTESIAN_POINT('',(-3.21549958672847,8.65181300178495,19.9949756929266));
#2403=CARTESIAN_POINT('',(-3.33288218437105,8.74496316960023,19.9668157610683));
#2404=CARTESIAN_POINT('',(-3.45936822327241,8.84552827214564,19.9091532367326));
#2405=CARTESIAN_POINT('',(-3.57851580681001,8.94131573708024,19.8247453709392));
#2406=CARTESIAN_POINT('',(-3.68469529078586,9.02867642870735,19.7158154835468));
#2407=CARTESIAN_POINT('',(-3.7731177906015,9.10437489007195,19.5864931503513));
#2408=CARTESIAN_POINT('',(-3.84044128611583,9.16591584866018,19.4423874276849));
#2409=CARTESIAN_POINT('',(-3.8800371547747,9.2065793517247,19.3072570961014));
#2410=CARTESIAN_POINT('',(-3.8944688692206,9.22457965289743,19.2221082458832));
#2411=CARTESIAN_POINT('',(-3.89866794063506,9.23059977442338,19.1884252043785));
#2412=CARTESIAN_POINT('',(-2.50138339745469,9.59075124563907,20.));
#2413=CARTESIAN_POINT('',(-2.52594956524122,9.59939899413605,20.0000002759817));
#2414=CARTESIAN_POINT('',(-2.5834135306135,9.61953065386872,19.998114979639));
#2415=CARTESIAN_POINT('',(-2.67386592988935,9.65103333234358,19.9884212179514));
#2416=CARTESIAN_POINT('',(-2.77235303092858,9.68542329828687,19.9696601071562));
#2417=CARTESIAN_POINT('',(-2.87042436173758,9.72009369482714,19.9427059264821));
#2418=CARTESIAN_POINT('',(-2.96781748946555,9.75528356735308,19.9072861548275));
#2419=CARTESIAN_POINT('',(-3.06403867018343,9.79113295128828,19.8629011916974));
#2420=CARTESIAN_POINT('',(-3.15821373785506,9.8276021819665,19.808953298424));
#2421=CARTESIAN_POINT('',(-3.23873363426901,9.86023039716276,19.7522028615014));
#2422=CARTESIAN_POINT('',(-3.28669130255088,9.88049148650658,19.7120824604789));
#2423=CARTESIAN_POINT('',(-3.30530205636271,9.88849014732272,19.6954081450501));
#2424=CARTESIAN_POINT('',(-2.19475201501645,10.3662202340992,20.));
#2425=CARTESIAN_POINT('',(-2.20277140119081,10.370288928724,19.9999999428074));
#2426=CARTESIAN_POINT('',(-2.22145842794927,10.3798007089217,20.0000498997354));
#2427=CARTESIAN_POINT('',(-2.250805748842,10.3947928527626,20.0002792873825));
#2428=CARTESIAN_POINT('',(-2.28285524074952,10.4111365295859,20.0006752185535));
#2429=CARTESIAN_POINT('',(-2.31495366616757,10.4273845158716,20.0012163650826));
#2430=CARTESIAN_POINT('',(-2.34712521328049,10.4434569149915,20.001958743264));
#2431=CARTESIAN_POINT('',(-2.37945945792442,10.4592976150969,20.0030042970193));
#2432=CARTESIAN_POINT('',(-2.41215134089252,10.4748946604837,20.0044659720177));
#2433=CARTESIAN_POINT('',(-2.44172105752855,10.4885492694675,20.0061950429839));
#2434=CARTESIAN_POINT('',(-2.46065269551704,10.4970349863982,20.0074858252875));
#2435=CARTESIAN_POINT('',(-2.46827108335703,10.5004100948054,20.0080245236739));
#2436=CARTESIAN_POINT('',(-2.,10.7658023388885,20.));
#2437=CARTESIAN_POINT('',(-2.,10.7658023388885,20.));
#2438=CARTESIAN_POINT('',(-2.,10.7658023388885,20.));
#2439=CARTESIAN_POINT('',(-2.,10.7658023388885,20.));
#2440=CARTESIAN_POINT('',(-1.99999999999999,10.7658023388885,20.));
#2441=CARTESIAN_POINT('',(-2.,10.7658023388885,20.));
#2442=CARTESIAN_POINT('',(-2.,10.7658023388885,20.));
#2443=CARTESIAN_POINT('',(-2.,10.7658023388885,20.));
#2444=CARTESIAN_POINT('',(-2.,10.7658023388885,20.));
#2445=CARTESIAN_POINT('',(-2.,10.7658023388885,20.0000000000001));
#2446=CARTESIAN_POINT('',(-2.,10.7658023388885,20.));
#2447=CARTESIAN_POINT('',(-2.,10.7658023388885,20.));
#2448=FACE_BOUND('',#2449,.T.);
#2449=EDGE_LOOP('',(#3474,#3475,#3476,#3477,#3478));
#2450=TOROIDAL_SURFACE('',#2451,8.95,1.);
#2451=AXIS2_PLACEMENT_3D('',#2452,#2453,#2454);
#2452=CARTESIAN_POINT('',(0.,0.,19.));
#2453=DIRECTION('',(0.,0.,1.));
#2454=DIRECTION('',(-0.172882491044609,0.984942457349774,0.));
#2455=FACE_BOUND('',#2456,.T.);
#2456=EDGE_LOOP('',(#3479,#3480,#3481));
#2457=B_SPLINE_SURFACE_WITH_KNOTS('',3,3,(
(#2458,#2459,#2460,#2461,#2462,#2463,#2464,#2465,#2466,#2467,#2468,#2469),
(#2470,#2471,#2472,#2473,#2474,#2475,#2476,#2477,#2478,#2479,#2480,#2481),
(#2482,#2483,#2484,#2485,#2486,#2487,#2488,#2489,#2490,#2491,#2492,#2493),
(#2494,#2495,#2496,#2497,#2498,#2499,#2500,#2501,#2502,#2503,#2504,#2505),
(#2506,#2507,#2508,#2509,#2510,#2511,#2512,#2513,#2514,#2515,#2516,#2517),
(#2518,#2519,#2520,#2521,#2522,#2523,#2524,#2525,#2526,#2527,#2528,#2529)),
.UNSPECIFIED.,.F.,.F.,.F.,
(4,1,1,4),
(4,1,1,1,1,1,1,1,1,4),
(-0.000220012158107126,6.3513072658001,20.3556165961964,40.),
(0.,0.0894409719043785,0.208695601110217,0.327950230316055,0.447204859521893,0.566459488727731,
0.685714117933569,0.804968747139407,0.924223376345245,1.),
.UNSPECIFIED.);
#2458=CARTESIAN_POINT('',(2.99996035196339,50.0315426886732,19.999999999607));
#2459=CARTESIAN_POINT('',(2.99996357659238,50.2679599807507,20.0000102573704));
#2460=CARTESIAN_POINT('',(2.99997066513064,50.8283016088131,20.0279621813552));
#2461=CARTESIAN_POINT('',(2.99997982283983,51.7255489563498,20.1832065864576));
#2462=CARTESIAN_POINT('',(2.999986773237,52.6950710043844,20.4993407421243));
#2463=CARTESIAN_POINT('',(2.99999025433187,53.6223955388637,20.9612762064013));
#2464=CARTESIAN_POINT('',(2.99999004068742,54.4753458113335,21.5582572896148));
#2465=CARTESIAN_POINT('',(2.99998614636272,55.2259976890642,22.2703838932714));
#2466=CARTESIAN_POINT('',(2.99997882256655,55.8537268676389,23.0708240205323));
#2467=CARTESIAN_POINT('',(2.99996977075144,56.2869757088522,23.824668776471));
#2468=CARTESIAN_POINT('',(2.99996308395497,56.4948147534374,24.3044308028211));
#2469=CARTESIAN_POINT('',(2.99996035196339,56.5666074704881,24.4914255873762));
#2470=CARTESIAN_POINT('',(3.41466053454273,50.0533827723401,19.9929386948862));
#2471=CARTESIAN_POINT('',(3.37837142448623,50.2883386103823,19.994592781049));
#2472=CARTESIAN_POINT('',(3.2983706760128,50.8451084693158,20.0261765578032));
#2473=CARTESIAN_POINT('',(3.19445643527721,51.7363800026327,20.1859126274707));
#2474=CARTESIAN_POINT('',(3.11524574123853,52.699530287063,20.5046997817175));
#2475=CARTESIAN_POINT('',(3.0754709494703,53.6213725448206,20.966552275483));
#2476=CARTESIAN_POINT('',(3.07791397786176,54.4704418276591,21.5606366710072));
#2477=CARTESIAN_POINT('',(3.12240119305763,55.2193056958143,22.2674269936032));
#2478=CARTESIAN_POINT('',(3.20583327649367,55.8474787440427,23.0608147164365));
#2479=CARTESIAN_POINT('',(3.30848350870449,56.2828766462438,23.8077240546225));
#2480=CARTESIAN_POINT('',(3.38391536022319,56.4927237513109,24.2831660041403));
#2481=CARTESIAN_POINT('',(3.41466053454273,56.5653729803594,24.4685055674579));
#2482=CARTESIAN_POINT('',(4.21791437718145,50.9879923245272,19.690746726803));
#2483=CARTESIAN_POINT('',(4.14309086701652,51.1717758470079,19.7383903913909));
#2484=CARTESIAN_POINT('',(3.98046847432828,51.604592578173,19.8661797961248));
#2485=CARTESIAN_POINT('',(3.77506466913371,52.2918585673697,20.1274029299751));
#2486=CARTESIAN_POINT('',(3.62212350177514,53.037118641353,20.4843936350203));
#2487=CARTESIAN_POINT('',(3.54642188843237,53.7640801458777,20.9077976042096));
#2488=CARTESIAN_POINT('',(3.55105067973611,54.4590715327257,21.3901010420176));
#2489=CARTESIAN_POINT('',(3.63581932793024,55.1090964871797,21.922257521244));
#2490=CARTESIAN_POINT('',(3.79727378579341,55.7024116139377,22.4940846860218));
#2491=CARTESIAN_POINT('',(4.00083158190011,56.1650656784149,23.0216442021698));
#2492=CARTESIAN_POINT('',(4.15452266784911,56.4190736259731,23.3567776010181));
#2493=CARTESIAN_POINT('',(4.21791437718145,56.5125593779637,23.4876764671476));
#2494=CARTESIAN_POINT('',(4.82873766999502,53.1989380126631,18.9758686097933));
#2495=CARTESIAN_POINT('',(4.80620985229325,53.2935061790584,19.0423980315519));
#2496=CARTESIAN_POINT('',(4.75920262963148,53.5140593577886,19.1977678246453));
#2497=CARTESIAN_POINT('',(4.70434165529974,53.860398923735,19.4414822090682));
#2498=CARTESIAN_POINT('',(4.66612386991812,54.2383289292452,19.7058855268299));
#2499=CARTESIAN_POINT('',(4.64797210839635,54.6168444364055,19.9684434542782));
#2500=CARTESIAN_POINT('',(4.64906764964415,54.9963976892075,20.2291539522899));
#2501=CARTESIAN_POINT('',(4.66946150340538,55.3773347467851,20.4882732177645));
#2502=CARTESIAN_POINT('',(4.7100662612908,55.7597845247682,20.7462436563052));
#2503=CARTESIAN_POINT('',(4.76492903749677,56.0968812604131,20.9723826022717));
#2504=CARTESIAN_POINT('',(4.80965163154183,56.3062897687598,21.1127920750356));
#2505=CARTESIAN_POINT('',(4.82873766999502,56.3876235225216,21.1673914436879));
#2506=CARTESIAN_POINT('',(5.00619604659138,55.1010129760441,18.3608617362259));
#2507=CARTESIAN_POINT('',(5.00534731394186,55.1362957259991,18.3846603115336));
#2508=CARTESIAN_POINT('',(5.0032590163209,55.2186494974991,18.4402021078825));
#2509=CARTESIAN_POINT('',(5.00003081608369,55.3481180951852,18.5277188479036));
#2510=CARTESIAN_POINT('',(4.99726699171047,55.4893258366503,18.6236392819875));
#2511=CARTESIAN_POINT('',(4.99579147207943,55.6303973131651,18.7200325716365));
#2512=CARTESIAN_POINT('',(4.99588373878332,55.7712318438721,18.8168598463117));
#2513=CARTESIAN_POINT('',(4.99752634228296,55.9117362271401,18.9140555687874));
#2514=CARTESIAN_POINT('',(5.00040791890455,56.051842451205,19.0115373598927));
#2515=CARTESIAN_POINT('',(5.00354077863888,56.1745687815077,19.0973255837457));
#2516=CARTESIAN_POINT('',(5.00547693280947,56.2506030247481,19.1505714447873));
#2517=CARTESIAN_POINT('',(5.00619604659138,56.2801391973373,19.1712527359084));
#2518=CARTESIAN_POINT('',(5.,56.2170726382386,18.));
#2519=CARTESIAN_POINT('',(5.,56.2170726382386,18.));
#2520=CARTESIAN_POINT('',(5.,56.2170726382385,18.));
#2521=CARTESIAN_POINT('',(5.,56.2170726382386,18.));
#2522=CARTESIAN_POINT('',(5.00000000000001,56.2170726382385,18.));
#2523=CARTESIAN_POINT('',(4.99999999999999,56.2170726382386,18.));
#2524=CARTESIAN_POINT('',(5.00000000000001,56.2170726382385,18.));
#2525=CARTESIAN_POINT('',(5.,56.2170726382386,18.));
#2526=CARTESIAN_POINT('',(5.,56.2170726382385,18.));
#2527=CARTESIAN_POINT('',(5.,56.2170726382386,18.));
#2528=CARTESIAN_POINT('',(5.,56.2170726382385,18.));
#2529=CARTESIAN_POINT('',(5.,56.2170726382386,18.));
#2530=FACE_BOUND('',#2531,.T.);
#2531=EDGE_LOOP('',(#3482,#3483,#3484,#3485));
#2532=CYLINDRICAL_SURFACE('',#2533,7.);
#2533=AXIS2_PLACEMENT_3D('',#2534,#2535,#2536);
#2534=CARTESIAN_POINT('',(31.,50.0315440108243,27.));
#2535=DIRECTION('',(-1.,1.16482415698377E-16,-5.82412078491885E-17));
#2536=DIRECTION('',(1.29617485563071E-16,0.933580426497189,-0.358367949545334));
#2537=FACE_BOUND('',#2538,.T.);
#2538=EDGE_LOOP('',(#3486,#3487,#3488));
#2539=B_SPLINE_SURFACE_WITH_KNOTS('',3,3,(
(#2540,#2541,#2542,#2543,#2544,#2545,#2546,#2547,#2548,#2549,#2550,#2551),
(#2552,#2553,#2554,#2555,#2556,#2557,#2558,#2559,#2560,#2561,#2562,#2563),
(#2564,#2565,#2566,#2567,#2568,#2569,#2570,#2571,#2572,#2573,#2574,#2575),
(#2576,#2577,#2578,#2579,#2580,#2581,#2582,#2583,#2584,#2585,#2586,#2587),
(#2588,#2589,#2590,#2591,#2592,#2593,#2594,#2595,#2596,#2597,#2598,#2599),
(#2600,#2601,#2602,#2603,#2604,#2605,#2606,#2607,#2608,#2609,#2610,#2611)),
.UNSPECIFIED.,.F.,.F.,.F.,
(4,1,1,4),
(4,1,1,1,1,1,1,1,1,4),
(-0.000220012151415073,6.35130717609742,20.3556164904235,40.),
(0.,0.0894409719043771,0.208695601110213,0.32795023031605,0.447204859521886,0.566459488727722,
0.685714117933558,0.804968747139394,0.92422337634523,1.),
.UNSPECIFIED.);
#2540=CARTESIAN_POINT('',(-1.99996035196341,50.0315426886731,19.999999999607));
#2541=CARTESIAN_POINT('',(-1.9999635765924,50.2679599807506,20.0000102573704));
#2542=CARTESIAN_POINT('',(-1.99997066513066,50.8283016088131,20.0279621813552));
#2543=CARTESIAN_POINT('',(-1.99997982283983,51.7255489563497,20.1832065864576));
#2544=CARTESIAN_POINT('',(-1.99998677323701,52.6950710043843,20.4993407421243));
#2545=CARTESIAN_POINT('',(-1.99999025433186,53.6223955388636,20.9612762064013));
#2546=CARTESIAN_POINT('',(-1.99999004068742,54.4753458113334,21.5582572896147));
#2547=CARTESIAN_POINT('',(-1.99998614636272,55.2259976890642,22.2703838932714));
#2548=CARTESIAN_POINT('',(-1.99997882256657,55.8537268676388,23.0708240205322));
#2549=CARTESIAN_POINT('',(-1.99996977075146,56.2869757088522,23.824668776471));
#2550=CARTESIAN_POINT('',(-1.99996308395499,56.4948147534373,24.3044308028212));
#2551=CARTESIAN_POINT('',(-1.99996035196342,56.5666074704881,24.4914255873762));
#2552=CARTESIAN_POINT('',(-2.41466052682017,50.0533827686724,19.9929386962104));
#2553=CARTESIAN_POINT('',(-2.37837141737719,50.2883386069374,19.9945927821381));
#2554=CARTESIAN_POINT('',(-2.29837067024767,50.8451084664101,20.0261765583891));
#2555=CARTESIAN_POINT('',(-2.19445643123519,51.7363800006111,20.1859126274826));
#2556=CARTESIAN_POINT('',(-2.11524573849552,52.6995302859756,20.504699781441));
#2557=CARTESIAN_POINT('',(-2.07547094737506,53.6213725445474,20.9665522752897));
#2558=CARTESIAN_POINT('',(-2.07791397572683,54.4704418279941,21.5606366712614));
#2559=CARTESIAN_POINT('',(-2.12240119019774,55.2193056964852,22.2674269946201));
#2560=CARTESIAN_POINT('',(-2.20583327226409,55.8474787447435,23.0608147184512));
#2561=CARTESIAN_POINT('',(-2.30848350277019,56.2828766467058,23.8077240576348));
#2562=CARTESIAN_POINT('',(-2.38391535302041,56.4927237515073,24.2831660077913));
#2563=CARTESIAN_POINT('',(-2.41466052682017,56.5653729804374,24.4685055713564));
#2564=CARTESIAN_POINT('',(-3.2179143708353,50.9879923096766,19.6907467313358));
#2565=CARTESIAN_POINT('',(-3.14309086053169,51.1717758328668,19.7383903954667));
#2566=CARTESIAN_POINT('',(-2.98046846751177,51.6045925657449,19.8661797992902));
#2567=CARTESIAN_POINT('',(-2.77506466182419,52.2918585577545,20.1274029323512));
#2568=CARTESIAN_POINT('',(-2.6221234940528,53.0371186347701,20.4843936374012));
#2569=CARTESIAN_POINT('',(-2.5464218804919,53.7640801420871,20.9077976074647));
#2570=CARTESIAN_POINT('',(-2.55105067180922,54.4590715312865,21.390101046953));
#2571=CARTESIAN_POINT('',(-2.63581932024637,55.1090964874799,21.9222575285434));
#2572=CARTESIAN_POINT('',(-2.79727377854073,55.7024116152403,22.4940846961998));
#2573=CARTESIAN_POINT('',(-3.00083157512762,56.1650656798958,23.0216442151587));
#2574=CARTESIAN_POINT('',(-3.15452266138546,56.4190736272094,23.3567776158068));
#2575=CARTESIAN_POINT('',(-3.2179143708353,56.512559379054,23.4876764826363));
#2576=CARTESIAN_POINT('',(-3.82873767037676,53.198938002354,18.9758686127556));
#2577=CARTESIAN_POINT('',(-3.80620985236519,53.2935061690493,19.0423980348813));
#2578=CARTESIAN_POINT('',(-3.7592026290499,53.51405934846,19.197767828825));
#2579=CARTESIAN_POINT('',(-3.70434165394163,53.8603989154217,19.441482214509));
#2580=CARTESIAN_POINT('',(-3.66612386801226,54.2383289220233,19.7058855334897));
#2581=CARTESIAN_POINT('',(-3.64797210622858,54.6168444303197,19.9684434619655));
#2582=CARTESIAN_POINT('',(-3.64906764749224,54.9963976843604,20.229153960813));
#2583=CARTESIAN_POINT('',(-3.66946150154756,55.3773347433223,20.4882732269641));
#2584=CARTESIAN_POINT('',(-3.71006626001428,55.7597845228531,20.7462436660787));
#2585=CARTESIAN_POINT('',(-3.76492903699539,56.0968812599891,20.9723826125206));
#2586=CARTESIAN_POINT('',(-3.80965163166108,56.306289769307,21.1127920855958));
#2587=CARTESIAN_POINT('',(-3.82873767037676,56.3876235234507,21.1673914543739));
#2588=CARTESIAN_POINT('',(-4.00619604598312,55.101012968621,18.3608617379361));
#2589=CARTESIAN_POINT('',(-4.00534731335196,55.1362957188033,18.384660313418));
#2590=CARTESIAN_POINT('',(-4.00325901577162,55.2186494908498,18.440202110168));
#2591=CARTESIAN_POINT('',(-4.00003081558624,55.3481180894444,18.5277188508133));
#2592=CARTESIAN_POINT('',(-3.99726699125112,55.4893258319445,18.6236392855875));
#2593=CARTESIAN_POINT('',(-3.99579147163868,55.6303973095152,18.7200325759458));
#2594=CARTESIAN_POINT('',(-3.99588373834141,55.7712318412775,18.8168598513472));
#2595=CARTESIAN_POINT('',(-3.99752634182023,55.9117362255833,18.9140555745543));
#2596=CARTESIAN_POINT('',(-4.00040791840153,56.0518424506607,19.0115373663753));
#2597=CARTESIAN_POINT('',(-4.00354077808444,56.1745687818315,19.0973255908218));
#2598=CARTESIAN_POINT('',(-4.00547693221678,56.2506030256049,19.1505714522033));
#2599=CARTESIAN_POINT('',(-4.00619604598312,56.2801391984007,19.1712527434514));
#2600=CARTESIAN_POINT('',(-4.,56.2170726382385,18.));
#2601=CARTESIAN_POINT('',(-4.,56.2170726382386,18.));
#2602=CARTESIAN_POINT('',(-4.,56.2170726382385,18.));
#2603=CARTESIAN_POINT('',(-4.,56.2170726382385,18.));
#2604=CARTESIAN_POINT('',(-4.,56.2170726382386,18.));
#2605=CARTESIAN_POINT('',(-4.,56.2170726382386,18.));
#2606=CARTESIAN_POINT('',(-4.,56.2170726382385,18.));
#2607=CARTESIAN_POINT('',(-4.,56.2170726382386,18.));
#2608=CARTESIAN_POINT('',(-4.,56.2170726382385,18.));
#2609=CARTESIAN_POINT('',(-4.,56.2170726382385,18.));
#2610=CARTESIAN_POINT('',(-4.,56.2170726382386,18.));
#2611=CARTESIAN_POINT('',(-4.,56.2170726382386,18.));
#2612=FACE_OUTER_BOUND('',#2613,.T.);
#2613=EDGE_LOOP('',(#3489));
#2614=FACE_OUTER_BOUND('',#2615,.T.);
#2615=EDGE_LOOP('',(#3490));
#2616=TOROIDAL_SURFACE('',#2617,5.5,2.);
#2617=AXIS2_PLACEMENT_3D('',#2618,#2619,#2620);
#2618=CARTESIAN_POINT('',(0.499999999977737,82.6456620503347,78.4775449437264));
#2619=DIRECTION('',(-6.16297582203915E-33,0.358367949545335,0.933580426497188));
#2620=DIRECTION('',(-0.447213595499959,-0.835019718444383,0.320534038456234));
#2621=FACE_BOUND('',#2622,.T.);
#2622=EDGE_LOOP('',(#3491,#3492,#3493,#3494));
#2623=B_SPLINE_SURFACE_WITH_KNOTS('',3,3,(
(#2624,#2625,#2626,#2627,#2628,#2629,#2630,#2631,#2632,#2633,#2634,#2635),
(#2636,#2637,#2638,#2639,#2640,#2641,#2642,#2643,#2644,#2645,#2646,#2647),
(#2648,#2649,#2650,#2651,#2652,#2653,#2654,#2655,#2656,#2657,#2658,#2659),
(#2660,#2661,#2662,#2663,#2664,#2665,#2666,#2667,#2668,#2669,#2670,#2671),
(#2672,#2673,#2674,#2675,#2676,#2677,#2678,#2679,#2680,#2681,#2682,#2683),
(#2684,#2685,#2686,#2687,#2688,#2689,#2690,#2691,#2692,#2693,#2694,#2695)),
.UNSPECIFIED.,.F.,.F.,.F.,
(4,1,1,4),
(4,1,1,1,1,1,1,1,1,4),
(3.92411094237023,9.54640723462148,16.0992106276483,22.0758890576593),
(0.,0.0960825945962996,0.224192720724699,0.352302846853098,0.480412972981498,0.608523099109897,
0.736633225238297,0.864743351366696,0.968660756770397,1.),
.UNSPECIFIED.);
#2624=CARTESIAN_POINT('',(-5.42924280097729,83.3019660085476,69.098125112692));
#2625=CARTESIAN_POINT('',(-5.44506446888079,83.3282728993374,69.1216340608412));
#2626=CARTESIAN_POINT('',(-5.48028220749329,83.3894665114834,69.1784962382308));
#2627=CARTESIAN_POINT('',(-5.52889368896831,83.4843301808233,69.2748601282528));
#2628=CARTESIAN_POINT('',(-5.57282521395426,83.5851886590743,69.3879558552833));
#2629=CARTESIAN_POINT('',(-5.6071030376673,83.6824284351174,69.5080830083021));
#2630=CARTESIAN_POINT('',(-5.63134549387751,83.7751136795245,69.6341565756292));
#2631=CARTESIAN_POINT('',(-5.64535884786767,83.8623924066829,69.7649776970905));
#2632=CARTESIAN_POINT('',(-5.64890247655562,83.9384144331497,69.890818420518));
#2633=CARTESIAN_POINT('',(-5.6452611710653,83.9898132376481,69.9841879893251));
#2634=CARTESIAN_POINT('',(-5.64157882114603,84.0148823370207,70.0323449213326));
#2635=CARTESIAN_POINT('',(-5.64062941869986,84.0206187143522,70.0435109344257));
#2636=CARTESIAN_POINT('',(-5.83231814894274,82.5676675071032,69.3340324709475));
#2637=CARTESIAN_POINT('',(-5.85498775199796,82.5953219839553,69.3593941036844));
#2638=CARTESIAN_POINT('',(-5.9057992164124,82.6599713293861,69.4211983426284));
#2639=CARTESIAN_POINT('',(-5.97718784880225,82.7612285304357,69.5275126512346));
#2640=CARTESIAN_POINT('',(-6.04334565518987,82.8699324983243,69.6539408997134));
#2641=CARTESIAN_POINT('',(-6.09684097688866,82.9755408602023,69.789532054418));
#2642=CARTESIAN_POINT('',(-6.13700245532271,83.0767732096724,69.9327714953457));
#2643=CARTESIAN_POINT('',(-6.16345636324046,83.1724552045491,70.081967254065));
#2644=CARTESIAN_POINT('',(-6.17533576918464,83.2559510508274,70.225660481303));
#2645=CARTESIAN_POINT('',(-6.17562002267963,83.3124071995223,70.3321688866674));
#2646=CARTESIAN_POINT('',(-6.17332614330859,83.33992532981,70.3870187187167));
#2647=CARTESIAN_POINT('',(-6.17266525210365,83.3462208793937,70.3997313508965));
#2648=CARTESIAN_POINT('',(-6.44366096663638,80.9111089738704,69.9447287213792));
#2649=CARTESIAN_POINT('',(-6.4789172950134,80.9328952464156,69.973601502851));
#2650=CARTESIAN_POINT('',(-6.55877814607292,80.9846876885046,70.0444838188476));
#2651=CARTESIAN_POINT('',(-6.67380604675787,81.068857430675,70.1681914006222));
#2652=CARTESIAN_POINT('',(-6.78372490867341,81.1627594186531,70.3170533161411));
#2653=CARTESIAN_POINT('',(-6.87594123356635,81.2572323639149,70.4778555252118));
#2654=CARTESIAN_POINT('',(-6.94882438040297,81.3507261658817,70.648203319286));
#2655=CARTESIAN_POINT('',(-7.00134546776695,81.4417327581524,70.8253888068876));
#2656=CARTESIAN_POINT('',(-7.03111971724814,81.5233794216932,70.9951302287093));
#2657=CARTESIAN_POINT('',(-7.04018448886059,81.579939861816,71.1199207186306));
#2658=CARTESIAN_POINT('',(-7.04116094773161,81.6078985396772,71.183787211343));
#2659=CARTESIAN_POINT('',(-7.04119244318049,81.6143162405775,71.1985670533368));
#2660=CARTESIAN_POINT('',(-6.46951155430743,78.3247439728643,70.9374744584699));
#2661=CARTESIAN_POINT('',(-6.50537169399743,78.3284932336743,70.9732721373357));
#2662=CARTESIAN_POINT('',(-6.58663457190212,78.3388710466636,71.0601082042828));
#2663=CARTESIAN_POINT('',(-6.70379457287898,78.3612975483233,71.2078000756336));
#2664=CARTESIAN_POINT('',(-6.81587582733698,78.3934038182492,71.380917450456));
#2665=CARTESIAN_POINT('',(-6.91002303704391,78.4329088216663,71.5635456706529));
#2666=CARTESIAN_POINT('',(-6.98455016066691,78.4793165350334,71.7528385593897));
#2667=CARTESIAN_POINT('',(-7.03838980828458,78.5318947591276,71.9457346954386));
#2668=CARTESIAN_POINT('',(-7.06907658725923,78.5860751368419,72.126946203179));
#2669=CARTESIAN_POINT('',(-7.07859501940985,78.6282843152956,72.2579062372869));
#2670=CARTESIAN_POINT('',(-7.0797431226629,78.6505625833161,72.3242796948258));
#2671=CARTESIAN_POINT('',(-7.07981115713558,78.655754004539,72.339605112037));
#2672=CARTESIAN_POINT('',(-5.85797819874456,76.6297538872003,71.6109251048066));
#2673=CARTESIAN_POINT('',(-5.88108273289891,76.6261862272683,71.6483974827673));
#2674=CARTESIAN_POINT('',(-5.93288711511792,76.6195378970075,71.737910966428));
#2675=CARTESIAN_POINT('',(-6.00573394806197,76.6155317236038,71.8853327212096));
#2676=CARTESIAN_POINT('',(-6.07332237064603,76.6195206121714,72.052906041762));
#2677=CARTESIAN_POINT('',(-6.1280603538659,76.6320079518155,72.2253468716871));
#2678=CARTESIAN_POINT('',(-6.16925527068358,76.6529333861045,72.4006370702588));
#2679=CARTESIAN_POINT('',(-6.19651976839194,76.6820341507013,72.5766955175308));
#2680=CARTESIAN_POINT('',(-6.20894474051358,76.7165387777153,72.7404543189807));
#2681=CARTESIAN_POINT('',(-6.20948788084163,76.7461751063591,72.8581785010579));
#2682=CARTESIAN_POINT('',(-6.20728649250519,76.762598786037,72.9177539846059));
#2683=CARTESIAN_POINT('',(-6.20664489223478,76.7664668033225,72.9315062377605));
#2684=CARTESIAN_POINT('',(-5.42924280097855,75.881876280998,71.9464306958381));
#2685=CARTESIAN_POINT('',(-5.44506446888141,75.8780570079633,71.9815039947927));
#2686=CARTESIAN_POINT('',(-5.48028220749244,75.8706295149801,72.0647073464851));
#2687=CARTESIAN_POINT('',(-5.52889368896534,75.8646120981467,72.1997958573029));
#2688=CARTESIAN_POINT('',(-5.57282521394918,75.8653354543327,72.3513298563358));
#2689=CARTESIAN_POINT('',(-5.6071030376604,75.8734529726756,72.5056678388048));
#2690=CARTESIAN_POINT('',(-5.6313454938691,75.8889340954469,72.6613772917817));
#2691=CARTESIAN_POINT('',(-5.64535884785808,75.9116097773123,72.8169971988823));
#2692=CARTESIAN_POINT('',(-5.64890247654526,75.9393182812918,72.9613837459957));
#2693=CARTESIAN_POINT('',(-5.64526117105454,75.9635979618838,73.0651633711306));
#2694=CARTESIAN_POINT('',(-5.64157882113517,75.9771912675197,73.117725447626));
#2695=CARTESIAN_POINT('',(-5.64062941868896,75.9803998295003,73.1298617981194));
#2696=FACE_BOUND('',#2697,.T.);
#2697=EDGE_LOOP('',(#3495,#3496,#3497,#3498,#3499));
#2698=B_SPLINE_SURFACE_WITH_KNOTS('',3,3,(
(#2699,#2700,#2701,#2702,#2703,#2704,#2705,#2706,#2707,#2708,#2709,#2710),
(#2711,#2712,#2713,#2714,#2715,#2716,#2717,#2718,#2719,#2720,#2721,#2722),
(#2723,#2724,#2725,#2726,#2727,#2728,#2729,#2730,#2731,#2732,#2733,#2734),
(#2735,#2736,#2737,#2738,#2739,#2740,#2741,#2742,#2743,#2744,#2745,#2746),
(#2747,#2748,#2749,#2750,#2751,#2752,#2753,#2754,#2755,#2756,#2757,#2758),
(#2759,#2760,#2761,#2762,#2763,#2764,#2765,#2766,#2767,#2768,#2769,#2770)),
.UNSPECIFIED.,.F.,.F.,.F.,
(4,1,1,4),
(4,1,1,1,1,1,1,1,1,4),
(6.16665886732228,9.56589164105728,13.6655652385611,17.7140654662382),
(0.,0.08736422623697,0.203849861219597,0.320335496202223,0.43682113118485,0.553306766167477,
0.669792401150104,0.78627803613273,0.894513968501935,1.),
.UNSPECIFIED.);
#2699=CARTESIAN_POINT('',(-5.44124566680724,75.903252760108,71.9365290928456));
#2700=CARTESIAN_POINT('',(-5.45541059411665,75.8991453185114,71.9685683676544));
#2701=CARTESIAN_POINT('',(-5.48703047363901,75.8907777684935,72.044495494311));
#2702=CARTESIAN_POINT('',(-5.53108987341865,75.8822634388772,72.1675890865846));
#2703=CARTESIAN_POINT('',(-5.57159054080314,75.8789652252417,72.3056438129952));
#2704=CARTESIAN_POINT('',(-5.60408622763958,75.8817794846198,72.446441919703));
#2705=CARTESIAN_POINT('',(-5.62825482970881,75.8907344767906,72.5888966069545));
#2706=CARTESIAN_POINT('',(-5.64390372580488,75.9057617413602,72.7318885289388));
#2707=CARTESIAN_POINT('',(-5.65080732657451,75.9262040925333,72.8709335525911));
#2708=CARTESIAN_POINT('',(-5.6497389498833,75.9511432107528,73.0039638010242));
#2709=CARTESIAN_POINT('',(-5.64438286352566,75.9702853642598,73.0885783701038));
#2710=CARTESIAN_POINT('',(-5.64064079387043,75.9804157350846,73.129857969144));
#2711=CARTESIAN_POINT('',(-5.27063860966061,75.5902818288743,72.0816262816648));
#2712=CARTESIAN_POINT('',(-5.28236118220139,75.5871840287516,72.1123407054168));
#2713=CARTESIAN_POINT('',(-5.30846895698672,75.5811189218403,72.1848769698116));
#2714=CARTESIAN_POINT('',(-5.34466548272167,75.5759786065497,72.301618095488));
#2715=CARTESIAN_POINT('',(-5.37775355382946,75.5759897429167,72.4316272806524));
#2716=CARTESIAN_POINT('',(-5.40414149171956,75.5816920479482,72.5634593892403));
#2717=CARTESIAN_POINT('',(-5.42361158453832,75.5930833980106,72.6962483638058));
#2718=CARTESIAN_POINT('',(-5.43603553431544,75.6100858858887,72.8291122050092));
#2719=CARTESIAN_POINT('',(-5.44125064069674,75.6320177050122,72.9580546074754));
#2720=CARTESIAN_POINT('',(-5.43989271722004,75.6580166569399,73.0813267163805));
#2721=CARTESIAN_POINT('',(-5.43514566927901,75.6776347911902,73.1597547621503));
#2722=CARTESIAN_POINT('',(-5.43188696665844,75.6879563417105,73.1980380118604));
#2723=CARTESIAN_POINT('',(-4.80410825577925,74.9391527192017,72.3892375653758));
#2724=CARTESIAN_POINT('',(-4.81239764350804,74.938107785078,72.4165828886597));
#2725=CARTESIAN_POINT('',(-4.83086519338585,74.9367104087474,72.480876194991));
#2726=CARTESIAN_POINT('',(-4.85653851064012,74.9383944567165,72.5833942093203));
#2727=CARTESIAN_POINT('',(-4.88017212954614,74.9451300789421,72.6965547631741));
#2728=CARTESIAN_POINT('',(-4.89927092282158,74.9567766500498,72.8104868280587));
#2729=CARTESIAN_POINT('',(-4.91371589191519,74.9732976924368,72.9246267507475));
#2730=CARTESIAN_POINT('',(-4.92343280117583,74.994607654792,73.0384072159867));
#2731=CARTESIAN_POINT('',(-4.92827606760676,75.0199606624433,73.148602212957));
#2732=CARTESIAN_POINT('',(-4.92864402883304,75.048577861459,73.25390656389));
#2733=CARTESIAN_POINT('',(-4.92625584015333,75.0694983784461,73.3209660782651));
#2734=CARTESIAN_POINT('',(-4.92444961233537,75.0803773194384,73.3537354707778));
#2735=CARTESIAN_POINT('',(-3.83257886124471,74.1132436400243,72.7231740462666));
#2736=CARTESIAN_POINT('',(-3.84077295508227,74.1132334445798,72.7493033600686));
#2737=CARTESIAN_POINT('',(-3.85924496274008,74.1143101346072,72.8106429435661));
#2738=CARTESIAN_POINT('',(-3.88577566448718,74.1200903075047,72.9081226165825));
#2739=CARTESIAN_POINT('',(-3.91142623372876,74.1315377873138,73.0153475723489));
#2740=CARTESIAN_POINT('',(-3.93363418642082,74.1481245861174,73.1229653617523));
#2741=CARTESIAN_POINT('',(-3.95228001982098,74.1698007323996,73.2304767001883));
#2742=CARTESIAN_POINT('',(-3.96727766163256,74.1964687621702,73.3373812662611));
#2743=CARTESIAN_POINT('',(-3.97830892041583,74.2272414413813,73.4406878865315));
#2744=CARTESIAN_POINT('',(-3.98559780936008,74.2612711921563,73.5392249822642));
#2745=CARTESIAN_POINT('',(-3.98824016455336,74.2857942408057,73.6018772786882));
#2746=CARTESIAN_POINT('',(-3.98904465300845,74.2984747020731,73.6324728142735));
#2747=CARTESIAN_POINT('',(-3.00319074236162,73.6999149913145,72.8311834547835));
#2748=CARTESIAN_POINT('',(-3.01370755254013,73.6980358774628,72.8603864124037));
#2749=CARTESIAN_POINT('',(-3.03766328400658,73.6951530114325,72.9290637359414));
#2750=CARTESIAN_POINT('',(-3.07298702296811,73.6962397876951,73.0385760045289));
#2751=CARTESIAN_POINT('',(-3.10835264285354,73.704538933954,73.1593609752775));
#2752=CARTESIAN_POINT('',(-3.14030599594712,73.7199815790385,73.2807685271342));
#2753=CARTESIAN_POINT('',(-3.16864187118431,73.7425161651651,73.4020894737681));
#2754=CARTESIAN_POINT('',(-3.19319715815846,73.7720093258758,73.5226128530704));
#2755=CARTESIAN_POINT('',(-3.21336601695688,73.8073933981183,73.6388295686277));
#2756=CARTESIAN_POINT('',(-3.22926621618593,73.8475244098988,73.7493208918429));
#2757=CARTESIAN_POINT('',(-3.23731702110225,73.876938617179,73.8192839865685));
#2758=CARTESIAN_POINT('',(-3.24074672098229,73.8922443756032,73.8533636936491));
#2759=CARTESIAN_POINT('',(-2.56935734110391,73.5503000191037,72.8576666208709));
#2760=CARTESIAN_POINT('',(-2.58111517526411,73.5463085941336,72.8889471782912));
#2761=CARTESIAN_POINT('',(-2.60804811556543,73.5387913173051,72.9626681232227));
#2762=CARTESIAN_POINT('',(-2.64829541596902,73.5337613715045,73.0807267666045));
#2763=CARTESIAN_POINT('',(-2.68924592030666,73.5369532219591,73.2114216859469));
#2764=CARTESIAN_POINT('',(-2.72690657075291,73.5489273843392,73.3431181506171));
#2765=CARTESIAN_POINT('',(-2.76098500929766,73.5696640967004,73.474886940076));
#2766=CARTESIAN_POINT('',(-2.79123834806597,73.5990186724406,73.6057928542066));
#2767=CARTESIAN_POINT('',(-2.81685923851001,73.6358353876978,73.7318686987265));
#2768=CARTESIAN_POINT('',(-2.83787923192355,73.6787318210503,73.8514529969079));
#2769=CARTESIAN_POINT('',(-2.84912432489213,73.7107185817375,73.926927960514));
#2770=CARTESIAN_POINT('',(-2.85409752047448,73.7274659455792,73.963616815613));
#2771=FACE_BOUND('',#2772,.T.);
#2772=EDGE_LOOP('',(#3500,#3501,#3502,#3503));
#2773=B_SPLINE_SURFACE_WITH_KNOTS('',3,3,(
(#2774,#2775,#2776,#2777,#2778,#2779,#2780,#2781,#2782,#2783,#2784,#2785),
(#2786,#2787,#2788,#2789,#2790,#2791,#2792,#2793,#2794,#2795,#2796,#2797),
(#2798,#2799,#2800,#2801,#2802,#2803,#2804,#2805,#2806,#2807,#2808,#2809),
(#2810,#2811,#2812,#2813,#2814,#2815,#2816,#2817,#2818,#2819,#2820,#2821),
(#2822,#2823,#2824,#2825,#2826,#2827,#2828,#2829,#2830,#2831,#2832,#2833),
(#2834,#2835,#2836,#2837,#2838,#2839,#2840,#2841,#2842,#2843,#2844,#2845)),
.UNSPECIFIED.,.F.,.F.,.F.,
(4,1,1,4),
(4,1,1,1,1,1,1,1,1,4),
(3.93264147407266,8.3847791951546,13.5867236147719,18.0818513797238),
(0.,0.0931164679587831,0.217271758570494,0.341427049182205,0.465582339793915,0.589737630405626,
0.713892921017337,0.838048211629048,0.935062167344268,1.),
.UNSPECIFIED.);
#2774=CARTESIAN_POINT('',(-2.71283025797513,73.6020302496309,72.8483623759115));
#2775=CARTESIAN_POINT('',(-2.72455784736614,73.5983365995875,72.8810967010846));
#2776=CARTESIAN_POINT('',(-2.7513112126697,73.59164209759,72.9582376360038));
#2777=CARTESIAN_POINT('',(-2.79085413188461,73.5883832644596,73.0817078642042));
#2778=CARTESIAN_POINT('',(-2.83048176797572,73.5941012100138,73.2182383216783));
#2779=CARTESIAN_POINT('',(-2.86624849426736,73.6091743039448,73.3555848165634));
#2780=CARTESIAN_POINT('',(-2.89785777444393,73.6335432995345,73.4927022393771));
#2781=CARTESIAN_POINT('',(-2.92507595444195,73.6670063306945,73.6285460727092));
#2782=CARTESIAN_POINT('',(-2.94608588508349,73.7061493933392,73.7523664674069));
#2783=CARTESIAN_POINT('',(-2.96031134376232,73.7442529640024,73.852725848285));
#2784=CARTESIAN_POINT('',(-2.96703926152126,73.7680466611664,73.908412796474));
#2785=CARTESIAN_POINT('',(-2.96952437807071,73.7779300625176,73.930541198548));
#2786=CARTESIAN_POINT('',(-2.06211157906731,73.3504136482605,72.9094336275235));
#2787=CARTESIAN_POINT('',(-2.0734257118516,73.3431362174545,72.9454548751455));
#2788=CARTESIAN_POINT('',(-2.09927479140124,73.3284640548625,73.0305450827031));
#2789=CARTESIAN_POINT('',(-2.13757482503305,73.3142102679364,73.1673837721697));
#2790=CARTESIAN_POINT('',(-2.17599783340646,73.3100269144512,73.3193066380889));
#2791=CARTESIAN_POINT('',(-2.21064592943107,73.3174071692829,73.4725408908188));
#2792=CARTESIAN_POINT('',(-2.24116703025665,73.3363468963167,73.6257120622797));
#2793=CARTESIAN_POINT('',(-2.26728504830265,73.36663718497,73.7774431556701));
#2794=CARTESIAN_POINT('',(-2.28723872255412,73.4048687738825,73.9155397258152));
#2795=CARTESIAN_POINT('',(-2.30055522088971,73.4436310645616,74.0271877922482));
#2796=CARTESIAN_POINT('',(-2.30675573897358,73.4683462827269,74.088981798535));
#2797=CARTESIAN_POINT('',(-2.30902764946021,73.4786828231946,74.1135076613204));
#2798=CARTESIAN_POINT('',(-0.602802626466648,72.9846058300058,73.0186270227476));
#2799=CARTESIAN_POINT('',(-0.608997671958829,72.9705139113703,73.0589471155509));
#2800=CARTESIAN_POINT('',(-0.623197097353253,72.940452182686,73.1545913945183));
#2801=CARTESIAN_POINT('',(-0.644352730948336,72.9042420120456,73.3096880935539));
#2802=CARTESIAN_POINT('',(-0.665639782706601,72.8793874644878,73.4831057420482));
#2803=CARTESIAN_POINT('',(-0.684819628525862,72.8697663399305,73.6588208400123));
#2804=CARTESIAN_POINT('',(-0.701624268358527,72.8756248991218,73.8348195092916));
#2805=CARTESIAN_POINT('',(-0.7158454208852,72.8968525160641,74.0090729480703));
#2806=CARTESIAN_POINT('',(-0.726504411348748,72.9303574952613,74.1671863092957));
#2807=CARTESIAN_POINT('',(-0.733425103720328,72.9677803278705,74.2943937445657));
#2808=CARTESIAN_POINT('',(-0.736550606806645,72.9927354819347,74.3644633587097));
#2809=CARTESIAN_POINT('',(-0.737677438870961,73.0033198399236,74.3922119975729));
#2810=CARTESIAN_POINT('',(1.59627283428008,72.9831501347378,73.0190730067423));
#2811=CARTESIAN_POINT('',(1.6024354850814,72.9690194310525,73.0594140891202));
#2812=CARTESIAN_POINT('',(1.61656086014536,72.9388698031445,73.1551095915573));
#2813=CARTESIAN_POINT('',(1.63760662438647,72.9025327768781,73.3102935866351));
#2814=CARTESIAN_POINT('',(1.65878324642593,72.877556265647,73.4838121341258));
#2815=CARTESIAN_POINT('',(1.6778632775461,72.8678313383658,73.6596306643225));
#2816=CARTESIAN_POINT('',(1.69457972547837,72.8736053085314,73.8357320026754));
#2817=CARTESIAN_POINT('',(1.70872510408067,72.8947678964771,74.0100840458904));
#2818=CARTESIAN_POINT('',(1.71932587715163,72.9282304114683,74.1682821371034));
#2819=CARTESIAN_POINT('',(1.72620743087738,72.9656305535854,74.2955528929476));
#2820=CARTESIAN_POINT('',(1.72931456714396,72.9905777120933,74.3656549584633));
#2821=CARTESIAN_POINT('',(1.73043464220962,73.0011596019899,74.39341601348));
#2822=CARTESIAN_POINT('',(3.06230072597177,73.3498067012077,72.909566246502));
#2823=CARTESIAN_POINT('',(3.07362913204318,73.3425311203148,72.9455922357653));
#2824=CARTESIAN_POINT('',(3.09951098507248,73.3278636686805,73.0306940435612));
#2825=CARTESIAN_POINT('',(3.13786015725207,73.3136188029447,73.1675529842958));
#2826=CARTESIAN_POINT('',(3.17633317969359,73.3094472544142,73.3195004714726));
#2827=CARTESIAN_POINT('',(3.21102711623362,73.3168415814051,73.4727617911766));
#2828=CARTESIAN_POINT('',(3.24158938128667,73.335797801493,73.6259623156771));
#2829=CARTESIAN_POINT('',(3.26774347776563,73.3661070753677,73.7777248383079));
#2830=CARTESIAN_POINT('',(3.28772560106804,73.4043585452325,73.9158522604273));
#2831=CARTESIAN_POINT('',(3.30106184498163,73.4431388929336,74.0275270025196));
#2832=CARTESIAN_POINT('',(3.30727193412089,73.4678649396064,74.0893365273171));
#2833=CARTESIAN_POINT('',(3.30954742341822,73.4782059134541,74.113868675643));
#2834=CARTESIAN_POINT('',(3.71923776623382,73.6044928247896,72.8478662948104));
#2835=CARTESIAN_POINT('',(3.73096633741679,73.600834077796,72.8805624505099));
#2836=CARTESIAN_POINT('',(3.75772138659023,73.5942169530988,72.9576117418625));
#2837=CARTESIAN_POINT('',(3.79726516428412,73.5910634863996,73.0809300486304));
#2838=CARTESIAN_POINT('',(3.83689222677925,73.5968744099437,73.2172878552776));
#2839=CARTESIAN_POINT('',(3.87265754084772,73.6120173456454,73.3544580031225));
#2840=CARTESIAN_POINT('',(3.90426515650424,73.6364324917168,73.491398752253));
#2841=CARTESIAN_POINT('',(3.93148188883992,73.6699180660094,73.627068968054));
#2842=CARTESIAN_POINT('',(3.95249098494967,73.7090607930638,73.7507342538925));
#2843=CARTESIAN_POINT('',(3.96671624782736,73.7471492927703,73.8509715021506));
#2844=CARTESIAN_POINT('',(3.97344426750782,73.7709287165639,73.9065925511168));
#2845=CARTESIAN_POINT('',(3.97592945790892,73.7808055190075,73.9286951069019));
#2846=FACE_BOUND('',#2847,.T.);
#2847=EDGE_LOOP('',(#3504,#3505,#3506,#3507));
#2848=B_SPLINE_SURFACE_WITH_KNOTS('',3,3,(
(#2849,#2850,#2851,#2852,#2853,#2854,#2855,#2856,#2857,#2858,#2859,#2860),
(#2861,#2862,#2863,#2864,#2865,#2866,#2867,#2868,#2869,#2870,#2871,#2872),
(#2873,#2874,#2875,#2876,#2877,#2878,#2879,#2880,#2881,#2882,#2883,#2884),
(#2885,#2886,#2887,#2888,#2889,#2890,#2891,#2892,#2893,#2894,#2895,#2896),
(#2897,#2898,#2899,#2900,#2901,#2902,#2903,#2904,#2905,#2906,#2907,#2908),
(#2909,#2910,#2911,#2912,#2913,#2914,#2915,#2916,#2917,#2918,#2919,#2920)),
.UNSPECIFIED.,.F.,.F.,.F.,
(4,1,1,4),
(4,1,1,1,1,1,1,1,1,4),
(6.12657303264809,9.53985585111423,13.6414802269902,17.2521367371956),
(0.,0.087364226238216,0.203849861222504,0.320335496206792,0.43682113119108,0.553306766175368,
0.669792401159656,0.786278036143944,0.894513968508581,1.),
.UNSPECIFIED.);
#2849=CARTESIAN_POINT('',(3.70578127213938,73.599378771443,72.8488766708961));
#2850=CARTESIAN_POINT('',(3.71715041592465,73.596019441434,72.8794907891719));
#2851=CARTESIAN_POINT('',(3.74315274125689,73.5898873240493,72.9516007269362));
#2852=CARTESIAN_POINT('',(3.78186682594441,73.5866791663959,73.0669523422786));
#2853=CARTESIAN_POINT('',(3.82108376442731,73.5913825956878,73.1945322942075));
#2854=CARTESIAN_POINT('',(3.85697707143816,73.6043706670246,73.3230147738686));
#2855=CARTESIAN_POINT('',(3.88928036043724,73.625614194305,73.4515369037235));
#2856=CARTESIAN_POINT('',(3.91777454515098,73.654971969183,73.5792308957214));
#2857=CARTESIAN_POINT('',(3.94171375733138,73.6913157845809,73.7022688818252));
#2858=CARTESIAN_POINT('',(3.961155522215,73.7333356450917,73.8190613292109));
#2859=CARTESIAN_POINT('',(3.9714163702019,73.7645170464989,73.892849512422));
#2860=CARTESIAN_POINT('',(3.97591405348583,73.7808145682072,73.9287411627495));
#2861=CARTESIAN_POINT('',(4.06747608408688,73.7352716401535,72.8209637992242));
#2862=CARTESIAN_POINT('',(4.07781575375877,73.7334870190316,72.8499719040643));
#2863=CARTESIAN_POINT('',(4.10135462640649,73.7307976637306,72.9181852086292));
#2864=CARTESIAN_POINT('',(4.13601420852844,73.7320875929618,73.0269403546721));
#2865=CARTESIAN_POINT('',(4.17065001814912,73.7404807694802,73.1468756201883));
#2866=CARTESIAN_POINT('',(4.2018738847505,73.7558898062773,73.2674211342242));
#2867=CARTESIAN_POINT('',(4.2294856495702,73.778264727337,73.3878792504027));
#2868=CARTESIAN_POINT('',(4.2533266387071,73.8074753244647,73.5075504854732));
#2869=CARTESIAN_POINT('',(4.27281133138114,73.8424680390999,73.622956581186));
#2870=CARTESIAN_POINT('',(4.28806461882191,73.8821180338166,73.7326932673578));
#2871=CARTESIAN_POINT('',(4.29570732526096,73.9111617644465,73.802191654191));
#2872=CARTESIAN_POINT('',(4.29893840720961,73.9262712902006,73.8360489651556));
#2873=CARTESIAN_POINT('',(4.82724180855005,74.1194617510261,72.7183388432967));
#2874=CARTESIAN_POINT('',(4.8355470877705,74.1193706930653,72.7446153502898));
#2875=CARTESIAN_POINT('',(4.85427200221014,74.120270933364,72.8063075669412));
#2876=CARTESIAN_POINT('',(4.88117327799843,74.1258201149749,72.9043702993646));
#2877=CARTESIAN_POINT('',(4.90719039274127,74.1370747989809,73.0122590359519));
#2878=CARTESIAN_POINT('',(4.92972365111475,74.1535285263202,73.1205596519906));
#2879=CARTESIAN_POINT('',(4.94865079106813,74.1751309366787,73.2287640298175));
#2880=CARTESIAN_POINT('',(4.96388378205433,74.2017832862935,73.3363629942568));
#2881=CARTESIAN_POINT('',(4.97509884060617,74.2325952698723,73.4403404205678));
#2882=CARTESIAN_POINT('',(4.98252236404946,74.2667113798164,73.539512252351));
#2883=CARTESIAN_POINT('',(4.98522547221818,74.2913181697372,73.6025622626486));
#2884=CARTESIAN_POINT('',(4.98605365373326,74.3040462237978,73.6333499564433));
#2885=CARTESIAN_POINT('',(5.77487590965275,74.9041993156808,72.4055594204961));
#2886=CARTESIAN_POINT('',(5.78303892125487,74.9032564107293,72.4327278078892));
#2887=CARTESIAN_POINT('',(5.80122845158575,74.9020902049239,72.4965948146469));
#2888=CARTESIAN_POINT('',(5.82653056698846,74.9041103528837,72.5983992594734));
#2889=CARTESIAN_POINT('',(5.84984643412322,74.9111764314843,72.7107370832519));
#2890=CARTESIAN_POINT('',(5.86871867756249,74.9231157959251,72.8238128976309));
#2891=CARTESIAN_POINT('',(5.88303094845834,74.9398913624755,72.9370741935461));
#2892=CARTESIAN_POINT('',(5.89271025333114,74.9614178288492,73.0499649574399));
#2893=CARTESIAN_POINT('',(5.89760949122441,74.9869461527976,73.1592914137318));
#2894=CARTESIAN_POINT('',(5.89811672376245,75.015701031018,73.2637653551363));
#2895=CARTESIAN_POINT('',(5.89586957046244,75.0366923071874,73.3302990980711));
#2896=CARTESIAN_POINT('',(5.89414486324311,75.0476020891835,73.3628130627263));
#2897=CARTESIAN_POINT('',(6.26001865908306,75.57092230517,72.0906239488737));
#2898=CARTESIAN_POINT('',(6.27159504681822,75.5678892513931,72.121253700146));
#2899=CARTESIAN_POINT('',(6.29737368391626,75.5619719309556,72.1935740607316));
#2900=CARTESIAN_POINT('',(6.33310340482458,75.5570487364645,72.3099132681289));
#2901=CARTESIAN_POINT('',(6.36575472201397,75.5572736288848,72.43941573448));
#2902=CARTESIAN_POINT('',(6.39178631888444,75.5631633911007,72.5706847028359));
#2903=CARTESIAN_POINT('',(6.41098635393683,75.5747139165224,72.7028674616419));
#2904=CARTESIAN_POINT('',(6.42323008297883,75.5918466170965,72.8350963303677));
#2905=CARTESIAN_POINT('',(6.42835802867149,75.6138778982314,72.9634050072126));
#2906=CARTESIAN_POINT('',(6.42699743124615,75.6399489493153,73.0860641492366));
#2907=CARTESIAN_POINT('',(6.42229704417127,75.6596003854834,73.1641027723496));
#2908=CARTESIAN_POINT('',(6.41907248895367,75.6699355680987,73.2021971478301));
#2909=CARTESIAN_POINT('',(6.44124566677374,75.9032527601083,71.9365290928511));
#2910=CARTESIAN_POINT('',(6.45541059408294,75.8991453185119,71.96856836766));
#2911=CARTESIAN_POINT('',(6.4870304736048,75.8907777684947,72.0444954943167));
#2912=CARTESIAN_POINT('',(6.53108987338363,75.8822634388786,72.167589086591));
#2913=CARTESIAN_POINT('',(6.57159054076717,75.8789652252443,72.3056438130017));
#2914=CARTESIAN_POINT('',(6.60408622760263,75.8817794846228,72.4464419197099));
#2915=CARTESIAN_POINT('',(6.62825482967083,75.8907344767946,72.5888966069614));
#2916=CARTESIAN_POINT('',(6.64390372576588,75.9057617413647,72.7318885289456));
#2917=CARTESIAN_POINT('',(6.65080732653436,75.9262040925383,72.8709335525956));
#2918=CARTESIAN_POINT('',(6.64973894984246,75.9511432107569,73.0039638010224));
#2919=CARTESIAN_POINT('',(6.64438286348498,75.970285364263,73.0885783700967));
#2920=CARTESIAN_POINT('',(6.64064079383005,75.9804157350869,73.1298579691335));
#2921=FACE_BOUND('',#2922,.T.);
#2922=EDGE_LOOP('',(#3508,#3509,#3510,#3511));
#2923=B_SPLINE_SURFACE_WITH_KNOTS('',3,3,(
(#2924,#2925,#2926,#2927,#2928,#2929,#2930,#2931,#2932,#2933,#2934,#2935),
(#2936,#2937,#2938,#2939,#2940,#2941,#2942,#2943,#2944,#2945,#2946,#2947),
(#2948,#2949,#2950,#2951,#2952,#2953,#2954,#2955,#2956,#2957,#2958,#2959),
(#2960,#2961,#2962,#2963,#2964,#2965,#2966,#2967,#2968,#2969,#2970,#2971),
(#2972,#2973,#2974,#2975,#2976,#2977,#2978,#2979,#2980,#2981,#2982,#2983),
(#2984,#2985,#2986,#2987,#2988,#2989,#2990,#2991,#2992,#2993,#2994,#2995)),
.UNSPECIFIED.,.F.,.F.,.F.,
(4,1,1,4),
(4,1,1,1,1,1,1,1,1,4),
(3.92411094235281,9.54640723461591,16.0992106276448,22.0758890576188),
(0.,0.0960825945972096,0.224192720726822,0.352302846856435,0.480412972986048,0.608523099115661,
0.736633225245274,0.864743351374887,0.968660756777677,1.),
.UNSPECIFIED.);
#2924=CARTESIAN_POINT('',(6.42924280094504,75.8818762809984,71.9464306958436));
#2925=CARTESIAN_POINT('',(6.44506446884761,75.8780570079639,71.9815039947983));
#2926=CARTESIAN_POINT('',(6.48028220745795,75.8706295149814,72.0647073464903));
#2927=CARTESIAN_POINT('',(6.52889368892977,75.8646120981483,72.199795857308));
#2928=CARTESIAN_POINT('',(6.57282521391248,75.8653354543356,72.3513298563404));
#2929=CARTESIAN_POINT('',(6.60710303762263,75.8734529726788,72.5056678388089));
#2930=CARTESIAN_POINT('',(6.63134549383031,75.8889340954509,72.6613772917848));
#2931=CARTESIAN_POINT('',(6.64535884781837,75.9116097773169,72.8169971988849));
#2932=CARTESIAN_POINT('',(6.64890247650477,75.9393182812964,72.9613837459966));
#2933=CARTESIAN_POINT('',(6.64526117101373,75.963597961888,73.0651633711271));
#2934=CARTESIAN_POINT('',(6.64157882109454,75.9771912675227,73.1177254476185));
#2935=CARTESIAN_POINT('',(6.64062941864857,75.9803998295026,73.1298617981089));
#2936=CARTESIAN_POINT('',(6.83231814891229,76.5854192463792,71.6304024268974));
#2937=CARTESIAN_POINT('',(6.85498775196665,76.5818382096973,71.6677542498964));
#2938=CARTESIAN_POINT('',(6.90579921637913,76.5751494910499,71.7569426059685));
#2939=CARTESIAN_POINT('',(6.97718784876592,76.5710388838308,71.9037038266196));
#2940=CARTESIAN_POINT('',(7.04334565515038,76.5748531031511,72.0703954772167));
#2941=CARTESIAN_POINT('',(7.09684097684623,76.5870989870587,72.2418251294346));
#2942=CARTESIAN_POINT('',(7.13700245527762,76.6077145843415,72.4160104421468));
#2943=CARTESIAN_POINT('',(7.16345636319308,76.6364404534551,72.5909082494696));
#2944=CARTESIAN_POINT('',(7.17533576913538,76.6705404836152,72.7535627539943));
#2945=CARTESIAN_POINT('',(7.17562002262936,76.6998534227087,72.8704904613135));
#2946=CARTESIAN_POINT('',(7.17332614325819,76.7161051679546,72.9296650533799));
#2947=CARTESIAN_POINT('',(7.17266525205337,76.7199330741361,72.9433249251093));
#2948=CARTESIAN_POINT('',(7.44366096660416,78.2251177008094,70.975784169528));
#2949=CARTESIAN_POINT('',(7.47891729498078,78.2282470068742,71.0118186894346));
#2950=CARTESIAN_POINT('',(7.55877814603928,78.2371872486198,71.0991504239661));
#2951=CARTESIAN_POINT('',(7.67380604672256,78.2574134694681,71.2474036238506));
#2952=CARTESIAN_POINT('',(7.78372490863617,78.2872387567945,71.4208622802339));
#2953=CARTESIAN_POINT('',(7.87594123352713,78.3246293560347,71.6035763489784));
#2954=CARTESIAN_POINT('',(7.94882438036182,78.3691348436294,71.7927289950771));
#2955=CARTESIAN_POINT('',(8.00134546772388,78.4200639982552,71.9852987696067));
#2956=CARTESIAN_POINT('',(8.03111971720325,78.4729678832348,72.1660735103836));
#2957=CARTESIAN_POINT('',(8.04018448881434,78.5144364210174,72.2966572388277));
#2958=CARTESIAN_POINT('',(8.04116094768503,78.5363940992308,72.3628272994741));
#2959=CARTESIAN_POINT('',(8.04119244313392,78.541514462649,72.3781051426646));
#2960=CARTESIAN_POINT('',(7.46951155427187,80.8114380251232,69.9829220456731));
#2961=CARTESIAN_POINT('',(7.50537169396181,80.8326051039188,70.0120336506457));
#2962=CARTESIAN_POINT('',(7.58663457186627,80.8829975560252,70.0835095367617));
#2963=CARTESIAN_POINT('',(7.70379457284272,80.9651565687946,70.208272245376));
#2964=CARTESIAN_POINT('',(7.81587582730002,81.0571350944195,70.3584068145406));
#2965=CARTESIAN_POINT('',(7.91002303700616,81.1499792872674,70.5205600382577));
#2966=CARTESIAN_POINT('',(7.98455016062809,81.2421533006359,70.6922848904087));
#2967=CARTESIAN_POINT('',(8.03838980824465,81.3321527739453,70.8708163547382));
#2968=CARTESIAN_POINT('',(8.06907658721794,81.4131430726573,71.0417364980254));
#2969=CARTESIAN_POINT('',(8.07859501936742,81.4694049071307,71.1673022228854));
#2970=CARTESIAN_POINT('',(8.07974312262022,81.4972614394176,71.2315343853894));
#2971=CARTESIAN_POINT('',(8.07981115709286,81.5036581673089,71.246397128715));
#2972=CARTESIAN_POINT('',(6.85797819870784,82.5216875758531,69.3492236649223));
#2973=CARTESIAN_POINT('',(6.88108273286238,82.5494127788571,69.3746838382489));
#2974=CARTESIAN_POINT('',(6.93288711508184,82.6142496626879,69.4367567191838));
#2975=CARTESIAN_POINT('',(7.00573394802645,82.71587123789,69.5436317801748));
#2976=CARTESIAN_POINT('',(7.07332237061095,82.8250353535819,69.6708321136592));
#2977=CARTESIAN_POINT('',(7.12806035383108,82.9311408888305,69.8073362852682));
#2978=CARTESIAN_POINT('',(7.16925527064878,83.0328822974759,69.9516041378293));
#2979=CARTESIAN_POINT('',(7.19651976835699,83.1290623104259,70.1019132741628));
#2980=CARTESIAN_POINT('',(7.20894474047819,83.2129964015153,70.2466978820835));
#2981=CARTESIAN_POINT('',(7.20948788080594,83.2697451705712,70.3540145733803));
#2982=CARTESIAN_POINT('',(7.20728649246962,83.2974037774321,70.4092773724425));
#2983=CARTESIAN_POINT('',(7.20664489219941,83.3037313338918,70.4220854969618));
#2984=CARTESIAN_POINT('',(6.42924280094359,83.3019660085513,69.0981251126963));
#2985=CARTESIAN_POINT('',(6.44506446884679,83.3282728993409,69.1216340608456));
#2986=CARTESIAN_POINT('',(6.48028220745858,83.3894665114865,69.1784962382355));
#2987=CARTESIAN_POINT('',(6.52889368893252,83.4843301808256,69.2748601282577));
#2988=CARTESIAN_POINT('',(6.57282521391732,83.5851886590757,69.3879558552884));
#2989=CARTESIAN_POINT('',(6.60710303762927,83.6824284351181,69.5080830083072));
#2990=CARTESIAN_POINT('',(6.63134549383846,83.7751136795239,69.634156575634));
#2991=CARTESIAN_POINT('',(6.64535884782768,83.8623924066817,69.7649776970952));
#2992=CARTESIAN_POINT('',(6.64890247651486,83.938414433147,69.8908184205214));
#2993=CARTESIAN_POINT('',(6.64526117102421,83.9898132376431,69.9841879893251));
#2994=CARTESIAN_POINT('',(6.64157882110513,84.0148823370137,70.0323449213289));
#2995=CARTESIAN_POINT('',(6.64062941865918,84.0206187143439,70.0435109344192));
#2996=FACE_BOUND('',#2997,.T.);
#2997=EDGE_LOOP('',(#3512,#3513,#3514,#3515));
#2998=B_SPLINE_SURFACE_WITH_KNOTS('',3,3,(
(#2999,#3000,#3001,#3002,#3003,#3004,#3005,#3006,#3007,#3008,#3009,#3010),
(#3011,#3012,#3013,#3014,#3015,#3016,#3017,#3018,#3019,#3020,#3021,#3022),
(#3023,#3024,#3025,#3026,#3027,#3028,#3029,#3030,#3031,#3032,#3033,#3034),
(#3035,#3036,#3037,#3038,#3039,#3040,#3041,#3042,#3043,#3044,#3045,#3046),
(#3047,#3048,#3049,#3050,#3051,#3052,#3053,#3054,#3055,#3056,#3057,#3058),
(#3059,#3060,#3061,#3062,#3063,#3064,#3065,#3066,#3067,#3068,#3069,#3070)),
.UNSPECIFIED.,.F.,.F.,.F.,
(4,1,1,4),
(4,1,1,1,1,1,1,1,1,4),
(6.32173162705826,9.80644479120154,14.0092127405669,17.7220992519533),
(0.,0.0873642262368966,0.203849861219425,0.320335496201954,0.436821131184483,0.553306766167012,
0.669792401149541,0.786278036132069,0.894513968501544,1.),
.UNSPECIFIED.);
#2999=CARTESIAN_POINT('',(6.44124566677212,83.2794547230999,69.1050704440971));
#3000=CARTESIAN_POINT('',(6.4554105940817,83.3039456064483,69.1261318504971));
#3001=CARTESIAN_POINT('',(6.48703047360443,83.3609690722444,69.1769577179686));
#3002=CARTESIAN_POINT('',(6.53108987338469,83.4496621422777,69.2627368855771));
#3003=CARTESIAN_POINT('',(6.57159054076984,83.5444898354674,69.363124605453));
#3004=CARTESIAN_POINT('',(6.60408622760696,83.6366107556881,69.4696410969738));
#3005=CARTESIAN_POINT('',(6.62825482967681,83.7252766908528,69.5814976200118));
#3006=CARTESIAN_POINT('',(6.64390372577355,83.8097895284083,69.6978165295727));
#3007=CARTESIAN_POINT('',(6.65080732654375,83.8876371819005,69.8148257222452));
#3008=CARTESIAN_POINT('',(6.64973894985312,83.9581184160416,69.9303739902964));
#3009=CARTESIAN_POINT('',(6.64438286349575,84.0005112216293,70.0060634702522));
#3010=CARTESIAN_POINT('',(6.64064079384066,84.0206043321066,70.0435187318493));
#3011=CARTESIAN_POINT('',(6.27062172060413,83.6091720783848,69.0035227967744));
#3012=CARTESIAN_POINT('',(6.2823451926604,83.6320236019221,69.0242725444304));
#3013=CARTESIAN_POINT('',(6.30845514585859,83.6850612873166,69.0741132068253));
#3014=CARTESIAN_POINT('',(6.34465530972015,83.7669878517509,69.1574210732636));
#3015=CARTESIAN_POINT('',(6.37774751140005,83.8539643249974,69.2540367201779));
#3016=CARTESIAN_POINT('',(6.40413965910299,83.9379322090418,69.3558166081595));
#3017=CARTESIAN_POINT('',(6.42361398178032,84.0183136683504,69.462115685006));
#3018=CARTESIAN_POINT('',(6.43604214407155,84.0945764924268,69.5722263440025));
#3019=CARTESIAN_POINT('',(6.44126132876731,84.1645534382603,69.6827225547725));
#3020=CARTESIAN_POINT('',(6.43990731789696,84.2277149548129,69.7917276083697));
#3021=CARTESIAN_POINT('',(6.43516278697753,84.265613385143,69.8631383710972));
#3022=CARTESIAN_POINT('',(6.43190532541772,84.283559098507,69.8984951340618));
#3023=CARTESIAN_POINT('',(5.80414433944038,84.2987404602122,68.796295472029));
#3024=CARTESIAN_POINT('',(5.81243180706646,84.3178202511132,68.8159237326281));
#3025=CARTESIAN_POINT('',(5.8308947014549,84.3618921931231,68.8627810476884));
#3026=CARTESIAN_POINT('',(5.85656022612226,84.4292574778089,68.9401116327876));
#3027=CARTESIAN_POINT('',(5.88018497884684,84.4999896875033,69.0287298011514));
#3028=CARTESIAN_POINT('',(5.89927471863589,84.5675863678658,69.1212042742432));
#3029=CARTESIAN_POINT('',(5.91371057450216,84.6316972665278,69.217091820073));
#3030=CARTESIAN_POINT('',(5.9234183912749,84.6920062067986,69.3159136451983));
#3031=CARTESIAN_POINT('',(5.92825283840264,84.7469085800495,69.414773219906));
#3032=CARTESIAN_POINT('',(5.92861232307555,84.7961100243561,69.5121797453441));
#3033=CARTESIAN_POINT('',(5.92621867173424,84.8254369408479,69.57601264213));
#3034=CARTESIAN_POINT('',(5.92440974815767,84.8392801260386,69.6076438229454));
#3035=CARTESIAN_POINT('',(4.86842512114731,85.1052843177506,68.5033114458196));
#3036=CARTESIAN_POINT('',(4.87662554927939,85.1228252734557,68.5227209629987));
#3037=CARTESIAN_POINT('',(4.89510423141726,85.1631897874477,68.5690248803001));
#3038=CARTESIAN_POINT('',(4.92161475933584,85.2243279740188,68.6453427403246));
#3039=CARTESIAN_POINT('',(4.94720395676489,85.2878149555044,68.7327067169376));
#3040=CARTESIAN_POINT('',(4.96931051555225,85.3477647405417,68.8238111334342));
#3041=CARTESIAN_POINT('',(4.98781476057953,85.4038787371265,68.9182500055597));
#3042=CARTESIAN_POINT('',(5.00263093674206,85.4558928417557,69.0155846922546));
#3043=CARTESIAN_POINT('',(5.01344685058861,85.5024556653253,69.1129957755218));
#3044=CARTESIAN_POINT('',(5.02049284702055,85.5434076776004,69.2090430374738));
#3045=CARTESIAN_POINT('',(5.02295762713915,85.567310389707,69.2720447461241));
#3046=CARTESIAN_POINT('',(5.023669754878,85.5784613694146,69.3032827205498));
#3047=CARTESIAN_POINT('',(4.08971969961907,85.4749337486448,68.3160001107159));
#3048=CARTESIAN_POINT('',(4.09999668533987,85.4955359264425,68.3363532157987));
#3049=CARTESIAN_POINT('',(4.12338546120477,85.5428695355069,68.3852063554893));
#3050=CARTESIAN_POINT('',(4.15779756320302,85.6142200961013,68.4667684790871));
#3051=CARTESIAN_POINT('',(4.1921530751206,85.6877678190669,68.5613098586211));
#3052=CARTESIAN_POINT('',(4.22309044352406,85.7565550790648,68.6609329245464));
#3053=CARTESIAN_POINT('',(4.25041343074831,85.8201592879117,68.7650921504458));
#3054=CARTESIAN_POINT('',(4.27396695028643,85.8782150428894,68.8731883440841));
#3055=CARTESIAN_POINT('',(4.29317530327373,85.9291882468363,68.9819505826234));
#3056=CARTESIAN_POINT('',(4.30816759065615,85.9729742644167,69.0895985698506));
#3057=CARTESIAN_POINT('',(4.31564639015152,85.9978171984408,69.1603857970242));
#3058=CARTESIAN_POINT('',(4.31879798529234,86.0092147484312,69.1955096201093));
#3059=CARTESIAN_POINT('',(3.70578126943953,85.6020464453065,68.2414842262059));
#3060=CARTESIAN_POINT('',(3.71715041323377,85.6250277575687,68.2619871192804));
#3061=CARTESIAN_POINT('',(3.74315274997103,85.6778358554971,68.311472284528));
#3062=CARTESIAN_POINT('',(3.78186689510558,85.7574057032184,68.3950497609665));
#3063=CARTESIAN_POINT('',(3.82108395319807,85.8392788670443,68.4930097193983));
#3064=CARTESIAN_POINT('',(3.85697743341696,85.9155996284849,68.5971849560038));
#3065=CARTESIAN_POINT('',(3.88928094843009,85.9858122936904,68.7069146828016));
#3066=CARTESIAN_POINT('',(3.91777541045184,86.0494411267183,68.8214594908207));
#3067=CARTESIAN_POINT('',(3.94171494133523,86.1047631354349,68.9372196057626));
#3068=CARTESIAN_POINT('',(3.96115705682604,86.1516881642331,69.052137028509));
#3069=CARTESIAN_POINT('',(3.97141815594634,86.1778915678209,69.1278417397626));
#3070=CARTESIAN_POINT('',(3.9759159686121,86.1897972619783,69.1654221674955));
#3071=FACE_BOUND('',#3072,.T.);
#3072=EDGE_LOOP('',(#3516,#3517,#3518,#3519));
#3073=B_SPLINE_SURFACE_WITH_KNOTS('',3,3,(
(#3074,#3075,#3076,#3077,#3078,#3079,#3080,#3081,#3082,#3083,#3084,#3085),
(#3086,#3087,#3088,#3089,#3090,#3091,#3092,#3093,#3094,#3095,#3096,#3097),
(#3098,#3099,#3100,#3101,#3102,#3103,#3104,#3105,#3106,#3107,#3108,#3109),
(#3110,#3111,#3112,#3113,#3114,#3115,#3116,#3117,#3118,#3119,#3120,#3121),
(#3122,#3123,#3124,#3125,#3126,#3127,#3128,#3129,#3130,#3131,#3132,#3133),
(#3134,#3135,#3136,#3137,#3138,#3139,#3140,#3141,#3142,#3143,#3144,#3145)),
.UNSPECIFIED.,.F.,.F.,.F.,
(4,1,1,4),
(4,1,1,1,1,1,1,1,1,4),
(3.91814861655479,8.37200185659987,13.5739809379818,18.0818513797274),
(0.,0.0931177657325262,0.217274786709228,0.341431807685929,0.465588828662631,0.589745849639332,
0.713902870616034,0.838059891592736,0.935070819169222,1.),
.UNSPECIFIED.);
#3074=CARTESIAN_POINT('',(3.71923776786759,85.5975698880302,68.2441553409249));
#3075=CARTESIAN_POINT('',(3.73096650251267,85.6221672082181,68.2660054448011));
#3076=CARTESIAN_POINT('',(3.75772193029339,85.6786416036892,68.3188375502659));
#3077=CARTESIAN_POINT('',(3.79726628297989,85.7635027729373,68.4083737024385));
#3078=CARTESIAN_POINT('',(3.83689393278994,85.8504276748503,68.5136002247428));
#3079=CARTESIAN_POINT('',(3.87265978090259,85.930961368356,68.62567625571));
#3080=CARTESIAN_POINT('',(3.90426786635234,86.0044512030543,68.7437875529066));
#3081=CARTESIAN_POINT('',(3.93148499612019,86.0703504451983,68.867025296242));
#3082=CARTESIAN_POINT('',(3.9524941224777,86.1240120124048,68.9851260026474));
#3083=CARTESIAN_POINT('',(3.96671894720281,86.1627791385078,69.0851065963858));
#3084=CARTESIAN_POINT('',(3.97344662414238,86.1823252898355,69.1423527465792));
#3085=CARTESIAN_POINT('',(3.97593157114685,86.1897745163739,69.1653856841962));
#3086=CARTESIAN_POINT('',(3.06833251307645,85.8258671534531,68.1207007337077));
#3087=CARTESIAN_POINT('',(3.07966477373753,85.8553421333766,68.1426069794476));
#3088=CARTESIAN_POINT('',(3.10555503255674,85.9230979921534,68.1960359991928));
#3089=CARTESIAN_POINT('',(3.14391559765914,86.0251236886501,68.2881952998476));
#3090=CARTESIAN_POINT('',(3.1823993548816,86.129752984526,68.3982870631987));
#3091=CARTESIAN_POINT('',(3.21710287030286,86.2266750938595,68.5170756144982));
#3092=CARTESIAN_POINT('',(3.24767402466561,86.3149759460318,68.6435382139341));
#3093=CARTESIAN_POINT('',(3.27383668280651,86.3938915361194,68.7765136856024));
#3094=CARTESIAN_POINT('',(3.29382640520312,86.4578029288959,68.9046636074748));
#3095=CARTESIAN_POINT('',(3.30716857207144,86.5036460338023,69.0135145492891));
#3096=CARTESIAN_POINT('',(3.31338195666524,86.5265986800595,69.0759381221105));
#3097=CARTESIAN_POINT('',(3.31565867455449,86.5353169954339,69.1010647110747));
#3098=CARTESIAN_POINT('',(1.60900760103076,86.1718304155507,67.9565869282514));
#3099=CARTESIAN_POINT('',(1.61523444997318,86.2092656643503,67.9771246217188));
#3100=CARTESIAN_POINT('',(1.62950665135816,86.2955658799101,68.0280934774538));
#3101=CARTESIAN_POINT('',(1.65077031304601,86.4261955781372,68.119128683644));
#3102=CARTESIAN_POINT('',(1.67216561504791,86.5606428427392,68.2313715281676));
#3103=CARTESIAN_POINT('',(1.6914425825028,86.6853111284807,68.3555087395526));
#3104=CARTESIAN_POINT('',(1.7083319227975,86.7986713392147,68.4902090256723));
#3105=CARTESIAN_POINT('',(1.72262435625237,86.8994493632847,68.6338914635385));
#3106=CARTESIAN_POINT('',(1.73333623502013,86.9803133211462,68.7737905954));
#3107=CARTESIAN_POINT('',(1.7402907029056,87.0375957666857,68.8933410765588));
#3108=CARTESIAN_POINT('',(1.74343123249118,87.065923775908,68.962094516709));
#3109=CARTESIAN_POINT('',(1.74456339842627,87.0766204399479,68.9897896332046));
#3110=CARTESIAN_POINT('',(-0.592346438396307,86.1745457939288,67.9553217187088));
#3111=CARTESIAN_POINT('',(-0.598488599425036,86.2120574192075,67.9758423946529));
#3112=CARTESIAN_POINT('',(-0.61256706043333,86.2985354563642,68.0267777558541));
#3113=CARTESIAN_POINT('',(-0.633542993224124,86.4294388791708,68.1177836306739));
#3114=CARTESIAN_POINT('',(-0.654649237264173,86.5641705514374,68.2300231322475));
#3115=CARTESIAN_POINT('',(-0.673665548942464,86.6891023310345,68.3541839348013));
#3116=CARTESIAN_POINT('',(-0.690325666591367,86.8026991384141,68.4889318200727));
#3117=CARTESIAN_POINT('',(-0.704422680590197,86.9036819229123,68.6326819157346));
#3118=CARTESIAN_POINT('',(-0.714986240246475,86.9847027991624,68.7726580106287));
#3119=CARTESIAN_POINT('',(-0.721842654164538,87.0420894360574,68.8922792392459));
#3120=CARTESIAN_POINT('',(-0.724937996805172,87.0704655359387,68.9610744532747));
#3121=CARTESIAN_POINT('',(-0.726053695760465,87.0811797316519,68.9887864739812));
#3122=CARTESIAN_POINT('',(-2.06043478747573,85.8287778876524,68.1192454677189));
#3123=CARTESIAN_POINT('',(-2.07176244491988,85.8583053742826,68.1411494959086));
#3124=CARTESIAN_POINT('',(-2.097642753561,85.9261833916298,68.1945790209007));
#3125=CARTESIAN_POINT('',(-2.13599005766032,86.0283972874255,68.2867601078452));
#3126=CARTESIAN_POINT('',(-2.174461435642,86.1332230629312,68.396901310966));
#3127=CARTESIAN_POINT('',(-2.2091538388434,86.2303288370251,68.5157636370939));
#3128=CARTESIAN_POINT('',(-2.23971444039356,86.3187969347472,68.6423222165307));
#3129=CARTESIAN_POINT('',(-2.26586655967106,86.397860337433,68.7754130460951));
#3130=CARTESIAN_POINT('',(-2.28584619887368,86.4618886479001,68.9036847630719));
#3131=CARTESIAN_POINT('',(-2.29917968825933,86.507812801377,69.0126450229139));
#3132=CARTESIAN_POINT('',(-2.30538804041797,86.5308046363643,69.0751331056827));
#3133=CARTESIAN_POINT('',(-2.30766272526553,86.5395375865798,69.1002858916988));
#3134=CARTESIAN_POINT('',(-2.71923776626698,85.5975698885821,68.2441553405966));
#3135=CARTESIAN_POINT('',(-2.73096650091075,85.6221672087758,68.2660054444523));
#3136=CARTESIAN_POINT('',(-2.75772191444722,85.6786415040613,68.3188372680601));
#3137=CARTESIAN_POINT('',(-2.79726619150414,85.7635021412477,68.4083719236756));
#3138=CARTESIAN_POINT('',(-2.83689369163976,85.8504259901376,68.513595484211));
#3139=CARTESIAN_POINT('',(-2.87265932314136,85.9309581596676,68.6256672288581));
#3140=CARTESIAN_POINT('',(-2.9042671262963,86.0044460082515,68.743772939978));
#3141=CARTESIAN_POINT('',(-2.93148391034654,86.0703428180518,68.8670038422223));
#3142=CARTESIAN_POINT('',(-2.9524926603482,86.1240017373449,68.9850971012666));
#3143=CARTESIAN_POINT('',(-2.96671713484318,86.1627663993417,69.0850707646239));
#3144=CARTESIAN_POINT('',(-2.97344459866797,86.1823110512601,69.1423126976855));
#3145=CARTESIAN_POINT('',(-2.97592945795531,86.1897596606479,69.1653438995495));
#3146=FACE_BOUND('',#3147,.T.);
#3147=EDGE_LOOP('',(#3520,#3521,#3522,#3523));
#3148=B_SPLINE_SURFACE_WITH_KNOTS('',3,3,(
(#3149,#3150,#3151,#3152,#3153,#3154,#3155,#3156,#3157,#3158,#3159,#3160),
(#3161,#3162,#3163,#3164,#3165,#3166,#3167,#3168,#3169,#3170,#3171,#3172),
(#3173,#3174,#3175,#3176,#3177,#3178,#3179,#3180,#3181,#3182,#3183,#3184),
(#3185,#3186,#3187,#3188,#3189,#3190,#3191,#3192,#3193,#3194,#3195,#3196),
(#3197,#3198,#3199,#3200,#3201,#3202,#3203,#3204,#3205,#3206,#3207,#3208),
(#3209,#3210,#3211,#3212,#3213,#3214,#3215,#3216,#3217,#3218,#3219,#3220)),
.UNSPECIFIED.,.F.,.F.,.F.,
(4,1,1,4),
(4,1,1,1,1,1,1,1,1,4),
(6.12657303264925,9.53985585112091,13.6414802270029,17.2521367372274),
(0.,0.0873642262356438,0.203849861216502,0.320335496197361,0.436821131178219,0.553306766159078,
0.669792401139936,0.786278036120795,0.894513968494863,1.),
.UNSPECIFIED.);
#3149=CARTESIAN_POINT('',(-2.70578127217249,85.6020464444269,68.2414842267397));
#3150=CARTESIAN_POINT('',(-2.71715041595807,85.6250277566657,68.2619871197966));
#3151=CARTESIAN_POINT('',(-2.74315274129101,85.6778357743521,68.3114720594871));
#3152=CARTESIAN_POINT('',(-2.78186682597967,85.7574051964324,68.3950483390621));
#3153=CARTESIAN_POINT('',(-2.82108376446378,85.839277517889,68.4930059286661));
#3154=CARTESIAN_POINT('',(-2.85697707147584,85.9155970594068,68.5971777346391));
#3155=CARTESIAN_POINT('',(-2.88928036047607,85.985808132717,68.7069029846904));
#3156=CARTESIAN_POINT('',(-2.91777454519092,86.0494350125259,68.8214422997935));
#3157=CARTESIAN_POINT('',(-2.94171375737321,86.1047547764264,68.9371961017432));
#3158=CARTESIAN_POINT('',(-2.96115552225925,86.1516773356642,69.052106579426));
#3159=CARTESIAN_POINT('',(-2.97141637024765,86.177878970336,69.127806316003));
#3160=CARTESIAN_POINT('',(-2.97591405353223,86.1897837531592,69.1653841808108));
#3161=CARTESIAN_POINT('',(-3.067476084119,85.4823810054782,68.3116709982304));
#3162=CARTESIAN_POINT('',(-3.07781575379132,85.5031174482118,68.3320340766256));
#3163=CARTESIAN_POINT('',(-3.10135462644003,85.5507596385348,68.3809269109977));
#3164=CARTESIAN_POINT('',(-3.13601420856352,85.6225724311204,68.4626108661519));
#3165=CARTESIAN_POINT('',(-3.17065001818588,85.6965874423636,68.5573562694052));
#3166=CARTESIAN_POINT('',(-3.20187388478882,85.7657969893058,68.657249702531));
#3167=CARTESIAN_POINT('',(-3.22948564961004,85.8297713948225,68.7617392727519));
#3168=CARTESIAN_POINT('',(-3.25332663874833,85.8881393768072,68.8702180364222));
#3169=CARTESIAN_POINT('',(-3.27281133142435,85.9393564728033,68.9793961756467));
#3170=CARTESIAN_POINT('',(-3.28806461886735,85.983318959763,69.0874774511578));
#3171=CARTESIAN_POINT('',(-3.29570732530768,86.0082387593602,69.1585588668106));
#3172=CARTESIAN_POINT('',(-3.29893840725682,86.0196651564978,69.1938299983941));
#3173=CARTESIAN_POINT('',(-3.82724180858168,85.128202613597,68.4924791551102));
#3174=CARTESIAN_POINT('',(-3.83554708780271,85.1458526979079,68.5119454756451));
#3175=CARTESIAN_POINT('',(-3.85427200224372,85.1864638393252,68.558394105559));
#3176=CARTESIAN_POINT('',(-3.88117327803408,85.2479567693368,68.6349820449876));
#3177=CARTESIAN_POINT('',(-3.90719039277902,85.3117845648897,68.722689854844));
#3178=CARTESIAN_POINT('',(-3.92972365115453,85.3720243194402,68.8141825898015));
#3179=CARTESIAN_POINT('',(-3.94865079110973,85.4283734609129,68.9090489472211));
#3180=CARTESIAN_POINT('',(-3.96388378209762,85.4805646655318,69.0068444637311));
#3181=CARTESIAN_POINT('',(-3.97509884065132,85.5272413776913,69.1047319913207));
#3182=CARTESIAN_POINT('',(-3.98252236409636,85.568247075062,69.2012591582886));
#3183=CARTESIAN_POINT('',(-3.98522547226567,85.5921493580859,69.2645796034571));
#3184=CARTESIAN_POINT('',(-3.98605365378096,85.6032915587919,69.2959760493265));
#3185=CARTESIAN_POINT('',(-4.77487590968483,84.3357386682321,68.785130668012));
#3186=CARTESIAN_POINT('',(-4.78303892128766,84.354618582698,68.8046897879577));
#3187=CARTESIAN_POINT('',(-4.80122845162005,84.3982206114676,68.8513718795507));
#3188=CARTESIAN_POINT('',(-4.8265305670252,84.4648398188629,68.9283790687636));
#3189=CARTESIAN_POINT('',(-4.84984643416241,84.5347573752594,69.0165904706689));
#3190=CARTESIAN_POINT('',(-4.868718677604,84.6015471865977,69.1086111711798));
#3191=CARTESIAN_POINT('',(-4.88303094850199,84.6648671107366,69.2040057621848));
#3192=CARTESIAN_POINT('',(-4.89271025337673,84.724408493939,69.3023039667153));
#3193=CARTESIAN_POINT('',(-4.8976094912719,84.7785909300876,69.4006311398849));
#3194=CARTESIAN_POINT('',(-4.89811672381113,84.8271286028972,69.4975111779453));
#3195=CARTESIAN_POINT('',(-4.89586957051124,84.85604880839,69.5610012900895));
#3196=CARTESIAN_POINT('',(-4.8941448632916,84.8696973492397,69.5924639437264));
#3197=CARTESIAN_POINT('',(-5.26001865911466,83.6295339654781,68.9972127601522));
#3198=CARTESIAN_POINT('',(-5.27159504685046,83.6522832677395,69.0179455922027));
#3199=CARTESIAN_POINT('',(-5.29737368395006,83.7050724605344,69.0677306337351));
#3200=CARTESIAN_POINT('',(-5.3331034048608,83.7865772314354,69.1508932535971));
#3201=CARTESIAN_POINT('',(-5.36575472205283,83.8730641676321,69.2472828237532));
#3202=CARTESIAN_POINT('',(-5.39178631892592,83.9565233057115,69.3487756984951));
#3203=CARTESIAN_POINT('',(-5.41098635398085,84.0363871220638,69.4547354417983));
#3204=CARTESIAN_POINT('',(-5.42323008302532,84.1121334273956,69.5644646556939));
#3205=CARTESIAN_POINT('',(-5.42835802872047,84.1816162575637,69.6745583894642));
#3206=CARTESIAN_POINT('',(-5.42699743129679,84.2443166769405,69.7831568343874));
#3207=CARTESIAN_POINT('',(-5.42229704422177,84.2819308450475,69.8543002107503));
#3208=CARTESIAN_POINT('',(-5.4190724890038,84.2997404201334,69.8895254357844));
#3209=CARTESIAN_POINT('',(-5.44124566680584,83.2794547230961,69.1050704440929));
#3210=CARTESIAN_POINT('',(-5.45541059411562,83.3039456064445,69.1261318504927));
#3211=CARTESIAN_POINT('',(-5.48703047363885,83.3609690722408,69.1769577179637));
#3212=CARTESIAN_POINT('',(-5.53108987341994,83.4496621422743,69.2627368855716));
#3213=CARTESIAN_POINT('',(-5.57159054080605,83.5444898354644,69.3631246054465));
#3214=CARTESIAN_POINT('',(-5.60408622764416,83.6366107556854,69.4696410969669));
#3215=CARTESIAN_POINT('',(-5.62825482971505,83.7252766908508,69.5814976200041));
#3216=CARTESIAN_POINT('',(-5.64390372581282,83.8097895284065,69.6978165295647));
#3217=CARTESIAN_POINT('',(-5.65080732658418,83.887637181901,69.8148257222389));
#3218=CARTESIAN_POINT('',(-5.64973894989424,83.9581184160454,69.9303739902949));
#3219=CARTESIAN_POINT('',(-5.64438286353673,84.0005112216361,70.0060634702557));
#3220=CARTESIAN_POINT('',(-5.64064079388134,84.020604332115,70.0435187318557));
#3221=FACE_OUTER_BOUND('',#3222,.T.);
#3222=EDGE_LOOP('',(#3524));
#3223=FACE_OUTER_BOUND('',#3224,.T.);
#3224=EDGE_LOOP('',(#3525));
#3225=CONICAL_SURFACE('',#3226,2.94999999999999,0.785398163397444);
#3226=AXIS2_PLACEMENT_3D('',#3227,#3228,#3229);
#3227=CARTESIAN_POINT('',(0.499999999999993,83.1832139746152,79.8779155834866));
#3228=DIRECTION('',(0.,0.358367949545335,0.933580426497188));
#3229=DIRECTION('',(-1.,-1.84059710647662E-14,7.06539032166705E-15));
#3230=ORIENTED_EDGE('',*,*,#3526,.T.);
#3231=ORIENTED_EDGE('',*,*,#3527,.T.);
#3232=ORIENTED_EDGE('',*,*,#3528,.F.);
#3233=ORIENTED_EDGE('',*,*,#3529,.T.);
#3234=ORIENTED_EDGE('',*,*,#3530,.T.);
#3235=ORIENTED_EDGE('',*,*,#3531,.T.);
#3236=ORIENTED_EDGE('',*,*,#3532,.T.);
#3237=ORIENTED_EDGE('',*,*,#3533,.T.);
#3238=ORIENTED_EDGE('',*,*,#3534,.T.);
#3239=ORIENTED_EDGE('',*,*,#3535,.F.);
#3240=ORIENTED_EDGE('',*,*,#3536,.T.);
#3241=ORIENTED_EDGE('',*,*,#3537,.T.);
#3242=ORIENTED_EDGE('',*,*,#3538,.T.);
#3243=ORIENTED_EDGE('',*,*,#3539,.F.);
#3244=ORIENTED_EDGE('',*,*,#3529,.F.);
#3245=ORIENTED_EDGE('',*,*,#3540,.F.);
#3246=ORIENTED_EDGE('',*,*,#3541,.F.);
#3247=ORIENTED_EDGE('',*,*,#3542,.T.);
#3248=ORIENTED_EDGE('',*,*,#3543,.T.);
#3249=ORIENTED_EDGE('',*,*,#3544,.F.);
#3250=ORIENTED_EDGE('',*,*,#3543,.F.);
#3251=ORIENTED_EDGE('',*,*,#3545,.T.);
#3252=ORIENTED_EDGE('',*,*,#3546,.T.);
#3253=ORIENTED_EDGE('',*,*,#3547,.F.);
#3254=ORIENTED_EDGE('',*,*,#3546,.F.);
#3255=ORIENTED_EDGE('',*,*,#3548,.T.);
#3256=ORIENTED_EDGE('',*,*,#3549,.T.);
#3257=ORIENTED_EDGE('',*,*,#3550,.F.);
#3258=ORIENTED_EDGE('',*,*,#3549,.F.);
#3259=ORIENTED_EDGE('',*,*,#3551,.T.);
#3260=ORIENTED_EDGE('',*,*,#3552,.T.);
#3261=ORIENTED_EDGE('',*,*,#3553,.F.);
#3262=ORIENTED_EDGE('',*,*,#3552,.F.);
#3263=ORIENTED_EDGE('',*,*,#3554,.T.);
#3264=ORIENTED_EDGE('',*,*,#3555,.T.);
#3265=ORIENTED_EDGE('',*,*,#3556,.F.);
#3266=ORIENTED_EDGE('',*,*,#3555,.F.);
#3267=ORIENTED_EDGE('',*,*,#3557,.T.);
#3268=ORIENTED_EDGE('',*,*,#3558,.T.);
#3269=ORIENTED_EDGE('',*,*,#3559,.F.);
#3270=ORIENTED_EDGE('',*,*,#3558,.F.);
#3271=ORIENTED_EDGE('',*,*,#3560,.T.);
#3272=ORIENTED_EDGE('',*,*,#3561,.T.);
#3273=ORIENTED_EDGE('',*,*,#3562,.F.);
#3274=ORIENTED_EDGE('',*,*,#3561,.F.);
#3275=ORIENTED_EDGE('',*,*,#3563,.T.);
#3276=ORIENTED_EDGE('',*,*,#3541,.T.);
#3277=ORIENTED_EDGE('',*,*,#3564,.F.);
#3278=ORIENTED_EDGE('',*,*,#3565,.T.);
#3279=ORIENTED_EDGE('',*,*,#3566,.T.);
#3280=ORIENTED_EDGE('',*,*,#3567,.T.);
#3281=ORIENTED_EDGE('',*,*,#3568,.T.);
#3282=ORIENTED_EDGE('',*,*,#3569,.T.);
#3283=ORIENTED_EDGE('',*,*,#3570,.F.);
#3284=ORIENTED_EDGE('',*,*,#3571,.T.);
#3285=ORIENTED_EDGE('',*,*,#3572,.F.);
#3286=ORIENTED_EDGE('',*,*,#3569,.F.);
#3287=ORIENTED_EDGE('',*,*,#3573,.F.);
#3288=ORIENTED_EDGE('',*,*,#3574,.T.);
#3289=ORIENTED_EDGE('',*,*,#3575,.F.);
#3290=ORIENTED_EDGE('',*,*,#3571,.F.);
#3291=ORIENTED_EDGE('',*,*,#3576,.F.);
#3292=ORIENTED_EDGE('',*,*,#3577,.T.);
#3293=ORIENTED_EDGE('',*,*,#3578,.F.);
#3294=ORIENTED_EDGE('',*,*,#3574,.F.);
#3295=ORIENTED_EDGE('',*,*,#3579,.F.);
#3296=ORIENTED_EDGE('',*,*,#3577,.F.);
#3297=ORIENTED_EDGE('',*,*,#3580,.F.);
#3298=ORIENTED_EDGE('',*,*,#3581,.T.);
#3299=ORIENTED_EDGE('',*,*,#3582,.F.);
#3300=ORIENTED_EDGE('',*,*,#3583,.F.);
#3301=ORIENTED_EDGE('',*,*,#3584,.F.);
#3302=ORIENTED_EDGE('',*,*,#3583,.T.);
#3303=ORIENTED_EDGE('',*,*,#3585,.T.);
#3304=ORIENTED_EDGE('',*,*,#3586,.F.);
#3305=ORIENTED_EDGE('',*,*,#3587,.F.);
#3306=ORIENTED_EDGE('',*,*,#3586,.T.);
#3307=ORIENTED_EDGE('',*,*,#3588,.T.);
#3308=ORIENTED_EDGE('',*,*,#3589,.F.);
#3309=ORIENTED_EDGE('',*,*,#3590,.F.);
#3310=ORIENTED_EDGE('',*,*,#3589,.T.);
#3311=ORIENTED_EDGE('',*,*,#3591,.T.);
#3312=ORIENTED_EDGE('',*,*,#3565,.F.);
#3313=ORIENTED_EDGE('',*,*,#3592,.F.);
#3314=ORIENTED_EDGE('',*,*,#3593,.F.);
#3315=ORIENTED_EDGE('',*,*,#3594,.F.);
#3316=ORIENTED_EDGE('',*,*,#3595,.F.);
#3317=ORIENTED_EDGE('',*,*,#3596,.F.);
#3318=ORIENTED_EDGE('',*,*,#3597,.F.);
#3319=ORIENTED_EDGE('',*,*,#3598,.T.);
#3320=ORIENTED_EDGE('',*,*,#3599,.F.);
#3321=ORIENTED_EDGE('',*,*,#3600,.F.);
#3322=ORIENTED_EDGE('',*,*,#3601,.F.);
#3323=ORIENTED_EDGE('',*,*,#3602,.F.);
#3324=ORIENTED_EDGE('',*,*,#3603,.F.);
#3325=ORIENTED_EDGE('',*,*,#3604,.F.);
#3326=ORIENTED_EDGE('',*,*,#3605,.F.);
#3327=ORIENTED_EDGE('',*,*,#3606,.F.);
#3328=ORIENTED_EDGE('',*,*,#3607,.T.);
#3329=ORIENTED_EDGE('',*,*,#3608,.T.);
#3330=ORIENTED_EDGE('',*,*,#3609,.T.);
#3331=ORIENTED_EDGE('',*,*,#3568,.F.);
#3332=ORIENTED_EDGE('',*,*,#3610,.T.);
#3333=ORIENTED_EDGE('',*,*,#3611,.T.);
#3334=ORIENTED_EDGE('',*,*,#3612,.T.);
#3335=ORIENTED_EDGE('',*,*,#3611,.F.);
#3336=ORIENTED_EDGE('',*,*,#3613,.F.);
#3337=ORIENTED_EDGE('',*,*,#3614,.T.);
#3338=ORIENTED_EDGE('',*,*,#3615,.F.);
#3339=ORIENTED_EDGE('',*,*,#3616,.T.);
#3340=ORIENTED_EDGE('',*,*,#3617,.F.);
#3341=ORIENTED_EDGE('',*,*,#3618,.T.);
#3342=ORIENTED_EDGE('',*,*,#3619,.T.);
#3343=ORIENTED_EDGE('',*,*,#3620,.T.);
#3344=ORIENTED_EDGE('',*,*,#3619,.F.);
#3345=ORIENTED_EDGE('',*,*,#3621,.F.);
#3346=ORIENTED_EDGE('',*,*,#3622,.T.);
#3347=ORIENTED_EDGE('',*,*,#3580,.T.);
#3348=ORIENTED_EDGE('',*,*,#3623,.T.);
#3349=ORIENTED_EDGE('',*,*,#3624,.F.);
#3350=ORIENTED_EDGE('',*,*,#3625,.F.);
#3351=ORIENTED_EDGE('',*,*,#3626,.F.);
#3352=ORIENTED_EDGE('',*,*,#3627,.F.);
#3353=ORIENTED_EDGE('',*,*,#3628,.F.);
#3354=ORIENTED_EDGE('',*,*,#3627,.T.);
#3355=ORIENTED_EDGE('',*,*,#3629,.F.);
#3356=ORIENTED_EDGE('',*,*,#3630,.F.);
#3357=ORIENTED_EDGE('',*,*,#3631,.F.);
#3358=ORIENTED_EDGE('',*,*,#3630,.T.);
#3359=ORIENTED_EDGE('',*,*,#3632,.F.);
#3360=ORIENTED_EDGE('',*,*,#3617,.T.);
#3361=ORIENTED_EDGE('',*,*,#3633,.F.);
#3362=ORIENTED_EDGE('',*,*,#3601,.T.);
#3363=ORIENTED_EDGE('',*,*,#3634,.F.);
#3364=ORIENTED_EDGE('',*,*,#3602,.T.);
#3365=ORIENTED_EDGE('',*,*,#3633,.T.);
#3366=ORIENTED_EDGE('',*,*,#3616,.F.);
#3367=ORIENTED_EDGE('',*,*,#3635,.F.);
#3368=ORIENTED_EDGE('',*,*,#3636,.F.);
#3369=ORIENTED_EDGE('',*,*,#3637,.F.);
#3370=ORIENTED_EDGE('',*,*,#3603,.T.);
#3371=ORIENTED_EDGE('',*,*,#3634,.T.);
#3372=ORIENTED_EDGE('',*,*,#3615,.T.);
#3373=ORIENTED_EDGE('',*,*,#3638,.F.);
#3374=ORIENTED_EDGE('',*,*,#3608,.F.);
#3375=ORIENTED_EDGE('',*,*,#3639,.F.);
#3376=ORIENTED_EDGE('',*,*,#3636,.T.);
#3377=ORIENTED_EDGE('',*,*,#3640,.T.);
#3378=ORIENTED_EDGE('',*,*,#3606,.T.);
#3379=ORIENTED_EDGE('',*,*,#3641,.T.);
#3380=ORIENTED_EDGE('',*,*,#3567,.F.);
#3381=ORIENTED_EDGE('',*,*,#3642,.T.);
#3382=ORIENTED_EDGE('',*,*,#3610,.F.);
#3383=ORIENTED_EDGE('',*,*,#3641,.F.);
#3384=ORIENTED_EDGE('',*,*,#3605,.T.);
#3385=ORIENTED_EDGE('',*,*,#3643,.T.);
#3386=ORIENTED_EDGE('',*,*,#3618,.F.);
#3387=ORIENTED_EDGE('',*,*,#3632,.T.);
#3388=ORIENTED_EDGE('',*,*,#3629,.T.);
#3389=ORIENTED_EDGE('',*,*,#3626,.T.);
#3390=ORIENTED_EDGE('',*,*,#3644,.T.);
#3391=ORIENTED_EDGE('',*,*,#3621,.T.);
#3392=ORIENTED_EDGE('',*,*,#3643,.F.);
#3393=ORIENTED_EDGE('',*,*,#3625,.T.);
#3394=ORIENTED_EDGE('',*,*,#3645,.T.);
#3395=ORIENTED_EDGE('',*,*,#3622,.F.);
#3396=ORIENTED_EDGE('',*,*,#3644,.F.);
#3397=ORIENTED_EDGE('',*,*,#3646,.T.);
#3398=ORIENTED_EDGE('',*,*,#3581,.F.);
#3399=ORIENTED_EDGE('',*,*,#3645,.F.);
#3400=ORIENTED_EDGE('',*,*,#3624,.T.);
#3401=ORIENTED_EDGE('',*,*,#3607,.F.);
#3402=ORIENTED_EDGE('',*,*,#3647,.T.);
#3403=ORIENTED_EDGE('',*,*,#3592,.T.);
#3404=ORIENTED_EDGE('',*,*,#3637,.T.);
#3405=ORIENTED_EDGE('',*,*,#3639,.T.);
#3406=ORIENTED_EDGE('',*,*,#3593,.T.);
#3407=ORIENTED_EDGE('',*,*,#3647,.F.);
#3408=ORIENTED_EDGE('',*,*,#3640,.F.);
#3409=ORIENTED_EDGE('',*,*,#3648,.T.);
#3410=ORIENTED_EDGE('',*,*,#3594,.T.);
#3411=ORIENTED_EDGE('',*,*,#3648,.F.);
#3412=ORIENTED_EDGE('',*,*,#3566,.F.);
#3413=ORIENTED_EDGE('',*,*,#3649,.T.);
#3414=ORIENTED_EDGE('',*,*,#3595,.T.);
#3415=ORIENTED_EDGE('',*,*,#3649,.F.);
#3416=ORIENTED_EDGE('',*,*,#3591,.F.);
#3417=ORIENTED_EDGE('',*,*,#3650,.T.);
#3418=ORIENTED_EDGE('',*,*,#3588,.F.);
#3419=ORIENTED_EDGE('',*,*,#3651,.T.);
#3420=ORIENTED_EDGE('',*,*,#3596,.T.);
#3421=ORIENTED_EDGE('',*,*,#3650,.F.);
#3422=ORIENTED_EDGE('',*,*,#3597,.T.);
#3423=ORIENTED_EDGE('',*,*,#3651,.F.);
#3424=ORIENTED_EDGE('',*,*,#3585,.F.);
#3425=ORIENTED_EDGE('',*,*,#3652,.T.);
#3426=ORIENTED_EDGE('',*,*,#3598,.F.);
#3427=ORIENTED_EDGE('',*,*,#3652,.F.);
#3428=ORIENTED_EDGE('',*,*,#3582,.T.);
#3429=ORIENTED_EDGE('',*,*,#3653,.T.);
#3430=ORIENTED_EDGE('',*,*,#3599,.T.);
#3431=ORIENTED_EDGE('',*,*,#3653,.F.);
#3432=ORIENTED_EDGE('',*,*,#3646,.F.);
#3433=ORIENTED_EDGE('',*,*,#3654,.T.);
#3434=ORIENTED_EDGE('',*,*,#3623,.F.);
#3435=ORIENTED_EDGE('',*,*,#3628,.T.);
#3436=ORIENTED_EDGE('',*,*,#3631,.T.);
#3437=ORIENTED_EDGE('',*,*,#3600,.T.);
#3438=ORIENTED_EDGE('',*,*,#3654,.F.);
#3439=ORIENTED_EDGE('',*,*,#3564,.T.);
#3440=ORIENTED_EDGE('',*,*,#3655,.T.);
#3441=ORIENTED_EDGE('',*,*,#3542,.F.);
#3442=ORIENTED_EDGE('',*,*,#3656,.F.);
#3443=ORIENTED_EDGE('',*,*,#3572,.T.);
#3444=ORIENTED_EDGE('',*,*,#3657,.T.);
#3445=ORIENTED_EDGE('',*,*,#3545,.F.);
#3446=ORIENTED_EDGE('',*,*,#3655,.F.);
#3447=ORIENTED_EDGE('',*,*,#3575,.T.);
#3448=ORIENTED_EDGE('',*,*,#3658,.T.);
#3449=ORIENTED_EDGE('',*,*,#3548,.F.);
#3450=ORIENTED_EDGE('',*,*,#3657,.F.);
#3451=ORIENTED_EDGE('',*,*,#3578,.T.);
#3452=ORIENTED_EDGE('',*,*,#3659,.T.);
#3453=ORIENTED_EDGE('',*,*,#3551,.F.);
#3454=ORIENTED_EDGE('',*,*,#3658,.F.);
#3455=ORIENTED_EDGE('',*,*,#3579,.T.);
#3456=ORIENTED_EDGE('',*,*,#3660,.T.);
#3457=ORIENTED_EDGE('',*,*,#3554,.F.);
#3458=ORIENTED_EDGE('',*,*,#3659,.F.);
#3459=ORIENTED_EDGE('',*,*,#3584,.T.);
#3460=ORIENTED_EDGE('',*,*,#3661,.T.);
#3461=ORIENTED_EDGE('',*,*,#3557,.F.);
#3462=ORIENTED_EDGE('',*,*,#3660,.F.);
#3463=ORIENTED_EDGE('',*,*,#3587,.T.);
#3464=ORIENTED_EDGE('',*,*,#3662,.T.);
#3465=ORIENTED_EDGE('',*,*,#3560,.F.);
#3466=ORIENTED_EDGE('',*,*,#3661,.F.);
#3467=ORIENTED_EDGE('',*,*,#3590,.T.);
#3468=ORIENTED_EDGE('',*,*,#3656,.T.);
#3469=ORIENTED_EDGE('',*,*,#3563,.F.);
#3470=ORIENTED_EDGE('',*,*,#3662,.F.);
#3471=ORIENTED_EDGE('',*,*,#3642,.F.);
#3472=ORIENTED_EDGE('',*,*,#3663,.T.);
#3473=ORIENTED_EDGE('',*,*,#3613,.T.);
#3474=ORIENTED_EDGE('',*,*,#3604,.T.);
#3475=ORIENTED_EDGE('',*,*,#3638,.T.);
#3476=ORIENTED_EDGE('',*,*,#3635,.T.);
#3477=ORIENTED_EDGE('',*,*,#3614,.F.);
#3478=ORIENTED_EDGE('',*,*,#3663,.F.);
#3479=ORIENTED_EDGE('',*,*,#3576,.T.);
#3480=ORIENTED_EDGE('',*,*,#3664,.T.);
#3481=ORIENTED_EDGE('',*,*,#3620,.F.);
#3482=ORIENTED_EDGE('',*,*,#3612,.F.);
#3483=ORIENTED_EDGE('',*,*,#3664,.F.);
#3484=ORIENTED_EDGE('',*,*,#3573,.T.);
#3485=ORIENTED_EDGE('',*,*,#3665,.T.);
#3486=ORIENTED_EDGE('',*,*,#3570,.T.);
#3487=ORIENTED_EDGE('',*,*,#3609,.F.);
#3488=ORIENTED_EDGE('',*,*,#3665,.F.);
#3489=ORIENTED_EDGE('',*,*,#3526,.F.);
#3490=ORIENTED_EDGE('',*,*,#3539,.T.);
#3491=ORIENTED_EDGE('',*,*,#3540,.T.);
#3492=ORIENTED_EDGE('',*,*,#3666,.T.);
#3493=ORIENTED_EDGE('',*,*,#3533,.F.);
#3494=ORIENTED_EDGE('',*,*,#3667,.F.);
#3495=ORIENTED_EDGE('',*,*,#3544,.T.);
#3496=ORIENTED_EDGE('',*,*,#3668,.T.);
#3497=ORIENTED_EDGE('',*,*,#3535,.T.);
#3498=ORIENTED_EDGE('',*,*,#3534,.F.);
#3499=ORIENTED_EDGE('',*,*,#3666,.F.);
#3500=ORIENTED_EDGE('',*,*,#3547,.T.);
#3501=ORIENTED_EDGE('',*,*,#3669,.T.);
#3502=ORIENTED_EDGE('',*,*,#3536,.F.);
#3503=ORIENTED_EDGE('',*,*,#3668,.F.);
#3504=ORIENTED_EDGE('',*,*,#3550,.T.);
#3505=ORIENTED_EDGE('',*,*,#3670,.T.);
#3506=ORIENTED_EDGE('',*,*,#3537,.F.);
#3507=ORIENTED_EDGE('',*,*,#3669,.F.);
#3508=ORIENTED_EDGE('',*,*,#3553,.T.);
#3509=ORIENTED_EDGE('',*,*,#3671,.T.);
#3510=ORIENTED_EDGE('',*,*,#3538,.F.);
#3511=ORIENTED_EDGE('',*,*,#3670,.F.);
#3512=ORIENTED_EDGE('',*,*,#3556,.T.);
#3513=ORIENTED_EDGE('',*,*,#3672,.T.);
#3514=ORIENTED_EDGE('',*,*,#3530,.F.);
#3515=ORIENTED_EDGE('',*,*,#3671,.F.);
#3516=ORIENTED_EDGE('',*,*,#3559,.T.);
#3517=ORIENTED_EDGE('',*,*,#3673,.T.);
#3518=ORIENTED_EDGE('',*,*,#3531,.F.);
#3519=ORIENTED_EDGE('',*,*,#3672,.F.);
#3520=ORIENTED_EDGE('',*,*,#3562,.T.);
#3521=ORIENTED_EDGE('',*,*,#3667,.T.);
#3522=ORIENTED_EDGE('',*,*,#3532,.F.);
#3523=ORIENTED_EDGE('',*,*,#3673,.F.);
#3524=ORIENTED_EDGE('',*,*,#3528,.T.);
#3525=ORIENTED_EDGE('',*,*,#3527,.F.);
#3526=EDGE_CURVE('',#3674,#3674,#3675,.T.);
#3527=EDGE_CURVE('',#3676,#3676,#3677,.F.);
#3528=EDGE_CURVE('',#3678,#3678,#3679,.F.);
#3529=EDGE_CURVE('',#3680,#3680,#3681,.F.);
#3530=EDGE_CURVE('',#3682,#3683,#3684,.T.);
#3531=EDGE_CURVE('',#3683,#3685,#3686,.T.);
#3532=EDGE_CURVE('',#3685,#3687,#3688,.T.);
#3533=EDGE_CURVE('',#3687,#3689,#3690,.T.);
#3534=EDGE_CURVE('',#3689,#3691,#3692,.T.);
#3535=EDGE_CURVE('',#3693,#3691,#3694,.T.);
#3536=EDGE_CURVE('',#3693,#3695,#3696,.T.);
#3537=EDGE_CURVE('',#3695,#3697,#3698,.T.);
#3538=EDGE_CURVE('',#3697,#3682,#3699,.T.);
#3539=EDGE_CURVE('',#3700,#3700,#3701,.T.);
#3540=EDGE_CURVE('',#3702,#3703,#3704,.T.);
#3541=EDGE_CURVE('',#3705,#3702,#3706,.T.);
#3542=EDGE_CURVE('',#3705,#3707,#3708,.F.);
#3543=EDGE_CURVE('',#3707,#3703,#3709,.T.);
#3544=EDGE_CURVE('',#3703,#3710,#3711,.T.);
#3545=EDGE_CURVE('',#3707,#3712,#3713,.T.);
#3546=EDGE_CURVE('',#3712,#3710,#3714,.T.);
#3547=EDGE_CURVE('',#3710,#3715,#3716,.T.);
#3548=EDGE_CURVE('',#3712,#3717,#3718,.F.);
#3549=EDGE_CURVE('',#3717,#3715,#3719,.T.);
#3550=EDGE_CURVE('',#3715,#3720,#3721,.T.);
#3551=EDGE_CURVE('',#3717,#3722,#3723,.T.);
#3552=EDGE_CURVE('',#3722,#3720,#3724,.T.);
#3553=EDGE_CURVE('',#3720,#3725,#3726,.T.);
#3554=EDGE_CURVE('',#3722,#3727,#3728,.T.);
#3555=EDGE_CURVE('',#3727,#3725,#3729,.T.);
#3556=EDGE_CURVE('',#3725,#3730,#3731,.T.);
#3557=EDGE_CURVE('',#3727,#3732,#3733,.T.);
#3558=EDGE_CURVE('',#3732,#3730,#3734,.T.);
#3559=EDGE_CURVE('',#3730,#3735,#3736,.T.);
#3560=EDGE_CURVE('',#3732,#3737,#3738,.T.);
#3561=EDGE_CURVE('',#3737,#3735,#3739,.T.);
#3562=EDGE_CURVE('',#3735,#3702,#3740,.T.);
#3563=EDGE_CURVE('',#3737,#3705,#3741,.T.);
#3564=EDGE_CURVE('',#3742,#3743,#3744,.F.);
#3565=EDGE_CURVE('',#3742,#3745,#3746,.T.);
#3566=EDGE_CURVE('',#3745,#3747,#3748,.T.);
#3567=EDGE_CURVE('',#3747,#3749,#3750,.T.);
#3568=EDGE_CURVE('',#3749,#3751,#3752,.T.);
#3569=EDGE_CURVE('',#3751,#3743,#3753,.T.);
#3570=EDGE_CURVE('',#3754,#3751,#3755,.T.);
#3571=EDGE_CURVE('',#3754,#3756,#3757,.T.);
#3572=EDGE_CURVE('',#3743,#3756,#3758,.T.);
#3573=EDGE_CURVE('',#3759,#3754,#3760,.T.);
#3574=EDGE_CURVE('',#3759,#3761,#3762,.T.);
#3575=EDGE_CURVE('',#3756,#3761,#3763,.F.);
#3576=EDGE_CURVE('',#3764,#3759,#3765,.F.);
#3577=EDGE_CURVE('',#3764,#3766,#3767,.T.);
#3578=EDGE_CURVE('',#3761,#3766,#3768,.T.);
#3579=EDGE_CURVE('',#3766,#3769,#3770,.T.);
#3580=EDGE_CURVE('',#3771,#3764,#3772,.T.);
#3581=EDGE_CURVE('',#3771,#3773,#3774,.F.);
#3582=EDGE_CURVE('',#3775,#3773,#3776,.T.);
#3583=EDGE_CURVE('',#3769,#3775,#3777,.T.);
#3584=EDGE_CURVE('',#3769,#3778,#3779,.T.);
#3585=EDGE_CURVE('',#3775,#3780,#3781,.T.);
#3586=EDGE_CURVE('',#3778,#3780,#3782,.T.);
#3587=EDGE_CURVE('',#3778,#3783,#3784,.T.);
#3588=EDGE_CURVE('',#3780,#3785,#3786,.T.);
#3589=EDGE_CURVE('',#3783,#3785,#3787,.T.);
#3590=EDGE_CURVE('',#3783,#3742,#3788,.T.);
#3591=EDGE_CURVE('',#3785,#3745,#3789,.F.);
#3592=EDGE_CURVE('',#3790,#3791,#3792,.T.);
#3593=EDGE_CURVE('',#3793,#3790,#3794,.F.);
#3594=EDGE_CURVE('',#3795,#3793,#3796,.T.);
#3595=EDGE_CURVE('',#3797,#3795,#3798,.F.);
#3596=EDGE_CURVE('',#3799,#3797,#3800,.T.);
#3597=EDGE_CURVE('',#3801,#3799,#3802,.T.);
#3598=EDGE_CURVE('',#3801,#3803,#3804,.T.);
#3599=EDGE_CURVE('',#3805,#3803,#3806,.F.);
#3600=EDGE_CURVE('',#3807,#3805,#3808,.T.);
#3601=EDGE_CURVE('',#3809,#3807,#3810,.F.);
#3602=EDGE_CURVE('',#3811,#3809,#3812,.T.);
#3603=EDGE_CURVE('',#3791,#3811,#3813,.F.);
#3604=EDGE_CURVE('',#3814,#3815,#3816,.T.);
#3605=EDGE_CURVE('',#3817,#3814,#3818,.F.);
#3606=EDGE_CURVE('',#3819,#3817,#3820,.T.);
#3607=EDGE_CURVE('',#3819,#3821,#3822,.T.);
#3608=EDGE_CURVE('',#3821,#3815,#3823,.T.);
#3609=EDGE_CURVE('',#3824,#3751,#3825,.T.);
#3610=EDGE_CURVE('',#3749,#3826,#3827,.F.);
#3611=EDGE_CURVE('',#3826,#3824,#3828,.T.);
#3612=EDGE_CURVE('',#3829,#3824,#3830,.T.);
#3613=EDGE_CURVE('',#3831,#3826,#3832,.T.);
#3614=EDGE_CURVE('',#3831,#3833,#3834,.T.);
#3615=EDGE_CURVE('',#3835,#3833,#3836,.F.);
#3616=EDGE_CURVE('',#3835,#3837,#3838,.T.);
#3617=EDGE_CURVE('',#3839,#3837,#3840,.F.);
#3618=EDGE_CURVE('',#3839,#3841,#3842,.T.);
#3619=EDGE_CURVE('',#3841,#3829,#3843,.T.);
#3620=EDGE_CURVE('',#3764,#3829,#3844,.F.);
#3621=EDGE_CURVE('',#3845,#3841,#3846,.T.);
#3622=EDGE_CURVE('',#3845,#3771,#3847,.T.);
#3623=EDGE_CURVE('',#3848,#3849,#3850,.T.);
#3624=EDGE_CURVE('',#3851,#3849,#3852,.F.);
#3625=EDGE_CURVE('',#3853,#3851,#3854,.T.);
#3626=EDGE_CURVE('',#3855,#3853,#3856,.T.);
#3627=EDGE_CURVE('',#3848,#3855,#3857,.T.);
#3628=EDGE_CURVE('',#3848,#3858,#3859,.F.);
#3629=EDGE_CURVE('',#3860,#3855,#3861,.F.);
#3630=EDGE_CURVE('',#3858,#3860,#3862,.T.);
#3631=EDGE_CURVE('',#3858,#3807,#3863,.F.);
#3632=EDGE_CURVE('',#3839,#3860,#3864,.T.);
#3633=EDGE_CURVE('',#3809,#3837,#3865,.T.);
#3634=EDGE_CURVE('',#3811,#3835,#3866,.T.);
#3635=EDGE_CURVE('',#3867,#3833,#3868,.F.);
#3636=EDGE_CURVE('',#3869,#3867,#3870,.T.);
#3637=EDGE_CURVE('',#3791,#3869,#3871,.T.);
#3638=EDGE_CURVE('',#3815,#3867,#3872,.F.);
#3639=EDGE_CURVE('',#3869,#3821,#3873,.F.);
#3640=EDGE_CURVE('',#3747,#3819,#3874,.F.);
#3641=EDGE_CURVE('',#3817,#3749,#3875,.T.);
#3642=EDGE_CURVE('',#3814,#3826,#3876,.T.);
#3643=EDGE_CURVE('',#3853,#3841,#3877,.T.);
#3644=EDGE_CURVE('',#3853,#3845,#3878,.F.);
#3645=EDGE_CURVE('',#3851,#3771,#3879,.T.);
#3646=EDGE_CURVE('',#3849,#3773,#3880,.F.);
#3647=EDGE_CURVE('',#3819,#3790,#3881,.T.);
#3648=EDGE_CURVE('',#3747,#3793,#3882,.F.);
#3649=EDGE_CURVE('',#3745,#3795,#3883,.F.);
#3650=EDGE_CURVE('',#3785,#3797,#3884,.F.);
#3651=EDGE_CURVE('',#3780,#3799,#3885,.T.);
#3652=EDGE_CURVE('',#3775,#3801,#3886,.F.);
#3653=EDGE_CURVE('',#3773,#3803,#3887,.F.);
#3654=EDGE_CURVE('',#3849,#3805,#3888,.F.);
#3655=EDGE_CURVE('',#3743,#3707,#3889,.T.);
#3656=EDGE_CURVE('',#3742,#3705,#3890,.T.);
#3657=EDGE_CURVE('',#3756,#3712,#3891,.T.);
#3658=EDGE_CURVE('',#3761,#3717,#3892,.T.);
#3659=EDGE_CURVE('',#3766,#3722,#3893,.T.);
#3660=EDGE_CURVE('',#3769,#3727,#3894,.T.);
#3661=EDGE_CURVE('',#3778,#3732,#3895,.T.);
#3662=EDGE_CURVE('',#3783,#3737,#3896,.T.);
#3663=EDGE_CURVE('',#3814,#3831,#3897,.F.);
#3664=EDGE_CURVE('',#3759,#3829,#3898,.F.);
#3665=EDGE_CURVE('',#3754,#3824,#3899,.F.);
#3666=EDGE_CURVE('',#3703,#3689,#3900,.T.);
#3667=EDGE_CURVE('',#3702,#3687,#3901,.T.);
#3668=EDGE_CURVE('',#3710,#3693,#3902,.T.);
#3669=EDGE_CURVE('',#3715,#3695,#3903,.T.);
#3670=EDGE_CURVE('',#3720,#3697,#3904,.T.);
#3671=EDGE_CURVE('',#3725,#3682,#3905,.T.);
#3672=EDGE_CURVE('',#3730,#3683,#3906,.T.);
#3673=EDGE_CURVE('',#3735,#3685,#3907,.T.);
#3674=VERTEX_POINT('',#3908);
#3675=CIRCLE('',#3909,5.5);
#3676=VERTEX_POINT('',#3913);
#3677=CIRCLE('',#3914,3.44999999999999);
#3678=VERTEX_POINT('',#3918);
#3679=CIRCLE('',#3919,2.45);
#3680=VERTEX_POINT('',#3923);
#3681=(BOUNDED_CURVE()B_SPLINE_CURVE(3,
(#3924,#3925,#3926,#3927,#3928,#3929,#3930),
.UNSPECIFIED.,.T.,.F.)B_SPLINE_CURVE_WITH_KNOTS((4,3,4),
(0.,0.5,1.),
.UNSPECIFIED.)CURVE()GEOMETRIC_REPRESENTATION_ITEM()RATIONAL_B_SPLINE_CURVE((1.,
0.333333333333333,0.333333333333333,1.,0.333333333333333,0.333333333333333,1.))
REPRESENTATION_ITEM(''));
#3682=VERTEX_POINT('',#3931);
#3683=VERTEX_POINT('',#3932);
#3684=B_SPLINE_CURVE_WITH_KNOTS('',3,
(#3933,#3934,#3935,#3936,#3937,#3938,#3939,#3940,#3941,#3942,#3943),
.UNSPECIFIED.,.F.,.F.,
(4,1,1,1,1,1,1,1,4),
(0.,0.162156770316922,0.314914272689868,0.45827250711884,0.590406641240769,0.71465318503073,
0.831012138488723,0.924106824155513,1.),
.UNSPECIFIED.);
#3685=VERTEX_POINT('',#3944);
#3686=B_SPLINE_CURVE_WITH_KNOTS('',3,
(#3945,#3946,#3947,#3948,#3949,#3950,#3951,#3952,#3953,#3954,#3955,#3956,#3957,#3958,
#3959),
.UNSPECIFIED.,.F.,.F.,
(4,1,1,1,1,1,1,1,1,1,1,1,4),
(0.,0.10575782776607,0.198066125668299,0.280277876729155,0.365604951856958,0.453871754426017,
0.540751599760493,0.626961917913181,0.711773726078983,0.796809860435378,0.876757000386516,
0.94470342508276,1.),
.UNSPECIFIED.);
#3687=VERTEX_POINT('',#3960);
#3688=B_SPLINE_CURVE_WITH_KNOTS('',3,
(#3961,#3962,#3963,#3964,#3965,#3966,#3967,#3968,#3969,#3970,#3971),
.UNSPECIFIED.,.F.,.F.,
(4,1,1,1,1,1,1,1,4),
(0.,0.170375634358951,0.32543837518942,0.465188222491408,0.593392258405039,0.716028087186928,
0.833095708837077,0.92464125001748,1.),
.UNSPECIFIED.);
#3689=VERTEX_POINT('',#3972);
#3690=B_SPLINE_CURVE_WITH_KNOTS('',3,
(#3973,#3974,#3975,#3976,#3977,#3978,#3979,#3980,#3981,#3982,#3983,#3984,#3985,#3986,
#3987,#3988,#3989),
.UNSPECIFIED.,.F.,.F.,
(4,1,1,1,1,1,1,1,1,1,1,1,1,1,4),
(0.,0.0876743705350037,0.167819253069683,0.239896515867439,0.314934474330377,0.388805963381791,
0.462049114758279,0.534578292456399,0.607591954234194,0.681466050424823,0.755423182418148,
0.828725566067198,0.898246232211288,0.955280410693957,1.),
.UNSPECIFIED.);
#3691=VERTEX_POINT('',#3990);
#3692=B_SPLINE_CURVE_WITH_KNOTS('',3,
(#3991,#3992,#3993,#3994,#3995,#3996,#3997,#3998,#3999,#4000,#4001),
.UNSPECIFIED.,.F.,.F.,
(4,1,1,1,1,1,1,1,4),
(0.,0.155732038558514,0.302387458975613,0.439966261251297,0.566101046548503,0.685934314660323,
0.799466065586757,0.902843254583875,1.),
.UNSPECIFIED.);
#3693=VERTEX_POINT('',#4002);
#3694=B_SPLINE_CURVE_WITH_KNOTS('',3,
(#4003,#4004,#4005,#4006),
.UNSPECIFIED.,.F.,.F.,
(4,4),
(0.,1.),
.UNSPECIFIED.);
#3695=VERTEX_POINT('',#4007);
#3696=B_SPLINE_CURVE_WITH_KNOTS('',3,
(#4008,#4009,#4010,#4011,#4012,#4013,#4014,#4015,#4016,#4017,#4018,#4019,#4020,#4021,
#4022),
.UNSPECIFIED.,.F.,.F.,
(4,1,1,1,1,1,1,1,1,1,1,1,4),
(0.,0.109877628639646,0.209792405344155,0.298579165041628,0.391666475685865,0.481941124919538,
0.570676994388703,0.656002519064663,0.741682986167262,0.822521493456599,0.899048483017971,
0.956511923310524,1.),
.UNSPECIFIED.);
#3697=VERTEX_POINT('',#4023);
#3698=B_SPLINE_CURVE_WITH_KNOTS('',3,
(#4024,#4025,#4026,#4027,#4028,#4029,#4030,#4031,#4032,#4033,#4034),
.UNSPECIFIED.,.F.,.F.,
(4,1,1,1,1,1,1,1,4),
(0.,0.170375634369867,0.325438375205072,0.465188222505614,0.59339225843764,0.716028087236716,
0.833095708902841,0.92464125005757,1.),
.UNSPECIFIED.);
#3699=B_SPLINE_CURVE_WITH_KNOTS('',3,
(#4035,#4036,#4037,#4038,#4039,#4040,#4041,#4042,#4043,#4044,#4045,#4046,#4047,#4048,
#4049,#4050,#4051),
.UNSPECIFIED.,.F.,.F.,
(4,1,1,1,1,1,1,1,1,1,1,1,1,1,4),
(0.,0.0876743705390855,0.167819253076178,0.239896515873771,0.314934474336203,0.388805963386577,
0.462049114762401,0.534578292461459,0.607591954240357,0.681466050431712,0.755423182424596,
0.828725566074201,0.898246232217995,0.95528041069874,1.),
.UNSPECIFIED.);
#3700=VERTEX_POINT('',#4052);
#3701=CIRCLE('',#4053,7.5);
#3702=VERTEX_POINT('',#4057);
#3703=VERTEX_POINT('',#4058);
#3704=B_SPLINE_CURVE_WITH_KNOTS('',3,
(#4059,#4060,#4061,#4062,#4063,#4064,#4065,#4066,#4067,#4068,#4069,#4070,#4071,#4072,
#4073,#4074,#4075),
.UNSPECIFIED.,.F.,.F.,
(4,1,1,1,1,1,1,1,1,1,1,1,1,1,4),
(0.,0.0953948439767129,0.184439584999336,0.267134223067869,0.344323937735919,0.423624116115772,
0.505746996667754,0.58938857815445,0.673968915185423,0.753318775057788,0.820316635923659,
0.87427715901528,0.925719622690726,0.9676272363523,1.),
.UNSPECIFIED.);
#3705=VERTEX_POINT('',#4076);
#3706=LINE('',#4077,#4078);
#3707=VERTEX_POINT('',#4080);
#3708=B_SPLINE_CURVE_WITH_KNOTS('',3,
(#4081,#4082,#4083,#4084,#4085,#4086,#4087,#4088,#4089,#4090,#4091,#4092,#4093,#4094,
#4095,#4096,#4097,#4098,#4099,#4100,#4101,#4102,#4103,#4104,#4105,#4106,#4107,#4108,
#4109,#4110,#4111,#4112,#4113,#4114),
.UNSPECIFIED.,.F.,.F.,
(4,1,1,1,1,1,1,1,1,1,1,1,1,1,1,1,1,1,1,1,1,1,1,1,1,1,1,1,1,1,1,4),
(0.,0.0354819702388461,0.0671374760235218,0.094966517354027,0.120897126289885,0.150702747476934,
0.191394988225036,0.240564481294657,0.293976363057938,0.346115279028404,0.397462564386066,
0.450070444626638,0.500924117428561,0.550832835502096,0.601711919878805,0.648528200541649,
0.69047242478037,0.727887985887958,0.772751609402727,0.81339997342692,0.849116560293536,
0.873588484618159,0.896897180703719,0.917736109833136,0.935510792916759,0.947103350317121,
0.957225420957393,0.967442856399297,0.981077972128902,0.991831513251546,0.99767970529317,
1.),
.UNSPECIFIED.);
#3709=LINE('',#4115,#4116);
#3710=VERTEX_POINT('',#4118);
#3711=B_SPLINE_CURVE_WITH_KNOTS('',3,
(#4119,#4120,#4121,#4122,#4123,#4124,#4125,#4126,#4127,#4128,#4129,#4130,#4131,#4132,
#4133,#4134,#4135),
.UNSPECIFIED.,.F.,.F.,
(4,1,1,1,1,1,1,1,1,1,1,1,1,1,4),
(0.,0.0670771652277893,0.126351698750406,0.186275988810485,0.260216030446842,0.354939037875312,
0.461433650001632,0.57231206756035,0.683375015531586,0.778752967256295,0.852362431157069,
0.901635468037952,0.946792178906349,0.979580356227032,1.),
.UNSPECIFIED.);
#3712=VERTEX_POINT('',#4136);
#3713=B_SPLINE_CURVE_WITH_KNOTS('',3,
(#4137,#4138,#4139,#4140,#4141,#4142,#4143,#4144,#4145,#4146,#4147,#4148,#4149,#4150,
#4151,#4152,#4153,#4154,#4155,#4156,#4157,#4158),
.UNSPECIFIED.,.F.,.F.,
(4,1,1,1,1,1,1,1,1,1,1,1,1,1,1,1,1,1,1,4),
(0.,0.030375489239624,0.0575959241206701,0.0843466526112916,0.110627674711489,0.143949608161986,
0.191291851341635,0.259244202136208,0.34566004016073,0.440590361500271,0.537774436482074,
0.634640841836492,0.732366876132314,0.820554959414689,0.891081171216221,0.934054320495256,
0.959542918993628,0.976659419499207,0.990145113167997,1.),
.UNSPECIFIED.);
#3714=LINE('',#4159,#4160);
#3715=VERTEX_POINT('',#4162);
#3716=B_SPLINE_CURVE_WITH_KNOTS('',3,
(#4163,#4164,#4165,#4166,#4167,#4168,#4169,#4170,#4171,#4172,#4173,#4174,#4175,#4176),
.UNSPECIFIED.,.F.,.F.,
(4,1,1,1,1,1,1,1,1,1,1,4),
(0.,0.110981880368488,0.207638198347338,0.291980543999227,0.383034509538363,0.480233002892119,
0.581928846671397,0.678979630743156,0.770289331143642,0.866774965968246,0.942790816908238,
1.),
.UNSPECIFIED.);
#3717=VERTEX_POINT('',#4177);
#3718=B_SPLINE_CURVE_WITH_KNOTS('',3,
(#4178,#4179,#4180,#4181,#4182,#4183,#4184,#4185,#4186,#4187,#4188,#4189,#4190,#4191,
#4192,#4193,#4194,#4195,#4196,#4197,#4198,#4199,#4200,#4201,#4202,#4203),
.UNSPECIFIED.,.F.,.F.,
(4,1,1,1,1,1,1,1,1,1,1,1,1,1,1,1,1,1,1,1,1,1,1,4),
(0.,0.0589158393931045,0.111207503159955,0.156874991300553,0.197220901050337,0.238869408035561,
0.293037481383847,0.350646198677248,0.414503618694772,0.479805429040853,0.550455428015609,
0.617277896663785,0.68283160330207,0.736786243563408,0.784822018582148,0.820283005034701,
0.854588736893322,0.884988440410993,0.909166613862554,0.929906554525198,0.951406313643307,
0.973665891216882,0.990117059487601,1.),
.UNSPECIFIED.);
#3719=LINE('',#4204,#4205);
#3720=VERTEX_POINT('',#4207);
#3721=B_SPLINE_CURVE_WITH_KNOTS('',3,
(#4208,#4209,#4210,#4211,#4212,#4213,#4214,#4215,#4216,#4217,#4218,#4219,#4220,#4221,
#4222,#4223),
.UNSPECIFIED.,.F.,.F.,
(4,1,1,1,1,1,1,1,1,1,1,1,1,4),
(0.,0.110525182660833,0.223335180047383,0.33120278766145,0.448060306534482,0.5605715494006,
0.669518245591753,0.776085705774027,0.855869934006549,0.911138980339195,0.939200811197363,
0.965730445871415,0.98599684213896,1.),
.UNSPECIFIED.);
#3722=VERTEX_POINT('',#4224);
#3723=B_SPLINE_CURVE_WITH_KNOTS('',3,
(#4225,#4226,#4227,#4228,#4229,#4230,#4231,#4232,#4233,#4234,#4235,#4236,#4237,#4238,
#4239,#4240,#4241,#4242,#4243,#4244,#4245,#4246,#4247,#4248),
.UNSPECIFIED.,.F.,.F.,
(4,1,1,1,1,1,1,1,1,1,1,1,1,1,1,1,1,1,1,1,1,4),
(0.,0.0533585147459353,0.101240910032711,0.149135582278685,0.204759396571023,0.281171027475217,
0.37187985946093,0.469784244891661,0.566854499490077,0.66419954205392,0.760280346399504,
0.837229212297771,0.889439439732617,0.915663207923407,0.932952126586913,0.945561239477619,
0.955662176109183,0.962390981103277,0.973232064456552,0.984672583474742,0.995675046462823,
1.),
.UNSPECIFIED.);
#3724=LINE('',#4249,#4250);
#3725=VERTEX_POINT('',#4252);
#3726=B_SPLINE_CURVE_WITH_KNOTS('',3,
(#4253,#4254,#4255,#4256,#4257,#4258,#4259,#4260,#4261,#4262,#4263,#4264,#4265,#4266,
#4267,#4268,#4269),
.UNSPECIFIED.,.F.,.F.,
(4,1,1,1,1,1,1,1,1,1,1,1,1,1,4),
(0.,0.0953948439685858,0.184439584982361,0.267134223041326,0.34432393770667,0.423624116084185,
0.505746996644059,0.589388578130053,0.6739689151707,0.753318775048136,0.82031663592463,
0.874277159020668,0.925719622699815,0.967627236359593,1.),
.UNSPECIFIED.);
#3727=VERTEX_POINT('',#4270);
#3728=B_SPLINE_CURVE_WITH_KNOTS('',3,
(#4271,#4272,#4273,#4274,#4275,#4276,#4277,#4278,#4279,#4280,#4281,#4282,#4283,#4284,
#4285,#4286,#4287,#4288,#4289,#4290,#4291,#4292,#4293,#4294,#4295,#4296,#4297,#4298,
#4299,#4300,#4301,#4302,#4303,#4304),
.UNSPECIFIED.,.F.,.F.,
(4,1,1,1,1,1,1,1,1,1,1,1,1,1,1,1,1,1,1,1,1,1,1,1,1,1,1,1,1,1,1,4),
(0.,0.0354819702390779,0.0671374760239249,0.0949665173545411,0.120897126290456,0.150702747477611,
0.191394988227464,0.240564481296035,0.29397636305709,0.346115279023034,0.397462564378316,
0.450070444617526,0.500924117419106,0.550832835498588,0.601711919857881,0.648528200500096,
0.690472424709697,0.727887985806812,0.772751609224975,0.813399973155791,0.849116559944858,
0.87358848427016,0.896897180353925,0.917736109468456,0.935510792545399,0.947103350058725,
0.957225420814036,0.967442856373449,0.981077972105842,0.991831513234095,0.997679705284373,
1.),
.UNSPECIFIED.);
#3729=LINE('',#4305,#4306);
#3730=VERTEX_POINT('',#4308);
#3731=B_SPLINE_CURVE_WITH_KNOTS('',3,
(#4309,#4310,#4311,#4312,#4313,#4314,#4315,#4316,#4317,#4318,#4319,#4320,#4321,#4322,
#4323,#4324,#4325),
.UNSPECIFIED.,.F.,.F.,
(4,1,1,1,1,1,1,1,1,1,1,1,1,1,4),
(0.,0.0670771652404492,0.126351698774902,0.186275988843181,0.260216030485589,0.354939037893441,
0.461433650015595,0.572312067563816,0.683375015562908,0.778752967291046,0.852362431193303,
0.901635468053559,0.946792178895307,0.979580356210787,1.),
.UNSPECIFIED.);
#3732=VERTEX_POINT('',#4326);
#3733=B_SPLINE_CURVE_WITH_KNOTS('',3,
(#4327,#4328,#4329,#4330,#4331,#4332,#4333,#4334,#4335,#4336,#4337,#4338,#4339,#4340,
#4341,#4342,#4343,#4344,#4345,#4346,#4347,#4348),
.UNSPECIFIED.,.F.,.F.,
(4,1,1,1,1,1,1,1,1,1,1,1,1,1,1,1,1,1,1,4),
(0.,0.03039419968233,0.0576311803444959,0.0844014738649371,0.110705080243654,0.144061536985615,
0.19145563888258,0.259459033282649,0.34590891894593,0.440847157407181,0.538030182318702,
0.634898366260548,0.732651743460286,0.820580530975116,0.890632603276266,0.933127398933113,
0.958446619888056,0.975624263133424,0.989475389837405,1.),
.UNSPECIFIED.);
#3734=LINE('',#4349,#4350);
#3735=VERTEX_POINT('',#4352);
#3736=B_SPLINE_CURVE_WITH_KNOTS('',3,
(#4353,#4354,#4355,#4356,#4357,#4358,#4359,#4360,#4361,#4362,#4363,#4364,#4365,#4366),
.UNSPECIFIED.,.F.,.F.,
(4,1,1,1,1,1,1,1,1,1,1,4),
(0.,0.110981880373504,0.207638198353739,0.291980544001124,0.383034509539294,0.480233002892702,
0.581928846674249,0.678979630745533,0.770289331145234,0.866774965967306,0.942790816906605,
1.),
.UNSPECIFIED.);
#3737=VERTEX_POINT('',#4367);
#3738=B_SPLINE_CURVE_WITH_KNOTS('',3,
(#4368,#4369,#4370,#4371,#4372,#4373,#4374,#4375,#4376,#4377,#4378,#4379,#4380,#4381,
#4382,#4383,#4384,#4385,#4386,#4387,#4388,#4389,#4390,#4391,#4392,#4393),
.UNSPECIFIED.,.F.,.F.,
(4,1,1,1,1,1,1,1,1,1,1,1,1,1,1,1,1,1,1,1,1,1,1,4),
(0.,0.0589158393954638,0.11120750316453,0.1568749913072,0.19722090105726,0.238869408041106,
0.293037481348529,0.350646198609311,0.414503618604543,0.479805429023414,0.550455428124008,
0.617277896898385,0.682831603580271,0.736786243823084,0.784822018811278,0.820283005261681,
0.854588737119363,0.884988440637813,0.909166614087499,0.929906554748279,0.951406313864676,
0.97366589143669,0.99011705963367,1.),
.UNSPECIFIED.);
#3739=LINE('',#4394,#4395);
#3740=B_SPLINE_CURVE_WITH_KNOTS('',3,
(#4397,#4398,#4399,#4400,#4401,#4402,#4403,#4404,#4405,#4406,#4407,#4408,#4409,#4410,
#4411,#4412),
.UNSPECIFIED.,.F.,.F.,
(4,1,1,1,1,1,1,1,1,1,1,1,1,4),
(0.,0.110525182664423,0.223335180045079,0.331202787657392,0.44806030651979,0.560571549405076,
0.669518245599595,0.776085705798976,0.855869934021838,0.911138980348614,0.939200811190381,
0.965730445837669,0.985996842107542,1.),
.UNSPECIFIED.);
#3741=B_SPLINE_CURVE_WITH_KNOTS('',3,
(#4413,#4414,#4415,#4416,#4417,#4418,#4419,#4420,#4421,#4422,#4423,#4424,#4425,#4426,
#4427,#4428,#4429,#4430,#4431,#4432,#4433,#4434,#4435,#4436),
.UNSPECIFIED.,.F.,.F.,
(4,1,1,1,1,1,1,1,1,1,1,1,1,1,1,1,1,1,1,1,1,4),
(0.,0.0533583541860897,0.101240606014886,0.149135138083329,0.204758808440872,0.281170330399473,
0.371879139275611,0.469783368950034,0.56685405157168,0.664197149354221,0.760295112818007,
0.837306473682828,0.889593526020558,0.915876621591996,0.933177858247606,0.945786519692157,
0.955884811714299,0.962540890795707,0.973308894211992,0.984676305256869,0.99567650557932,
1.),
.UNSPECIFIED.);
#3742=VERTEX_POINT('',#4437);
#3743=VERTEX_POINT('',#4438);
#3744=B_SPLINE_CURVE_WITH_KNOTS('',3,
(#4439,#4440,#4441,#4442,#4443,#4444,#4445,#4446,#4447,#4448,#4449,#4450,#4451,#4452,
#4453,#4454,#4455,#4456,#4457,#4458),
.UNSPECIFIED.,.F.,.F.,
(4,2,2,2,2,2,2,2,2,4),
(0.,0.0806256828188716,0.165033495203938,0.24877129549087,0.332012396054568,0.500003981838354,
0.667995567622141,0.837422567797044,0.921336816123711,1.),
.UNSPECIFIED.);
#3745=VERTEX_POINT('',#4459);
#3746=LINE('',#4460,#4461);
#3747=VERTEX_POINT('',#4463);
#3748=LINE('',#4464,#4465);
#3749=VERTEX_POINT('',#4467);
#3750=LINE('',#4468,#4469);
#3751=VERTEX_POINT('',#4471);
#3752=LINE('',#4472,#4473);
#3753=LINE('',#4475,#4476);
#3754=VERTEX_POINT('',#4478);
#3755=B_SPLINE_CURVE_WITH_KNOTS('',3,
(#4479,#4480,#4481,#4482,#4483,#4484,#4485,#4486,#4487,#4488,#4489,#4490,#4491,#4492,
#4493,#4494,#4495,#4496,#4497,#4498,#4499,#4500,#4501,#4502,#4503,#4504,#4505,#4506),
.UNSPECIFIED.,.F.,.F.,
(4,1,1,1,1,1,1,1,1,1,1,1,1,1,1,1,1,1,1,1,1,1,1,1,1,4),
(0.,0.0186904259138581,0.0350294136633787,0.0485079344755219,0.0639299431145336,
0.0800312305475341,0.0979306918507316,0.115503282768813,0.13270417936378,0.149858909590828,
0.169036989551837,0.19365432133306,0.222101576658073,0.254470631207068,0.289366805571089,
0.327340205085848,0.369363060093645,0.416746796515063,0.472997229520398,0.537090430716894,
0.609659566112513,0.690170727440129,0.77635608084677,0.87390976989059,0.94851418701608,
1.),
.UNSPECIFIED.);
#3756=VERTEX_POINT('',#4507);
#3757=LINE('',#4508,#4509);
#3758=B_SPLINE_CURVE_WITH_KNOTS('',3,
(#4511,#4512,#4513,#4514,#4515,#4516,#4517,#4518,#4519,#4520,#4521,#4522,#4523,#4524,
#4525,#4526,#4527,#4528,#4529,#4530,#4531),
.UNSPECIFIED.,.F.,.F.,
(4,1,1,1,1,1,1,1,1,1,1,1,1,1,1,1,1,1,4),
(0.,0.0425310482431944,0.0806337313409862,0.118478027138022,0.163850110129317,0.227675808587881,
0.306720203238249,0.393282969220593,0.48080535558877,0.568117647711442,0.655539601453133,
0.741156351651527,0.817004278304169,0.87534039003798,0.913848289062738,0.942896286629847,
0.969821768612674,0.989579684798322,1.),
.UNSPECIFIED.);
#3759=VERTEX_POINT('',#4532);
#3760=LINE('',#4533,#4534);
#3761=VERTEX_POINT('',#4536);
#3762=LINE('',#4537,#4538);
#3763=B_SPLINE_CURVE_WITH_KNOTS('',3,
(#4540,#4541,#4542,#4543,#4544,#4545,#4546,#4547,#4548,#4549,#4550,#4551,#4552,#4553),
.UNSPECIFIED.,.F.,.F.,
(4,2,2,2,2,2,4),
(0.,0.197739984199747,0.399272138896769,0.500000000000001,0.600727861103233,0.802260015800254,
1.),
.UNSPECIFIED.);
#3764=VERTEX_POINT('',#4554);
#3765=B_SPLINE_CURVE_WITH_KNOTS('',3,
(#4555,#4556,#4557,#4558,#4559,#4560,#4561,#4562,#4563,#4564,#4565,#4566,#4567,#4568,
#4569,#4570,#4571,#4572,#4573,#4574,#4575,#4576,#4577,#4578,#4579,#4580,#4581,#4582),
.UNSPECIFIED.,.F.,.F.,
(4,1,1,1,1,1,1,1,1,1,1,1,1,1,1,1,1,1,1,1,1,1,1,1,1,4),
(0.,0.0186904168381981,0.0350294028440684,0.0485079347985612,0.0639299136707742,
0.0800312619713137,0.0979306129535234,0.115502934041288,0.132703405933203,0.149857804987988,
0.169035697027128,0.193652960550906,0.222099975818236,0.254468832986571,0.289364748370994,
0.327338017509368,0.369360605829,0.416743956768518,0.472994077612281,0.537087031588642,
0.609656018640478,0.690167021389215,0.776352266740279,0.873905982795398,0.948511676915531,
1.),
.UNSPECIFIED.);
#3766=VERTEX_POINT('',#4583);
#3767=LINE('',#4584,#4585);
#3768=B_SPLINE_CURVE_WITH_KNOTS('',3,
(#4587,#4588,#4589,#4590,#4591,#4592,#4593,#4594,#4595,#4596,#4597,#4598,#4599,#4600,
#4601,#4602,#4603,#4604,#4605,#4606,#4607),
.UNSPECIFIED.,.F.,.F.,
(4,1,1,1,1,1,1,1,1,1,1,1,1,1,1,1,1,1,4),
(0.,0.0722469129547521,0.137701441917319,0.202913113360553,0.272988557726555,0.354622292317675,
0.441642008027028,0.528955268392397,0.616491659177533,0.704369223524289,0.791359431274857,
0.861155391125657,0.90723950806056,0.930826118257494,0.945758295913966,0.962488417307226,
0.978847031393599,0.992827572880837,1.),
.UNSPECIFIED.);
#3769=VERTEX_POINT('',#4608);
#3770=B_SPLINE_CURVE_WITH_KNOTS('',3,
(#4609,#4610,#4611,#4612,#4613,#4614,#4615,#4616,#4617,#4618,#4619,#4620,#4621,#4622,
#4623,#4624,#4625,#4626,#4627,#4628),
.UNSPECIFIED.,.F.,.F.,
(4,2,2,2,2,2,2,2,2,4),
(0.,0.0806256828189105,0.165033495203982,0.248771295490904,0.332012396054582,0.500003981838351,
0.667995567622128,0.837422567797029,0.921336816123692,1.),
.UNSPECIFIED.);
#3771=VERTEX_POINT('',#4629);
#3772=LINE('',#4630,#4631);
#3773=VERTEX_POINT('',#4633);
#3774=LINE('',#4634,#4635);
#3775=VERTEX_POINT('',#4637);
#3776=LINE('',#4638,#4639);
#3777=LINE('',#4641,#4642);
#3778=VERTEX_POINT('',#4644);
#3779=B_SPLINE_CURVE_WITH_KNOTS('',3,
(#4645,#4646,#4647,#4648,#4649,#4650,#4651,#4652,#4653,#4654,#4655,#4656,#4657,#4658,
#4659,#4660,#4661,#4662,#4663,#4664,#4665),
.UNSPECIFIED.,.F.,.F.,
(4,1,1,1,1,1,1,1,1,1,1,1,1,1,1,1,1,1,4),
(0.,0.0425414397213633,0.0806536228496011,0.118513519743173,0.163924226645387,0.227793684790592,
0.306871965939271,0.393442229675506,0.480964309222306,0.568276436682069,0.65569850258355,
0.74130931572272,0.817139147671448,0.875448515067966,0.913930217563904,0.942955417405586,
0.969857451598635,0.989594548476617,1.),
.UNSPECIFIED.);
#3780=VERTEX_POINT('',#4666);
#3781=(BOUNDED_CURVE()B_SPLINE_CURVE(3,
(#4667,#4668,#4669,#4670),
.UNSPECIFIED.,.F.,.F.)B_SPLINE_CURVE_WITH_KNOTS((4,4),
(0.,1.),
.UNSPECIFIED.)CURVE()GEOMETRIC_REPRESENTATION_ITEM()RATIONAL_B_SPLINE_CURVE((1.,
0.804737854124365,0.804737854124365,1.))REPRESENTATION_ITEM(''));
#3782=LINE('',#4671,#4672);
#3783=VERTEX_POINT('',#4674);
#3784=B_SPLINE_CURVE_WITH_KNOTS('',3,
(#4675,#4676,#4677,#4678,#4679,#4680,#4681,#4682,#4683,#4684,#4685,#4686,#4687,#4688),
.UNSPECIFIED.,.F.,.F.,
(4,2,2,2,2,2,4),
(0.,0.197739984199704,0.399272138896755,0.500000000000002,0.600727861103249,0.802260015800299,
1.),
.UNSPECIFIED.);
#3785=VERTEX_POINT('',#4689);
#3786=LINE('',#4690,#4691);
#3787=LINE('',#4693,#4694);
#3788=B_SPLINE_CURVE_WITH_KNOTS('',3,
(#4696,#4697,#4698,#4699,#4700,#4701,#4702,#4703,#4704,#4705,#4706,#4707,#4708,#4709,
#4710,#4711,#4712,#4713,#4714,#4715,#4716),
.UNSPECIFIED.,.F.,.F.,
(4,1,1,1,1,1,1,1,1,1,1,1,1,1,1,1,1,1,4),
(0.,0.0722452065089446,0.137698253969477,0.202908704315005,0.272983518732897,0.354616890300836,
0.441636594729295,0.528949500495352,0.616485885377324,0.704362749633754,0.791410043370243,
0.861384864018281,0.907664813919066,0.931406113302547,0.946134447752505,0.962655713226384,
0.978802342420999,0.992809716745893,1.),
.UNSPECIFIED.);
#3789=(BOUNDED_CURVE()B_SPLINE_CURVE(3,
(#4717,#4718,#4719,#4720),
.UNSPECIFIED.,.F.,.F.)B_SPLINE_CURVE_WITH_KNOTS((4,4),
(0.,1.),
.UNSPECIFIED.)CURVE()GEOMETRIC_REPRESENTATION_ITEM()RATIONAL_B_SPLINE_CURVE((1.,
0.804737854124365,0.804737854124365,1.))REPRESENTATION_ITEM(''));
#3790=VERTEX_POINT('',#4721);
#3791=VERTEX_POINT('',#4722);
#3792=CIRCLE('',#4723,8.95);
#3793=VERTEX_POINT('',#4727);
#3794=CIRCLE('',#4728,2.);
#3795=VERTEX_POINT('',#4732);
#3796=LINE('',#4733,#4734);
#3797=VERTEX_POINT('',#4736);
#3798=(BOUNDED_CURVE()B_SPLINE_CURVE(3,
(#4737,#4738,#4739,#4740),
.UNSPECIFIED.,.F.,.F.)B_SPLINE_CURVE_WITH_KNOTS((4,4),
(0.,1.),
.UNSPECIFIED.)CURVE()GEOMETRIC_REPRESENTATION_ITEM()RATIONAL_B_SPLINE_CURVE((1.,
0.804737854124365,0.804737854124365,1.))REPRESENTATION_ITEM(''));
#3799=VERTEX_POINT('',#4741);
#3800=LINE('',#4742,#4743);
#3801=VERTEX_POINT('',#4745);
#3802=(BOUNDED_CURVE()B_SPLINE_CURVE(3,
(#4746,#4747,#4748,#4749),
.UNSPECIFIED.,.F.,.F.)B_SPLINE_CURVE_WITH_KNOTS((4,4),
(0.,1.),
.UNSPECIFIED.)CURVE()GEOMETRIC_REPRESENTATION_ITEM()RATIONAL_B_SPLINE_CURVE((1.,
0.804737854124365,0.804737854124365,1.))REPRESENTATION_ITEM(''));
#3803=VERTEX_POINT('',#4750);
#3804=LINE('',#4751,#4752);
#3805=VERTEX_POINT('',#4754);
#3806=CIRCLE('',#4755,2.);
#3807=VERTEX_POINT('',#4759);
#3808=CIRCLE('',#4760,8.95);
#3809=VERTEX_POINT('',#4764);
#3810=CIRCLE('',#4765,3.);
#3811=VERTEX_POINT('',#4769);
#3812=CIRCLE('',#4770,6.95);
#3813=CIRCLE('',#4774,3.);
#3814=VERTEX_POINT('',#4778);
#3815=VERTEX_POINT('',#4779);
#3816=CIRCLE('',#4780,9.95);
#3817=VERTEX_POINT('',#4784);
#3818=B_SPLINE_CURVE_WITH_KNOTS('',3,
(#4785,#4786,#4787,#4788,#4789,#4790,#4791),
.UNSPECIFIED.,.F.,.F.,
(4,1,1,1,4),
(0.,0.305915862267937,0.584414253470477,0.806636475692699,1.),
.UNSPECIFIED.);
#3819=VERTEX_POINT('',#4792);
#3820=LINE('',#4793,#4794);
#3821=VERTEX_POINT('',#4796);
#3822=CIRCLE('',#4797,9.95);
#3823=LINE('',#4801,#4802);
#3824=VERTEX_POINT('',#4804);
#3825=B_SPLINE_CURVE_WITH_KNOTS('',3,
(#4805,#4806,#4807,#4808,#4809,#4810,#4811,#4812,#4813,#4814,#4815,#4816,#4817,#4818,
#4819,#4820,#4821,#4822,#4823,#4824,#4825,#4826,#4827,#4828,#4829,#4830,#4831,#4832),
.UNSPECIFIED.,.F.,.F.,
(4,1,1,1,1,1,1,1,1,1,1,1,1,1,1,1,1,1,1,1,1,1,1,1,1,4),
(0.,0.0185667409835298,0.0348439986352361,0.0485513686663329,0.0635767136983415,
0.0799457442742085,0.097529973477835,0.115144592385346,0.13169234761738,0.148490703463562,
0.16512608955807,0.185695526996001,0.209369832202806,0.238751365357307,0.271765838136721,
0.310201613440229,0.35126927754126,0.397443821933005,0.448490337095868,0.507851079623879,
0.574299863366973,0.648973430134656,0.731100852171735,0.81890612988373,0.909367270923515,
1.),
.UNSPECIFIED.);
#3826=VERTEX_POINT('',#4833);
#3827=B_SPLINE_CURVE_WITH_KNOTS('',3,
(#4834,#4835,#4836,#4837,#4838,#4839,#4840,#4841,#4842,#4843,#4844,#4845,#4846,#4847,
#4848),
.UNSPECIFIED.,.F.,.F.,
(4,1,1,1,1,1,1,1,1,1,1,1,4),
(0.,0.0816417327679197,0.153975436518477,0.228362160861894,0.309821850118229,0.405957396271039,
0.510766195484077,0.615624805445719,0.710780478780466,0.789254641731677,0.859905122765923,
0.929613532861141,1.),
.UNSPECIFIED.);
#3828=LINE('',#4849,#4850);
#3829=VERTEX_POINT('',#4852);
#3830=LINE('',#4853,#4854);
#3831=VERTEX_POINT('',#4856);
#3832=B_SPLINE_CURVE_WITH_KNOTS('',3,
(#4857,#4858,#4859,#4860,#4861,#4862,#4863,#4864,#4865,#4866,#4867,#4868,#4869,#4870,
#4871,#4872,#4873,#4874,#4875,#4876,#4877,#4878,#4879,#4880,#4881,#4882,#4883,#4884,
#4885,#4886,#4887,#4888,#4889,#4890,#4891,#4892,#4893,#4894,#4895,#4896,#4897,#4898,
#4899,#4900,#4901,#4902,#4903,#4904,#4905,#4906,#4907,#4908,#4909,#4910),
.UNSPECIFIED.,.F.,.F.,
(4,2,2,2,2,2,2,2,2,2,2,2,2,2,2,2,2,2,2,2,2,2,2,2,2,2,4),
(0.,0.0054604085773742,0.0288264380172679,0.0498759947303942,0.0883328085632164,
0.133655355546538,0.174730039829549,0.203097996441479,0.229905805127195,0.255369201125834,
0.279664979064223,0.314491360112066,0.347408059139133,0.378731548124757,0.408612334137324,
0.441157625366055,0.471973319887214,0.502102629784175,0.531275701088273,0.572186030267492,
0.611837175766616,0.650504858663847,0.688351916118825,0.744438682422703,0.79948177600546,
0.907992317739854,1.),
.UNSPECIFIED.);
#3833=VERTEX_POINT('',#4911);
#3834=CIRCLE('',#4912,8.95);
#3835=VERTEX_POINT('',#4916);
#3836=CIRCLE('',#4917,3.);
#3837=VERTEX_POINT('',#4921);
#3838=CIRCLE('',#4922,6.95);
#3839=VERTEX_POINT('',#4926);
#3840=CIRCLE('',#4927,3.);
#3841=VERTEX_POINT('',#4931);
#3842=CIRCLE('',#4932,8.95);
#3843=LINE('',#4936,#4937);
#3844=B_SPLINE_CURVE_WITH_KNOTS('',3,
(#4939,#4940,#4941,#4942,#4943,#4944,#4945,#4946,#4947,#4948,#4949,#4950,#4951,#4952,
#4953,#4954,#4955,#4956,#4957,#4958,#4959,#4960,#4961,#4962,#4963,#4964,#4965,#4966),
.UNSPECIFIED.,.F.,.F.,
(4,1,1,1,1,1,1,1,1,1,1,1,1,1,1,1,1,1,1,1,1,1,1,1,1,4),
(0.,0.0185666469997637,0.0348438517595173,0.0485512880467145,0.0635764088901909,
0.0799455389671148,0.0975295967160998,0.115144071660321,0.131691216817304,0.14848902598474,
0.165123998850628,0.185692668119568,0.209366920437204,0.238748125244249,0.271762560173779,
0.310196285885892,0.351261102547128,0.397432044138883,0.44847539223069,0.507834120560855,
0.574280773401882,0.648953085153799,0.73107848414371,0.818882347499492,0.909350710009143,
1.),
.UNSPECIFIED.);
#3845=VERTEX_POINT('',#4967);
#3846=B_SPLINE_CURVE_WITH_KNOTS('',3,
(#4968,#4969,#4970,#4971,#4972,#4973,#4974,#4975,#4976,#4977,#4978,#4979,#4980,#4981,
#4982,#4983),
.UNSPECIFIED.,.F.,.F.,
(4,1,1,1,1,1,1,1,1,1,1,1,1,4),
(0.,0.0717961600221918,0.134576838160736,0.189463442449469,0.25049376876603,0.315482705128071,
0.385304514047529,0.456126840580051,0.532066761485248,0.612149176734679,0.698061019602144,
0.788090350604435,0.889695641511531,1.),
.UNSPECIFIED.);
#3847=B_SPLINE_CURVE_WITH_KNOTS('',3,
(#4984,#4985,#4986,#4987,#4988,#4989),
.UNSPECIFIED.,.F.,.F.,
(4,1,1,4),
(0.,0.333333333333333,0.666666666666667,1.),
.UNSPECIFIED.);
#3848=VERTEX_POINT('',#4990);
#3849=VERTEX_POINT('',#4991);
#3850=CIRCLE('',#4992,9.95);
#3851=VERTEX_POINT('',#4996);
#3852=LINE('',#4997,#4998);
#3853=VERTEX_POINT('',#5000);
#3854=B_SPLINE_CURVE_WITH_KNOTS('',3,
(#5001,#5002,#5003,#5004,#5005,#5006,#5007),
.UNSPECIFIED.,.F.,.F.,
(4,1,1,1,4),
(0.,0.29838231838077,0.561813621808978,0.7840358440312,1.),
.UNSPECIFIED.);
#3855=VERTEX_POINT('',#5008);
#3856=CIRCLE('',#5009,9.95);
#3857=LINE('',#5013,#5014);
#3858=VERTEX_POINT('',#5016);
#3859=CIRCLE('',#5017,1.00000000000028);
#3860=VERTEX_POINT('',#5021);
#3861=CIRCLE('',#5022,1.);
#3862=LINE('',#5026,#5027);
#3863=B_SPLINE_CURVE_WITH_KNOTS('',3,
(#5029,#5030,#5031,#5032,#5033,#5034,#5035,#5036,#5037,#5038,#5039),
.UNSPECIFIED.,.F.,.F.,
(4,1,1,1,1,1,1,1,4),
(0.,0.110915645182944,0.258444293305459,0.44284926938314,0.621209620776533,0.756604053533211,
0.843555067722838,0.924597254578743,1.),
.UNSPECIFIED.);
#3864=B_SPLINE_CURVE_WITH_KNOTS('',3,
(#5040,#5041,#5042,#5043,#5044,#5045,#5046,#5047,#5048,#5049,#5050),
.UNSPECIFIED.,.F.,.F.,
(4,1,1,1,1,1,1,1,4),
(0.,0.110915645182947,0.258444293305465,0.442849269383144,0.621209620776538,0.756604053533222,
0.843555067722845,0.92459725457875,1.),
.UNSPECIFIED.);
#3865=LINE('',#5051,#5052);
#3866=LINE('',#5054,#5055);
#3867=VERTEX_POINT('',#5057);
#3868=B_SPLINE_CURVE_WITH_KNOTS('',3,
(#5058,#5059,#5060,#5061,#5062,#5063,#5064,#5065,#5066,#5067,#5068),
.UNSPECIFIED.,.F.,.F.,
(4,1,1,1,1,1,1,1,4),
(0.,0.110915645182948,0.258444293305462,0.442849269383139,0.621209620776537,0.756604053533212,
0.843555067722835,0.924597254578751,1.),
.UNSPECIFIED.);
#3869=VERTEX_POINT('',#5069);
#3870=LINE('',#5070,#5071);
#3871=B_SPLINE_CURVE_WITH_KNOTS('',3,
(#5073,#5074,#5075,#5076,#5077,#5078,#5079,#5080,#5081,#5082,#5083),
.UNSPECIFIED.,.F.,.F.,
(4,1,1,1,1,1,1,1,4),
(0.,0.110915645182942,0.258444293305467,0.442849269383145,0.62120962077654,0.756604053533218,
0.843555067722841,0.924597254578745,1.),
.UNSPECIFIED.);
#3872=CIRCLE('',#5084,1.00000000000028);
#3873=CIRCLE('',#5088,0.999999999999998);
#3874=CIRCLE('',#5092,1.);
#3875=CIRCLE('',#5096,1.);
#3876=B_SPLINE_CURVE_WITH_KNOTS('',3,
(#5100,#5101,#5102,#5103,#5104,#5105,#5106,#5107,#5108,#5109,#5110,#5111,#5112,#5113,
#5114,#5115,#5116,#5117,#5118,#5119,#5120,#5121,#5122,#5123,#5124,#5125,#5126,#5127,
#5128,#5129,#5130,#5131,#5132,#5133,#5134,#5135,#5136,#5137,#5138,#5139,#5140,#5141,
#5142,#5143,#5144),
.UNSPECIFIED.,.F.,.F.,
(4,1,1,1,1,1,1,1,1,1,1,1,1,1,1,1,1,1,1,1,1,1,1,1,1,1,1,1,1,1,1,1,1,1,1,1,1,1,1,1,
1,1,4),
(0.,0.0035020600558085,0.00732295108088958,0.0116916880834563,0.0167953657045061,
0.0220952499937702,0.0285610858938374,0.0355202674948192,0.045839034395421,0.0576407043839367,
0.0718650377036305,0.0862332429537022,0.102757908234277,0.122622062990546,0.148901602203247,
0.189335586401621,0.245683008450681,0.298383241707105,0.33836255980243,0.358108678047489,
0.37859455945052,0.399701167850249,0.423901199362616,0.441054975866469,0.458549138131705,
0.474398960113435,0.494900655596709,0.515212608558985,0.543612019699865,0.581557708100114,
0.626832499032571,0.672932399082784,0.712965320328074,0.746722448909522,0.773993960209425,
0.799603284936226,0.827658262514723,0.85796014799251,0.890840465703161,0.922174200479682,
0.956543496237492,0.982479704163533,1.),
.UNSPECIFIED.);
#3877=B_SPLINE_CURVE_WITH_KNOTS('',3,
(#5145,#5146,#5147,#5148,#5149,#5150,#5151,#5152,#5153,#5154,#5155,#5156,#5157,#5158,
#5159),
.UNSPECIFIED.,.F.,.F.,
(4,1,1,1,1,1,1,1,1,1,1,1,4),
(0.,0.0769541668872578,0.144605266489324,0.205910145692029,0.271490020511813,0.343296057018672,
0.419744902146894,0.501726121055373,0.589467006140719,0.684318230838682,0.786560919690113,
0.892696231829174,1.),
.UNSPECIFIED.);
#3878=B_SPLINE_CURVE_WITH_KNOTS('',3,
(#5160,#5161,#5162,#5163,#5164,#5165,#5166,#5167,#5168,#5169,#5170),
.UNSPECIFIED.,.F.,.F.,
(4,1,1,1,1,1,1,1,4),
(0.,0.10404496686631,0.234435049355636,0.404302810889056,0.564696824984148,0.702283124311613,
0.80271863926497,0.901973153930536,1.),
.UNSPECIFIED.);
#3879=CIRCLE('',#5171,1.);
#3880=CIRCLE('',#5175,1.);
#3881=CIRCLE('',#5179,1.);
#3882=CIRCLE('',#5183,1.);
#3883=CIRCLE('',#5187,1.);
#3884=CIRCLE('',#5191,1.);
#3885=CIRCLE('',#5195,1.);
#3886=CIRCLE('',#5199,1.);
#3887=CIRCLE('',#5203,1.);
#3888=CIRCLE('',#5207,1.);
#3889=B_SPLINE_CURVE_WITH_KNOTS('',3,
(#5211,#5212,#5213,#5214,#5215,#5216,#5217,#5218,#5219,#5220,#5221,#5222,#5223,#5224,
#5225,#5226,#5227,#5228,#5229,#5230,#5231),
.UNSPECIFIED.,.F.,.F.,
(4,1,1,1,1,1,1,1,1,1,1,1,1,1,1,1,1,1,4),
(0.,0.0113701731644863,0.0238270273340884,0.0362078879395448,0.0480980821627837,
0.0601289389105836,0.0728191910270338,0.0861539711371763,0.105039972019098,0.125502403891466,
0.147619834074233,0.167833164868196,0.189400788276901,0.234425499001828,0.318619329961897,
0.4577016343876,0.630641947860127,0.816655823351324,1.),
.UNSPECIFIED.);
#3890=B_SPLINE_CURVE_WITH_KNOTS('',3,
(#5232,#5233,#5234,#5235,#5236,#5237,#5238,#5239,#5240,#5241,#5242,#5243,#5244,#5245,
#5246,#5247,#5248,#5249,#5250,#5251,#5252,#5253,#5254,#5255,#5256),
.UNSPECIFIED.,.F.,.F.,
(4,1,1,1,1,1,1,1,1,1,1,1,1,1,1,1,1,1,1,1,1,1,4),
(0.,0.0113719881459956,0.0238274739601047,0.03621401192241,0.0481030033576112,0.0601308586369412,
0.0728192224568321,0.086153247634562,0.105039699429783,0.124626678351755,0.144988898518117,
0.167567498270282,0.202628875590333,0.257092608299335,0.332483815992265,0.425367700849079,
0.529140491612254,0.63447009182037,0.735997014911013,0.825997037832367,0.900050048894064,
0.955611761455355,1.),
.UNSPECIFIED.);
#3891=B_SPLINE_CURVE_WITH_KNOTS('',3,
(#5257,#5258,#5259,#5260,#5261,#5262,#5263,#5264,#5265,#5266,#5267,#5268),
.UNSPECIFIED.,.F.,.F.,
(4,1,1,1,1,1,1,1,1,4),
(0.,0.0230656417014645,0.0508429616492641,0.0828078168428664,0.148282024285412,0.262330446773668,
0.433005363378777,0.628316652639957,0.819961340407506,1.),
.UNSPECIFIED.);
#3892=B_SPLINE_CURVE_WITH_KNOTS('',3,
(#5269,#5270,#5271,#5272,#5273,#5274,#5275,#5276,#5277,#5278,#5279,#5280),
.UNSPECIFIED.,.F.,.F.,
(4,1,1,1,1,1,1,1,1,4),
(0.,0.023065541101711,0.0508427667131025,0.0828075024062375,0.148281576877947,0.262329882059554,
0.433004811755448,0.628316252485141,0.819961158835737,1.),
.UNSPECIFIED.);
#3893=B_SPLINE_CURVE_WITH_KNOTS('',3,
(#5281,#5282,#5283,#5284,#5285,#5286,#5287,#5288,#5289,#5290,#5291,#5292,#5293,#5294,
#5295,#5296,#5297,#5298,#5299,#5300,#5301),
.UNSPECIFIED.,.F.,.F.,
(4,1,1,1,1,1,1,1,1,1,1,1,1,1,1,1,1,1,4),
(0.,0.0113701731644256,0.023827027334134,0.03620788793964,0.0480980821630545,0.0601289389109224,
0.0728191910274285,0.086153971137649,0.105039972019561,0.125502403891953,0.147619834074737,
0.167833164868737,0.189400788277476,0.234425499002486,0.318619329962559,0.457701634388133,
0.630641947860509,0.816655823351621,1.),
.UNSPECIFIED.);
#3894=B_SPLINE_CURVE_WITH_KNOTS('',3,
(#5302,#5303,#5304,#5305,#5306,#5307,#5308,#5309,#5310,#5311,#5312,#5313,#5314,#5315,
#5316,#5317,#5318,#5319,#5320,#5321,#5322,#5323,#5324,#5325,#5326),
.UNSPECIFIED.,.F.,.F.,
(4,1,1,1,1,1,1,1,1,1,1,1,1,1,1,1,1,1,1,1,1,1,4),
(0.,0.0113719881460761,0.0238274739602906,0.0362140119226387,0.0481030033578128,
0.0601308586372237,0.0728192224571208,0.0861532476348613,0.105039699429994,0.124626678351933,
0.14498889851823,0.167567498270256,0.202628875590432,0.257092608299497,0.332483815992381,
0.425367700849321,0.529140491612372,0.634470091820477,0.735997014911102,0.825997037832407,
0.900050048894092,0.955611761455375,1.),
.UNSPECIFIED.);
#3895=B_SPLINE_CURVE_WITH_KNOTS('',3,
(#5327,#5328,#5329,#5330,#5331,#5332,#5333,#5334,#5335,#5336,#5337,#5338),
.UNSPECIFIED.,.F.,.F.,
(4,1,1,1,1,1,1,1,1,4),
(0.,0.0230655798499569,0.0508428236144367,0.0828076007358092,0.148281691750639,0.262330024740412,
0.433004950482696,0.628316352574029,0.819961204102159,1.),
.UNSPECIFIED.);
#3896=B_SPLINE_CURVE_WITH_KNOTS('',3,
(#5339,#5340,#5341,#5342,#5343,#5344,#5345,#5346,#5347,#5348,#5349,#5350),
.UNSPECIFIED.,.F.,.F.,
(4,1,1,1,1,1,1,1,1,4),
(0.,0.0230655798504591,0.0508428236153641,0.0828076007371471,0.148281691752549,0.262330024742785,
0.433004950485,0.628316352575635,0.819961204102903,1.),
.UNSPECIFIED.);
#3897=B_SPLINE_CURVE_WITH_KNOTS('',3,
(#5351,#5352,#5353,#5354,#5355,#5356,#5357,#5358,#5359,#5360,#5361,#5362,#5363,#5364),
.UNSPECIFIED.,.F.,.F.,
(4,1,1,1,1,1,1,1,1,1,1,4),
(0.,0.0355271037705142,0.0918943506800908,0.175711628009496,0.289285343928763,0.40939497096285,
0.52942446145548,0.647066129965576,0.762553131202929,0.864970670526181,0.943405038913137,
1.),
.UNSPECIFIED.);
#3898=CIRCLE('',#5365,7.);
#3899=CIRCLE('',#5369,7.);
#3900=B_SPLINE_CURVE_WITH_KNOTS('',3,
(#5373,#5374,#5375,#5376,#5377,#5378,#5379,#5380,#5381),
.UNSPECIFIED.,.F.,.F.,
(4,1,1,1,1,1,4),
(0.,0.0913350783127189,0.221814115641997,0.411404936060432,0.640281950288015,0.843137042521837,
1.),
.UNSPECIFIED.);
#3901=B_SPLINE_CURVE_WITH_KNOTS('',3,
(#5382,#5383,#5384,#5385,#5386,#5387,#5388,#5389,#5390),
.UNSPECIFIED.,.F.,.F.,
(4,1,1,1,1,1,4),
(0.,0.0913350783126386,0.22181411564182,0.411404936060247,0.640281950287894,0.843137042521814,
1.),
.UNSPECIFIED.);
#3902=B_SPLINE_CURVE_WITH_KNOTS('',3,
(#5391,#5392,#5393,#5394,#5395,#5396,#5397,#5398,#5399),
.UNSPECIFIED.,.F.,.F.,
(4,1,1,1,1,1,4),
(0.,0.0912443500036422,0.221593816985978,0.411210355130823,0.640152294462174,0.843136875712369,
1.),
.UNSPECIFIED.);
#3903=B_SPLINE_CURVE_WITH_KNOTS('',3,
(#5400,#5401,#5402,#5403,#5404,#5405,#5406,#5407,#5408),
.UNSPECIFIED.,.F.,.F.,
(4,1,1,1,1,1,4),
(0.,0.0913606848595898,0.221876252071394,0.411459638283714,0.640318521023611,0.843136969857804,
1.),
.UNSPECIFIED.);
#3904=B_SPLINE_CURVE_WITH_KNOTS('',3,
(#5409,#5410,#5411,#5412,#5413,#5414,#5415,#5416,#5417),
.UNSPECIFIED.,.F.,.F.,
(4,1,1,1,1,1,4),
(0.,0.0913350783126554,0.221814115641876,0.411404936060301,0.640281950287929,0.843137042521851,
1.),
.UNSPECIFIED.);
#3905=B_SPLINE_CURVE_WITH_KNOTS('',3,
(#5418,#5419,#5420,#5421,#5422,#5423,#5424,#5425,#5426),
.UNSPECIFIED.,.F.,.F.,
(4,1,1,1,1,1,4),
(0.,0.0913350783126996,0.221814115641984,0.411404936060422,0.640281950287994,0.843137042521817,
1.),
.UNSPECIFIED.);
#3906=B_SPLINE_CURVE_WITH_KNOTS('',3,
(#5427,#5428,#5429,#5430,#5431,#5432,#5433,#5434,#5435),
.UNSPECIFIED.,.F.,.F.,
(4,1,1,1,1,1,4),
(0.,0.091360699654929,0.221876287424887,0.41145973462172,0.640318618423467,0.843137049262339,
1.),
.UNSPECIFIED.);
#3907=B_SPLINE_CURVE_WITH_KNOTS('',3,
(#5436,#5437,#5438,#5439,#5440,#5441,#5442,#5443,#5444),
.UNSPECIFIED.,.F.,.F.,
(4,1,1,1,1,1,4),
(0.,0.0913606848597455,0.221876252071736,0.411459638284011,0.640318521023788,0.843136969857833,
1.),
.UNSPECIFIED.);
#3908=CARTESIAN_POINT('',(-1.95967477527204,78.7697894979813,82.10764300823));
#3909=AXIS2_PLACEMENT_3D('',#3910,#3911,#3912);
#3910=CARTESIAN_POINT('',(0.499999999977737,83.3623979494254,80.3447057967207));
#3911=DIRECTION('',(-6.16297582203915E-33,0.358367949545335,0.933580426497188));
#3912=DIRECTION('',(-0.447213595499958,-0.835019718444384,0.320534038456234));
#3913=CARTESIAN_POINT('',(-2.95,83.3623979493878,80.3447057967352));
#3914=AXIS2_PLACEMENT_3D('',#3915,#3916,#3917);
#3915=CARTESIAN_POINT('',(0.499999999999993,83.3623979493879,80.3447057967351));
#3916=DIRECTION('',(-6.16297582203915E-33,0.358367949545335,0.933580426497188));
#3917=DIRECTION('',(-1.,-1.88384919517628E-14,7.23141953458668E-15));
#3918=CARTESIAN_POINT('',(-1.95,83.0040299998425,79.411125370238));
#3919=AXIS2_PLACEMENT_3D('',#3920,#3921,#3922);
#3920=CARTESIAN_POINT('',(0.499999999999998,83.0040299998425,79.411125370238));
#3921=DIRECTION('',(6.05052252620204E-17,0.358367949545335,0.933580426497189));
#3922=DIRECTION('',(-1.,2.16831335139289E-17,5.64864940054255E-17));
#3923=CARTESIAN_POINT('',(-1.95000000000001,54.0564111286581,3.99999999999999));
#3924=CARTESIAN_POINT('',(-1.95000000000001,54.0564111286581,4.));
#3925=CARTESIAN_POINT('',(-1.95000000000001,48.8078006598366,4.));
#3926=CARTESIAN_POINT('',(2.94999999999999,48.8078006598366,4.));
#3927=CARTESIAN_POINT('',(2.94999999999999,54.0564111286581,4.));
#3928=CARTESIAN_POINT('',(2.94999999999999,59.3050215974796,4.));
#3929=CARTESIAN_POINT('',(-1.95,59.3050215974796,4.));
#3930=CARTESIAN_POINT('',(-1.95000000000001,54.0564111286581,4.));
#3931=CARTESIAN_POINT('',(6.64063526963465,84.0206112916505,70.0435148799748));
#3932=CARTESIAN_POINT('',(3.97592353086793,86.1897860179395,69.1654039124461));
#3933=CARTESIAN_POINT('',(6.64063526965865,84.0206112916077,70.0435148799587));
#3934=CARTESIAN_POINT('',(6.53002040224149,84.1599664356338,69.9663856440085));
#3935=CARTESIAN_POINT('',(6.30323182064099,84.4249762886936,69.8244217596077));
#3936=CARTESIAN_POINT('',(5.94094427905462,84.7927949405776,69.6415200749426));
#3937=CARTESIAN_POINT('',(5.57486650501789,85.1204294624656,69.4943428960188));
#3938=CARTESIAN_POINT('',(5.21138399211795,85.4102732720251,69.3791927467114));
#3939=CARTESIAN_POINT('',(4.85533138857718,85.6652732812137,69.2918334433443));
#3940=CARTESIAN_POINT('',(4.52397901961302,85.879444007235,69.2305571841838));
#3941=CARTESIAN_POINT('',(4.23235429609426,86.0513886141872,69.1905338938261));
#3942=CARTESIAN_POINT('',(4.05588308078733,86.147668388984,69.172380255403));
#3943=CARTESIAN_POINT('',(3.97592448845099,86.1897927734996,69.1654229088204));
#3944=CARTESIAN_POINT('',(-2.97592151433292,86.1897718338547,69.1653640185583));
#3945=CARTESIAN_POINT('',(3.97592257328488,86.1897792623795,69.1653849160717));
#3946=CARTESIAN_POINT('',(3.7540138336699,86.3068269109862,69.1464412247967));
#3947=CARTESIAN_POINT('',(3.3242231865124,86.5030880687993,69.1047535890652));
#3948=CARTESIAN_POINT('',(2.68804171661679,86.7254298120605,69.0620758729458));
#3949=CARTESIAN_POINT('',(2.08008593084159,86.8813791118749,69.0300324875025));
#3950=CARTESIAN_POINT('',(1.46936486187813,86.9865545623342,69.0083633359828));
#3951=CARTESIAN_POINT('',(0.839423066079013,87.0414132517101,68.9968603244934));
#3952=CARTESIAN_POINT('',(0.204713660002196,87.0430572717285,68.9965247087398));
#3953=CARTESIAN_POINT('',(-0.41932752118647,86.9925771242764,69.0070787818168));
#3954=CARTESIAN_POINT('',(-1.03157465206096,86.8918486588388,69.0279735635339));
#3955=CARTESIAN_POINT('',(-1.61713393851256,86.745424630988,69.0576991064835));
#3956=CARTESIAN_POINT('',(-2.14808018473006,86.5668844521148,69.0935696828365));
#3957=CARTESIAN_POINT('',(-2.59654282955526,86.3790872852771,69.1289759770508));
#3958=CARTESIAN_POINT('',(-2.85992913956832,86.2508956079693,69.1553127221321));
#3959=CARTESIAN_POINT('',(-2.97592045534427,86.1897644053242,69.1653431210414));
#3960=CARTESIAN_POINT('',(-5.64063526967532,84.0206112916589,70.0435148799812));
#3961=CARTESIAN_POINT('',(-2.97592257332156,86.1897792623852,69.1653849160753));
#3962=CARTESIAN_POINT('',(-3.1552705000707,86.0952449837211,69.180862844667));
#3963=CARTESIAN_POINT('',(-3.49150564933641,85.9037135668622,69.2219737732982));
#3964=CARTESIAN_POINT('',(-3.95061621935568,85.60154154591,69.3112277777805));
#3965=CARTESIAN_POINT('',(-4.34783699699705,85.3054007393737,69.4189648800911));
#3966=CARTESIAN_POINT('',(-4.69489181189254,85.0159596437309,69.5400399240689));
#3967=CARTESIAN_POINT('',(-5.00291608646227,84.7305136021671,69.6723045001938));
#3968=CARTESIAN_POINT('',(-5.26286486026457,84.4635264712009,69.8058762839523));
#3969=CARTESIAN_POINT('',(-5.47233806702462,84.2275958889915,69.9303267770665));
#3970=CARTESIAN_POINT('',(-5.58918332034209,84.0854316361186,70.0076386037039));
#3971=CARTESIAN_POINT('',(-5.64063526969933,84.0206112916161,70.0435148799652));
#3972=CARTESIAN_POINT('',(-5.64063526966443,75.9804079857284,73.1298597634872));
#3973=CARTESIAN_POINT('',(-5.64063526965132,84.0206112917017,70.0435148799973));
#3974=CARTESIAN_POINT('',(-5.79104127526431,83.8298025263892,70.144940868278));
#3975=CARTESIAN_POINT('',(-6.05962466605437,83.4448142081461,70.3388153272622));
#3976=CARTESIAN_POINT('',(-6.38238168851755,82.8512883537602,70.6209723759628));
#3977=CARTESIAN_POINT('',(-6.63068928188437,82.2573850409427,70.8885626787756));
#3978=CARTESIAN_POINT('',(-6.8149105670106,81.6560834515532,71.1478718487975));
#3979=CARTESIAN_POINT('',(-6.93942458382832,81.0335409140304,71.405603667046));
#3980=CARTESIAN_POINT('',(-7.00178314784456,80.4060468461763,71.655723405413));
#3981=CARTESIAN_POINT('',(-7.00318946942514,79.775216346159,71.8980837803704));
#3982=CARTESIAN_POINT('',(-6.94380028998571,79.1420823602527,72.1323196767001));
#3983=CARTESIAN_POINT('',(-6.82297891783063,78.5103019205841,72.3566445379389));
#3984=CARTESIAN_POINT('',(-6.64194688205143,77.8887628719804,72.5673088233721));
#3985=CARTESIAN_POINT('',(-6.40810137892603,77.2958300920204,72.7575669251553));
#3986=CARTESIAN_POINT('',(-6.14499140188923,76.7687707460211,72.916256211625));
#3987=CARTESIAN_POINT('',(-5.88594959798122,76.3348997645985,73.0376834530309));
#3988=CARTESIAN_POINT('',(-5.71732026325756,76.0873067688215,73.1031935267286));
#3989=CARTESIAN_POINT('',(-5.64063526964043,75.9804079857073,73.1298597635278));
#3990=CARTESIAN_POINT('',(-2.8541047350161,73.7274689636898,73.9636146122323));
#3991=CARTESIAN_POINT('',(-5.64063526968843,75.9804079857495,73.1298597634467));
#3992=CARTESIAN_POINT('',(-5.53032611725865,75.8256662562684,73.1656890641883));
#3993=CARTESIAN_POINT('',(-5.30423657148085,75.5345653180418,73.2373005954027));
#3994=CARTESIAN_POINT('',(-4.94321628996946,75.1399390522673,73.3471239952222));
#3995=CARTESIAN_POINT('',(-4.57917381970784,74.7994537861897,73.4563782717739));
#3996=CARTESIAN_POINT('',(-4.21734052913707,74.5076903554852,73.5642653464187));
#3997=CARTESIAN_POINT('',(-3.8610668837076,74.2588653557825,73.6700450249294));
#3998=CARTESIAN_POINT('',(-3.51403594478682,74.0488209881855,73.7724654403138));
#3999=CARTESIAN_POINT('',(-3.18016008651914,73.8732883088539,73.8700553529519));
#4000=CARTESIAN_POINT('',(-2.96133888864483,73.7731656394553,73.9330436926948));
#4001=CARTESIAN_POINT('',(-2.85410611938818,73.7274696099016,73.9636143641748));
#4002=CARTESIAN_POINT('',(-2.85411358425149,73.7267532235464,73.9617366651076));
#4003=CARTESIAN_POINT('',(-2.85411961552641,73.7267555011739,73.961735217259));
#4004=CARTESIAN_POINT('',(-2.85411511681593,73.7269935374123,73.9623615995659));
#4005=CARTESIAN_POINT('',(-2.85411061810319,73.7272315736548,73.9629879818712));
#4006=CARTESIAN_POINT('',(-2.85410611938818,73.7274696099016,73.9636143641748));
#4007=CARTESIAN_POINT('',(3.97592151428652,73.7808099347964,73.9287182037045));
#4008=CARTESIAN_POINT('',(-2.85410196627196,73.7267478384929,73.9617398798614));
#4009=CARTESIAN_POINT('',(-2.62505187439499,73.6273073407442,74.0222624340313));
#4010=CARTESIAN_POINT('',(-2.17413837543053,73.4555775422155,74.1257324734159));
#4011=CARTESIAN_POINT('',(-1.50304315810833,73.2655659110838,74.2385111693426));
#4012=CARTESIAN_POINT('',(-0.851200075526643,73.1354787304011,74.3149085553092));
#4013=CARTESIAN_POINT('',(-0.209859867021982,73.0574723329267,74.3603987670303));
#4014=CARTESIAN_POINT('',(0.437330875560879,73.0286363450202,74.3771526056537));
#4015=CARTESIAN_POINT('',(1.06652391832257,73.0475900780491,74.366147056052));
#4016=CARTESIAN_POINT('',(1.68044774907539,73.1108769577628,74.3292735733892));
#4017=CARTESIAN_POINT('',(2.26667772554296,73.2139965239685,74.2688765091664));
#4018=CARTESIAN_POINT('',(2.81996065551109,73.3515089631434,74.1875006653293));
#4019=CARTESIAN_POINT('',(3.29512609383127,73.5035782590101,74.0970856600318));
#4020=CARTESIAN_POINT('',(3.67567396896678,73.6489224685768,74.0083962418811));
#4021=CARTESIAN_POINT('',(3.88645224857802,73.7405832860405,73.9544994270298));
#4022=CARTESIAN_POINT('',(3.97592045529788,73.7808014721023,73.9286977031658));
#4023=CARTESIAN_POINT('',(6.64063526962403,75.9804079857307,73.1298597634768));
#4024=CARTESIAN_POINT('',(3.97592257327516,73.7808183974906,73.9287387042432));
#4025=CARTESIAN_POINT('',(4.15527050003512,73.8614278132585,73.8769852675775));
#4026=CARTESIAN_POINT('',(4.49150564931569,74.0312719752248,73.7793771083557));
#4027=CARTESIAN_POINT('',(4.95061621934645,74.3155521351498,73.6435132123318));
#4028=CARTESIAN_POINT('',(5.34783699700552,74.6077178357539,73.5254206049757));
#4029=CARTESIAN_POINT('',(5.69489181192748,74.9038295058831,73.4217230015624));
#4030=CARTESIAN_POINT('',(6.00291608653346,75.2044595306948,73.3290140540191));
#4031=CARTESIAN_POINT('',(6.26286486033271,75.4922466042139,73.2496279731171));
#4032=CARTESIAN_POINT('',(6.4723380670487,75.7508508294335,73.1842443395848));
#4033=CARTESIAN_POINT('',(6.5891833203183,75.9082311676991,73.1465717707872));
#4034=CARTESIAN_POINT('',(6.64063526964804,75.9804079857518,73.1298597634362));
#4035=CARTESIAN_POINT('',(6.64063526960003,75.9804079857096,73.1298597635173));
#4036=CARTESIAN_POINT('',(6.79104127521978,76.1900737653552,73.0775579770437));
#4037=CARTESIAN_POINT('',(7.05962466601922,76.6059031762402,72.9640273112005));
#4038=CARTESIAN_POINT('',(7.38238168848746,77.2357787608169,72.7765645470758));
#4039=CARTESIAN_POINT('',(7.63068928185212,77.8561877961534,72.5780240121344));
#4040=CARTESIAN_POINT('',(7.81491056697337,78.4765536630262,72.368378982925));
#4041=CARTESIAN_POINT('',(7.939424583787,79.1116491762419,72.1433487844037));
#4042=CARTESIAN_POINT('',(8.00178314780108,79.7453309179787,71.9093484876132));
#4043=CARTESIAN_POINT('',(8.00318946937978,80.376300084476,71.667349351177));
#4044=CARTESIAN_POINT('',(7.94380028993702,81.0035447372855,71.4177712175777));
#4045=CARTESIAN_POINT('',(7.82297891777804,81.6231517322879,71.1617334487517));
#4046=CARTESIAN_POINT('',(7.64194688199511,82.2260071811408,70.9023967219169));
#4047=CARTESIAN_POINT('',(7.40810137886716,82.7939496274328,70.6470365751792));
#4048=CARTESIAN_POINT('',(7.14499140183019,83.291814911604,70.4122941575059));
#4049=CARTESIAN_POINT('',(6.8859495979315,83.695494570026,70.2122158307575));
#4050=CARTESIAN_POINT('',(6.71732026321921,83.9233268189834,70.0952272516569));
#4051=CARTESIAN_POINT('',(6.64063526961065,84.0206112916934,70.0435148799908));
#4052=CARTESIAN_POINT('',(-2.85410196627195,76.3830141620018,80.8815502321481));
#4053=AXIS2_PLACEMENT_3D('',#4054,#4055,#4056);
#4054=CARTESIAN_POINT('',(0.499999999977737,82.6456620503347,78.4775449437264));
#4055=DIRECTION('',(2.77555756156289E-17,0.358367949545335,0.933580426497188));
#4056=DIRECTION('',(-0.447213595499958,-0.835019718444383,0.320534038456234));
#4057=CARTESIAN_POINT('',(-5.43741246370053,83.2869324904818,69.102829796822));
#4058=CARTESIAN_POINT('',(-5.43741246370245,75.896196410303,71.9398675704451));
#4059=CARTESIAN_POINT('',(-5.43741246370053,83.2869324904818,69.102829796822));
#4060=CARTESIAN_POINT('',(-5.56011607508898,83.0605301910381,69.1737444627926));
#4061=CARTESIAN_POINT('',(-5.7778876912663,82.6210661782262,69.3250507767085));
#4062=CARTESIAN_POINT('',(-6.02652130429278,81.9679525791798,69.557138056111));
#4063=CARTESIAN_POINT('',(-6.20502576151943,81.35015180756,69.7856516216135));
#4064=CARTESIAN_POINT('',(-6.32711891253242,80.7490335893565,70.0116231487704));
#4065=CARTESIAN_POINT('',(-6.40024835229089,80.1443772009585,70.2414695204596));
#4066=CARTESIAN_POINT('',(-6.42314708709313,79.5209759254806,70.4801254279426));
#4067=CARTESIAN_POINT('',(-6.39163564592148,78.8848575334559,70.7251975936667));
#4068=CARTESIAN_POINT('',(-6.30559503952123,78.2601742560778,70.967743526066));
#4069=CARTESIAN_POINT('',(-6.1761199329474,77.68487217777,71.1939129366924));
#4070=CARTESIAN_POINT('',(-6.02617682284872,77.1941006941892,71.390202085903));
#4071=CARTESIAN_POINT('',(-5.87083959991912,76.7790913283705,71.5601247381993));
#4072=CARTESIAN_POINT('',(-5.71800246259421,76.4307116707236,71.705885551173));
#4073=CARTESIAN_POINT('',(-5.57371106756396,76.1392625546026,71.833308698997));
#4074=CARTESIAN_POINT('',(-5.47910379183422,75.9694856613604,71.9063004675863));
#4075=CARTESIAN_POINT('',(-5.43741246370245,75.896196410303,71.9398675704451));
#4076=CARTESIAN_POINT('',(-4.14349066572758,81.6823027930819,67.3296903571185));
#4077=CARTESIAN_POINT('',(-4.14349066572759,81.6823027930819,67.3296903571185));
#4078=VECTOR('',#4079,1.);
#4079=DIRECTION('',(-0.475877233525095,0.590149066525632,0.652123406949503));
#4080=CARTESIAN_POINT('',(-4.14349066589685,75.9022067982225,69.5484613289101));
#4081=CARTESIAN_POINT('',(-4.14349066589685,75.9022067982225,69.5484613289101));
#4082=CARTESIAN_POINT('',(-4.15061145504257,75.9712247153736,69.5261032160872));
#4083=CARTESIAN_POINT('',(-4.16814702213678,76.1041390574162,69.4893283593558));
#4084=CARTESIAN_POINT('',(-4.18396163040216,76.2894450504037,69.4229549212731));
#4085=CARTESIAN_POINT('',(-4.19867877010609,76.4557326960088,69.3650209157548));
#4086=CARTESIAN_POINT('',(-4.21192162087937,76.6183504005244,69.3070460712918));
#4087=CARTESIAN_POINT('',(-4.22562653471348,76.8050526326674,69.2391425525695));
#4088=CARTESIAN_POINT('',(-4.24105458894589,77.0367761051596,69.1540320458104));
#4089=CARTESIAN_POINT('',(-4.256485685995,77.3136772618004,69.0506546354931));
#4090=CARTESIAN_POINT('',(-4.27005289776456,77.6124901730622,68.9381648913616));
#4091=CARTESIAN_POINT('',(-4.28041652015895,77.9152345943989,68.8232352694966));
#4092=CARTESIAN_POINT('',(-4.28783313157514,78.2168350661674,68.7083786019592));
#4093=CARTESIAN_POINT('',(-4.29203750253312,78.5157798736574,68.5939592696303));
#4094=CARTESIAN_POINT('',(-4.29331982723519,78.8121540707632,68.4802346603618));
#4095=CARTESIAN_POINT('',(-4.29201793303745,79.1050643990503,68.3677921960237));
#4096=CARTESIAN_POINT('',(-4.28807424206912,79.3898341802478,68.2582307144969));
#4097=CARTESIAN_POINT('',(-4.2815890942654,79.6591172662402,68.1540556954318));
#4098=CARTESIAN_POINT('',(-4.27347901610823,79.9022550294804,68.0594840515643));
#4099=CARTESIAN_POINT('',(-4.2639993942277,80.1410900824656,67.9666143366217));
#4100=CARTESIAN_POINT('',(-4.25256564857546,80.3771022121618,67.8742434758718));
#4101=CARTESIAN_POINT('',(-4.23879189388954,80.609589736213,67.7820271244484));
#4102=CARTESIAN_POINT('',(-4.22560920540715,80.8026793573238,67.7045001138236));
#4103=CARTESIAN_POINT('',(-4.21388879769295,80.9622191229195,67.6401238134926));
#4104=CARTESIAN_POINT('',(-4.20331360654405,81.0932329749119,67.5864449390466));
#4105=CARTESIAN_POINT('',(-4.19305285891038,81.2113534328934,67.5373555270623));
#4106=CARTESIAN_POINT('',(-4.18448811478698,81.306993424519,67.4974312784949));
#4107=CARTESIAN_POINT('',(-4.17744288269482,81.3821292402857,67.4656899279439));
#4108=CARTESIAN_POINT('',(-4.17159989222523,81.4429173249865,67.4398411116632));
#4109=CARTESIAN_POINT('',(-4.16501106384406,81.507266831935,67.4118631114831));
#4110=CARTESIAN_POINT('',(-4.15876980842959,81.5740487854095,67.3838336135256));
#4111=CARTESIAN_POINT('',(-4.15078168434809,81.6283634232729,67.3562429114342));
#4112=CARTESIAN_POINT('',(-4.14585280715092,81.6625915056266,67.3388979179714));
#4113=CARTESIAN_POINT('',(-4.14399317407868,81.6779014392211,67.3317045884403));
#4114=CARTESIAN_POINT('',(-4.14349066572758,81.6823027930819,67.3296903571185));
#4115=CARTESIAN_POINT('',(-4.14349066589685,75.9022067982225,69.5484613289101));
#4116=VECTOR('',#4117,1.);
#4117=DIRECTION('',(-0.475877233528792,-0.00221049431301386,0.87950893817168));
#4118=CARTESIAN_POINT('',(-2.71282124813392,73.6020267918494,72.8483630706736));
#4119=CARTESIAN_POINT('',(-5.43741246370245,75.896196410303,71.9398675704451));
#4120=CARTESIAN_POINT('',(-5.40015367272745,75.8280106455454,71.9718774063674));
#4121=CARTESIAN_POINT('',(-5.32534656736957,75.7008091728436,72.0300386638532));
#4122=CARTESIAN_POINT('',(-5.20680191104162,75.5181873385048,72.1160215997406));
#4123=CARTESIAN_POINT('',(-5.07408337734636,75.3337455844399,72.201383138478));
#4124=CARTESIAN_POINT('',(-4.90509805767916,75.1223996872472,72.2980205238523));
#4125=CARTESIAN_POINT('',(-4.68439963782331,74.8793471076732,72.405974634842));
#4126=CARTESIAN_POINT('',(-4.41240078353506,74.6199047180966,72.5159723461294));
#4127=CARTESIAN_POINT('',(-4.10360333902492,74.3665906898687,72.6161830335791));
#4128=CARTESIAN_POINT('',(-3.78470308996519,74.1424738809236,72.6970166326745));
#4129=CARTESIAN_POINT('',(-3.48807966121848,73.9631189479294,72.7549691629122));
#4130=CARTESIAN_POINT('',(-3.24800396099483,73.8359177161974,72.7917654490359));
#4131=CARTESIAN_POINT('',(-3.05872042431813,73.745533134194,72.8153854403087));
#4132=CARTESIAN_POINT('',(-2.91298735189858,73.68155379275,72.8309575004505));
#4133=CARTESIAN_POINT('',(-2.79875997114458,73.6352244259284,72.8405694891056));
#4134=CARTESIAN_POINT('',(-2.73673887569368,73.6110553741028,72.8465550253558));
#4135=CARTESIAN_POINT('',(-2.71282124813392,73.6020267918494,72.8483630706736));
#4136=CARTESIAN_POINT('',(-2.06784574312728,73.9944346245605,70.2711048663772));
#4137=CARTESIAN_POINT('',(-4.14349066589685,75.9022067982225,69.5484613289101));
#4138=CARTESIAN_POINT('',(-4.14134421217115,75.8728990630264,69.5590255178196));
#4139=CARTESIAN_POINT('',(-4.13190166127881,75.8143655859041,69.5729383744887));
#4140=CARTESIAN_POINT('',(-4.12149482519462,75.7313689903288,69.6055009037243));
#4141=CARTESIAN_POINT('',(-4.10651448293797,75.6523487385383,69.6333483871818));
#4142=CARTESIAN_POINT('',(-4.08738960824931,75.5681361711807,69.6639476400714));
#4143=CARTESIAN_POINT('',(-4.05872716190671,75.4648909573259,69.7012152991678));
#4144=CARTESIAN_POINT('',(-4.01005332035548,75.3239154984348,69.7523380477939));
#4145=CARTESIAN_POINT('',(-3.92712880467163,75.1384862266631,69.8198121716127));
#4146=CARTESIAN_POINT('',(-3.79805780321497,74.9216229208658,69.8993617114914));
#4147=CARTESIAN_POINT('',(-3.6214232456557,74.699394049022,69.9819000757));
#4148=CARTESIAN_POINT('',(-3.40609557605849,74.4952039125487,70.0591135335167));
#4149=CARTESIAN_POINT('',(-3.16014030916444,74.3198291340279,70.1270723409841));
#4150=CARTESIAN_POINT('',(-2.89862799726792,74.1830950050105,70.181915977468));
#4151=CARTESIAN_POINT('',(-2.64576673926677,74.0902301920947,70.2210285444552));
#4152=CARTESIAN_POINT('',(-2.43922142674264,74.0391848825287,70.2441988839714));
#4153=CARTESIAN_POINT('',(-2.29420864201615,74.0151983364525,70.2560192684749));
#4154=CARTESIAN_POINT('',(-2.20432298478891,74.0045888978069,70.2620869841189));
#4155=CARTESIAN_POINT('',(-2.14498378835991,73.9994473493143,70.2648083227177));
#4156=CARTESIAN_POINT('',(-2.10260186163176,73.9964237273481,70.2679694936374));
#4157=CARTESIAN_POINT('',(-2.07819151337694,73.9948936792173,70.2707116586304));
#4158=CARTESIAN_POINT('',(-2.06784574312728,73.9944346245605,70.2711048663771));
#4159=CARTESIAN_POINT('',(-2.06784574312728,73.9944346245605,70.2711048663771));
#4160=VECTOR('',#4161,1.);
#4161=DIRECTION('',(-0.240164173285956,-0.146117646332968,0.95967223743317));
#4162=CARTESIAN_POINT('',(3.71282124809722,73.6020267918491,72.8483630706755));
#4163=CARTESIAN_POINT('',(-2.71282124813392,73.6020267918494,72.8483630706736));
#4164=CARTESIAN_POINT('',(-2.48298399751264,73.5138204211379,72.8660860590039));
#4165=CARTESIAN_POINT('',(-2.04961807994771,73.3663692403181,72.909462629979));
#4166=CARTESIAN_POINT('',(-1.42819608916103,73.210380016046,72.9510433651593));
#4167=CARTESIAN_POINT('',(-0.842828465886664,73.1036219274242,72.9828321060245));
#4168=CARTESIAN_POINT('',(-0.251555194928007,73.0343377160126,73.0037496633944));
#4169=CARTESIAN_POINT('',(0.380422707642052,73.0033326845676,73.013375219429));
#4170=CARTESIAN_POINT('',(1.02593240502663,73.0177142534582,73.0089050435815));
#4171=CARTESIAN_POINT('',(1.65650585782936,73.0769159166643,72.990744164995));
#4172=CARTESIAN_POINT('',(2.27108416906674,73.1770918348521,72.9611389082192));
#4173=CARTESIAN_POINT('',(2.83395196680768,73.3091783043851,72.9230740984025));
#4174=CARTESIAN_POINT('',(3.31792429608416,73.4557289485462,72.8862028714607));
#4175=CARTESIAN_POINT('',(3.59433914315716,73.5565560231083,72.8574993484437));
#4176=CARTESIAN_POINT('',(3.71282124809722,73.6020267918491,72.8483630706755));
#4177=CARTESIAN_POINT('',(3.06784574312364,73.9944346245605,70.2711048663767));
#4178=CARTESIAN_POINT('',(3.06784574312364,73.9944346245605,70.2711048663767));
#4179=CARTESIAN_POINT('',(2.96706999073697,73.988908576457,70.2787841171129));
#4180=CARTESIAN_POINT('',(2.77700527622344,73.9783812403484,70.2931923146387));
#4181=CARTESIAN_POINT('',(2.50852718590727,73.9657527306634,70.3048674025752));
#4182=CARTESIAN_POINT('',(2.27221702180041,73.9556487075879,70.3139733579732));
#4183=CARTESIAN_POINT('',(2.05380234120009,73.9472767338966,70.3210936616909));
#4184=CARTESIAN_POINT('',(1.82030245176625,73.9391576415533,70.3282687219648));
#4185=CARTESIAN_POINT('',(1.55760898031993,73.9317358096591,70.3339340664708));
#4186=CARTESIAN_POINT('',(1.25701004570956,73.9253745438829,70.3382838658858));
#4187=CARTESIAN_POINT('',(0.936961507308408,73.9208171019565,70.3414889890496));
#4188=CARTESIAN_POINT('',(0.594655133010341,73.9186317904748,70.3429690958922));
#4189=CARTESIAN_POINT('',(0.247245346759451,73.9192393014491,70.3426225668428));
#4190=CARTESIAN_POINT('',(-0.100738463498124,73.9228458026661,70.3399715495977));
#4191=CARTESIAN_POINT('',(-0.419738810998895,73.9285224211869,70.3362011851314));
#4192=CARTESIAN_POINT('',(-0.706530903480312,73.9357345585207,70.3309646637754));
#4193=CARTESIAN_POINT('',(-0.942079637960748,73.9432543283078,70.3247140342667));
#4194=CARTESIAN_POINT('',(-1.14394421970159,73.9506812782175,70.3181619039556));
#4195=CARTESIAN_POINT('',(-1.31519884769761,73.9574783206382,70.312347594205));
#4196=CARTESIAN_POINT('',(-1.46712099958734,73.964015542872,70.3064865275774));
#4197=CARTESIAN_POINT('',(-1.59587982053899,73.969914361419,70.3008847501091));
#4198=CARTESIAN_POINT('',(-1.70950302414585,73.9753763933027,70.2953752860715));
#4199=CARTESIAN_POINT('',(-1.81990129586092,73.9809077883787,70.2894351444415));
#4200=CARTESIAN_POINT('',(-1.92321134094459,73.9862748058435,70.283237754471));
#4201=CARTESIAN_POINT('',(-2.00635332956841,73.9907309366292,70.2777441385956));
#4202=CARTESIAN_POINT('',(-2.05104342264069,73.9935132676957,70.2723852262744));
#4203=CARTESIAN_POINT('',(-2.06784574312727,73.9944346245605,70.2711048663772));
#4204=CARTESIAN_POINT('',(3.06784574312364,73.9944346245605,70.2711048663767));
#4205=VECTOR('',#4206,1.);
#4206=DIRECTION('',(0.240164173274152,-0.146117646333409,0.959672237436057));
#4207=CARTESIAN_POINT('',(6.43741246366872,75.896196410303,71.9398675704508));
#4208=CARTESIAN_POINT('',(3.71282124809722,73.6020267918491,72.8483630706755));
#4209=CARTESIAN_POINT('',(3.84244763927228,73.6509590085589,72.8385640055702));
#4210=CARTESIAN_POINT('',(4.10006164217265,73.7599309889653,72.8127788857532));
#4211=CARTESIAN_POINT('',(4.46720535632284,73.9489153224848,72.7600236371769));
#4212=CARTESIAN_POINT('',(4.82334693538543,74.1670206510361,72.6887614739679));
#4213=CARTESIAN_POINT('',(5.15897661117316,74.4087779381357,72.6001783594918));
#4214=CARTESIAN_POINT('',(5.47269168330446,74.6737655576061,72.4937525851107));
#4215=CARTESIAN_POINT('',(5.7535208616841,74.950524011308,72.3749561471284));
#4216=CARTESIAN_POINT('',(5.98390233688904,75.2158571662526,72.2557233630687));
#4217=CARTESIAN_POINT('',(6.15519797775736,75.4436738816253,72.1505628048959));
#4218=CARTESIAN_POINT('',(6.26197983824161,75.6022384294768,72.0766848026299));
#4219=CARTESIAN_POINT('',(6.32997342898886,75.7109302586948,72.0256001730404));
#4220=CARTESIAN_POINT('',(6.37487190833592,75.7858281234549,71.9908591148733));
#4221=CARTESIAN_POINT('',(6.40930991920106,75.8470818550721,71.9610396780943));
#4222=CARTESIAN_POINT('',(6.4296580937073,75.8820054601354,71.9465295179711));
#4223=CARTESIAN_POINT('',(6.43741246366872,75.896196410303,71.9398675704508));
#4224=CARTESIAN_POINT('',(5.14349066589114,75.9022067982225,69.5484613289063));
#4225=CARTESIAN_POINT('',(3.06784574312364,73.9944346245605,70.2711048663767));
#4226=CARTESIAN_POINT('',(3.12400473919117,73.9969264688646,70.2689704528171));
#4227=CARTESIAN_POINT('',(3.23052183565855,74.0061190345686,70.2597889861423));
#4228=CARTESIAN_POINT('',(3.38667813888915,74.0295203582265,70.2490942658525));
#4229=CARTESIAN_POINT('',(3.5427053978705,74.0638256276309,70.2328327178268));
#4230=CARTESIAN_POINT('',(3.72430984494085,74.1174890192558,70.2094866192812));
#4231=CARTESIAN_POINT('',(3.94126839872699,74.203896307772,70.1734821357389));
#4232=CARTESIAN_POINT('',(4.18425756697417,74.3353316482829,70.1210062705742));
#4233=CARTESIAN_POINT('',(4.42321176191301,74.5093608058429,70.0537000602007));
#4234=CARTESIAN_POINT('',(4.63863656921484,74.7181400154686,69.974879510373));
#4235=CARTESIAN_POINT('',(4.81979197587878,74.9521231211196,69.8880927327721));
#4236=CARTESIAN_POINT('',(4.95450590291347,75.1902324863233,69.800910047947));
#4237=CARTESIAN_POINT('',(5.03940044703507,75.4003541242921,69.7245847336071));
#4238=CARTESIAN_POINT('',(5.08319466666424,75.5498406170203,69.6705097624135));
#4239=CARTESIAN_POINT('',(5.10449897256009,75.6432274006489,69.6367779500254));
#4240=CARTESIAN_POINT('',(5.11512740527654,75.6983291573037,69.616897051421));
#4241=CARTESIAN_POINT('',(5.12177782354109,75.7377536018047,69.6026682595344));
#4242=CARTESIAN_POINT('',(5.1261655907219,75.7668431553689,69.59219039338));
#4243=CARTESIAN_POINT('',(5.12990053826076,75.7942373961595,69.5822711432215));
#4244=CARTESIAN_POINT('',(5.13356801906707,75.8229776768874,69.5721470336161));
#4245=CARTESIAN_POINT('',(5.13653010082349,75.8561382813353,69.5591956756437));
#4246=CARTESIAN_POINT('',(5.14038210359411,75.8824840644818,69.5525872199612));
#4247=CARTESIAN_POINT('',(5.14318571110782,75.8980429376511,69.5499622231028));
#4248=CARTESIAN_POINT('',(5.14349066589115,75.9022067982225,69.5484613289063));
#4249=CARTESIAN_POINT('',(5.14349066589115,75.9022067982225,69.5484613289063));
#4250=VECTOR('',#4251,1.);
#4251=DIRECTION('',(0.475877233519364,-0.00221049431303363,0.879508938176781));
#4252=CARTESIAN_POINT('',(6.43741246366681,83.2869324904856,69.1028297968262));
#4253=CARTESIAN_POINT('',(6.43741246366872,75.896196410303,71.9398675704508));
#4254=CARTESIAN_POINT('',(6.56011607504688,76.1118972810332,71.8410747296164));
#4255=CARTESIAN_POINT('',(6.77788769120613,76.5397263736746,71.6594584125138));
#4256=CARTESIAN_POINT('',(7.02652130421567,77.1803810671835,71.3949145747333));
#4257=CARTESIAN_POINT('',(7.20502576144046,77.7924019343795,71.1513438435843));
#4258=CARTESIAN_POINT('',(7.32711891246273,78.390324292685,70.9170468168698));
#4259=CARTESIAN_POINT('',(7.40024835224082,78.9934688009778,70.6832618628348));
#4260=CARTESIAN_POINT('',(7.42314708706117,79.6164382051424,70.4434808920798));
#4261=CARTESIAN_POINT('',(7.39163564590316,80.2531515834627,70.1999587185177));
#4262=CARTESIAN_POINT('',(7.30559503951052,80.8796766354617,69.9622107729321));
#4263=CARTESIAN_POINT('',(7.17611993292957,81.4585462729795,69.7453351715982));
#4264=CARTESIAN_POINT('',(7.02617682281782,81.9546036389777,69.5628162167207));
#4265=CARTESIAN_POINT('',(6.87083959986968,82.3767161491211,69.411397887895));
#4266=CARTESIAN_POINT('',(6.71800246253516,82.7331457101859,69.2866077902447));
#4267=CARTESIAN_POINT('',(6.5737110675082,83.034997340875,69.1862841194084));
#4268=CARTESIAN_POINT('',(6.47910379178922,83.2100071869271,69.1269246590246));
#4269=CARTESIAN_POINT('',(6.43741246366681,83.2869324904856,69.1028297968262));
#4270=CARTESIAN_POINT('',(5.14349066572188,81.6823027930793,67.3296903571157));
#4271=CARTESIAN_POINT('',(5.14349066589113,75.9022067982225,69.5484613289063));
#4272=CARTESIAN_POINT('',(5.15061145503689,75.9712247153741,69.5261032160835));
#4273=CARTESIAN_POINT('',(5.16814702213111,76.1041390574176,69.4893283593522));
#4274=CARTESIAN_POINT('',(5.1839616303966,76.2894450504062,69.4229549212694));
#4275=CARTESIAN_POINT('',(5.19867877010061,76.455732696012,69.3650209157512));
#4276=CARTESIAN_POINT('',(5.21192162087396,76.6183504005282,69.3070460712883));
#4277=CARTESIAN_POINT('',(5.22562653470836,76.8050526326748,69.2391425525648));
#4278=CARTESIAN_POINT('',(5.24105458894088,77.0367761051686,69.1540320458053));
#4279=CARTESIAN_POINT('',(5.25648568598977,77.3136772618063,69.0506546354894));
#4280=CARTESIAN_POINT('',(5.27005289775875,77.612490173053,68.9381648913639));
#4281=CARTESIAN_POINT('',(5.28041652015275,77.915234594372,68.8232352695057));
#4282=CARTESIAN_POINT('',(5.28783313156901,78.2168350661244,68.7083786019746));
#4283=CARTESIAN_POINT('',(5.2920375025274,78.5157798736064,68.5939592696488));
#4284=CARTESIAN_POINT('',(5.29331982723,78.8121540707202,68.4802346603774));
#4285=CARTESIAN_POINT('',(5.29201793303272,79.1050643989845,68.367792196048));
#4286=CARTESIAN_POINT('',(5.28807424206579,79.3898341801199,68.258230714545));
#4287=CARTESIAN_POINT('',(5.28158909426722,79.6591172659825,68.1540556955307));
#4288=CARTESIAN_POINT('',(5.27347901611597,79.9022550291073,68.0594840517079));
#4289=CARTESIAN_POINT('',(5.2639993942494,80.1410900818311,67.9666143368676));
#4290=CARTESIAN_POINT('',(5.25256564862176,80.3771022111436,67.8742434762692));
#4291=CARTESIAN_POINT('',(5.23879189398205,80.6095897346818,67.7820271250592));
#4292=CARTESIAN_POINT('',(5.22560920553053,80.8026793554712,67.7045001145651));
#4293=CARTESIAN_POINT('',(5.21388879784013,80.9622191209191,67.6401238143018));
#4294=CARTESIAN_POINT('',(5.20331360671062,81.0932329728817,67.5864449398849));
#4295=CARTESIAN_POINT('',(5.19305285908586,81.2113534308217,67.5373555279206));
#4296=CARTESIAN_POINT('',(5.18448811495472,81.3069934226235,67.4974312792877));
#4297=CARTESIAN_POINT('',(5.17744288282942,81.3821292388126,67.4656899285661));
#4298=CARTESIAN_POINT('',(5.17159989230054,81.4429173241721,67.4398411120108));
#4299=CARTESIAN_POINT('',(5.16501106387481,81.5072668315654,67.4118631116387));
#4300=CARTESIAN_POINT('',(5.15876980843684,81.5740487852804,67.3838336135781));
#4301=CARTESIAN_POINT('',(5.15078168435643,81.6283634231836,67.3562429114781));
#4302=CARTESIAN_POINT('',(5.14585280715141,81.6625915055752,67.3388979179919));
#4303=CARTESIAN_POINT('',(5.14399317407488,81.6779014392019,67.3317045884451));
#4304=CARTESIAN_POINT('',(5.14349066572188,81.6823027930793,67.3296903571157));
#4305=CARTESIAN_POINT('',(5.14349066572188,81.6823027930793,67.3296903571157));
#4306=VECTOR('',#4307,1.);
#4307=DIRECTION('',(0.475877233515678,0.59014906652905,0.652123406953282));
#4308=CARTESIAN_POINT('',(3.71282124809367,85.5997349161387,68.2428744188946));
#4309=CARTESIAN_POINT('',(6.43741246366681,83.2869324904856,69.1028297968262));
#4310=CARTESIAN_POINT('',(6.40015367268455,83.3590231496699,69.0809925586345));
#4311=CARTESIAN_POINT('',(6.32534656731157,83.4924697434149,69.0391003976117));
#4312=CARTESIAN_POINT('',(6.20680191095934,83.6857180286812,68.9808003127393));
#4313=CARTESIAN_POINT('',(6.07408337724135,83.879902982014,68.9208206758027));
#4314=CARTESIAN_POINT('',(5.90509805757222,84.1016266241593,68.8512182403527));
#4315=CARTESIAN_POINT('',(5.68439963772553,84.354485290711,68.768809859381));
#4316=CARTESIAN_POINT('',(5.41240078346435,84.6208913952513,68.6769532458949));
#4317=CARTESIAN_POINT('',(5.1036033389397,84.8761944426139,68.5819241304184));
#4318=CARTESIAN_POINT('',(4.78470308985541,85.0968339246701,68.4920317850394));
#4319=CARTESIAN_POINT('',(4.48807966106882,85.2688984267586,68.4150870329323));
#4320=CARTESIAN_POINT('',(4.24800396085857,85.3880488851445,68.3573177652483));
#4321=CARTESIAN_POINT('',(4.05872042423138,85.471022578619,68.3143917493915));
#4322=CARTESIAN_POINT('',(3.91298735187166,85.5289882371709,68.2831535097858));
#4323=CARTESIAN_POINT('',(3.79875997113624,85.5698493421838,68.2592962121079));
#4324=CARTESIAN_POINT('',(3.73673887567249,85.5918155534896,68.247572080094));
#4325=CARTESIAN_POINT('',(3.71282124809367,85.5997349161387,68.2428744188946));
#4326=CARTESIAN_POINT('',(3.06784574312575,83.5835967207511,66.5901704115319));
#4327=CARTESIAN_POINT('',(5.14349066572188,81.6823027930793,67.3296903571157));
#4328=CARTESIAN_POINT('',(5.14134286801546,81.7111692113987,67.3179231138609));
#4329=CARTESIAN_POINT('',(5.13189602127974,81.7640113555423,67.2890817046694));
#4330=CARTESIAN_POINT('',(5.12147811615815,81.8475317181347,67.2577234027081));
#4331=CARTESIAN_POINT('',(5.10648147805914,81.9249446629803,67.2255203662268));
#4332=CARTESIAN_POINT('',(5.08733103574914,82.008074091923,67.1918818586336));
#4333=CARTESIAN_POINT('',(5.05862417685448,82.1098370864943,67.1504520091568));
#4334=CARTESIAN_POINT('',(5.00987519834758,82.2489297948674,67.0940645503343));
#4335=CARTESIAN_POINT('',(4.92684011845373,82.4319832646156,67.0200904074593));
#4336=CARTESIAN_POINT('',(4.7976435491023,82.6464138637826,66.9340832090714));
#4337=CARTESIAN_POINT('',(4.62089683102594,82.866764761638,66.846734845033));
#4338=CARTESIAN_POINT('',(4.40548237855707,83.0701069577461,66.7675158161801));
#4339=CARTESIAN_POINT('',(4.15943411564019,83.2458435898477,66.7007010017527));
#4340=CARTESIAN_POINT('',(3.89807607330383,83.3839469436195,66.6500451586699));
#4341=CARTESIAN_POINT('',(3.6458928372405,83.4788203563176,66.6170905267118));
#4342=CARTESIAN_POINT('',(3.44060508998795,83.5319806559867,66.6002200927009));
#4343=CARTESIAN_POINT('',(3.29679992759225,83.5576675136452,66.5929809643941));
#4344=CARTESIAN_POINT('',(3.20753350772964,83.5696026580817,66.5903185303163));
#4345=CARTESIAN_POINT('',(3.14796296168753,83.5754585226618,66.5889440178244));
#4346=CARTESIAN_POINT('',(3.10436365921674,83.5797401322962,66.589052572639));
#4347=CARTESIAN_POINT('',(3.07888129591905,83.5829521821228,66.5901863659916));
#4348=CARTESIAN_POINT('',(3.06784574312575,83.5835967207511,66.5901704115319));
#4349=CARTESIAN_POINT('',(3.06784574312575,83.5835967207511,66.5901704115319));
#4350=VECTOR('',#4351,1.);
#4351=DIRECTION('',(0.240164173271253,0.750732638939426,0.615403668097601));
#4352=CARTESIAN_POINT('',(-2.71282124813037,85.5997349161373,68.2428744188934));
#4353=CARTESIAN_POINT('',(3.71282124809367,85.5997349161387,68.2428744188946));
#4354=CARTESIAN_POINT('',(3.48298399746207,85.6771440180383,68.1970235836438));
#4355=CARTESIAN_POINT('',(3.04961807988387,85.8157461913169,68.1305945598801));
#4356=CARTESIAN_POINT('',(2.42819608909317,85.9594917187077,68.0571179038482));
#4357=CARTESIAN_POINT('',(1.84282846582789,86.0600992592922,68.0093064375597));
#4358=CARTESIAN_POINT('',(1.25155519488232,86.1255840403347,67.9784910256892));
#4359=CARTESIAN_POINT('',(0.619577292310724,86.1550660231624,67.964897792358));
#4360=CARTESIAN_POINT('',(-0.0259324050763939,86.1413873031827,67.9711989522203));
#4361=CARTESIAN_POINT('',(-0.65650585788053,86.085239893809,67.9973164340714));
#4362=CARTESIAN_POINT('',(-1.27108416910881,85.9909848951522,68.0423462135699));
#4363=CARTESIAN_POINT('',(-1.83395196684031,85.8673551895309,68.1024416465702));
#4364=CARTESIAN_POINT('',(-2.31792429611266,85.7337751702121,68.1731025064466));
#4365=CARTESIAN_POINT('',(-2.59433914318714,85.6396396457216,68.2192381133818));
#4366=CARTESIAN_POINT('',(-2.71282124813037,85.5997349161373,68.2428744188934));
#4367=CARTESIAN_POINT('',(-2.06784574312938,83.5835967207514,66.5901704115321));
#4368=CARTESIAN_POINT('',(3.06784574312575,83.5835967207511,66.5901704115319));
#4369=CARTESIAN_POINT('',(2.96706999073498,83.5928417965064,66.5921795590614));
#4370=CARTESIAN_POINT('',(2.77700527621351,83.6103060978089,66.5958427737028));
#4371=CARTESIAN_POINT('',(2.50852718588582,83.6275030681055,66.5960689325462));
#4372=CARTESIAN_POINT('',(2.27221702177096,83.6411048940274,66.5960750650935));
#4373=CARTESIAN_POINT('',(2.05380234116871,83.652090896099,66.5957645381243));
#4374=CARTESIAN_POINT('',(1.82030245180665,83.6629256099894,66.5956639138564));
#4375=CARTESIAN_POINT('',(1.55760898048819,83.6722319613578,66.594907910435));
#4376=CARTESIAN_POINT('',(1.25701004604139,83.6798698870213,66.5938839237365));
#4377=CARTESIAN_POINT('',(0.936961507609972,83.6854013724158,66.5932162705501));
#4378=CARTESIAN_POINT('',(0.594655133009041,83.68801576013,66.592853945494));
#4379=CARTESIAN_POINT('',(0.247245346201643,83.6873324182965,66.5930029284112));
#4380=CARTESIAN_POINT('',(-0.10073846456331,83.6828783887873,66.5934460590113));
#4381=CARTESIAN_POINT('',(-0.419738812321899,83.6761369728293,66.5944425313634));
#4382=CARTESIAN_POINT('',(-0.706530904794465,83.6672733935659,66.5953768994412));
#4383=CARTESIAN_POINT('',(-0.942079639190234,83.6575026280356,66.5957634845796));
#4384=CARTESIAN_POINT('',(-1.14394422087009,83.6475990977129,66.5958639023414));
#4385=CARTESIAN_POINT('',(-1.3151988488613,83.638657378195,66.5960911372526));
#4386=CARTESIAN_POINT('',(-1.46712100074764,83.6298774562468,66.5961097713925));
#4387=CARTESIAN_POINT('',(-1.59587982169465,83.6217454590069,66.5958939194822));
#4388=CARTESIAN_POINT('',(-1.70950302529382,83.61399982726,66.5954544024963));
#4389=CARTESIAN_POINT('',(-1.81990129699866,83.6059144690502,66.5947412427155));
#4390=CARTESIAN_POINT('',(-1.9232113419611,83.5977791345067,66.5937269200906));
#4391=CARTESIAN_POINT('',(-2.00635333018423,83.5907916374325,66.5926261013397));
#4392=CARTESIAN_POINT('',(-2.05104342288762,83.5851381503098,66.590505396282));
#4393=CARTESIAN_POINT('',(-2.06784574312938,83.5835967207514,66.5901704115321));
#4394=CARTESIAN_POINT('',(-2.06784574312938,83.5835967207514,66.5901704115321));
#4395=VECTOR('',#4396,1.);
#4396=DIRECTION('',(-0.240164173283056,0.750732638937168,0.615403668095748));
#4397=CARTESIAN_POINT('',(-2.71282124813037,85.5997349161373,68.2428744188934));
#4398=CARTESIAN_POINT('',(-2.84244763930942,85.556814338113,68.2683343382034));
#4399=CARTESIAN_POINT('',(-3.10006164220675,85.4585787618944,68.3220887471609));
#4400=CARTESIAN_POINT('',(-3.46720535635222,85.2828358808766,68.4093391588423));
#4401=CARTESIAN_POINT('',(-3.82334693539615,85.0730683400888,68.502322001739));
#4402=CARTESIAN_POINT('',(-4.15897661119244,84.8341339900545,68.5982591187018));
#4403=CARTESIAN_POINT('',(-4.47269168333586,84.5659970688777,68.696480681671));
#4404=CARTESIAN_POINT('',(-4.75352086174791,84.2808351234865,68.7933852754529));
#4405=CARTESIAN_POINT('',(-4.98390233695745,84.0038718572536,68.8823205838119));
#4406=CARTESIAN_POINT('',(-5.15519797782291,83.7642048960089,68.95661019606));
#4407=CARTESIAN_POINT('',(-5.26197983828435,83.5969344403485,69.0078085330013));
#4408=CARTESIAN_POINT('',(-5.32997342900141,83.4819783807729,69.042574284437));
#4409=CARTESIAN_POINT('',(-5.37487190832439,83.4030721148636,69.0668731004763));
#4410=CARTESIAN_POINT('',(-5.40930991919706,83.3375986233533,69.0856996869191));
#4411=CARTESIAN_POINT('',(-5.42965809372166,83.301936134685,69.0982849895485));
#4412=CARTESIAN_POINT('',(-5.43741246370053,83.2869324904818,69.102829796822));
#4413=CARTESIAN_POINT('',(-2.06784574312938,83.5835967207514,66.5901704115321));
#4414=CARTESIAN_POINT('',(-2.12400455833509,83.580316728675,66.5902516021687));
#4415=CARTESIAN_POINT('',(-2.23052134461225,83.56734176321,66.5895794595933));
#4416=CARTESIAN_POINT('',(-2.38667724899018,83.5427951399056,66.5972902383656));
#4417=CARTESIAN_POINT('',(-2.54270413275405,83.506420420849,66.6081602006268));
#4418=CARTESIAN_POINT('',(-2.72430828105561,83.4509193790625,66.6267184034539));
#4419=CARTESIAN_POINT('',(-2.94126671183159,83.3626147966376,66.6577795190049));
#4420=CARTESIAN_POINT('',(-3.18425581939529,83.2298263972543,66.7067296364148));
#4421=CARTESIAN_POINT('',(-3.42321047888275,83.0554608921742,66.7731595938601));
#4422=CARTESIAN_POINT('',(-3.63863429005462,82.8475677252696,66.8542845673228));
#4423=CARTESIAN_POINT('',(-3.81979993679362,82.6156004581615,66.946359522221));
#4424=CARTESIAN_POINT('',(-3.95455041218762,82.3802450787151,67.0409242336727));
#4425=CARTESIAN_POINT('',(-4.03948920364218,82.1728728827412,67.1248632266274));
#4426=CARTESIAN_POINT('',(-4.08331261440794,82.0254040612547,67.1847834701572));
#4427=CARTESIAN_POINT('',(-4.10462319022453,81.9332850593324,67.2222642989742));
#4428=CARTESIAN_POINT('',(-4.11524588648932,81.8789607480315,67.2443892870997));
#4429=CARTESIAN_POINT('',(-4.12188410622787,81.8401312946256,67.2602001737549));
#4430=CARTESIAN_POINT('',(-4.12625073371913,81.8115757377036,67.2718492834019));
#4431=CARTESIAN_POINT('',(-4.12995772909674,81.7847246701238,67.2827498098272));
#4432=CARTESIAN_POINT('',(-4.13359168588171,81.7568011867437,67.2943683527424));
#4433=CARTESIAN_POINT('',(-4.13653927289312,81.723645052556,67.3068766421908));
#4434=CARTESIAN_POINT('',(-4.14038448649401,81.6997095314647,67.3195663968507));
#4435=CARTESIAN_POINT('',(-4.14318597012659,81.6863979043915,67.3280210065811));
#4436=CARTESIAN_POINT('',(-4.14349066572759,81.6823027930819,67.3296903571185));
#4437=CARTESIAN_POINT('',(-4.,81.4047053906579,66.8734579910934));
#4438=CARTESIAN_POINT('',(-4.,75.8032228314683,69.0236656878277));
#4439=CARTESIAN_POINT('',(-4.,75.8032228314683,69.0236656878277));
#4440=CARTESIAN_POINT('',(-4.,75.9483847542678,68.9523183224817));
#4441=CARTESIAN_POINT('',(-4.,76.0912378315804,68.8761867087556));
#4442=CARTESIAN_POINT('',(-4.,76.3897822312753,68.7336284536798));
#4443=CARTESIAN_POINT('',(-4.,76.5432890424176,68.662801924713));
#4444=CARTESIAN_POINT('',(-4.,76.850114897554,68.5239471240971));
#4445=CARTESIAN_POINT('',(-4.,77.0036703338488,68.4563974843667));
#4446=CARTESIAN_POINT('',(-4.,77.3104918753238,68.3238133478888));
#4447=CARTESIAN_POINT('',(-4.,77.4638818926231,68.2591360870327));
#4448=CARTESIAN_POINT('',(-4.,77.9283113027784,68.0664746654074));
#4449=CARTESIAN_POINT('',(-4.,78.2411412728075,67.9420043481432));
#4450=CARTESIAN_POINT('',(-4.,78.8692062077363,67.700912807957));
#4451=CARTESIAN_POINT('',(-4.,79.1848265112938,67.5839495195271));
#4452=CARTESIAN_POINT('',(-4.,79.8217960578713,67.3591477976568));
#4453=CARTESIAN_POINT('',(-4.,80.1427125111659,67.2498509896105));
#4454=CARTESIAN_POINT('',(-4.,80.6263600824011,67.0964901994905));
#4455=CARTESIAN_POINT('',(-4.,80.7869206457544,67.0467049420282));
#4456=CARTESIAN_POINT('',(-4.,81.0995109688534,66.9544297345748));
#4457=CARTESIAN_POINT('',(-4.,81.2528608687401,66.9164538869673));
#4458=CARTESIAN_POINT('',(-4.,81.4047053906579,66.8734579910934));
#4459=CARTESIAN_POINT('',(-4.,56.118254004458,1.00000000000001));
#4460=CARTESIAN_POINT('',(-4.,81.4047053906579,66.8734579910934));
#4461=VECTOR('',#4462,1.);
#4462=DIRECTION('',(-6.29377911192513E-17,-0.358367949545335,-0.933580426497189));
#4463=CARTESIAN_POINT('',(-4.,9.74179141636691,0.999999999999999));
#4464=CARTESIAN_POINT('',(-4.,56.118254004458,1.));
#4465=VECTOR('',#4466,1.);
#4466=DIRECTION('',(0.,-1.,-4.78787282456617E-18));
#4467=CARTESIAN_POINT('',(-4.,9.74179141636691,18.));
#4468=CARTESIAN_POINT('',(-4.,9.74179141636691,1.));
#4469=VECTOR('',#4470,1.);
#4470=DIRECTION('',(5.2245789394125E-17,0.,1.));
#4471=CARTESIAN_POINT('',(-4.,56.2170726382385,18.));
#4472=CARTESIAN_POINT('',(-4.,9.74179141636691,18.));
#4473=VECTOR('',#4474,1.);
#4474=DIRECTION('',(0.,1.,0.));
#4475=CARTESIAN_POINT('',(-4.,56.2170726382385,18.));
#4476=VECTOR('',#4477,1.);
#4477=DIRECTION('',(6.50040311052802E-17,0.358367949545335,0.933580426497188));
#4478=CARTESIAN_POINT('',(-2.,56.5666069963046,24.4914243531827));
#4479=CARTESIAN_POINT('',(-2.,56.5666069963046,24.4914243531827));
#4480=CARTESIAN_POINT('',(-2.04504079344828,56.5660687331975,24.4900221298484));
#4481=CARTESIAN_POINT('',(-2.1285452767952,56.5663224376089,24.4826595265324));
#4482=CARTESIAN_POINT('',(-2.23913050269998,56.5642017089283,24.4474796661822));
#4483=CARTESIAN_POINT('',(-2.33723511714246,56.5617424789461,24.4008526702945));
#4484=CARTESIAN_POINT('',(-2.42776612733657,56.5586463343481,24.3436490961254));
#4485=CARTESIAN_POINT('',(-2.52068914026556,56.5546925859414,24.2701306340092));
#4486=CARTESIAN_POINT('',(-2.60961020754019,56.5500948939071,24.1849235633841));
#4487=CARTESIAN_POINT('',(-2.69346815430139,56.5450301253746,24.090786017131));
#4488=CARTESIAN_POINT('',(-2.76974132494551,56.5397838335675,23.9932331888136));
#4489=CARTESIAN_POINT('',(-2.84304006818484,56.5341386809202,23.8884254313589));
#4490=CARTESIAN_POINT('',(-2.92023297705564,56.5275433923476,23.7659642280346));
#4491=CARTESIAN_POINT('',(-3.00483794209442,56.5194680810007,23.6159833491176));
#4492=CARTESIAN_POINT('',(-3.09608483615362,56.5096513594962,23.4337227219119));
#4493=CARTESIAN_POINT('',(-3.18841562236833,56.498444511526,23.2255696049478));
#4494=CARTESIAN_POINT('',(-3.28014855234299,56.4858888602842,22.992328276784));
#4495=CARTESIAN_POINT('',(-3.37026811736396,56.4719772939083,22.7340164799738));
#4496=CARTESIAN_POINT('',(-3.45971182161511,56.4563745681641,22.4442151093921));
#4497=CARTESIAN_POINT('',(-3.55039375436944,56.4383503114345,22.1095400919765));
#4498=CARTESIAN_POINT('',(-3.64141118276299,56.4174161064942,21.7207208534104));
#4499=CARTESIAN_POINT('',(-3.73051021989331,56.3931565023897,21.2701983698704));
#4500=CARTESIAN_POINT('',(-3.81336371603302,56.3656844492708,20.7598894306907));
#4501=CARTESIAN_POINT('',(-3.88552160789594,56.3352564665636,20.19490061674));
#4502=CARTESIAN_POINT('',(-3.94443673103656,56.301536854857,19.5686266846744));
#4503=CARTESIAN_POINT('',(-3.9813317512627,56.2684807944505,18.9547507580584));
#4504=CARTESIAN_POINT('',(-3.99738334843172,56.2398307394345,18.4226515152114));
#4505=CARTESIAN_POINT('',(-4.,56.2236709830752,18.122541117581));
#4506=CARTESIAN_POINT('',(-4.,56.2170726382386,18.));
#4507=CARTESIAN_POINT('',(-2.,73.938987068604,69.7480217072292));
#4508=CARTESIAN_POINT('',(-2.,56.5666069963046,24.4914243531827));
#4509=VECTOR('',#4510,1.);
#4510=DIRECTION('',(7.32875237068702E-17,0.358367949545335,0.933580426497189));
#4511=CARTESIAN_POINT('',(-4.,75.8032228314683,69.0236656878276));
#4512=CARTESIAN_POINT('',(-4.,75.7619744812474,69.0404315964448));
#4513=CARTESIAN_POINT('',(-3.99718716706762,75.685906375325,69.07734147495));
#4514=CARTESIAN_POINT('',(-3.98523345022547,75.5709209389833,69.1221350611865));
#4515=CARTESIAN_POINT('',(-3.96548998101876,75.4550033135378,69.1700720154448));
#4516=CARTESIAN_POINT('',(-3.93168096711014,75.3158764847517,69.2266934267902));
#4517=CARTESIAN_POINT('',(-3.87204588598216,75.1417492546703,69.2977560613482));
#4518=CARTESIAN_POINT('',(-3.77405008568369,74.9379573354053,69.3803634681721));
#4519=CARTESIAN_POINT('',(-3.6352483213235,74.7275561662612,69.4648499792824));
#4520=CARTESIAN_POINT('',(-3.46122686681964,74.5299532194084,69.542978393666));
#4521=CARTESIAN_POINT('',(-3.25905355668668,74.3553169733866,69.6105572490554));
#4522=CARTESIAN_POINT('',(-3.03476710992534,74.2086419805991,69.6656142790036));
#4523=CARTESIAN_POINT('',(-2.80213059172561,74.0963830613695,69.7059196775824));
#4524=CARTESIAN_POINT('',(-2.58521845886961,74.0219759818134,69.730825756264));
#4525=CARTESIAN_POINT('',(-2.40947776394741,73.9804447613465,69.7433719097417));
#4526=CARTESIAN_POINT('',(-2.27946629635499,73.9592043339079,69.748595251245));
#4527=CARTESIAN_POINT('',(-2.18120694841455,73.948251006858,69.7510032135689));
#4528=CARTESIAN_POINT('',(-2.1021671068189,73.9422029317432,69.7503729710199));
#4529=CARTESIAN_POINT('',(-2.04244350495279,73.9408779298813,69.7522275014983));
#4530=CARTESIAN_POINT('',(-2.01092126305795,73.9390727301695,69.7482448632369));
#4531=CARTESIAN_POINT('',(-2.,73.938987068604,69.7480217072292));
#4532=CARTESIAN_POINT('',(3.,56.5666069963046,24.4914243531827));
#4533=CARTESIAN_POINT('',(3.,56.5666069963046,24.4914243531827));
#4534=VECTOR('',#4535,1.);
#4535=DIRECTION('',(-1.,0.,0.));
#4536=CARTESIAN_POINT('',(3.00000000000001,73.938987068604,69.7480217072293));
#4537=CARTESIAN_POINT('',(3.,56.5666069963046,24.4914243531827));
#4538=VECTOR('',#4539,1.);
#4539=DIRECTION('',(7.328752370687E-17,0.358367949545335,0.933580426497189));
#4540=CARTESIAN_POINT('',(3.,73.938987068604,69.7480217072293));
#4541=CARTESIAN_POINT('',(2.67088111962129,73.931880210489,69.7295077088697));
#4542=CARTESIAN_POINT('',(2.34224751449802,73.9222927122449,69.7045314220362));
#4543=CARTESIAN_POINT('',(1.67696210827737,73.9118361324533,69.6772911003669));
#4544=CARTESIAN_POINT('',(1.34049696315263,73.9088063867785,69.6693983430407));
#4545=CARTESIAN_POINT('',(0.836183178758762,73.9063477431085,69.6629933573021));
#4546=CARTESIAN_POINT('',(0.668081754982557,73.9059653799061,69.6619972671048));
#4547=CARTESIAN_POINT('',(0.331918245017485,73.9059653799061,69.6619972671048));
#4548=CARTESIAN_POINT('',(0.163816821241281,73.9063477431085,69.662993357302));
#4549=CARTESIAN_POINT('',(-0.340496963152588,73.9088063867785,69.6693983430406));
#4550=CARTESIAN_POINT('',(-0.676962108277331,73.9118361324532,69.6772911003668));
#4551=CARTESIAN_POINT('',(-1.34224751449799,73.9222927122448,69.7045314220359));
#4552=CARTESIAN_POINT('',(-1.67088111962127,73.931880210489,69.7295077088696));
#4553=CARTESIAN_POINT('',(-2.,73.938987068604,69.7480217072292));
#4554=CARTESIAN_POINT('',(5.,56.2170726382386,18.));
#4555=CARTESIAN_POINT('',(3.,56.5666069963046,24.4914243531827));
#4556=CARTESIAN_POINT('',(3.04504077094178,56.5660687335008,24.4900221306386));
#4557=CARTESIAN_POINT('',(3.12854522873742,56.5663224379676,24.482659534057));
#4558=CARTESIAN_POINT('',(3.23913045906282,56.5642017098958,24.4474796850144));
#4559=CARTESIAN_POINT('',(3.3372350325001,56.5617424812517,24.4008527138347));
#4560=CARTESIAN_POINT('',(3.42776613248429,56.558646334547,24.3436490983558));
#4561=CARTESIAN_POINT('',(3.52068899654277,56.554692591747,24.2701307495009));
#4562=CARTESIAN_POINT('',(3.60960953198786,56.5500949295523,24.1849242163451));
#4563=CARTESIAN_POINT('',(3.69346628592288,56.5450302402391,24.0907881751113));
#4564=CARTESIAN_POINT('',(3.76973812077698,56.5397840615565,23.9932374494453));
#4565=CARTESIAN_POINT('',(3.84303589287325,56.5341390187343,23.8884316912322));
#4566=CARTESIAN_POINT('',(3.9202283912221,56.5275438067839,23.7659719255531));
#4567=CARTESIAN_POINT('',(4.00483318379398,56.5194685624427,23.6159922992437));
#4568=CARTESIAN_POINT('',(4.09607999572157,56.5096519117667,23.433732977986));
#4569=CARTESIAN_POINT('',(4.18841061262353,56.4984451569137,23.2255815779097));
#4570=CARTESIAN_POINT('',(4.28014355011614,56.4858895846619,22.992341762877));
#4571=CARTESIAN_POINT('',(4.37026313921648,56.471978111151,22.7340316396742));
#4572=CARTESIAN_POINT('',(4.4597068627188,56.4563754888667,22.4442322078116));
#4573=CARTESIAN_POINT('',(4.55038883160494,56.4383513622559,22.1095595902578));
#4574=CARTESIAN_POINT('',(4.64140646966407,56.4174172822131,21.7207427048711));
#4575=CARTESIAN_POINT('',(4.73050597147132,56.3931577767256,21.2702220326149));
#4576=CARTESIAN_POINT('',(4.81336008860207,56.3656858006784,20.7599145290613));
#4577=CARTESIAN_POINT('',(4.88551871279776,56.3352578766681,20.1949268041021));
#4578=CARTESIAN_POINT('',(4.94443467987609,56.3015383000284,19.5686535239333));
#4579=CARTESIAN_POINT('',(4.98133069895012,56.2684820890138,18.9547748047244));
#4580=CARTESIAN_POINT('',(4.9973831424781,56.239831547231,18.4226665033634));
#4581=CARTESIAN_POINT('',(5.,56.2236713045703,18.1225470918232));
#4582=CARTESIAN_POINT('',(5.,56.2170726382386,18.));
#4583=CARTESIAN_POINT('',(5.00000000000001,75.8032228314705,69.0236656878332));
#4584=CARTESIAN_POINT('',(5.,56.2170726382385,18.));
#4585=VECTOR('',#4586,1.);
#4586=DIRECTION('',(9.75060466579097E-17,0.358367949545335,0.933580426497189));
#4587=CARTESIAN_POINT('',(3.00000000000001,73.938987068604,69.7480217072293));
#4588=CARTESIAN_POINT('',(3.07558022200995,73.9395798864961,69.7495660506374));
#4589=CARTESIAN_POINT('',(3.21957548607565,73.949301279151,69.7520972824636));
#4590=CARTESIAN_POINT('',(3.42934987636311,73.982988246348,69.7425665947792));
#4591=CARTESIAN_POINT('',(3.63233933493716,74.0362752551499,69.7262676925694));
#4592=CARTESIAN_POINT('',(3.84423287654703,74.1149056623234,69.6993527117054));
#4593=CARTESIAN_POINT('',(4.06511545351013,74.226468329074,69.6590262704407));
#4594=CARTESIAN_POINT('',(4.28318581078983,74.3738104028933,69.6034835241755));
#4595=CARTESIAN_POINT('',(4.4821628689281,74.550991725931,69.5347329116558));
#4596=CARTESIAN_POINT('',(4.65376497618284,74.7520147096569,69.4550889647301));
#4597=CARTESIAN_POINT('',(4.79378154284998,74.9722457718984,69.3665350357621));
#4598=CARTESIAN_POINT('',(4.89273609305805,75.1918051831988,69.2773644525762));
#4599=CARTESIAN_POINT('',(4.94996740158475,75.3814367908308,69.2000035627241));
#4600=CARTESIAN_POINT('',(4.97633818455293,75.5143653167522,69.1456432830629));
#4601=CARTESIAN_POINT('',(4.98754684305693,75.5956766715939,69.1125074363356));
#4602=CARTESIAN_POINT('',(4.99313046027587,75.6488787341253,69.0906307704339));
#4603=CARTESIAN_POINT('',(4.9967408855009,75.6954568830687,69.072181777522));
#4604=CARTESIAN_POINT('',(4.99900425323845,75.7403143417127,69.0519016934006));
#4605=CARTESIAN_POINT('',(4.99987554798359,75.7784652318631,69.0417260744912));
#4606=CARTESIAN_POINT('',(5.00000000000001,75.7962367418624,69.0265052714609));
#4607=CARTESIAN_POINT('',(5.00000000000001,75.8032228314705,69.0236656878332));
#4608=CARTESIAN_POINT('',(5.,81.40470539066,66.8734579910989));
#4609=CARTESIAN_POINT('',(5.,75.8032228314705,69.0236656878332));
#4610=CARTESIAN_POINT('',(5.,75.9483847542699,68.952318322487));
#4611=CARTESIAN_POINT('',(5.,76.0912378315825,68.8761867087608));
#4612=CARTESIAN_POINT('',(5.,76.3897822312774,68.7336284536846));
#4613=CARTESIAN_POINT('',(5.,76.5432890424195,68.6628019247178));
#4614=CARTESIAN_POINT('',(5.,76.8501148975558,68.5239471241016));
#4615=CARTESIAN_POINT('',(5.,77.0036703338506,68.4563974843712));
#4616=CARTESIAN_POINT('',(5.,77.3104918753255,68.3238133478931));
#4617=CARTESIAN_POINT('',(5.,77.4638818926247,68.2591360870369));
#4618=CARTESIAN_POINT('',(5.,77.92831130278,68.0664746654114));
#4619=CARTESIAN_POINT('',(5.,78.2411412728091,67.9420043481473));
#4620=CARTESIAN_POINT('',(5.,78.8692062077379,67.7009128079611));
#4621=CARTESIAN_POINT('',(5.,79.1848265112954,67.5839495195311));
#4622=CARTESIAN_POINT('',(5.,79.8217960578729,67.3591477976611));
#4623=CARTESIAN_POINT('',(5.,80.1427125111676,67.249850989615));
#4624=CARTESIAN_POINT('',(5.,80.6263600824029,67.0964901994953));
#4625=CARTESIAN_POINT('',(5.,80.7869206457563,67.0467049420331));
#4626=CARTESIAN_POINT('',(5.,81.0995109688554,66.9544297345801));
#4627=CARTESIAN_POINT('',(5.,81.2528608687422,66.9164538869727));
#4628=CARTESIAN_POINT('',(5.,81.40470539066,66.8734579910989));
#4629=CARTESIAN_POINT('',(5.,9.15983078446322,18.));
#4630=CARTESIAN_POINT('',(5.,9.15983078446322,18.));
#4631=VECTOR('',#4632,1.);
#4632=DIRECTION('',(0.,1.,-7.54977031981629E-17));
#4633=CARTESIAN_POINT('',(5.,9.15983078446322,0.999999999999999));
#4634=CARTESIAN_POINT('',(5.,9.15983078446322,0.999999999999999));
#4635=VECTOR('',#4636,1.);
#4636=DIRECTION('',(1.0449157878825E-16,-1.0449157878825E-16,1.));
#4637=CARTESIAN_POINT('',(5.,56.118254004458,1.00000000000001));
#4638=CARTESIAN_POINT('',(5.,56.118254004458,1.));
#4639=VECTOR('',#4640,1.);
#4640=DIRECTION('',(0.,-1.,0.));
#4641=CARTESIAN_POINT('',(5.,81.40470539066,66.8734579910989));
#4642=VECTOR('',#4643,1.);
#4643=DIRECTION('',(-6.2937791119246E-17,-0.358367949545335,-0.933580426497189));
#4644=CARTESIAN_POINT('',(3.,83.2747913335715,66.1643422117647));
#4645=CARTESIAN_POINT('',(5.,81.40470539066,66.8734579910989));
#4646=CARTESIAN_POINT('',(5.,81.4465928335852,66.858325805481));
#4647=CARTESIAN_POINT('',(4.99718580503695,81.527832180878,66.8348314828451));
#4648=CARTESIAN_POINT('',(4.98522555155219,81.6432930336125,66.7911725477359));
#4649=CARTESIAN_POINT('',(4.96546626215905,81.7615733245312,66.7492093811752));
#4650=CARTESIAN_POINT('',(4.93162174955274,81.9029436361352,66.6981605631077));
#4651=CARTESIAN_POINT('',(4.87192134906218,82.0799966321449,66.6344196323222));
#4652=CARTESIAN_POINT('',(4.77384236219622,82.2867761068096,66.5594237086547));
#4653=CARTESIAN_POINT('',(4.63496246180409,82.4996694852329,66.4814207760018));
#4654=CARTESIAN_POINT('',(4.46088314660207,82.6987589456962,66.4072702643852));
#4655=CARTESIAN_POINT('',(4.25866325134209,82.8737096453037,66.3406520121714));
#4656=CARTESIAN_POINT('',(4.03434293960572,83.0194939482427,66.2834412518088));
#4657=CARTESIAN_POINT('',(3.80169981718207,83.1298232844454,66.238300567623));
#4658=CARTESIAN_POINT('',(3.58482048630934,83.2017207484441,66.2070444818716));
#4659=CARTESIAN_POINT('',(3.40914416940862,83.2409317002813,66.1885972221472));
#4660=CARTESIAN_POINT('',(3.27920786506151,83.2601815443865,66.1782788224031));
#4661=CARTESIAN_POINT('',(3.18102272195348,83.2699152576941,66.1727477196257));
#4662=CARTESIAN_POINT('',(3.10205253723864,83.2739782670835,66.16823650035));
#4663=CARTESIAN_POINT('',(3.04239113860518,83.2762013535586,66.1687336570184));
#4664=CARTESIAN_POINT('',(3.01090588936702,83.2748767620017,66.164564760434));
#4665=CARTESIAN_POINT('',(3.,83.2747913335715,66.1643422117647));
#4666=CARTESIAN_POINT('',(3.,58.1229794245923,0.641632050454677));
#4667=CARTESIAN_POINT('',(5.,56.1182540044581,1.00000000000003));
#4668=CARTESIAN_POINT('',(5.,57.2925949667386,0.790072915476214));
#4669=CARTESIAN_POINT('',(4.17157287525381,58.1229794245923,0.641632050454703));
#4670=CARTESIAN_POINT('',(3.,58.1229794245923,0.641632050454703));
#4671=CARTESIAN_POINT('',(3.,83.2747913335715,66.1643422117647));
#4672=VECTOR('',#4673,1.);
#4673=DIRECTION('',(-6.32747016895267E-17,-0.358367949545335,-0.933580426497189));
#4674=CARTESIAN_POINT('',(-2.,83.2747913335715,66.1643422117645));
#4675=CARTESIAN_POINT('',(3.,83.2747913335715,66.1643422117647));
#4676=CARTESIAN_POINT('',(2.6708811196213,83.2676844754568,66.1458282134055));
#4677=CARTESIAN_POINT('',(2.34224751449799,83.2580969772128,66.1208519265725));
#4678=CARTESIAN_POINT('',(1.67696210827734,83.2476403974215,66.0936116049039));
#4679=CARTESIAN_POINT('',(1.34049696315262,83.2446106517467,66.0857188475779));
#4680=CARTESIAN_POINT('',(0.836183178758752,83.2421520080768,66.0793138618394));
#4681=CARTESIAN_POINT('',(0.668081754982555,83.2417696448745,66.0783177716421));
#4682=CARTESIAN_POINT('',(0.33191824501749,83.2417696448745,66.0783177716421));
#4683=CARTESIAN_POINT('',(0.163816821241293,83.2421520080768,66.0793138618393));
#4684=CARTESIAN_POINT('',(-0.340496963152573,83.2446106517467,66.0857188475778));
#4685=CARTESIAN_POINT('',(-0.676962108277294,83.2476403974214,66.0936116049038));
#4686=CARTESIAN_POINT('',(-1.34224751449796,83.2580969772128,66.1208519265723));
#4687=CARTESIAN_POINT('',(-1.67088111962128,83.2676844754567,66.1458282134054));
#4688=CARTESIAN_POINT('',(-2.,83.2747913335715,66.1643422117645));
#4689=CARTESIAN_POINT('',(-2.,58.1229794245923,0.641632050454677));
#4690=CARTESIAN_POINT('',(3.,58.1229794245923,0.641632050454661));
#4691=VECTOR('',#4692,1.);
#4692=DIRECTION('',(-1.,0.,8.88178419700125E-17));
#4693=CARTESIAN_POINT('',(-2.,83.2747913335715,66.1643422117645));
#4694=VECTOR('',#4695,1.);
#4695=DIRECTION('',(-5.69472315205742E-17,-0.358367949545335,-0.933580426497188));
#4696=CARTESIAN_POINT('',(-2.,83.2747913335715,66.1643422117645));
#4697=CARTESIAN_POINT('',(-2.07557849097504,83.2753833579009,66.1658844878711));
#4698=CARTESIAN_POINT('',(-2.21957043553566,83.2698541110372,66.1742731248671));
#4699=CARTESIAN_POINT('',(-2.42934037542497,83.2384435603777,66.1897297243616));
#4700=CARTESIAN_POINT('',(-2.63232677770528,83.1879395913592,66.2132727434502));
#4701=CARTESIAN_POINT('',(-2.8442187553762,83.1114984101764,66.2458840994904));
#4702=CARTESIAN_POINT('',(-3.06510136160255,83.0016097307246,66.2905649752223));
#4703=CARTESIAN_POINT('',(-3.2831724276971,82.8549500600276,66.3478790240942));
#4704=CARTESIAN_POINT('',(-3.48215086540921,82.6772774575811,66.4153441721993));
#4705=CARTESIAN_POINT('',(-3.65375423753617,82.4745983808049,66.4906671081545));
#4706=CARTESIAN_POINT('',(-3.79380316851618,82.2516340065888,66.5722389713971));
#4707=CARTESIAN_POINT('',(-3.89284494204255,82.0285847768475,66.6529657249002));
#4708=CARTESIAN_POINT('',(-3.95015328137306,81.8354725511649,66.7225136608433));
#4709=CARTESIAN_POINT('',(-3.97655025540838,81.6997878749868,66.7712555039811));
#4710=CARTESIAN_POINT('',(-3.98770892486584,81.6170370597658,66.8010887714715));
#4711=CARTESIAN_POINT('',(-3.99322359996122,81.5631124378721,66.8203474291425));
#4712=CARTESIAN_POINT('',(-3.99676587440999,81.5167613421266,66.8375695121745));
#4713=CARTESIAN_POINT('',(-3.99900566154056,81.470254636134,66.8524070818373));
#4714=CARTESIAN_POINT('',(-3.99987498408926,81.4352485342784,66.8702904845945));
#4715=CARTESIAN_POINT('',(-4.,81.4118158048883,66.8708892950728));
#4716=CARTESIAN_POINT('',(-4.,81.4047053906579,66.8734579910934));
#4717=CARTESIAN_POINT('',(-4.,56.1182540044581,1.00000000000003));
#4718=CARTESIAN_POINT('',(-4.,57.2925949667386,0.790072915476214));
#4719=CARTESIAN_POINT('',(-3.17157287525381,58.1229794245923,0.641632050454703));
#4720=CARTESIAN_POINT('',(-2.,58.1229794245923,0.641632050454703));
#4721=CARTESIAN_POINT('',(-4.08675799086759,7.96246878324053,-1.48029736616688E-16));
#4722=CARTESIAN_POINT('',(-6.29423924507094,6.36278652248865,0.));
#4723=AXIS2_PLACEMENT_3D('',#4724,#4725,#4726);
#4724=CARTESIAN_POINT('',(0.,0.,0.));
#4725=DIRECTION('',(0.,0.,1.));
#4726=DIRECTION('',(-0.456621004566211,0.889661316563188,0.));
#4727=CARTESIAN_POINT('',(-3.,9.74179141636691,-1.48029736616688E-16));
#4728=AXIS2_PLACEMENT_3D('',#4729,#4730,#4731);
#4729=CARTESIAN_POINT('',(-5.,9.74179141636691,0.));
#4730=DIRECTION('',(0.,0.,1.));
#4731=DIRECTION('',(0.456621004566201,-0.889661316563193,0.));
#4732=CARTESIAN_POINT('',(-3.,56.118254004458,0.));
#4733=CARTESIAN_POINT('',(-3.,56.118254004458,0.));
#4734=VECTOR('',#4735,1.);
#4735=DIRECTION('',(0.,-1.,0.));
#4736=CARTESIAN_POINT('',(-2.,57.1893989980951,-7.03141248929266E-16));
#4737=CARTESIAN_POINT('',(-3.,56.118254004458,0.));
#4738=CARTESIAN_POINT('',(-3.,56.7457162144626,0.));
#4739=CARTESIAN_POINT('',(-2.5857864376269,57.1893989980951,0.));
#4740=CARTESIAN_POINT('',(-2.,57.1893989980951,0.));
#4741=CARTESIAN_POINT('',(3.,57.1893989980951,-7.7715611723761E-16));
#4742=CARTESIAN_POINT('',(3.,57.1893989980951,-1.16573417585641E-15));
#4743=VECTOR('',#4744,1.);
#4744=DIRECTION('',(-1.,1.4210854715202E-15,2.22044604925031E-17));
#4745=CARTESIAN_POINT('',(4.,56.118254004458,-3.70074341541719E-17));
#4746=CARTESIAN_POINT('',(4.,56.118254004458,0.));
#4747=CARTESIAN_POINT('',(4.,56.7457162144626,0.));
#4748=CARTESIAN_POINT('',(3.58578643762691,57.1893989980951,0.));
#4749=CARTESIAN_POINT('',(3.,57.1893989980951,0.));
#4750=CARTESIAN_POINT('',(4.,9.15983078446322,-1.85037170770859E-16));
#4751=CARTESIAN_POINT('',(4.,56.118254004458,-5.55111512312578E-17));
#4752=VECTOR('',#4753,1.);
#4753=DIRECTION('',(0.,-1.,0.));
#4754=CARTESIAN_POINT('',(4.9041095890411,7.48680233067998,-1.48029736616688E-16));
#4755=AXIS2_PLACEMENT_3D('',#4756,#4757,#4758);
#4756=CARTESIAN_POINT('',(6.,9.15983078446322,0.));
#4757=DIRECTION('',(0.,0.,1.));
#4758=DIRECTION('',(-1.,0.,0.));
#4759=CARTESIAN_POINT('',(-6.29423924467995,-6.36278652287543,0.));
#4760=AXIS2_PLACEMENT_3D('',#4761,#4762,#4763);
#4761=CARTESIAN_POINT('',(0.,0.,0.));
#4762=DIRECTION('',(0.,0.,1.));
#4763=DIRECTION('',(-0.703266954691095,-0.710925868455716,0.));
#4764=CARTESIAN_POINT('',(-3.20396868973501,-6.16742123056288,9.25185853854297E-17));
#4765=AXIS2_PLACEMENT_3D('',#4766,#4767,#4768);
#4766=CARTESIAN_POINT('',(-4.58697675724652,-8.82961744519434,0.));
#4767=DIRECTION('',(0.,0.,-1.));
#4768=DIRECTION('',(-0.569087495876028,0.822276974040713,0.));
#4769=CARTESIAN_POINT('',(-3.20396869011399,6.167421230366,9.25185853854297E-17));
#4770=AXIS2_PLACEMENT_3D('',#4771,#4772,#4773);
#4771=CARTESIAN_POINT('',(0.,0.,0.));
#4772=DIRECTION('',(0.,0.,-1.));
#4773=DIRECTION('',(-0.461002689225035,0.887398738182157,0.));
#4774=AXIS2_PLACEMENT_3D('',#4775,#4776,#4777);
#4775=CARTESIAN_POINT('',(-4.5869767577891,8.82961744491247,0.));
#4776=DIRECTION('',(0.,0.,-1.));
#4777=DIRECTION('',(0.461002689225034,-0.887398738182158,0.));
#4778=CARTESIAN_POINT('',(-4.38747388663943,8.93042960299543,19.0000000022589));
#4779=CARTESIAN_POINT('',(-7.03571247280404,7.03571247280833,19.));
#4780=AXIS2_PLACEMENT_3D('',#4781,#4782,#4783);
#4781=CARTESIAN_POINT('',(0.,0.,19.));
#4782=DIRECTION('',(0.,0.,1.));
#4783=DIRECTION('',(-0.440952149483946,0.897530613330536,0.));
#4784=CARTESIAN_POINT('',(-4.54337899543379,8.85213009980372,18.));
#4785=CARTESIAN_POINT('',(-4.38747388620393,8.93042960320939,19.0000000036142));
#4786=CARTESIAN_POINT('',(-4.41865364662223,8.91511114814153,18.9029644976103));
#4787=CARTESIAN_POINT('',(-4.46977074295491,8.8896157565048,18.7134068231294));
#4788=CARTESIAN_POINT('',(-4.51674575578635,8.86577235370447,18.4438139729001));
#4789=CARTESIAN_POINT('',(-4.53910295081055,8.85432652804073,18.2081147578051));
#4790=CARTESIAN_POINT('',(-4.54337871241053,8.85213024506615,18.0660970489418));
#4791=CARTESIAN_POINT('',(-4.54337899543379,8.85213009980372,18.));
#4792=CARTESIAN_POINT('',(-4.54337899543379,8.85213009980372,1.));
#4793=CARTESIAN_POINT('',(-4.54337899543379,8.85213009980372,1.));
#4794=VECTOR('',#4795,1.);
#4795=DIRECTION('',(0.,0.,1.));
#4796=CARTESIAN_POINT('',(-7.035712472804,7.03571247280829,1.));
#4797=AXIS2_PLACEMENT_3D('',#4798,#4799,#4800);
#4798=CARTESIAN_POINT('',(0.,0.,1.));
#4799=DIRECTION('',(0.,0.,1.));
#4800=DIRECTION('',(-0.45662100456621,0.889661316563188,0.));
#4801=CARTESIAN_POINT('',(-7.035712472804,7.03571247280829,1.));
#4802=VECTOR('',#4803,1.);
#4803=DIRECTION('',(0.,0.,1.));
#4804=CARTESIAN_POINT('',(-2.,50.0315440108243,20.));
#4805=CARTESIAN_POINT('',(-2.,50.0315440108243,20.));
#4806=CARTESIAN_POINT('',(-2.04474130176311,50.0330360081186,20.));
#4807=CARTESIAN_POINT('',(-2.12781109211839,50.0397237810165,19.9971590575529));
#4808=CARTESIAN_POINT('',(-2.23854599922819,50.0731863679023,19.9865776843771));
#4809=CARTESIAN_POINT('',(-2.33618781216851,50.117321248855,19.9722523724898));
#4810=CARTESIAN_POINT('',(-2.42698464210899,50.1718371196783,19.9546417465054));
#4811=CARTESIAN_POINT('',(-2.51917548619971,50.2411578371934,19.9322231241208));
#4812=CARTESIAN_POINT('',(-2.60819104047554,50.3222260911422,19.9060199519314));
#4813=CARTESIAN_POINT('',(-2.69072243715831,50.4102431509369,19.8775588833171));
#4814=CARTESIAN_POINT('',(-2.76578943030546,50.5012743176716,19.8481196810843));
#4815=CARTESIAN_POINT('',(-2.83460513093894,50.5943431018841,19.818026242571));
#4816=CARTESIAN_POINT('',(-2.90369768416993,50.6972504599611,19.7847529442943));
#4817=CARTESIAN_POINT('',(-2.97658076124091,50.8168028699702,19.7460987868324));
#4818=CARTESIAN_POINT('',(-3.05802507750283,50.9649283068489,19.6982042404493));
#4819=CARTESIAN_POINT('',(-3.14509832345575,51.1419423210652,19.6409720490812));
#4820=CARTESIAN_POINT('',(-3.23745106129382,51.3530548549881,19.5727097645422));
#4821=CARTESIAN_POINT('',(-3.33011935138048,51.5924354286832,19.4953077076396));
#4822=CARTESIAN_POINT('',(-3.42277475222,51.8637347671523,19.4075870635261));
#4823=CARTESIAN_POINT('',(-3.5132426031462,52.1652694067063,19.3100922898));
#4824=CARTESIAN_POINT('',(-3.60331633341836,52.5100092329086,19.1986273008475));
#4825=CARTESIAN_POINT('',(-3.6911421022809,52.9023371640271,19.0717688602598));
#4826=CARTESIAN_POINT('',(-3.77500759947741,53.3500487059103,18.9270114727368));
#4827=CARTESIAN_POINT('',(-3.85102392796138,53.8512442317524,18.7649555798351));
#4828=CARTESIAN_POINT('',(-3.91532462593138,54.402693371349,18.5866535952903));
#4829=CARTESIAN_POINT('',(-3.96373411758552,54.991535511421,18.3962602532375));
#4830=CARTESIAN_POINT('',(-3.99339485379551,55.6008050785425,18.1992603696632));
#4831=CARTESIAN_POINT('',(-4.,56.011527795353,18.06645981897));
#4832=CARTESIAN_POINT('',(-4.,56.2170726382385,18.));
#4833=CARTESIAN_POINT('',(-2.,10.7658023388885,20.));
#4834=CARTESIAN_POINT('',(-2.,10.7658023388885,20.));
#4835=CARTESIAN_POINT('',(-2.08879815419958,10.7407210838716,20.));
#4836=CARTESIAN_POINT('',(-2.25552757516724,10.6898780654898,19.9888099427699));
#4837=CARTESIAN_POINT('',(-2.4956344094715,10.6026596534582,19.9423184754299));
#4838=CARTESIAN_POINT('',(-2.72547910178262,10.5075513746452,19.8691696623104));
#4839=CARTESIAN_POINT('',(-2.96475771172912,10.3956390635999,19.7592141095941));
#4840=CARTESIAN_POINT('',(-3.21085790962668,10.2660493295653,19.6018527884622));
#4841=CARTESIAN_POINT('',(-3.44652685672579,10.1271371916872,19.393657252091));
#4842=CARTESIAN_POINT('',(-3.64531689367021,9.99837589303295,19.1510267552687));
#4843=CARTESIAN_POINT('',(-3.79179909451132,9.89651319084548,18.9022393853775));
#4844=CARTESIAN_POINT('',(-3.89052382223427,9.8246150172194,18.6665811024789));
#4845=CARTESIAN_POINT('',(-3.95416982228784,9.77688734125652,18.4447126314088));
#4846=CARTESIAN_POINT('',(-3.99159677940894,9.74827281251504,18.2240581141897));
#4847=CARTESIAN_POINT('',(-4.,9.74179203173802,18.0749704888023));
#4848=CARTESIAN_POINT('',(-4.,9.74179141636691,18.));
#4849=CARTESIAN_POINT('',(-2.,10.7658023388885,20.));
#4850=VECTOR('',#4851,1.);
#4851=DIRECTION('',(0.,1.,0.));
#4852=CARTESIAN_POINT('',(3.,50.0315440108243,20.));
#4853=CARTESIAN_POINT('',(3.,50.0315440108243,20.));
#4854=VECTOR('',#4855,1.);
#4855=DIRECTION('',(-1.,0.,0.));
#4856=CARTESIAN_POINT('',(-3.94652172777583,8.03289899427307,20.));
#4857=CARTESIAN_POINT('',(-3.94652171767035,8.03289899923784,20.));
#4858=CARTESIAN_POINT('',(-3.94068943971015,8.03577681006152,20.));
#4859=CARTESIAN_POINT('',(-3.93456274357932,8.0387607700027,20.));
#4860=CARTESIAN_POINT('',(-3.90210093974342,8.05529869514458,20.));
#4861=CARTESIAN_POINT('',(-3.8725555857309,8.07061443679227,20.));
#4862=CARTESIAN_POINT('',(-3.81868968125588,8.10050535294232,20.));
#4863=CARTESIAN_POINT('',(-3.79245424395318,8.11566460861036,20.));
#4864=CARTESIAN_POINT('',(-3.72041112062486,8.15916406620172,20.));
#4865=CARTESIAN_POINT('',(-3.67381645591107,8.18967983916878,20.));
#4866=CARTESIAN_POINT('',(-3.5782467901048,8.25622604998818,20.));
#4867=CARTESIAN_POINT('',(-3.52968278312671,8.29327447467107,20.));
#4868=CARTESIAN_POINT('',(-3.43948663473173,8.36642731753779,20.));
#4869=CARTESIAN_POINT('',(-3.39816705881301,8.40243314164733,20.));
#4870=CARTESIAN_POINT('',(-3.33085491698848,8.46429429906703,20.));
#4871=CARTESIAN_POINT('',(-3.30410584349789,8.49002209282599,20.));
#4872=CARTESIAN_POINT('',(-3.25340792404737,8.54050875274881,20.));
#4873=CARTESIAN_POINT('',(-3.22942162924532,8.56536847731861,20.));
#4874=CARTESIAN_POINT('',(-3.18381637672445,8.61414789806481,20.));
#4875=CARTESIAN_POINT('',(-3.16217553369754,8.63814555624742,20.));
#4876=CARTESIAN_POINT('',(-3.12088224697903,8.68525777276388,20.));
#4877=CARTESIAN_POINT('',(-3.10123135359551,8.70843329875085,20.));
#4878=CARTESIAN_POINT('',(-3.05445688707242,8.76500534965787,20.));
#4879=CARTESIAN_POINT('',(-3.0278984018862,8.79862292184331,20.));
#4880=CARTESIAN_POINT('',(-2.97784433491511,8.86413954020897,20.));
#4881=CARTESIAN_POINT('',(-2.95436648300775,8.89616621019836,20.));
#4882=CARTESIAN_POINT('',(-2.90986773200872,8.95865599365557,20.));
#4883=CARTESIAN_POINT('',(-2.88885764670776,8.98927190580456,20.));
#4884=CARTESIAN_POINT('',(-2.84900588028696,9.04883843732538,20.));
#4885=CARTESIAN_POINT('',(-2.83031119537523,9.07770101116995,20.));
#4886=CARTESIAN_POINT('',(-2.79171654396876,9.13869427787597,20.));
#4887=CARTESIAN_POINT('',(-2.77185116037405,9.17115134052326,20.));
#4888=CARTESIAN_POINT('',(-2.73496052310602,9.23280590678663,20.));
#4889=CARTESIAN_POINT('',(-2.71793533924408,9.26213726707882,20.));
#4890=CARTESIAN_POINT('',(-2.68434202175558,9.32110783918813,20.));
#4891=CARTESIAN_POINT('',(-2.66797908844562,9.35056366722056,20.));
#4892=CARTESIAN_POINT('',(-2.63668262469764,9.4079467578261,20.));
#4893=CARTESIAN_POINT('',(-2.6217214958226,9.43605888172251,20.));
#4894=CARTESIAN_POINT('',(-2.5863245248847,9.50347744154072,20.));
#4895=CARTESIAN_POINT('',(-2.56632896420538,9.54269637525894,20.));
#4896=CARTESIAN_POINT('',(-2.52776595760757,9.61963556419414,20.));
#4897=CARTESIAN_POINT('',(-2.50934224983684,9.65737000300375,20.));
#4898=CARTESIAN_POINT('',(-2.47352274440006,9.73163035248857,20.));
#4899=CARTESIAN_POINT('',(-2.45627122569075,9.76816510976827,20.));
#4900=CARTESIAN_POINT('',(-2.42255437158907,9.84019908716256,20.));
#4901=CARTESIAN_POINT('',(-2.40622861045717,9.87569340672865,20.));
#4902=CARTESIAN_POINT('',(-2.36600245189684,9.9635325067572,20.));
#4903=CARTESIAN_POINT('',(-2.34258593631476,10.0157154739227,20.));
#4904=CARTESIAN_POINT('',(-2.29636227960198,10.1186704094436,20.));
#4905=CARTESIAN_POINT('',(-2.27395020322635,10.1693998046741,20.));
#4906=CARTESIAN_POINT('',(-2.20671150457004,10.3196799235097,20.));
#4907=CARTESIAN_POINT('',(-2.16315857757081,10.4184998494373,20.));
#4908=CARTESIAN_POINT('',(-2.07912356805266,10.6002744202169,20.));
#4909=CARTESIAN_POINT('',(-2.03956178402633,10.6830383795527,20.));
#4910=CARTESIAN_POINT('',(-2.,10.7658023388885,20.));
#4911=CARTESIAN_POINT('',(-6.29423924507094,6.36278652248865,20.));
#4912=AXIS2_PLACEMENT_3D('',#4913,#4914,#4915);
#4913=CARTESIAN_POINT('',(0.,0.,20.));
#4914=DIRECTION('',(0.,0.,1.));
#4915=DIRECTION('',(-0.440952149483946,0.897530613330536,0.));
#4916=CARTESIAN_POINT('',(-3.20396869011399,6.167421230366,20.));
#4917=AXIS2_PLACEMENT_3D('',#4918,#4919,#4920);
#4918=CARTESIAN_POINT('',(-4.5869767577891,8.82961744491247,20.));
#4919=DIRECTION('',(0.,0.,1.));
#4920=DIRECTION('',(-0.569087495825499,-0.822276974075684,0.));
#4921=CARTESIAN_POINT('',(-3.20396868973501,-6.16742123056288,20.));
#4922=AXIS2_PLACEMENT_3D('',#4923,#4924,#4925);
#4923=CARTESIAN_POINT('',(0.,0.,20.));
#4924=DIRECTION('',(0.,0.,-1.));
#4925=DIRECTION('',(-0.461002689225035,0.887398738182157,0.));
#4926=CARTESIAN_POINT('',(-6.29423924467995,-6.36278652287543,20.));
#4927=AXIS2_PLACEMENT_3D('',#4928,#4929,#4930);
#4928=CARTESIAN_POINT('',(-4.58697675724652,-8.82961744519434,20.));
#4929=DIRECTION('',(0.,0.,1.));
#4930=DIRECTION('',(0.461002689170504,0.887398738210487,0.));
#4931=CARTESIAN_POINT('',(3.,8.4322298355773,20.));
#4932=AXIS2_PLACEMENT_3D('',#4933,#4934,#4935);
#4933=CARTESIAN_POINT('',(0.,0.,20.));
#4934=DIRECTION('',(0.,0.,1.));
#4935=DIRECTION('',(-0.703266954691094,-0.710925868455717,0.));
#4936=CARTESIAN_POINT('',(3.,8.4322298355773,20.));
#4937=VECTOR('',#4938,1.);
#4938=DIRECTION('',(1.06753973870634E-17,1.,0.));
#4939=CARTESIAN_POINT('',(3.,50.0315440108243,20.));
#4940=CARTESIAN_POINT('',(3.04474107420448,50.0330360004349,20.));
#4941=CARTESIAN_POINT('',(3.12781051928426,50.039723700354,19.9971590841194));
#4942=CARTESIAN_POINT('',(3.23854528081452,50.0731860975845,19.9865777721897));
#4943=CARTESIAN_POINT('',(3.33618668934618,50.117320682303,19.9722525559799));
#4944=CARTESIAN_POINT('',(3.42698347887499,50.1718363441343,19.9546419969772));
#4945=CARTESIAN_POINT('',(3.51917388591032,50.2411565142355,19.9322235517352));
#4946=CARTESIAN_POINT('',(3.60818919610602,50.322224301117,19.9060205295939));
#4947=CARTESIAN_POINT('',(3.69071929322164,50.4102396578051,19.8775600144744));
#4948=CARTESIAN_POINT('',(3.76578462597572,50.5012682687619,19.848121638983));
#4949=CARTESIAN_POINT('',(3.83459860634885,50.594333909632,19.8180292149262));
#4950=CARTESIAN_POINT('',(3.90368943991042,50.6972376416693,19.7847570887355));
#4951=CARTESIAN_POINT('',(3.9765717044401,50.8167872522837,19.7461038361419));
#4952=CARTESIAN_POINT('',(4.05801554177808,50.9649099577401,19.6982101795666));
#4953=CARTESIAN_POINT('',(4.14508927058919,51.1419227727743,19.6409783680546));
#4954=CARTESIAN_POINT('',(4.23744068634427,51.3530298517653,19.5727178525704));
#4955=CARTESIAN_POINT('',(4.33010608715646,51.592399503022,19.4953193204136));
#4956=CARTESIAN_POINT('',(4.42275697482667,51.8636799782188,19.4076047785933));
#4957=CARTESIAN_POINT('',(4.51322097343176,52.1651929694659,19.3101170007284));
#4958=CARTESIAN_POINT('',(4.60329283855848,52.509912692851,19.1986585237155));
#4959=CARTESIAN_POINT('',(4.69111873963691,52.9022236486093,19.0718055557391));
#4960=CARTESIAN_POINT('',(4.77498619989719,53.3499224128626,18.9270523072726));
#4961=CARTESIAN_POINT('',(4.85100527208907,53.8511051690901,18.7650005404046));
#4962=CARTESIAN_POINT('',(4.91530966735902,54.4025432099519,18.5867021494566));
#4963=CARTESIAN_POINT('',(4.96372510875422,54.9913935165884,18.3963061656352));
#4964=CARTESIAN_POINT('',(4.99339278497897,55.6007135798817,18.1992899556281));
#4965=CARTESIAN_POINT('',(5.,56.011490240669,18.0664719620654));
#4966=CARTESIAN_POINT('',(5.,56.2170726382386,18.));
#4967=CARTESIAN_POINT('',(4.88561808316759,9.26994807164454,18.6666666666569));
#4968=CARTESIAN_POINT('',(4.885618083171,9.26994807161585,18.6666666666472));
#4969=CARTESIAN_POINT('',(4.86390874244681,9.29379142322609,18.7280699548139));
#4970=CARTESIAN_POINT('',(4.81578208654843,9.31937974603018,18.8455955589503));
#4971=CARTESIAN_POINT('',(4.73341105420836,9.34005530254527,19.0021405614085));
#4972=CARTESIAN_POINT('',(4.64422954384786,9.34052561073347,19.1424316218956));
#4973=CARTESIAN_POINT('',(4.5443483993514,9.32589603990152,19.2746750618527));
#4974=CARTESIAN_POINT('',(4.42674915248216,9.29387781908915,19.4053869751721));
#4975=CARTESIAN_POINT('',(4.29505073632999,9.24495104804481,19.5276899338767));
#4976=CARTESIAN_POINT('',(4.14969701757229,9.17942141017085,19.6399576741776));
#4977=CARTESIAN_POINT('',(3.99243747208992,9.09821414600846,19.7398217863641));
#4978=CARTESIAN_POINT('',(3.82121015973,9.00018083032423,19.827083162474));
#4979=CARTESIAN_POINT('',(3.63810681161918,8.88627152803159,19.8989672408301));
#4980=CARTESIAN_POINT('',(3.43937135824958,8.75378023893707,19.9549334654102));
#4981=CARTESIAN_POINT('',(3.2246198603926,8.60180349681342,19.9916211718281));
#4982=CARTESIAN_POINT('',(3.07638524917669,8.49051507141082,20.));
#4983=CARTESIAN_POINT('',(3.,8.4322298355773,20.));
#4984=CARTESIAN_POINT('',(4.88561808316418,9.26994807167324,18.6666666666665));
#4985=CARTESIAN_POINT('',(4.91039359152114,9.24716556468183,18.5965909468003));
#4986=CARTESIAN_POINT('',(4.95237396978408,9.20610552135333,18.453050859283));
#4987=CARTESIAN_POINT('',(4.99124910748381,9.16852649842255,18.2287584845754));
#4988=CARTESIAN_POINT('',(5.,9.15983170511942,18.0763307855584));
#4989=CARTESIAN_POINT('',(5.,9.15983078446322,18.));
#4990=CARTESIAN_POINT('',(-7.03571247237169,-7.03571247324067,1.));
#4991=CARTESIAN_POINT('',(5.45205479452055,8.3233165575716,1.));
#4992=AXIS2_PLACEMENT_3D('',#4993,#4994,#4995);
#4993=CARTESIAN_POINT('',(0.,0.,1.));
#4994=DIRECTION('',(0.,0.,1.));
#4995=DIRECTION('',(-0.70710678114288,-0.707106781230215,0.));
#4996=CARTESIAN_POINT('',(5.45205479452055,8.3233165575716,18.));
#4997=CARTESIAN_POINT('',(5.45205479452054,8.3233165575716,1.));
#4998=VECTOR('',#4999,1.);
#4999=DIRECTION('',(0.,0.,1.));
#5000=CARTESIAN_POINT('',(5.29615067504,8.42337747149404,19.));
#5001=CARTESIAN_POINT('',(5.29615067504,8.42337747149404,19.));
#5002=CARTESIAN_POINT('',(5.32552196024623,8.40491044297749,18.9057848920512));
#5003=CARTESIAN_POINT('',(5.37584404397297,8.37284911289568,18.7250232653869));
#5004=CARTESIAN_POINT('',(5.42246600542815,8.34265196971059,18.4631834215551));
#5005=CARTESIAN_POINT('',(5.44699655110554,8.32663362981217,18.2245208201291));
#5006=CARTESIAN_POINT('',(5.4520542888925,8.32331688877513,18.0741422984173));
#5007=CARTESIAN_POINT('',(5.45205479452055,8.3233165575716,18.));
#5008=CARTESIAN_POINT('',(-7.03571247237166,-7.03571247324064,19.));
#5009=AXIS2_PLACEMENT_3D('',#5010,#5011,#5012);
#5010=CARTESIAN_POINT('',(0.,0.,19.));
#5011=DIRECTION('',(0.,0.,1.));
#5012=DIRECTION('',(-0.70710678114288,-0.707106781230215,0.));
#5013=CARTESIAN_POINT('',(-7.03571247237166,-7.03571247324064,1.));
#5014=VECTOR('',#5015,1.);
#5015=DIRECTION('',(0.,0.,1.));
#5016=CARTESIAN_POINT('',(-6.70829710093713,-6.70829710176566,0.156395313697141));
#5017=AXIS2_PLACEMENT_3D('',#5018,#5019,#5020);
#5018=CARTESIAN_POINT('',(-6.32860569122878,-6.32860569201042,1.));
#5019=DIRECTION('',(-0.707106781230215,0.70710678114288,0.));
#5020=DIRECTION('',(-0.379691409708274,-0.379691409755169,-0.843604686302699));
#5021=CARTESIAN_POINT('',(-6.70829710093711,-6.70829710176564,19.8436046863028));
#5022=AXIS2_PLACEMENT_3D('',#5023,#5024,#5025);
#5023=CARTESIAN_POINT('',(-6.32860569122878,-6.32860569201042,19.));
#5024=DIRECTION('',(-0.707106781230215,0.70710678114288,0.));
#5025=DIRECTION('',(-0.70710678114288,-0.707106781230215,0.));
#5026=CARTESIAN_POINT('',(-6.70829710093716,-6.7082971017657,0.156395313697062));
#5027=VECTOR('',#5028,1.);
#5028=DIRECTION('',(0.,0.,1.));
#5029=CARTESIAN_POINT('',(-6.29423924553222,-6.36278652346528,0.));
#5030=CARTESIAN_POINT('',(-6.3115637408067,-6.37477345388068,-2.91706286854236E-6));
#5031=CARTESIAN_POINT('',(-6.35163446319999,-6.40314052919411,0.00150097926369964));
#5032=CARTESIAN_POINT('',(-6.41879629197608,-6.45319457857082,0.0101142429971146));
#5033=CARTESIAN_POINT('',(-6.49332337092563,-6.51246411362405,0.0290310937192354));
#5034=CARTESIAN_POINT('',(-6.5622608358074,-6.57116279708515,0.0569805612249029));
#5035=CARTESIAN_POINT('',(-6.61463267297535,-6.61834328769498,0.0858852266066622));
#5036=CARTESIAN_POINT('',(-6.65247986835478,-6.65377286400858,0.111103712580827));
#5037=CARTESIAN_POINT('',(-6.68169422319686,-6.68190834209595,0.133300764355472));
#5038=CARTESIAN_POINT('',(-6.69976045216685,-6.69976009670875,0.148710218711327));
#5039=CARTESIAN_POINT('',(-6.70829710093711,-6.70829710176564,0.156395313697181));
#5040=CARTESIAN_POINT('',(-6.29423924553222,-6.36278652346528,20.));
#5041=CARTESIAN_POINT('',(-6.3115637408067,-6.37477345388068,20.0000029170629));
#5042=CARTESIAN_POINT('',(-6.35163446319999,-6.40314052919411,19.9984990207363));
#5043=CARTESIAN_POINT('',(-6.41879629197609,-6.45319457857083,19.9898857570029));
#5044=CARTESIAN_POINT('',(-6.49332337092563,-6.51246411362405,19.9709689062808));
#5045=CARTESIAN_POINT('',(-6.56226083580741,-6.57116279708516,19.9430194387751));
#5046=CARTESIAN_POINT('',(-6.61463267297535,-6.61834328769498,19.9141147733933));
#5047=CARTESIAN_POINT('',(-6.65247986835478,-6.65377286400859,19.8888962874192));
#5048=CARTESIAN_POINT('',(-6.68169422319686,-6.68190834209595,19.8666992356445));
#5049=CARTESIAN_POINT('',(-6.69976045216684,-6.69976009670875,19.8512897812887));
#5050=CARTESIAN_POINT('',(-6.70829710093711,-6.70829710176564,19.8436046863028));
#5051=CARTESIAN_POINT('',(-3.20396868973501,-6.16742123056288,5.55111512312578E-16));
#5052=VECTOR('',#5053,1.);
#5053=DIRECTION('',(0.,0.,1.));
#5054=CARTESIAN_POINT('',(-3.20396869011399,6.167421230366,5.55111512312578E-16));
#5055=VECTOR('',#5056,1.);
#5056=DIRECTION('',(0.,0.,1.));
#5057=CARTESIAN_POINT('',(-6.70829710134935,6.70829710135344,19.8436046863029));
#5058=CARTESIAN_POINT('',(-6.29423924592322,6.3627865230785,20.));
#5059=CARTESIAN_POINT('',(-6.31156374119843,6.37477345349283,20.0000029170629));
#5060=CARTESIAN_POINT('',(-6.35163446359346,6.40314052880381,19.9984990207363));
#5061=CARTESIAN_POINT('',(-6.41879629237263,6.45319457817639,19.9898857570029));
#5062=CARTESIAN_POINT('',(-6.49332337132582,6.51246411322504,19.9709689062808));
#5063=CARTESIAN_POINT('',(-6.5622608362112,6.5711627966819,19.9430194387751));
#5064=CARTESIAN_POINT('',(-6.61463267338205,6.61834328728851,19.9141147733933));
#5065=CARTESIAN_POINT('',(-6.65247986876365,6.65377286359979,19.8888962874192));
#5066=CARTESIAN_POINT('',(-6.68169422360746,6.68190834168536,19.8666992356445));
#5067=CARTESIAN_POINT('',(-6.69976045257854,6.69976009629705,19.8512897812887));
#5068=CARTESIAN_POINT('',(-6.70829710134933,6.70829710135342,19.8436046863028));
#5069=CARTESIAN_POINT('',(-6.70829710134933,6.70829710135342,0.156395313697179));
#5070=CARTESIAN_POINT('',(-6.70829710134938,6.70829710135347,0.15639531369706));
#5071=VECTOR('',#5072,1.);
#5072=DIRECTION('',(0.,0.,1.));
#5073=CARTESIAN_POINT('',(-6.29423924592322,6.3627865230785,0.));
#5074=CARTESIAN_POINT('',(-6.31156374119843,6.37477345349284,-2.91706286855564E-6));
#5075=CARTESIAN_POINT('',(-6.35163446359346,6.40314052880381,0.00150097926369971));
#5076=CARTESIAN_POINT('',(-6.41879629237263,6.4531945781764,0.0101142429971153));
#5077=CARTESIAN_POINT('',(-6.49332337132582,6.51246411322504,0.0290310937192353));
#5078=CARTESIAN_POINT('',(-6.5622608362112,6.5711627966819,0.056980561224905));
#5079=CARTESIAN_POINT('',(-6.61463267338205,6.61834328728852,0.0858852266066622));
#5080=CARTESIAN_POINT('',(-6.65247986876365,6.65377286359979,0.111103712580827));
#5081=CARTESIAN_POINT('',(-6.68169422360746,6.68190834168536,0.133300764355471));
#5082=CARTESIAN_POINT('',(-6.69976045257854,6.69976009629705,0.148710218711325));
#5083=CARTESIAN_POINT('',(-6.70829710134933,6.70829710135342,0.156395313697179));
#5084=AXIS2_PLACEMENT_3D('',#5085,#5086,#5087);
#5085=CARTESIAN_POINT('',(-6.32860569161767,6.32860569162153,19.));
#5086=DIRECTION('',(-0.707106781186763,-0.707106781186332,0.));
#5087=DIRECTION('',(-0.379691409731605,0.379691409731837,0.8436046863027));
#5088=AXIS2_PLACEMENT_3D('',#5089,#5090,#5091);
#5089=CARTESIAN_POINT('',(-6.32860569161767,6.32860569162153,1.));
#5090=DIRECTION('',(-0.707106781186763,-0.707106781186332,0.));
#5091=DIRECTION('',(-0.707106781186332,0.707106781186763,2.22044604925032E-16));
#5092=AXIS2_PLACEMENT_3D('',#5093,#5094,#5095);
#5093=CARTESIAN_POINT('',(-5.,9.74179141636691,0.999999999999999));
#5094=DIRECTION('',(4.03717463500053E-17,0.,1.));
#5095=DIRECTION('',(0.45662100456621,-0.889661316563188,-1.84345873744316E-17));
#5096=AXIS2_PLACEMENT_3D('',#5097,#5098,#5099);
#5097=CARTESIAN_POINT('',(-5.,9.74179141636691,18.));
#5098=DIRECTION('',(4.03717463500053E-17,0.,1.));
#5099=DIRECTION('',(0.45662100456621,-0.889661316563188,-1.84345873744316E-17));
#5100=CARTESIAN_POINT('',(-4.38747388620393,8.93042960320939,19.0000000036142));
#5101=CARTESIAN_POINT('',(-4.38533485081258,8.93148050028902,19.0001407431103));
#5102=CARTESIAN_POINT('',(-4.3803702854672,8.93393110560697,19.0030767896241));
#5103=CARTESIAN_POINT('',(-4.37120640416143,8.93853335115867,19.0045703714902));
#5104=CARTESIAN_POINT('',(-4.36138508130421,8.94356108855798,19.0074523717412));
#5105=CARTESIAN_POINT('',(-4.35158218910302,8.94865924093047,19.0112185663823));
#5106=CARTESIAN_POINT('',(-4.34082535281797,8.95433616502217,19.0160430427059));
#5107=CARTESIAN_POINT('',(-4.32829894399151,8.96107523119897,19.0212206730132));
#5108=CARTESIAN_POINT('',(-4.31123697770095,8.97049635534911,19.0274414175089));
#5109=CARTESIAN_POINT('',(-4.2903591220864,8.98237929340581,19.0355259189807));
#5110=CARTESIAN_POINT('',(-4.26439005563024,8.99771903016873,19.0458467898259));
#5111=CARTESIAN_POINT('',(-4.23536424869053,9.01559977974426,19.0578361054956));
#5112=CARTESIAN_POINT('',(-4.20337895243393,9.03619108169348,19.0715470503908));
#5113=CARTESIAN_POINT('',(-4.1684327045322,9.05969201188666,19.0871848866661));
#5114=CARTESIAN_POINT('',(-4.12617358751507,9.08945984679156,19.1070501061586));
#5115=CARTESIAN_POINT('',(-4.06812459503349,9.13261225360268,19.1359349525101));
#5116=CARTESIAN_POINT('',(-3.98697663531097,9.19722767557058,19.1794795790174));
#5117=CARTESIAN_POINT('',(-3.88992660242276,9.28085743816846,19.2367358430694));
#5118=CARTESIAN_POINT('',(-3.79358186447165,9.36895204913344,19.2981814810096));
#5119=CARTESIAN_POINT('',(-3.7202501440313,9.43796202404395,19.3468203104669));
#5120=CARTESIAN_POINT('',(-3.66733750450417,9.48819977687347,19.3823420616461));
#5121=CARTESIAN_POINT('',(-3.62654598068512,9.52711677680669,19.4097566381551));
#5122=CARTESIAN_POINT('',(-3.58199409297241,9.56922729607724,19.4401485869535));
#5123=CARTESIAN_POINT('',(-3.53945986029576,9.60985816797339,19.468265178607));
#5124=CARTESIAN_POINT('',(-3.49907201384152,9.64851024330136,19.4946350623961));
#5125=CARTESIAN_POINT('',(-3.46324752441915,9.68176428150172,19.5185192629106));
#5126=CARTESIAN_POINT('',(-3.42457194693017,9.71752710061875,19.5436364139311));
#5127=CARTESIAN_POINT('',(-3.38380717467092,9.75547061309924,19.5692443254625));
#5128=CARTESIAN_POINT('',(-3.33278444313676,9.80210601170547,19.6007805836434));
#5129=CARTESIAN_POINT('',(-3.26737919303328,9.86089445629683,19.6398806578132));
#5130=CARTESIAN_POINT('',(-3.18031611276613,9.93720092439713,19.6891381479114));
#5131=CARTESIAN_POINT('',(-3.07532579524894,10.026130292534,19.7437894778273));
#5132=CARTESIAN_POINT('',(-2.96395310350716,10.1166592887776,19.7956513743722));
#5133=CARTESIAN_POINT('',(-2.85810485810843,10.1991345774219,19.839148552622));
#5134=CARTESIAN_POINT('',(-2.765942066971,10.2683688925428,19.8725460315142));
#5135=CARTESIAN_POINT('',(-2.68478336508068,10.3272901962958,19.8986772766886));
#5136=CARTESIAN_POINT('',(-2.60759108124441,10.3819843904239,19.9207441875109));
#5137=CARTESIAN_POINT('',(-2.526074474447,10.4382511165837,19.9410987745187));
#5138=CARTESIAN_POINT('',(-2.4353642940594,10.4985590925476,19.9602278118811));
#5139=CARTESIAN_POINT('',(-2.33984701837484,10.5601613246679,19.9762192233643));
#5140=CARTESIAN_POINT('',(-2.23961420036919,10.623573476642,19.9886014346598));
#5141=CARTESIAN_POINT('',(-2.14531257679254,10.6813730457471,19.9961687701523));
#5142=CARTESIAN_POINT('',(-2.06420180289506,10.7292994464707,19.9994628132482));
#5143=CARTESIAN_POINT('',(-2.01845241489156,10.7553245790028,19.9999999938229));
#5144=CARTESIAN_POINT('',(-2.,10.7658023388885,20.));
#5145=CARTESIAN_POINT('',(5.29615067504001,8.42337747149404,19.));
#5146=CARTESIAN_POINT('',(5.26451801501185,8.44326632656772,19.050729701261));
#5147=CARTESIAN_POINT('',(5.19631366218848,8.47723672687134,19.1434978902664));
#5148=CARTESIAN_POINT('',(5.08350003871869,8.51301191239728,19.2710220458961));
#5149=CARTESIAN_POINT('',(4.96352526238611,8.53811731480047,19.3837829250043));
#5150=CARTESIAN_POINT('',(4.82979765364813,8.55563803253821,19.4900373568297));
#5151=CARTESIAN_POINT('',(4.67477530894495,8.56632825950703,19.5928828577497));
#5152=CARTESIAN_POINT('',(4.49757261626723,8.5697439269133,19.6897326235951));
#5153=CARTESIAN_POINT('',(4.29900219971805,8.56567594201917,19.7774977096223));
#5154=CARTESIAN_POINT('',(4.07775331326324,8.55398090247203,19.8543151822261));
#5155=CARTESIAN_POINT('',(3.83301602032874,8.53443676656537,19.9179096891688));
#5156=CARTESIAN_POINT('',(3.56730499148599,8.50715210509077,19.9652303946153));
#5157=CARTESIAN_POINT('',(3.28706670016295,8.47274501390887,19.993842261815));
#5158=CARTESIAN_POINT('',(3.09605590330647,8.44647298480912,20.));
#5159=CARTESIAN_POINT('',(3.,8.4322298355773,20.));
#5160=CARTESIAN_POINT('',(4.88561808316759,9.26994807164455,18.6666666666569));
#5161=CARTESIAN_POINT('',(4.88312496836451,9.23447511466211,18.6736701591178));
#5162=CARTESIAN_POINT('',(4.88175470620123,9.15455139853305,18.6909512803058));
#5163=CARTESIAN_POINT('',(4.89565530361535,9.01853032931965,18.7261013014409));
#5164=CARTESIAN_POINT('',(4.935010026419,8.86955243722714,18.7731314426699));
#5165=CARTESIAN_POINT('',(5.00001776945531,8.7295581384404,18.8272350656607));
#5166=CARTESIAN_POINT('',(5.07316083137721,8.62214507911451,18.8769729394633));
#5167=CARTESIAN_POINT('',(5.14600197639992,8.5407958991952,18.9208105259478));
#5168=CARTESIAN_POINT('',(5.21765842196188,8.47689701024629,18.9603503387257));
#5169=CARTESIAN_POINT('',(5.26946249444747,8.44014818257714,18.9868357906301));
#5170=CARTESIAN_POINT('',(5.29615067313139,8.42337747269392,19.000000005398));
#5171=AXIS2_PLACEMENT_3D('',#5172,#5173,#5174);
#5172=CARTESIAN_POINT('',(6.,9.15983078446322,18.));
#5173=DIRECTION('',(-1.21115239050017E-16,8.07434927000114E-17,-1.));
#5174=DIRECTION('',(-0.547945205479452,-0.836514226891618,-1.17856582452443E-18));
#5175=AXIS2_PLACEMENT_3D('',#5176,#5177,#5178);
#5176=CARTESIAN_POINT('',(6.,9.15983078446322,0.999999999999999));
#5177=DIRECTION('',(1.21115239050017E-16,-8.07434927000114E-17,1.));
#5178=DIRECTION('',(-1.,-8.14938951674608E-34,1.21115239050017E-16));
#5179=AXIS2_PLACEMENT_3D('',#5180,#5181,#5182);
#5180=CARTESIAN_POINT('',(-4.08675799086758,7.96246878324054,1.));
#5181=DIRECTION('',(-0.889661316563188,-0.45662100456621,0.));
#5182=DIRECTION('',(-0.45662100456621,0.889661316563188,0.));
#5183=AXIS2_PLACEMENT_3D('',#5184,#5185,#5186);
#5184=CARTESIAN_POINT('',(-3.,9.74179141636691,1.));
#5185=DIRECTION('',(6.10622663543836E-16,1.,0.));
#5186=DIRECTION('',(1.33226762955019E-15,-8.13512808509168E-31,-1.));
#5187=AXIS2_PLACEMENT_3D('',#5188,#5189,#5190);
#5188=CARTESIAN_POINT('',(-3.,56.118254004458,1.));
#5189=DIRECTION('',(0.,1.,0.));
#5190=DIRECTION('',(-6.12323399573676E-17,0.,-1.));
#5191=AXIS2_PLACEMENT_3D('',#5192,#5193,#5194);
#5192=CARTESIAN_POINT('',(-2.,57.1893989980951,0.999999999999998));
#5193=DIRECTION('',(1.,0.,-3.41607084500048E-17));
#5194=DIRECTION('',(-3.41607084500048E-17,0.,-1.));
#5195=AXIS2_PLACEMENT_3D('',#5196,#5197,#5198);
#5196=CARTESIAN_POINT('',(3.,57.1893989980951,0.999999999999998));
#5197=DIRECTION('',(-1.,0.,3.41607084500048E-17));
#5198=DIRECTION('',(-1.22421030422442E-17,0.933580426497189,-0.358367949545335));
#5199=AXIS2_PLACEMENT_3D('',#5200,#5201,#5202);
#5200=CARTESIAN_POINT('',(4.,56.118254004458,1.));
#5201=DIRECTION('',(0.,-1.,0.));
#5202=DIRECTION('',(-4.9789962505148E-17,0.,-1.));
#5203=AXIS2_PLACEMENT_3D('',#5204,#5205,#5206);
#5204=CARTESIAN_POINT('',(4.,9.15983078446322,1.));
#5205=DIRECTION('',(0.,-1.,0.));
#5206=DIRECTION('',(-4.9789962505148E-17,0.,-1.));
#5207=AXIS2_PLACEMENT_3D('',#5208,#5209,#5210);
#5208=CARTESIAN_POINT('',(4.9041095890411,7.48680233067998,1.));
#5209=DIRECTION('',(0.836514226891619,-0.54794520547945,0.));
#5210=DIRECTION('',(0.,0.,-1.));
#5211=CARTESIAN_POINT('',(-4.,75.8032228314683,69.0236656878277));
#5212=CARTESIAN_POINT('',(-4.00000112261426,75.8036460788392,69.0257435307896));
#5213=CARTESIAN_POINT('',(-4.00001230771708,75.8045847769688,69.0300864169314));
#5214=CARTESIAN_POINT('',(-4.00006358921745,75.8060844847698,69.0366695066567));
#5215=CARTESIAN_POINT('',(-4.00015430216876,75.807562895749,69.0433563748234));
#5216=CARTESIAN_POINT('',(-4.00030125078181,75.8089206084881,69.0499865778571));
#5217=CARTESIAN_POINT('',(-4.00049212683574,75.8103181908334,69.0566659954537));
#5218=CARTESIAN_POINT('',(-4.00074036436821,75.8117767372688,69.0636062888409));
#5219=CARTESIAN_POINT('',(-4.00109365612131,75.8135192788632,69.0717897973838));
#5220=CARTESIAN_POINT('',(-4.00159576865142,75.8155682470098,69.0813843716524));
#5221=CARTESIAN_POINT('',(-4.00230465059617,75.8179188961074,69.0925797703483));
#5222=CARTESIAN_POINT('',(-4.00316190899104,75.8203040930002,69.1040113384707));
#5223=CARTESIAN_POINT('',(-4.00416564068971,75.8227221852215,69.1156356439541));
#5224=CARTESIAN_POINT('',(-4.00569771158941,75.825997222393,69.1314141252609));
#5225=CARTESIAN_POINT('',(-4.00883466080683,75.8315925591727,69.1587926160697));
#5226=CARTESIAN_POINT('',(-4.01611567177449,75.8413727157866,69.2073275199413));
#5227=CARTESIAN_POINT('',(-4.0311306298038,75.8552220183873,69.2783803371851));
#5228=CARTESIAN_POINT('',(-4.05734702329055,75.8715330781259,69.3660679615793));
#5229=CARTESIAN_POINT('',(-4.09481992721949,75.8877583452491,69.4587116854553));
#5230=CARTESIAN_POINT('',(-4.12638487753933,75.89762654242,69.5192152328258));
#5231=CARTESIAN_POINT('',(-4.14349066589685,75.9022067982225,69.5484613289101));
#5232=CARTESIAN_POINT('',(-4.,81.4047053906579,66.8734579910934));
#5233=CARTESIAN_POINT('',(-4.00000111296093,81.4057804667619,66.8752863036219));
#5234=CARTESIAN_POINT('',(-4.00001231708518,81.4079873163473,66.8791430700455));
#5235=CARTESIAN_POINT('',(-4.0000636912354,81.4112761104941,66.8850414284064));
#5236=CARTESIAN_POINT('',(-4.00015439446725,81.4146477374036,66.8910034002714));
#5237=CARTESIAN_POINT('',(-4.00030140994745,81.4180712492428,66.896842171335));
#5238=CARTESIAN_POINT('',(-4.00049233502282,81.4214977093344,66.9027427394724));
#5239=CARTESIAN_POINT('',(-4.0007406057527,81.4250538152224,66.9088778568694));
#5240=CARTESIAN_POINT('',(-4.00109395514758,81.4292308525149,66.9161276408759));
#5241=CARTESIAN_POINT('',(-4.00158777938284,81.4340430066837,66.9244903057569));
#5242=CARTESIAN_POINT('',(-4.00226373301944,81.4395362821892,66.9339636213711));
#5243=CARTESIAN_POINT('',(-4.0031063333095,81.4453835964672,66.9440166074142));
#5244=CARTESIAN_POINT('',(-4.00432090195395,81.4526790059796,66.9565425204639));
#5245=CARTESIAN_POINT('',(-4.00636340738437,81.4631695531586,66.9745108304512));
#5246=CARTESIAN_POINT('',(-4.01008159570021,81.4786558289954,67.0008237410997));
#5247=CARTESIAN_POINT('',(-4.01650532107657,81.4995809918904,67.0361341984768));
#5248=CARTESIAN_POINT('',(-4.02654228347028,81.5251455273735,67.0788061706702));
#5249=CARTESIAN_POINT('',(-4.04049361686963,81.5534545152829,67.1254740858774));
#5250=CARTESIAN_POINT('',(-4.0578727447946,81.5824113461706,67.17256210745));
#5251=CARTESIAN_POINT('',(-4.07731928075152,81.6098453531739,67.2165612001909));
#5252=CARTESIAN_POINT('',(-4.09711182719781,81.6341143989867,67.25494891203));
#5253=CARTESIAN_POINT('',(-4.11504952375364,81.6539664667974,67.285964787758));
#5254=CARTESIAN_POINT('',(-4.13022079506961,81.6695109656971,67.3100748364302));
#5255=CARTESIAN_POINT('',(-4.13935347844288,81.6783768863659,67.3236917078146));
#5256=CARTESIAN_POINT('',(-4.14349066572758,81.6823027930819,67.3296903571185));
#5257=CARTESIAN_POINT('',(-2.,73.938987068604,69.7480217072292));
#5258=CARTESIAN_POINT('',(-2.00047158732638,73.9404537187877,69.7518468320837));
#5259=CARTESIAN_POINT('',(-2.00150188037572,73.9436432809006,69.7602962499741));
#5260=CARTESIAN_POINT('',(-2.00317117326699,73.9486671726342,69.774121944594));
#5261=CARTESIAN_POINT('',(-2.00580712326382,73.9559019650083,69.7951430073348));
#5262=CARTESIAN_POINT('',(-2.01019899599825,73.9671998890016,69.8309628950067));
#5263=CARTESIAN_POINT('',(-2.01774972304084,73.9831339859482,69.8910678728321));
#5264=CARTESIAN_POINT('',(-2.02841740313659,73.9987973197077,69.9748560202783));
#5265=CARTESIAN_POINT('',(-2.04125476476276,74.0076386502105,70.073453592218));
#5266=CARTESIAN_POINT('',(-2.05463240396804,74.0065012211697,70.1740553560564));
#5267=CARTESIAN_POINT('',(-2.06352665624266,73.9993812306571,70.2395935271171));
#5268=CARTESIAN_POINT('',(-2.06784574312728,73.9944346245605,70.2711048663772));
#5269=CARTESIAN_POINT('',(3.00000000000001,73.938987068604,69.7480217072293));
#5270=CARTESIAN_POINT('',(3.00047157800398,73.9404537125417,69.751846816369));
#5271=CARTESIAN_POINT('',(3.00150182935215,73.9436432640095,69.760296206137));
#5272=CARTESIAN_POINT('',(3.0031710116253,73.9486671420056,69.7741218593822));
#5273=CARTESIAN_POINT('',(3.00580684409262,73.9559019216079,69.795142875921));
#5274=CARTESIAN_POINT('',(3.0101985529507,73.967199838203,69.8309627171359));
#5275=CARTESIAN_POINT('',(3.01774906642562,73.9831339445052,69.8910676772126));
#5276=CARTESIAN_POINT('',(3.02841660230147,73.9987973119227,69.9748558476817));
#5277=CARTESIAN_POINT('',(3.04125400634608,74.0076386721804,70.073453484903));
#5278=CARTESIAN_POINT('',(3.05463191151489,74.0065012339614,70.1740553156709));
#5279=CARTESIAN_POINT('',(3.06352647457128,73.9993812329528,70.2395935186796));
#5280=CARTESIAN_POINT('',(3.06784574312364,73.9944346245605,70.2711048663767));
#5281=CARTESIAN_POINT('',(5.00000000000001,75.8032228314705,69.0236656878332));
#5282=CARTESIAN_POINT('',(5.00000112261427,75.8036460788413,69.0257435307951));
#5283=CARTESIAN_POINT('',(5.00001230771709,75.8045847769709,69.0300864169368));
#5284=CARTESIAN_POINT('',(5.00006358921745,75.8060844847719,69.036669506662));
#5285=CARTESIAN_POINT('',(5.00015430216877,75.8075628957511,69.0433563748286));
#5286=CARTESIAN_POINT('',(5.00030125078181,75.8089206084901,69.0499865778623));
#5287=CARTESIAN_POINT('',(5.00049212683574,75.8103181908354,69.0566659954588));
#5288=CARTESIAN_POINT('',(5.00074036436819,75.8117767372707,69.0636062888459));
#5289=CARTESIAN_POINT('',(5.00109365612128,75.8135192788651,69.0717897973886));
#5290=CARTESIAN_POINT('',(5.00159576865137,75.8155682470116,69.081384371657));
#5291=CARTESIAN_POINT('',(5.0023046505961,75.8179188961092,69.0925797703528));
#5292=CARTESIAN_POINT('',(5.00316190899094,75.8203040930019,69.1040113384749));
#5293=CARTESIAN_POINT('',(5.00416564068958,75.8227221852232,69.1156356439581));
#5294=CARTESIAN_POINT('',(5.00569771158922,75.8259972223947,69.1314141252647));
#5295=CARTESIAN_POINT('',(5.00883466080652,75.8315925591742,69.1587926160729));
#5296=CARTESIAN_POINT('',(5.01611567177391,75.8413727157879,69.2073275199437));
#5297=CARTESIAN_POINT('',(5.03113062980262,75.8552220183882,69.2783803371861));
#5298=CARTESIAN_POINT('',(5.05734702328832,75.8715330781265,69.3660679615785));
#5299=CARTESIAN_POINT('',(5.09481992721571,75.8877583452494,69.4587116854528));
#5300=CARTESIAN_POINT('',(5.12638487753429,75.8976265424201,69.5192152328224));
#5301=CARTESIAN_POINT('',(5.14349066589114,75.9022067982225,69.5484613289063));
#5302=CARTESIAN_POINT('',(5.,81.40470539066,66.8734579910989));
#5303=CARTESIAN_POINT('',(5.00000111296094,81.405780466764,66.8752863036275));
#5304=CARTESIAN_POINT('',(5.00001231708519,81.4079873163494,66.879143070051));
#5305=CARTESIAN_POINT('',(5.0000636912354,81.4112761104961,66.8850414284118));
#5306=CARTESIAN_POINT('',(5.00015439446725,81.4146477374056,66.8910034002768));
#5307=CARTESIAN_POINT('',(5.00030140994745,81.4180712492447,66.8968421713402));
#5308=CARTESIAN_POINT('',(5.00049233502281,81.4214977093363,66.9027427394774));
#5309=CARTESIAN_POINT('',(5.00074060575268,81.4250538152243,66.9088778568744));
#5310=CARTESIAN_POINT('',(5.00109395514755,81.4292308525167,66.9161276408807));
#5311=CARTESIAN_POINT('',(5.00158777938279,81.4340430066853,66.9244903057615));
#5312=CARTESIAN_POINT('',(5.00226373301936,81.4395362821908,66.9339636213756));
#5313=CARTESIAN_POINT('',(5.00310633330939,81.4453835964687,66.9440166074183));
#5314=CARTESIAN_POINT('',(5.00432090195379,81.4526790059809,66.9565425204678));
#5315=CARTESIAN_POINT('',(5.00636340738412,81.4631695531597,66.9745108304547));
#5316=CARTESIAN_POINT('',(5.01008159569981,81.4786558289962,67.0008237411026));
#5317=CARTESIAN_POINT('',(5.01650532107594,81.499580991891,67.0361341984792));
#5318=CARTESIAN_POINT('',(5.0265422834692,81.5251455273735,67.0788061706717));
#5319=CARTESIAN_POINT('',(5.04049361686803,81.5534545152825,67.1254740858781));
#5320=CARTESIAN_POINT('',(5.05787274479229,81.5824113461697,67.1725621074497));
#5321=CARTESIAN_POINT('',(5.07731928074841,81.6098453531725,67.2165612001899));
#5322=CARTESIAN_POINT('',(5.09711182719391,81.6341143989848,67.2549489120283));
#5323=CARTESIAN_POINT('',(5.11504952374905,81.6539664667953,67.2859647877558));
#5324=CARTESIAN_POINT('',(5.13022079506442,81.6695109656947,67.3100748364276));
#5325=CARTESIAN_POINT('',(5.13935347843734,81.6783768863634,67.3236917078118));
#5326=CARTESIAN_POINT('',(5.14349066572188,81.6823027930793,67.3296903571157));
#5327=CARTESIAN_POINT('',(3.,83.2747913335715,66.1643422117647));
#5328=CARTESIAN_POINT('',(3.0004715796457,83.276260904561,66.1681662044799));
#5329=CARTESIAN_POINT('',(3.00150186822349,83.2795443532849,66.1765795567116));
#5330=CARTESIAN_POINT('',(3.00317117867546,83.2850620536468,66.1902156523844));
#5331=CARTESIAN_POINT('',(3.00580712198051,83.293751369047,66.2106783251911));
#5332=CARTESIAN_POINT('',(3.01019900387538,83.3093235265528,66.2448574338518));
#5333=CARTESIAN_POINT('',(3.01774973516374,83.3377002253969,66.3001861096702));
#5334=CARTESIAN_POINT('',(3.02841742534641,83.3821252907332,66.3729336752179));
#5335=CARTESIAN_POINT('',(3.04125479077537,83.4415295795461,66.452122003272));
#5336=CARTESIAN_POINT('',(3.05463242399275,83.5096906299994,66.5261226468199));
#5337=CARTESIAN_POINT('',(3.0635266643437,83.5588354550746,66.5700628313749));
#5338=CARTESIAN_POINT('',(3.06784574312575,83.5835967207511,66.5901704115319));
#5339=CARTESIAN_POINT('',(-2.,83.2747913335715,66.1643422117645));
#5340=CARTESIAN_POINT('',(-2.00047157964572,83.276260904561,66.1681662044798));
#5341=CARTESIAN_POINT('',(-2.00150186822357,83.2795443532849,66.1765795567117));
#5342=CARTESIAN_POINT('',(-2.00317117867569,83.2850620536469,66.1902156523847));
#5343=CARTESIAN_POINT('',(-2.00580712198092,83.2937513690473,66.2106783251916));
#5344=CARTESIAN_POINT('',(-2.01019900387607,83.3093235265532,66.2448574338527));
#5345=CARTESIAN_POINT('',(-2.01774973516487,83.3377002253975,66.3001861096712));
#5346=CARTESIAN_POINT('',(-2.02841742534812,83.3821252907339,66.3729336752189));
#5347=CARTESIAN_POINT('',(-2.04125479077773,83.4415295795468,66.4521220032728));
#5348=CARTESIAN_POINT('',(-2.05463242399576,83.50969063,66.5261226468204));
#5349=CARTESIAN_POINT('',(-2.06352666434712,83.5588354550749,66.5700628313752));
#5350=CARTESIAN_POINT('',(-2.06784574312938,83.5835967207514,66.5901704115321));
#5351=CARTESIAN_POINT('',(-3.94652172777584,8.03289899427307,20.));
#5352=CARTESIAN_POINT('',(-3.95474492804445,8.04957699640141,20.0000016206204));
#5353=CARTESIAN_POINT('',(-3.97601501412278,8.09271933161754,19.9986560793829));
#5354=CARTESIAN_POINT('',(-4.01652088983037,8.17489493565296,19.9894563790499));
#5355=CARTESIAN_POINT('',(-4.07407625662027,8.29171263714451,19.9616654131933));
#5356=CARTESIAN_POINT('',(-4.14293482571259,8.43155549309353,19.9020384511018));
#5357=CARTESIAN_POINT('',(-4.21298918783534,8.57394591139932,19.8049763134596));
#5358=CARTESIAN_POINT('',(-4.27441300572917,8.69892865520779,19.6784488819874));
#5359=CARTESIAN_POINT('',(-4.32370430085493,8.79937645955668,19.530251872555));
#5360=CARTESIAN_POINT('',(-4.35839527923175,8.87024499942196,19.3724767912912));
#5361=CARTESIAN_POINT('',(-4.37807006742866,8.91063147444189,19.2234484515501));
#5362=CARTESIAN_POINT('',(-4.38618749361865,8.92749423431369,19.1002991071453));
#5363=CARTESIAN_POINT('',(-4.38750841226368,8.93040313456277,19.0296207562176));
#5364=CARTESIAN_POINT('',(-4.3874738867846,8.93042960292411,19.0000000018071));
#5365=AXIS2_PLACEMENT_3D('',#5366,#5367,#5368);
#5366=CARTESIAN_POINT('',(3.,50.0315440108243,27.));
#5367=DIRECTION('',(1.,-1.16482415698377E-16,5.82412078491885E-17));
#5368=DIRECTION('',(5.82412078491886E-17,4.44089209850063E-16,-1.));
#5369=AXIS2_PLACEMENT_3D('',#5370,#5371,#5372);
#5370=CARTESIAN_POINT('',(-2.,50.0315440108243,27.));
#5371=DIRECTION('',(1.,-1.16482415698377E-16,5.82412078491885E-17));
#5372=DIRECTION('',(5.82412078491886E-17,4.44089209850063E-16,-1.));
#5373=CARTESIAN_POINT('',(-5.43741246370245,75.896196410303,71.9398675704451));
#5374=CARTESIAN_POINT('',(-5.4525407894192,75.8920767092047,71.9738536607408));
#5375=CARTESIAN_POINT('',(-5.48744031359815,75.8835501884238,72.0573906382722));
#5376=CARTESIAN_POINT('',(-5.54367526420743,75.8744200117207,72.2162158587204));
#5377=CARTESIAN_POINT('',(-5.60172882736406,75.8752252036815,72.433952360097));
#5378=CARTESIAN_POINT('',(-5.64132139814344,75.8953460984969,72.6853131272928));
#5379=CARTESIAN_POINT('',(-5.65258042498339,75.9328437558464,72.9238013421803));
#5380=CARTESIAN_POINT('',(-5.64605166656693,75.9647977153071,73.0677348227022));
#5381=CARTESIAN_POINT('',(-5.64063526966443,75.9804079857284,73.1298597634872));
#5382=CARTESIAN_POINT('',(-5.43741246370053,83.2869324904818,69.102829796822));
#5383=CARTESIAN_POINT('',(-5.45254078941791,83.3127351582431,69.1253297658696));
#5384=CARTESIAN_POINT('',(-5.48744031359833,83.3749687464703,69.1817044824384));
#5385=CARTESIAN_POINT('',(-5.54367526421019,83.4880286061078,69.2936253424976));
#5386=CARTESIAN_POINT('',(-5.60172882736984,83.6331243890627,69.4559738754004));
#5387=CARTESIAN_POINT('',(-5.64132139815186,83.7863648327669,69.6562348354216));
#5388=CARTESIAN_POINT('',(-5.6525804249935,83.9180784065783,69.8585569484556));
#5389=CARTESIAN_POINT('',(-5.64605166657765,83.9906422840491,69.9869017419902));
#5390=CARTESIAN_POINT('',(-5.64063526967533,84.0206112916589,70.0435148799812));
#5391=CARTESIAN_POINT('',(-2.71282124813392,73.6020267918494,72.8483630706736));
#5392=CARTESIAN_POINT('',(-2.72095421709543,73.5968473179181,72.881807736388));
#5393=CARTESIAN_POINT('',(-2.73992687380397,73.5862572301728,72.963528462471));
#5394=CARTESIAN_POINT('',(-2.77152712485338,73.5755888289437,73.1169208285287));
#5395=CARTESIAN_POINT('',(-2.80647018837367,73.5787670000958,73.3236631819889));
#5396=CARTESIAN_POINT('',(-2.83479722036607,73.6081550726827,73.5577361785827));
#5397=CARTESIAN_POINT('',(-2.8502142863177,73.660777011828,73.7759348776065));
#5398=CARTESIAN_POINT('',(-2.85372857204142,73.7051455867975,73.9059339419861));
#5399=CARTESIAN_POINT('',(-2.85411939321894,73.7267559159745,73.961735057505));
#5400=CARTESIAN_POINT('',(3.71282124809722,73.6020267918491,72.8483630706755));
#5401=CARTESIAN_POINT('',(3.72466032324876,73.5984203785637,72.8808519521843));
#5402=CARTESIAN_POINT('',(3.75268146888647,73.5916891899633,72.9602456289783));
#5403=CARTESIAN_POINT('',(3.8011977465886,73.58833604062,73.1091989350755));
#5404=CARTESIAN_POINT('',(3.85883714435669,73.6014934361682,73.3098834181753));
#5405=CARTESIAN_POINT('',(3.91273647436201,73.6422788395216,73.5369641370329));
#5406=CARTESIAN_POINT('',(3.95189103423054,73.7056252336201,73.748589234241));
#5407=CARTESIAN_POINT('',(3.96949262310822,73.7564216294843,73.8746129817061));
#5408=CARTESIAN_POINT('',(3.97592151428652,73.7808099347964,73.9287182037045));
#5409=CARTESIAN_POINT('',(6.43741246366872,75.896196410303,71.9398675704508));
#5410=CARTESIAN_POINT('',(6.45254078938503,75.8920767092049,71.973853660746));
#5411=CARTESIAN_POINT('',(6.48744031356294,75.8835501884247,72.0573906382765));
#5412=CARTESIAN_POINT('',(6.54367526417055,75.8744200117225,72.2162158587227));
#5413=CARTESIAN_POINT('',(6.60172882732538,75.8752252036842,72.4339523600964));
#5414=CARTESIAN_POINT('',(6.64132139810345,75.8953460985,72.6853131272887));
#5415=CARTESIAN_POINT('',(6.65258042494286,75.9328437558493,72.9238013421727));
#5416=CARTESIAN_POINT('',(6.64605166652644,75.9647977153096,73.0677348226926));
#5417=CARTESIAN_POINT('',(6.64063526962403,75.9804079857307,73.1298597634768));
#5418=CARTESIAN_POINT('',(6.43741246366681,83.2869324904856,69.1028297968262));
#5419=CARTESIAN_POINT('',(6.45254078938375,83.3127351582465,69.1253297658737));
#5420=CARTESIAN_POINT('',(6.48744031356317,83.3749687464727,69.1817044824423));
#5421=CARTESIAN_POINT('',(6.54367526417333,83.4880286061082,69.2936253425006));
#5422=CARTESIAN_POINT('',(6.60172882733109,83.6331243890606,69.4559738754019));
#5423=CARTESIAN_POINT('',(6.64132139811172,83.7863648327621,69.6562348354206));
#5424=CARTESIAN_POINT('',(6.65258042495273,83.9180784065715,69.8585569484518));
#5425=CARTESIAN_POINT('',(6.64605166653689,83.9906422840412,69.9869017419846));
#5426=CARTESIAN_POINT('',(6.64063526963465,84.0206112916505,70.0435148799748));
#5427=CARTESIAN_POINT('',(3.71282124809367,85.5997349161387,68.2428744188946));
#5428=CARTESIAN_POINT('',(3.72466080111773,85.624155174537,68.2646059991611));
#5429=CARTESIAN_POINT('',(3.75268303158208,85.6822842040677,68.319105012326));
#5430=CARTESIAN_POINT('',(3.80120091441443,85.7844486897067,68.4275595896209));
#5431=CARTESIAN_POINT('',(3.85884142918149,85.9089583034931,68.5855084106599));
#5432=CARTESIAN_POINT('',(3.91274021655359,86.0305969338488,68.7815627930955));
#5433=CARTESIAN_POINT('',(3.95189357003306,86.1251270554899,68.9812267871439));
#5434=CARTESIAN_POINT('',(3.96949470116479,86.1717056932429,69.1088749944872));
#5435=CARTESIAN_POINT('',(3.97592353086793,86.1897860179395,69.1654039124461));
#5436=CARTESIAN_POINT('',(-2.71282124813037,85.5997349161373,68.2428744188934));
#5437=CARTESIAN_POINT('',(-2.72466032328263,85.6241543084942,68.2646052015641));
#5438=CARTESIAN_POINT('',(-2.75268146892201,85.6822812955698,68.3191021573403));
#5439=CARTESIAN_POINT('',(-2.80119774662691,85.7844423871876,68.4275523411532));
#5440=CARTESIAN_POINT('',(-2.85883714439824,85.9089486666404,68.5854939923881));
#5441=CARTESIAN_POINT('',(-2.91273647440622,86.030585864292,68.7815386152558));
#5442=CARTESIAN_POINT('',(-2.95189103427637,86.125115148926,68.9811937222885));
#5443=CARTESIAN_POINT('',(-2.96949262315451,86.1716924167459,69.1088370412751));
#5444=CARTESIAN_POINT('',(-2.97592151433292,86.1897718338547,69.1653640185583));
ENDSEC;
END-ISO-10303-21;
