ISO-10303-21;
HEADER;
FILE_DESCRIPTION(('STEP AP242'),
    '1');
FILE_NAME('вешалка на подголовник short',
    '',
    ('UNSPECIFIED'),
    ('UNSPECIFIED'),
    'C3D Converter',
    'C3D Toolkit',
    '');
FILE_SCHEMA(('AP242_MANAGED_MODEL_BASED_3D_ENGINEERING_MIM_LF { 1 0 10303 442 1 1 4 }'));
ENDSEC;

DATA;
#1=PRODUCT_DEFINITION('','UNSPECIFIED',#28,#31);
#2=SHAPE_DEFINITION_REPRESENTATION(#26,#3);
#3=SHAPE_REPRESENTATION('NONE',(#4),#8);
#4=AXIS2_PLACEMENT_3D('',#5,#6,#7);
#5=CARTESIAN_POINT('',(0.,0.,0.));
#6=DIRECTION('',(0.,0.,1.));
#7=DIRECTION('',(1.,0.,0.));
#8=(GEOMETRIC_REPRESENTATION_CONTEXT(3)GLOBAL_UNCERTAINTY_ASSIGNED_CONTEXT((#10))
GLOBAL_UNIT_ASSIGNED_CONTEXT((#9,#11,#12))REPRESENTATION_CONTEXT('NONE','NONE'));
#9=(LENGTH_UNIT()NAMED_UNIT(*)SI_UNIT(.MILLI.,.METRE.));
#10=UNCERTAINTY_MEASURE_WITH_UNIT(LENGTH_MEASURE(1.E-5),#9,'NONE','NONE');
#11=(NAMED_UNIT(*)PLANE_ANGLE_UNIT()SI_UNIT($,.RADIAN.));
#12=(NAMED_UNIT(*)SI_UNIT($,.STERADIAN.)SOLID_ANGLE_UNIT());
#13=MANIFOLD_SOLID_BREP('',#14);
#14=CLOSED_SHELL('',(#53,#62,#71,#80,#89,#98,#107,#116,#125,#134,#143,#152,#161,
#170,#179,#188,#197,#206,#215,#224,#233,#242,#251,#260,#269,#278,#287,#296,#305,
#314,#323,#332,#341,#350,#359,#368,#377,#386,#395,#404,#413,#422,#431,#440,#449,
#458,#467,#476,#485,#494,#503,#512,#521,#530,#539,#548,#557,#566,#575,#584,#593,
#602,#611,#620,#629,#638,#647,#656,#665));
#15=COLOUR_RGB('',0.564705882352941,0.564705882352941,0.564705882352941);
#16=FILL_AREA_STYLE_COLOUR('',#15);
#17=FILL_AREA_STYLE($,(#16));
#18=SURFACE_STYLE_FILL_AREA(#17);
#19=SURFACE_SIDE_STYLE('',(#18));
#20=SURFACE_STYLE_USAGE(.BOTH.,#19);
#21=PRESENTATION_STYLE_ASSIGNMENT((#20));
#22=MECHANICAL_DESIGN_GEOMETRIC_PRESENTATION_REPRESENTATION('NONE',(#23,#61,#70,
#79,#88,#97,#106,#115,#124,#133,#142,#151,#160,#169,#178,#187,#196,#205,#214,#223,
#232,#241,#250,#259,#268,#277,#286,#295,#304,#313,#322,#331,#340,#349,#358,#367,
#376,#385,#394,#403,#412,#421,#430,#439,#448,#457,#466,#475,#484,#493,#502,#511,
#520,#529,#538,#547,#556,#565,#574,#583,#592,#601,#610,#619,#628,#637,#646,#655,
#664,#673),#8);
#23=STYLED_ITEM('',(#21),#13);
#24=ADVANCED_BREP_SHAPE_REPRESENTATION('NONE',(#13),#8);
#25=SHAPE_REPRESENTATION_RELATIONSHIP('','',#3,#24);
#26=PRODUCT_DEFINITION_SHAPE('NONE','NONE',#1);
#27=MECHANICAL_CONTEXT('NONE',#32,'mechanical');
#28=PRODUCT_DEFINITION_FORMATION_WITH_SPECIFIED_SOURCE('ANY','UNSPECIFIED',#29,.NOT_KNOWN.);
#29=PRODUCT('-01','short','NONE',(#27));
#30=PRODUCT_RELATED_PRODUCT_CATEGORY('detail','',(#29));
#31=DESIGN_CONTEXT('detailed design',#32,'design');
#32=APPLICATION_CONTEXT('configuration controlled 3d designs of mechanical parts and assemblies');
#33=APPLICATION_PROTOCOL_DEFINITION('international standard','config_control_design',
1994,#32);
#34=CC_DESIGN_DATE_AND_TIME_ASSIGNMENT(#35,#39,(#1));
#35=DATE_AND_TIME(#36,#37);
#36=CALENDAR_DATE(0,1,1);
#37=LOCAL_TIME(0,0,0.,#38);
#38=COORDINATED_UNIVERSAL_TIME_OFFSET(0,0,.AHEAD.);
#39=DATE_TIME_ROLE('creation_date');
#40=CC_DESIGN_APPROVAL(#41,(#1));
#41=APPROVAL(#42,'UNSPECIFIED');
#42=APPROVAL_STATUS('not_yet_approved');
#43=APPROVAL_DATE_TIME(#44,#41);
#44=DATE_AND_TIME(#45,#46);
#45=CALENDAR_DATE(0,1,1);
#46=LOCAL_TIME(0,0,0.,#47);
#47=COORDINATED_UNIVERSAL_TIME_OFFSET(0,0,.AHEAD.);
#48=PERSON('UNSPECIFIED','savatneevvg','UNSPECIFIED',('UNSPECIFIED'),('UNSPECIFIED'),
('UNSPECIFIED'));
#49=ORGANIZATION('UNSPECIFIED','UNSPECIFIED','UNSPECIFIED');
#50=PERSON_AND_ORGANIZATION(#48,#49);
#51=PERSON_AND_ORGANIZATION_ROLE('creator');
#52=CC_DESIGN_PERSON_AND_ORGANIZATION_ASSIGNMENT(#50,#51,(#28,#1));
#53=ADVANCED_FACE('',(#674,#676),#678,.T.);
#54=COLOUR_RGB('',0.564705882352941,0.564705882352941,0.564705882352941);
#55=FILL_AREA_STYLE_COLOUR('',#54);
#56=FILL_AREA_STYLE($,(#55));
#57=SURFACE_STYLE_FILL_AREA(#56);
#58=SURFACE_SIDE_STYLE('',(#57));
#59=SURFACE_STYLE_USAGE(.BOTH.,#58);
#60=PRESENTATION_STYLE_ASSIGNMENT((#59));
#61=STYLED_ITEM('',(#60),#53);
#62=ADVANCED_FACE('',(#683,#685),#687,.F.);
#63=COLOUR_RGB('',0.564705882352941,0.564705882352941,0.564705882352941);
#64=FILL_AREA_STYLE_COLOUR('',#63);
#65=FILL_AREA_STYLE($,(#64));
#66=SURFACE_STYLE_FILL_AREA(#65);
#67=SURFACE_SIDE_STYLE('',(#66));
#68=SURFACE_STYLE_USAGE(.BOTH.,#67);
#69=PRESENTATION_STYLE_ASSIGNMENT((#68));
#70=STYLED_ITEM('',(#69),#62);
#71=ADVANCED_FACE('',(#692,#694),#696,.T.);
#72=COLOUR_RGB('',0.564705882352941,0.564705882352941,0.564705882352941);
#73=FILL_AREA_STYLE_COLOUR('',#72);
#74=FILL_AREA_STYLE($,(#73));
#75=SURFACE_STYLE_FILL_AREA(#74);
#76=SURFACE_SIDE_STYLE('',(#75));
#77=SURFACE_STYLE_USAGE(.BOTH.,#76);
#78=PRESENTATION_STYLE_ASSIGNMENT((#77));
#79=STYLED_ITEM('',(#78),#71);
#80=ADVANCED_FACE('',(#701),#703,.T.);
#81=COLOUR_RGB('',0.564705882352941,0.564705882352941,0.564705882352941);
#82=FILL_AREA_STYLE_COLOUR('',#81);
#83=FILL_AREA_STYLE($,(#82));
#84=SURFACE_STYLE_FILL_AREA(#83);
#85=SURFACE_SIDE_STYLE('',(#84));
#86=SURFACE_STYLE_USAGE(.BOTH.,#85);
#87=PRESENTATION_STYLE_ASSIGNMENT((#86));
#88=STYLED_ITEM('',(#87),#80);
#89=ADVANCED_FACE('',(#708),#710,.T.);
#90=COLOUR_RGB('',0.564705882352941,0.564705882352941,0.564705882352941);
#91=FILL_AREA_STYLE_COLOUR('',#90);
#92=FILL_AREA_STYLE($,(#91));
#93=SURFACE_STYLE_FILL_AREA(#92);
#94=SURFACE_SIDE_STYLE('',(#93));
#95=SURFACE_STYLE_USAGE(.BOTH.,#94);
#96=PRESENTATION_STYLE_ASSIGNMENT((#95));
#97=STYLED_ITEM('',(#96),#89);
#98=ADVANCED_FACE('',(#786),#788,.T.);
#99=COLOUR_RGB('',0.564705882352941,0.564705882352941,0.564705882352941);
#100=FILL_AREA_STYLE_COLOUR('',#99);
#101=FILL_AREA_STYLE($,(#100));
#102=SURFACE_STYLE_FILL_AREA(#101);
#103=SURFACE_SIDE_STYLE('',(#102));
#104=SURFACE_STYLE_USAGE(.BOTH.,#103);
#105=PRESENTATION_STYLE_ASSIGNMENT((#104));
#106=STYLED_ITEM('',(#105),#98);
#107=ADVANCED_FACE('',(#859),#861,.T.);
#108=COLOUR_RGB('',0.564705882352941,0.564705882352941,0.564705882352941);
#109=FILL_AREA_STYLE_COLOUR('',#108);
#110=FILL_AREA_STYLE($,(#109));
#111=SURFACE_STYLE_FILL_AREA(#110);
#112=SURFACE_SIDE_STYLE('',(#111));
#113=SURFACE_STYLE_USAGE(.BOTH.,#112);
#114=PRESENTATION_STYLE_ASSIGNMENT((#113));
#115=STYLED_ITEM('',(#114),#107);
#116=ADVANCED_FACE('',(#914),#916,.T.);
#117=COLOUR_RGB('',0.564705882352941,0.564705882352941,0.564705882352941);
#118=FILL_AREA_STYLE_COLOUR('',#117);
#119=FILL_AREA_STYLE($,(#118));
#120=SURFACE_STYLE_FILL_AREA(#119);
#121=SURFACE_SIDE_STYLE('',(#120));
#122=SURFACE_STYLE_USAGE(.BOTH.,#121);
#123=PRESENTATION_STYLE_ASSIGNMENT((#122));
#124=STYLED_ITEM('',(#123),#116);
#125=ADVANCED_FACE('',(#987),#989,.T.);
#126=COLOUR_RGB('',0.564705882352941,0.564705882352941,0.564705882352941);
#127=FILL_AREA_STYLE_COLOUR('',#126);
#128=FILL_AREA_STYLE($,(#127));
#129=SURFACE_STYLE_FILL_AREA(#128);
#130=SURFACE_SIDE_STYLE('',(#129));
#131=SURFACE_STYLE_USAGE(.BOTH.,#130);
#132=PRESENTATION_STYLE_ASSIGNMENT((#131));
#133=STYLED_ITEM('',(#132),#125);
#134=ADVANCED_FACE('',(#1050),#1052,.T.);
#135=COLOUR_RGB('',0.564705882352941,0.564705882352941,0.564705882352941);
#136=FILL_AREA_STYLE_COLOUR('',#135);
#137=FILL_AREA_STYLE($,(#136));
#138=SURFACE_STYLE_FILL_AREA(#137);
#139=SURFACE_SIDE_STYLE('',(#138));
#140=SURFACE_STYLE_USAGE(.BOTH.,#139);
#141=PRESENTATION_STYLE_ASSIGNMENT((#140));
#142=STYLED_ITEM('',(#141),#134);
#143=ADVANCED_FACE('',(#1109),#1111,.T.);
#144=COLOUR_RGB('',0.564705882352941,0.564705882352941,0.564705882352941);
#145=FILL_AREA_STYLE_COLOUR('',#144);
#146=FILL_AREA_STYLE($,(#145));
#147=SURFACE_STYLE_FILL_AREA(#146);
#148=SURFACE_SIDE_STYLE('',(#147));
#149=SURFACE_STYLE_USAGE(.BOTH.,#148);
#150=PRESENTATION_STYLE_ASSIGNMENT((#149));
#151=STYLED_ITEM('',(#150),#143);
#152=ADVANCED_FACE('',(#1177),#1179,.T.);
#153=COLOUR_RGB('',0.564705882352941,0.564705882352941,0.564705882352941);
#154=FILL_AREA_STYLE_COLOUR('',#153);
#155=FILL_AREA_STYLE($,(#154));
#156=SURFACE_STYLE_FILL_AREA(#155);
#157=SURFACE_SIDE_STYLE('',(#156));
#158=SURFACE_STYLE_USAGE(.BOTH.,#157);
#159=PRESENTATION_STYLE_ASSIGNMENT((#158));
#160=STYLED_ITEM('',(#159),#152);
#161=ADVANCED_FACE('',(#1250),#1252,.T.);
#162=COLOUR_RGB('',0.564705882352941,0.564705882352941,0.564705882352941);
#163=FILL_AREA_STYLE_COLOUR('',#162);
#164=FILL_AREA_STYLE($,(#163));
#165=SURFACE_STYLE_FILL_AREA(#164);
#166=SURFACE_SIDE_STYLE('',(#165));
#167=SURFACE_STYLE_USAGE(.BOTH.,#166);
#168=PRESENTATION_STYLE_ASSIGNMENT((#167));
#169=STYLED_ITEM('',(#168),#161);
#170=ADVANCED_FACE('',(#1257),#1259,.T.);
#171=COLOUR_RGB('',0.564705882352941,0.564705882352941,0.564705882352941);
#172=FILL_AREA_STYLE_COLOUR('',#171);
#173=FILL_AREA_STYLE($,(#172));
#174=SURFACE_STYLE_FILL_AREA(#173);
#175=SURFACE_SIDE_STYLE('',(#174));
#176=SURFACE_STYLE_USAGE(.BOTH.,#175);
#177=PRESENTATION_STYLE_ASSIGNMENT((#176));
#178=STYLED_ITEM('',(#177),#170);
#179=ADVANCED_FACE('',(#1264),#1266,.T.);
#180=COLOUR_RGB('',0.564705882352941,0.564705882352941,0.564705882352941);
#181=FILL_AREA_STYLE_COLOUR('',#180);
#182=FILL_AREA_STYLE($,(#181));
#183=SURFACE_STYLE_FILL_AREA(#182);
#184=SURFACE_SIDE_STYLE('',(#183));
#185=SURFACE_STYLE_USAGE(.BOTH.,#184);
#186=PRESENTATION_STYLE_ASSIGNMENT((#185));
#187=STYLED_ITEM('',(#186),#179);
#188=ADVANCED_FACE('',(#1271),#1273,.T.);
#189=COLOUR_RGB('',0.564705882352941,0.564705882352941,0.564705882352941);
#190=FILL_AREA_STYLE_COLOUR('',#189);
#191=FILL_AREA_STYLE($,(#190));
#192=SURFACE_STYLE_FILL_AREA(#191);
#193=SURFACE_SIDE_STYLE('',(#192));
#194=SURFACE_STYLE_USAGE(.BOTH.,#193);
#195=PRESENTATION_STYLE_ASSIGNMENT((#194));
#196=STYLED_ITEM('',(#195),#188);
#197=ADVANCED_FACE('',(#1278),#1280,.F.);
#198=COLOUR_RGB('',0.564705882352941,0.564705882352941,0.564705882352941);
#199=FILL_AREA_STYLE_COLOUR('',#198);
#200=FILL_AREA_STYLE($,(#199));
#201=SURFACE_STYLE_FILL_AREA(#200);
#202=SURFACE_SIDE_STYLE('',(#201));
#203=SURFACE_STYLE_USAGE(.BOTH.,#202);
#204=PRESENTATION_STYLE_ASSIGNMENT((#203));
#205=STYLED_ITEM('',(#204),#197);
#206=ADVANCED_FACE('',(#1285),#1287,.T.);
#207=COLOUR_RGB('',0.564705882352941,0.564705882352941,0.564705882352941);
#208=FILL_AREA_STYLE_COLOUR('',#207);
#209=FILL_AREA_STYLE($,(#208));
#210=SURFACE_STYLE_FILL_AREA(#209);
#211=SURFACE_SIDE_STYLE('',(#210));
#212=SURFACE_STYLE_USAGE(.BOTH.,#211);
#213=PRESENTATION_STYLE_ASSIGNMENT((#212));
#214=STYLED_ITEM('',(#213),#206);
#215=ADVANCED_FACE('',(#1292),#1294,.T.);
#216=COLOUR_RGB('',0.564705882352941,0.564705882352941,0.564705882352941);
#217=FILL_AREA_STYLE_COLOUR('',#216);
#218=FILL_AREA_STYLE($,(#217));
#219=SURFACE_STYLE_FILL_AREA(#218);
#220=SURFACE_SIDE_STYLE('',(#219));
#221=SURFACE_STYLE_USAGE(.BOTH.,#220);
#222=PRESENTATION_STYLE_ASSIGNMENT((#221));
#223=STYLED_ITEM('',(#222),#215);
#224=ADVANCED_FACE('',(#1299),#1301,.T.);
#225=COLOUR_RGB('',0.564705882352941,0.564705882352941,0.564705882352941);
#226=FILL_AREA_STYLE_COLOUR('',#225);
#227=FILL_AREA_STYLE($,(#226));
#228=SURFACE_STYLE_FILL_AREA(#227);
#229=SURFACE_SIDE_STYLE('',(#228));
#230=SURFACE_STYLE_USAGE(.BOTH.,#229);
#231=PRESENTATION_STYLE_ASSIGNMENT((#230));
#232=STYLED_ITEM('',(#231),#224);
#233=ADVANCED_FACE('',(#1306),#1308,.F.);
#234=COLOUR_RGB('',0.564705882352941,0.564705882352941,0.564705882352941);
#235=FILL_AREA_STYLE_COLOUR('',#234);
#236=FILL_AREA_STYLE($,(#235));
#237=SURFACE_STYLE_FILL_AREA(#236);
#238=SURFACE_SIDE_STYLE('',(#237));
#239=SURFACE_STYLE_USAGE(.BOTH.,#238);
#240=PRESENTATION_STYLE_ASSIGNMENT((#239));
#241=STYLED_ITEM('',(#240),#233);
#242=ADVANCED_FACE('',(#1313),#1315,.T.);
#243=COLOUR_RGB('',0.564705882352941,0.564705882352941,0.564705882352941);
#244=FILL_AREA_STYLE_COLOUR('',#243);
#245=FILL_AREA_STYLE($,(#244));
#246=SURFACE_STYLE_FILL_AREA(#245);
#247=SURFACE_SIDE_STYLE('',(#246));
#248=SURFACE_STYLE_USAGE(.BOTH.,#247);
#249=PRESENTATION_STYLE_ASSIGNMENT((#248));
#250=STYLED_ITEM('',(#249),#242);
#251=ADVANCED_FACE('',(#1320),#1322,.T.);
#252=COLOUR_RGB('',0.564705882352941,0.564705882352941,0.564705882352941);
#253=FILL_AREA_STYLE_COLOUR('',#252);
#254=FILL_AREA_STYLE($,(#253));
#255=SURFACE_STYLE_FILL_AREA(#254);
#256=SURFACE_SIDE_STYLE('',(#255));
#257=SURFACE_STYLE_USAGE(.BOTH.,#256);
#258=PRESENTATION_STYLE_ASSIGNMENT((#257));
#259=STYLED_ITEM('',(#258),#251);
#260=ADVANCED_FACE('',(#1327),#1329,.T.);
#261=COLOUR_RGB('',0.564705882352941,0.564705882352941,0.564705882352941);
#262=FILL_AREA_STYLE_COLOUR('',#261);
#263=FILL_AREA_STYLE($,(#262));
#264=SURFACE_STYLE_FILL_AREA(#263);
#265=SURFACE_SIDE_STYLE('',(#264));
#266=SURFACE_STYLE_USAGE(.BOTH.,#265);
#267=PRESENTATION_STYLE_ASSIGNMENT((#266));
#268=STYLED_ITEM('',(#267),#260);
#269=ADVANCED_FACE('',(#1334),#1336,.T.);
#270=COLOUR_RGB('',0.564705882352941,0.564705882352941,0.564705882352941);
#271=FILL_AREA_STYLE_COLOUR('',#270);
#272=FILL_AREA_STYLE($,(#271));
#273=SURFACE_STYLE_FILL_AREA(#272);
#274=SURFACE_SIDE_STYLE('',(#273));
#275=SURFACE_STYLE_USAGE(.BOTH.,#274);
#276=PRESENTATION_STYLE_ASSIGNMENT((#275));
#277=STYLED_ITEM('',(#276),#269);
#278=ADVANCED_FACE('',(#1341),#1343,.T.);
#279=COLOUR_RGB('',0.564705882352941,0.564705882352941,0.564705882352941);
#280=FILL_AREA_STYLE_COLOUR('',#279);
#281=FILL_AREA_STYLE($,(#280));
#282=SURFACE_STYLE_FILL_AREA(#281);
#283=SURFACE_SIDE_STYLE('',(#282));
#284=SURFACE_STYLE_USAGE(.BOTH.,#283);
#285=PRESENTATION_STYLE_ASSIGNMENT((#284));
#286=STYLED_ITEM('',(#285),#278);
#287=ADVANCED_FACE('',(#1348),#1350,.T.);
#288=COLOUR_RGB('',0.564705882352941,0.564705882352941,0.564705882352941);
#289=FILL_AREA_STYLE_COLOUR('',#288);
#290=FILL_AREA_STYLE($,(#289));
#291=SURFACE_STYLE_FILL_AREA(#290);
#292=SURFACE_SIDE_STYLE('',(#291));
#293=SURFACE_STYLE_USAGE(.BOTH.,#292);
#294=PRESENTATION_STYLE_ASSIGNMENT((#293));
#295=STYLED_ITEM('',(#294),#287);
#296=ADVANCED_FACE('',(#1355),#1357,.T.);
#297=COLOUR_RGB('',0.564705882352941,0.564705882352941,0.564705882352941);
#298=FILL_AREA_STYLE_COLOUR('',#297);
#299=FILL_AREA_STYLE($,(#298));
#300=SURFACE_STYLE_FILL_AREA(#299);
#301=SURFACE_SIDE_STYLE('',(#300));
#302=SURFACE_STYLE_USAGE(.BOTH.,#301);
#303=PRESENTATION_STYLE_ASSIGNMENT((#302));
#304=STYLED_ITEM('',(#303),#296);
#305=ADVANCED_FACE('',(#1362),#1364,.F.);
#306=COLOUR_RGB('',0.564705882352941,0.564705882352941,0.564705882352941);
#307=FILL_AREA_STYLE_COLOUR('',#306);
#308=FILL_AREA_STYLE($,(#307));
#309=SURFACE_STYLE_FILL_AREA(#308);
#310=SURFACE_SIDE_STYLE('',(#309));
#311=SURFACE_STYLE_USAGE(.BOTH.,#310);
#312=PRESENTATION_STYLE_ASSIGNMENT((#311));
#313=STYLED_ITEM('',(#312),#305);
#314=ADVANCED_FACE('',(#1369),#1371,.T.);
#315=COLOUR_RGB('',0.564705882352941,0.564705882352941,0.564705882352941);
#316=FILL_AREA_STYLE_COLOUR('',#315);
#317=FILL_AREA_STYLE($,(#316));
#318=SURFACE_STYLE_FILL_AREA(#317);
#319=SURFACE_SIDE_STYLE('',(#318));
#320=SURFACE_STYLE_USAGE(.BOTH.,#319);
#321=PRESENTATION_STYLE_ASSIGNMENT((#320));
#322=STYLED_ITEM('',(#321),#314);
#323=ADVANCED_FACE('',(#1376),#1378,.T.);
#324=COLOUR_RGB('',0.564705882352941,0.564705882352941,0.564705882352941);
#325=FILL_AREA_STYLE_COLOUR('',#324);
#326=FILL_AREA_STYLE($,(#325));
#327=SURFACE_STYLE_FILL_AREA(#326);
#328=SURFACE_SIDE_STYLE('',(#327));
#329=SURFACE_STYLE_USAGE(.BOTH.,#328);
#330=PRESENTATION_STYLE_ASSIGNMENT((#329));
#331=STYLED_ITEM('',(#330),#323);
#332=ADVANCED_FACE('',(#1383),#1385,.F.);
#333=COLOUR_RGB('',0.564705882352941,0.564705882352941,0.564705882352941);
#334=FILL_AREA_STYLE_COLOUR('',#333);
#335=FILL_AREA_STYLE($,(#334));
#336=SURFACE_STYLE_FILL_AREA(#335);
#337=SURFACE_SIDE_STYLE('',(#336));
#338=SURFACE_STYLE_USAGE(.BOTH.,#337);
#339=PRESENTATION_STYLE_ASSIGNMENT((#338));
#340=STYLED_ITEM('',(#339),#332);
#341=ADVANCED_FACE('',(#1390),#1392,.F.);
#342=COLOUR_RGB('',0.564705882352941,0.564705882352941,0.564705882352941);
#343=FILL_AREA_STYLE_COLOUR('',#342);
#344=FILL_AREA_STYLE($,(#343));
#345=SURFACE_STYLE_FILL_AREA(#344);
#346=SURFACE_SIDE_STYLE('',(#345));
#347=SURFACE_STYLE_USAGE(.BOTH.,#346);
#348=PRESENTATION_STYLE_ASSIGNMENT((#347));
#349=STYLED_ITEM('',(#348),#341);
#350=ADVANCED_FACE('',(#1465),#1467,.T.);
#351=COLOUR_RGB('',0.564705882352941,0.564705882352941,0.564705882352941);
#352=FILL_AREA_STYLE_COLOUR('',#351);
#353=FILL_AREA_STYLE($,(#352));
#354=SURFACE_STYLE_FILL_AREA(#353);
#355=SURFACE_SIDE_STYLE('',(#354));
#356=SURFACE_STYLE_USAGE(.BOTH.,#355);
#357=PRESENTATION_STYLE_ASSIGNMENT((#356));
#358=STYLED_ITEM('',(#357),#350);
#359=ADVANCED_FACE('',(#1472),#1474,.T.);
#360=COLOUR_RGB('',0.564705882352941,0.564705882352941,0.564705882352941);
#361=FILL_AREA_STYLE_COLOUR('',#360);
#362=FILL_AREA_STYLE($,(#361));
#363=SURFACE_STYLE_FILL_AREA(#362);
#364=SURFACE_SIDE_STYLE('',(#363));
#365=SURFACE_STYLE_USAGE(.BOTH.,#364);
#366=PRESENTATION_STYLE_ASSIGNMENT((#365));
#367=STYLED_ITEM('',(#366),#359);
#368=ADVANCED_FACE('',(#1547),#1549,.T.);
#369=COLOUR_RGB('',0.564705882352941,0.564705882352941,0.564705882352941);
#370=FILL_AREA_STYLE_COLOUR('',#369);
#371=FILL_AREA_STYLE($,(#370));
#372=SURFACE_STYLE_FILL_AREA(#371);
#373=SURFACE_SIDE_STYLE('',(#372));
#374=SURFACE_STYLE_USAGE(.BOTH.,#373);
#375=PRESENTATION_STYLE_ASSIGNMENT((#374));
#376=STYLED_ITEM('',(#375),#368);
#377=ADVANCED_FACE('',(#1622),#1624,.F.);
#378=COLOUR_RGB('',0.564705882352941,0.564705882352941,0.564705882352941);
#379=FILL_AREA_STYLE_COLOUR('',#378);
#380=FILL_AREA_STYLE($,(#379));
#381=SURFACE_STYLE_FILL_AREA(#380);
#382=SURFACE_SIDE_STYLE('',(#381));
#383=SURFACE_STYLE_USAGE(.BOTH.,#382);
#384=PRESENTATION_STYLE_ASSIGNMENT((#383));
#385=STYLED_ITEM('',(#384),#377);
#386=ADVANCED_FACE('',(#1629),#1631,.T.);
#387=COLOUR_RGB('',0.564705882352941,0.564705882352941,0.564705882352941);
#388=FILL_AREA_STYLE_COLOUR('',#387);
#389=FILL_AREA_STYLE($,(#388));
#390=SURFACE_STYLE_FILL_AREA(#389);
#391=SURFACE_SIDE_STYLE('',(#390));
#392=SURFACE_STYLE_USAGE(.BOTH.,#391);
#393=PRESENTATION_STYLE_ASSIGNMENT((#392));
#394=STYLED_ITEM('',(#393),#386);
#395=ADVANCED_FACE('',(#1636),#1638,.T.);
#396=COLOUR_RGB('',0.564705882352941,0.564705882352941,0.564705882352941);
#397=FILL_AREA_STYLE_COLOUR('',#396);
#398=FILL_AREA_STYLE($,(#397));
#399=SURFACE_STYLE_FILL_AREA(#398);
#400=SURFACE_SIDE_STYLE('',(#399));
#401=SURFACE_STYLE_USAGE(.BOTH.,#400);
#402=PRESENTATION_STYLE_ASSIGNMENT((#401));
#403=STYLED_ITEM('',(#402),#395);
#404=ADVANCED_FACE('',(#1643),#1645,.T.);
#405=COLOUR_RGB('',0.564705882352941,0.564705882352941,0.564705882352941);
#406=FILL_AREA_STYLE_COLOUR('',#405);
#407=FILL_AREA_STYLE($,(#406));
#408=SURFACE_STYLE_FILL_AREA(#407);
#409=SURFACE_SIDE_STYLE('',(#408));
#410=SURFACE_STYLE_USAGE(.BOTH.,#409);
#411=PRESENTATION_STYLE_ASSIGNMENT((#410));
#412=STYLED_ITEM('',(#411),#404);
#413=ADVANCED_FACE('',(#1650),#1652,.F.);
#414=COLOUR_RGB('',0.564705882352941,0.564705882352941,0.564705882352941);
#415=FILL_AREA_STYLE_COLOUR('',#414);
#416=FILL_AREA_STYLE($,(#415));
#417=SURFACE_STYLE_FILL_AREA(#416);
#418=SURFACE_SIDE_STYLE('',(#417));
#419=SURFACE_STYLE_USAGE(.BOTH.,#418);
#420=PRESENTATION_STYLE_ASSIGNMENT((#419));
#421=STYLED_ITEM('',(#420),#413);
#422=ADVANCED_FACE('',(#1725),#1727,.T.);
#423=COLOUR_RGB('',0.564705882352941,0.564705882352941,0.564705882352941);
#424=FILL_AREA_STYLE_COLOUR('',#423);
#425=FILL_AREA_STYLE($,(#424));
#426=SURFACE_STYLE_FILL_AREA(#425);
#427=SURFACE_SIDE_STYLE('',(#426));
#428=SURFACE_STYLE_USAGE(.BOTH.,#427);
#429=PRESENTATION_STYLE_ASSIGNMENT((#428));
#430=STYLED_ITEM('',(#429),#422);
#431=ADVANCED_FACE('',(#1732),#1734,.T.);
#432=COLOUR_RGB('',0.564705882352941,0.564705882352941,0.564705882352941);
#433=FILL_AREA_STYLE_COLOUR('',#432);
#434=FILL_AREA_STYLE($,(#433));
#435=SURFACE_STYLE_FILL_AREA(#434);
#436=SURFACE_SIDE_STYLE('',(#435));
#437=SURFACE_STYLE_USAGE(.BOTH.,#436);
#438=PRESENTATION_STYLE_ASSIGNMENT((#437));
#439=STYLED_ITEM('',(#438),#431);
#440=ADVANCED_FACE('',(#1807),#1809,.T.);
#441=COLOUR_RGB('',0.564705882352941,0.564705882352941,0.564705882352941);
#442=FILL_AREA_STYLE_COLOUR('',#441);
#443=FILL_AREA_STYLE($,(#442));
#444=SURFACE_STYLE_FILL_AREA(#443);
#445=SURFACE_SIDE_STYLE('',(#444));
#446=SURFACE_STYLE_USAGE(.BOTH.,#445);
#447=PRESENTATION_STYLE_ASSIGNMENT((#446));
#448=STYLED_ITEM('',(#447),#440);
#449=ADVANCED_FACE('',(#1814),#1816,.T.);
#450=COLOUR_RGB('',0.564705882352941,0.564705882352941,0.564705882352941);
#451=FILL_AREA_STYLE_COLOUR('',#450);
#452=FILL_AREA_STYLE($,(#451));
#453=SURFACE_STYLE_FILL_AREA(#452);
#454=SURFACE_SIDE_STYLE('',(#453));
#455=SURFACE_STYLE_USAGE(.BOTH.,#454);
#456=PRESENTATION_STYLE_ASSIGNMENT((#455));
#457=STYLED_ITEM('',(#456),#449);
#458=ADVANCED_FACE('',(#1821),#1823,.T.);
#459=COLOUR_RGB('',0.564705882352941,0.564705882352941,0.564705882352941);
#460=FILL_AREA_STYLE_COLOUR('',#459);
#461=FILL_AREA_STYLE($,(#460));
#462=SURFACE_STYLE_FILL_AREA(#461);
#463=SURFACE_SIDE_STYLE('',(#462));
#464=SURFACE_STYLE_USAGE(.BOTH.,#463);
#465=PRESENTATION_STYLE_ASSIGNMENT((#464));
#466=STYLED_ITEM('',(#465),#458);
#467=ADVANCED_FACE('',(#1828),#1830,.F.);
#468=COLOUR_RGB('',0.564705882352941,0.564705882352941,0.564705882352941);
#469=FILL_AREA_STYLE_COLOUR('',#468);
#470=FILL_AREA_STYLE($,(#469));
#471=SURFACE_STYLE_FILL_AREA(#470);
#472=SURFACE_SIDE_STYLE('',(#471));
#473=SURFACE_STYLE_USAGE(.BOTH.,#472);
#474=PRESENTATION_STYLE_ASSIGNMENT((#473));
#475=STYLED_ITEM('',(#474),#467);
#476=ADVANCED_FACE('',(#1903),#1905,.T.);
#477=COLOUR_RGB('',0.564705882352941,0.564705882352941,0.564705882352941);
#478=FILL_AREA_STYLE_COLOUR('',#477);
#479=FILL_AREA_STYLE($,(#478));
#480=SURFACE_STYLE_FILL_AREA(#479);
#481=SURFACE_SIDE_STYLE('',(#480));
#482=SURFACE_STYLE_USAGE(.BOTH.,#481);
#483=PRESENTATION_STYLE_ASSIGNMENT((#482));
#484=STYLED_ITEM('',(#483),#476);
#485=ADVANCED_FACE('',(#1978),#1980,.F.);
#486=COLOUR_RGB('',0.564705882352941,0.564705882352941,0.564705882352941);
#487=FILL_AREA_STYLE_COLOUR('',#486);
#488=FILL_AREA_STYLE($,(#487));
#489=SURFACE_STYLE_FILL_AREA(#488);
#490=SURFACE_SIDE_STYLE('',(#489));
#491=SURFACE_STYLE_USAGE(.BOTH.,#490);
#492=PRESENTATION_STYLE_ASSIGNMENT((#491));
#493=STYLED_ITEM('',(#492),#485);
#494=ADVANCED_FACE('',(#2053),#2055,.T.);
#495=COLOUR_RGB('',0.564705882352941,0.564705882352941,0.564705882352941);
#496=FILL_AREA_STYLE_COLOUR('',#495);
#497=FILL_AREA_STYLE($,(#496));
#498=SURFACE_STYLE_FILL_AREA(#497);
#499=SURFACE_SIDE_STYLE('',(#498));
#500=SURFACE_STYLE_USAGE(.BOTH.,#499);
#501=PRESENTATION_STYLE_ASSIGNMENT((#500));
#502=STYLED_ITEM('',(#501),#494);
#503=ADVANCED_FACE('',(#2128),#2130,.T.);
#504=COLOUR_RGB('',0.564705882352941,0.564705882352941,0.564705882352941);
#505=FILL_AREA_STYLE_COLOUR('',#504);
#506=FILL_AREA_STYLE($,(#505));
#507=SURFACE_STYLE_FILL_AREA(#506);
#508=SURFACE_SIDE_STYLE('',(#507));
#509=SURFACE_STYLE_USAGE(.BOTH.,#508);
#510=PRESENTATION_STYLE_ASSIGNMENT((#509));
#511=STYLED_ITEM('',(#510),#503);
#512=ADVANCED_FACE('',(#2203),#2205,.T.);
#513=COLOUR_RGB('',0.564705882352941,0.564705882352941,0.564705882352941);
#514=FILL_AREA_STYLE_COLOUR('',#513);
#515=FILL_AREA_STYLE($,(#514));
#516=SURFACE_STYLE_FILL_AREA(#515);
#517=SURFACE_SIDE_STYLE('',(#516));
#518=SURFACE_STYLE_USAGE(.BOTH.,#517);
#519=PRESENTATION_STYLE_ASSIGNMENT((#518));
#520=STYLED_ITEM('',(#519),#512);
#521=ADVANCED_FACE('',(#2278),#2280,.T.);
#522=COLOUR_RGB('',0.564705882352941,0.564705882352941,0.564705882352941);
#523=FILL_AREA_STYLE_COLOUR('',#522);
#524=FILL_AREA_STYLE($,(#523));
#525=SURFACE_STYLE_FILL_AREA(#524);
#526=SURFACE_SIDE_STYLE('',(#525));
#527=SURFACE_STYLE_USAGE(.BOTH.,#526);
#528=PRESENTATION_STYLE_ASSIGNMENT((#527));
#529=STYLED_ITEM('',(#528),#521);
#530=ADVANCED_FACE('',(#2353),#2355,.T.);
#531=COLOUR_RGB('',0.564705882352941,0.564705882352941,0.564705882352941);
#532=FILL_AREA_STYLE_COLOUR('',#531);
#533=FILL_AREA_STYLE($,(#532));
#534=SURFACE_STYLE_FILL_AREA(#533);
#535=SURFACE_SIDE_STYLE('',(#534));
#536=SURFACE_STYLE_USAGE(.BOTH.,#535);
#537=PRESENTATION_STYLE_ASSIGNMENT((#536));
#538=STYLED_ITEM('',(#537),#530);
#539=ADVANCED_FACE('',(#2428),#2430,.T.);
#540=COLOUR_RGB('',0.564705882352941,0.564705882352941,0.564705882352941);
#541=FILL_AREA_STYLE_COLOUR('',#540);
#542=FILL_AREA_STYLE($,(#541));
#543=SURFACE_STYLE_FILL_AREA(#542);
#544=SURFACE_SIDE_STYLE('',(#543));
#545=SURFACE_STYLE_USAGE(.BOTH.,#544);
#546=PRESENTATION_STYLE_ASSIGNMENT((#545));
#547=STYLED_ITEM('',(#546),#539);
#548=ADVANCED_FACE('',(#2503),#2505,.T.);
#549=COLOUR_RGB('',0.564705882352941,0.564705882352941,0.564705882352941);
#550=FILL_AREA_STYLE_COLOUR('',#549);
#551=FILL_AREA_STYLE($,(#550));
#552=SURFACE_STYLE_FILL_AREA(#551);
#553=SURFACE_SIDE_STYLE('',(#552));
#554=SURFACE_STYLE_USAGE(.BOTH.,#553);
#555=PRESENTATION_STYLE_ASSIGNMENT((#554));
#556=STYLED_ITEM('',(#555),#548);
#557=ADVANCED_FACE('',(#2510),#2512,.T.);
#558=COLOUR_RGB('',0.564705882352941,0.564705882352941,0.564705882352941);
#559=FILL_AREA_STYLE_COLOUR('',#558);
#560=FILL_AREA_STYLE($,(#559));
#561=SURFACE_STYLE_FILL_AREA(#560);
#562=SURFACE_SIDE_STYLE('',(#561));
#563=SURFACE_STYLE_USAGE(.BOTH.,#562);
#564=PRESENTATION_STYLE_ASSIGNMENT((#563));
#565=STYLED_ITEM('',(#564),#557);
#566=ADVANCED_FACE('',(#2585),#2587,.F.);
#567=COLOUR_RGB('',0.564705882352941,0.564705882352941,0.564705882352941);
#568=FILL_AREA_STYLE_COLOUR('',#567);
#569=FILL_AREA_STYLE($,(#568));
#570=SURFACE_STYLE_FILL_AREA(#569);
#571=SURFACE_SIDE_STYLE('',(#570));
#572=SURFACE_STYLE_USAGE(.BOTH.,#571);
#573=PRESENTATION_STYLE_ASSIGNMENT((#572));
#574=STYLED_ITEM('',(#573),#566);
#575=ADVANCED_FACE('',(#2592),#2594,.F.);
#576=COLOUR_RGB('',0.564705882352941,0.564705882352941,0.564705882352941);
#577=FILL_AREA_STYLE_COLOUR('',#576);
#578=FILL_AREA_STYLE($,(#577));
#579=SURFACE_STYLE_FILL_AREA(#578);
#580=SURFACE_SIDE_STYLE('',(#579));
#581=SURFACE_STYLE_USAGE(.BOTH.,#580);
#582=PRESENTATION_STYLE_ASSIGNMENT((#581));
#583=STYLED_ITEM('',(#582),#575);
#584=ADVANCED_FACE('',(#2667,#2669),#2671,.T.);
#585=COLOUR_RGB('',0.564705882352941,0.564705882352941,0.564705882352941);
#586=FILL_AREA_STYLE_COLOUR('',#585);
#587=FILL_AREA_STYLE($,(#586));
#588=SURFACE_STYLE_FILL_AREA(#587);
#589=SURFACE_SIDE_STYLE('',(#588));
#590=SURFACE_STYLE_USAGE(.BOTH.,#589);
#591=PRESENTATION_STYLE_ASSIGNMENT((#590));
#592=STYLED_ITEM('',(#591),#584);
#593=ADVANCED_FACE('',(#2676),#2678,.T.);
#594=COLOUR_RGB('',0.564705882352941,0.564705882352941,0.564705882352941);
#595=FILL_AREA_STYLE_COLOUR('',#594);
#596=FILL_AREA_STYLE($,(#595));
#597=SURFACE_STYLE_FILL_AREA(#596);
#598=SURFACE_SIDE_STYLE('',(#597));
#599=SURFACE_STYLE_USAGE(.BOTH.,#598);
#600=PRESENTATION_STYLE_ASSIGNMENT((#599));
#601=STYLED_ITEM('',(#600),#593);
#602=ADVANCED_FACE('',(#2751),#2753,.T.);
#603=COLOUR_RGB('',0.564705882352941,0.564705882352941,0.564705882352941);
#604=FILL_AREA_STYLE_COLOUR('',#603);
#605=FILL_AREA_STYLE($,(#604));
#606=SURFACE_STYLE_FILL_AREA(#605);
#607=SURFACE_SIDE_STYLE('',(#606));
#608=SURFACE_STYLE_USAGE(.BOTH.,#607);
#609=PRESENTATION_STYLE_ASSIGNMENT((#608));
#610=STYLED_ITEM('',(#609),#602);
#611=ADVANCED_FACE('',(#2826),#2828,.T.);
#612=COLOUR_RGB('',0.564705882352941,0.564705882352941,0.564705882352941);
#613=FILL_AREA_STYLE_COLOUR('',#612);
#614=FILL_AREA_STYLE($,(#613));
#615=SURFACE_STYLE_FILL_AREA(#614);
#616=SURFACE_SIDE_STYLE('',(#615));
#617=SURFACE_STYLE_USAGE(.BOTH.,#616);
#618=PRESENTATION_STYLE_ASSIGNMENT((#617));
#619=STYLED_ITEM('',(#618),#611);
#620=ADVANCED_FACE('',(#2901),#2903,.T.);
#621=COLOUR_RGB('',0.564705882352941,0.564705882352941,0.564705882352941);
#622=FILL_AREA_STYLE_COLOUR('',#621);
#623=FILL_AREA_STYLE($,(#622));
#624=SURFACE_STYLE_FILL_AREA(#623);
#625=SURFACE_SIDE_STYLE('',(#624));
#626=SURFACE_STYLE_USAGE(.BOTH.,#625);
#627=PRESENTATION_STYLE_ASSIGNMENT((#626));
#628=STYLED_ITEM('',(#627),#620);
#629=ADVANCED_FACE('',(#2976),#2978,.T.);
#630=COLOUR_RGB('',0.564705882352941,0.564705882352941,0.564705882352941);
#631=FILL_AREA_STYLE_COLOUR('',#630);
#632=FILL_AREA_STYLE($,(#631));
#633=SURFACE_STYLE_FILL_AREA(#632);
#634=SURFACE_SIDE_STYLE('',(#633));
#635=SURFACE_STYLE_USAGE(.BOTH.,#634);
#636=PRESENTATION_STYLE_ASSIGNMENT((#635));
#637=STYLED_ITEM('',(#636),#629);
#638=ADVANCED_FACE('',(#3051),#3053,.T.);
#639=COLOUR_RGB('',0.564705882352941,0.564705882352941,0.564705882352941);
#640=FILL_AREA_STYLE_COLOUR('',#639);
#641=FILL_AREA_STYLE($,(#640));
#642=SURFACE_STYLE_FILL_AREA(#641);
#643=SURFACE_SIDE_STYLE('',(#642));
#644=SURFACE_STYLE_USAGE(.BOTH.,#643);
#645=PRESENTATION_STYLE_ASSIGNMENT((#644));
#646=STYLED_ITEM('',(#645),#638);
#647=ADVANCED_FACE('',(#3126),#3128,.T.);
#648=COLOUR_RGB('',0.564705882352941,0.564705882352941,0.564705882352941);
#649=FILL_AREA_STYLE_COLOUR('',#648);
#650=FILL_AREA_STYLE($,(#649));
#651=SURFACE_STYLE_FILL_AREA(#650);
#652=SURFACE_SIDE_STYLE('',(#651));
#653=SURFACE_STYLE_USAGE(.BOTH.,#652);
#654=PRESENTATION_STYLE_ASSIGNMENT((#653));
#655=STYLED_ITEM('',(#654),#647);
#656=ADVANCED_FACE('',(#3201),#3203,.T.);
#657=COLOUR_RGB('',0.564705882352941,0.564705882352941,0.564705882352941);
#658=FILL_AREA_STYLE_COLOUR('',#657);
#659=FILL_AREA_STYLE($,(#658));
#660=SURFACE_STYLE_FILL_AREA(#659);
#661=SURFACE_SIDE_STYLE('',(#660));
#662=SURFACE_STYLE_USAGE(.BOTH.,#661);
#663=PRESENTATION_STYLE_ASSIGNMENT((#662));
#664=STYLED_ITEM('',(#663),#656);
#665=ADVANCED_FACE('',(#3276,#3278),#3280,.F.);
#666=COLOUR_RGB('',0.564705882352941,0.564705882352941,0.564705882352941);
#667=FILL_AREA_STYLE_COLOUR('',#666);
#668=FILL_AREA_STYLE($,(#667));
#669=SURFACE_STYLE_FILL_AREA(#668);
#670=SURFACE_SIDE_STYLE('',(#669));
#671=SURFACE_STYLE_USAGE(.BOTH.,#670);
#672=PRESENTATION_STYLE_ASSIGNMENT((#671));
#673=STYLED_ITEM('',(#672),#665);
#674=FACE_BOUND('',#675,.T.);
#675=EDGE_LOOP('',(#3285));
#676=FACE_BOUND('',#677,.T.);
#677=EDGE_LOOP('',(#3286));
#678=PLANE('',#679);
#679=AXIS2_PLACEMENT_3D('',#680,#681,#682);
#680=CARTESIAN_POINT('',(5.08912846796994E-14,24.9810716500973,65.0779165799934));
#681=DIRECTION('',(7.37054211439326E-16,0.358367949545335,0.933580426497188));
#682=DIRECTION('',(-1.,3.78467234562906E-16,6.44211968834305E-16));
#683=FACE_OUTER_BOUND('',#684,.T.);
#684=EDGE_LOOP('',(#3287));
#685=FACE_OUTER_BOUND('',#686,.T.);
#686=EDGE_LOOP('',(#3288));
#687=CYLINDRICAL_SURFACE('',#688,2.45);
#688=AXIS2_PLACEMENT_3D('',#689,#690,#691);
#689=CARTESIAN_POINT('',(0.499999999990681,42.9831069509926,-2.74516232938045));
#690=DIRECTION('',(6.41829882161536E-17,0.358367949545334,0.933580426497189));
#691=DIRECTION('',(-1.,1.37331753988357E-16,1.60325652799312E-17));
#692=FACE_BOUND('',#693,.T.);
#693=EDGE_LOOP('',(#3289,#3290,#3291,#3292,#3293,#3294,#3295,#3296,#3297));
#694=FACE_OUTER_BOUND('',#695,.T.);
#695=EDGE_LOOP('',(#3298));
#696=CYLINDRICAL_SURFACE('',#697,7.5);
#697=AXIS2_PLACEMENT_3D('',#698,#699,#700);
#698=CARTESIAN_POINT('',(0.499999999989791,59.7787184539423,41.0089015317603));
#699=DIRECTION('',(7.37054211439326E-16,0.358367949545335,0.933580426497188));
#700=DIRECTION('',(-0.447213595499958,-0.835019718444383,0.320534038456234));
#701=FACE_BOUND('',#702,.T.);
#702=EDGE_LOOP('',(#3299));
#703=PLANE('',#704);
#704=AXIS2_PLACEMENT_3D('',#705,#706,#707);
#705=CARTESIAN_POINT('',(0.,0.,4.));
#706=DIRECTION('',(0.,0.,1.));
#707=DIRECTION('',(-1.,1.22464679914735E-16,0.));
#708=FACE_BOUND('',#709,.T.);
#709=EDGE_LOOP('',(#3300,#3301,#3302,#3303));
#710=B_SPLINE_SURFACE_WITH_KNOTS('',3,3,(
(#711,#712,#713,#714,#715),
(#716,#717,#718,#719,#720),
(#721,#722,#723,#724,#725),
(#726,#727,#728,#729,#730),
(#731,#732,#733,#734,#735),
(#736,#737,#738,#739,#740),
(#741,#742,#743,#744,#745),
(#746,#747,#748,#749,#750),
(#751,#752,#753,#754,#755),
(#756,#757,#758,#759,#760),
(#761,#762,#763,#764,#765),
(#766,#767,#768,#769,#770),
(#771,#772,#773,#774,#775),
(#776,#777,#778,#779,#780),
(#781,#782,#783,#784,#785)),
.UNSPECIFIED.,.F.,.F.,.F.,
(4,1,1,1,1,1,1,1,1,1,1,1,4),
(4,1,4),
(0.,0.10870350487537,0.203501331674043,0.288120111485813,0.372738891297583,0.459566388505528,
0.548983285720112,0.637204035514517,0.72553449842053,0.814546648693373,0.901343758287904,
0.980781984189128,1.),
(0.0824480262691614,0.516904940246469,0.825920069202159),
.UNSPECIFIED.);
#711=CARTESIAN_POINT('',(-4.14349066572584,61.6823027930785,37.3296903571184));
#712=CARTESIAN_POINT('',(-4.39553030264118,61.9948644076576,37.6750755429067));
#713=CARTESIAN_POINT('',(-4.82683756863011,62.5297409734514,38.266122022812));
#714=CARTESIAN_POINT('',(-5.25814483461904,63.0646175392451,38.8571685027172));
#715=CARTESIAN_POINT('',(-5.43741246369263,63.2869324904598,39.1028297968343));
#716=CARTESIAN_POINT('',(-4.15810676161129,61.4756021353308,37.4090353056459));
#717=CARTESIAN_POINT('',(-4.43581939601016,61.7816054998542,37.7569379677633));
#718=CARTESIAN_POINT('',(-4.91106003093217,62.305259144778,38.3522925233586));
#719=CARTESIAN_POINT('',(-5.38630066585418,62.8289127897018,38.9476470789539));
#720=CARTESIAN_POINT('',(-5.58382866637732,63.0465630701023,39.1950989724318));
#721=CARTESIAN_POINT('',(-4.18284194744276,61.087007592686,37.5582027747783));
#722=CARTESIAN_POINT('',(-4.50400163970051,61.3778615595235,37.9119207458198));
#723=CARTESIAN_POINT('',(-5.0535918172965,61.8755905309424,38.5172268511936));
#724=CARTESIAN_POINT('',(-5.6031819948925,62.3733195023615,39.1225329565675));
#725=CARTESIAN_POINT('',(-5.83161248023075,62.5801945069431,39.3741210908998));
#726=CARTESIAN_POINT('',(-4.21036559866829,60.5333606791699,37.7707279129856));
#727=CARTESIAN_POINT('',(-4.57987025487456,60.7966723509203,38.1350183805533));
#728=CARTESIAN_POINT('',(-5.21219160317121,61.247269084972,38.7584168567432));
#729=CARTESIAN_POINT('',(-5.84451295146783,61.6978658190236,39.3818153329331));
#730=CARTESIAN_POINT('',(-6.10732964355821,61.885150881325,39.6409233415553));
#731=CARTESIAN_POINT('',(-4.22923709185919,60.0238390144942,37.9663149551259));
#732=CARTESIAN_POINT('',(-4.63188929998338,60.2581244978553,38.3417475324905));
#733=CARTESIAN_POINT('',(-5.32093498008324,60.6590496560012,38.9842131402342));
#734=CARTESIAN_POINT('',(-6.00998066018308,61.0599748141471,39.6266787479778));
#735=CARTESIAN_POINT('',(-6.29637413215874,61.2266144889321,39.8937117783569));
#736=CARTESIAN_POINT('',(-4.24154817171744,59.5282749189674,38.1565441884536));
#737=CARTESIAN_POINT('',(-4.66582464426198,59.7319106599988,38.5437420995816));
#738=CARTESIAN_POINT('',(-5.39187522756002,60.0803859069752,39.2063413418641));
#739=CARTESIAN_POINT('',(-6.11792581085808,60.4288611539514,39.8689405841466));
#740=CARTESIAN_POINT('',(-6.41969992161159,60.5737006598963,40.144341915301));
#741=CARTESIAN_POINT('',(-4.24778131849193,59.0225369196034,38.3506788175602));
#742=CARTESIAN_POINT('',(-4.68300623874166,59.193388703048,38.7504613109319));
#743=CARTESIAN_POINT('',(-5.4277925459296,59.4857618254214,39.4345961411386));
#744=CARTESIAN_POINT('',(-6.17257885311751,59.7781349477948,40.1187309713452));
#745=CARTESIAN_POINT('',(-6.48214024005571,59.8996562867237,40.40308330818));
#746=CARTESIAN_POINT('',(-4.24745861283991,58.5095206829654,38.5476073001947));
#747=CARTESIAN_POINT('',(-4.68211670447433,58.6466175574944,38.9603470891051));
#748=CARTESIAN_POINT('',(-5.42593301621492,58.8812269977097,39.6666553194235));
#749=CARTESIAN_POINT('',(-6.16974932795551,59.1158364379248,40.3729635497418));
#750=CARTESIAN_POINT('',(-6.47890754806168,59.213349003611,40.6665319911498));
#751=CARTESIAN_POINT('',(-4.24040508211752,57.9939512235184,38.7455158732392));
#752=CARTESIAN_POINT('',(-4.66267373146139,58.0977376788015,39.1710423340899));
#753=CARTESIAN_POINT('',(-5.38528839195829,58.2753440776311,39.8992319818839));
#754=CARTESIAN_POINT('',(-6.10790305245519,58.4529504764606,40.6274216296779));
#755=CARTESIAN_POINT('',(-6.40824906360822,58.526770420007,40.930084816621));
#756=CARTESIAN_POINT('',(-4.22676057790222,57.4801695272904,38.9427381882806));
#757=CARTESIAN_POINT('',(-4.62506281890226,57.5524583214612,39.3803554684201));
#758=CARTESIAN_POINT('',(-5.30666454117696,57.676163793176,40.1292357435884));
#759=CARTESIAN_POINT('',(-5.98826626345168,57.799869264891,40.8781160187568));
#760=CARTESIAN_POINT('',(-6.27156574472635,57.851285942435,41.1893790137856));
#761=CARTESIAN_POINT('',(-4.2067402095382,56.9707775209726,39.1382754592405));
#762=CARTESIAN_POINT('',(-4.56987691312955,57.0146100563722,39.586816073694));
#763=CARTESIAN_POINT('',(-5.1913009904021,57.0896192542743,40.3543890970193));
#764=CARTESIAN_POINT('',(-5.81272506767461,57.1646284521765,41.1219621203446));
#765=CARTESIAN_POINT('',(-6.0710124413558,57.195805114679,41.4409945292164));
#766=CARTESIAN_POINT('',(-4.18142501771934,56.480694865555,39.32640056485));
#767=CARTESIAN_POINT('',(-4.50009588987705,56.5008243991569,39.784039909216));
#768=CARTESIAN_POINT('',(-5.04542703025963,56.5352714179263,40.567183294293));
#769=CARTESIAN_POINT('',(-5.59075817064219,56.5697184366957,41.35032667937));
#770=CARTESIAN_POINT('',(-5.81741843886704,56.5840359218632,41.6758307200811));
#771=CARTESIAN_POINT('',(-4.15911504917405,56.1264856355112,39.4623687491414));
#772=CARTESIAN_POINT('',(-4.43859872860878,56.1326721804236,39.9253603054062));
#773=CARTESIAN_POINT('',(-4.91687009552873,56.1432590143232,40.7176627573241));
#774=CARTESIAN_POINT('',(-5.39514146244872,56.1538458482226,41.509965209242));
#775=CARTESIAN_POINT('',(-5.59392914993397,56.1582461372097,41.8392761048951));
#776=CARTESIAN_POINT('',(-4.14607468877221,55.9387500220411,39.5344336992479));
#777=CARTESIAN_POINT('',(-4.40265313124048,55.9387387268467,39.9998043834246));
#778=CARTESIAN_POINT('',(-4.84172750814041,55.9387193977465,40.7961781598678));
#779=CARTESIAN_POINT('',(-5.28080188504033,55.9387000686462,41.592551936311));
#780=CARTESIAN_POINT('',(-5.46329781947198,55.9386920347404,41.9235550285775));
#781=CARTESIAN_POINT('',(-4.14349066572584,55.9022067982208,39.5484613285968));
#782=CARTESIAN_POINT('',(-4.39553030264118,55.9010360505009,40.0142770848983));
#783=CARTESIAN_POINT('',(-4.82683756863011,55.8990325878535,40.811412498851));
#784=CARTESIAN_POINT('',(-5.25814483461903,55.897029125206,41.6085479128037));
#785=CARTESIAN_POINT('',(-5.43741246369262,55.8961964102785,41.9398675704548));
#786=FACE_BOUND('',#787,.T.);
#787=EDGE_LOOP('',(#3304,#3305,#3306,#3307));
#788=B_SPLINE_SURFACE_WITH_KNOTS('',3,3,(
(#789,#790,#791,#792,#793),
(#794,#795,#796,#797,#798),
(#799,#800,#801,#802,#803),
(#804,#805,#806,#807,#808),
(#809,#810,#811,#812,#813),
(#814,#815,#816,#817,#818),
(#819,#820,#821,#822,#823),
(#824,#825,#826,#827,#828),
(#829,#830,#831,#832,#833),
(#834,#835,#836,#837,#838),
(#839,#840,#841,#842,#843),
(#844,#845,#846,#847,#848),
(#849,#850,#851,#852,#853),
(#854,#855,#856,#857,#858)),
.UNSPECIFIED.,.F.,.F.,.F.,
(4,1,1,1,1,1,1,1,1,1,1,4),
(4,1,4),
(0.,0.175302001877026,0.328184669353536,0.464605816408355,0.601026963463174,0.741004548281011,
0.885173719450049,1.02733512257846,1.17000136247832,1.31296013695348,1.44826939735759,
1.57079632679487),
(0.0733724997846258,0.564408312445385,0.853252908128184),
.UNSPECIFIED.);
#789=CARTESIAN_POINT('',(-4.12769582628569,55.9022801667294,39.5192695507895));
#790=CARTESIAN_POINT('',(-4.41255833843324,55.9009569536798,40.045748037118));
#791=CARTESIAN_POINT('',(-4.86498703419699,55.8988553800127,40.8819197506985));
#792=CARTESIAN_POINT('',(-5.31741572996074,55.8967538063457,41.7180914642791));
#793=CARTESIAN_POINT('',(-5.48498191357695,55.8959754457283,42.0277846915311));
#794=CARTESIAN_POINT('',(-4.12180076600895,55.7929245753149,39.5612472293635));
#795=CARTESIAN_POINT('',(-4.39351263941961,55.7910438590458,40.0879397211274));
#796=CARTESIAN_POINT('',(-4.82505502660124,55.788056839089,40.9244513256935));
#797=CARTESIAN_POINT('',(-5.25659741378287,55.7850698191322,41.7609629302597));
#798=CARTESIAN_POINT('',(-5.41642792755384,55.7839635154444,42.070782043062));
#799=CARTESIAN_POINT('',(-4.09246701190988,55.5884996477839,39.6397186069074));
#800=CARTESIAN_POINT('',(-4.34163667487504,55.5862408493616,40.1665562308121));
#801=CARTESIAN_POINT('',(-4.73737672781971,55.5826533459852,41.0032983393668));
#802=CARTESIAN_POINT('',(-5.13311678076437,55.5790658426086,41.8400404479214));
#803=CARTESIAN_POINT('',(-5.27968717074388,55.5777371376544,42.1499449325712));
#804=CARTESIAN_POINT('',(-4.00323806556861,55.3076411899945,39.7475300677883));
#805=CARTESIAN_POINT('',(-4.22598378680535,55.3054052672894,40.2743589105279));
#806=CARTESIAN_POINT('',(-4.57975640288725,55.3018540959343,41.1110870725262));
#807=CARTESIAN_POINT('',(-4.93352901896915,55.2983029245793,41.9478152345245));
#808=CARTESIAN_POINT('',(-5.0645559138143,55.2969876759292,42.2577145537831));
#809=CARTESIAN_POINT('',(-3.88445726555196,55.0624929947889,39.8416336431815));
#810=CARTESIAN_POINT('',(-4.08725028529945,55.0599012272422,40.368599081958));
#811=CARTESIAN_POINT('',(-4.40933331666308,55.0557848905505,41.2055441906028));
#812=CARTESIAN_POINT('',(-4.73141634802673,55.0516685538586,42.0424892992477));
#813=CARTESIAN_POINT('',(-4.85070635964289,55.0501439847135,42.3524689691162));
#814=CARTESIAN_POINT('',(-3.73729556150702,54.8400627022728,39.9270166327809));
#815=CARTESIAN_POINT('',(-3.92438637130452,54.8361388810374,40.4544933990611));
#816=CARTESIAN_POINT('',(-4.22153059862996,54.8299069296635,41.2922506160945));
#817=CARTESIAN_POINT('',(-4.5186748259554,54.8236749782897,42.1300078331278));
#818=CARTESIAN_POINT('',(-4.62872824348334,54.8213668481512,42.4402882838809));
#819=CARTESIAN_POINT('',(-3.55688930496182,54.6332129811977,40.0064188013588));
#820=CARTESIAN_POINT('',(-3.73138731800491,54.6262959135251,40.5350445672942));
#821=CARTESIAN_POINT('',(-4.00853122107334,54.6153099825158,41.3746266661329));
#822=CARTESIAN_POINT('',(-4.28567512414178,54.6043240515064,42.2142087649716));
#823=CARTESIAN_POINT('',(-4.38832101416713,54.6002551881697,42.5251650978748));
#824=CARTESIAN_POINT('',(-3.34555263590192,54.4479975012991,40.0775163628236));
#825=CARTESIAN_POINT('',(-3.5103488194199,54.4357445539381,40.6081903810667));
#826=CARTESIAN_POINT('',(-3.77208393441904,54.4162839904824,41.4510255865118));
#827=CARTESIAN_POINT('',(-4.03381904941819,54.3968234270268,42.2938607919567));
#828=CARTESIAN_POINT('',(-4.13075798089935,54.3896158109321,42.6060219791585));
#829=CARTESIAN_POINT('',(-3.10803563938462,54.2899635181072,40.1381799252844));
#830=CARTESIAN_POINT('',(-3.26557118376716,54.2694664153578,40.6720185782804));
#831=CARTESIAN_POINT('',(-3.51577469543357,54.2369121933442,41.5198799683328));
#832=CARTESIAN_POINT('',(-3.76597820709996,54.2043579713304,42.3677413583852));
#833=CARTESIAN_POINT('',(-3.85864617438381,54.1923008520661,42.6817640954417));
#834=CARTESIAN_POINT('',(-2.85096272074988,54.1634111124606,40.1867588423593));
#835=CARTESIAN_POINT('',(-3.00306788745296,54.1314065572868,40.7250147924759));
#836=CARTESIAN_POINT('',(-3.24464668162844,54.0805757931871,41.57989188972));
#837=CARTESIAN_POINT('',(-3.48622547580393,54.0297450290875,42.434768986964));
#838=CARTESIAN_POINT('',(-3.57569910327633,54.0109188201617,42.7513901340915));
#839=CARTESIAN_POINT('',(-2.58281770507274,54.0717932506485,40.2219276444759));
#840=CARTESIAN_POINT('',(-2.73063433620787,54.0248934074173,40.7659013599691));
#841=CARTESIAN_POINT('',(-2.96540192683425,53.9504054211091,41.6298596139879));
#842=CARTESIAN_POINT('',(-3.20016951746063,53.8759174348008,42.4938178680067));
#843=CARTESIAN_POINT('',(-3.28712047695188,53.8483292917237,42.8138024065322));
#844=CARTESIAN_POINT('',(-2.31812038324163,54.0165974129197,40.2431153414636));
#845=CARTESIAN_POINT('',(-2.46210723102438,53.9519983622036,40.7938831461591));
#846=CARTESIAN_POINT('',(-2.6907922245617,53.8493998698898,41.6686320124399));
#847=CARTESIAN_POINT('',(-2.91947721809902,53.7468013775761,42.5433808787209));
#848=CARTESIAN_POINT('',(-3.00417536385358,53.7088019359784,42.8673619403064));
#849=CARTESIAN_POINT('',(-2.1450026578571,54.0006863296707,40.2492230340814));
#850=CARTESIAN_POINT('',(-2.28625187452877,53.9225503763256,40.8051871688418));
#851=CARTESIAN_POINT('',(-2.51058886571317,53.7984520974836,41.6881890299319));
#852=CARTESIAN_POINT('',(-2.73492585689758,53.6743538186414,42.571190891022));
#853=CARTESIAN_POINT('',(-2.81801363141033,53.6283914931444,42.8982286173517));
#854=CARTESIAN_POINT('',(-2.06266759633545,53.9975850470843,40.2504135049288));
#855=CARTESIAN_POINT('',(-2.20246581403464,53.9125307850196,40.8090333295899));
#856=CARTESIAN_POINT('',(-2.42449827743924,53.7774446040934,41.6962530511106));
#857=CARTESIAN_POINT('',(-2.64653074084385,53.6423584231672,42.5834727726313));
#858=CARTESIAN_POINT('',(-2.72876498654926,53.5923265043056,42.9120726694908));
#859=FACE_BOUND('',#860,.T.);
#860=EDGE_LOOP('',(#3308,#3309,#3310,#3311));
#861=B_SPLINE_SURFACE_WITH_KNOTS('',3,3,(
(#862,#863,#864,#865),
(#866,#867,#868,#869),
(#870,#871,#872,#873),
(#874,#875,#876,#877),
(#878,#879,#880,#881),
(#882,#883,#884,#885),
(#886,#887,#888,#889),
(#890,#891,#892,#893),
(#894,#895,#896,#897),
(#898,#899,#900,#901),
(#902,#903,#904,#905),
(#906,#907,#908,#909),
(#910,#911,#912,#913)),
.UNSPECIFIED.,.F.,.F.,.F.,
(4,1,1,1,1,1,1,1,1,1,4),
(4,4),
(0.,0.130845427004439,0.244954958413715,0.346818049970209,0.448681141526703,0.553206566574399,
0.660836313235585,0.767002169407308,0.873499293685397,0.952617135638358,1.),
(0.0794351796473265,0.834585654034226),
.UNSPECIFIED.);
#862=CARTESIAN_POINT('',(-2.06784574312699,53.9944346245577,40.2711048663808));
#863=CARTESIAN_POINT('',(-2.28283757812563,53.8636320136468,41.1301909344803));
#864=CARTESIAN_POINT('',(-2.49782941312429,53.732829402736,41.9892770025799));
#865=CARTESIAN_POINT('',(-2.71282124812293,53.6020267918251,42.8483630706795));
#866=CARTESIAN_POINT('',(-1.84554156611706,53.9843746659165,40.2749665226971));
#867=CARTESIAN_POINT('',(-2.04713410029173,53.8216937253036,41.1462895350662));
#868=CARTESIAN_POINT('',(-2.24872663446641,53.6590127846908,42.0176125474354));
#869=CARTESIAN_POINT('',(-2.45031916864108,53.4963318440779,42.8889355598046));
#870=CARTESIAN_POINT('',(-1.42814192607285,53.9678295460397,40.2813175991732));
#871=CARTESIAN_POINT('',(-1.60076696553579,53.7527198822872,41.1727661127584));
#872=CARTESIAN_POINT('',(-1.77339200499873,53.5376102185349,42.0642146263436));
#873=CARTESIAN_POINT('',(-1.94601704446167,53.3225005547825,42.955663139929));
#874=CARTESIAN_POINT('',(-0.834731523538126,53.9507900554317,40.2878584467929));
#875=CARTESIAN_POINT('',(-0.958618898613537,53.6816850902145,41.2000338146714));
#876=CARTESIAN_POINT('',(-1.08250627368895,53.4125801249973,42.1122091825499));
#877=CARTESIAN_POINT('',(-1.20639364876436,53.1434751597801,43.0243845504284));
#878=CARTESIAN_POINT('',(-0.289535999535646,53.9404980409294,40.2918091810083));
#879=CARTESIAN_POINT('',(-0.364403640093037,53.6387793997218,41.2165037661498));
#880=CARTESIAN_POINT('',(-0.439271280650427,53.3370607585143,42.1411983512913));
#881=CARTESIAN_POINT('',(-0.514138921207818,53.0353421173068,43.0658929364329));
#882=CARTESIAN_POINT('',(0.239979155810845,53.9354752277867,40.2937372583285));
#883=CARTESIAN_POINT('',(0.215060167668443,53.6178401301494,41.2245415986586));
#884=CARTESIAN_POINT('',(0.190141179526041,53.3002050325122,42.1553459389887));
#885=CARTESIAN_POINT('',(0.165222191383639,52.982569934875,43.0861502793188));
#886=CARTESIAN_POINT('',(0.779663713999644,53.9355224838797,40.293719118414));
#887=CARTESIAN_POINT('',(0.806462572640308,53.6180371329133,41.2244659763828));
#888=CARTESIAN_POINT('',(0.833261431280974,53.3005517819468,42.1552128343516));
#889=CARTESIAN_POINT('',(0.860060289921638,52.9830664309804,43.0859596923204));
#890=CARTESIAN_POINT('',(1.32645856460556,53.9409512920831,40.2916351941916));
#891=CARTESIAN_POINT('',(1.40478202843559,53.6406689281236,41.2157784441532));
#892=CARTESIAN_POINT('',(1.48310549226563,53.3403865641642,42.1399216941148));
#893=CARTESIAN_POINT('',(1.56142895609567,53.0401042002048,43.0640649440764));
#894=CARTESIAN_POINT('',(1.87577085516701,53.9518158225639,40.2874646916825));
#895=CARTESIAN_POINT('',(2.00318296162112,53.6859613421654,41.1983923153426));
#896=CARTESIAN_POINT('',(2.13059506807523,53.4201068617669,42.1093199390029));
#897=CARTESIAN_POINT('',(2.25800717452935,53.1542523813684,43.020247562663));
#898=CARTESIAN_POINT('',(2.37488483841971,53.9665124676186,40.2818231782103));
#899=CARTESIAN_POINT('',(2.54289797543293,53.7472292021996,41.1748737873719));
#900=CARTESIAN_POINT('',(2.71091111244616,53.5279459367808,42.0679243965336));
#901=CARTESIAN_POINT('',(2.87892424945939,53.3086626713618,42.9609750056952));
#902=CARTESIAN_POINT('',(2.77219159215433,53.9814930888935,40.2760726564804));
#903=CARTESIAN_POINT('',(2.96865145803756,53.8096809116946,41.1509008221704));
#904=CARTESIAN_POINT('',(3.16511132392079,53.6378687344954,42.0257289878604));
#905=CARTESIAN_POINT('',(3.36157118980402,53.4660565572965,42.9005571535504));
#906=CARTESIAN_POINT('',(2.98734305451455,53.9907916263522,40.2725032823716));
#907=CARTESIAN_POINT('',(3.19748262016996,53.8484449622258,41.1360206973191));
#908=CARTESIAN_POINT('',(3.40762218582537,53.7060982980994,41.9995381122667));
#909=CARTESIAN_POINT('',(3.61776175148078,53.5637516339731,42.8630555272142));
#910=CARTESIAN_POINT('',(3.06784574312537,53.9944346245577,40.2711048663808));
#911=CARTESIAN_POINT('',(3.28283757811887,53.8636320136468,41.1301909344803));
#912=CARTESIAN_POINT('',(3.49782941311237,53.732829402736,41.9892770025799));
#913=CARTESIAN_POINT('',(3.71282124810588,53.6020267918251,42.8483630706795));
#914=FACE_BOUND('',#915,.T.);
#915=EDGE_LOOP('',(#3312,#3313,#3314,#3315));
#916=B_SPLINE_SURFACE_WITH_KNOTS('',3,3,(
(#917,#918,#919,#920,#921),
(#922,#923,#924,#925,#926),
(#927,#928,#929,#930,#931),
(#932,#933,#934,#935,#936),
(#937,#938,#939,#940,#941),
(#942,#943,#944,#945,#946),
(#947,#948,#949,#950,#951),
(#952,#953,#954,#955,#956),
(#957,#958,#959,#960,#961),
(#962,#963,#964,#965,#966),
(#967,#968,#969,#970,#971),
(#972,#973,#974,#975,#976),
(#977,#978,#979,#980,#981),
(#982,#983,#984,#985,#986)),
.UNSPECIFIED.,.F.,.F.,.F.,
(4,1,1,1,1,1,1,1,1,1,1,4),
(4,1,4),
(0.,0.175295294417853,0.328172355126279,0.464589474254078,0.601006593381877,0.740981041213206,
0.885148497028844,1.027309602207,1.16997707132644,1.3129384614963,1.44826183643456,
1.57079632679488),
(0.0733724997841991,0.52910508408445,0.853252908128994),
.UNSPECIFIED.);
#917=CARTESIAN_POINT('',(3.06266759633359,53.9975850470845,40.2504135049273));
#918=CARTESIAN_POINT('',(3.192414961777,53.918645797325,40.7688711199731));
#919=CARTESIAN_POINT('',(3.41444742517665,53.7835596163986,41.6560908414953));
#920=CARTESIAN_POINT('',(3.63647988857628,53.6484734354721,42.5433105630173));
#921=CARTESIAN_POINT('',(3.72876498653251,53.5923265043051,42.9120726694936));
#922=CARTESIAN_POINT('',(3.18046169202044,54.0020219512537,40.2487103369899));
#923=CARTESIAN_POINT('',(3.31213570701894,53.9322688943651,40.7636417029737));
#924=CARTESIAN_POINT('',(3.53746518338961,53.8129027477179,41.6448270687065));
#925=CARTESIAN_POINT('',(3.76279465976028,53.6935366010705,42.5260124344392));
#926=CARTESIAN_POINT('',(3.85645012113246,53.6439235113118,42.8922664341883));
#927=CARTESIAN_POINT('',(3.40072518110949,54.0274428398112,40.238952172134));
#928=CARTESIAN_POINT('',(3.5354727176015,53.973157161974,40.7479461675837));
#929=CARTESIAN_POINT('',(3.76606181173925,53.8802598400413,41.618971103459));
#930=CARTESIAN_POINT('',(3.99665090587698,53.7873625181085,42.4899960393341));
#931=CARTESIAN_POINT('',(4.09249246352272,53.748750874013,42.8520269797597));
#932=CARTESIAN_POINT('',(3.70355840760015,54.1080586730501,40.2080066530992));
#933=CARTESIAN_POINT('',(3.84243023839271,54.0711168364949,40.7103429716513));
#934=CARTESIAN_POINT('',(4.08007710376306,54.0078994683056,41.569974840723));
#935=CARTESIAN_POINT('',(4.31772396913342,53.944682100116,42.4296067097946));
#936=CARTESIAN_POINT('',(4.41649900371123,53.9184065684818,42.7869022603142));
#937=CARTESIAN_POINT('',(3.96809965858851,54.2165713164513,40.1663525519508));
#938=CARTESIAN_POINT('',(4.11138090933868,54.1920067593203,40.6639376780804));
#939=CARTESIAN_POINT('',(4.35657347224215,54.1499702284553,41.5154389854714));
#940=CARTESIAN_POINT('',(4.6017660351456,54.1079336975902,42.3669402928622));
#941=CARTESIAN_POINT('',(4.70367734729889,54.0904617238562,42.7208564741234));
#942=CARTESIAN_POINT('',(4.20835939616271,54.3517332608219,40.1144687426015));
#943=CARTESIAN_POINT('',(4.35712339408228,54.3361824942647,40.6085937987105));
#944=CARTESIAN_POINT('',(4.61169840460661,54.3095709712127,41.4541740003619));
#945=CARTESIAN_POINT('',(4.86627341513094,54.2829594481605,42.2997542020132));
#946=CARTESIAN_POINT('',(4.97208442773571,54.2718986916657,42.6512093475555));
#947=CARTESIAN_POINT('',(4.43207917291759,54.5179793322714,40.0506528548061));
#948=CARTESIAN_POINT('',(4.58827969883973,54.5088475494851,40.542313893904));
#949=CARTESIAN_POINT('',(4.85558059883325,54.4932206254215,41.3836775030644));
#950=CARTESIAN_POINT('',(5.12288149882677,54.4775937013576,42.2250411122248));
#951=CARTESIAN_POINT('',(5.23398187289815,54.4710985600801,42.5747436822874));
#952=CARTESIAN_POINT('',(4.63276661693173,54.7131711159554,39.9757257491154));
#953=CARTESIAN_POINT('',(4.79901739541209,54.7080952607123,40.4658298635006));
#954=CARTESIAN_POINT('',(5.08351696703695,54.6994091140641,41.3045291578362));
#955=CARTESIAN_POINT('',(5.36801653866179,54.6907229674158,42.1432284521716));
#956=CARTESIAN_POINT('',(5.48626533180628,54.6871126760105,42.4918236321217));
#957=CARTESIAN_POINT('',(4.80446069616292,54.9328977998077,39.8913805776469));
#958=CARTESIAN_POINT('',(4.98389929129572,54.9299510345444,40.3806674109616));
#959=CARTESIAN_POINT('',(5.29096674634692,54.924908330608,41.2179681186763));
#960=CARTESIAN_POINT('',(5.59803420139811,54.9198656266715,42.055268826391));
#961=CARTESIAN_POINT('',(5.72566306131651,54.9177696879983,42.4032827007909));
#962=CARTESIAN_POINT('',(4.94252684869011,55.170998245919,39.7999823796588));
#963=CARTESIAN_POINT('',(5.13858711077233,55.168829630432,40.2889705092606));
#964=CARTESIAN_POINT('',(5.47409868602571,55.1651185489999,41.1257600549876));
#965=CARTESIAN_POINT('',(5.80961026127908,55.1614074675679,41.9625496007145));
#966=CARTESIAN_POINT('',(5.94906157445024,55.1598650016229,42.3103510168398));
#967=CARTESIAN_POINT('',(5.04322747607502,55.419585985751,39.7045584867866));
#968=CARTESIAN_POINT('',(5.25938472385001,55.4174978459056,40.1935157246838));
#969=CARTESIAN_POINT('',(5.62928761969032,55.4139244798325,41.0302524064376));
#970=CARTESIAN_POINT('',(5.99919051553062,55.410351113759,41.8669890881912));
#971=CARTESIAN_POINT('',(6.15293616359593,55.408865887531,42.2147685320477));
#972=CARTESIAN_POINT('',(5.1048695841849,55.6651508111195,39.6102949820579));
#973=CARTESIAN_POINT('',(5.34382396706784,55.6631393519662,40.0992227849952));
#974=CARTESIAN_POINT('',(5.75273886171965,55.6596972070771,40.9359090956557));
#975=CARTESIAN_POINT('',(6.16165375637143,55.656255062188,41.7725954063161));
#976=CARTESIAN_POINT('',(6.3316142681403,55.6548243764522,42.1203539140392));
#977=CARTESIAN_POINT('',(5.12357523325596,55.825841612015,39.548611562833));
#978=CARTESIAN_POINT('',(5.3794261336744,55.8242518591979,40.0373774878746));
#979=CARTESIAN_POINT('',(5.81725549143274,55.8215313667012,40.8737867821359));
#980=CARTESIAN_POINT('',(6.25508484919105,55.8188108742042,41.7101960763971));
#981=CARTESIAN_POINT('',(6.43706330653094,55.8176801345245,42.0578394456168));
#982=CARTESIAN_POINT('',(5.12769582628351,55.9022801667294,39.5192695507881));
#983=CARTESIAN_POINT('',(5.39207802709749,55.9010520866441,40.0078966426754));
#984=CARTESIAN_POINT('',(5.84450672285664,55.8989505129771,40.8440683562574));
#985=CARTESIAN_POINT('',(6.29693541861578,55.89684893931,41.6802400698392));
#986=CARTESIAN_POINT('',(6.48498191356094,55.8959754457283,42.0277846915337));
#987=FACE_BOUND('',#988,.T.);
#988=EDGE_LOOP('',(#3316,#3317,#3318,#3319));
#989=B_SPLINE_SURFACE_WITH_KNOTS('',3,3,(
(#990,#991,#992,#993),
(#994,#995,#996,#997),
(#998,#999,#1000,#1001),
(#1002,#1003,#1004,#1005),
(#1006,#1007,#1008,#1009),
(#1010,#1011,#1012,#1013),
(#1014,#1015,#1016,#1017),
(#1018,#1019,#1020,#1021),
(#1022,#1023,#1024,#1025),
(#1026,#1027,#1028,#1029),
(#1030,#1031,#1032,#1033),
(#1034,#1035,#1036,#1037),
(#1038,#1039,#1040,#1041),
(#1042,#1043,#1044,#1045),
(#1046,#1047,#1048,#1049)),
.UNSPECIFIED.,.F.,.F.,.F.,
(4,1,1,1,1,1,1,1,1,1,1,1,4),
(4,4),
(0.,0.10870350487394,0.203501331671874,0.288120111483382,0.372738891294889,0.459566388502962,
0.548983285717398,0.637204035511929,0.725534498417723,0.814546648690768,0.90134375828537,
0.980781984187707,1.),
(0.082448026268626,0.825920069202964),
.UNSPECIFIED.);
#990=CARTESIAN_POINT('',(5.14349066572323,55.9022067982208,39.5484613285951));
#991=CARTESIAN_POINT('',(5.57479793170787,55.9002033355734,40.3455967425491));
#992=CARTESIAN_POINT('',(6.00610519769251,55.8981998729259,41.1427321565033));
#993=CARTESIAN_POINT('',(6.43741246367716,55.8961964102784,41.9398675704574));
#994=CARTESIAN_POINT('',(5.15810676160839,56.1089074559657,39.4691163800686));
#995=CARTESIAN_POINT('',(5.63334739652562,56.1181269141881,40.2619437183327));
#996=CARTESIAN_POINT('',(6.10858803144283,56.1273463724104,41.0547710565969));
#997=CARTESIAN_POINT('',(6.58382866636006,56.1365658306328,41.847598394861));
#998=CARTESIAN_POINT('',(5.18284194743948,56.4975019986064,39.3199489109378));
#999=CARTESIAN_POINT('',(5.73243212503013,56.5326461303332,40.1028246994236));
#1000=CARTESIAN_POINT('',(6.28202230262078,56.5677902620601,40.8857004879092));
#1001=CARTESIAN_POINT('',(6.83161248021144,56.602934393787,41.668576276395));
#1002=CARTESIAN_POINT('',(5.21036559866473,57.0511489121176,39.1074237727325));
#1003=CARTESIAN_POINT('',(5.84268694695588,57.1334252812113,39.8722071904023));
#1004=CARTESIAN_POINT('',(6.47500829524705,57.215701650305,40.6369906080721));
#1005=CARTESIAN_POINT('',(7.10732964353821,57.2979780193988,41.401774025742));
#1006=CARTESIAN_POINT('',(5.22923709185558,57.5606705767907,38.9118367305931));
#1007=CARTESIAN_POINT('',(5.91828277195027,57.6926185217899,39.6575530167093));
#1008=CARTESIAN_POINT('',(6.60732845204498,57.8245664667891,40.4032693028255));
#1009=CARTESIAN_POINT('',(7.29637413213968,57.9565144117882,41.1489855889417));
#1010=CARTESIAN_POINT('',(5.24154817171391,58.0562346723166,38.7216074972658));
#1011=CARTESIAN_POINT('',(5.96759875500737,58.2406325284853,39.4471901488432));
#1012=CARTESIAN_POINT('',(6.69364933830083,58.425030384654,40.1727728004206));
#1013=CARTESIAN_POINT('',(7.4196999215943,58.6094282408228,40.898355451998));
#1014=CARTESIAN_POINT('',(5.24778131848855,58.5619726716799,38.5274728681594));
#1015=CARTESIAN_POINT('',(5.99256762567248,58.8024726524515,39.2315199318127));
#1016=CARTESIAN_POINT('',(6.73735393285643,59.0429726332231,39.935566995466));
#1017=CARTESIAN_POINT('',(7.48214024004036,59.2834726139947,40.6396140591193));
#1018=CARTESIAN_POINT('',(5.24745861283674,59.074988908318,38.3305443855248));
#1019=CARTESIAN_POINT('',(5.99127492457393,59.3732525712479,39.0124180490663));
#1020=CARTESIAN_POINT('',(6.73509123631113,59.6715162341778,39.6942917126078));
#1021=CARTESIAN_POINT('',(7.47890754804833,59.9697798971078,40.3761653761493));
#1022=CARTESIAN_POINT('',(5.2404050821146,59.5905583677645,38.1326358124807));
#1023=CARTESIAN_POINT('',(5.96301974260868,59.9458250720802,38.7926280585465));
#1024=CARTESIAN_POINT('',(6.68563440310277,60.3010917763959,39.4526203046123));
#1025=CARTESIAN_POINT('',(7.40824906359687,60.6563584807116,40.1126125506782));
#1026=CARTESIAN_POINT('',(5.22676057789958,60.1043400639926,37.9354134974392));
#1027=CARTESIAN_POINT('',(5.90836230017199,60.5135076954232,38.5747151161306));
#1028=CARTESIAN_POINT('',(6.5899640224444,60.9226753268538,39.2140167348219));
#1029=CARTESIAN_POINT('',(7.27156574471681,61.3318429582845,39.8533183535133));
#1030=CARTESIAN_POINT('',(5.20674020953588,60.6137320703104,37.7398762264792));
#1031=CARTESIAN_POINT('',(5.82816428680657,61.0715959755541,38.3604850970135));
#1032=CARTESIAN_POINT('',(6.44958836407727,61.5294598807977,38.9810939675478));
#1033=CARTESIAN_POINT('',(7.07101244134796,61.9873237860413,39.6017028380821));
#1034=CARTESIAN_POINT('',(5.18142501771722,61.1038147257307,37.5517511208687));
#1035=CARTESIAN_POINT('',(5.72675615809791,61.6022408101075,38.1567896296511));
#1036=CARTESIAN_POINT('',(6.27208729847861,62.1006668944845,38.7618281384335));
#1037=CARTESIAN_POINT('',(6.81741843885929,62.5990929788613,39.3668666472159));
#1038=CARTESIAN_POINT('',(5.15911504917185,61.4580239557795,37.4157829365754));
#1039=CARTESIAN_POINT('',(5.63738641608916,61.9803102250269,38.0116623785167));
#1040=CARTESIAN_POINT('',(6.11565778300645,62.502596494274,38.607541820458));
#1041=CARTESIAN_POINT('',(6.59392914992377,63.0248827635214,39.2034212623993));
#1042=CARTESIAN_POINT('',(5.14607468876978,61.6457595692544,37.343717986467));
#1043=CARTESIAN_POINT('',(5.58514906566601,62.1786520015017,37.9355261038829));
#1044=CARTESIAN_POINT('',(6.02422344256224,62.7115444337491,38.5273342212988));
#1045=CARTESIAN_POINT('',(6.46329781945847,63.2444368659965,39.1191423387147));
#1046=CARTESIAN_POINT('',(5.14349066572323,61.6823027930774,37.3296903571171));
#1047=CARTESIAN_POINT('',(5.57479793170787,62.2171793588721,37.9207368370235));
#1048=CARTESIAN_POINT('',(6.00610519769252,62.7520559246668,38.5117833169298));
#1049=CARTESIAN_POINT('',(6.43741246367717,63.2869324904616,39.1028297968362));
#1050=FACE_BOUND('',#1051,.T.);
#1051=EDGE_LOOP('',(#3320,#3321,#3322,#3323));
#1052=B_SPLINE_SURFACE_WITH_KNOTS('',3,3,(
(#1053,#1054,#1055,#1056),
(#1057,#1058,#1059,#1060),
(#1061,#1062,#1063,#1064),
(#1065,#1066,#1067,#1068),
(#1069,#1070,#1071,#1072),
(#1073,#1074,#1075,#1076),
(#1077,#1078,#1079,#1080),
(#1081,#1082,#1083,#1084),
(#1085,#1086,#1087,#1088),
(#1089,#1090,#1091,#1092),
(#1093,#1094,#1095,#1096),
(#1097,#1098,#1099,#1100),
(#1101,#1102,#1103,#1104),
(#1105,#1106,#1107,#1108)),
.UNSPECIFIED.,.F.,.F.,.F.,
(4,1,1,1,1,1,1,1,1,1,1,4),
(4,4),
(0.,0.175302001873858,0.328184669348801,0.464605816403774,0.601026963458747,0.741004548276533,
0.885173719446262,1.02733512257413,1.17000136247426,1.31296013694922,1.44826939735474,
1.57079632679489),
(0.0733724997848176,0.853252908127785),
.UNSPECIFIED.);
#1053=CARTESIAN_POINT('',(5.12769582628453,61.6627151576663,37.3080457316096));
#1054=CARTESIAN_POINT('',(5.58012452204263,62.2237850169965,37.9280361865025));
#1055=CARTESIAN_POINT('',(6.03255321780074,62.7848548763267,38.5480266413954));
#1056=CARTESIAN_POINT('',(6.48498191355884,63.3459247356568,39.1680170962884));
#1057=CARTESIAN_POINT('',(5.12180076600789,61.7720707490788,37.2660680530363));
#1058=CARTESIAN_POINT('',(5.55334315318426,62.3340260546987,37.8857186169436));
#1059=CARTESIAN_POINT('',(5.98488554036064,62.8959813603187,38.5053691808509));
#1060=CARTESIAN_POINT('',(6.41642792753701,63.4579366659386,39.1250197447583));
#1061=CARTESIAN_POINT('',(5.09246701190955,61.9764956766068,37.1875966754935));
#1062=CARTESIAN_POINT('',(5.48820706484944,62.5390514656464,37.8070167354124));
#1063=CARTESIAN_POINT('',(5.88394711778934,63.1016072546861,38.4264367953312));
#1064=CARTESIAN_POINT('',(6.27968717072922,63.6641630437257,39.0458568552501));
#1065=CARTESIAN_POINT('',(5.00323806557026,62.2573541343938,37.0797852146136));
#1066=CARTESIAN_POINT('',(5.35701068164762,62.819873591412,37.6992192210888));
#1067=CARTESIAN_POINT('',(5.71078329772498,63.3823930484303,38.3186532275641));
#1068=CARTESIAN_POINT('',(6.06455591380234,63.9449125054485,38.9380872340392));
#1069=CARTESIAN_POINT('',(4.88445726555512,62.502502329599,36.9856816392204));
#1070=CARTESIAN_POINT('',(5.20654029691413,63.065586951954,37.6048986990491));
#1071=CARTESIAN_POINT('',(5.52862332827314,63.6286715743088,38.2241157588777));
#1072=CARTESIAN_POINT('',(5.85070635963216,64.1917561966637,38.8433328187063));
#1073=CARTESIAN_POINT('',(4.73729556151109,62.7249326221159,36.9002986496208));
#1074=CARTESIAN_POINT('',(5.03443978883172,63.2901328591527,37.518703601061));
#1075=CARTESIAN_POINT('',(5.33158401615234,63.8553330961897,38.1371085525012));
#1076=CARTESIAN_POINT('',(5.62872824347297,64.4205333332265,38.7555135039414));
#1077=CARTESIAN_POINT('',(4.55688930496647,62.9317823431921,36.8208964810425));
#1078=CARTESIAN_POINT('',(4.83403320802991,63.5017365598645,37.4374765506774));
#1079=CARTESIAN_POINT('',(5.11117711109335,64.0716907765367,38.0540566203123));
#1080=CARTESIAN_POINT('',(5.38832101415679,64.641644993209,38.6706366899472));
#1081=CARTESIAN_POINT('',(4.34555263590729,63.1169978230915,36.7497989195774));
#1082=CARTESIAN_POINT('',(4.60728775090132,63.69542667221,37.363125882606));
#1083=CARTESIAN_POINT('',(4.86902286589535,64.2738555213285,37.9764528456346));
#1084=CARTESIAN_POINT('',(5.13075798088938,64.852284370447,38.5897798086633));
#1085=CARTESIAN_POINT('',(4.10803563939039,63.2750318062844,36.6891353571162));
#1086=CARTESIAN_POINT('',(4.35823915105157,63.8665543139608,37.2974361355374));
#1087=CARTESIAN_POINT('',(4.60844266271276,64.4580768216371,37.9057369139586));
#1088=CARTESIAN_POINT('',(4.85864617437394,65.0495993293135,38.5140376923799));
#1089=CARTESIAN_POINT('',(3.85096272075647,63.4015842119318,36.6405564400409));
#1090=CARTESIAN_POINT('',(4.09254151492668,64.0113832616939,37.2418415112706));
#1091=CARTESIAN_POINT('',(4.3341203090969,64.6211823114561,37.8431265825004));
#1092=CARTESIAN_POINT('',(4.57569910326711,65.2309813612182,38.44441165373));
#1093=CARTESIAN_POINT('',(3.58281770507875,63.4932020737453,36.6053876379239));
#1094=CARTESIAN_POINT('',(3.81758529569981,64.126658345716,37.1975915523789));
#1095=CARTESIAN_POINT('',(4.05235288632087,64.7601146176866,37.7897954668339));
#1096=CARTESIAN_POINT('',(4.28712047694193,65.3935708896572,38.3819993812889));
#1097=CARTESIAN_POINT('',(3.31812038324511,63.5483979114755,36.5841999409356));
#1098=CARTESIAN_POINT('',(3.54680537677706,64.2099646894517,37.1656132431283));
#1099=CARTESIAN_POINT('',(3.77549037030902,64.8715314674281,37.7470265453212));
#1100=CARTESIAN_POINT('',(4.00417536384096,65.5330982454043,38.328439847514));
#1101=CARTESIAN_POINT('',(3.14500265785771,63.564308994725,36.5780922483177));
#1102=CARTESIAN_POINT('',(3.36933964903669,64.2473755592299,37.1512525557012));
#1103=CARTESIAN_POINT('',(3.59367664021567,64.9304421237348,37.7244128630847));
#1104=CARTESIAN_POINT('',(3.81801363139465,65.6135086882397,38.2975731704682));
#1105=CARTESIAN_POINT('',(3.06266759633412,63.5674102773115,36.5769017774702));
#1106=CARTESIAN_POINT('',(3.28470005973324,64.2614647439008,37.1458442244231));
#1107=CARTESIAN_POINT('',(3.50673252313236,64.9555192104901,37.7147866713759));
#1108=CARTESIAN_POINT('',(3.72876498653149,65.6495736770793,38.2837291183287));
#1109=FACE_BOUND('',#1110,.T.);
#1110=EDGE_LOOP('',(#3324,#3325,#3326,#3327));
#1111=B_SPLINE_SURFACE_WITH_KNOTS('',3,3,(
(#1112,#1113,#1114,#1115,#1116),
(#1117,#1118,#1119,#1120,#1121),
(#1122,#1123,#1124,#1125,#1126),
(#1127,#1128,#1129,#1130,#1131),
(#1132,#1133,#1134,#1135,#1136),
(#1137,#1138,#1139,#1140,#1141),
(#1142,#1143,#1144,#1145,#1146),
(#1147,#1148,#1149,#1150,#1151),
(#1152,#1153,#1154,#1155,#1156),
(#1157,#1158,#1159,#1160,#1161),
(#1162,#1163,#1164,#1165,#1166),
(#1167,#1168,#1169,#1170,#1171),
(#1172,#1173,#1174,#1175,#1176)),
.UNSPECIFIED.,.F.,.F.,.F.,
(4,1,1,1,1,1,1,1,1,1,4),
(4,1,4),
(0.,0.130845426992825,0.244954958395568,0.346818049951363,0.448681141507158,0.553206566554119,
0.660836313215718,0.767002169386992,0.873499293666702,0.952617135622923,1.),
(0.0794351796480392,0.520716526819519,0.834585654033036),
.UNSPECIFIED.);
#1112=CARTESIAN_POINT('',(3.06784574312598,63.5835967207465,36.5901704115309));
#1113=CARTESIAN_POINT('',(3.1934788318873,63.9763149974854,36.9120962949979));
#1114=CARTESIAN_POINT('',(3.40847066688026,64.6483610626091,37.46299763079));
#1115=CARTESIAN_POINT('',(3.62346250187323,65.3204071277327,38.013898966582));
#1116=CARTESIAN_POINT('',(3.71282124810487,65.5997349161175,38.2428744189071));
#1117=CARTESIAN_POINT('',(2.84554156613575,63.5936566793869,36.5863087552149));
#1118=CARTESIAN_POINT('',(2.96334461079488,64.0050034450858,36.9010838317431));
#1119=CARTESIAN_POINT('',(3.16493714496509,64.7089278399086,37.4397482232667));
#1120=CARTESIAN_POINT('',(3.36652967913531,65.4128522347313,37.9784126147903));
#1121=CARTESIAN_POINT('',(3.45031916864638,65.7054298638551,38.2023019297857));
#1122=CARTESIAN_POINT('',(2.42814192612248,63.6102017992629,36.5799576787392));
#1123=CARTESIAN_POINT('',(2.52901746358531,64.0521859258068,36.8829721743106));
#1124=CARTESIAN_POINT('',(2.70164250304636,64.8085390437656,37.4015110646193));
#1125=CARTESIAN_POINT('',(2.8742675425074,65.5648921617246,37.9200499549281));
#1126=CARTESIAN_POINT('',(2.94601704450561,65.8792611531395,38.1355743496655));
#1127=CARTESIAN_POINT('',(1.83473152362013,63.6272412898709,36.5734168311195));
#1128=CARTESIAN_POINT('',(1.90712661522898,64.1007782263238,36.8643193377624));
#1129=CARTESIAN_POINT('',(2.03101399030609,64.9111266457471,37.3621313737782));
#1130=CARTESIAN_POINT('',(2.15490136538321,65.7214750651702,37.8599434097939));
#1131=CARTESIAN_POINT('',(2.20639364885148,66.0582865481403,38.0668529391667));
#1132=CARTESIAN_POINT('',(1.2895359996313,63.6375333043739,36.5694660969037));
#1133=CARTESIAN_POINT('',(1.33328581428014,64.1301284383204,36.8530528469563));
#1134=CARTESIAN_POINT('',(1.40815345484118,64.9730905337358,37.3383456657083));
#1135=CARTESIAN_POINT('',(1.48302109540222,65.8160526291515,37.8236384844603));
#1136=CARTESIAN_POINT('',(1.51413892131442,66.1664195906204,38.0253445531596));
#1137=CARTESIAN_POINT('',(0.760020844288432,63.6425561175176,36.5675380195831));
#1138=CARTESIAN_POINT('',(0.774582557526497,64.1444522260048,36.8475544600187));
#1139=CARTESIAN_POINT('',(0.799501545673327,65.003330777853,37.3267375235811));
#1140=CARTESIAN_POINT('',(0.824420533820158,65.8622093297009,37.8059205871434));
#1141=CARTESIAN_POINT('',(0.834777808728922,66.2191917730616,38.0050872102701));
#1142=CARTESIAN_POINT('',(0.220336286101243,63.6425088614255,36.5675561594973));
#1143=CARTESIAN_POINT('',(0.204676047721393,64.1443174636298,36.8476061904478));
#1144=CARTESIAN_POINT('',(0.177877189085456,65.00304626881,37.3268467363702));
#1145=CARTESIAN_POINT('',(0.151078330449517,65.8617750739906,37.8060872822927));
#1146=CARTESIAN_POINT('',(0.139939710193427,66.2186952769668,38.0052777972645));
#1147=CARTESIAN_POINT('',(-0.3264585645036,63.6370800532231,36.5696400837193));
#1148=CARTESIAN_POINT('',(-0.372227831430377,64.1288358811288,36.8535490131754));
#1149=CARTESIAN_POINT('',(-0.450551295255779,64.9703616993056,37.3393931671037));
#1150=CARTESIAN_POINT('',(-0.52887475908118,65.8118875174822,37.825237321032));
#1151=CARTESIAN_POINT('',(-0.561428955979804,66.1616575077531,38.0271725455042));
#1152=CARTESIAN_POINT('',(-0.875770855068123,63.6262155227432,36.5738105862281));
#1153=CARTESIAN_POINT('',(-0.950225666244833,64.0978529989402,36.8654422273493));
#1154=CARTESIAN_POINT('',(-1.07763777269512,64.9049509335591,37.3645020075779));
#1155=CARTESIAN_POINT('',(-1.2050498791454,65.712048868178,37.8635617878064));
#1156=CARTESIAN_POINT('',(-1.25800717441898,66.0475093265998,38.0709899269137));
#1157=CARTESIAN_POINT('',(-1.37488483832881,63.611518877689,36.5794520997001));
#1158=CARTESIAN_POINT('',(-1.47306535460673,64.0559418990433,36.8815303912685));
#1159=CARTESIAN_POINT('',(-1.64107849161755,64.8164686186846,37.3984671859948));
#1160=CARTESIAN_POINT('',(-1.80909162862838,65.5769953383261,37.9154039807211));
#1161=CARTESIAN_POINT('',(-1.87892424936127,65.8930990366133,38.1302624838789));
#1162=CARTESIAN_POINT('',(-1.77219159209841,63.5965382564132,36.5852026214304));
#1163=CARTESIAN_POINT('',(-1.88699529973435,64.0132209710697,36.8979294190609));
#1164=CARTESIAN_POINT('',(-2.0834551656184,64.7262766024892,37.4330886572597));
#1165=CARTESIAN_POINT('',(-2.27991503150244,65.4393322339086,37.9682478954583));
#1166=CARTESIAN_POINT('',(-2.36157118975054,65.7357051506714,38.1906803360265));
#1167=CARTESIAN_POINT('',(-1.98734305449054,63.5872397189532,36.5887719955397));
#1168=CARTESIAN_POINT('',(-2.11014066076009,63.9867039033347,36.908108367679));
#1169=CARTESIAN_POINT('',(-2.32028022641854,64.6702940216776,37.4545783566216));
#1170=CARTESIAN_POINT('',(-2.53041979207698,65.3538841400205,38.0010483455643));
#1171=CARTESIAN_POINT('',(-2.61776175146588,65.6380100739819,38.2281819623676));
#1172=CARTESIAN_POINT('',(-2.0678457431276,63.5835967207465,36.5901704115309));
#1173=CARTESIAN_POINT('',(-2.19347883189192,63.9763149974854,36.9120962949979));
#1174=CARTESIAN_POINT('',(-2.40847066689003,64.6483610626091,37.4629976307899));
#1175=CARTESIAN_POINT('',(-2.62346250188814,65.3204071277327,38.013898966582));
#1176=CARTESIAN_POINT('',(-2.71282124812192,65.5997349161175,38.2428744189071));
#1177=FACE_BOUND('',#1178,.T.);
#1178=EDGE_LOOP('',(#3328,#3329,#3330,#3331));
#1179=B_SPLINE_SURFACE_WITH_KNOTS('',3,3,(
(#1180,#1181,#1182,#1183,#1184),
(#1185,#1186,#1187,#1188,#1189),
(#1190,#1191,#1192,#1193,#1194),
(#1195,#1196,#1197,#1198,#1199),
(#1200,#1201,#1202,#1203,#1204),
(#1205,#1206,#1207,#1208,#1209),
(#1210,#1211,#1212,#1213,#1214),
(#1215,#1216,#1217,#1218,#1219),
(#1220,#1221,#1222,#1223,#1224),
(#1225,#1226,#1227,#1228,#1229),
(#1230,#1231,#1232,#1233,#1234),
(#1235,#1236,#1237,#1238,#1239),
(#1240,#1241,#1242,#1243,#1244),
(#1245,#1246,#1247,#1248,#1249)),
.UNSPECIFIED.,.F.,.F.,.F.,
(4,1,1,1,1,1,1,1,1,1,1,4),
(4,1,4),
(0.,0.175295294421249,0.328172355132354,0.464589474259799,0.601006593387244,0.740981041218393,
0.885148497032657,1.02730960221167,1.16997707133094,1.31293846150119,1.44826183643795,
1.57079632679489),
(0.0733724997852064,0.529105084083699,0.853252908126993),
.UNSPECIFIED.);
#1180=CARTESIAN_POINT('',(-2.06266759633595,63.5674102773125,36.5769017774711));
#1181=CARTESIAN_POINT('',(-2.19241496178197,63.9729894306275,36.909370203262));
#1182=CARTESIAN_POINT('',(-2.41444742518607,64.6670438972157,37.4783126502139));
#1183=CARTESIAN_POINT('',(-2.63647988859016,65.3610983638039,38.0472550971659));
#1184=CARTESIAN_POINT('',(-2.72876498654825,65.6495736770772,38.283729118327));
#1185=CARTESIAN_POINT('',(-2.18046169202509,63.5629733731432,36.5786049454086));
#1186=CARTESIAN_POINT('',(-2.31213570702623,63.9593663335871,36.9145996202616));
#1187=CARTESIAN_POINT('',(-2.53746518340141,64.6377007658958,37.4895764230029));
#1188=CARTESIAN_POINT('',(-2.76279465977659,65.3160351982047,38.0645532257443));
#1189=CARTESIAN_POINT('',(-2.85645012115064,65.5979766700697,38.3035353536327));
#1190=CARTESIAN_POINT('',(-2.40072518111823,63.5375524845848,36.5883631102648));
#1191=CARTESIAN_POINT('',(-2.53547271761291,63.9184780659771,36.9302951556519));
#1192=CARTESIAN_POINT('',(-2.76606181175523,64.570343673571,37.515432388251));
#1193=CARTESIAN_POINT('',(-2.99665090589754,65.222209281165,38.10056962085));
#1194=CARTESIAN_POINT('',(-3.09249246354517,65.4931493073666,38.343774808062));
#1195=CARTESIAN_POINT('',(-2.70355840761231,63.4569366513435,36.6193086293006));
#1196=CARTESIAN_POINT('',(-2.84243023840757,63.8205183914538,36.9678983515853));
#1197=CARTESIAN_POINT('',(-3.08007710378257,64.4427040453044,37.5644286509878));
#1198=CARTESIAN_POINT('',(-3.31772396915757,65.064889699155,38.1609589503905));
#1199=CARTESIAN_POINT('',(-3.4164990037373,65.3234936128954,38.4088995275085));
#1200=CARTESIAN_POINT('',(-2.96809965860129,63.3484240079403,36.6609627304497));
#1201=CARTESIAN_POINT('',(-3.11138090935422,63.6996284686265,37.0143036451568));
#1202=CARTESIAN_POINT('',(-3.35657347226238,64.3006332851529,37.6189645062401));
#1203=CARTESIAN_POINT('',(-3.60176603517056,64.9016381016794,38.2236253673234));
#1204=CARTESIAN_POINT('',(-3.70367734732581,65.1514384575196,38.4749453136997));
#1205=CARTESIAN_POINT('',(-3.20835939617425,63.2132620635689,36.7128465397993));
#1206=CARTESIAN_POINT('',(-3.3571233940966,63.5554527336815,37.069647524527));
#1207=CARTESIAN_POINT('',(-3.6116984046257,64.1410325423951,37.6802294913498));
#1208=CARTESIAN_POINT('',(-3.86627341515479,64.7266123511089,38.2908114581726));
#1209=CARTESIAN_POINT('',(-3.97208442776153,64.9700014897101,38.5445924402676));
#1210=CARTESIAN_POINT('',(-3.43207917292727,63.047015992119,36.7766624275949));
#1211=CARTESIAN_POINT('',(-3.58827969885222,63.3827876784608,37.1359274293337));
#1212=CARTESIAN_POINT('',(-3.85558059885054,63.9573828881864,37.7507259886472));
#1213=CARTESIAN_POINT('',(-4.12288149884886,64.5319780979121,38.3655245479608));
#1214=CARTESIAN_POINT('',(-4.23398187292223,64.7708016212961,38.6210581055356));
#1215=CARTESIAN_POINT('',(-3.63276661694025,62.8518242084345,36.8515895332858));
#1216=CARTESIAN_POINT('',(-3.79901739542346,63.1835399672332,37.212411459737));
#1217=CARTESIAN_POINT('',(-4.08351696705316,63.7511943995435,37.8298743338756));
#1218=CARTESIAN_POINT('',(-4.36801653868287,64.318848831854,38.447337208014));
#1219=CARTESIAN_POINT('',(-4.48626533182937,64.5547875053657,38.7039781557012));
#1220=CARTESIAN_POINT('',(-3.80446069617032,62.6320975245819,36.9359347047544));
#1221=CARTESIAN_POINT('',(-3.98389929130598,62.9616841934008,37.2975739122763));
#1222=CARTESIAN_POINT('',(-4.29096674636207,63.5256951829996,37.9164353730354));
#1223=CARTESIAN_POINT('',(-4.59803420141817,64.0897061725981,38.5352968337947));
#1224=CARTESIAN_POINT('',(-4.7256630613386,64.3241304933779,38.7925190870321));
#1225=CARTESIAN_POINT('',(-3.94252684869684,62.3939970784695,37.0273329027428));
#1226=CARTESIAN_POINT('',(-4.13858711078202,62.7228055975122,37.3892708139777));
#1227=CARTESIAN_POINT('',(-4.47409868604046,63.2854849646064,38.0086434367246));
#1228=CARTESIAN_POINT('',(-4.8096102612989,63.8481643317008,38.6280160594715));
#1229=CARTESIAN_POINT('',(-4.94906157447217,64.0820351797523,38.8854507709836));
#1230=CARTESIAN_POINT('',(-4.04322747608039,62.1454093386378,37.122756795615));
#1231=CARTESIAN_POINT('',(-4.25938472385833,62.4741373820388,37.4847255985543));
#1232=CARTESIAN_POINT('',(-4.62928761970367,63.0366790337745,38.1041510852745));
#1233=CARTESIAN_POINT('',(-4.99919051554902,63.59922068551,38.7235765719947));
#1234=CARTESIAN_POINT('',(-5.15293616361643,63.8330342938446,38.9810332557755));
#1235=CARTESIAN_POINT('',(-4.10486958418869,61.899844513272,37.2170203003427));
#1236=CARTESIAN_POINT('',(-4.34382396707435,62.2284958759809,37.5790185382419));
#1237=CARTESIAN_POINT('',(-4.7527388617308,62.7909063065323,38.1984943960554));
#1238=CARTESIAN_POINT('',(-5.16165375638724,63.3533167370836,38.8179702538688));
#1239=CARTESIAN_POINT('',(-5.33161426815803,63.587075804926,39.075447873783));
#1240=CARTESIAN_POINT('',(-4.12357523325922,61.7391537123794,37.2787037195664));
#1241=CARTESIAN_POINT('',(-4.37942613368003,62.0673833687523,37.6408638353614));
#1242=CARTESIAN_POINT('',(-4.8172554914424,62.6290721469113,38.2606167095741));
#1243=CARTESIAN_POINT('',(-5.25508484920476,63.1907609250704,38.8803695837866));
#1244=CARTESIAN_POINT('',(-5.43706330654632,63.4242200468567,39.1379623422043));
#1245=CARTESIAN_POINT('',(-4.12769582628671,61.6627151576671,37.3080457316105));
#1246=CARTESIAN_POINT('',(-4.39207802710279,61.9905831413082,37.6703446805597));
#1247=CARTESIAN_POINT('',(-4.84450672286551,62.5516530006374,38.2903351354517));
#1248=CARTESIAN_POINT('',(-5.29693541862824,63.1127228599668,38.9103255903437));
#1249=CARTESIAN_POINT('',(-5.48498191357489,63.3459247356551,39.1680170962865));
#1250=FACE_BOUND('',#1251,.T.);
#1251=EDGE_LOOP('',(#3332,#3333,#3334,#3335,#3336,#3337));
#1252=PLANE('',#1253);
#1253=AXIS2_PLACEMENT_3D('',#1254,#1255,#1256);
#1254=CARTESIAN_POINT('',(-4.,0.,2.44929359829471E-16));
#1255=DIRECTION('',(-1.,0.,6.12323399573677E-17));
#1256=DIRECTION('',(-3.74939945665464E-33,-1.,-6.12323399573677E-17));
#1257=FACE_BOUND('',#1258,.T.);
#1258=EDGE_LOOP('',(#3338,#3339,#3340,#3341));
#1259=CYLINDRICAL_SURFACE('',#1260,2.);
#1260=AXIS2_PLACEMENT_3D('',#1261,#1262,#1263);
#1261=CARTESIAN_POINT('',(-2.,45.3586490287308,11.8146206889318));
#1262=DIRECTION('',(7.12006623794871E-17,0.358367949545334,0.933580426497189));
#1263=DIRECTION('',(-1.,-2.71637646881216E-16,1.80538156250789E-16));
#1264=FACE_BOUND('',#1265,.T.);
#1265=EDGE_LOOP('',(#3342,#3343,#3344,#3345));
#1266=PLANE('',#1267);
#1267=AXIS2_PLACEMENT_3D('',#1268,#1269,#1270);
#1268=CARTESIAN_POINT('',(5.,46.3584317720991,20.));
#1269=DIRECTION('',(-3.08148791101958E-33,-0.933580426497189,0.358367949545334));
#1270=DIRECTION('',(8.2918598786924E-17,0.358367949545334,0.933580426497189));
#1271=FACE_BOUND('',#1272,.T.);
#1272=EDGE_LOOP('',(#3346,#3347,#3348,#3349));
#1273=CYLINDRICAL_SURFACE('',#1274,2.);
#1274=AXIS2_PLACEMENT_3D('',#1275,#1276,#1277);
#1275=CARTESIAN_POINT('',(3.,45.3586490287308,11.8146206889318));
#1276=DIRECTION('',(-9.49342165059828E-17,-0.358367949545334,-0.933580426497189));
#1277=DIRECTION('',(1.,-3.40213805109419E-17,-8.86287263348318E-17));
#1278=FACE_BOUND('',#1279,.T.);
#1279=EDGE_LOOP('',(#3350,#3351,#3352,#3353,#3354,#3355));
#1280=PLANE('',#1281);
#1281=AXIS2_PLACEMENT_3D('',#1282,#1283,#1284);
#1282=CARTESIAN_POINT('',(5.,0.,-3.06161699786838E-16));
#1283=DIRECTION('',(-1.,0.,6.12323399573677E-17));
#1284=DIRECTION('',(-3.74939945665464E-33,-1.,-6.12323399573677E-17));
#1285=FACE_BOUND('',#1286,.T.);
#1286=EDGE_LOOP('',(#3356,#3357,#3358,#3359));
#1287=CYLINDRICAL_SURFACE('',#1288,2.);
#1288=AXIS2_PLACEMENT_3D('',#1289,#1290,#1291);
#1289=CARTESIAN_POINT('',(3.,64.3712994811485,44.6016998156148));
#1290=DIRECTION('',(8.07329836212925E-17,0.358367949545335,0.933580426497189));
#1291=DIRECTION('',(1.,-1.21754684285873E-15,3.80895712717107E-16));
#1292=FACE_BOUND('',#1293,.T.);
#1293=EDGE_LOOP('',(#3360,#3361,#3362,#3363));
#1294=PLANE('',#1295);
#1295=AXIS2_PLACEMENT_3D('',#1296,#1297,#1298);
#1296=CARTESIAN_POINT('',(5.,63.3715167377802,36.4163205045467));
#1297=DIRECTION('',(-3.08148791101958E-33,0.933580426497189,-0.358367949545335));
#1298=DIRECTION('',(-6.83088771502093E-17,-0.358367949545335,-0.933580426497189));
#1299=FACE_BOUND('',#1300,.T.);
#1300=EDGE_LOOP('',(#3364,#3365,#3366,#3367));
#1301=CYLINDRICAL_SURFACE('',#1302,2.);
#1302=AXIS2_PLACEMENT_3D('',#1303,#1304,#1305);
#1303=CARTESIAN_POINT('',(-2.,64.3712994811485,44.6016998156148));
#1304=DIRECTION('',(-6.4586386897034E-17,-0.358367949545335,-0.933580426497189));
#1305=DIRECTION('',(-1.,-1.16546903801686E-15,5.16563032623909E-16));
#1306=FACE_BOUND('',#1307,.T.);
#1307=EDGE_LOOP('',(#3368,#3369,#3370,#3371,#3372,#3373,#3374,#3375,#3376,#3377,
#3378,#3379));
#1308=PLANE('',#1309);
#1309=AXIS2_PLACEMENT_3D('',#1310,#1311,#1312);
#1310=CARTESIAN_POINT('',(0.,0.,0.));
#1311=DIRECTION('',(0.,0.,1.));
#1312=DIRECTION('',(-1.,1.22464679914735E-16,0.));
#1313=FACE_BOUND('',#1314,.T.);
#1314=EDGE_LOOP('',(#3380,#3381,#3382,#3383,#3384));
#1315=CYLINDRICAL_SURFACE('',#1316,9.95);
#1316=AXIS2_PLACEMENT_3D('',#1317,#1318,#1319);
#1317=CARTESIAN_POINT('',(0.,0.,0.));
#1318=DIRECTION('',(0.,0.,1.));
#1319=DIRECTION('',(-0.70710678114288,-0.707106781230215,0.));
#1320=FACE_BOUND('',#1321,.T.);
#1321=EDGE_LOOP('',(#3385,#3386,#3387,#3388));
#1322=CYLINDRICAL_SURFACE('',#1323,2.);
#1323=AXIS2_PLACEMENT_3D('',#1324,#1325,#1326);
#1324=CARTESIAN_POINT('',(-2.,1.11057078343613,18.));
#1325=DIRECTION('',(0.,1.,0.));
#1326=DIRECTION('',(-1.,0.,1.77635683940025E-15));
#1327=FACE_BOUND('',#1328,.T.);
#1328=EDGE_LOOP('',(#3389,#3390,#3391,#3392,#3393,#3394,#3395,#3396,#3397));
#1329=PLANE('',#1330);
#1330=AXIS2_PLACEMENT_3D('',#1331,#1332,#1333);
#1331=CARTESIAN_POINT('',(0.,0.,20.));
#1332=DIRECTION('',(0.,0.,1.));
#1333=DIRECTION('',(-1.,1.22464679914735E-16,0.));
#1334=FACE_BOUND('',#1335,.T.);
#1335=EDGE_LOOP('',(#3398,#3399,#3400,#3401,#3402));
#1336=CYLINDRICAL_SURFACE('',#1337,2.);
#1337=AXIS2_PLACEMENT_3D('',#1338,#1339,#1340);
#1338=CARTESIAN_POINT('',(3.,0.602470575363803,18.));
#1339=DIRECTION('',(0.,-1.,0.));
#1340=DIRECTION('',(1.,0.,1.77635683940025E-15));
#1341=FACE_BOUND('',#1342,.T.);
#1342=EDGE_LOOP('',(#3403,#3404,#3405,#3406,#3407));
#1343=CYLINDRICAL_SURFACE('',#1344,9.95);
#1344=AXIS2_PLACEMENT_3D('',#1345,#1346,#1347);
#1345=CARTESIAN_POINT('',(0.,0.,0.));
#1346=DIRECTION('',(0.,0.,1.));
#1347=DIRECTION('',(-0.70710678114288,-0.707106781230215,0.));
#1348=FACE_BOUND('',#1349,.T.);
#1349=EDGE_LOOP('',(#3408,#3409,#3410,#3411));
#1350=PLANE('',#1351);
#1351=AXIS2_PLACEMENT_3D('',#1352,#1353,#1354);
#1352=CARTESIAN_POINT('',(-4.91439212894302,-4.91439212954999,0.));
#1353=DIRECTION('',(-0.707106781230215,0.70710678114288,0.));
#1354=DIRECTION('',(-0.70710678114288,-0.707106781230215,0.));
#1355=FACE_BOUND('',#1356,.T.);
#1356=EDGE_LOOP('',(#3412,#3413,#3414,#3415,#3416,#3417));
#1357=CYLINDRICAL_SURFACE('',#1358,3.);
#1358=AXIS2_PLACEMENT_3D('',#1359,#1360,#1361);
#1359=CARTESIAN_POINT('',(-4.58697675724652,-8.82961744519434,-6.));
#1360=DIRECTION('',(0.,0.,-1.));
#1361=DIRECTION('',(-0.707106781230215,0.70710678114288,0.));
#1362=FACE_BOUND('',#1363,.T.);
#1363=EDGE_LOOP('',(#3418,#3419,#3420,#3421));
#1364=CYLINDRICAL_SURFACE('',#1365,6.95);
#1365=AXIS2_PLACEMENT_3D('',#1366,#1367,#1368);
#1366=CARTESIAN_POINT('',(0.,0.,0.));
#1367=DIRECTION('',(0.,0.,-1.));
#1368=DIRECTION('',(-0.707106781186332,0.707106781186763,0.));
#1369=FACE_BOUND('',#1370,.T.);
#1370=EDGE_LOOP('',(#3422,#3423,#3424,#3425,#3426,#3427));
#1371=CYLINDRICAL_SURFACE('',#1372,3.);
#1372=AXIS2_PLACEMENT_3D('',#1373,#1374,#1375);
#1373=CARTESIAN_POINT('',(-4.5869767577891,8.82961744491247,-6.));
#1374=DIRECTION('',(0.,0.,-1.));
#1375=DIRECTION('',(0.461002689225035,-0.887398738182158,0.));
#1376=FACE_BOUND('',#1377,.T.);
#1377=EDGE_LOOP('',(#3428,#3429,#3430,#3431));
#1378=PLANE('',#1379);
#1379=AXIS2_PLACEMENT_3D('',#1380,#1381,#1382);
#1380=CARTESIAN_POINT('',(-7.035712472804,7.03571247280829,0.));
#1381=DIRECTION('',(-0.707106781186763,-0.707106781186332,0.));
#1382=DIRECTION('',(0.707106781186332,-0.707106781186763,0.));
#1383=FACE_BOUND('',#1384,.T.);
#1384=EDGE_LOOP('',(#3432,#3433,#3434,#3435));
#1385=CYLINDRICAL_SURFACE('',#1386,1.);
#1386=AXIS2_PLACEMENT_3D('',#1387,#1388,#1389);
#1387=CARTESIAN_POINT('',(-5.,9.74179141636691,-2.));
#1388=DIRECTION('',(-4.03717463500057E-17,0.,-1.));
#1389=DIRECTION('',(1.,0.,-4.03717463500057E-17));
#1390=FACE_BOUND('',#1391,.T.);
#1391=EDGE_LOOP('',(#3436,#3437,#3438,#3439));
#1392=B_SPLINE_SURFACE_WITH_KNOTS('',3,3,(
(#1393,#1394,#1395,#1396,#1397,#1398,#1399,#1400,#1401,#1402,#1403,#1404),
(#1405,#1406,#1407,#1408,#1409,#1410,#1411,#1412,#1413,#1414,#1415,#1416),
(#1417,#1418,#1419,#1420,#1421,#1422,#1423,#1424,#1425,#1426,#1427,#1428),
(#1429,#1430,#1431,#1432,#1433,#1434,#1435,#1436,#1437,#1438,#1439,#1440),
(#1441,#1442,#1443,#1444,#1445,#1446,#1447,#1448,#1449,#1450,#1451,#1452),
(#1453,#1454,#1455,#1456,#1457,#1458,#1459,#1460,#1461,#1462,#1463,#1464)),
.UNSPECIFIED.,.F.,.F.,.F.,
(4,1,1,4),
(4,1,1,1,1,1,1,1,1,4),
(5.62801128662633,12.6670887590627,19.1305576639663,21.8535110373864),
(0.,0.0891427872600143,0.207999836940033,0.326856886620053,0.445713936300072,0.564570985980091,
0.68342803566011,0.802285085340129,0.921142135020148,1.),
.UNSPECIFIED.);
#1393=CARTESIAN_POINT('',(-1.81733528888538,9.78262707291717,21.0000001582354));
#1394=CARTESIAN_POINT('',(-1.81733638149279,9.7826309447394,20.9579750445126));
#1395=CARTESIAN_POINT('',(-1.8184655053951,9.78870415337619,20.8573498810984));
#1396=CARTESIAN_POINT('',(-1.82499261413703,9.82383145223018,20.6938507828041));
#1397=CARTESIAN_POINT('',(-1.8386550637717,9.89736736076487,20.5179606501731));
#1398=CARTESIAN_POINT('',(-1.8588178484961,10.0058948969824,20.3552792790692));
#1399=CARTESIAN_POINT('',(-1.88465871281635,10.1449883961619,20.2162139659262));
#1400=CARTESIAN_POINT('',(-1.91466022510231,10.3064799795781,20.1087927708815));
#1401=CARTESIAN_POINT('',(-1.94690116970829,10.4800280319843,20.0371482524858));
#1402=CARTESIAN_POINT('',(-1.97578380538486,10.6355003643094,20.005192194591));
#1403=CARTESIAN_POINT('',(-1.99320044036752,10.7292530377341,20.0000033062025));
#1404=CARTESIAN_POINT('',(-1.99999074976203,10.7658049515731,19.9999999999786));
#1405=CARTESIAN_POINT('',(-2.46659564595174,9.66441780523425,20.9991855811377));
#1406=CARTESIAN_POINT('',(-2.45670430315003,9.66622963912975,20.9581024273235));
#1407=CARTESIAN_POINT('',(-2.43449352940283,9.67631179991288,20.8598689664909));
#1408=CARTESIAN_POINT('',(-2.40454909566311,9.71640226168608,20.7006044866104));
#1409=CARTESIAN_POINT('',(-2.38108006226734,9.79282331067683,20.5291862783289));
#1410=CARTESIAN_POINT('',(-2.36937636286486,9.9012011747813,20.3698353405531));
#1411=CARTESIAN_POINT('',(-2.37093875831432,10.0372006508634,20.2320075304283));
#1412=CARTESIAN_POINT('',(-2.38579220489418,10.1933533996478,20.1231688043644));
#1413=CARTESIAN_POINT('',(-2.41245885777983,10.3603877925908,20.0474899308319));
#1414=CARTESIAN_POINT('',(-2.44430535813621,10.5099962798118,20.0101548793448));
#1415=CARTESIAN_POINT('',(-2.46700066645346,10.6004168695644,20.0010816177634));
#1416=CARTESIAN_POINT('',(-2.4763486593253,10.6357134865916,19.9994897533183));
#1417=CARTESIAN_POINT('',(-3.62864435707376,9.30444545689297,20.5139468853007));
#1418=CARTESIAN_POINT('',(-3.60546757041294,9.31278781473478,20.4829372557861));
#1419=CARTESIAN_POINT('',(-3.55210678184548,9.33716342777966,20.4093076370963));
#1420=CARTESIAN_POINT('',(-3.47351334874147,9.39440835116384,20.2911434340444));
#1421=CARTESIAN_POINT('',(-3.39894012004475,9.48044798167158,20.1635713791419));
#1422=CARTESIAN_POINT('',(-3.33986084439533,9.58819114492535,20.0421444081557));
#1423=CARTESIAN_POINT('',(-3.29966916714869,9.71396529729459,19.9315679475164));
#1424=CARTESIAN_POINT('',(-3.28029534968834,9.85268105732036,19.8359336644645));
#1425=CARTESIAN_POINT('',(-3.28192348441281,9.99846283055482,19.7582615360207));
#1426=CARTESIAN_POINT('',(-3.3006773039257,10.1288794541734,19.7067254380347));
#1427=CARTESIAN_POINT('',(-3.32007248165736,10.208382378006,19.6836867767823));
#1428=CARTESIAN_POINT('',(-3.32885230554704,10.2395714804847,19.6759011365164));
#1429=CARTESIAN_POINT('',(-4.4294270283332,8.91019990306311,19.1754521691002));
#1430=CARTESIAN_POINT('',(-4.40243343572926,8.92367688620851,19.161871461399));
#1431=CARTESIAN_POINT('',(-4.3401642341323,8.95872836544224,19.129778916033));
#1432=CARTESIAN_POINT('',(-4.24690495392737,9.02712488612242,19.0785825120982));
#1433=CARTESIAN_POINT('',(-4.15422964117369,9.11761719328572,19.0231598148098));
#1434=CARTESIAN_POINT('',(-4.07375224373027,9.22228258109812,18.9696570439408));
#1435=CARTESIAN_POINT('',(-4.00809306850429,9.33850885161297,18.9195393091436));
#1436=CARTESIAN_POINT('',(-3.95910114724253,9.46297134269135,18.8741058013823));
#1437=CARTESIAN_POINT('',(-3.92768837587288,9.59195189216271,18.8343708360914));
#1438=CARTESIAN_POINT('',(-3.91535359610177,9.70713854127176,18.8047436670734));
#1439=CARTESIAN_POINT('',(-3.91529023870038,9.77783762079547,18.7893150435257));
#1440=CARTESIAN_POINT('',(-3.91639947638467,9.805695483504,18.7836496393167));
#1441=CARTESIAN_POINT('',(-4.54433966458672,8.85203525221833,18.2666352569008));
#1442=CARTESIAN_POINT('',(-4.51674553324992,8.86617541025834,18.2635198011561));
#1443=CARTESIAN_POINT('',(-4.45304502607109,8.90258972765917,18.25615149239));
#1444=CARTESIAN_POINT('',(-4.35737020539468,8.97237188407586,18.244387039991));
#1445=CARTESIAN_POINT('',(-4.26177158090394,9.06336673445773,18.2316592194721));
#1446=CARTESIAN_POINT('',(-4.17802428411051,9.16755213045214,18.2193981288014));
#1447=CARTESIAN_POINT('',(-4.10871873819304,9.28244966137318,18.2079578898256));
#1448=CARTESIAN_POINT('',(-4.05570362433681,9.40496415526454,18.1976583458519));
#1449=CARTESIAN_POINT('',(-4.0199178802857,9.53166256607823,18.1887575211027));
#1450=CARTESIAN_POINT('',(-4.00343636407192,9.64478283312904,18.1822519644708));
#1451=CARTESIAN_POINT('',(-4.00068190064576,9.71428406894812,18.1789499974055));
#1452=CARTESIAN_POINT('',(-4.0007067872589,9.74168781586713,18.1777532631566));
#1453=CARTESIAN_POINT('',(-4.54337899546343,8.85213009978851,17.9999875749224));
#1454=CARTESIAN_POINT('',(-4.51582060608851,8.86627563533884,17.9999877190271));
#1455=CARTESIAN_POINT('',(-4.45220822188095,8.90270094334392,17.9999880596826));
#1456=CARTESIAN_POINT('',(-4.35667913399343,8.97249221171707,17.9999886033358));
#1457=CARTESIAN_POINT('',(-4.26122499405767,9.06348811992074,17.999989191756));
#1458=CARTESIAN_POINT('',(-4.17758208317567,9.16767029608707,17.9999897593336));
#1459=CARTESIAN_POINT('',(-4.10832064583707,9.28256433067528,17.9999902901733));
#1460=CARTESIAN_POINT('',(-4.05528146822525,9.4050762239668,17.9999907700808));
#1461=CARTESIAN_POINT('',(-4.0194118206376,9.53177197649076,17.9999911878364));
#1462=CARTESIAN_POINT('',(-4.00282367081075,9.64488915590026,17.9999914969415));
#1463=CARTESIAN_POINT('',(-4.00000095857613,9.71438839707349,17.9999916563633));
#1464=CARTESIAN_POINT('',(-3.99999999998284,9.74179141631228,17.9999917146207));
#1465=FACE_BOUND('',#1466,.T.);
#1466=EDGE_LOOP('',(#3440,#3441,#3442,#3443,#3444));
#1467=TOROIDAL_SURFACE('',#1468,8.95,1.);
#1468=AXIS2_PLACEMENT_3D('',#1469,#1470,#1471);
#1469=CARTESIAN_POINT('',(0.,0.,19.));
#1470=DIRECTION('',(0.,0.,1.));
#1471=DIRECTION('',(-0.846225959241155,-0.53282419793623,0.));
#1472=FACE_BOUND('',#1473,.T.);
#1473=EDGE_LOOP('',(#3445,#3446,#3447));
#1474=B_SPLINE_SURFACE_WITH_KNOTS('',3,3,(
(#1475,#1476,#1477,#1478,#1479,#1480,#1481,#1482,#1483,#1484,#1485,#1486),
(#1487,#1488,#1489,#1490,#1491,#1492,#1493,#1494,#1495,#1496,#1497,#1498),
(#1499,#1500,#1501,#1502,#1503,#1504,#1505,#1506,#1507,#1508,#1509,#1510),
(#1511,#1512,#1513,#1514,#1515,#1516,#1517,#1518,#1519,#1520,#1521,#1522),
(#1523,#1524,#1525,#1526,#1527,#1528,#1529,#1530,#1531,#1532,#1533,#1534),
(#1535,#1536,#1537,#1538,#1539,#1540,#1541,#1542,#1543,#1544,#1545,#1546)),
.UNSPECIFIED.,.F.,.F.,.F.,
(4,1,1,4),
(4,1,1,1,1,1,1,1,1,4),
(2.66515672276663,5.89918772987376,10.3419965885397,15.),
(0.,0.0927586861415447,0.216436934330271,0.340115182518997,0.463793430707723,0.58747167889645,
0.711149927085176,0.834828175273902,0.958506423462628,1.),
.UNSPECIFIED.);
#1475=CARTESIAN_POINT('',(4.88562184502337,9.26994393942127,18.6666560264264));
#1476=CARTESIAN_POINT('',(4.88351279296793,9.23973672556679,18.6726243096536));
#1477=CARTESIAN_POINT('',(4.88167263310609,9.16837852707023,18.6878341016696));
#1478=CARTESIAN_POINT('',(4.89096728271813,9.05467555217406,18.716392768822));
#1479=CARTESIAN_POINT('',(4.917158598752,8.93179361421446,18.7529660120242));
#1480=CARTESIAN_POINT('',(4.95947331967629,8.81338325421998,18.7942463769665));
#1481=CARTESIAN_POINT('',(5.01713277157089,8.70267094939412,18.8392414023922));
#1482=CARTESIAN_POINT('',(5.0885431955073,8.60251300648471,18.8867527010338));
#1483=CARTESIAN_POINT('',(5.17144269824349,8.5151530676568,18.9354818172172));
#1484=CARTESIAN_POINT('',(5.24281497793402,8.458251282274,18.973365289433));
#1485=CARTESIAN_POINT('',(5.28537746643842,8.43015196529974,18.9946602578761));
#1486=CARTESIAN_POINT('',(5.29616248190529,8.42337004777133,18.9999810645162));
#1487=CARTESIAN_POINT('',(4.80679071952241,9.34777317590056,18.895206536409));
#1488=CARTESIAN_POINT('',(4.80510611097769,9.31749646983409,18.897255191276));
#1489=CARTESIAN_POINT('',(4.80400255305229,9.24601503769612,18.9035226841786));
#1490=CARTESIAN_POINT('',(4.81338392275397,9.13219643655873,18.9190992612694));
#1491=CARTESIAN_POINT('',(4.83817521784344,9.00913894368965,18.9433808490729));
#1492=CARTESIAN_POINT('',(4.87754632598832,8.89033503546765,18.9747284389592));
#1493=CARTESIAN_POINT('',(4.93080141051163,8.77885156870537,19.0125366609774));
#1494=CARTESIAN_POINT('',(4.99655842117273,8.6774254609305,19.0558491602788));
#1495=CARTESIAN_POINT('',(5.07286772649987,8.58824455913779,19.1034379594987));
#1496=CARTESIAN_POINT('',(5.13866595203334,8.52950741924597,19.1427324676073));
#1497=CARTESIAN_POINT('',(5.17798173920449,8.50022224334525,19.1656353157446));
#1498=CARTESIAN_POINT('',(5.18794935266613,8.49313470842286,19.1714078582028));
#1499=CARTESIAN_POINT('',(4.49941210185721,9.36313896854011,19.4146565653227));
#1500=CARTESIAN_POINT('',(4.50230100451624,9.3369118317358,19.4102237838695));
#1501=CARTESIAN_POINT('',(4.51072604286533,9.27524496437713,19.4016208764543));
#1502=CARTESIAN_POINT('',(4.530155545827,9.17753937250837,19.3949547185476));
#1503=CARTESIAN_POINT('',(4.55890097196948,9.07158557673286,19.3967938211277));
#1504=CARTESIAN_POINT('',(4.59483546208525,8.96794386412678,19.4080466777866));
#1505=CARTESIAN_POINT('',(4.63742704361016,8.86827079660934,19.4287248666146));
#1506=CARTESIAN_POINT('',(4.68599369428621,8.77413781021002,19.4585367430599));
#1507=CARTESIAN_POINT('',(4.73973038147912,8.68696854789759,19.4968975139379));
#1508=CARTESIAN_POINT('',(4.78488789955852,8.62547639295534,19.5327538261051));
#1509=CARTESIAN_POINT('',(4.81169258028606,8.59303304941055,19.5552284776352));
#1510=CARTESIAN_POINT('',(4.81848192771859,8.58505783910566,19.5609905999513));
#1511=CARTESIAN_POINT('',(3.79290648402218,9.00856437402598,19.9035842682636));
#1512=CARTESIAN_POINT('',(3.79933302204872,8.99477700813677,19.9014378686735));
#1513=CARTESIAN_POINT('',(3.81435193034418,8.96261319968006,19.8970865759053));
#1514=CARTESIAN_POINT('',(3.83794165680058,8.91208918770704,19.8925922538367));
#1515=CARTESIAN_POINT('',(3.86354109080613,8.85696461923435,19.8905218616975));
#1516=CARTESIAN_POINT('',(3.88892775565015,8.80179086637491,19.8912288005421));
#1517=CARTESIAN_POINT('',(3.91406118622186,8.74653110873635,19.8947027543669));
#1518=CARTESIAN_POINT('',(3.93893360086975,8.69116790623432,19.9009834301915));
#1519=CARTESIAN_POINT('',(3.96356463805267,8.6357175912547,19.9101587708136));
#1520=CARTESIAN_POINT('',(3.98258493305737,8.59253138559259,19.9196546125027));
#1521=CARTESIAN_POINT('',(3.99341960917052,8.56786544793825,19.9260279631953));
#1522=CARTESIAN_POINT('',(3.99613928342968,8.5616722032889,19.9276895834084));
#1523=CARTESIAN_POINT('',(3.26166112298635,8.63278262118653,19.9989901090315));
#1524=CARTESIAN_POINT('',(3.2639718188601,8.62809381272253,19.999039411692));
#1525=CARTESIAN_POINT('',(3.2693660815472,8.61714868706405,19.9991351738059));
#1526=CARTESIAN_POINT('',(3.27787703113367,8.59993945724436,19.9992345960261));
#1527=CARTESIAN_POINT('',(3.28723325812115,8.58117154044888,19.9993076629659));
#1528=CARTESIAN_POINT('',(3.2966780714705,8.56243027409526,19.9993643933834));
#1529=CARTESIAN_POINT('',(3.30621836028219,8.54373513469741,19.9994106785023));
#1530=CARTESIAN_POINT('',(3.31585228703156,8.52510016172191,19.9994372428742));
#1531=CARTESIAN_POINT('',(3.32557059908224,8.50652986654401,19.9994200019077));
#1532=CARTESIAN_POINT('',(3.33318976973037,8.49211626689533,19.9993443452214));
#1533=CARTESIAN_POINT('',(3.33756084987655,8.48388319257962,19.9992645754051));
#1534=CARTESIAN_POINT('',(3.33865966346366,8.48181515717609,19.999241956336));
#1535=CARTESIAN_POINT('',(3.,8.4322298355773,20.));
#1536=CARTESIAN_POINT('',(3.,8.43222983557731,20.));
#1537=CARTESIAN_POINT('',(3.,8.43222983557729,20.));
#1538=CARTESIAN_POINT('',(3.,8.43222983557731,20.));
#1539=CARTESIAN_POINT('',(3.,8.43222983557729,20.));
#1540=CARTESIAN_POINT('',(3.,8.43222983557731,20.));
#1541=CARTESIAN_POINT('',(3.,8.4322298355773,20.));
#1542=CARTESIAN_POINT('',(3.,8.43222983557731,20.));
#1543=CARTESIAN_POINT('',(3.,8.4322298355773,20.));
#1544=CARTESIAN_POINT('',(3.,8.43222983557731,20.));
#1545=CARTESIAN_POINT('',(3.,8.4322298355773,20.));
#1546=CARTESIAN_POINT('',(3.,8.4322298355773,20.));
#1547=FACE_BOUND('',#1548,.T.);
#1548=EDGE_LOOP('',(#3448,#3449,#3450,#3451));
#1549=B_SPLINE_SURFACE_WITH_KNOTS('',3,3,(
(#1550,#1551,#1552,#1553,#1554,#1555,#1556,#1557,#1558,#1559,#1560,#1561),
(#1562,#1563,#1564,#1565,#1566,#1567,#1568,#1569,#1570,#1571,#1572,#1573),
(#1574,#1575,#1576,#1577,#1578,#1579,#1580,#1581,#1582,#1583,#1584,#1585),
(#1586,#1587,#1588,#1589,#1590,#1591,#1592,#1593,#1594,#1595,#1596,#1597),
(#1598,#1599,#1600,#1601,#1602,#1603,#1604,#1605,#1606,#1607,#1608,#1609),
(#1610,#1611,#1612,#1613,#1614,#1615,#1616,#1617,#1618,#1619,#1620,#1621)),
.UNSPECIFIED.,.F.,.F.,.F.,
(4,1,1,4),
(4,1,1,1,1,1,1,1,1,4),
(11.0522666302644,13.7802840944078,15.8884312848813,17.992049776391),
(0.,0.0927591448367803,0.216438004619154,0.340116864401528,0.463795724183901,0.587474583966275,
0.711153443748649,0.834832303531023,0.958511163313397,1.),
.UNSPECIFIED.);
#1550=CARTESIAN_POINT('',(5.29614698830704,8.4233797895053,19.0000114070785));
#1551=CARTESIAN_POINT('',(5.27203773228557,8.43853947169768,18.9881174284301));
#1552=CARTESIAN_POINT('',(5.21685854131901,8.47717240962529,18.9600203918461));
#1553=CARTESIAN_POINT('',(5.13583812154118,8.54970955082565,18.9152502117458));
#1554=CARTESIAN_POINT('',(5.05739267250417,8.64260094315204,18.8668657937027));
#1555=CARTESIAN_POINT('',(4.99144246358145,8.74744581539104,18.8202419923963));
#1556=CARTESIAN_POINT('',(4.93999584644031,8.86172344780312,18.7766492228022));
#1557=CARTESIAN_POINT('',(4.9043201564097,8.98239020257958,18.7372121483643));
#1558=CARTESIAN_POINT('',(4.88484069350341,9.10614837742152,18.7028142000127));
#1559=CARTESIAN_POINT('',(4.88196243835378,9.20235894137617,18.6804094591442));
#1560=CARTESIAN_POINT('',(4.88467190549865,9.25643954660445,18.669345581311));
#1561=CARTESIAN_POINT('',(4.88561496749646,9.26995102439419,18.6666754790401));
#1562=CARTESIAN_POINT('',(5.33589934287802,8.39838343749065,18.8762977060546));
#1563=CARTESIAN_POINT('',(5.31165282177706,8.41378822753876,18.8659208716679));
#1564=CARTESIAN_POINT('',(5.25613912483349,8.45291560460303,18.8414163662811));
#1565=CARTESIAN_POINT('',(5.17450050690709,8.52591454928748,18.8023872859377));
#1566=CARTESIAN_POINT('',(5.09519830657153,8.61890075471095,18.7601967104447));
#1567=CARTESIAN_POINT('',(5.02815397480551,8.72345804528228,18.7194947766833));
#1568=CARTESIAN_POINT('',(4.97534567968912,8.83713307335851,18.6813552691167));
#1569=CARTESIAN_POINT('',(4.93804409132652,8.95698077381665,18.6467326369648));
#1570=CARTESIAN_POINT('',(4.91671344417651,9.07981740708929,18.6163834254411));
#1571=CARTESIAN_POINT('',(4.91227271685317,9.17531764325135,18.5964774289567));
#1572=CARTESIAN_POINT('',(4.91406868246001,9.22902281346497,18.5865872985027));
#1573=CARTESIAN_POINT('',(4.91478163238662,9.24244226403563,18.584196281795));
#1574=CARTESIAN_POINT('',(5.39390880069626,8.36123104639404,18.6497758239635));
#1575=CARTESIAN_POINT('',(5.36948034317057,8.37698996033744,18.6421291154585));
#1576=CARTESIAN_POINT('',(5.3135199363129,8.41682850184799,18.6240807372178));
#1577=CARTESIAN_POINT('',(5.23103648797576,8.49048188455834,18.5953520094645));
#1578=CARTESIAN_POINT('',(5.15053285141468,8.58358751335197,18.564285040572));
#1579=CARTESIAN_POINT('',(5.08192288317101,8.68771241922608,18.5342659873283));
#1580=CARTESIAN_POINT('',(5.02713598396555,8.80050244007008,18.5060502324476));
#1581=CARTESIAN_POINT('',(4.98744228232276,8.91915460667792,18.4803128978628));
#1582=CARTESIAN_POINT('',(4.96335727577295,9.04064839296217,18.4575956604767));
#1583=CARTESIAN_POINT('',(4.95656560655864,9.13511311331104,18.4425509478152));
#1584=CARTESIAN_POINT('',(4.95697599307813,9.18827042432031,18.4350130525308));
#1585=CARTESIAN_POINT('',(4.95733920904341,9.20155555470675,18.4331863368965));
#1586=CARTESIAN_POINT('',(5.44217922998957,8.32979778481376,18.3123352222085));
#1587=CARTESIAN_POINT('',(5.41761284882634,8.34584872380784,18.3086761197562));
#1588=CARTESIAN_POINT('',(5.36131108299813,8.38627128225098,18.3000427333514));
#1589=CARTESIAN_POINT('',(5.27816668446587,8.4604546329235,18.2863063856831));
#1590=CARTESIAN_POINT('',(5.19669945195616,8.55364542370721,18.2714480206563));
#1591=CARTESIAN_POINT('',(5.12681025386341,8.6574009450913,18.2570739957793));
#1592=CARTESIAN_POINT('',(5.07038447672645,8.76945020258505,18.2435333723152));
#1593=CARTESIAN_POINT('',(5.02868765416525,8.8871071749558,18.2311393560838));
#1594=CARTESIAN_POINT('',(5.00227344172734,9.00748487452184,18.2201454235968));
#1595=CARTESIAN_POINT('',(4.99347418686071,9.10108863847153,18.2128145459636));
#1596=CARTESIAN_POINT('',(4.99269297488435,9.15379004456253,18.2091197500398));
#1597=CARTESIAN_POINT('',(4.99275488608981,9.16696337933879,18.2082228602315));
#1598=CARTESIAN_POINT('',(5.45205733202695,8.32331348893838,18.1040279506752));
#1599=CARTESIAN_POINT('',(5.42746456190253,8.33942354787722,18.1028094303651));
#1600=CARTESIAN_POINT('',(5.37109688546324,8.37996412910611,18.0999343975611));
#1601=CARTESIAN_POINT('',(5.28782213253799,8.45425396700441,18.0953599242708));
#1602=CARTESIAN_POINT('',(5.20616141854706,8.54746091804184,18.0904116873426));
#1603=CARTESIAN_POINT('',(5.1360124881525,8.65114056381681,18.0856246374746));
#1604=CARTESIAN_POINT('',(5.0792516140132,8.7630387091479,18.081115025774));
#1605=CARTESIAN_POINT('',(5.03714314399226,8.88049279200868,18.0769871659972));
#1606=CARTESIAN_POINT('',(5.01024816777424,9.00064257105368,18.0733254825123));
#1607=CARTESIAN_POINT('',(5.00103268730654,9.09406988646966,18.0708837243755));
#1608=CARTESIAN_POINT('',(5.00000359849531,9.14667750500897,18.0696530216893));
#1609=CARTESIAN_POINT('',(5.00000277862205,9.15982781729388,18.0693542727502));
#1610=CARTESIAN_POINT('',(5.45205479458143,8.32331655753172,17.9999876676251));
#1611=CARTESIAN_POINT('',(5.42746158816016,8.33942688329899,17.9999878117912));
#1612=CARTESIAN_POINT('',(5.3710930804889,8.37996796897281,17.9999881519675));
#1613=CARTESIAN_POINT('',(5.2878176208137,8.45425813773415,17.9999886933171));
#1614=CARTESIAN_POINT('',(5.20615669829956,8.54746491687211,17.9999892790228));
#1615=CARTESIAN_POINT('',(5.13600792170432,8.65114400145113,17.9999898457817));
#1616=CARTESIAN_POINT('',(5.07924738637081,8.76304142679519,17.9999903798342));
#1617=CARTESIAN_POINT('',(5.03713931695275,8.88049491622997,17.9999908688272));
#1618=CARTESIAN_POINT('',(5.01024475217491,9.0006445233336,17.9999913027563));
#1619=CARTESIAN_POINT('',(5.00102961744272,9.09407223345301,17.9999915922515));
#1620=CARTESIAN_POINT('',(5.00000075910143,9.14668033442772,17.9999917382194));
#1621=CARTESIAN_POINT('',(4.99999999998308,9.15983078438076,17.9999917736565));
#1622=FACE_BOUND('',#1623,.T.);
#1623=EDGE_LOOP('',(#3452,#3453,#3454,#3455));
#1624=CYLINDRICAL_SURFACE('',#1625,1.);
#1625=AXIS2_PLACEMENT_3D('',#1626,#1627,#1628);
#1626=CARTESIAN_POINT('',(6.,9.15983078446322,-2.));
#1627=DIRECTION('',(0.,0.,1.));
#1628=DIRECTION('',(-1.,0.,0.));
#1629=FACE_BOUND('',#1630,.T.);
#1630=EDGE_LOOP('',(#3456,#3457,#3458,#3459,#3460));
#1631=TOROIDAL_SURFACE('',#1632,8.95,1.);
#1632=AXIS2_PLACEMENT_3D('',#1633,#1634,#1635);
#1633=CARTESIAN_POINT('',(0.,0.,1.));
#1634=DIRECTION('',(0.,0.,1.));
#1635=DIRECTION('',(-0.248110931610903,0.968731627240058,0.));
#1636=FACE_BOUND('',#1637,.T.);
#1637=EDGE_LOOP('',(#3461,#3462,#3463,#3464));
#1638=TOROIDAL_SURFACE('',#1639,2.,1.);
#1639=AXIS2_PLACEMENT_3D('',#1640,#1641,#1642);
#1640=CARTESIAN_POINT('',(-5.,9.74179141636691,1.));
#1641=DIRECTION('',(0.,0.,1.));
#1642=DIRECTION('',(-0.889661316563193,-0.456621004566201,0.));
#1643=FACE_BOUND('',#1644,.T.);
#1644=EDGE_LOOP('',(#3465,#3466,#3467,#3468));
#1645=CYLINDRICAL_SURFACE('',#1646,1.);
#1646=AXIS2_PLACEMENT_3D('',#1647,#1648,#1649);
#1647=CARTESIAN_POINT('',(-3.,51.2503110204863,1.));
#1648=DIRECTION('',(0.,-1.,0.));
#1649=DIRECTION('',(-1.,0.,0.));
#1650=FACE_BOUND('',#1651,.T.);
#1651=EDGE_LOOP('',(#3469,#3470,#3471,#3472));
#1652=B_SPLINE_SURFACE_WITH_KNOTS('',3,3,(
(#1653,#1654,#1655,#1656,#1657,#1658,#1659,#1660,#1661,#1662,#1663,#1664),
(#1665,#1666,#1667,#1668,#1669,#1670,#1671,#1672,#1673,#1674,#1675,#1676),
(#1677,#1678,#1679,#1680,#1681,#1682,#1683,#1684,#1685,#1686,#1687,#1688),
(#1689,#1690,#1691,#1692,#1693,#1694,#1695,#1696,#1697,#1698,#1699,#1700),
(#1701,#1702,#1703,#1704,#1705,#1706,#1707,#1708,#1709,#1710,#1711,#1712),
(#1713,#1714,#1715,#1716,#1717,#1718,#1719,#1720,#1721,#1722,#1723,#1724)),
.UNSPECIFIED.,.F.,.F.,.F.,
(4,1,1,4),
(4,1,1,1,1,1,1,1,1,4),
(1.94241473577909,2.42289361221047,2.99946826392813,3.51322303186295),
(0.,0.0891427490623699,0.207999747812196,0.326856746562023,0.445713745311849,0.564570744061676,
0.683427742811502,0.802284741561329,0.921141740311155,1.),
.UNSPECIFIED.);
#1653=CARTESIAN_POINT('',(-2.9999999999835,47.634168901405,0.));
#1654=CARTESIAN_POINT('',(-3.0420250749137,47.6341686759331,4.02878033590357E-6));
#1655=CARTESIAN_POINT('',(-3.14265015056758,47.6341681360708,0.00618136099188205));
#1656=CARTESIAN_POINT('',(-3.3061491283935,47.6341672589207,0.0419100064015268));
#1657=CARTESIAN_POINT('',(-3.48203916309017,47.6341663153459,0.116704426077318));
#1658=CARTESIAN_POINT('',(-3.6447204783939,47.6341654426885,0.227089125655487));
#1659=CARTESIAN_POINT('',(-3.78378578098536,47.6341646967792,0.368562702255919));
#1660=CARTESIAN_POINT('',(-3.89120700749284,47.6341641206782,0.532817516045301));
#1661=CARTESIAN_POINT('',(-3.9628515912107,47.6341637365426,0.709335005738621));
#1662=CARTESIAN_POINT('',(-3.99480777094833,47.6341635653161,0.867467645393709));
#1663=CARTESIAN_POINT('',(-3.99999669375051,47.6341635376117,0.962824573992187));
#1664=CARTESIAN_POINT('',(-3.99999999996699,47.6341635376466,1.00000205895392));
#1665=CARTESIAN_POINT('',(-3.00003317202213,47.805529531686,0.));
#1666=CARTESIAN_POINT('',(-3.04085324331299,47.8118180781386,3.49280338819785E-6));
#1667=CARTESIAN_POINT('',(-3.13841574469921,47.8268771773502,0.00582783811481208));
#1668=CARTESIAN_POINT('',(-3.29649696648958,47.8513495771217,0.0392569362902098));
#1669=CARTESIAN_POINT('',(-3.46667461146924,47.8776749222112,0.108857081417796));
#1670=CARTESIAN_POINT('',(-3.62509606976036,47.9020139431058,0.211368185922692));
#1671=CARTESIAN_POINT('',(-3.76255609815994,47.9228018115646,0.342974877789935));
#1672=CARTESIAN_POINT('',(-3.87176354027105,47.9388313834748,0.496626195556396));
#1673=CARTESIAN_POINT('',(-3.94859915135065,47.9494818317183,0.663264647197059));
#1674=CARTESIAN_POINT('',(-3.98758925652156,47.9541812826663,0.814362601464116));
#1675=CARTESIAN_POINT('',(-3.99793845751451,47.954900151903,0.906553648828367));
#1676=CARTESIAN_POINT('',(-4.00006634404426,47.9548773659102,0.942670737730895));
#1677=CARTESIAN_POINT('',(-2.91404303399587,48.1834145191912,0.));
#1678=CARTESIAN_POINT('',(-2.9489900205609,48.2022760282593,2.45812603219319E-6));
#1679=CARTESIAN_POINT('',(-3.03215716870979,48.2472534929198,0.00504737848403182));
#1680=CARTESIAN_POINT('',(-3.16607120733445,48.3198815621633,0.0335463266807191));
#1681=CARTESIAN_POINT('',(-3.31050185287012,48.3981399506495,0.0922362710949072));
#1682=CARTESIAN_POINT('',(-3.44692987624268,48.4715738997119,0.178338621602256));
#1683=CARTESIAN_POINT('',(-3.56916899394211,48.5364347745234,0.289258168429007));
#1684=CARTESIAN_POINT('',(-3.67204401484818,48.5896541651696,0.420185918598667));
#1685=CARTESIAN_POINT('',(-3.75209779876858,48.6293084793855,0.564772284136078));
#1686=CARTESIAN_POINT('',(-3.80166277470438,48.6519508346398,0.699087407809272));
#1687=CARTESIAN_POINT('',(-3.82171646237356,48.659870069822,0.783027285092292));
#1688=CARTESIAN_POINT('',(-3.82808606799172,48.6621164837124,0.81624353231939));
#1689=CARTESIAN_POINT('',(-2.53482138976913,48.6033100670071,0.));
#1690=CARTESIAN_POINT('',(-2.55409877067725,48.6342343503334,1.61511468100701E-6));
#1691=CARTESIAN_POINT('',(-2.59978535914141,48.7076058638616,0.00417904397250967));
#1692=CARTESIAN_POINT('',(-2.67293767945182,48.8252605797176,0.027446651006139));
#1693=CARTESIAN_POINT('',(-2.75200070340714,48.9523461681101,0.0749209824658579));
#1694=CARTESIAN_POINT('',(-2.82766656207054,49.0735507006935,0.144347875751793));
#1695=CARTESIAN_POINT('',(-2.89733314811304,49.1843599182636,0.234044998847591));
#1696=CARTESIAN_POINT('',(-2.95873521412155,49.280881621482,0.340888767182211));
#1697=CARTESIAN_POINT('',(-3.01018861033768,49.3602938713052,0.460675436956415));
#1698=CARTESIAN_POINT('',(-3.04617956424159,49.4142693983839,0.574278626047412));
#1699=CARTESIAN_POINT('',(-3.06352199920571,49.4393197530675,0.646798666397008));
#1700=CARTESIAN_POINT('',(-3.06964277953827,49.4479814072371,0.675761051060515));
#1701=CARTESIAN_POINT('',(-2.17108719076795,48.7054761265158,0.));
#1702=CARTESIAN_POINT('',(-2.17726294372063,48.7391360235876,1.4516487283626E-6));
#1703=CARTESIAN_POINT('',(-2.19190079310308,48.8189095314765,0.00396769058632739));
#1704=CARTESIAN_POINT('',(-2.21534219591817,48.9466457520467,0.0259932822568355));
#1705=CARTESIAN_POINT('',(-2.24067630058243,49.0847037385296,0.070846388947265));
#1706=CARTESIAN_POINT('',(-2.26491346101796,49.2168209810735,0.136396756160017));
#1707=CARTESIAN_POINT('',(-2.28721326252584,49.3384453807178,0.221137035579735));
#1708=CARTESIAN_POINT('',(-2.30684495155814,49.44561945398,0.322267311478972));
#1709=CARTESIAN_POINT('',(-2.32326729752002,49.5354114082166,0.43600349410247));
#1710=CARTESIAN_POINT('',(-2.33472623703677,49.5982202763914,0.544330173280274));
#1711=CARTESIAN_POINT('',(-2.34023311550966,49.6285005639099,0.61378721104208));
#1712=CARTESIAN_POINT('',(-2.3421743815359,49.6391925857314,0.641579832386432));
#1713=CARTESIAN_POINT('',(-1.99999377607398,48.7053200491381,0.));
#1714=CARTESIAN_POINT('',(-1.99999355166425,48.738981143914,1.45020469338577E-6));
#1715=CARTESIAN_POINT('',(-1.99999301980937,48.818758520014,0.00396801343541569));
#1716=CARTESIAN_POINT('',(-1.99999216817588,48.9465022139326,0.0259943837764795));
#1717=CARTESIAN_POINT('',(-1.99999124773613,49.0845667937663,0.0708478543024771));
#1718=CARTESIAN_POINT('',(-1.99999036692868,49.2166866459602,0.136398228725041));
#1719=CARTESIAN_POINT('',(-1.99998955611787,49.3383071665177,0.221139214209894));
#1720=CARTESIAN_POINT('',(-1.99998884171288,49.4454670125482,0.322272863104488));
#1721=CARTESIAN_POINT('',(-1.99998824329743,49.5352286503592,0.436017916365019));
#1722=CARTESIAN_POINT('',(-1.99998782488407,49.5979902535553,0.54436029360346));
#1723=CARTESIAN_POINT('',(-1.99998762329966,49.6282277664861,0.61383247777826));
#1724=CARTESIAN_POINT('',(-1.99998755214797,49.6389004756172,0.641632050461588));
#1725=FACE_BOUND('',#1726,.T.);
#1726=EDGE_LOOP('',(#3473,#3474,#3475,#3476));
#1727=CYLINDRICAL_SURFACE('',#1728,1.);
#1728=AXIS2_PLACEMENT_3D('',#1729,#1730,#1731);
#1729=CARTESIAN_POINT('',(7.,48.7053200491588,0.999999999999998));
#1730=DIRECTION('',(1.,0.,-2.56205313375036E-17));
#1731=DIRECTION('',(-2.56205313375036E-17,0.,-1.));
#1732=FACE_BOUND('',#1733,.T.);
#1733=EDGE_LOOP('',(#3477,#3478,#3479,#3480));
#1734=B_SPLINE_SURFACE_WITH_KNOTS('',3,3,(
(#1735,#1736,#1737,#1738,#1739,#1740,#1741,#1742,#1743,#1744,#1745,#1746),
(#1747,#1748,#1749,#1750,#1751,#1752,#1753,#1754,#1755,#1756,#1757,#1758),
(#1759,#1760,#1761,#1762,#1763,#1764,#1765,#1766,#1767,#1768,#1769,#1770),
(#1771,#1772,#1773,#1774,#1775,#1776,#1777,#1778,#1779,#1780,#1781,#1782),
(#1783,#1784,#1785,#1786,#1787,#1788,#1789,#1790,#1791,#1792,#1793,#1794),
(#1795,#1796,#1797,#1798,#1799,#1800,#1801,#1802,#1803,#1804,#1805,#1806)),
.UNSPECIFIED.,.F.,.F.,.F.,
(4,1,1,4),
(4,1,1,1,1,1,1,1,1,4),
(1.94241473577909,2.42289361221047,2.99946826392813,3.51322303186295),
(0.,0.0891427490623699,0.207999747812196,0.326856746562023,0.445713745311849,0.564570744061676,
0.683427742811502,0.802284741561329,0.921141740311155,1.),
.UNSPECIFIED.);
#1735=CARTESIAN_POINT('',(3.99999999998349,47.634168901405,0.));
#1736=CARTESIAN_POINT('',(4.0420250749137,47.6341686759332,4.02878033588396E-6));
#1737=CARTESIAN_POINT('',(4.14265015056758,47.6341681360707,0.00618136099188219));
#1738=CARTESIAN_POINT('',(4.3061491283935,47.6341672589207,0.0419100064015273));
#1739=CARTESIAN_POINT('',(4.48203916309017,47.634166315346,0.11670442607732));
#1740=CARTESIAN_POINT('',(4.64472047839391,47.6341654426884,0.227089125655489));
#1741=CARTESIAN_POINT('',(4.78378578098536,47.6341646967793,0.368562702255925));
#1742=CARTESIAN_POINT('',(4.89120700749284,47.6341641206782,0.532817516045306));
#1743=CARTESIAN_POINT('',(4.96285159121071,47.6341637365426,0.709335005738634));
#1744=CARTESIAN_POINT('',(4.99480777094833,47.6341635653161,0.867467645393718));
#1745=CARTESIAN_POINT('',(4.99999669375052,47.6341635376117,0.962824573992202));
#1746=CARTESIAN_POINT('',(4.99999999996699,47.6341635376466,1.00000205895394));
#1747=CARTESIAN_POINT('',(4.00003317202213,47.8055295316862,0.));
#1748=CARTESIAN_POINT('',(4.04085324331299,47.8118180781387,3.49280338822182E-6));
#1749=CARTESIAN_POINT('',(4.1384157446992,47.8268771773501,0.0058278381148121));
#1750=CARTESIAN_POINT('',(4.29649696648958,47.8513495771218,0.0392569362902104));
#1751=CARTESIAN_POINT('',(4.46667461146924,47.8776749222111,0.108857081417797));
#1752=CARTESIAN_POINT('',(4.62509606976037,47.9020139431058,0.211368185922695));
#1753=CARTESIAN_POINT('',(4.76255609815993,47.9228018115646,0.342974877789938));
#1754=CARTESIAN_POINT('',(4.87176354027106,47.9388313834748,0.496626195556404));
#1755=CARTESIAN_POINT('',(4.94859915135064,47.9494818317183,0.663264647197066));
#1756=CARTESIAN_POINT('',(4.98758925652157,47.9541812826663,0.814362601464129));
#1757=CARTESIAN_POINT('',(4.99793845751451,47.954900151903,0.906553648828377));
#1758=CARTESIAN_POINT('',(5.00006634404425,47.9548773659103,0.942670737730909));
#1759=CARTESIAN_POINT('',(3.91404303399587,48.1834145191909,0.));
#1760=CARTESIAN_POINT('',(3.94899002056092,48.2022760282593,2.45812603209512E-6));
#1761=CARTESIAN_POINT('',(4.03215716870976,48.2472534929198,0.00504737848403209));
#1762=CARTESIAN_POINT('',(4.16607120733448,48.3198815621633,0.0335463266807193));
#1763=CARTESIAN_POINT('',(4.31050185287011,48.3981399506496,0.0922362710949087));
#1764=CARTESIAN_POINT('',(4.44692987624269,48.471573899712,0.178338621602258));
#1765=CARTESIAN_POINT('',(4.56916899394212,48.5364347745233,0.289258168429012));
#1766=CARTESIAN_POINT('',(4.67204401484817,48.5896541651697,0.420185918598671));
#1767=CARTESIAN_POINT('',(4.75209779876859,48.6293084793856,0.564772284136087));
#1768=CARTESIAN_POINT('',(4.80166277470438,48.6519508346399,0.69908740780928));
#1769=CARTESIAN_POINT('',(4.82171646237356,48.6598700698222,0.783027285092305));
#1770=CARTESIAN_POINT('',(4.82808606799174,48.6621164837124,0.816243532319398));
#1771=CARTESIAN_POINT('',(3.53482138976913,48.6033100670074,0.));
#1772=CARTESIAN_POINT('',(3.55409877067725,48.6342343503333,1.61511468098957E-6));
#1773=CARTESIAN_POINT('',(3.59978535914142,48.7076058638619,0.00417904397250979));
#1774=CARTESIAN_POINT('',(3.67293767945181,48.8252605797175,0.0274466510061396));
#1775=CARTESIAN_POINT('',(3.75200070340714,48.9523461681102,0.0749209824658595));
#1776=CARTESIAN_POINT('',(3.82766656207053,49.0735507006933,0.144347875751796));
#1777=CARTESIAN_POINT('',(3.89733314811303,49.1843599182639,0.234044998847596));
#1778=CARTESIAN_POINT('',(3.95873521412156,49.2808816214818,0.34088876718222));
#1779=CARTESIAN_POINT('',(4.01018861033768,49.3602938713053,0.460675436956425));
#1780=CARTESIAN_POINT('',(4.04617956424159,49.4142693983837,0.574278626047426));
#1781=CARTESIAN_POINT('',(4.06352199920571,49.4393197530674,0.64679866639702));
#1782=CARTESIAN_POINT('',(4.06964277953826,49.4479814072371,0.675761051060533));
#1783=CARTESIAN_POINT('',(3.17108719076795,48.7054761265157,0.));
#1784=CARTESIAN_POINT('',(3.17726294372063,48.7391360235876,1.45164872834843E-6));
#1785=CARTESIAN_POINT('',(3.19190079310306,48.8189095314765,0.00396769058632751));
#1786=CARTESIAN_POINT('',(3.21534219591818,48.9466457520465,0.025993282256836));
#1787=CARTESIAN_POINT('',(3.24067630058242,49.0847037385297,0.0708463889472666));
#1788=CARTESIAN_POINT('',(3.26491346101796,49.2168209810735,0.13639675616002));
#1789=CARTESIAN_POINT('',(3.28721326252583,49.3384453807178,0.22113703557974));
#1790=CARTESIAN_POINT('',(3.30684495155814,49.44561945398,0.322267311478977));
#1791=CARTESIAN_POINT('',(3.32326729752002,49.5354114082165,0.436003494102481));
#1792=CARTESIAN_POINT('',(3.33472623703677,49.5982202763915,0.544330173280284));
#1793=CARTESIAN_POINT('',(3.34023311550966,49.6285005639099,0.613787211042095));
#1794=CARTESIAN_POINT('',(3.34217438153591,49.6391925857314,0.641579832386444));
#1795=CARTESIAN_POINT('',(2.99999377607398,48.7053200491381,0.));
#1796=CARTESIAN_POINT('',(2.99999355166425,48.738981143914,1.450204693352E-6));
#1797=CARTESIAN_POINT('',(2.99999301980937,48.8187585200139,0.00396801343541585));
#1798=CARTESIAN_POINT('',(2.99999216817588,48.9465022139327,0.02599438377648));
#1799=CARTESIAN_POINT('',(2.99999124773612,49.0845667937663,0.0708478543024789));
#1800=CARTESIAN_POINT('',(2.99999036692869,49.2166866459602,0.136398228725043));
#1801=CARTESIAN_POINT('',(2.99998955611786,49.3383071665178,0.2211392142099));
#1802=CARTESIAN_POINT('',(2.99998884171289,49.4454670125481,0.322272863104494));
#1803=CARTESIAN_POINT('',(2.99998824329742,49.5352286503594,0.436017916365029));
#1804=CARTESIAN_POINT('',(2.99998782488407,49.5979902535552,0.544360293603471));
#1805=CARTESIAN_POINT('',(2.99998762329965,49.6282277664861,0.613832477778273));
#1806=CARTESIAN_POINT('',(2.99998755214797,49.6389004756172,0.641632050461602));
#1807=FACE_BOUND('',#1808,.T.);
#1808=EDGE_LOOP('',(#3481,#3482,#3483,#3484));
#1809=CYLINDRICAL_SURFACE('',#1810,1.);
#1810=AXIS2_PLACEMENT_3D('',#1811,#1812,#1813);
#1811=CARTESIAN_POINT('',(4.,51.2503110204863,1.));
#1812=DIRECTION('',(0.,1.,2.40879031622117E-18));
#1813=DIRECTION('',(1.,0.,0.));
#1814=FACE_BOUND('',#1815,.T.);
#1815=EDGE_LOOP('',(#3485,#3486,#3487,#3488));
#1816=TOROIDAL_SURFACE('',#1817,2.,1.);
#1817=AXIS2_PLACEMENT_3D('',#1818,#1819,#1820);
#1818=CARTESIAN_POINT('',(6.,9.15983078446322,1.));
#1819=DIRECTION('',(0.,0.,1.));
#1820=DIRECTION('',(0.,1.,0.));
#1821=FACE_BOUND('',#1822,.T.);
#1822=EDGE_LOOP('',(#3489,#3490,#3491,#3492,#3493));
#1823=TOROIDAL_SURFACE('',#1824,8.95,1.);
#1824=AXIS2_PLACEMENT_3D('',#1825,#1826,#1827);
#1825=CARTESIAN_POINT('',(0.,0.,1.));
#1826=DIRECTION('',(0.,0.,1.));
#1827=DIRECTION('',(-0.846225959241155,-0.53282419793623,0.));
#1828=FACE_BOUND('',#1829,.T.);
#1829=EDGE_LOOP('',(#3494,#3495,#3496,#3497));
#1830=B_SPLINE_SURFACE_WITH_KNOTS('',3,3,(
(#1831,#1832,#1833,#1834,#1835,#1836,#1837,#1838,#1839,#1840,#1841,#1842),
(#1843,#1844,#1845,#1846,#1847,#1848,#1849,#1850,#1851,#1852,#1853,#1854),
(#1855,#1856,#1857,#1858,#1859,#1860,#1861,#1862,#1863,#1864,#1865,#1866),
(#1867,#1868,#1869,#1870,#1871,#1872,#1873,#1874,#1875,#1876,#1877,#1878),
(#1879,#1880,#1881,#1882,#1883,#1884,#1885,#1886,#1887,#1888,#1889,#1890),
(#1891,#1892,#1893,#1894,#1895,#1896,#1897,#1898,#1899,#1900,#1901,#1902)),
.UNSPECIFIED.,.F.,.F.,.F.,
(4,1,1,4),
(4,1,1,1,1,1,1,1,1,4),
(0.659685396984503,2.10022091389523,3.88578535046265,5.34035241062669),
(0.,0.0969519215087681,0.226221150187126,0.355490378865483,0.484759607543841,0.614028836222198,
0.743298064900556,0.872567293578913,0.975615372070145,1.),
.UNSPECIFIED.);
#1831=CARTESIAN_POINT('',(-4.,55.6622445491214,39.0914710703068));
#1832=CARTESIAN_POINT('',(-4.00000008134273,55.6702677543903,39.1069916111886));
#1833=CARTESIAN_POINT('',(-4.00104935724915,55.6890630182879,39.143297698557));
#1834=CARTESIAN_POINT('',(-4.0066171325542,55.7187306924405,39.2004097379814));
#1835=CARTESIAN_POINT('',(-4.01762879458512,55.7510172239768,39.2623152495844));
#1836=CARTESIAN_POINT('',(-4.03355499270581,55.7829782302572,39.3233449584479));
#1837=CARTESIAN_POINT('',(-4.05429767551837,55.8143685771377,39.3830295729083));
#1838=CARTESIAN_POINT('',(-4.07968515987422,55.8449515512629,39.4409197779599));
#1839=CARTESIAN_POINT('',(-4.10746306976538,55.8725064192804,39.4928325451575));
#1840=CARTESIAN_POINT('',(-4.12962378806635,55.8913354263759,39.5281467829057));
#1841=CARTESIAN_POINT('',(-4.14124389047446,55.9004597283967,39.5452154925789));
#1842=CARTESIAN_POINT('',(-4.14348969106793,55.9021973491925,39.5484643899951));
#1843=CARTESIAN_POINT('',(-3.99999999999999,56.2415106200317,38.7941151102227));
#1844=CARTESIAN_POINT('',(-4.00000016097087,56.2505855956472,38.8131804243342));
#1845=CARTESIAN_POINT('',(-4.00154850585999,56.2718650503675,38.8579133216219));
#1846=CARTESIAN_POINT('',(-4.00979908160517,56.3054622476353,38.9286534649701));
#1847=CARTESIAN_POINT('',(-4.02615454987887,56.3419188284566,39.0055770552953));
#1848=CARTESIAN_POINT('',(-4.04981943996737,56.377781071063,39.0814330709575));
#1849=CARTESIAN_POINT('',(-4.08060098579628,56.4126552255263,39.1554104125108));
#1850=CARTESIAN_POINT('',(-4.11816202430296,56.4461659955615,39.226732345085));
#1851=CARTESIAN_POINT('',(-4.15906627665999,56.4758179756244,39.2900857765081));
#1852=CARTESIAN_POINT('',(-4.19150837839118,56.4956722473936,39.3326762821925));
#1853=CARTESIAN_POINT('',(-4.20845203163767,56.5051694293538,39.353099095393));
#1854=CARTESIAN_POINT('',(-4.21172418162449,56.5069733531799,39.3569801644193));
#1855=CARTESIAN_POINT('',(-4.,57.5625435076981,38.1953404060654));
#1856=CARTESIAN_POINT('',(-4.00000038120186,57.5721089642762,38.2185029918755));
#1857=CARTESIAN_POINT('',(-4.00219130210505,57.594609800973,38.2729492319734));
#1858=CARTESIAN_POINT('',(-4.01398308273444,57.6302864911024,38.3591455405881));
#1859=CARTESIAN_POINT('',(-4.03749191095457,57.6689788470546,38.4524849562689));
#1860=CARTESIAN_POINT('',(-4.07154388289878,57.7067975529646,38.5435949226086));
#1861=CARTESIAN_POINT('',(-4.11569363164757,57.7431105516498,38.6309737219654));
#1862=CARTESIAN_POINT('',(-4.16916834463569,57.7773341784419,38.7132351337891));
#1863=CARTESIAN_POINT('',(-4.22673847740877,57.8068246325192,38.7840438594702));
#1864=CARTESIAN_POINT('',(-4.27177093489124,57.8259791027848,38.8299879814483));
#1865=CARTESIAN_POINT('',(-4.29507705101022,57.8349652184958,38.8515286219451));
#1866=CARTESIAN_POINT('',(-4.29957004477064,57.8366653535315,38.8556034962971));
#1867=CARTESIAN_POINT('',(-3.99999999999999,59.5309130237147,37.438690960746));
#1868=CARTESIAN_POINT('',(-4.00000038281669,59.5393261866832,37.4623460237976));
#1869=CARTESIAN_POINT('',(-4.00219043165622,59.5590854015306,37.5179506859122));
#1870=CARTESIAN_POINT('',(-4.01397890078692,59.590307682693,37.6059780927584));
#1871=CARTESIAN_POINT('',(-4.03748266786177,59.6240479056105,37.7012858104787));
#1872=CARTESIAN_POINT('',(-4.07152772540311,59.6569166447649,37.7942906212594));
#1873=CARTESIAN_POINT('',(-4.11566687911437,59.6883762703916,37.8834479659642));
#1874=CARTESIAN_POINT('',(-4.16912417344987,59.7179311444647,37.9673329834377));
#1875=CARTESIAN_POINT('',(-4.2266677997021,59.7433119404806,38.0394812383675));
#1876=CARTESIAN_POINT('',(-4.27167201794593,59.7597401277638,38.0862512709898));
#1877=CARTESIAN_POINT('',(-4.29496090121856,59.7674305542034,38.1081660174639));
#1878=CARTESIAN_POINT('',(-4.299450474829,59.7688849052801,38.1123111535466));
#1879=CARTESIAN_POINT('',(-4.,60.9195997012446,36.9981312599263));
#1880=CARTESIAN_POINT('',(-4.00000016209437,60.9256211176681,37.0183817797799));
#1881=CARTESIAN_POINT('',(-4.00155804685691,60.9397653066584,37.0658970964591));
#1882=CARTESIAN_POINT('',(-4.00985953246753,60.9621964922027,37.141039035844));
#1883=CARTESIAN_POINT('',(-4.02631602149075,60.986675570937,37.2227438115291));
#1884=CARTESIAN_POINT('',(-4.05012711177639,61.0109105874791,37.30330136203));
#1885=CARTESIAN_POINT('',(-4.08109871399166,61.034650151025,37.3818425416871));
#1886=CARTESIAN_POINT('',(-4.11889136787535,61.0576517702131,37.4575355878692));
#1887=CARTESIAN_POINT('',(-4.16004739749614,61.0781989137012,37.524738238959));
#1888=CARTESIAN_POINT('',(-4.19268883294893,61.0920914087122,37.5698913573764));
#1889=CARTESIAN_POINT('',(-4.20973649799839,61.0987760402751,37.5915354054959));
#1890=CARTESIAN_POINT('',(-4.21302873149319,61.1000472311331,37.5956482636896));
#1891=CARTESIAN_POINT('',(-4.,61.5547121564824,36.8296085578455));
#1892=CARTESIAN_POINT('',(-4.00000008135815,61.5591358402193,36.8465066856651));
#1893=CARTESIAN_POINT('',(-4.00104935686295,61.5694644614677,36.8860537533954));
#1894=CARTESIAN_POINT('',(-4.00661714284205,61.5856397174097,36.9483330708152));
#1895=CARTESIAN_POINT('',(-4.01762884014242,61.6030805812481,37.0159271071667));
#1896=CARTESIAN_POINT('',(-4.03355509302739,61.6201809466121,37.0826539701529));
#1897=CARTESIAN_POINT('',(-4.05429783211511,61.6368088439995,37.1480008962357));
#1898=CARTESIAN_POINT('',(-4.07968534302247,61.652839360835,37.2114755826926));
#1899=CARTESIAN_POINT('',(-4.10746321011115,61.6671219140975,37.2684840359397));
#1900=CARTESIAN_POINT('',(-4.12962382413853,61.6767773642508,37.3073218352895));
#1901=CARTESIAN_POINT('',(-4.14124384724146,61.6814273847276,37.3261095248502));
#1902=CARTESIAN_POINT('',(-4.14348963158944,61.6823118509168,37.3296862119121));
#1903=FACE_BOUND('',#1904,.T.);
#1904=EDGE_LOOP('',(#3498,#3499,#3500,#3501));
#1905=B_SPLINE_SURFACE_WITH_KNOTS('',3,3,(
(#1906,#1907,#1908,#1909,#1910,#1911,#1912,#1913,#1914,#1915,#1916,#1917),
(#1918,#1919,#1920,#1921,#1922,#1923,#1924,#1925,#1926,#1927,#1928,#1929),
(#1930,#1931,#1932,#1933,#1934,#1935,#1936,#1937,#1938,#1939,#1940,#1941),
(#1942,#1943,#1944,#1945,#1946,#1947,#1948,#1949,#1950,#1951,#1952,#1953),
(#1954,#1955,#1956,#1957,#1958,#1959,#1960,#1961,#1962,#1963,#1964,#1965),
(#1966,#1967,#1968,#1969,#1970,#1971,#1972,#1973,#1974,#1975,#1976,#1977)),
.UNSPECIFIED.,.F.,.F.,.F.,
(4,1,1,4),
(4,1,1,1,1,1,1,1,1,4),
(6.61954410142276,13.0597839071075,20.8879223992554,27.3907353647797),
(0.,0.0987059633588096,0.230313914503889,0.361921865648969,0.493529816794048,0.625137767939128,
0.756745719084207,0.888353670229287,0.955003233151747,1.),
.UNSPECIFIED.);
#1906=CARTESIAN_POINT('',(-3.99999999997584,55.8032319401166,39.0236619855842));
#1907=CARTESIAN_POINT('',(-4.00000008739397,55.8098941265707,39.0403550779836));
#1908=CARTESIAN_POINT('',(-4.00110059453757,55.8254871329058,39.0794247396967));
#1909=CARTESIAN_POINT('',(-4.00694085592662,55.8500446739654,39.1409524076042));
#1910=CARTESIAN_POINT('',(-4.01849051578867,55.876693671068,39.2077157574695));
#1911=CARTESIAN_POINT('',(-4.03519080428802,55.9029905316884,39.2735924740373));
#1912=CARTESIAN_POINT('',(-4.05693306394152,55.9287274073986,39.3380618531448));
#1913=CARTESIAN_POINT('',(-4.08352943026274,55.9537051330258,39.4006250139856));
#1914=CARTESIAN_POINT('',(-4.109587280943,55.9737841679165,39.4509142313496));
#1915=CARTESIAN_POINT('',(-4.13078280597096,55.9880752983579,39.4867050614148));
#1916=CARTESIAN_POINT('',(-4.14099935600721,55.9944923049374,39.5027752836309));
#1917=CARTESIAN_POINT('',(-4.14519383230314,55.997054450014,39.5091916122113));
#1918=CARTESIAN_POINT('',(-4.00000500578984,55.5053575461984,39.150891382319));
#1919=CARTESIAN_POINT('',(-4.00004473799288,55.5117376306615,39.1667760169123));
#1920=CARTESIAN_POINT('',(-4.00117552179714,55.5265102183698,39.2040425526394));
#1921=CARTESIAN_POINT('',(-4.00682535907011,55.5491850361195,39.2630809632722));
#1922=CARTESIAN_POINT('',(-4.01786281040092,55.5730539447204,39.3276190526855));
#1923=CARTESIAN_POINT('',(-4.03374835449189,55.5958703402562,39.3918159444879));
#1924=CARTESIAN_POINT('',(-4.05438503998198,55.6174633435576,39.4551977091005));
#1925=CARTESIAN_POINT('',(-4.07960616376691,55.6376807700796,39.5173017009357));
#1926=CARTESIAN_POINT('',(-4.10431449145561,55.6533139251293,39.5677525013664));
#1927=CARTESIAN_POINT('',(-4.12442048716785,55.6640948618095,39.6039702992707));
#1928=CARTESIAN_POINT('',(-4.13411514630716,55.6688449635157,39.6203158875835));
#1929=CARTESIAN_POINT('',(-4.13809600732799,55.6707266599638,39.6268560992257));
#1930=CARTESIAN_POINT('',(-3.82283081331738,54.8384312581177,39.4225248266158));
#1931=CARTESIAN_POINT('',(-3.82296364555537,54.8443178181643,39.4374696605771));
#1932=CARTESIAN_POINT('',(-3.82407585708915,54.8576350737338,39.4726157643126));
#1933=CARTESIAN_POINT('',(-3.82880727191291,54.8769157781046,39.5286425290915));
#1934=CARTESIAN_POINT('',(-3.8377157973294,54.8957296256349,39.5903859717634));
#1935=CARTESIAN_POINT('',(-3.85035204339623,54.9121834982784,39.6523672054942));
#1936=CARTESIAN_POINT('',(-3.86665072408754,54.9261668023262,39.7141939563024));
#1937=CARTESIAN_POINT('',(-3.88650120737193,54.9376013662125,39.77547531559));
#1938=CARTESIAN_POINT('',(-3.90592525099019,54.9449879694316,39.825899969335));
#1939=CARTESIAN_POINT('',(-3.92173705341275,54.9492268709432,39.8624858927294));
#1940=CARTESIAN_POINT('',(-3.92936499942004,54.9508614625443,39.8791022145552));
#1941=CARTESIAN_POINT('',(-3.93249807545082,54.9514698371337,39.8857682772909));
#1942=CARTESIAN_POINT('',(-3.05067651309602,54.115593452665,39.7055599928675));
#1943=CARTESIAN_POINT('',(-3.05061495577507,54.1211306191605,39.7202582858006));
#1944=CARTESIAN_POINT('',(-3.05093483493267,54.1333640289064,39.7549286489006));
#1945=CARTESIAN_POINT('',(-3.053163660705,54.1499528425384,39.8105887594324));
#1946=CARTESIAN_POINT('',(-3.05776643494412,54.1646028556417,39.8724300453173));
#1947=CARTESIAN_POINT('',(-3.06453254937014,54.1756835737425,39.9350252168357));
#1948=CARTESIAN_POINT('',(-3.0734269183647,54.183114295485,39.9979950145823));
#1949=CARTESIAN_POINT('',(-3.08438771032554,54.1868582783675,40.0609556974106));
#1950=CARTESIAN_POINT('',(-3.09519896944095,54.1869123122987,40.1132322466903));
#1951=CARTESIAN_POINT('',(-3.10403902549417,54.1852686308993,40.1514305750639));
#1952=CARTESIAN_POINT('',(-3.10831264441753,54.1840847028897,40.1688500004335));
#1953=CARTESIAN_POINT('',(-3.11006934459389,54.1835383182535,40.1758499122244));
#1954=CARTESIAN_POINT('',(-2.32687288286105,53.9424673931362,39.7573266854976));
#1955=CARTESIAN_POINT('',(-2.32663700002697,53.9483975550802,39.7728926016536));
#1956=CARTESIAN_POINT('',(-2.32625829566537,53.9613696657706,39.8096870898653));
#1957=CARTESIAN_POINT('',(-2.32630777861151,53.978432325224,39.869017024134));
#1958=CARTESIAN_POINT('',(-2.3271796435248,53.9927025576153,39.9352095136669));
#1959=CARTESIAN_POINT('',(-2.32887168511762,54.0024840793031,40.0024286440175));
#1960=CARTESIAN_POINT('',(-2.33137414707866,54.007691991749,40.0702138370893));
#1961=CARTESIAN_POINT('',(-2.33466529396636,54.0083044306586,40.1380964263579));
#1962=CARTESIAN_POINT('',(-2.33804629593449,54.0050108331728,40.1945025597389));
#1963=CARTESIAN_POINT('',(-2.34087007174148,54.0005159389989,40.2357172217174));
#1964=CARTESIAN_POINT('',(-2.34224834356368,53.9979285379115,40.2545087832383));
#1965=CARTESIAN_POINT('',(-2.34281685543527,53.9968015169867,40.2620591852024));
#1966=CARTESIAN_POINT('',(-1.9999901782971,53.9389869916013,39.7480215065631));
#1967=CARTESIAN_POINT('',(-1.99973973231337,53.9452065950855,39.7642243437665));
#1968=CARTESIAN_POINT('',(-1.99915332983788,53.9587939653896,39.8025220435378));
#1969=CARTESIAN_POINT('',(-1.99822869197395,53.9765833038483,39.8642508242266));
#1970=CARTESIAN_POINT('',(-1.99722345225979,53.991320913398,39.9330584840255));
#1971=CARTESIAN_POINT('',(-1.99622915322149,54.0012269769189,40.0028405127598));
#1972=CARTESIAN_POINT('',(-1.99525319385621,54.0062084431923,40.0730847663332));
#1973=CARTESIAN_POINT('',(-1.99430270529267,54.0062451136543,40.1432720084615));
#1974=CARTESIAN_POINT('',(-1.99353546925957,54.0021880959923,40.2014348801743));
#1975=CARTESIAN_POINT('',(-1.99298743602405,53.9969828943303,40.2438315472529));
#1976=CARTESIAN_POINT('',(-1.99274082184218,53.994033129967,40.2631340767908));
#1977=CARTESIAN_POINT('',(-1.99264226457119,53.9927543348717,40.2708850410441));
#1978=FACE_BOUND('',#1979,.T.);
#1979=EDGE_LOOP('',(#3502,#3503,#3504,#3505));
#1980=B_SPLINE_SURFACE_WITH_KNOTS('',3,3,(
(#1981,#1982,#1983,#1984,#1985,#1986,#1987,#1988,#1989,#1990,#1991,#1992),
(#1993,#1994,#1995,#1996,#1997,#1998,#1999,#2000,#2001,#2002,#2003,#2004),
(#2005,#2006,#2007,#2008,#2009,#2010,#2011,#2012,#2013,#2014,#2015,#2016),
(#2017,#2018,#2019,#2020,#2021,#2022,#2023,#2024,#2025,#2026,#2027,#2028),
(#2029,#2030,#2031,#2032,#2033,#2034,#2035,#2036,#2037,#2038,#2039,#2040),
(#2041,#2042,#2043,#2044,#2045,#2046,#2047,#2048,#2049,#2050,#2051,#2052)),
.UNSPECIFIED.,.F.,.F.,.F.,
(4,1,1,4),
(4,1,1,1,1,1,1,1,1,4),
(1.04418277369914,2.92842190971616,5.20928230310729,6.95581722630283),
(0.,0.0934194970243048,0.217978826390044,0.342538155755784,0.467097485121524,0.591656814487264,
0.716216143853003,0.840775473218743,0.937082361114413,1.),
.UNSPECIFIED.);
#1981=CARTESIAN_POINT('',(3.11084423043954,53.9415493027702,39.7546965554369));
#1982=CARTESIAN_POINT('',(3.10948331618001,53.9473682027633,39.7698554791213));
#1983=CARTESIAN_POINT('',(3.10629201144803,53.960124627073,39.8056577384575));
#1984=CARTESIAN_POINT('',(3.10123952357001,53.9770169716655,39.863288024551));
#1985=CARTESIAN_POINT('',(3.09571642178406,53.9913193605457,39.9274809653571));
#1986=CARTESIAN_POINT('',(3.09021846603728,54.0013533212275,39.9925877802504));
#1987=CARTESIAN_POINT('',(3.084782167703,54.0070307101592,40.0581822733948));
#1988=CARTESIAN_POINT('',(3.0794433037487,54.0083210004517,40.123830797334));
#1989=CARTESIAN_POINT('',(3.07462985122221,54.0054832267177,40.1841667879524));
#1990=CARTESIAN_POINT('',(3.07078559779383,54.0002728525261,40.2331987725679));
#1991=CARTESIAN_POINT('',(3.06867943689785,53.9962132495354,40.2604078193176));
#1992=CARTESIAN_POINT('',(3.06785570086842,53.9944351705902,40.2711041075941));
#1993=CARTESIAN_POINT('',(2.55734854327781,53.9263371335775,39.7150674998226));
#1994=CARTESIAN_POINT('',(2.55622589631833,53.9329426947682,39.7322758557679));
#1995=CARTESIAN_POINT('',(2.55359530797962,53.9472976821037,39.7730566566045));
#1996=CARTESIAN_POINT('',(2.54944441219991,53.9657615321569,39.8391453707543));
#1997=CARTESIAN_POINT('',(2.54493566132876,53.9805123440235,39.9131913292684));
#1998=CARTESIAN_POINT('',(2.54048806355859,53.9896663167671,39.9885905206619));
#1999=CARTESIAN_POINT('',(2.53614286389203,53.9931064186635,40.0647167472441));
#2000=CARTESIAN_POINT('',(2.53193969411234,53.9908087492378,40.1409293306744));
#2001=CARTESIAN_POINT('',(2.52821972818606,53.9834444042507,40.2108692700623));
#2002=CARTESIAN_POINT('',(2.5253063555764,53.9736853035186,40.2675396145866));
#2003=CARTESIAN_POINT('',(2.5237355355809,53.9667600255089,40.2988933280299));
#2004=CARTESIAN_POINT('',(2.52312534308546,53.9638032141589,40.3112016065136));
#2005=CARTESIAN_POINT('',(1.33185263853415,53.9034572444829,39.6554633509411));
#2006=CARTESIAN_POINT('',(1.33136037159414,53.911178820891,39.6755792974326));
#2007=CARTESIAN_POINT('',(1.33020310573914,53.9277893639841,39.7233592508));
#2008=CARTESIAN_POINT('',(1.32836779641345,53.9483631482512,39.8010630691728));
#2009=CARTESIAN_POINT('',(1.32637136447145,53.9634249249275,39.8882082217689));
#2010=CARTESIAN_POINT('',(1.32440812288265,53.9707725851927,39.9767507545866));
#2011=CARTESIAN_POINT('',(1.32250517726601,53.9702489871761,40.0656584970463));
#2012=CARTESIAN_POINT('',(1.32068807031433,53.9618817974449,40.1538861594073));
#2013=CARTESIAN_POINT('',(1.31910887181979,53.9470896963367,40.2338731044604));
#2014=CARTESIAN_POINT('',(1.31789766728371,53.9300532371363,40.2978022302632));
#2015=CARTESIAN_POINT('',(1.31725616671476,53.9186288186165,40.332768831891));
#2016=CARTESIAN_POINT('',(1.31700889521073,53.9138358219995,40.3464280354537));
#2017=CARTESIAN_POINT('',(-0.413070465091236,53.9041306426575,39.6572176131617));
#2018=CARTESIAN_POINT('',(-0.412531752926383,53.9118254484908,39.6772638030276));
#2019=CARTESIAN_POINT('',(-0.411265257484133,53.9283886843267,39.7248595444807));
#2020=CARTESIAN_POINT('',(-0.409256332646985,53.9489520580216,39.8022024992135));
#2021=CARTESIAN_POINT('',(-0.407070127108218,53.9640927966978,39.8888810983281));
#2022=CARTESIAN_POINT('',(-0.404918886656897,53.9716159496996,39.976903686478));
#2023=CARTESIAN_POINT('',(-0.402831857710301,53.9713654762647,40.0652595838177));
#2024=CARTESIAN_POINT('',(-0.400836637837262,53.963364726977,40.1529254772337));
#2025=CARTESIAN_POINT('',(-0.399100066738278,53.9489888700065,40.2324032905162));
#2026=CARTESIAN_POINT('',(-0.397765997115281,53.932341425904,40.2959339039358));
#2027=CARTESIAN_POINT('',(-0.39705845706489,53.9211506889219,40.330688061181));
#2028=CARTESIAN_POINT('',(-0.396785569189638,53.9164520448392,40.3442653276975));
#2029=CARTESIAN_POINT('',(-1.5977255444062,53.9278251090845,39.7189438085448));
#2030=CARTESIAN_POINT('',(-1.59658645250079,53.9343516543415,39.7359463129187));
#2031=CARTESIAN_POINT('',(-1.59391818419969,53.9485407033774,39.7762451987702));
#2032=CARTESIAN_POINT('',(-1.58971040097143,53.9668174715215,39.8415792853649));
#2033=CARTESIAN_POINT('',(-1.58514204061637,53.9814640886918,39.9148206459498));
#2034=CARTESIAN_POINT('',(-1.58063677150462,53.9906192672738,39.9894499330451));
#2035=CARTESIAN_POINT('',(-1.57623531121956,53.9941687192321,40.064857198815));
#2036=CARTESIAN_POINT('',(-1.5719767951002,53.9920883531383,40.1404176322317));
#2037=CARTESIAN_POINT('',(-1.56820612193025,53.9850217935587,40.2098302877514));
#2038=CARTESIAN_POINT('',(-1.56525121350865,53.9755738927823,40.2661314998733));
#2039=CARTESIAN_POINT('',(-1.56365709988121,53.9688483633998,40.2973064428786));
#2040=CARTESIAN_POINT('',(-1.56303770251902,53.9659741995434,40.309548724254));
#2041=CARTESIAN_POINT('',(-2.11084423044127,53.9415493027702,39.7546965554369));
#2042=CARTESIAN_POINT('',(-2.10948331618174,53.9473682027633,39.7698554791213));
#2043=CARTESIAN_POINT('',(-2.10629201144976,53.9601246270731,39.8056577384575));
#2044=CARTESIAN_POINT('',(-2.10123952357174,53.9770169716655,39.8632880245511));
#2045=CARTESIAN_POINT('',(-2.09571642178578,53.9913193605457,39.9274809653572));
#2046=CARTESIAN_POINT('',(-2.09021846603898,54.0013533212275,39.9925877802505));
#2047=CARTESIAN_POINT('',(-2.08478216770471,54.0070307101592,40.0581822733949));
#2048=CARTESIAN_POINT('',(-2.07944330375039,54.0083210004517,40.1238307973342));
#2049=CARTESIAN_POINT('',(-2.07462985122388,54.0054832267177,40.1841667879525));
#2050=CARTESIAN_POINT('',(-2.07078559779551,54.0002728525261,40.2331987725682));
#2051=CARTESIAN_POINT('',(-2.06867943689952,53.9962132495354,40.2604078193178));
#2052=CARTESIAN_POINT('',(-2.06785570087008,53.9944351705902,40.2711041075943));
#2053=FACE_BOUND('',#2054,.T.);
#2054=EDGE_LOOP('',(#3506,#3507,#3508,#3509));
#2055=B_SPLINE_SURFACE_WITH_KNOTS('',3,3,(
(#2056,#2057,#2058,#2059,#2060,#2061,#2062,#2063,#2064,#2065,#2066,#2067),
(#2068,#2069,#2070,#2071,#2072,#2073,#2074,#2075,#2076,#2077,#2078,#2079),
(#2080,#2081,#2082,#2083,#2084,#2085,#2086,#2087,#2088,#2089,#2090,#2091),
(#2092,#2093,#2094,#2095,#2096,#2097,#2098,#2099,#2100,#2101,#2102,#2103),
(#2104,#2105,#2106,#2107,#2108,#2109,#2110,#2111,#2112,#2113,#2114,#2115),
(#2116,#2117,#2118,#2119,#2120,#2121,#2122,#2123,#2124,#2125,#2126,#2127)),
.UNSPECIFIED.,.F.,.F.,.F.,
(4,1,1,4),
(4,1,1,1,1,1,1,1,1,4),
(6.60926463522212,13.0923612746881,20.9251294395438,27.3804558985791),
(0.,0.0987059633597381,0.230313914506056,0.361921865652373,0.493529816798691,0.625137767945008,
0.756745719091326,0.888353670237643,0.955003233156699,1.),
.UNSPECIFIED.);
#2056=CARTESIAN_POINT('',(2.99999017829711,53.9389869916013,39.7480215065632));
#2057=CARTESIAN_POINT('',(2.99973973231335,53.9452065950856,39.7642243437667));
#2058=CARTESIAN_POINT('',(2.99915332983783,53.9587939653899,39.8025220435384));
#2059=CARTESIAN_POINT('',(2.99822869197382,53.9765833038484,39.8642508242277));
#2060=CARTESIAN_POINT('',(2.9972234522596,53.9913209133984,39.9330584840272));
#2061=CARTESIAN_POINT('',(2.99622915322123,54.0012269769191,40.0028405127623));
#2062=CARTESIAN_POINT('',(2.99525319385589,54.0062084431925,40.0730847663363));
#2063=CARTESIAN_POINT('',(2.99430270529227,54.0062451136541,40.1432720084652));
#2064=CARTESIAN_POINT('',(2.99353546925914,54.002188095992,40.2014348801779));
#2065=CARTESIAN_POINT('',(2.9929874360236,53.9969828943299,40.243831547255));
#2066=CARTESIAN_POINT('',(2.99274082184174,53.994033129967,40.2631340767915));
#2067=CARTESIAN_POINT('',(2.99264226457075,53.9927543348717,40.2708850410439));
#2068=CARTESIAN_POINT('',(3.32587076082249,53.942333270156,39.7569431002376));
#2069=CARTESIAN_POINT('',(3.32563479839065,53.948272891882,39.7725332311284));
#2070=CARTESIAN_POINT('',(3.32525487935799,53.961266265359,39.8093804836243));
#2071=CARTESIAN_POINT('',(3.32529861151642,53.9783591203719,39.8687789162884));
#2072=CARTESIAN_POINT('',(3.32615936602834,53.9926579275376,39.9350271890497));
#2073=CARTESIAN_POINT('',(3.32783548850854,54.002463373443,40.0022824542973));
#2074=CARTESIAN_POINT('',(3.33031732535616,54.0076903529959,40.0700837107979));
#2075=CARTESIAN_POINT('',(3.33358331688511,54.0083168800074,40.1379621679493));
#2076=CARTESIAN_POINT('',(3.33693972055618,54.0050308633119,40.1943481228705));
#2077=CARTESIAN_POINT('',(3.33974350838957,54.0005392560907,40.2355388326121));
#2078=CARTESIAN_POINT('',(3.34111215012766,53.9979527761919,40.2543171009499));
#2079=CARTESIAN_POINT('',(3.34167670894673,53.9968260318423,40.2618617762421));
#2080=CARTESIAN_POINT('',(4.0489376358114,54.1150303560523,39.706269199932));
#2081=CARTESIAN_POINT('',(4.04887547797984,54.1205569973253,39.7209402937481));
#2082=CARTESIAN_POINT('',(4.04919406567726,54.1327663101111,39.7555520413544));
#2083=CARTESIAN_POINT('',(4.0514213075827,54.1493191330825,39.8111385616544));
#2084=CARTESIAN_POINT('',(4.05602294975365,54.1639325052192,39.872923576756));
#2085=CARTESIAN_POINT('',(4.06278853232151,54.1749794589344,39.9354870532235));
#2086=CARTESIAN_POINT('',(4.0716829376517,54.1823795144633,39.9984499300002));
#2087=CARTESIAN_POINT('',(4.08264426666908,54.1860961122453,40.0614282883707));
#2088=CARTESIAN_POINT('',(4.09345630977992,54.1861301256529,40.1137397023027));
#2089=CARTESIAN_POINT('',(4.10229707164282,54.1844733130011,40.1519744920452));
#2090=CARTESIAN_POINT('',(4.10657103861706,54.1832837832623,40.1694133584165));
#2091=CARTESIAN_POINT('',(4.10832788205453,54.1827352104356,40.1764215377335));
#2092=CARTESIAN_POINT('',(4.82213950634333,54.8366172669286,39.4226764988731));
#2093=CARTESIAN_POINT('',(4.82227248213918,54.8425148604142,39.4376514578353));
#2094=CARTESIAN_POINT('',(4.8233836120826,54.8558561893204,39.4728630407753));
#2095=CARTESIAN_POINT('',(4.82810801649919,54.8751683401077,39.5289742733243));
#2096=CARTESIAN_POINT('',(4.83700218895308,54.8940081984171,39.5907859026488));
#2097=CARTESIAN_POINT('',(4.84961741395976,54.9104795515892,39.6528107398173));
#2098=CARTESIAN_POINT('',(4.86588856376813,54.9244716758007,39.7146562645981));
#2099=CARTESIAN_POINT('',(4.8857052831032,54.9359063792968,39.7759317076419));
#2100=CARTESIAN_POINT('',(4.90509623261893,54.9432859208421,39.8263312188488));
#2101=CARTESIAN_POINT('',(4.92088114096528,54.9475157182903,39.8628877839417));
#2102=CARTESIAN_POINT('',(4.92849613415528,54.9491451420326,39.8794879069122));
#2103=CARTESIAN_POINT('',(4.93162389443947,54.9497512748884,39.8861470057852));
#2104=CARTESIAN_POINT('',(5.00001322473333,55.5048480448702,39.1516979439767));
#2105=CARTESIAN_POINT('',(5.00005305155928,55.5112151073712,39.1675486032632));
#2106=CARTESIAN_POINT('',(5.00118471767405,55.5259580470908,39.2047407629722));
#2107=CARTESIAN_POINT('',(5.00683840354044,55.548589279519,39.2636812602377));
#2108=CARTESIAN_POINT('',(5.01788314762635,55.5724148504488,39.3281375309828));
#2109=CARTESIAN_POINT('',(5.03377906417234,55.5951925275175,39.3922785910393));
#2110=CARTESIAN_POINT('',(5.05442914819415,55.6167517740812,39.4556311093994));
#2111=CARTESIAN_POINT('',(5.07966660448743,55.6369406710687,39.5177326240986));
#2112=CARTESIAN_POINT('',(5.10439092174814,55.6525545098295,39.5682035263122));
#2113=CARTESIAN_POINT('',(5.1245099358683,55.6633237559411,39.6044481660875));
#2114=CARTESIAN_POINT('',(5.13421087569817,55.6680691526693,39.6208091189228));
#2115=CARTESIAN_POINT('',(5.13819431645752,55.6699490603853,39.6273560114624));
#2116=CARTESIAN_POINT('',(4.99999999997584,55.8032319401176,39.0236619855867));
#2117=CARTESIAN_POINT('',(5.00000008739398,55.8098941265715,39.0403550779861));
#2118=CARTESIAN_POINT('',(5.00110059453758,55.825487132907,39.0794247396993));
#2119=CARTESIAN_POINT('',(5.00694085592662,55.8500446739662,39.1409524076066));
#2120=CARTESIAN_POINT('',(5.01849051578868,55.8766936710691,39.2077157574721));
#2121=CARTESIAN_POINT('',(5.03519080428802,55.9029905316893,39.2735924740398));
#2122=CARTESIAN_POINT('',(5.05693306394153,55.9287274073996,39.3380618531473));
#2123=CARTESIAN_POINT('',(5.08352943026274,55.9537051330267,39.4006250139881));
#2124=CARTESIAN_POINT('',(5.10958728094268,55.9737841679173,39.4509142313513));
#2125=CARTESIAN_POINT('',(5.13078280596975,55.988075298358,39.4867050614152));
#2126=CARTESIAN_POINT('',(5.14099935600509,55.9944923049371,39.5027752836301));
#2127=CARTESIAN_POINT('',(5.14519383230048,55.9970544500134,39.5091916122097));
#2128=FACE_BOUND('',#2129,.T.);
#2129=EDGE_LOOP('',(#3510,#3511,#3512,#3513));
#2130=B_SPLINE_SURFACE_WITH_KNOTS('',3,3,(
(#2131,#2132,#2133,#2134,#2135,#2136,#2137,#2138,#2139,#2140,#2141,#2142),
(#2143,#2144,#2145,#2146,#2147,#2148,#2149,#2150,#2151,#2152,#2153,#2154),
(#2155,#2156,#2157,#2158,#2159,#2160,#2161,#2162,#2163,#2164,#2165,#2166),
(#2167,#2168,#2169,#2170,#2171,#2172,#2173,#2174,#2175,#2176,#2177,#2178),
(#2179,#2180,#2181,#2182,#2183,#2184,#2185,#2186,#2187,#2188,#2189,#2190),
(#2191,#2192,#2193,#2194,#2195,#2196,#2197,#2198,#2199,#2200,#2201,#2202)),
.UNSPECIFIED.,.F.,.F.,.F.,
(4,1,1,4),
(4,1,1,1,1,1,1,1,1,4),
(0.659685396985081,2.10022091389624,3.88578535046359,5.34035241062611),
(0.,0.0969519215091987,0.22622115018813,0.355490378867062,0.484759607545994,0.614028836224925,
0.743298064903857,0.872567293582789,0.97561537207359,1.),
.UNSPECIFIED.);
#2131=CARTESIAN_POINT('',(5.,55.6622445491231,39.0914710703091));
#2132=CARTESIAN_POINT('',(5.00000008134273,55.670267754392,39.1069916111908));
#2133=CARTESIAN_POINT('',(5.00104935724914,55.6890630182894,39.1432976985591));
#2134=CARTESIAN_POINT('',(5.00661713255414,55.7187306924421,39.2004097379831));
#2135=CARTESIAN_POINT('',(5.01762879458495,55.7510172239781,39.2623152495859));
#2136=CARTESIAN_POINT('',(5.03355499270548,55.7829782302586,39.3233449584489));
#2137=CARTESIAN_POINT('',(5.05429767551784,55.8143685771388,39.3830295729092));
#2138=CARTESIAN_POINT('',(5.07968515987342,55.8449515512641,39.4409197779603));
#2139=CARTESIAN_POINT('',(5.10746306976425,55.8725064192812,39.4928325451577));
#2140=CARTESIAN_POINT('',(5.12962378806461,55.8913354263765,39.528146782905));
#2141=CARTESIAN_POINT('',(5.14124389047216,55.9004597283969,39.5452154925776));
#2142=CARTESIAN_POINT('',(5.14348969106528,55.9021973491925,39.5484643899933));
#2143=CARTESIAN_POINT('',(5.,56.2415106200332,38.7941151102245));
#2144=CARTESIAN_POINT('',(5.00000016097087,56.2505855956491,38.8131804243361));
#2145=CARTESIAN_POINT('',(5.00154850585999,56.2718650503691,38.8579133216235));
#2146=CARTESIAN_POINT('',(5.00979908160513,56.3054622476369,38.9286534649719));
#2147=CARTESIAN_POINT('',(5.02615454987878,56.3419188284582,39.0055770552967));
#2148=CARTESIAN_POINT('',(5.04981943996719,56.3777810710647,39.081433070959));
#2149=CARTESIAN_POINT('',(5.08060098579598,56.4126552255278,39.155410412512));
#2150=CARTESIAN_POINT('',(5.1181620243025,56.4461659955631,39.2267323450861));
#2151=CARTESIAN_POINT('',(5.15906627665927,56.4758179756259,39.290085776509));
#2152=CARTESIAN_POINT('',(5.19150837838976,56.4956722473947,39.3326762821928));
#2153=CARTESIAN_POINT('',(5.20845203163556,56.5051694293546,39.3530990953925));
#2154=CARTESIAN_POINT('',(5.21172418162188,56.5069733531804,39.3569801644184));
#2155=CARTESIAN_POINT('',(5.00000000000001,57.5625435076999,38.1953404060668));
#2156=CARTESIAN_POINT('',(5.00000038120186,57.5721089642776,38.2185029918769));
#2157=CARTESIAN_POINT('',(5.00219130210507,57.5946098009747,38.272949231975));
#2158=CARTESIAN_POINT('',(5.01398308273447,57.6302864911041,38.3591455405895));
#2159=CARTESIAN_POINT('',(5.03749191095459,57.6689788470562,38.4524849562702));
#2160=CARTESIAN_POINT('',(5.07154388289884,57.7067975529664,38.5435949226102));
#2161=CARTESIAN_POINT('',(5.11569363164763,57.7431105516515,38.6309737219668));
#2162=CARTESIAN_POINT('',(5.16916834463579,57.7773341784437,38.7132351337907));
#2163=CARTESIAN_POINT('',(5.2267384774087,57.8068246325209,38.7840438594714));
#2164=CARTESIAN_POINT('',(5.27177093489043,57.8259791027863,38.8299879814488));
#2165=CARTESIAN_POINT('',(5.29507705100853,57.8349652184969,38.8515286219448));
#2166=CARTESIAN_POINT('',(5.29957004476828,57.8366653535324,38.8556034962961));
#2167=CARTESIAN_POINT('',(4.99999999999999,59.5309130237159,37.4386909607476));
#2168=CARTESIAN_POINT('',(5.00000038281669,59.5393261866848,37.4623460237994));
#2169=CARTESIAN_POINT('',(5.00219043165622,59.5590854015319,37.5179506859135));
#2170=CARTESIAN_POINT('',(5.01397890078691,59.5903076826942,37.6059780927603));
#2171=CARTESIAN_POINT('',(5.03748266786182,59.6240479056121,37.7012858104804));
#2172=CARTESIAN_POINT('',(5.07152772540315,59.6569166447661,37.7942906212613));
#2173=CARTESIAN_POINT('',(5.11566687911446,59.6883762703929,37.8834479659658));
#2174=CARTESIAN_POINT('',(5.16912417344992,59.717931144466,37.9673329834397));
#2175=CARTESIAN_POINT('',(5.22666779970204,59.7433119404819,38.0394812383688));
#2176=CARTESIAN_POINT('',(5.27167201794506,59.7597401277646,38.0862512709909));
#2177=CARTESIAN_POINT('',(5.29496090121682,59.7674305542041,38.108166017464));
#2178=CARTESIAN_POINT('',(5.29945047482662,59.7688849052806,38.1123111535463));
#2179=CARTESIAN_POINT('',(5.00000000000001,60.9195997012455,36.9981312599286));
#2180=CARTESIAN_POINT('',(5.00000016209437,60.9256211176688,37.0183817797821));
#2181=CARTESIAN_POINT('',(5.00155804685691,60.9397653066592,37.0658970964612));
#2182=CARTESIAN_POINT('',(5.00985953246751,60.9621964922034,37.1410390358462));
#2183=CARTESIAN_POINT('',(5.02631602149063,60.9866755709374,37.2227438115308));
#2184=CARTESIAN_POINT('',(5.05012711177619,61.0109105874798,37.3033013620318));
#2185=CARTESIAN_POINT('',(5.08109871399129,61.0346501510255,37.3818425416888));
#2186=CARTESIAN_POINT('',(5.11889136787486,61.0576517702135,37.4575355878707));
#2187=CARTESIAN_POINT('',(5.16004739749531,61.0781989137015,37.5247382389604));
#2188=CARTESIAN_POINT('',(5.19268883294743,61.0920914087124,37.5698913573768));
#2189=CARTESIAN_POINT('',(5.20973649799617,61.0987760402748,37.5915354054956));
#2190=CARTESIAN_POINT('',(5.21302873149046,61.1000472311327,37.5956482636887));
#2191=CARTESIAN_POINT('',(5.,61.5547121564826,36.8296085578484));
#2192=CARTESIAN_POINT('',(5.00000008135815,61.5591358402195,36.8465066856679));
#2193=CARTESIAN_POINT('',(5.00104935686296,61.569464461468,36.8860537533981));
#2194=CARTESIAN_POINT('',(5.00661714284198,61.5856397174097,36.9483330708175));
#2195=CARTESIAN_POINT('',(5.01762884014226,61.603080581248,37.0159271071687));
#2196=CARTESIAN_POINT('',(5.03355509302707,61.6201809466119,37.0826539701546));
#2197=CARTESIAN_POINT('',(5.05429783211459,61.6368088439991,37.148000896237));
#2198=CARTESIAN_POINT('',(5.0796853430217,61.6528393608346,37.2114755826937));
#2199=CARTESIAN_POINT('',(5.10746321011005,61.6671219140968,37.2684840359404));
#2200=CARTESIAN_POINT('',(5.12962382413681,61.6767773642502,37.3073218352894));
#2201=CARTESIAN_POINT('',(5.14124384723921,61.6814273847266,37.3261095248494));
#2202=CARTESIAN_POINT('',(5.14348963158683,61.6823118509156,37.3296862119108));
#2203=FACE_BOUND('',#2204,.T.);
#2204=EDGE_LOOP('',(#3514,#3515,#3516,#3517));
#2205=B_SPLINE_SURFACE_WITH_KNOTS('',3,3,(
(#2206,#2207,#2208,#2209,#2210,#2211,#2212,#2213,#2214,#2215,#2216,#2217),
(#2218,#2219,#2220,#2221,#2222,#2223,#2224,#2225,#2226,#2227,#2228,#2229),
(#2230,#2231,#2232,#2233,#2234,#2235,#2236,#2237,#2238,#2239,#2240,#2241),
(#2242,#2243,#2244,#2245,#2246,#2247,#2248,#2249,#2250,#2251,#2252,#2253),
(#2254,#2255,#2256,#2257,#2258,#2259,#2260,#2261,#2262,#2263,#2264,#2265),
(#2266,#2267,#2268,#2269,#2270,#2271,#2272,#2273,#2274,#2275,#2276,#2277)),
.UNSPECIFIED.,.F.,.F.,.F.,
(4,1,1,4),
(4,1,1,1,1,1,1,1,1,4),
(6.61954488227867,13.059784704895,20.8879232010041,27.39073493558),
(0.,0.0987059644084689,0.230313916953094,0.361921869497719,0.493529822042345,0.62513777458697,
0.756745727131595,0.88835367967622,0.955003238749929,1.),
.UNSPECIFIED.);
#2206=CARTESIAN_POINT('',(4.99999999997584,61.4046961443297,36.8734613346685));
#2207=CARTESIAN_POINT('',(5.00000008740802,61.4109150409895,36.8903245902065));
#2208=CARTESIAN_POINT('',(5.00110059458509,61.4254699012096,36.9297927591647));
#2209=CARTESIAN_POINT('',(5.00694085602817,61.4483901597803,36.9919489213344));
#2210=CARTESIAN_POINT('',(5.01849051594892,61.4732595174958,37.0593954111201));
#2211=CARTESIAN_POINT('',(5.03519080450459,61.4977972867357,37.1259473798923));
#2212=CARTESIAN_POINT('',(5.05693306421001,61.5218095097374,37.1910787913596));
#2213=CARTESIAN_POINT('',(5.08352943057684,61.5451103785527,37.2542856373569));
#2214=CARTESIAN_POINT('',(5.10958728092852,61.563838807704,37.3050933029365));
#2215=CARTESIAN_POINT('',(5.13078280500328,61.5771671698736,37.3412537033459));
#2216=CARTESIAN_POINT('',(5.14099935400802,61.5831514823587,37.3574900195462));
#2217=CARTESIAN_POINT('',(5.14519382970403,61.5855407992503,37.3639726896797));
#2218=CARTESIAN_POINT('',(5.00000497845929,61.7111932112928,36.7686942670005));
#2219=CARTESIAN_POINT('',(5.00004471279144,61.7170808369594,36.7847681338703));
#2220=CARTESIAN_POINT('',(5.00117550152841,61.7310389360004,36.822347648352));
#2221=CARTESIAN_POINT('',(5.00682533585729,61.7536926737804,36.8813942722642));
#2222=CARTESIAN_POINT('',(5.01786276269628,61.7791388999841,36.945326684556));
#2223=CARTESIAN_POINT('',(5.03374826394431,61.8051389170341,37.0083011249002));
#2224=CARTESIAN_POINT('',(5.05438490215148,61.8315026677724,37.0698511895125));
#2225=CARTESIAN_POINT('',(5.07960599870379,61.8580337655629,37.1295313594801));
#2226=CARTESIAN_POINT('',(5.10431434835223,61.8801743090262,37.1774842636257));
#2227=CARTESIAN_POINT('',(5.1244204038958,61.8963971326201,37.2116133557759));
#2228=CARTESIAN_POINT('',(5.13411510424485,61.9038045775972,37.2269390522751));
#2229=CARTESIAN_POINT('',(5.13809598432474,61.9067825180309,37.2330585323461));
#2230=CARTESIAN_POINT('',(4.82283076940801,62.3885741787109,36.5242965016641));
#2231=CARTESIAN_POINT('',(4.82296360701339,62.3941996141205,36.539341590223));
#2232=CARTESIAN_POINT('',(4.8240758280707,62.4078202053458,36.5743712850401));
#2233=CARTESIAN_POINT('',(4.82880722964509,62.430980976731,36.628908643295));
#2234=CARTESIAN_POINT('',(4.83771569493682,62.4583139611229,36.6873818766485));
#2235=CARTESIAN_POINT('',(4.85035184511791,62.4875599343204,36.744452647841));
#2236=CARTESIAN_POINT('',(4.86665042451468,62.518538581638,36.7997554622944));
#2237=CARTESIAN_POINT('',(4.88650085087102,62.5510463915767,36.852947539966));
#2238=CARTESIAN_POINT('',(4.90592493940467,62.5792978224478,36.8953629422607));
#2239=CARTESIAN_POINT('',(4.92173686302321,62.6006284710512,36.9253879789047));
#2240=CARTESIAN_POINT('',(4.92936489251221,62.6105322083666,36.938830086358));
#2241=CARTESIAN_POINT('',(4.93249800721671,62.6145405557564,36.9441910277264));
#2242=CARTESIAN_POINT('',(4.05067641962808,63.1151348202129,36.2509597287024));
#2243=CARTESIAN_POINT('',(4.05061502799632,63.120855016278,36.2655880669882));
#2244=CARTESIAN_POINT('',(4.05093526007188,63.1349628490238,36.2995394140231));
#2245=CARTESIAN_POINT('',(4.05316451005766,63.1598786936656,36.3520032666028));
#2246=CARTESIAN_POINT('',(4.05776757511398,63.1903711709829,36.4077628878784));
#2247=CARTESIAN_POINT('',(4.06453380124907,63.2240205245011,36.4616941919777));
#2248=CARTESIAN_POINT('',(4.07342809818472,63.2606330940908,36.5134615350474));
#2249=CARTESIAN_POINT('',(4.08438863242378,63.2999795868155,36.5627553365648));
#2250=CARTESIAN_POINT('',(4.0951995218529,63.3349195519003,36.6016405200316));
#2251=CARTESIAN_POINT('',(4.10403922132669,63.361701228921,36.6289277502396));
#2252=CARTESIAN_POINT('',(4.10831265517322,63.3742372573555,36.6410808395684));
#2253=CARTESIAN_POINT('',(4.11006927728701,63.3793273039759,36.6459172492913));
#2254=CARTESIAN_POINT('',(3.3268729278456,63.2784311733488,36.1735859581014));
#2255=CARTESIAN_POINT('',(3.326636962278,63.2844398580297,36.1891216567442));
#2256=CARTESIAN_POINT('',(3.32625808149436,63.299420079987,36.2251451772658));
#2257=CARTESIAN_POINT('',(3.32630734691243,63.3264396488848,36.2806529653133));
#2258=CARTESIAN_POINT('',(3.32717905034654,63.3601263702354,36.3393922413194));
#2259=CARTESIAN_POINT('',(3.32887101150769,63.3978358005337,36.3958909969014));
#2260=CARTESIAN_POINT('',(3.33137348306702,63.4393228039359,36.4497500998897));
#2261=CARTESIAN_POINT('',(3.33466474200053,63.4842899773798,36.5006065916444));
#2262=CARTESIAN_POINT('',(3.33804593583899,63.5244805179961,36.5403207061439));
#2263=CARTESIAN_POINT('',(3.34086991559968,63.5553986482255,36.5679414872051));
#2264=CARTESIAN_POINT('',(3.34224829821809,63.5698953375622,36.5801750141393));
#2265=CARTESIAN_POINT('',(3.34281685764074,63.575785022714,36.5850319239005));
#2266=CARTESIAN_POINT('',(2.99999017829711,63.2747912565269,36.1643420111239));
#2267=CARTESIAN_POINT('',(2.99973973643141,63.2810110047327,36.1805447929575));
#2268=CARTESIAN_POINT('',(2.99915334320769,63.2965397840371,36.2180972560564));
#2269=CARTESIAN_POINT('',(2.9982287184772,63.3246243459483,36.2758740713491));
#2270=CARTESIAN_POINT('',(2.99722349119959,63.359713479125,36.3368695137856));
#2271=CARTESIAN_POINT('',(2.99622920259333,63.3990451308246,36.3953561180541));
#2272=CARTESIAN_POINT('',(2.99525325157025,63.4423457602823,36.4508910234946));
#2273=CARTESIAN_POINT('',(2.99430276920467,63.4892829410606,36.5030748468674));
#2274=CARTESIAN_POINT('',(2.99353553655007,63.5312164500758,36.5435836088944));
#2275=CARTESIAN_POINT('',(2.9929875048206,63.56345357508,36.5716075117753));
#2276=CARTESIAN_POINT('',(2.99274089108563,63.5785615891119,36.5839783080046));
#2277=CARTESIAN_POINT('',(2.99264233395704,63.5846983256676,36.5888827154236));
#2278=FACE_BOUND('',#2279,.T.);
#2279=EDGE_LOOP('',(#3518,#3519,#3520,#3521));
#2280=B_SPLINE_SURFACE_WITH_KNOTS('',3,3,(
(#2281,#2282,#2283,#2284,#2285,#2286,#2287,#2288,#2289,#2290,#2291,#2292),
(#2293,#2294,#2295,#2296,#2297,#2298,#2299,#2300,#2301,#2302,#2303,#2304),
(#2305,#2306,#2307,#2308,#2309,#2310,#2311,#2312,#2313,#2314,#2315,#2316),
(#2317,#2318,#2319,#2320,#2321,#2322,#2323,#2324,#2325,#2326,#2327,#2328),
(#2329,#2330,#2331,#2332,#2333,#2334,#2335,#2336,#2337,#2338,#2339,#2340),
(#2341,#2342,#2343,#2344,#2345,#2346,#2347,#2348,#2349,#2350,#2351,#2352)),
.UNSPECIFIED.,.F.,.F.,.F.,
(4,1,1,4),
(4,1,1,1,1,1,1,1,1,4),
(1.04418277369826,2.92842190971569,5.20928230310707,6.95581722630371),
(0.,0.0934194970236165,0.217978826388438,0.34253815575326,0.467097485118082,0.591656814482904,
0.716216143847726,0.840775473212548,0.937082361109824,1.),
.UNSPECIFIED.);
#2281=CARTESIAN_POINT('',(3.11084423044037,63.2773535677409,36.1710170599803));
#2282=CARTESIAN_POINT('',(3.10948331618085,63.2831725821179,36.186175939757));
#2283=CARTESIAN_POINT('',(3.10629201144886,63.297649098899,36.2213179174566));
#2284=CARTESIAN_POINT('',(3.10123952357086,63.3236578287037,36.275448751138));
#2285=CARTESIAN_POINT('',(3.09571642178491,63.355982543821,36.3327235690742));
#2286=CARTESIAN_POINT('',(3.09021846603813,63.3920908203892,36.387821391861));
#2287=CARTESIAN_POINT('',(3.08478216770387,63.4317629811542,36.4403665147196));
#2288=CARTESIAN_POINT('',(3.07944330374958,63.4747315452303,36.4900162483113));
#2289=CARTESIAN_POINT('',(3.07462985122306,63.5172130800849,36.5329557862704));
#2290=CARTESIAN_POINT('',(3.07078559779459,63.5538939443021,36.5659072310792));
#2291=CARTESIAN_POINT('',(3.06867943689852,63.5751172232095,36.5834110887673));
#2292=CARTESIAN_POINT('',(3.06785570086903,63.5835958072378,36.5901702130096));
#2293=CARTESIAN_POINT('',(2.55734854327845,63.2621413985482,36.1313880043663));
#2294=CARTESIAN_POINT('',(2.55622589631899,63.2687471475781,36.148596288207));
#2295=CARTESIAN_POINT('',(2.55359530798026,63.2853669950116,36.1885076907077));
#2296=CARTESIAN_POINT('',(2.5494444122006,63.3158676617588,36.2499759038324));
#2297=CARTESIAN_POINT('',(2.54493566132944,63.3544520893676,36.3148729944385));
#2298=CARTESIAN_POINT('',(2.54048806355931,63.3981012685468,36.3770307167001));
#2299=CARTESIAN_POINT('',(2.53614286389277,63.4464831627764,36.4359054055358));
#2300=CARTESIAN_POINT('',(2.53193969411309,63.4991868360836,36.4910049516124));
#2301=CARTESIAN_POINT('',(2.52821972818681,63.551458565006,36.5380527470365));
#2302=CARTESIAN_POINT('',(2.5253063555771,63.5966308522116,36.5736369073383));
#2303=CARTESIAN_POINT('',(2.52373553558153,63.6227570660188,36.5923033417701));
#2304=CARTESIAN_POINT('',(2.52312534308605,63.6331902509196,36.5994716822649));
#2305=CARTESIAN_POINT('',(1.33185263853454,63.2392615094538,36.0717838554851));
#2306=CARTESIAN_POINT('',(1.33136037159453,63.2469834553749,36.0918996601338));
#2307=CARTESIAN_POINT('',(1.33020310573955,63.2666104453952,36.1385217080117));
#2308=CARTESIAN_POINT('',(1.32836779641388,63.3033151471811,36.2100334472977));
#2309=CARTESIAN_POINT('',(1.3263713644719,63.3504335545794,36.2848732122746));
#2310=CARTESIAN_POINT('',(1.32440812288311,63.4042196975468,36.3555896817419));
#2311=CARTESIAN_POINT('',(1.32250517726649,63.4640996983254,36.421310655037));
#2312=CARTESIAN_POINT('',(1.32068807031483,63.5293535612914,36.4812778430462));
#2313=CARTESIAN_POINT('',(1.31910887182029,63.5938679477322,36.5308218797847));
#2314=CARTESIAN_POINT('',(1.31789766728419,63.6493054389456,36.5669308625481));
#2315=CARTESIAN_POINT('',(1.31725616671521,63.6811926598036,36.5852716835217));
#2316=CARTESIAN_POINT('',(1.31700889521117,63.6938943416012,36.5922153092372));
#2317=CARTESIAN_POINT('',(-0.413070465091224,63.2399349076284,36.0735381177057));
#2318=CARTESIAN_POINT('',(-0.412531752926372,63.2476300716704,36.0935841700681));
#2319=CARTESIAN_POINT('',(-0.411265257484141,63.2671689560047,36.1400376670821));
#2320=CARTESIAN_POINT('',(-0.409256332647011,63.3036399294467,36.2112742663879));
#2321=CARTESIAN_POINT('',(-0.407070127108266,63.3503874714295,36.2858201504508));
#2322=CARTESIAN_POINT('',(-0.404918886656966,63.4036952869868,36.3562676532891));
#2323=CARTESIAN_POINT('',(-0.402831857710387,63.4630030601863,36.4217612817561));
#2324=CARTESIAN_POINT('',(-0.400836637837368,63.5276087080377,36.4815561905971));
#2325=CARTESIAN_POINT('',(-0.399100066738387,63.5914730891515,36.5310003903869));
#2326=CARTESIAN_POINT('',(-0.397765997115364,63.6463548289749,36.5670735226435));
#2327=CARTESIAN_POINT('',(-0.397058457064947,63.677926237569,36.5854128301423));
#2328=CARTESIAN_POINT('',(-0.396785569189678,63.6905029751838,36.5923586989347));
#2329=CARTESIAN_POINT('',(-1.59772554440665,63.2636293740553,36.1352643130884));
#2330=CARTESIAN_POINT('',(-1.59658645250125,63.2701561017808,36.1522667474193));
#2331=CARTESIAN_POINT('',(-1.59391818420016,63.2865768013365,36.1917089828972));
#2332=CARTESIAN_POINT('',(-1.58971040097192,63.3167115526431,36.2524912162284));
#2333=CARTESIAN_POINT('',(-1.58514204061687,63.354835030901,36.3167206541861));
#2334=CARTESIAN_POINT('',(-1.58063677150515,63.3979681474378,36.3783070329163));
#2335=CARTESIAN_POINT('',(-1.57623531122011,63.4457877000506,36.4367205992177));
#2336=CARTESIAN_POINT('',(-1.57197679510077,63.4978935119771,36.4914809076964));
#2337=CARTESIAN_POINT('',(-1.5682061219308,63.5495911214402,36.5383361121726));
#2338=CARTESIAN_POINT('',(-1.56525121350915,63.594285144221,36.5738541870546));
#2339=CARTESIAN_POINT('',(-1.56365709988165,63.6201432950978,36.5925214270805));
#2340=CARTESIAN_POINT('',(-1.56303770251942,63.630470900256,36.5996960241332));
#2341=CARTESIAN_POINT('',(-2.1108442304421,63.2773535677409,36.1710170599803));
#2342=CARTESIAN_POINT('',(-2.10948331618258,63.2831725821179,36.186175939757));
#2343=CARTESIAN_POINT('',(-2.10629201145059,63.2976490988989,36.2213179174565));
#2344=CARTESIAN_POINT('',(-2.10123952357259,63.3236578287037,36.2754487511382));
#2345=CARTESIAN_POINT('',(-2.09571642178663,63.355982543821,36.3327235690742));
#2346=CARTESIAN_POINT('',(-2.09021846603985,63.3920908203893,36.3878213918611));
#2347=CARTESIAN_POINT('',(-2.08478216770557,63.4317629811542,36.4403665147197));
#2348=CARTESIAN_POINT('',(-2.07944330375127,63.4747315452304,36.4900162483114));
#2349=CARTESIAN_POINT('',(-2.07462985122473,63.5172130800849,36.5329557862705));
#2350=CARTESIAN_POINT('',(-2.07078559779627,63.5538939443024,36.5659072310793));
#2351=CARTESIAN_POINT('',(-2.06867943690019,63.5751172232096,36.5834110887675));
#2352=CARTESIAN_POINT('',(-2.06785570087069,63.583595807238,36.5901702130098));
#2353=FACE_BOUND('',#2354,.T.);
#2354=EDGE_LOOP('',(#3522,#3523,#3524,#3525));
#2355=B_SPLINE_SURFACE_WITH_KNOTS('',3,3,(
(#2356,#2357,#2358,#2359,#2360,#2361,#2362,#2363,#2364,#2365,#2366,#2367),
(#2368,#2369,#2370,#2371,#2372,#2373,#2374,#2375,#2376,#2377,#2378,#2379),
(#2380,#2381,#2382,#2383,#2384,#2385,#2386,#2387,#2388,#2389,#2390,#2391),
(#2392,#2393,#2394,#2395,#2396,#2397,#2398,#2399,#2400,#2401,#2402,#2403),
(#2404,#2405,#2406,#2407,#2408,#2409,#2410,#2411,#2412,#2413,#2414,#2415),
(#2416,#2417,#2418,#2419,#2420,#2421,#2422,#2423,#2424,#2425,#2426,#2427)),
.UNSPECIFIED.,.F.,.F.,.F.,
(4,1,1,4),
(4,1,1,1,1,1,1,1,1,4),
(6.60926506441822,13.0923617110178,20.9251298757744,27.3804551177195),
(0.,0.0987059644075453,0.230313916950939,0.361921869494333,0.493529822037727,0.62513777458112,
0.756745727124514,0.888353679667908,0.955003238745004,1.),
.UNSPECIFIED.);
#2356=CARTESIAN_POINT('',(-1.9999901782971,63.2747912565269,36.1643420111238));
#2357=CARTESIAN_POINT('',(-1.99973973643143,63.2810110047327,36.1805447929573));
#2358=CARTESIAN_POINT('',(-1.99915334320774,63.2965397840368,36.2180972560559));
#2359=CARTESIAN_POINT('',(-1.99822871847733,63.3246243459478,36.275874071348));
#2360=CARTESIAN_POINT('',(-1.99722349119978,63.3597134791241,36.3368695137841));
#2361=CARTESIAN_POINT('',(-1.9962292025936,63.3990451308232,36.3953561180521));
#2362=CARTESIAN_POINT('',(-1.99525325157058,63.4423457602803,36.4508910234923));
#2363=CARTESIAN_POINT('',(-1.99430276920508,63.489282941058,36.5030748468647));
#2364=CARTESIAN_POINT('',(-1.99353553655051,63.5312164500734,36.5435836088921));
#2365=CARTESIAN_POINT('',(-1.99298750482106,63.5634535750781,36.5716075117739));
#2366=CARTESIAN_POINT('',(-1.99274089108609,63.5785615891114,36.5839783080041));
#2367=CARTESIAN_POINT('',(-1.9926423339575,63.5846983256677,36.5888827154237));
#2368=CARTESIAN_POINT('',(-2.3258708597777,63.2782741751584,36.1732111558626));
#2369=CARTESIAN_POINT('',(-2.32563481890493,63.2842920190412,36.1887711577996));
#2370=CARTESIAN_POINT('',(-2.32525473243313,63.2992917211313,36.2248480820016));
#2371=CARTESIAN_POINT('',(-2.32529825738728,63.3263346710619,36.280426967212));
#2372=CARTESIAN_POINT('',(-2.32615885711615,63.3600374951363,36.3392268411613));
#2373=CARTESIAN_POINT('',(-2.32783490163278,63.39775335479,36.3957684980506));
#2374=CARTESIAN_POINT('',(-2.33031674681889,63.4392369723814,36.4496523352745));
#2375=CARTESIAN_POINT('',(-2.33358284604698,63.4841909372201,36.5005152045006));
#2376=CARTESIAN_POINT('',(-2.33693943600534,63.5243623412178,36.5402193885748));
#2377=CARTESIAN_POINT('',(-2.33974342297333,63.5552619795336,36.5678245446646));
#2378=CARTESIAN_POINT('',(-2.34111217316683,63.5697490725849,36.5800487927212));
#2379=CARTESIAN_POINT('',(-2.34167677857827,63.5756347123076,36.5849016242296));
#2380=CARTESIAN_POINT('',(-3.04893767359172,63.1160277942933,36.2511100041074));
#2381=CARTESIAN_POINT('',(-3.04887568097945,63.1217375956275,36.2657110381369));
#2382=CARTESIAN_POINT('',(-3.04919462062012,63.1358240870347,36.2996026198482));
#2383=CARTESIAN_POINT('',(-3.05142228966232,63.1607174310608,36.3519876692108));
#2384=CARTESIAN_POINT('',(-3.0560242342187,63.1911995144022,36.4076810007065));
#2385=CARTESIAN_POINT('',(-3.06278994693622,63.2248527993091,36.4615662443563));
#2386=CARTESIAN_POINT('',(-3.07168429965255,63.2614835741382,36.5133080132237));
#2387=CARTESIAN_POINT('',(-3.08264538134684,63.3008622690271,36.5625966809077));
#2388=CARTESIAN_POINT('',(-3.09345704442296,63.3358404220841,36.6014943679903));
#2389=CARTESIAN_POINT('',(-3.10229742374058,63.3626562078257,36.6287998574046));
#2390=CARTESIAN_POINT('',(-3.10657118783745,63.3752093761298,36.6409636103372));
#2391=CARTESIAN_POINT('',(-3.10832794496233,63.3803065664368,36.6458046833247));
#2392=CARTESIAN_POINT('',(-3.8221395094748,62.3900235970516,36.5231954660916));
#2393=CARTESIAN_POINT('',(-3.82227246507934,62.3956610453777,36.538270393121));
#2394=CARTESIAN_POINT('',(-3.82338355045112,62.4093076637023,36.5733649667388));
#2395=CARTESIAN_POINT('',(-3.82810787098487,62.4325016633005,36.6279861650823));
#2396=CARTESIAN_POINT('',(-3.83700192041043,62.4598609420036,36.686527384761));
#2397=CARTESIAN_POINT('',(-3.84961700390332,62.4891230387785,36.7436421101133));
#2398=CARTESIAN_POINT('',(-3.86588803411564,62.5201076022744,36.7989646395789));
#2399=CARTESIAN_POINT('',(-3.88570472221839,62.5526112650905,36.8521523421321));
#2400=CARTESIAN_POINT('',(-3.90509579365579,62.580851087561,36.8945443742631));
#2401=CARTESIAN_POINT('',(-3.92088092342371,62.6021688729335,36.9245416064997));
#2402=CARTESIAN_POINT('',(-3.92849605916898,62.6120656314242,36.9379682876525));
#2403=CARTESIAN_POINT('',(-3.93162388425323,62.616070995335,36.9433225857246));
#2404=CARTESIAN_POINT('',(-4.00001319892945,61.7121114948386,36.7689527511003));
#2405=CARTESIAN_POINT('',(-4.00005304295628,61.7179860403111,36.7849926436926));
#2406=CARTESIAN_POINT('',(-4.00118474588247,61.7319163582027,36.8224970300302));
#2407=CARTESIAN_POINT('',(-4.00683846764027,61.7545369249092,36.881441730101));
#2408=CARTESIAN_POINT('',(-4.01788321592587,61.7799605933618,36.9452843697904));
#2409=CARTESIAN_POINT('',(-4.0337791039243,61.8059520343216,37.0081914493903));
#2410=CARTESIAN_POINT('',(-4.05442913875396,61.8323213284525,37.0696972241845));
#2411=CARTESIAN_POINT('',(-4.07966654685789,61.8588720048923,37.1293564755783));
#2412=CARTESIAN_POINT('',(-4.10439084952801,61.8810403800739,37.1773113768114));
#2413=CARTESIAN_POINT('',(-4.12450988388155,61.8972898645288,37.2114525624664));
#2414=CARTESIAN_POINT('',(-4.13421084317892,61.9047110900007,37.2267865089377));
#2415=CARTESIAN_POINT('',(-4.13819429362342,61.9076948308913,37.2329097480503));
#2416=CARTESIAN_POINT('',(-3.99999999997584,61.4046961443287,36.873461334666));
#2417=CARTESIAN_POINT('',(-4.00000008740801,61.4109150409886,36.8903245902039));
#2418=CARTESIAN_POINT('',(-4.00110059458508,61.4254699012085,36.9297927591621));
#2419=CARTESIAN_POINT('',(-4.00694085602816,61.4483901597793,36.9919489213318));
#2420=CARTESIAN_POINT('',(-4.01849051594891,61.4732595174948,37.0593954111174));
#2421=CARTESIAN_POINT('',(-4.03519080450458,61.4977972867348,37.1259473798897));
#2422=CARTESIAN_POINT('',(-4.05693306421001,61.5218095097364,37.191078791357));
#2423=CARTESIAN_POINT('',(-4.08352943057683,61.5451103785518,37.2542856373544));
#2424=CARTESIAN_POINT('',(-4.10958728092886,61.5638388077033,37.3050933029345));
#2425=CARTESIAN_POINT('',(-4.13078280500446,61.5771671698734,37.3412537033454));
#2426=CARTESIAN_POINT('',(-4.14099935401013,61.5831514823589,37.3574900195469));
#2427=CARTESIAN_POINT('',(-4.14519382970667,61.5855407992509,37.3639726896812));
#2428=FACE_BOUND('',#2429,.T.);
#2429=EDGE_LOOP('',(#3526,#3527,#3528));
#2430=B_SPLINE_SURFACE_WITH_KNOTS('',3,3,(
(#2431,#2432,#2433,#2434,#2435,#2436,#2437,#2438,#2439,#2440,#2441,#2442),
(#2443,#2444,#2445,#2446,#2447,#2448,#2449,#2450,#2451,#2452,#2453,#2454),
(#2455,#2456,#2457,#2458,#2459,#2460,#2461,#2462,#2463,#2464,#2465,#2466),
(#2467,#2468,#2469,#2470,#2471,#2472,#2473,#2474,#2475,#2476,#2477,#2478),
(#2479,#2480,#2481,#2482,#2483,#2484,#2485,#2486,#2487,#2488,#2489,#2490),
(#2491,#2492,#2493,#2494,#2495,#2496,#2497,#2498,#2499,#2500,#2501,#2502)),
.UNSPECIFIED.,.F.,.F.,.F.,
(4,1,1,4),
(4,1,1,1,1,1,1,1,1,4),
(1.162067816607,2.38751892013155,6.29298427546916,10.),
(0.,0.0891854528856446,0.208099390066504,0.327013327247364,0.445927264428223,0.564841201609083,
0.683755138789942,0.802669075970802,0.921583013151661,1.),
.UNSPECIFIED.);
#2431=CARTESIAN_POINT('',(-3.94653177818699,8.03289403511334,20.));
#2432=CARTESIAN_POINT('',(-3.96519298975095,8.07054175959728,19.9999959653422));
#2433=CARTESIAN_POINT('',(-4.00986338927371,8.160692173029,19.9938122826811));
#2434=CARTESIAN_POINT('',(-4.08239451543007,8.3071978248575,19.9580487156679));
#2435=CARTESIAN_POINT('',(-4.16035044350047,8.46484346493369,19.8831858971078));
#2436=CARTESIAN_POINT('',(-4.23237100292404,8.61069328775179,19.7727073080638));
#2437=CARTESIAN_POINT('',(-4.29384504951686,8.7354220444558,19.6311222034671));
#2438=CARTESIAN_POINT('',(-4.34122589370601,8.83183288178577,19.4667470273645));
#2439=CARTESIAN_POINT('',(-4.37270071981855,8.89621584907048,19.2901081314349));
#2440=CARTESIAN_POINT('',(-4.38657102534029,8.92498954811134,19.1321108409268));
#2441=CARTESIAN_POINT('',(-4.3887082348202,8.92977799937067,19.0369153403248));
#2442=CARTESIAN_POINT('',(-4.38865239309351,8.92985058364035,18.9999293928851));
#2443=CARTESIAN_POINT('',(-3.77793096466856,8.11144272442704,20.));
#2444=CARTESIAN_POINT('',(-3.79915286266553,8.14728295517503,19.9999962370925));
#2445=CARTESIAN_POINT('',(-3.84993276431197,8.23301174850585,19.994028841699));
#2446=CARTESIAN_POINT('',(-3.93237374875329,8.37208141639237,19.9596327838943));
#2447=CARTESIAN_POINT('',(-4.02111136513802,8.52172068665583,19.8878056685871));
#2448=CARTESIAN_POINT('',(-4.10340077271841,8.66058177027901,19.7819024574102));
#2449=CARTESIAN_POINT('',(-4.17415099851369,8.78022403946377,19.6460780821031));
#2450=CARTESIAN_POINT('',(-4.22941647553635,8.87404528464083,19.4880001585168));
#2451=CARTESIAN_POINT('',(-4.26713484054432,8.93847095088791,19.3174383580652));
#2452=CARTESIAN_POINT('',(-4.28502972125052,8.96934079989849,19.1640586090157));
#2453=CARTESIAN_POINT('',(-4.28895079867739,8.97623364263497,19.0711611361047));
#2454=CARTESIAN_POINT('',(-4.28950106291717,8.97723617285899,19.0349892544543));
#2455=CARTESIAN_POINT('',(-3.08673520281589,8.58852793844061,20.0000000000001));
#2456=CARTESIAN_POINT('',(-3.11766050487596,8.61247578826436,19.999997897793));
#2457=CARTESIAN_POINT('',(-3.19131505395797,8.6693120636634,19.9950082212422));
#2458=CARTESIAN_POINT('',(-3.30997533309349,8.76044451690145,19.9670793498852));
#2459=CARTESIAN_POINT('',(-3.43785117018748,8.85885184457675,19.909959547848));
#2460=CARTESIAN_POINT('',(-3.55840863642094,8.95272931623335,19.8263826009893));
#2461=CARTESIAN_POINT('',(-3.66603910894069,9.03862476453824,19.7184833035288));
#2462=CARTESIAN_POINT('',(-3.75594879320138,9.11344612893077,19.5902287347914));
#2463=CARTESIAN_POINT('',(-3.82475024895587,9.17475406656425,19.4470320446614));
#2464=CARTESIAN_POINT('',(-3.86557326306795,9.21574721297077,19.3124097605283));
#2465=CARTESIAN_POINT('',(-3.88067940222637,9.23417807857339,19.227371177268));
#2466=CARTESIAN_POINT('',(-3.88512706520862,9.2403972172461,19.1936977062105));
#2467=CARTESIAN_POINT('',(-2.49674382687337,9.61327960698809,19.9999999999999));
#2468=CARTESIAN_POINT('',(-2.52085029878268,9.62178169091257,20.0000002876941));
#2469=CARTESIAN_POINT('',(-2.57720534954562,9.64157344857282,19.9982106356972));
#2470=CARTESIAN_POINT('',(-2.66584939281929,9.67254876080126,19.9890307905189));
#2471=CARTESIAN_POINT('',(-2.76240121170149,9.70636658454596,19.9712890338687));
#2472=CARTESIAN_POINT('',(-2.85869673738433,9.74045108916131,19.9458092939517));
#2473=CARTESIAN_POINT('',(-2.9545943459079,9.77502649535535,19.9123122077777));
#2474=CARTESIAN_POINT('',(-3.04971788498205,9.81023588873126,19.8702843736584));
#2475=CARTESIAN_POINT('',(-3.14330250616426,9.84607059401659,19.8190953778554));
#2476=CARTESIAN_POINT('',(-3.22383014630947,9.87819237487323,19.7650892436853));
#2477=CARTESIAN_POINT('',(-3.27209611978927,9.89819956403319,19.7267882279838));
#2478=CARTESIAN_POINT('',(-3.2908784103111,9.9061105139425,19.7108473063773));
#2479=CARTESIAN_POINT('',(-2.18475159144637,10.3849442414938,20.));
#2480=CARTESIAN_POINT('',(-2.19237875108228,10.3888454224045,19.9999999367923));
#2481=CARTESIAN_POINT('',(-2.21016041148862,10.3979663634714,20.0000477399834));
#2482=CARTESIAN_POINT('',(-2.23810377436015,10.4123426716025,20.0002600484331));
#2483=CARTESIAN_POINT('',(-2.2686126021518,10.4280140495395,20.0006168947462));
#2484=CARTESIAN_POINT('',(-2.2991272903801,10.4435941332693,20.0010997995472));
#2485=CARTESIAN_POINT('',(-2.32963857117764,10.4590073556501,20.0017691636248));
#2486=CARTESIAN_POINT('',(-2.36020461518011,10.4741968951036,20.0027354023029));
#2487=CARTESIAN_POINT('',(-2.39099344308068,10.4891423321501,20.0041271335747));
#2488=CARTESIAN_POINT('',(-2.41873972015819,10.5022051209554,20.0058256781597));
#2489=CARTESIAN_POINT('',(-2.43645987590721,10.5103057669559,20.0071308048862));
#2490=CARTESIAN_POINT('',(-2.44358555355454,10.5135245606713,20.0076826508783));
#2491=CARTESIAN_POINT('',(-2.,10.7658023388885,20.));
#2492=CARTESIAN_POINT('',(-2.,10.7658023388885,20.));
#2493=CARTESIAN_POINT('',(-2.,10.7658023388885,20.));
#2494=CARTESIAN_POINT('',(-2.,10.7658023388885,20.));
#2495=CARTESIAN_POINT('',(-2.,10.7658023388885,20.));
#2496=CARTESIAN_POINT('',(-2.,10.7658023388885,20.));
#2497=CARTESIAN_POINT('',(-2.,10.7658023388885,20.));
#2498=CARTESIAN_POINT('',(-2.,10.7658023388885,20.));
#2499=CARTESIAN_POINT('',(-2.,10.7658023388885,20.));
#2500=CARTESIAN_POINT('',(-1.99999999999999,10.7658023388885,20.));
#2501=CARTESIAN_POINT('',(-2.,10.7658023388885,20.));
#2502=CARTESIAN_POINT('',(-2.,10.7658023388885,20.));
#2503=FACE_BOUND('',#2504,.T.);
#2504=EDGE_LOOP('',(#3529,#3530,#3531,#3532,#3533));
#2505=TOROIDAL_SURFACE('',#2506,8.95,1.);
#2506=AXIS2_PLACEMENT_3D('',#2507,#2508,#2509);
#2507=CARTESIAN_POINT('',(0.,0.,19.));
#2508=DIRECTION('',(0.,0.,1.));
#2509=DIRECTION('',(-0.172882491044712,0.984942457349756,0.));
#2510=FACE_BOUND('',#2511,.T.);
#2511=EDGE_LOOP('',(#3534,#3535,#3536));
#2512=B_SPLINE_SURFACE_WITH_KNOTS('',3,3,(
(#2513,#2514,#2515,#2516,#2517,#2518,#2519,#2520,#2521,#2522,#2523,#2524),
(#2525,#2526,#2527,#2528,#2529,#2530,#2531,#2532,#2533,#2534,#2535,#2536),
(#2537,#2538,#2539,#2540,#2541,#2542,#2543,#2544,#2545,#2546,#2547,#2548),
(#2549,#2550,#2551,#2552,#2553,#2554,#2555,#2556,#2557,#2558,#2559,#2560),
(#2561,#2562,#2563,#2564,#2565,#2566,#2567,#2568,#2569,#2570,#2571,#2572),
(#2573,#2574,#2575,#2576,#2577,#2578,#2579,#2580,#2581,#2582,#2583,#2584)),
.UNSPECIFIED.,.F.,.F.,.F.,
(4,1,1,4),
(4,1,1,1,1,1,1,1,1,4),
(-0.000220011226417342,6.35978077069237,20.4320009469322,40.),
(0.,0.0894409719041875,0.208695601109771,0.327950230315354,0.447204859520937,0.566459488726521,
0.685714117932104,0.804968747137687,0.92422337634327,1.),
.UNSPECIFIED.);
#2513=CARTESIAN_POINT('',(2.99996035196769,41.5474637397253,19.999999999607));
#2514=CARTESIAN_POINT('',(2.99996357659621,41.783881031803,20.0000102573699));
#2515=CARTESIAN_POINT('',(2.99997066513345,42.3442226598658,20.0279621813538));
#2516=CARTESIAN_POINT('',(2.9999798228413,43.2414700074032,20.1832065864548));
#2517=CARTESIAN_POINT('',(2.99998677323747,44.2109920554388,20.4993407421201));
#2518=CARTESIAN_POINT('',(2.99999025433183,45.1383165899195,20.961276206396));
#2519=CARTESIAN_POINT('',(2.99999004068742,45.9912668623906,21.5582572896088));
#2520=CARTESIAN_POINT('',(2.99998614636327,46.7419187401228,22.2703838932651));
#2521=CARTESIAN_POINT('',(2.99997882256819,47.3696479186988,23.0708240205261));
#2522=CARTESIAN_POINT('',(2.99996977075437,47.8028967599162,23.8246687764705));
#2523=CARTESIAN_POINT('',(2.99996308395888,48.0107358045035,24.3044308028265));
#2524=CARTESIAN_POINT('',(2.99996035196769,48.082528521556,24.491425587387));
#2525=CARTESIAN_POINT('',(3.41527540420441,41.5694206132714,19.992900785614));
#2526=CARTESIAN_POINT('',(3.37892433477581,41.8043676010636,19.9945657188769));
#2527=CARTESIAN_POINT('',(3.29878678795918,42.3611157261194,20.0261742303842));
#2528=CARTESIAN_POINT('',(3.19469466835469,43.2523505817229,20.1859428069609));
#2529=CARTESIAN_POINT('',(3.11534846020106,44.2154618110887,20.5047511533132));
#2530=CARTESIAN_POINT('',(3.07550568217839,45.1372711482026,20.9666063969436));
#2531=CARTESIAN_POINT('',(3.07795288487662,45.986318580284,21.5606741919343));
#2532=CARTESIAN_POINT('',(3.12251614773887,46.7351749480664,22.2674310911286));
#2533=CARTESIAN_POINT('',(3.20609098216617,47.3633554292582,23.0607737389738));
#2534=CARTESIAN_POINT('',(3.30891692661209,47.7987709055001,23.8076388521935));
#2535=CARTESIAN_POINT('',(3.38447773664105,48.0086324474045,24.2830536808516));
#2536=CARTESIAN_POINT('',(3.41527540420441,48.0812875690323,24.4683829492553));
#2537=CARTESIAN_POINT('',(4.22071706408742,42.5081247425216,19.6893851871454));
#2538=CARTESIAN_POINT('',(4.14582551901818,42.6916859390897,19.7372176254318));
#2539=CARTESIAN_POINT('',(3.98306437323381,43.1239651323104,19.8653958093048));
#2540=CARTESIAN_POINT('',(3.77750752644702,43.8103492799726,20.1270095472181));
#2541=CARTESIAN_POINT('',(3.62446609033117,44.5546669899065,20.4841189681322));
#2542=CARTESIAN_POINT('',(3.54871897068645,45.280779254687,20.9073259753034));
#2543=CARTESIAN_POINT('',(3.55335046563568,45.9750860256378,21.3891351032165));
#2544=CARTESIAN_POINT('',(3.63817044178599,46.6246509601177,21.9205430628736));
#2545=CARTESIAN_POINT('',(3.79973212824609,47.2177708225524,22.4914294362661));
#2546=CARTESIAN_POINT('',(4.00344409627202,47.6804996905637,23.0180570655473));
#2547=CARTESIAN_POINT('',(4.15726771633666,47.9346747666197,23.3525911918319));
#2548=CARTESIAN_POINT('',(4.22071706408743,48.0282423168699,23.483256885237));
#2549=CARTESIAN_POINT('',(4.82897344584201,44.7198239630033,18.9742638105133));
#2550=CARTESIAN_POINT('',(4.80663679406177,44.8142434022651,19.0406760170141));
#2551=CARTESIAN_POINT('',(4.7600386519513,45.0344511737852,19.1957632241127));
#2552=CARTESIAN_POINT('',(4.70567859034433,45.3802529495806,19.4390203720543));
#2553=CARTESIAN_POINT('',(4.66782396132691,45.757595283542,19.7029358339689));
#2554=CARTESIAN_POINT('',(4.64984897930998,46.1355116175834,19.965034780932));
#2555=CARTESIAN_POINT('',(4.65093376831704,46.5144445174001,20.2253219143019));
#2556=CARTESIAN_POINT('',(4.67112940107957,46.8947354140685,20.4840494113291));
#2557=CARTESIAN_POINT('',(4.71134979610026,47.2765171493842,20.7416474688827));
#2558=CARTESIAN_POINT('',(4.7657143713495,47.613020253559,20.9674618234482));
#2559=CARTESIAN_POINT('',(4.81004936453212,47.822067633534,21.1076638770418));
#2560=CARTESIAN_POINT('',(4.828973445842,47.9032635220084,21.1621812022765));
#2561=CARTESIAN_POINT('',(5.00631164469657,46.6212276058132,18.3594736330311));
#2562=CARTESIAN_POINT('',(5.00543558813936,46.6563720687298,18.3831839949801));
#2563=CARTESIAN_POINT('',(5.00328893749273,46.7384025237767,18.4385227849863));
#2564=CARTESIAN_POINT('',(4.99999001866187,46.8673611799531,18.5257237528672));
#2565=CARTESIAN_POINT('',(4.9971756356947,47.0080130600021,18.6212943072785));
#2566=CARTESIAN_POINT('',(4.99567576795379,47.1485330035324,18.717326332002));
#2567=CARTESIAN_POINT('',(4.99576951004091,47.2888239293672,18.8137788737647));
#2568=CARTESIAN_POINT('',(4.99743944021904,47.4287945267963,18.9105879793354));
#2569=CARTESIAN_POINT('',(5.00037460986215,47.5683757501645,19.0076756358262));
#2570=CARTESIAN_POINT('',(5.00357791465421,47.6906445411639,19.0931161799354));
#2571=CARTESIAN_POINT('',(5.00556938289743,47.76639306101,19.146148188704));
#2572=CARTESIAN_POINT('',(5.00631164469658,47.7958174733766,19.1667468831738));
#2573=CARTESIAN_POINT('',(5.,47.7329936893023,18.));
#2574=CARTESIAN_POINT('',(5.,47.7329936893023,18.));
#2575=CARTESIAN_POINT('',(5.,47.7329936893024,18.));
#2576=CARTESIAN_POINT('',(5.,47.7329936893023,18.));
#2577=CARTESIAN_POINT('',(5.,47.7329936893023,18.));
#2578=CARTESIAN_POINT('',(5.,47.7329936893023,18.));
#2579=CARTESIAN_POINT('',(5.,47.7329936893023,18.));
#2580=CARTESIAN_POINT('',(5.,47.7329936893023,18.));
#2581=CARTESIAN_POINT('',(5.,47.7329936893023,18.));
#2582=CARTESIAN_POINT('',(5.,47.7329936893023,18.));
#2583=CARTESIAN_POINT('',(5.,47.7329936893023,18.));
#2584=CARTESIAN_POINT('',(5.,47.7329936893023,18.));
#2585=FACE_BOUND('',#2586,.T.);
#2586=EDGE_LOOP('',(#3537,#3538,#3539,#3540));
#2587=CYLINDRICAL_SURFACE('',#2588,7.);
#2588=AXIS2_PLACEMENT_3D('',#2589,#2590,#2591);
#2589=CARTESIAN_POINT('',(31.,41.547465061888,27.));
#2590=DIRECTION('',(-1.,1.16482415698377E-16,0.));
#2591=DIRECTION('',(1.08745703327114E-16,0.933580426497189,-0.358367949545333));
#2592=FACE_BOUND('',#2593,.T.);
#2593=EDGE_LOOP('',(#3541,#3542,#3543));
#2594=B_SPLINE_SURFACE_WITH_KNOTS('',3,3,(
(#2595,#2596,#2597,#2598,#2599,#2600,#2601,#2602,#2603,#2604,#2605,#2606),
(#2607,#2608,#2609,#2610,#2611,#2612,#2613,#2614,#2615,#2616,#2617,#2618),
(#2619,#2620,#2621,#2622,#2623,#2624,#2625,#2626,#2627,#2628,#2629,#2630),
(#2631,#2632,#2633,#2634,#2635,#2636,#2637,#2638,#2639,#2640,#2641,#2642),
(#2643,#2644,#2645,#2646,#2647,#2648,#2649,#2650,#2651,#2652,#2653,#2654),
(#2655,#2656,#2657,#2658,#2659,#2660,#2661,#2662,#2663,#2664,#2665,#2666)),
.UNSPECIFIED.,.F.,.F.,.F.,
(4,1,1,4),
(4,1,1,1,1,1,1,1,1,4),
(-0.000220011216025552,6.36013616054897,20.4351803955075,40.),
(0.,0.0894409719041853,0.208695601109766,0.327950230315346,0.447204859520927,0.566459488726507,
0.685714117932088,0.804968747137668,0.924223376343248,1.),
.UNSPECIFIED.);
#2595=CARTESIAN_POINT('',(-1.99996035196773,41.5474637397252,19.999999999607));
#2596=CARTESIAN_POINT('',(-1.99996357659625,41.7838810318028,20.0000102573699));
#2597=CARTESIAN_POINT('',(-1.99997066513347,42.3442226598657,20.0279621813538));
#2598=CARTESIAN_POINT('',(-1.99997982284132,43.2414700074031,20.1832065864547));
#2599=CARTESIAN_POINT('',(-1.99998677323748,44.2109920554387,20.4993407421201));
#2600=CARTESIAN_POINT('',(-1.99999025433183,45.1383165899194,20.9612762063959));
#2601=CARTESIAN_POINT('',(-1.99999004068742,45.9912668623905,21.5582572896087));
#2602=CARTESIAN_POINT('',(-1.99998614636328,46.7419187401227,22.270383893265));
#2603=CARTESIAN_POINT('',(-1.9999788225682,47.3696479186988,23.0708240205261));
#2604=CARTESIAN_POINT('',(-1.99996977075441,47.8028967599162,23.8246687764705));
#2605=CARTESIAN_POINT('',(-1.99996308395891,48.0107358045035,24.3044308028265));
#2606=CARTESIAN_POINT('',(-1.99996035196774,48.082528521556,24.4914255873872));
#2607=CARTESIAN_POINT('',(-2.4153011428036,41.569425550903,19.9928991840267));
#2608=CARTESIAN_POINT('',(-2.37894748427617,41.804372165853,19.9945645736753));
#2609=CARTESIAN_POINT('',(-2.29880422166591,42.3611193752764,20.0261741252486));
#2610=CARTESIAN_POINT('',(-2.19470467125336,43.2523526856338,20.1859440667686));
#2611=CARTESIAN_POINT('',(-2.11535280290939,44.2154622692671,20.5047533008528));
#2612=CARTESIAN_POINT('',(-2.07550718546579,45.137270218205,20.9666086566037));
#2613=CARTESIAN_POINT('',(-2.07795456249778,45.9863167270953,21.5606757506004));
#2614=CARTESIAN_POINT('',(-2.12252100148476,46.7351727748137,22.2674312420548));
#2615=CARTESIAN_POINT('',(-2.2061017984574,47.3633535642356,23.0607719924798));
#2616=CARTESIAN_POINT('',(-2.30893508335786,47.7987697768784,23.807635244032));
#2617=CARTESIAN_POINT('',(-2.38450128170306,48.0086319253432,24.2830489307445));
#2618=CARTESIAN_POINT('',(-2.4153011428036,48.0812872947539,24.4683777656215));
#2619=CARTESIAN_POINT('',(-3.22083370766342,42.5083002778364,19.6893284331715));
#2620=CARTESIAN_POINT('',(-3.14593934657947,42.6918522100159,19.7371687325364));
#2621=CARTESIAN_POINT('',(-2.9831724598697,43.1241090045243,19.86536310443));
#2622=CARTESIAN_POINT('',(-2.77760928650162,43.8104564084275,20.12699310038));
#2623=CARTESIAN_POINT('',(-2.62456370923185,44.5547348533015,20.4841074528909));
#2624=CARTESIAN_POINT('',(-2.5488147114639,45.2808117316741,20.9073062442111));
#2625=CARTESIAN_POINT('',(-2.55344631796998,45.975089972094,21.389094773043));
#2626=CARTESIAN_POINT('',(-2.63826841264174,46.6246357295014,21.9204715468394));
#2627=CARTESIAN_POINT('',(-2.79983452814047,47.2177474415413,22.491318726273));
#2628=CARTESIAN_POINT('',(-3.00355287018388,47.6804794106622,23.0179075324291));
#2629=CARTESIAN_POINT('',(-3.15738197421642,47.9346614403256,23.3524166914984));
#2630=CARTESIAN_POINT('',(-3.22083370766341,48.0282323950383,23.4830726700977));
#2631=CARTESIAN_POINT('',(-3.82898329092505,44.7200307240986,18.9741969885932));
#2632=CARTESIAN_POINT('',(-3.80665458853626,44.8144439707798,19.0406043098754));
#2633=CARTESIAN_POINT('',(-3.76007345815661,45.0346373601483,19.1956797422641));
#2634=CARTESIAN_POINT('',(-3.70573422890463,45.3804167417905,19.4389178443135));
#2635=CARTESIAN_POINT('',(-3.66789470432986,45.7577346029487,19.7028129882143));
#2636=CARTESIAN_POINT('',(-3.64992707533511,46.1356259844079,19.9648928207375));
#2637=CARTESIAN_POINT('',(-3.65101141710242,46.5145330494483,20.2251623229641));
#2638=CARTESIAN_POINT('',(-3.6711988050345,46.8947970365298,20.4838735049157));
#2639=CARTESIAN_POINT('',(-3.71140321371712,47.2765509501366,20.7414560560585));
#2640=CARTESIAN_POINT('',(-3.76574706960423,47.6130293289955,20.9672568967445));
#2641=CARTESIAN_POINT('',(-3.81006594439734,47.8220616646663,21.1074503167256));
#2642=CARTESIAN_POINT('',(-3.82898329092506,47.9032518090953,21.1619642273303));
#2643=CARTESIAN_POINT('',(-4.00631649004396,46.6214063326376,18.359415842744));
#2644=CARTESIAN_POINT('',(-4.00543929462998,46.6565450387443,18.3831225331212));
#2645=CARTESIAN_POINT('',(-4.0032902096454,46.7385620349843,18.4384528722288));
#2646=CARTESIAN_POINT('',(-3.99998833495706,46.8674994657977,18.525640692648));
#2647=CARTESIAN_POINT('',(-3.99717183500661,47.0081282107237,18.6211966801202));
#2648=CARTESIAN_POINT('',(-3.99567094656145,47.1486251995013,18.717213666148));
#2649=CARTESIAN_POINT('',(-3.99576475052244,47.2888934995186,18.8136506110364));
#2650=CARTESIAN_POINT('',(-3.9974358261582,47.4288418778978,18.9104436268174));
#2651=CARTESIAN_POINT('',(-4.00037323944251,47.5684012458584,19.0075148809948));
#2652=CARTESIAN_POINT('',(-4.00357948798037,47.6906509890401,19.0929409547214));
#2653=CARTESIAN_POINT('',(-4.00557326343761,47.7663876148843,19.1459640613157));
#2654=CARTESIAN_POINT('',(-4.00631649004396,47.795807375292,19.1665593171224));
#2655=CARTESIAN_POINT('',(-4.,47.7329936893023,18.));
#2656=CARTESIAN_POINT('',(-4.,47.7329936893024,18.));
#2657=CARTESIAN_POINT('',(-4.,47.7329936893023,18.));
#2658=CARTESIAN_POINT('',(-4.,47.7329936893024,18.));
#2659=CARTESIAN_POINT('',(-3.99999999999999,47.7329936893023,18.));
#2660=CARTESIAN_POINT('',(-4.,47.7329936893023,18.));
#2661=CARTESIAN_POINT('',(-3.99999999999999,47.7329936893023,18.));
#2662=CARTESIAN_POINT('',(-4.,47.7329936893023,18.));
#2663=CARTESIAN_POINT('',(-4.,47.7329936893023,18.));
#2664=CARTESIAN_POINT('',(-4.,47.7329936893024,18.));
#2665=CARTESIAN_POINT('',(-4.,47.7329936893023,18.));
#2666=CARTESIAN_POINT('',(-4.,47.7329936893023,18.));
#2667=FACE_OUTER_BOUND('',#2668,.T.);
#2668=EDGE_LOOP('',(#3544));
#2669=FACE_OUTER_BOUND('',#2670,.T.);
#2670=EDGE_LOOP('',(#3545));
#2671=TOROIDAL_SURFACE('',#2672,5.5,2.);
#2672=AXIS2_PLACEMENT_3D('',#2673,#2674,#2675);
#2673=CARTESIAN_POINT('',(0.499999999989797,62.645662050305,48.4775449437378));
#2674=DIRECTION('',(7.37054211439326E-16,0.358367949545335,0.933580426497188));
#2675=DIRECTION('',(-0.447213595499958,-0.835019718444383,0.320534038456234));
#2676=FACE_BOUND('',#2677,.T.);
#2677=EDGE_LOOP('',(#3546,#3547,#3548,#3549));
#2678=B_SPLINE_SURFACE_WITH_KNOTS('',3,3,(
(#2679,#2680,#2681,#2682,#2683,#2684,#2685,#2686,#2687,#2688,#2689,#2690),
(#2691,#2692,#2693,#2694,#2695,#2696,#2697,#2698,#2699,#2700,#2701,#2702),
(#2703,#2704,#2705,#2706,#2707,#2708,#2709,#2710,#2711,#2712,#2713,#2714),
(#2715,#2716,#2717,#2718,#2719,#2720,#2721,#2722,#2723,#2724,#2725,#2726),
(#2727,#2728,#2729,#2730,#2731,#2732,#2733,#2734,#2735,#2736,#2737,#2738),
(#2739,#2740,#2741,#2742,#2743,#2744,#2745,#2746,#2747,#2748,#2749,#2750)),
.UNSPECIFIED.,.F.,.F.,.F.,
(4,1,1,4),
(4,1,1,1,1,1,1,1,1,4),
(3.92411094236278,9.54640723461793,16.0992106276455,22.075889057643),
(0.,0.0960825945965625,0.224192720725312,0.352302846854062,0.480412972982812,0.608523099111562,
0.736633225240312,0.864743351369062,0.9686607567725,1.),
.UNSPECIFIED.);
#2679=CARTESIAN_POINT('',(-5.42924280096863,63.3019660085253,39.0981251127035));
#2680=CARTESIAN_POINT('',(-5.44506446887182,63.3282728993148,39.1216340608527));
#2681=CARTESIAN_POINT('',(-5.4802822074836,63.3894665114609,39.178496238242));
#2682=CARTESIAN_POINT('',(-5.5288936889576,63.4843301807996,39.274860128264));
#2683=CARTESIAN_POINT('',(-5.57282521394248,63.5851886590505,39.3879558552937));
#2684=CARTESIAN_POINT('',(-5.6071030376546,63.6824284350925,39.5080830083122));
#2685=CARTESIAN_POINT('',(-5.63134549386396,63.7751136794991,39.6341565756382));
#2686=CARTESIAN_POINT('',(-5.64535884785348,63.8623924066569,39.7649776970989));
#2687=CARTESIAN_POINT('',(-5.6489024765409,63.938414433123,39.8908184205251));
#2688=CARTESIAN_POINT('',(-5.64526117105038,63.9898132376206,39.9841879893309));
#2689=CARTESIAN_POINT('',(-5.6415788211311,64.0148823369926,40.0323449213368));
#2690=CARTESIAN_POINT('',(-5.64062941868499,64.0206187143237,40.0435109344291));
#2691=CARTESIAN_POINT('',(-5.83231814893461,62.5676675070791,39.334032470958));
#2692=CARTESIAN_POINT('',(-5.85498775198955,62.5953219839311,39.3593941036952));
#2693=CARTESIAN_POINT('',(-5.9057992164034,62.6599713293619,39.421198342639));
#2694=CARTESIAN_POINT('',(-5.97718784879223,62.7612285304112,39.5275126512454));
#2695=CARTESIAN_POINT('',(-6.04334565517886,62.8699324982997,39.6539408997236));
#2696=CARTESIAN_POINT('',(-6.0968409768767,62.9755408601773,39.7895320544283));
#2697=CARTESIAN_POINT('',(-6.13700245530991,63.0767732096472,39.9327714953553));
#2698=CARTESIAN_POINT('',(-6.16345636322692,63.1724552045235,40.0819672540739));
#2699=CARTESIAN_POINT('',(-6.17533576917053,63.2559510508017,40.2256604813113));
#2700=CARTESIAN_POINT('',(-6.17562002266518,63.3124071994956,40.3321688866741));
#2701=CARTESIAN_POINT('',(-6.17332614329411,63.3399253297828,40.3870187187221));
#2702=CARTESIAN_POINT('',(-6.17266525208919,63.3462208793659,40.3997313509009));
#2703=CARTESIAN_POINT('',(-6.44366096662772,60.911108973844,39.9447287213899));
#2704=CARTESIAN_POINT('',(-6.4789172950046,60.9328952463894,39.9736015028614));
#2705=CARTESIAN_POINT('',(-6.55877814606376,60.9846876884786,40.0444838188584));
#2706=CARTESIAN_POINT('',(-6.67380604674828,61.0688574306491,40.1681914006331));
#2707=CARTESIAN_POINT('',(-6.78372490866321,61.1627594186277,40.3170533161522));
#2708=CARTESIAN_POINT('',(-6.87594123355557,61.2572323638896,40.4778555252225));
#2709=CARTESIAN_POINT('',(-6.94882438039163,61.3507261658567,40.6482033192971));
#2710=CARTESIAN_POINT('',(-7.00134546775503,61.4417327581273,40.8253888068983));
#2711=CARTESIAN_POINT('',(-7.03111971723569,61.5233794216684,40.9951302287201));
#2712=CARTESIAN_POINT('',(-7.04018448884775,61.5799398617904,41.1199207186392));
#2713=CARTESIAN_POINT('',(-7.04116094771865,61.6078985396513,41.1837872113508));
#2714=CARTESIAN_POINT('',(-7.04119244316756,61.6143162405513,41.1985670533435));
#2715=CARTESIAN_POINT('',(-6.46951155429774,58.3247439728382,40.9374744584805));
#2716=CARTESIAN_POINT('',(-6.50537169398777,58.328493233648,40.9732721373464));
#2717=CARTESIAN_POINT('',(-6.58663457189249,58.3388710466381,41.0601082042936));
#2718=CARTESIAN_POINT('',(-6.70379457286927,58.3612975482978,41.2078000756445));
#2719=CARTESIAN_POINT('',(-6.81587582732717,58.3934038182243,41.380917450467));
#2720=CARTESIAN_POINT('',(-6.91002303703396,58.4329088216418,41.5635456706645));
#2721=CARTESIAN_POINT('',(-6.98455016065668,58.4793165350093,41.7528385594012));
#2722=CARTESIAN_POINT('',(-7.0383898082741,58.5318947591041,41.9457346954501));
#2723=CARTESIAN_POINT('',(-7.06907658724836,58.5860751368184,42.1269462031905));
#2724=CARTESIAN_POINT('',(-7.07859501939867,58.6282843152721,42.2579062372971));
#2725=CARTESIAN_POINT('',(-7.07974312265167,58.6505625832921,42.3242796948347));
#2726=CARTESIAN_POINT('',(-7.0798111571243,58.6557540045144,42.3396051120446));
#2727=CARTESIAN_POINT('',(-5.85797819873474,56.6297538871757,41.6109251048169));
#2728=CARTESIAN_POINT('',(-5.88108273288919,56.6261862272437,41.6483974827776));
#2729=CARTESIAN_POINT('',(-5.93288711510842,56.6195378969832,41.7379109664386));
#2730=CARTESIAN_POINT('',(-6.00573394805284,56.6155317235794,41.8853327212204));
#2731=CARTESIAN_POINT('',(-6.07332237063719,56.6195206121479,42.0529060417733));
#2732=CARTESIAN_POINT('',(-6.12806035385729,56.6320079517919,42.2253468716987));
#2733=CARTESIAN_POINT('',(-6.16925527067512,56.6529333860817,42.4006370702707));
#2734=CARTESIAN_POINT('',(-6.19651976838351,56.6820341506787,42.5766955175432));
#2735=CARTESIAN_POINT('',(-6.20894474050514,56.7165387776934,42.7404543189934));
#2736=CARTESIAN_POINT('',(-6.2094878808331,56.7461751063371,42.8581785010692));
#2737=CARTESIAN_POINT('',(-6.20728649249671,56.7625987860147,42.9177539846164));
#2738=CARTESIAN_POINT('',(-6.20664489222638,56.7664668033002,42.93150623777));
#2739=CARTESIAN_POINT('',(-5.42924280096955,55.8818762809749,41.9464306958471));
#2740=CARTESIAN_POINT('',(-5.44506446887256,55.8780570079401,41.9815039948019));
#2741=CARTESIAN_POINT('',(-5.48028220748396,55.8706295149573,42.0647073464946));
#2742=CARTESIAN_POINT('',(-5.52889368895736,55.8646120981236,42.1997958573128));
#2743=CARTESIAN_POINT('',(-5.57282521394169,55.8653354543104,42.3513298563465));
#2744=CARTESIAN_POINT('',(-5.60710303765329,55.873452972653,42.5056678388161));
#2745=CARTESIAN_POINT('',(-5.63134549386227,55.888934095425,42.6613772917935));
#2746=CARTESIAN_POINT('',(-5.64535884785142,55.9116097772907,42.816997198895));
#2747=CARTESIAN_POINT('',(-5.64890247653868,55.9393182812706,42.9613837460087));
#2748=CARTESIAN_POINT('',(-5.645261171048,55.9635979618629,43.0651633711429));
#2749=CARTESIAN_POINT('',(-5.64157882112872,55.9771912674985,43.1177254476375));
#2750=CARTESIAN_POINT('',(-5.64062941868259,55.9803998294789,43.12986179813));
#2751=FACE_BOUND('',#2752,.T.);
#2752=EDGE_LOOP('',(#3550,#3551,#3552,#3553,#3554));
#2753=B_SPLINE_SURFACE_WITH_KNOTS('',3,3,(
(#2754,#2755,#2756,#2757,#2758,#2759,#2760,#2761,#2762,#2763,#2764,#2765),
(#2766,#2767,#2768,#2769,#2770,#2771,#2772,#2773,#2774,#2775,#2776,#2777),
(#2778,#2779,#2780,#2781,#2782,#2783,#2784,#2785,#2786,#2787,#2788,#2789),
(#2790,#2791,#2792,#2793,#2794,#2795,#2796,#2797,#2798,#2799,#2800,#2801),
(#2802,#2803,#2804,#2805,#2806,#2807,#2808,#2809,#2810,#2811,#2812,#2813),
(#2814,#2815,#2816,#2817,#2818,#2819,#2820,#2821,#2822,#2823,#2824,#2825)),
.UNSPECIFIED.,.F.,.F.,.F.,
(4,1,1,4),
(4,1,1,1,1,1,1,1,1,4),
(6.16665886729672,9.56589164103536,13.665565238541,17.7140654662437),
(0.,0.0873642262368145,0.203849861219234,0.320335496201653,0.436821131184073,0.553306766166492,
0.669792401148912,0.786278036131331,0.894513968501106,1.),
.UNSPECIFIED.);
#2754=CARTESIAN_POINT('',(-5.44124566679823,55.9032527600849,41.9365290928546));
#2755=CARTESIAN_POINT('',(-5.45541059410771,55.8991453184883,41.9685683676633));
#2756=CARTESIAN_POINT('',(-5.48703047363028,55.8907777684707,42.0444954943199));
#2757=CARTESIAN_POINT('',(-5.53108987341022,55.8822634388543,42.1675890865934));
#2758=CARTESIAN_POINT('',(-5.57159054079506,55.8789652252191,42.3056438130039));
#2759=CARTESIAN_POINT('',(-5.60408622763183,55.8817794845973,42.4464419197117));
#2760=CARTESIAN_POINT('',(-5.62825482970142,55.8907344767683,42.5888966069631));
#2761=CARTESIAN_POINT('',(-5.6439037257978,55.9057617413379,42.7318885289474));
#2762=CARTESIAN_POINT('',(-5.65080732656779,55.9262040925115,42.8709335526001));
#2763=CARTESIAN_POINT('',(-5.64973894987682,55.9511432107308,43.0039638010337));
#2764=CARTESIAN_POINT('',(-5.6443828635193,55.9702853642385,43.0885783701142));
#2765=CARTESIAN_POINT('',(-5.64064079386408,55.9804157350632,43.1298579691547));
#2766=CARTESIAN_POINT('',(-5.27063860965143,55.5902818288511,42.0816262816734));
#2767=CARTESIAN_POINT('',(-5.28236118219232,55.5871840287285,42.1123407054254));
#2768=CARTESIAN_POINT('',(-5.3084689569779,55.581118921817,42.1848769698201));
#2769=CARTESIAN_POINT('',(-5.34466548271323,55.5759786065268,42.3016180954966));
#2770=CARTESIAN_POINT('',(-5.37775355382142,55.5759897428935,42.4316272806611));
#2771=CARTESIAN_POINT('',(-5.4041414917119,55.5816920479255,42.563459389249));
#2772=CARTESIAN_POINT('',(-5.42361158453104,55.5930833979876,42.6962483638147));
#2773=CARTESIAN_POINT('',(-5.43603553430849,55.6100858858661,42.8291122050183));
#2774=CARTESIAN_POINT('',(-5.44125064069013,55.6320177049895,42.9580546074851));
#2775=CARTESIAN_POINT('',(-5.43989271721367,55.6580166569179,43.0813267163905));
#2776=CARTESIAN_POINT('',(-5.4351456692727,55.6776347911681,43.1597547621615));
#2777=CARTESIAN_POINT('',(-5.43188696665216,55.6879563416887,43.1980380118717));
#2778=CARTESIAN_POINT('',(-4.80410825576984,54.9391527191782,42.3892375653826));
#2779=CARTESIAN_POINT('',(-4.81239764349876,54.9381077850544,42.4165828886666));
#2780=CARTESIAN_POINT('',(-4.83086519337691,54.9367104087238,42.4808761949984));
#2781=CARTESIAN_POINT('',(-4.85653851063169,54.9383944566926,42.5833942093283));
#2782=CARTESIAN_POINT('',(-4.88017212953821,54.9451300789184,42.696554763182));
#2783=CARTESIAN_POINT('',(-4.89927092281412,54.9567766500259,42.8104868280675));
#2784=CARTESIAN_POINT('',(-4.91371589190813,54.9732976924133,42.9246267507567));
#2785=CARTESIAN_POINT('',(-4.92343280116913,54.9946076547678,43.0384072159962));
#2786=CARTESIAN_POINT('',(-4.92827606760038,55.0199606624203,43.1486022129671));
#2787=CARTESIAN_POINT('',(-4.92864402882685,55.0485778614351,43.2539065639017));
#2788=CARTESIAN_POINT('',(-4.92625584014724,55.0694983784235,43.3209660782771));
#2789=CARTESIAN_POINT('',(-4.92444961232928,55.0803773194156,43.3537354707909));
#2790=CARTESIAN_POINT('',(-3.83257886123312,54.1132436399985,42.7231740462726));
#2791=CARTESIAN_POINT('',(-3.84077295507087,54.1132334445536,42.7493033600749));
#2792=CARTESIAN_POINT('',(-3.85924496272906,54.1143101345811,42.8106429435721));
#2793=CARTESIAN_POINT('',(-3.88577566447676,54.1200903074784,42.9081226165899));
#2794=CARTESIAN_POINT('',(-3.91142623371891,54.1315377872872,43.0153475723569));
#2795=CARTESIAN_POINT('',(-3.93363418641152,54.1481245860908,43.1229653617615));
#2796=CARTESIAN_POINT('',(-3.95228001981215,54.1698007323727,43.2304767001979));
#2797=CARTESIAN_POINT('',(-3.96727766162413,54.196468762144,43.3373812662724));
#2798=CARTESIAN_POINT('',(-3.97830892040777,54.2272414413547,43.4406878865436));
#2799=CARTESIAN_POINT('',(-3.98559780935232,54.2612711921309,43.5392249822775));
#2800=CARTESIAN_POINT('',(-3.9882401645457,54.2857942407802,43.6018772787029));
#2801=CARTESIAN_POINT('',(-3.98904465300084,54.298474702048,43.6324728142882));
#2802=CARTESIAN_POINT('',(-3.00319074234685,53.6999149912882,42.8311834547889));
#2803=CARTESIAN_POINT('',(-3.01370755252555,53.6980358774365,42.8603864124091));
#2804=CARTESIAN_POINT('',(-3.03766328399248,53.6951530114055,42.9290637359479));
#2805=CARTESIAN_POINT('',(-3.07298702295471,53.6962397876678,43.038576004536));
#2806=CARTESIAN_POINT('',(-3.10835264284086,53.7045389339262,43.1593609752857));
#2807=CARTESIAN_POINT('',(-3.14030599593511,53.7199815790106,43.2807685271436));
#2808=CARTESIAN_POINT('',(-3.1686418711729,53.7425161651371,43.4020894737787));
#2809=CARTESIAN_POINT('',(-3.1931971581476,53.7720093258476,43.5226128530819));
#2810=CARTESIAN_POINT('',(-3.21336601694653,53.8073933980908,43.6388295686408));
#2811=CARTESIAN_POINT('',(-3.229266216176,53.8475244098711,43.7493208918576));
#2812=CARTESIAN_POINT('',(-3.23731702109257,53.8769386171524,43.8192839865845));
#2813=CARTESIAN_POINT('',(-3.24074672097271,53.8922443755767,43.8533636936659));
#2814=CARTESIAN_POINT('',(-2.56935734108643,53.5503000190775,42.8576666208762));
#2815=CARTESIAN_POINT('',(-2.58111517524683,53.5463085941071,42.8889471782967));
#2816=CARTESIAN_POINT('',(-2.6080481155486,53.5387913172783,42.962668123229));
#2817=CARTESIAN_POINT('',(-2.64829541595289,53.5337613714768,43.0807267666116));
#2818=CARTESIAN_POINT('',(-2.68924592029127,53.5369532219309,43.2114216859552));
#2819=CARTESIAN_POINT('',(-2.72690657073821,53.5489273843105,43.3431181506268));
#2820=CARTESIAN_POINT('',(-2.7609850092836,53.5696640966715,43.4748869400866));
#2821=CARTESIAN_POINT('',(-2.79123834805247,53.5990186724115,43.6057928542188));
#2822=CARTESIAN_POINT('',(-2.81685923849706,53.6358353876691,43.7318686987401));
#2823=CARTESIAN_POINT('',(-2.83787923191108,53.6787318210219,43.8514529969234));
#2824=CARTESIAN_POINT('',(-2.84912432487995,53.7107185817098,43.9269279605308));
#2825=CARTESIAN_POINT('',(-2.85409752046241,53.7274659455517,43.9636168156305));
#2826=FACE_BOUND('',#2827,.T.);
#2827=EDGE_LOOP('',(#3555,#3556,#3557,#3558));
#2828=B_SPLINE_SURFACE_WITH_KNOTS('',3,3,(
(#2829,#2830,#2831,#2832,#2833,#2834,#2835,#2836,#2837,#2838,#2839,#2840),
(#2841,#2842,#2843,#2844,#2845,#2846,#2847,#2848,#2849,#2850,#2851,#2852),
(#2853,#2854,#2855,#2856,#2857,#2858,#2859,#2860,#2861,#2862,#2863,#2864),
(#2865,#2866,#2867,#2868,#2869,#2870,#2871,#2872,#2873,#2874,#2875,#2876),
(#2877,#2878,#2879,#2880,#2881,#2882,#2883,#2884,#2885,#2886,#2887,#2888),
(#2889,#2890,#2891,#2892,#2893,#2894,#2895,#2896,#2897,#2898,#2899,#2900)),
.UNSPECIFIED.,.F.,.F.,.F.,
(4,1,1,4),
(4,1,1,1,1,1,1,1,1,4),
(3.77815494384314,8.05539868765082,13.0529943637873,17.3715393672972),
(0.,0.093116467957949,0.217271758568548,0.341427049179146,0.465582339789745,0.589737630400344,
0.713892921010943,0.838048211621541,0.935062167338708,1.),
.UNSPECIFIED.);
#2829=CARTESIAN_POINT('',(-2.71283025796393,53.6020302496067,42.8483623759165));
#2830=CARTESIAN_POINT('',(-2.72455784735505,53.5983365995632,42.8810967010895));
#2831=CARTESIAN_POINT('',(-2.75131121265886,53.5916420975654,42.9582376360088));
#2832=CARTESIAN_POINT('',(-2.7908541318742,53.5883832644341,43.0817078642092));
#2833=CARTESIAN_POINT('',(-2.83048176796576,53.5941012099879,43.2182383216834));
#2834=CARTESIAN_POINT('',(-2.86624849425787,53.609174303918,43.3555848165685));
#2835=CARTESIAN_POINT('',(-2.89785777443491,53.6335432995072,43.4927022393826));
#2836=CARTESIAN_POINT('',(-2.92507595443339,53.6670063306666,43.628546072715));
#2837=CARTESIAN_POINT('',(-2.94608588507551,53.706149393311,43.752366467414));
#2838=CARTESIAN_POINT('',(-2.9603113437551,53.7442529639753,43.8527258482955));
#2839=CARTESIAN_POINT('',(-2.96703926151448,53.7680466611405,43.9084127964877));
#2840=CARTESIAN_POINT('',(-2.96952437806418,53.7779300624927,43.9305411985638));
#2841=CARTESIAN_POINT('',(-2.06211157905689,53.3504136482371,42.909433627529));
#2842=CARTESIAN_POINT('',(-2.07342571184126,53.3431362174306,42.9454548751506));
#2843=CARTESIAN_POINT('',(-2.09927479139111,53.3284640548387,43.0305450827086));
#2844=CARTESIAN_POINT('',(-2.13757482502327,53.3142102679114,43.1673837721744));
#2845=CARTESIAN_POINT('',(-2.17599783339707,53.3100269144257,43.3193066380943));
#2846=CARTESIAN_POINT('',(-2.21064592942209,53.3174071692565,43.4725408908237));
#2847=CARTESIAN_POINT('',(-2.24116703024809,53.3363468962895,43.625712062285));
#2848=CARTESIAN_POINT('',(-2.2672850482945,53.366637184942,43.7774431556754));
#2849=CARTESIAN_POINT('',(-2.28723872254652,53.404868773854,43.915539725822));
#2850=CARTESIAN_POINT('',(-2.30055522088279,53.4436310645339,44.0271877922589));
#2851=CARTESIAN_POINT('',(-2.30675573896708,53.4683462827008,44.0889817985487));
#2852=CARTESIAN_POINT('',(-2.30902764945394,53.4786828231693,44.1135076613369));
#2853=CARTESIAN_POINT('',(-0.602802626458287,52.9846058299832,43.0186270227536));
#2854=CARTESIAN_POINT('',(-0.608997671950517,52.9705139113479,43.0589471155568));
#2855=CARTESIAN_POINT('',(-0.623197097345085,52.9404521826617,43.1545913945242));
#2856=CARTESIAN_POINT('',(-0.644352730940368,52.9042420120217,43.3096880935593));
#2857=CARTESIAN_POINT('',(-0.665639782698897,52.8793874644622,43.4831057420532));
#2858=CARTESIAN_POINT('',(-0.684819628518409,52.8697663399041,43.6588208400173));
#2859=CARTESIAN_POINT('',(-0.701624268351347,52.8756248990944,43.8348195092966));
#2860=CARTESIAN_POINT('',(-0.71584542087829,52.8968525160354,44.0090729480753));
#2861=CARTESIAN_POINT('',(-0.726504411342176,52.9303574952322,44.1671863093024));
#2862=CARTESIAN_POINT('',(-0.73342510371415,52.9677803278417,44.294393744576));
#2863=CARTESIAN_POINT('',(-0.736550606800701,52.9927354819071,44.3644633587249));
#2864=CARTESIAN_POINT('',(-0.737677438865131,53.003319839897,44.3922119975898));
#2865=CARTESIAN_POINT('',(1.59627283428779,52.9831501347143,43.0190730067487));
#2866=CARTESIAN_POINT('',(1.60243548508908,52.9690194310283,43.0594140891265));
#2867=CARTESIAN_POINT('',(1.61656086015302,52.9388698031209,43.1551095915631));
#2868=CARTESIAN_POINT('',(1.63760662439406,52.9025327768523,43.3102935866409));
#2869=CARTESIAN_POINT('',(1.65878324643349,52.8775562656206,43.4838121341316));
#2870=CARTESIAN_POINT('',(1.67786327755363,52.8678313383379,43.6596306643286));
#2871=CARTESIAN_POINT('',(1.69457972548591,52.8736053085025,43.8357320026809));
#2872=CARTESIAN_POINT('',(1.70872510408824,52.8947678964471,44.0100840458972));
#2873=CARTESIAN_POINT('',(1.71932587715932,52.9282304114375,44.1682821371106));
#2874=CARTESIAN_POINT('',(1.7262074308853,52.9656305535552,44.2955528929606));
#2875=CARTESIAN_POINT('',(1.72931456715203,52.9905777120645,44.3656549584787));
#2876=CARTESIAN_POINT('',(1.73043464221777,53.0011596019619,44.3934160134991));
#2877=CARTESIAN_POINT('',(3.06230072597944,53.349806701184,42.909566246507));
#2878=CARTESIAN_POINT('',(3.07362913205093,53.3425311202909,42.9455922357701));
#2879=CARTESIAN_POINT('',(3.0995109850804,53.3278636686554,43.0306940435667));
#2880=CARTESIAN_POINT('',(3.13786015726028,53.3136188029189,43.1675529843011));
#2881=CARTESIAN_POINT('',(3.17633317970213,53.3094472543872,43.3195004714785));
#2882=CARTESIAN_POINT('',(3.21102711624248,53.3168415813768,43.4727617911829));
#2883=CARTESIAN_POINT('',(3.24158938129585,53.335797801464,43.6259623156842));
#2884=CARTESIAN_POINT('',(3.26774347777512,53.3661070753373,43.7777248383155));
#2885=CARTESIAN_POINT('',(3.28772560107795,53.4043585452024,43.9158522604369));
#2886=CARTESIAN_POINT('',(3.30106184499212,53.4431388929039,44.027527002533));
#2887=CARTESIAN_POINT('',(3.30727193413174,53.4678649395781,44.0893365273347));
#2888=CARTESIAN_POINT('',(3.30954742342927,53.4782059134267,44.1138686756625));
#2889=CARTESIAN_POINT('',(3.71923776624248,53.6044928247657,42.8478662948143));
#2890=CARTESIAN_POINT('',(3.73096633742559,53.6008340777717,42.8805624505139));
#2891=CARTESIAN_POINT('',(3.75772138659934,53.5942169530738,42.9576117418668));
#2892=CARTESIAN_POINT('',(3.79726516429372,53.5910634863738,43.0809300486353));
#2893=CARTESIAN_POINT('',(3.83689222678937,53.5968744099168,43.217287855283));
#2894=CARTESIAN_POINT('',(3.87265754085833,53.6120173456177,43.3544580031287));
#2895=CARTESIAN_POINT('',(3.90426515651534,53.6364324916884,43.4913987522601));
#2896=CARTESIAN_POINT('',(3.93148188885144,53.6699180659802,43.6270689680619));
#2897=CARTESIAN_POINT('',(3.95249098496173,53.7090607930347,43.7507342539024));
#2898=CARTESIAN_POINT('',(3.96671624784009,53.7471492927419,43.8509715021642));
#2899=CARTESIAN_POINT('',(3.97344426752097,53.770928716537,43.906592551134));
#2900=CARTESIAN_POINT('',(3.9759294579223,53.7808055189816,43.9286951069212));
#2901=FACE_BOUND('',#2902,.T.);
#2902=EDGE_LOOP('',(#3559,#3560,#3561,#3562));
#2903=B_SPLINE_SURFACE_WITH_KNOTS('',3,3,(
(#2904,#2905,#2906,#2907,#2908,#2909,#2910,#2911,#2912,#2913,#2914,#2915),
(#2916,#2917,#2918,#2919,#2920,#2921,#2922,#2923,#2924,#2925,#2926,#2927),
(#2928,#2929,#2930,#2931,#2932,#2933,#2934,#2935,#2936,#2937,#2938,#2939),
(#2940,#2941,#2942,#2943,#2944,#2945,#2946,#2947,#2948,#2949,#2950,#2951),
(#2952,#2953,#2954,#2955,#2956,#2957,#2958,#2959,#2960,#2961,#2962,#2963),
(#2964,#2965,#2966,#2967,#2968,#2969,#2970,#2971,#2972,#2973,#2974,#2975)),
.UNSPECIFIED.,.F.,.F.,.F.,
(4,1,1,4),
(4,1,1,1,1,1,1,1,1,4),
(6.27790075671121,9.77549242414582,13.9784278394002,17.6782683729095),
(0.,0.0873642262373912,0.203849861220579,0.320335496203768,0.436821131186956,0.553306766170144,
0.669792401153332,0.786278036136521,0.894513968504181,1.),
.UNSPECIFIED.);
#2904=CARTESIAN_POINT('',(3.70578127214802,53.599378771419,42.8488766709001));
#2905=CARTESIAN_POINT('',(3.71715041593341,53.5960194414097,42.879490789176));
#2906=CARTESIAN_POINT('',(3.74315274126593,53.5898873240244,42.9516007269404));
#2907=CARTESIAN_POINT('',(3.78186682595387,53.5866791663701,43.0669523422833));
#2908=CARTESIAN_POINT('',(3.82108376443723,53.591382595661,43.1945322942127));
#2909=CARTESIAN_POINT('',(3.85697707144853,53.6043706669972,43.3230147738745));
#2910=CARTESIAN_POINT('',(3.88928036044804,53.6256141942766,43.4515369037299));
#2911=CARTESIAN_POINT('',(3.91777454516218,53.6549719691541,43.5792308957288));
#2912=CARTESIAN_POINT('',(3.94171375734324,53.6913157845518,43.7022688818348));
#2913=CARTESIAN_POINT('',(3.96115552222765,53.7333356450634,43.8190613292245));
#2914=CARTESIAN_POINT('',(3.97141637021507,53.7645170464721,43.8928495124393));
#2915=CARTESIAN_POINT('',(3.97591405349921,53.7808145681812,43.9287411627689));
#2916=CARTESIAN_POINT('',(4.06747608409519,53.7352716401289,42.8209637992278));
#2917=CARTESIAN_POINT('',(4.07781575376722,53.7334870190069,42.8499719040679));
#2918=CARTESIAN_POINT('',(4.10135462641534,53.7307976637054,42.9181852086329));
#2919=CARTESIAN_POINT('',(4.13601420853781,53.7320875929359,43.0269403546767));
#2920=CARTESIAN_POINT('',(4.17065001815913,53.7404807694534,43.1468756201933));
#2921=CARTESIAN_POINT('',(4.20187388476106,53.7558898062498,43.2674211342304));
#2922=CARTESIAN_POINT('',(4.2294856495813,53.7782647273086,43.3878792504093));
#2923=CARTESIAN_POINT('',(4.2533266387187,53.807475324436,43.5075504854811));
#2924=CARTESIAN_POINT('',(4.27281133139341,53.8424680390711,43.622956581196));
#2925=CARTESIAN_POINT('',(4.28806461883493,53.8821180337888,43.7326932673717));
#2926=CARTESIAN_POINT('',(4.29570732527442,53.9111617644198,43.8021916542087));
#2927=CARTESIAN_POINT('',(4.29893840722322,53.9262712901754,43.8360489651751));
#2928=CARTESIAN_POINT('',(4.82724180855822,54.1194617510008,42.7183388432995));
#2929=CARTESIAN_POINT('',(4.83554708777889,54.1193706930394,42.7446153502928));
#2930=CARTESIAN_POINT('',(4.85427200221895,54.1202709333379,42.806307566945));
#2931=CARTESIAN_POINT('',(4.88117327800801,54.1258201149478,42.9043702993688));
#2932=CARTESIAN_POINT('',(4.90719039275153,54.1370747989535,43.0122590359571));
#2933=CARTESIAN_POINT('',(4.92972365112572,54.1535285262924,43.1205596519965));
#2934=CARTESIAN_POINT('',(4.94865079107974,54.1751309366503,43.2287640298248));
#2935=CARTESIAN_POINT('',(4.9638837820665,54.201783286265,43.3363629942649));
#2936=CARTESIAN_POINT('',(4.97509884061898,54.2325952698439,43.4403404205781));
#2937=CARTESIAN_POINT('',(4.98252236406286,54.2667113797891,43.5395122523655));
#2938=CARTESIAN_POINT('',(4.98522547223176,54.2913181697112,43.6025622626662));
#2939=CARTESIAN_POINT('',(4.98605365374693,54.3040462237718,43.6333499564628));
#2940=CARTESIAN_POINT('',(5.77487590966143,54.9041993156557,42.4055594205));
#2941=CARTESIAN_POINT('',(5.78303892126377,54.9032564107047,42.4327278078931));
#2942=CARTESIAN_POINT('',(5.80122845159515,54.9020902048983,42.4965948146509));
#2943=CARTESIAN_POINT('',(5.8265305669987,54.9041103528582,42.5983992594782));
#2944=CARTESIAN_POINT('',(5.84984643413425,54.9111764314579,42.710737083257));
#2945=CARTESIAN_POINT('',(5.86871867757435,54.9231157958985,42.8238128976372));
#2946=CARTESIAN_POINT('',(5.88303094847085,54.9398913624485,42.9370741935525));
#2947=CARTESIAN_POINT('',(5.89271025334434,54.9614178288219,43.0499649574478));
#2948=CARTESIAN_POINT('',(5.89760949123821,54.9869461527705,43.1592914137414));
#2949=CARTESIAN_POINT('',(5.89811672377664,55.0157010309915,43.2637653551496));
#2950=CARTESIAN_POINT('',(5.89586957047672,55.0366923071619,43.3302990980879));
#2951=CARTESIAN_POINT('',(5.89414486325727,55.0476020891593,43.362813062745));
#2952=CARTESIAN_POINT('',(6.2600186590918,55.570922305146,42.0906239488791));
#2953=CARTESIAN_POINT('',(6.27159504682717,55.5678892513688,42.1212537001514));
#2954=CARTESIAN_POINT('',(6.29737368392571,55.561971930931,42.1935740607369));
#2955=CARTESIAN_POINT('',(6.33310340483485,55.5570487364397,42.3099132681343));
#2956=CARTESIAN_POINT('',(6.36575472202508,55.5572736288596,42.4394157344853));
#2957=CARTESIAN_POINT('',(6.39178631889642,55.5631633910753,42.5706847028414));
#2958=CARTESIAN_POINT('',(6.41098635394964,55.5747139164967,42.7028674616476));
#2959=CARTESIAN_POINT('',(6.42323008299245,55.5918466170703,42.8350963303737));
#2960=CARTESIAN_POINT('',(6.42835802868593,55.6138778982054,42.9634050072202));
#2961=CARTESIAN_POINT('',(6.42699743126112,55.63994894929,43.0860641492486));
#2962=CARTESIAN_POINT('',(6.42229704418622,55.6596003854591,43.1641027723647));
#2963=CARTESIAN_POINT('',(6.41907248896851,55.6699355680745,43.2021971478473));
#2964=CARTESIAN_POINT('',(6.44124566678276,55.9032527600848,41.9365290928572));
#2965=CARTESIAN_POINT('',(6.45541059409216,55.8991453184883,41.968568367666));
#2966=CARTESIAN_POINT('',(6.48703047361448,55.890777768471,42.0444954943227));
#2967=CARTESIAN_POINT('',(6.53108987339405,55.8822634388548,42.1675890865964));
#2968=CARTESIAN_POINT('',(6.57159054077845,55.87896522522,42.305643813007));
#2969=CARTESIAN_POINT('',(6.60408622761477,55.8817794845986,42.4464419197149));
#2970=CARTESIAN_POINT('',(6.62825482968386,55.8907344767698,42.5888966069663));
#2971=CARTESIAN_POINT('',(6.64390372577981,55.9057617413399,42.7318885289507));
#2972=CARTESIAN_POINT('',(6.65080732654922,55.9262040925135,42.8709335526022));
#2973=CARTESIAN_POINT('',(6.64973894985797,55.9511432107326,43.0039638010331));
#2974=CARTESIAN_POINT('',(6.64438286350049,55.9702853642397,43.0885783701109));
#2975=CARTESIAN_POINT('',(6.64064079384541,55.9804157350641,43.1298579691499));
#2976=FACE_BOUND('',#2977,.T.);
#2977=EDGE_LOOP('',(#3563,#3564,#3565,#3566));
#2978=B_SPLINE_SURFACE_WITH_KNOTS('',3,3,(
(#2979,#2980,#2981,#2982,#2983,#2984,#2985,#2986,#2987,#2988,#2989,#2990),
(#2991,#2992,#2993,#2994,#2995,#2996,#2997,#2998,#2999,#3000,#3001,#3002),
(#3003,#3004,#3005,#3006,#3007,#3008,#3009,#3010,#3011,#3012,#3013,#3014),
(#3015,#3016,#3017,#3018,#3019,#3020,#3021,#3022,#3023,#3024,#3025,#3026),
(#3027,#3028,#3029,#3030,#3031,#3032,#3033,#3034,#3035,#3036,#3037,#3038),
(#3039,#3040,#3041,#3042,#3043,#3044,#3045,#3046,#3047,#3048,#3049,#3050)),
.UNSPECIFIED.,.F.,.F.,.F.,
(4,1,1,4),
(4,1,1,1,1,1,1,1,1,4),
(3.78806424102079,9.21543870875453,15.5410601236854,21.3105305013678),
(0.,0.0960825945969798,0.224192720726286,0.352302846855593,0.480412972984899,0.608523099114206,
0.736633225243512,0.864743351372818,0.968660756775838,1.),
.UNSPECIFIED.);
#2979=CARTESIAN_POINT('',(6.42924280095407,55.8818762809748,41.9464306958497));
#2980=CARTESIAN_POINT('',(6.44506446885695,55.8780570079403,41.9815039948045));
#2981=CARTESIAN_POINT('',(6.48028220746803,55.8706295149574,42.0647073464971));
#2982=CARTESIAN_POINT('',(6.52889368894092,55.8646120981244,42.1997958573152));
#2983=CARTESIAN_POINT('',(6.57282521392473,55.8653354543112,42.3513298563485));
#2984=CARTESIAN_POINT('',(6.60710303763583,55.8734529726545,42.505667838818));
#2985=CARTESIAN_POINT('',(6.63134549384434,55.8889340954266,42.6613772917951));
#2986=CARTESIAN_POINT('',(6.64535884783308,55.9116097772926,42.8169971988961));
#2987=CARTESIAN_POINT('',(6.64890247651996,55.9393182812726,42.9613837460093));
#2988=CARTESIAN_POINT('',(6.64526117102916,55.9635979618645,43.0651633711412));
#2989=CARTESIAN_POINT('',(6.64157882110995,55.9771912674997,43.1177254476341));
#2990=CARTESIAN_POINT('',(6.64062941866393,55.9803998294798,43.1298617981253));
#2991=CARTESIAN_POINT('',(6.83231814892069,56.5854192463548,41.6304024269055));
#2992=CARTESIAN_POINT('',(6.85498775197533,56.5818382096727,41.6677542499043));
#2993=CARTESIAN_POINT('',(6.90579921638849,56.5751494910255,41.7569426059767));
#2994=CARTESIAN_POINT('',(6.97718784877628,56.5710388838062,41.9037038266279));
#2995=CARTESIAN_POINT('',(7.04334565516181,56.5748531031262,42.0703954772252));
#2996=CARTESIAN_POINT('',(7.0968409768586,56.5870989870344,42.2418251294439));
#2997=CARTESIAN_POINT('',(7.13700245529086,56.607714584317,42.4160104421566));
#2998=CARTESIAN_POINT('',(7.16345636320701,56.6364404534307,42.5909082494801));
#2999=CARTESIAN_POINT('',(7.17533576914992,56.6705404835914,42.7535627540054));
#3000=CARTESIAN_POINT('',(7.17562002264415,56.6998534226851,42.8704904613264));
#3001=CARTESIAN_POINT('',(7.17332614327308,56.7161051679316,42.929665053394));
#3002=CARTESIAN_POINT('',(7.17266525206822,56.7199330741133,42.9433249251243));
#3003=CARTESIAN_POINT('',(7.44366096661299,58.2251177007835,40.9757841695376));
#3004=CARTESIAN_POINT('',(7.47891729498974,58.2282470068483,41.011818689444));
#3005=CARTESIAN_POINT('',(7.55877814604853,58.237187248594,41.0991504239753));
#3006=CARTESIAN_POINT('',(7.67380604673243,58.2574134694424,41.2474036238597));
#3007=CARTESIAN_POINT('',(7.78372490864657,58.2872387567693,41.4208622802429));
#3008=CARTESIAN_POINT('',(7.87594123353821,58.324629356009,41.6035763489871));
#3009=CARTESIAN_POINT('',(7.94882438037341,58.3691348436043,41.7927289950858));
#3010=CARTESIAN_POINT('',(8.00134546773609,58.4200639982305,41.9852987696154));
#3011=CARTESIAN_POINT('',(8.0311197172159,58.4729678832102,42.1660735103931));
#3012=CARTESIAN_POINT('',(8.04018448882744,58.5144364209934,42.2966572388379));
#3013=CARTESIAN_POINT('',(8.04116094769814,58.5363940992072,42.3628272994858));
#3014=CARTESIAN_POINT('',(8.04119244314705,58.5415144626258,42.378105142677));
#3015=CARTESIAN_POINT('',(7.46951155428139,60.8114380250967,39.9829220456828));
#3016=CARTESIAN_POINT('',(7.50537169397132,60.8326051038922,40.0120336506553));
#3017=CARTESIAN_POINT('',(7.58663457187588,60.882997555999,40.083509536771));
#3018=CARTESIAN_POINT('',(7.70379457285233,60.9651565687686,40.2082722453849));
#3019=CARTESIAN_POINT('',(7.81587582730981,61.0571350943932,40.3584068145489));
#3020=CARTESIAN_POINT('',(7.91002303701607,61.1499792872422,40.5205600382662));
#3021=CARTESIAN_POINT('',(7.98455016063828,61.2421533006104,40.6922848904164));
#3022=CARTESIAN_POINT('',(8.03838980825502,61.3321527739201,40.8708163547458));
#3023=CARTESIAN_POINT('',(8.06907658722871,61.4131430726323,41.0417364980327));
#3024=CARTESIAN_POINT('',(8.07859501937835,61.4694049071066,41.167302222894));
#3025=CARTESIAN_POINT('',(8.07974312263133,61.497261439394,41.231534385399));
#3026=CARTESIAN_POINT('',(8.07981115710393,61.5036581672855,41.2463971287256));
#3027=CARTESIAN_POINT('',(6.85797819871788,62.5216875758272,39.3492236649314));
#3028=CARTESIAN_POINT('',(6.88108273287232,62.5494127788312,39.3746838382578));
#3029=CARTESIAN_POINT('',(6.93288711509155,62.6142496626619,39.4367567191926));
#3030=CARTESIAN_POINT('',(7.00573394803586,62.7158712378643,39.5436317801834));
#3031=CARTESIAN_POINT('',(7.07332237062008,62.8250353535562,39.6708321136671));
#3032=CARTESIAN_POINT('',(7.12806035384,62.9311408888045,39.8073362852757));
#3033=CARTESIAN_POINT('',(7.16925527065756,63.0328822974503,39.9516041378362));
#3034=CARTESIAN_POINT('',(7.19651976836571,63.1290623104003,40.1019132741692));
#3035=CARTESIAN_POINT('',(7.20894474048696,63.2129964014899,40.2466978820897));
#3036=CARTESIAN_POINT('',(7.20948788081474,63.2697451705466,40.3540145733869));
#3037=CARTESIAN_POINT('',(7.20728649247837,63.2974037774079,40.4092773724501));
#3038=CARTESIAN_POINT('',(7.20664489220811,63.3037313338681,40.4220854969701));
#3039=CARTESIAN_POINT('',(6.42924280095325,63.3019660085269,39.0981251127054));
#3040=CARTESIAN_POINT('',(6.44506446885631,63.3282728993163,39.1216340608547));
#3041=CARTESIAN_POINT('',(6.48028220746779,63.389466511462,39.1784962382442));
#3042=CARTESIAN_POINT('',(6.52889368894128,63.4843301808007,39.2748601282663));
#3043=CARTESIAN_POINT('',(6.57282521392565,63.5851886590508,39.387955855296));
#3044=CARTESIAN_POINT('',(6.60710303763726,63.6824284350927,39.5080830083146));
#3045=CARTESIAN_POINT('',(6.63134549384618,63.7751136794987,39.6341565756405));
#3046=CARTESIAN_POINT('',(6.64535884783525,63.8623924066561,39.7649776971011));
#3047=CARTESIAN_POINT('',(6.64890247652234,63.9384144331218,39.8908184205269));
#3048=CARTESIAN_POINT('',(6.64526117103165,63.9898132376181,39.9841879893308));
#3049=CARTESIAN_POINT('',(6.64157882111247,64.0148823369892,40.0323449213353));
#3050=CARTESIAN_POINT('',(6.64062941866646,64.0206187143197,40.0435109344262));
#3051=FACE_BOUND('',#3052,.T.);
#3052=EDGE_LOOP('',(#3567,#3568,#3569,#3570));
#3053=B_SPLINE_SURFACE_WITH_KNOTS('',3,3,(
(#3054,#3055,#3056,#3057,#3058,#3059,#3060,#3061,#3062,#3063,#3064,#3065),
(#3066,#3067,#3068,#3069,#3070,#3071,#3072,#3073,#3074,#3075,#3076,#3077),
(#3078,#3079,#3080,#3081,#3082,#3083,#3084,#3085,#3086,#3087,#3088,#3089),
(#3090,#3091,#3092,#3093,#3094,#3095,#3096,#3097,#3098,#3099,#3100,#3101),
(#3102,#3103,#3104,#3105,#3106,#3107,#3108,#3109,#3110,#3111,#3112,#3113),
(#3114,#3115,#3116,#3117,#3118,#3119,#3120,#3121,#3122,#3123,#3124,#3125)),
.UNSPECIFIED.,.F.,.F.,.F.,
(4,1,1,4),
(4,1,1,1,1,1,1,1,1,4),
(6.16665886727931,9.56589164102063,13.6655652385274,17.2873742426553),
(0.,0.0873642262370261,0.203849861219728,0.320335496202429,0.436821131185131,0.553306766167832,
0.669792401150534,0.786278036133235,0.894513968502235,1.),
.UNSPECIFIED.);
#3054=CARTESIAN_POINT('',(6.44124566678186,63.2794547230753,39.1050704441063));
#3055=CARTESIAN_POINT('',(6.45541059409137,63.3039456064238,39.1261318505063));
#3056=CARTESIAN_POINT('',(6.48703047361389,63.3609690722198,39.1769577179777));
#3057=CARTESIAN_POINT('',(6.53108987339392,63.4496621422536,39.2627368855864));
#3058=CARTESIAN_POINT('',(6.57159054077871,63.5444898354432,39.3631246054618));
#3059=CARTESIAN_POINT('',(6.60408622761553,63.6366107556642,39.4696410969831));
#3060=CARTESIAN_POINT('',(6.62825482968508,63.725276690829,39.5814976200204));
#3061=CARTESIAN_POINT('',(6.64390372578149,63.8097895283846,39.6978165295818));
#3062=CARTESIAN_POINT('',(6.6508073265514,63.8876371818767,39.8148257222535));
#3063=CARTESIAN_POINT('',(6.6497389498605,63.9581184160179,39.9303739903045));
#3064=CARTESIAN_POINT('',(6.64438286350306,64.0005112216051,40.0060634702593));
#3065=CARTESIAN_POINT('',(6.64064079384794,64.0206043320825,40.0435187318563));
#3066=CARTESIAN_POINT('',(6.27062172061419,63.6091720783606,39.0035227967841));
#3067=CARTESIAN_POINT('',(6.28234519267035,63.6320236018979,39.0242725444398));
#3068=CARTESIAN_POINT('',(6.30845514586831,63.6850612872922,39.0741132068351));
#3069=CARTESIAN_POINT('',(6.34465530972952,63.7669878517265,39.1574210732731));
#3070=CARTESIAN_POINT('',(6.37774751140902,63.8539643249732,39.2540367201871));
#3071=CARTESIAN_POINT('',(6.40413965911161,63.9379322090176,39.3558166081689));
#3072=CARTESIAN_POINT('',(6.42361398178856,64.018313668326,39.462115685015));
#3073=CARTESIAN_POINT('',(6.4360421440795,64.0945764924027,39.5722263440114));
#3074=CARTESIAN_POINT('',(6.44126132877492,64.1645534382357,39.682722554781));
#3075=CARTESIAN_POINT('',(6.43990731790434,64.2277149547883,39.7917276083775));
#3076=CARTESIAN_POINT('',(6.43516278698483,64.2656133851182,39.8631383711045));
#3077=CARTESIAN_POINT('',(6.43190532542499,64.283559098482,39.8984951340685));
#3078=CARTESIAN_POINT('',(5.80414433945089,64.2987404601887,38.7962954720398));
#3079=CARTESIAN_POINT('',(5.81243180707687,64.3178202510896,38.8159237326393));
#3080=CARTESIAN_POINT('',(5.83089470146493,64.3618921930992,38.8627810476991));
#3081=CARTESIAN_POINT('',(5.85656022613183,64.4292574777856,38.940111632798));
#3082=CARTESIAN_POINT('',(5.88018497885586,64.4999896874783,39.0287298011619));
#3083=CARTESIAN_POINT('',(5.89927471864448,64.5675863678415,39.1212042742528));
#3084=CARTESIAN_POINT('',(5.91371057451034,64.6316972665026,39.2170918200824));
#3085=CARTESIAN_POINT('',(5.92341839128272,64.6920062067734,39.3159136452072));
#3086=CARTESIAN_POINT('',(5.92825283841017,64.746908580024,39.4147732199144));
#3087=CARTESIAN_POINT('',(5.92861232308285,64.7961100243301,39.5121797453515));
#3088=CARTESIAN_POINT('',(5.92621867174147,64.8254369408215,39.5760126421364));
#3089=CARTESIAN_POINT('',(5.9244097481649,64.8392801260122,39.6076438229519));
#3090=CARTESIAN_POINT('',(4.86842512115825,65.1052843177284,38.5033114458324));
#3091=CARTESIAN_POINT('',(4.87662554929013,65.1228252734334,38.5227209630109));
#3092=CARTESIAN_POINT('',(4.8951042314276,65.1631897874247,38.569024880313));
#3093=CARTESIAN_POINT('',(4.92161475934559,65.2243279739949,38.6453427403365));
#3094=CARTESIAN_POINT('',(4.94720395677402,65.2878149554802,38.7327067169489));
#3095=CARTESIAN_POINT('',(4.96931051556088,65.3477647405166,38.823811133445));
#3096=CARTESIAN_POINT('',(4.98781476058764,65.4038787371006,38.9182500055697));
#3097=CARTESIAN_POINT('',(5.0026309367498,65.4558928417297,39.0155846922638));
#3098=CARTESIAN_POINT('',(5.01344685059598,65.502455665298,39.1129957755299));
#3099=CARTESIAN_POINT('',(5.02049284702765,65.5434076775732,39.2090430374806));
#3100=CARTESIAN_POINT('',(5.02295762714614,65.5673103896791,39.2720447461302));
#3101=CARTESIAN_POINT('',(5.02366975488492,65.5784613693866,39.3032827205549));
#3102=CARTESIAN_POINT('',(4.08971969963038,65.4749337486232,38.3160001107286));
#3103=CARTESIAN_POINT('',(4.099996685351,65.4955359264205,38.3363532158116));
#3104=CARTESIAN_POINT('',(4.12338546121544,65.5428695354846,38.3852063555016));
#3105=CARTESIAN_POINT('',(4.15779756321301,65.6142200960781,38.4667684790993));
#3106=CARTESIAN_POINT('',(4.19215307512989,65.6877678190424,38.5613098586327));
#3107=CARTESIAN_POINT('',(4.22309044353274,65.7565550790395,38.6609329245574));
#3108=CARTESIAN_POINT('',(4.25041343075641,65.8201592878856,38.7650921504559));
#3109=CARTESIAN_POINT('',(4.27396695029405,65.8782150428625,38.8731883440932));
#3110=CARTESIAN_POINT('',(4.29317530328088,65.9291882468089,38.9819505826316));
#3111=CARTESIAN_POINT('',(4.30816759066295,65.9729742643886,39.0895985698573));
#3112=CARTESIAN_POINT('',(4.31564639015811,65.9978171984122,39.1603857970296));
#3113=CARTESIAN_POINT('',(4.31879798529886,66.0092147484025,39.1955096201144));
#3114=CARTESIAN_POINT('',(3.70578126945076,65.6020464452853,38.2414842262184));
#3115=CARTESIAN_POINT('',(3.71715041324482,65.6250277575471,38.2619871192927));
#3116=CARTESIAN_POINT('',(3.74315274998166,65.6778358554751,38.3114722845406));
#3117=CARTESIAN_POINT('',(3.78186689511555,65.757405703195,38.3950497609784));
#3118=CARTESIAN_POINT('',(3.82108395320737,65.8392788670201,38.49300971941));
#3119=CARTESIAN_POINT('',(3.85697743342565,65.9155996284596,38.5971849560148));
#3120=CARTESIAN_POINT('',(3.88928094843821,65.9858122936641,38.7069146828119));
#3121=CARTESIAN_POINT('',(3.91777541045947,66.0494411266914,38.8214594908301));
#3122=CARTESIAN_POINT('',(3.9417149413424,66.1047631354069,38.9372196057708));
#3123=CARTESIAN_POINT('',(3.96115705683282,66.1516881642049,39.0521370285158));
#3124=CARTESIAN_POINT('',(3.97141815595289,66.1778915677918,39.1278417397681));
#3125=CARTESIAN_POINT('',(3.97591596861858,66.1897972619492,39.1654221675005));
#3126=FACE_BOUND('',#3127,.T.);
#3127=EDGE_LOOP('',(#3571,#3572,#3573,#3574));
#3128=B_SPLINE_SURFACE_WITH_KNOTS('',3,3,(
(#3129,#3130,#3131,#3132,#3133,#3134,#3135,#3136,#3137,#3138,#3139,#3140),
(#3141,#3142,#3143,#3144,#3145,#3146,#3147,#3148,#3149,#3150,#3151,#3152),
(#3153,#3154,#3155,#3156,#3157,#3158,#3159,#3160,#3161,#3162,#3163,#3164),
(#3165,#3166,#3167,#3168,#3169,#3170,#3171,#3172,#3173,#3174,#3175,#3176),
(#3177,#3178,#3179,#3180,#3181,#3182,#3183,#3184,#3185,#3186,#3187,#3188),
(#3189,#3190,#3191,#3192,#3193,#3194,#3195,#3196,#3197,#3198,#3199,#3200)),
.UNSPECIFIED.,.F.,.F.,.F.,
(4,1,1,4),
(4,1,1,1,1,1,1,1,1,4),
(3.7642314113857,8.04312328317505,13.0407522594542,17.3715393672958),
(0.,0.0931177657333766,0.217274786711212,0.341431807689047,0.465588828666883,0.589745849644718,
0.713902870622554,0.838059891600389,0.935070819174891,1.),
.UNSPECIFIED.);
#3129=CARTESIAN_POINT('',(3.71923776787874,65.5975698880089,38.2441553409373));
#3130=CARTESIAN_POINT('',(3.73096650252372,65.6221672081968,38.2660054448138));
#3131=CARTESIAN_POINT('',(3.75772193030419,65.6786416036675,38.3188375502788));
#3132=CARTESIAN_POINT('',(3.79726628299027,65.7635027729152,38.4083737024519));
#3133=CARTESIAN_POINT('',(3.83689393279987,65.8504276748275,38.5136002247566));
#3134=CARTESIAN_POINT('',(3.87265978091205,65.9309613683328,38.6256762557241));
#3135=CARTESIAN_POINT('',(3.90426786636134,66.0044512030303,38.7437875529209));
#3136=CARTESIAN_POINT('',(3.93148499612873,66.070350445174,38.8670252962565));
#3137=CARTESIAN_POINT('',(3.95249412248564,66.1240120123792,38.9851260026611));
#3138=CARTESIAN_POINT('',(3.96671894721,66.1627791384806,39.0851065963962));
#3139=CARTESIAN_POINT('',(3.9734466241491,66.1823252898071,39.1423527465864));
#3140=CARTESIAN_POINT('',(3.97593157115332,66.1897745163448,39.1653856842011));
#3141=CARTESIAN_POINT('',(3.06833251308685,65.825867153432,38.1207007337193));
#3142=CARTESIAN_POINT('',(3.07966477374785,65.8553421333552,38.1426069794595));
#3143=CARTESIAN_POINT('',(3.10555503256685,65.9230979921325,38.1960359992051));
#3144=CARTESIAN_POINT('',(3.14391559766892,66.0251236886278,38.2881952998605));
#3145=CARTESIAN_POINT('',(3.18239935489098,66.129752984504,38.3982870632122));
#3146=CARTESIAN_POINT('',(3.21710287031185,66.2266750938365,38.5170756145122));
#3147=CARTESIAN_POINT('',(3.24767402467417,66.314975946008,38.6435382139486));
#3148=CARTESIAN_POINT('',(3.27383668281466,66.3938915360951,38.7765136856175));
#3149=CARTESIAN_POINT('',(3.29382640521071,66.4578029288701,38.9046636074886));
#3150=CARTESIAN_POINT('',(3.30716857207834,66.5036460337748,39.0135145493002));
#3151=CARTESIAN_POINT('',(3.31338195667172,66.5265986800306,39.0759381221177));
#3152=CARTESIAN_POINT('',(3.31565867456074,66.5353169954041,39.1010647110796));
#3153=CARTESIAN_POINT('',(1.60900760103914,66.1718304155301,37.9565869282623));
#3154=CARTESIAN_POINT('',(1.6152344499815,66.2092656643295,37.9771246217297));
#3155=CARTESIAN_POINT('',(1.62950665136635,66.2955658798889,38.0280934774654));
#3156=CARTESIAN_POINT('',(1.65077031305398,66.4261955781158,38.1191286836563));
#3157=CARTESIAN_POINT('',(1.67216561505565,66.560642842717,38.2313715281808));
#3158=CARTESIAN_POINT('',(1.69144258251027,66.6853111284578,38.3555087395668));
#3159=CARTESIAN_POINT('',(1.7083319228047,66.7986713391914,38.4902090256872));
#3160=CARTESIAN_POINT('',(1.7226243562593,66.8994493632601,38.6338914635538));
#3161=CARTESIAN_POINT('',(1.73333623502673,66.9803133211206,38.7737905954153));
#3162=CARTESIAN_POINT('',(1.74029070291179,67.0375957666572,38.8933410765697));
#3163=CARTESIAN_POINT('',(1.74343123249714,67.0659237758778,38.9620945167168));
#3164=CARTESIAN_POINT('',(1.74456339843211,67.0766204399169,38.9897896332094));
#3165=CARTESIAN_POINT('',(-0.592346438388552,66.1745457939067,37.9553217187195));
#3166=CARTESIAN_POINT('',(-0.598488599417302,66.2120574191854,37.9758423946643));
#3167=CARTESIAN_POINT('',(-0.612567060425651,66.2985354563421,38.0267777558655));
#3168=CARTESIAN_POINT('',(-0.633542993216494,66.4294388791476,38.1177836306867));
#3169=CARTESIAN_POINT('',(-0.654649237256597,66.564170551414,38.2300231322608));
#3170=CARTESIAN_POINT('',(-0.673665548934902,66.6891023310098,38.3541839348157));
#3171=CARTESIAN_POINT('',(-0.6903256665838,66.8026991383886,38.4889318200874));
#3172=CARTESIAN_POINT('',(-0.704422680582614,66.9036819228856,38.6326819157504));
#3173=CARTESIAN_POINT('',(-0.714986240238761,66.9847027991341,38.7726580106429));
#3174=CARTESIAN_POINT('',(-0.721842654156587,67.0420894360268,38.8922792392576));
#3175=CARTESIAN_POINT('',(-0.724937996797079,67.0704655359064,38.9610744532819));
#3176=CARTESIAN_POINT('',(-0.726053695752283,67.0811797316183,38.988786473986));
#3177=CARTESIAN_POINT('',(-2.06043478746803,65.8287778876316,38.1192454677313));
#3178=CARTESIAN_POINT('',(-2.07176244491211,65.8583053742614,38.141149495921));
#3179=CARTESIAN_POINT('',(-2.09764275355306,65.926183391608,38.1945790209137));
#3180=CARTESIAN_POINT('',(-2.13599005765209,66.0283972874027,38.2867601078587));
#3181=CARTESIAN_POINT('',(-2.17446143563345,66.1332230629072,38.39690131098));
#3182=CARTESIAN_POINT('',(-2.20915383883451,66.230328837,38.5157636371084));
#3183=CARTESIAN_POINT('',(-2.23971444038438,66.318796934721,38.6423222165451));
#3184=CARTESIAN_POINT('',(-2.26586655966155,66.3978603374058,38.7754130461099));
#3185=CARTESIAN_POINT('',(-2.28584619886375,66.4618886478713,38.9036847630857));
#3186=CARTESIAN_POINT('',(-2.29917968824879,66.5078128013459,39.0126450229236));
#3187=CARTESIAN_POINT('',(-2.30538804040708,66.5308046363318,39.0751331056891));
#3188=CARTESIAN_POINT('',(-2.30766272525443,66.5395375865464,39.1002858917026));
#3189=CARTESIAN_POINT('',(-2.7192377662583,65.5975698885617,38.2441553406097));
#3190=CARTESIAN_POINT('',(-2.73096650090195,65.6221672087551,38.2660054444656));
#3191=CARTESIAN_POINT('',(-2.7577219144381,65.6786415040399,38.3188372680736));
#3192=CARTESIAN_POINT('',(-2.79726619149455,65.7635021412252,38.4083719236894));
#3193=CARTESIAN_POINT('',(-2.83689369162965,65.8504259901142,38.5135954842248));
#3194=CARTESIAN_POINT('',(-2.87265932313075,65.9309581596427,38.6256672288722));
#3195=CARTESIAN_POINT('',(-2.90426712628523,66.0044460082259,38.7437729399918));
#3196=CARTESIAN_POINT('',(-2.93148391033504,66.0703428180247,38.867003842236));
#3197=CARTESIAN_POINT('',(-2.95249266033615,66.1240017373169,38.9850971012788));
#3198=CARTESIAN_POINT('',(-2.96671713483047,66.1627663993115,39.0850707646328));
#3199=CARTESIAN_POINT('',(-2.97344459865482,66.1823110512286,39.1423126976908));
#3200=CARTESIAN_POINT('',(-2.97592945794193,66.1897596606157,39.1653438995526));
#3201=FACE_BOUND('',#3202,.T.);
#3202=EDGE_LOOP('',(#3575,#3576,#3577,#3578));
#3203=B_SPLINE_SURFACE_WITH_KNOTS('',3,3,(
(#3204,#3205,#3206,#3207,#3208,#3209,#3210,#3211,#3212,#3213,#3214,#3215),
(#3216,#3217,#3218,#3219,#3220,#3221,#3222,#3223,#3224,#3225,#3226,#3227),
(#3228,#3229,#3230,#3231,#3232,#3233,#3234,#3235,#3236,#3237,#3238,#3239),
(#3240,#3241,#3242,#3243,#3244,#3245,#3246,#3247,#3248,#3249,#3250,#3251),
(#3252,#3253,#3254,#3255,#3256,#3257,#3258,#3259,#3260,#3261,#3262,#3263),
(#3264,#3265,#3266,#3267,#3268,#3269,#3270,#3271,#3272,#3273,#3274,#3275)),
.UNSPECIFIED.,.F.,.F.,.F.,
(4,1,1,4),
(4,1,1,1,1,1,1,1,1,4),
(6.27790075670763,9.77549242414462,13.9784278394012,17.6782683729127),
(0.,0.0873642262364549,0.203849861218395,0.320335496200335,0.436821131182275,0.553306766164215,
0.669792401146155,0.786278036128094,0.894513968499188,1.),
.UNSPECIFIED.);
#3204=CARTESIAN_POINT('',(-2.70578127216385,65.6020464444064,38.2414842267529));
#3205=CARTESIAN_POINT('',(-2.71715041594932,65.6250277566452,38.2619871198099));
#3206=CARTESIAN_POINT('',(-2.74315274128198,65.6778357743305,38.3114720595005));
#3207=CARTESIAN_POINT('',(-2.78186682597019,65.7574051964103,38.3950483390759));
#3208=CARTESIAN_POINT('',(-2.82108376445384,65.8392775178654,38.49300592868));
#3209=CARTESIAN_POINT('',(-2.85697707146544,65.9155970593824,38.5971777346533));
#3210=CARTESIAN_POINT('',(-2.88928036046524,65.9858081326916,38.7069029847042));
#3211=CARTESIAN_POINT('',(-2.91777454517968,66.0494350124992,38.8214422998076));
#3212=CARTESIAN_POINT('',(-2.94171375736134,66.1047547763984,38.9371961017553));
#3213=CARTESIAN_POINT('',(-2.96115552224656,66.151677335634,39.0521065794348));
#3214=CARTESIAN_POINT('',(-2.97141637023448,66.1778789703044,39.127806316008));
#3215=CARTESIAN_POINT('',(-2.97591405351885,66.189783753127,39.1653841808139));
#3216=CARTESIAN_POINT('',(-3.0674760841107,65.4823810054579,38.3116709982443));
#3217=CARTESIAN_POINT('',(-3.07781575378285,65.5031174481914,38.3320340766396));
#3218=CARTESIAN_POINT('',(-3.10135462643121,65.5507596385135,38.3809269110119));
#3219=CARTESIAN_POINT('',(-3.13601420855413,65.6225724310984,38.4626108661663));
#3220=CARTESIAN_POINT('',(-3.17065001817588,65.69658744234,38.5573562694193));
#3221=CARTESIAN_POINT('',(-3.20187388477826,65.7657969892815,38.6572497025453));
#3222=CARTESIAN_POINT('',(-3.22948564959892,65.829771394797,38.7617392727657));
#3223=CARTESIAN_POINT('',(-3.25332663873673,65.8881393767808,38.870218036436));
#3224=CARTESIAN_POINT('',(-3.27281133141205,65.9393564727752,38.9793961756583));
#3225=CARTESIAN_POINT('',(-3.28806461885435,65.983318959733,39.0874774511664));
#3226=CARTESIAN_POINT('',(-3.29570732529423,66.0082387593288,39.1585588668152));
#3227=CARTESIAN_POINT('',(-3.29893840724321,66.0196651564656,39.193829998397));
#3228=CARTESIAN_POINT('',(-3.82724180857348,65.1282026135759,38.4924791551249));
#3229=CARTESIAN_POINT('',(-3.83554708779431,65.1458526978866,38.5119454756596));
#3230=CARTESIAN_POINT('',(-3.85427200223483,65.1864638393032,38.5583941055738));
#3231=CARTESIAN_POINT('',(-3.88117327802448,65.2479567693138,38.6349820450021));
#3232=CARTESIAN_POINT('',(-3.90719039276869,65.3117845648659,38.7226898548583));
#3233=CARTESIAN_POINT('',(-3.92972365114351,65.3720243194151,38.8141825898154));
#3234=CARTESIAN_POINT('',(-3.94865079109808,65.428373460887,38.9090489472344));
#3235=CARTESIAN_POINT('',(-3.96388378208538,65.4805646655047,39.0068444637437));
#3236=CARTESIAN_POINT('',(-3.9750988406385,65.5272413776631,39.104731991332));
#3237=CARTESIAN_POINT('',(-3.9825223640829,65.5682470750321,39.2012591582959));
#3238=CARTESIAN_POINT('',(-3.98522547225207,65.5921493580544,39.2645796034614));
#3239=CARTESIAN_POINT('',(-3.98605365376728,65.60329155876,39.2959760493287));
#3240=CARTESIAN_POINT('',(-4.7748759096764,64.3357386682111,38.7851306680261));
#3241=CARTESIAN_POINT('',(-4.78303892127897,64.3546185826767,38.8046897879721));
#3242=CARTESIAN_POINT('',(-4.80122845161088,64.3982206114459,38.8513718795646));
#3243=CARTESIAN_POINT('',(-4.82653056701519,64.4648398188406,38.9283790687778));
#3244=CARTESIAN_POINT('',(-4.84984643415159,64.5347573752361,39.0165904706826));
#3245=CARTESIAN_POINT('',(-4.86871867759239,64.6015471865737,39.1086111711935));
#3246=CARTESIAN_POINT('',(-4.88303094848966,64.664867110712,39.2040057621979));
#3247=CARTESIAN_POINT('',(-4.89271025336379,64.7244084939136,39.3023039667285));
#3248=CARTESIAN_POINT('',(-4.89760949125828,64.7785909300607,39.4006311398955));
#3249=CARTESIAN_POINT('',(-4.89811672379719,64.8271286028685,39.4975111779536));
#3250=CARTESIAN_POINT('',(-4.89586957049719,64.8560488083598,39.561001290094));
#3251=CARTESIAN_POINT('',(-4.89414486327765,64.8696973492086,39.5924639437293));
#3252=CARTESIAN_POINT('',(-5.26001865910626,63.6295339654559,38.9972127601642));
#3253=CARTESIAN_POINT('',(-5.27159504684187,63.6522832677173,39.0179455922148));
#3254=CARTESIAN_POINT('',(-5.29737368394092,63.7050724605121,39.0677306337477));
#3255=CARTESIAN_POINT('',(-5.33310340485091,63.7865772314129,39.1508932536097));
#3256=CARTESIAN_POINT('',(-5.36575472204205,63.8730641676094,39.2472828237662));
#3257=CARTESIAN_POINT('',(-5.39178631891429,63.9565233056883,39.3487756985081));
#3258=CARTESIAN_POINT('',(-5.41098635396839,64.0363871220401,39.4547354418113));
#3259=CARTESIAN_POINT('',(-5.42323008301204,64.112133427372,39.5644646557069));
#3260=CARTESIAN_POINT('',(-5.42835802870641,64.1816162575383,39.6745583894759));
#3261=CARTESIAN_POINT('',(-5.42699743128215,64.2443166769138,39.7831568343958));
#3262=CARTESIAN_POINT('',(-5.4222970442072,64.2819308450184,39.8543002107554));
#3263=CARTESIAN_POINT('',(-5.41907248898934,64.2997404201037,39.8895254357877));
#3264=CARTESIAN_POINT('',(-5.44124566679723,63.2794547230737,39.1050704441043));
#3265=CARTESIAN_POINT('',(-5.45541059410682,63.3039456064222,39.1261318505043));
#3266=CARTESIAN_POINT('',(-5.4870304736296,63.3609690722185,39.1769577179754));
#3267=CARTESIAN_POINT('',(-5.53108987340996,63.4496621422521,39.2627368855838));
#3268=CARTESIAN_POINT('',(-5.57159054079523,63.5444898354421,39.3631246054588));
#3269=CARTESIAN_POINT('',(-5.60408622763248,63.6366107556631,39.4696410969797));
#3270=CARTESIAN_POINT('',(-5.62825482970249,63.7252766908284,39.581497620017));
#3271=CARTESIAN_POINT('',(-5.64390372579938,63.8097895283839,39.6978165295779));
#3272=CARTESIAN_POINT('',(-5.65080732656982,63.8876371818772,39.8148257222507));
#3273=CARTESIAN_POINT('',(-5.64973894987923,63.9581184160197,39.9303739903037));
#3274=CARTESIAN_POINT('',(-5.64438286352171,64.0005112216085,40.0060634702609));
#3275=CARTESIAN_POINT('',(-5.64064079386646,64.0206043320865,40.0435187318591));
#3276=FACE_OUTER_BOUND('',#3277,.T.);
#3277=EDGE_LOOP('',(#3579));
#3278=FACE_OUTER_BOUND('',#3279,.T.);
#3279=EDGE_LOOP('',(#3580));
#3280=CONICAL_SURFACE('',#3281,2.95000000000004,0.785398163397448);
#3281=AXIS2_PLACEMENT_3D('',#3282,#3283,#3284);
#3282=CARTESIAN_POINT('',(0.499999999990722,63.1832139746116,49.8779155834879));
#3283=DIRECTION('',(7.37054211439328E-16,0.358367949545335,0.933580426497188));
#3284=DIRECTION('',(-1.,-2.97623414735208E-14,1.22141844187512E-14));
#3285=ORIENTED_EDGE('',*,*,#3581,.T.);
#3286=ORIENTED_EDGE('',*,*,#3582,.T.);
#3287=ORIENTED_EDGE('',*,*,#3583,.F.);
#3288=ORIENTED_EDGE('',*,*,#3584,.T.);
#3289=ORIENTED_EDGE('',*,*,#3585,.T.);
#3290=ORIENTED_EDGE('',*,*,#3586,.T.);
#3291=ORIENTED_EDGE('',*,*,#3587,.T.);
#3292=ORIENTED_EDGE('',*,*,#3588,.T.);
#3293=ORIENTED_EDGE('',*,*,#3589,.T.);
#3294=ORIENTED_EDGE('',*,*,#3590,.F.);
#3295=ORIENTED_EDGE('',*,*,#3591,.T.);
#3296=ORIENTED_EDGE('',*,*,#3592,.T.);
#3297=ORIENTED_EDGE('',*,*,#3593,.T.);
#3298=ORIENTED_EDGE('',*,*,#3594,.F.);
#3299=ORIENTED_EDGE('',*,*,#3584,.F.);
#3300=ORIENTED_EDGE('',*,*,#3595,.F.);
#3301=ORIENTED_EDGE('',*,*,#3596,.F.);
#3302=ORIENTED_EDGE('',*,*,#3597,.T.);
#3303=ORIENTED_EDGE('',*,*,#3598,.T.);
#3304=ORIENTED_EDGE('',*,*,#3599,.F.);
#3305=ORIENTED_EDGE('',*,*,#3598,.F.);
#3306=ORIENTED_EDGE('',*,*,#3600,.T.);
#3307=ORIENTED_EDGE('',*,*,#3601,.T.);
#3308=ORIENTED_EDGE('',*,*,#3602,.F.);
#3309=ORIENTED_EDGE('',*,*,#3601,.F.);
#3310=ORIENTED_EDGE('',*,*,#3603,.T.);
#3311=ORIENTED_EDGE('',*,*,#3604,.T.);
#3312=ORIENTED_EDGE('',*,*,#3605,.F.);
#3313=ORIENTED_EDGE('',*,*,#3604,.F.);
#3314=ORIENTED_EDGE('',*,*,#3606,.T.);
#3315=ORIENTED_EDGE('',*,*,#3607,.T.);
#3316=ORIENTED_EDGE('',*,*,#3608,.F.);
#3317=ORIENTED_EDGE('',*,*,#3607,.F.);
#3318=ORIENTED_EDGE('',*,*,#3609,.T.);
#3319=ORIENTED_EDGE('',*,*,#3610,.T.);
#3320=ORIENTED_EDGE('',*,*,#3611,.F.);
#3321=ORIENTED_EDGE('',*,*,#3610,.F.);
#3322=ORIENTED_EDGE('',*,*,#3612,.T.);
#3323=ORIENTED_EDGE('',*,*,#3613,.T.);
#3324=ORIENTED_EDGE('',*,*,#3614,.F.);
#3325=ORIENTED_EDGE('',*,*,#3613,.F.);
#3326=ORIENTED_EDGE('',*,*,#3615,.T.);
#3327=ORIENTED_EDGE('',*,*,#3616,.T.);
#3328=ORIENTED_EDGE('',*,*,#3617,.F.);
#3329=ORIENTED_EDGE('',*,*,#3616,.F.);
#3330=ORIENTED_EDGE('',*,*,#3618,.T.);
#3331=ORIENTED_EDGE('',*,*,#3596,.T.);
#3332=ORIENTED_EDGE('',*,*,#3619,.F.);
#3333=ORIENTED_EDGE('',*,*,#3620,.T.);
#3334=ORIENTED_EDGE('',*,*,#3621,.T.);
#3335=ORIENTED_EDGE('',*,*,#3622,.T.);
#3336=ORIENTED_EDGE('',*,*,#3623,.T.);
#3337=ORIENTED_EDGE('',*,*,#3624,.T.);
#3338=ORIENTED_EDGE('',*,*,#3625,.F.);
#3339=ORIENTED_EDGE('',*,*,#3626,.T.);
#3340=ORIENTED_EDGE('',*,*,#3627,.F.);
#3341=ORIENTED_EDGE('',*,*,#3624,.F.);
#3342=ORIENTED_EDGE('',*,*,#3628,.F.);
#3343=ORIENTED_EDGE('',*,*,#3629,.T.);
#3344=ORIENTED_EDGE('',*,*,#3630,.F.);
#3345=ORIENTED_EDGE('',*,*,#3626,.F.);
#3346=ORIENTED_EDGE('',*,*,#3631,.F.);
#3347=ORIENTED_EDGE('',*,*,#3632,.T.);
#3348=ORIENTED_EDGE('',*,*,#3633,.F.);
#3349=ORIENTED_EDGE('',*,*,#3629,.F.);
#3350=ORIENTED_EDGE('',*,*,#3634,.F.);
#3351=ORIENTED_EDGE('',*,*,#3632,.F.);
#3352=ORIENTED_EDGE('',*,*,#3635,.F.);
#3353=ORIENTED_EDGE('',*,*,#3636,.T.);
#3354=ORIENTED_EDGE('',*,*,#3637,.F.);
#3355=ORIENTED_EDGE('',*,*,#3638,.F.);
#3356=ORIENTED_EDGE('',*,*,#3639,.F.);
#3357=ORIENTED_EDGE('',*,*,#3638,.T.);
#3358=ORIENTED_EDGE('',*,*,#3640,.T.);
#3359=ORIENTED_EDGE('',*,*,#3641,.F.);
#3360=ORIENTED_EDGE('',*,*,#3642,.F.);
#3361=ORIENTED_EDGE('',*,*,#3641,.T.);
#3362=ORIENTED_EDGE('',*,*,#3643,.T.);
#3363=ORIENTED_EDGE('',*,*,#3644,.F.);
#3364=ORIENTED_EDGE('',*,*,#3645,.F.);
#3365=ORIENTED_EDGE('',*,*,#3644,.T.);
#3366=ORIENTED_EDGE('',*,*,#3646,.T.);
#3367=ORIENTED_EDGE('',*,*,#3620,.F.);
#3368=ORIENTED_EDGE('',*,*,#3647,.F.);
#3369=ORIENTED_EDGE('',*,*,#3648,.F.);
#3370=ORIENTED_EDGE('',*,*,#3649,.F.);
#3371=ORIENTED_EDGE('',*,*,#3650,.F.);
#3372=ORIENTED_EDGE('',*,*,#3651,.F.);
#3373=ORIENTED_EDGE('',*,*,#3652,.F.);
#3374=ORIENTED_EDGE('',*,*,#3653,.T.);
#3375=ORIENTED_EDGE('',*,*,#3654,.F.);
#3376=ORIENTED_EDGE('',*,*,#3655,.F.);
#3377=ORIENTED_EDGE('',*,*,#3656,.F.);
#3378=ORIENTED_EDGE('',*,*,#3657,.F.);
#3379=ORIENTED_EDGE('',*,*,#3658,.F.);
#3380=ORIENTED_EDGE('',*,*,#3659,.F.);
#3381=ORIENTED_EDGE('',*,*,#3660,.F.);
#3382=ORIENTED_EDGE('',*,*,#3661,.F.);
#3383=ORIENTED_EDGE('',*,*,#3662,.T.);
#3384=ORIENTED_EDGE('',*,*,#3663,.T.);
#3385=ORIENTED_EDGE('',*,*,#3664,.T.);
#3386=ORIENTED_EDGE('',*,*,#3623,.F.);
#3387=ORIENTED_EDGE('',*,*,#3665,.T.);
#3388=ORIENTED_EDGE('',*,*,#3666,.T.);
#3389=ORIENTED_EDGE('',*,*,#3667,.T.);
#3390=ORIENTED_EDGE('',*,*,#3666,.F.);
#3391=ORIENTED_EDGE('',*,*,#3668,.F.);
#3392=ORIENTED_EDGE('',*,*,#3669,.T.);
#3393=ORIENTED_EDGE('',*,*,#3670,.F.);
#3394=ORIENTED_EDGE('',*,*,#3671,.T.);
#3395=ORIENTED_EDGE('',*,*,#3672,.F.);
#3396=ORIENTED_EDGE('',*,*,#3673,.T.);
#3397=ORIENTED_EDGE('',*,*,#3674,.T.);
#3398=ORIENTED_EDGE('',*,*,#3675,.T.);
#3399=ORIENTED_EDGE('',*,*,#3674,.F.);
#3400=ORIENTED_EDGE('',*,*,#3676,.F.);
#3401=ORIENTED_EDGE('',*,*,#3677,.T.);
#3402=ORIENTED_EDGE('',*,*,#3635,.T.);
#3403=ORIENTED_EDGE('',*,*,#3678,.T.);
#3404=ORIENTED_EDGE('',*,*,#3679,.F.);
#3405=ORIENTED_EDGE('',*,*,#3680,.F.);
#3406=ORIENTED_EDGE('',*,*,#3681,.F.);
#3407=ORIENTED_EDGE('',*,*,#3682,.F.);
#3408=ORIENTED_EDGE('',*,*,#3683,.F.);
#3409=ORIENTED_EDGE('',*,*,#3682,.T.);
#3410=ORIENTED_EDGE('',*,*,#3684,.F.);
#3411=ORIENTED_EDGE('',*,*,#3685,.F.);
#3412=ORIENTED_EDGE('',*,*,#3686,.F.);
#3413=ORIENTED_EDGE('',*,*,#3685,.T.);
#3414=ORIENTED_EDGE('',*,*,#3687,.F.);
#3415=ORIENTED_EDGE('',*,*,#3672,.T.);
#3416=ORIENTED_EDGE('',*,*,#3688,.F.);
#3417=ORIENTED_EDGE('',*,*,#3656,.T.);
#3418=ORIENTED_EDGE('',*,*,#3689,.F.);
#3419=ORIENTED_EDGE('',*,*,#3657,.T.);
#3420=ORIENTED_EDGE('',*,*,#3688,.T.);
#3421=ORIENTED_EDGE('',*,*,#3671,.F.);
#3422=ORIENTED_EDGE('',*,*,#3690,.F.);
#3423=ORIENTED_EDGE('',*,*,#3691,.F.);
#3424=ORIENTED_EDGE('',*,*,#3692,.F.);
#3425=ORIENTED_EDGE('',*,*,#3658,.T.);
#3426=ORIENTED_EDGE('',*,*,#3689,.T.);
#3427=ORIENTED_EDGE('',*,*,#3670,.T.);
#3428=ORIENTED_EDGE('',*,*,#3693,.F.);
#3429=ORIENTED_EDGE('',*,*,#3663,.F.);
#3430=ORIENTED_EDGE('',*,*,#3694,.F.);
#3431=ORIENTED_EDGE('',*,*,#3691,.T.);
#3432=ORIENTED_EDGE('',*,*,#3695,.T.);
#3433=ORIENTED_EDGE('',*,*,#3661,.T.);
#3434=ORIENTED_EDGE('',*,*,#3696,.T.);
#3435=ORIENTED_EDGE('',*,*,#3622,.F.);
#3436=ORIENTED_EDGE('',*,*,#3697,.T.);
#3437=ORIENTED_EDGE('',*,*,#3665,.F.);
#3438=ORIENTED_EDGE('',*,*,#3696,.F.);
#3439=ORIENTED_EDGE('',*,*,#3660,.T.);
#3440=ORIENTED_EDGE('',*,*,#3698,.T.);
#3441=ORIENTED_EDGE('',*,*,#3673,.F.);
#3442=ORIENTED_EDGE('',*,*,#3687,.T.);
#3443=ORIENTED_EDGE('',*,*,#3684,.T.);
#3444=ORIENTED_EDGE('',*,*,#3681,.T.);
#3445=ORIENTED_EDGE('',*,*,#3699,.T.);
#3446=ORIENTED_EDGE('',*,*,#3676,.T.);
#3447=ORIENTED_EDGE('',*,*,#3698,.F.);
#3448=ORIENTED_EDGE('',*,*,#3680,.T.);
#3449=ORIENTED_EDGE('',*,*,#3700,.T.);
#3450=ORIENTED_EDGE('',*,*,#3677,.F.);
#3451=ORIENTED_EDGE('',*,*,#3699,.F.);
#3452=ORIENTED_EDGE('',*,*,#3701,.T.);
#3453=ORIENTED_EDGE('',*,*,#3636,.F.);
#3454=ORIENTED_EDGE('',*,*,#3700,.F.);
#3455=ORIENTED_EDGE('',*,*,#3679,.T.);
#3456=ORIENTED_EDGE('',*,*,#3662,.F.);
#3457=ORIENTED_EDGE('',*,*,#3702,.T.);
#3458=ORIENTED_EDGE('',*,*,#3647,.T.);
#3459=ORIENTED_EDGE('',*,*,#3692,.T.);
#3460=ORIENTED_EDGE('',*,*,#3694,.T.);
#3461=ORIENTED_EDGE('',*,*,#3648,.T.);
#3462=ORIENTED_EDGE('',*,*,#3702,.F.);
#3463=ORIENTED_EDGE('',*,*,#3695,.F.);
#3464=ORIENTED_EDGE('',*,*,#3703,.T.);
#3465=ORIENTED_EDGE('',*,*,#3649,.T.);
#3466=ORIENTED_EDGE('',*,*,#3703,.F.);
#3467=ORIENTED_EDGE('',*,*,#3621,.F.);
#3468=ORIENTED_EDGE('',*,*,#3704,.T.);
#3469=ORIENTED_EDGE('',*,*,#3650,.T.);
#3470=ORIENTED_EDGE('',*,*,#3704,.F.);
#3471=ORIENTED_EDGE('',*,*,#3646,.F.);
#3472=ORIENTED_EDGE('',*,*,#3705,.T.);
#3473=ORIENTED_EDGE('',*,*,#3643,.F.);
#3474=ORIENTED_EDGE('',*,*,#3706,.T.);
#3475=ORIENTED_EDGE('',*,*,#3651,.T.);
#3476=ORIENTED_EDGE('',*,*,#3705,.F.);
#3477=ORIENTED_EDGE('',*,*,#3652,.T.);
#3478=ORIENTED_EDGE('',*,*,#3706,.F.);
#3479=ORIENTED_EDGE('',*,*,#3640,.F.);
#3480=ORIENTED_EDGE('',*,*,#3707,.T.);
#3481=ORIENTED_EDGE('',*,*,#3653,.F.);
#3482=ORIENTED_EDGE('',*,*,#3707,.F.);
#3483=ORIENTED_EDGE('',*,*,#3637,.T.);
#3484=ORIENTED_EDGE('',*,*,#3708,.T.);
#3485=ORIENTED_EDGE('',*,*,#3654,.T.);
#3486=ORIENTED_EDGE('',*,*,#3708,.F.);
#3487=ORIENTED_EDGE('',*,*,#3701,.F.);
#3488=ORIENTED_EDGE('',*,*,#3709,.T.);
#3489=ORIENTED_EDGE('',*,*,#3678,.F.);
#3490=ORIENTED_EDGE('',*,*,#3683,.T.);
#3491=ORIENTED_EDGE('',*,*,#3686,.T.);
#3492=ORIENTED_EDGE('',*,*,#3655,.T.);
#3493=ORIENTED_EDGE('',*,*,#3709,.F.);
#3494=ORIENTED_EDGE('',*,*,#3619,.T.);
#3495=ORIENTED_EDGE('',*,*,#3710,.T.);
#3496=ORIENTED_EDGE('',*,*,#3597,.F.);
#3497=ORIENTED_EDGE('',*,*,#3711,.F.);
#3498=ORIENTED_EDGE('',*,*,#3627,.T.);
#3499=ORIENTED_EDGE('',*,*,#3712,.T.);
#3500=ORIENTED_EDGE('',*,*,#3600,.F.);
#3501=ORIENTED_EDGE('',*,*,#3710,.F.);
#3502=ORIENTED_EDGE('',*,*,#3630,.T.);
#3503=ORIENTED_EDGE('',*,*,#3713,.T.);
#3504=ORIENTED_EDGE('',*,*,#3603,.F.);
#3505=ORIENTED_EDGE('',*,*,#3712,.F.);
#3506=ORIENTED_EDGE('',*,*,#3633,.T.);
#3507=ORIENTED_EDGE('',*,*,#3714,.T.);
#3508=ORIENTED_EDGE('',*,*,#3606,.F.);
#3509=ORIENTED_EDGE('',*,*,#3713,.F.);
#3510=ORIENTED_EDGE('',*,*,#3634,.T.);
#3511=ORIENTED_EDGE('',*,*,#3715,.T.);
#3512=ORIENTED_EDGE('',*,*,#3609,.F.);
#3513=ORIENTED_EDGE('',*,*,#3714,.F.);
#3514=ORIENTED_EDGE('',*,*,#3639,.T.);
#3515=ORIENTED_EDGE('',*,*,#3716,.T.);
#3516=ORIENTED_EDGE('',*,*,#3612,.F.);
#3517=ORIENTED_EDGE('',*,*,#3715,.F.);
#3518=ORIENTED_EDGE('',*,*,#3642,.T.);
#3519=ORIENTED_EDGE('',*,*,#3717,.T.);
#3520=ORIENTED_EDGE('',*,*,#3615,.F.);
#3521=ORIENTED_EDGE('',*,*,#3716,.F.);
#3522=ORIENTED_EDGE('',*,*,#3645,.T.);
#3523=ORIENTED_EDGE('',*,*,#3711,.T.);
#3524=ORIENTED_EDGE('',*,*,#3618,.F.);
#3525=ORIENTED_EDGE('',*,*,#3717,.F.);
#3526=ORIENTED_EDGE('',*,*,#3697,.F.);
#3527=ORIENTED_EDGE('',*,*,#3718,.T.);
#3528=ORIENTED_EDGE('',*,*,#3668,.T.);
#3529=ORIENTED_EDGE('',*,*,#3659,.T.);
#3530=ORIENTED_EDGE('',*,*,#3693,.T.);
#3531=ORIENTED_EDGE('',*,*,#3690,.T.);
#3532=ORIENTED_EDGE('',*,*,#3669,.F.);
#3533=ORIENTED_EDGE('',*,*,#3718,.F.);
#3534=ORIENTED_EDGE('',*,*,#3631,.T.);
#3535=ORIENTED_EDGE('',*,*,#3719,.T.);
#3536=ORIENTED_EDGE('',*,*,#3675,.F.);
#3537=ORIENTED_EDGE('',*,*,#3667,.F.);
#3538=ORIENTED_EDGE('',*,*,#3719,.F.);
#3539=ORIENTED_EDGE('',*,*,#3628,.T.);
#3540=ORIENTED_EDGE('',*,*,#3720,.T.);
#3541=ORIENTED_EDGE('',*,*,#3625,.T.);
#3542=ORIENTED_EDGE('',*,*,#3664,.F.);
#3543=ORIENTED_EDGE('',*,*,#3720,.F.);
#3544=ORIENTED_EDGE('',*,*,#3581,.F.);
#3545=ORIENTED_EDGE('',*,*,#3594,.T.);
#3546=ORIENTED_EDGE('',*,*,#3595,.T.);
#3547=ORIENTED_EDGE('',*,*,#3721,.T.);
#3548=ORIENTED_EDGE('',*,*,#3588,.F.);
#3549=ORIENTED_EDGE('',*,*,#3722,.F.);
#3550=ORIENTED_EDGE('',*,*,#3599,.T.);
#3551=ORIENTED_EDGE('',*,*,#3723,.T.);
#3552=ORIENTED_EDGE('',*,*,#3590,.T.);
#3553=ORIENTED_EDGE('',*,*,#3589,.F.);
#3554=ORIENTED_EDGE('',*,*,#3721,.F.);
#3555=ORIENTED_EDGE('',*,*,#3602,.T.);
#3556=ORIENTED_EDGE('',*,*,#3724,.T.);
#3557=ORIENTED_EDGE('',*,*,#3591,.F.);
#3558=ORIENTED_EDGE('',*,*,#3723,.F.);
#3559=ORIENTED_EDGE('',*,*,#3605,.T.);
#3560=ORIENTED_EDGE('',*,*,#3725,.T.);
#3561=ORIENTED_EDGE('',*,*,#3592,.F.);
#3562=ORIENTED_EDGE('',*,*,#3724,.F.);
#3563=ORIENTED_EDGE('',*,*,#3608,.T.);
#3564=ORIENTED_EDGE('',*,*,#3726,.T.);
#3565=ORIENTED_EDGE('',*,*,#3593,.F.);
#3566=ORIENTED_EDGE('',*,*,#3725,.F.);
#3567=ORIENTED_EDGE('',*,*,#3611,.T.);
#3568=ORIENTED_EDGE('',*,*,#3727,.T.);
#3569=ORIENTED_EDGE('',*,*,#3585,.F.);
#3570=ORIENTED_EDGE('',*,*,#3726,.F.);
#3571=ORIENTED_EDGE('',*,*,#3614,.T.);
#3572=ORIENTED_EDGE('',*,*,#3728,.T.);
#3573=ORIENTED_EDGE('',*,*,#3586,.F.);
#3574=ORIENTED_EDGE('',*,*,#3727,.F.);
#3575=ORIENTED_EDGE('',*,*,#3617,.T.);
#3576=ORIENTED_EDGE('',*,*,#3722,.T.);
#3577=ORIENTED_EDGE('',*,*,#3587,.F.);
#3578=ORIENTED_EDGE('',*,*,#3728,.F.);
#3579=ORIENTED_EDGE('',*,*,#3583,.T.);
#3580=ORIENTED_EDGE('',*,*,#3582,.F.);
#3581=EDGE_CURVE('',#3729,#3729,#3730,.T.);
#3582=EDGE_CURVE('',#3731,#3731,#3732,.F.);
#3583=EDGE_CURVE('',#3733,#3733,#3734,.F.);
#3584=EDGE_CURVE('',#3735,#3735,#3736,.F.);
#3585=EDGE_CURVE('',#3737,#3738,#3739,.T.);
#3586=EDGE_CURVE('',#3738,#3740,#3741,.T.);
#3587=EDGE_CURVE('',#3740,#3742,#3743,.T.);
#3588=EDGE_CURVE('',#3742,#3744,#3745,.T.);
#3589=EDGE_CURVE('',#3744,#3746,#3747,.T.);
#3590=EDGE_CURVE('',#3748,#3746,#3749,.T.);
#3591=EDGE_CURVE('',#3748,#3750,#3751,.T.);
#3592=EDGE_CURVE('',#3750,#3752,#3753,.T.);
#3593=EDGE_CURVE('',#3752,#3737,#3754,.T.);
#3594=EDGE_CURVE('',#3755,#3755,#3756,.T.);
#3595=EDGE_CURVE('',#3757,#3758,#3759,.T.);
#3596=EDGE_CURVE('',#3760,#3757,#3761,.T.);
#3597=EDGE_CURVE('',#3760,#3762,#3763,.F.);
#3598=EDGE_CURVE('',#3762,#3758,#3764,.T.);
#3599=EDGE_CURVE('',#3758,#3765,#3766,.T.);
#3600=EDGE_CURVE('',#3762,#3767,#3768,.T.);
#3601=EDGE_CURVE('',#3767,#3765,#3769,.T.);
#3602=EDGE_CURVE('',#3765,#3770,#3771,.T.);
#3603=EDGE_CURVE('',#3767,#3772,#3773,.F.);
#3604=EDGE_CURVE('',#3772,#3770,#3774,.T.);
#3605=EDGE_CURVE('',#3770,#3775,#3776,.T.);
#3606=EDGE_CURVE('',#3772,#3777,#3778,.T.);
#3607=EDGE_CURVE('',#3777,#3775,#3779,.T.);
#3608=EDGE_CURVE('',#3775,#3780,#3781,.T.);
#3609=EDGE_CURVE('',#3777,#3782,#3783,.T.);
#3610=EDGE_CURVE('',#3782,#3780,#3784,.T.);
#3611=EDGE_CURVE('',#3780,#3785,#3786,.T.);
#3612=EDGE_CURVE('',#3782,#3787,#3788,.T.);
#3613=EDGE_CURVE('',#3787,#3785,#3789,.T.);
#3614=EDGE_CURVE('',#3785,#3790,#3791,.T.);
#3615=EDGE_CURVE('',#3787,#3792,#3793,.T.);
#3616=EDGE_CURVE('',#3792,#3790,#3794,.T.);
#3617=EDGE_CURVE('',#3790,#3757,#3795,.T.);
#3618=EDGE_CURVE('',#3792,#3760,#3796,.T.);
#3619=EDGE_CURVE('',#3797,#3798,#3799,.F.);
#3620=EDGE_CURVE('',#3797,#3800,#3801,.T.);
#3621=EDGE_CURVE('',#3800,#3802,#3803,.T.);
#3622=EDGE_CURVE('',#3802,#3804,#3805,.T.);
#3623=EDGE_CURVE('',#3804,#3806,#3807,.T.);
#3624=EDGE_CURVE('',#3806,#3798,#3808,.T.);
#3625=EDGE_CURVE('',#3809,#3806,#3810,.T.);
#3626=EDGE_CURVE('',#3809,#3811,#3812,.T.);
#3627=EDGE_CURVE('',#3798,#3811,#3813,.T.);
#3628=EDGE_CURVE('',#3814,#3809,#3815,.T.);
#3629=EDGE_CURVE('',#3814,#3816,#3817,.T.);
#3630=EDGE_CURVE('',#3811,#3816,#3818,.F.);
#3631=EDGE_CURVE('',#3819,#3814,#3820,.F.);
#3632=EDGE_CURVE('',#3819,#3821,#3822,.T.);
#3633=EDGE_CURVE('',#3816,#3821,#3823,.T.);
#3634=EDGE_CURVE('',#3821,#3824,#3825,.T.);
#3635=EDGE_CURVE('',#3826,#3819,#3827,.T.);
#3636=EDGE_CURVE('',#3826,#3828,#3829,.F.);
#3637=EDGE_CURVE('',#3830,#3828,#3831,.T.);
#3638=EDGE_CURVE('',#3824,#3830,#3832,.T.);
#3639=EDGE_CURVE('',#3824,#3833,#3834,.T.);
#3640=EDGE_CURVE('',#3830,#3835,#3836,.T.);
#3641=EDGE_CURVE('',#3833,#3835,#3837,.T.);
#3642=EDGE_CURVE('',#3833,#3838,#3839,.T.);
#3643=EDGE_CURVE('',#3835,#3840,#3841,.T.);
#3644=EDGE_CURVE('',#3838,#3840,#3842,.T.);
#3645=EDGE_CURVE('',#3838,#3797,#3843,.T.);
#3646=EDGE_CURVE('',#3840,#3800,#3844,.F.);
#3647=EDGE_CURVE('',#3845,#3846,#3847,.T.);
#3648=EDGE_CURVE('',#3848,#3845,#3849,.F.);
#3649=EDGE_CURVE('',#3850,#3848,#3851,.T.);
#3650=EDGE_CURVE('',#3852,#3850,#3853,.F.);
#3651=EDGE_CURVE('',#3854,#3852,#3855,.T.);
#3652=EDGE_CURVE('',#3856,#3854,#3857,.T.);
#3653=EDGE_CURVE('',#3856,#3858,#3859,.T.);
#3654=EDGE_CURVE('',#3860,#3858,#3861,.F.);
#3655=EDGE_CURVE('',#3862,#3860,#3863,.T.);
#3656=EDGE_CURVE('',#3864,#3862,#3865,.F.);
#3657=EDGE_CURVE('',#3866,#3864,#3867,.T.);
#3658=EDGE_CURVE('',#3846,#3866,#3868,.F.);
#3659=EDGE_CURVE('',#3869,#3870,#3871,.T.);
#3660=EDGE_CURVE('',#3872,#3869,#3873,.F.);
#3661=EDGE_CURVE('',#3874,#3872,#3875,.T.);
#3662=EDGE_CURVE('',#3874,#3876,#3877,.T.);
#3663=EDGE_CURVE('',#3876,#3870,#3878,.T.);
#3664=EDGE_CURVE('',#3879,#3806,#3880,.T.);
#3665=EDGE_CURVE('',#3804,#3881,#3882,.F.);
#3666=EDGE_CURVE('',#3881,#3879,#3883,.T.);
#3667=EDGE_CURVE('',#3884,#3879,#3885,.T.);
#3668=EDGE_CURVE('',#3886,#3881,#3887,.T.);
#3669=EDGE_CURVE('',#3886,#3888,#3889,.T.);
#3670=EDGE_CURVE('',#3890,#3888,#3891,.F.);
#3671=EDGE_CURVE('',#3890,#3892,#3893,.T.);
#3672=EDGE_CURVE('',#3894,#3892,#3895,.F.);
#3673=EDGE_CURVE('',#3894,#3896,#3897,.T.);
#3674=EDGE_CURVE('',#3896,#3884,#3898,.T.);
#3675=EDGE_CURVE('',#3819,#3884,#3899,.F.);
#3676=EDGE_CURVE('',#3900,#3896,#3901,.T.);
#3677=EDGE_CURVE('',#3900,#3826,#3902,.T.);
#3678=EDGE_CURVE('',#3903,#3904,#3905,.T.);
#3679=EDGE_CURVE('',#3906,#3904,#3907,.F.);
#3680=EDGE_CURVE('',#3908,#3906,#3909,.T.);
#3681=EDGE_CURVE('',#3910,#3908,#3911,.T.);
#3682=EDGE_CURVE('',#3903,#3910,#3912,.T.);
#3683=EDGE_CURVE('',#3903,#3913,#3914,.F.);
#3684=EDGE_CURVE('',#3915,#3910,#3916,.F.);
#3685=EDGE_CURVE('',#3913,#3915,#3917,.T.);
#3686=EDGE_CURVE('',#3913,#3862,#3918,.F.);
#3687=EDGE_CURVE('',#3894,#3915,#3919,.T.);
#3688=EDGE_CURVE('',#3864,#3892,#3920,.T.);
#3689=EDGE_CURVE('',#3866,#3890,#3921,.T.);
#3690=EDGE_CURVE('',#3922,#3888,#3923,.F.);
#3691=EDGE_CURVE('',#3924,#3922,#3925,.T.);
#3692=EDGE_CURVE('',#3846,#3924,#3926,.T.);
#3693=EDGE_CURVE('',#3870,#3922,#3927,.F.);
#3694=EDGE_CURVE('',#3924,#3876,#3928,.F.);
#3695=EDGE_CURVE('',#3802,#3874,#3929,.F.);
#3696=EDGE_CURVE('',#3872,#3804,#3930,.T.);
#3697=EDGE_CURVE('',#3869,#3881,#3931,.T.);
#3698=EDGE_CURVE('',#3908,#3896,#3932,.T.);
#3699=EDGE_CURVE('',#3908,#3900,#3933,.F.);
#3700=EDGE_CURVE('',#3906,#3826,#3934,.T.);
#3701=EDGE_CURVE('',#3904,#3828,#3935,.F.);
#3702=EDGE_CURVE('',#3874,#3845,#3936,.T.);
#3703=EDGE_CURVE('',#3802,#3848,#3937,.F.);
#3704=EDGE_CURVE('',#3800,#3850,#3938,.F.);
#3705=EDGE_CURVE('',#3840,#3852,#3939,.F.);
#3706=EDGE_CURVE('',#3835,#3854,#3940,.T.);
#3707=EDGE_CURVE('',#3830,#3856,#3941,.F.);
#3708=EDGE_CURVE('',#3828,#3858,#3942,.F.);
#3709=EDGE_CURVE('',#3904,#3860,#3943,.F.);
#3710=EDGE_CURVE('',#3798,#3762,#3944,.T.);
#3711=EDGE_CURVE('',#3797,#3760,#3945,.T.);
#3712=EDGE_CURVE('',#3811,#3767,#3946,.T.);
#3713=EDGE_CURVE('',#3816,#3772,#3947,.T.);
#3714=EDGE_CURVE('',#3821,#3777,#3948,.T.);
#3715=EDGE_CURVE('',#3824,#3782,#3949,.T.);
#3716=EDGE_CURVE('',#3833,#3787,#3950,.T.);
#3717=EDGE_CURVE('',#3838,#3792,#3951,.T.);
#3718=EDGE_CURVE('',#3869,#3886,#3952,.F.);
#3719=EDGE_CURVE('',#3814,#3884,#3953,.F.);
#3720=EDGE_CURVE('',#3809,#3879,#3954,.F.);
#3721=EDGE_CURVE('',#3758,#3744,#3955,.T.);
#3722=EDGE_CURVE('',#3757,#3742,#3956,.T.);
#3723=EDGE_CURVE('',#3765,#3748,#3957,.T.);
#3724=EDGE_CURVE('',#3770,#3750,#3958,.T.);
#3725=EDGE_CURVE('',#3775,#3752,#3959,.T.);
#3726=EDGE_CURVE('',#3780,#3737,#3960,.T.);
#3727=EDGE_CURVE('',#3785,#3738,#3961,.T.);
#3728=EDGE_CURVE('',#3790,#3740,#3962,.T.);
#3729=VERTEX_POINT('',#3963);
#3730=CIRCLE('',#3964,5.50000000000001);
#3731=VERTEX_POINT('',#3968);
#3732=CIRCLE('',#3969,3.45000000000004);
#3733=VERTEX_POINT('',#3973);
#3734=CIRCLE('',#3974,2.45);
#3735=VERTEX_POINT('',#3978);
#3736=(BOUNDED_CURVE()B_SPLINE_CURVE(3,
(#3979,#3980,#3981,#3982,#3983,#3984,#3985),
.UNSPECIFIED.,.T.,.F.)B_SPLINE_CURVE_WITH_KNOTS((4,3,4),
(0.,0.5,1.),
.UNSPECIFIED.)CURVE()GEOMETRIC_REPRESENTATION_ITEM()RATIONAL_B_SPLINE_CURVE((1.,
0.333333333333333,0.333333333333333,1.,0.333333333333333,0.333333333333333,1.))
REPRESENTATION_ITEM(''));
#3737=VERTEX_POINT('',#3986);
#3738=VERTEX_POINT('',#3987);
#3739=B_SPLINE_CURVE_WITH_KNOTS('',3,
(#3988,#3989,#3990,#3991,#3992,#3993,#3994,#3995,#3996,#3997,#3998),
.UNSPECIFIED.,.F.,.F.,
(4,1,1,1,1,1,1,1,4),
(0.,0.162156770307014,0.314914272687884,0.45827250714261,0.590406641291594,0.714653185092009,
0.831012138543855,0.924106824190195,1.),
.UNSPECIFIED.);
#3740=VERTEX_POINT('',#3999);
#3741=B_SPLINE_CURVE_WITH_KNOTS('',3,
(#4000,#4001,#4002,#4003,#4004,#4005,#4006,#4007,#4008,#4009,#4010,#4011,#4012,#4013,
#4014),
.UNSPECIFIED.,.F.,.F.,
(4,1,1,1,1,1,1,1,1,1,1,1,4),
(0.,0.105757827774557,0.198066125681386,0.280277876743613,0.365604951872543,0.453871754443888,
0.54075159977969,0.626961917933201,0.71177372609761,0.796809860451923,0.876757000400413,
0.944703425091163,1.),
.UNSPECIFIED.);
#3742=VERTEX_POINT('',#4015);
#3743=B_SPLINE_CURVE_WITH_KNOTS('',3,
(#4016,#4017,#4018,#4019,#4020,#4021,#4022,#4023,#4024,#4025,#4026),
.UNSPECIFIED.,.F.,.F.,
(4,1,1,1,1,1,1,1,4),
(0.,0.170375634356727,0.325438375182671,0.465188222477831,0.593392258383246,0.716028087160459,
0.833095708809469,0.924641249999569,1.),
.UNSPECIFIED.);
#3744=VERTEX_POINT('',#4027);
#3745=B_SPLINE_CURVE_WITH_KNOTS('',3,
(#4028,#4029,#4030,#4031,#4032,#4033,#4034,#4035,#4036,#4037,#4038,#4039,#4040,#4041,
#4042,#4043,#4044),
.UNSPECIFIED.,.F.,.F.,
(4,1,1,1,1,1,1,1,1,1,1,1,1,1,4),
(0.,0.0876743705382624,0.167819253075176,0.239896515873478,0.314934474337897,0.388805963391366,
0.462049114771145,0.534578292472467,0.607591954252489,0.681466050442693,0.755423182435646,
0.828725566085581,0.898246232231038,0.955280410707882,1.),
.UNSPECIFIED.);
#3746=VERTEX_POINT('',#4045);
#3747=B_SPLINE_CURVE_WITH_KNOTS('',3,
(#4046,#4047,#4048,#4049,#4050,#4051,#4052,#4053,#4054,#4055,#4056),
.UNSPECIFIED.,.F.,.F.,
(4,1,1,1,1,1,1,1,4),
(0.,0.155732038559687,0.302387458968512,0.439966261226474,0.566101046506898,0.685934314607439,
0.799466065528097,0.902843254541216,1.),
.UNSPECIFIED.);
#3748=VERTEX_POINT('',#4057);
#3749=B_SPLINE_CURVE_WITH_KNOTS('',3,
(#4058,#4059,#4060,#4061),
.UNSPECIFIED.,.F.,.F.,
(4,4),
(0.,1.),
.UNSPECIFIED.);
#3750=VERTEX_POINT('',#4062);
#3751=B_SPLINE_CURVE_WITH_KNOTS('',3,
(#4063,#4064,#4065,#4066,#4067,#4068,#4069,#4070,#4071,#4072,#4073,#4074,#4075,#4076,
#4077),
.UNSPECIFIED.,.F.,.F.,
(4,1,1,1,1,1,1,1,1,1,1,1,4),
(0.,0.109877628641356,0.209792405345035,0.2985791650426,0.391666475685995,0.481941124920744,
0.57067699438976,0.656002519066744,0.741682986170811,0.822521493461111,0.899048483023021,
0.95651192331386,1.),
.UNSPECIFIED.);
#3752=VERTEX_POINT('',#4078);
#3753=B_SPLINE_CURVE_WITH_KNOTS('',3,
(#4079,#4080,#4081,#4082,#4083,#4084,#4085,#4086,#4087,#4088,#4089),
.UNSPECIFIED.,.F.,.F.,
(4,1,1,1,1,1,1,1,4),
(0.,0.170375634347193,0.325438375167146,0.465188222459859,0.593392258375589,0.716028087162587,
0.83309570882085,0.924641250006991,1.),
.UNSPECIFIED.);
#3754=B_SPLINE_CURVE_WITH_KNOTS('',3,
(#4090,#4091,#4092,#4093,#4094,#4095,#4096,#4097,#4098,#4099,#4100,#4101,#4102,#4103,
#4104,#4105,#4106),
.UNSPECIFIED.,.F.,.F.,
(4,1,1,1,1,1,1,1,1,1,1,1,1,1,4),
(0.,0.087674370539463,0.167819253076941,0.239896515875247,0.314934474339723,0.388805963392673,
0.462049114771284,0.534578292471485,0.607591954250831,0.681466050441615,0.755423182434547,
0.828725566083958,0.898246232227558,0.955280410704888,1.),
.UNSPECIFIED.);
#3755=VERTEX_POINT('',#4107);
#3756=CIRCLE('',#4108,7.5);
#3757=VERTEX_POINT('',#4112);
#3758=VERTEX_POINT('',#4113);
#3759=B_SPLINE_CURVE_WITH_KNOTS('',3,
(#4114,#4115,#4116,#4117,#4118,#4119,#4120,#4121,#4122,#4123,#4124,#4125,#4126,#4127,
#4128,#4129,#4130),
.UNSPECIFIED.,.F.,.F.,
(4,1,1,1,1,1,1,1,1,1,1,1,1,1,4),
(0.,0.0953948439733512,0.184439584993294,0.267134223059828,0.344323937728814,0.42362411611037,
0.505746996666067,0.589388578156074,0.673968915189289,0.753318775064028,0.82031663593086,
0.874277159024177,0.92571962269916,0.967627236357768,1.),
.UNSPECIFIED.);
#3760=VERTEX_POINT('',#4131);
#3761=LINE('',#4132,#4133);
#3762=VERTEX_POINT('',#4135);
#3763=B_SPLINE_CURVE_WITH_KNOTS('',3,
(#4136,#4137,#4138,#4139,#4140,#4141,#4142,#4143,#4144,#4145,#4146,#4147,#4148,#4149,
#4150,#4151,#4152,#4153,#4154,#4155,#4156,#4157,#4158,#4159,#4160,#4161,#4162,#4163,
#4164,#4165,#4166,#4167,#4168,#4169),
.UNSPECIFIED.,.F.,.F.,
(4,1,1,1,1,1,1,1,1,1,1,1,1,1,1,1,1,1,1,1,1,1,1,1,1,1,1,1,1,1,1,4),
(0.,0.0354819702370345,0.0671374760201953,0.0949665173494826,0.120897126284024,0.150702747468847,
0.191394988210511,0.240564481273707,0.293976363030819,0.346115278998685,0.397462564353487,
0.450070444592104,0.500924117393371,0.550832835469438,0.601711919841378,0.648528200498371,
0.690472424728263,0.727887985833261,0.772751609321941,0.813399973320904,0.849116560167115,
0.873588484492912,0.896897180579125,0.917736109705098,0.935510792788497,0.947103350231247,
0.957225420914324,0.96744285639838,0.981077972127973,0.991831513250719,0.997679705292699,
1.),
.UNSPECIFIED.);
#3764=LINE('',#4170,#4171);
#3765=VERTEX_POINT('',#4173);
#3766=B_SPLINE_CURVE_WITH_KNOTS('',3,
(#4174,#4175,#4176,#4177,#4178,#4179,#4180,#4181,#4182,#4183,#4184,#4185,#4186,#4187,
#4188,#4189,#4190),
.UNSPECIFIED.,.F.,.F.,
(4,1,1,1,1,1,1,1,1,1,1,1,1,1,4),
(0.,0.0670771652360433,0.126351698767478,0.186275988838653,0.260216030498879,0.354939037900043,
0.461433650018132,0.572312067553251,0.683375015566556,0.778752967299843,0.852362431198373,
0.901635468049102,0.946792178875561,0.979580356192527,1.),
.UNSPECIFIED.);
#3767=VERTEX_POINT('',#4191);
#3768=B_SPLINE_CURVE_WITH_KNOTS('',3,
(#4192,#4193,#4194,#4195,#4196,#4197,#4198,#4199,#4200,#4201,#4202,#4203,#4204,#4205,
#4206,#4207,#4208,#4209,#4210,#4211,#4212,#4213),
.UNSPECIFIED.,.F.,.F.,
(4,1,1,1,1,1,1,1,1,1,1,1,1,1,1,1,1,1,1,4),
(0.,0.0303754892345471,0.0575959241111413,0.0843466525977294,0.110627674694311,0.143949608140946,
0.191291851318088,0.259244202111996,0.345660040138167,0.44059036147612,0.537774436457357,
0.634640841813677,0.732366876191163,0.820554958906457,0.891081169644757,0.934054317831139,
0.959542915931197,0.976659416568967,0.990145111258568,1.),
.UNSPECIFIED.);
#3769=LINE('',#4214,#4215);
#3770=VERTEX_POINT('',#4217);
#3771=B_SPLINE_CURVE_WITH_KNOTS('',3,
(#4218,#4219,#4220,#4221,#4222,#4223,#4224,#4225,#4226,#4227,#4228,#4229,#4230,#4231),
.UNSPECIFIED.,.F.,.F.,
(4,1,1,1,1,1,1,1,1,1,1,4),
(0.,0.110981880372821,0.20763819835332,0.291980544002564,0.383034509540264,0.480233002891869,
0.581928846672178,0.678979630743364,0.770289331142688,0.866774965960555,0.942790816900562,
1.),
.UNSPECIFIED.);
#3772=VERTEX_POINT('',#4232);
#3773=B_SPLINE_CURVE_WITH_KNOTS('',3,
(#4233,#4234,#4235,#4236,#4237,#4238,#4239,#4240,#4241,#4242,#4243,#4244,#4245,#4246,
#4247,#4248,#4249,#4250,#4251,#4252,#4253,#4254,#4255,#4256,#4257,#4258),
.UNSPECIFIED.,.F.,.F.,
(4,1,1,1,1,1,1,1,1,1,1,1,1,1,1,1,1,1,1,1,1,1,1,4),
(0.,0.058915839392853,0.111207503159424,0.156874991299714,0.197220901049407,0.238869408034784,
0.293037481395225,0.350646198698572,0.414503618723285,0.47980542904698,0.550455427983998,
0.617277896594954,0.682831603188203,0.736786243421915,0.78482201841685,0.820283004870994,
0.854588736733032,0.884988440254127,0.909166613710944,0.929906554378764,0.951406313503095,
0.973665891083938,0.990117059401744,1.),
.UNSPECIFIED.);
#3774=LINE('',#4259,#4260);
#3775=VERTEX_POINT('',#4262);
#3776=B_SPLINE_CURVE_WITH_KNOTS('',3,
(#4263,#4264,#4265,#4266,#4267,#4268,#4269,#4270,#4271,#4272,#4273,#4274,#4275,#4276,
#4277,#4278),
.UNSPECIFIED.,.F.,.F.,
(4,1,1,1,1,1,1,1,1,1,1,1,1,4),
(0.,0.110525182673458,0.223335180052699,0.331202787657522,0.448060306508965,0.560571549384489,
0.669518245578545,0.776085705777639,0.855869934009877,0.911138980344383,0.939200811199343,
0.965730445869261,0.985996842136147,1.),
.UNSPECIFIED.);
#3777=VERTEX_POINT('',#4279);
#3778=B_SPLINE_CURVE_WITH_KNOTS('',3,
(#4280,#4281,#4282,#4283,#4284,#4285,#4286,#4287,#4288,#4289,#4290,#4291,#4292,#4293,
#4294,#4295,#4296,#4297,#4298,#4299,#4300,#4301,#4302,#4303),
.UNSPECIFIED.,.F.,.F.,
(4,1,1,1,1,1,1,1,1,1,1,1,1,1,1,1,1,1,1,1,1,4),
(0.,0.053358514720455,0.101240909984425,0.149135582208098,0.204759396480022,0.281171027369449,
0.371879859349701,0.46978424478142,0.5668544993804,0.664199541943994,0.760280346290304,
0.837229212205522,0.88943943966168,0.915663207875136,0.93295212654799,0.945561239446768,
0.95566217608782,0.96239098107536,0.973232064427568,0.984672583448053,0.995675046453399,
1.),
.UNSPECIFIED.);
#3779=LINE('',#4304,#4305);
#3780=VERTEX_POINT('',#4307);
#3781=B_SPLINE_CURVE_WITH_KNOTS('',3,
(#4308,#4309,#4310,#4311,#4312,#4313,#4314,#4315,#4316,#4317,#4318,#4319,#4320,#4321,
#4322,#4323,#4324),
.UNSPECIFIED.,.F.,.F.,
(4,1,1,1,1,1,1,1,1,1,1,1,1,1,4),
(0.,0.0953948439719264,0.184439584989672,0.267134223053236,0.34432393772081,0.423624116103221,
0.505746996662642,0.589388578154457,0.673968915191072,0.753318775067295,0.820316635936889,
0.874277159030797,0.925719622707008,0.967627236363408,1.),
.UNSPECIFIED.);
#3782=VERTEX_POINT('',#4325);
#3783=B_SPLINE_CURVE_WITH_KNOTS('',3,
(#4326,#4327,#4328,#4329,#4330,#4331,#4332,#4333,#4334,#4335,#4336,#4337,#4338,#4339,
#4340,#4341,#4342,#4343,#4344,#4345,#4346,#4347,#4348,#4349,#4350,#4351,#4352,#4353,
#4354,#4355,#4356,#4357,#4358,#4359),
.UNSPECIFIED.,.F.,.F.,
(4,1,1,1,1,1,1,1,1,1,1,1,1,1,1,1,1,1,1,1,1,1,1,1,1,1,1,1,1,1,1,4),
(0.,0.0354819702374741,0.0671374760209794,0.094966517350516,0.120897126285278,0.150702747470326,
0.191394988211771,0.240564481274814,0.293976363031875,0.346115279000408,0.397462564356017,
0.450070444595458,0.50092411739725,0.550832835473976,0.601711919845709,0.648528200502332,
0.690472424731264,0.72788798583569,0.772751609324419,0.813399973323525,0.849116560169651,
0.873588484494844,0.896897180580191,0.917736109705524,0.935510792787809,0.947103350230114,
0.95722542091303,0.96744285639743,0.981077972127119,0.991831513250093,0.997679705292397,
1.),
.UNSPECIFIED.);
#3784=LINE('',#4360,#4361);
#3785=VERTEX_POINT('',#4363);
#3786=B_SPLINE_CURVE_WITH_KNOTS('',3,
(#4364,#4365,#4366,#4367,#4368,#4369,#4370,#4371,#4372,#4373,#4374,#4375,#4376,#4377,
#4378,#4379,#4380),
.UNSPECIFIED.,.F.,.F.,
(4,1,1,1,1,1,1,1,1,1,1,1,1,1,4),
(0.,0.0670771652428838,0.12635169877847,0.186275988849062,0.260216030498521,0.354939037921776,
0.461433650044681,0.572312067584469,0.683375015539785,0.778752967242847,0.85236243113063,
0.901635468009562,0.946792178871849,0.979580356201995,1.),
.UNSPECIFIED.);
#3787=VERTEX_POINT('',#4381);
#3788=B_SPLINE_CURVE_WITH_KNOTS('',3,
(#4382,#4383,#4384,#4385,#4386,#4387,#4388,#4389,#4390,#4391,#4392,#4393,#4394,#4395,
#4396,#4397,#4398,#4399,#4400,#4401,#4402,#4403),
.UNSPECIFIED.,.F.,.F.,
(4,1,1,1,1,1,1,1,1,1,1,1,1,1,1,1,1,1,1,4),
(0.,0.0303754906183335,0.0575959267356987,0.084346656444698,0.110627679745331,0.14394961468778,
0.191291859829515,0.259244212220227,0.34566005124208,0.440590372680716,0.537774447692065,
0.634640852976362,0.732366886255585,0.820554979222957,0.891081208802583,0.934054375797863,
0.959542980309953,0.97665947811082,0.990145151340836,1.),
.UNSPECIFIED.);
#3789=LINE('',#4404,#4405);
#3790=VERTEX_POINT('',#4407);
#3791=B_SPLINE_CURVE_WITH_KNOTS('',3,
(#4408,#4409,#4410,#4411,#4412,#4413,#4414,#4415,#4416,#4417,#4418,#4419,#4420,#4421),
.UNSPECIFIED.,.F.,.F.,
(4,1,1,1,1,1,1,1,1,1,1,4),
(0.,0.110981880375418,0.207638198358864,0.291980544010653,0.383034509547744,0.480233002901042,
0.581928846679356,0.678979630751961,0.770289331150608,0.866774965973615,0.942790816910965,
1.),
.UNSPECIFIED.);
#3792=VERTEX_POINT('',#4422);
#3793=B_SPLINE_CURVE_WITH_KNOTS('',3,
(#4423,#4424,#4425,#4426,#4427,#4428,#4429,#4430,#4431,#4432,#4433,#4434,#4435,#4436,
#4437,#4438,#4439,#4440,#4441,#4442,#4443,#4444,#4445,#4446,#4447,#4448),
.UNSPECIFIED.,.F.,.F.,
(4,1,1,1,1,1,1,1,1,1,1,1,1,1,1,1,1,1,1,1,1,1,1,4),
(0.,0.0589158393930326,0.111207503159965,0.156874991300798,0.197220901050537,0.238869408035281,
0.293037481377302,0.350646198665747,0.414503618679911,0.47980542903536,0.550455428026694,
0.617277896691768,0.682831603323001,0.736786243568669,0.784822018570617,0.820283005023057,
0.854588736882674,0.884988440401689,0.909166613855635,0.929906554520796,0.951406313642005,
0.973665891219265,0.990117059490613,1.),
.UNSPECIFIED.);
#3794=LINE('',#4449,#4450);
#3795=B_SPLINE_CURVE_WITH_KNOTS('',3,
(#4452,#4453,#4454,#4455,#4456,#4457,#4458,#4459,#4460,#4461,#4462,#4463,#4464,#4465,
#4466,#4467),
.UNSPECIFIED.,.F.,.F.,
(4,1,1,1,1,1,1,1,1,1,1,1,1,4),
(0.,0.110525182663712,0.223335180037863,0.331202787642637,0.448060306487153,0.560571549383224,
0.669518245573015,0.776085705856006,0.855869934131046,0.911138980516132,0.939200811327851,
0.965730445931751,0.985996842155801,1.),
.UNSPECIFIED.);
#3796=B_SPLINE_CURVE_WITH_KNOTS('',3,
(#4468,#4469,#4470,#4471,#4472,#4473,#4474,#4475,#4476,#4477,#4478,#4479,#4480,#4481,
#4482,#4483,#4484,#4485,#4486,#4487,#4488,#4489,#4490,#4491),
.UNSPECIFIED.,.F.,.F.,
(4,1,1,1,1,1,1,1,1,1,1,1,1,1,1,1,1,1,1,1,1,4),
(0.,0.0533585147402182,0.101240910021413,0.14913558226131,0.204759396548804,0.28117102744546,
0.371879859428865,0.469784244858766,0.566854499454778,0.664199542026132,0.760280346248754,
0.837229211463046,0.889439438232887,0.915663205996793,0.932952124830995,0.945561237724994,
0.955662174115705,0.962390980584835,0.973232065085003,0.984672585014446,0.995675047056293,
1.),
.UNSPECIFIED.);
#3797=VERTEX_POINT('',#4492);
#3798=VERTEX_POINT('',#4493);
#3799=B_SPLINE_CURVE_WITH_KNOTS('',3,
(#4494,#4495,#4496,#4497,#4498,#4499,#4500,#4501,#4502,#4503,#4504,#4505,#4506,#4507,
#4508,#4509,#4510,#4511,#4512,#4513),
.UNSPECIFIED.,.F.,.F.,
(4,2,2,2,2,2,2,2,2,4),
(0.,0.0806256828188693,0.165033495203934,0.248771295490866,0.332012396054565,0.500003981838351,
0.667995567622135,0.837422567797029,0.921336816123696,1.),
.UNSPECIFIED.);
#3800=VERTEX_POINT('',#4514);
#3801=LINE('',#4515,#4516);
#3802=VERTEX_POINT('',#4518);
#3803=LINE('',#4519,#4520);
#3804=VERTEX_POINT('',#4522);
#3805=LINE('',#4523,#4524);
#3806=VERTEX_POINT('',#4526);
#3807=LINE('',#4527,#4528);
#3808=LINE('',#4530,#4531);
#3809=VERTEX_POINT('',#4533);
#3810=B_SPLINE_CURVE_WITH_KNOTS('',3,
(#4534,#4535,#4536,#4537,#4538,#4539,#4540,#4541,#4542,#4543,#4544,#4545,#4546,#4547,
#4548,#4549,#4550,#4551,#4552,#4553,#4554,#4555,#4556,#4557,#4558,#4559,#4560,#4561),
.UNSPECIFIED.,.F.,.F.,
(4,1,1,1,1,1,1,1,1,1,1,1,1,1,1,1,1,1,1,1,1,1,1,1,1,4),
(0.,0.0186953947674145,0.0350361801227406,0.0485098614400689,0.0639287933476471,
0.0800109683687857,0.0979196398265801,0.115530529032822,0.132798329212485,0.15000398800758,
0.169203004491309,0.193804516600424,0.222315019416357,0.254744218416873,0.289687486970587,
0.327639178062906,0.369699464325826,0.417204935327968,0.473630615374791,0.53787255350538,
0.610620970083375,0.69126924541833,0.77762457346932,0.875125793568079,0.949318297981331,
1.),
.UNSPECIFIED.);
#3811=VERTEX_POINT('',#4562);
#3812=LINE('',#4563,#4564);
#3813=B_SPLINE_CURVE_WITH_KNOTS('',3,
(#4566,#4567,#4568,#4569,#4570,#4571,#4572,#4573,#4574,#4575,#4576,#4577,#4578,#4579,
#4580,#4581,#4582,#4583,#4584,#4585,#4586),
.UNSPECIFIED.,.F.,.F.,
(4,1,1,1,1,1,1,1,1,1,1,1,1,1,1,1,1,1,4),
(0.,0.0425363429714388,0.0806437399876616,0.118492470685342,0.163868592790307,0.227697129375334,
0.306742810660089,0.393305456376964,0.480827734801688,0.568139897550998,0.655561908448628,
0.741171625198039,0.816999786846724,0.875309411739119,0.913791204131723,0.942811264077571,
0.969700731950275,0.989484344115619,1.),
.UNSPECIFIED.);
#3814=VERTEX_POINT('',#4587);
#3815=LINE('',#4588,#4589);
#3816=VERTEX_POINT('',#4591);
#3817=LINE('',#4592,#4593);
#3818=B_SPLINE_CURVE_WITH_KNOTS('',3,
(#4595,#4596,#4597,#4598,#4599,#4600,#4601,#4602,#4603,#4604,#4605,#4606,#4607,#4608),
.UNSPECIFIED.,.F.,.F.,
(4,2,2,2,2,2,4),
(0.,0.197739984199731,0.399272138896764,0.500000000000001,0.600727861103238,0.80226001580027,
1.),
.UNSPECIFIED.);
#3819=VERTEX_POINT('',#4609);
#3820=B_SPLINE_CURVE_WITH_KNOTS('',3,
(#4610,#4611,#4612,#4613,#4614,#4615,#4616,#4617,#4618,#4619,#4620,#4621,#4622,#4623,
#4624,#4625,#4626,#4627,#4628,#4629,#4630,#4631,#4632,#4633,#4634,#4635,#4636,#4637),
.UNSPECIFIED.,.F.,.F.,
(4,1,1,1,1,1,1,1,1,1,1,1,1,1,1,1,1,1,1,1,1,1,1,1,1,4),
(0.,0.0186953837607375,0.0350361679003656,0.0485098629669098,0.063928751179763,0.080011009621851,
0.0979195082289353,0.115529969494291,0.132797114490068,0.150002254388026,0.169200959236701,
0.193802383343408,0.222312532761576,0.254741486783555,0.289684361032872,0.327635846930896,
0.369695667127424,0.417200500924001,0.473625649057744,0.5378671812605,0.610615343653225,
0.69126336360532,0.777618515816707,0.875119793817917,0.949314329050351,1.),
.UNSPECIFIED.);
#3821=VERTEX_POINT('',#4638);
#3822=LINE('',#4639,#4640);
#3823=B_SPLINE_CURVE_WITH_KNOTS('',3,
(#4642,#4643,#4644,#4645,#4646,#4647,#4648,#4649,#4650,#4651,#4652,#4653,#4654,#4655,
#4656,#4657,#4658,#4659,#4660,#4661,#4662),
.UNSPECIFIED.,.F.,.F.,
(4,1,1,1,1,1,1,1,1,1,1,1,1,1,1,1,1,1,4),
(0.,0.0722566554889944,0.137719651392013,0.202938210366565,0.273017358230941,0.354653053751983,
0.441673161017067,0.528986909805384,0.616523611136912,0.7044017122129,0.791375675686126,
0.861130936389727,0.907162523517374,0.930701718818808,0.945717568298811,0.96252895464113,
0.978951688995457,0.992878519389598,1.),
.UNSPECIFIED.);
#3824=VERTEX_POINT('',#4663);
#3825=B_SPLINE_CURVE_WITH_KNOTS('',3,
(#4664,#4665,#4666,#4667,#4668,#4669,#4670,#4671,#4672,#4673,#4674,#4675,#4676,#4677,
#4678,#4679,#4680,#4681,#4682,#4683),
.UNSPECIFIED.,.F.,.F.,
(4,2,2,2,2,2,2,2,2,4),
(0.,0.0806256828188902,0.165033495203956,0.248771295490881,0.33201239605457,0.50000398183835,
0.66799556762213,0.837422567797024,0.921336816123686,1.),
.UNSPECIFIED.);
#3826=VERTEX_POINT('',#4684);
#3827=LINE('',#4685,#4686);
#3828=VERTEX_POINT('',#4688);
#3829=LINE('',#4689,#4690);
#3830=VERTEX_POINT('',#4692);
#3831=LINE('',#4693,#4694);
#3832=LINE('',#4696,#4697);
#3833=VERTEX_POINT('',#4699);
#3834=B_SPLINE_CURVE_WITH_KNOTS('',3,
(#4700,#4701,#4702,#4703,#4704,#4705,#4706,#4707,#4708,#4709,#4710,#4711,#4712,#4713,
#4714,#4715,#4716,#4717,#4718,#4719,#4720),
.UNSPECIFIED.,.F.,.F.,
(4,1,1,1,1,1,1,1,1,1,1,1,1,1,1,1,1,1,4),
(0.,0.0425326834407708,0.0806368223471972,0.118482487841087,0.16385581961913,0.227682393567484,
0.306727185424002,0.393289912664978,0.480812266714579,0.568124518938005,0.655546491869856,
0.741161079511396,0.817002924947669,0.87533088428969,0.91383074625975,0.942870141506504,
0.969784534211348,0.989550351028699,1.),
.UNSPECIFIED.);
#3835=VERTEX_POINT('',#4721);
#3836=(BOUNDED_CURVE()B_SPLINE_CURVE(3,
(#4722,#4723,#4724,#4725),
.UNSPECIFIED.,.F.,.F.)B_SPLINE_CURVE_WITH_KNOTS((4,4),
(0.,1.),
.UNSPECIFIED.)CURVE()GEOMETRIC_REPRESENTATION_ITEM()RATIONAL_B_SPLINE_CURVE((1.,
0.804737854124365,0.804737854124365,1.))REPRESENTATION_ITEM(''));
#3837=LINE('',#4726,#4727);
#3838=VERTEX_POINT('',#4729);
#3839=B_SPLINE_CURVE_WITH_KNOTS('',3,
(#4730,#4731,#4732,#4733,#4734,#4735,#4736,#4737,#4738,#4739,#4740,#4741,#4742,#4743),
.UNSPECIFIED.,.F.,.F.,
(4,2,2,2,2,2,4),
(0.,0.197739984199718,0.399272138896759,0.500000000000001,0.600727861103243,0.802260015800283,
1.),
.UNSPECIFIED.);
#3840=VERTEX_POINT('',#4744);
#3841=LINE('',#4745,#4746);
#3842=LINE('',#4748,#4749);
#3843=B_SPLINE_CURVE_WITH_KNOTS('',3,
(#4751,#4752,#4753,#4754,#4755,#4756,#4757,#4758,#4759,#4760,#4761,#4762,#4763,#4764,
#4765,#4766,#4767,#4768,#4769,#4770,#4771),
.UNSPECIFIED.,.F.,.F.,
(4,1,1,1,1,1,1,1,1,1,1,1,1,1,1,1,1,1,4),
(0.,0.0722499144899767,0.13770705222266,0.202920844430087,0.272997432479222,0.354631772767598,
0.441651612800409,0.528965023480024,0.616501510860113,0.704379241778988,0.791364458757789,
0.861147902014042,0.907215863195715,0.930787887512333,0.94574581669247,0.962500940684858,
0.97887926794341,0.992843263439206,1.),
.UNSPECIFIED.);
#3844=(BOUNDED_CURVE()B_SPLINE_CURVE(3,
(#4772,#4773,#4774,#4775),
.UNSPECIFIED.,.F.,.F.)B_SPLINE_CURVE_WITH_KNOTS((4,4),
(0.,1.),
.UNSPECIFIED.)CURVE()GEOMETRIC_REPRESENTATION_ITEM()RATIONAL_B_SPLINE_CURVE((1.,
0.804737854124365,0.804737854124365,1.))REPRESENTATION_ITEM(''));
#3845=VERTEX_POINT('',#4776);
#3846=VERTEX_POINT('',#4777);
#3847=CIRCLE('',#4778,8.95);
#3848=VERTEX_POINT('',#4782);
#3849=CIRCLE('',#4783,2.);
#3850=VERTEX_POINT('',#4787);
#3851=LINE('',#4788,#4789);
#3852=VERTEX_POINT('',#4791);
#3853=(BOUNDED_CURVE()B_SPLINE_CURVE(3,
(#4792,#4793,#4794,#4795),
.UNSPECIFIED.,.F.,.F.)B_SPLINE_CURVE_WITH_KNOTS((4,4),
(0.,1.),
.UNSPECIFIED.)CURVE()GEOMETRIC_REPRESENTATION_ITEM()RATIONAL_B_SPLINE_CURVE((1.,
0.804737854124365,0.804737854124365,1.))REPRESENTATION_ITEM(''));
#3854=VERTEX_POINT('',#4796);
#3855=LINE('',#4797,#4798);
#3856=VERTEX_POINT('',#4800);
#3857=(BOUNDED_CURVE()B_SPLINE_CURVE(3,
(#4801,#4802,#4803,#4804),
.UNSPECIFIED.,.F.,.F.)B_SPLINE_CURVE_WITH_KNOTS((4,4),
(0.,1.),
.UNSPECIFIED.)CURVE()GEOMETRIC_REPRESENTATION_ITEM()RATIONAL_B_SPLINE_CURVE((1.,
0.804737854124365,0.804737854124365,1.))REPRESENTATION_ITEM(''));
#3858=VERTEX_POINT('',#4805);
#3859=LINE('',#4806,#4807);
#3860=VERTEX_POINT('',#4809);
#3861=CIRCLE('',#4810,2.);
#3862=VERTEX_POINT('',#4814);
#3863=CIRCLE('',#4815,8.95);
#3864=VERTEX_POINT('',#4819);
#3865=CIRCLE('',#4820,3.);
#3866=VERTEX_POINT('',#4824);
#3867=CIRCLE('',#4825,6.95);
#3868=CIRCLE('',#4829,3.);
#3869=VERTEX_POINT('',#4833);
#3870=VERTEX_POINT('',#4834);
#3871=CIRCLE('',#4835,9.95);
#3872=VERTEX_POINT('',#4839);
#3873=B_SPLINE_CURVE_WITH_KNOTS('',3,
(#4840,#4841,#4842,#4843,#4844,#4845,#4846),
.UNSPECIFIED.,.F.,.F.,
(4,1,1,1,4),
(0.,0.305921022780729,0.584429735008854,0.806651957231077,1.),
.UNSPECIFIED.);
#3874=VERTEX_POINT('',#4847);
#3875=LINE('',#4848,#4849);
#3876=VERTEX_POINT('',#4851);
#3877=CIRCLE('',#4852,9.95);
#3878=LINE('',#4856,#4857);
#3879=VERTEX_POINT('',#4859);
#3880=B_SPLINE_CURVE_WITH_KNOTS('',3,
(#4860,#4861,#4862,#4863,#4864,#4865,#4866,#4867,#4868,#4869,#4870,#4871,#4872,#4873,
#4874,#4875,#4876,#4877,#4878,#4879,#4880,#4881,#4882,#4883,#4884,#4885,#4886,#4887),
.UNSPECIFIED.,.F.,.F.,
(4,1,1,1,1,1,1,1,1,1,1,1,1,1,1,1,1,1,1,1,1,1,1,1,1,4),
(0.,0.0185700308377883,0.0348489179486911,0.0485540009934998,0.0635904949698657,
0.0799501382130682,0.0975449972850042,0.115181478472029,0.131782166947504,0.148626498062655,
0.165293994260361,0.185907057806834,0.209594875458812,0.238997460106697,0.272011946073129,
0.310511086630333,0.351670844943216,0.397974929154517,0.449139412193574,0.508580665746913,
0.575094968490645,0.649814014507354,0.731993544339594,0.819843237474281,0.91000808545588,
1.),
.UNSPECIFIED.);
#3881=VERTEX_POINT('',#4888);
#3882=B_SPLINE_CURVE_WITH_KNOTS('',3,
(#4889,#4890,#4891,#4892,#4893,#4894,#4895,#4896,#4897,#4898,#4899,#4900,#4901,#4902,
#4903),
.UNSPECIFIED.,.F.,.F.,
(4,1,1,1,1,1,1,1,1,1,1,1,4),
(0.,0.0817202642938371,0.153959899553584,0.228559181585609,0.309991905974532,0.408490099703447,
0.511377658177007,0.613949941187803,0.706236907856964,0.785403964810761,0.857533398317032,
0.927841935992543,1.),
.UNSPECIFIED.);
#3883=LINE('',#4904,#4905);
#3884=VERTEX_POINT('',#4907);
#3885=LINE('',#4908,#4909);
#3886=VERTEX_POINT('',#4911);
#3887=B_SPLINE_CURVE_WITH_KNOTS('',3,
(#4912,#4913,#4914,#4915,#4916,#4917,#4918,#4919,#4920,#4921,#4922,#4923,#4924,#4925,
#4926,#4927,#4928,#4929,#4930,#4931,#4932,#4933,#4934,#4935,#4936,#4937,#4938,#4939,
#4940,#4941,#4942,#4943,#4944,#4945,#4946,#4947,#4948,#4949,#4950,#4951,#4952,#4953,
#4954,#4955,#4956,#4957,#4958,#4959,#4960,#4961,#4962,#4963,#4964,#4965),
.UNSPECIFIED.,.F.,.F.,
(4,2,2,2,2,2,2,2,2,2,2,2,2,2,2,2,2,2,2,2,2,2,2,2,2,2,4),
(0.,0.00545856751318315,0.0288211199447827,0.049871549399252,0.0883319748259608,
0.133654305582769,0.174730318318839,0.203100805411483,0.229909368411915,0.255373170990287,
0.279669689879107,0.31449636418266,0.347413229936032,0.378736866011227,0.408616920222494,
0.441163628539767,0.471977060799433,0.502105240330519,0.531277241234607,0.572189884106627,
0.611847993084846,0.650494723108469,0.688355994804888,0.744446008979454,0.799487644720965,
0.907995497164908,1.),
.UNSPECIFIED.);
#3888=VERTEX_POINT('',#4966);
#3889=CIRCLE('',#4967,8.95);
#3890=VERTEX_POINT('',#4971);
#3891=CIRCLE('',#4972,3.);
#3892=VERTEX_POINT('',#4976);
#3893=CIRCLE('',#4977,6.95);
#3894=VERTEX_POINT('',#4981);
#3895=CIRCLE('',#4982,3.);
#3896=VERTEX_POINT('',#4986);
#3897=CIRCLE('',#4987,8.95);
#3898=LINE('',#4991,#4992);
#3899=B_SPLINE_CURVE_WITH_KNOTS('',3,
(#4994,#4995,#4996,#4997,#4998,#4999,#5000,#5001,#5002,#5003,#5004,#5005,#5006,#5007,
#5008,#5009,#5010,#5011,#5012,#5013,#5014,#5015,#5016,#5017,#5018,#5019,#5020,#5021),
.UNSPECIFIED.,.F.,.F.,
(4,1,1,1,1,1,1,1,1,1,1,1,1,1,1,1,1,1,1,1,1,1,1,1,1,4),
(0.,0.0185699080946091,0.0348487270775419,0.0485538971434008,0.0635900873139115,
0.0799498638696709,0.0975444735787416,0.115180702893889,0.131780494946483,0.148624015624756,
0.165290898565894,0.185902856519543,0.209590533777813,0.238992694016103,0.272007152631743,
0.310503572299194,0.3516594152244,0.397958587490467,0.449118741159104,0.508557280371092,
0.575068729431422,0.649786108008492,0.731962935125211,0.819810740391128,0.909985478364403,
1.),
.UNSPECIFIED.);
#3900=VERTEX_POINT('',#5022);
#3901=B_SPLINE_CURVE_WITH_KNOTS('',3,
(#5023,#5024,#5025,#5026,#5027,#5028,#5029,#5030,#5031,#5032,#5033,#5034,#5035,#5036,
#5037,#5038),
.UNSPECIFIED.,.F.,.F.,
(4,1,1,1,1,1,1,1,1,1,1,1,1,4),
(0.,0.0717966451681673,0.134577424322058,0.189462052107013,0.250494420658504,0.3154835709913,
0.385307488738757,0.456129888161508,0.532070048087076,0.612154327562174,0.698064002268978,
0.788095779266066,0.889698783864408,1.),
.UNSPECIFIED.);
#3902=B_SPLINE_CURVE_WITH_KNOTS('',3,
(#5039,#5040,#5041,#5042,#5043,#5044),
.UNSPECIFIED.,.F.,.F.,
(4,1,1,4),
(0.,0.333333333333333,0.666666666666667,1.),
.UNSPECIFIED.);
#3903=VERTEX_POINT('',#5045);
#3904=VERTEX_POINT('',#5046);
#3905=CIRCLE('',#5047,9.95);
#3906=VERTEX_POINT('',#5051);
#3907=LINE('',#5052,#5053);
#3908=VERTEX_POINT('',#5055);
#3909=B_SPLINE_CURVE_WITH_KNOTS('',3,
(#5056,#5057,#5058,#5059,#5060,#5061,#5062),
.UNSPECIFIED.,.F.,.F.,
(4,1,1,1,4),
(0.,0.2983098723355,0.561596283673166,0.783818505895388,1.),
.UNSPECIFIED.);
#3910=VERTEX_POINT('',#5063);
#3911=CIRCLE('',#5064,9.95);
#3912=LINE('',#5068,#5069);
#3913=VERTEX_POINT('',#5071);
#3914=CIRCLE('',#5072,1.00000000000028);
#3915=VERTEX_POINT('',#5076);
#3916=CIRCLE('',#5077,1.);
#3917=LINE('',#5081,#5082);
#3918=B_SPLINE_CURVE_WITH_KNOTS('',3,
(#5084,#5085,#5086,#5087,#5088,#5089,#5090,#5091,#5092,#5093,#5094),
.UNSPECIFIED.,.F.,.F.,
(4,1,1,1,1,1,1,1,4),
(0.,0.110915645182945,0.258444293305459,0.442849269383144,0.621209620776531,0.756604053533209,
0.843555067722834,0.924597254578742,1.),
.UNSPECIFIED.);
#3919=B_SPLINE_CURVE_WITH_KNOTS('',3,
(#5095,#5096,#5097,#5098,#5099,#5100,#5101,#5102,#5103,#5104,#5105),
.UNSPECIFIED.,.F.,.F.,
(4,1,1,1,1,1,1,1,4),
(0.,0.110915645182942,0.258444293305459,0.442849269383143,0.621209620776536,0.756604053533216,
0.843555067722843,0.924597254578752,1.),
.UNSPECIFIED.);
#3920=LINE('',#5106,#5107);
#3921=LINE('',#5109,#5110);
#3922=VERTEX_POINT('',#5112);
#3923=B_SPLINE_CURVE_WITH_KNOTS('',3,
(#5113,#5114,#5115,#5116,#5117,#5118,#5119,#5120,#5121,#5122,#5123),
.UNSPECIFIED.,.F.,.F.,
(4,1,1,1,1,1,1,1,4),
(0.,0.110915645182946,0.258444293305467,0.442849269383146,0.621209620776537,0.756604053533219,
0.843555067722846,0.92459725457875,1.),
.UNSPECIFIED.);
#3924=VERTEX_POINT('',#5124);
#3925=LINE('',#5125,#5126);
#3926=B_SPLINE_CURVE_WITH_KNOTS('',3,
(#5128,#5129,#5130,#5131,#5132,#5133,#5134,#5135,#5136,#5137,#5138),
.UNSPECIFIED.,.F.,.F.,
(4,1,1,1,1,1,1,1,4),
(0.,0.110915645182942,0.258444293305467,0.442849269383145,0.62120962077654,0.756604053533218,
0.843555067722841,0.924597254578745,1.),
.UNSPECIFIED.);
#3927=CIRCLE('',#5139,1.00000000000028);
#3928=CIRCLE('',#5143,0.999999999999998);
#3929=CIRCLE('',#5147,1.);
#3930=CIRCLE('',#5151,1.);
#3931=B_SPLINE_CURVE_WITH_KNOTS('',3,
(#5155,#5156,#5157,#5158,#5159,#5160,#5161,#5162,#5163,#5164,#5165,#5166,#5167,#5168,
#5169,#5170,#5171,#5172,#5173,#5174,#5175,#5176,#5177,#5178,#5179,#5180,#5181,#5182,
#5183,#5184,#5185,#5186,#5187,#5188,#5189,#5190,#5191,#5192,#5193,#5194,#5195,#5196),
.UNSPECIFIED.,.F.,.F.,
(4,1,1,1,1,1,1,1,1,1,1,1,1,1,1,1,1,1,1,1,1,1,1,1,1,1,1,1,1,1,1,1,1,1,1,1,1,1,1,4),
(0.,0.00349544773628173,0.0073068928590486,0.011665094664847,0.0167563687745039,
0.0220514359739338,0.0284712439605813,0.0353798776344172,0.0455927898430164,0.0573267866587185,
0.0715040092275379,0.0858760749912031,0.102413906666886,0.122358559593624,0.148799358093749,
0.190774950547455,0.246433020379177,0.299451905018009,0.339453520300256,0.364733275575538,
0.390560382305679,0.407946969518915,0.42664187674585,0.444721837587409,0.472064666767727,
0.496904106348428,0.521716766267635,0.55248845642457,0.596976396220777,0.652090178163166,
0.703930312210101,0.748441177068502,0.782517265194221,0.812430656122963,0.842833111830561,
0.873439183857988,0.908205140131305,0.940918140813451,0.972584631126923,1.),
.UNSPECIFIED.);
#3932=B_SPLINE_CURVE_WITH_KNOTS('',3,
(#5197,#5198,#5199,#5200,#5201,#5202,#5203,#5204,#5205,#5206,#5207,#5208,#5209,#5210,
#5211),
.UNSPECIFIED.,.F.,.F.,
(4,1,1,1,1,1,1,1,1,1,1,1,4),
(0.,0.0769535370239591,0.144604317143244,0.205906078237254,0.27148464646751,0.343288873175567,
0.419739103821728,0.50171865093329,0.589461286923161,0.684308015078958,0.786558880450202,
0.892694570966321,1.),
.UNSPECIFIED.);
#3933=B_SPLINE_CURVE_WITH_KNOTS('',3,
(#5212,#5213,#5214,#5215,#5216,#5217,#5218,#5219,#5220,#5221,#5222),
.UNSPECIFIED.,.F.,.F.,
(4,1,1,1,1,1,1,1,4),
(0.,0.104044967473361,0.234435048929292,0.404302807462388,0.564696818193794,0.702283115153461,
0.802718631704581,0.901973150251662,1.),
.UNSPECIFIED.);
#3934=CIRCLE('',#5223,1.);
#3935=CIRCLE('',#5227,1.);
#3936=CIRCLE('',#5231,1.);
#3937=CIRCLE('',#5235,1.);
#3938=CIRCLE('',#5239,1.);
#3939=CIRCLE('',#5243,1.);
#3940=CIRCLE('',#5247,1.);
#3941=CIRCLE('',#5251,1.);
#3942=CIRCLE('',#5255,1.);
#3943=CIRCLE('',#5259,1.);
#3944=B_SPLINE_CURVE_WITH_KNOTS('',3,
(#5263,#5264,#5265,#5266,#5267,#5268,#5269,#5270,#5271,#5272,#5273,#5274,#5275,#5276,
#5277,#5278,#5279,#5280,#5281,#5282,#5283),
.UNSPECIFIED.,.F.,.F.,
(4,1,1,1,1,1,1,1,1,1,1,1,1,1,1,1,1,1,4),
(0.,0.0113701753412192,0.023827012321953,0.0362078697681533,0.0480980746849213,0.0601289366740502,
0.0728191917688923,0.0861539724800838,0.105039971750453,0.125502402804717,0.147619832664634,
0.167833162967928,0.189400785261877,0.234425495972965,0.318619326748255,0.45770163150314,
0.630641945783444,0.816655822311764,1.),
.UNSPECIFIED.);
#3945=B_SPLINE_CURVE_WITH_KNOTS('',3,
(#5284,#5285,#5286,#5287,#5288,#5289,#5290,#5291,#5292,#5293,#5294,#5295,#5296,#5297,
#5298,#5299,#5300,#5301,#5302,#5303,#5304),
.UNSPECIFIED.,.F.,.F.,
(4,1,1,1,1,1,1,1,1,1,1,1,1,1,1,1,1,1,4),
(0.,0.0113712255387377,0.0238278693345138,0.0362109415037406,0.0481014559429417,
0.0601319075519829,0.0728221949826257,0.0861574329884871,0.105044358191079,0.12550747505597,
0.147625813216739,0.167839731674459,0.18940731633268,0.234432724585527,0.318626565634429,
0.457708243727644,0.630646668094286,0.816658127592956,1.),
.UNSPECIFIED.);
#3946=B_SPLINE_CURVE_WITH_KNOTS('',3,
(#5305,#5306,#5307,#5308,#5309,#5310,#5311,#5312,#5313,#5314,#5315,#5316),
.UNSPECIFIED.,.F.,.F.,
(4,1,1,1,1,1,1,1,1,4),
(0.,0.0230656306329561,0.050842939822394,0.082807783843689,0.148281975694755,0.262330385556251,
0.433005303511706,0.628316609151742,0.819961320649421,1.),
.UNSPECIFIED.);
#3947=B_SPLINE_CURVE_WITH_KNOTS('',3,
(#5317,#5318,#5319,#5320,#5321,#5322,#5323,#5324,#5325,#5326,#5327,#5328),
.UNSPECIFIED.,.F.,.F.,
(4,1,1,1,1,1,1,1,1,4),
(0.,0.0230656306327344,0.0508429398219837,0.0828077838431089,0.148281975693909,0.262330385555186,
0.433005303510743,0.628316609150994,0.819961320649101,1.),
.UNSPECIFIED.);
#3948=B_SPLINE_CURVE_WITH_KNOTS('',3,
(#5329,#5330,#5331,#5332,#5333,#5334,#5335,#5336,#5337,#5338,#5339,#5340,#5341,#5342,
#5343,#5344,#5345,#5346,#5347,#5348,#5349),
.UNSPECIFIED.,.F.,.F.,
(4,1,1,1,1,1,1,1,1,1,1,1,1,1,1,1,1,1,4),
(0.,0.0113701753412017,0.0238270123219416,0.0362078697681283,0.0480980746848925,
0.0601289366739729,0.0728191917687707,0.0861539724799457,0.105039971750248,0.125502402804494,
0.147619832664411,0.16783316296773,0.189400785261698,0.234425495972797,0.318619326748087,
0.45770163150291,0.630641945783258,0.816655822311703,1.),
.UNSPECIFIED.);
#3949=B_SPLINE_CURVE_WITH_KNOTS('',3,
(#5350,#5351,#5352,#5353,#5354,#5355,#5356,#5357,#5358,#5359,#5360,#5361,#5362,#5363,
#5364,#5365,#5366,#5367,#5368,#5369,#5370),
.UNSPECIFIED.,.F.,.F.,
(4,1,1,1,1,1,1,1,1,1,1,1,1,1,1,1,1,1,4),
(0.,0.0113712255387279,0.0238278693344758,0.0362109415036941,0.0481014559428876,
0.0601319075519337,0.0728221949825821,0.0861574329884201,0.105044358191083,0.125507475055933,
0.14762581321671,0.167839731674485,0.189407316332662,0.234432724585395,0.318626565634362,
0.457708243727578,0.630646668094241,0.816658127592941,1.),
.UNSPECIFIED.);
#3950=B_SPLINE_CURVE_WITH_KNOTS('',3,
(#5371,#5372,#5373,#5374,#5375,#5376,#5377,#5378,#5379,#5380,#5381,#5382),
.UNSPECIFIED.,.F.,.F.,
(4,1,1,1,1,1,1,1,1,4),
(0.,0.0230656390002219,0.0508429563225577,0.0828078087896688,0.148282012427269,0.26233043183404,
0.43300534876877,0.62831664202708,0.819961335585669,1.),
.UNSPECIFIED.);
#3951=B_SPLINE_CURVE_WITH_KNOTS('',3,
(#5383,#5384,#5385,#5386,#5387,#5388,#5389,#5390,#5391,#5392,#5393,#5394),
.UNSPECIFIED.,.F.,.F.,
(4,1,1,1,1,1,1,1,1,4),
(0.,0.0230656390003434,0.0508429563228347,0.0828078087901259,0.148282012427985,0.26233043183491,
0.433005348769585,0.628316642027679,0.81996133558599,1.),
.UNSPECIFIED.);
#3952=B_SPLINE_CURVE_WITH_KNOTS('',3,
(#5395,#5396,#5397,#5398,#5399,#5400,#5401,#5402,#5403,#5404,#5405,#5406,#5407,#5408),
.UNSPECIFIED.,.F.,.F.,
(4,1,1,1,1,1,1,1,1,1,1,4),
(0.,0.0355271063690422,0.0918943586799469,0.175711645346869,0.289285374392662,0.409395012372316,
0.529424506901742,0.647066169895071,0.762553159057144,0.864970685210033,0.943405044205262,
1.),
.UNSPECIFIED.);
#3953=CIRCLE('',#5409,7.);
#3954=CIRCLE('',#5413,7.);
#3955=B_SPLINE_CURVE_WITH_KNOTS('',3,
(#5417,#5418,#5419,#5420,#5421,#5422,#5423,#5424,#5425),
.UNSPECIFIED.,.F.,.F.,
(4,1,1,1,1,1,4),
(0.,0.0913350783126836,0.221814115641945,0.411404936060379,0.640281950287982,0.843137042521848,
1.),
.UNSPECIFIED.);
#3956=B_SPLINE_CURVE_WITH_KNOTS('',3,
(#5426,#5427,#5428,#5429,#5430,#5431,#5432,#5433,#5434),
.UNSPECIFIED.,.F.,.F.,
(4,1,1,1,1,1,4),
(0.,0.0913350783126431,0.221814115641872,0.411404936060302,0.640281950287922,0.843137042521815,
1.),
.UNSPECIFIED.);
#3957=B_SPLINE_CURVE_WITH_KNOTS('',3,
(#5435,#5436,#5437,#5438,#5439,#5440,#5441,#5442,#5443),
.UNSPECIFIED.,.F.,.F.,
(4,1,1,1,1,1,4),
(0.,0.0912443500035541,0.221593816985749,0.411210355130617,0.640152294462044,0.843136875712358,
1.),
.UNSPECIFIED.);
#3958=B_SPLINE_CURVE_WITH_KNOTS('',3,
(#5444,#5445,#5446,#5447,#5448,#5449,#5450,#5451,#5452),
.UNSPECIFIED.,.F.,.F.,
(4,1,1,1,1,1,4),
(0.,0.0913606848597479,0.221876252071757,0.411459638284057,0.640318521023822,0.843136969857797,
1.),
.UNSPECIFIED.);
#3959=B_SPLINE_CURVE_WITH_KNOTS('',3,
(#5453,#5454,#5455,#5456,#5457,#5458,#5459,#5460,#5461),
.UNSPECIFIED.,.F.,.F.,
(4,1,1,1,1,1,4),
(0.,0.0913350783127339,0.221814115642054,0.411404936060456,0.640281950288025,0.843137042521827,
1.),
.UNSPECIFIED.);
#3960=B_SPLINE_CURVE_WITH_KNOTS('',3,
(#5462,#5463,#5464,#5465,#5466,#5467,#5468,#5469,#5470),
.UNSPECIFIED.,.F.,.F.,
(4,1,1,1,1,1,4),
(0.,0.0913350783126987,0.221814115641981,0.411404936060407,0.640281950287994,0.843137042521825,
1.),
.UNSPECIFIED.);
#3961=B_SPLINE_CURVE_WITH_KNOTS('',3,
(#5471,#5472,#5473,#5474,#5475,#5476,#5477,#5478,#5479),
.UNSPECIFIED.,.F.,.F.,
(4,1,1,1,1,1,4),
(0.,0.0913606996550646,0.221876287425231,0.411459734622018,0.640318618423672,0.843137049262337,
1.),
.UNSPECIFIED.);
#3962=B_SPLINE_CURVE_WITH_KNOTS('',3,
(#5480,#5481,#5482,#5483,#5484,#5485,#5486,#5487,#5488),
.UNSPECIFIED.,.F.,.F.,
(4,1,1,1,1,1,4),
(0.,0.0913606848596787,0.221876252071562,0.4114596382839,0.64031852102371,0.843136969857801,
1.),
.UNSPECIFIED.);
#3963=CARTESIAN_POINT('',(-1.95967477525997,58.7697894979515,52.1076430082414));
#3964=AXIS2_PLACEMENT_3D('',#3965,#3966,#3967);
#3965=CARTESIAN_POINT('',(0.499999999989798,63.3623979493956,50.3447057967322));
#3966=DIRECTION('',(7.37054211439326E-16,0.358367949545335,0.933580426497188));
#3967=DIRECTION('',(-0.447213595499958,-0.835019718444384,0.320534038456234));
#3968=CARTESIAN_POINT('',(-2.95000000000931,63.3623979493842,50.3447057967365));
#3969=AXIS2_PLACEMENT_3D('',#3970,#3971,#3972);
#3970=CARTESIAN_POINT('',(0.499999999990723,63.3623979493843,50.3447057967365));
#3971=DIRECTION('',(7.37054211439326E-16,0.358367949545335,0.933580426497188));
#3972=DIRECTION('',(-1.,-3.21120857594967E-14,1.31161667416674E-14));
#3973=CARTESIAN_POINT('',(-1.95000000000932,63.0040299998389,49.4111253702393));
#3974=AXIS2_PLACEMENT_3D('',#3975,#3976,#3977);
#3975=CARTESIAN_POINT('',(0.499999999990685,63.0040299998389,49.4111253702393));
#3976=DIRECTION('',(6.41829882161538E-17,0.358367949545334,0.933580426497189));
#3977=DIRECTION('',(-1.,2.30011258827154E-17,5.9919981512701E-17));
#3978=CARTESIAN_POINT('',(-1.95000000000932,45.5723321797178,3.99999999999999));
#3979=CARTESIAN_POINT('',(-1.95000000000932,45.5723321797178,4.));
#3980=CARTESIAN_POINT('',(-1.95000000000932,40.3237217108963,4.));
#3981=CARTESIAN_POINT('',(2.94999999999068,40.3237217108963,4.));
#3982=CARTESIAN_POINT('',(2.94999999999068,45.5723321797178,4.));
#3983=CARTESIAN_POINT('',(2.94999999999068,50.8209426485393,4.));
#3984=CARTESIAN_POINT('',(-1.95000000000932,50.8209426485393,4.));
#3985=CARTESIAN_POINT('',(-1.95000000000932,45.5723321797178,4.));
#3986=CARTESIAN_POINT('',(6.64063526964193,64.0206112916264,40.0435148799817));
#3987=CARTESIAN_POINT('',(3.97592353087441,66.1897860179104,39.165403912451));
#3988=CARTESIAN_POINT('',(6.64063526966593,64.0206112915835,40.0435148799657));
#3989=CARTESIAN_POINT('',(6.53002040225548,64.1599664356007,39.96638564402));
#3990=CARTESIAN_POINT('',(6.30323182065703,64.4249762886586,39.8244217596195));
#3991=CARTESIAN_POINT('',(5.94094427905293,64.7927949405614,39.6415200749434));
#3992=CARTESIAN_POINT('',(5.57486650496215,65.1204294624939,39.4943428960002));
#3993=CARTESIAN_POINT('',(5.21138399199877,65.4102732720943,39.3791927466802));
#3994=CARTESIAN_POINT('',(4.85533138842093,65.6652732812968,39.2918334433145));
#3995=CARTESIAN_POINT('',(4.52397901946691,65.8794440073003,39.2305571841649));
#3996=CARTESIAN_POINT('',(4.23235429600733,66.0513886142102,39.1905338938209));
#3997=CARTESIAN_POINT('',(4.05588308075726,66.1476683889743,39.1723802554048));
#3998=CARTESIAN_POINT('',(3.97592448845746,66.1897927734705,39.1654229088253));
#3999=CARTESIAN_POINT('',(-2.97592151431954,66.1897718338225,39.1653640185614));
#4000=CARTESIAN_POINT('',(3.97592257329135,66.1897792623504,39.1653849160767));
#4001=CARTESIAN_POINT('',(3.75401383365867,66.3068269109662,39.1464412248002));
#4002=CARTESIAN_POINT('',(3.32422318647199,66.5030880687901,39.1047535890661));
#4003=CARTESIAN_POINT('',(2.68804171654126,66.7254298120555,39.0620758729455));
#4004=CARTESIAN_POINT('',(2.0800859307475,66.8813791118657,39.0300324875029));
#4005=CARTESIAN_POINT('',(1.46936486177131,66.9865545623177,39.0083633359845));
#4006=CARTESIAN_POINT('',(0.839423065960308,67.0414132516841,38.996860324497));
#4007=CARTESIAN_POINT('',(0.204713659873312,67.0430572716909,38.9965247087457));
#4008=CARTESIAN_POINT('',(-0.419327521315506,66.9925771242267,39.0070787818249));
#4009=CARTESIAN_POINT('',(-1.03157465218071,66.8918486587787,39.0279735635439));
#4010=CARTESIAN_POINT('',(-1.61713393861434,66.7454246309217,39.0576991064943));
#4011=CARTESIAN_POINT('',(-2.14808018480474,66.5668844520488,39.0935696828468));
#4012=CARTESIAN_POINT('',(-2.59654282959039,66.3790872852219,39.1289759770586));
#4013=CARTESIAN_POINT('',(-2.85992913957272,66.2508956079277,39.1553127221368));
#4014=CARTESIAN_POINT('',(-2.9759204553309,66.189764405292,39.1653431210444));
#4015=CARTESIAN_POINT('',(-5.64063526966045,64.0206112916304,40.0435148799846));
#4016=CARTESIAN_POINT('',(-2.97592257330818,66.189779262353,39.1653849160783));
#4017=CARTESIAN_POINT('',(-3.15527050005476,66.0952449836903,39.1808628446697));
#4018=CARTESIAN_POINT('',(-3.4915056493133,65.9037135668357,39.2219737732997));
#4019=CARTESIAN_POINT('',(-3.95061621931958,65.6015415458934,39.3112277777783));
#4020=CARTESIAN_POINT('',(-4.34783699694391,65.3054007393725,39.4189648800821));
#4021=CARTESIAN_POINT('',(-4.69489181182445,65.0159596437468,39.5400399240511));
#4022=CARTESIAN_POINT('',(-5.00291608638613,64.7305136021967,39.6723045001678));
#4023=CARTESIAN_POINT('',(-5.26286486019529,64.4635264712302,39.8058762839249));
#4024=CARTESIAN_POINT('',(-5.47233806697763,64.227595889001,39.9303267770488));
#4025=CARTESIAN_POINT('',(-5.58918332031503,64.0854316361053,40.0076386036987));
#4026=CARTESIAN_POINT('',(-5.64063526968445,64.0206112915876,40.0435148799686));
#4027=CARTESIAN_POINT('',(-5.64063526965806,55.9804079857071,43.1298597634979));
#4028=CARTESIAN_POINT('',(-5.64063526963645,64.0206112916732,40.0435148800007));
#4029=CARTESIAN_POINT('',(-5.79104127525496,63.8298025263541,40.1449408682853));
#4030=CARTESIAN_POINT('',(-6.05962466605309,63.4448142080985,40.3388153272763));
#4031=CARTESIAN_POINT('',(-6.38238168852135,62.8512883536967,40.6209723759847));
#4032=CARTESIAN_POINT('',(-6.63068928188872,62.2573850408668,40.8885626788028));
#4033=CARTESIAN_POINT('',(-6.81491056701349,61.6560834514651,41.1478718488298));
#4034=CARTESIAN_POINT('',(-6.93942458382859,61.033540913922,41.4056036670861));
#4035=CARTESIAN_POINT('',(-7.00178314783861,60.4060468460428,41.6557234054624));
#4036=CARTESIAN_POINT('',(-7.00318946940794,59.7752163460001,41.8980837804283));
#4037=CARTESIAN_POINT('',(-6.94380028995366,59.1420823600804,42.1323196767616));
#4038=CARTESIAN_POINT('',(-6.82297891778379,58.51030192041,42.3566445379991));
#4039=CARTESIAN_POINT('',(-6.64194688199128,57.8887628718097,42.5673088234294));
#4040=CARTESIAN_POINT('',(-6.40810137885133,57.2958300918494,42.7575669252105));
#4041=CARTESIAN_POINT('',(-6.14499140180772,56.7687707458653,42.9162562116734));
#4042=CARTESIAN_POINT('',(-5.88594959791964,56.3348997644945,43.037683453063));
#4043=CARTESIAN_POINT('',(-5.71732026322718,56.087306768767,43.1031935267474));
#4044=CARTESIAN_POINT('',(-5.64063526963406,55.980407985686,43.1298597635385));
#4045=CARTESIAN_POINT('',(-2.85410473500405,53.7274689636624,43.9636146122498));
#4046=CARTESIAN_POINT('',(-5.64063526968207,55.9804079857282,43.1298597634573));
#4047=CARTESIAN_POINT('',(-5.53032611725132,55.8256662562454,43.1656890641998));
#4048=CARTESIAN_POINT('',(-5.30423657147842,55.5345653180247,43.2373005954131));
#4049=CARTESIAN_POINT('',(-4.94321628998735,55.1399390522707,43.3471239952276));
#4050=CARTESIAN_POINT('',(-4.57917381976596,54.7994537862244,43.456378271768));
#4051=CARTESIAN_POINT('',(-4.21734052924296,54.5076903555473,43.5642653463995));
#4052=CARTESIAN_POINT('',(-3.86106688385243,54.2588653558576,43.6700450248993));
#4053=CARTESIAN_POINT('',(-3.51403594493803,54.0488209882496,43.7724654402826));
#4054=CARTESIAN_POINT('',(-3.18016008661796,53.8732883088787,43.8700553529372));
#4055=CARTESIAN_POINT('',(-2.96133888868016,53.7731656394481,43.9330436926987));
#4056=CARTESIAN_POINT('',(-2.85410611937612,53.7274696098742,43.9636143641923));
#4057=CARTESIAN_POINT('',(-2.85411358423943,53.7267532235189,43.961736665125));
#4058=CARTESIAN_POINT('',(-2.85411961551435,53.7267555011465,43.9617352172765));
#4059=CARTESIAN_POINT('',(-2.85411511680387,53.7269935373848,43.9623615995834));
#4060=CARTESIAN_POINT('',(-2.85411061809112,53.7272315736274,43.9629879818886));
#4061=CARTESIAN_POINT('',(-2.85410611937612,53.7274696098742,43.9636143641923));
#4062=CARTESIAN_POINT('',(3.9759215142999,53.7808099347705,43.9287182037238));
#4063=CARTESIAN_POINT('',(-2.8541019662599,53.7267478384655,43.9617398798788));
#4064=CARTESIAN_POINT('',(-2.62505187437931,53.6273073407152,44.0222624340497));
#4065=CARTESIAN_POINT('',(-2.17413837541263,53.455577542186,44.1257324734345));
#4066=CARTESIAN_POINT('',(-1.50304315808783,53.2655659110544,44.2385111693614));
#4067=CARTESIAN_POINT('',(-0.851200075509553,53.135478730373,44.3149085553274));
#4068=CARTESIAN_POINT('',(-0.209859867004011,53.057472332899,44.3603987670485));
#4069=CARTESIAN_POINT('',(0.437330875579165,53.0286363449928,44.3771526056718));
#4070=CARTESIAN_POINT('',(1.06652391834554,53.0475900780226,44.3661470560698));
#4071=CARTESIAN_POINT('',(1.68044774910387,53.1108769577378,44.3292735734064));
#4072=CARTESIAN_POINT('',(2.26667772557924,53.2139965239465,44.2688765091822));
#4073=CARTESIAN_POINT('',(2.81996065555355,53.3515089631251,44.1875006653432));
#4074=CARTESIAN_POINT('',(3.29512609387248,53.5035782589937,44.0970856600449));
#4075=CARTESIAN_POINT('',(3.67567396899764,53.648922468558,44.0083962418958));
#4076=CARTESIAN_POINT('',(3.88645224859822,53.7405832860175,43.9544994270471));
#4077=CARTESIAN_POINT('',(3.97592045531126,53.7808014720763,43.9286977031851));
#4078=CARTESIAN_POINT('',(6.6406352696394,55.9804079857079,43.1298597634931));
#4079=CARTESIAN_POINT('',(3.97592257328854,53.7808183974646,43.9287387042625));
#4080=CARTESIAN_POINT('',(4.15527050002493,53.861427813222,43.8769852676038));
#4081=CARTESIAN_POINT('',(4.49150564926753,54.0312719751668,43.7793771083933));
#4082=CARTESIAN_POINT('',(4.95061621925759,54.3155521350565,43.6435132123817));
#4083=CARTESIAN_POINT('',(5.34783699688611,54.6077178356245,43.5254206050345));
#4084=CARTESIAN_POINT('',(5.69489181178429,54.9038295057162,43.4217230016282));
#4085=CARTESIAN_POINT('',(6.00291608637083,55.2044595304874,43.3290140540909));
#4086=CARTESIAN_POINT('',(6.26286486019069,55.492246604006,43.2496279731831));
#4087=CARTESIAN_POINT('',(6.47233806697005,55.7508508292862,43.1842443396317));
#4088=CARTESIAN_POINT('',(6.58918332029909,55.9082311676277,43.146571770815));
#4089=CARTESIAN_POINT('',(6.6406352696634,55.980407985729,43.1298597634526));
#4090=CARTESIAN_POINT('',(6.6406352696154,55.9804079856868,43.1298597635337));
#4091=CARTESIAN_POINT('',(6.7910412752358,56.1900737653336,43.0775579770595));
#4092=CARTESIAN_POINT('',(7.05962466603625,56.6059031762208,42.9640273112147));
#4093=CARTESIAN_POINT('',(7.38238168850566,57.2357787608019,42.7765645470878));
#4094=CARTESIAN_POINT('',(7.63068928187239,57.8561877961476,42.5780240121424));
#4095=CARTESIAN_POINT('',(7.81491056699553,58.4765536630361,42.3683789829266));
#4096=CARTESIAN_POINT('',(7.9394245838087,59.1116491762737,42.1433487843962));
#4097=CARTESIAN_POINT('',(8.00178314781771,59.7453309180297,41.9093484875972));
#4098=CARTESIAN_POINT('',(8.00318946938782,60.3763000845391,41.6673493511545));
#4099=CARTESIAN_POINT('',(7.94380028993549,61.0035447373502,41.4177712175527));
#4100=CARTESIAN_POINT('',(7.82297891776741,61.6231517323501,41.1617334487257));
#4101=CARTESIAN_POINT('',(7.64194688197638,62.226007181198,40.9023967218909));
#4102=CARTESIAN_POINT('',(7.40810137884072,62.7939496274852,40.6470365751531));
#4103=CARTESIAN_POINT('',(7.14499140180191,63.2918149116427,40.4122941574839));
#4104=CARTESIAN_POINT('',(6.88594959791355,63.695494570038,40.2122158307467));
#4105=CARTESIAN_POINT('',(6.71732026321604,63.9233268189728,40.0952272516568));
#4106=CARTESIAN_POINT('',(6.64063526961792,64.0206112916692,40.0435148799978));
#4107=CARTESIAN_POINT('',(-2.85410196625989,56.3830141619721,50.8815502321595));
#4108=AXIS2_PLACEMENT_3D('',#4109,#4110,#4111);
#4109=CARTESIAN_POINT('',(0.499999999989797,62.645662050305,48.4775449437378));
#4110=DIRECTION('',(7.49400541621981E-16,0.358367949545335,0.933580426497188));
#4111=DIRECTION('',(-0.447213595499958,-0.835019718444383,0.320534038456234));
#4112=CARTESIAN_POINT('',(-5.43741246369209,63.2869324904592,39.1028297968335));
#4113=CARTESIAN_POINT('',(-5.43741246369262,55.8961964102784,41.9398675704548));
#4114=CARTESIAN_POINT('',(-5.43741246369209,63.2869324904592,39.1028297968335));
#4115=CARTESIAN_POINT('',(-5.56011607507627,63.060530191023,39.1737444628013));
#4116=CARTESIAN_POINT('',(-5.77788769124724,62.6210661782251,39.3250507767116));
#4117=CARTESIAN_POINT('',(-6.02652130426918,61.9679525791985,39.5571380561059));
#4118=CARTESIAN_POINT('',(-6.20502576149743,61.3501518075885,39.7856516216039));
#4119=CARTESIAN_POINT('',(-6.32711891251527,60.7490335893837,40.0116231487609));
#4120=CARTESIAN_POINT('',(-6.4002483522795,60.1443772009699,40.2414695204558));
#4121=CARTESIAN_POINT('',(-6.42314708708477,59.5209759254697,40.4801254279473));
#4122=CARTESIAN_POINT('',(-6.39163564591189,58.8848575334214,40.7251975936805));
#4123=CARTESIAN_POINT('',(-6.30559503950706,58.2601742560234,40.9677435260877));
#4124=CARTESIAN_POINT('',(-6.17611993292699,57.6848721777023,41.1939129367195));
#4125=CARTESIAN_POINT('',(-6.02617682282102,57.19410069411,41.3902020859352));
#4126=CARTESIAN_POINT('',(-5.87083959988587,56.7790913282872,41.5601247382337));
#4127=CARTESIAN_POINT('',(-5.71800246255934,56.4307116706455,41.7058855512057));
#4128=CARTESIAN_POINT('',(-5.57371106753706,56.1392625545461,41.8333086990209));
#4129=CARTESIAN_POINT('',(-5.47910379181737,55.9694856613234,41.9063004676017));
#4130=CARTESIAN_POINT('',(-5.43741246369262,55.8961964102785,41.9398675704548));
#4131=CARTESIAN_POINT('',(-4.14349066572584,61.6823027930785,37.3296903571184));
#4132=CARTESIAN_POINT('',(-4.14349066572585,61.6823027930785,37.3296903571184));
#4133=VECTOR('',#4134,1.);
#4134=DIRECTION('',(-0.475877233523861,0.590149066520056,0.65212340695545));
#4135=CARTESIAN_POINT('',(-4.14349066589551,55.90220679822,39.5484613289104));
#4136=CARTESIAN_POINT('',(-4.14349066589551,55.90220679822,39.5484613289104));
#4137=CARTESIAN_POINT('',(-4.15061145504084,55.9712247153675,39.5261032160887));
#4138=CARTESIAN_POINT('',(-4.16814702213454,56.1041390574036,39.4893283593599));
#4139=CARTESIAN_POINT('',(-4.18396163039918,56.2894450503824,39.4229549212803));
#4140=CARTESIAN_POINT('',(-4.19867877010252,56.4557326959796,39.3650209157649));
#4141=CARTESIAN_POINT('',(-4.21192162087528,56.6183504004861,39.3070460713054));
#4142=CARTESIAN_POINT('',(-4.22562653470832,56.8050526326098,39.2391425525904));
#4143=CARTESIAN_POINT('',(-4.24105458893925,57.0367761050727,39.1540320458422));
#4144=CARTESIAN_POINT('',(-4.25648568598749,57.3136772616769,39.0506546355393));
#4145=CARTESIAN_POINT('',(-4.27005289775726,57.6124901729096,38.9381648914193));
#4146=CARTESIAN_POINT('',(-4.28041652015238,57.9152345942234,38.8232352695631));
#4147=CARTESIAN_POINT('',(-4.28783313157016,58.2168350659777,38.7083786020315));
#4148=CARTESIAN_POINT('',(-4.2920375025299,58.5157798734571,38.5939592697069));
#4149=CARTESIAN_POINT('',(-4.29331982723382,58.8121540705625,38.4802346604387));
#4150=CARTESIAN_POINT('',(-4.29201793303781,59.1050643988443,38.3677921961025));
#4151=CARTESIAN_POINT('',(-4.28807424207156,59.3898341800263,38.2582307145819));
#4152=CARTESIAN_POINT('',(-4.28158909427127,59.659117265981,38.154055695532));
#4153=CARTESIAN_POINT('',(-4.27347901611697,59.9022550291886,38.0594840516771));
#4154=CARTESIAN_POINT('',(-4.26399939424175,60.1410900821021,37.9666143367628));
#4155=CARTESIAN_POINT('',(-4.2525656485978,60.3771022116953,37.8742434760541));
#4156=CARTESIAN_POINT('',(-4.23879189392651,60.6095897356091,37.7820271246893));
#4157=CARTESIAN_POINT('',(-4.22560920545312,60.8026793566365,37.7045001140986));
#4158=CARTESIAN_POINT('',(-4.21388879774613,60.9622191221976,37.6401238137844));
#4159=CARTESIAN_POINT('',(-4.20331360660354,61.0932329741872,37.5864449393456));
#4160=CARTESIAN_POINT('',(-4.19305285897213,61.2113534321641,37.5373555273642));
#4161=CARTESIAN_POINT('',(-4.18448811484485,61.3069934238641,37.4974312787685));
#4162=CARTESIAN_POINT('',(-4.17744288273969,61.3821292397929,37.4656899281517));
#4163=CARTESIAN_POINT('',(-4.17159989224808,61.4429173247365,37.4398411117696));
#4164=CARTESIAN_POINT('',(-4.16501106385062,61.5072668318455,37.4118631115199));
#4165=CARTESIAN_POINT('',(-4.15876980842819,61.5740487854007,37.3838336135277));
#4166=CARTESIAN_POINT('',(-4.150781684347,61.6283634232657,37.3562429114364));
#4167=CARTESIAN_POINT('',(-4.14585280714949,61.6625915056207,37.3388979179724));
#4168=CARTESIAN_POINT('',(-4.14399317407704,61.6779014392169,37.3317045884406));
#4169=CARTESIAN_POINT('',(-4.14349066572584,61.6823027930785,37.3296903571184));
#4170=CARTESIAN_POINT('',(-4.14349066589551,55.90220679822,39.5484613289104));
#4171=VECTOR('',#4172,1.);
#4172=DIRECTION('',(-0.475877233524925,-0.00221049432115059,0.879508938173752));
#4173=CARTESIAN_POINT('',(-2.71282124812272,53.6020267918253,42.8483630706786));
#4174=CARTESIAN_POINT('',(-5.43741246369262,55.8961964102784,41.9398675704548));
#4175=CARTESIAN_POINT('',(-5.40015367271296,55.8280106455124,41.9718774063809));
#4176=CARTESIAN_POINT('',(-5.32534656734463,55.7008091727937,42.0300386638746));
#4177=CARTESIAN_POINT('',(-5.2068019109966,55.5181873384282,42.1160215997738));
#4178=CARTESIAN_POINT('',(-5.07408337726762,55.3337455843234,42.2013831385289));
#4179=CARTESIAN_POINT('',(-4.90509805758757,55.1223996871279,42.2980205239029));
#4180=CARTESIAN_POINT('',(-4.68439963773353,54.8793471075694,42.4059746348835));
#4181=CARTESIAN_POINT('',(-4.4124007834925,54.6199047180455,42.5159723461464));
#4182=CARTESIAN_POINT('',(-4.10360333897174,54.3665906898105,42.6161830335981));
#4183=CARTESIAN_POINT('',(-3.78470308988207,54.142473880849,42.6970166326979));
#4184=CARTESIAN_POINT('',(-3.48807966107832,53.9631189478309,42.7549691629403));
#4185=CARTESIAN_POINT('',(-3.24800396087657,53.8359177161195,42.7917654490555));
#4186=CARTESIAN_POINT('',(-3.05872042428173,53.7455331341595,42.8153854403161));
#4187=CARTESIAN_POINT('',(-2.91298735194938,53.6815537927529,42.8309575004484));
#4188=CARTESIAN_POINT('',(-2.79875997120967,53.635224425934,42.840569489105));
#4189=CARTESIAN_POINT('',(-2.73673887572292,53.6110553740939,42.8465550253577));
#4190=CARTESIAN_POINT('',(-2.71282124812272,53.6020267918253,42.8483630706786));
#4191=CARTESIAN_POINT('',(-2.06784574312703,53.9944346245576,40.271104866381));
#4192=CARTESIAN_POINT('',(-4.14349066589551,55.90220679822,39.5484613289104));
#4193=CARTESIAN_POINT('',(-4.14134421217036,55.8728990630312,39.5590255178173));
#4194=CARTESIAN_POINT('',(-4.13190166127937,55.8143655859199,39.5729383744823));
#4195=CARTESIAN_POINT('',(-4.12149482519819,55.7313689903569,39.6055009037136));
#4196=CARTESIAN_POINT('',(-4.1065144829453,55.6523487385781,39.633348387167));
#4197=CARTESIAN_POINT('',(-4.08738960826136,55.5681361712309,39.663947640053));
#4198=CARTESIAN_POINT('',(-4.0587271619246,55.4648909573847,39.7012152991463));
#4199=CARTESIAN_POINT('',(-4.01005332038063,55.3239154984983,39.7523380477709));
#4200=CARTESIAN_POINT('',(-3.92712880470421,55.1384862267246,39.8198121715906));
#4201=CARTESIAN_POINT('',(-3.79805780325538,54.9216229209228,39.899361711471));
#4202=CARTESIAN_POINT('',(-3.6214232457039,54.699394049073,39.9819000756822));
#4203=CARTESIAN_POINT('',(-3.40609557611361,54.4952039125921,40.0591135335013));
#4204=CARTESIAN_POINT('',(-3.16014030915535,54.3198291340127,40.127072340993));
#4205=CARTESIAN_POINT('',(-2.89862799769841,54.1830950052358,40.1819159773753));
#4206=CARTESIAN_POINT('',(-2.6457667412671,54.0902301928031,40.2210285441719));
#4207=CARTESIAN_POINT('',(-2.43922143161188,54.0391848836434,40.2441988834251));
#4208=CARTESIAN_POINT('',(-2.29420864966215,54.0151983375737,40.2560192679662));
#4209=CARTESIAN_POINT('',(-2.20432299386899,54.0045888987724,40.2620869834518));
#4210=CARTESIAN_POINT('',(-2.14498379675844,53.9994473499096,40.2648083225648));
#4211=CARTESIAN_POINT('',(-2.10260186662892,53.9964237277096,40.2679694928604));
#4212=CARTESIAN_POINT('',(-2.07819151534397,53.9948936793018,40.2707116585594));
#4213=CARTESIAN_POINT('',(-2.06784574312703,53.9944346245577,40.271104866381));
#4214=CARTESIAN_POINT('',(-2.06784574312703,53.9944346245577,40.271104866381));
#4215=VECTOR('',#4216,1.);
#4216=DIRECTION('',(-0.240164173281729,-0.146117646340822,0.959672237433032));
#4217=CARTESIAN_POINT('',(3.71282124810588,53.6020267918251,42.8483630706795));
#4218=CARTESIAN_POINT('',(-2.71282124812272,53.6020267918253,42.8483630706786));
#4219=CARTESIAN_POINT('',(-2.4829839974925,53.5138204211105,42.8660860590097));
#4220=CARTESIAN_POINT('',(-2.04961807991502,53.3663692402875,42.9094626299862));
#4221=CARTESIAN_POINT('',(-1.42819608912097,53.2103800160162,42.9510433651669));
#4222=CARTESIAN_POINT('',(-0.842828465851772,53.1036219273976,42.9828321060315));
#4223=CARTESIAN_POINT('',(-0.251555194906711,53.0343377159887,43.0037496634007));
#4224=CARTESIAN_POINT('',(0.380422707657566,53.0033326845445,43.0133752194352));
#4225=CARTESIAN_POINT('',(1.02593240503823,53.0177142534351,43.0089050435876));
#4226=CARTESIAN_POINT('',(1.65650585783917,53.0769159166413,42.9907441650009));
#4227=CARTESIAN_POINT('',(2.27108416905801,53.1770918348258,42.9611389082255));
#4228=CARTESIAN_POINT('',(2.83395196678214,53.309178304353,42.9230740984101));
#4229=CARTESIAN_POINT('',(3.31792429606096,53.4557289485116,42.8862028714679));
#4230=CARTESIAN_POINT('',(3.59433914314999,53.5565560230783,42.8574993484491));
#4231=CARTESIAN_POINT('',(3.71282124810588,53.6020267918251,42.8483630706795));
#4232=CARTESIAN_POINT('',(3.06784574312537,53.9944346245577,40.2711048663808));
#4233=CARTESIAN_POINT('',(3.06784574312537,53.9944346245577,40.2711048663808));
#4234=CARTESIAN_POINT('',(2.96706999073913,53.9889085764541,40.2787841171168));
#4235=CARTESIAN_POINT('',(2.77700527622648,53.9783812403455,40.2931923146424));
#4236=CARTESIAN_POINT('',(2.50852718591167,53.9657527306603,40.3048674025786));
#4237=CARTESIAN_POINT('',(2.2722170218059,53.9556487075849,40.3139733579764));
#4238=CARTESIAN_POINT('',(2.05380234120595,53.9472767338935,40.3210936616939));
#4239=CARTESIAN_POINT('',(1.8203024517511,53.9391576415495,40.3282687219684));
#4240=CARTESIAN_POINT('',(1.55760898026663,53.9317358096543,40.3339340664748));
#4241=CARTESIAN_POINT('',(1.25701004560605,53.9253745438777,40.3382838658898));
#4242=CARTESIAN_POINT('',(0.936961507213589,53.9208171019524,40.341488989053));
#4243=CARTESIAN_POINT('',(0.594655133006229,53.918631790472,40.3429690958945));
#4244=CARTESIAN_POINT('',(0.247245346921905,53.9192393014454,40.3426225668457));
#4245=CARTESIAN_POINT('',(-0.100738463130032,53.9228458026582,40.3399715496037));
#4246=CARTESIAN_POINT('',(-0.419738810443245,53.9285224211722,40.3362011851419));
#4247=CARTESIAN_POINT('',(-0.706530902759736,53.9357345584975,40.3309646637931));
#4248=CARTESIAN_POINT('',(-0.942079637152822,53.9432543282765,40.324714034295));
#4249=CARTESIAN_POINT('',(-1.14394421886402,53.9506812781825,40.3181619039857));
#4250=CARTESIAN_POINT('',(-1.31519884687522,53.957478320601,40.3123475942378));
#4251=CARTESIAN_POINT('',(-1.4671209987857,53.9640155428333,40.3064865276132));
#4252=CARTESIAN_POINT('',(-1.59587981976084,53.9699143613794,40.3008847501484));
#4253=CARTESIAN_POINT('',(-1.70950302339523,53.9753763932629,40.2953752861125));
#4254=CARTESIAN_POINT('',(-1.8199012951431,53.9809077883386,40.289435144489));
#4255=CARTESIAN_POINT('',(-1.92321134032425,53.9862748058098,40.283237754503));
#4256=CARTESIAN_POINT('',(-2.00635332920103,53.9907309366024,40.2777441386489));
#4257=CARTESIAN_POINT('',(-2.05104342249654,53.993513267685,40.2723852262891));
#4258=CARTESIAN_POINT('',(-2.06784574312703,53.9944346245576,40.271104866381));
#4259=CARTESIAN_POINT('',(3.06784574312537,53.9944346245577,40.2711048663808));
#4260=VECTOR('',#4261,1.);
#4261=DIRECTION('',(0.240164173276312,-0.146117646341025,0.959672237434357));
#4262=CARTESIAN_POINT('',(6.43741246367716,55.8961964102784,41.9398675704574));
#4263=CARTESIAN_POINT('',(3.71282124810588,53.6020267918251,42.8483630706795));
#4264=CARTESIAN_POINT('',(3.84244763929568,53.6509590085403,42.8385640055728));
#4265=CARTESIAN_POINT('',(4.10006164220165,53.7599309889502,42.8127788857544));
#4266=CARTESIAN_POINT('',(4.46720535634609,53.9489153224692,42.760023637177));
#4267=CARTESIAN_POINT('',(4.82334693536833,54.1670206509957,42.688761473976));
#4268=CARTESIAN_POINT('',(5.15897661113749,54.4087779380769,42.6001783595079));
#4269=CARTESIAN_POINT('',(5.47269168326456,54.6737655575362,42.4937525851331));
#4270=CARTESIAN_POINT('',(5.75352086167235,54.9505240112602,42.3749561471428));
#4271=CARTESIAN_POINT('',(5.98390233689346,55.2158571662218,42.2557233630762));
#4272=CARTESIAN_POINT('',(6.15519797777415,55.4436738816123,42.1505628048959));
#4273=CARTESIAN_POINT('',(6.26197983825673,55.6022384294626,42.0766848026308));
#4274=CARTESIAN_POINT('',(6.32997342900029,55.7109302586752,42.0256001730442));
#4275=CARTESIAN_POINT('',(6.37487190834246,55.7858281234273,41.9908591148808));
#4276=CARTESIAN_POINT('',(6.40930991920683,55.8470818550426,41.9610396781034));
#4277=CARTESIAN_POINT('',(6.42965809371418,55.882005460108,41.946529517979));
#4278=CARTESIAN_POINT('',(6.43741246367716,55.8961964102784,41.9398675704574));
#4279=CARTESIAN_POINT('',(5.14349066589288,55.90220679822,39.5484613289086));
#4280=CARTESIAN_POINT('',(3.06784574312537,53.9944346245577,40.2711048663808));
#4281=CARTESIAN_POINT('',(3.12400473916117,53.9969264688604,40.2689704528224));
#4282=CARTESIAN_POINT('',(3.23052183557404,54.0061190345577,40.2597889861513));
#4283=CARTESIAN_POINT('',(3.38667813873436,54.0295203581964,40.24909426587));
#4284=CARTESIAN_POINT('',(3.5427053976517,54.0638256275731,40.2328327178559));
#4285=CARTESIAN_POINT('',(3.72430984467187,54.1174890191606,40.2094866193249));
#4286=CARTESIAN_POINT('',(3.94126839843265,54.2038963076319,40.1734821357992));
#4287=CARTESIAN_POINT('',(4.18425756668549,54.3353316480974,40.1210062706502));
#4288=CARTESIAN_POINT('',(4.42321176165195,54.5093608056193,40.0537000602892));
#4289=CARTESIAN_POINT('',(4.6386365689909,54.7181400152141,39.974879510471));
#4290=CARTESIAN_POINT('',(4.8197919756956,54.9521231208392,39.888092732878));
#4291=CARTESIAN_POINT('',(4.95450590277945,55.1902324860386,39.800910048053));
#4292=CARTESIAN_POINT('',(5.03940044694858,55.4003541240327,39.7245847337031));
#4293=CARTESIAN_POINT('',(5.08319466661382,55.549840616815,39.6705097624895));
#4294=CARTESIAN_POINT('',(5.10449897253015,55.6432274004942,39.6367779500829));
#4295=CARTESIAN_POINT('',(5.11512740525787,55.6983291571879,39.6168970514644));
#4296=CARTESIAN_POINT('',(5.12177782352903,55.7377536017151,39.6026682595681));
#4297=CARTESIAN_POINT('',(5.12616559071256,55.7668431552902,39.5921903934097));
#4298=CARTESIAN_POINT('',(5.12990053825288,55.7942373960826,39.582271143251));
#4299=CARTESIAN_POINT('',(5.13356801905872,55.822977676805,39.5721470336455));
#4300=CARTESIAN_POINT('',(5.13653010082253,55.8561382812723,39.5591956756735));
#4301=CARTESIAN_POINT('',(5.14038210358663,55.8824840644441,39.5525872199643));
#4302=CARTESIAN_POINT('',(5.14318571110898,55.8980429376405,39.549962223108));
#4303=CARTESIAN_POINT('',(5.14349066589291,55.90220679822,39.5484613289086));
#4304=CARTESIAN_POINT('',(5.14349066589291,55.90220679822,39.5484613289086));
#4305=VECTOR('',#4306,1.);
#4306=DIRECTION('',(0.475877233520591,-0.00221049432116289,0.879508938176097));
#4307=CARTESIAN_POINT('',(6.43741246367662,63.2869324904609,39.1028297968354));
#4308=CARTESIAN_POINT('',(6.43741246367715,55.8961964102784,41.9398675704574));
#4309=CARTESIAN_POINT('',(6.56011607505957,56.1118972810161,41.8410747296201));
#4310=CARTESIAN_POINT('',(6.77788769122664,56.5397263736747,41.659458412511));
#4311=CARTESIAN_POINT('',(7.02652130424393,57.1803810672133,41.3949145747196));
#4312=CARTESIAN_POINT('',(7.20502576147052,57.7924019344372,41.1513438435604));
#4313=CARTESIAN_POINT('',(7.32711891249091,58.3903242927732,40.9170468168347));
#4314=CARTESIAN_POINT('',(7.40024835226074,58.993468801084,40.6832618627932));
#4315=CARTESIAN_POINT('',(7.42314708706997,59.6164382052751,40.4434808920284));
#4316=CARTESIAN_POINT('',(7.39163564589759,60.2531515835984,40.1999587184654));
#4317=CARTESIAN_POINT('',(7.30559503949036,60.8796766355975,39.9622107728805));
#4318=CARTESIAN_POINT('',(7.17611993290446,61.4585462730832,39.7453351715593));
#4319=CARTESIAN_POINT('',(7.02617682279245,61.9546036390546,39.5628162166926));
#4320=CARTESIAN_POINT('',(6.87083959985037,62.3767161491679,39.4113978878787));
#4321=CARTESIAN_POINT('',(6.71800246252137,62.7331457102117,39.2866077902364));
#4322=CARTESIAN_POINT('',(6.57371106750451,63.0349973408763,39.1862841194091));
#4323=CARTESIAN_POINT('',(6.47910379179413,63.2100071869114,39.126924659031));
#4324=CARTESIAN_POINT('',(6.43741246367662,63.2869324904609,39.1028297968354));
#4325=CARTESIAN_POINT('',(5.14349066572323,61.6823027930773,37.3296903571171));
#4326=CARTESIAN_POINT('',(5.14349066589286,55.90220679822,39.5484613289086));
#4327=CARTESIAN_POINT('',(5.15061145503827,55.9712247153684,39.5261032160868));
#4328=CARTESIAN_POINT('',(5.16814702213213,56.1041390574061,39.4893283593576));
#4329=CARTESIAN_POINT('',(5.18396163039693,56.2894450503869,39.4229549212774));
#4330=CARTESIAN_POINT('',(5.19867877010041,56.4557326959857,39.3650209157616));
#4331=CARTESIAN_POINT('',(5.21192162087325,56.6183504004936,39.3070460713017));
#4332=CARTESIAN_POINT('',(5.22562653470627,56.8050526326177,39.2391425525867));
#4333=CARTESIAN_POINT('',(5.24105458893716,57.0367761050803,39.1540320458386));
#4334=CARTESIAN_POINT('',(5.25648568598532,57.3136772616836,39.0506546355361));
#4335=CARTESIAN_POINT('',(5.27005289775509,57.6124901729172,38.9381648914158));
#4336=CARTESIAN_POINT('',(5.28041652015026,57.9152345942337,38.8232352695587));
#4337=CARTESIAN_POINT('',(5.28783313156804,58.2168350659924,38.7083786020254));
#4338=CARTESIAN_POINT('',(5.29203750252768,58.5157798734758,38.5939592696992));
#4339=CARTESIAN_POINT('',(5.29331982723142,58.8121540705851,38.4802346604295));
#4340=CARTESIAN_POINT('',(5.29201793303519,59.1050643988687,38.3677921960927));
#4341=CARTESIAN_POINT('',(5.28807424206868,59.3898341800507,38.258230714572));
#4342=CARTESIAN_POINT('',(5.28158909426818,59.6591172660024,38.1540556955232));
#4343=CARTESIAN_POINT('',(5.27347901611385,59.9022550292062,38.0594840516697));
#4344=CARTESIAN_POINT('',(5.26399939423859,60.1410900821168,37.9666143367565));
#4345=CARTESIAN_POINT('',(5.25256564859452,60.3771022117092,37.874243476048));
#4346=CARTESIAN_POINT('',(5.23879189392302,60.6095897356231,37.7820271246829));
#4347=CARTESIAN_POINT('',(5.22560920544959,60.8026793566493,37.7045001140925));
#4348=CARTESIAN_POINT('',(5.21388879774272,60.9622191222074,37.6401238137794));
#4349=CARTESIAN_POINT('',(5.20331360660036,61.0932329741929,37.5864449393421));
#4350=CARTESIAN_POINT('',(5.19305285896936,61.2113534321647,37.5373555273627));
#4351=CARTESIAN_POINT('',(5.18448811484245,61.3069934238605,37.4974312787687));
#4352=CARTESIAN_POINT('',(5.1774428827376,61.382129239786,37.4656899281533));
#4353=CARTESIAN_POINT('',(5.17159989224607,61.442917324729,37.4398411117713));
#4354=CARTESIAN_POINT('',(5.16501106384857,61.5072668318386,37.4118631115214));
#4355=CARTESIAN_POINT('',(5.15876980842602,61.574048785395,37.3838336135285));
#4356=CARTESIAN_POINT('',(5.1507816843449,61.6283634232614,37.3562429114369));
#4357=CARTESIAN_POINT('',(5.14585280714709,61.6625915056178,37.338897917972));
#4358=CARTESIAN_POINT('',(5.14399317407449,61.6779014392151,37.3317045884396));
#4359=CARTESIAN_POINT('',(5.14349066572323,61.6823027930773,37.3296903571171));
#4360=CARTESIAN_POINT('',(5.14349066572323,61.6823027930773,37.3296903571171));
#4361=VECTOR('',#4362,1.);
#4362=DIRECTION('',(0.475877233519543,0.590149066521626,0.65212340695718));
#4363=CARTESIAN_POINT('',(3.71282124810487,65.5997349161175,38.2428744189071));
#4364=CARTESIAN_POINT('',(6.43741246367662,63.2869324904609,39.1028297968354));
#4365=CARTESIAN_POINT('',(6.40015367269308,63.3590231496479,39.080992558643));
#4366=CARTESIAN_POINT('',(6.32534656731791,63.4924697433968,39.0391003976192));
#4367=CARTESIAN_POINT('',(6.20680191096163,63.6857180286691,38.9808003127453));
#4368=CARTESIAN_POINT('',(6.0740833772358,63.8799029820125,38.920820675806));
#4369=CARTESIAN_POINT('',(5.90509805754679,64.1016266241809,38.851218240349));
#4370=CARTESIAN_POINT('',(5.68439963767747,64.3544852907507,38.7688098593711));
#4371=CARTESIAN_POINT('',(5.41240078340376,64.620891395292,38.6769532458838));
#4372=CARTESIAN_POINT('',(5.10360333892272,64.8761944426088,38.5819241304229));
#4373=CARTESIAN_POINT('',(4.7847030899166,65.0968339246119,38.4920317850663));
#4374=CARTESIAN_POINT('',(4.48807966122364,65.2688984266574,38.4150870329814));
#4375=CARTESIAN_POINT('',(4.24800396104192,65.3880488850421,38.3573177653013));
#4376=CARTESIAN_POINT('',(4.05872042439079,65.4710225785367,38.3143917494367));
#4377=CARTESIAN_POINT('',(3.91298735197099,65.5289882371167,38.2831535098169));
#4378=CARTESIAN_POINT('',(3.79875997118509,65.5698493421495,38.2592962121279));
#4379=CARTESIAN_POINT('',(3.73673887569399,65.5918155534649,38.2475720801085));
#4380=CARTESIAN_POINT('',(3.71282124810487,65.5997349161175,38.2428744189071));
#4381=CARTESIAN_POINT('',(3.06784574312598,63.5835967207465,36.5901704115309));
#4382=CARTESIAN_POINT('',(5.14349066572323,61.6823027930773,37.3296903571171));
#4383=CARTESIAN_POINT('',(5.14134421189492,61.7111515083734,37.317930376244));
#4384=CARTESIAN_POINT('',(5.13190166093508,61.7639598800085,37.2891031019646));
#4385=CARTESIAN_POINT('',(5.12149482396159,61.8474269590977,37.2577662131084));
#4386=CARTESIAN_POINT('',(5.10651448066378,61.92478405731,37.2255860559675));
#4387=CARTESIAN_POINT('',(5.08738960451602,62.0078410912588,37.1919765246707));
#4388=CARTESIAN_POINT('',(5.05872715600273,62.1095041732275,37.1505872584413));
#4389=CARTESIAN_POINT('',(5.01005331115516,62.248477156043,37.0942478685614));
#4390=CARTESIAN_POINT('',(4.92712879094077,62.4314269643537,37.0203145122712));
#4391=CARTESIAN_POINT('',(4.79805778455988,62.6458168402627,36.9343214657899));
#4392=CARTESIAN_POINT('',(4.62142322249253,62.8661940204355,36.8469592851087));
#4393=CARTESIAN_POINT('',(4.40609554934569,63.0696027484958,36.7677101983242));
#4394=CARTESIAN_POINT('',(4.16014028031252,63.2454049214421,36.7008648043659));
#4395=CARTESIAN_POINT('',(3.89862795824443,63.3837157382524,36.6501285784999));
#4396=CARTESIAN_POINT('',(3.64576667176933,63.4788991636375,36.6170561901428));
#4397=CARTESIAN_POINT('',(3.43922131073139,63.5323372095439,36.6001191292781));
#4398=CARTESIAN_POINT('',(3.29420848029024,63.5580720652139,36.592853254925));
#4399=CARTESIAN_POINT('',(3.20432280083369,63.5700165077048,36.5902633509718));
#4400=CARTESIAN_POINT('',(3.14498362014291,63.5756583412114,36.5888453295664));
#4401=CARTESIAN_POINT('',(3.10260176160732,63.5800205713139,36.5891713517915));
#4402=CARTESIAN_POINT('',(3.07819147402203,63.5829924716141,36.5901853686926));
#4403=CARTESIAN_POINT('',(3.06784574312597,63.5835967207465,36.5901704115309));
#4404=CARTESIAN_POINT('',(3.06784574312597,63.5835967207465,36.5901704115309));
#4405=VECTOR('',#4406,1.);
#4406=DIRECTION('',(0.240164173275482,0.75073263893368,0.61540366810296));
#4407=CARTESIAN_POINT('',(-2.71282124812171,65.5997349161168,38.2428744189066));
#4408=CARTESIAN_POINT('',(3.71282124810487,65.5997349161175,38.2428744189071));
#4409=CARTESIAN_POINT('',(3.48298399746928,65.6771440180185,38.1970235836553));
#4410=CARTESIAN_POINT('',(3.04961807988015,65.8157461913002,38.1305945598897));
#4411=CARTESIAN_POINT('',(2.4281960890686,65.959491718694,38.0571179038559));
#4412=CARTESIAN_POINT('',(1.8428284657886,66.0600992592782,38.0093064375675));
#4413=CARTESIAN_POINT('',(1.25155519483545,66.1255840403177,37.9784910256981));
#4414=CARTESIAN_POINT('',(0.619577292273156,66.1550660231413,37.9648977923688));
#4415=CARTESIAN_POINT('',(-0.0259324051096934,66.1413873031589,37.9711989522325));
#4416=CARTESIAN_POINT('',(-0.656505857907424,66.0852398937834,37.9973164340846));
#4417=CARTESIAN_POINT('',(-1.27108416913822,65.990984895124,38.0423462135849));
#4418=CARTESIAN_POINT('',(-1.83395196686513,65.8673551895016,38.1024416465864));
#4419=CARTESIAN_POINT('',(-2.31792429612603,65.7337751701845,38.1731025064629));
#4420=CARTESIAN_POINT('',(-2.59433914318744,65.6396396456981,38.2192381133965));
#4421=CARTESIAN_POINT('',(-2.71282124812171,65.5997349161168,38.2428744189066));
#4422=CARTESIAN_POINT('',(-2.06784574312765,63.5835967207467,36.5901704115311));
#4423=CARTESIAN_POINT('',(3.06784574312598,63.5835967207465,36.5901704115309));
#4424=CARTESIAN_POINT('',(2.96706999073942,63.5928417965014,36.5921795590605));
#4425=CARTESIAN_POINT('',(2.77700527622582,63.6103060978035,36.5958427737022));
#4426=CARTESIAN_POINT('',(2.5085271859091,63.6275030680995,36.5960689325458));
#4427=CARTESIAN_POINT('',(2.27221702180166,63.6411048940214,36.5960750650934));
#4428=CARTESIAN_POINT('',(2.05380234120171,63.6520908960931,36.5957645381242));
#4429=CARTESIAN_POINT('',(1.82030245177941,63.6629256099866,36.5956639138565));
#4430=CARTESIAN_POINT('',(1.55760898035295,63.6722319613582,36.5949079104347));
#4431=CARTESIAN_POINT('',(1.25701004576734,63.6798698870231,36.5938839237358));
#4432=CARTESIAN_POINT('',(0.936961507364313,63.6854013724146,36.5932162705501));
#4433=CARTESIAN_POINT('',(0.594655133027267,63.6880157601242,36.5928539454944));
#4434=CARTESIAN_POINT('',(0.247245346702807,63.687332418294,36.5930029284111));
#4435=CARTESIAN_POINT('',(-0.100738463600304,63.6828783887983,36.5934460590096));
#4436=CARTESIAN_POINT('',(-0.419738811091137,63.676136972856,36.5944425313593));
#4437=CARTESIAN_POINT('',(-0.706530903505191,63.667273393607,36.5953768994374));
#4438=CARTESIAN_POINT('',(-0.942079637929821,63.6575026280903,36.5957634845795));
#4439=CARTESIAN_POINT('',(-1.14394421964368,63.6475990977695,36.5958639023395));
#4440=CARTESIAN_POINT('',(-1.31519884764364,63.6386573782572,36.5960911372512));
#4441=CARTESIAN_POINT('',(-1.46712099954153,63.6298774563146,36.5961097713926));
#4442=CARTESIAN_POINT('',(-1.5958798205039,63.6217454590805,36.5958939194851));
#4443=CARTESIAN_POINT('',(-1.70950302412449,63.6139998273367,36.5954544025008));
#4444=CARTESIAN_POINT('',(-1.81990129585547,63.6059144691364,36.5947412427272));
#4445=CARTESIAN_POINT('',(-1.92321134095205,63.5977791345697,36.5937269200901));
#4446=CARTESIAN_POINT('',(-2.00635332957776,63.5907916375119,36.5926261013732));
#4447=CARTESIAN_POINT('',(-2.05104342264611,63.585138150327,36.5905053962857));
#4448=CARTESIAN_POINT('',(-2.06784574312764,63.5835967207467,36.5901704115311));
#4449=CARTESIAN_POINT('',(-2.06784574312764,63.5835967207467,36.5901704115311));
#4450=VECTOR('',#4451,1.);
#4451=DIRECTION('',(-0.240164173280895,0.750732638932641,0.615403668102114));
#4452=CARTESIAN_POINT('',(-2.71282124812171,65.5997349161168,38.2428744189066));
#4453=CARTESIAN_POINT('',(-2.84244763929999,65.5568143380929,38.2683343382166));
#4454=CARTESIAN_POINT('',(-3.10006164218908,65.4585787618774,38.3220887471727));
#4455=CARTESIAN_POINT('',(-3.46720535631875,65.2828358808686,38.4093391588505));
#4456=CARTESIAN_POINT('',(-3.82334693533079,65.0730683401034,38.5023220017382));
#4457=CARTESIAN_POINT('',(-4.15897661111689,64.8341339900855,38.5982591186963));
#4458=CARTESIAN_POINT('',(-4.4726916832551,64.5659970689245,38.6964806816613));
#4459=CARTESIAN_POINT('',(-4.75352086174921,64.2808351234604,38.7933852754688));
#4460=CARTESIAN_POINT('',(-4.98390233705827,64.0038718571011,38.882320583867));
#4461=CARTESIAN_POINT('',(-5.15519797804551,63.7642048956525,38.9566101961756));
#4462=CARTESIAN_POINT('',(-5.26197983854148,63.5969344398982,39.0078085331442));
#4463=CARTESIAN_POINT('',(-5.3299734292347,63.4819783803303,39.042574284576));
#4464=CARTESIAN_POINT('',(-5.37487190847974,63.403072114544,39.0668731005788));
#4465=CARTESIAN_POINT('',(-5.40930991926843,63.3375986231775,39.0856996869761));
#4466=CARTESIAN_POINT('',(-5.42965809374004,63.3019361346104,39.0982849895758));
#4467=CARTESIAN_POINT('',(-5.43741246369209,63.2869324904592,39.1028297968335));
#4468=CARTESIAN_POINT('',(-2.06784574312765,63.5835967207467,36.5901704115311));
#4469=CARTESIAN_POINT('',(-2.12400473918791,63.5803167181073,36.590251602429));
#4470=CARTESIAN_POINT('',(-2.23052183564243,63.5673417101097,36.5895794700426));
#4471=CARTESIAN_POINT('',(-2.38667813885565,63.5427949728565,36.5972902858867));
#4472=CARTESIAN_POINT('',(-2.54270539782078,63.5064200899283,36.6081603063328));
#4473=CARTESIAN_POINT('',(-2.72430984487435,63.4509188290594,36.626718591777));
#4474=CARTESIAN_POINT('',(-2.94126839864984,63.3626139978242,36.6577798074922));
#4475=CARTESIAN_POINT('',(-3.18425756689375,63.2298252971771,36.7067300489193));
#4476=CARTESIAN_POINT('',(-3.42321176183693,63.0554597839088,36.7731600226742));
#4477=CARTESIAN_POINT('',(-3.63863656915305,62.8475653523149,36.8542854980569));
#4478=CARTESIAN_POINT('',(-3.81979197575509,62.6156103290826,36.9463556106839));
#4479=CARTESIAN_POINT('',(-3.95450590242341,62.3803239843855,37.0408925132155));
#4480=CARTESIAN_POINT('',(-4.03940044614734,62.1731015739588,37.1247705692572));
#4481=CARTESIAN_POINT('',(-4.08319466554592,62.0258282439003,37.1846110210319));
#4482=CARTESIAN_POINT('',(-4.10449897148558,61.933857351737,37.2220313539735));
#4483=CARTESIAN_POINT('',(-4.11512740431308,61.8796058489375,37.2441272387808));
#4484=CARTESIAN_POINT('',(-4.12177782267362,61.8407868569466,37.2599332881365));
#4485=CARTESIAN_POINT('',(-4.12616559012747,61.8121580436181,37.2716114272273));
#4486=CARTESIAN_POINT('',(-4.12990053802885,61.7851628791209,37.2825703136728));
#4487=CARTESIAN_POINT('',(-4.13356801933881,61.7570303332603,37.2942776369859));
#4488=CARTESIAN_POINT('',(-4.1365301008914,61.7237210502298,37.3068416777664));
#4489=CARTESIAN_POINT('',(-4.14038210408931,61.6997203990438,37.3195594084668));
#4490=CARTESIAN_POINT('',(-4.14318571098159,61.6864014382389,37.3280195725377));
#4491=CARTESIAN_POINT('',(-4.14349066572585,61.6823027930785,37.3296903571184));
#4492=CARTESIAN_POINT('',(-4.,61.4047053906585,36.873457991095));
#4493=CARTESIAN_POINT('',(-4.,55.8032228314689,39.023665687829));
#4494=CARTESIAN_POINT('',(-4.,55.8032228314689,39.023665687829));
#4495=CARTESIAN_POINT('',(-4.,55.9483847542683,38.952318322483));
#4496=CARTESIAN_POINT('',(-4.,56.0912378315808,38.8761867087568));
#4497=CARTESIAN_POINT('',(-4.,56.3897822312758,38.7336284536809));
#4498=CARTESIAN_POINT('',(-4.,56.543289042418,38.6628019247141));
#4499=CARTESIAN_POINT('',(-4.,56.8501148975544,38.5239471240982));
#4500=CARTESIAN_POINT('',(-4.,57.0036703338493,38.4563974843678));
#4501=CARTESIAN_POINT('',(-4.,57.3104918753242,38.3238133478899));
#4502=CARTESIAN_POINT('',(-4.,57.4638818926235,38.2591360870338));
#4503=CARTESIAN_POINT('',(-4.,57.9283113027788,38.0664746654084));
#4504=CARTESIAN_POINT('',(-4.,58.241141272808,37.9420043481443));
#4505=CARTESIAN_POINT('',(-4.,58.8692062077368,37.7009128079582));
#4506=CARTESIAN_POINT('',(-4.,59.1848265112942,37.5839495195282));
#4507=CARTESIAN_POINT('',(-4.,59.8217960578718,37.3591477976581));
#4508=CARTESIAN_POINT('',(-4.,60.1427125111664,37.2498509896119));
#4509=CARTESIAN_POINT('',(-4.,60.6263600824017,37.096490199492));
#4510=CARTESIAN_POINT('',(-4.,60.786920645755,37.0467049420298));
#4511=CARTESIAN_POINT('',(-4.,61.099510968854,36.9544297345765));
#4512=CARTESIAN_POINT('',(-4.,61.2528608687408,36.9164538869689));
#4513=CARTESIAN_POINT('',(-4.,61.4047053906585,36.873457991095));
#4514=CARTESIAN_POINT('',(-4.,47.6341750555218,0.999999999999993));
#4515=CARTESIAN_POINT('',(-4.,61.4047053906585,36.873457991095));
#4516=VECTOR('',#4517,1.);
#4517=DIRECTION('',(-6.93425753442899E-17,-0.358367949545335,-0.933580426497189));
#4518=CARTESIAN_POINT('',(-4.,9.74179141636691,1.));
#4519=CARTESIAN_POINT('',(-4.,47.6341750555218,1.));
#4520=VECTOR('',#4521,1.);
#4521=DIRECTION('',(0.,-1.,0.));
#4522=CARTESIAN_POINT('',(-4.,9.74179141636691,18.));
#4523=CARTESIAN_POINT('',(-4.,9.74179141636691,1.));
#4524=VECTOR('',#4525,1.);
#4525=DIRECTION('',(5.2245789394125E-17,0.,1.));
#4526=CARTESIAN_POINT('',(-4.,47.7329936893023,18.));
#4527=CARTESIAN_POINT('',(-4.,9.74179141636691,18.));
#4528=VECTOR('',#4529,1.);
#4529=DIRECTION('',(0.,1.,0.));
#4530=CARTESIAN_POINT('',(-4.,47.7329936893023,18.));
#4531=VECTOR('',#4532,1.);
#4532=DIRECTION('',(7.88811998993374E-17,0.358367949545334,0.933580426497189));
#4533=CARTESIAN_POINT('',(-2.,48.0825280473684,24.4914243531827));
#4534=CARTESIAN_POINT('',(-2.,48.0825280473684,24.4914243531827));
#4535=CARTESIAN_POINT('',(-2.04505288544789,48.0819896349437,24.4900217408629));
#4536=CARTESIAN_POINT('',(-2.12857326631531,48.0822432739411,24.4826552267556));
#4537=CARTESIAN_POINT('',(-2.23916087790584,48.0801221147358,24.447467212212));
#4538=CARTESIAN_POINT('',(-2.33725028643218,48.0776630053276,24.4008429386128));
#4539=CARTESIAN_POINT('',(-2.42772677001669,48.0745686918634,24.3436735613841));
#4540=CARTESIAN_POINT('',(-2.52063046986599,48.0706164573835,24.2701813367395));
#4541=CARTESIAN_POINT('',(-2.60960581041868,48.0660165270752,24.1849347159286));
#4542=CARTESIAN_POINT('',(-2.69364189819713,48.0609407171239,24.0905902055498));
#4543=CARTESIAN_POINT('',(-2.77012622828709,48.0556776622023,23.9927241320095));
#4544=CARTESIAN_POINT('',(-2.84357369844894,48.0500165565445,23.8876255193604));
#4545=CARTESIAN_POINT('',(-2.92079449394754,48.0434135161706,23.7650181606347));
#4546=CARTESIAN_POINT('',(-3.0054308916121,48.0353291960224,23.6148693155234));
#4547=CARTESIAN_POINT('',(-3.09673596622004,48.0254985588727,23.4323509676259));
#4548=CARTESIAN_POINT('',(-3.18915873433846,48.0142700483564,23.2237977370962));
#4549=CARTESIAN_POINT('',(-3.28088607095773,48.0017028390208,22.9903342916499));
#4550=CARTESIAN_POINT('',(-3.37097674640038,47.9877816488595,22.7318521647567));
#4551=CARTESIAN_POINT('',(-3.46043898505006,47.9721611068258,22.4417167039059));
#4552=CARTESIAN_POINT('',(-3.55123281244162,47.9540937314094,22.1062452521932));
#4553=CARTESIAN_POINT('',(-3.64235933464125,47.9331027522365,21.7163626437942));
#4554=CARTESIAN_POINT('',(-3.73151866907092,47.9087776993852,21.2646300880179));
#4555=CARTESIAN_POINT('',(-3.81433931831772,47.8812449678043,20.7531943462814));
#4556=CARTESIAN_POINT('',(-3.88639946638811,47.8507533451581,20.187025812088));
#4557=CARTESIAN_POINT('',(-3.94508819655302,47.8169999637206,19.5601218626107));
#4558=CARTESIAN_POINT('',(-3.98167107542689,47.7839807229514,18.9469295586226));
#4559=CARTESIAN_POINT('',(-3.99744899843728,47.7554928660372,18.4178433368524));
#4560=CARTESIAN_POINT('',(-4.,47.7394890025794,18.1206272867134));
#4561=CARTESIAN_POINT('',(-4.,47.7329936893023,18.));
#4562=CARTESIAN_POINT('',(-2.,53.9389870686024,39.7480217072252));
#4563=CARTESIAN_POINT('',(-2.,48.0825280473684,24.4914243531827));
#4564=VECTOR('',#4565,1.);
#4565=DIRECTION('',(9.5111343971248E-17,0.358367949545334,0.933580426497189));
#4566=CARTESIAN_POINT('',(-4.,55.8032228314689,39.023665687829));
#4567=CARTESIAN_POINT('',(-4.,55.7619694399029,39.0404336455639));
#4568=CARTESIAN_POINT('',(-3.99718647850517,55.685891712623,39.0773474550902));
#4569=CARTESIAN_POINT('',(-3.98522982774684,55.5708924319247,39.1221467060049));
#4570=CARTESIAN_POINT('',(-3.96548181068409,55.4549625111725,39.1700886795809));
#4571=CARTESIAN_POINT('',(-3.93166631496049,55.3158257445037,39.2267141393698));
#4572=CARTESIAN_POINT('',(-3.8720227634997,55.1416926022462,39.2977791072464));
#4573=CARTESIAN_POINT('',(-3.77401764891516,54.9379001383998,39.3803865647278));
#4574=CARTESIAN_POINT('',(-3.63520724770506,54.7275025107023,39.464871372208));
#4575=CARTESIAN_POINT('',(-3.46117852376003,54.5299053958189,39.5429971182893));
#4576=CARTESIAN_POINT('',(-3.25899875715562,54.355275710766,39.6105729900113));
#4577=CARTESIAN_POINT('',(-3.03471293873993,54.2086119140779,39.6656253368541));
#4578=CARTESIAN_POINT('',(-2.80209798501442,54.0963713708646,39.7059235441531));
#4579=CARTESIAN_POINT('',(-2.58523796306075,54.0219842040424,39.7308231430556));
#4580=CARTESIAN_POINT('',(-2.40957224736578,53.9804656154657,39.7433651741385));
#4581=CARTESIAN_POINT('',(-2.27964545110642,53.9592310993393,39.7485902213743));
#4582=CARTESIAN_POINT('',(-2.18148103699878,53.9482764593897,39.7509958081208));
#4583=CARTESIAN_POINT('',(-2.10248182820457,53.9422244174999,39.7503832379124));
#4584=CARTESIAN_POINT('',(-2.04266979920978,53.9408778633363,39.7522178319566));
#4585=CARTESIAN_POINT('',(-2.01102098623991,53.9390735123526,39.7482469008935));
#4586=CARTESIAN_POINT('',(-2.,53.9389870686024,39.7480217072252));
#4587=CARTESIAN_POINT('',(3.,48.0825280473684,24.4914243531827));
#4588=CARTESIAN_POINT('',(3.00000000000001,48.0825280473684,24.4914243531827));
#4589=VECTOR('',#4590,1.);
#4590=DIRECTION('',(-1.,0.,0.));
#4591=CARTESIAN_POINT('',(3.,53.9389870686024,39.7480217072253));
#4592=CARTESIAN_POINT('',(3.,48.0825280473684,24.4914243531827));
#4593=VECTOR('',#4594,1.);
#4594=DIRECTION('',(1.08698678824283E-16,0.358367949545334,0.933580426497189));
#4595=CARTESIAN_POINT('',(3.,53.9389870686024,39.7480217072253));
#4596=CARTESIAN_POINT('',(2.67088111962129,53.9318802104875,39.7295077088659));
#4597=CARTESIAN_POINT('',(2.342247514498,53.9222927122435,39.7045314220324));
#4598=CARTESIAN_POINT('',(1.67696210827735,53.911836132452,39.6772911003634));
#4599=CARTESIAN_POINT('',(1.34049696315261,53.9088063867772,39.6693983430373));
#4600=CARTESIAN_POINT('',(0.836183178758747,53.9063477431072,39.6629933572987));
#4601=CARTESIAN_POINT('',(0.668081754982545,53.9059653799049,39.6619972671015));
#4602=CARTESIAN_POINT('',(0.331918245017476,53.9059653799049,39.6619972671015));
#4603=CARTESIAN_POINT('',(0.163816821241274,53.9063477431072,39.6629933572987));
#4604=CARTESIAN_POINT('',(-0.340496963152593,53.9088063867772,39.6693983430373));
#4605=CARTESIAN_POINT('',(-0.676962108277329,53.9118361324519,39.6772911003634));
#4606=CARTESIAN_POINT('',(-1.34224751449799,53.9222927122434,39.7045314220324));
#4607=CARTESIAN_POINT('',(-1.67088111962127,53.9318802104875,39.7295077088658));
#4608=CARTESIAN_POINT('',(-2.,53.9389870686024,39.7480217072252));
#4609=CARTESIAN_POINT('',(5.,47.7329936893023,18.));
#4610=CARTESIAN_POINT('',(3.,48.0825280473684,24.4914243531827));
#4611=CARTESIAN_POINT('',(3.04505285797856,48.0819896353254,24.4900217418573));
#4612=CARTESIAN_POINT('',(3.12857320991305,48.0822432743608,24.4826552356835));
#4613=CARTESIAN_POINT('',(3.23916082941719,48.0801221158309,24.4474672335458));
#4614=CARTESIAN_POINT('',(3.33725017412337,48.0776630083311,24.4008429954673));
#4615=CARTESIAN_POINT('',(3.42772677152041,48.0745686923361,24.3436735679955));
#4616=CARTESIAN_POINT('',(3.52063022267508,48.0706164674994,24.2701815355406));
#4617=CARTESIAN_POINT('',(3.60960470294108,48.0660165856967,24.1849357893301));
#4618=CARTESIAN_POINT('',(3.69363893397481,48.0609408993601,24.0905936318589));
#4619=CARTESIAN_POINT('',(3.77012118286673,48.0556780217724,23.992730847128));
#4620=CARTESIAN_POINT('',(3.84356712554188,48.0500170887119,23.8876353800002));
#4621=CARTESIAN_POINT('',(3.92078728322705,48.0434141682672,23.7650302739451));
#4622=CARTESIAN_POINT('',(4.00542344284913,48.035329950415,23.6148833421918));
#4623=CARTESIAN_POINT('',(4.09672849917066,48.0254994119998,23.4323668125943));
#4624=CARTESIAN_POINT('',(4.18915108112409,48.014271035361,23.2238160518808));
#4625=CARTESIAN_POINT('',(4.28087847125587,48.0017039407675,22.9903548000321));
#4626=CARTESIAN_POINT('',(4.37096912987699,47.9877828999152,22.7318753720906));
#4627=CARTESIAN_POINT('',(4.46043132492187,47.9721625298033,22.4417431301946));
#4628=CARTESIAN_POINT('',(4.55122512643813,47.9540953738224,22.1062757231137));
#4629=CARTESIAN_POINT('',(4.6423519300192,47.9331046014164,21.7163970213465));
#4630=CARTESIAN_POINT('',(4.73151196596229,47.9087797141081,21.2646674998776));
#4631=CARTESIAN_POINT('',(4.81433358595871,47.8812471095431,20.7532341203434));
#4632=CARTESIAN_POINT('',(4.88639488949372,47.850755583469,20.1870673773548));
#4633=CARTESIAN_POINT('',(4.94508496136909,47.8170022566151,19.5601644452042));
#4634=CARTESIAN_POINT('',(4.98166942247588,47.7839827749736,18.9469676731002));
#4635=CARTESIAN_POINT('',(4.99744867640227,47.7554941445749,18.4178670635836));
#4636=CARTESIAN_POINT('',(5.,47.7394895109942,18.1206367330649));
#4637=CARTESIAN_POINT('',(5.,47.7329936893023,18.));
#4638=CARTESIAN_POINT('',(5.,55.8032228314698,39.0236656878315));
#4639=CARTESIAN_POINT('',(5.,47.7329936893023,18.));
#4640=VECTOR('',#4641,1.);
#4641=DIRECTION('',(1.18321799848992E-16,0.358367949545334,0.933580426497189));
#4642=CARTESIAN_POINT('',(3.,53.9389870686024,39.7480217072253));
#4643=CARTESIAN_POINT('',(3.07559036292232,53.9395799660353,39.7495662578442));
#4644=CARTESIAN_POINT('',(3.21960464365329,53.9493035314227,39.7520970813368));
#4645=CARTESIAN_POINT('',(3.42940434210556,53.9829989925617,39.7425636085302));
#4646=CARTESIAN_POINT('',(3.63241128376446,54.0362974391035,39.7262604457579));
#4647=CARTESIAN_POINT('',(3.8443136600166,54.1149406890804,39.6993403827981));
#4648=CARTESIAN_POINT('',(4.06519635671718,54.2265157010044,39.6590087471609));
#4649=CARTESIAN_POINT('',(4.28326150303602,54.3738691413169,39.6034610348862));
#4650=CARTESIAN_POINT('',(4.48223008901702,54.5510602403162,39.5347060261578));
#4651=CARTESIAN_POINT('',(4.65382225049551,54.7520920500464,39.4550580670179));
#4652=CARTESIAN_POINT('',(4.79381855930729,54.9723166266158,39.3665063699161));
#4653=CARTESIAN_POINT('',(4.89274112254646,55.1918286326705,39.277354785552));
#4654=CARTESIAN_POINT('',(4.94994276643982,55.3813573496478,39.2000361303414));
#4655=CARTESIAN_POINT('',(4.97629833660561,55.5141496048111,39.145731185212));
#4656=CARTESIAN_POINT('',(4.98751869701151,55.5954438940355,39.112602944505));
#4657=CARTESIAN_POINT('',(4.99312165774695,55.6487578072226,39.090678201981));
#4658=CARTESIAN_POINT('',(4.99674931104452,55.6955604743945,39.0721469965182));
#4659=CARTESIAN_POINT('',(4.99901147447922,55.7404977358683,39.0518076222648));
#4660=CARTESIAN_POINT('',(4.99987704619003,55.7786203251125,39.041675241247));
#4661=CARTESIAN_POINT('',(5.,55.7962862267607,39.0264851577023));
#4662=CARTESIAN_POINT('',(5.,55.8032228314698,39.0236656878315));
#4663=CARTESIAN_POINT('',(5.,61.4047053906595,36.8734579910976));
#4664=CARTESIAN_POINT('',(5.,55.8032228314698,39.0236656878315));
#4665=CARTESIAN_POINT('',(5.,55.9483847542693,38.9523183224854));
#4666=CARTESIAN_POINT('',(5.,56.0912378315818,38.8761867087592));
#4667=CARTESIAN_POINT('',(5.,56.3897822312767,38.7336284536831));
#4668=CARTESIAN_POINT('',(5.,56.5432890424189,38.6628019247163));
#4669=CARTESIAN_POINT('',(5.,56.8501148975553,38.5239471241002));
#4670=CARTESIAN_POINT('',(5.,57.0036703338501,38.4563974843699));
#4671=CARTESIAN_POINT('',(5.,57.310491875325,38.3238133478918));
#4672=CARTESIAN_POINT('',(5.,57.4638818926243,38.2591360870357));
#4673=CARTESIAN_POINT('',(5.,57.9283113027795,38.0664746654103));
#4674=CARTESIAN_POINT('',(5.,58.2411412728087,37.9420043481461));
#4675=CARTESIAN_POINT('',(5.,58.8692062077375,37.70091280796));
#4676=CARTESIAN_POINT('',(5.,59.184826511295,37.5839495195301));
#4677=CARTESIAN_POINT('',(5.,59.8217960578726,37.3591477976601));
#4678=CARTESIAN_POINT('',(5.,60.1427125111672,37.2498509896139));
#4679=CARTESIAN_POINT('',(5.,60.6263600824025,37.0964901994942));
#4680=CARTESIAN_POINT('',(5.,60.7869206457559,37.046704942032));
#4681=CARTESIAN_POINT('',(5.,61.0995109688549,36.9544297345789));
#4682=CARTESIAN_POINT('',(5.,61.2528608687417,36.9164538869714));
#4683=CARTESIAN_POINT('',(5.,61.4047053906595,36.8734579910976));
#4684=CARTESIAN_POINT('',(5.,9.15983078446322,18.));
#4685=CARTESIAN_POINT('',(5.,9.15983078446322,18.));
#4686=VECTOR('',#4687,1.);
#4687=DIRECTION('',(0.,1.,-9.21032503236805E-17));
#4688=CARTESIAN_POINT('',(5.,9.15983078446322,0.999999999999999));
#4689=CARTESIAN_POINT('',(5.,9.15983078446322,0.999999999999999));
#4690=VECTOR('',#4691,1.);
#4691=DIRECTION('',(5.2245789394125E-17,0.,1.));
#4692=CARTESIAN_POINT('',(5.,47.6341750555218,0.999999999999999));
#4693=CARTESIAN_POINT('',(5.,47.6341750555218,1.));
#4694=VECTOR('',#4695,1.);
#4695=DIRECTION('',(0.,-1.,-5.77123818825053E-18));
#4696=CARTESIAN_POINT('',(5.,61.4047053906595,36.8734579910976));
#4697=VECTOR('',#4698,1.);
#4698=DIRECTION('',(-6.93425753442849E-17,-0.358367949545335,-0.933580426497189));
#4699=CARTESIAN_POINT('',(3.,63.2747913335731,36.1643422117687));
#4700=CARTESIAN_POINT('',(5.,61.4047053906595,36.8734579910976));
#4701=CARTESIAN_POINT('',(5.,61.446579057572,36.8583163821312));
#4702=CARTESIAN_POINT('',(4.99718695370898,61.5278092310349,36.8348451810699));
#4703=CARTESIAN_POINT('',(4.98523233041923,61.6432371682919,36.7911914684488));
#4704=CARTESIAN_POINT('',(4.96548745603275,61.761460695385,36.7492501476006));
#4705=CARTESIAN_POINT('',(4.93167643970128,61.9027423144136,36.6982329128712));
#4706=CARTESIAN_POINT('',(4.87203874199689,62.0796960863674,36.6345281970424));
#4707=CARTESIAN_POINT('',(4.77404006605865,62.2864182724739,36.5595539539284));
#4708=CARTESIAN_POINT('',(4.63523563511509,62.4993081563059,36.4815541471046));
#4709=CARTESIAN_POINT('',(4.46121193668237,62.698431985743,36.4073932876353));
#4710=CARTESIAN_POINT('',(4.25903663145943,62.87342896722,36.3407603778702));
#4711=CARTESIAN_POINT('',(4.03475036997975,63.0192665409292,36.2835322347063));
#4712=CARTESIAN_POINT('',(3.80212047968581,63.1296550605351,36.2383712460056));
#4713=CARTESIAN_POINT('',(3.58522437925587,63.2016098194527,36.2070946373234));
#4714=CARTESIAN_POINT('',(3.40950676083673,63.2408648004121,36.1886300951754));
#4715=CARTESIAN_POINT('',(3.27952135917781,63.2601436074723,36.1783007873643));
#4716=CARTESIAN_POINT('',(3.18129124167104,63.2698945620883,36.1727602237453));
#4717=CARTESIAN_POINT('',(3.10226392182031,63.2739719986437,36.1682481637129));
#4718=CARTESIAN_POINT('',(3.04251313181734,63.2761983917181,36.1687307076869));
#4719=CARTESIAN_POINT('',(3.01095194801916,63.274877235818,36.1645659947674));
#4720=CARTESIAN_POINT('',(3.00000000000001,63.2747913335731,36.1643422117687));
#4721=CARTESIAN_POINT('',(3.,49.638900475656,0.641632050454662));
#4722=CARTESIAN_POINT('',(5.,47.6341750555218,1.));
#4723=CARTESIAN_POINT('',(5.,48.8085160178023,0.790072915476182));
#4724=CARTESIAN_POINT('',(4.17157287525381,49.638900475656,0.641632050454668));
#4725=CARTESIAN_POINT('',(3.,49.638900475656,0.641632050454668));
#4726=CARTESIAN_POINT('',(3.,63.2747913335731,36.1643422117687));
#4727=VECTOR('',#4728,1.);
#4728=DIRECTION('',(-8.169846682202E-17,-0.358367949545335,-0.933580426497188));
#4729=CARTESIAN_POINT('',(-2.,63.2747913335731,36.1643422117686));
#4730=CARTESIAN_POINT('',(3.,63.2747913335731,36.1643422117687));
#4731=CARTESIAN_POINT('',(2.67088111962129,63.2676844754582,36.1458282134094));
#4732=CARTESIAN_POINT('',(2.34224751449799,63.2580969772142,36.1208519265761));
#4733=CARTESIAN_POINT('',(1.67696210827734,63.2476403974228,36.0936116049073));
#4734=CARTESIAN_POINT('',(1.34049696315261,63.244610651748,36.0857188475812));
#4735=CARTESIAN_POINT('',(0.836183178758744,63.2421520080781,36.0793138618427));
#4736=CARTESIAN_POINT('',(0.668081754982544,63.2417696448757,36.0783177716454));
#4737=CARTESIAN_POINT('',(0.331918245017477,63.2417696448757,36.0783177716454));
#4738=CARTESIAN_POINT('',(0.163816821241277,63.2421520080781,36.0793138618427));
#4739=CARTESIAN_POINT('',(-0.340496963152589,63.244610651748,36.0857188475812));
#4740=CARTESIAN_POINT('',(-0.676962108277318,63.2476403974228,36.0936116049073));
#4741=CARTESIAN_POINT('',(-1.34224751449798,63.2580969772142,36.120851926576));
#4742=CARTESIAN_POINT('',(-1.67088111962128,63.2676844754582,36.1458282134093));
#4743=CARTESIAN_POINT('',(-2.,63.2747913335731,36.1643422117686));
#4744=CARTESIAN_POINT('',(-2.,49.638900475656,0.641632050454655));
#4745=CARTESIAN_POINT('',(3.,49.638900475656,0.641632050454662));
#4746=VECTOR('',#4747,1.);
#4747=DIRECTION('',(-1.,0.,4.44089209850063E-17));
#4748=CARTESIAN_POINT('',(-2.,63.2747913335731,36.1643422117686));
#4749=VECTOR('',#4750,1.);
#4750=DIRECTION('',(-7.58628620490187E-17,-0.358367949545335,-0.933580426497188));
#4751=CARTESIAN_POINT('',(-2.,63.2747913335731,36.1643422117686));
#4752=CARTESIAN_POINT('',(-2.07558334937232,63.2753841759947,36.1658866190784));
#4753=CARTESIAN_POINT('',(-2.21958447458348,63.269852915869,36.1742729269519));
#4754=CARTESIAN_POINT('',(-2.42936665881629,63.2384388269124,36.1897323397574));
#4755=CARTESIAN_POINT('',(-2.63236150470577,63.1879292704817,36.2132772459586));
#4756=CARTESIAN_POINT('',(-2.84425776998923,63.1114818638254,36.2458910135893));
#4757=CARTESIAN_POINT('',(-3.06514038971903,63.0015870879541,36.2905739795324));
#4758=CARTESIAN_POINT('',(-3.28320914372356,62.854921606767,36.3478899738622));
#4759=CARTESIAN_POINT('',(-3.48218359229457,62.6772439357898,36.4153567682409));
#4760=CARTESIAN_POINT('',(-3.65378263378927,62.474559693113,36.4906813137821));
#4761=CARTESIAN_POINT('',(-3.79379296448047,62.2516439055391,36.5722354429077));
#4762=CARTESIAN_POINT('',(-3.89273766899244,62.0288274336284,36.6528772974411));
#4763=CARTESIAN_POINT('',(-3.94995984606551,61.8361713475669,36.7222637460971));
#4764=CARTESIAN_POINT('',(-3.97632594547032,61.7010546101737,36.7707973334658));
#4765=CARTESIAN_POINT('',(-3.98753820161649,61.618461739496,36.8005787477626));
#4766=CARTESIAN_POINT('',(-3.9931277638823,61.564251074323,36.8199323866297));
#4767=CARTESIAN_POINT('',(-3.99674348532583,61.5172237203275,36.8374163859582));
#4768=CARTESIAN_POINT('',(-3.99900648000212,61.4702877015355,36.8523637435662));
#4769=CARTESIAN_POINT('',(-3.99987601018063,61.4351426600167,36.8703337108725));
#4770=CARTESIAN_POINT('',(-4.,61.4117816532531,36.8708991991608));
#4771=CARTESIAN_POINT('',(-4.,61.4047053906585,36.873457991095));
#4772=CARTESIAN_POINT('',(-4.,47.6341750555218,0.999999999999986));
#4773=CARTESIAN_POINT('',(-4.,48.8085160178023,0.790072915476168));
#4774=CARTESIAN_POINT('',(-3.17157287525381,49.638900475656,0.641632050454654));
#4775=CARTESIAN_POINT('',(-2.,49.638900475656,0.641632050454653));
#4776=CARTESIAN_POINT('',(-4.08675799086759,7.96246878324053,-1.48029736616688E-16));
#4777=CARTESIAN_POINT('',(-6.29423924507094,6.36278652248865,0.));
#4778=AXIS2_PLACEMENT_3D('',#4779,#4780,#4781);
#4779=CARTESIAN_POINT('',(0.,0.,0.));
#4780=DIRECTION('',(0.,0.,1.));
#4781=DIRECTION('',(-0.456621004566211,0.889661316563188,0.));
#4782=CARTESIAN_POINT('',(-3.,9.74179141636691,-1.48029736616688E-16));
#4783=AXIS2_PLACEMENT_3D('',#4784,#4785,#4786);
#4784=CARTESIAN_POINT('',(-5.,9.74179141636691,0.));
#4785=DIRECTION('',(0.,0.,1.));
#4786=DIRECTION('',(0.456621004566201,-0.889661316563193,0.));
#4787=CARTESIAN_POINT('',(-3.,47.6341750555218,0.));
#4788=CARTESIAN_POINT('',(-3.,47.6341750555218,0.));
#4789=VECTOR('',#4790,1.);
#4790=DIRECTION('',(0.,-1.,0.));
#4791=CARTESIAN_POINT('',(-2.,48.7053200491588,-6.66133814775094E-16));
#4792=CARTESIAN_POINT('',(-3.,47.6341750555218,0.));
#4793=CARTESIAN_POINT('',(-3.,48.2616372655263,0.));
#4794=CARTESIAN_POINT('',(-2.58578643762691,48.7053200491588,0.));
#4795=CARTESIAN_POINT('',(-2.,48.7053200491588,0.));
#4796=CARTESIAN_POINT('',(3.,48.7053200491588,-7.03141248929266E-16));
#4797=CARTESIAN_POINT('',(3.,48.7053200491588,-1.0547118733939E-15));
#4798=VECTOR('',#4799,1.);
#4799=DIRECTION('',(-1.,0.,1.11022302462516E-17));
#4800=CARTESIAN_POINT('',(4.,47.6341750555218,0.));
#4801=CARTESIAN_POINT('',(4.,47.6341750555218,0.));
#4802=CARTESIAN_POINT('',(4.,48.2616372655263,0.));
#4803=CARTESIAN_POINT('',(3.58578643762691,48.7053200491588,0.));
#4804=CARTESIAN_POINT('',(3.,48.7053200491588,0.));
#4805=CARTESIAN_POINT('',(4.,9.15983078446322,-1.48029736616688E-16));
#4806=CARTESIAN_POINT('',(4.,47.6341750555218,0.));
#4807=VECTOR('',#4808,1.);
#4808=DIRECTION('',(0.,-1.,0.));
#4809=CARTESIAN_POINT('',(4.90410958904109,7.48680233067998,-1.48029736616688E-16));
#4810=AXIS2_PLACEMENT_3D('',#4811,#4812,#4813);
#4811=CARTESIAN_POINT('',(6.,9.15983078446322,0.));
#4812=DIRECTION('',(0.,0.,1.));
#4813=DIRECTION('',(-1.,0.,0.));
#4814=CARTESIAN_POINT('',(-6.29423924467995,-6.36278652287543,0.));
#4815=AXIS2_PLACEMENT_3D('',#4816,#4817,#4818);
#4816=CARTESIAN_POINT('',(0.,0.,0.));
#4817=DIRECTION('',(0.,0.,1.));
#4818=DIRECTION('',(-0.703266954691094,-0.710925868455717,0.));
#4819=CARTESIAN_POINT('',(-3.20396868973501,-6.16742123056288,9.25185853854297E-17));
#4820=AXIS2_PLACEMENT_3D('',#4821,#4822,#4823);
#4821=CARTESIAN_POINT('',(-4.58697675724652,-8.82961744519434,0.));
#4822=DIRECTION('',(0.,0.,-1.));
#4823=DIRECTION('',(-0.569087495876028,0.822276974040713,0.));
#4824=CARTESIAN_POINT('',(-3.20396869011399,6.167421230366,9.25185853854297E-17));
#4825=AXIS2_PLACEMENT_3D('',#4826,#4827,#4828);
#4826=CARTESIAN_POINT('',(0.,0.,0.));
#4827=DIRECTION('',(0.,0.,-1.));
#4828=DIRECTION('',(-0.461002689225035,0.887398738182157,0.));
#4829=AXIS2_PLACEMENT_3D('',#4830,#4831,#4832);
#4830=CARTESIAN_POINT('',(-4.5869767577891,8.82961744491247,0.));
#4831=DIRECTION('',(0.,0.,-1.));
#4832=DIRECTION('',(0.461002689225034,-0.887398738182158,0.));
#4833=CARTESIAN_POINT('',(-4.38747388321783,8.93042960467644,19.0000000022508));
#4834=CARTESIAN_POINT('',(-7.03571247280404,7.03571247280833,19.));
#4835=AXIS2_PLACEMENT_3D('',#4836,#4837,#4838);
#4836=CARTESIAN_POINT('',(0.,0.,19.));
#4837=DIRECTION('',(0.,0.,1.));
#4838=DIRECTION('',(-0.440952149139806,0.89753061349961,0.));
#4839=CARTESIAN_POINT('',(-4.54337899543379,8.85213009980372,18.));
#4840=CARTESIAN_POINT('',(-4.38747388278388,8.93042960488964,19.0000000036013));
#4841=CARTESIAN_POINT('',(-4.41865416371506,8.91511089411133,18.9029628462524));
#4842=CARTESIAN_POINT('',(-4.46977249070821,8.88961488130932,18.7134000846116));
#4843=CARTESIAN_POINT('',(-4.5167475489187,8.86577143899967,18.4438018164557));
#4844=CARTESIAN_POINT('',(-4.53910345204411,8.85432627023443,18.2081041803584));
#4845=CARTESIAN_POINT('',(-4.54337871247479,8.85213024503317,18.066091756891));
#4846=CARTESIAN_POINT('',(-4.54337899543379,8.85213009980372,18.));
#4847=CARTESIAN_POINT('',(-4.54337899543379,8.85213009980372,1.));
#4848=CARTESIAN_POINT('',(-4.54337899543379,8.85213009980372,1.));
#4849=VECTOR('',#4850,1.);
#4850=DIRECTION('',(0.,0.,1.));
#4851=CARTESIAN_POINT('',(-7.035712472804,7.03571247280829,1.));
#4852=AXIS2_PLACEMENT_3D('',#4853,#4854,#4855);
#4853=CARTESIAN_POINT('',(0.,0.,1.));
#4854=DIRECTION('',(0.,0.,1.));
#4855=DIRECTION('',(-0.45662100456621,0.889661316563188,0.));
#4856=CARTESIAN_POINT('',(-7.035712472804,7.03571247280829,1.));
#4857=VECTOR('',#4858,1.);
#4858=DIRECTION('',(0.,0.,1.));
#4859=CARTESIAN_POINT('',(-2.,41.547465061888,20.));
#4860=CARTESIAN_POINT('',(-2.,41.547465061888,20.));
#4861=CARTESIAN_POINT('',(-2.04474932628016,41.5489573401126,20.));
#4862=CARTESIAN_POINT('',(-2.12783070192925,41.5556476109668,19.9971581398484));
#4863=CARTESIAN_POINT('',(-2.23857026700898,41.5891165947205,19.9865747045215));
#4864=CARTESIAN_POINT('',(-2.33623297624422,41.6332646731685,19.9722451229214));
#4865=CARTESIAN_POINT('',(-2.42702559689226,41.6877859746543,19.9546327726904));
#4866=CARTESIAN_POINT('',(-2.51923538711347,41.7571284265688,19.9322070821855));
#4867=CARTESIAN_POINT('',(-2.6082857692957,41.838236908444,19.9059909814984));
#4868=CARTESIAN_POINT('',(-2.69094287047728,41.9264067136049,19.877480362656));
#4869=CARTESIAN_POINT('',(-2.76616873866778,42.0176722743614,19.8479652983555));
#4870=CARTESIAN_POINT('',(-2.83512873668302,42.1110020820449,19.8177876395444));
#4871=CARTESIAN_POINT('',(-2.90433785628535,42.214168903042,19.7844304667823));
#4872=CARTESIAN_POINT('',(-2.97727672838525,42.3339250437734,19.7457104489602));
#4873=CARTESIAN_POINT('',(-3.05874723786987,42.4822391862158,19.6977544020476));
#4874=CARTESIAN_POINT('',(-3.14578614603819,42.6593500402305,19.6404914641911));
#4875=CARTESIAN_POINT('',(-3.23814906856871,42.8706695782222,19.5721619007715));
#4876=CARTESIAN_POINT('',(-3.33087015014418,43.1104074920463,19.4946447165189));
#4877=CARTESIAN_POINT('',(-3.423643705652,43.3823486729605,19.4067163706329));
#4878=CARTESIAN_POINT('',(-3.51422002092282,43.6846558542678,19.3089719466665));
#4879=CARTESIAN_POINT('',(-3.6043414764729,44.0301511037894,19.1972622441297));
#4880=CARTESIAN_POINT('',(-3.69213580344412,44.4230975709585,19.0702044105446));
#4881=CARTESIAN_POINT('',(-3.77590291583588,44.8712669609674,18.9252987026737));
#4882=CARTESIAN_POINT('',(-3.85178462171377,45.372854644658,18.7631160959839));
#4883=CARTESIAN_POINT('',(-3.91592266711755,45.9246449443557,18.5847036705134));
#4884=CARTESIAN_POINT('',(-3.96408729595699,46.5130507437149,18.3944514350812));
#4885=CARTESIAN_POINT('',(-3.99347527089038,47.1203048762021,18.1981032839828));
#4886=CARTESIAN_POINT('',(-4.,47.5289019940621,18.0659899274141));
#4887=CARTESIAN_POINT('',(-4.,47.7329936893023,18.));
#4888=CARTESIAN_POINT('',(-2.,10.7658023388885,20.));
#4889=CARTESIAN_POINT('',(-2.,10.7658023388885,20.));
#4890=CARTESIAN_POINT('',(-2.08888368818941,10.7406972812953,20.));
#4891=CARTESIAN_POINT('',(-2.2555950722791,10.6898546552495,19.9888002626268));
#4892=CARTESIAN_POINT('',(-2.49590464935601,10.60255805174,19.9422573165664));
#4893=CARTESIAN_POINT('',(-2.72582972977465,10.5074009293868,19.8690457780288));
#4894=CARTESIAN_POINT('',(-2.96748932068747,10.3943450210362,19.7579119639704));
#4895=CARTESIAN_POINT('',(-3.21361061883111,10.2645024346581,19.599803996615));
#4896=CARTESIAN_POINT('',(-3.44733037001242,10.1265546127418,19.3923263869961));
#4897=CARTESIAN_POINT('',(-3.64166897871957,10.0007577224347,19.1555185755218));
#4898=CARTESIAN_POINT('',(-3.78691457575902,9.89998449009242,18.9115082686425));
#4899=CARTESIAN_POINT('',(-3.88684815832084,9.8273475880903,18.6772989953404));
#4900=CARTESIAN_POINT('',(-3.95239160051273,9.77824023455656,18.4529960520332));
#4901=CARTESIAN_POINT('',(-3.99123807255341,9.7485510518862,18.2284672048776));
#4902=CARTESIAN_POINT('',(-4.,9.74179204715598,18.0768601564385));
#4903=CARTESIAN_POINT('',(-4.,9.74179141636691,18.));
#4904=CARTESIAN_POINT('',(-2.,10.7658023388885,20.));
#4905=VECTOR('',#4906,1.);
#4906=DIRECTION('',(-7.21353511417443E-18,1.,0.));
#4907=CARTESIAN_POINT('',(3.,41.547465061888,20.));
#4908=CARTESIAN_POINT('',(3.,41.547465061888,20.));
#4909=VECTOR('',#4910,1.);
#4910=DIRECTION('',(-1.,0.,0.));
#4911=CARTESIAN_POINT('',(-3.94652172473182,8.03289899576858,20.));
#4912=CARTESIAN_POINT('',(-3.94652171466237,8.03289900071564,20.));
#4913=CARTESIAN_POINT('',(-3.94069283881488,8.03577512464637,20.));
#4914=CARTESIAN_POINT('',(-3.934568845142,8.03875769994709,20.));
#4915=CARTESIAN_POINT('',(-3.90211455423079,8.05529192140278,20.));
#4916=CARTESIAN_POINT('',(-3.87256075742851,8.07061184754693,20.));
#4917=CARTESIAN_POINT('',(-3.81869493728568,8.1005021968064,20.));
#4918=CARTESIAN_POINT('',(-3.79246104551062,8.11566065028838,20.));
#4919=CARTESIAN_POINT('',(-3.72041566381678,8.15916104213464,20.));
#4920=CARTESIAN_POINT('',(-3.67382235547316,8.18967568954823,20.));
#4921=CARTESIAN_POINT('',(-3.57825331847018,8.25622150489454,20.));
#4922=CARTESIAN_POINT('',(-3.52968878429355,8.29326980144476,20.));
#4923=CARTESIAN_POINT('',(-3.4394911342935,8.36642353152958,20.));
#4924=CARTESIAN_POINT('',(-3.39816981093068,8.40243051342763,20.));
#4925=CARTESIAN_POINT('',(-3.33085154237239,8.46429739915686,20.));
#4926=CARTESIAN_POINT('',(-3.30409744763459,8.49003024703561,20.));
#4927=CARTESIAN_POINT('',(-3.25339599704037,8.54052085724483,20.));
#4928=CARTESIAN_POINT('',(-3.22941044837029,8.56538021735008,20.));
#4929=CARTESIAN_POINT('',(-3.18380558232053,8.61415974657601,20.));
#4930=CARTESIAN_POINT('',(-3.16216543861573,8.63815684161857,20.));
#4931=CARTESIAN_POINT('',(-3.12087224693491,8.68526942772417,20.));
#4932=CARTESIAN_POINT('',(-3.10122091565841,8.70844568843177,20.));
#4933=CARTESIAN_POINT('',(-3.05444632801641,8.76501849520074,20.));
#4934=CARTESIAN_POINT('',(-3.02788793963016,8.7986362755022,20.));
#4935=CARTESIAN_POINT('',(-2.97783398703529,8.86415344051859,20.));
#4936=CARTESIAN_POINT('',(-2.95435607794958,8.8961805136862,20.));
#4937=CARTESIAN_POINT('',(-2.90985737484455,8.9586708759191,20.));
#4938=CARTESIAN_POINT('',(-2.88884702884399,8.98928754758425,20.));
#4939=CARTESIAN_POINT('',(-2.84899644501446,9.04885281005031,20.));
#4940=CARTESIAN_POINT('',(-2.8303039135132,9.07771211947489,20.));
#4941=CARTESIAN_POINT('',(-2.7917084479787,9.13870719124736,20.));
#4942=CARTESIAN_POINT('',(-2.77183900121972,9.17117126416838,20.));
#4943=CARTESIAN_POINT('',(-2.73494879480421,9.23282569436187,20.));
#4944=CARTESIAN_POINT('',(-2.71792702304823,9.26215147938973,20.));
#4945=CARTESIAN_POINT('',(-2.68433666714343,9.32111732577367,20.));
#4946=CARTESIAN_POINT('',(-2.66797429138586,9.35057238903585,20.));
#4947=CARTESIAN_POINT('',(-2.63667935588354,9.40795295860412,20.));
#4948=CARTESIAN_POINT('',(-2.62171900541609,9.43606364684713,20.));
#4949=CARTESIAN_POINT('',(-2.58632147539117,9.50348339201903,20.));
#4950=CARTESIAN_POINT('',(-2.56632559668284,9.54270270952634,20.));
#4951=CARTESIAN_POINT('',(-2.52775566196426,9.61965654636116,20.));
#4952=CARTESIAN_POINT('',(-2.50931933308261,9.65741898539023,20.));
#4953=CARTESIAN_POINT('',(-2.47351398326221,9.73164934330535,20.));
#4954=CARTESIAN_POINT('',(-2.45629428119,9.7681132970769,20.));
#4955=CARTESIAN_POINT('',(-2.42258426244209,9.84013238286836,20.));
#4956=CARTESIAN_POINT('',(-2.40623895570262,9.87567165949678,20.));
#4957=CARTESIAN_POINT('',(-2.3659966450196,9.96354733334557,20.));
#4958=CARTESIAN_POINT('',(-2.34257884852182,10.0157314933628,20.));
#4959=CARTESIAN_POINT('',(-2.29635257581275,10.1186918976599,20.));
#4960=CARTESIAN_POINT('',(-2.27394220839664,10.1694177439221,20.));
#4961=CARTESIAN_POINT('',(-2.20670540191455,10.3196936477445,20.));
#4962=CARTESIAN_POINT('',(-2.16315358223765,10.4185108345735,20.));
#4963=CARTESIAN_POINT('',(-2.0791209919545,10.6002799520615,20.));
#4964=CARTESIAN_POINT('',(-2.03956049597725,10.683041145475,20.));
#4965=CARTESIAN_POINT('',(-2.,10.7658023388885,20.));
#4966=CARTESIAN_POINT('',(-6.29423924507094,6.36278652248865,20.));
#4967=AXIS2_PLACEMENT_3D('',#4968,#4969,#4970);
#4968=CARTESIAN_POINT('',(0.,0.,20.));
#4969=DIRECTION('',(0.,0.,1.));
#4970=DIRECTION('',(-0.440952149139806,0.89753061349961,0.));
#4971=CARTESIAN_POINT('',(-3.20396869011399,6.167421230366,20.));
#4972=AXIS2_PLACEMENT_3D('',#4973,#4974,#4975);
#4973=CARTESIAN_POINT('',(-4.5869767577891,8.82961744491247,20.));
#4974=DIRECTION('',(0.,0.,1.));
#4975=DIRECTION('',(-0.5690874958255,-0.822276974075683,0.));
#4976=CARTESIAN_POINT('',(-3.20396868973501,-6.16742123056288,20.));
#4977=AXIS2_PLACEMENT_3D('',#4978,#4979,#4980);
#4978=CARTESIAN_POINT('',(0.,0.,20.));
#4979=DIRECTION('',(0.,0.,-1.));
#4980=DIRECTION('',(-0.461002689225035,0.887398738182157,0.));
#4981=CARTESIAN_POINT('',(-6.29423924467995,-6.36278652287543,20.));
#4982=AXIS2_PLACEMENT_3D('',#4983,#4984,#4985);
#4983=CARTESIAN_POINT('',(-4.58697675724652,-8.82961744519434,20.));
#4984=DIRECTION('',(0.,0.,1.));
#4985=DIRECTION('',(0.461002689170504,0.887398738210487,0.));
#4986=CARTESIAN_POINT('',(3.,8.4322298355773,20.));
#4987=AXIS2_PLACEMENT_3D('',#4988,#4989,#4990);
#4988=CARTESIAN_POINT('',(0.,0.,20.));
#4989=DIRECTION('',(0.,0.,1.));
#4990=DIRECTION('',(-0.703266954691094,-0.710925868455717,0.));
#4991=CARTESIAN_POINT('',(3.,8.4322298355773,20.));
#4992=VECTOR('',#4993,1.);
#4993=DIRECTION('',(0.,1.,0.));
#4994=CARTESIAN_POINT('',(3.,41.547465061888,20.));
#4995=CARTESIAN_POINT('',(3.04474902896054,41.5489573300496,20.));
#4996=CARTESIAN_POINT('',(3.12782995588404,41.5556475058062,19.9971581744838));
#4997=CARTESIAN_POINT('',(3.23856933404304,41.5891162433608,19.9865748186648));
#4998=CARTESIAN_POINT('',(3.33623149421094,41.633263926673,19.9722453646965));
#4999=CARTESIAN_POINT('',(3.4270240487125,41.6877849429575,19.9546331058829));
#5000=CARTESIAN_POINT('',(3.51923321035257,41.7571266296464,19.9322076630239));
#5001=CARTESIAN_POINT('',(3.60828313476634,41.8382343579914,19.9059918045595));
#5002=CARTESIAN_POINT('',(3.69093826345538,41.9264015979708,19.8774820192236));
#5003=CARTESIAN_POINT('',(3.76616162516932,42.0176633135988,19.8479681991002));
#5004=CARTESIAN_POINT('',(3.83511908737458,42.1109884767793,19.8177920386038));
#5005=CARTESIAN_POINT('',(3.90432569819302,42.2141499799962,19.7844365848905));
#5006=CARTESIAN_POINT('',(3.97726332733699,42.3339019179044,19.745717925987));
#5007=CARTESIAN_POINT('',(4.05873316367571,42.4822120794853,19.6977631764753));
#5008=CARTESIAN_POINT('',(4.14577281437121,42.6593212172626,19.6405007814587));
#5009=CARTESIAN_POINT('',(4.23813413888254,42.8706335319256,19.5721735615229));
#5010=CARTESIAN_POINT('',(4.33085141542874,43.1103566612223,19.4946611470946));
#5011=CARTESIAN_POINT('',(4.42361892763163,43.382272190979,19.4067410994238));
#5012=CARTESIAN_POINT('',(4.51419004275217,43.6845497367311,19.3090062531826));
#5013=CARTESIAN_POINT('',(4.60430904827166,44.030017609245,19.1973054213437));
#5014=CARTESIAN_POINT('',(4.69210366713956,44.4229410750015,19.0702549986812));
#5015=CARTESIAN_POINT('',(4.77587356701047,44.8710933219125,18.9253548466283));
#5016=CARTESIAN_POINT('',(4.85175911250033,45.3726639291995,18.7631777568511));
#5017=CARTESIAN_POINT('',(4.91590227017255,45.9244394105187,18.5847701298977));
#5018=CARTESIAN_POINT('',(4.96407504342547,46.5128566629707,18.3945141890592));
#5019=CARTESIAN_POINT('',(4.99347246217306,47.1201798999681,18.1981436949926));
#5020=CARTESIAN_POINT('',(5.,47.5288507284929,18.0660065037877));
#5021=CARTESIAN_POINT('',(5.,47.7329936893023,18.));
#5022=CARTESIAN_POINT('',(4.88561808316758,9.26994807164455,18.6666666666569));
#5023=CARTESIAN_POINT('',(4.88561808317102,9.26994807161571,18.6666666666472));
#5024=CARTESIAN_POINT('',(4.86390898448507,9.2937943023299,18.7280692702263));
#5025=CARTESIAN_POINT('',(4.81578154329185,9.31937884839886,18.8455968987977));
#5026=CARTESIAN_POINT('',(4.73341115219791,9.34005543382339,19.002140218533));
#5027=CARTESIAN_POINT('',(4.64422956838805,9.34052555748354,19.1424316126241));
#5028=CARTESIAN_POINT('',(4.54434832602198,9.32589612983617,19.2746752823281));
#5029=CARTESIAN_POINT('',(4.42674629976754,9.29387696467431,19.4053900050258));
#5030=CARTESIAN_POINT('',(4.29504615594944,9.24494921059209,19.5276939150419));
#5031=CARTESIAN_POINT('',(4.1496906007069,9.17941827466415,19.6399621775656));
#5032=CARTESIAN_POINT('',(3.99242938449056,9.09820975332529,19.7398264833137));
#5033=CARTESIAN_POINT('',(3.82120197643836,9.0001759265475,19.8270868094466));
#5034=CARTESIAN_POINT('',(3.63809706342618,8.88626523726617,19.8989705236766));
#5035=CARTESIAN_POINT('',(3.43936310191624,8.75377448995913,19.9549353015533));
#5036=CARTESIAN_POINT('',(3.22461393666513,8.60179893222624,19.9916216279365));
#5037=CARTESIAN_POINT('',(3.0763827973698,8.49051382632674,20.));
#5038=CARTESIAN_POINT('',(3.,8.4322298355773,20.));
#5039=CARTESIAN_POINT('',(4.88561808316414,9.26994807167339,18.6666666666666));
#5040=CARTESIAN_POINT('',(4.91032909277179,9.24652936174306,18.5967733768125));
#5041=CARTESIAN_POINT('',(4.95240403287516,9.20639850794141,18.4529654567438));
#5042=CARTESIAN_POINT('',(4.99123994989569,9.16844327371727,18.2287867036111));
#5043=CARTESIAN_POINT('',(5.,9.15983170575633,18.0763334270229));
#5044=CARTESIAN_POINT('',(5.,9.15983078446322,18.));
#5045=CARTESIAN_POINT('',(-7.03571247237169,-7.03571247324067,1.));
#5046=CARTESIAN_POINT('',(5.45205479452055,8.3233165575716,1.));
#5047=AXIS2_PLACEMENT_3D('',#5048,#5049,#5050);
#5048=CARTESIAN_POINT('',(0.,0.,1.));
#5049=DIRECTION('',(0.,0.,1.));
#5050=DIRECTION('',(-0.70710678114288,-0.707106781230215,0.));
#5051=CARTESIAN_POINT('',(5.45205479452055,8.3233165575716,18.));
#5052=CARTESIAN_POINT('',(5.45205479452055,8.3233165575716,1.));
#5053=VECTOR('',#5054,1.);
#5054=DIRECTION('',(0.,0.,1.));
#5055=CARTESIAN_POINT('',(5.2961506750399,8.4233774714941,19.));
#5056=CARTESIAN_POINT('',(5.2961506750399,8.42337747149411,19.));
#5057=CARTESIAN_POINT('',(5.32645921907083,8.40432114682243,18.9062223083191));
#5058=CARTESIAN_POINT('',(5.3754276039801,8.37311125986616,18.7249520842941));
#5059=CARTESIAN_POINT('',(5.42252111020962,8.34261791613142,18.4633984694311));
#5060=CARTESIAN_POINT('',(5.44696761875147,8.32665204004206,18.2246649945367));
#5061=CARTESIAN_POINT('',(5.45205428804287,8.32331688933166,18.0742181090213));
#5062=CARTESIAN_POINT('',(5.45205479452055,8.3233165575716,18.));
#5063=CARTESIAN_POINT('',(-7.03571247237166,-7.03571247324064,19.));
#5064=AXIS2_PLACEMENT_3D('',#5065,#5066,#5067);
#5065=CARTESIAN_POINT('',(0.,0.,19.));
#5066=DIRECTION('',(0.,0.,1.));
#5067=DIRECTION('',(-0.70710678114288,-0.707106781230215,0.));
#5068=CARTESIAN_POINT('',(-7.03571247237166,-7.03571247324064,1.));
#5069=VECTOR('',#5070,1.);
#5070=DIRECTION('',(0.,0.,1.));
#5071=CARTESIAN_POINT('',(-6.70829710093713,-6.70829710176566,0.156395313697141));
#5072=AXIS2_PLACEMENT_3D('',#5073,#5074,#5075);
#5073=CARTESIAN_POINT('',(-6.32860569122878,-6.32860569201042,1.));
#5074=DIRECTION('',(-0.707106781230215,0.70710678114288,0.));
#5075=DIRECTION('',(-0.379691409708274,-0.379691409755169,-0.843604686302699));
#5076=CARTESIAN_POINT('',(-6.70829710093711,-6.70829710176564,19.8436046863028));
#5077=AXIS2_PLACEMENT_3D('',#5078,#5079,#5080);
#5078=CARTESIAN_POINT('',(-6.32860569122878,-6.32860569201042,19.));
#5079=DIRECTION('',(-0.707106781230215,0.70710678114288,0.));
#5080=DIRECTION('',(-0.70710678114288,-0.707106781230215,0.));
#5081=CARTESIAN_POINT('',(-6.70829710093716,-6.7082971017657,0.156395313697062));
#5082=VECTOR('',#5083,1.);
#5083=DIRECTION('',(0.,0.,1.));
#5084=CARTESIAN_POINT('',(-6.29423924553222,-6.36278652346528,0.));
#5085=CARTESIAN_POINT('',(-6.3115637408067,-6.37477345388068,-2.91706286875866E-6));
#5086=CARTESIAN_POINT('',(-6.35163446319998,-6.40314052919411,0.00150097926369944));
#5087=CARTESIAN_POINT('',(-6.41879629197609,-6.45319457857083,0.0101142429971156));
#5088=CARTESIAN_POINT('',(-6.49332337092563,-6.51246411362405,0.0290310937192347));
#5089=CARTESIAN_POINT('',(-6.5622608358074,-6.57116279708515,0.056980561224902));
#5090=CARTESIAN_POINT('',(-6.61463267297535,-6.61834328769498,0.0858852266066621));
#5091=CARTESIAN_POINT('',(-6.65247986835478,-6.65377286400858,0.111103712580826));
#5092=CARTESIAN_POINT('',(-6.68169422319686,-6.68190834209595,0.133300764355471));
#5093=CARTESIAN_POINT('',(-6.69976045216684,-6.69976009670875,0.148710218711327));
#5094=CARTESIAN_POINT('',(-6.70829710093711,-6.70829710176564,0.156395313697181));
#5095=CARTESIAN_POINT('',(-6.29423924553222,-6.36278652346528,20.));
#5096=CARTESIAN_POINT('',(-6.3115637408067,-6.37477345388068,20.0000029170629));
#5097=CARTESIAN_POINT('',(-6.35163446319999,-6.40314052919411,19.9984990207363));
#5098=CARTESIAN_POINT('',(-6.41879629197609,-6.45319457857082,19.9898857570029));
#5099=CARTESIAN_POINT('',(-6.49332337092563,-6.51246411362405,19.9709689062808));
#5100=CARTESIAN_POINT('',(-6.56226083580741,-6.57116279708515,19.9430194387751));
#5101=CARTESIAN_POINT('',(-6.61463267297535,-6.61834328769498,19.9141147733933));
#5102=CARTESIAN_POINT('',(-6.65247986835478,-6.65377286400858,19.8888962874192));
#5103=CARTESIAN_POINT('',(-6.68169422319686,-6.68190834209595,19.8666992356445));
#5104=CARTESIAN_POINT('',(-6.69976045216684,-6.69976009670875,19.8512897812887));
#5105=CARTESIAN_POINT('',(-6.70829710093711,-6.70829710176564,19.8436046863028));
#5106=CARTESIAN_POINT('',(-3.20396868973501,-6.16742123056288,5.55111512312578E-16));
#5107=VECTOR('',#5108,1.);
#5108=DIRECTION('',(0.,0.,1.));
#5109=CARTESIAN_POINT('',(-3.20396869011399,6.167421230366,5.55111512312578E-16));
#5110=VECTOR('',#5111,1.);
#5111=DIRECTION('',(0.,0.,1.));
#5112=CARTESIAN_POINT('',(-6.70829710134935,6.70829710135344,19.8436046863029));
#5113=CARTESIAN_POINT('',(-6.29423924592322,6.3627865230785,20.));
#5114=CARTESIAN_POINT('',(-6.31156374119843,6.37477345349284,20.0000029170629));
#5115=CARTESIAN_POINT('',(-6.35163446359346,6.40314052880381,19.9984990207363));
#5116=CARTESIAN_POINT('',(-6.41879629237264,6.4531945781764,19.9898857570029));
#5117=CARTESIAN_POINT('',(-6.49332337132582,6.51246411322504,19.9709689062808));
#5118=CARTESIAN_POINT('',(-6.56226083621121,6.57116279668191,19.9430194387751));
#5119=CARTESIAN_POINT('',(-6.61463267338205,6.61834328728852,19.9141147733933));
#5120=CARTESIAN_POINT('',(-6.65247986876366,6.65377286359979,19.8888962874192));
#5121=CARTESIAN_POINT('',(-6.68169422360746,6.68190834168536,19.8666992356445));
#5122=CARTESIAN_POINT('',(-6.69976045257854,6.69976009629706,19.8512897812887));
#5123=CARTESIAN_POINT('',(-6.70829710134933,6.70829710135342,19.8436046863028));
#5124=CARTESIAN_POINT('',(-6.70829710134933,6.70829710135342,0.156395313697179));
#5125=CARTESIAN_POINT('',(-6.70829710134938,6.70829710135347,0.15639531369706));
#5126=VECTOR('',#5127,1.);
#5127=DIRECTION('',(0.,0.,1.));
#5128=CARTESIAN_POINT('',(-6.29423924592322,6.3627865230785,0.));
#5129=CARTESIAN_POINT('',(-6.31156374119843,6.37477345349284,-2.91706286855564E-6));
#5130=CARTESIAN_POINT('',(-6.35163446359346,6.40314052880381,0.00150097926369971));
#5131=CARTESIAN_POINT('',(-6.41879629237263,6.4531945781764,0.0101142429971153));
#5132=CARTESIAN_POINT('',(-6.49332337132582,6.51246411322504,0.0290310937192353));
#5133=CARTESIAN_POINT('',(-6.5622608362112,6.5711627966819,0.056980561224905));
#5134=CARTESIAN_POINT('',(-6.61463267338205,6.61834328728852,0.0858852266066622));
#5135=CARTESIAN_POINT('',(-6.65247986876365,6.65377286359979,0.111103712580827));
#5136=CARTESIAN_POINT('',(-6.68169422360746,6.68190834168536,0.133300764355471));
#5137=CARTESIAN_POINT('',(-6.69976045257854,6.69976009629705,0.148710218711325));
#5138=CARTESIAN_POINT('',(-6.70829710134933,6.70829710135342,0.156395313697179));
#5139=AXIS2_PLACEMENT_3D('',#5140,#5141,#5142);
#5140=CARTESIAN_POINT('',(-6.32860569161767,6.32860569162153,19.));
#5141=DIRECTION('',(-0.707106781186763,-0.707106781186332,0.));
#5142=DIRECTION('',(-0.379691409731603,0.379691409731835,0.843604686302702));
#5143=AXIS2_PLACEMENT_3D('',#5144,#5145,#5146);
#5144=CARTESIAN_POINT('',(-6.32860569161767,6.32860569162153,1.));
#5145=DIRECTION('',(-0.707106781186763,-0.707106781186332,0.));
#5146=DIRECTION('',(-0.707106781186332,0.707106781186763,2.22044604925032E-16));
#5147=AXIS2_PLACEMENT_3D('',#5148,#5149,#5150);
#5148=CARTESIAN_POINT('',(-5.,9.74179141636691,0.999999999999999));
#5149=DIRECTION('',(4.03717463500057E-17,0.,1.));
#5150=DIRECTION('',(0.45662100456621,-0.889661316563188,-1.84345873744318E-17));
#5151=AXIS2_PLACEMENT_3D('',#5152,#5153,#5154);
#5152=CARTESIAN_POINT('',(-5.,9.74179141636691,18.));
#5153=DIRECTION('',(4.03717463500057E-17,0.,1.));
#5154=DIRECTION('',(0.45662100456621,-0.889661316563188,-1.84345873744318E-17));
#5155=CARTESIAN_POINT('',(-4.38747388278388,8.93042960488964,19.0000000036013));
#5156=CARTESIAN_POINT('',(-4.38533197710169,8.93148191212719,19.0001408432181));
#5157=CARTESIAN_POINT('',(-4.38036942082125,8.93393156504334,19.0030771487286));
#5158=CARTESIAN_POINT('',(-4.37122330113842,8.93852484896901,19.004566484866));
#5159=CARTESIAN_POINT('',(-4.36142371677671,8.94354119907081,19.0074405575225));
#5160=CARTESIAN_POINT('',(-4.35163388706464,8.94863215321152,19.0111980957615));
#5161=CARTESIAN_POINT('',(-4.34091235218243,8.95429002716013,19.0160029272402));
#5162=CARTESIAN_POINT('',(-4.32846660124846,8.96098422076246,19.0211606473908));
#5163=CARTESIAN_POINT('',(-4.3115511437183,8.97032109475196,19.0273218510346));
#5164=CARTESIAN_POINT('',(-4.29083668030367,8.98210362337299,19.035340713734));
#5165=CARTESIAN_POINT('',(-4.26502646630165,8.99733605696817,19.0455888441096));
#5166=CARTESIAN_POINT('',(-4.23608318374052,9.0151474897311,19.0575339434666));
#5167=CARTESIAN_POINT('',(-4.20410354653545,9.03571381850487,19.0712290509172));
#5168=CARTESIAN_POINT('',(-4.16907114291555,9.05925092802793,19.0868923032652));
#5169=CARTESIAN_POINT('',(-4.12663326843062,9.08912326688171,19.1068263628889));
#5170=CARTESIAN_POINT('',(-4.06738971463424,9.13314748534311,19.1362895932918));
#5171=CARTESIAN_POINT('',(-3.98559357925993,9.19836862392991,19.1802526147786));
#5172=CARTESIAN_POINT('',(-3.88780477432036,9.2827526043932,19.2380509344112));
#5173=CARTESIAN_POINT('',(-3.79168972533723,9.37071420429954,19.299407030142));
#5174=CARTESIAN_POINT('',(-3.71448446012497,9.44338749508344,19.3506729650491));
#5175=CARTESIAN_POINT('',(-3.65433469030056,9.50059656238749,19.391053847909));
#5176=CARTESIAN_POINT('',(-3.60846363626864,9.544269087368,19.4220604351489));
#5177=CARTESIAN_POINT('',(-3.56630975556735,9.58410233544535,19.4506599438246));
#5178=CARTESIAN_POINT('',(-3.52945604129806,9.61949814225596,19.4747355437385));
#5179=CARTESIAN_POINT('',(-3.48522687645157,9.66158571908456,19.5038304611888));
#5180=CARTESIAN_POINT('',(-3.4347136497895,9.70804606795932,19.5373353879281));
#5181=CARTESIAN_POINT('',(-3.3793931712217,9.75961246503062,19.5720153028958));
#5182=CARTESIAN_POINT('',(-3.3198107128616,9.81386007591109,19.608715711676));
#5183=CARTESIAN_POINT('',(-3.24371304459385,9.88188085242672,19.6536456158981));
#5184=CARTESIAN_POINT('',(-3.14083335488159,9.97123274739303,19.7105772653839));
#5185=CARTESIAN_POINT('',(-3.01543490287648,10.0755076503641,19.772926226816));
#5186=CARTESIAN_POINT('',(-2.88366769718809,10.1798235134387,19.8296294689666));
#5187=CARTESIAN_POINT('',(-2.76508248118548,10.2692600833559,19.8732232348874));
#5188=CARTESIAN_POINT('',(-2.66295212455953,10.3429282334599,19.905425493308));
#5189=CARTESIAN_POINT('',(-2.57243864659688,10.4065887041748,19.9299680347075));
#5190=CARTESIAN_POINT('',(-2.48307500319206,10.4670834931043,19.9506443969269));
#5191=CARTESIAN_POINT('',(-2.38698252851596,10.5299731950891,19.9688842543758));
#5192=CARTESIAN_POINT('',(-2.28747778777194,10.5934685123484,19.9832969842063));
#5193=CARTESIAN_POINT('',(-2.18612311406813,10.6566322955171,19.9933879034531));
#5194=CARTESIAN_POINT('',(-2.09095391172135,10.7138278902978,19.9988581318925));
#5195=CARTESIAN_POINT('',(-2.02887646204008,10.7494056492176,19.9999999903397));
#5196=CARTESIAN_POINT('',(-2.,10.7658023388885,20.));
#5197=CARTESIAN_POINT('',(5.29615067503991,8.4233774714941,19.));
#5198=CARTESIAN_POINT('',(5.26451884326447,8.44326580580859,19.050729775296));
#5199=CARTESIAN_POINT('',(5.1963141762056,8.47723653322317,19.1434966872199));
#5200=CARTESIAN_POINT('',(5.08350324345787,8.51301095575161,19.2710186636764));
#5201=CARTESIAN_POINT('',(4.96353170435099,8.5381161425269,19.3837771340815));
#5202=CARTESIAN_POINT('',(4.82980918055992,8.55563684333948,19.4900288683946));
#5203=CARTESIAN_POINT('',(4.67478895891316,8.56632769025542,19.5928746324261));
#5204=CARTESIAN_POINT('',(4.49758868661194,8.569743954462,19.6897247187371));
#5205=CARTESIAN_POINT('',(4.29901776483184,8.56567654843127,19.777491613467));
#5206=CARTESIAN_POINT('',(4.0777730971059,8.55398220049569,19.8543091164749));
#5207=CARTESIAN_POINT('',(3.83303164472566,8.53443824139238,19.9179064613325));
#5208=CARTESIAN_POINT('',(3.56731730709854,8.50715355501553,19.9652289555668));
#5209=CARTESIAN_POINT('',(3.28706999567437,8.47274565176465,19.9938421127815));
#5210=CARTESIAN_POINT('',(3.09605747325961,8.44647271896025,20.));
#5211=CARTESIAN_POINT('',(3.,8.4322298355773,20.));
#5212=CARTESIAN_POINT('',(4.88561808316758,9.26994807164455,18.6666666666569));
#5213=CARTESIAN_POINT('',(4.8831249781359,9.23447512047645,18.6736701883154));
#5214=CARTESIAN_POINT('',(4.88175472942199,9.15455141848527,18.6909513662075));
#5215=CARTESIAN_POINT('',(4.89565532402643,9.01853037167895,18.7261014528785));
#5216=CARTESIAN_POINT('',(4.93501001811175,8.8695524901574,18.7731316268516));
#5217=CARTESIAN_POINT('',(5.00001772646057,8.72955818122504,18.8272352439383));
#5218=CARTESIAN_POINT('',(5.07316077226275,8.62214510129932,18.8769730878826));
#5219=CARTESIAN_POINT('',(5.14600192056574,8.54079590409179,18.9208106336924));
#5220=CARTESIAN_POINT('',(5.21765838403938,8.47689700587326,18.9603503991921));
#5221=CARTESIAN_POINT('',(5.26946247962269,8.44014817947833,18.9868358124423));
#5222=CARTESIAN_POINT('',(5.29615067284501,8.42337747287396,19.0000000062077));
#5223=AXIS2_PLACEMENT_3D('',#5224,#5225,#5226);
#5224=CARTESIAN_POINT('',(6.,9.15983078446322,18.));
#5225=DIRECTION('',(0.,0.,-1.));
#5226=DIRECTION('',(-0.547945205479452,-0.836514226891618,0.));
#5227=AXIS2_PLACEMENT_3D('',#5228,#5229,#5230);
#5228=CARTESIAN_POINT('',(6.,9.15983078446322,0.999999999999999));
#5229=DIRECTION('',(0.,0.,1.));
#5230=DIRECTION('',(-1.,0.,0.));
#5231=AXIS2_PLACEMENT_3D('',#5232,#5233,#5234);
#5232=CARTESIAN_POINT('',(-4.08675799086758,7.96246878324054,1.));
#5233=DIRECTION('',(-0.889661316563188,-0.45662100456621,0.));
#5234=DIRECTION('',(-0.45662100456621,0.889661316563188,0.));
#5235=AXIS2_PLACEMENT_3D('',#5236,#5237,#5238);
#5236=CARTESIAN_POINT('',(-3.,9.74179141636691,1.));
#5237=DIRECTION('',(5.55111512312578E-17,1.,0.));
#5238=DIRECTION('',(4.44089209850063E-16,-2.46519032881566E-32,-1.));
#5239=AXIS2_PLACEMENT_3D('',#5240,#5241,#5242);
#5240=CARTESIAN_POINT('',(-3.,47.6341750555218,1.));
#5241=DIRECTION('',(0.,1.,0.));
#5242=DIRECTION('',(1.60812264967664E-16,0.,-1.));
#5243=AXIS2_PLACEMENT_3D('',#5244,#5245,#5246);
#5244=CARTESIAN_POINT('',(-2.,48.7053200491588,0.999999999999998));
#5245=DIRECTION('',(1.,0.,-2.56205313375036E-17));
#5246=DIRECTION('',(-2.56205313375036E-17,0.,-1.));
#5247=AXIS2_PLACEMENT_3D('',#5248,#5249,#5250);
#5248=CARTESIAN_POINT('',(3.,48.7053200491588,0.999999999999998));
#5249=DIRECTION('',(-1.,0.,2.56205313375036E-17));
#5250=DIRECTION('',(-9.18157728168316E-18,0.933580426497188,-0.358367949545335));
#5251=AXIS2_PLACEMENT_3D('',#5252,#5253,#5254);
#5252=CARTESIAN_POINT('',(4.,47.6341750555218,1.));
#5253=DIRECTION('',(0.,-1.,-2.40879031622117E-18));
#5254=DIRECTION('',(6.12323399573677E-17,2.40879031622117E-18,-1.));
#5255=AXIS2_PLACEMENT_3D('',#5256,#5257,#5258);
#5256=CARTESIAN_POINT('',(4.,9.15983078446322,1.));
#5257=DIRECTION('',(0.,-1.,-2.40879031622117E-18));
#5258=DIRECTION('',(6.12323399573677E-17,2.40879031622117E-18,-1.));
#5259=AXIS2_PLACEMENT_3D('',#5260,#5261,#5262);
#5260=CARTESIAN_POINT('',(4.90410958904109,7.48680233067998,1.));
#5261=DIRECTION('',(0.836514226891617,-0.547945205479454,0.));
#5262=DIRECTION('',(0.,0.,-1.));
#5263=CARTESIAN_POINT('',(-4.,55.8032228314689,39.023665687829));
#5264=CARTESIAN_POINT('',(-4.00000112258233,55.8036460714825,39.0257435328504));
#5265=CARTESIAN_POINT('',(-4.00001230766989,55.804584767106,39.030086416697));
#5266=CARTESIAN_POINT('',(-4.00006358919965,55.8060844924238,39.0366694990774));
#5267=CARTESIAN_POINT('',(-4.00015430220398,55.8075629157326,39.0433563627797));
#5268=CARTESIAN_POINT('',(-4.00030125069112,55.8089206184816,39.0499865704133));
#5269=CARTESIAN_POINT('',(-4.00049212682654,55.8103181984072,39.0566659920988));
#5270=CARTESIAN_POINT('',(-4.00074036438426,55.8117767428878,39.0636062876066));
#5271=CARTESIAN_POINT('',(-4.00109365618645,55.813519287338,39.0717897959281));
#5272=CARTESIAN_POINT('',(-4.0015957687929,55.8155682612419,39.0813843686542));
#5273=CARTESIAN_POINT('',(-4.00230465078388,55.8179189131694,39.0925797662331));
#5274=CARTESIAN_POINT('',(-4.00316190924786,55.8203041122237,39.1040113335951));
#5275=CARTESIAN_POINT('',(-4.00416564103787,55.8227222066507,39.1156356382496));
#5276=CARTESIAN_POINT('',(-4.00569771214896,55.8259972463931,39.1314141186958));
#5277=CARTESIAN_POINT('',(-4.00883466157162,55.8315925878468,39.1587926082879));
#5278=CARTESIAN_POINT('',(-4.01611567314346,55.8413727504348,39.2073275109558));
#5279=CARTESIAN_POINT('',(-4.03113063206852,55.8552220576046,39.2783803273508));
#5280=CARTESIAN_POINT('',(-4.05734702639446,55.8715331149609,39.3660679524558));
#5281=CARTESIAN_POINT('',(-4.09481993000529,55.8877583696592,39.4587116792647));
#5282=CARTESIAN_POINT('',(-4.12638487876762,55.8976265516027,39.5192152304345));
#5283=CARTESIAN_POINT('',(-4.14349066589551,55.90220679822,39.5484613289104));
#5284=CARTESIAN_POINT('',(-4.,61.4047053906585,36.873457991095));
#5285=CARTESIAN_POINT('',(-4.00000111929971,61.4057810830229,36.8752856298348));
#5286=CARTESIAN_POINT('',(-4.0000123097389,61.4079891160108,36.8791414965976));
#5287=CARTESIAN_POINT('',(-4.00006362076309,61.4112789685266,36.8850381589842));
#5288=CARTESIAN_POINT('',(-4.00015433663564,61.4146527962752,36.8909982643996));
#5289=CARTESIAN_POINT('',(-4.00030131638698,61.4180781350984,36.8968356601583));
#5290=CARTESIAN_POINT('',(-4.00049222943331,61.4215068615309,36.9027357756915));
#5291=CARTESIAN_POINT('',(-4.0007405075438,61.4250652409377,36.9088703509398));
#5292=CARTESIAN_POINT('',(-4.00109386776843,61.4292445603409,36.9161190515746));
#5293=CARTESIAN_POINT('',(-4.00159608242461,61.4341403840104,36.9246215259006));
#5294=CARTESIAN_POINT('',(-4.00230511700449,61.4398826323986,36.9345159228534));
#5295=CARTESIAN_POINT('',(-4.00316255346279,61.445757374244,36.9446087908851));
#5296=CARTESIAN_POINT('',(-4.00416646322613,61.4517367350264,36.9548666901332));
#5297=CARTESIAN_POINT('',(-4.00569878475373,61.4598584880537,36.9687853603745));
#5298=CARTESIAN_POINT('',(-4.00883590059546,61.4740159576022,36.9928780871124));
#5299=CARTESIAN_POINT('',(-4.01611767363486,61.4992186942408,37.035493754184));
#5300=CARTESIAN_POINT('',(-4.03113529904966,61.5364657979142,37.0975645775468));
#5301=CARTESIAN_POINT('',(-4.05735877652919,61.5830199067762,37.1736389978071));
#5302=CARTESIAN_POINT('',(-4.09483084654241,61.6329631593538,37.2533354230299));
#5303=CARTESIAN_POINT('',(-4.1263897186612,61.6661283619105,37.3048947275753));
#5304=CARTESIAN_POINT('',(-4.14349066572584,61.6823027930785,37.3296903571184));
#5305=CARTESIAN_POINT('',(-2.,53.9389870686024,39.7480217072252));
#5306=CARTESIAN_POINT('',(-2.0004715865367,53.9404537180955,39.7518468303143));
#5307=CARTESIAN_POINT('',(-2.00150187588263,53.9436432789763,39.7602962449324));
#5308=CARTESIAN_POINT('',(-2.00317116020245,53.9486671691284,39.774121934854));
#5309=CARTESIAN_POINT('',(-2.00580712466464,53.9559019591086,39.7951429894933));
#5310=CARTESIAN_POINT('',(-2.01019897407875,53.9671998825023,39.8309628728288));
#5311=CARTESIAN_POINT('',(-2.01774970473044,53.9831339794651,39.891067845214));
#5312=CARTESIAN_POINT('',(-2.02841737594009,53.9987973159426,39.9748559942371));
#5313=CARTESIAN_POINT('',(-2.04125474102476,54.007638649218,40.0734535730653));
#5314=CARTESIAN_POINT('',(-2.05463238851339,54.0065012215615,40.1740553466678));
#5315=CARTESIAN_POINT('',(-2.06352665060491,53.9993812308817,40.2395935243175));
#5316=CARTESIAN_POINT('',(-2.06784574312703,53.9944346245576,40.271104866381));
#5317=CARTESIAN_POINT('',(3.,53.9389870686024,39.7480217072253));
#5318=CARTESIAN_POINT('',(3.0004715865367,53.9404537180955,39.7518468303143));
#5319=CARTESIAN_POINT('',(3.0015018758826,53.9436432789763,39.7602962449324));
#5320=CARTESIAN_POINT('',(3.00317116020235,53.9486671691284,39.7741219348538));
#5321=CARTESIAN_POINT('',(3.00580712466445,53.9559019591085,39.795142989493));
#5322=CARTESIAN_POINT('',(3.01019897407844,53.9671998825022,39.8309628728285));
#5323=CARTESIAN_POINT('',(3.01774970472993,53.9831339794649,39.8910678452135));
#5324=CARTESIAN_POINT('',(3.0284173759393,53.9987973159425,39.9748559942365));
#5325=CARTESIAN_POINT('',(3.04125474102369,54.007638649218,40.0734535730649));
#5326=CARTESIAN_POINT('',(3.05463238851201,54.0065012215615,40.1740553466674));
#5327=CARTESIAN_POINT('',(3.06352665060334,53.9993812308817,40.2395935243173));
#5328=CARTESIAN_POINT('',(3.06784574312537,53.9944346245577,40.2711048663808));
#5329=CARTESIAN_POINT('',(5.,55.8032228314698,39.0236656878315));
#5330=CARTESIAN_POINT('',(5.00000112258233,55.8036460714835,39.0257435328529));
#5331=CARTESIAN_POINT('',(5.0000123076699,55.804584767107,39.0300864166994));
#5332=CARTESIAN_POINT('',(5.00006358919965,55.8060844924247,39.0366694990798));
#5333=CARTESIAN_POINT('',(5.00015430220398,55.8075629157335,39.043356362782));
#5334=CARTESIAN_POINT('',(5.00030125069112,55.8089206184826,39.0499865704156));
#5335=CARTESIAN_POINT('',(5.00049212682654,55.810318198408,39.0566659921009));
#5336=CARTESIAN_POINT('',(5.00074036438425,55.8117767428887,39.0636062876087));
#5337=CARTESIAN_POINT('',(5.00109365618643,55.8135192873388,39.0717897959301));
#5338=CARTESIAN_POINT('',(5.00159576879287,55.8155682612427,39.0813843686561));
#5339=CARTESIAN_POINT('',(5.00230465078383,55.8179189131702,39.0925797662349));
#5340=CARTESIAN_POINT('',(5.00316190924779,55.8203041122244,39.1040113335968));
#5341=CARTESIAN_POINT('',(5.00416564103779,55.8227222066514,39.1156356382512));
#5342=CARTESIAN_POINT('',(5.00569771214884,55.8259972463937,39.1314141186972));
#5343=CARTESIAN_POINT('',(5.00883466157145,55.8315925878474,39.1587926082892));
#5344=CARTESIAN_POINT('',(5.01611567314314,55.8413727504353,39.2073275109566));
#5345=CARTESIAN_POINT('',(5.03113063206792,55.8552220576049,39.278380327351));
#5346=CARTESIAN_POINT('',(5.05734702639337,55.8715331149611,39.3660679524553));
#5347=CARTESIAN_POINT('',(5.09481993000352,55.8877583696593,39.4587116792635));
#5348=CARTESIAN_POINT('',(5.12638487876529,55.8976265516027,39.5192152304329));
#5349=CARTESIAN_POINT('',(5.14349066589288,55.90220679822,39.5484613289086));
#5350=CARTESIAN_POINT('',(5.,61.4047053906595,36.8734579910976));
#5351=CARTESIAN_POINT('',(5.00000111929972,61.4057810830239,36.8752856298373));
#5352=CARTESIAN_POINT('',(5.0000123097389,61.4079891160117,36.8791414966001));
#5353=CARTESIAN_POINT('',(5.00006362076309,61.4112789685275,36.8850381589866));
#5354=CARTESIAN_POINT('',(5.00015433663565,61.4146527962762,36.8909982644019));
#5355=CARTESIAN_POINT('',(5.00030131638698,61.4180781350993,36.8968356601607));
#5356=CARTESIAN_POINT('',(5.0004922294333,61.4215068615317,36.9027357756938));
#5357=CARTESIAN_POINT('',(5.00074050754379,61.4250652409384,36.908870350942));
#5358=CARTESIAN_POINT('',(5.00109386776841,61.4292445603416,36.9161190515768));
#5359=CARTESIAN_POINT('',(5.00159608242458,61.4341403840111,36.9246215259027));
#5360=CARTESIAN_POINT('',(5.00230511700446,61.4398826323993,36.9345159228554));
#5361=CARTESIAN_POINT('',(5.00316255346273,61.4457573742447,36.944608790887));
#5362=CARTESIAN_POINT('',(5.00416646322605,61.4517367350269,36.954866690135));
#5363=CARTESIAN_POINT('',(5.00569878475363,61.4598584880543,36.9687853603762));
#5364=CARTESIAN_POINT('',(5.0088359005953,61.4740159576026,36.9928780871139));
#5365=CARTESIAN_POINT('',(5.01611767363455,61.4992186942411,37.0354937541849));
#5366=CARTESIAN_POINT('',(5.03113529904908,61.5364657979142,37.0975645775473));
#5367=CARTESIAN_POINT('',(5.05735877652813,61.5830199067757,37.1736389978069));
#5368=CARTESIAN_POINT('',(5.09483084654067,61.632963159353,37.2533354230291));
#5369=CARTESIAN_POINT('',(5.12638971865889,61.6661283619095,37.3048947275742));
#5370=CARTESIAN_POINT('',(5.14349066572323,61.6823027930773,37.3296903571171));
#5371=CARTESIAN_POINT('',(3.,63.2747913335731,36.1643422117687));
#5372=CARTESIAN_POINT('',(3.00047158713366,63.2762609080285,36.168166213605));
#5373=CARTESIAN_POINT('',(3.00150187927925,63.2795443652544,36.1765795876247));
#5374=CARTESIAN_POINT('',(3.0031711700789,63.2850620810529,36.190215719652));
#5375=CARTESIAN_POINT('',(3.00580712360546,63.2937514181061,36.2106784328024));
#5376=CARTESIAN_POINT('',(3.01019899064918,63.3093236069105,36.2448575828235));
#5377=CARTESIAN_POINT('',(3.01774971857229,63.337700344583,36.3001862770488));
#5378=CARTESIAN_POINT('',(3.02841739649945,63.3821254328221,36.3729338220071));
#5379=CARTESIAN_POINT('',(3.04125475896935,63.4415296975301,36.4521221039426));
#5380=CARTESIAN_POINT('',(3.05463240019575,63.5096906926197,36.5261226975873));
#5381=CARTESIAN_POINT('',(3.06352665486576,63.558835473976,36.5700628478814));
#5382=CARTESIAN_POINT('',(3.06784574312598,63.5835967207465,36.5901704115309));
#5383=CARTESIAN_POINT('',(-2.,63.2747913335731,36.1643422117686));
#5384=CARTESIAN_POINT('',(-2.00047158713366,63.2762609080285,36.168166213605));
#5385=CARTESIAN_POINT('',(-2.00150187927928,63.2795443652544,36.1765795876247));
#5386=CARTESIAN_POINT('',(-2.00317117007899,63.2850620810529,36.1902157196521));
#5387=CARTESIAN_POINT('',(-2.00580712360564,63.2937514181062,36.2106784328025));
#5388=CARTESIAN_POINT('',(-2.01019899064948,63.3093236069106,36.2448575828238));
#5389=CARTESIAN_POINT('',(-2.01774971857279,63.3377003445832,36.3001862770491));
#5390=CARTESIAN_POINT('',(-2.02841739650022,63.3821254328223,36.3729338220075));
#5391=CARTESIAN_POINT('',(-2.04125475897042,63.4415296975303,36.4521221039429));
#5392=CARTESIAN_POINT('',(-2.05463240019712,63.5096906926199,36.5261226975875));
#5393=CARTESIAN_POINT('',(-2.06352665486734,63.5588354739761,36.5700628478815));
#5394=CARTESIAN_POINT('',(-2.06784574312765,63.5835967207467,36.5901704115311));
#5395=CARTESIAN_POINT('',(-3.94652172473182,8.03289899576858,20.));
#5396=CARTESIAN_POINT('',(-3.95474477763816,8.04957706777016,20.0000016206281));
#5397=CARTESIAN_POINT('',(-3.97601451423806,8.09271956887175,19.9986560785548));
#5398=CARTESIAN_POINT('',(-4.01651984743359,8.17489542871827,19.9894563720099));
#5399=CARTESIAN_POINT('',(-4.07407445356926,8.29171348602002,19.9616653853522));
#5400=CARTESIAN_POINT('',(-4.14293233414481,8.43155664285619,19.9020383768877));
#5401=CARTESIAN_POINT('',(-4.21298622503823,8.57394721674543,19.8049761710545));
#5402=CARTESIAN_POINT('',(-4.27440991154218,8.69892991980251,19.6784486850639));
#5403=CARTESIAN_POINT('',(-4.32370141598568,8.79937749989461,19.5302516527365));
#5404=CARTESIAN_POINT('',(-4.35839293783103,8.87024572942786,19.3724766162508));
#5405=CARTESIAN_POINT('',(-4.37806849140353,8.91063189685647,19.2234483514428));
#5406=CARTESIAN_POINT('',(-4.38618672302317,8.92749441384422,19.1002990707599));
#5407=CARTESIAN_POINT('',(-4.38750817354662,8.93040318668135,19.0296207474924));
#5408=CARTESIAN_POINT('',(-4.38747388336248,8.93042960460538,19.0000000018007));
#5409=AXIS2_PLACEMENT_3D('',#5410,#5411,#5412);
#5410=CARTESIAN_POINT('',(3.,41.547465061888,27.));
#5411=DIRECTION('',(1.,-1.16482415698377E-16,0.));
#5412=DIRECTION('',(1.41748443906901E-31,1.22124532708767E-15,-1.));
#5413=AXIS2_PLACEMENT_3D('',#5414,#5415,#5416);
#5414=CARTESIAN_POINT('',(-2.,41.547465061888,27.));
#5415=DIRECTION('',(1.,-1.16482415698377E-16,0.));
#5416=DIRECTION('',(1.41748443906901E-31,1.22124532708767E-15,-1.));
#5417=CARTESIAN_POINT('',(-5.43741246369262,55.8961964102784,41.9398675704548));
#5418=CARTESIAN_POINT('',(-5.4525407894095,55.8920767091802,41.9738536607505));
#5419=CARTESIAN_POINT('',(-5.48744031358875,55.8835501883995,42.0573906382819));
#5420=CARTESIAN_POINT('',(-5.54367526419859,55.8744200116968,42.2162158587302));
#5421=CARTESIAN_POINT('',(-5.60172882735593,55.8752252036582,42.4339523601069));
#5422=CARTESIAN_POINT('',(-5.64132139813604,55.8953460984742,42.685313127303));
#5423=CARTESIAN_POINT('',(-5.65258042497659,55.9328437558245,42.9238013421908));
#5424=CARTESIAN_POINT('',(-5.64605166656044,55.9647977152855,43.0677348227128));
#5425=CARTESIAN_POINT('',(-5.64063526965806,55.9804079857071,43.1298597634979));
#5426=CARTESIAN_POINT('',(-5.43741246369209,63.2869324904592,39.1028297968335));
#5427=CARTESIAN_POINT('',(-5.45254078940912,63.3127351582202,39.1253297658811));
#5428=CARTESIAN_POINT('',(-5.48744031358874,63.3749687464469,39.1817044824496));
#5429=CARTESIAN_POINT('',(-5.54367526419921,63.4880286060834,39.2936253425081));
#5430=CARTESIAN_POINT('',(-5.60172882735729,63.6331243890371,39.4559738754097));
#5431=CARTESIAN_POINT('',(-5.641321398138,63.7863648327399,39.656234835429));
#5432=CARTESIAN_POINT('',(-5.6525804249789,63.9180784065505,39.8585569484609));
#5433=CARTESIAN_POINT('',(-5.64605166656282,63.9906422840208,39.9869017419942));
#5434=CARTESIAN_POINT('',(-5.64063526966045,64.0206112916304,40.0435148799846));
#5435=CARTESIAN_POINT('',(-2.71282124812272,53.6020267918253,42.8483630706786));
#5436=CARTESIAN_POINT('',(-2.72095421708427,53.5968473178937,42.8818077363933));
#5437=CARTESIAN_POINT('',(-2.7399268737929,53.5862572301477,42.963528462477));
#5438=CARTESIAN_POINT('',(-2.77152712484241,53.5755888289176,43.1169208285363));
#5439=CARTESIAN_POINT('',(-2.80647018836275,53.5787670000687,43.3236631819987));
#5440=CARTESIAN_POINT('',(-2.83479722035495,53.6081550726549,43.5577361785954));
#5441=CARTESIAN_POINT('',(-2.85021428630619,53.6607770118002,43.7759348776218));
#5442=CARTESIAN_POINT('',(-2.85372857202954,53.7051455867699,43.905933942003));
#5443=CARTESIAN_POINT('',(-2.85411939320688,53.7267559159471,43.9617350575224));
#5444=CARTESIAN_POINT('',(3.71282124810588,53.6020267918251,42.8483630706795));
#5445=CARTESIAN_POINT('',(3.72466032325768,53.5984203785394,42.8808519521887));
#5446=CARTESIAN_POINT('',(3.75268146889601,53.5916891899383,42.9602456289838));
#5447=CARTESIAN_POINT('',(3.80119774659914,53.5883360405939,43.1091989350832));
#5448=CARTESIAN_POINT('',(3.85883714436835,53.6014934361412,43.3098834181858));
#5449=CARTESIAN_POINT('',(3.91273647437459,53.6422788394943,43.5369641370466));
#5450=CARTESIAN_POINT('',(3.9518910342437,53.7056252335932,43.7485892342578));
#5451=CARTESIAN_POINT('',(3.96949262312155,53.756421629458,43.8746129817247));
#5452=CARTESIAN_POINT('',(3.9759215142999,53.7808099347705,43.9287182037238));
#5453=CARTESIAN_POINT('',(6.43741246367716,55.8961964102784,41.9398675704574));
#5454=CARTESIAN_POINT('',(6.45254078939384,55.8920767091803,41.9738536607529));
#5455=CARTESIAN_POINT('',(6.48744031357263,55.8835501883999,42.057390638284));
#5456=CARTESIAN_POINT('',(6.54367526418169,55.8744200116975,42.2162158587314));
#5457=CARTESIAN_POINT('',(6.60172882733817,55.8752252036593,42.4339523601068));
#5458=CARTESIAN_POINT('',(6.64132139811761,55.8953460984755,42.6853131273012));
#5459=CARTESIAN_POINT('',(6.65258042495789,55.9328437558256,42.9238013421874));
#5460=CARTESIAN_POINT('',(6.64605166654174,55.9647977152865,43.0677348227084));
#5461=CARTESIAN_POINT('',(6.6406352696394,55.9804079857079,43.1298597634932));
#5462=CARTESIAN_POINT('',(6.43741246367662,63.2869324904609,39.1028297968354));
#5463=CARTESIAN_POINT('',(6.45254078939346,63.3127351582218,39.1253297658829));
#5464=CARTESIAN_POINT('',(6.48744031357263,63.374968746448,39.1817044824513));
#5465=CARTESIAN_POINT('',(6.54367526418235,63.4880286060836,39.2936253425095));
#5466=CARTESIAN_POINT('',(6.60172882733959,63.6331243890361,39.4559738754104));
#5467=CARTESIAN_POINT('',(6.64132139811967,63.7863648327377,39.6562348354286));
#5468=CARTESIAN_POINT('',(6.6525804249603,63.9180784065472,39.8585569484593));
#5469=CARTESIAN_POINT('',(6.64605166654425,63.990642284017,39.9869017419917));
#5470=CARTESIAN_POINT('',(6.64063526964193,64.0206112916264,40.0435148799817));
#5471=CARTESIAN_POINT('',(3.71282124810487,65.5997349161175,38.2428744189071));
#5472=CARTESIAN_POINT('',(3.72466080112874,65.6241551745154,38.2646059991735));
#5473=CARTESIAN_POINT('',(3.75268303159261,65.6822842040454,38.3191050123383));
#5474=CARTESIAN_POINT('',(3.80120091442407,65.7844486896829,38.4275595896327));
#5475=CARTESIAN_POINT('',(3.85884142919006,65.9089583034676,38.5855084106707));
#5476=CARTESIAN_POINT('',(3.91274021656113,66.0305969338216,38.7815627931044));
#5477=CARTESIAN_POINT('',(3.95189357003991,66.1251270554615,38.9812267871508));
#5478=CARTESIAN_POINT('',(3.96949470117136,66.1717056932139,39.1088749944927));
#5479=CARTESIAN_POINT('',(3.97592353087441,66.1897860179104,39.165403912451));
#5480=CARTESIAN_POINT('',(-2.71282124812171,65.5997349161168,38.2428744189066));
#5481=CARTESIAN_POINT('',(-2.72466032327371,65.6241543084732,38.2646052015771));
#5482=CARTESIAN_POINT('',(-2.75268146891249,65.6822812955476,38.319102157353));
#5483=CARTESIAN_POINT('',(-2.80119774661644,65.7844423871632,38.4275523411651));
#5484=CARTESIAN_POINT('',(-2.85883714438661,65.9089486666133,38.5854939923985));
#5485=CARTESIAN_POINT('',(-2.91273647439365,66.0305858642626,38.781538615264));
#5486=CARTESIAN_POINT('',(-2.95189103426321,66.1251151488948,38.9811937222941));
#5487=CARTESIAN_POINT('',(-2.96949262314118,66.1716924167139,39.1088370412789));
#5488=CARTESIAN_POINT('',(-2.97592151431954,66.1897718338225,39.1653640185614));
ENDSEC;
END-ISO-10303-21;
