ISO-10303-21;
HEADER;
FILE_DESCRIPTION(('STEP AP203'),
    '1');
FILE_NAME('—борка корпус fnirsi',
    '',
    ('UNSPECIFIED'),
    ('UNSPECIFIED'),
    'C3D Converter',
    'C3D Toolkit',
    '');
FILE_SCHEMA(('CONFIG_CONTROL_DESIGN'));
ENDSEC;

DATA;
#1=PRODUCT_DEFINITION('','UNSPECIFIED',#28,#31);
#2=SHAPE_DEFINITION_REPRESENTATION(#26,#3);
#3=SHAPE_REPRESENTATION('NONE',(#4),#8);
#4=AXIS2_PLACEMENT_3D('',#5,#6,#7);
#5=CARTESIAN_POINT('',(0.,0.,0.));
#6=DIRECTION('',(0.,0.,1.));
#7=DIRECTION('',(1.,0.,0.));
#8=(GEOMETRIC_REPRESENTATION_CONTEXT(3)GLOBAL_UNCERTAINTY_ASSIGNED_CONTEXT((#10))
GLOBAL_UNIT_ASSIGNED_CONTEXT((#9,#11,#12))REPRESENTATION_CONTEXT('NONE','NONE'));
#9=(LENGTH_UNIT()NAMED_UNIT(*)SI_UNIT(.MILLI.,.METRE.));
#10=UNCERTAINTY_MEASURE_WITH_UNIT(LENGTH_MEASURE(1.E-5),#9,'NONE','NONE');
#11=(NAMED_UNIT(*)PLANE_ANGLE_UNIT()SI_UNIT($,.RADIAN.));
#12=(NAMED_UNIT(*)SI_UNIT($,.STERADIAN.)SOLID_ANGLE_UNIT());
#13=MANIFOLD_SOLID_BREP('',#14);
#14=CLOSED_SHELL('',(#53,#62,#71,#80,#89,#98,#107,#116,#125,#134,#143,#152,#161,
#170,#179,#188,#197,#206,#215,#224,#233,#242,#251,#260,#269,#278,#287,#296,#305,
#314,#323,#332,#341,#350,#359,#368,#377,#386,#395,#404,#413,#422,#431,#440,#449,
#458,#467,#476,#485,#494,#503,#512,#521,#530,#539,#548,#557,#566,#575,#584,#593,
#602,#611,#620,#629,#638,#647,#656,#665,#674,#683,#692,#701,#710,#719,#728,#737,
#746,#755,#764,#773,#782,#791,#800,#809,#818,#827,#836,#845,#854,#863,#872,#881,
#890,#899,#908,#917,#926,#935,#944,#953,#962,#971,#980,#989,#998,#1007,#1016,#1025,
#1034,#1043,#1052,#1061,#1070,#1079));
#15=COLOUR_RGB('',0.564705882352941,0.564705882352941,0.564705882352941);
#16=FILL_AREA_STYLE_COLOUR('',#15);
#17=FILL_AREA_STYLE($,(#16));
#18=SURFACE_STYLE_FILL_AREA(#17);
#19=SURFACE_SIDE_STYLE('',(#18));
#20=SURFACE_STYLE_USAGE(.BOTH.,#19);
#21=PRESENTATION_STYLE_ASSIGNMENT((#20));
#22=MECHANICAL_DESIGN_GEOMETRIC_PRESENTATION_REPRESENTATION('NONE',(#23,#61,#70,
#79,#88,#97,#106,#115,#124,#133,#142,#151,#160,#169,#178,#187,#196,#205,#214,#223,
#232,#241,#250,#259,#268,#277,#286,#295,#304,#313,#322,#331,#340,#349,#358,#367,
#376,#385,#394,#403,#412,#421,#430,#439,#448,#457,#466,#475,#484,#493,#502,#511,
#520,#529,#538,#547,#556,#565,#574,#583,#592,#601,#610,#619,#628,#637,#646,#655,
#664,#673,#682,#691,#700,#709,#718,#727,#736,#745,#754,#763,#772,#781,#790,#799,
#808,#817,#826,#835,#844,#853,#862,#871,#880,#889,#898,#907,#916,#925,#934,#943,
#952,#961,#970,#979,#988,#997,#1006,#1015,#1024,#1033,#1042,#1051,#1060,#1069,#1078,
#1087),#8);
#23=STYLED_ITEM('',(#21),#13);
#24=ADVANCED_BREP_SHAPE_REPRESENTATION('NONE',(#13),#8);
#25=SHAPE_REPRESENTATION_RELATIONSHIP('','',#3,#24);
#26=PRODUCT_DEFINITION_SHAPE('NONE','NONE',#1);
#27=MECHANICAL_CONTEXT('NONE',#32,'mechanical');
#28=PRODUCT_DEFINITION_FORMATION_WITH_SPECIFIED_SOURCE('ANY','UNSPECIFIED',#29,.NOT_KNOWN.);
#29=PRODUCT('','\X2\04210431043E0440043A0430\X0\','NONE',(#27));
#30=PRODUCT_RELATED_PRODUCT_CATEGORY('assembly','',(#29));
#31=DESIGN_CONTEXT('detailed design',#32,'design');
#32=APPLICATION_CONTEXT('configuration controlled 3d designs of mechanical parts and assemblies');
#33=APPLICATION_PROTOCOL_DEFINITION('international standard','config_control_design',
1994,#32);
#34=CC_DESIGN_DATE_AND_TIME_ASSIGNMENT(#35,#39,(#1));
#35=DATE_AND_TIME(#36,#37);
#36=CALENDAR_DATE(0,1,1);
#37=LOCAL_TIME(0,0,0.,#38);
#38=COORDINATED_UNIVERSAL_TIME_OFFSET(0,0,.AHEAD.);
#39=DATE_TIME_ROLE('creation_date');
#40=CC_DESIGN_APPROVAL(#41,(#1));
#41=APPROVAL(#42,'UNSPECIFIED');
#42=APPROVAL_STATUS('not_yet_approved');
#43=APPROVAL_DATE_TIME(#44,#41);
#44=DATE_AND_TIME(#45,#46);
#45=CALENDAR_DATE(0,1,1);
#46=LOCAL_TIME(0,0,0.,#47);
#47=COORDINATED_UNIVERSAL_TIME_OFFSET(0,0,.AHEAD.);
#48=PERSON('UNSPECIFIED','SavatneevVG','UNSPECIFIED',('UNSPECIFIED'),('UNSPECIFIED'),
('UNSPECIFIED'));
#49=ORGANIZATION('UNSPECIFIED','UNSPECIFIED','UNSPECIFIED');
#50=PERSON_AND_ORGANIZATION(#48,#49);
#51=PERSON_AND_ORGANIZATION_ROLE('creator');
#52=CC_DESIGN_PERSON_AND_ORGANIZATION_ASSIGNMENT(#50,#51,(#28,#1));
#53=ADVANCED_FACE('',(#1088),#1090,.F.);
#54=COLOUR_RGB('',0.564705882352941,0.564705882352941,0.564705882352941);
#55=FILL_AREA_STYLE_COLOUR('',#54);
#56=FILL_AREA_STYLE($,(#55));
#57=SURFACE_STYLE_FILL_AREA(#56);
#58=SURFACE_SIDE_STYLE('',(#57));
#59=SURFACE_STYLE_USAGE(.BOTH.,#58);
#60=PRESENTATION_STYLE_ASSIGNMENT((#59));
#61=STYLED_ITEM('',(#60),#53);
#62=ADVANCED_FACE('',(#1095),#1097,.F.);
#63=COLOUR_RGB('',0.564705882352941,0.564705882352941,0.564705882352941);
#64=FILL_AREA_STYLE_COLOUR('',#63);
#65=FILL_AREA_STYLE($,(#64));
#66=SURFACE_STYLE_FILL_AREA(#65);
#67=SURFACE_SIDE_STYLE('',(#66));
#68=SURFACE_STYLE_USAGE(.BOTH.,#67);
#69=PRESENTATION_STYLE_ASSIGNMENT((#68));
#70=STYLED_ITEM('',(#69),#62);
#71=ADVANCED_FACE('',(#1102),#1104,.F.);
#72=COLOUR_RGB('',0.564705882352941,0.564705882352941,0.564705882352941);
#73=FILL_AREA_STYLE_COLOUR('',#72);
#74=FILL_AREA_STYLE($,(#73));
#75=SURFACE_STYLE_FILL_AREA(#74);
#76=SURFACE_SIDE_STYLE('',(#75));
#77=SURFACE_STYLE_USAGE(.BOTH.,#76);
#78=PRESENTATION_STYLE_ASSIGNMENT((#77));
#79=STYLED_ITEM('',(#78),#71);
#80=ADVANCED_FACE('',(#1109),#1111,.F.);
#81=COLOUR_RGB('',0.564705882352941,0.564705882352941,0.564705882352941);
#82=FILL_AREA_STYLE_COLOUR('',#81);
#83=FILL_AREA_STYLE($,(#82));
#84=SURFACE_STYLE_FILL_AREA(#83);
#85=SURFACE_SIDE_STYLE('',(#84));
#86=SURFACE_STYLE_USAGE(.BOTH.,#85);
#87=PRESENTATION_STYLE_ASSIGNMENT((#86));
#88=STYLED_ITEM('',(#87),#80);
#89=ADVANCED_FACE('',(#1116),#1118,.F.);
#90=COLOUR_RGB('',0.564705882352941,0.564705882352941,0.564705882352941);
#91=FILL_AREA_STYLE_COLOUR('',#90);
#92=FILL_AREA_STYLE($,(#91));
#93=SURFACE_STYLE_FILL_AREA(#92);
#94=SURFACE_SIDE_STYLE('',(#93));
#95=SURFACE_STYLE_USAGE(.BOTH.,#94);
#96=PRESENTATION_STYLE_ASSIGNMENT((#95));
#97=STYLED_ITEM('',(#96),#89);
#98=ADVANCED_FACE('',(#1123),#1125,.F.);
#99=COLOUR_RGB('',0.564705882352941,0.564705882352941,0.564705882352941);
#100=FILL_AREA_STYLE_COLOUR('',#99);
#101=FILL_AREA_STYLE($,(#100));
#102=SURFACE_STYLE_FILL_AREA(#101);
#103=SURFACE_SIDE_STYLE('',(#102));
#104=SURFACE_STYLE_USAGE(.BOTH.,#103);
#105=PRESENTATION_STYLE_ASSIGNMENT((#104));
#106=STYLED_ITEM('',(#105),#98);
#107=ADVANCED_FACE('',(#1130),#1132,.F.);
#108=COLOUR_RGB('',0.564705882352941,0.564705882352941,0.564705882352941);
#109=FILL_AREA_STYLE_COLOUR('',#108);
#110=FILL_AREA_STYLE($,(#109));
#111=SURFACE_STYLE_FILL_AREA(#110);
#112=SURFACE_SIDE_STYLE('',(#111));
#113=SURFACE_STYLE_USAGE(.BOTH.,#112);
#114=PRESENTATION_STYLE_ASSIGNMENT((#113));
#115=STYLED_ITEM('',(#114),#107);
#116=ADVANCED_FACE('',(#1137),#1139,.F.);
#117=COLOUR_RGB('',0.564705882352941,0.564705882352941,0.564705882352941);
#118=FILL_AREA_STYLE_COLOUR('',#117);
#119=FILL_AREA_STYLE($,(#118));
#120=SURFACE_STYLE_FILL_AREA(#119);
#121=SURFACE_SIDE_STYLE('',(#120));
#122=SURFACE_STYLE_USAGE(.BOTH.,#121);
#123=PRESENTATION_STYLE_ASSIGNMENT((#122));
#124=STYLED_ITEM('',(#123),#116);
#125=ADVANCED_FACE('',(#1144),#1146,.F.);
#126=COLOUR_RGB('',0.564705882352941,0.564705882352941,0.564705882352941);
#127=FILL_AREA_STYLE_COLOUR('',#126);
#128=FILL_AREA_STYLE($,(#127));
#129=SURFACE_STYLE_FILL_AREA(#128);
#130=SURFACE_SIDE_STYLE('',(#129));
#131=SURFACE_STYLE_USAGE(.BOTH.,#130);
#132=PRESENTATION_STYLE_ASSIGNMENT((#131));
#133=STYLED_ITEM('',(#132),#125);
#134=ADVANCED_FACE('',(#1151),#1153,.F.);
#135=COLOUR_RGB('',0.564705882352941,0.564705882352941,0.564705882352941);
#136=FILL_AREA_STYLE_COLOUR('',#135);
#137=FILL_AREA_STYLE($,(#136));
#138=SURFACE_STYLE_FILL_AREA(#137);
#139=SURFACE_SIDE_STYLE('',(#138));
#140=SURFACE_STYLE_USAGE(.BOTH.,#139);
#141=PRESENTATION_STYLE_ASSIGNMENT((#140));
#142=STYLED_ITEM('',(#141),#134);
#143=ADVANCED_FACE('',(#1158),#1160,.F.);
#144=COLOUR_RGB('',0.564705882352941,0.564705882352941,0.564705882352941);
#145=FILL_AREA_STYLE_COLOUR('',#144);
#146=FILL_AREA_STYLE($,(#145));
#147=SURFACE_STYLE_FILL_AREA(#146);
#148=SURFACE_SIDE_STYLE('',(#147));
#149=SURFACE_STYLE_USAGE(.BOTH.,#148);
#150=PRESENTATION_STYLE_ASSIGNMENT((#149));
#151=STYLED_ITEM('',(#150),#143);
#152=ADVANCED_FACE('',(#1165),#1167,.F.);
#153=COLOUR_RGB('',0.564705882352941,0.564705882352941,0.564705882352941);
#154=FILL_AREA_STYLE_COLOUR('',#153);
#155=FILL_AREA_STYLE($,(#154));
#156=SURFACE_STYLE_FILL_AREA(#155);
#157=SURFACE_SIDE_STYLE('',(#156));
#158=SURFACE_STYLE_USAGE(.BOTH.,#157);
#159=PRESENTATION_STYLE_ASSIGNMENT((#158));
#160=STYLED_ITEM('',(#159),#152);
#161=ADVANCED_FACE('',(#1172),#1174,.F.);
#162=COLOUR_RGB('',0.564705882352941,0.564705882352941,0.564705882352941);
#163=FILL_AREA_STYLE_COLOUR('',#162);
#164=FILL_AREA_STYLE($,(#163));
#165=SURFACE_STYLE_FILL_AREA(#164);
#166=SURFACE_SIDE_STYLE('',(#165));
#167=SURFACE_STYLE_USAGE(.BOTH.,#166);
#168=PRESENTATION_STYLE_ASSIGNMENT((#167));
#169=STYLED_ITEM('',(#168),#161);
#170=ADVANCED_FACE('',(#1179),#1181,.F.);
#171=COLOUR_RGB('',0.564705882352941,0.564705882352941,0.564705882352941);
#172=FILL_AREA_STYLE_COLOUR('',#171);
#173=FILL_AREA_STYLE($,(#172));
#174=SURFACE_STYLE_FILL_AREA(#173);
#175=SURFACE_SIDE_STYLE('',(#174));
#176=SURFACE_STYLE_USAGE(.BOTH.,#175);
#177=PRESENTATION_STYLE_ASSIGNMENT((#176));
#178=STYLED_ITEM('',(#177),#170);
#179=ADVANCED_FACE('',(#1186),#1188,.F.);
#180=COLOUR_RGB('',0.564705882352941,0.564705882352941,0.564705882352941);
#181=FILL_AREA_STYLE_COLOUR('',#180);
#182=FILL_AREA_STYLE($,(#181));
#183=SURFACE_STYLE_FILL_AREA(#182);
#184=SURFACE_SIDE_STYLE('',(#183));
#185=SURFACE_STYLE_USAGE(.BOTH.,#184);
#186=PRESENTATION_STYLE_ASSIGNMENT((#185));
#187=STYLED_ITEM('',(#186),#179);
#188=ADVANCED_FACE('',(#1193),#1195,.F.);
#189=COLOUR_RGB('',0.564705882352941,0.564705882352941,0.564705882352941);
#190=FILL_AREA_STYLE_COLOUR('',#189);
#191=FILL_AREA_STYLE($,(#190));
#192=SURFACE_STYLE_FILL_AREA(#191);
#193=SURFACE_SIDE_STYLE('',(#192));
#194=SURFACE_STYLE_USAGE(.BOTH.,#193);
#195=PRESENTATION_STYLE_ASSIGNMENT((#194));
#196=STYLED_ITEM('',(#195),#188);
#197=ADVANCED_FACE('',(#1200),#1202,.F.);
#198=COLOUR_RGB('',0.564705882352941,0.564705882352941,0.564705882352941);
#199=FILL_AREA_STYLE_COLOUR('',#198);
#200=FILL_AREA_STYLE($,(#199));
#201=SURFACE_STYLE_FILL_AREA(#200);
#202=SURFACE_SIDE_STYLE('',(#201));
#203=SURFACE_STYLE_USAGE(.BOTH.,#202);
#204=PRESENTATION_STYLE_ASSIGNMENT((#203));
#205=STYLED_ITEM('',(#204),#197);
#206=ADVANCED_FACE('',(#1207),#1209,.F.);
#207=COLOUR_RGB('',0.564705882352941,0.564705882352941,0.564705882352941);
#208=FILL_AREA_STYLE_COLOUR('',#207);
#209=FILL_AREA_STYLE($,(#208));
#210=SURFACE_STYLE_FILL_AREA(#209);
#211=SURFACE_SIDE_STYLE('',(#210));
#212=SURFACE_STYLE_USAGE(.BOTH.,#211);
#213=PRESENTATION_STYLE_ASSIGNMENT((#212));
#214=STYLED_ITEM('',(#213),#206);
#215=ADVANCED_FACE('',(#1214),#1216,.F.);
#216=COLOUR_RGB('',0.564705882352941,0.564705882352941,0.564705882352941);
#217=FILL_AREA_STYLE_COLOUR('',#216);
#218=FILL_AREA_STYLE($,(#217));
#219=SURFACE_STYLE_FILL_AREA(#218);
#220=SURFACE_SIDE_STYLE('',(#219));
#221=SURFACE_STYLE_USAGE(.BOTH.,#220);
#222=PRESENTATION_STYLE_ASSIGNMENT((#221));
#223=STYLED_ITEM('',(#222),#215);
#224=ADVANCED_FACE('',(#1221),#1223,.F.);
#225=COLOUR_RGB('',0.564705882352941,0.564705882352941,0.564705882352941);
#226=FILL_AREA_STYLE_COLOUR('',#225);
#227=FILL_AREA_STYLE($,(#226));
#228=SURFACE_STYLE_FILL_AREA(#227);
#229=SURFACE_SIDE_STYLE('',(#228));
#230=SURFACE_STYLE_USAGE(.BOTH.,#229);
#231=PRESENTATION_STYLE_ASSIGNMENT((#230));
#232=STYLED_ITEM('',(#231),#224);
#233=ADVANCED_FACE('',(#1228),#1230,.F.);
#234=COLOUR_RGB('',0.564705882352941,0.564705882352941,0.564705882352941);
#235=FILL_AREA_STYLE_COLOUR('',#234);
#236=FILL_AREA_STYLE($,(#235));
#237=SURFACE_STYLE_FILL_AREA(#236);
#238=SURFACE_SIDE_STYLE('',(#237));
#239=SURFACE_STYLE_USAGE(.BOTH.,#238);
#240=PRESENTATION_STYLE_ASSIGNMENT((#239));
#241=STYLED_ITEM('',(#240),#233);
#242=ADVANCED_FACE('',(#1235),#1237,.F.);
#243=COLOUR_RGB('',0.564705882352941,0.564705882352941,0.564705882352941);
#244=FILL_AREA_STYLE_COLOUR('',#243);
#245=FILL_AREA_STYLE($,(#244));
#246=SURFACE_STYLE_FILL_AREA(#245);
#247=SURFACE_SIDE_STYLE('',(#246));
#248=SURFACE_STYLE_USAGE(.BOTH.,#247);
#249=PRESENTATION_STYLE_ASSIGNMENT((#248));
#250=STYLED_ITEM('',(#249),#242);
#251=ADVANCED_FACE('',(#1242),#1244,.T.);
#252=COLOUR_RGB('',0.564705882352941,0.564705882352941,0.564705882352941);
#253=FILL_AREA_STYLE_COLOUR('',#252);
#254=FILL_AREA_STYLE($,(#253));
#255=SURFACE_STYLE_FILL_AREA(#254);
#256=SURFACE_SIDE_STYLE('',(#255));
#257=SURFACE_STYLE_USAGE(.BOTH.,#256);
#258=PRESENTATION_STYLE_ASSIGNMENT((#257));
#259=STYLED_ITEM('',(#258),#251);
#260=ADVANCED_FACE('',(#1249,#1251,#1253,#1255,#1257,#1259),#1261,.F.);
#261=COLOUR_RGB('',0.564705882352941,0.564705882352941,0.564705882352941);
#262=FILL_AREA_STYLE_COLOUR('',#261);
#263=FILL_AREA_STYLE($,(#262));
#264=SURFACE_STYLE_FILL_AREA(#263);
#265=SURFACE_SIDE_STYLE('',(#264));
#266=SURFACE_STYLE_USAGE(.BOTH.,#265);
#267=PRESENTATION_STYLE_ASSIGNMENT((#266));
#268=STYLED_ITEM('',(#267),#260);
#269=ADVANCED_FACE('',(#1266),#1268,.T.);
#270=COLOUR_RGB('',0.564705882352941,0.564705882352941,0.564705882352941);
#271=FILL_AREA_STYLE_COLOUR('',#270);
#272=FILL_AREA_STYLE($,(#271));
#273=SURFACE_STYLE_FILL_AREA(#272);
#274=SURFACE_SIDE_STYLE('',(#273));
#275=SURFACE_STYLE_USAGE(.BOTH.,#274);
#276=PRESENTATION_STYLE_ASSIGNMENT((#275));
#277=STYLED_ITEM('',(#276),#269);
#278=ADVANCED_FACE('',(#1273),#1275,.F.);
#279=COLOUR_RGB('',0.564705882352941,0.564705882352941,0.564705882352941);
#280=FILL_AREA_STYLE_COLOUR('',#279);
#281=FILL_AREA_STYLE($,(#280));
#282=SURFACE_STYLE_FILL_AREA(#281);
#283=SURFACE_SIDE_STYLE('',(#282));
#284=SURFACE_STYLE_USAGE(.BOTH.,#283);
#285=PRESENTATION_STYLE_ASSIGNMENT((#284));
#286=STYLED_ITEM('',(#285),#278);
#287=ADVANCED_FACE('',(#1280),#1282,.F.);
#288=COLOUR_RGB('',0.564705882352941,0.564705882352941,0.564705882352941);
#289=FILL_AREA_STYLE_COLOUR('',#288);
#290=FILL_AREA_STYLE($,(#289));
#291=SURFACE_STYLE_FILL_AREA(#290);
#292=SURFACE_SIDE_STYLE('',(#291));
#293=SURFACE_STYLE_USAGE(.BOTH.,#292);
#294=PRESENTATION_STYLE_ASSIGNMENT((#293));
#295=STYLED_ITEM('',(#294),#287);
#296=ADVANCED_FACE('',(#1287),#1289,.F.);
#297=COLOUR_RGB('',0.564705882352941,0.564705882352941,0.564705882352941);
#298=FILL_AREA_STYLE_COLOUR('',#297);
#299=FILL_AREA_STYLE($,(#298));
#300=SURFACE_STYLE_FILL_AREA(#299);
#301=SURFACE_SIDE_STYLE('',(#300));
#302=SURFACE_STYLE_USAGE(.BOTH.,#301);
#303=PRESENTATION_STYLE_ASSIGNMENT((#302));
#304=STYLED_ITEM('',(#303),#296);
#305=ADVANCED_FACE('',(#1294),#1296,.T.);
#306=COLOUR_RGB('',0.564705882352941,0.564705882352941,0.564705882352941);
#307=FILL_AREA_STYLE_COLOUR('',#306);
#308=FILL_AREA_STYLE($,(#307));
#309=SURFACE_STYLE_FILL_AREA(#308);
#310=SURFACE_SIDE_STYLE('',(#309));
#311=SURFACE_STYLE_USAGE(.BOTH.,#310);
#312=PRESENTATION_STYLE_ASSIGNMENT((#311));
#313=STYLED_ITEM('',(#312),#305);
#314=ADVANCED_FACE('',(#1301),#1303,.T.);
#315=COLOUR_RGB('',0.564705882352941,0.564705882352941,0.564705882352941);
#316=FILL_AREA_STYLE_COLOUR('',#315);
#317=FILL_AREA_STYLE($,(#316));
#318=SURFACE_STYLE_FILL_AREA(#317);
#319=SURFACE_SIDE_STYLE('',(#318));
#320=SURFACE_STYLE_USAGE(.BOTH.,#319);
#321=PRESENTATION_STYLE_ASSIGNMENT((#320));
#322=STYLED_ITEM('',(#321),#314);
#323=ADVANCED_FACE('',(#1308),#1310,.T.);
#324=COLOUR_RGB('',0.564705882352941,0.564705882352941,0.564705882352941);
#325=FILL_AREA_STYLE_COLOUR('',#324);
#326=FILL_AREA_STYLE($,(#325));
#327=SURFACE_STYLE_FILL_AREA(#326);
#328=SURFACE_SIDE_STYLE('',(#327));
#329=SURFACE_STYLE_USAGE(.BOTH.,#328);
#330=PRESENTATION_STYLE_ASSIGNMENT((#329));
#331=STYLED_ITEM('',(#330),#323);
#332=ADVANCED_FACE('',(#1315),#1317,.T.);
#333=COLOUR_RGB('',0.564705882352941,0.564705882352941,0.564705882352941);
#334=FILL_AREA_STYLE_COLOUR('',#333);
#335=FILL_AREA_STYLE($,(#334));
#336=SURFACE_STYLE_FILL_AREA(#335);
#337=SURFACE_SIDE_STYLE('',(#336));
#338=SURFACE_STYLE_USAGE(.BOTH.,#337);
#339=PRESENTATION_STYLE_ASSIGNMENT((#338));
#340=STYLED_ITEM('',(#339),#332);
#341=ADVANCED_FACE('',(#1322),#1324,.T.);
#342=COLOUR_RGB('',0.564705882352941,0.564705882352941,0.564705882352941);
#343=FILL_AREA_STYLE_COLOUR('',#342);
#344=FILL_AREA_STYLE($,(#343));
#345=SURFACE_STYLE_FILL_AREA(#344);
#346=SURFACE_SIDE_STYLE('',(#345));
#347=SURFACE_STYLE_USAGE(.BOTH.,#346);
#348=PRESENTATION_STYLE_ASSIGNMENT((#347));
#349=STYLED_ITEM('',(#348),#341);
#350=ADVANCED_FACE('',(#1329),#1331,.F.);
#351=COLOUR_RGB('',0.564705882352941,0.564705882352941,0.564705882352941);
#352=FILL_AREA_STYLE_COLOUR('',#351);
#353=FILL_AREA_STYLE($,(#352));
#354=SURFACE_STYLE_FILL_AREA(#353);
#355=SURFACE_SIDE_STYLE('',(#354));
#356=SURFACE_STYLE_USAGE(.BOTH.,#355);
#357=PRESENTATION_STYLE_ASSIGNMENT((#356));
#358=STYLED_ITEM('',(#357),#350);
#359=ADVANCED_FACE('',(#1336),#1338,.T.);
#360=COLOUR_RGB('',0.564705882352941,0.564705882352941,0.564705882352941);
#361=FILL_AREA_STYLE_COLOUR('',#360);
#362=FILL_AREA_STYLE($,(#361));
#363=SURFACE_STYLE_FILL_AREA(#362);
#364=SURFACE_SIDE_STYLE('',(#363));
#365=SURFACE_STYLE_USAGE(.BOTH.,#364);
#366=PRESENTATION_STYLE_ASSIGNMENT((#365));
#367=STYLED_ITEM('',(#366),#359);
#368=ADVANCED_FACE('',(#1343),#1345,.T.);
#369=COLOUR_RGB('',0.564705882352941,0.564705882352941,0.564705882352941);
#370=FILL_AREA_STYLE_COLOUR('',#369);
#371=FILL_AREA_STYLE($,(#370));
#372=SURFACE_STYLE_FILL_AREA(#371);
#373=SURFACE_SIDE_STYLE('',(#372));
#374=SURFACE_STYLE_USAGE(.BOTH.,#373);
#375=PRESENTATION_STYLE_ASSIGNMENT((#374));
#376=STYLED_ITEM('',(#375),#368);
#377=ADVANCED_FACE('',(#1350),#1352,.T.);
#378=COLOUR_RGB('',0.564705882352941,0.564705882352941,0.564705882352941);
#379=FILL_AREA_STYLE_COLOUR('',#378);
#380=FILL_AREA_STYLE($,(#379));
#381=SURFACE_STYLE_FILL_AREA(#380);
#382=SURFACE_SIDE_STYLE('',(#381));
#383=SURFACE_STYLE_USAGE(.BOTH.,#382);
#384=PRESENTATION_STYLE_ASSIGNMENT((#383));
#385=STYLED_ITEM('',(#384),#377);
#386=ADVANCED_FACE('',(#1357),#1359,.T.);
#387=COLOUR_RGB('',0.564705882352941,0.564705882352941,0.564705882352941);
#388=FILL_AREA_STYLE_COLOUR('',#387);
#389=FILL_AREA_STYLE($,(#388));
#390=SURFACE_STYLE_FILL_AREA(#389);
#391=SURFACE_SIDE_STYLE('',(#390));
#392=SURFACE_STYLE_USAGE(.BOTH.,#391);
#393=PRESENTATION_STYLE_ASSIGNMENT((#392));
#394=STYLED_ITEM('',(#393),#386);
#395=ADVANCED_FACE('',(#1364),#1366,.T.);
#396=COLOUR_RGB('',0.564705882352941,0.564705882352941,0.564705882352941);
#397=FILL_AREA_STYLE_COLOUR('',#396);
#398=FILL_AREA_STYLE($,(#397));
#399=SURFACE_STYLE_FILL_AREA(#398);
#400=SURFACE_SIDE_STYLE('',(#399));
#401=SURFACE_STYLE_USAGE(.BOTH.,#400);
#402=PRESENTATION_STYLE_ASSIGNMENT((#401));
#403=STYLED_ITEM('',(#402),#395);
#404=ADVANCED_FACE('',(#1371),#1373,.T.);
#405=COLOUR_RGB('',0.564705882352941,0.564705882352941,0.564705882352941);
#406=FILL_AREA_STYLE_COLOUR('',#405);
#407=FILL_AREA_STYLE($,(#406));
#408=SURFACE_STYLE_FILL_AREA(#407);
#409=SURFACE_SIDE_STYLE('',(#408));
#410=SURFACE_STYLE_USAGE(.BOTH.,#409);
#411=PRESENTATION_STYLE_ASSIGNMENT((#410));
#412=STYLED_ITEM('',(#411),#404);
#413=ADVANCED_FACE('',(#1378),#1380,.T.);
#414=COLOUR_RGB('',0.564705882352941,0.564705882352941,0.564705882352941);
#415=FILL_AREA_STYLE_COLOUR('',#414);
#416=FILL_AREA_STYLE($,(#415));
#417=SURFACE_STYLE_FILL_AREA(#416);
#418=SURFACE_SIDE_STYLE('',(#417));
#419=SURFACE_STYLE_USAGE(.BOTH.,#418);
#420=PRESENTATION_STYLE_ASSIGNMENT((#419));
#421=STYLED_ITEM('',(#420),#413);
#422=ADVANCED_FACE('',(#1385),#1387,.T.);
#423=COLOUR_RGB('',0.564705882352941,0.564705882352941,0.564705882352941);
#424=FILL_AREA_STYLE_COLOUR('',#423);
#425=FILL_AREA_STYLE($,(#424));
#426=SURFACE_STYLE_FILL_AREA(#425);
#427=SURFACE_SIDE_STYLE('',(#426));
#428=SURFACE_STYLE_USAGE(.BOTH.,#427);
#429=PRESENTATION_STYLE_ASSIGNMENT((#428));
#430=STYLED_ITEM('',(#429),#422);
#431=ADVANCED_FACE('',(#1392),#1394,.T.);
#432=COLOUR_RGB('',0.564705882352941,0.564705882352941,0.564705882352941);
#433=FILL_AREA_STYLE_COLOUR('',#432);
#434=FILL_AREA_STYLE($,(#433));
#435=SURFACE_STYLE_FILL_AREA(#434);
#436=SURFACE_SIDE_STYLE('',(#435));
#437=SURFACE_STYLE_USAGE(.BOTH.,#436);
#438=PRESENTATION_STYLE_ASSIGNMENT((#437));
#439=STYLED_ITEM('',(#438),#431);
#440=ADVANCED_FACE('',(#1399),#1401,.T.);
#441=COLOUR_RGB('',0.564705882352941,0.564705882352941,0.564705882352941);
#442=FILL_AREA_STYLE_COLOUR('',#441);
#443=FILL_AREA_STYLE($,(#442));
#444=SURFACE_STYLE_FILL_AREA(#443);
#445=SURFACE_SIDE_STYLE('',(#444));
#446=SURFACE_STYLE_USAGE(.BOTH.,#445);
#447=PRESENTATION_STYLE_ASSIGNMENT((#446));
#448=STYLED_ITEM('',(#447),#440);
#449=ADVANCED_FACE('',(#1406),#1408,.T.);
#450=COLOUR_RGB('',0.564705882352941,0.564705882352941,0.564705882352941);
#451=FILL_AREA_STYLE_COLOUR('',#450);
#452=FILL_AREA_STYLE($,(#451));
#453=SURFACE_STYLE_FILL_AREA(#452);
#454=SURFACE_SIDE_STYLE('',(#453));
#455=SURFACE_STYLE_USAGE(.BOTH.,#454);
#456=PRESENTATION_STYLE_ASSIGNMENT((#455));
#457=STYLED_ITEM('',(#456),#449);
#458=ADVANCED_FACE('',(#1413),#1415,.T.);
#459=COLOUR_RGB('',0.564705882352941,0.564705882352941,0.564705882352941);
#460=FILL_AREA_STYLE_COLOUR('',#459);
#461=FILL_AREA_STYLE($,(#460));
#462=SURFACE_STYLE_FILL_AREA(#461);
#463=SURFACE_SIDE_STYLE('',(#462));
#464=SURFACE_STYLE_USAGE(.BOTH.,#463);
#465=PRESENTATION_STYLE_ASSIGNMENT((#464));
#466=STYLED_ITEM('',(#465),#458);
#467=ADVANCED_FACE('',(#1420),#1422,.T.);
#468=COLOUR_RGB('',0.564705882352941,0.564705882352941,0.564705882352941);
#469=FILL_AREA_STYLE_COLOUR('',#468);
#470=FILL_AREA_STYLE($,(#469));
#471=SURFACE_STYLE_FILL_AREA(#470);
#472=SURFACE_SIDE_STYLE('',(#471));
#473=SURFACE_STYLE_USAGE(.BOTH.,#472);
#474=PRESENTATION_STYLE_ASSIGNMENT((#473));
#475=STYLED_ITEM('',(#474),#467);
#476=ADVANCED_FACE('',(#1427),#1429,.T.);
#477=COLOUR_RGB('',0.564705882352941,0.564705882352941,0.564705882352941);
#478=FILL_AREA_STYLE_COLOUR('',#477);
#479=FILL_AREA_STYLE($,(#478));
#480=SURFACE_STYLE_FILL_AREA(#479);
#481=SURFACE_SIDE_STYLE('',(#480));
#482=SURFACE_STYLE_USAGE(.BOTH.,#481);
#483=PRESENTATION_STYLE_ASSIGNMENT((#482));
#484=STYLED_ITEM('',(#483),#476);
#485=ADVANCED_FACE('',(#1434),#1436,.T.);
#486=COLOUR_RGB('',0.564705882352941,0.564705882352941,0.564705882352941);
#487=FILL_AREA_STYLE_COLOUR('',#486);
#488=FILL_AREA_STYLE($,(#487));
#489=SURFACE_STYLE_FILL_AREA(#488);
#490=SURFACE_SIDE_STYLE('',(#489));
#491=SURFACE_STYLE_USAGE(.BOTH.,#490);
#492=PRESENTATION_STYLE_ASSIGNMENT((#491));
#493=STYLED_ITEM('',(#492),#485);
#494=ADVANCED_FACE('',(#1441),#1443,.T.);
#495=COLOUR_RGB('',0.564705882352941,0.564705882352941,0.564705882352941);
#496=FILL_AREA_STYLE_COLOUR('',#495);
#497=FILL_AREA_STYLE($,(#496));
#498=SURFACE_STYLE_FILL_AREA(#497);
#499=SURFACE_SIDE_STYLE('',(#498));
#500=SURFACE_STYLE_USAGE(.BOTH.,#499);
#501=PRESENTATION_STYLE_ASSIGNMENT((#500));
#502=STYLED_ITEM('',(#501),#494);
#503=ADVANCED_FACE('',(#1448),#1450,.F.);
#504=COLOUR_RGB('',0.564705882352941,0.564705882352941,0.564705882352941);
#505=FILL_AREA_STYLE_COLOUR('',#504);
#506=FILL_AREA_STYLE($,(#505));
#507=SURFACE_STYLE_FILL_AREA(#506);
#508=SURFACE_SIDE_STYLE('',(#507));
#509=SURFACE_STYLE_USAGE(.BOTH.,#508);
#510=PRESENTATION_STYLE_ASSIGNMENT((#509));
#511=STYLED_ITEM('',(#510),#503);
#512=ADVANCED_FACE('',(#1455),#1457,.T.);
#513=COLOUR_RGB('',0.564705882352941,0.564705882352941,0.564705882352941);
#514=FILL_AREA_STYLE_COLOUR('',#513);
#515=FILL_AREA_STYLE($,(#514));
#516=SURFACE_STYLE_FILL_AREA(#515);
#517=SURFACE_SIDE_STYLE('',(#516));
#518=SURFACE_STYLE_USAGE(.BOTH.,#517);
#519=PRESENTATION_STYLE_ASSIGNMENT((#518));
#520=STYLED_ITEM('',(#519),#512);
#521=ADVANCED_FACE('',(#1462),#1464,.T.);
#522=COLOUR_RGB('',0.564705882352941,0.564705882352941,0.564705882352941);
#523=FILL_AREA_STYLE_COLOUR('',#522);
#524=FILL_AREA_STYLE($,(#523));
#525=SURFACE_STYLE_FILL_AREA(#524);
#526=SURFACE_SIDE_STYLE('',(#525));
#527=SURFACE_STYLE_USAGE(.BOTH.,#526);
#528=PRESENTATION_STYLE_ASSIGNMENT((#527));
#529=STYLED_ITEM('',(#528),#521);
#530=ADVANCED_FACE('',(#1469),#1471,.T.);
#531=COLOUR_RGB('',0.564705882352941,0.564705882352941,0.564705882352941);
#532=FILL_AREA_STYLE_COLOUR('',#531);
#533=FILL_AREA_STYLE($,(#532));
#534=SURFACE_STYLE_FILL_AREA(#533);
#535=SURFACE_SIDE_STYLE('',(#534));
#536=SURFACE_STYLE_USAGE(.BOTH.,#535);
#537=PRESENTATION_STYLE_ASSIGNMENT((#536));
#538=STYLED_ITEM('',(#537),#530);
#539=ADVANCED_FACE('',(#1476),#1478,.T.);
#540=COLOUR_RGB('',0.564705882352941,0.564705882352941,0.564705882352941);
#541=FILL_AREA_STYLE_COLOUR('',#540);
#542=FILL_AREA_STYLE($,(#541));
#543=SURFACE_STYLE_FILL_AREA(#542);
#544=SURFACE_SIDE_STYLE('',(#543));
#545=SURFACE_STYLE_USAGE(.BOTH.,#544);
#546=PRESENTATION_STYLE_ASSIGNMENT((#545));
#547=STYLED_ITEM('',(#546),#539);
#548=ADVANCED_FACE('',(#1483),#1485,.T.);
#549=COLOUR_RGB('',0.564705882352941,0.564705882352941,0.564705882352941);
#550=FILL_AREA_STYLE_COLOUR('',#549);
#551=FILL_AREA_STYLE($,(#550));
#552=SURFACE_STYLE_FILL_AREA(#551);
#553=SURFACE_SIDE_STYLE('',(#552));
#554=SURFACE_STYLE_USAGE(.BOTH.,#553);
#555=PRESENTATION_STYLE_ASSIGNMENT((#554));
#556=STYLED_ITEM('',(#555),#548);
#557=ADVANCED_FACE('',(#1490),#1492,.T.);
#558=COLOUR_RGB('',0.564705882352941,0.564705882352941,0.564705882352941);
#559=FILL_AREA_STYLE_COLOUR('',#558);
#560=FILL_AREA_STYLE($,(#559));
#561=SURFACE_STYLE_FILL_AREA(#560);
#562=SURFACE_SIDE_STYLE('',(#561));
#563=SURFACE_STYLE_USAGE(.BOTH.,#562);
#564=PRESENTATION_STYLE_ASSIGNMENT((#563));
#565=STYLED_ITEM('',(#564),#557);
#566=ADVANCED_FACE('',(#1497),#1499,.T.);
#567=COLOUR_RGB('',0.564705882352941,0.564705882352941,0.564705882352941);
#568=FILL_AREA_STYLE_COLOUR('',#567);
#569=FILL_AREA_STYLE($,(#568));
#570=SURFACE_STYLE_FILL_AREA(#569);
#571=SURFACE_SIDE_STYLE('',(#570));
#572=SURFACE_STYLE_USAGE(.BOTH.,#571);
#573=PRESENTATION_STYLE_ASSIGNMENT((#572));
#574=STYLED_ITEM('',(#573),#566);
#575=ADVANCED_FACE('',(#1504),#1506,.T.);
#576=COLOUR_RGB('',0.564705882352941,0.564705882352941,0.564705882352941);
#577=FILL_AREA_STYLE_COLOUR('',#576);
#578=FILL_AREA_STYLE($,(#577));
#579=SURFACE_STYLE_FILL_AREA(#578);
#580=SURFACE_SIDE_STYLE('',(#579));
#581=SURFACE_STYLE_USAGE(.BOTH.,#580);
#582=PRESENTATION_STYLE_ASSIGNMENT((#581));
#583=STYLED_ITEM('',(#582),#575);
#584=ADVANCED_FACE('',(#1511),#1513,.T.);
#585=COLOUR_RGB('',0.564705882352941,0.564705882352941,0.564705882352941);
#586=FILL_AREA_STYLE_COLOUR('',#585);
#587=FILL_AREA_STYLE($,(#586));
#588=SURFACE_STYLE_FILL_AREA(#587);
#589=SURFACE_SIDE_STYLE('',(#588));
#590=SURFACE_STYLE_USAGE(.BOTH.,#589);
#591=PRESENTATION_STYLE_ASSIGNMENT((#590));
#592=STYLED_ITEM('',(#591),#584);
#593=ADVANCED_FACE('',(#1518),#1520,.T.);
#594=COLOUR_RGB('',0.564705882352941,0.564705882352941,0.564705882352941);
#595=FILL_AREA_STYLE_COLOUR('',#594);
#596=FILL_AREA_STYLE($,(#595));
#597=SURFACE_STYLE_FILL_AREA(#596);
#598=SURFACE_SIDE_STYLE('',(#597));
#599=SURFACE_STYLE_USAGE(.BOTH.,#598);
#600=PRESENTATION_STYLE_ASSIGNMENT((#599));
#601=STYLED_ITEM('',(#600),#593);
#602=ADVANCED_FACE('',(#1525),#1527,.T.);
#603=COLOUR_RGB('',0.564705882352941,0.564705882352941,0.564705882352941);
#604=FILL_AREA_STYLE_COLOUR('',#603);
#605=FILL_AREA_STYLE($,(#604));
#606=SURFACE_STYLE_FILL_AREA(#605);
#607=SURFACE_SIDE_STYLE('',(#606));
#608=SURFACE_STYLE_USAGE(.BOTH.,#607);
#609=PRESENTATION_STYLE_ASSIGNMENT((#608));
#610=STYLED_ITEM('',(#609),#602);
#611=ADVANCED_FACE('',(#1532),#1534,.T.);
#612=COLOUR_RGB('',0.564705882352941,0.564705882352941,0.564705882352941);
#613=FILL_AREA_STYLE_COLOUR('',#612);
#614=FILL_AREA_STYLE($,(#613));
#615=SURFACE_STYLE_FILL_AREA(#614);
#616=SURFACE_SIDE_STYLE('',(#615));
#617=SURFACE_STYLE_USAGE(.BOTH.,#616);
#618=PRESENTATION_STYLE_ASSIGNMENT((#617));
#619=STYLED_ITEM('',(#618),#611);
#620=ADVANCED_FACE('',(#1539),#1541,.T.);
#621=COLOUR_RGB('',0.564705882352941,0.564705882352941,0.564705882352941);
#622=FILL_AREA_STYLE_COLOUR('',#621);
#623=FILL_AREA_STYLE($,(#622));
#624=SURFACE_STYLE_FILL_AREA(#623);
#625=SURFACE_SIDE_STYLE('',(#624));
#626=SURFACE_STYLE_USAGE(.BOTH.,#625);
#627=PRESENTATION_STYLE_ASSIGNMENT((#626));
#628=STYLED_ITEM('',(#627),#620);
#629=ADVANCED_FACE('',(#1546),#1548,.T.);
#630=COLOUR_RGB('',0.564705882352941,0.564705882352941,0.564705882352941);
#631=FILL_AREA_STYLE_COLOUR('',#630);
#632=FILL_AREA_STYLE($,(#631));
#633=SURFACE_STYLE_FILL_AREA(#632);
#634=SURFACE_SIDE_STYLE('',(#633));
#635=SURFACE_STYLE_USAGE(.BOTH.,#634);
#636=PRESENTATION_STYLE_ASSIGNMENT((#635));
#637=STYLED_ITEM('',(#636),#629);
#638=ADVANCED_FACE('',(#1553),#1555,.T.);
#639=COLOUR_RGB('',0.564705882352941,0.564705882352941,0.564705882352941);
#640=FILL_AREA_STYLE_COLOUR('',#639);
#641=FILL_AREA_STYLE($,(#640));
#642=SURFACE_STYLE_FILL_AREA(#641);
#643=SURFACE_SIDE_STYLE('',(#642));
#644=SURFACE_STYLE_USAGE(.BOTH.,#643);
#645=PRESENTATION_STYLE_ASSIGNMENT((#644));
#646=STYLED_ITEM('',(#645),#638);
#647=ADVANCED_FACE('',(#1560),#1562,.T.);
#648=COLOUR_RGB('',0.564705882352941,0.564705882352941,0.564705882352941);
#649=FILL_AREA_STYLE_COLOUR('',#648);
#650=FILL_AREA_STYLE($,(#649));
#651=SURFACE_STYLE_FILL_AREA(#650);
#652=SURFACE_SIDE_STYLE('',(#651));
#653=SURFACE_STYLE_USAGE(.BOTH.,#652);
#654=PRESENTATION_STYLE_ASSIGNMENT((#653));
#655=STYLED_ITEM('',(#654),#647);
#656=ADVANCED_FACE('',(#1567),#1569,.T.);
#657=COLOUR_RGB('',0.564705882352941,0.564705882352941,0.564705882352941);
#658=FILL_AREA_STYLE_COLOUR('',#657);
#659=FILL_AREA_STYLE($,(#658));
#660=SURFACE_STYLE_FILL_AREA(#659);
#661=SURFACE_SIDE_STYLE('',(#660));
#662=SURFACE_STYLE_USAGE(.BOTH.,#661);
#663=PRESENTATION_STYLE_ASSIGNMENT((#662));
#664=STYLED_ITEM('',(#663),#656);
#665=ADVANCED_FACE('',(#1574),#1576,.T.);
#666=COLOUR_RGB('',0.564705882352941,0.564705882352941,0.564705882352941);
#667=FILL_AREA_STYLE_COLOUR('',#666);
#668=FILL_AREA_STYLE($,(#667));
#669=SURFACE_STYLE_FILL_AREA(#668);
#670=SURFACE_SIDE_STYLE('',(#669));
#671=SURFACE_STYLE_USAGE(.BOTH.,#670);
#672=PRESENTATION_STYLE_ASSIGNMENT((#671));
#673=STYLED_ITEM('',(#672),#665);
#674=ADVANCED_FACE('',(#1581),#1583,.T.);
#675=COLOUR_RGB('',0.564705882352941,0.564705882352941,0.564705882352941);
#676=FILL_AREA_STYLE_COLOUR('',#675);
#677=FILL_AREA_STYLE($,(#676));
#678=SURFACE_STYLE_FILL_AREA(#677);
#679=SURFACE_SIDE_STYLE('',(#678));
#680=SURFACE_STYLE_USAGE(.BOTH.,#679);
#681=PRESENTATION_STYLE_ASSIGNMENT((#680));
#682=STYLED_ITEM('',(#681),#674);
#683=ADVANCED_FACE('',(#1588),#1590,.T.);
#684=COLOUR_RGB('',0.564705882352941,0.564705882352941,0.564705882352941);
#685=FILL_AREA_STYLE_COLOUR('',#684);
#686=FILL_AREA_STYLE($,(#685));
#687=SURFACE_STYLE_FILL_AREA(#686);
#688=SURFACE_SIDE_STYLE('',(#687));
#689=SURFACE_STYLE_USAGE(.BOTH.,#688);
#690=PRESENTATION_STYLE_ASSIGNMENT((#689));
#691=STYLED_ITEM('',(#690),#683);
#692=ADVANCED_FACE('',(#1595),#1597,.T.);
#693=COLOUR_RGB('',0.564705882352941,0.564705882352941,0.564705882352941);
#694=FILL_AREA_STYLE_COLOUR('',#693);
#695=FILL_AREA_STYLE($,(#694));
#696=SURFACE_STYLE_FILL_AREA(#695);
#697=SURFACE_SIDE_STYLE('',(#696));
#698=SURFACE_STYLE_USAGE(.BOTH.,#697);
#699=PRESENTATION_STYLE_ASSIGNMENT((#698));
#700=STYLED_ITEM('',(#699),#692);
#701=ADVANCED_FACE('',(#1602),#1604,.T.);
#702=COLOUR_RGB('',0.564705882352941,0.564705882352941,0.564705882352941);
#703=FILL_AREA_STYLE_COLOUR('',#702);
#704=FILL_AREA_STYLE($,(#703));
#705=SURFACE_STYLE_FILL_AREA(#704);
#706=SURFACE_SIDE_STYLE('',(#705));
#707=SURFACE_STYLE_USAGE(.BOTH.,#706);
#708=PRESENTATION_STYLE_ASSIGNMENT((#707));
#709=STYLED_ITEM('',(#708),#701);
#710=ADVANCED_FACE('',(#1609),#1611,.F.);
#711=COLOUR_RGB('',0.564705882352941,0.564705882352941,0.564705882352941);
#712=FILL_AREA_STYLE_COLOUR('',#711);
#713=FILL_AREA_STYLE($,(#712));
#714=SURFACE_STYLE_FILL_AREA(#713);
#715=SURFACE_SIDE_STYLE('',(#714));
#716=SURFACE_STYLE_USAGE(.BOTH.,#715);
#717=PRESENTATION_STYLE_ASSIGNMENT((#716));
#718=STYLED_ITEM('',(#717),#710);
#719=ADVANCED_FACE('',(#1616),#1618,.T.);
#720=COLOUR_RGB('',0.564705882352941,0.564705882352941,0.564705882352941);
#721=FILL_AREA_STYLE_COLOUR('',#720);
#722=FILL_AREA_STYLE($,(#721));
#723=SURFACE_STYLE_FILL_AREA(#722);
#724=SURFACE_SIDE_STYLE('',(#723));
#725=SURFACE_STYLE_USAGE(.BOTH.,#724);
#726=PRESENTATION_STYLE_ASSIGNMENT((#725));
#727=STYLED_ITEM('',(#726),#719);
#728=ADVANCED_FACE('',(#1623,#1625),#1627,.F.);
#729=COLOUR_RGB('',0.564705882352941,0.564705882352941,0.564705882352941);
#730=FILL_AREA_STYLE_COLOUR('',#729);
#731=FILL_AREA_STYLE($,(#730));
#732=SURFACE_STYLE_FILL_AREA(#731);
#733=SURFACE_SIDE_STYLE('',(#732));
#734=SURFACE_STYLE_USAGE(.BOTH.,#733);
#735=PRESENTATION_STYLE_ASSIGNMENT((#734));
#736=STYLED_ITEM('',(#735),#728);
#737=ADVANCED_FACE('',(#1632,#1634),#1636,.F.);
#738=COLOUR_RGB('',0.564705882352941,0.564705882352941,0.564705882352941);
#739=FILL_AREA_STYLE_COLOUR('',#738);
#740=FILL_AREA_STYLE($,(#739));
#741=SURFACE_STYLE_FILL_AREA(#740);
#742=SURFACE_SIDE_STYLE('',(#741));
#743=SURFACE_STYLE_USAGE(.BOTH.,#742);
#744=PRESENTATION_STYLE_ASSIGNMENT((#743));
#745=STYLED_ITEM('',(#744),#737);
#746=ADVANCED_FACE('',(#1641,#1643),#1645,.F.);
#747=COLOUR_RGB('',0.564705882352941,0.564705882352941,0.564705882352941);
#748=FILL_AREA_STYLE_COLOUR('',#747);
#749=FILL_AREA_STYLE($,(#748));
#750=SURFACE_STYLE_FILL_AREA(#749);
#751=SURFACE_SIDE_STYLE('',(#750));
#752=SURFACE_STYLE_USAGE(.BOTH.,#751);
#753=PRESENTATION_STYLE_ASSIGNMENT((#752));
#754=STYLED_ITEM('',(#753),#746);
#755=ADVANCED_FACE('',(#1650,#1652),#1654,.F.);
#756=COLOUR_RGB('',0.564705882352941,0.564705882352941,0.564705882352941);
#757=FILL_AREA_STYLE_COLOUR('',#756);
#758=FILL_AREA_STYLE($,(#757));
#759=SURFACE_STYLE_FILL_AREA(#758);
#760=SURFACE_SIDE_STYLE('',(#759));
#761=SURFACE_STYLE_USAGE(.BOTH.,#760);
#762=PRESENTATION_STYLE_ASSIGNMENT((#761));
#763=STYLED_ITEM('',(#762),#755);
#764=ADVANCED_FACE('',(#1659),#1661,.F.);
#765=COLOUR_RGB('',0.564705882352941,0.564705882352941,0.564705882352941);
#766=FILL_AREA_STYLE_COLOUR('',#765);
#767=FILL_AREA_STYLE($,(#766));
#768=SURFACE_STYLE_FILL_AREA(#767);
#769=SURFACE_SIDE_STYLE('',(#768));
#770=SURFACE_STYLE_USAGE(.BOTH.,#769);
#771=PRESENTATION_STYLE_ASSIGNMENT((#770));
#772=STYLED_ITEM('',(#771),#764);
#773=ADVANCED_FACE('',(#1666),#1668,.F.);
#774=COLOUR_RGB('',0.564705882352941,0.564705882352941,0.564705882352941);
#775=FILL_AREA_STYLE_COLOUR('',#774);
#776=FILL_AREA_STYLE($,(#775));
#777=SURFACE_STYLE_FILL_AREA(#776);
#778=SURFACE_SIDE_STYLE('',(#777));
#779=SURFACE_STYLE_USAGE(.BOTH.,#778);
#780=PRESENTATION_STYLE_ASSIGNMENT((#779));
#781=STYLED_ITEM('',(#780),#773);
#782=ADVANCED_FACE('',(#1673),#1675,.F.);
#783=COLOUR_RGB('',0.564705882352941,0.564705882352941,0.564705882352941);
#784=FILL_AREA_STYLE_COLOUR('',#783);
#785=FILL_AREA_STYLE($,(#784));
#786=SURFACE_STYLE_FILL_AREA(#785);
#787=SURFACE_SIDE_STYLE('',(#786));
#788=SURFACE_STYLE_USAGE(.BOTH.,#787);
#789=PRESENTATION_STYLE_ASSIGNMENT((#788));
#790=STYLED_ITEM('',(#789),#782);
#791=ADVANCED_FACE('',(#1680),#1682,.F.);
#792=COLOUR_RGB('',0.564705882352941,0.564705882352941,0.564705882352941);
#793=FILL_AREA_STYLE_COLOUR('',#792);
#794=FILL_AREA_STYLE($,(#793));
#795=SURFACE_STYLE_FILL_AREA(#794);
#796=SURFACE_SIDE_STYLE('',(#795));
#797=SURFACE_STYLE_USAGE(.BOTH.,#796);
#798=PRESENTATION_STYLE_ASSIGNMENT((#797));
#799=STYLED_ITEM('',(#798),#791);
#800=ADVANCED_FACE('',(#1687),#1689,.T.);
#801=COLOUR_RGB('',0.564705882352941,0.564705882352941,0.564705882352941);
#802=FILL_AREA_STYLE_COLOUR('',#801);
#803=FILL_AREA_STYLE($,(#802));
#804=SURFACE_STYLE_FILL_AREA(#803);
#805=SURFACE_SIDE_STYLE('',(#804));
#806=SURFACE_STYLE_USAGE(.BOTH.,#805);
#807=PRESENTATION_STYLE_ASSIGNMENT((#806));
#808=STYLED_ITEM('',(#807),#800);
#809=ADVANCED_FACE('',(#1694),#1696,.T.);
#810=COLOUR_RGB('',0.564705882352941,0.564705882352941,0.564705882352941);
#811=FILL_AREA_STYLE_COLOUR('',#810);
#812=FILL_AREA_STYLE($,(#811));
#813=SURFACE_STYLE_FILL_AREA(#812);
#814=SURFACE_SIDE_STYLE('',(#813));
#815=SURFACE_STYLE_USAGE(.BOTH.,#814);
#816=PRESENTATION_STYLE_ASSIGNMENT((#815));
#817=STYLED_ITEM('',(#816),#809);
#818=ADVANCED_FACE('',(#1701),#1703,.T.);
#819=COLOUR_RGB('',0.564705882352941,0.564705882352941,0.564705882352941);
#820=FILL_AREA_STYLE_COLOUR('',#819);
#821=FILL_AREA_STYLE($,(#820));
#822=SURFACE_STYLE_FILL_AREA(#821);
#823=SURFACE_SIDE_STYLE('',(#822));
#824=SURFACE_STYLE_USAGE(.BOTH.,#823);
#825=PRESENTATION_STYLE_ASSIGNMENT((#824));
#826=STYLED_ITEM('',(#825),#818);
#827=ADVANCED_FACE('',(#1708),#1710,.T.);
#828=COLOUR_RGB('',0.564705882352941,0.564705882352941,0.564705882352941);
#829=FILL_AREA_STYLE_COLOUR('',#828);
#830=FILL_AREA_STYLE($,(#829));
#831=SURFACE_STYLE_FILL_AREA(#830);
#832=SURFACE_SIDE_STYLE('',(#831));
#833=SURFACE_STYLE_USAGE(.BOTH.,#832);
#834=PRESENTATION_STYLE_ASSIGNMENT((#833));
#835=STYLED_ITEM('',(#834),#827);
#836=ADVANCED_FACE('',(#1715),#1717,.T.);
#837=COLOUR_RGB('',0.564705882352941,0.564705882352941,0.564705882352941);
#838=FILL_AREA_STYLE_COLOUR('',#837);
#839=FILL_AREA_STYLE($,(#838));
#840=SURFACE_STYLE_FILL_AREA(#839);
#841=SURFACE_SIDE_STYLE('',(#840));
#842=SURFACE_STYLE_USAGE(.BOTH.,#841);
#843=PRESENTATION_STYLE_ASSIGNMENT((#842));
#844=STYLED_ITEM('',(#843),#836);
#845=ADVANCED_FACE('',(#1722),#1724,.T.);
#846=COLOUR_RGB('',0.564705882352941,0.564705882352941,0.564705882352941);
#847=FILL_AREA_STYLE_COLOUR('',#846);
#848=FILL_AREA_STYLE($,(#847));
#849=SURFACE_STYLE_FILL_AREA(#848);
#850=SURFACE_SIDE_STYLE('',(#849));
#851=SURFACE_STYLE_USAGE(.BOTH.,#850);
#852=PRESENTATION_STYLE_ASSIGNMENT((#851));
#853=STYLED_ITEM('',(#852),#845);
#854=ADVANCED_FACE('',(#1729),#1731,.T.);
#855=COLOUR_RGB('',0.564705882352941,0.564705882352941,0.564705882352941);
#856=FILL_AREA_STYLE_COLOUR('',#855);
#857=FILL_AREA_STYLE($,(#856));
#858=SURFACE_STYLE_FILL_AREA(#857);
#859=SURFACE_SIDE_STYLE('',(#858));
#860=SURFACE_STYLE_USAGE(.BOTH.,#859);
#861=PRESENTATION_STYLE_ASSIGNMENT((#860));
#862=STYLED_ITEM('',(#861),#854);
#863=ADVANCED_FACE('',(#1736),#1738,.T.);
#864=COLOUR_RGB('',0.564705882352941,0.564705882352941,0.564705882352941);
#865=FILL_AREA_STYLE_COLOUR('',#864);
#866=FILL_AREA_STYLE($,(#865));
#867=SURFACE_STYLE_FILL_AREA(#866);
#868=SURFACE_SIDE_STYLE('',(#867));
#869=SURFACE_STYLE_USAGE(.BOTH.,#868);
#870=PRESENTATION_STYLE_ASSIGNMENT((#869));
#871=STYLED_ITEM('',(#870),#863);
#872=ADVANCED_FACE('',(#1743),#1745,.T.);
#873=COLOUR_RGB('',0.564705882352941,0.564705882352941,0.564705882352941);
#874=FILL_AREA_STYLE_COLOUR('',#873);
#875=FILL_AREA_STYLE($,(#874));
#876=SURFACE_STYLE_FILL_AREA(#875);
#877=SURFACE_SIDE_STYLE('',(#876));
#878=SURFACE_STYLE_USAGE(.BOTH.,#877);
#879=PRESENTATION_STYLE_ASSIGNMENT((#878));
#880=STYLED_ITEM('',(#879),#872);
#881=ADVANCED_FACE('',(#1750),#1752,.T.);
#882=COLOUR_RGB('',0.564705882352941,0.564705882352941,0.564705882352941);
#883=FILL_AREA_STYLE_COLOUR('',#882);
#884=FILL_AREA_STYLE($,(#883));
#885=SURFACE_STYLE_FILL_AREA(#884);
#886=SURFACE_SIDE_STYLE('',(#885));
#887=SURFACE_STYLE_USAGE(.BOTH.,#886);
#888=PRESENTATION_STYLE_ASSIGNMENT((#887));
#889=STYLED_ITEM('',(#888),#881);
#890=ADVANCED_FACE('',(#1757),#1759,.T.);
#891=COLOUR_RGB('',0.564705882352941,0.564705882352941,0.564705882352941);
#892=FILL_AREA_STYLE_COLOUR('',#891);
#893=FILL_AREA_STYLE($,(#892));
#894=SURFACE_STYLE_FILL_AREA(#893);
#895=SURFACE_SIDE_STYLE('',(#894));
#896=SURFACE_STYLE_USAGE(.BOTH.,#895);
#897=PRESENTATION_STYLE_ASSIGNMENT((#896));
#898=STYLED_ITEM('',(#897),#890);
#899=ADVANCED_FACE('',(#1764),#1766,.T.);
#900=COLOUR_RGB('',0.564705882352941,0.564705882352941,0.564705882352941);
#901=FILL_AREA_STYLE_COLOUR('',#900);
#902=FILL_AREA_STYLE($,(#901));
#903=SURFACE_STYLE_FILL_AREA(#902);
#904=SURFACE_SIDE_STYLE('',(#903));
#905=SURFACE_STYLE_USAGE(.BOTH.,#904);
#906=PRESENTATION_STYLE_ASSIGNMENT((#905));
#907=STYLED_ITEM('',(#906),#899);
#908=ADVANCED_FACE('',(#1771),#1773,.T.);
#909=COLOUR_RGB('',0.564705882352941,0.564705882352941,0.564705882352941);
#910=FILL_AREA_STYLE_COLOUR('',#909);
#911=FILL_AREA_STYLE($,(#910));
#912=SURFACE_STYLE_FILL_AREA(#911);
#913=SURFACE_SIDE_STYLE('',(#912));
#914=SURFACE_STYLE_USAGE(.BOTH.,#913);
#915=PRESENTATION_STYLE_ASSIGNMENT((#914));
#916=STYLED_ITEM('',(#915),#908);
#917=ADVANCED_FACE('',(#1778),#1780,.T.);
#918=COLOUR_RGB('',0.564705882352941,0.564705882352941,0.564705882352941);
#919=FILL_AREA_STYLE_COLOUR('',#918);
#920=FILL_AREA_STYLE($,(#919));
#921=SURFACE_STYLE_FILL_AREA(#920);
#922=SURFACE_SIDE_STYLE('',(#921));
#923=SURFACE_STYLE_USAGE(.BOTH.,#922);
#924=PRESENTATION_STYLE_ASSIGNMENT((#923));
#925=STYLED_ITEM('',(#924),#917);
#926=ADVANCED_FACE('',(#1785),#1787,.T.);
#927=COLOUR_RGB('',0.564705882352941,0.564705882352941,0.564705882352941);
#928=FILL_AREA_STYLE_COLOUR('',#927);
#929=FILL_AREA_STYLE($,(#928));
#930=SURFACE_STYLE_FILL_AREA(#929);
#931=SURFACE_SIDE_STYLE('',(#930));
#932=SURFACE_STYLE_USAGE(.BOTH.,#931);
#933=PRESENTATION_STYLE_ASSIGNMENT((#932));
#934=STYLED_ITEM('',(#933),#926);
#935=ADVANCED_FACE('',(#1792,#1794),#1796,.T.);
#936=COLOUR_RGB('',0.564705882352941,0.564705882352941,0.564705882352941);
#937=FILL_AREA_STYLE_COLOUR('',#936);
#938=FILL_AREA_STYLE($,(#937));
#939=SURFACE_STYLE_FILL_AREA(#938);
#940=SURFACE_SIDE_STYLE('',(#939));
#941=SURFACE_STYLE_USAGE(.BOTH.,#940);
#942=PRESENTATION_STYLE_ASSIGNMENT((#941));
#943=STYLED_ITEM('',(#942),#935);
#944=ADVANCED_FACE('',(#1801,#1803),#1805,.F.);
#945=COLOUR_RGB('',0.564705882352941,0.564705882352941,0.564705882352941);
#946=FILL_AREA_STYLE_COLOUR('',#945);
#947=FILL_AREA_STYLE($,(#946));
#948=SURFACE_STYLE_FILL_AREA(#947);
#949=SURFACE_SIDE_STYLE('',(#948));
#950=SURFACE_STYLE_USAGE(.BOTH.,#949);
#951=PRESENTATION_STYLE_ASSIGNMENT((#950));
#952=STYLED_ITEM('',(#951),#944);
#953=ADVANCED_FACE('',(#1810),#1812,.T.);
#954=COLOUR_RGB('',0.564705882352941,0.564705882352941,0.564705882352941);
#955=FILL_AREA_STYLE_COLOUR('',#954);
#956=FILL_AREA_STYLE($,(#955));
#957=SURFACE_STYLE_FILL_AREA(#956);
#958=SURFACE_SIDE_STYLE('',(#957));
#959=SURFACE_STYLE_USAGE(.BOTH.,#958);
#960=PRESENTATION_STYLE_ASSIGNMENT((#959));
#961=STYLED_ITEM('',(#960),#953);
#962=ADVANCED_FACE('',(#1817),#1819,.T.);
#963=COLOUR_RGB('',0.564705882352941,0.564705882352941,0.564705882352941);
#964=FILL_AREA_STYLE_COLOUR('',#963);
#965=FILL_AREA_STYLE($,(#964));
#966=SURFACE_STYLE_FILL_AREA(#965);
#967=SURFACE_SIDE_STYLE('',(#966));
#968=SURFACE_STYLE_USAGE(.BOTH.,#967);
#969=PRESENTATION_STYLE_ASSIGNMENT((#968));
#970=STYLED_ITEM('',(#969),#962);
#971=ADVANCED_FACE('',(#1824,#1826),#1828,.F.);
#972=COLOUR_RGB('',0.564705882352941,0.564705882352941,0.564705882352941);
#973=FILL_AREA_STYLE_COLOUR('',#972);
#974=FILL_AREA_STYLE($,(#973));
#975=SURFACE_STYLE_FILL_AREA(#974);
#976=SURFACE_SIDE_STYLE('',(#975));
#977=SURFACE_STYLE_USAGE(.BOTH.,#976);
#978=PRESENTATION_STYLE_ASSIGNMENT((#977));
#979=STYLED_ITEM('',(#978),#971);
#980=ADVANCED_FACE('',(#1833,#1835),#1837,.T.);
#981=COLOUR_RGB('',0.564705882352941,0.564705882352941,0.564705882352941);
#982=FILL_AREA_STYLE_COLOUR('',#981);
#983=FILL_AREA_STYLE($,(#982));
#984=SURFACE_STYLE_FILL_AREA(#983);
#985=SURFACE_SIDE_STYLE('',(#984));
#986=SURFACE_STYLE_USAGE(.BOTH.,#985);
#987=PRESENTATION_STYLE_ASSIGNMENT((#986));
#988=STYLED_ITEM('',(#987),#980);
#989=ADVANCED_FACE('',(#1842),#1844,.F.);
#990=COLOUR_RGB('',0.564705882352941,0.564705882352941,0.564705882352941);
#991=FILL_AREA_STYLE_COLOUR('',#990);
#992=FILL_AREA_STYLE($,(#991));
#993=SURFACE_STYLE_FILL_AREA(#992);
#994=SURFACE_SIDE_STYLE('',(#993));
#995=SURFACE_STYLE_USAGE(.BOTH.,#994);
#996=PRESENTATION_STYLE_ASSIGNMENT((#995));
#997=STYLED_ITEM('',(#996),#989);
#998=ADVANCED_FACE('',(#1849),#1851,.F.);
#999=COLOUR_RGB('',0.564705882352941,0.564705882352941,0.564705882352941);
#1000=FILL_AREA_STYLE_COLOUR('',#999);
#1001=FILL_AREA_STYLE($,(#1000));
#1002=SURFACE_STYLE_FILL_AREA(#1001);
#1003=SURFACE_SIDE_STYLE('',(#1002));
#1004=SURFACE_STYLE_USAGE(.BOTH.,#1003);
#1005=PRESENTATION_STYLE_ASSIGNMENT((#1004));
#1006=STYLED_ITEM('',(#1005),#998);
#1007=ADVANCED_FACE('',(#1856),#1858,.F.);
#1008=COLOUR_RGB('',0.564705882352941,0.564705882352941,0.564705882352941);
#1009=FILL_AREA_STYLE_COLOUR('',#1008);
#1010=FILL_AREA_STYLE($,(#1009));
#1011=SURFACE_STYLE_FILL_AREA(#1010);
#1012=SURFACE_SIDE_STYLE('',(#1011));
#1013=SURFACE_STYLE_USAGE(.BOTH.,#1012);
#1014=PRESENTATION_STYLE_ASSIGNMENT((#1013));
#1015=STYLED_ITEM('',(#1014),#1007);
#1016=ADVANCED_FACE('',(#1863),#1865,.F.);
#1017=COLOUR_RGB('',0.564705882352941,0.564705882352941,0.564705882352941);
#1018=FILL_AREA_STYLE_COLOUR('',#1017);
#1019=FILL_AREA_STYLE($,(#1018));
#1020=SURFACE_STYLE_FILL_AREA(#1019);
#1021=SURFACE_SIDE_STYLE('',(#1020));
#1022=SURFACE_STYLE_USAGE(.BOTH.,#1021);
#1023=PRESENTATION_STYLE_ASSIGNMENT((#1022));
#1024=STYLED_ITEM('',(#1023),#1016);
#1025=ADVANCED_FACE('',(#1870,#1872),#1874,.F.);
#1026=COLOUR_RGB('',0.564705882352941,0.564705882352941,0.564705882352941);
#1027=FILL_AREA_STYLE_COLOUR('',#1026);
#1028=FILL_AREA_STYLE($,(#1027));
#1029=SURFACE_STYLE_FILL_AREA(#1028);
#1030=SURFACE_SIDE_STYLE('',(#1029));
#1031=SURFACE_STYLE_USAGE(.BOTH.,#1030);
#1032=PRESENTATION_STYLE_ASSIGNMENT((#1031));
#1033=STYLED_ITEM('',(#1032),#1025);
#1034=ADVANCED_FACE('',(#1879,#1881),#1883,.F.);
#1035=COLOUR_RGB('',0.564705882352941,0.564705882352941,0.564705882352941);
#1036=FILL_AREA_STYLE_COLOUR('',#1035);
#1037=FILL_AREA_STYLE($,(#1036));
#1038=SURFACE_STYLE_FILL_AREA(#1037);
#1039=SURFACE_SIDE_STYLE('',(#1038));
#1040=SURFACE_STYLE_USAGE(.BOTH.,#1039);
#1041=PRESENTATION_STYLE_ASSIGNMENT((#1040));
#1042=STYLED_ITEM('',(#1041),#1034);
#1043=ADVANCED_FACE('',(#1888),#1890,.T.);
#1044=COLOUR_RGB('',0.564705882352941,0.564705882352941,0.564705882352941);
#1045=FILL_AREA_STYLE_COLOUR('',#1044);
#1046=FILL_AREA_STYLE($,(#1045));
#1047=SURFACE_STYLE_FILL_AREA(#1046);
#1048=SURFACE_SIDE_STYLE('',(#1047));
#1049=SURFACE_STYLE_USAGE(.BOTH.,#1048);
#1050=PRESENTATION_STYLE_ASSIGNMENT((#1049));
#1051=STYLED_ITEM('',(#1050),#1043);
#1052=ADVANCED_FACE('',(#1895),#1897,.T.);
#1053=COLOUR_RGB('',0.564705882352941,0.564705882352941,0.564705882352941);
#1054=FILL_AREA_STYLE_COLOUR('',#1053);
#1055=FILL_AREA_STYLE($,(#1054));
#1056=SURFACE_STYLE_FILL_AREA(#1055);
#1057=SURFACE_SIDE_STYLE('',(#1056));
#1058=SURFACE_STYLE_USAGE(.BOTH.,#1057);
#1059=PRESENTATION_STYLE_ASSIGNMENT((#1058));
#1060=STYLED_ITEM('',(#1059),#1052);
#1061=ADVANCED_FACE('',(#1902),#1904,.T.);
#1062=COLOUR_RGB('',0.564705882352941,0.564705882352941,0.564705882352941);
#1063=FILL_AREA_STYLE_COLOUR('',#1062);
#1064=FILL_AREA_STYLE($,(#1063));
#1065=SURFACE_STYLE_FILL_AREA(#1064);
#1066=SURFACE_SIDE_STYLE('',(#1065));
#1067=SURFACE_STYLE_USAGE(.BOTH.,#1066);
#1068=PRESENTATION_STYLE_ASSIGNMENT((#1067));
#1069=STYLED_ITEM('',(#1068),#1061);
#1070=ADVANCED_FACE('',(#1909),#1911,.T.);
#1071=COLOUR_RGB('',0.564705882352941,0.564705882352941,0.564705882352941);
#1072=FILL_AREA_STYLE_COLOUR('',#1071);
#1073=FILL_AREA_STYLE($,(#1072));
#1074=SURFACE_STYLE_FILL_AREA(#1073);
#1075=SURFACE_SIDE_STYLE('',(#1074));
#1076=SURFACE_STYLE_USAGE(.BOTH.,#1075);
#1077=PRESENTATION_STYLE_ASSIGNMENT((#1076));
#1078=STYLED_ITEM('',(#1077),#1070);
#1079=ADVANCED_FACE('',(#1916),#1918,.T.);
#1080=COLOUR_RGB('',0.564705882352941,0.564705882352941,0.564705882352941);
#1081=FILL_AREA_STYLE_COLOUR('',#1080);
#1082=FILL_AREA_STYLE($,(#1081));
#1083=SURFACE_STYLE_FILL_AREA(#1082);
#1084=SURFACE_SIDE_STYLE('',(#1083));
#1085=SURFACE_STYLE_USAGE(.BOTH.,#1084);
#1086=PRESENTATION_STYLE_ASSIGNMENT((#1085));
#1087=STYLED_ITEM('',(#1086),#1079);
#1088=FACE_BOUND('',#1089,.T.);
#1089=EDGE_LOOP('',(#1923,#1924,#1925,#1926,#1927,#1928,#1929,#1930,#1931,#1932,
#1933,#1934,#1935,#1936,#1937,#1938,#1939,#1940,#1941,#1942,#1943,#1944,#1945,#1946,
#1947,#1948,#1949,#1950));
#1090=PLANE('',#1091);
#1091=AXIS2_PLACEMENT_3D('',#1092,#1093,#1094);
#1092=CARTESIAN_POINT('',(42.,185.999999999997,17.));
#1093=DIRECTION('',(1.,8.70052329502163E-17,3.5527136788005E-16));
#1094=DIRECTION('',(8.70052329502163E-17,-1.,0.));
#1095=FACE_BOUND('',#1096,.T.);
#1096=EDGE_LOOP('',(#1951,#1952,#1953,#1954,#1955,#1956,#1957,#1958,#1959,#1960,
#1961,#1962,#1963,#1964,#1965,#1966,#1967,#1968,#1969,#1970,#1971,#1972,#1973,#1974,
#1975,#1976,#1977,#1978,#1979,#1980,#1981,#1982,#1983,#1984,#1985,#1986,#1987,#1988,
#1989,#1990,#1991,#1992,#1993,#1994,#1995,#1996,#1997,#1998,#1999,#2000,#2001,#2002,
#2003,#2004,#2005,#2006,#2007,#2008,#2009,#2010,#2011,#2012,#2013,#2014,#2015,#2016));
#1097=PLANE('',#1098);
#1098=AXIS2_PLACEMENT_3D('',#1099,#1100,#1101);
#1099=CARTESIAN_POINT('',(-3.67394039744206E-16,49.560921003415,0.));
#1100=DIRECTION('',(1.22464679914735E-16,0.,-1.));
#1101=DIRECTION('',(-6.12323399573677E-17,1.,-7.49879891330929E-33));
#1102=FACE_BOUND('',#1103,.T.);
#1103=EDGE_LOOP('',(#2017,#2018,#2019,#2020));
#1104=PLANE('',#1105);
#1105=AXIS2_PLACEMENT_3D('',#1106,#1107,#1108);
#1106=CARTESIAN_POINT('',(3.67394039744206E-15,49.560921003415,15.));
#1107=DIRECTION('',(-2.44929359829471E-16,0.,-1.));
#1108=DIRECTION('',(-6.12323399573677E-17,1.,1.49975978266186E-32));
#1109=FACE_BOUND('',#1110,.T.);
#1110=EDGE_LOOP('',(#2021,#2022,#2023,#2024,#2025));
#1111=PLANE('',#1112);
#1112=AXIS2_PLACEMENT_3D('',#1113,#1114,#1115);
#1113=CARTESIAN_POINT('',(36.,40.9999999999965,-8.81745695386094E-15));
#1114=DIRECTION('',(0.,-1.,0.));
#1115=DIRECTION('',(1.,0.,-2.44929359829471E-16));
#1116=FACE_BOUND('',#1117,.T.);
#1117=EDGE_LOOP('',(#2026,#2027,#2028,#2029));
#1118=PLANE('',#1119);
#1119=AXIS2_PLACEMENT_3D('',#1120,#1121,#1122);
#1120=CARTESIAN_POINT('',(36.,38.9999999999965,-8.81745695386094E-15));
#1121=DIRECTION('',(1.,0.,-1.22464679914735E-16));
#1122=DIRECTION('',(0.,1.,0.));
#1123=FACE_BOUND('',#1124,.T.);
#1124=EDGE_LOOP('',(#2030,#2031,#2032,#2033,#2034));
#1125=PLANE('',#1126);
#1126=AXIS2_PLACEMENT_3D('',#1127,#1128,#1129);
#1127=CARTESIAN_POINT('',(42.,38.9999999999965,-1.02870331128378E-14));
#1128=DIRECTION('',(0.,1.,0.));
#1129=DIRECTION('',(-1.,0.,2.44929359829471E-16));
#1130=FACE_BOUND('',#1131,.T.);
#1131=EDGE_LOOP('',(#2035,#2036,#2037,#2038));
#1132=PLANE('',#1133);
#1133=AXIS2_PLACEMENT_3D('',#1134,#1135,#1136);
#1134=CARTESIAN_POINT('',(3.67394039744206E-15,49.560921003415,15.));
#1135=DIRECTION('',(-2.44929359829471E-16,0.,-1.));
#1136=DIRECTION('',(-6.12323399573677E-17,1.,1.49975978266186E-32));
#1137=FACE_BOUND('',#1138,.T.);
#1138=EDGE_LOOP('',(#2039,#2040,#2041,#2042,#2043));
#1139=PLANE('',#1140);
#1140=AXIS2_PLACEMENT_3D('',#1141,#1142,#1143);
#1141=CARTESIAN_POINT('',(36.,20.9999999999965,-8.81745695386094E-15));
#1142=DIRECTION('',(0.,-1.,0.));
#1143=DIRECTION('',(1.,0.,-2.44929359829471E-16));
#1144=FACE_BOUND('',#1145,.T.);
#1145=EDGE_LOOP('',(#2044,#2045,#2046,#2047));
#1146=PLANE('',#1147);
#1147=AXIS2_PLACEMENT_3D('',#1148,#1149,#1150);
#1148=CARTESIAN_POINT('',(36.,18.9999999999965,-8.81745695386094E-15));
#1149=DIRECTION('',(1.,0.,-5.96159837088135E-16));
#1150=DIRECTION('',(0.,1.,0.));
#1151=FACE_BOUND('',#1152,.T.);
#1152=EDGE_LOOP('',(#2048,#2049,#2050,#2051,#2052));
#1153=PLANE('',#1154);
#1154=AXIS2_PLACEMENT_3D('',#1155,#1156,#1157);
#1155=CARTESIAN_POINT('',(42.,18.9999999999965,-1.02870331128378E-14));
#1156=DIRECTION('',(0.,1.,0.));
#1157=DIRECTION('',(-1.,0.,2.44929359829471E-16));
#1158=FACE_BOUND('',#1159,.T.);
#1159=EDGE_LOOP('',(#2053,#2054,#2055,#2056));
#1160=PLANE('',#1161);
#1161=AXIS2_PLACEMENT_3D('',#1162,#1163,#1164);
#1162=CARTESIAN_POINT('',(3.67394039744206E-15,49.560921003415,15.));
#1163=DIRECTION('',(-2.44929359829471E-16,0.,-1.));
#1164=DIRECTION('',(-6.12323399573677E-17,1.,1.49975978266186E-32));
#1165=FACE_BOUND('',#1166,.T.);
#1166=EDGE_LOOP('',(#2057,#2058,#2059,#2060,#2061));
#1167=PLANE('',#1168);
#1168=AXIS2_PLACEMENT_3D('',#1169,#1170,#1171);
#1169=CARTESIAN_POINT('',(36.,0.999999999996504,-8.81745695386094E-15));
#1170=DIRECTION('',(0.,-1.,0.));
#1171=DIRECTION('',(1.,0.,-2.44929359829471E-16));
#1172=FACE_BOUND('',#1173,.T.);
#1173=EDGE_LOOP('',(#2062,#2063,#2064,#2065));
#1174=PLANE('',#1175);
#1175=AXIS2_PLACEMENT_3D('',#1176,#1177,#1178);
#1176=CARTESIAN_POINT('',(36.,-1.0000000000035,-8.81745695386094E-15));
#1177=DIRECTION('',(1.,0.,-5.96159837088135E-16));
#1178=DIRECTION('',(0.,1.,0.));
#1179=FACE_BOUND('',#1180,.T.);
#1180=EDGE_LOOP('',(#2066,#2067,#2068,#2069,#2070));
#1181=PLANE('',#1182);
#1182=AXIS2_PLACEMENT_3D('',#1183,#1184,#1185);
#1183=CARTESIAN_POINT('',(42.,-1.0000000000035,-1.02870331128378E-14));
#1184=DIRECTION('',(0.,1.,0.));
#1185=DIRECTION('',(-1.,0.,2.44929359829471E-16));
#1186=FACE_BOUND('',#1187,.T.);
#1187=EDGE_LOOP('',(#2071,#2072,#2073,#2074));
#1188=PLANE('',#1189);
#1189=AXIS2_PLACEMENT_3D('',#1190,#1191,#1192);
#1190=CARTESIAN_POINT('',(3.67394039744206E-15,49.560921003415,15.));
#1191=DIRECTION('',(-2.44929359829471E-16,0.,-1.));
#1192=DIRECTION('',(-6.12323399573677E-17,1.,1.49975978266186E-32));
#1193=FACE_BOUND('',#1194,.T.);
#1194=EDGE_LOOP('',(#2075,#2076,#2077,#2078,#2079));
#1195=PLANE('',#1196);
#1196=AXIS2_PLACEMENT_3D('',#1197,#1198,#1199);
#1197=CARTESIAN_POINT('',(36.,-19.0000000000035,-8.81745695386094E-15));
#1198=DIRECTION('',(0.,-1.,0.));
#1199=DIRECTION('',(1.,0.,-2.44929359829471E-16));
#1200=FACE_BOUND('',#1201,.T.);
#1201=EDGE_LOOP('',(#2080,#2081,#2082,#2083));
#1202=PLANE('',#1203);
#1203=AXIS2_PLACEMENT_3D('',#1204,#1205,#1206);
#1204=CARTESIAN_POINT('',(36.,-21.0000000000035,-8.81745695386094E-15));
#1205=DIRECTION('',(1.,0.,-1.22464679914735E-16));
#1206=DIRECTION('',(0.,1.,0.));
#1207=FACE_BOUND('',#1208,.T.);
#1208=EDGE_LOOP('',(#2084,#2085,#2086,#2087,#2088));
#1209=PLANE('',#1210);
#1210=AXIS2_PLACEMENT_3D('',#1211,#1212,#1213);
#1211=CARTESIAN_POINT('',(42.,-21.0000000000035,-1.02870331128378E-14));
#1212=DIRECTION('',(0.,1.,0.));
#1213=DIRECTION('',(-1.,0.,2.44929359829471E-16));
#1214=FACE_BOUND('',#1215,.T.);
#1215=EDGE_LOOP('',(#2089,#2090,#2091,#2092));
#1216=PLANE('',#1217);
#1217=AXIS2_PLACEMENT_3D('',#1218,#1219,#1220);
#1218=CARTESIAN_POINT('',(3.67394039744206E-15,49.560921003415,15.));
#1219=DIRECTION('',(-2.44929359829471E-16,0.,-1.));
#1220=DIRECTION('',(-6.12323399573677E-17,1.,1.49975978266186E-32));
#1221=FACE_BOUND('',#1222,.T.);
#1222=EDGE_LOOP('',(#2093,#2094,#2095,#2096,#2097));
#1223=PLANE('',#1224);
#1224=AXIS2_PLACEMENT_3D('',#1225,#1226,#1227);
#1225=CARTESIAN_POINT('',(36.,-39.0000000000035,-8.81745695386094E-15));
#1226=DIRECTION('',(0.,-1.,0.));
#1227=DIRECTION('',(1.,0.,-2.44929359829471E-16));
#1228=FACE_BOUND('',#1229,.T.);
#1229=EDGE_LOOP('',(#2098,#2099,#2100,#2101));
#1230=PLANE('',#1231);
#1231=AXIS2_PLACEMENT_3D('',#1232,#1233,#1234);
#1232=CARTESIAN_POINT('',(36.,-41.0000000000035,-8.81745695386094E-15));
#1233=DIRECTION('',(1.,0.,-1.22464679914735E-16));
#1234=DIRECTION('',(0.,1.,0.));
#1235=FACE_BOUND('',#1236,.T.);
#1236=EDGE_LOOP('',(#2102,#2103,#2104,#2105,#2106));
#1237=PLANE('',#1238);
#1238=AXIS2_PLACEMENT_3D('',#1239,#1240,#1241);
#1239=CARTESIAN_POINT('',(42.,-41.0000000000035,-1.02870331128378E-14));
#1240=DIRECTION('',(0.,1.,0.));
#1241=DIRECTION('',(-1.,0.,2.44929359829471E-16));
#1242=FACE_BOUND('',#1243,.T.);
#1243=EDGE_LOOP('',(#2107,#2108,#2109,#2110));
#1244=CYLINDRICAL_SURFACE('',#1245,4.59999999999999);
#1245=AXIS2_PLACEMENT_3D('',#1246,#1247,#1248);
#1246=CARTESIAN_POINT('',(38.,-52.0000000000035,4.65365783675994E-15));
#1247=DIRECTION('',(-1.22464679914735E-16,0.,1.));
#1248=DIRECTION('',(6.12323399573677E-17,1.,7.49879891330929E-33));
#1249=FACE_BOUND('',#1250,.T.);
#1250=EDGE_LOOP('',(#2111,#2112,#2113,#2114,#2115,#2116,#2117,#2118,#2119,#2120));
#1251=FACE_BOUND('',#1252,.T.);
#1252=EDGE_LOOP('',(#2121,#2122,#2123,#2124,#2125,#2126,#2127,#2128));
#1253=FACE_BOUND('',#1254,.T.);
#1254=EDGE_LOOP('',(#2129));
#1255=FACE_BOUND('',#1256,.T.);
#1256=EDGE_LOOP('',(#2130));
#1257=FACE_BOUND('',#1258,.T.);
#1258=EDGE_LOOP('',(#2131));
#1259=FACE_BOUND('',#1260,.T.);
#1260=EDGE_LOOP('',(#2132));
#1261=PLANE('',#1262);
#1262=AXIS2_PLACEMENT_3D('',#1263,#1264,#1265);
#1263=CARTESIAN_POINT('',(-2.44929359829471E-15,49.560921003415,17.));
#1264=DIRECTION('',(1.22464679914735E-16,0.,-1.));
#1265=DIRECTION('',(-6.12323399573677E-17,1.,-7.49879891330929E-33));
#1266=FACE_BOUND('',#1267,.T.);
#1267=EDGE_LOOP('',(#2133,#2134,#2135,#2136));
#1268=CYLINDRICAL_SURFACE('',#1269,4.59999999999999);
#1269=AXIS2_PLACEMENT_3D('',#1270,#1271,#1272);
#1270=CARTESIAN_POINT('',(38.,178.999999999997,4.65365783675994E-15));
#1271=DIRECTION('',(-1.22464679914735E-16,0.,1.));
#1272=DIRECTION('',(6.12323399573677E-17,1.,7.49879891330929E-33));
#1273=FACE_BOUND('',#1274,.T.);
#1274=EDGE_LOOP('',(#2137,#2138,#2139,#2140,#2141,#2142,#2143,#2144,#2145,#2146));
#1275=PLANE('',#1276);
#1276=AXIS2_PLACEMENT_3D('',#1277,#1278,#1279);
#1277=CARTESIAN_POINT('',(-3.67394039744206E-16,49.560921003415,0.));
#1278=DIRECTION('',(1.22464679914735E-16,0.,-1.));
#1279=DIRECTION('',(-6.12323399573677E-17,1.,-7.49879891330929E-33));
#1280=FACE_BOUND('',#1281,.T.);
#1281=EDGE_LOOP('',(#2147,#2148,#2149,#2150));
#1282=PLANE('',#1283);
#1283=AXIS2_PLACEMENT_3D('',#1284,#1285,#1286);
#1284=CARTESIAN_POINT('',(-13.0000000000037,56.5000000000035,-1.59204083889201E-15));
#1285=DIRECTION('',(-6.45947941600048E-17,-1.,-6.3746335775431E-33));
#1286=DIRECTION('',(1.,-6.45947941600048E-17,1.22464679914735E-16));
#1287=FACE_BOUND('',#1288,.T.);
#1288=EDGE_LOOP('',(#2151,#2152,#2153,#2154,#2155,#2156,#2157,#2158,#2159,#2160,
#2161,#2162));
#1289=PLANE('',#1290);
#1290=AXIS2_PLACEMENT_3D('',#1291,#1292,#1293);
#1291=CARTESIAN_POINT('',(-11.0000000000037,56.5000000000035,14.));
#1292=DIRECTION('',(1.67580833905672E-16,-1.0557592536058E-15,-1.));
#1293=DIRECTION('',(1.,-6.70323335622689E-17,1.67580833905672E-16));
#1294=FACE_BOUND('',#1295,.T.);
#1295=EDGE_LOOP('',(#2163,#2164,#2165,#2166));
#1296=PLANE('',#1297);
#1297=AXIS2_PLACEMENT_3D('',#1298,#1299,#1300);
#1298=CARTESIAN_POINT('',(-13.0000000000037,54.5000000000035,-1.59204083889201E-15));
#1299=DIRECTION('',(-6.45947941600048E-17,-1.,-6.3746335775431E-33));
#1300=DIRECTION('',(1.,-6.45947941600048E-17,1.22464679914735E-16));
#1301=FACE_BOUND('',#1302,.T.);
#1302=EDGE_LOOP('',(#2167,#2168,#2169,#2170));
#1303=PLANE('',#1304);
#1304=AXIS2_PLACEMENT_3D('',#1305,#1306,#1307);
#1305=CARTESIAN_POINT('',(-13.0000000000037,68.0000000000034,-1.59204083889201E-15));
#1306=DIRECTION('',(-1.,1.31581988103723E-16,-1.97372982155583E-16));
#1307=DIRECTION('',(-1.31581988103723E-16,-1.,-1.46085352818707E-32));
#1308=FACE_BOUND('',#1309,.T.);
#1309=EDGE_LOOP('',(#2171,#2172,#2173,#2174));
#1310=PLANE('',#1311);
#1311=AXIS2_PLACEMENT_3D('',#1312,#1313,#1314);
#1312=CARTESIAN_POINT('',(-25.,68.0000000000034,-3.06161699786838E-15));
#1313=DIRECTION('',(0.,-1.,0.));
#1314=DIRECTION('',(1.,0.,1.22464679914735E-16));
#1315=FACE_BOUND('',#1316,.T.);
#1316=EDGE_LOOP('',(#2175,#2176,#2177,#2178));
#1317=PLANE('',#1318);
#1318=AXIS2_PLACEMENT_3D('',#1319,#1320,#1321);
#1319=CARTESIAN_POINT('',(-25.,54.5000000000035,-3.06161699786838E-15));
#1320=DIRECTION('',(1.,0.,1.97372982155583E-16));
#1321=DIRECTION('',(0.,1.,0.));
#1322=FACE_BOUND('',#1323,.T.);
#1323=EDGE_LOOP('',(#2179,#2180,#2181,#2182));
#1324=PLANE('',#1325);
#1325=AXIS2_PLACEMENT_3D('',#1326,#1327,#1328);
#1326=CARTESIAN_POINT('',(-42.,54.5000000000035,-5.14351655641888E-15));
#1327=DIRECTION('',(-5.2245789394125E-17,-1.,0.));
#1328=DIRECTION('',(1.,-5.2245789394125E-17,1.22464679914735E-16));
#1329=FACE_BOUND('',#1330,.T.);
#1330=EDGE_LOOP('',(#2183,#2184,#2185,#2186,#2187,#2188,#2189,#2190,#2191,#2192,
#2193,#2194,#2195,#2196,#2197,#2198,#2199,#2200,#2201,#2202,#2203,#2204,#2205,#2206,
#2207,#2208,#2209,#2210));
#1331=PLANE('',#1332);
#1332=AXIS2_PLACEMENT_3D('',#1333,#1334,#1335);
#1333=CARTESIAN_POINT('',(-42.,-59.0000000000035,17.));
#1334=DIRECTION('',(-1.,-8.70052329502163E-17,0.));
#1335=DIRECTION('',(-8.70052329502163E-17,1.,0.));
#1336=FACE_BOUND('',#1337,.T.);
#1337=EDGE_LOOP('',(#2211,#2212,#2213,#2214,#2215));
#1338=PLANE('',#1339);
#1339=AXIS2_PLACEMENT_3D('',#1340,#1341,#1342);
#1340=CARTESIAN_POINT('',(-36.,40.9999999999965,-4.40872847693047E-15));
#1341=DIRECTION('',(0.,1.,0.));
#1342=DIRECTION('',(-1.,0.,-1.22464679914735E-16));
#1343=FACE_BOUND('',#1344,.T.);
#1344=EDGE_LOOP('',(#2216,#2217,#2218,#2219));
#1345=PLANE('',#1346);
#1346=AXIS2_PLACEMENT_3D('',#1347,#1348,#1349);
#1347=CARTESIAN_POINT('',(-36.,38.9999999999965,-4.40872847693047E-15));
#1348=DIRECTION('',(1.,0.,0.));
#1349=DIRECTION('',(0.,1.,0.));
#1350=FACE_BOUND('',#1351,.T.);
#1351=EDGE_LOOP('',(#2220,#2221,#2222,#2223,#2224));
#1352=PLANE('',#1353);
#1353=AXIS2_PLACEMENT_3D('',#1354,#1355,#1356);
#1354=CARTESIAN_POINT('',(-42.,38.9999999999965,-5.14351655641888E-15));
#1355=DIRECTION('',(0.,-1.,0.));
#1356=DIRECTION('',(1.,0.,1.22464679914735E-16));
#1357=FACE_BOUND('',#1358,.T.);
#1358=EDGE_LOOP('',(#2225,#2226,#2227,#2228,#2229));
#1359=PLANE('',#1360);
#1360=AXIS2_PLACEMENT_3D('',#1361,#1362,#1363);
#1361=CARTESIAN_POINT('',(-36.,20.9999999999965,-4.40872847693047E-15));
#1362=DIRECTION('',(0.,1.,0.));
#1363=DIRECTION('',(-1.,0.,-1.22464679914735E-16));
#1364=FACE_BOUND('',#1365,.T.);
#1365=EDGE_LOOP('',(#2230,#2231,#2232,#2233));
#1366=PLANE('',#1367);
#1367=AXIS2_PLACEMENT_3D('',#1368,#1369,#1370);
#1368=CARTESIAN_POINT('',(-36.,18.9999999999965,-4.40872847693047E-15));
#1369=DIRECTION('',(1.,0.,4.736951571734E-16));
#1370=DIRECTION('',(0.,1.,0.));
#1371=FACE_BOUND('',#1372,.T.);
#1372=EDGE_LOOP('',(#2234,#2235,#2236,#2237,#2238));
#1373=PLANE('',#1374);
#1374=AXIS2_PLACEMENT_3D('',#1375,#1376,#1377);
#1375=CARTESIAN_POINT('',(-42.,18.9999999999965,-5.14351655641888E-15));
#1376=DIRECTION('',(0.,-1.,0.));
#1377=DIRECTION('',(1.,0.,1.22464679914735E-16));
#1378=FACE_BOUND('',#1379,.T.);
#1379=EDGE_LOOP('',(#2239,#2240,#2241,#2242,#2243));
#1380=PLANE('',#1381);
#1381=AXIS2_PLACEMENT_3D('',#1382,#1383,#1384);
#1382=CARTESIAN_POINT('',(-36.,0.999999999996504,-4.40872847693047E-15));
#1383=DIRECTION('',(0.,1.,0.));
#1384=DIRECTION('',(-1.,0.,-1.22464679914735E-16));
#1385=FACE_BOUND('',#1386,.T.);
#1386=EDGE_LOOP('',(#2244,#2245,#2246,#2247));
#1387=PLANE('',#1388);
#1388=AXIS2_PLACEMENT_3D('',#1389,#1390,#1391);
#1389=CARTESIAN_POINT('',(-36.,-1.0000000000035,-4.40872847693047E-15));
#1390=DIRECTION('',(1.,0.,4.736951571734E-16));
#1391=DIRECTION('',(0.,1.,0.));
#1392=FACE_BOUND('',#1393,.T.);
#1393=EDGE_LOOP('',(#2248,#2249,#2250,#2251,#2252));
#1394=PLANE('',#1395);
#1395=AXIS2_PLACEMENT_3D('',#1396,#1397,#1398);
#1396=CARTESIAN_POINT('',(-42.,-1.0000000000035,-5.14351655641888E-15));
#1397=DIRECTION('',(0.,-1.,0.));
#1398=DIRECTION('',(1.,0.,1.22464679914735E-16));
#1399=FACE_BOUND('',#1400,.T.);
#1400=EDGE_LOOP('',(#2253,#2254,#2255,#2256,#2257));
#1401=PLANE('',#1402);
#1402=AXIS2_PLACEMENT_3D('',#1403,#1404,#1405);
#1403=CARTESIAN_POINT('',(-36.,-19.0000000000035,-4.40872847693047E-15));
#1404=DIRECTION('',(0.,1.,0.));
#1405=DIRECTION('',(-1.,0.,-1.22464679914735E-16));
#1406=FACE_BOUND('',#1407,.T.);
#1407=EDGE_LOOP('',(#2258,#2259,#2260,#2261));
#1408=PLANE('',#1409);
#1409=AXIS2_PLACEMENT_3D('',#1410,#1411,#1412);
#1410=CARTESIAN_POINT('',(-36.,-21.0000000000035,-4.40872847693047E-15));
#1411=DIRECTION('',(1.,0.,0.));
#1412=DIRECTION('',(0.,1.,0.));
#1413=FACE_BOUND('',#1414,.T.);
#1414=EDGE_LOOP('',(#2262,#2263,#2264,#2265,#2266));
#1415=PLANE('',#1416);
#1416=AXIS2_PLACEMENT_3D('',#1417,#1418,#1419);
#1417=CARTESIAN_POINT('',(-42.,-21.0000000000035,-5.14351655641888E-15));
#1418=DIRECTION('',(0.,-1.,0.));
#1419=DIRECTION('',(1.,0.,1.22464679914735E-16));
#1420=FACE_BOUND('',#1421,.T.);
#1421=EDGE_LOOP('',(#2267,#2268,#2269,#2270,#2271));
#1422=PLANE('',#1423);
#1423=AXIS2_PLACEMENT_3D('',#1424,#1425,#1426);
#1424=CARTESIAN_POINT('',(-36.,-39.0000000000035,-4.40872847693047E-15));
#1425=DIRECTION('',(0.,1.,0.));
#1426=DIRECTION('',(-1.,0.,-1.22464679914735E-16));
#1427=FACE_BOUND('',#1428,.T.);
#1428=EDGE_LOOP('',(#2272,#2273,#2274,#2275));
#1429=PLANE('',#1430);
#1430=AXIS2_PLACEMENT_3D('',#1431,#1432,#1433);
#1431=CARTESIAN_POINT('',(-36.,-41.0000000000035,-4.40872847693047E-15));
#1432=DIRECTION('',(1.,0.,0.));
#1433=DIRECTION('',(0.,1.,0.));
#1434=FACE_BOUND('',#1435,.T.);
#1435=EDGE_LOOP('',(#2276,#2277,#2278,#2279,#2280));
#1436=PLANE('',#1437);
#1437=AXIS2_PLACEMENT_3D('',#1438,#1439,#1440);
#1438=CARTESIAN_POINT('',(-42.,-41.0000000000035,-5.14351655641888E-15));
#1439=DIRECTION('',(0.,-1.,0.));
#1440=DIRECTION('',(1.,0.,1.22464679914735E-16));
#1441=FACE_BOUND('',#1442,.T.);
#1442=EDGE_LOOP('',(#2281,#2282,#2283,#2284));
#1443=CYLINDRICAL_SURFACE('',#1444,4.59999999999999);
#1444=AXIS2_PLACEMENT_3D('',#1445,#1446,#1447);
#1445=CARTESIAN_POINT('',(-38.,-52.0000000000035,-4.65365783675994E-15));
#1446=DIRECTION('',(-1.22464679914735E-16,0.,1.));
#1447=DIRECTION('',(6.12323399573677E-17,1.,7.49879891330929E-33));
#1448=FACE_BOUND('',#1449,.T.);
#1449=EDGE_LOOP('',(#2285,#2286,#2287,#2288,#2289,#2290,#2291,#2292,#2293,#2294,
#2295,#2296,#2297,#2298,#2299,#2300,#2301,#2302,#2303,#2304));
#1450=PLANE('',#1451);
#1451=AXIS2_PLACEMENT_3D('',#1452,#1453,#1454);
#1452=CARTESIAN_POINT('',(45.,-56.0000000000035,17.));
#1453=DIRECTION('',(0.,-1.,0.));
#1454=DIRECTION('',(-1.,0.,-1.57898385724467E-16));
#1455=FACE_BOUND('',#1456,.T.);
#1456=EDGE_LOOP('',(#2305,#2306,#2307,#2308));
#1457=PLANE('',#1458);
#1458=AXIS2_PLACEMENT_3D('',#1459,#1460,#1461);
#1459=CARTESIAN_POINT('',(-30.,-54.0000000000035,-3.67394039744206E-15));
#1460=DIRECTION('',(-1.,0.,0.));
#1461=DIRECTION('',(0.,-1.,0.));
#1462=FACE_BOUND('',#1463,.T.);
#1463=EDGE_LOOP('',(#2309,#2310,#2311,#2312));
#1464=PLANE('',#1465);
#1465=AXIS2_PLACEMENT_3D('',#1466,#1467,#1468);
#1466=CARTESIAN_POINT('',(-28.,-54.0000000000035,-3.42901103761259E-15));
#1467=DIRECTION('',(0.,1.,0.));
#1468=DIRECTION('',(-1.,0.,-1.22464679914735E-16));
#1469=FACE_BOUND('',#1470,.T.);
#1470=EDGE_LOOP('',(#2313,#2314,#2315,#2316));
#1471=PLANE('',#1472);
#1472=AXIS2_PLACEMENT_3D('',#1473,#1474,#1475);
#1473=CARTESIAN_POINT('',(-28.,-56.0000000000035,-3.42901103761259E-15));
#1474=DIRECTION('',(1.,0.,0.));
#1475=DIRECTION('',(0.,1.,0.));
#1476=FACE_BOUND('',#1477,.T.);
#1477=EDGE_LOOP('',(#2317,#2318,#2319,#2320));
#1478=PLANE('',#1479);
#1479=AXIS2_PLACEMENT_3D('',#1480,#1481,#1482);
#1480=CARTESIAN_POINT('',(-12.,-54.0000000000035,-1.46957615897682E-15));
#1481=DIRECTION('',(-1.,0.,0.));
#1482=DIRECTION('',(0.,-1.,0.));
#1483=FACE_BOUND('',#1484,.T.);
#1484=EDGE_LOOP('',(#2321,#2322,#2323,#2324));
#1485=PLANE('',#1486);
#1486=AXIS2_PLACEMENT_3D('',#1487,#1488,#1489);
#1487=CARTESIAN_POINT('',(-9.99999999999999,-54.0000000000035,-1.22464679914735E-15));
#1488=DIRECTION('',(0.,1.,0.));
#1489=DIRECTION('',(-1.,0.,-1.22464679914735E-16));
#1490=FACE_BOUND('',#1491,.T.);
#1491=EDGE_LOOP('',(#2325,#2326,#2327,#2328));
#1492=PLANE('',#1493);
#1493=AXIS2_PLACEMENT_3D('',#1494,#1495,#1496);
#1494=CARTESIAN_POINT('',(-9.99999999999999,-56.0000000000035,-1.22464679914735E-15));
#1495=DIRECTION('',(1.,0.,0.));
#1496=DIRECTION('',(0.,1.,0.));
#1497=FACE_BOUND('',#1498,.T.);
#1498=EDGE_LOOP('',(#2329,#2330,#2331,#2332));
#1499=PLANE('',#1500);
#1500=AXIS2_PLACEMENT_3D('',#1501,#1502,#1503);
#1501=CARTESIAN_POINT('',(6.00000000000001,-54.0000000000035,7.34788079488413E-16));
#1502=DIRECTION('',(-1.,7.29842950169176E-48,-1.48029736616688E-16));
#1503=DIRECTION('',(0.,-1.,-4.93038065763132E-32));
#1504=FACE_BOUND('',#1505,.T.);
#1505=EDGE_LOOP('',(#2333,#2334,#2335,#2336));
#1506=PLANE('',#1507);
#1507=AXIS2_PLACEMENT_3D('',#1508,#1509,#1510);
#1508=CARTESIAN_POINT('',(8.00000000000001,-54.0000000000035,9.79717439317884E-16));
#1509=DIRECTION('',(0.,1.,0.));
#1510=DIRECTION('',(-1.,0.,-1.22464679914735E-16));
#1511=FACE_BOUND('',#1512,.T.);
#1512=EDGE_LOOP('',(#2337,#2338,#2339,#2340));
#1513=PLANE('',#1514);
#1514=AXIS2_PLACEMENT_3D('',#1515,#1516,#1517);
#1515=CARTESIAN_POINT('',(8.00000000000001,-56.0000000000035,9.79717439317884E-16));
#1516=DIRECTION('',(1.,0.,0.));
#1517=DIRECTION('',(0.,1.,0.));
#1518=FACE_BOUND('',#1519,.T.);
#1519=EDGE_LOOP('',(#2341,#2342,#2343,#2344));
#1520=PLANE('',#1521);
#1521=AXIS2_PLACEMENT_3D('',#1522,#1523,#1524);
#1522=CARTESIAN_POINT('',(24.,-54.0000000000035,2.93915231795365E-15));
#1523=DIRECTION('',(-1.,0.,0.));
#1524=DIRECTION('',(0.,-1.,0.));
#1525=FACE_BOUND('',#1526,.T.);
#1526=EDGE_LOOP('',(#2345,#2346,#2347,#2348));
#1527=PLANE('',#1528);
#1528=AXIS2_PLACEMENT_3D('',#1529,#1530,#1531);
#1529=CARTESIAN_POINT('',(26.,-54.0000000000035,3.18408167778312E-15));
#1530=DIRECTION('',(0.,1.,0.));
#1531=DIRECTION('',(-1.,0.,-1.22464679914735E-16));
#1532=FACE_BOUND('',#1533,.T.);
#1533=EDGE_LOOP('',(#2349,#2350,#2351,#2352));
#1534=PLANE('',#1535);
#1535=AXIS2_PLACEMENT_3D('',#1536,#1537,#1538);
#1536=CARTESIAN_POINT('',(26.,-56.0000000000035,3.18408167778312E-15));
#1537=DIRECTION('',(1.,0.,0.));
#1538=DIRECTION('',(0.,1.,0.));
#1539=FACE_BOUND('',#1540,.T.);
#1540=EDGE_LOOP('',(#2353,#2354,#2355,#2356,#2357,#2358,#2359,#2360));
#1541=PLANE('',#1542);
#1542=AXIS2_PLACEMENT_3D('',#1543,#1544,#1545);
#1543=CARTESIAN_POINT('',(-45.,-59.0000000000035,17.));
#1544=DIRECTION('',(-1.,-8.70052329502163E-17,0.));
#1545=DIRECTION('',(-8.70052329502163E-17,1.,0.));
#1546=FACE_BOUND('',#1547,.T.);
#1547=EDGE_LOOP('',(#2361,#2362,#2363,#2364));
#1548=CYLINDRICAL_SURFACE('',#1549,2.);
#1549=AXIS2_PLACEMENT_3D('',#1550,#1551,#1552);
#1550=CARTESIAN_POINT('',(-47.,-52.0000000000035,17.));
#1551=DIRECTION('',(1.22464679914735E-16,1.,0.));
#1552=DIRECTION('',(-0.642787609681282,7.8718778872776E-17,-0.766044443123389));
#1553=FACE_BOUND('',#1554,.T.);
#1554=EDGE_LOOP('',(#2365,#2366,#2367,#2368,#2369));
#1555=CYLINDRICAL_SURFACE('',#1556,7.);
#1556=AXIS2_PLACEMENT_3D('',#1557,#1558,#1559);
#1557=CARTESIAN_POINT('',(-38.,-52.0000000000035,45.));
#1558=DIRECTION('',(0.,0.,1.));
#1559=DIRECTION('',(-1.,0.,0.));
#1560=FACE_BOUND('',#1561,.T.);
#1561=EDGE_LOOP('',(#2370,#2371,#2372,#2373));
#1562=PLANE('',#1563);
#1563=AXIS2_PLACEMENT_3D('',#1564,#1565,#1566);
#1564=CARTESIAN_POINT('',(45.,-59.0000000000035,17.));
#1565=DIRECTION('',(0.,-1.,0.));
#1566=DIRECTION('',(-1.,0.,-1.57898385724467E-16));
#1567=FACE_BOUND('',#1568,.T.);
#1568=EDGE_LOOP('',(#2374,#2375,#2376,#2377));
#1569=CYLINDRICAL_SURFACE('',#1570,7.);
#1570=AXIS2_PLACEMENT_3D('',#1571,#1572,#1573);
#1571=CARTESIAN_POINT('',(38.,-52.0000000000035,45.));
#1572=DIRECTION('',(-4.67462326157961E-16,0.,1.));
#1573=DIRECTION('',(-1.01506105108585E-15,-1.,-4.74502800132938E-31));
#1574=FACE_BOUND('',#1575,.T.);
#1575=EDGE_LOOP('',(#2378,#2379,#2380,#2381));
#1576=PLANE('',#1577);
#1577=AXIS2_PLACEMENT_3D('',#1578,#1579,#1580);
#1578=CARTESIAN_POINT('',(45.,185.999999999997,17.));
#1579=DIRECTION('',(1.,8.70052329502163E-17,3.5527136788005E-16));
#1580=DIRECTION('',(8.70052329502163E-17,-1.,0.));
#1581=FACE_BOUND('',#1582,.T.);
#1582=EDGE_LOOP('',(#2382,#2383,#2384,#2385));
#1583=CYLINDRICAL_SURFACE('',#1584,7.);
#1584=AXIS2_PLACEMENT_3D('',#1585,#1586,#1587);
#1585=CARTESIAN_POINT('',(38.,178.999999999997,45.));
#1586=DIRECTION('',(-1.86984930463184E-16,0.,1.));
#1587=DIRECTION('',(1.,0.,1.86984930463184E-16));
#1588=FACE_BOUND('',#1589,.T.);
#1589=EDGE_LOOP('',(#2386,#2387,#2388,#2389));
#1590=PLANE('',#1591);
#1591=AXIS2_PLACEMENT_3D('',#1592,#1593,#1594);
#1592=CARTESIAN_POINT('',(-45.,185.999999999997,17.));
#1593=DIRECTION('',(0.,1.,0.));
#1594=DIRECTION('',(1.,0.,1.57898385724467E-16));
#1595=FACE_BOUND('',#1596,.T.);
#1596=EDGE_LOOP('',(#2390,#2391,#2392,#2393,#2394));
#1597=CYLINDRICAL_SURFACE('',#1598,7.);
#1598=AXIS2_PLACEMENT_3D('',#1599,#1600,#1601);
#1599=CARTESIAN_POINT('',(-38.,178.999999999996,45.));
#1600=DIRECTION('',(0.,0.,1.));
#1601=DIRECTION('',(0.,1.,0.));
#1602=FACE_BOUND('',#1603,.T.);
#1603=EDGE_LOOP('',(#2395,#2396,#2397,#2398));
#1604=CYLINDRICAL_SURFACE('',#1605,2.);
#1605=AXIS2_PLACEMENT_3D('',#1606,#1607,#1608);
#1606=CARTESIAN_POINT('',(-47.,-52.0000000000035,17.));
#1607=DIRECTION('',(1.22464679914735E-16,1.,0.));
#1608=DIRECTION('',(-0.642787609681282,7.8718778872776E-17,-0.766044443123389));
#1609=FACE_BOUND('',#1610,.T.);
#1610=EDGE_LOOP('',(#2399,#2400,#2401,#2402));
#1611=PLANE('',#1612);
#1612=AXIS2_PLACEMENT_3D('',#1613,#1614,#1615);
#1613=CARTESIAN_POINT('',(-45.,182.999999999997,17.));
#1614=DIRECTION('',(0.,1.,0.));
#1615=DIRECTION('',(1.,0.,1.57898385724467E-16));
#1616=FACE_BOUND('',#1617,.T.);
#1617=EDGE_LOOP('',(#2403,#2404,#2405,#2406));
#1618=CYLINDRICAL_SURFACE('',#1619,4.59999999999999);
#1619=AXIS2_PLACEMENT_3D('',#1620,#1621,#1622);
#1620=CARTESIAN_POINT('',(-38.,178.999999999997,-4.65365783675994E-15));
#1621=DIRECTION('',(-1.22464679914735E-16,0.,1.));
#1622=DIRECTION('',(6.12323399573677E-17,1.,7.49879891330929E-33));
#1623=FACE_OUTER_BOUND('',#1624,.T.);
#1624=EDGE_LOOP('',(#2407));
#1625=FACE_OUTER_BOUND('',#1626,.T.);
#1626=EDGE_LOOP('',(#2408));
#1627=CYLINDRICAL_SURFACE('',#1628,2.6);
#1628=AXIS2_PLACEMENT_3D('',#1629,#1630,#1631);
#1629=CARTESIAN_POINT('',(38.,-52.0000000000035,4.65365783675994E-15));
#1630=DIRECTION('',(-1.22464679914735E-16,0.,1.));
#1631=DIRECTION('',(6.12323399573677E-17,1.,7.49879891330929E-33));
#1632=FACE_OUTER_BOUND('',#1633,.T.);
#1633=EDGE_LOOP('',(#2409));
#1634=FACE_OUTER_BOUND('',#1635,.T.);
#1635=EDGE_LOOP('',(#2410));
#1636=CYLINDRICAL_SURFACE('',#1637,2.6);
#1637=AXIS2_PLACEMENT_3D('',#1638,#1639,#1640);
#1638=CARTESIAN_POINT('',(-38.,-52.0000000000035,-4.65365783675994E-15));
#1639=DIRECTION('',(-1.22464679914735E-16,0.,1.));
#1640=DIRECTION('',(6.12323399573677E-17,1.,7.49879891330929E-33));
#1641=FACE_OUTER_BOUND('',#1642,.T.);
#1642=EDGE_LOOP('',(#2411));
#1643=FACE_OUTER_BOUND('',#1644,.T.);
#1644=EDGE_LOOP('',(#2412));
#1645=CYLINDRICAL_SURFACE('',#1646,2.6);
#1646=AXIS2_PLACEMENT_3D('',#1647,#1648,#1649);
#1647=CARTESIAN_POINT('',(38.,178.999999999997,4.65365783675994E-15));
#1648=DIRECTION('',(-1.22464679914735E-16,0.,1.));
#1649=DIRECTION('',(6.12323399573677E-17,1.,7.49879891330929E-33));
#1650=FACE_OUTER_BOUND('',#1651,.T.);
#1651=EDGE_LOOP('',(#2413));
#1652=FACE_OUTER_BOUND('',#1653,.T.);
#1653=EDGE_LOOP('',(#2414));
#1654=CYLINDRICAL_SURFACE('',#1655,2.6);
#1655=AXIS2_PLACEMENT_3D('',#1656,#1657,#1658);
#1656=CARTESIAN_POINT('',(-38.,178.999999999997,-4.65365783675994E-15));
#1657=DIRECTION('',(-1.22464679914735E-16,0.,1.));
#1658=DIRECTION('',(6.12323399573677E-17,1.,7.49879891330929E-33));
#1659=FACE_BOUND('',#1660,.T.);
#1660=EDGE_LOOP('',(#2415,#2416,#2417,#2418));
#1661=PLANE('',#1662);
#1662=AXIS2_PLACEMENT_3D('',#1663,#1664,#1665);
#1663=CARTESIAN_POINT('',(-42.,56.5000000000035,-5.14351655641888E-15));
#1664=DIRECTION('',(-5.2245789394125E-17,-1.,0.));
#1665=DIRECTION('',(1.,-5.2245789394125E-17,1.22464679914735E-16));
#1666=FACE_BOUND('',#1667,.T.);
#1667=EDGE_LOOP('',(#2419,#2420,#2421,#2422));
#1668=PLANE('',#1669);
#1669=AXIS2_PLACEMENT_3D('',#1670,#1671,#1672);
#1670=CARTESIAN_POINT('',(-27.,54.5000000000035,-3.45636296217955E-15));
#1671=DIRECTION('',(1.,0.,1.97372982155583E-16));
#1672=DIRECTION('',(0.,1.,0.));
#1673=FACE_BOUND('',#1674,.T.);
#1674=EDGE_LOOP('',(#2423,#2424,#2425,#2426));
#1675=PLANE('',#1676);
#1676=AXIS2_PLACEMENT_3D('',#1677,#1678,#1679);
#1677=CARTESIAN_POINT('',(-25.,70.0000000000034,-3.06161699786838E-15));
#1678=DIRECTION('',(0.,-1.,0.));
#1679=DIRECTION('',(1.,0.,1.22464679914735E-16));
#1680=FACE_BOUND('',#1681,.T.);
#1681=EDGE_LOOP('',(#2427,#2428,#2429,#2430));
#1682=PLANE('',#1683);
#1683=AXIS2_PLACEMENT_3D('',#1684,#1685,#1686);
#1684=CARTESIAN_POINT('',(-11.0000000000037,68.0000000000034,-1.19729487458085E-15));
#1685=DIRECTION('',(-1.,1.31581988103723E-16,-1.97372982155583E-16));
#1686=DIRECTION('',(-1.31581988103723E-16,-1.,-1.46085352818707E-32));
#1687=FACE_BOUND('',#1688,.T.);
#1688=EDGE_LOOP('',(#2431,#2432,#2433,#2434));
#1689=PLANE('',#1690);
#1690=AXIS2_PLACEMENT_3D('',#1691,#1692,#1693);
#1691=CARTESIAN_POINT('',(-1.83697019872103E-15,49.560921003415,15.));
#1692=DIRECTION('',(-1.22464679914735E-16,0.,1.));
#1693=DIRECTION('',(6.12323399573677E-17,1.,7.49879891330929E-33));
#1694=FACE_BOUND('',#1695,.T.);
#1695=EDGE_LOOP('',(#2435,#2436,#2437,#2438));
#1696=PLANE('',#1697);
#1697=AXIS2_PLACEMENT_3D('',#1698,#1699,#1700);
#1698=CARTESIAN_POINT('',(-1.83697019872103E-15,49.560921003415,15.));
#1699=DIRECTION('',(-1.22464679914735E-16,0.,1.));
#1700=DIRECTION('',(6.12323399573677E-17,1.,7.49879891330929E-33));
#1701=FACE_BOUND('',#1702,.T.);
#1702=EDGE_LOOP('',(#2439,#2440,#2441,#2442));
#1703=PLANE('',#1704);
#1704=AXIS2_PLACEMENT_3D('',#1705,#1706,#1707);
#1705=CARTESIAN_POINT('',(-1.83697019872103E-15,49.560921003415,15.));
#1706=DIRECTION('',(-1.22464679914735E-16,0.,1.));
#1707=DIRECTION('',(6.12323399573677E-17,1.,7.49879891330929E-33));
#1708=FACE_BOUND('',#1709,.T.);
#1709=EDGE_LOOP('',(#2443,#2444,#2445,#2446));
#1710=PLANE('',#1711);
#1711=AXIS2_PLACEMENT_3D('',#1712,#1713,#1714);
#1712=CARTESIAN_POINT('',(-1.83697019872103E-15,49.560921003415,15.));
#1713=DIRECTION('',(-1.22464679914735E-16,0.,1.));
#1714=DIRECTION('',(6.12323399573677E-17,1.,7.49879891330929E-33));
#1715=FACE_BOUND('',#1716,.T.);
#1716=EDGE_LOOP('',(#2447,#2448,#2449,#2450));
#1717=PLANE('',#1718);
#1718=AXIS2_PLACEMENT_3D('',#1719,#1720,#1721);
#1719=CARTESIAN_POINT('',(-1.83697019872103E-15,49.560921003415,15.));
#1720=DIRECTION('',(-1.22464679914735E-16,0.,1.));
#1721=DIRECTION('',(6.12323399573677E-17,1.,7.49879891330929E-33));
#1722=FACE_BOUND('',#1723,.T.);
#1723=EDGE_LOOP('',(#2451,#2452,#2453,#2454));
#1724=CYLINDRICAL_SURFACE('',#1725,5.);
#1725=AXIS2_PLACEMENT_3D('',#1726,#1727,#1728);
#1726=CARTESIAN_POINT('',(-41.,24.9999999999965,10.));
#1727=DIRECTION('',(0.,1.,0.));
#1728=DIRECTION('',(-1.4210854715202E-15,0.,1.));
#1729=FACE_BOUND('',#1730,.T.);
#1730=EDGE_LOOP('',(#2455,#2456,#2457,#2458));
#1731=CYLINDRICAL_SURFACE('',#1732,5.);
#1732=AXIS2_PLACEMENT_3D('',#1733,#1734,#1735);
#1733=CARTESIAN_POINT('',(-41.,4.99999999999649,9.99999999999999));
#1734=DIRECTION('',(0.,1.,0.));
#1735=DIRECTION('',(-1.4210854715202E-15,0.,1.));
#1736=FACE_BOUND('',#1737,.T.);
#1737=EDGE_LOOP('',(#2459,#2460,#2461,#2462));
#1738=CYLINDRICAL_SURFACE('',#1739,5.);
#1739=AXIS2_PLACEMENT_3D('',#1740,#1741,#1742);
#1740=CARTESIAN_POINT('',(-41.,-15.0000000000035,9.99999999999999));
#1741=DIRECTION('',(0.,1.,0.));
#1742=DIRECTION('',(-1.4210854715202E-15,0.,1.));
#1743=FACE_BOUND('',#1744,.T.);
#1744=EDGE_LOOP('',(#2463,#2464,#2465,#2466));
#1745=CYLINDRICAL_SURFACE('',#1746,5.);
#1746=AXIS2_PLACEMENT_3D('',#1747,#1748,#1749);
#1747=CARTESIAN_POINT('',(-41.,-35.0000000000035,10.));
#1748=DIRECTION('',(0.,1.,0.));
#1749=DIRECTION('',(-1.4210854715202E-15,0.,1.));
#1750=FACE_BOUND('',#1751,.T.);
#1751=EDGE_LOOP('',(#2467,#2468,#2469,#2470));
#1752=CYLINDRICAL_SURFACE('',#1753,5.);
#1753=AXIS2_PLACEMENT_3D('',#1754,#1755,#1756);
#1754=CARTESIAN_POINT('',(-41.,-55.0000000000035,10.));
#1755=DIRECTION('',(0.,1.,0.));
#1756=DIRECTION('',(-1.4210854715202E-15,0.,1.));
#1757=FACE_BOUND('',#1758,.T.);
#1758=EDGE_LOOP('',(#2471,#2472,#2473,#2474));
#1759=CYLINDRICAL_SURFACE('',#1760,2.);
#1760=AXIS2_PLACEMENT_3D('',#1761,#1762,#1763);
#1761=CARTESIAN_POINT('',(34.,-56.0000000000035,10.));
#1762=DIRECTION('',(-1.,0.,-9.86864910777917E-17));
#1763=DIRECTION('',(-9.86864910777917E-17,7.105427357601E-15,1.));
#1764=FACE_BOUND('',#1765,.T.);
#1765=EDGE_LOOP('',(#2475,#2476,#2477,#2478));
#1766=CYLINDRICAL_SURFACE('',#1767,2.);
#1767=AXIS2_PLACEMENT_3D('',#1768,#1769,#1770);
#1768=CARTESIAN_POINT('',(16.,-56.0000000000035,10.));
#1769=DIRECTION('',(-1.,0.,-9.86864910777917E-17));
#1770=DIRECTION('',(-9.86864910777917E-17,7.105427357601E-15,1.));
#1771=FACE_BOUND('',#1772,.T.);
#1772=EDGE_LOOP('',(#2479,#2480,#2481,#2482));
#1773=CYLINDRICAL_SURFACE('',#1774,2.);
#1774=AXIS2_PLACEMENT_3D('',#1775,#1776,#1777);
#1775=CARTESIAN_POINT('',(-2.,-56.0000000000035,10.));
#1776=DIRECTION('',(-1.,0.,-9.86864910777917E-17));
#1777=DIRECTION('',(-9.86864910777917E-17,-7.105427357601E-15,1.));
#1778=FACE_BOUND('',#1779,.T.);
#1779=EDGE_LOOP('',(#2483,#2484,#2485,#2486));
#1780=CYLINDRICAL_SURFACE('',#1781,2.);
#1781=AXIS2_PLACEMENT_3D('',#1782,#1783,#1784);
#1782=CARTESIAN_POINT('',(-20.,-56.0000000000035,10.));
#1783=DIRECTION('',(-1.,0.,-1.97372982155583E-16));
#1784=DIRECTION('',(-1.97372982155583E-16,7.105427357601E-15,1.));
#1785=FACE_BOUND('',#1786,.T.);
#1786=EDGE_LOOP('',(#2487,#2488,#2489,#2490));
#1787=PLANE('',#1788);
#1788=AXIS2_PLACEMENT_3D('',#1789,#1790,#1791);
#1789=CARTESIAN_POINT('',(-45.,-52.0000000000035,12.7109861591944));
#1790=DIRECTION('',(-0.64278760965607,7.9087111113025E-17,-0.766044443144545));
#1791=DIRECTION('',(-0.766044443144545,0.,0.64278760965607));
#1792=FACE_BOUND('',#1793,.T.);
#1793=EDGE_LOOP('',(#2491,#2492,#2493));
#1794=FACE_BOUND('',#1795,.T.);
#1795=EDGE_LOOP('',(#2494));
#1796=PLANE('',#1797);
#1797=AXIS2_PLACEMENT_3D('',#1798,#1799,#1800);
#1798=CARTESIAN_POINT('',(-1.02357511736886E-14,-42.0000000000035,0.));
#1799=DIRECTION('',(1.22464679914735E-16,1.,0.));
#1800=DIRECTION('',(-1.,1.22464679914735E-16,0.));
#1801=FACE_BOUND('',#1802,.T.);
#1802=EDGE_LOOP('',(#2495,#2496,#2497));
#1803=FACE_BOUND('',#1804,.T.);
#1804=EDGE_LOOP('',(#2498));
#1805=PLANE('',#1806);
#1806=AXIS2_PLACEMENT_3D('',#1807,#1808,#1809);
#1807=CARTESIAN_POINT('',(1.56042962883205E-14,168.999999999996,0.));
#1808=DIRECTION('',(1.22464679914735E-16,1.,0.));
#1809=DIRECTION('',(-1.,1.22464679914735E-16,0.));
#1810=FACE_BOUND('',#1811,.T.);
#1811=EDGE_LOOP('',(#2499,#2500,#2501,#2502));
#1812=PLANE('',#1813);
#1813=AXIS2_PLACEMENT_3D('',#1814,#1815,#1816);
#1814=CARTESIAN_POINT('',(-45.,-52.0000000000035,12.7109861591944));
#1815=DIRECTION('',(-0.64278760965607,7.9087111113025E-17,-0.766044443144545));
#1816=DIRECTION('',(-0.766044443144545,0.,0.64278760965607));
#1817=FACE_BOUND('',#1818,.T.);
#1818=EDGE_LOOP('',(#2503,#2504,#2505,#2506,#2507,#2508,#2509,#2510));
#1819=PLANE('',#1820);
#1820=AXIS2_PLACEMENT_3D('',#1821,#1822,#1823);
#1821=CARTESIAN_POINT('',(0.,49.560921003415,-3.));
#1822=DIRECTION('',(1.22464679914735E-16,0.,-1.));
#1823=DIRECTION('',(-6.12323399573677E-17,1.,-7.49879891330929E-33));
#1824=FACE_BOUND('',#1825,.T.);
#1825=EDGE_LOOP('',(#2511,#2512,#2513));
#1826=FACE_BOUND('',#1827,.T.);
#1827=EDGE_LOOP('',(#2514));
#1828=PLANE('',#1829);
#1829=AXIS2_PLACEMENT_3D('',#1830,#1831,#1832);
#1830=CARTESIAN_POINT('',(-1.1460397972836E-14,-52.0000000000035,0.));
#1831=DIRECTION('',(1.22464679914735E-16,1.,0.));
#1832=DIRECTION('',(-1.,1.22464679914735E-16,0.));
#1833=FACE_BOUND('',#1834,.T.);
#1834=EDGE_LOOP('',(#2515,#2516,#2517));
#1835=FACE_BOUND('',#1836,.T.);
#1836=EDGE_LOOP('',(#2518));
#1837=PLANE('',#1838);
#1838=AXIS2_PLACEMENT_3D('',#1839,#1840,#1841);
#1839=CARTESIAN_POINT('',(1.68289430874679E-14,178.999999999996,0.));
#1840=DIRECTION('',(1.22464679914735E-16,1.,0.));
#1841=DIRECTION('',(-1.,1.22464679914735E-16,0.));
#1842=FACE_BOUND('',#1843,.T.);
#1843=EDGE_LOOP('',(#2519));
#1844=PLANE('',#1845);
#1845=AXIS2_PLACEMENT_3D('',#1846,#1847,#1848);
#1846=CARTESIAN_POINT('',(-2.15537836649934E-15,49.560921003415,14.6));
#1847=DIRECTION('',(1.22464679914735E-16,0.,-1.));
#1848=DIRECTION('',(-6.12323399573677E-17,1.,-7.49879891330929E-33));
#1849=FACE_BOUND('',#1850,.T.);
#1850=EDGE_LOOP('',(#2520));
#1851=PLANE('',#1852);
#1852=AXIS2_PLACEMENT_3D('',#1853,#1854,#1855);
#1853=CARTESIAN_POINT('',(-2.15537836649934E-15,49.560921003415,14.6));
#1854=DIRECTION('',(1.22464679914735E-16,0.,-1.));
#1855=DIRECTION('',(-6.12323399573677E-17,1.,-7.49879891330929E-33));
#1856=FACE_BOUND('',#1857,.T.);
#1857=EDGE_LOOP('',(#2521));
#1858=PLANE('',#1859);
#1859=AXIS2_PLACEMENT_3D('',#1860,#1861,#1862);
#1860=CARTESIAN_POINT('',(-2.15537836649934E-15,49.560921003415,14.6));
#1861=DIRECTION('',(1.22464679914735E-16,0.,-1.));
#1862=DIRECTION('',(-6.12323399573677E-17,1.,-7.49879891330929E-33));
#1863=FACE_BOUND('',#1864,.T.);
#1864=EDGE_LOOP('',(#2522));
#1865=PLANE('',#1866);
#1866=AXIS2_PLACEMENT_3D('',#1867,#1868,#1869);
#1867=CARTESIAN_POINT('',(-2.15537836649934E-15,49.560921003415,14.6));
#1868=DIRECTION('',(1.22464679914735E-16,0.,-1.));
#1869=DIRECTION('',(-6.12323399573677E-17,1.,-7.49879891330929E-33));
#1870=FACE_OUTER_BOUND('',#1871,.T.);
#1871=EDGE_LOOP('',(#2523));
#1872=FACE_OUTER_BOUND('',#1873,.T.);
#1873=EDGE_LOOP('',(#2524));
#1874=CYLINDRICAL_SURFACE('',#1875,1.);
#1875=AXIS2_PLACEMENT_3D('',#1876,#1877,#1878);
#1876=CARTESIAN_POINT('',(-47.,-52.0000000000035,17.));
#1877=DIRECTION('',(1.22464679914735E-16,1.,0.));
#1878=DIRECTION('',(-1.,1.22464679914735E-16,0.));
#1879=FACE_OUTER_BOUND('',#1880,.T.);
#1880=EDGE_LOOP('',(#2525));
#1881=FACE_OUTER_BOUND('',#1882,.T.);
#1882=EDGE_LOOP('',(#2526));
#1883=CYLINDRICAL_SURFACE('',#1884,1.);
#1884=AXIS2_PLACEMENT_3D('',#1885,#1886,#1887);
#1885=CARTESIAN_POINT('',(-47.,-52.0000000000035,17.));
#1886=DIRECTION('',(1.22464679914735E-16,1.,0.));
#1887=DIRECTION('',(-1.,1.22464679914735E-16,0.));
#1888=FACE_BOUND('',#1889,.T.);
#1889=EDGE_LOOP('',(#2527,#2528,#2529,#2530));
#1890=CYLINDRICAL_SURFACE('',#1891,5.);
#1891=AXIS2_PLACEMENT_3D('',#1892,#1893,#1894);
#1892=CARTESIAN_POINT('',(41.,24.9999999999965,9.99999999999999));
#1893=DIRECTION('',(2.368475785867E-16,-1.,0.));
#1894=DIRECTION('',(1.4210854715202E-15,3.15544362088405E-31,1.));
#1895=FACE_BOUND('',#1896,.T.);
#1896=EDGE_LOOP('',(#2531,#2532,#2533,#2534));
#1897=CYLINDRICAL_SURFACE('',#1898,5.);
#1898=AXIS2_PLACEMENT_3D('',#1899,#1900,#1901);
#1899=CARTESIAN_POINT('',(41.,4.99999999999649,9.99999999999999));
#1900=DIRECTION('',(0.,-1.,0.));
#1901=DIRECTION('',(1.4210854715202E-15,0.,1.));
#1902=FACE_BOUND('',#1903,.T.);
#1903=EDGE_LOOP('',(#2535,#2536,#2537,#2538));
#1904=CYLINDRICAL_SURFACE('',#1905,5.);
#1905=AXIS2_PLACEMENT_3D('',#1906,#1907,#1908);
#1906=CARTESIAN_POINT('',(41.,-15.0000000000035,9.99999999999999));
#1907=DIRECTION('',(0.,-1.,0.));
#1908=DIRECTION('',(1.4210854715202E-15,0.,1.));
#1909=FACE_BOUND('',#1910,.T.);
#1910=EDGE_LOOP('',(#2539,#2540,#2541,#2542));
#1911=CYLINDRICAL_SURFACE('',#1912,5.);
#1912=AXIS2_PLACEMENT_3D('',#1913,#1914,#1915);
#1913=CARTESIAN_POINT('',(41.,-35.0000000000035,9.99999999999999));
#1914=DIRECTION('',(0.,-1.,0.));
#1915=DIRECTION('',(1.4210854715202E-15,0.,1.));
#1916=FACE_BOUND('',#1917,.T.);
#1917=EDGE_LOOP('',(#2543,#2544,#2545,#2546));
#1918=CYLINDRICAL_SURFACE('',#1919,5.);
#1919=AXIS2_PLACEMENT_3D('',#1920,#1921,#1922);
#1920=CARTESIAN_POINT('',(41.,-55.0000000000035,9.99999999999999));
#1921=DIRECTION('',(0.,-1.,0.));
#1922=DIRECTION('',(1.4210854715202E-15,0.,1.));
#1923=ORIENTED_EDGE('',*,*,#2547,.F.);
#1924=ORIENTED_EDGE('',*,*,#2548,.T.);
#1925=ORIENTED_EDGE('',*,*,#2549,.F.);
#1926=ORIENTED_EDGE('',*,*,#2550,.F.);
#1927=ORIENTED_EDGE('',*,*,#2551,.F.);
#1928=ORIENTED_EDGE('',*,*,#2552,.T.);
#1929=ORIENTED_EDGE('',*,*,#2553,.F.);
#1930=ORIENTED_EDGE('',*,*,#2554,.F.);
#1931=ORIENTED_EDGE('',*,*,#2555,.F.);
#1932=ORIENTED_EDGE('',*,*,#2556,.T.);
#1933=ORIENTED_EDGE('',*,*,#2557,.F.);
#1934=ORIENTED_EDGE('',*,*,#2558,.F.);
#1935=ORIENTED_EDGE('',*,*,#2559,.F.);
#1936=ORIENTED_EDGE('',*,*,#2560,.T.);
#1937=ORIENTED_EDGE('',*,*,#2561,.F.);
#1938=ORIENTED_EDGE('',*,*,#2562,.F.);
#1939=ORIENTED_EDGE('',*,*,#2563,.F.);
#1940=ORIENTED_EDGE('',*,*,#2564,.T.);
#1941=ORIENTED_EDGE('',*,*,#2565,.F.);
#1942=ORIENTED_EDGE('',*,*,#2566,.F.);
#1943=ORIENTED_EDGE('',*,*,#2567,.F.);
#1944=ORIENTED_EDGE('',*,*,#2568,.T.);
#1945=ORIENTED_EDGE('',*,*,#2569,.F.);
#1946=ORIENTED_EDGE('',*,*,#2570,.F.);
#1947=ORIENTED_EDGE('',*,*,#2571,.F.);
#1948=ORIENTED_EDGE('',*,*,#2572,.T.);
#1949=ORIENTED_EDGE('',*,*,#2573,.F.);
#1950=ORIENTED_EDGE('',*,*,#2574,.F.);
#1951=ORIENTED_EDGE('',*,*,#2575,.F.);
#1952=ORIENTED_EDGE('',*,*,#2576,.F.);
#1953=ORIENTED_EDGE('',*,*,#2577,.F.);
#1954=ORIENTED_EDGE('',*,*,#2572,.F.);
#1955=ORIENTED_EDGE('',*,*,#2578,.F.);
#1956=ORIENTED_EDGE('',*,*,#2579,.F.);
#1957=ORIENTED_EDGE('',*,*,#2580,.F.);
#1958=ORIENTED_EDGE('',*,*,#2568,.F.);
#1959=ORIENTED_EDGE('',*,*,#2581,.F.);
#1960=ORIENTED_EDGE('',*,*,#2582,.F.);
#1961=ORIENTED_EDGE('',*,*,#2583,.F.);
#1962=ORIENTED_EDGE('',*,*,#2564,.F.);
#1963=ORIENTED_EDGE('',*,*,#2584,.F.);
#1964=ORIENTED_EDGE('',*,*,#2585,.F.);
#1965=ORIENTED_EDGE('',*,*,#2586,.F.);
#1966=ORIENTED_EDGE('',*,*,#2560,.F.);
#1967=ORIENTED_EDGE('',*,*,#2587,.F.);
#1968=ORIENTED_EDGE('',*,*,#2588,.F.);
#1969=ORIENTED_EDGE('',*,*,#2589,.F.);
#1970=ORIENTED_EDGE('',*,*,#2556,.F.);
#1971=ORIENTED_EDGE('',*,*,#2590,.F.);
#1972=ORIENTED_EDGE('',*,*,#2591,.F.);
#1973=ORIENTED_EDGE('',*,*,#2592,.F.);
#1974=ORIENTED_EDGE('',*,*,#2593,.F.);
#1975=ORIENTED_EDGE('',*,*,#2594,.F.);
#1976=ORIENTED_EDGE('',*,*,#2595,.F.);
#1977=ORIENTED_EDGE('',*,*,#2596,.F.);
#1978=ORIENTED_EDGE('',*,*,#2597,.F.);
#1979=ORIENTED_EDGE('',*,*,#2598,.F.);
#1980=ORIENTED_EDGE('',*,*,#2599,.F.);
#1981=ORIENTED_EDGE('',*,*,#2600,.F.);
#1982=ORIENTED_EDGE('',*,*,#2601,.F.);
#1983=ORIENTED_EDGE('',*,*,#2602,.F.);
#1984=ORIENTED_EDGE('',*,*,#2603,.F.);
#1985=ORIENTED_EDGE('',*,*,#2604,.F.);
#1986=ORIENTED_EDGE('',*,*,#2605,.F.);
#1987=ORIENTED_EDGE('',*,*,#2606,.F.);
#1988=ORIENTED_EDGE('',*,*,#2607,.F.);
#1989=ORIENTED_EDGE('',*,*,#2608,.F.);
#1990=ORIENTED_EDGE('',*,*,#2609,.F.);
#1991=ORIENTED_EDGE('',*,*,#2610,.F.);
#1992=ORIENTED_EDGE('',*,*,#2611,.F.);
#1993=ORIENTED_EDGE('',*,*,#2612,.F.);
#1994=ORIENTED_EDGE('',*,*,#2613,.F.);
#1995=ORIENTED_EDGE('',*,*,#2614,.F.);
#1996=ORIENTED_EDGE('',*,*,#2615,.F.);
#1997=ORIENTED_EDGE('',*,*,#2616,.F.);
#1998=ORIENTED_EDGE('',*,*,#2617,.F.);
#1999=ORIENTED_EDGE('',*,*,#2618,.F.);
#2000=ORIENTED_EDGE('',*,*,#2619,.F.);
#2001=ORIENTED_EDGE('',*,*,#2620,.F.);
#2002=ORIENTED_EDGE('',*,*,#2621,.F.);
#2003=ORIENTED_EDGE('',*,*,#2622,.F.);
#2004=ORIENTED_EDGE('',*,*,#2623,.F.);
#2005=ORIENTED_EDGE('',*,*,#2624,.F.);
#2006=ORIENTED_EDGE('',*,*,#2625,.F.);
#2007=ORIENTED_EDGE('',*,*,#2626,.F.);
#2008=ORIENTED_EDGE('',*,*,#2627,.F.);
#2009=ORIENTED_EDGE('',*,*,#2628,.F.);
#2010=ORIENTED_EDGE('',*,*,#2629,.F.);
#2011=ORIENTED_EDGE('',*,*,#2630,.F.);
#2012=ORIENTED_EDGE('',*,*,#2631,.F.);
#2013=ORIENTED_EDGE('',*,*,#2632,.F.);
#2014=ORIENTED_EDGE('',*,*,#2633,.F.);
#2015=ORIENTED_EDGE('',*,*,#2634,.F.);
#2016=ORIENTED_EDGE('',*,*,#2548,.F.);
#2017=ORIENTED_EDGE('',*,*,#2635,.F.);
#2018=ORIENTED_EDGE('',*,*,#2636,.F.);
#2019=ORIENTED_EDGE('',*,*,#2558,.T.);
#2020=ORIENTED_EDGE('',*,*,#2637,.F.);
#2021=ORIENTED_EDGE('',*,*,#2638,.F.);
#2022=ORIENTED_EDGE('',*,*,#2637,.T.);
#2023=ORIENTED_EDGE('',*,*,#2557,.T.);
#2024=ORIENTED_EDGE('',*,*,#2589,.T.);
#2025=ORIENTED_EDGE('',*,*,#2639,.T.);
#2026=ORIENTED_EDGE('',*,*,#2640,.T.);
#2027=ORIENTED_EDGE('',*,*,#2639,.F.);
#2028=ORIENTED_EDGE('',*,*,#2588,.T.);
#2029=ORIENTED_EDGE('',*,*,#2641,.T.);
#2030=ORIENTED_EDGE('',*,*,#2642,.F.);
#2031=ORIENTED_EDGE('',*,*,#2641,.F.);
#2032=ORIENTED_EDGE('',*,*,#2587,.T.);
#2033=ORIENTED_EDGE('',*,*,#2559,.T.);
#2034=ORIENTED_EDGE('',*,*,#2636,.T.);
#2035=ORIENTED_EDGE('',*,*,#2643,.F.);
#2036=ORIENTED_EDGE('',*,*,#2644,.F.);
#2037=ORIENTED_EDGE('',*,*,#2562,.T.);
#2038=ORIENTED_EDGE('',*,*,#2645,.F.);
#2039=ORIENTED_EDGE('',*,*,#2646,.F.);
#2040=ORIENTED_EDGE('',*,*,#2645,.T.);
#2041=ORIENTED_EDGE('',*,*,#2561,.T.);
#2042=ORIENTED_EDGE('',*,*,#2586,.T.);
#2043=ORIENTED_EDGE('',*,*,#2647,.T.);
#2044=ORIENTED_EDGE('',*,*,#2648,.T.);
#2045=ORIENTED_EDGE('',*,*,#2647,.F.);
#2046=ORIENTED_EDGE('',*,*,#2585,.T.);
#2047=ORIENTED_EDGE('',*,*,#2649,.T.);
#2048=ORIENTED_EDGE('',*,*,#2650,.F.);
#2049=ORIENTED_EDGE('',*,*,#2649,.F.);
#2050=ORIENTED_EDGE('',*,*,#2584,.T.);
#2051=ORIENTED_EDGE('',*,*,#2563,.T.);
#2052=ORIENTED_EDGE('',*,*,#2644,.T.);
#2053=ORIENTED_EDGE('',*,*,#2651,.F.);
#2054=ORIENTED_EDGE('',*,*,#2652,.F.);
#2055=ORIENTED_EDGE('',*,*,#2566,.T.);
#2056=ORIENTED_EDGE('',*,*,#2653,.F.);
#2057=ORIENTED_EDGE('',*,*,#2654,.F.);
#2058=ORIENTED_EDGE('',*,*,#2653,.T.);
#2059=ORIENTED_EDGE('',*,*,#2565,.T.);
#2060=ORIENTED_EDGE('',*,*,#2583,.T.);
#2061=ORIENTED_EDGE('',*,*,#2655,.T.);
#2062=ORIENTED_EDGE('',*,*,#2656,.T.);
#2063=ORIENTED_EDGE('',*,*,#2655,.F.);
#2064=ORIENTED_EDGE('',*,*,#2582,.T.);
#2065=ORIENTED_EDGE('',*,*,#2657,.T.);
#2066=ORIENTED_EDGE('',*,*,#2658,.F.);
#2067=ORIENTED_EDGE('',*,*,#2657,.F.);
#2068=ORIENTED_EDGE('',*,*,#2581,.T.);
#2069=ORIENTED_EDGE('',*,*,#2567,.T.);
#2070=ORIENTED_EDGE('',*,*,#2652,.T.);
#2071=ORIENTED_EDGE('',*,*,#2659,.F.);
#2072=ORIENTED_EDGE('',*,*,#2660,.F.);
#2073=ORIENTED_EDGE('',*,*,#2570,.T.);
#2074=ORIENTED_EDGE('',*,*,#2661,.F.);
#2075=ORIENTED_EDGE('',*,*,#2662,.F.);
#2076=ORIENTED_EDGE('',*,*,#2661,.T.);
#2077=ORIENTED_EDGE('',*,*,#2569,.T.);
#2078=ORIENTED_EDGE('',*,*,#2580,.T.);
#2079=ORIENTED_EDGE('',*,*,#2663,.T.);
#2080=ORIENTED_EDGE('',*,*,#2664,.T.);
#2081=ORIENTED_EDGE('',*,*,#2663,.F.);
#2082=ORIENTED_EDGE('',*,*,#2579,.T.);
#2083=ORIENTED_EDGE('',*,*,#2665,.T.);
#2084=ORIENTED_EDGE('',*,*,#2666,.F.);
#2085=ORIENTED_EDGE('',*,*,#2665,.F.);
#2086=ORIENTED_EDGE('',*,*,#2578,.T.);
#2087=ORIENTED_EDGE('',*,*,#2571,.T.);
#2088=ORIENTED_EDGE('',*,*,#2660,.T.);
#2089=ORIENTED_EDGE('',*,*,#2667,.F.);
#2090=ORIENTED_EDGE('',*,*,#2668,.F.);
#2091=ORIENTED_EDGE('',*,*,#2574,.T.);
#2092=ORIENTED_EDGE('',*,*,#2669,.F.);
#2093=ORIENTED_EDGE('',*,*,#2670,.F.);
#2094=ORIENTED_EDGE('',*,*,#2669,.T.);
#2095=ORIENTED_EDGE('',*,*,#2573,.T.);
#2096=ORIENTED_EDGE('',*,*,#2577,.T.);
#2097=ORIENTED_EDGE('',*,*,#2671,.T.);
#2098=ORIENTED_EDGE('',*,*,#2672,.T.);
#2099=ORIENTED_EDGE('',*,*,#2671,.F.);
#2100=ORIENTED_EDGE('',*,*,#2576,.T.);
#2101=ORIENTED_EDGE('',*,*,#2673,.T.);
#2102=ORIENTED_EDGE('',*,*,#2674,.F.);
#2103=ORIENTED_EDGE('',*,*,#2673,.F.);
#2104=ORIENTED_EDGE('',*,*,#2575,.T.);
#2105=ORIENTED_EDGE('',*,*,#2547,.T.);
#2106=ORIENTED_EDGE('',*,*,#2668,.T.);
#2107=ORIENTED_EDGE('',*,*,#2549,.T.);
#2108=ORIENTED_EDGE('',*,*,#2634,.T.);
#2109=ORIENTED_EDGE('',*,*,#2675,.T.);
#2110=ORIENTED_EDGE('',*,*,#2676,.F.);
#2111=ORIENTED_EDGE('',*,*,#2677,.T.);
#2112=ORIENTED_EDGE('',*,*,#2678,.F.);
#2113=ORIENTED_EDGE('',*,*,#2679,.F.);
#2114=ORIENTED_EDGE('',*,*,#2680,.F.);
#2115=ORIENTED_EDGE('',*,*,#2681,.F.);
#2116=ORIENTED_EDGE('',*,*,#2682,.F.);
#2117=ORIENTED_EDGE('',*,*,#2683,.F.);
#2118=ORIENTED_EDGE('',*,*,#2684,.F.);
#2119=ORIENTED_EDGE('',*,*,#2685,.F.);
#2120=ORIENTED_EDGE('',*,*,#2686,.F.);
#2121=ORIENTED_EDGE('',*,*,#2687,.T.);
#2122=ORIENTED_EDGE('',*,*,#2688,.T.);
#2123=ORIENTED_EDGE('',*,*,#2550,.T.);
#2124=ORIENTED_EDGE('',*,*,#2676,.T.);
#2125=ORIENTED_EDGE('',*,*,#2689,.T.);
#2126=ORIENTED_EDGE('',*,*,#2690,.T.);
#2127=ORIENTED_EDGE('',*,*,#2691,.T.);
#2128=ORIENTED_EDGE('',*,*,#2692,.T.);
#2129=ORIENTED_EDGE('',*,*,#2693,.T.);
#2130=ORIENTED_EDGE('',*,*,#2694,.T.);
#2131=ORIENTED_EDGE('',*,*,#2695,.T.);
#2132=ORIENTED_EDGE('',*,*,#2696,.T.);
#2133=ORIENTED_EDGE('',*,*,#2551,.T.);
#2134=ORIENTED_EDGE('',*,*,#2688,.F.);
#2135=ORIENTED_EDGE('',*,*,#2697,.T.);
#2136=ORIENTED_EDGE('',*,*,#2698,.T.);
#2137=ORIENTED_EDGE('',*,*,#2699,.F.);
#2138=ORIENTED_EDGE('',*,*,#2552,.F.);
#2139=ORIENTED_EDGE('',*,*,#2698,.F.);
#2140=ORIENTED_EDGE('',*,*,#2700,.F.);
#2141=ORIENTED_EDGE('',*,*,#2701,.F.);
#2142=ORIENTED_EDGE('',*,*,#2702,.F.);
#2143=ORIENTED_EDGE('',*,*,#2703,.F.);
#2144=ORIENTED_EDGE('',*,*,#2704,.F.);
#2145=ORIENTED_EDGE('',*,*,#2705,.F.);
#2146=ORIENTED_EDGE('',*,*,#2706,.F.);
#2147=ORIENTED_EDGE('',*,*,#2553,.T.);
#2148=ORIENTED_EDGE('',*,*,#2699,.T.);
#2149=ORIENTED_EDGE('',*,*,#2707,.T.);
#2150=ORIENTED_EDGE('',*,*,#2708,.F.);
#2151=ORIENTED_EDGE('',*,*,#2554,.T.);
#2152=ORIENTED_EDGE('',*,*,#2708,.T.);
#2153=ORIENTED_EDGE('',*,*,#2709,.T.);
#2154=ORIENTED_EDGE('',*,*,#2710,.T.);
#2155=ORIENTED_EDGE('',*,*,#2711,.T.);
#2156=ORIENTED_EDGE('',*,*,#2712,.T.);
#2157=ORIENTED_EDGE('',*,*,#2713,.T.);
#2158=ORIENTED_EDGE('',*,*,#2714,.F.);
#2159=ORIENTED_EDGE('',*,*,#2715,.F.);
#2160=ORIENTED_EDGE('',*,*,#2716,.F.);
#2161=ORIENTED_EDGE('',*,*,#2717,.F.);
#2162=ORIENTED_EDGE('',*,*,#2718,.F.);
#2163=ORIENTED_EDGE('',*,*,#2555,.T.);
#2164=ORIENTED_EDGE('',*,*,#2718,.T.);
#2165=ORIENTED_EDGE('',*,*,#2719,.F.);
#2166=ORIENTED_EDGE('',*,*,#2590,.T.);
#2167=ORIENTED_EDGE('',*,*,#2591,.T.);
#2168=ORIENTED_EDGE('',*,*,#2719,.T.);
#2169=ORIENTED_EDGE('',*,*,#2717,.T.);
#2170=ORIENTED_EDGE('',*,*,#2720,.F.);
#2171=ORIENTED_EDGE('',*,*,#2592,.T.);
#2172=ORIENTED_EDGE('',*,*,#2720,.T.);
#2173=ORIENTED_EDGE('',*,*,#2716,.T.);
#2174=ORIENTED_EDGE('',*,*,#2721,.F.);
#2175=ORIENTED_EDGE('',*,*,#2593,.T.);
#2176=ORIENTED_EDGE('',*,*,#2721,.T.);
#2177=ORIENTED_EDGE('',*,*,#2715,.T.);
#2178=ORIENTED_EDGE('',*,*,#2722,.F.);
#2179=ORIENTED_EDGE('',*,*,#2723,.T.);
#2180=ORIENTED_EDGE('',*,*,#2594,.T.);
#2181=ORIENTED_EDGE('',*,*,#2722,.T.);
#2182=ORIENTED_EDGE('',*,*,#2714,.T.);
#2183=ORIENTED_EDGE('',*,*,#2724,.F.);
#2184=ORIENTED_EDGE('',*,*,#2725,.F.);
#2185=ORIENTED_EDGE('',*,*,#2726,.F.);
#2186=ORIENTED_EDGE('',*,*,#2611,.T.);
#2187=ORIENTED_EDGE('',*,*,#2727,.F.);
#2188=ORIENTED_EDGE('',*,*,#2728,.F.);
#2189=ORIENTED_EDGE('',*,*,#2729,.F.);
#2190=ORIENTED_EDGE('',*,*,#2607,.T.);
#2191=ORIENTED_EDGE('',*,*,#2730,.F.);
#2192=ORIENTED_EDGE('',*,*,#2731,.F.);
#2193=ORIENTED_EDGE('',*,*,#2732,.F.);
#2194=ORIENTED_EDGE('',*,*,#2603,.T.);
#2195=ORIENTED_EDGE('',*,*,#2733,.F.);
#2196=ORIENTED_EDGE('',*,*,#2734,.F.);
#2197=ORIENTED_EDGE('',*,*,#2735,.F.);
#2198=ORIENTED_EDGE('',*,*,#2599,.T.);
#2199=ORIENTED_EDGE('',*,*,#2736,.F.);
#2200=ORIENTED_EDGE('',*,*,#2737,.F.);
#2201=ORIENTED_EDGE('',*,*,#2738,.F.);
#2202=ORIENTED_EDGE('',*,*,#2595,.T.);
#2203=ORIENTED_EDGE('',*,*,#2723,.F.);
#2204=ORIENTED_EDGE('',*,*,#2713,.F.);
#2205=ORIENTED_EDGE('',*,*,#2739,.F.);
#2206=ORIENTED_EDGE('',*,*,#2702,.T.);
#2207=ORIENTED_EDGE('',*,*,#2740,.F.);
#2208=ORIENTED_EDGE('',*,*,#2691,.F.);
#2209=ORIENTED_EDGE('',*,*,#2741,.F.);
#2210=ORIENTED_EDGE('',*,*,#2615,.T.);
#2211=ORIENTED_EDGE('',*,*,#2742,.F.);
#2212=ORIENTED_EDGE('',*,*,#2743,.F.);
#2213=ORIENTED_EDGE('',*,*,#2596,.T.);
#2214=ORIENTED_EDGE('',*,*,#2738,.T.);
#2215=ORIENTED_EDGE('',*,*,#2744,.F.);
#2216=ORIENTED_EDGE('',*,*,#2745,.F.);
#2217=ORIENTED_EDGE('',*,*,#2746,.F.);
#2218=ORIENTED_EDGE('',*,*,#2597,.T.);
#2219=ORIENTED_EDGE('',*,*,#2743,.T.);
#2220=ORIENTED_EDGE('',*,*,#2747,.F.);
#2221=ORIENTED_EDGE('',*,*,#2748,.F.);
#2222=ORIENTED_EDGE('',*,*,#2736,.T.);
#2223=ORIENTED_EDGE('',*,*,#2598,.T.);
#2224=ORIENTED_EDGE('',*,*,#2746,.T.);
#2225=ORIENTED_EDGE('',*,*,#2749,.F.);
#2226=ORIENTED_EDGE('',*,*,#2750,.F.);
#2227=ORIENTED_EDGE('',*,*,#2600,.T.);
#2228=ORIENTED_EDGE('',*,*,#2735,.T.);
#2229=ORIENTED_EDGE('',*,*,#2751,.F.);
#2230=ORIENTED_EDGE('',*,*,#2752,.F.);
#2231=ORIENTED_EDGE('',*,*,#2753,.F.);
#2232=ORIENTED_EDGE('',*,*,#2601,.T.);
#2233=ORIENTED_EDGE('',*,*,#2750,.T.);
#2234=ORIENTED_EDGE('',*,*,#2754,.F.);
#2235=ORIENTED_EDGE('',*,*,#2755,.F.);
#2236=ORIENTED_EDGE('',*,*,#2733,.T.);
#2237=ORIENTED_EDGE('',*,*,#2602,.T.);
#2238=ORIENTED_EDGE('',*,*,#2753,.T.);
#2239=ORIENTED_EDGE('',*,*,#2756,.F.);
#2240=ORIENTED_EDGE('',*,*,#2757,.F.);
#2241=ORIENTED_EDGE('',*,*,#2604,.T.);
#2242=ORIENTED_EDGE('',*,*,#2732,.T.);
#2243=ORIENTED_EDGE('',*,*,#2758,.F.);
#2244=ORIENTED_EDGE('',*,*,#2759,.F.);
#2245=ORIENTED_EDGE('',*,*,#2760,.F.);
#2246=ORIENTED_EDGE('',*,*,#2605,.T.);
#2247=ORIENTED_EDGE('',*,*,#2757,.T.);
#2248=ORIENTED_EDGE('',*,*,#2761,.F.);
#2249=ORIENTED_EDGE('',*,*,#2762,.F.);
#2250=ORIENTED_EDGE('',*,*,#2730,.T.);
#2251=ORIENTED_EDGE('',*,*,#2606,.T.);
#2252=ORIENTED_EDGE('',*,*,#2760,.T.);
#2253=ORIENTED_EDGE('',*,*,#2763,.F.);
#2254=ORIENTED_EDGE('',*,*,#2764,.F.);
#2255=ORIENTED_EDGE('',*,*,#2608,.T.);
#2256=ORIENTED_EDGE('',*,*,#2729,.T.);
#2257=ORIENTED_EDGE('',*,*,#2765,.F.);
#2258=ORIENTED_EDGE('',*,*,#2766,.F.);
#2259=ORIENTED_EDGE('',*,*,#2767,.F.);
#2260=ORIENTED_EDGE('',*,*,#2609,.T.);
#2261=ORIENTED_EDGE('',*,*,#2764,.T.);
#2262=ORIENTED_EDGE('',*,*,#2768,.F.);
#2263=ORIENTED_EDGE('',*,*,#2769,.F.);
#2264=ORIENTED_EDGE('',*,*,#2727,.T.);
#2265=ORIENTED_EDGE('',*,*,#2610,.T.);
#2266=ORIENTED_EDGE('',*,*,#2767,.T.);
#2267=ORIENTED_EDGE('',*,*,#2770,.F.);
#2268=ORIENTED_EDGE('',*,*,#2771,.F.);
#2269=ORIENTED_EDGE('',*,*,#2612,.T.);
#2270=ORIENTED_EDGE('',*,*,#2726,.T.);
#2271=ORIENTED_EDGE('',*,*,#2772,.F.);
#2272=ORIENTED_EDGE('',*,*,#2773,.F.);
#2273=ORIENTED_EDGE('',*,*,#2774,.F.);
#2274=ORIENTED_EDGE('',*,*,#2613,.T.);
#2275=ORIENTED_EDGE('',*,*,#2771,.T.);
#2276=ORIENTED_EDGE('',*,*,#2775,.F.);
#2277=ORIENTED_EDGE('',*,*,#2776,.F.);
#2278=ORIENTED_EDGE('',*,*,#2724,.T.);
#2279=ORIENTED_EDGE('',*,*,#2614,.T.);
#2280=ORIENTED_EDGE('',*,*,#2774,.T.);
#2281=ORIENTED_EDGE('',*,*,#2777,.T.);
#2282=ORIENTED_EDGE('',*,*,#2616,.T.);
#2283=ORIENTED_EDGE('',*,*,#2741,.T.);
#2284=ORIENTED_EDGE('',*,*,#2690,.F.);
#2285=ORIENTED_EDGE('',*,*,#2778,.F.);
#2286=ORIENTED_EDGE('',*,*,#2617,.T.);
#2287=ORIENTED_EDGE('',*,*,#2777,.F.);
#2288=ORIENTED_EDGE('',*,*,#2689,.F.);
#2289=ORIENTED_EDGE('',*,*,#2675,.F.);
#2290=ORIENTED_EDGE('',*,*,#2633,.T.);
#2291=ORIENTED_EDGE('',*,*,#2779,.F.);
#2292=ORIENTED_EDGE('',*,*,#2780,.F.);
#2293=ORIENTED_EDGE('',*,*,#2781,.F.);
#2294=ORIENTED_EDGE('',*,*,#2629,.T.);
#2295=ORIENTED_EDGE('',*,*,#2782,.F.);
#2296=ORIENTED_EDGE('',*,*,#2783,.F.);
#2297=ORIENTED_EDGE('',*,*,#2784,.F.);
#2298=ORIENTED_EDGE('',*,*,#2625,.T.);
#2299=ORIENTED_EDGE('',*,*,#2785,.F.);
#2300=ORIENTED_EDGE('',*,*,#2786,.F.);
#2301=ORIENTED_EDGE('',*,*,#2787,.F.);
#2302=ORIENTED_EDGE('',*,*,#2621,.T.);
#2303=ORIENTED_EDGE('',*,*,#2788,.F.);
#2304=ORIENTED_EDGE('',*,*,#2789,.F.);
#2305=ORIENTED_EDGE('',*,*,#2790,.F.);
#2306=ORIENTED_EDGE('',*,*,#2791,.F.);
#2307=ORIENTED_EDGE('',*,*,#2618,.T.);
#2308=ORIENTED_EDGE('',*,*,#2778,.T.);
#2309=ORIENTED_EDGE('',*,*,#2792,.F.);
#2310=ORIENTED_EDGE('',*,*,#2793,.F.);
#2311=ORIENTED_EDGE('',*,*,#2619,.T.);
#2312=ORIENTED_EDGE('',*,*,#2791,.T.);
#2313=ORIENTED_EDGE('',*,*,#2794,.F.);
#2314=ORIENTED_EDGE('',*,*,#2788,.T.);
#2315=ORIENTED_EDGE('',*,*,#2620,.T.);
#2316=ORIENTED_EDGE('',*,*,#2793,.T.);
#2317=ORIENTED_EDGE('',*,*,#2795,.F.);
#2318=ORIENTED_EDGE('',*,*,#2796,.F.);
#2319=ORIENTED_EDGE('',*,*,#2622,.T.);
#2320=ORIENTED_EDGE('',*,*,#2787,.T.);
#2321=ORIENTED_EDGE('',*,*,#2797,.F.);
#2322=ORIENTED_EDGE('',*,*,#2798,.F.);
#2323=ORIENTED_EDGE('',*,*,#2623,.T.);
#2324=ORIENTED_EDGE('',*,*,#2796,.T.);
#2325=ORIENTED_EDGE('',*,*,#2799,.F.);
#2326=ORIENTED_EDGE('',*,*,#2785,.T.);
#2327=ORIENTED_EDGE('',*,*,#2624,.T.);
#2328=ORIENTED_EDGE('',*,*,#2798,.T.);
#2329=ORIENTED_EDGE('',*,*,#2800,.F.);
#2330=ORIENTED_EDGE('',*,*,#2801,.F.);
#2331=ORIENTED_EDGE('',*,*,#2626,.T.);
#2332=ORIENTED_EDGE('',*,*,#2784,.T.);
#2333=ORIENTED_EDGE('',*,*,#2802,.F.);
#2334=ORIENTED_EDGE('',*,*,#2803,.F.);
#2335=ORIENTED_EDGE('',*,*,#2627,.T.);
#2336=ORIENTED_EDGE('',*,*,#2801,.T.);
#2337=ORIENTED_EDGE('',*,*,#2804,.F.);
#2338=ORIENTED_EDGE('',*,*,#2782,.T.);
#2339=ORIENTED_EDGE('',*,*,#2628,.T.);
#2340=ORIENTED_EDGE('',*,*,#2803,.T.);
#2341=ORIENTED_EDGE('',*,*,#2805,.F.);
#2342=ORIENTED_EDGE('',*,*,#2806,.F.);
#2343=ORIENTED_EDGE('',*,*,#2630,.T.);
#2344=ORIENTED_EDGE('',*,*,#2781,.T.);
#2345=ORIENTED_EDGE('',*,*,#2807,.F.);
#2346=ORIENTED_EDGE('',*,*,#2808,.F.);
#2347=ORIENTED_EDGE('',*,*,#2631,.T.);
#2348=ORIENTED_EDGE('',*,*,#2806,.T.);
#2349=ORIENTED_EDGE('',*,*,#2809,.F.);
#2350=ORIENTED_EDGE('',*,*,#2779,.T.);
#2351=ORIENTED_EDGE('',*,*,#2632,.T.);
#2352=ORIENTED_EDGE('',*,*,#2808,.T.);
#2353=ORIENTED_EDGE('',*,*,#2810,.F.);
#2354=ORIENTED_EDGE('',*,*,#2811,.T.);
#2355=ORIENTED_EDGE('',*,*,#2677,.F.);
#2356=ORIENTED_EDGE('',*,*,#2812,.T.);
#2357=ORIENTED_EDGE('',*,*,#2813,.F.);
#2358=ORIENTED_EDGE('',*,*,#2814,.T.);
#2359=ORIENTED_EDGE('',*,*,#2815,.F.);
#2360=ORIENTED_EDGE('',*,*,#2816,.F.);
#2361=ORIENTED_EDGE('',*,*,#2817,.T.);
#2362=ORIENTED_EDGE('',*,*,#2818,.F.);
#2363=ORIENTED_EDGE('',*,*,#2819,.T.);
#2364=ORIENTED_EDGE('',*,*,#2678,.T.);
#2365=ORIENTED_EDGE('',*,*,#2820,.F.);
#2366=ORIENTED_EDGE('',*,*,#2816,.T.);
#2367=ORIENTED_EDGE('',*,*,#2821,.T.);
#2368=ORIENTED_EDGE('',*,*,#2822,.F.);
#2369=ORIENTED_EDGE('',*,*,#2679,.T.);
#2370=ORIENTED_EDGE('',*,*,#2822,.T.);
#2371=ORIENTED_EDGE('',*,*,#2823,.F.);
#2372=ORIENTED_EDGE('',*,*,#2824,.F.);
#2373=ORIENTED_EDGE('',*,*,#2680,.T.);
#2374=ORIENTED_EDGE('',*,*,#2825,.F.);
#2375=ORIENTED_EDGE('',*,*,#2681,.T.);
#2376=ORIENTED_EDGE('',*,*,#2824,.T.);
#2377=ORIENTED_EDGE('',*,*,#2826,.T.);
#2378=ORIENTED_EDGE('',*,*,#2827,.F.);
#2379=ORIENTED_EDGE('',*,*,#2682,.T.);
#2380=ORIENTED_EDGE('',*,*,#2825,.T.);
#2381=ORIENTED_EDGE('',*,*,#2828,.F.);
#2382=ORIENTED_EDGE('',*,*,#2829,.F.);
#2383=ORIENTED_EDGE('',*,*,#2683,.T.);
#2384=ORIENTED_EDGE('',*,*,#2827,.T.);
#2385=ORIENTED_EDGE('',*,*,#2830,.T.);
#2386=ORIENTED_EDGE('',*,*,#2831,.F.);
#2387=ORIENTED_EDGE('',*,*,#2684,.T.);
#2388=ORIENTED_EDGE('',*,*,#2829,.T.);
#2389=ORIENTED_EDGE('',*,*,#2832,.F.);
#2390=ORIENTED_EDGE('',*,*,#2833,.F.);
#2391=ORIENTED_EDGE('',*,*,#2685,.T.);
#2392=ORIENTED_EDGE('',*,*,#2831,.T.);
#2393=ORIENTED_EDGE('',*,*,#2834,.T.);
#2394=ORIENTED_EDGE('',*,*,#2814,.F.);
#2395=ORIENTED_EDGE('',*,*,#2835,.T.);
#2396=ORIENTED_EDGE('',*,*,#2686,.T.);
#2397=ORIENTED_EDGE('',*,*,#2836,.F.);
#2398=ORIENTED_EDGE('',*,*,#2837,.F.);
#2399=ORIENTED_EDGE('',*,*,#2838,.F.);
#2400=ORIENTED_EDGE('',*,*,#2700,.T.);
#2401=ORIENTED_EDGE('',*,*,#2697,.F.);
#2402=ORIENTED_EDGE('',*,*,#2687,.F.);
#2403=ORIENTED_EDGE('',*,*,#2740,.T.);
#2404=ORIENTED_EDGE('',*,*,#2701,.T.);
#2405=ORIENTED_EDGE('',*,*,#2838,.T.);
#2406=ORIENTED_EDGE('',*,*,#2692,.F.);
#2407=ORIENTED_EDGE('',*,*,#2693,.F.);
#2408=ORIENTED_EDGE('',*,*,#2839,.F.);
#2409=ORIENTED_EDGE('',*,*,#2694,.F.);
#2410=ORIENTED_EDGE('',*,*,#2840,.F.);
#2411=ORIENTED_EDGE('',*,*,#2695,.F.);
#2412=ORIENTED_EDGE('',*,*,#2841,.F.);
#2413=ORIENTED_EDGE('',*,*,#2696,.F.);
#2414=ORIENTED_EDGE('',*,*,#2842,.F.);
#2415=ORIENTED_EDGE('',*,*,#2739,.T.);
#2416=ORIENTED_EDGE('',*,*,#2712,.F.);
#2417=ORIENTED_EDGE('',*,*,#2843,.F.);
#2418=ORIENTED_EDGE('',*,*,#2703,.T.);
#2419=ORIENTED_EDGE('',*,*,#2704,.T.);
#2420=ORIENTED_EDGE('',*,*,#2843,.T.);
#2421=ORIENTED_EDGE('',*,*,#2711,.F.);
#2422=ORIENTED_EDGE('',*,*,#2844,.F.);
#2423=ORIENTED_EDGE('',*,*,#2705,.T.);
#2424=ORIENTED_EDGE('',*,*,#2844,.T.);
#2425=ORIENTED_EDGE('',*,*,#2710,.F.);
#2426=ORIENTED_EDGE('',*,*,#2845,.F.);
#2427=ORIENTED_EDGE('',*,*,#2706,.T.);
#2428=ORIENTED_EDGE('',*,*,#2845,.T.);
#2429=ORIENTED_EDGE('',*,*,#2709,.F.);
#2430=ORIENTED_EDGE('',*,*,#2707,.F.);
#2431=ORIENTED_EDGE('',*,*,#2846,.T.);
#2432=ORIENTED_EDGE('',*,*,#2772,.T.);
#2433=ORIENTED_EDGE('',*,*,#2725,.T.);
#2434=ORIENTED_EDGE('',*,*,#2776,.T.);
#2435=ORIENTED_EDGE('',*,*,#2847,.T.);
#2436=ORIENTED_EDGE('',*,*,#2765,.T.);
#2437=ORIENTED_EDGE('',*,*,#2728,.T.);
#2438=ORIENTED_EDGE('',*,*,#2769,.T.);
#2439=ORIENTED_EDGE('',*,*,#2848,.T.);
#2440=ORIENTED_EDGE('',*,*,#2758,.T.);
#2441=ORIENTED_EDGE('',*,*,#2731,.T.);
#2442=ORIENTED_EDGE('',*,*,#2762,.T.);
#2443=ORIENTED_EDGE('',*,*,#2849,.T.);
#2444=ORIENTED_EDGE('',*,*,#2751,.T.);
#2445=ORIENTED_EDGE('',*,*,#2734,.T.);
#2446=ORIENTED_EDGE('',*,*,#2755,.T.);
#2447=ORIENTED_EDGE('',*,*,#2850,.T.);
#2448=ORIENTED_EDGE('',*,*,#2744,.T.);
#2449=ORIENTED_EDGE('',*,*,#2737,.T.);
#2450=ORIENTED_EDGE('',*,*,#2748,.T.);
#2451=ORIENTED_EDGE('',*,*,#2745,.T.);
#2452=ORIENTED_EDGE('',*,*,#2742,.T.);
#2453=ORIENTED_EDGE('',*,*,#2850,.F.);
#2454=ORIENTED_EDGE('',*,*,#2747,.T.);
#2455=ORIENTED_EDGE('',*,*,#2752,.T.);
#2456=ORIENTED_EDGE('',*,*,#2749,.T.);
#2457=ORIENTED_EDGE('',*,*,#2849,.F.);
#2458=ORIENTED_EDGE('',*,*,#2754,.T.);
#2459=ORIENTED_EDGE('',*,*,#2759,.T.);
#2460=ORIENTED_EDGE('',*,*,#2756,.T.);
#2461=ORIENTED_EDGE('',*,*,#2848,.F.);
#2462=ORIENTED_EDGE('',*,*,#2761,.T.);
#2463=ORIENTED_EDGE('',*,*,#2766,.T.);
#2464=ORIENTED_EDGE('',*,*,#2763,.T.);
#2465=ORIENTED_EDGE('',*,*,#2847,.F.);
#2466=ORIENTED_EDGE('',*,*,#2768,.T.);
#2467=ORIENTED_EDGE('',*,*,#2773,.T.);
#2468=ORIENTED_EDGE('',*,*,#2770,.T.);
#2469=ORIENTED_EDGE('',*,*,#2846,.F.);
#2470=ORIENTED_EDGE('',*,*,#2775,.T.);
#2471=ORIENTED_EDGE('',*,*,#2807,.T.);
#2472=ORIENTED_EDGE('',*,*,#2805,.T.);
#2473=ORIENTED_EDGE('',*,*,#2780,.T.);
#2474=ORIENTED_EDGE('',*,*,#2809,.T.);
#2475=ORIENTED_EDGE('',*,*,#2802,.T.);
#2476=ORIENTED_EDGE('',*,*,#2800,.T.);
#2477=ORIENTED_EDGE('',*,*,#2783,.T.);
#2478=ORIENTED_EDGE('',*,*,#2804,.T.);
#2479=ORIENTED_EDGE('',*,*,#2797,.T.);
#2480=ORIENTED_EDGE('',*,*,#2795,.T.);
#2481=ORIENTED_EDGE('',*,*,#2786,.T.);
#2482=ORIENTED_EDGE('',*,*,#2799,.T.);
#2483=ORIENTED_EDGE('',*,*,#2792,.T.);
#2484=ORIENTED_EDGE('',*,*,#2790,.T.);
#2485=ORIENTED_EDGE('',*,*,#2789,.T.);
#2486=ORIENTED_EDGE('',*,*,#2794,.T.);
#2487=ORIENTED_EDGE('',*,*,#2851,.T.);
#2488=ORIENTED_EDGE('',*,*,#2810,.T.);
#2489=ORIENTED_EDGE('',*,*,#2852,.T.);
#2490=ORIENTED_EDGE('',*,*,#2818,.T.);
#2491=ORIENTED_EDGE('',*,*,#2817,.F.);
#2492=ORIENTED_EDGE('',*,*,#2811,.F.);
#2493=ORIENTED_EDGE('',*,*,#2851,.F.);
#2494=ORIENTED_EDGE('',*,*,#2853,.F.);
#2495=ORIENTED_EDGE('',*,*,#2835,.F.);
#2496=ORIENTED_EDGE('',*,*,#2854,.F.);
#2497=ORIENTED_EDGE('',*,*,#2812,.F.);
#2498=ORIENTED_EDGE('',*,*,#2855,.F.);
#2499=ORIENTED_EDGE('',*,*,#2854,.T.);
#2500=ORIENTED_EDGE('',*,*,#2837,.T.);
#2501=ORIENTED_EDGE('',*,*,#2856,.F.);
#2502=ORIENTED_EDGE('',*,*,#2813,.T.);
#2503=ORIENTED_EDGE('',*,*,#2834,.F.);
#2504=ORIENTED_EDGE('',*,*,#2832,.T.);
#2505=ORIENTED_EDGE('',*,*,#2830,.F.);
#2506=ORIENTED_EDGE('',*,*,#2828,.T.);
#2507=ORIENTED_EDGE('',*,*,#2826,.F.);
#2508=ORIENTED_EDGE('',*,*,#2823,.T.);
#2509=ORIENTED_EDGE('',*,*,#2821,.F.);
#2510=ORIENTED_EDGE('',*,*,#2815,.T.);
#2511=ORIENTED_EDGE('',*,*,#2820,.T.);
#2512=ORIENTED_EDGE('',*,*,#2819,.F.);
#2513=ORIENTED_EDGE('',*,*,#2852,.F.);
#2514=ORIENTED_EDGE('',*,*,#2857,.T.);
#2515=ORIENTED_EDGE('',*,*,#2833,.T.);
#2516=ORIENTED_EDGE('',*,*,#2856,.T.);
#2517=ORIENTED_EDGE('',*,*,#2836,.T.);
#2518=ORIENTED_EDGE('',*,*,#2858,.T.);
#2519=ORIENTED_EDGE('',*,*,#2839,.T.);
#2520=ORIENTED_EDGE('',*,*,#2840,.T.);
#2521=ORIENTED_EDGE('',*,*,#2841,.T.);
#2522=ORIENTED_EDGE('',*,*,#2842,.T.);
#2523=ORIENTED_EDGE('',*,*,#2853,.T.);
#2524=ORIENTED_EDGE('',*,*,#2857,.F.);
#2525=ORIENTED_EDGE('',*,*,#2858,.F.);
#2526=ORIENTED_EDGE('',*,*,#2855,.T.);
#2527=ORIENTED_EDGE('',*,*,#2640,.F.);
#2528=ORIENTED_EDGE('',*,*,#2642,.T.);
#2529=ORIENTED_EDGE('',*,*,#2635,.T.);
#2530=ORIENTED_EDGE('',*,*,#2638,.T.);
#2531=ORIENTED_EDGE('',*,*,#2648,.F.);
#2532=ORIENTED_EDGE('',*,*,#2650,.T.);
#2533=ORIENTED_EDGE('',*,*,#2643,.T.);
#2534=ORIENTED_EDGE('',*,*,#2646,.T.);
#2535=ORIENTED_EDGE('',*,*,#2656,.F.);
#2536=ORIENTED_EDGE('',*,*,#2658,.T.);
#2537=ORIENTED_EDGE('',*,*,#2651,.T.);
#2538=ORIENTED_EDGE('',*,*,#2654,.T.);
#2539=ORIENTED_EDGE('',*,*,#2664,.F.);
#2540=ORIENTED_EDGE('',*,*,#2666,.T.);
#2541=ORIENTED_EDGE('',*,*,#2659,.T.);
#2542=ORIENTED_EDGE('',*,*,#2662,.T.);
#2543=ORIENTED_EDGE('',*,*,#2672,.F.);
#2544=ORIENTED_EDGE('',*,*,#2674,.T.);
#2545=ORIENTED_EDGE('',*,*,#2667,.T.);
#2546=ORIENTED_EDGE('',*,*,#2670,.T.);
#2547=EDGE_CURVE('',#2859,#2860,#2861,.T.);
#2548=EDGE_CURVE('',#2859,#2862,#2863,.T.);
#2549=EDGE_CURVE('',#2864,#2862,#2865,.F.);
#2550=EDGE_CURVE('',#2866,#2864,#2867,.T.);
#2551=EDGE_CURVE('',#2868,#2866,#2869,.T.);
#2552=EDGE_CURVE('',#2868,#2870,#2871,.T.);
#2553=EDGE_CURVE('',#2872,#2870,#2873,.T.);
#2554=EDGE_CURVE('',#2874,#2872,#2875,.T.);
#2555=EDGE_CURVE('',#2876,#2874,#2877,.F.);
#2556=EDGE_CURVE('',#2876,#2878,#2879,.T.);
#2557=EDGE_CURVE('',#2880,#2878,#2881,.T.);
#2558=EDGE_CURVE('',#2882,#2880,#2883,.T.);
#2559=EDGE_CURVE('',#2884,#2882,#2885,.T.);
#2560=EDGE_CURVE('',#2884,#2886,#2887,.T.);
#2561=EDGE_CURVE('',#2888,#2886,#2889,.T.);
#2562=EDGE_CURVE('',#2890,#2888,#2891,.T.);
#2563=EDGE_CURVE('',#2892,#2890,#2893,.T.);
#2564=EDGE_CURVE('',#2892,#2894,#2895,.T.);
#2565=EDGE_CURVE('',#2896,#2894,#2897,.T.);
#2566=EDGE_CURVE('',#2898,#2896,#2899,.T.);
#2567=EDGE_CURVE('',#2900,#2898,#2901,.T.);
#2568=EDGE_CURVE('',#2900,#2902,#2903,.T.);
#2569=EDGE_CURVE('',#2904,#2902,#2905,.T.);
#2570=EDGE_CURVE('',#2906,#2904,#2907,.T.);
#2571=EDGE_CURVE('',#2908,#2906,#2909,.T.);
#2572=EDGE_CURVE('',#2908,#2910,#2911,.T.);
#2573=EDGE_CURVE('',#2912,#2910,#2913,.T.);
#2574=EDGE_CURVE('',#2860,#2912,#2914,.T.);
#2575=EDGE_CURVE('',#2915,#2859,#2916,.T.);
#2576=EDGE_CURVE('',#2917,#2915,#2918,.T.);
#2577=EDGE_CURVE('',#2910,#2917,#2919,.T.);
#2578=EDGE_CURVE('',#2920,#2908,#2921,.T.);
#2579=EDGE_CURVE('',#2922,#2920,#2923,.T.);
#2580=EDGE_CURVE('',#2902,#2922,#2924,.T.);
#2581=EDGE_CURVE('',#2925,#2900,#2926,.T.);
#2582=EDGE_CURVE('',#2927,#2925,#2928,.T.);
#2583=EDGE_CURVE('',#2894,#2927,#2929,.T.);
#2584=EDGE_CURVE('',#2930,#2892,#2931,.T.);
#2585=EDGE_CURVE('',#2932,#2930,#2933,.T.);
#2586=EDGE_CURVE('',#2886,#2932,#2934,.T.);
#2587=EDGE_CURVE('',#2935,#2884,#2936,.T.);
#2588=EDGE_CURVE('',#2937,#2935,#2938,.T.);
#2589=EDGE_CURVE('',#2878,#2937,#2939,.T.);
#2590=EDGE_CURVE('',#2940,#2876,#2941,.F.);
#2591=EDGE_CURVE('',#2942,#2940,#2943,.F.);
#2592=EDGE_CURVE('',#2944,#2942,#2945,.F.);
#2593=EDGE_CURVE('',#2946,#2944,#2947,.F.);
#2594=EDGE_CURVE('',#2948,#2946,#2949,.F.);
#2595=EDGE_CURVE('',#2950,#2948,#2951,.T.);
#2596=EDGE_CURVE('',#2952,#2950,#2953,.F.);
#2597=EDGE_CURVE('',#2954,#2952,#2955,.F.);
#2598=EDGE_CURVE('',#2956,#2954,#2957,.F.);
#2599=EDGE_CURVE('',#2958,#2956,#2959,.T.);
#2600=EDGE_CURVE('',#2960,#2958,#2961,.F.);
#2601=EDGE_CURVE('',#2962,#2960,#2963,.F.);
#2602=EDGE_CURVE('',#2964,#2962,#2965,.F.);
#2603=EDGE_CURVE('',#2966,#2964,#2967,.T.);
#2604=EDGE_CURVE('',#2968,#2966,#2969,.F.);
#2605=EDGE_CURVE('',#2970,#2968,#2971,.F.);
#2606=EDGE_CURVE('',#2972,#2970,#2973,.F.);
#2607=EDGE_CURVE('',#2974,#2972,#2975,.T.);
#2608=EDGE_CURVE('',#2976,#2974,#2977,.F.);
#2609=EDGE_CURVE('',#2978,#2976,#2979,.F.);
#2610=EDGE_CURVE('',#2980,#2978,#2981,.F.);
#2611=EDGE_CURVE('',#2982,#2980,#2983,.T.);
#2612=EDGE_CURVE('',#2984,#2982,#2985,.F.);
#2613=EDGE_CURVE('',#2986,#2984,#2987,.F.);
#2614=EDGE_CURVE('',#2988,#2986,#2989,.F.);
#2615=EDGE_CURVE('',#2990,#2988,#2991,.T.);
#2616=EDGE_CURVE('',#2992,#2990,#2993,.T.);
#2617=EDGE_CURVE('',#2994,#2992,#2995,.T.);
#2618=EDGE_CURVE('',#2996,#2994,#2997,.F.);
#2619=EDGE_CURVE('',#2998,#2996,#2999,.F.);
#2620=EDGE_CURVE('',#3000,#2998,#3001,.F.);
#2621=EDGE_CURVE('',#3002,#3000,#3003,.T.);
#2622=EDGE_CURVE('',#3004,#3002,#3005,.F.);
#2623=EDGE_CURVE('',#3006,#3004,#3007,.F.);
#2624=EDGE_CURVE('',#3008,#3006,#3009,.F.);
#2625=EDGE_CURVE('',#3010,#3008,#3011,.T.);
#2626=EDGE_CURVE('',#3012,#3010,#3013,.F.);
#2627=EDGE_CURVE('',#3014,#3012,#3015,.F.);
#2628=EDGE_CURVE('',#3016,#3014,#3017,.F.);
#2629=EDGE_CURVE('',#3018,#3016,#3019,.T.);
#2630=EDGE_CURVE('',#3020,#3018,#3021,.F.);
#2631=EDGE_CURVE('',#3022,#3020,#3023,.F.);
#2632=EDGE_CURVE('',#3024,#3022,#3025,.F.);
#2633=EDGE_CURVE('',#3026,#3024,#3027,.T.);
#2634=EDGE_CURVE('',#2862,#3026,#3028,.T.);
#2635=EDGE_CURVE('',#3029,#3030,#3031,.T.);
#2636=EDGE_CURVE('',#2882,#3029,#3032,.T.);
#2637=EDGE_CURVE('',#3030,#2880,#3033,.T.);
#2638=EDGE_CURVE('',#3030,#3034,#3035,.F.);
#2639=EDGE_CURVE('',#2937,#3034,#3036,.T.);
#2640=EDGE_CURVE('',#3037,#3034,#3038,.T.);
#2641=EDGE_CURVE('',#2935,#3037,#3039,.T.);
#2642=EDGE_CURVE('',#3037,#3029,#3040,.F.);
#2643=EDGE_CURVE('',#3041,#3042,#3043,.T.);
#2644=EDGE_CURVE('',#2890,#3041,#3044,.T.);
#2645=EDGE_CURVE('',#3042,#2888,#3045,.T.);
#2646=EDGE_CURVE('',#3042,#3046,#3047,.F.);
#2647=EDGE_CURVE('',#2932,#3046,#3048,.T.);
#2648=EDGE_CURVE('',#3049,#3046,#3050,.T.);
#2649=EDGE_CURVE('',#2930,#3049,#3051,.T.);
#2650=EDGE_CURVE('',#3049,#3041,#3052,.F.);
#2651=EDGE_CURVE('',#3053,#3054,#3055,.T.);
#2652=EDGE_CURVE('',#2898,#3053,#3056,.T.);
#2653=EDGE_CURVE('',#3054,#2896,#3057,.T.);
#2654=EDGE_CURVE('',#3054,#3058,#3059,.F.);
#2655=EDGE_CURVE('',#2927,#3058,#3060,.T.);
#2656=EDGE_CURVE('',#3061,#3058,#3062,.T.);
#2657=EDGE_CURVE('',#2925,#3061,#3063,.T.);
#2658=EDGE_CURVE('',#3061,#3053,#3064,.F.);
#2659=EDGE_CURVE('',#3065,#3066,#3067,.T.);
#2660=EDGE_CURVE('',#2906,#3065,#3068,.T.);
#2661=EDGE_CURVE('',#3066,#2904,#3069,.T.);
#2662=EDGE_CURVE('',#3066,#3070,#3071,.F.);
#2663=EDGE_CURVE('',#2922,#3070,#3072,.T.);
#2664=EDGE_CURVE('',#3073,#3070,#3074,.T.);
#2665=EDGE_CURVE('',#2920,#3073,#3075,.T.);
#2666=EDGE_CURVE('',#3073,#3065,#3076,.F.);
#2667=EDGE_CURVE('',#3077,#3078,#3079,.T.);
#2668=EDGE_CURVE('',#2860,#3077,#3080,.T.);
#2669=EDGE_CURVE('',#3078,#2912,#3081,.T.);
#2670=EDGE_CURVE('',#3078,#3082,#3083,.F.);
#2671=EDGE_CURVE('',#2917,#3082,#3084,.T.);
#2672=EDGE_CURVE('',#3085,#3082,#3086,.T.);
#2673=EDGE_CURVE('',#2915,#3085,#3087,.T.);
#2674=EDGE_CURVE('',#3085,#3077,#3088,.F.);
#2675=EDGE_CURVE('',#3026,#3089,#3090,.T.);
#2676=EDGE_CURVE('',#2864,#3089,#3091,.T.);
#2677=EDGE_CURVE('',#3092,#3093,#3094,.T.);
#2678=EDGE_CURVE('',#3095,#3093,#3096,.T.);
#2679=EDGE_CURVE('',#3097,#3095,#3098,.F.);
#2680=EDGE_CURVE('',#3099,#3097,#3100,.T.);
#2681=EDGE_CURVE('',#3101,#3099,#3102,.F.);
#2682=EDGE_CURVE('',#3103,#3101,#3104,.T.);
#2683=EDGE_CURVE('',#3105,#3103,#3106,.F.);
#2684=EDGE_CURVE('',#3107,#3105,#3108,.T.);
#2685=EDGE_CURVE('',#3109,#3107,#3110,.F.);
#2686=EDGE_CURVE('',#3092,#3109,#3111,.T.);
#2687=EDGE_CURVE('',#3112,#3113,#3114,.T.);
#2688=EDGE_CURVE('',#3113,#2866,#3115,.T.);
#2689=EDGE_CURVE('',#3089,#3116,#3117,.T.);
#2690=EDGE_CURVE('',#3116,#3118,#3119,.T.);
#2691=EDGE_CURVE('',#3118,#3120,#3121,.T.);
#2692=EDGE_CURVE('',#3120,#3112,#3122,.T.);
#2693=EDGE_CURVE('',#3123,#3123,#3124,.F.);
#2694=EDGE_CURVE('',#3125,#3125,#3126,.F.);
#2695=EDGE_CURVE('',#3127,#3127,#3128,.F.);
#2696=EDGE_CURVE('',#3129,#3129,#3130,.F.);
#2697=EDGE_CURVE('',#3113,#3131,#3132,.F.);
#2698=EDGE_CURVE('',#3131,#2868,#3133,.T.);
#2699=EDGE_CURVE('',#2870,#3134,#3135,.T.);
#2700=EDGE_CURVE('',#3136,#3131,#3137,.T.);
#2701=EDGE_CURVE('',#3138,#3136,#3139,.T.);
#2702=EDGE_CURVE('',#3140,#3138,#3141,.T.);
#2703=EDGE_CURVE('',#3142,#3140,#3143,.T.);
#2704=EDGE_CURVE('',#3144,#3142,#3145,.T.);
#2705=EDGE_CURVE('',#3146,#3144,#3147,.T.);
#2706=EDGE_CURVE('',#3134,#3146,#3148,.T.);
#2707=EDGE_CURVE('',#3134,#3149,#3150,.T.);
#2708=EDGE_CURVE('',#2872,#3149,#3151,.F.);
#2709=EDGE_CURVE('',#3149,#3152,#3153,.F.);
#2710=EDGE_CURVE('',#3152,#3154,#3155,.F.);
#2711=EDGE_CURVE('',#3154,#3156,#3157,.F.);
#2712=EDGE_CURVE('',#3156,#3158,#3159,.F.);
#2713=EDGE_CURVE('',#3158,#3160,#3161,.T.);
#2714=EDGE_CURVE('',#3162,#3160,#3163,.F.);
#2715=EDGE_CURVE('',#3164,#3162,#3165,.F.);
#2716=EDGE_CURVE('',#3166,#3164,#3167,.F.);
#2717=EDGE_CURVE('',#3168,#3166,#3169,.F.);
#2718=EDGE_CURVE('',#2874,#3168,#3170,.F.);
#2719=EDGE_CURVE('',#2940,#3168,#3171,.T.);
#2720=EDGE_CURVE('',#2942,#3166,#3172,.T.);
#2721=EDGE_CURVE('',#2944,#3164,#3173,.T.);
#2722=EDGE_CURVE('',#2946,#3162,#3174,.T.);
#2723=EDGE_CURVE('',#3160,#2948,#3175,.F.);
#2724=EDGE_CURVE('',#3176,#2988,#3177,.F.);
#2725=EDGE_CURVE('',#3178,#3176,#3179,.F.);
#2726=EDGE_CURVE('',#2982,#3178,#3180,.F.);
#2727=EDGE_CURVE('',#3181,#2980,#3182,.F.);
#2728=EDGE_CURVE('',#3183,#3181,#3184,.F.);
#2729=EDGE_CURVE('',#2974,#3183,#3185,.F.);
#2730=EDGE_CURVE('',#3186,#2972,#3187,.F.);
#2731=EDGE_CURVE('',#3188,#3186,#3189,.F.);
#2732=EDGE_CURVE('',#2966,#3188,#3190,.F.);
#2733=EDGE_CURVE('',#3191,#2964,#3192,.F.);
#2734=EDGE_CURVE('',#3193,#3191,#3194,.F.);
#2735=EDGE_CURVE('',#2958,#3193,#3195,.F.);
#2736=EDGE_CURVE('',#3196,#2956,#3197,.F.);
#2737=EDGE_CURVE('',#3198,#3196,#3199,.F.);
#2738=EDGE_CURVE('',#2950,#3198,#3200,.F.);
#2739=EDGE_CURVE('',#3140,#3158,#3201,.T.);
#2740=EDGE_CURVE('',#3120,#3138,#3202,.F.);
#2741=EDGE_CURVE('',#2990,#3118,#3203,.T.);
#2742=EDGE_CURVE('',#3204,#3205,#3206,.F.);
#2743=EDGE_CURVE('',#2952,#3204,#3207,.T.);
#2744=EDGE_CURVE('',#3205,#3198,#3208,.T.);
#2745=EDGE_CURVE('',#3209,#3204,#3210,.T.);
#2746=EDGE_CURVE('',#2954,#3209,#3211,.T.);
#2747=EDGE_CURVE('',#3212,#3209,#3213,.F.);
#2748=EDGE_CURVE('',#3196,#3212,#3214,.T.);
#2749=EDGE_CURVE('',#3215,#3216,#3217,.F.);
#2750=EDGE_CURVE('',#2960,#3215,#3218,.T.);
#2751=EDGE_CURVE('',#3216,#3193,#3219,.T.);
#2752=EDGE_CURVE('',#3220,#3215,#3221,.T.);
#2753=EDGE_CURVE('',#2962,#3220,#3222,.T.);
#2754=EDGE_CURVE('',#3223,#3220,#3224,.F.);
#2755=EDGE_CURVE('',#3191,#3223,#3225,.T.);
#2756=EDGE_CURVE('',#3226,#3227,#3228,.F.);
#2757=EDGE_CURVE('',#2968,#3226,#3229,.T.);
#2758=EDGE_CURVE('',#3227,#3188,#3230,.T.);
#2759=EDGE_CURVE('',#3231,#3226,#3232,.T.);
#2760=EDGE_CURVE('',#2970,#3231,#3233,.T.);
#2761=EDGE_CURVE('',#3234,#3231,#3235,.F.);
#2762=EDGE_CURVE('',#3186,#3234,#3236,.T.);
#2763=EDGE_CURVE('',#3237,#3238,#3239,.F.);
#2764=EDGE_CURVE('',#2976,#3237,#3240,.T.);
#2765=EDGE_CURVE('',#3238,#3183,#3241,.T.);
#2766=EDGE_CURVE('',#3242,#3237,#3243,.T.);
#2767=EDGE_CURVE('',#2978,#3242,#3244,.T.);
#2768=EDGE_CURVE('',#3245,#3242,#3246,.F.);
#2769=EDGE_CURVE('',#3181,#3245,#3247,.T.);
#2770=EDGE_CURVE('',#3248,#3249,#3250,.F.);
#2771=EDGE_CURVE('',#2984,#3248,#3251,.T.);
#2772=EDGE_CURVE('',#3249,#3178,#3252,.T.);
#2773=EDGE_CURVE('',#3253,#3248,#3254,.T.);
#2774=EDGE_CURVE('',#2986,#3253,#3255,.T.);
#2775=EDGE_CURVE('',#3256,#3253,#3257,.F.);
#2776=EDGE_CURVE('',#3176,#3256,#3258,.T.);
#2777=EDGE_CURVE('',#3116,#2992,#3259,.F.);
#2778=EDGE_CURVE('',#2994,#3260,#3261,.F.);
#2779=EDGE_CURVE('',#3262,#3024,#3263,.F.);
#2780=EDGE_CURVE('',#3264,#3262,#3265,.F.);
#2781=EDGE_CURVE('',#3018,#3264,#3266,.F.);
#2782=EDGE_CURVE('',#3267,#3016,#3268,.F.);
#2783=EDGE_CURVE('',#3269,#3267,#3270,.F.);
#2784=EDGE_CURVE('',#3010,#3269,#3271,.F.);
#2785=EDGE_CURVE('',#3272,#3008,#3273,.F.);
#2786=EDGE_CURVE('',#3274,#3272,#3275,.F.);
#2787=EDGE_CURVE('',#3002,#3274,#3276,.F.);
#2788=EDGE_CURVE('',#3277,#3000,#3278,.F.);
#2789=EDGE_CURVE('',#3260,#3277,#3279,.F.);
#2790=EDGE_CURVE('',#3280,#3260,#3281,.F.);
#2791=EDGE_CURVE('',#2996,#3280,#3282,.T.);
#2792=EDGE_CURVE('',#3283,#3280,#3284,.T.);
#2793=EDGE_CURVE('',#2998,#3283,#3285,.T.);
#2794=EDGE_CURVE('',#3277,#3283,#3286,.F.);
#2795=EDGE_CURVE('',#3287,#3274,#3288,.F.);
#2796=EDGE_CURVE('',#3004,#3287,#3289,.T.);
#2797=EDGE_CURVE('',#3290,#3287,#3291,.T.);
#2798=EDGE_CURVE('',#3006,#3290,#3292,.T.);
#2799=EDGE_CURVE('',#3272,#3290,#3293,.F.);
#2800=EDGE_CURVE('',#3294,#3269,#3295,.F.);
#2801=EDGE_CURVE('',#3012,#3294,#3296,.T.);
#2802=EDGE_CURVE('',#3297,#3294,#3298,.T.);
#2803=EDGE_CURVE('',#3014,#3297,#3299,.T.);
#2804=EDGE_CURVE('',#3267,#3297,#3300,.F.);
#2805=EDGE_CURVE('',#3301,#3264,#3302,.F.);
#2806=EDGE_CURVE('',#3020,#3301,#3303,.T.);
#2807=EDGE_CURVE('',#3304,#3301,#3305,.T.);
#2808=EDGE_CURVE('',#3022,#3304,#3306,.T.);
#2809=EDGE_CURVE('',#3262,#3304,#3307,.F.);
#2810=EDGE_CURVE('',#3308,#3309,#3310,.T.);
#2811=EDGE_CURVE('',#3308,#3093,#3311,.F.);
#2812=EDGE_CURVE('',#3092,#3312,#3313,.T.);
#2813=EDGE_CURVE('',#3314,#3312,#3315,.T.);
#2814=EDGE_CURVE('',#3314,#3316,#3317,.T.);
#2815=EDGE_CURVE('',#3318,#3316,#3319,.T.);
#2816=EDGE_CURVE('',#3309,#3318,#3320,.T.);
#2817=EDGE_CURVE('',#3093,#3321,#3322,.F.);
#2818=EDGE_CURVE('',#3323,#3321,#3324,.T.);
#2819=EDGE_CURVE('',#3323,#3095,#3325,.T.);
#2820=EDGE_CURVE('',#3309,#3095,#3326,.F.);
#2821=EDGE_CURVE('',#3318,#3327,#3328,.F.);
#2822=EDGE_CURVE('',#3097,#3327,#3329,.T.);
#2823=EDGE_CURVE('',#3330,#3327,#3331,.T.);
#2824=EDGE_CURVE('',#3099,#3330,#3332,.T.);
#2825=EDGE_CURVE('',#3101,#3333,#3334,.T.);
#2826=EDGE_CURVE('',#3330,#3333,#3335,.F.);
#2827=EDGE_CURVE('',#3103,#3336,#3337,.T.);
#2828=EDGE_CURVE('',#3336,#3333,#3338,.T.);
#2829=EDGE_CURVE('',#3105,#3339,#3340,.T.);
#2830=EDGE_CURVE('',#3336,#3339,#3341,.F.);
#2831=EDGE_CURVE('',#3107,#3342,#3343,.T.);
#2832=EDGE_CURVE('',#3342,#3339,#3344,.T.);
#2833=EDGE_CURVE('',#3109,#3314,#3345,.T.);
#2834=EDGE_CURVE('',#3342,#3316,#3346,.F.);
#2835=EDGE_CURVE('',#3347,#3092,#3348,.T.);
#2836=EDGE_CURVE('',#3349,#3109,#3350,.T.);
#2837=EDGE_CURVE('',#3347,#3349,#3351,.T.);
#2838=EDGE_CURVE('',#3136,#3112,#3352,.T.);
#2839=EDGE_CURVE('',#3353,#3353,#3354,.T.);
#2840=EDGE_CURVE('',#3355,#3355,#3356,.T.);
#2841=EDGE_CURVE('',#3357,#3357,#3358,.T.);
#2842=EDGE_CURVE('',#3359,#3359,#3360,.T.);
#2843=EDGE_CURVE('',#3142,#3156,#3361,.T.);
#2844=EDGE_CURVE('',#3144,#3154,#3362,.T.);
#2845=EDGE_CURVE('',#3146,#3152,#3363,.T.);
#2846=EDGE_CURVE('',#3256,#3249,#3364,.T.);
#2847=EDGE_CURVE('',#3245,#3238,#3365,.T.);
#2848=EDGE_CURVE('',#3234,#3227,#3366,.T.);
#2849=EDGE_CURVE('',#3223,#3216,#3367,.T.);
#2850=EDGE_CURVE('',#3212,#3205,#3368,.T.);
#2851=EDGE_CURVE('',#3321,#3308,#3369,.T.);
#2852=EDGE_CURVE('',#3309,#3323,#3370,.T.);
#2853=EDGE_CURVE('',#3371,#3371,#3372,.T.);
#2854=EDGE_CURVE('',#3312,#3347,#3373,.F.);
#2855=EDGE_CURVE('',#3374,#3374,#3375,.F.);
#2856=EDGE_CURVE('',#3314,#3349,#3376,.T.);
#2857=EDGE_CURVE('',#3377,#3377,#3378,.T.);
#2858=EDGE_CURVE('',#3379,#3379,#3380,.F.);
#2859=VERTEX_POINT('',#3381);
#2860=VERTEX_POINT('',#3382);
#2861=LINE('',#3383,#3384);
#2862=VERTEX_POINT('',#3386);
#2863=LINE('',#3387,#3388);
#2864=VERTEX_POINT('',#3390);
#2865=LINE('',#3391,#3392);
#2866=VERTEX_POINT('',#3394);
#2867=LINE('',#3395,#3396);
#2868=VERTEX_POINT('',#3398);
#2869=LINE('',#3399,#3400);
#2870=VERTEX_POINT('',#3402);
#2871=LINE('',#3403,#3404);
#2872=VERTEX_POINT('',#3406);
#2873=LINE('',#3407,#3408);
#2874=VERTEX_POINT('',#3410);
#2875=LINE('',#3411,#3412);
#2876=VERTEX_POINT('',#3414);
#2877=LINE('',#3415,#3416);
#2878=VERTEX_POINT('',#3418);
#2879=LINE('',#3419,#3420);
#2880=VERTEX_POINT('',#3422);
#2881=LINE('',#3423,#3424);
#2882=VERTEX_POINT('',#3426);
#2883=LINE('',#3427,#3428);
#2884=VERTEX_POINT('',#3430);
#2885=LINE('',#3431,#3432);
#2886=VERTEX_POINT('',#3434);
#2887=LINE('',#3435,#3436);
#2888=VERTEX_POINT('',#3438);
#2889=LINE('',#3439,#3440);
#2890=VERTEX_POINT('',#3442);
#2891=LINE('',#3443,#3444);
#2892=VERTEX_POINT('',#3446);
#2893=LINE('',#3447,#3448);
#2894=VERTEX_POINT('',#3450);
#2895=LINE('',#3451,#3452);
#2896=VERTEX_POINT('',#3454);
#2897=LINE('',#3455,#3456);
#2898=VERTEX_POINT('',#3458);
#2899=LINE('',#3459,#3460);
#2900=VERTEX_POINT('',#3462);
#2901=LINE('',#3463,#3464);
#2902=VERTEX_POINT('',#3466);
#2903=LINE('',#3467,#3468);
#2904=VERTEX_POINT('',#3470);
#2905=LINE('',#3471,#3472);
#2906=VERTEX_POINT('',#3474);
#2907=LINE('',#3475,#3476);
#2908=VERTEX_POINT('',#3478);
#2909=LINE('',#3479,#3480);
#2910=VERTEX_POINT('',#3482);
#2911=LINE('',#3483,#3484);
#2912=VERTEX_POINT('',#3486);
#2913=LINE('',#3487,#3488);
#2914=LINE('',#3490,#3491);
#2915=VERTEX_POINT('',#3493);
#2916=LINE('',#3494,#3495);
#2917=VERTEX_POINT('',#3497);
#2918=LINE('',#3498,#3499);
#2919=LINE('',#3501,#3502);
#2920=VERTEX_POINT('',#3504);
#2921=LINE('',#3505,#3506);
#2922=VERTEX_POINT('',#3508);
#2923=LINE('',#3509,#3510);
#2924=LINE('',#3512,#3513);
#2925=VERTEX_POINT('',#3515);
#2926=LINE('',#3516,#3517);
#2927=VERTEX_POINT('',#3519);
#2928=LINE('',#3520,#3521);
#2929=LINE('',#3523,#3524);
#2930=VERTEX_POINT('',#3526);
#2931=LINE('',#3527,#3528);
#2932=VERTEX_POINT('',#3530);
#2933=LINE('',#3531,#3532);
#2934=LINE('',#3534,#3535);
#2935=VERTEX_POINT('',#3537);
#2936=LINE('',#3538,#3539);
#2937=VERTEX_POINT('',#3541);
#2938=LINE('',#3542,#3543);
#2939=LINE('',#3545,#3546);
#2940=VERTEX_POINT('',#3548);
#2941=LINE('',#3549,#3550);
#2942=VERTEX_POINT('',#3552);
#2943=LINE('',#3553,#3554);
#2944=VERTEX_POINT('',#3556);
#2945=LINE('',#3557,#3558);
#2946=VERTEX_POINT('',#3560);
#2947=LINE('',#3561,#3562);
#2948=VERTEX_POINT('',#3564);
#2949=LINE('',#3565,#3566);
#2950=VERTEX_POINT('',#3568);
#2951=LINE('',#3569,#3570);
#2952=VERTEX_POINT('',#3572);
#2953=LINE('',#3573,#3574);
#2954=VERTEX_POINT('',#3576);
#2955=LINE('',#3577,#3578);
#2956=VERTEX_POINT('',#3580);
#2957=LINE('',#3581,#3582);
#2958=VERTEX_POINT('',#3584);
#2959=LINE('',#3585,#3586);
#2960=VERTEX_POINT('',#3588);
#2961=LINE('',#3589,#3590);
#2962=VERTEX_POINT('',#3592);
#2963=LINE('',#3593,#3594);
#2964=VERTEX_POINT('',#3596);
#2965=LINE('',#3597,#3598);
#2966=VERTEX_POINT('',#3600);
#2967=LINE('',#3601,#3602);
#2968=VERTEX_POINT('',#3604);
#2969=LINE('',#3605,#3606);
#2970=VERTEX_POINT('',#3608);
#2971=LINE('',#3609,#3610);
#2972=VERTEX_POINT('',#3612);
#2973=LINE('',#3613,#3614);
#2974=VERTEX_POINT('',#3616);
#2975=LINE('',#3617,#3618);
#2976=VERTEX_POINT('',#3620);
#2977=LINE('',#3621,#3622);
#2978=VERTEX_POINT('',#3624);
#2979=LINE('',#3625,#3626);
#2980=VERTEX_POINT('',#3628);
#2981=LINE('',#3629,#3630);
#2982=VERTEX_POINT('',#3632);
#2983=LINE('',#3633,#3634);
#2984=VERTEX_POINT('',#3636);
#2985=LINE('',#3637,#3638);
#2986=VERTEX_POINT('',#3640);
#2987=LINE('',#3641,#3642);
#2988=VERTEX_POINT('',#3644);
#2989=LINE('',#3645,#3646);
#2990=VERTEX_POINT('',#3648);
#2991=LINE('',#3649,#3650);
#2992=VERTEX_POINT('',#3652);
#2993=CIRCLE('',#3653,4.59999999999999);
#2994=VERTEX_POINT('',#3657);
#2995=LINE('',#3658,#3659);
#2996=VERTEX_POINT('',#3661);
#2997=LINE('',#3662,#3663);
#2998=VERTEX_POINT('',#3665);
#2999=LINE('',#3666,#3667);
#3000=VERTEX_POINT('',#3669);
#3001=LINE('',#3670,#3671);
#3002=VERTEX_POINT('',#3673);
#3003=LINE('',#3674,#3675);
#3004=VERTEX_POINT('',#3677);
#3005=LINE('',#3678,#3679);
#3006=VERTEX_POINT('',#3681);
#3007=LINE('',#3682,#3683);
#3008=VERTEX_POINT('',#3685);
#3009=LINE('',#3686,#3687);
#3010=VERTEX_POINT('',#3689);
#3011=LINE('',#3690,#3691);
#3012=VERTEX_POINT('',#3693);
#3013=LINE('',#3694,#3695);
#3014=VERTEX_POINT('',#3697);
#3015=LINE('',#3698,#3699);
#3016=VERTEX_POINT('',#3701);
#3017=LINE('',#3702,#3703);
#3018=VERTEX_POINT('',#3705);
#3019=LINE('',#3706,#3707);
#3020=VERTEX_POINT('',#3709);
#3021=LINE('',#3710,#3711);
#3022=VERTEX_POINT('',#3713);
#3023=LINE('',#3714,#3715);
#3024=VERTEX_POINT('',#3717);
#3025=LINE('',#3718,#3719);
#3026=VERTEX_POINT('',#3721);
#3027=LINE('',#3722,#3723);
#3028=CIRCLE('',#3725,4.59999999999999);
#3029=VERTEX_POINT('',#3729);
#3030=VERTEX_POINT('',#3730);
#3031=LINE('',#3731,#3732);
#3032=LINE('',#3734,#3735);
#3033=LINE('',#3737,#3738);
#3034=VERTEX_POINT('',#3740);
#3035=CIRCLE('',#3741,5.00000000000001);
#3036=LINE('',#3745,#3746);
#3037=VERTEX_POINT('',#3748);
#3038=LINE('',#3749,#3750);
#3039=LINE('',#3752,#3753);
#3040=CIRCLE('',#3755,5.);
#3041=VERTEX_POINT('',#3759);
#3042=VERTEX_POINT('',#3760);
#3043=LINE('',#3761,#3762);
#3044=LINE('',#3764,#3765);
#3045=LINE('',#3767,#3768);
#3046=VERTEX_POINT('',#3770);
#3047=CIRCLE('',#3771,5.00000000000001);
#3048=LINE('',#3775,#3776);
#3049=VERTEX_POINT('',#3778);
#3050=LINE('',#3779,#3780);
#3051=LINE('',#3782,#3783);
#3052=CIRCLE('',#3785,5.);
#3053=VERTEX_POINT('',#3789);
#3054=VERTEX_POINT('',#3790);
#3055=LINE('',#3791,#3792);
#3056=LINE('',#3794,#3795);
#3057=LINE('',#3797,#3798);
#3058=VERTEX_POINT('',#3800);
#3059=CIRCLE('',#3801,5.00000000000001);
#3060=LINE('',#3805,#3806);
#3061=VERTEX_POINT('',#3808);
#3062=LINE('',#3809,#3810);
#3063=LINE('',#3812,#3813);
#3064=CIRCLE('',#3815,5.);
#3065=VERTEX_POINT('',#3819);
#3066=VERTEX_POINT('',#3820);
#3067=LINE('',#3821,#3822);
#3068=LINE('',#3824,#3825);
#3069=LINE('',#3827,#3828);
#3070=VERTEX_POINT('',#3830);
#3071=CIRCLE('',#3831,5.00000000000001);
#3072=LINE('',#3835,#3836);
#3073=VERTEX_POINT('',#3838);
#3074=LINE('',#3839,#3840);
#3075=LINE('',#3842,#3843);
#3076=CIRCLE('',#3845,5.);
#3077=VERTEX_POINT('',#3849);
#3078=VERTEX_POINT('',#3850);
#3079=LINE('',#3851,#3852);
#3080=LINE('',#3854,#3855);
#3081=LINE('',#3857,#3858);
#3082=VERTEX_POINT('',#3860);
#3083=CIRCLE('',#3861,5.00000000000001);
#3084=LINE('',#3865,#3866);
#3085=VERTEX_POINT('',#3868);
#3086=LINE('',#3869,#3870);
#3087=LINE('',#3872,#3873);
#3088=CIRCLE('',#3875,5.);
#3089=VERTEX_POINT('',#3879);
#3090=LINE('',#3880,#3881);
#3091=CIRCLE('',#3883,4.59999999999999);
#3092=VERTEX_POINT('',#3887);
#3093=VERTEX_POINT('',#3888);
#3094=LINE('',#3889,#3890);
#3095=VERTEX_POINT('',#3892);
#3096=LINE('',#3893,#3894);
#3097=VERTEX_POINT('',#3896);
#3098=CIRCLE('',#3897,6.99999999999999);
#3099=VERTEX_POINT('',#3901);
#3100=LINE('',#3902,#3903);
#3101=VERTEX_POINT('',#3905);
#3102=CIRCLE('',#3906,7.00000000000004);
#3103=VERTEX_POINT('',#3910);
#3104=LINE('',#3911,#3912);
#3105=VERTEX_POINT('',#3914);
#3106=CIRCLE('',#3915,7.00000000000003);
#3107=VERTEX_POINT('',#3919);
#3108=LINE('',#3920,#3921);
#3109=VERTEX_POINT('',#3923);
#3110=CIRCLE('',#3924,7.00000000000003);
#3111=LINE('',#3928,#3929);
#3112=VERTEX_POINT('',#3931);
#3113=VERTEX_POINT('',#3932);
#3114=LINE('',#3933,#3934);
#3115=CIRCLE('',#3936,4.59999999999999);
#3116=VERTEX_POINT('',#3940);
#3117=LINE('',#3941,#3942);
#3118=VERTEX_POINT('',#3944);
#3119=CIRCLE('',#3945,4.59999999999999);
#3120=VERTEX_POINT('',#3949);
#3121=LINE('',#3950,#3951);
#3122=CIRCLE('',#3953,4.59999999999999);
#3123=VERTEX_POINT('',#3957);
#3124=CIRCLE('',#3958,2.6);
#3125=VERTEX_POINT('',#3962);
#3126=CIRCLE('',#3963,2.6);
#3127=VERTEX_POINT('',#3967);
#3128=CIRCLE('',#3968,2.6);
#3129=VERTEX_POINT('',#3972);
#3130=CIRCLE('',#3973,2.6);
#3131=VERTEX_POINT('',#3977);
#3132=LINE('',#3978,#3979);
#3133=CIRCLE('',#3981,4.59999999999999);
#3134=VERTEX_POINT('',#3985);
#3135=LINE('',#3986,#3987);
#3136=VERTEX_POINT('',#3989);
#3137=LINE('',#3990,#3991);
#3138=VERTEX_POINT('',#3993);
#3139=CIRCLE('',#3994,4.59999999999999);
#3140=VERTEX_POINT('',#3998);
#3141=LINE('',#3999,#4000);
#3142=VERTEX_POINT('',#4002);
#3143=LINE('',#4003,#4004);
#3144=VERTEX_POINT('',#4006);
#3145=LINE('',#4007,#4008);
#3146=VERTEX_POINT('',#4010);
#3147=LINE('',#4011,#4012);
#3148=LINE('',#4014,#4015);
#3149=VERTEX_POINT('',#4017);
#3150=LINE('',#4018,#4019);
#3151=LINE('',#4021,#4022);
#3152=VERTEX_POINT('',#4024);
#3153=LINE('',#4025,#4026);
#3154=VERTEX_POINT('',#4028);
#3155=LINE('',#4029,#4030);
#3156=VERTEX_POINT('',#4032);
#3157=LINE('',#4033,#4034);
#3158=VERTEX_POINT('',#4036);
#3159=LINE('',#4037,#4038);
#3160=VERTEX_POINT('',#4040);
#3161=LINE('',#4041,#4042);
#3162=VERTEX_POINT('',#4044);
#3163=LINE('',#4045,#4046);
#3164=VERTEX_POINT('',#4048);
#3165=LINE('',#4049,#4050);
#3166=VERTEX_POINT('',#4052);
#3167=LINE('',#4053,#4054);
#3168=VERTEX_POINT('',#4056);
#3169=LINE('',#4057,#4058);
#3170=LINE('',#4060,#4061);
#3171=LINE('',#4063,#4064);
#3172=LINE('',#4066,#4067);
#3173=LINE('',#4069,#4070);
#3174=LINE('',#4072,#4073);
#3175=LINE('',#4075,#4076);
#3176=VERTEX_POINT('',#4078);
#3177=LINE('',#4079,#4080);
#3178=VERTEX_POINT('',#4082);
#3179=LINE('',#4083,#4084);
#3180=LINE('',#4086,#4087);
#3181=VERTEX_POINT('',#4089);
#3182=LINE('',#4090,#4091);
#3183=VERTEX_POINT('',#4093);
#3184=LINE('',#4094,#4095);
#3185=LINE('',#4097,#4098);
#3186=VERTEX_POINT('',#4100);
#3187=LINE('',#4101,#4102);
#3188=VERTEX_POINT('',#4104);
#3189=LINE('',#4105,#4106);
#3190=LINE('',#4108,#4109);
#3191=VERTEX_POINT('',#4111);
#3192=LINE('',#4112,#4113);
#3193=VERTEX_POINT('',#4115);
#3194=LINE('',#4116,#4117);
#3195=LINE('',#4119,#4120);
#3196=VERTEX_POINT('',#4122);
#3197=LINE('',#4123,#4124);
#3198=VERTEX_POINT('',#4126);
#3199=LINE('',#4127,#4128);
#3200=LINE('',#4130,#4131);
#3201=LINE('',#4133,#4134);
#3202=LINE('',#4136,#4137);
#3203=LINE('',#4139,#4140);
#3204=VERTEX_POINT('',#4142);
#3205=VERTEX_POINT('',#4143);
#3206=CIRCLE('',#4144,5.);
#3207=LINE('',#4148,#4149);
#3208=LINE('',#4151,#4152);
#3209=VERTEX_POINT('',#4154);
#3210=LINE('',#4155,#4156);
#3211=LINE('',#4158,#4159);
#3212=VERTEX_POINT('',#4161);
#3213=CIRCLE('',#4162,5.00000000000001);
#3214=LINE('',#4166,#4167);
#3215=VERTEX_POINT('',#4169);
#3216=VERTEX_POINT('',#4170);
#3217=CIRCLE('',#4171,5.);
#3218=LINE('',#4175,#4176);
#3219=LINE('',#4178,#4179);
#3220=VERTEX_POINT('',#4181);
#3221=LINE('',#4182,#4183);
#3222=LINE('',#4185,#4186);
#3223=VERTEX_POINT('',#4188);
#3224=CIRCLE('',#4189,5.00000000000001);
#3225=LINE('',#4193,#4194);
#3226=VERTEX_POINT('',#4196);
#3227=VERTEX_POINT('',#4197);
#3228=CIRCLE('',#4198,5.);
#3229=LINE('',#4202,#4203);
#3230=LINE('',#4205,#4206);
#3231=VERTEX_POINT('',#4208);
#3232=LINE('',#4209,#4210);
#3233=LINE('',#4212,#4213);
#3234=VERTEX_POINT('',#4215);
#3235=CIRCLE('',#4216,5.00000000000001);
#3236=LINE('',#4220,#4221);
#3237=VERTEX_POINT('',#4223);
#3238=VERTEX_POINT('',#4224);
#3239=CIRCLE('',#4225,5.);
#3240=LINE('',#4229,#4230);
#3241=LINE('',#4232,#4233);
#3242=VERTEX_POINT('',#4235);
#3243=LINE('',#4236,#4237);
#3244=LINE('',#4239,#4240);
#3245=VERTEX_POINT('',#4242);
#3246=CIRCLE('',#4243,5.00000000000001);
#3247=LINE('',#4247,#4248);
#3248=VERTEX_POINT('',#4250);
#3249=VERTEX_POINT('',#4251);
#3250=CIRCLE('',#4252,5.);
#3251=LINE('',#4256,#4257);
#3252=LINE('',#4259,#4260);
#3253=VERTEX_POINT('',#4262);
#3254=LINE('',#4263,#4264);
#3255=LINE('',#4266,#4267);
#3256=VERTEX_POINT('',#4269);
#3257=CIRCLE('',#4270,5.00000000000001);
#3258=LINE('',#4274,#4275);
#3259=LINE('',#4277,#4278);
#3260=VERTEX_POINT('',#4280);
#3261=LINE('',#4281,#4282);
#3262=VERTEX_POINT('',#4284);
#3263=LINE('',#4285,#4286);
#3264=VERTEX_POINT('',#4288);
#3265=LINE('',#4289,#4290);
#3266=LINE('',#4292,#4293);
#3267=VERTEX_POINT('',#4295);
#3268=LINE('',#4296,#4297);
#3269=VERTEX_POINT('',#4299);
#3270=LINE('',#4300,#4301);
#3271=LINE('',#4303,#4304);
#3272=VERTEX_POINT('',#4306);
#3273=LINE('',#4307,#4308);
#3274=VERTEX_POINT('',#4310);
#3275=LINE('',#4311,#4312);
#3276=LINE('',#4314,#4315);
#3277=VERTEX_POINT('',#4317);
#3278=LINE('',#4318,#4319);
#3279=LINE('',#4321,#4322);
#3280=VERTEX_POINT('',#4324);
#3281=CIRCLE('',#4325,2.);
#3282=LINE('',#4329,#4330);
#3283=VERTEX_POINT('',#4332);
#3284=LINE('',#4333,#4334);
#3285=LINE('',#4336,#4337);
#3286=CIRCLE('',#4339,1.99999999999999);
#3287=VERTEX_POINT('',#4343);
#3288=CIRCLE('',#4344,2.);
#3289=LINE('',#4348,#4349);
#3290=VERTEX_POINT('',#4351);
#3291=LINE('',#4352,#4353);
#3292=LINE('',#4355,#4356);
#3293=CIRCLE('',#4358,2.00000000000001);
#3294=VERTEX_POINT('',#4362);
#3295=CIRCLE('',#4363,2.);
#3296=LINE('',#4367,#4368);
#3297=VERTEX_POINT('',#4370);
#3298=LINE('',#4371,#4372);
#3299=LINE('',#4374,#4375);
#3300=CIRCLE('',#4377,1.99999999999999);
#3301=VERTEX_POINT('',#4381);
#3302=CIRCLE('',#4382,2.);
#3303=LINE('',#4386,#4387);
#3304=VERTEX_POINT('',#4389);
#3305=LINE('',#4390,#4391);
#3306=LINE('',#4393,#4394);
#3307=CIRCLE('',#4396,1.99999999999999);
#3308=VERTEX_POINT('',#4400);
#3309=VERTEX_POINT('',#4401);
#3310=LINE('',#4402,#4403);
#3311=LINE('',#4405,#4406);
#3312=VERTEX_POINT('',#4408);
#3313=LINE('',#4409,#4410);
#3314=VERTEX_POINT('',#4412);
#3315=LINE('',#4413,#4414);
#3316=VERTEX_POINT('',#4416);
#3317=LINE('',#4417,#4418);
#3318=VERTEX_POINT('',#4420);
#3319=LINE('',#4421,#4422);
#3320=LINE('',#4424,#4425);
#3321=VERTEX_POINT('',#4427);
#3322=CIRCLE('',#4428,2.);
#3323=VERTEX_POINT('',#4432);
#3324=LINE('',#4433,#4434);
#3325=CIRCLE('',#4436,2.);
#3326=LINE('',#4440,#4441);
#3327=VERTEX_POINT('',#4443);
#3328=CIRCLE('',#4444,7.);
#3329=LINE('',#4448,#4449);
#3330=VERTEX_POINT('',#4451);
#3331=LINE('',#4452,#4453);
#3332=LINE('',#4455,#4456);
#3333=VERTEX_POINT('',#4458);
#3334=LINE('',#4459,#4460);
#3335=CIRCLE('',#4462,7.00000000000001);
#3336=VERTEX_POINT('',#4466);
#3337=LINE('',#4467,#4468);
#3338=LINE('',#4470,#4471);
#3339=VERTEX_POINT('',#4473);
#3340=LINE('',#4474,#4475);
#3341=CIRCLE('',#4477,7.);
#3342=VERTEX_POINT('',#4481);
#3343=LINE('',#4482,#4483);
#3344=LINE('',#4485,#4486);
#3345=LINE('',#4488,#4489);
#3346=CIRCLE('',#4491,7.);
#3347=VERTEX_POINT('',#4495);
#3348=CIRCLE('',#4496,2.);
#3349=VERTEX_POINT('',#4500);
#3350=CIRCLE('',#4501,2.);
#3351=LINE('',#4505,#4506);
#3352=LINE('',#4508,#4509);
#3353=VERTEX_POINT('',#4511);
#3354=CIRCLE('',#4512,2.6);
#3355=VERTEX_POINT('',#4516);
#3356=CIRCLE('',#4517,2.6);
#3357=VERTEX_POINT('',#4521);
#3358=CIRCLE('',#4522,2.6);
#3359=VERTEX_POINT('',#4526);
#3360=CIRCLE('',#4527,2.6);
#3361=LINE('',#4531,#4532);
#3362=LINE('',#4534,#4535);
#3363=LINE('',#4537,#4538);
#3364=LINE('',#4540,#4541);
#3365=LINE('',#4543,#4544);
#3366=LINE('',#4546,#4547);
#3367=LINE('',#4549,#4550);
#3368=LINE('',#4552,#4553);
#3369=LINE('',#4555,#4556);
#3370=LINE('',#4558,#4559);
#3371=VERTEX_POINT('',#4561);
#3372=CIRCLE('',#4562,1.);
#3373=LINE('',#4566,#4567);
#3374=VERTEX_POINT('',#4569);
#3375=CIRCLE('',#4570,1.);
#3376=LINE('',#4574,#4575);
#3377=VERTEX_POINT('',#4577);
#3378=CIRCLE('',#4578,1.);
#3379=VERTEX_POINT('',#4582);
#3380=CIRCLE('',#4583,1.);
#3381=CARTESIAN_POINT('',(42.,-41.0000000000035,6.12447195700994E-15));
#3382=CARTESIAN_POINT('',(42.,-41.0000000000035,15.));
#3383=CARTESIAN_POINT('',(42.,-41.0000000000035,0.));
#3384=VECTOR('',#3385,1.);
#3385=DIRECTION('',(-4.736951571734E-16,0.,1.));
#3386=CARTESIAN_POINT('',(42.,-49.7284366616838,6.12447195700994E-15));
#3387=CARTESIAN_POINT('',(42.,-41.0000000000035,6.12447195700994E-15));
#3388=VECTOR('',#3389,1.);
#3389=DIRECTION('',(0.,-1.,0.));
#3390=CARTESIAN_POINT('',(42.,-49.7284366616835,17.));
#3391=CARTESIAN_POINT('',(42.0000000000001,-49.7284366616838,4.3481151176097E-15));
#3392=VECTOR('',#3393,1.);
#3393=DIRECTION('',(-4.17966315153E-16,0.,1.));
#3394=CARTESIAN_POINT('',(42.,176.728436661676,17.));
#3395=CARTESIAN_POINT('',(42.,176.728436661676,17.));
#3396=VECTOR('',#3397,1.);
#3397=DIRECTION('',(9.41295433429626E-17,-1.,-1.56882572238271E-17));
#3398=CARTESIAN_POINT('',(42.,176.728436661676,2.57175827820944E-15));
#3399=CARTESIAN_POINT('',(42.,176.728436661676,4.34811511760969E-15));
#3400=VECTOR('',#3401,1.);
#3401=DIRECTION('',(0.,0.,1.));
#3402=CARTESIAN_POINT('',(42.,56.5000000000035,4.34811511760969E-15));
#3403=CARTESIAN_POINT('',(42.,176.728436661676,2.57175827820944E-15));
#3404=VECTOR('',#3405,1.);
#3405=DIRECTION('',(1.18198781501184E-16,-1.,1.4774847687648E-17));
#3406=CARTESIAN_POINT('',(42.,56.5000000000035,14.));
#3407=CARTESIAN_POINT('',(42.,56.5000000000035,14.));
#3408=VECTOR('',#3409,1.);
#3409=DIRECTION('',(1.01506105108586E-15,0.,-1.));
#3410=CARTESIAN_POINT('',(42.,54.5000000000035,14.));
#3411=CARTESIAN_POINT('',(42.,54.5000000000034,14.));
#3412=VECTOR('',#3413,1.);
#3413=DIRECTION('',(0.,1.,-1.77635683940024E-15));
#3414=CARTESIAN_POINT('',(42.,54.5000000000035,4.34811511760969E-15));
#3415=CARTESIAN_POINT('',(42.,54.5000000000035,14.));
#3416=VECTOR('',#3417,1.);
#3417=DIRECTION('',(1.01506105108586E-15,0.,-1.));
#3418=CARTESIAN_POINT('',(42.,40.9999999999965,6.12447195700994E-15));
#3419=CARTESIAN_POINT('',(42.,54.5000000000035,4.34811511760969E-15));
#3420=VECTOR('',#3421,1.);
#3421=DIRECTION('',(0.,-1.,1.31581988103654E-16));
#3422=CARTESIAN_POINT('',(42.,40.9999999999965,15.));
#3423=CARTESIAN_POINT('',(42.,40.9999999999965,15.));
#3424=VECTOR('',#3425,1.);
#3425=DIRECTION('',(4.736951571734E-16,0.,-1.));
#3426=CARTESIAN_POINT('',(42.,38.9999999999965,15.));
#3427=CARTESIAN_POINT('',(42.,38.9999999999965,15.));
#3428=VECTOR('',#3429,1.);
#3429=DIRECTION('',(0.,1.,0.));
#3430=CARTESIAN_POINT('',(42.,38.9999999999965,6.12447195700994E-15));
#3431=CARTESIAN_POINT('',(42.,38.9999999999965,0.));
#3432=VECTOR('',#3433,1.);
#3433=DIRECTION('',(-4.736951571734E-16,0.,1.));
#3434=CARTESIAN_POINT('',(42.,20.9999999999965,6.12447195700994E-15));
#3435=CARTESIAN_POINT('',(42.,38.9999999999965,6.12447195700994E-15));
#3436=VECTOR('',#3437,1.);
#3437=DIRECTION('',(0.,-1.,0.));
#3438=CARTESIAN_POINT('',(42.,20.9999999999965,15.));
#3439=CARTESIAN_POINT('',(42.,20.9999999999965,15.));
#3440=VECTOR('',#3441,1.);
#3441=DIRECTION('',(4.736951571734E-16,0.,-1.));
#3442=CARTESIAN_POINT('',(42.,18.9999999999965,15.));
#3443=CARTESIAN_POINT('',(42.,18.9999999999965,15.));
#3444=VECTOR('',#3445,1.);
#3445=DIRECTION('',(0.,1.,0.));
#3446=CARTESIAN_POINT('',(42.,18.9999999999965,6.12447195700994E-15));
#3447=CARTESIAN_POINT('',(42.,18.9999999999965,0.));
#3448=VECTOR('',#3449,1.);
#3449=DIRECTION('',(-4.736951571734E-16,0.,1.));
#3450=CARTESIAN_POINT('',(42.,0.999999999996504,6.12447195700994E-15));
#3451=CARTESIAN_POINT('',(42.,18.9999999999965,6.12447195700994E-15));
#3452=VECTOR('',#3453,1.);
#3453=DIRECTION('',(0.,-1.,0.));
#3454=CARTESIAN_POINT('',(42.,0.999999999996504,15.));
#3455=CARTESIAN_POINT('',(42.,0.999999999996504,15.));
#3456=VECTOR('',#3457,1.);
#3457=DIRECTION('',(4.736951571734E-16,0.,-1.));
#3458=CARTESIAN_POINT('',(42.,-1.0000000000035,15.));
#3459=CARTESIAN_POINT('',(42.,-1.00000000000349,15.));
#3460=VECTOR('',#3461,1.);
#3461=DIRECTION('',(0.,1.,0.));
#3462=CARTESIAN_POINT('',(42.,-1.0000000000035,6.12447195700994E-15));
#3463=CARTESIAN_POINT('',(42.,-1.0000000000035,0.));
#3464=VECTOR('',#3465,1.);
#3465=DIRECTION('',(-4.736951571734E-16,0.,1.));
#3466=CARTESIAN_POINT('',(42.,-19.0000000000035,6.12447195700994E-15));
#3467=CARTESIAN_POINT('',(42.,-1.00000000000349,6.12447195700994E-15));
#3468=VECTOR('',#3469,1.);
#3469=DIRECTION('',(7.89491928622334E-16,-1.,4.38256058456118E-32));
#3470=CARTESIAN_POINT('',(42.,-19.0000000000035,15.));
#3471=CARTESIAN_POINT('',(42.,-19.0000000000035,15.));
#3472=VECTOR('',#3473,1.);
#3473=DIRECTION('',(4.736951571734E-16,0.,-1.));
#3474=CARTESIAN_POINT('',(42.,-21.0000000000035,15.));
#3475=CARTESIAN_POINT('',(42.,-21.0000000000035,15.));
#3476=VECTOR('',#3477,1.);
#3477=DIRECTION('',(0.,1.,0.));
#3478=CARTESIAN_POINT('',(42.,-21.0000000000035,6.12447195700994E-15));
#3479=CARTESIAN_POINT('',(42.,-21.0000000000035,0.));
#3480=VECTOR('',#3481,1.);
#3481=DIRECTION('',(-4.736951571734E-16,0.,1.));
#3482=CARTESIAN_POINT('',(42.,-39.0000000000035,6.12447195700994E-15));
#3483=CARTESIAN_POINT('',(42.,-21.0000000000035,6.12447195700994E-15));
#3484=VECTOR('',#3485,1.);
#3485=DIRECTION('',(0.,-1.,0.));
#3486=CARTESIAN_POINT('',(42.,-39.0000000000035,15.));
#3487=CARTESIAN_POINT('',(42.,-39.0000000000035,15.));
#3488=VECTOR('',#3489,1.);
#3489=DIRECTION('',(4.736951571734E-16,0.,-1.));
#3490=CARTESIAN_POINT('',(42.,-41.0000000000035,15.));
#3491=VECTOR('',#3492,1.);
#3492=DIRECTION('',(0.,1.,0.));
#3493=CARTESIAN_POINT('',(36.,-41.0000000000035,-8.81745695386094E-15));
#3494=CARTESIAN_POINT('',(36.,-41.0000000000035,4.40872847693047E-15));
#3495=VECTOR('',#3496,1.);
#3496=DIRECTION('',(1.,0.,1.22464679914735E-16));
#3497=CARTESIAN_POINT('',(36.,-39.0000000000035,-8.81745695386094E-15));
#3498=CARTESIAN_POINT('',(36.,-39.0000000000035,4.40872847693047E-15));
#3499=VECTOR('',#3500,1.);
#3500=DIRECTION('',(0.,-1.,0.));
#3501=CARTESIAN_POINT('',(42.,-39.0000000000035,5.14351655641888E-15));
#3502=VECTOR('',#3503,1.);
#3503=DIRECTION('',(-1.,0.,-1.22464679914735E-16));
#3504=CARTESIAN_POINT('',(36.,-21.0000000000035,-8.81745695386094E-15));
#3505=CARTESIAN_POINT('',(36.,-21.0000000000035,4.40872847693047E-15));
#3506=VECTOR('',#3507,1.);
#3507=DIRECTION('',(1.,0.,1.22464679914735E-16));
#3508=CARTESIAN_POINT('',(36.,-19.0000000000035,-8.81745695386094E-15));
#3509=CARTESIAN_POINT('',(36.,-19.0000000000035,4.40872847693047E-15));
#3510=VECTOR('',#3511,1.);
#3511=DIRECTION('',(0.,-1.,0.));
#3512=CARTESIAN_POINT('',(42.,-19.0000000000035,5.14351655641888E-15));
#3513=VECTOR('',#3514,1.);
#3514=DIRECTION('',(-1.,0.,-1.22464679914735E-16));
#3515=CARTESIAN_POINT('',(36.,-1.0000000000035,-8.81745695386094E-15));
#3516=CARTESIAN_POINT('',(36.,-1.00000000000349,4.40872847693047E-15));
#3517=VECTOR('',#3518,1.);
#3518=DIRECTION('',(1.,3.70074341541719E-17,1.22464679914735E-16));
#3519=CARTESIAN_POINT('',(36.,0.999999999996504,-8.81745695386094E-15));
#3520=CARTESIAN_POINT('',(36.,0.999999999996505,4.40872847693047E-15));
#3521=VECTOR('',#3522,1.);
#3522=DIRECTION('',(0.,-1.,0.));
#3523=CARTESIAN_POINT('',(42.,0.999999999996506,5.14351655641888E-15));
#3524=VECTOR('',#3525,1.);
#3525=DIRECTION('',(-1.,-3.70074341541719E-17,-1.22464679914735E-16));
#3526=CARTESIAN_POINT('',(36.,18.9999999999965,-8.81745695386094E-15));
#3527=CARTESIAN_POINT('',(36.,18.9999999999965,4.40872847693047E-15));
#3528=VECTOR('',#3529,1.);
#3529=DIRECTION('',(1.,0.,1.22464679914735E-16));
#3530=CARTESIAN_POINT('',(36.,20.9999999999965,-8.81745695386094E-15));
#3531=CARTESIAN_POINT('',(36.,20.9999999999965,4.40872847693047E-15));
#3532=VECTOR('',#3533,1.);
#3533=DIRECTION('',(0.,-1.,0.));
#3534=CARTESIAN_POINT('',(42.,20.9999999999965,5.14351655641888E-15));
#3535=VECTOR('',#3536,1.);
#3536=DIRECTION('',(-1.,0.,-1.22464679914735E-16));
#3537=CARTESIAN_POINT('',(36.,38.9999999999965,-8.81745695386094E-15));
#3538=CARTESIAN_POINT('',(36.,38.9999999999965,4.40872847693047E-15));
#3539=VECTOR('',#3540,1.);
#3540=DIRECTION('',(1.,0.,1.22464679914735E-16));
#3541=CARTESIAN_POINT('',(36.,40.9999999999965,-8.81745695386094E-15));
#3542=CARTESIAN_POINT('',(36.,40.9999999999965,4.40872847693047E-15));
#3543=VECTOR('',#3544,1.);
#3544=DIRECTION('',(0.,-1.,0.));
#3545=CARTESIAN_POINT('',(42.,40.9999999999965,5.14351655641888E-15));
#3546=VECTOR('',#3547,1.);
#3547=DIRECTION('',(-1.,0.,-1.22464679914735E-16));
#3548=CARTESIAN_POINT('',(-13.0000000000037,54.5000000000035,-1.59204083889201E-15));
#3549=CARTESIAN_POINT('',(42.,54.5000000000035,5.14351655641888E-15));
#3550=VECTOR('',#3551,1.);
#3551=DIRECTION('',(-1.,1.2918958832001E-16,-1.22464679914735E-16));
#3552=CARTESIAN_POINT('',(-13.0000000000037,68.0000000000034,-1.59204083889201E-15));
#3553=CARTESIAN_POINT('',(-13.0000000000037,54.5000000000035,-1.59204083889201E-15));
#3554=VECTOR('',#3555,1.);
#3555=DIRECTION('',(0.,1.,1.46085352818707E-32));
#3556=CARTESIAN_POINT('',(-25.,68.0000000000034,-3.06161699786838E-15));
#3557=CARTESIAN_POINT('',(-13.0000000000037,68.0000000000034,-1.59204083889201E-15));
#3558=VECTOR('',#3559,1.);
#3559=DIRECTION('',(-1.,0.,-1.22464679914735E-16));
#3560=CARTESIAN_POINT('',(-25.,54.5000000000035,-3.06161699786838E-15));
#3561=CARTESIAN_POINT('',(-25.,68.0000000000034,-3.06161699786838E-15));
#3562=VECTOR('',#3563,1.);
#3563=DIRECTION('',(0.,-1.,0.));
#3564=CARTESIAN_POINT('',(-42.,54.5000000000035,-4.34811511760969E-15));
#3565=CARTESIAN_POINT('',(-25.,54.5000000000035,-3.06161699786838E-15));
#3566=VECTOR('',#3567,1.);
#3567=DIRECTION('',(-1.,0.,-1.22464679914735E-16));
#3568=CARTESIAN_POINT('',(-42.,40.9999999999965,-2.57175827820944E-15));
#3569=CARTESIAN_POINT('',(-42.,40.9999999999965,-2.57175827820944E-15));
#3570=VECTOR('',#3571,1.);
#3571=DIRECTION('',(0.,1.,-1.31581988103654E-16));
#3572=CARTESIAN_POINT('',(-36.,40.9999999999965,-4.40872847693047E-15));
#3573=CARTESIAN_POINT('',(-42.,40.9999999999965,-5.14351655641888E-15));
#3574=VECTOR('',#3575,1.);
#3575=DIRECTION('',(1.,0.,1.22464679914735E-16));
#3576=CARTESIAN_POINT('',(-36.,38.9999999999965,-4.40872847693047E-15));
#3577=CARTESIAN_POINT('',(-36.,40.9999999999965,-4.40872847693047E-15));
#3578=VECTOR('',#3579,1.);
#3579=DIRECTION('',(0.,-1.,0.));
#3580=CARTESIAN_POINT('',(-42.,38.9999999999965,-2.57175827820944E-15));
#3581=CARTESIAN_POINT('',(-36.,38.9999999999965,-4.40872847693047E-15));
#3582=VECTOR('',#3583,1.);
#3583=DIRECTION('',(-1.,0.,-1.22464679914735E-16));
#3584=CARTESIAN_POINT('',(-42.,20.9999999999965,-2.57175827820944E-15));
#3585=CARTESIAN_POINT('',(-42.,20.9999999999965,-2.57175827820944E-15));
#3586=VECTOR('',#3587,1.);
#3587=DIRECTION('',(0.,1.,0.));
#3588=CARTESIAN_POINT('',(-36.,20.9999999999965,-4.40872847693047E-15));
#3589=CARTESIAN_POINT('',(-42.,20.9999999999965,-5.14351655641888E-15));
#3590=VECTOR('',#3591,1.);
#3591=DIRECTION('',(1.,0.,1.22464679914735E-16));
#3592=CARTESIAN_POINT('',(-36.,18.9999999999965,-4.40872847693047E-15));
#3593=CARTESIAN_POINT('',(-36.,20.9999999999965,-4.40872847693047E-15));
#3594=VECTOR('',#3595,1.);
#3595=DIRECTION('',(0.,-1.,0.));
#3596=CARTESIAN_POINT('',(-42.,18.9999999999965,-2.57175827820944E-15));
#3597=CARTESIAN_POINT('',(-36.,18.9999999999965,-4.40872847693047E-15));
#3598=VECTOR('',#3599,1.);
#3599=DIRECTION('',(-1.,0.,-1.22464679914735E-16));
#3600=CARTESIAN_POINT('',(-42.,0.999999999996504,-2.57175827820944E-15));
#3601=CARTESIAN_POINT('',(-42.,0.999999999996503,-2.57175827820944E-15));
#3602=VECTOR('',#3603,1.);
#3603=DIRECTION('',(0.,1.,0.));
#3604=CARTESIAN_POINT('',(-36.,0.999999999996504,-4.40872847693047E-15));
#3605=CARTESIAN_POINT('',(-42.,0.999999999996503,-5.14351655641888E-15));
#3606=VECTOR('',#3607,1.);
#3607=DIRECTION('',(1.,3.70074341541718E-17,1.22464679914735E-16));
#3608=CARTESIAN_POINT('',(-36.,-1.0000000000035,-4.40872847693047E-15));
#3609=CARTESIAN_POINT('',(-36.,0.999999999996503,-4.40872847693047E-15));
#3610=VECTOR('',#3611,1.);
#3611=DIRECTION('',(0.,-1.,0.));
#3612=CARTESIAN_POINT('',(-42.,-1.0000000000035,-2.57175827820944E-15));
#3613=CARTESIAN_POINT('',(-36.,-1.0000000000035,-4.40872847693047E-15));
#3614=VECTOR('',#3615,1.);
#3615=DIRECTION('',(-1.,-3.70074341541718E-17,-1.22464679914735E-16));
#3616=CARTESIAN_POINT('',(-42.,-19.0000000000035,-2.57175827820944E-15));
#3617=CARTESIAN_POINT('',(-42.,-19.0000000000035,-2.57175827820944E-15));
#3618=VECTOR('',#3619,1.);
#3619=DIRECTION('',(0.,1.,-2.19128029228059E-32));
#3620=CARTESIAN_POINT('',(-36.,-19.0000000000035,-4.40872847693047E-15));
#3621=CARTESIAN_POINT('',(-42.,-19.0000000000035,-5.14351655641888E-15));
#3622=VECTOR('',#3623,1.);
#3623=DIRECTION('',(1.,0.,1.22464679914735E-16));
#3624=CARTESIAN_POINT('',(-36.,-21.0000000000035,-4.40872847693047E-15));
#3625=CARTESIAN_POINT('',(-36.,-19.0000000000035,-4.40872847693047E-15));
#3626=VECTOR('',#3627,1.);
#3627=DIRECTION('',(0.,-1.,0.));
#3628=CARTESIAN_POINT('',(-42.,-21.0000000000035,-2.57175827820944E-15));
#3629=CARTESIAN_POINT('',(-36.,-21.0000000000035,-4.40872847693047E-15));
#3630=VECTOR('',#3631,1.);
#3631=DIRECTION('',(-1.,0.,-1.22464679914735E-16));
#3632=CARTESIAN_POINT('',(-42.,-39.0000000000035,-2.57175827820944E-15));
#3633=CARTESIAN_POINT('',(-42.,-39.0000000000035,-2.57175827820944E-15));
#3634=VECTOR('',#3635,1.);
#3635=DIRECTION('',(0.,1.,0.));
#3636=CARTESIAN_POINT('',(-36.,-39.0000000000035,-4.40872847693047E-15));
#3637=CARTESIAN_POINT('',(-42.,-39.0000000000035,-5.14351655641888E-15));
#3638=VECTOR('',#3639,1.);
#3639=DIRECTION('',(1.,0.,1.22464679914735E-16));
#3640=CARTESIAN_POINT('',(-36.,-41.0000000000035,-4.40872847693047E-15));
#3641=CARTESIAN_POINT('',(-36.,-39.0000000000035,-4.40872847693047E-15));
#3642=VECTOR('',#3643,1.);
#3643=DIRECTION('',(0.,-1.,0.));
#3644=CARTESIAN_POINT('',(-42.,-41.0000000000035,-2.57175827820944E-15));
#3645=CARTESIAN_POINT('',(-36.,-41.0000000000035,-4.40872847693047E-15));
#3646=VECTOR('',#3647,1.);
#3647=DIRECTION('',(-1.,0.,-1.22464679914735E-16));
#3648=CARTESIAN_POINT('',(-42.,-49.7284366616834,-2.57175827820944E-15));
#3649=CARTESIAN_POINT('',(-42.,-49.7284366616834,-2.57175827820944E-15));
#3650=VECTOR('',#3651,1.);
#3651=DIRECTION('',(0.,1.,0.));
#3652=CARTESIAN_POINT('',(-35.7284366616796,-56.0000000000035,-3.9640926192135E-15));
#3653=AXIS2_PLACEMENT_3D('',#3654,#3655,#3656);
#3654=CARTESIAN_POINT('',(-38.,-52.0000000000035,-4.65365783675994E-15));
#3655=DIRECTION('',(-1.22464679914735E-16,0.,1.));
#3656=DIRECTION('',(0.493818117026166,-0.869565217391273,6.04752776377068E-17));
#3657=CARTESIAN_POINT('',(-30.,-56.0000000000035,-1.83697019872103E-15));
#3658=CARTESIAN_POINT('',(-30.,-56.0000000000035,-1.83697019872103E-15));
#3659=VECTOR('',#3660,1.);
#3660=DIRECTION('',(-1.,0.,-3.71326863875767E-16));
#3661=CARTESIAN_POINT('',(-30.,-54.0000000000035,-3.67394039744206E-15));
#3662=CARTESIAN_POINT('',(-30.,-56.0000000000035,-3.67394039744206E-15));
#3663=VECTOR('',#3664,1.);
#3664=DIRECTION('',(0.,1.,0.));
#3665=CARTESIAN_POINT('',(-28.,-54.0000000000035,-3.42901103761259E-15));
#3666=CARTESIAN_POINT('',(-30.,-54.0000000000035,-3.67394039744206E-15));
#3667=VECTOR('',#3668,1.);
#3668=DIRECTION('',(1.,0.,1.22464679914736E-16));
#3669=CARTESIAN_POINT('',(-28.,-56.0000000000035,-1.71450551880629E-15));
#3670=CARTESIAN_POINT('',(-28.,-54.0000000000035,-3.42901103761259E-15));
#3671=VECTOR('',#3672,1.);
#3672=DIRECTION('',(0.,-1.,0.));
#3673=CARTESIAN_POINT('',(-12.,-56.0000000000035,-2.51114491888866E-15));
#3674=CARTESIAN_POINT('',(-12.,-56.0000000000035,-2.51114491888866E-15));
#3675=VECTOR('',#3676,1.);
#3676=DIRECTION('',(-1.,0.,4.9789962505148E-17));
#3677=CARTESIAN_POINT('',(-12.,-54.0000000000035,-1.46957615897682E-15));
#3678=CARTESIAN_POINT('',(-12.,-56.0000000000035,-1.46957615897682E-15));
#3679=VECTOR('',#3680,1.);
#3680=DIRECTION('',(0.,1.,0.));
#3681=CARTESIAN_POINT('',(-9.99999999999999,-54.0000000000035,-1.22464679914735E-15));
#3682=CARTESIAN_POINT('',(-12.,-54.0000000000035,-1.46957615897682E-15));
#3683=VECTOR('',#3684,1.);
#3684=DIRECTION('',(1.,0.,1.22464679914735E-16));
#3685=CARTESIAN_POINT('',(-9.99999999999999,-56.0000000000035,-6.12323399573676E-16));
#3686=CARTESIAN_POINT('',(-9.99999999999999,-54.0000000000035,-1.22464679914735E-15));
#3687=VECTOR('',#3688,1.);
#3688=DIRECTION('',(0.,-1.,0.));
#3689=CARTESIAN_POINT('',(6.,-56.0000000000035,3.67394039744206E-16));
#3690=CARTESIAN_POINT('',(6.,-56.0000000000035,3.67394039744206E-16));
#3691=VECTOR('',#3692,1.);
#3692=DIRECTION('',(-1.,-4.44089209850063E-16,-6.12323399573677E-17));
#3693=CARTESIAN_POINT('',(6.00000000000001,-54.0000000000035,7.34788079488413E-16));
#3694=CARTESIAN_POINT('',(6.00000000000001,-56.0000000000035,7.34788079488413E-16));
#3695=VECTOR('',#3696,1.);
#3696=DIRECTION('',(0.,1.,0.));
#3697=CARTESIAN_POINT('',(8.00000000000001,-54.0000000000035,9.79717439317884E-16));
#3698=CARTESIAN_POINT('',(6.00000000000001,-54.0000000000035,7.34788079488413E-16));
#3699=VECTOR('',#3700,1.);
#3700=DIRECTION('',(1.,0.,1.22464679914735E-16));
#3701=CARTESIAN_POINT('',(8.00000000000001,-56.0000000000035,4.89858719658942E-16));
#3702=CARTESIAN_POINT('',(8.00000000000001,-54.0000000000035,9.79717439317883E-16));
#3703=VECTOR('',#3704,1.);
#3704=DIRECTION('',(0.,-1.,0.));
#3705=CARTESIAN_POINT('',(24.,-56.0000000000035,3.24593299837707E-15));
#3706=CARTESIAN_POINT('',(24.,-56.0000000000035,3.24593299837707E-15));
#3707=VECTOR('',#3708,1.);
#3708=DIRECTION('',(-1.,-4.44089209850063E-16,-1.72254642419883E-16));
#3709=CARTESIAN_POINT('',(24.,-54.0000000000035,2.93915231795365E-15));
#3710=CARTESIAN_POINT('',(24.,-56.0000000000035,2.93915231795365E-15));
#3711=VECTOR('',#3712,1.);
#3712=DIRECTION('',(0.,1.,0.));
#3713=CARTESIAN_POINT('',(26.,-54.0000000000035,3.18408167778312E-15));
#3714=CARTESIAN_POINT('',(24.,-54.0000000000035,2.93915231795365E-15));
#3715=VECTOR('',#3716,1.);
#3716=DIRECTION('',(1.,0.,1.22464679914735E-16));
#3717=CARTESIAN_POINT('',(26.,-56.0000000000035,3.36839767829181E-15));
#3718=CARTESIAN_POINT('',(26.,-54.0000000000035,3.18408167778312E-15));
#3719=VECTOR('',#3720,1.);
#3720=DIRECTION('',(0.,-1.,0.));
#3721=CARTESIAN_POINT('',(35.7284366616799,-56.0000000000035,5.74044945861376E-15));
#3722=CARTESIAN_POINT('',(35.7284366616799,-56.0000000000035,5.74044945861376E-15));
#3723=VECTOR('',#3724,1.);
#3724=DIRECTION('',(-1.,7.30377100114054E-16,-2.43826614985881E-16));
#3725=AXIS2_PLACEMENT_3D('',#3726,#3727,#3728);
#3726=CARTESIAN_POINT('',(38.,-52.0000000000035,4.65365783675994E-15));
#3727=DIRECTION('',(-1.22464679914735E-16,0.,1.));
#3728=DIRECTION('',(0.869565217391309,0.493818117026103,1.06491026012814E-16));
#3729=CARTESIAN_POINT('',(41.,38.9999999999965,15.));
#3730=CARTESIAN_POINT('',(41.,40.9999999999965,15.));
#3731=CARTESIAN_POINT('',(41.,38.9999999999965,15.));
#3732=VECTOR('',#3733,1.);
#3733=DIRECTION('',(-3.5527136788005E-15,1.,0.));
#3734=CARTESIAN_POINT('',(42.,38.9999999999965,15.));
#3735=VECTOR('',#3736,1.);
#3736=DIRECTION('',(-1.,0.,0.));
#3737=CARTESIAN_POINT('',(41.,40.9999999999965,15.));
#3738=VECTOR('',#3739,1.);
#3739=DIRECTION('',(1.,0.,0.));
#3740=CARTESIAN_POINT('',(36.,40.9999999999965,9.99999999999999));
#3741=AXIS2_PLACEMENT_3D('',#3742,#3743,#3744);
#3742=CARTESIAN_POINT('',(41.,40.9999999999965,9.99999999999999));
#3743=DIRECTION('',(0.,1.,0.));
#3744=DIRECTION('',(-1.,0.,7.10542735760098E-16));
#3745=CARTESIAN_POINT('',(36.,40.9999999999965,-8.81745695386094E-15));
#3746=VECTOR('',#3747,1.);
#3747=DIRECTION('',(0.,0.,1.));
#3748=CARTESIAN_POINT('',(36.,38.9999999999965,9.99999999999999));
#3749=CARTESIAN_POINT('',(36.,38.9999999999965,9.99999999999999));
#3750=VECTOR('',#3751,1.);
#3751=DIRECTION('',(0.,1.,0.));
#3752=CARTESIAN_POINT('',(36.,38.9999999999965,-8.81745695386094E-15));
#3753=VECTOR('',#3754,1.);
#3754=DIRECTION('',(0.,0.,1.));
#3755=AXIS2_PLACEMENT_3D('',#3756,#3757,#3758);
#3756=CARTESIAN_POINT('',(41.,38.9999999999965,9.99999999999999));
#3757=DIRECTION('',(0.,-1.,0.));
#3758=DIRECTION('',(0.,0.,1.));
#3759=CARTESIAN_POINT('',(41.,18.9999999999965,15.));
#3760=CARTESIAN_POINT('',(41.,20.9999999999965,15.));
#3761=CARTESIAN_POINT('',(41.,18.9999999999965,15.));
#3762=VECTOR('',#3763,1.);
#3763=DIRECTION('',(0.,1.,0.));
#3764=CARTESIAN_POINT('',(42.,18.9999999999965,15.));
#3765=VECTOR('',#3766,1.);
#3766=DIRECTION('',(-1.,0.,0.));
#3767=CARTESIAN_POINT('',(41.,20.9999999999965,15.));
#3768=VECTOR('',#3769,1.);
#3769=DIRECTION('',(1.,0.,0.));
#3770=CARTESIAN_POINT('',(36.,20.9999999999965,9.99999999999999));
#3771=AXIS2_PLACEMENT_3D('',#3772,#3773,#3774);
#3772=CARTESIAN_POINT('',(41.,20.9999999999965,9.99999999999999));
#3773=DIRECTION('',(0.,1.,0.));
#3774=DIRECTION('',(-1.,0.,1.06581410364015E-15));
#3775=CARTESIAN_POINT('',(36.,20.9999999999965,-8.81745695386094E-15));
#3776=VECTOR('',#3777,1.);
#3777=DIRECTION('',(0.,0.,1.));
#3778=CARTESIAN_POINT('',(36.,18.9999999999965,9.99999999999999));
#3779=CARTESIAN_POINT('',(36.,18.9999999999965,9.99999999999999));
#3780=VECTOR('',#3781,1.);
#3781=DIRECTION('',(0.,1.,0.));
#3782=CARTESIAN_POINT('',(36.,18.9999999999965,-8.81745695386094E-15));
#3783=VECTOR('',#3784,1.);
#3784=DIRECTION('',(0.,0.,1.));
#3785=AXIS2_PLACEMENT_3D('',#3786,#3787,#3788);
#3786=CARTESIAN_POINT('',(41.,18.9999999999965,9.99999999999999));
#3787=DIRECTION('',(0.,-1.,0.));
#3788=DIRECTION('',(1.4210854715202E-15,0.,1.));
#3789=CARTESIAN_POINT('',(41.,-1.0000000000035,15.));
#3790=CARTESIAN_POINT('',(41.,0.999999999996504,15.));
#3791=CARTESIAN_POINT('',(41.,-1.0000000000035,15.));
#3792=VECTOR('',#3793,1.);
#3793=DIRECTION('',(0.,1.,0.));
#3794=CARTESIAN_POINT('',(42.,-1.00000000000349,15.));
#3795=VECTOR('',#3796,1.);
#3796=DIRECTION('',(-1.,0.,0.));
#3797=CARTESIAN_POINT('',(41.,0.999999999996506,15.));
#3798=VECTOR('',#3799,1.);
#3799=DIRECTION('',(1.,0.,0.));
#3800=CARTESIAN_POINT('',(36.,0.999999999996504,9.99999999999999));
#3801=AXIS2_PLACEMENT_3D('',#3802,#3803,#3804);
#3802=CARTESIAN_POINT('',(41.,0.999999999996504,9.99999999999999));
#3803=DIRECTION('',(0.,1.,0.));
#3804=DIRECTION('',(-1.,0.,1.06581410364015E-15));
#3805=CARTESIAN_POINT('',(36.,0.999999999996504,-8.81745695386094E-15));
#3806=VECTOR('',#3807,1.);
#3807=DIRECTION('',(0.,0.,1.));
#3808=CARTESIAN_POINT('',(36.,-1.0000000000035,9.99999999999999));
#3809=CARTESIAN_POINT('',(36.,-1.00000000000349,9.99999999999999));
#3810=VECTOR('',#3811,1.);
#3811=DIRECTION('',(0.,1.,0.));
#3812=CARTESIAN_POINT('',(36.,-1.0000000000035,-8.81745695386094E-15));
#3813=VECTOR('',#3814,1.);
#3814=DIRECTION('',(0.,0.,1.));
#3815=AXIS2_PLACEMENT_3D('',#3816,#3817,#3818);
#3816=CARTESIAN_POINT('',(41.,-1.0000000000035,9.99999999999999));
#3817=DIRECTION('',(0.,-1.,0.));
#3818=DIRECTION('',(1.4210854715202E-15,0.,1.));
#3819=CARTESIAN_POINT('',(41.,-21.0000000000035,15.));
#3820=CARTESIAN_POINT('',(41.,-19.0000000000035,15.));
#3821=CARTESIAN_POINT('',(41.,-21.0000000000035,15.));
#3822=VECTOR('',#3823,1.);
#3823=DIRECTION('',(0.,1.,0.));
#3824=CARTESIAN_POINT('',(42.,-21.0000000000035,15.));
#3825=VECTOR('',#3826,1.);
#3826=DIRECTION('',(-1.,0.,0.));
#3827=CARTESIAN_POINT('',(41.,-19.0000000000035,15.));
#3828=VECTOR('',#3829,1.);
#3829=DIRECTION('',(1.,0.,0.));
#3830=CARTESIAN_POINT('',(36.,-19.0000000000035,9.99999999999999));
#3831=AXIS2_PLACEMENT_3D('',#3832,#3833,#3834);
#3832=CARTESIAN_POINT('',(41.,-19.0000000000035,9.99999999999999));
#3833=DIRECTION('',(0.,1.,0.));
#3834=DIRECTION('',(-1.,0.,1.06581410364015E-15));
#3835=CARTESIAN_POINT('',(36.,-19.0000000000035,-8.81745695386094E-15));
#3836=VECTOR('',#3837,1.);
#3837=DIRECTION('',(0.,0.,1.));
#3838=CARTESIAN_POINT('',(36.,-21.0000000000035,9.99999999999999));
#3839=CARTESIAN_POINT('',(36.,-21.0000000000035,9.99999999999999));
#3840=VECTOR('',#3841,1.);
#3841=DIRECTION('',(0.,1.,0.));
#3842=CARTESIAN_POINT('',(36.,-21.0000000000035,-8.81745695386094E-15));
#3843=VECTOR('',#3844,1.);
#3844=DIRECTION('',(0.,0.,1.));
#3845=AXIS2_PLACEMENT_3D('',#3846,#3847,#3848);
#3846=CARTESIAN_POINT('',(41.,-21.0000000000035,9.99999999999999));
#3847=DIRECTION('',(0.,-1.,0.));
#3848=DIRECTION('',(1.4210854715202E-15,0.,1.));
#3849=CARTESIAN_POINT('',(41.,-41.0000000000035,15.));
#3850=CARTESIAN_POINT('',(41.,-39.0000000000035,15.));
#3851=CARTESIAN_POINT('',(41.,-41.0000000000035,15.));
#3852=VECTOR('',#3853,1.);
#3853=DIRECTION('',(0.,1.,0.));
#3854=CARTESIAN_POINT('',(42.,-41.0000000000035,15.));
#3855=VECTOR('',#3856,1.);
#3856=DIRECTION('',(-1.,0.,0.));
#3857=CARTESIAN_POINT('',(41.,-39.0000000000035,15.));
#3858=VECTOR('',#3859,1.);
#3859=DIRECTION('',(1.,0.,0.));
#3860=CARTESIAN_POINT('',(36.,-39.0000000000035,9.99999999999999));
#3861=AXIS2_PLACEMENT_3D('',#3862,#3863,#3864);
#3862=CARTESIAN_POINT('',(41.,-39.0000000000035,9.99999999999999));
#3863=DIRECTION('',(0.,1.,0.));
#3864=DIRECTION('',(-1.,0.,1.06581410364015E-15));
#3865=CARTESIAN_POINT('',(36.,-39.0000000000035,-8.81745695386094E-15));
#3866=VECTOR('',#3867,1.);
#3867=DIRECTION('',(0.,0.,1.));
#3868=CARTESIAN_POINT('',(36.,-41.0000000000035,9.99999999999999));
#3869=CARTESIAN_POINT('',(36.,-41.0000000000035,9.99999999999999));
#3870=VECTOR('',#3871,1.);
#3871=DIRECTION('',(0.,1.,0.));
#3872=CARTESIAN_POINT('',(36.,-41.0000000000035,-8.81745695386094E-15));
#3873=VECTOR('',#3874,1.);
#3874=DIRECTION('',(0.,0.,1.));
#3875=AXIS2_PLACEMENT_3D('',#3876,#3877,#3878);
#3876=CARTESIAN_POINT('',(41.,-41.0000000000035,9.99999999999999));
#3877=DIRECTION('',(0.,-1.,0.));
#3878=DIRECTION('',(1.4210854715202E-15,0.,1.));
#3879=CARTESIAN_POINT('',(35.7284366616799,-56.0000000000035,17.));
#3880=CARTESIAN_POINT('',(35.7284366616799,-56.0000000000035,3.96409261921351E-15));
#3881=VECTOR('',#3882,1.);
#3882=DIRECTION('',(0.,0.,1.));
#3883=AXIS2_PLACEMENT_3D('',#3884,#3885,#3886);
#3884=CARTESIAN_POINT('',(38.,-52.0000000000035,17.));
#3885=DIRECTION('',(-1.22464679914735E-16,0.,1.));
#3886=DIRECTION('',(0.869565217391309,0.493818117026103,1.06491026012814E-16));
#3887=CARTESIAN_POINT('',(-45.,168.999999999996,17.));
#3888=CARTESIAN_POINT('',(-45.,-42.0000000000035,17.));
#3889=CARTESIAN_POINT('',(-45.,168.999999999997,17.));
#3890=VECTOR('',#3891,1.);
#3891=DIRECTION('',(0.,-1.,0.));
#3892=CARTESIAN_POINT('',(-45.,-52.0000000000035,17.));
#3893=CARTESIAN_POINT('',(-45.,-52.0000000000035,17.));
#3894=VECTOR('',#3895,1.);
#3895=DIRECTION('',(-7.10542735760099E-16,1.,0.));
#3896=CARTESIAN_POINT('',(-38.,-59.0000000000035,17.));
#3897=AXIS2_PLACEMENT_3D('',#3898,#3899,#3900);
#3898=CARTESIAN_POINT('',(-38.,-52.0000000000035,17.));
#3899=DIRECTION('',(-1.22464679914735E-16,4.37905770101505E-47,1.));
#3900=DIRECTION('',(-1.,-5.36279899682965E-63,-1.22464679914735E-16));
#3901=CARTESIAN_POINT('',(38.,-59.0000000000035,17.));
#3902=CARTESIAN_POINT('',(38.,-59.0000000000035,17.));
#3903=VECTOR('',#3904,1.);
#3904=DIRECTION('',(-1.,9.34924652315921E-17,-1.86984930463184E-16));
#3905=CARTESIAN_POINT('',(45.,-52.0000000000034,17.));
#3906=AXIS2_PLACEMENT_3D('',#3907,#3908,#3909);
#3907=CARTESIAN_POINT('',(38.,-52.0000000000035,17.));
#3908=DIRECTION('',(-1.22464679914735E-16,0.,1.));
#3909=DIRECTION('',(1.01506105108585E-15,-1.,1.24309126715144E-31));
#3910=CARTESIAN_POINT('',(45.,178.999999999997,17.));
#3911=CARTESIAN_POINT('',(45.,178.999999999997,17.));
#3912=VECTOR('',#3913,1.);
#3913=DIRECTION('',(6.15188515809611E-17,-1.,0.));
#3914=CARTESIAN_POINT('',(38.,185.999999999997,17.));
#3915=AXIS2_PLACEMENT_3D('',#3916,#3917,#3918);
#3916=CARTESIAN_POINT('',(38.,178.999999999997,17.));
#3917=DIRECTION('',(-1.22464679914735E-16,0.,1.));
#3918=DIRECTION('',(1.,0.,1.22464679914735E-16));
#3919=CARTESIAN_POINT('',(-38.,185.999999999996,17.));
#3920=CARTESIAN_POINT('',(-38.,185.999999999997,17.));
#3921=VECTOR('',#3922,1.);
#3922=DIRECTION('',(1.,0.,1.86984930463184E-16));
#3923=CARTESIAN_POINT('',(-45.,178.999999999996,17.));
#3924=AXIS2_PLACEMENT_3D('',#3925,#3926,#3927);
#3925=CARTESIAN_POINT('',(-38.,178.999999999996,17.));
#3926=DIRECTION('',(-1.22464679914735E-16,0.,1.));
#3927=DIRECTION('',(0.,1.,0.));
#3928=CARTESIAN_POINT('',(-45.,168.999999999996,17.));
#3929=VECTOR('',#3930,1.);
#3930=DIRECTION('',(0.,1.,0.));
#3931=CARTESIAN_POINT('',(-35.7284366616799,182.999999999996,17.));
#3932=CARTESIAN_POINT('',(35.72843666168,182.999999999997,17.));
#3933=CARTESIAN_POINT('',(-35.7284366616799,182.999999999996,17.));
#3934=VECTOR('',#3935,1.);
#3935=DIRECTION('',(1.,3.97746334376944E-16,0.));
#3936=AXIS2_PLACEMENT_3D('',#3937,#3938,#3939);
#3937=CARTESIAN_POINT('',(38.,178.999999999997,17.));
#3938=DIRECTION('',(-1.22464679914735E-16,0.,1.));
#3939=DIRECTION('',(-0.49381811702612,0.869565217391299,-6.04752776377011E-17));
#3940=CARTESIAN_POINT('',(-35.7284366616798,-56.0000000000035,17.));
#3941=CARTESIAN_POINT('',(35.7284366616799,-56.0000000000035,17.));
#3942=VECTOR('',#3943,1.);
#3943=DIRECTION('',(-1.,0.,-4.9718291797118E-17));
#3944=CARTESIAN_POINT('',(-42.,-49.7284366616834,17.));
#3945=AXIS2_PLACEMENT_3D('',#3946,#3947,#3948);
#3946=CARTESIAN_POINT('',(-38.,-52.0000000000035,17.));
#3947=DIRECTION('',(-1.22464679914735E-16,0.,1.));
#3948=DIRECTION('',(0.493818117026109,-0.869565217391305,6.04752776376998E-17));
#3949=CARTESIAN_POINT('',(-42.,176.728436661677,17.));
#3950=CARTESIAN_POINT('',(-42.,-49.7284366616834,17.));
#3951=VECTOR('',#3952,1.);
#3952=DIRECTION('',(-6.27530288953085E-17,1.,1.56882572238271E-17));
#3953=AXIS2_PLACEMENT_3D('',#3954,#3955,#3956);
#3954=CARTESIAN_POINT('',(-38.,178.999999999997,17.));
#3955=DIRECTION('',(-1.22464679914735E-16,0.,1.));
#3956=DIRECTION('',(-0.869565217391304,-0.49381811702611,-1.06491026012813E-16));
#3957=CARTESIAN_POINT('',(38.,-49.4000000000035,17.));
#3958=AXIS2_PLACEMENT_3D('',#3959,#3960,#3961);
#3959=CARTESIAN_POINT('',(38.,-52.0000000000035,17.));
#3960=DIRECTION('',(-1.22464679914735E-16,0.,1.));
#3961=DIRECTION('',(6.12323399573677E-17,1.,7.49879891330929E-33));
#3962=CARTESIAN_POINT('',(-38.,-49.4000000000035,17.));
#3963=AXIS2_PLACEMENT_3D('',#3964,#3965,#3966);
#3964=CARTESIAN_POINT('',(-38.,-52.0000000000035,17.));
#3965=DIRECTION('',(-1.22464679914735E-16,0.,1.));
#3966=DIRECTION('',(6.12323399573677E-17,1.,7.49879891330929E-33));
#3967=CARTESIAN_POINT('',(38.,181.599999999996,17.));
#3968=AXIS2_PLACEMENT_3D('',#3969,#3970,#3971);
#3969=CARTESIAN_POINT('',(38.,178.999999999997,17.));
#3970=DIRECTION('',(-1.22464679914735E-16,0.,1.));
#3971=DIRECTION('',(6.12323399573677E-17,1.,7.49879891330929E-33));
#3972=CARTESIAN_POINT('',(-38.,181.599999999996,17.));
#3973=AXIS2_PLACEMENT_3D('',#3974,#3975,#3976);
#3974=CARTESIAN_POINT('',(-38.,178.999999999997,17.));
#3975=DIRECTION('',(-1.22464679914735E-16,0.,1.));
#3976=DIRECTION('',(6.12323399573677E-17,1.,7.49879891330929E-33));
#3977=CARTESIAN_POINT('',(35.7284366616803,182.999999999997,5.74044945861379E-15));
#3978=CARTESIAN_POINT('',(35.7284366616803,182.999999999997,3.96409261921354E-15));
#3979=VECTOR('',#3980,1.);
#3980=DIRECTION('',(0.,0.,1.));
#3981=AXIS2_PLACEMENT_3D('',#3982,#3983,#3984);
#3982=CARTESIAN_POINT('',(38.,178.999999999997,4.65365783675994E-15));
#3983=DIRECTION('',(-1.22464679914735E-16,0.,1.));
#3984=DIRECTION('',(-0.493818117026109,0.869565217391305,-6.04752776376998E-17));
#3985=CARTESIAN_POINT('',(-11.0000000000037,56.5000000000035,-1.34711147906254E-15));
#3986=CARTESIAN_POINT('',(42.,56.5000000000035,5.14351655641888E-15));
#3987=VECTOR('',#3988,1.);
#3988=DIRECTION('',(-1.,1.34064667124538E-16,-1.22464679914735E-16));
#3989=CARTESIAN_POINT('',(-35.7284366616799,182.999999999996,-3.96409261921351E-15));
#3990=CARTESIAN_POINT('',(-35.7284366616799,182.999999999996,-3.96409261921351E-15));
#3991=VECTOR('',#3992,1.);
#3992=DIRECTION('',(1.,3.97746334376942E-16,1.35809777653044E-16));
#3993=CARTESIAN_POINT('',(-42.,176.728436661677,-4.34811511760969E-15));
#3994=AXIS2_PLACEMENT_3D('',#3995,#3996,#3997);
#3995=CARTESIAN_POINT('',(-38.,178.999999999997,-4.65365783675994E-15));
#3996=DIRECTION('',(-1.22464679914735E-16,0.,1.));
#3997=DIRECTION('',(-0.869565217391304,-0.49381811702611,-1.06491026012813E-16));
#3998=CARTESIAN_POINT('',(-42.,56.5000000000035,-4.34811511760969E-15));
#3999=CARTESIAN_POINT('',(-42.,56.5000000000035,-4.34811511760969E-15));
#4000=VECTOR('',#4001,1.);
#4001=DIRECTION('',(-1.18198781501183E-16,1.,-6.56135043526259E-33));
#4002=CARTESIAN_POINT('',(-27.,56.5000000000035,-3.45636296217955E-15));
#4003=CARTESIAN_POINT('',(-27.,56.5000000000035,-3.30654635769785E-15));
#4004=VECTOR('',#4005,1.);
#4005=DIRECTION('',(-1.,0.,-1.22464679914735E-16));
#4006=CARTESIAN_POINT('',(-27.,70.0000000000034,-3.30654635769785E-15));
#4007=CARTESIAN_POINT('',(-27.,70.0000000000034,-3.30654635769785E-15));
#4008=VECTOR('',#4009,1.);
#4009=DIRECTION('',(0.,-1.,0.));
#4010=CARTESIAN_POINT('',(-11.0000000000037,70.0000000000034,-1.19729487458085E-15));
#4011=CARTESIAN_POINT('',(-11.0000000000037,70.0000000000034,-1.34711147906254E-15));
#4012=VECTOR('',#4013,1.);
#4013=DIRECTION('',(-1.,0.,-1.22464679914735E-16));
#4014=CARTESIAN_POINT('',(-11.0000000000037,56.5000000000035,-1.34711147906254E-15));
#4015=VECTOR('',#4016,1.);
#4016=DIRECTION('',(0.,1.,1.46085352818707E-32));
#4017=CARTESIAN_POINT('',(-11.0000000000037,56.5000000000035,14.));
#4018=CARTESIAN_POINT('',(-11.0000000000037,56.5000000000035,-1.27220317682169E-15));
#4019=VECTOR('',#4020,1.);
#4020=DIRECTION('',(-2.53765262771464E-16,0.,1.));
#4021=CARTESIAN_POINT('',(-11.0000000000037,56.5000000000035,14.));
#4022=VECTOR('',#4023,1.);
#4023=DIRECTION('',(1.,1.34064667124538E-16,1.67580833905672E-16));
#4024=CARTESIAN_POINT('',(-11.0000000000037,70.0000000000034,14.));
#4025=CARTESIAN_POINT('',(-11.0000000000037,70.0000000000034,14.));
#4026=VECTOR('',#4027,1.);
#4027=DIRECTION('',(-2.63163976207446E-16,-1.,5.26327952414892E-16));
#4028=CARTESIAN_POINT('',(-27.,70.0000000000034,14.));
#4029=CARTESIAN_POINT('',(-27.,70.0000000000034,14.));
#4030=VECTOR('',#4031,1.);
#4031=DIRECTION('',(1.,8.8817841970033E-16,1.11022302462541E-16));
#4032=CARTESIAN_POINT('',(-27.,56.5000000000035,14.));
#4033=CARTESIAN_POINT('',(-27.,56.5000000000035,14.));
#4034=VECTOR('',#4035,1.);
#4035=DIRECTION('',(0.,1.,-5.26327952414892E-16));
#4036=CARTESIAN_POINT('',(-42.,56.5000000000035,14.));
#4037=CARTESIAN_POINT('',(-42.,56.5000000000035,14.));
#4038=VECTOR('',#4039,1.);
#4039=DIRECTION('',(1.,0.,2.368475785867E-16));
#4040=CARTESIAN_POINT('',(-42.,54.5000000000035,14.));
#4041=CARTESIAN_POINT('',(-42.,56.5000000000035,14.));
#4042=VECTOR('',#4043,1.);
#4043=DIRECTION('',(0.,-1.,8.88178419700125E-16));
#4044=CARTESIAN_POINT('',(-25.,54.5000000000035,14.));
#4045=CARTESIAN_POINT('',(-42.,54.5000000000035,14.));
#4046=VECTOR('',#4047,1.);
#4047=DIRECTION('',(1.,0.,1.0449157878825E-16));
#4048=CARTESIAN_POINT('',(-25.,68.0000000000034,14.));
#4049=CARTESIAN_POINT('',(-25.,54.5000000000035,14.));
#4050=VECTOR('',#4051,1.);
#4051=DIRECTION('',(2.63163976207446E-16,1.,-5.26327952414892E-16));
#4052=CARTESIAN_POINT('',(-13.0000000000037,68.0000000000034,14.));
#4053=CARTESIAN_POINT('',(-25.,68.0000000000034,14.));
#4054=VECTOR('',#4055,1.);
#4055=DIRECTION('',(1.,1.18423789293386E-15,2.96059473233466E-16));
#4056=CARTESIAN_POINT('',(-13.0000000000037,54.5000000000035,14.));
#4057=CARTESIAN_POINT('',(-13.0000000000037,68.0000000000034,14.));
#4058=VECTOR('',#4059,1.);
#4059=DIRECTION('',(-2.63163976207446E-16,-1.,5.26327952414892E-16));
#4060=CARTESIAN_POINT('',(-13.0000000000037,54.5000000000035,14.));
#4061=VECTOR('',#4062,1.);
#4062=DIRECTION('',(1.,1.2918958832001E-16,1.2918958832001E-16));
#4063=CARTESIAN_POINT('',(-13.0000000000037,54.5000000000035,-1.59204083889201E-15));
#4064=VECTOR('',#4065,1.);
#4065=DIRECTION('',(-2.53765262771464E-16,0.,1.));
#4066=CARTESIAN_POINT('',(-13.0000000000037,68.0000000000034,-1.59204083889201E-15));
#4067=VECTOR('',#4068,1.);
#4068=DIRECTION('',(-1.26882631385732E-16,0.,1.));
#4069=CARTESIAN_POINT('',(-25.,68.0000000000034,-3.06161699786838E-15));
#4070=VECTOR('',#4071,1.);
#4071=DIRECTION('',(0.,0.,1.));
#4072=CARTESIAN_POINT('',(-25.,54.5000000000035,-3.06161699786838E-15));
#4073=VECTOR('',#4074,1.);
#4074=DIRECTION('',(0.,0.,1.));
#4075=CARTESIAN_POINT('',(-42.,54.5000000000035,-3.5527136788005E-15));
#4076=VECTOR('',#4077,1.);
#4077=DIRECTION('',(0.,0.,1.));
#4078=CARTESIAN_POINT('',(-42.,-41.0000000000035,15.));
#4079=CARTESIAN_POINT('',(-42.,-41.0000000000035,-3.5527136788005E-15));
#4080=VECTOR('',#4081,1.);
#4081=DIRECTION('',(0.,0.,1.));
#4082=CARTESIAN_POINT('',(-42.,-39.0000000000035,15.));
#4083=CARTESIAN_POINT('',(-42.,-41.0000000000035,15.));
#4084=VECTOR('',#4085,1.);
#4085=DIRECTION('',(0.,1.,0.));
#4086=CARTESIAN_POINT('',(-42.,-39.0000000000035,15.));
#4087=VECTOR('',#4088,1.);
#4088=DIRECTION('',(0.,0.,-1.));
#4089=CARTESIAN_POINT('',(-42.,-21.0000000000035,15.));
#4090=CARTESIAN_POINT('',(-42.,-21.0000000000035,-3.5527136788005E-15));
#4091=VECTOR('',#4092,1.);
#4092=DIRECTION('',(0.,0.,1.));
#4093=CARTESIAN_POINT('',(-42.,-19.0000000000035,15.));
#4094=CARTESIAN_POINT('',(-42.,-21.0000000000035,15.));
#4095=VECTOR('',#4096,1.);
#4096=DIRECTION('',(0.,1.,0.));
#4097=CARTESIAN_POINT('',(-42.,-19.0000000000035,15.));
#4098=VECTOR('',#4099,1.);
#4099=DIRECTION('',(0.,0.,-1.));
#4100=CARTESIAN_POINT('',(-42.,-1.0000000000035,15.));
#4101=CARTESIAN_POINT('',(-42.,-1.0000000000035,-3.5527136788005E-15));
#4102=VECTOR('',#4103,1.);
#4103=DIRECTION('',(0.,0.,1.));
#4104=CARTESIAN_POINT('',(-42.,0.999999999996504,15.));
#4105=CARTESIAN_POINT('',(-42.,-1.00000000000349,15.));
#4106=VECTOR('',#4107,1.);
#4107=DIRECTION('',(0.,1.,0.));
#4108=CARTESIAN_POINT('',(-42.,0.999999999996504,15.));
#4109=VECTOR('',#4110,1.);
#4110=DIRECTION('',(0.,0.,-1.));
#4111=CARTESIAN_POINT('',(-42.,18.9999999999965,15.));
#4112=CARTESIAN_POINT('',(-42.,18.9999999999965,-3.5527136788005E-15));
#4113=VECTOR('',#4114,1.);
#4114=DIRECTION('',(0.,0.,1.));
#4115=CARTESIAN_POINT('',(-42.,20.9999999999965,15.));
#4116=CARTESIAN_POINT('',(-42.,18.9999999999965,15.));
#4117=VECTOR('',#4118,1.);
#4118=DIRECTION('',(0.,1.,0.));
#4119=CARTESIAN_POINT('',(-42.,20.9999999999965,15.));
#4120=VECTOR('',#4121,1.);
#4121=DIRECTION('',(0.,0.,-1.));
#4122=CARTESIAN_POINT('',(-42.,38.9999999999965,15.));
#4123=CARTESIAN_POINT('',(-42.,38.9999999999965,-3.5527136788005E-15));
#4124=VECTOR('',#4125,1.);
#4125=DIRECTION('',(0.,0.,1.));
#4126=CARTESIAN_POINT('',(-42.,40.9999999999965,15.));
#4127=CARTESIAN_POINT('',(-42.,38.9999999999965,15.));
#4128=VECTOR('',#4129,1.);
#4129=DIRECTION('',(0.,1.,0.));
#4130=CARTESIAN_POINT('',(-42.,40.9999999999965,15.));
#4131=VECTOR('',#4132,1.);
#4132=DIRECTION('',(0.,0.,-1.));
#4133=CARTESIAN_POINT('',(-42.,56.5000000000035,-3.5527136788005E-15));
#4134=VECTOR('',#4135,1.);
#4135=DIRECTION('',(0.,0.,1.));
#4136=CARTESIAN_POINT('',(-42.0000000000001,176.728436661677,-4.34811511760971E-15));
#4137=VECTOR('',#4138,1.);
#4138=DIRECTION('',(0.,0.,1.));
#4139=CARTESIAN_POINT('',(-42.,-49.7284366616834,-4.34811511760969E-15));
#4140=VECTOR('',#4141,1.);
#4141=DIRECTION('',(0.,0.,1.));
#4142=CARTESIAN_POINT('',(-36.,40.9999999999965,10.));
#4143=CARTESIAN_POINT('',(-41.,40.9999999999965,15.));
#4144=AXIS2_PLACEMENT_3D('',#4145,#4146,#4147);
#4145=CARTESIAN_POINT('',(-41.,40.9999999999965,10.));
#4146=DIRECTION('',(0.,1.,0.));
#4147=DIRECTION('',(-1.4210854715202E-15,0.,1.));
#4148=CARTESIAN_POINT('',(-36.,40.9999999999965,-4.40872847693047E-15));
#4149=VECTOR('',#4150,1.);
#4150=DIRECTION('',(0.,0.,1.));
#4151=CARTESIAN_POINT('',(-41.,40.9999999999965,15.));
#4152=VECTOR('',#4153,1.);
#4153=DIRECTION('',(-1.,0.,0.));
#4154=CARTESIAN_POINT('',(-36.,38.9999999999965,10.));
#4155=CARTESIAN_POINT('',(-36.,38.9999999999965,10.));
#4156=VECTOR('',#4157,1.);
#4157=DIRECTION('',(0.,1.,0.));
#4158=CARTESIAN_POINT('',(-36.,38.9999999999965,-4.40872847693047E-15));
#4159=VECTOR('',#4160,1.);
#4160=DIRECTION('',(0.,0.,1.));
#4161=CARTESIAN_POINT('',(-41.,38.9999999999965,15.));
#4162=AXIS2_PLACEMENT_3D('',#4163,#4164,#4165);
#4163=CARTESIAN_POINT('',(-41.,38.9999999999965,10.));
#4164=DIRECTION('',(0.,-1.,0.));
#4165=DIRECTION('',(1.,0.,0.));
#4166=CARTESIAN_POINT('',(-42.,38.9999999999965,15.));
#4167=VECTOR('',#4168,1.);
#4168=DIRECTION('',(1.,0.,0.));
#4169=CARTESIAN_POINT('',(-36.,20.9999999999965,10.));
#4170=CARTESIAN_POINT('',(-41.,20.9999999999965,15.));
#4171=AXIS2_PLACEMENT_3D('',#4172,#4173,#4174);
#4172=CARTESIAN_POINT('',(-41.,20.9999999999965,9.99999999999999));
#4173=DIRECTION('',(0.,1.,0.));
#4174=DIRECTION('',(0.,0.,1.));
#4175=CARTESIAN_POINT('',(-36.,20.9999999999965,-4.40872847693047E-15));
#4176=VECTOR('',#4177,1.);
#4177=DIRECTION('',(0.,0.,1.));
#4178=CARTESIAN_POINT('',(-41.,20.9999999999965,15.));
#4179=VECTOR('',#4180,1.);
#4180=DIRECTION('',(-1.,0.,0.));
#4181=CARTESIAN_POINT('',(-36.,18.9999999999965,10.));
#4182=CARTESIAN_POINT('',(-36.,18.9999999999965,10.));
#4183=VECTOR('',#4184,1.);
#4184=DIRECTION('',(0.,1.,0.));
#4185=CARTESIAN_POINT('',(-36.,18.9999999999965,-4.40872847693047E-15));
#4186=VECTOR('',#4187,1.);
#4187=DIRECTION('',(0.,0.,1.));
#4188=CARTESIAN_POINT('',(-41.,18.9999999999965,15.));
#4189=AXIS2_PLACEMENT_3D('',#4190,#4191,#4192);
#4190=CARTESIAN_POINT('',(-41.,18.9999999999965,9.99999999999999));
#4191=DIRECTION('',(0.,-1.,0.));
#4192=DIRECTION('',(1.,0.,0.));
#4193=CARTESIAN_POINT('',(-42.,18.9999999999965,15.));
#4194=VECTOR('',#4195,1.);
#4195=DIRECTION('',(1.,0.,0.));
#4196=CARTESIAN_POINT('',(-36.,0.999999999996504,10.));
#4197=CARTESIAN_POINT('',(-41.,0.999999999996504,15.));
#4198=AXIS2_PLACEMENT_3D('',#4199,#4200,#4201);
#4199=CARTESIAN_POINT('',(-41.,0.999999999996504,9.99999999999999));
#4200=DIRECTION('',(0.,1.,0.));
#4201=DIRECTION('',(0.,0.,1.));
#4202=CARTESIAN_POINT('',(-36.,0.999999999996504,-4.40872847693047E-15));
#4203=VECTOR('',#4204,1.);
#4204=DIRECTION('',(0.,0.,1.));
#4205=CARTESIAN_POINT('',(-41.,0.999999999996506,15.));
#4206=VECTOR('',#4207,1.);
#4207=DIRECTION('',(-1.,0.,0.));
#4208=CARTESIAN_POINT('',(-36.,-1.0000000000035,10.));
#4209=CARTESIAN_POINT('',(-36.,-1.00000000000349,10.));
#4210=VECTOR('',#4211,1.);
#4211=DIRECTION('',(0.,1.,0.));
#4212=CARTESIAN_POINT('',(-36.,-1.0000000000035,-4.40872847693047E-15));
#4213=VECTOR('',#4214,1.);
#4214=DIRECTION('',(0.,0.,1.));
#4215=CARTESIAN_POINT('',(-41.,-1.0000000000035,15.));
#4216=AXIS2_PLACEMENT_3D('',#4217,#4218,#4219);
#4217=CARTESIAN_POINT('',(-41.,-1.0000000000035,9.99999999999999));
#4218=DIRECTION('',(0.,-1.,0.));
#4219=DIRECTION('',(1.,0.,0.));
#4220=CARTESIAN_POINT('',(-42.,-1.00000000000349,15.));
#4221=VECTOR('',#4222,1.);
#4222=DIRECTION('',(1.,0.,0.));
#4223=CARTESIAN_POINT('',(-36.,-19.0000000000035,10.));
#4224=CARTESIAN_POINT('',(-41.,-19.0000000000035,15.));
#4225=AXIS2_PLACEMENT_3D('',#4226,#4227,#4228);
#4226=CARTESIAN_POINT('',(-41.,-19.0000000000035,10.));
#4227=DIRECTION('',(0.,1.,0.));
#4228=DIRECTION('',(-1.4210854715202E-15,0.,1.));
#4229=CARTESIAN_POINT('',(-36.,-19.0000000000035,-4.40872847693047E-15));
#4230=VECTOR('',#4231,1.);
#4231=DIRECTION('',(0.,0.,1.));
#4232=CARTESIAN_POINT('',(-41.,-19.0000000000035,15.));
#4233=VECTOR('',#4234,1.);
#4234=DIRECTION('',(-1.,0.,0.));
#4235=CARTESIAN_POINT('',(-36.,-21.0000000000035,10.));
#4236=CARTESIAN_POINT('',(-36.,-21.0000000000035,10.));
#4237=VECTOR('',#4238,1.);
#4238=DIRECTION('',(0.,1.,0.));
#4239=CARTESIAN_POINT('',(-36.,-21.0000000000035,-4.40872847693047E-15));
#4240=VECTOR('',#4241,1.);
#4241=DIRECTION('',(0.,0.,1.));
#4242=CARTESIAN_POINT('',(-41.,-21.0000000000035,15.));
#4243=AXIS2_PLACEMENT_3D('',#4244,#4245,#4246);
#4244=CARTESIAN_POINT('',(-41.,-21.0000000000035,10.));
#4245=DIRECTION('',(0.,-1.,0.));
#4246=DIRECTION('',(1.,0.,0.));
#4247=CARTESIAN_POINT('',(-42.,-21.0000000000035,15.));
#4248=VECTOR('',#4249,1.);
#4249=DIRECTION('',(1.,0.,0.));
#4250=CARTESIAN_POINT('',(-36.,-39.0000000000035,10.));
#4251=CARTESIAN_POINT('',(-41.,-39.0000000000035,15.));
#4252=AXIS2_PLACEMENT_3D('',#4253,#4254,#4255);
#4253=CARTESIAN_POINT('',(-41.,-39.0000000000035,10.));
#4254=DIRECTION('',(0.,1.,0.));
#4255=DIRECTION('',(-1.4210854715202E-15,0.,1.));
#4256=CARTESIAN_POINT('',(-36.,-39.0000000000035,-4.40872847693047E-15));
#4257=VECTOR('',#4258,1.);
#4258=DIRECTION('',(0.,0.,1.));
#4259=CARTESIAN_POINT('',(-41.,-39.0000000000035,15.));
#4260=VECTOR('',#4261,1.);
#4261=DIRECTION('',(-1.,0.,0.));
#4262=CARTESIAN_POINT('',(-36.,-41.0000000000035,10.));
#4263=CARTESIAN_POINT('',(-36.,-41.0000000000035,10.));
#4264=VECTOR('',#4265,1.);
#4265=DIRECTION('',(0.,1.,0.));
#4266=CARTESIAN_POINT('',(-36.,-41.0000000000035,-4.40872847693047E-15));
#4267=VECTOR('',#4268,1.);
#4268=DIRECTION('',(0.,0.,1.));
#4269=CARTESIAN_POINT('',(-41.,-41.0000000000035,15.));
#4270=AXIS2_PLACEMENT_3D('',#4271,#4272,#4273);
#4271=CARTESIAN_POINT('',(-41.,-41.0000000000035,10.));
#4272=DIRECTION('',(0.,-1.,0.));
#4273=DIRECTION('',(1.,0.,0.));
#4274=CARTESIAN_POINT('',(-42.,-41.0000000000035,15.));
#4275=VECTOR('',#4276,1.);
#4276=DIRECTION('',(1.,0.,0.));
#4277=CARTESIAN_POINT('',(-35.7284366616796,-56.0000000000034,-3.9640926192135E-15));
#4278=VECTOR('',#4279,1.);
#4279=DIRECTION('',(-4.17966315153E-16,0.,1.));
#4280=CARTESIAN_POINT('',(-30.,-56.0000000000035,12.));
#4281=CARTESIAN_POINT('',(-30.,-56.0000000000035,12.));
#4282=VECTOR('',#4283,1.);
#4283=DIRECTION('',(0.,0.,-1.));
#4284=CARTESIAN_POINT('',(26.,-56.0000000000035,12.));
#4285=CARTESIAN_POINT('',(26.,-56.0000000000035,3.5527136788005E-15));
#4286=VECTOR('',#4287,1.);
#4287=DIRECTION('',(0.,0.,1.));
#4288=CARTESIAN_POINT('',(24.,-56.0000000000035,12.));
#4289=CARTESIAN_POINT('',(26.,-56.0000000000035,12.));
#4290=VECTOR('',#4291,1.);
#4291=DIRECTION('',(-1.,0.,0.));
#4292=CARTESIAN_POINT('',(24.,-56.0000000000035,12.));
#4293=VECTOR('',#4294,1.);
#4294=DIRECTION('',(0.,0.,-1.));
#4295=CARTESIAN_POINT('',(8.00000000000001,-56.0000000000035,12.));
#4296=CARTESIAN_POINT('',(8.00000000000001,-56.0000000000035,0.));
#4297=VECTOR('',#4298,1.);
#4298=DIRECTION('',(-1.48029736616688E-16,0.,1.));
#4299=CARTESIAN_POINT('',(6.00000000000001,-56.0000000000035,12.));
#4300=CARTESIAN_POINT('',(8.00000000000001,-56.0000000000035,12.));
#4301=VECTOR('',#4302,1.);
#4302=DIRECTION('',(-1.,0.,0.));
#4303=CARTESIAN_POINT('',(6.00000000000001,-56.0000000000035,12.));
#4304=VECTOR('',#4305,1.);
#4305=DIRECTION('',(1.48029736616688E-16,0.,-1.));
#4306=CARTESIAN_POINT('',(-9.99999999999999,-56.0000000000035,12.));
#4307=CARTESIAN_POINT('',(-9.99999999999999,-56.0000000000035,0.));
#4308=VECTOR('',#4309,1.);
#4309=DIRECTION('',(-1.48029736616688E-16,0.,1.));
#4310=CARTESIAN_POINT('',(-12.,-56.0000000000035,12.));
#4311=CARTESIAN_POINT('',(-9.99999999999999,-56.0000000000035,12.));
#4312=VECTOR('',#4313,1.);
#4313=DIRECTION('',(-1.,0.,-8.88178419700125E-16));
#4314=CARTESIAN_POINT('',(-12.,-56.0000000000035,12.));
#4315=VECTOR('',#4316,1.);
#4316=DIRECTION('',(1.48029736616688E-16,0.,-1.));
#4317=CARTESIAN_POINT('',(-28.,-56.0000000000035,12.));
#4318=CARTESIAN_POINT('',(-28.,-56.0000000000035,-3.5527136788005E-15));
#4319=VECTOR('',#4320,1.);
#4320=DIRECTION('',(0.,0.,1.));
#4321=CARTESIAN_POINT('',(-28.,-56.0000000000035,12.));
#4322=VECTOR('',#4323,1.);
#4323=DIRECTION('',(-1.,0.,0.));
#4324=CARTESIAN_POINT('',(-30.,-54.0000000000035,9.99999999999999));
#4325=AXIS2_PLACEMENT_3D('',#4326,#4327,#4328);
#4326=CARTESIAN_POINT('',(-30.,-56.0000000000035,10.));
#4327=DIRECTION('',(-1.,0.,0.));
#4328=DIRECTION('',(0.,-7.10542735760101E-15,1.));
#4329=CARTESIAN_POINT('',(-30.,-54.0000000000035,-3.67394039744206E-15));
#4330=VECTOR('',#4331,1.);
#4331=DIRECTION('',(0.,0.,1.));
#4332=CARTESIAN_POINT('',(-28.,-54.0000000000035,9.99999999999999));
#4333=CARTESIAN_POINT('',(-28.,-54.0000000000035,9.99999999999999));
#4334=VECTOR('',#4335,1.);
#4335=DIRECTION('',(-1.,0.,0.));
#4336=CARTESIAN_POINT('',(-28.,-54.0000000000035,-3.42901103761259E-15));
#4337=VECTOR('',#4338,1.);
#4338=DIRECTION('',(0.,0.,1.));
#4339=AXIS2_PLACEMENT_3D('',#4340,#4341,#4342);
#4340=CARTESIAN_POINT('',(-28.,-56.0000000000035,10.));
#4341=DIRECTION('',(1.,0.,0.));
#4342=DIRECTION('',(0.,1.,0.));
#4343=CARTESIAN_POINT('',(-12.,-54.0000000000035,10.));
#4344=AXIS2_PLACEMENT_3D('',#4345,#4346,#4347);
#4345=CARTESIAN_POINT('',(-12.,-56.0000000000035,10.));
#4346=DIRECTION('',(-1.,0.,0.));
#4347=DIRECTION('',(0.,7.10542735760101E-15,1.));
#4348=CARTESIAN_POINT('',(-12.,-54.0000000000035,-1.46957615897682E-15));
#4349=VECTOR('',#4350,1.);
#4350=DIRECTION('',(0.,0.,1.));
#4351=CARTESIAN_POINT('',(-9.99999999999999,-54.0000000000035,10.));
#4352=CARTESIAN_POINT('',(-9.99999999999999,-54.0000000000035,10.));
#4353=VECTOR('',#4354,1.);
#4354=DIRECTION('',(-1.,0.,0.));
#4355=CARTESIAN_POINT('',(-9.99999999999999,-54.0000000000035,-1.22464679914735E-15));
#4356=VECTOR('',#4357,1.);
#4357=DIRECTION('',(0.,0.,1.));
#4358=AXIS2_PLACEMENT_3D('',#4359,#4360,#4361);
#4359=CARTESIAN_POINT('',(-9.99999999999999,-56.0000000000035,10.));
#4360=DIRECTION('',(1.,0.,0.));
#4361=DIRECTION('',(0.,1.,0.));
#4362=CARTESIAN_POINT('',(6.00000000000001,-54.0000000000035,9.99999999999999));
#4363=AXIS2_PLACEMENT_3D('',#4364,#4365,#4366);
#4364=CARTESIAN_POINT('',(6.00000000000001,-56.0000000000035,10.));
#4365=DIRECTION('',(-1.,7.29842950169176E-48,-1.48029736616688E-16));
#4366=DIRECTION('',(-1.48029736616688E-16,-7.105427357601E-15,1.));
#4367=CARTESIAN_POINT('',(6.00000000000001,-54.0000000000035,7.34788079488413E-16));
#4368=VECTOR('',#4369,1.);
#4369=DIRECTION('',(-8.88178419700125E-17,0.,1.));
#4370=CARTESIAN_POINT('',(8.00000000000001,-54.0000000000035,10.));
#4371=CARTESIAN_POINT('',(8.00000000000001,-54.0000000000035,9.99999999999999));
#4372=VECTOR('',#4373,1.);
#4373=DIRECTION('',(-1.,0.,-8.88178419700125E-16));
#4374=CARTESIAN_POINT('',(8.00000000000001,-54.0000000000035,9.79717439317884E-16));
#4375=VECTOR('',#4376,1.);
#4376=DIRECTION('',(0.,0.,1.));
#4377=AXIS2_PLACEMENT_3D('',#4378,#4379,#4380);
#4378=CARTESIAN_POINT('',(8.00000000000001,-56.0000000000035,10.));
#4379=DIRECTION('',(1.,0.,0.));
#4380=DIRECTION('',(0.,1.,0.));
#4381=CARTESIAN_POINT('',(24.,-54.0000000000035,10.));
#4382=AXIS2_PLACEMENT_3D('',#4383,#4384,#4385);
#4383=CARTESIAN_POINT('',(24.,-56.0000000000035,10.));
#4384=DIRECTION('',(-1.,0.,0.));
#4385=DIRECTION('',(0.,-7.105427357601E-15,1.));
#4386=CARTESIAN_POINT('',(24.,-54.0000000000035,2.93915231795365E-15));
#4387=VECTOR('',#4388,1.);
#4388=DIRECTION('',(0.,0.,1.));
#4389=CARTESIAN_POINT('',(26.,-54.0000000000035,10.));
#4390=CARTESIAN_POINT('',(26.,-54.0000000000035,10.));
#4391=VECTOR('',#4392,1.);
#4392=DIRECTION('',(-1.,0.,0.));
#4393=CARTESIAN_POINT('',(26.,-54.0000000000035,3.18408167778312E-15));
#4394=VECTOR('',#4395,1.);
#4395=DIRECTION('',(0.,0.,1.));
#4396=AXIS2_PLACEMENT_3D('',#4397,#4398,#4399);
#4397=CARTESIAN_POINT('',(26.,-56.0000000000035,10.));
#4398=DIRECTION('',(1.,0.,0.));
#4399=DIRECTION('',(0.,1.,0.));
#4400=CARTESIAN_POINT('',(-45.,-42.0000000000035,12.7109861591944));
#4401=CARTESIAN_POINT('',(-45.,-52.0000000000035,12.7109861591944));
#4402=CARTESIAN_POINT('',(-45.,-42.0000000000035,12.7109861591944));
#4403=VECTOR('',#4404,1.);
#4404=DIRECTION('',(0.,-1.,-1.77635683940025E-16));
#4405=CARTESIAN_POINT('',(-45.,-42.0000000000035,17.));
#4406=VECTOR('',#4407,1.);
#4407=DIRECTION('',(0.,0.,-1.));
#4408=CARTESIAN_POINT('',(-45.,168.999999999996,12.7109861591944));
#4409=CARTESIAN_POINT('',(-45.,168.999999999996,17.));
#4410=VECTOR('',#4411,1.);
#4411=DIRECTION('',(0.,0.,-1.));
#4412=CARTESIAN_POINT('',(-45.,178.999999999996,12.7109861591944));
#4413=CARTESIAN_POINT('',(-45.,178.999999999996,12.7109861591944));
#4414=VECTOR('',#4415,1.);
#4415=DIRECTION('',(0.,-1.,-3.55271367880052E-16));
#4416=CARTESIAN_POINT('',(-45.,178.999999999996,-3.));
#4417=CARTESIAN_POINT('',(-45.,178.999999999996,12.7109861591945));
#4418=VECTOR('',#4419,1.);
#4419=DIRECTION('',(0.,0.,-1.));
#4420=CARTESIAN_POINT('',(-45.,-52.0000000000035,-3.00000000000001));
#4421=CARTESIAN_POINT('',(-45.,-52.0000000000035,-3.00000000000001));
#4422=VECTOR('',#4423,1.);
#4423=DIRECTION('',(-9.22782773714416E-17,1.,0.));
#4424=CARTESIAN_POINT('',(-45.,-52.0000000000035,12.7109861591944));
#4425=VECTOR('',#4426,1.);
#4426=DIRECTION('',(0.,0.,-1.));
#4427=CARTESIAN_POINT('',(-48.2855752193649,-42.0000000000035,15.4679111137505));
#4428=AXIS2_PLACEMENT_3D('',#4429,#4430,#4431);
#4429=CARTESIAN_POINT('',(-47.,-42.0000000000035,17.));
#4430=DIRECTION('',(1.22464679914735E-16,1.,0.));
#4431=DIRECTION('',(-0.642787609681282,7.8718778872776E-17,-0.76604444312339));
#4432=CARTESIAN_POINT('',(-48.2855752193649,-52.0000000000035,15.4679111137505));
#4433=CARTESIAN_POINT('',(-48.2855752193649,-52.0000000000035,15.4679111137505));
#4434=VECTOR('',#4435,1.);
#4435=DIRECTION('',(0.,1.,-1.77635683940025E-16));
#4436=AXIS2_PLACEMENT_3D('',#4437,#4438,#4439);
#4437=CARTESIAN_POINT('',(-47.,-52.0000000000035,17.));
#4438=DIRECTION('',(1.22464679914735E-16,1.,0.));
#4439=DIRECTION('',(-0.642787609681282,7.8718778872776E-17,-0.766044443123389));
#4440=CARTESIAN_POINT('',(-45.,-52.0000000000035,17.));
#4441=VECTOR('',#4442,1.);
#4442=DIRECTION('',(0.,0.,-1.));
#4443=CARTESIAN_POINT('',(-38.,-59.0000000000035,-3.00000000000001));
#4444=AXIS2_PLACEMENT_3D('',#4445,#4446,#4447);
#4445=CARTESIAN_POINT('',(-38.,-52.0000000000035,-3.));
#4446=DIRECTION('',(1.22464679914735E-16,0.,-1.));
#4447=DIRECTION('',(-3.04518315325757E-15,-1.,-3.72927380145433E-31));
#4448=CARTESIAN_POINT('',(-38.,-59.0000000000035,17.));
#4449=VECTOR('',#4450,1.);
#4450=DIRECTION('',(7.105427357601E-16,0.,-1.));
#4451=CARTESIAN_POINT('',(38.,-59.0000000000035,-3.));
#4452=CARTESIAN_POINT('',(38.,-59.0000000000035,-2.99999999999999));
#4453=VECTOR('',#4454,1.);
#4454=DIRECTION('',(-1.,9.34924652315921E-17,-1.51925256001337E-16));
#4455=CARTESIAN_POINT('',(38.,-59.0000000000035,17.));
#4456=VECTOR('',#4457,1.);
#4457=DIRECTION('',(7.105427357601E-16,0.,-1.));
#4458=CARTESIAN_POINT('',(45.,-52.0000000000034,-3.));
#4459=CARTESIAN_POINT('',(45.,-52.0000000000035,17.));
#4460=VECTOR('',#4461,1.);
#4461=DIRECTION('',(3.5527136788005E-16,0.,-1.));
#4462=AXIS2_PLACEMENT_3D('',#4463,#4464,#4465);
#4463=CARTESIAN_POINT('',(38.,-52.0000000000035,-3.));
#4464=DIRECTION('',(1.22464679914735E-16,0.,-1.));
#4465=DIRECTION('',(1.,4.06024420434342E-15,1.22464679914735E-16));
#4466=CARTESIAN_POINT('',(45.,178.999999999997,-3.));
#4467=CARTESIAN_POINT('',(45.,178.999999999997,17.));
#4468=VECTOR('',#4469,1.);
#4469=DIRECTION('',(0.,0.,-1.));
#4470=CARTESIAN_POINT('',(45.,178.999999999997,-2.99999999999999));
#4471=VECTOR('',#4472,1.);
#4472=DIRECTION('',(9.22782773714416E-17,-1.,0.));
#4473=CARTESIAN_POINT('',(38.,185.999999999997,-2.99999999999999));
#4474=CARTESIAN_POINT('',(38.,185.999999999997,17.));
#4475=VECTOR('',#4476,1.);
#4476=DIRECTION('',(-7.105427357601E-16,0.,-1.));
#4477=AXIS2_PLACEMENT_3D('',#4478,#4479,#4480);
#4478=CARTESIAN_POINT('',(38.,178.999999999997,-3.));
#4479=DIRECTION('',(1.22464679914735E-16,0.,-1.));
#4480=DIRECTION('',(0.,1.,0.));
#4481=CARTESIAN_POINT('',(-38.,185.999999999996,-3.));
#4482=CARTESIAN_POINT('',(-38.,185.999999999996,17.));
#4483=VECTOR('',#4484,1.);
#4484=DIRECTION('',(0.,0.,-1.));
#4485=CARTESIAN_POINT('',(-38.,185.999999999997,-3.00000000000001));
#4486=VECTOR('',#4487,1.);
#4487=DIRECTION('',(1.,0.,1.51925256001337E-16));
#4488=CARTESIAN_POINT('',(-45.,178.999999999996,17.));
#4489=VECTOR('',#4490,1.);
#4490=DIRECTION('',(0.,0.,-1.));
#4491=AXIS2_PLACEMENT_3D('',#4492,#4493,#4494);
#4492=CARTESIAN_POINT('',(-38.,178.999999999996,-3.));
#4493=DIRECTION('',(1.22464679914735E-16,0.,-1.));
#4494=DIRECTION('',(-1.,-4.06024420434343E-15,-1.22464679914735E-16));
#4495=CARTESIAN_POINT('',(-48.2855752193648,168.999999999996,15.4679111137505));
#4496=AXIS2_PLACEMENT_3D('',#4497,#4498,#4499);
#4497=CARTESIAN_POINT('',(-47.,168.999999999996,17.));
#4498=DIRECTION('',(1.22464679914735E-16,1.,0.));
#4499=DIRECTION('',(-0.642787609681282,7.8718778872776E-17,-0.76604444312339));
#4500=CARTESIAN_POINT('',(-48.2855752193648,178.999999999996,15.4679111137505));
#4501=AXIS2_PLACEMENT_3D('',#4502,#4503,#4504);
#4502=CARTESIAN_POINT('',(-47.,178.999999999996,17.));
#4503=DIRECTION('',(1.22464679914735E-16,1.,0.));
#4504=DIRECTION('',(-0.642787609681282,7.8718778872776E-17,-0.766044443123389));
#4505=CARTESIAN_POINT('',(-48.2855752193648,168.999999999996,15.4679111137505));
#4506=VECTOR('',#4507,1.);
#4507=DIRECTION('',(0.,1.,0.));
#4508=CARTESIAN_POINT('',(-35.7284366616799,182.999999999997,-3.96409261921351E-15));
#4509=VECTOR('',#4510,1.);
#4510=DIRECTION('',(4.17966315153E-16,0.,1.));
#4511=CARTESIAN_POINT('',(38.,-49.4000000000035,14.6));
#4512=AXIS2_PLACEMENT_3D('',#4513,#4514,#4515);
#4513=CARTESIAN_POINT('',(38.,-52.0000000000035,14.6));
#4514=DIRECTION('',(-1.22464679914735E-16,0.,1.));
#4515=DIRECTION('',(6.12323399573677E-17,1.,7.49879891330929E-33));
#4516=CARTESIAN_POINT('',(-38.,-49.4000000000035,14.6));
#4517=AXIS2_PLACEMENT_3D('',#4518,#4519,#4520);
#4518=CARTESIAN_POINT('',(-38.,-52.0000000000035,14.6));
#4519=DIRECTION('',(-1.22464679914735E-16,0.,1.));
#4520=DIRECTION('',(6.12323399573677E-17,1.,7.49879891330929E-33));
#4521=CARTESIAN_POINT('',(38.,181.599999999996,14.6));
#4522=AXIS2_PLACEMENT_3D('',#4523,#4524,#4525);
#4523=CARTESIAN_POINT('',(38.,178.999999999997,14.6));
#4524=DIRECTION('',(-1.22464679914735E-16,0.,1.));
#4525=DIRECTION('',(6.12323399573677E-17,1.,7.49879891330929E-33));
#4526=CARTESIAN_POINT('',(-38.,181.599999999996,14.6));
#4527=AXIS2_PLACEMENT_3D('',#4528,#4529,#4530);
#4528=CARTESIAN_POINT('',(-38.,178.999999999997,14.6));
#4529=DIRECTION('',(-1.22464679914735E-16,0.,1.));
#4530=DIRECTION('',(6.12323399573677E-17,1.,7.49879891330929E-33));
#4531=CARTESIAN_POINT('',(-27.,56.5000000000035,-3.3814546599387E-15));
#4532=VECTOR('',#4533,1.);
#4533=DIRECTION('',(-2.53765262771464E-16,0.,1.));
#4534=CARTESIAN_POINT('',(-27.,70.0000000000034,-3.3814546599387E-15));
#4535=VECTOR('',#4536,1.);
#4536=DIRECTION('',(-2.53765262771464E-16,0.,1.));
#4537=CARTESIAN_POINT('',(-11.0000000000037,70.0000000000034,-1.27220317682169E-15));
#4538=VECTOR('',#4539,1.);
#4539=DIRECTION('',(-3.80647894157197E-16,0.,1.));
#4540=CARTESIAN_POINT('',(-41.,-41.0000000000035,15.));
#4541=VECTOR('',#4542,1.);
#4542=DIRECTION('',(0.,1.,0.));
#4543=CARTESIAN_POINT('',(-41.,-21.0000000000035,15.));
#4544=VECTOR('',#4545,1.);
#4545=DIRECTION('',(0.,1.,0.));
#4546=CARTESIAN_POINT('',(-41.,-1.0000000000035,15.));
#4547=VECTOR('',#4548,1.);
#4548=DIRECTION('',(0.,1.,0.));
#4549=CARTESIAN_POINT('',(-41.,18.9999999999965,15.));
#4550=VECTOR('',#4551,1.);
#4551=DIRECTION('',(0.,1.,0.));
#4552=CARTESIAN_POINT('',(-41.,38.9999999999965,15.));
#4553=VECTOR('',#4554,1.);
#4554=DIRECTION('',(0.,1.,0.));
#4555=CARTESIAN_POINT('',(-48.2855752193671,-42.0000000000035,15.4679111137479));
#4556=VECTOR('',#4557,1.);
#4557=DIRECTION('',(0.766044443144545,0.,-0.642787609656069));
#4558=CARTESIAN_POINT('',(-45.,-52.0000000000035,12.7109861591944));
#4559=VECTOR('',#4560,1.);
#4560=DIRECTION('',(-0.766044443144545,0.,0.64278760965607));
#4561=CARTESIAN_POINT('',(-48.,-42.0000000000035,17.));
#4562=AXIS2_PLACEMENT_3D('',#4563,#4564,#4565);
#4563=CARTESIAN_POINT('',(-47.,-42.0000000000035,17.));
#4564=DIRECTION('',(1.22464679914735E-16,1.,0.));
#4565=DIRECTION('',(-1.,1.22464679914735E-16,0.));
#4566=CARTESIAN_POINT('',(-48.2855752193671,168.999999999996,15.4679111137479));
#4567=VECTOR('',#4568,1.);
#4568=DIRECTION('',(0.766044443144545,0.,-0.64278760965607));
#4569=CARTESIAN_POINT('',(-48.,168.999999999996,17.));
#4570=AXIS2_PLACEMENT_3D('',#4571,#4572,#4573);
#4571=CARTESIAN_POINT('',(-47.,168.999999999996,17.));
#4572=DIRECTION('',(1.22464679914735E-16,1.,0.));
#4573=DIRECTION('',(-1.,1.22464679914735E-16,0.));
#4574=CARTESIAN_POINT('',(-45.,178.999999999996,12.7109861591944));
#4575=VECTOR('',#4576,1.);
#4576=DIRECTION('',(-0.766044443144545,0.,0.64278760965607));
#4577=CARTESIAN_POINT('',(-48.,-52.0000000000035,17.));
#4578=AXIS2_PLACEMENT_3D('',#4579,#4580,#4581);
#4579=CARTESIAN_POINT('',(-47.,-52.0000000000035,17.));
#4580=DIRECTION('',(1.22464679914735E-16,1.,0.));
#4581=DIRECTION('',(-1.,1.22464679914735E-16,0.));
#4582=CARTESIAN_POINT('',(-48.,178.999999999996,17.));
#4583=AXIS2_PLACEMENT_3D('',#4584,#4585,#4586);
#4584=CARTESIAN_POINT('',(-47.,178.999999999996,17.));
#4585=DIRECTION('',(1.22464679914735E-16,1.,0.));
#4586=DIRECTION('',(-1.,1.22464679914735E-16,0.));
ENDSEC;
END-ISO-10303-21;
