ISO-10303-21;
HEADER;
FILE_DESCRIPTION(('STEP AP203'),
    '1');
FILE_NAME('шестерня5_9зубов_внутр8.2',
    '2025-12-22T16:54:41',
    ('savvig'),
    (''),
    'C3D Converter',
    'C3D Toolkit',
    '');
/**/
FILE_SCHEMA(('CONFIG_CONTROL_DESIGN'));
ENDSEC;

DATA;
#1=PRODUCT_DEFINITION('','UNSPECIFIED',#28,#31);
#2=SHAPE_DEFINITION_REPRESENTATION(#26,#3);
#3=SHAPE_REPRESENTATION('NONE',(#4),#8);
#4=AXIS2_PLACEMENT_3D('',#5,#6,#7);
#5=CARTESIAN_POINT('',(0.,0.,0.));
#6=DIRECTION('',(0.,0.,1.));
#7=DIRECTION('',(1.,0.,0.));
#8=(GEOMETRIC_REPRESENTATION_CONTEXT(3)GLOBAL_UNCERTAINTY_ASSIGNED_CONTEXT((#10))
GLOBAL_UNIT_ASSIGNED_CONTEXT((#9,#11,#12))REPRESENTATION_CONTEXT('NONE','NONE'));
#9=(LENGTH_UNIT()NAMED_UNIT(*)SI_UNIT(.MILLI.,.METRE.));
#10=UNCERTAINTY_MEASURE_WITH_UNIT(LENGTH_MEASURE(1.E-5),#9,'NONE','NONE');
#11=(NAMED_UNIT(*)PLANE_ANGLE_UNIT()SI_UNIT($,.RADIAN.));
#12=(NAMED_UNIT(*)SI_UNIT($,.STERADIAN.)SOLID_ANGLE_UNIT());
#13=MANIFOLD_SOLID_BREP('',#14);
#14=CLOSED_SHELL('',(#53,#54,#55,#56,#57,#58,#59,#60,#61,#62,#63,#64,#65,#66,#67,
#68,#69,#70,#71,#72,#73,#74,#75,#76,#77,#78,#79,#80,#81,#82,#83,#84,#85,#86,#87,
#88,#89,#90,#91,#92,#93,#94,#95,#96,#97,#98,#99,#100,#101,#102,#103,#104,#105,#106,
#107,#108,#109,#110,#111,#112,#113,#114,#115,#116,#117,#118,#119));
#15=COLOUR_RGB('',0.564705882352941,0.564705882352941,0.564705882352941);
#16=FILL_AREA_STYLE_COLOUR('',#15);
#17=FILL_AREA_STYLE($,(#16));
#18=SURFACE_STYLE_FILL_AREA(#17);
#19=SURFACE_SIDE_STYLE('',(#18));
#20=SURFACE_STYLE_USAGE(.BOTH.,#19);
#21=PRESENTATION_STYLE_ASSIGNMENT((#20));
#22=MECHANICAL_DESIGN_GEOMETRIC_PRESENTATION_REPRESENTATION('NONE',(#23),#8);
#23=STYLED_ITEM('',(#21),#13);
#24=ADVANCED_BREP_SHAPE_REPRESENTATION('NONE',(#13),#8);
#25=SHAPE_REPRESENTATION_RELATIONSHIP('','',#3,#24);
#26=PRODUCT_DEFINITION_SHAPE('NONE','NONE',#1);
#27=MECHANICAL_CONTEXT('NONE',#32,'mechanical');
#28=PRODUCT_DEFINITION_FORMATION_WITH_SPECIFIED_SOURCE('ANY','UNSPECIFIED',#29,.NOT_KNOWN.);
#29=PRODUCT('','\X2\0414043504420430043B044C\X0\','NONE',(#27));
#30=PRODUCT_RELATED_PRODUCT_CATEGORY('detail','',(#29));
#31=DESIGN_CONTEXT('detailed design',#32,'design');
#32=APPLICATION_CONTEXT('configuration controlled 3d designs of mechanical parts and assemblies');
#33=APPLICATION_PROTOCOL_DEFINITION('international standard','config_control_design',
1994,#32);
#34=CC_DESIGN_DATE_AND_TIME_ASSIGNMENT(#35,#39,(#1));
#35=DATE_AND_TIME(#36,#37);
#36=CALENDAR_DATE(0,1,1);
#37=LOCAL_TIME(0,0,0.,#38);
#38=COORDINATED_UNIVERSAL_TIME_OFFSET(0,0,.AHEAD.);
#39=DATE_TIME_ROLE('creation_date');
#40=CC_DESIGN_APPROVAL(#41,(#1));
#41=APPROVAL(#42,'UNSPECIFIED');
#42=APPROVAL_STATUS('not_yet_approved');
#43=APPROVAL_DATE_TIME(#44,#41);
#44=DATE_AND_TIME(#45,#46);
#45=CALENDAR_DATE(0,1,1);
#46=LOCAL_TIME(0,0,0.,#47);
#47=COORDINATED_UNIVERSAL_TIME_OFFSET(0,0,.AHEAD.);
#48=PERSON('UNSPECIFIED','savvig','UNSPECIFIED',('UNSPECIFIED'),('UNSPECIFIED'),
('UNSPECIFIED'));
#49=ORGANIZATION('UNSPECIFIED','UNSPECIFIED','UNSPECIFIED');
#50=PERSON_AND_ORGANIZATION(#48,#49);
#51=PERSON_AND_ORGANIZATION_ROLE('creator');
#52=CC_DESIGN_PERSON_AND_ORGANIZATION_ASSIGNMENT(#50,#51,(#28,#1));
#53=ADVANCED_FACE('',(#120),#122,.F.);
#54=ADVANCED_FACE('',(#127),#129,.F.);
#55=ADVANCED_FACE('',(#134),#136,.F.);
#56=ADVANCED_FACE('',(#141),#143,.T.);
#57=ADVANCED_FACE('',(#148),#150,.T.);
#58=ADVANCED_FACE('',(#155),#157,.T.);
#59=ADVANCED_FACE('',(#162),#164,.T.);
#60=ADVANCED_FACE('',(#169),#171,.F.);
#61=ADVANCED_FACE('',(#176),#178,.F.);
#62=ADVANCED_FACE('',(#183),#185,.T.);
#63=ADVANCED_FACE('',(#190),#192,.T.);
#64=ADVANCED_FACE('',(#197),#199,.T.);
#65=ADVANCED_FACE('',(#204),#206,.T.);
#66=ADVANCED_FACE('',(#211),#213,.F.);
#67=ADVANCED_FACE('',(#218),#220,.F.);
#68=ADVANCED_FACE('',(#225),#227,.T.);
#69=ADVANCED_FACE('',(#232),#234,.T.);
#70=ADVANCED_FACE('',(#239),#241,.T.);
#71=ADVANCED_FACE('',(#246),#248,.T.);
#72=ADVANCED_FACE('',(#253),#255,.F.);
#73=ADVANCED_FACE('',(#260),#262,.F.);
#74=ADVANCED_FACE('',(#267),#269,.T.);
#75=ADVANCED_FACE('',(#274),#276,.T.);
#76=ADVANCED_FACE('',(#281),#283,.T.);
#77=ADVANCED_FACE('',(#288),#290,.T.);
#78=ADVANCED_FACE('',(#295),#297,.F.);
#79=ADVANCED_FACE('',(#302),#304,.F.);
#80=ADVANCED_FACE('',(#309),#311,.T.);
#81=ADVANCED_FACE('',(#316),#318,.T.);
#82=ADVANCED_FACE('',(#323),#325,.T.);
#83=ADVANCED_FACE('',(#330),#332,.T.);
#84=ADVANCED_FACE('',(#337),#339,.F.);
#85=ADVANCED_FACE('',(#344),#346,.F.);
#86=ADVANCED_FACE('',(#351),#353,.T.);
#87=ADVANCED_FACE('',(#358),#360,.T.);
#88=ADVANCED_FACE('',(#365),#367,.T.);
#89=ADVANCED_FACE('',(#372),#374,.T.);
#90=ADVANCED_FACE('',(#379),#381,.F.);
#91=ADVANCED_FACE('',(#386),#388,.F.);
#92=ADVANCED_FACE('',(#393),#395,.T.);
#93=ADVANCED_FACE('',(#400),#402,.T.);
#94=ADVANCED_FACE('',(#407),#409,.T.);
#95=ADVANCED_FACE('',(#414),#416,.T.);
#96=ADVANCED_FACE('',(#421),#423,.F.);
#97=ADVANCED_FACE('',(#428),#430,.F.);
#98=ADVANCED_FACE('',(#435),#437,.T.);
#99=ADVANCED_FACE('',(#442),#444,.T.);
#100=ADVANCED_FACE('',(#449),#451,.T.);
#101=ADVANCED_FACE('',(#456),#458,.T.);
#102=ADVANCED_FACE('',(#463),#465,.F.);
#103=ADVANCED_FACE('',(#470),#472,.F.);
#104=ADVANCED_FACE('',(#477),#479,.T.);
#105=ADVANCED_FACE('',(#484),#486,.T.);
#106=ADVANCED_FACE('',(#491),#493,.T.);
#107=ADVANCED_FACE('',(#498),#500,.T.);
#108=ADVANCED_FACE('',(#505),#507,.F.);
#109=ADVANCED_FACE('',(#512),#514,.T.);
#110=ADVANCED_FACE('',(#519),#521,.T.);
#111=ADVANCED_FACE('',(#526),#528,.T.);
#112=ADVANCED_FACE('',(#533),#535,.T.);
#113=ADVANCED_FACE('',(#540),#542,.T.);
#114=ADVANCED_FACE('',(#547),#549,.T.);
#115=ADVANCED_FACE('',(#554),#556,.T.);
#116=ADVANCED_FACE('',(#561),#563,.T.);
#117=ADVANCED_FACE('',(#568),#570,.T.);
#118=ADVANCED_FACE('',(#575,#577),#579,.F.);
#119=ADVANCED_FACE('',(#584,#586),#588,.T.);
#120=FACE_BOUND('',#121,.T.);
#121=EDGE_LOOP('',(#593,#594,#595,#596));
#122=CYLINDRICAL_SURFACE('',#123,4.1);
#123=AXIS2_PLACEMENT_3D('',#124,#125,#126);
#124=CARTESIAN_POINT('',(8.47050928771412E-16,0.,-1.));
#125=DIRECTION('',(0.,0.,1.));
#126=DIRECTION('',(0.701856956396952,-0.712317915510488,0.));
#127=FACE_BOUND('',#128,.T.);
#128=EDGE_LOOP('',(#597,#598,#599,#600));
#129=PLANE('',#130);
#130=AXIS2_PLACEMENT_3D('',#131,#132,#133);
#131=CARTESIAN_POINT('',(-2.8776135212275,-2.920503453593,-1.));
#132=DIRECTION('',(0.,-1.,0.));
#133=DIRECTION('',(1.,0.,0.));
#134=FACE_BOUND('',#135,.T.);
#135=EDGE_LOOP('',(#601,#602,#603,#604));
#136=CYLINDRICAL_SURFACE('',#137,2.6);
#137=AXIS2_PLACEMENT_3D('',#138,#139,#140);
#138=CARTESIAN_POINT('',(-4.65294783658708,-12.779283095307,-5.2));
#139=DIRECTION('',(0.,0.,-1.));
#140=DIRECTION('',(-0.766044443118978,0.64278760968654,0.));
#141=FACE_BOUND('',#142,.T.);
#142=EDGE_LOOP('',(#605,#606,#607,#608));
#143=PLANE('',#144);
#144=AXIS2_PLACEMENT_3D('',#145,#146,#147);
#145=CARTESIAN_POINT('',(-8.85007051593689,-13.7363371771437,0.));
#146=DIRECTION('',(0.766044443118978,-0.64278760968654,0.));
#147=DIRECTION('',(0.64278760968654,0.766044443118978,0.));
#148=FACE_BOUND('',#149,.T.);
#149=EDGE_LOOP('',(#609,#610,#611,#612));
#150=CYLINDRICAL_SURFACE('',#151,2.30252952550376);
#151=AXIS2_PLACEMENT_3D('',#152,#153,#154);
#152=CARTESIAN_POINT('',(-10.6139104640664,-12.2562997272125,0.));
#153=DIRECTION('',(0.,0.,1.));
#154=DIRECTION('',(-0.554894215680048,-0.831920915354834,0.));
#155=FACE_BOUND('',#156,.T.);
#156=EDGE_LOOP('',(#613,#614,#615,#616));
#157=CYLINDRICAL_SURFACE('',#158,2.30252952550376);
#158=AXIS2_PLACEMENT_3D('',#159,#160,#161);
#159=CARTESIAN_POINT('',(-10.2270127845952,-12.5809454273601,0.));
#160=DIRECTION('',(0.,0.,1.));
#161=DIRECTION('',(-0.766044443118978,0.64278760968654,0.));
#162=FACE_BOUND('',#163,.T.);
#163=EDGE_LOOP('',(#617,#618,#619,#620));
#164=PLANE('',#165);
#165=AXIS2_PLACEMENT_3D('',#166,#167,#168);
#166=CARTESIAN_POINT('',(-8.51718270484139,-6.96114924221214,0.));
#167=DIRECTION('',(-0.766044443118978,0.64278760968654,0.));
#168=DIRECTION('',(-0.64278760968654,-0.766044443118978,0.));
#169=FACE_BOUND('',#170,.T.);
#170=EDGE_LOOP('',(#621,#622,#623,#624));
#171=CYLINDRICAL_SURFACE('',#172,2.6);
#172=AXIS2_PLACEMENT_3D('',#173,#174,#175);
#173=CARTESIAN_POINT('',(-11.7771611575936,-6.8013583252222,-5.2));
#174=DIRECTION('',(0.,0.,1.));
#175=DIRECTION('',(0.766044443118978,-0.642787609686539,0.));
#176=FACE_BOUND('',#177,.T.);
#177=EDGE_LOOP('',(#625,#626,#627,#628));
#178=CYLINDRICAL_SURFACE('',#179,2.6);
#179=AXIS2_PLACEMENT_3D('',#180,#181,#182);
#180=CARTESIAN_POINT('',(-11.77872966868,-6.79864158432827,-5.2));
#181=DIRECTION('',(0.,0.,-1.));
#182=DIRECTION('',(-0.173648177666929,0.984807753012208,0.));
#183=FACE_BOUND('',#184,.T.);
#184=EDGE_LOOP('',(#629,#630,#631,#632));
#185=PLANE('',#186);
#186=AXIS2_PLACEMENT_3D('',#187,#188,#189);
#187=CARTESIAN_POINT('',(-15.6090946798891,-4.83392909086318,0.));
#188=DIRECTION('',(0.17364817766693,-0.984807753012208,0.));
#189=DIRECTION('',(0.984807753012208,0.17364817766693,0.));
#190=FACE_BOUND('',#191,.T.);
#191=EDGE_LOOP('',(#633,#634,#635,#636));
#192=CYLINDRICAL_SURFACE('',#193,2.30252952550376);
#193=AXIS2_PLACEMENT_3D('',#194,#195,#196);
#194=CARTESIAN_POINT('',(-16.0089247360171,-2.56638016260755,0.));
#195=DIRECTION('',(0.,0.,1.));
#196=DIRECTION('',(-0.959822087069736,-0.28060926779616,0.));
#197=FACE_BOUND('',#198,.T.);
#198=EDGE_LOOP('',(#637,#638,#639,#640));
#199=CYLINDRICAL_SURFACE('',#200,2.30252952550376);
#200=AXIS2_PLACEMENT_3D('',#201,#202,#203);
#201=CARTESIAN_POINT('',(-15.9212221521955,-3.06376623176875,0.));
#202=DIRECTION('',(0.,0.,1.));
#203=DIRECTION('',(-0.17364817766693,0.984807753012208,0.));
#204=FACE_BOUND('',#205,.T.);
#205=EDGE_LOOP('',(#641,#642,#643,#644));
#206=PLANE('',#207);
#207=AXIS2_PLACEMENT_3D('',#208,#209,#210);
#208=CARTESIAN_POINT('',(-10.9990809641456,0.142189817390034,0.));
#209=DIRECTION('',(-0.17364817766693,0.984807753012208,0.));
#210=DIRECTION('',(-0.984807753012208,-0.17364817766693,0.));
#211=FACE_BOUND('',#212,.T.);
#212=EDGE_LOOP('',(#645,#646,#647,#648));
#213=CYLINDRICAL_SURFACE('',#214,2.6);
#214=AXIS2_PLACEMENT_3D('',#215,#216,#217);
#215=CARTESIAN_POINT('',(-13.3936577209824,2.36007051868526,-5.2));
#216=DIRECTION('',(0.,0.,1.));
#217=DIRECTION('',(0.17364817766693,-0.984807753012208,0.));
#218=FACE_BOUND('',#219,.T.);
#219=EDGE_LOOP('',(#649,#650,#651,#652));
#220=CYLINDRICAL_SURFACE('',#221,2.6);
#221=AXIS2_PLACEMENT_3D('',#222,#223,#224);
#222=CARTESIAN_POINT('',(-13.3931129827988,2.36315988244246,-5.2));
#223=DIRECTION('',(0.,0.,-1.));
#224=DIRECTION('',(0.5,0.866025403784438,0.));
#225=FACE_BOUND('',#226,.T.);
#226=EDGE_LOOP('',(#653,#654,#655,#656));
#227=PLANE('',#228);
#228=AXIS2_PLACEMENT_3D('',#229,#230,#231);
#229=CARTESIAN_POINT('',(-15.0644499673572,6.33032814016989,0.));
#230=DIRECTION('',(-0.5,-0.866025403784439,0.));
#231=DIRECTION('',(0.866025403784439,-0.5,0.));
#232=FACE_BOUND('',#233,.T.);
#233=EDGE_LOOP('',(#657,#658,#659,#660));
#234=CYLINDRICAL_SURFACE('',#235,2.30252952550376);
#235=AXIS2_PLACEMENT_3D('',#236,#237,#238);
#236=CARTESIAN_POINT('',(-13.9131852046053,8.32437720221988,0.));
#237=DIRECTION('',(0.,0.,1.));
#238=DIRECTION('',(-0.915638536685215,0.402002574788968,0.));
#239=FACE_BOUND('',#240,.T.);
#240=EDGE_LOOP('',(#661,#662,#663,#664));
#241=CYLINDRICAL_SURFACE('',#242,2.30252952550376);
#242=AXIS2_PLACEMENT_3D('',#243,#244,#245);
#243=CARTESIAN_POINT('',(-14.1657147301091,7.8869832336361,0.));
#244=DIRECTION('',(0.,0.,1.));
#245=DIRECTION('',(0.5,0.866025403784438,0.));
#246=FACE_BOUND('',#247,.T.);
#247=EDGE_LOOP('',(#665,#666,#667,#668));
#248=PLANE('',#249);
#249=AXIS2_PLACEMENT_3D('',#250,#251,#252);
#250=CARTESIAN_POINT('',(-8.33438699915758,7.17899668117162,0.));
#251=DIRECTION('',(0.5,0.866025403784438,0.));
#252=DIRECTION('',(-0.866025403784438,0.5,0.));
#253=FACE_BOUND('',#254,.T.);
#254=EDGE_LOOP('',(#669,#670,#671,#672));
#255=CYLINDRICAL_SURFACE('',#256,2.6);
#256=AXIS2_PLACEMENT_3D('',#257,#258,#259);
#257=CARTESIAN_POINT('',(-8.74311298279882,10.4171961376377,-5.2));
#258=DIRECTION('',(0.,0.,1.));
#259=DIRECTION('',(-0.5,-0.866025403784438,0.));
#260=FACE_BOUND('',#261,.T.);
#261=EDGE_LOOP('',(#673,#674,#675,#676));
#262=CYLINDRICAL_SURFACE('',#263,2.6);
#263=AXIS2_PLACEMENT_3D('',#264,#265,#266);
#264=CARTESIAN_POINT('',(-8.74070988439537,10.4192125766218,-5.2));
#265=DIRECTION('',(0.,0.,-1.));
#266=DIRECTION('',(0.939692620785909,0.342020143325668,0.));
#267=FACE_BOUND('',#268,.T.);
#268=EDGE_LOOP('',(#677,#678,#679,#680));
#269=PLANE('',#270);
#270=AXIS2_PLACEMENT_3D('',#271,#272,#273);
#271=CARTESIAN_POINT('',(-7.47098169238664,14.5325544806569,0.));
#272=DIRECTION('',(-0.939692620785909,-0.342020143325668,0.));
#273=DIRECTION('',(0.342020143325668,-0.939692620785909,0.));
#274=FACE_BOUND('',#275,.T.);
#275=EDGE_LOOP('',(#681,#682,#683,#684));
#276=CYLINDRICAL_SURFACE('',#277,2.30252952550376);
#277=AXIS2_PLACEMENT_3D('',#278,#279,#280);
#278=CARTESIAN_POINT('',(-5.30731168812907,15.3200659589812,0.));
#279=DIRECTION('',(0.,0.,1.));
#280=DIRECTION('',(-0.443017538796867,0.89651294486938,0.));
#281=FACE_BOUND('',#282,.T.);
#282=EDGE_LOOP('',(#685,#686,#687,#688));
#283=CYLINDRICAL_SURFACE('',#284,2.30252952550376);
#284=AXIS2_PLACEMENT_3D('',#285,#286,#287);
#285=CARTESIAN_POINT('',(-5.78191195142198,15.1473255899677,0.));
#286=DIRECTION('',(0.,0.,1.));
#287=DIRECTION('',(0.939692620785909,0.342020143325668,0.));
#288=FACE_BOUND('',#289,.T.);
#289=EDGE_LOOP('',(#689,#690,#691,#692));
#290=PLANE('',#291);
#291=AXIS2_PLACEMENT_3D('',#292,#293,#294);
#292=CARTESIAN_POINT('',(-1.76994073086982,10.8566712121722,0.));
#293=DIRECTION('',(0.939692620785909,0.342020143325668,0.));
#294=DIRECTION('',(-0.342020143325668,0.939692620785909,0.));
#295=FACE_BOUND('',#296,.T.);
#296=EDGE_LOOP('',(#693,#694,#695,#696));
#297=CYLINDRICAL_SURFACE('',#298,2.6);
#298=AXIS2_PLACEMENT_3D('',#299,#300,#301);
#299=CARTESIAN_POINT('',(-0.00156851108641898,13.5999999095505,-5.2));
#300=DIRECTION('',(0.,0.,1.));
#301=DIRECTION('',(-0.939692620785909,-0.342020143325668,0.));
#302=FACE_BOUND('',#303,.T.);
#303=EDGE_LOOP('',(#697,#698,#699,#700));
#304=CYLINDRICAL_SURFACE('',#305,2.6);
#305=AXIS2_PLACEMENT_3D('',#306,#307,#308);
#306=CARTESIAN_POINT('',(0.00156851108643141,13.5999999095505,-5.2));
#307=DIRECTION('',(0.,0.,-1.));
#308=DIRECTION('',(0.939692620785908,-0.342020143325669,0.));
#309=FACE_BOUND('',#310,.T.);
#310=EDGE_LOOP('',(#701,#702,#703,#704));
#311=PLANE('',#312);
#312=AXIS2_PLACEMENT_3D('',#313,#314,#315);
#313=CARTESIAN_POINT('',(3.61824194716443,15.9348370682921,0.));
#314=DIRECTION('',(-0.939692620785909,0.342020143325669,0.));
#315=DIRECTION('',(-0.342020143325669,-0.939692620785909,0.));
#316=FACE_BOUND('',#317,.T.);
#317=EDGE_LOOP('',(#705,#706,#707,#708));
#318=CYLINDRICAL_SURFACE('',#319,2.30252952550376);
#319=AXIS2_PLACEMENT_3D('',#320,#321,#322);
#320=CARTESIAN_POINT('',(5.78191195142199,15.1473255899677,0.));
#321=DIRECTION('',(0.,0.,1.));
#322=DIRECTION('',(0.236896289086043,0.971534944413871,0.));
#323=FACE_BOUND('',#324,.T.);
#324=EDGE_LOOP('',(#709,#710,#711,#712));
#325=CYLINDRICAL_SURFACE('',#326,2.30252952550376);
#326=AXIS2_PLACEMENT_3D('',#327,#328,#329);
#327=CARTESIAN_POINT('',(5.30731168812909,15.3200659589812,0.));
#328=DIRECTION('',(0.,0.,1.));
#329=DIRECTION('',(0.939692620785909,-0.342020143325669,0.));
#330=FACE_BOUND('',#331,.T.);
#331=EDGE_LOOP('',(#713,#714,#715,#716));
#332=PLANE('',#333);
#333=AXIS2_PLACEMENT_3D('',#334,#335,#336);
#334=CARTESIAN_POINT('',(5.62268047609205,9.45438862453693,0.));
#335=DIRECTION('',(0.939692620785908,-0.342020143325669,0.));
#336=DIRECTION('',(0.342020143325669,0.939692620785908,0.));
#337=FACE_BOUND('',#338,.T.);
#338=EDGE_LOOP('',(#717,#718,#719,#720));
#339=CYLINDRICAL_SURFACE('',#340,2.6);
#340=AXIS2_PLACEMENT_3D('',#341,#342,#343);
#341=CARTESIAN_POINT('',(8.74070988439538,10.4192125766218,-5.2));
#342=DIRECTION('',(0.,0.,1.));
#343=DIRECTION('',(-0.939692620785908,0.342020143325669,0.));
#344=FACE_BOUND('',#345,.T.);
#345=EDGE_LOOP('',(#721,#722,#723,#724));
#346=CYLINDRICAL_SURFACE('',#347,2.6);
#347=AXIS2_PLACEMENT_3D('',#348,#349,#350);
#348=CARTESIAN_POINT('',(8.74311298279883,10.4171961376377,-5.2));
#349=DIRECTION('',(0.,0.,-1.));
#350=DIRECTION('',(0.5,-0.866025403784439,0.));
#351=FACE_BOUND('',#352,.T.);
#352=EDGE_LOOP('',(#725,#726,#727,#728));
#353=PLANE('',#354);
#354=AXIS2_PLACEMENT_3D('',#355,#356,#357);
#355=CARTESIAN_POINT('',(13.0144499673572,9.88103229568607,0.));
#356=DIRECTION('',(-0.5,0.866025403784439,0.));
#357=DIRECTION('',(-0.866025403784439,-0.5,0.));
#358=FACE_BOUND('',#359,.T.);
#359=EDGE_LOOP('',(#729,#730,#731,#732));
#360=CYLINDRICAL_SURFACE('',#361,2.30252952550376);
#361=AXIS2_PLACEMENT_3D('',#362,#363,#364);
#362=CARTESIAN_POINT('',(14.1657147301091,7.88698323363609,0.));
#363=DIRECTION('',(0.,0.,1.));
#364=DIRECTION('',(0.805963710496607,0.591964946058922,0.));
#365=FACE_BOUND('',#366,.T.);
#366=EDGE_LOOP('',(#733,#734,#735,#736));
#367=CYLINDRICAL_SURFACE('',#368,2.30252952550376);
#368=AXIS2_PLACEMENT_3D('',#369,#370,#371);
#369=CARTESIAN_POINT('',(13.9131852046054,8.32437720221986,0.));
#370=DIRECTION('',(0.,0.,1.));
#371=DIRECTION('',(0.5,-0.866025403784439,0.));
#372=FACE_BOUND('',#373,.T.);
#373=EDGE_LOOP('',(#737,#738,#739,#740));
#374=PLANE('',#375);
#375=AXIS2_PLACEMENT_3D('',#376,#377,#378);
#376=CARTESIAN_POINT('',(10.3843869991576,3.62829252565541,0.));
#377=DIRECTION('',(0.5,-0.866025403784439,0.));
#378=DIRECTION('',(0.866025403784439,0.5,0.));
#379=FACE_BOUND('',#380,.T.);
#380=EDGE_LOOP('',(#741,#742,#743,#744));
#381=CYLINDRICAL_SURFACE('',#382,2.6);
#382=AXIS2_PLACEMENT_3D('',#383,#384,#385);
#383=CARTESIAN_POINT('',(13.3931129827988,2.36315988244245,-5.2));
#384=DIRECTION('',(-1.15347846714302E-16,1.44184808392877E-16,1.));
#385=DIRECTION('',(-0.499999999999999,0.866025403784439,-1.82541630265175E-16));
#386=FACE_BOUND('',#387,.T.);
#387=EDGE_LOOP('',(#745,#746,#747,#748));
#388=CYLINDRICAL_SURFACE('',#389,2.6);
#389=AXIS2_PLACEMENT_3D('',#390,#391,#392);
#390=CARTESIAN_POINT('',(13.3936577209824,2.36007051868526,-5.2));
#391=DIRECTION('',(0.,0.,-1.));
#392=DIRECTION('',(-0.17364817766693,-0.984807753012208,0.));
#393=FACE_BOUND('',#394,.T.);
#394=EDGE_LOOP('',(#749,#750,#751,#752));
#395=PLANE('',#396);
#396=AXIS2_PLACEMENT_3D('',#397,#398,#399);
#397=CARTESIAN_POINT('',(16.3210522083235,-0.79621730351314,0.));
#398=DIRECTION('',(0.173648177666931,0.984807753012208,0.));
#399=DIRECTION('',(-0.984807753012208,0.173648177666931,0.));
#400=FACE_BOUND('',#401,.T.);
#401=EDGE_LOOP('',(#753,#754,#755,#756));
#402=CYLINDRICAL_SURFACE('',#403,2.30252952550376);
#403=AXIS2_PLACEMENT_3D('',#404,#405,#406);
#404=CARTESIAN_POINT('',(15.9212221521955,-3.06376623176876,0.));
#405=DIRECTION('',(0.,0.,1.));
#406=DIRECTION('',(0.997911754476914,-0.0645920295145451,0.));
#407=FACE_BOUND('',#408,.T.);
#408=EDGE_LOOP('',(#757,#758,#759,#760));
#409=CYLINDRICAL_SURFACE('',#410,2.30252952550376);
#410=AXIS2_PLACEMENT_3D('',#411,#412,#413);
#411=CARTESIAN_POINT('',(16.0089247360171,-2.56638016260757,0.));
#412=DIRECTION('',(0.,0.,1.));
#413=DIRECTION('',(-0.173648177666931,-0.984807753012208,0.));
#414=FACE_BOUND('',#415,.T.);
#415=EDGE_LOOP('',(#761,#762,#763,#764));
#416=PLANE('',#417);
#417=AXIS2_PLACEMENT_3D('',#418,#419,#420);
#418=CARTESIAN_POINT('',(10.2871234357112,-3.89552196996003,0.));
#419=DIRECTION('',(-0.173648177666931,-0.984807753012208,0.));
#420=DIRECTION('',(0.984807753012208,-0.173648177666931,0.));
#421=FACE_BOUND('',#422,.T.);
#422=EDGE_LOOP('',(#765,#766,#767,#768));
#423=CYLINDRICAL_SURFACE('',#424,2.6);
#424=AXIS2_PLACEMENT_3D('',#425,#426,#427);
#425=CARTESIAN_POINT('',(11.77872966868,-6.79864158432828,-5.2));
#426=DIRECTION('',(0.,0.,1.));
#427=DIRECTION('',(0.173648177666931,0.984807753012208,0.));
#428=FACE_BOUND('',#429,.T.);
#429=EDGE_LOOP('',(#769,#770,#771,#772));
#430=CYLINDRICAL_SURFACE('',#431,2.6);
#431=AXIS2_PLACEMENT_3D('',#432,#433,#434);
#432=CARTESIAN_POINT('',(11.7771611575936,-6.8013583252222,-5.2));
#433=DIRECTION('',(0.,0.,-1.));
#434=DIRECTION('',(-0.766044443118978,-0.64278760968654,0.));
#435=FACE_BOUND('',#436,.T.);
#436=EDGE_LOOP('',(#773,#774,#775,#776));
#437=PLANE('',#438);
#438=AXIS2_PLACEMENT_3D('',#439,#440,#441);
#439=CARTESIAN_POINT('',(11.9908527327247,-11.1009079774289,0.));
#440=DIRECTION('',(0.766044443118978,0.642787609686539,0.));
#441=DIRECTION('',(-0.642787609686539,0.766044443118978,0.));
#442=FACE_BOUND('',#443,.T.);
#443=EDGE_LOOP('',(#777,#778,#779,#780));
#444=CYLINDRICAL_SURFACE('',#445,2.30252952550376);
#445=AXIS2_PLACEMENT_3D('',#446,#447,#448);
#446=CARTESIAN_POINT('',(10.2270127845952,-12.5809454273602,0.));
#447=DIRECTION('',(0.,0.,1.));
#448=DIRECTION('',(0.722925797983693,-0.69092567661771,0.));
#449=FACE_BOUND('',#450,.T.);
#450=EDGE_LOOP('',(#781,#782,#783,#784));
#451=CYLINDRICAL_SURFACE('',#452,2.30252952550376);
#452=AXIS2_PLACEMENT_3D('',#453,#454,#455);
#453=CARTESIAN_POINT('',(10.6139104640664,-12.2562997272125,0.));
#454=DIRECTION('',(0.,0.,1.));
#455=DIRECTION('',(-0.766044443118978,-0.642787609686539,0.));
#456=FACE_BOUND('',#457,.T.);
#457=EDGE_LOOP('',(#785,#786,#787,#788));
#458=PLANE('',#459);
#459=AXIS2_PLACEMENT_3D('',#460,#461,#462);
#460=CARTESIAN_POINT('',(5.37640048805357,-9.59657844192696,0.));
#461=DIRECTION('',(-0.766044443118978,-0.642787609686539,0.));
#462=DIRECTION('',(0.642787609686539,-0.766044443118978,0.));
#463=FACE_BOUND('',#464,.T.);
#464=EDGE_LOOP('',(#789,#790,#791,#792));
#465=CYLINDRICAL_SURFACE('',#466,2.6);
#466=AXIS2_PLACEMENT_3D('',#467,#468,#469);
#467=CARTESIAN_POINT('',(4.65294783658707,-12.779283095307,-5.2));
#468=DIRECTION('',(0.,0.,1.));
#469=DIRECTION('',(0.766044443118978,0.642787609686539,0.));
#470=FACE_BOUND('',#471,.T.);
#471=EDGE_LOOP('',(#793,#794,#795,#796));
#472=CYLINDRICAL_SURFACE('',#473,2.6);
#473=AXIS2_PLACEMENT_3D('',#474,#475,#476);
#474=CARTESIAN_POINT('',(4.65,-12.7803560200802,-5.2));
#475=DIRECTION('',(0.,0.,-1.));
#476=DIRECTION('',(-1.,-6.83214169000096E-16,0.));
#477=FACE_BOUND('',#478,.T.);
#478=EDGE_LOOP('',(#797,#798,#799,#800));
#479=PLANE('',#480);
#480=AXIS2_PLACEMENT_3D('',#481,#482,#483);
#481=CARTESIAN_POINT('',(2.05,-16.211360435856,0.));
#482=DIRECTION('',(1.,-8.21767869129034E-17,0.));
#483=DIRECTION('',(8.21767869129034E-17,1.,0.));
#484=FACE_BOUND('',#485,.T.);
#485=EDGE_LOOP('',(#801,#802,#803,#804));
#486=CYLINDRICAL_SURFACE('',#487,2.30252952550376);
#487=AXIS2_PLACEMENT_3D('',#488,#489,#490);
#488=CARTESIAN_POINT('',(-0.252529525503763,-16.211360435856,0.));
#489=DIRECTION('',(0.,0.,1.));
#490=DIRECTION('',(0.109674826188608,-0.993967520847889,0.));
#491=FACE_BOUND('',#492,.T.);
#492=EDGE_LOOP('',(#805,#806,#807,#808));
#493=CYLINDRICAL_SURFACE('',#494,2.30252952550376);
#494=AXIS2_PLACEMENT_3D('',#495,#496,#497);
#495=CARTESIAN_POINT('',(0.252529525503758,-16.211360435856,0.));
#496=DIRECTION('',(0.,0.,1.));
#497=DIRECTION('',(-1.,1.22464679914735E-16,0.));
#498=FACE_BOUND('',#499,.T.);
#499=EDGE_LOOP('',(#809,#810,#811,#812));
#500=PLANE('',#501);
#501=AXIS2_PLACEMENT_3D('',#502,#503,#504);
#502=CARTESIAN_POINT('',(-2.05,-10.807289206827,0.));
#503=DIRECTION('',(-1.,8.21767869129034E-17,0.));
#504=DIRECTION('',(-8.21767869129034E-17,-1.,0.));
#505=FACE_BOUND('',#506,.T.);
#506=EDGE_LOOP('',(#813,#814,#815,#816));
#507=CYLINDRICAL_SURFACE('',#508,2.6);
#508=AXIS2_PLACEMENT_3D('',#509,#510,#511);
#509=CARTESIAN_POINT('',(-4.65,-12.7803560200802,-5.2));
#510=DIRECTION('',(0.,0.,1.));
#511=DIRECTION('',(1.,1.36642833800019E-15,0.));
#512=FACE_BOUND('',#513,.T.);
#513=EDGE_LOOP('',(#817,#818,#819,#820));
#514=CYLINDRICAL_SURFACE('',#515,11.);
#515=AXIS2_PLACEMENT_3D('',#516,#517,#518);
#516=CARTESIAN_POINT('',(0.,0.,0.));
#517=DIRECTION('',(0.,0.,1.));
#518=DIRECTION('',(0.186363636363636,-0.982480836984275,0.));
#519=FACE_BOUND('',#520,.T.);
#520=EDGE_LOOP('',(#821,#822,#823,#824));
#521=CYLINDRICAL_SURFACE('',#522,11.);
#522=AXIS2_PLACEMENT_3D('',#523,#524,#525);
#523=CARTESIAN_POINT('',(0.,0.,0.));
#524=DIRECTION('',(0.,0.,1.));
#525=DIRECTION('',(0.186363636363636,-0.982480836984275,0.));
#526=FACE_BOUND('',#527,.T.);
#527=EDGE_LOOP('',(#825,#826,#827,#828));
#528=CYLINDRICAL_SURFACE('',#529,11.);
#529=AXIS2_PLACEMENT_3D('',#530,#531,#532);
#530=CARTESIAN_POINT('',(0.,0.,0.));
#531=DIRECTION('',(0.,0.,1.));
#532=DIRECTION('',(0.186363636363636,-0.982480836984275,0.));
#533=FACE_BOUND('',#534,.T.);
#534=EDGE_LOOP('',(#829,#830,#831,#832));
#535=CYLINDRICAL_SURFACE('',#536,11.);
#536=AXIS2_PLACEMENT_3D('',#537,#538,#539);
#537=CARTESIAN_POINT('',(0.,0.,0.));
#538=DIRECTION('',(0.,0.,1.));
#539=DIRECTION('',(0.186363636363636,-0.982480836984275,0.));
#540=FACE_BOUND('',#541,.T.);
#541=EDGE_LOOP('',(#833,#834,#835,#836));
#542=CYLINDRICAL_SURFACE('',#543,11.);
#543=AXIS2_PLACEMENT_3D('',#544,#545,#546);
#544=CARTESIAN_POINT('',(0.,0.,0.));
#545=DIRECTION('',(0.,0.,1.));
#546=DIRECTION('',(0.186363636363636,-0.982480836984275,0.));
#547=FACE_BOUND('',#548,.T.);
#548=EDGE_LOOP('',(#837,#838,#839,#840));
#549=CYLINDRICAL_SURFACE('',#550,11.);
#550=AXIS2_PLACEMENT_3D('',#551,#552,#553);
#551=CARTESIAN_POINT('',(0.,0.,0.));
#552=DIRECTION('',(0.,0.,1.));
#553=DIRECTION('',(0.186363636363636,-0.982480836984275,0.));
#554=FACE_BOUND('',#555,.T.);
#555=EDGE_LOOP('',(#841,#842,#843,#844));
#556=CYLINDRICAL_SURFACE('',#557,11.);
#557=AXIS2_PLACEMENT_3D('',#558,#559,#560);
#558=CARTESIAN_POINT('',(0.,0.,0.));
#559=DIRECTION('',(0.,0.,1.));
#560=DIRECTION('',(0.186363636363636,-0.982480836984275,0.));
#561=FACE_BOUND('',#562,.T.);
#562=EDGE_LOOP('',(#845,#846,#847,#848));
#563=CYLINDRICAL_SURFACE('',#564,11.);
#564=AXIS2_PLACEMENT_3D('',#565,#566,#567);
#565=CARTESIAN_POINT('',(0.,0.,0.));
#566=DIRECTION('',(0.,0.,1.));
#567=DIRECTION('',(0.186363636363636,-0.982480836984275,0.));
#568=FACE_BOUND('',#569,.T.);
#569=EDGE_LOOP('',(#849,#850,#851,#852));
#570=CYLINDRICAL_SURFACE('',#571,11.);
#571=AXIS2_PLACEMENT_3D('',#572,#573,#574);
#572=CARTESIAN_POINT('',(0.,0.,0.));
#573=DIRECTION('',(0.,0.,1.));
#574=DIRECTION('',(0.186363636363636,-0.982480836984275,0.));
#575=FACE_BOUND('',#576,.T.);
#576=EDGE_LOOP('',(#853,#854,#855,#856,#857,#858,#859,#860,#861,#862,#863,#864,#865,
#866,#867,#868,#869,#870,#871,#872,#873,#874,#875,#876,#877,#878,#879,#880,#881,
#882,#883,#884,#885,#886,#887,#888,#889,#890,#891,#892,#893,#894,#895,#896,#897,
#898,#899,#900,#901,#902,#903,#904,#905,#906,#907,#908,#909,#910,#911,#912,#913,
#914,#915));
#577=FACE_BOUND('',#578,.T.);
#578=EDGE_LOOP('',(#916,#917));
#579=PLANE('',#580);
#580=AXIS2_PLACEMENT_3D('',#581,#582,#583);
#581=CARTESIAN_POINT('',(0.,0.,0.));
#582=DIRECTION('',(0.,0.,1.));
#583=DIRECTION('',(-1.,1.22464679914735E-16,0.));
#584=FACE_BOUND('',#585,.T.);
#585=EDGE_LOOP('',(#918,#919,#920,#921,#922,#923,#924,#925,#926,#927,#928,#929,#930,
#931,#932,#933,#934,#935,#936,#937,#938,#939,#940,#941,#942,#943,#944,#945,#946,
#947,#948,#949,#950,#951,#952,#953,#954,#955,#956,#957,#958,#959,#960,#961,#962,
#963,#964,#965,#966,#967,#968,#969,#970,#971,#972,#973,#974,#975,#976,#977,#978,
#979,#980));
#586=FACE_BOUND('',#587,.T.);
#587=EDGE_LOOP('',(#981,#982));
#588=PLANE('',#589);
#589=AXIS2_PLACEMENT_3D('',#590,#591,#592);
#590=CARTESIAN_POINT('',(-11.891570779201,-14.1718221977011,6.));
#591=DIRECTION('',(0.,0.,1.));
#592=DIRECTION('',(0.831920915354834,-0.554894215680047,0.));
#593=ORIENTED_EDGE('',*,*,#983,.F.);
#594=ORIENTED_EDGE('',*,*,#984,.F.);
#595=ORIENTED_EDGE('',*,*,#985,.T.);
#596=ORIENTED_EDGE('',*,*,#986,.F.);
#597=ORIENTED_EDGE('',*,*,#985,.F.);
#598=ORIENTED_EDGE('',*,*,#987,.F.);
#599=ORIENTED_EDGE('',*,*,#983,.T.);
#600=ORIENTED_EDGE('',*,*,#988,.F.);
#601=ORIENTED_EDGE('',*,*,#989,.T.);
#602=ORIENTED_EDGE('',*,*,#990,.F.);
#603=ORIENTED_EDGE('',*,*,#991,.F.);
#604=ORIENTED_EDGE('',*,*,#992,.T.);
#605=ORIENTED_EDGE('',*,*,#991,.T.);
#606=ORIENTED_EDGE('',*,*,#993,.F.);
#607=ORIENTED_EDGE('',*,*,#994,.F.);
#608=ORIENTED_EDGE('',*,*,#995,.T.);
#609=ORIENTED_EDGE('',*,*,#996,.T.);
#610=ORIENTED_EDGE('',*,*,#994,.T.);
#611=ORIENTED_EDGE('',*,*,#997,.F.);
#612=ORIENTED_EDGE('',*,*,#998,.F.);
#613=ORIENTED_EDGE('',*,*,#999,.T.);
#614=ORIENTED_EDGE('',*,*,#998,.T.);
#615=ORIENTED_EDGE('',*,*,#1000,.F.);
#616=ORIENTED_EDGE('',*,*,#1001,.F.);
#617=ORIENTED_EDGE('',*,*,#1002,.T.);
#618=ORIENTED_EDGE('',*,*,#1003,.T.);
#619=ORIENTED_EDGE('',*,*,#1001,.T.);
#620=ORIENTED_EDGE('',*,*,#1004,.F.);
#621=ORIENTED_EDGE('',*,*,#1005,.T.);
#622=ORIENTED_EDGE('',*,*,#1006,.T.);
#623=ORIENTED_EDGE('',*,*,#1002,.F.);
#624=ORIENTED_EDGE('',*,*,#1007,.F.);
#625=ORIENTED_EDGE('',*,*,#1008,.T.);
#626=ORIENTED_EDGE('',*,*,#1009,.F.);
#627=ORIENTED_EDGE('',*,*,#1010,.F.);
#628=ORIENTED_EDGE('',*,*,#1011,.T.);
#629=ORIENTED_EDGE('',*,*,#1010,.T.);
#630=ORIENTED_EDGE('',*,*,#1012,.F.);
#631=ORIENTED_EDGE('',*,*,#1013,.F.);
#632=ORIENTED_EDGE('',*,*,#1014,.T.);
#633=ORIENTED_EDGE('',*,*,#1015,.T.);
#634=ORIENTED_EDGE('',*,*,#1013,.T.);
#635=ORIENTED_EDGE('',*,*,#1016,.F.);
#636=ORIENTED_EDGE('',*,*,#1017,.F.);
#637=ORIENTED_EDGE('',*,*,#1018,.T.);
#638=ORIENTED_EDGE('',*,*,#1017,.T.);
#639=ORIENTED_EDGE('',*,*,#1019,.F.);
#640=ORIENTED_EDGE('',*,*,#1020,.F.);
#641=ORIENTED_EDGE('',*,*,#1021,.T.);
#642=ORIENTED_EDGE('',*,*,#1022,.T.);
#643=ORIENTED_EDGE('',*,*,#1020,.T.);
#644=ORIENTED_EDGE('',*,*,#1023,.F.);
#645=ORIENTED_EDGE('',*,*,#1024,.T.);
#646=ORIENTED_EDGE('',*,*,#1025,.T.);
#647=ORIENTED_EDGE('',*,*,#1021,.F.);
#648=ORIENTED_EDGE('',*,*,#1026,.F.);
#649=ORIENTED_EDGE('',*,*,#1027,.T.);
#650=ORIENTED_EDGE('',*,*,#1028,.F.);
#651=ORIENTED_EDGE('',*,*,#1029,.F.);
#652=ORIENTED_EDGE('',*,*,#1030,.T.);
#653=ORIENTED_EDGE('',*,*,#1029,.T.);
#654=ORIENTED_EDGE('',*,*,#1031,.F.);
#655=ORIENTED_EDGE('',*,*,#1032,.F.);
#656=ORIENTED_EDGE('',*,*,#1033,.T.);
#657=ORIENTED_EDGE('',*,*,#1034,.T.);
#658=ORIENTED_EDGE('',*,*,#1032,.T.);
#659=ORIENTED_EDGE('',*,*,#1035,.F.);
#660=ORIENTED_EDGE('',*,*,#1036,.F.);
#661=ORIENTED_EDGE('',*,*,#1037,.T.);
#662=ORIENTED_EDGE('',*,*,#1036,.T.);
#663=ORIENTED_EDGE('',*,*,#1038,.F.);
#664=ORIENTED_EDGE('',*,*,#1039,.F.);
#665=ORIENTED_EDGE('',*,*,#1040,.T.);
#666=ORIENTED_EDGE('',*,*,#1041,.T.);
#667=ORIENTED_EDGE('',*,*,#1039,.T.);
#668=ORIENTED_EDGE('',*,*,#1042,.F.);
#669=ORIENTED_EDGE('',*,*,#1043,.T.);
#670=ORIENTED_EDGE('',*,*,#1044,.T.);
#671=ORIENTED_EDGE('',*,*,#1040,.F.);
#672=ORIENTED_EDGE('',*,*,#1045,.F.);
#673=ORIENTED_EDGE('',*,*,#1046,.T.);
#674=ORIENTED_EDGE('',*,*,#1047,.F.);
#675=ORIENTED_EDGE('',*,*,#1048,.F.);
#676=ORIENTED_EDGE('',*,*,#1049,.T.);
#677=ORIENTED_EDGE('',*,*,#1048,.T.);
#678=ORIENTED_EDGE('',*,*,#1050,.F.);
#679=ORIENTED_EDGE('',*,*,#1051,.F.);
#680=ORIENTED_EDGE('',*,*,#1052,.T.);
#681=ORIENTED_EDGE('',*,*,#1053,.T.);
#682=ORIENTED_EDGE('',*,*,#1051,.T.);
#683=ORIENTED_EDGE('',*,*,#1054,.F.);
#684=ORIENTED_EDGE('',*,*,#1055,.F.);
#685=ORIENTED_EDGE('',*,*,#1056,.T.);
#686=ORIENTED_EDGE('',*,*,#1055,.T.);
#687=ORIENTED_EDGE('',*,*,#1057,.F.);
#688=ORIENTED_EDGE('',*,*,#1058,.F.);
#689=ORIENTED_EDGE('',*,*,#1059,.T.);
#690=ORIENTED_EDGE('',*,*,#1060,.T.);
#691=ORIENTED_EDGE('',*,*,#1058,.T.);
#692=ORIENTED_EDGE('',*,*,#1061,.F.);
#693=ORIENTED_EDGE('',*,*,#1062,.T.);
#694=ORIENTED_EDGE('',*,*,#1063,.T.);
#695=ORIENTED_EDGE('',*,*,#1059,.F.);
#696=ORIENTED_EDGE('',*,*,#1064,.F.);
#697=ORIENTED_EDGE('',*,*,#1065,.T.);
#698=ORIENTED_EDGE('',*,*,#1066,.F.);
#699=ORIENTED_EDGE('',*,*,#1067,.F.);
#700=ORIENTED_EDGE('',*,*,#1068,.T.);
#701=ORIENTED_EDGE('',*,*,#1067,.T.);
#702=ORIENTED_EDGE('',*,*,#1069,.F.);
#703=ORIENTED_EDGE('',*,*,#1070,.F.);
#704=ORIENTED_EDGE('',*,*,#1071,.T.);
#705=ORIENTED_EDGE('',*,*,#1072,.T.);
#706=ORIENTED_EDGE('',*,*,#1070,.T.);
#707=ORIENTED_EDGE('',*,*,#1073,.F.);
#708=ORIENTED_EDGE('',*,*,#1074,.F.);
#709=ORIENTED_EDGE('',*,*,#1075,.T.);
#710=ORIENTED_EDGE('',*,*,#1074,.T.);
#711=ORIENTED_EDGE('',*,*,#1076,.F.);
#712=ORIENTED_EDGE('',*,*,#1077,.F.);
#713=ORIENTED_EDGE('',*,*,#1078,.T.);
#714=ORIENTED_EDGE('',*,*,#1079,.T.);
#715=ORIENTED_EDGE('',*,*,#1077,.T.);
#716=ORIENTED_EDGE('',*,*,#1080,.F.);
#717=ORIENTED_EDGE('',*,*,#1081,.T.);
#718=ORIENTED_EDGE('',*,*,#1082,.T.);
#719=ORIENTED_EDGE('',*,*,#1078,.F.);
#720=ORIENTED_EDGE('',*,*,#1083,.F.);
#721=ORIENTED_EDGE('',*,*,#1084,.T.);
#722=ORIENTED_EDGE('',*,*,#1085,.F.);
#723=ORIENTED_EDGE('',*,*,#1086,.F.);
#724=ORIENTED_EDGE('',*,*,#1087,.T.);
#725=ORIENTED_EDGE('',*,*,#1086,.T.);
#726=ORIENTED_EDGE('',*,*,#1088,.F.);
#727=ORIENTED_EDGE('',*,*,#1089,.F.);
#728=ORIENTED_EDGE('',*,*,#1090,.T.);
#729=ORIENTED_EDGE('',*,*,#1091,.T.);
#730=ORIENTED_EDGE('',*,*,#1089,.T.);
#731=ORIENTED_EDGE('',*,*,#1092,.F.);
#732=ORIENTED_EDGE('',*,*,#1093,.F.);
#733=ORIENTED_EDGE('',*,*,#1094,.T.);
#734=ORIENTED_EDGE('',*,*,#1093,.T.);
#735=ORIENTED_EDGE('',*,*,#1095,.F.);
#736=ORIENTED_EDGE('',*,*,#1096,.F.);
#737=ORIENTED_EDGE('',*,*,#1097,.T.);
#738=ORIENTED_EDGE('',*,*,#1098,.T.);
#739=ORIENTED_EDGE('',*,*,#1096,.T.);
#740=ORIENTED_EDGE('',*,*,#1099,.F.);
#741=ORIENTED_EDGE('',*,*,#1100,.T.);
#742=ORIENTED_EDGE('',*,*,#1101,.T.);
#743=ORIENTED_EDGE('',*,*,#1097,.F.);
#744=ORIENTED_EDGE('',*,*,#1102,.F.);
#745=ORIENTED_EDGE('',*,*,#1103,.T.);
#746=ORIENTED_EDGE('',*,*,#1104,.F.);
#747=ORIENTED_EDGE('',*,*,#1105,.F.);
#748=ORIENTED_EDGE('',*,*,#1106,.T.);
#749=ORIENTED_EDGE('',*,*,#1105,.T.);
#750=ORIENTED_EDGE('',*,*,#1107,.F.);
#751=ORIENTED_EDGE('',*,*,#1108,.F.);
#752=ORIENTED_EDGE('',*,*,#1109,.T.);
#753=ORIENTED_EDGE('',*,*,#1110,.T.);
#754=ORIENTED_EDGE('',*,*,#1108,.T.);
#755=ORIENTED_EDGE('',*,*,#1111,.F.);
#756=ORIENTED_EDGE('',*,*,#1112,.F.);
#757=ORIENTED_EDGE('',*,*,#1113,.T.);
#758=ORIENTED_EDGE('',*,*,#1112,.T.);
#759=ORIENTED_EDGE('',*,*,#1114,.F.);
#760=ORIENTED_EDGE('',*,*,#1115,.F.);
#761=ORIENTED_EDGE('',*,*,#1116,.T.);
#762=ORIENTED_EDGE('',*,*,#1117,.T.);
#763=ORIENTED_EDGE('',*,*,#1115,.T.);
#764=ORIENTED_EDGE('',*,*,#1118,.F.);
#765=ORIENTED_EDGE('',*,*,#1119,.T.);
#766=ORIENTED_EDGE('',*,*,#1120,.T.);
#767=ORIENTED_EDGE('',*,*,#1116,.F.);
#768=ORIENTED_EDGE('',*,*,#1121,.F.);
#769=ORIENTED_EDGE('',*,*,#1122,.T.);
#770=ORIENTED_EDGE('',*,*,#1123,.F.);
#771=ORIENTED_EDGE('',*,*,#1124,.F.);
#772=ORIENTED_EDGE('',*,*,#1125,.T.);
#773=ORIENTED_EDGE('',*,*,#1124,.T.);
#774=ORIENTED_EDGE('',*,*,#1126,.F.);
#775=ORIENTED_EDGE('',*,*,#1127,.F.);
#776=ORIENTED_EDGE('',*,*,#1128,.T.);
#777=ORIENTED_EDGE('',*,*,#1129,.T.);
#778=ORIENTED_EDGE('',*,*,#1127,.T.);
#779=ORIENTED_EDGE('',*,*,#1130,.F.);
#780=ORIENTED_EDGE('',*,*,#1131,.F.);
#781=ORIENTED_EDGE('',*,*,#1132,.T.);
#782=ORIENTED_EDGE('',*,*,#1131,.T.);
#783=ORIENTED_EDGE('',*,*,#1133,.F.);
#784=ORIENTED_EDGE('',*,*,#1134,.F.);
#785=ORIENTED_EDGE('',*,*,#1135,.T.);
#786=ORIENTED_EDGE('',*,*,#1136,.T.);
#787=ORIENTED_EDGE('',*,*,#1134,.T.);
#788=ORIENTED_EDGE('',*,*,#1137,.F.);
#789=ORIENTED_EDGE('',*,*,#1138,.T.);
#790=ORIENTED_EDGE('',*,*,#1139,.T.);
#791=ORIENTED_EDGE('',*,*,#1135,.F.);
#792=ORIENTED_EDGE('',*,*,#1140,.F.);
#793=ORIENTED_EDGE('',*,*,#1141,.T.);
#794=ORIENTED_EDGE('',*,*,#1142,.F.);
#795=ORIENTED_EDGE('',*,*,#1143,.F.);
#796=ORIENTED_EDGE('',*,*,#1144,.T.);
#797=ORIENTED_EDGE('',*,*,#1143,.T.);
#798=ORIENTED_EDGE('',*,*,#1145,.F.);
#799=ORIENTED_EDGE('',*,*,#1146,.F.);
#800=ORIENTED_EDGE('',*,*,#1147,.T.);
#801=ORIENTED_EDGE('',*,*,#1148,.T.);
#802=ORIENTED_EDGE('',*,*,#1146,.T.);
#803=ORIENTED_EDGE('',*,*,#1149,.F.);
#804=ORIENTED_EDGE('',*,*,#1150,.F.);
#805=ORIENTED_EDGE('',*,*,#1151,.T.);
#806=ORIENTED_EDGE('',*,*,#1150,.T.);
#807=ORIENTED_EDGE('',*,*,#1152,.F.);
#808=ORIENTED_EDGE('',*,*,#1153,.F.);
#809=ORIENTED_EDGE('',*,*,#1154,.T.);
#810=ORIENTED_EDGE('',*,*,#1155,.T.);
#811=ORIENTED_EDGE('',*,*,#1153,.T.);
#812=ORIENTED_EDGE('',*,*,#1156,.F.);
#813=ORIENTED_EDGE('',*,*,#1157,.T.);
#814=ORIENTED_EDGE('',*,*,#1158,.T.);
#815=ORIENTED_EDGE('',*,*,#1154,.F.);
#816=ORIENTED_EDGE('',*,*,#1159,.F.);
#817=ORIENTED_EDGE('',*,*,#989,.F.);
#818=ORIENTED_EDGE('',*,*,#1160,.T.);
#819=ORIENTED_EDGE('',*,*,#1157,.F.);
#820=ORIENTED_EDGE('',*,*,#1161,.F.);
#821=ORIENTED_EDGE('',*,*,#1005,.F.);
#822=ORIENTED_EDGE('',*,*,#1162,.F.);
#823=ORIENTED_EDGE('',*,*,#1008,.F.);
#824=ORIENTED_EDGE('',*,*,#1163,.T.);
#825=ORIENTED_EDGE('',*,*,#1024,.F.);
#826=ORIENTED_EDGE('',*,*,#1164,.F.);
#827=ORIENTED_EDGE('',*,*,#1027,.F.);
#828=ORIENTED_EDGE('',*,*,#1165,.T.);
#829=ORIENTED_EDGE('',*,*,#1043,.F.);
#830=ORIENTED_EDGE('',*,*,#1166,.F.);
#831=ORIENTED_EDGE('',*,*,#1046,.F.);
#832=ORIENTED_EDGE('',*,*,#1167,.T.);
#833=ORIENTED_EDGE('',*,*,#1062,.F.);
#834=ORIENTED_EDGE('',*,*,#1168,.F.);
#835=ORIENTED_EDGE('',*,*,#1065,.F.);
#836=ORIENTED_EDGE('',*,*,#1169,.T.);
#837=ORIENTED_EDGE('',*,*,#1081,.F.);
#838=ORIENTED_EDGE('',*,*,#1170,.F.);
#839=ORIENTED_EDGE('',*,*,#1084,.F.);
#840=ORIENTED_EDGE('',*,*,#1171,.T.);
#841=ORIENTED_EDGE('',*,*,#1100,.F.);
#842=ORIENTED_EDGE('',*,*,#1172,.F.);
#843=ORIENTED_EDGE('',*,*,#1103,.F.);
#844=ORIENTED_EDGE('',*,*,#1173,.T.);
#845=ORIENTED_EDGE('',*,*,#1119,.F.);
#846=ORIENTED_EDGE('',*,*,#1174,.F.);
#847=ORIENTED_EDGE('',*,*,#1122,.F.);
#848=ORIENTED_EDGE('',*,*,#1175,.T.);
#849=ORIENTED_EDGE('',*,*,#1138,.F.);
#850=ORIENTED_EDGE('',*,*,#1176,.F.);
#851=ORIENTED_EDGE('',*,*,#1141,.F.);
#852=ORIENTED_EDGE('',*,*,#1177,.T.);
#853=ORIENTED_EDGE('',*,*,#992,.F.);
#854=ORIENTED_EDGE('',*,*,#995,.F.);
#855=ORIENTED_EDGE('',*,*,#996,.F.);
#856=ORIENTED_EDGE('',*,*,#999,.F.);
#857=ORIENTED_EDGE('',*,*,#1003,.F.);
#858=ORIENTED_EDGE('',*,*,#1006,.F.);
#859=ORIENTED_EDGE('',*,*,#1163,.F.);
#860=ORIENTED_EDGE('',*,*,#1011,.F.);
#861=ORIENTED_EDGE('',*,*,#1014,.F.);
#862=ORIENTED_EDGE('',*,*,#1015,.F.);
#863=ORIENTED_EDGE('',*,*,#1018,.F.);
#864=ORIENTED_EDGE('',*,*,#1022,.F.);
#865=ORIENTED_EDGE('',*,*,#1025,.F.);
#866=ORIENTED_EDGE('',*,*,#1165,.F.);
#867=ORIENTED_EDGE('',*,*,#1030,.F.);
#868=ORIENTED_EDGE('',*,*,#1033,.F.);
#869=ORIENTED_EDGE('',*,*,#1034,.F.);
#870=ORIENTED_EDGE('',*,*,#1037,.F.);
#871=ORIENTED_EDGE('',*,*,#1041,.F.);
#872=ORIENTED_EDGE('',*,*,#1044,.F.);
#873=ORIENTED_EDGE('',*,*,#1167,.F.);
#874=ORIENTED_EDGE('',*,*,#1049,.F.);
#875=ORIENTED_EDGE('',*,*,#1052,.F.);
#876=ORIENTED_EDGE('',*,*,#1053,.F.);
#877=ORIENTED_EDGE('',*,*,#1056,.F.);
#878=ORIENTED_EDGE('',*,*,#1060,.F.);
#879=ORIENTED_EDGE('',*,*,#1063,.F.);
#880=ORIENTED_EDGE('',*,*,#1169,.F.);
#881=ORIENTED_EDGE('',*,*,#1068,.F.);
#882=ORIENTED_EDGE('',*,*,#1071,.F.);
#883=ORIENTED_EDGE('',*,*,#1072,.F.);
#884=ORIENTED_EDGE('',*,*,#1075,.F.);
#885=ORIENTED_EDGE('',*,*,#1079,.F.);
#886=ORIENTED_EDGE('',*,*,#1082,.F.);
#887=ORIENTED_EDGE('',*,*,#1171,.F.);
#888=ORIENTED_EDGE('',*,*,#1087,.F.);
#889=ORIENTED_EDGE('',*,*,#1090,.F.);
#890=ORIENTED_EDGE('',*,*,#1091,.F.);
#891=ORIENTED_EDGE('',*,*,#1094,.F.);
#892=ORIENTED_EDGE('',*,*,#1098,.F.);
#893=ORIENTED_EDGE('',*,*,#1101,.F.);
#894=ORIENTED_EDGE('',*,*,#1173,.F.);
#895=ORIENTED_EDGE('',*,*,#1106,.F.);
#896=ORIENTED_EDGE('',*,*,#1109,.F.);
#897=ORIENTED_EDGE('',*,*,#1110,.F.);
#898=ORIENTED_EDGE('',*,*,#1113,.F.);
#899=ORIENTED_EDGE('',*,*,#1117,.F.);
#900=ORIENTED_EDGE('',*,*,#1120,.F.);
#901=ORIENTED_EDGE('',*,*,#1175,.F.);
#902=ORIENTED_EDGE('',*,*,#1125,.F.);
#903=ORIENTED_EDGE('',*,*,#1128,.F.);
#904=ORIENTED_EDGE('',*,*,#1129,.F.);
#905=ORIENTED_EDGE('',*,*,#1132,.F.);
#906=ORIENTED_EDGE('',*,*,#1136,.F.);
#907=ORIENTED_EDGE('',*,*,#1139,.F.);
#908=ORIENTED_EDGE('',*,*,#1177,.F.);
#909=ORIENTED_EDGE('',*,*,#1144,.F.);
#910=ORIENTED_EDGE('',*,*,#1147,.F.);
#911=ORIENTED_EDGE('',*,*,#1148,.F.);
#912=ORIENTED_EDGE('',*,*,#1151,.F.);
#913=ORIENTED_EDGE('',*,*,#1155,.F.);
#914=ORIENTED_EDGE('',*,*,#1158,.F.);
#915=ORIENTED_EDGE('',*,*,#1160,.F.);
#916=ORIENTED_EDGE('',*,*,#987,.T.);
#917=ORIENTED_EDGE('',*,*,#984,.T.);
#918=ORIENTED_EDGE('',*,*,#1170,.T.);
#919=ORIENTED_EDGE('',*,*,#1083,.T.);
#920=ORIENTED_EDGE('',*,*,#1080,.T.);
#921=ORIENTED_EDGE('',*,*,#1076,.T.);
#922=ORIENTED_EDGE('',*,*,#1073,.T.);
#923=ORIENTED_EDGE('',*,*,#1069,.T.);
#924=ORIENTED_EDGE('',*,*,#1066,.T.);
#925=ORIENTED_EDGE('',*,*,#1168,.T.);
#926=ORIENTED_EDGE('',*,*,#1064,.T.);
#927=ORIENTED_EDGE('',*,*,#1061,.T.);
#928=ORIENTED_EDGE('',*,*,#1057,.T.);
#929=ORIENTED_EDGE('',*,*,#1054,.T.);
#930=ORIENTED_EDGE('',*,*,#1050,.T.);
#931=ORIENTED_EDGE('',*,*,#1047,.T.);
#932=ORIENTED_EDGE('',*,*,#1166,.T.);
#933=ORIENTED_EDGE('',*,*,#1045,.T.);
#934=ORIENTED_EDGE('',*,*,#1042,.T.);
#935=ORIENTED_EDGE('',*,*,#1038,.T.);
#936=ORIENTED_EDGE('',*,*,#1035,.T.);
#937=ORIENTED_EDGE('',*,*,#1031,.T.);
#938=ORIENTED_EDGE('',*,*,#1028,.T.);
#939=ORIENTED_EDGE('',*,*,#1164,.T.);
#940=ORIENTED_EDGE('',*,*,#1026,.T.);
#941=ORIENTED_EDGE('',*,*,#1023,.T.);
#942=ORIENTED_EDGE('',*,*,#1019,.T.);
#943=ORIENTED_EDGE('',*,*,#1016,.T.);
#944=ORIENTED_EDGE('',*,*,#1012,.T.);
#945=ORIENTED_EDGE('',*,*,#1009,.T.);
#946=ORIENTED_EDGE('',*,*,#1162,.T.);
#947=ORIENTED_EDGE('',*,*,#1007,.T.);
#948=ORIENTED_EDGE('',*,*,#1004,.T.);
#949=ORIENTED_EDGE('',*,*,#1000,.T.);
#950=ORIENTED_EDGE('',*,*,#997,.T.);
#951=ORIENTED_EDGE('',*,*,#993,.T.);
#952=ORIENTED_EDGE('',*,*,#990,.T.);
#953=ORIENTED_EDGE('',*,*,#1161,.T.);
#954=ORIENTED_EDGE('',*,*,#1159,.T.);
#955=ORIENTED_EDGE('',*,*,#1156,.T.);
#956=ORIENTED_EDGE('',*,*,#1152,.T.);
#957=ORIENTED_EDGE('',*,*,#1149,.T.);
#958=ORIENTED_EDGE('',*,*,#1145,.T.);
#959=ORIENTED_EDGE('',*,*,#1142,.T.);
#960=ORIENTED_EDGE('',*,*,#1176,.T.);
#961=ORIENTED_EDGE('',*,*,#1140,.T.);
#962=ORIENTED_EDGE('',*,*,#1137,.T.);
#963=ORIENTED_EDGE('',*,*,#1133,.T.);
#964=ORIENTED_EDGE('',*,*,#1130,.T.);
#965=ORIENTED_EDGE('',*,*,#1126,.T.);
#966=ORIENTED_EDGE('',*,*,#1123,.T.);
#967=ORIENTED_EDGE('',*,*,#1174,.T.);
#968=ORIENTED_EDGE('',*,*,#1121,.T.);
#969=ORIENTED_EDGE('',*,*,#1118,.T.);
#970=ORIENTED_EDGE('',*,*,#1114,.T.);
#971=ORIENTED_EDGE('',*,*,#1111,.T.);
#972=ORIENTED_EDGE('',*,*,#1107,.T.);
#973=ORIENTED_EDGE('',*,*,#1104,.T.);
#974=ORIENTED_EDGE('',*,*,#1172,.T.);
#975=ORIENTED_EDGE('',*,*,#1102,.T.);
#976=ORIENTED_EDGE('',*,*,#1099,.T.);
#977=ORIENTED_EDGE('',*,*,#1095,.T.);
#978=ORIENTED_EDGE('',*,*,#1092,.T.);
#979=ORIENTED_EDGE('',*,*,#1088,.T.);
#980=ORIENTED_EDGE('',*,*,#1085,.T.);
#981=ORIENTED_EDGE('',*,*,#988,.T.);
#982=ORIENTED_EDGE('',*,*,#986,.T.);
#983=EDGE_CURVE('',#1178,#1179,#1180,.T.);
#984=EDGE_CURVE('',#1181,#1178,#1182,.T.);
#985=EDGE_CURVE('',#1181,#1183,#1184,.T.);
#986=EDGE_CURVE('',#1179,#1183,#1185,.F.);
#987=EDGE_CURVE('',#1178,#1181,#1186,.T.);
#988=EDGE_CURVE('',#1183,#1179,#1187,.F.);
#989=EDGE_CURVE('',#1188,#1189,#1190,.T.);
#990=EDGE_CURVE('',#1191,#1189,#1192,.T.);
#991=EDGE_CURVE('',#1193,#1191,#1194,.T.);
#992=EDGE_CURVE('',#1193,#1188,#1195,.F.);
#993=EDGE_CURVE('',#1196,#1191,#1197,.T.);
#994=EDGE_CURVE('',#1198,#1196,#1199,.T.);
#995=EDGE_CURVE('',#1198,#1193,#1200,.T.);
#996=EDGE_CURVE('',#1201,#1198,#1202,.T.);
#997=EDGE_CURVE('',#1203,#1196,#1204,.T.);
#998=EDGE_CURVE('',#1201,#1203,#1205,.T.);
#999=EDGE_CURVE('',#1206,#1201,#1207,.T.);
#1000=EDGE_CURVE('',#1208,#1203,#1209,.T.);
#1001=EDGE_CURVE('',#1206,#1208,#1210,.T.);
#1002=EDGE_CURVE('',#1211,#1212,#1213,.F.);
#1003=EDGE_CURVE('',#1212,#1206,#1214,.T.);
#1004=EDGE_CURVE('',#1211,#1208,#1215,.T.);
#1005=EDGE_CURVE('',#1216,#1217,#1218,.F.);
#1006=EDGE_CURVE('',#1217,#1212,#1219,.F.);
#1007=EDGE_CURVE('',#1216,#1211,#1220,.T.);
#1008=EDGE_CURVE('',#1221,#1222,#1223,.T.);
#1009=EDGE_CURVE('',#1224,#1222,#1225,.T.);
#1010=EDGE_CURVE('',#1226,#1224,#1227,.T.);
#1011=EDGE_CURVE('',#1226,#1221,#1228,.F.);
#1012=EDGE_CURVE('',#1229,#1224,#1230,.T.);
#1013=EDGE_CURVE('',#1231,#1229,#1232,.T.);
#1014=EDGE_CURVE('',#1231,#1226,#1233,.T.);
#1015=EDGE_CURVE('',#1234,#1231,#1235,.T.);
#1016=EDGE_CURVE('',#1236,#1229,#1237,.T.);
#1017=EDGE_CURVE('',#1234,#1236,#1238,.T.);
#1018=EDGE_CURVE('',#1239,#1234,#1240,.T.);
#1019=EDGE_CURVE('',#1241,#1236,#1242,.T.);
#1020=EDGE_CURVE('',#1239,#1241,#1243,.T.);
#1021=EDGE_CURVE('',#1244,#1245,#1246,.F.);
#1022=EDGE_CURVE('',#1245,#1239,#1247,.T.);
#1023=EDGE_CURVE('',#1244,#1241,#1248,.T.);
#1024=EDGE_CURVE('',#1249,#1250,#1251,.F.);
#1025=EDGE_CURVE('',#1250,#1245,#1252,.F.);
#1026=EDGE_CURVE('',#1249,#1244,#1253,.T.);
#1027=EDGE_CURVE('',#1254,#1255,#1256,.T.);
#1028=EDGE_CURVE('',#1257,#1255,#1258,.T.);
#1029=EDGE_CURVE('',#1259,#1257,#1260,.T.);
#1030=EDGE_CURVE('',#1259,#1254,#1261,.F.);
#1031=EDGE_CURVE('',#1262,#1257,#1263,.T.);
#1032=EDGE_CURVE('',#1264,#1262,#1265,.T.);
#1033=EDGE_CURVE('',#1264,#1259,#1266,.T.);
#1034=EDGE_CURVE('',#1267,#1264,#1268,.T.);
#1035=EDGE_CURVE('',#1269,#1262,#1270,.T.);
#1036=EDGE_CURVE('',#1267,#1269,#1271,.T.);
#1037=EDGE_CURVE('',#1272,#1267,#1273,.T.);
#1038=EDGE_CURVE('',#1274,#1269,#1275,.T.);
#1039=EDGE_CURVE('',#1272,#1274,#1276,.T.);
#1040=EDGE_CURVE('',#1277,#1278,#1279,.F.);
#1041=EDGE_CURVE('',#1278,#1272,#1280,.T.);
#1042=EDGE_CURVE('',#1277,#1274,#1281,.T.);
#1043=EDGE_CURVE('',#1282,#1283,#1284,.F.);
#1044=EDGE_CURVE('',#1283,#1278,#1285,.F.);
#1045=EDGE_CURVE('',#1282,#1277,#1286,.T.);
#1046=EDGE_CURVE('',#1287,#1288,#1289,.T.);
#1047=EDGE_CURVE('',#1290,#1288,#1291,.T.);
#1048=EDGE_CURVE('',#1292,#1290,#1293,.T.);
#1049=EDGE_CURVE('',#1292,#1287,#1294,.F.);
#1050=EDGE_CURVE('',#1295,#1290,#1296,.T.);
#1051=EDGE_CURVE('',#1297,#1295,#1298,.T.);
#1052=EDGE_CURVE('',#1297,#1292,#1299,.T.);
#1053=EDGE_CURVE('',#1300,#1297,#1301,.T.);
#1054=EDGE_CURVE('',#1302,#1295,#1303,.T.);
#1055=EDGE_CURVE('',#1300,#1302,#1304,.T.);
#1056=EDGE_CURVE('',#1305,#1300,#1306,.T.);
#1057=EDGE_CURVE('',#1307,#1302,#1308,.T.);
#1058=EDGE_CURVE('',#1305,#1307,#1309,.T.);
#1059=EDGE_CURVE('',#1310,#1311,#1312,.F.);
#1060=EDGE_CURVE('',#1311,#1305,#1313,.T.);
#1061=EDGE_CURVE('',#1310,#1307,#1314,.T.);
#1062=EDGE_CURVE('',#1315,#1316,#1317,.F.);
#1063=EDGE_CURVE('',#1316,#1311,#1318,.F.);
#1064=EDGE_CURVE('',#1315,#1310,#1319,.T.);
#1065=EDGE_CURVE('',#1320,#1321,#1322,.T.);
#1066=EDGE_CURVE('',#1323,#1321,#1324,.T.);
#1067=EDGE_CURVE('',#1325,#1323,#1326,.T.);
#1068=EDGE_CURVE('',#1325,#1320,#1327,.F.);
#1069=EDGE_CURVE('',#1328,#1323,#1329,.T.);
#1070=EDGE_CURVE('',#1330,#1328,#1331,.T.);
#1071=EDGE_CURVE('',#1330,#1325,#1332,.T.);
#1072=EDGE_CURVE('',#1333,#1330,#1334,.T.);
#1073=EDGE_CURVE('',#1335,#1328,#1336,.T.);
#1074=EDGE_CURVE('',#1333,#1335,#1337,.T.);
#1075=EDGE_CURVE('',#1338,#1333,#1339,.T.);
#1076=EDGE_CURVE('',#1340,#1335,#1341,.T.);
#1077=EDGE_CURVE('',#1338,#1340,#1342,.T.);
#1078=EDGE_CURVE('',#1343,#1344,#1345,.F.);
#1079=EDGE_CURVE('',#1344,#1338,#1346,.T.);
#1080=EDGE_CURVE('',#1343,#1340,#1347,.T.);
#1081=EDGE_CURVE('',#1348,#1349,#1350,.F.);
#1082=EDGE_CURVE('',#1349,#1344,#1351,.F.);
#1083=EDGE_CURVE('',#1348,#1343,#1352,.T.);
#1084=EDGE_CURVE('',#1353,#1354,#1355,.T.);
#1085=EDGE_CURVE('',#1356,#1354,#1357,.T.);
#1086=EDGE_CURVE('',#1358,#1356,#1359,.T.);
#1087=EDGE_CURVE('',#1358,#1353,#1360,.F.);
#1088=EDGE_CURVE('',#1361,#1356,#1362,.T.);
#1089=EDGE_CURVE('',#1363,#1361,#1364,.T.);
#1090=EDGE_CURVE('',#1363,#1358,#1365,.T.);
#1091=EDGE_CURVE('',#1366,#1363,#1367,.T.);
#1092=EDGE_CURVE('',#1368,#1361,#1369,.T.);
#1093=EDGE_CURVE('',#1366,#1368,#1370,.T.);
#1094=EDGE_CURVE('',#1371,#1366,#1372,.T.);
#1095=EDGE_CURVE('',#1373,#1368,#1374,.T.);
#1096=EDGE_CURVE('',#1371,#1373,#1375,.T.);
#1097=EDGE_CURVE('',#1376,#1377,#1378,.F.);
#1098=EDGE_CURVE('',#1377,#1371,#1379,.T.);
#1099=EDGE_CURVE('',#1376,#1373,#1380,.T.);
#1100=EDGE_CURVE('',#1381,#1382,#1383,.F.);
#1101=EDGE_CURVE('',#1382,#1377,#1384,.F.);
#1102=EDGE_CURVE('',#1381,#1376,#1385,.T.);
#1103=EDGE_CURVE('',#1386,#1387,#1388,.T.);
#1104=EDGE_CURVE('',#1389,#1387,#1390,.T.);
#1105=EDGE_CURVE('',#1391,#1389,#1392,.T.);
#1106=EDGE_CURVE('',#1391,#1386,#1393,.F.);
#1107=EDGE_CURVE('',#1394,#1389,#1395,.T.);
#1108=EDGE_CURVE('',#1396,#1394,#1397,.T.);
#1109=EDGE_CURVE('',#1396,#1391,#1398,.T.);
#1110=EDGE_CURVE('',#1399,#1396,#1400,.T.);
#1111=EDGE_CURVE('',#1401,#1394,#1402,.T.);
#1112=EDGE_CURVE('',#1399,#1401,#1403,.T.);
#1113=EDGE_CURVE('',#1404,#1399,#1405,.T.);
#1114=EDGE_CURVE('',#1406,#1401,#1407,.T.);
#1115=EDGE_CURVE('',#1404,#1406,#1408,.T.);
#1116=EDGE_CURVE('',#1409,#1410,#1411,.F.);
#1117=EDGE_CURVE('',#1410,#1404,#1412,.T.);
#1118=EDGE_CURVE('',#1409,#1406,#1413,.T.);
#1119=EDGE_CURVE('',#1414,#1415,#1416,.F.);
#1120=EDGE_CURVE('',#1415,#1410,#1417,.F.);
#1121=EDGE_CURVE('',#1414,#1409,#1418,.T.);
#1122=EDGE_CURVE('',#1419,#1420,#1421,.T.);
#1123=EDGE_CURVE('',#1422,#1420,#1423,.T.);
#1124=EDGE_CURVE('',#1424,#1422,#1425,.T.);
#1125=EDGE_CURVE('',#1424,#1419,#1426,.F.);
#1126=EDGE_CURVE('',#1427,#1422,#1428,.T.);
#1127=EDGE_CURVE('',#1429,#1427,#1430,.T.);
#1128=EDGE_CURVE('',#1429,#1424,#1431,.T.);
#1129=EDGE_CURVE('',#1432,#1429,#1433,.T.);
#1130=EDGE_CURVE('',#1434,#1427,#1435,.T.);
#1131=EDGE_CURVE('',#1432,#1434,#1436,.T.);
#1132=EDGE_CURVE('',#1437,#1432,#1438,.T.);
#1133=EDGE_CURVE('',#1439,#1434,#1440,.T.);
#1134=EDGE_CURVE('',#1437,#1439,#1441,.T.);
#1135=EDGE_CURVE('',#1442,#1443,#1444,.F.);
#1136=EDGE_CURVE('',#1443,#1437,#1445,.T.);
#1137=EDGE_CURVE('',#1442,#1439,#1446,.T.);
#1138=EDGE_CURVE('',#1447,#1448,#1449,.F.);
#1139=EDGE_CURVE('',#1448,#1443,#1450,.F.);
#1140=EDGE_CURVE('',#1447,#1442,#1451,.T.);
#1141=EDGE_CURVE('',#1452,#1453,#1454,.T.);
#1142=EDGE_CURVE('',#1455,#1453,#1456,.T.);
#1143=EDGE_CURVE('',#1457,#1455,#1458,.T.);
#1144=EDGE_CURVE('',#1457,#1452,#1459,.F.);
#1145=EDGE_CURVE('',#1460,#1455,#1461,.T.);
#1146=EDGE_CURVE('',#1462,#1460,#1463,.T.);
#1147=EDGE_CURVE('',#1462,#1457,#1464,.T.);
#1148=EDGE_CURVE('',#1465,#1462,#1466,.T.);
#1149=EDGE_CURVE('',#1467,#1460,#1468,.T.);
#1150=EDGE_CURVE('',#1465,#1467,#1469,.T.);
#1151=EDGE_CURVE('',#1470,#1465,#1471,.T.);
#1152=EDGE_CURVE('',#1472,#1467,#1473,.T.);
#1153=EDGE_CURVE('',#1470,#1472,#1474,.T.);
#1154=EDGE_CURVE('',#1475,#1476,#1477,.F.);
#1155=EDGE_CURVE('',#1476,#1470,#1478,.T.);
#1156=EDGE_CURVE('',#1475,#1472,#1479,.T.);
#1157=EDGE_CURVE('',#1480,#1481,#1482,.F.);
#1158=EDGE_CURVE('',#1481,#1476,#1483,.F.);
#1159=EDGE_CURVE('',#1480,#1475,#1484,.T.);
#1160=EDGE_CURVE('',#1188,#1481,#1485,.T.);
#1161=EDGE_CURVE('',#1189,#1480,#1486,.T.);
#1162=EDGE_CURVE('',#1222,#1216,#1487,.T.);
#1163=EDGE_CURVE('',#1221,#1217,#1488,.T.);
#1164=EDGE_CURVE('',#1255,#1249,#1489,.T.);
#1165=EDGE_CURVE('',#1254,#1250,#1490,.T.);
#1166=EDGE_CURVE('',#1288,#1282,#1491,.T.);
#1167=EDGE_CURVE('',#1287,#1283,#1492,.T.);
#1168=EDGE_CURVE('',#1321,#1315,#1493,.T.);
#1169=EDGE_CURVE('',#1320,#1316,#1494,.T.);
#1170=EDGE_CURVE('',#1354,#1348,#1495,.T.);
#1171=EDGE_CURVE('',#1353,#1349,#1496,.T.);
#1172=EDGE_CURVE('',#1387,#1381,#1497,.T.);
#1173=EDGE_CURVE('',#1386,#1382,#1498,.T.);
#1174=EDGE_CURVE('',#1420,#1414,#1499,.T.);
#1175=EDGE_CURVE('',#1419,#1415,#1500,.T.);
#1176=EDGE_CURVE('',#1453,#1447,#1501,.T.);
#1177=EDGE_CURVE('',#1452,#1448,#1502,.T.);
#1178=VERTEX_POINT('',#1503);
#1179=VERTEX_POINT('',#1504);
#1180=LINE('',#1505,#1506);
#1181=VERTEX_POINT('',#1508);
#1182=CIRCLE('',#1509,4.1);
#1183=VERTEX_POINT('',#1513);
#1184=LINE('',#1514,#1515);
#1185=CIRCLE('',#1517,4.1);
#1186=LINE('',#1521,#1522);
#1187=LINE('',#1524,#1525);
#1188=VERTEX_POINT('',#1527);
#1189=VERTEX_POINT('',#1528);
#1190=LINE('',#1529,#1530);
#1191=VERTEX_POINT('',#1532);
#1192=CIRCLE('',#1533,2.6);
#1193=VERTEX_POINT('',#1537);
#1194=LINE('',#1538,#1539);
#1195=CIRCLE('',#1541,2.6);
#1196=VERTEX_POINT('',#1545);
#1197=LINE('',#1546,#1547);
#1198=VERTEX_POINT('',#1549);
#1199=LINE('',#1550,#1551);
#1200=LINE('',#1553,#1554);
#1201=VERTEX_POINT('',#1556);
#1202=CIRCLE('',#1557,2.30252952550376);
#1203=VERTEX_POINT('',#1561);
#1204=CIRCLE('',#1562,2.30252952550376);
#1205=LINE('',#1566,#1567);
#1206=VERTEX_POINT('',#1569);
#1207=CIRCLE('',#1570,2.30252952550376);
#1208=VERTEX_POINT('',#1574);
#1209=CIRCLE('',#1575,2.30252952550376);
#1210=LINE('',#1579,#1580);
#1211=VERTEX_POINT('',#1582);
#1212=VERTEX_POINT('',#1583);
#1213=LINE('',#1584,#1585);
#1214=LINE('',#1587,#1588);
#1215=LINE('',#1590,#1591);
#1216=VERTEX_POINT('',#1593);
#1217=VERTEX_POINT('',#1594);
#1218=LINE('',#1595,#1596);
#1219=CIRCLE('',#1598,2.59999999999999);
#1220=CIRCLE('',#1602,2.6);
#1221=VERTEX_POINT('',#1606);
#1222=VERTEX_POINT('',#1607);
#1223=LINE('',#1608,#1609);
#1224=VERTEX_POINT('',#1611);
#1225=CIRCLE('',#1612,2.6);
#1226=VERTEX_POINT('',#1616);
#1227=LINE('',#1617,#1618);
#1228=CIRCLE('',#1620,2.6);
#1229=VERTEX_POINT('',#1624);
#1230=LINE('',#1625,#1626);
#1231=VERTEX_POINT('',#1628);
#1232=LINE('',#1629,#1630);
#1233=LINE('',#1632,#1633);
#1234=VERTEX_POINT('',#1635);
#1235=CIRCLE('',#1636,2.30252952550376);
#1236=VERTEX_POINT('',#1640);
#1237=CIRCLE('',#1641,2.30252952550376);
#1238=LINE('',#1645,#1646);
#1239=VERTEX_POINT('',#1648);
#1240=CIRCLE('',#1649,2.30252952550376);
#1241=VERTEX_POINT('',#1653);
#1242=CIRCLE('',#1654,2.30252952550376);
#1243=LINE('',#1658,#1659);
#1244=VERTEX_POINT('',#1661);
#1245=VERTEX_POINT('',#1662);
#1246=LINE('',#1663,#1664);
#1247=LINE('',#1666,#1667);
#1248=LINE('',#1669,#1670);
#1249=VERTEX_POINT('',#1672);
#1250=VERTEX_POINT('',#1673);
#1251=LINE('',#1674,#1675);
#1252=CIRCLE('',#1677,2.59999999999999);
#1253=CIRCLE('',#1681,2.6);
#1254=VERTEX_POINT('',#1685);
#1255=VERTEX_POINT('',#1686);
#1256=LINE('',#1687,#1688);
#1257=VERTEX_POINT('',#1690);
#1258=CIRCLE('',#1691,2.6);
#1259=VERTEX_POINT('',#1695);
#1260=LINE('',#1696,#1697);
#1261=CIRCLE('',#1699,2.6);
#1262=VERTEX_POINT('',#1703);
#1263=LINE('',#1704,#1705);
#1264=VERTEX_POINT('',#1707);
#1265=LINE('',#1708,#1709);
#1266=LINE('',#1711,#1712);
#1267=VERTEX_POINT('',#1714);
#1268=CIRCLE('',#1715,2.30252952550376);
#1269=VERTEX_POINT('',#1719);
#1270=CIRCLE('',#1720,2.30252952550376);
#1271=LINE('',#1724,#1725);
#1272=VERTEX_POINT('',#1727);
#1273=CIRCLE('',#1728,2.30252952550376);
#1274=VERTEX_POINT('',#1732);
#1275=CIRCLE('',#1733,2.30252952550376);
#1276=LINE('',#1737,#1738);
#1277=VERTEX_POINT('',#1740);
#1278=VERTEX_POINT('',#1741);
#1279=LINE('',#1742,#1743);
#1280=LINE('',#1745,#1746);
#1281=LINE('',#1748,#1749);
#1282=VERTEX_POINT('',#1751);
#1283=VERTEX_POINT('',#1752);
#1284=LINE('',#1753,#1754);
#1285=CIRCLE('',#1756,2.6);
#1286=CIRCLE('',#1760,2.6);
#1287=VERTEX_POINT('',#1764);
#1288=VERTEX_POINT('',#1765);
#1289=LINE('',#1766,#1767);
#1290=VERTEX_POINT('',#1769);
#1291=CIRCLE('',#1770,2.6);
#1292=VERTEX_POINT('',#1774);
#1293=LINE('',#1775,#1776);
#1294=CIRCLE('',#1778,2.6);
#1295=VERTEX_POINT('',#1782);
#1296=LINE('',#1783,#1784);
#1297=VERTEX_POINT('',#1786);
#1298=LINE('',#1787,#1788);
#1299=LINE('',#1790,#1791);
#1300=VERTEX_POINT('',#1793);
#1301=CIRCLE('',#1794,2.30252952550376);
#1302=VERTEX_POINT('',#1798);
#1303=CIRCLE('',#1799,2.30252952550376);
#1304=LINE('',#1803,#1804);
#1305=VERTEX_POINT('',#1806);
#1306=CIRCLE('',#1807,2.30252952550376);
#1307=VERTEX_POINT('',#1811);
#1308=CIRCLE('',#1812,2.30252952550376);
#1309=LINE('',#1816,#1817);
#1310=VERTEX_POINT('',#1819);
#1311=VERTEX_POINT('',#1820);
#1312=LINE('',#1821,#1822);
#1313=LINE('',#1824,#1825);
#1314=LINE('',#1827,#1828);
#1315=VERTEX_POINT('',#1830);
#1316=VERTEX_POINT('',#1831);
#1317=LINE('',#1832,#1833);
#1318=CIRCLE('',#1835,2.6);
#1319=CIRCLE('',#1839,2.6);
#1320=VERTEX_POINT('',#1843);
#1321=VERTEX_POINT('',#1844);
#1322=LINE('',#1845,#1846);
#1323=VERTEX_POINT('',#1848);
#1324=CIRCLE('',#1849,2.6);
#1325=VERTEX_POINT('',#1853);
#1326=LINE('',#1854,#1855);
#1327=CIRCLE('',#1857,2.6);
#1328=VERTEX_POINT('',#1861);
#1329=LINE('',#1862,#1863);
#1330=VERTEX_POINT('',#1865);
#1331=LINE('',#1866,#1867);
#1332=LINE('',#1869,#1870);
#1333=VERTEX_POINT('',#1872);
#1334=CIRCLE('',#1873,2.30252952550376);
#1335=VERTEX_POINT('',#1877);
#1336=CIRCLE('',#1878,2.30252952550376);
#1337=LINE('',#1882,#1883);
#1338=VERTEX_POINT('',#1885);
#1339=CIRCLE('',#1886,2.30252952550376);
#1340=VERTEX_POINT('',#1890);
#1341=CIRCLE('',#1891,2.30252952550376);
#1342=LINE('',#1895,#1896);
#1343=VERTEX_POINT('',#1898);
#1344=VERTEX_POINT('',#1899);
#1345=LINE('',#1900,#1901);
#1346=LINE('',#1903,#1904);
#1347=LINE('',#1906,#1907);
#1348=VERTEX_POINT('',#1909);
#1349=VERTEX_POINT('',#1910);
#1350=LINE('',#1911,#1912);
#1351=CIRCLE('',#1914,2.6);
#1352=CIRCLE('',#1918,2.6);
#1353=VERTEX_POINT('',#1922);
#1354=VERTEX_POINT('',#1923);
#1355=LINE('',#1924,#1925);
#1356=VERTEX_POINT('',#1927);
#1357=CIRCLE('',#1928,2.6);
#1358=VERTEX_POINT('',#1932);
#1359=LINE('',#1933,#1934);
#1360=CIRCLE('',#1936,2.6);
#1361=VERTEX_POINT('',#1940);
#1362=LINE('',#1941,#1942);
#1363=VERTEX_POINT('',#1944);
#1364=LINE('',#1945,#1946);
#1365=LINE('',#1948,#1949);
#1366=VERTEX_POINT('',#1951);
#1367=CIRCLE('',#1952,2.30252952550376);
#1368=VERTEX_POINT('',#1956);
#1369=CIRCLE('',#1957,2.30252952550376);
#1370=LINE('',#1961,#1962);
#1371=VERTEX_POINT('',#1964);
#1372=CIRCLE('',#1965,2.30252952550376);
#1373=VERTEX_POINT('',#1969);
#1374=CIRCLE('',#1970,2.30252952550376);
#1375=LINE('',#1974,#1975);
#1376=VERTEX_POINT('',#1977);
#1377=VERTEX_POINT('',#1978);
#1378=LINE('',#1979,#1980);
#1379=LINE('',#1982,#1983);
#1380=LINE('',#1985,#1986);
#1381=VERTEX_POINT('',#1988);
#1382=VERTEX_POINT('',#1989);
#1383=LINE('',#1990,#1991);
#1384=CIRCLE('',#1993,2.6);
#1385=CIRCLE('',#1997,2.6);
#1386=VERTEX_POINT('',#2001);
#1387=VERTEX_POINT('',#2002);
#1388=LINE('',#2003,#2004);
#1389=VERTEX_POINT('',#2006);
#1390=CIRCLE('',#2007,2.6);
#1391=VERTEX_POINT('',#2011);
#1392=LINE('',#2012,#2013);
#1393=CIRCLE('',#2015,2.6);
#1394=VERTEX_POINT('',#2019);
#1395=LINE('',#2020,#2021);
#1396=VERTEX_POINT('',#2023);
#1397=LINE('',#2024,#2025);
#1398=LINE('',#2027,#2028);
#1399=VERTEX_POINT('',#2030);
#1400=CIRCLE('',#2031,2.30252952550376);
#1401=VERTEX_POINT('',#2035);
#1402=CIRCLE('',#2036,2.30252952550376);
#1403=LINE('',#2040,#2041);
#1404=VERTEX_POINT('',#2043);
#1405=CIRCLE('',#2044,2.30252952550376);
#1406=VERTEX_POINT('',#2048);
#1407=CIRCLE('',#2049,2.30252952550376);
#1408=LINE('',#2053,#2054);
#1409=VERTEX_POINT('',#2056);
#1410=VERTEX_POINT('',#2057);
#1411=LINE('',#2058,#2059);
#1412=LINE('',#2061,#2062);
#1413=LINE('',#2064,#2065);
#1414=VERTEX_POINT('',#2067);
#1415=VERTEX_POINT('',#2068);
#1416=LINE('',#2069,#2070);
#1417=CIRCLE('',#2072,2.6);
#1418=CIRCLE('',#2076,2.6);
#1419=VERTEX_POINT('',#2080);
#1420=VERTEX_POINT('',#2081);
#1421=LINE('',#2082,#2083);
#1422=VERTEX_POINT('',#2085);
#1423=CIRCLE('',#2086,2.6);
#1424=VERTEX_POINT('',#2090);
#1425=LINE('',#2091,#2092);
#1426=CIRCLE('',#2094,2.6);
#1427=VERTEX_POINT('',#2098);
#1428=LINE('',#2099,#2100);
#1429=VERTEX_POINT('',#2102);
#1430=LINE('',#2103,#2104);
#1431=LINE('',#2106,#2107);
#1432=VERTEX_POINT('',#2109);
#1433=CIRCLE('',#2110,2.30252952550376);
#1434=VERTEX_POINT('',#2114);
#1435=CIRCLE('',#2115,2.30252952550376);
#1436=LINE('',#2119,#2120);
#1437=VERTEX_POINT('',#2122);
#1438=CIRCLE('',#2123,2.30252952550376);
#1439=VERTEX_POINT('',#2127);
#1440=CIRCLE('',#2128,2.30252952550376);
#1441=LINE('',#2132,#2133);
#1442=VERTEX_POINT('',#2135);
#1443=VERTEX_POINT('',#2136);
#1444=LINE('',#2137,#2138);
#1445=LINE('',#2140,#2141);
#1446=LINE('',#2143,#2144);
#1447=VERTEX_POINT('',#2146);
#1448=VERTEX_POINT('',#2147);
#1449=LINE('',#2148,#2149);
#1450=CIRCLE('',#2151,2.6);
#1451=CIRCLE('',#2155,2.6);
#1452=VERTEX_POINT('',#2159);
#1453=VERTEX_POINT('',#2160);
#1454=LINE('',#2161,#2162);
#1455=VERTEX_POINT('',#2164);
#1456=CIRCLE('',#2165,2.6);
#1457=VERTEX_POINT('',#2169);
#1458=LINE('',#2170,#2171);
#1459=CIRCLE('',#2173,2.6);
#1460=VERTEX_POINT('',#2177);
#1461=LINE('',#2178,#2179);
#1462=VERTEX_POINT('',#2181);
#1463=LINE('',#2182,#2183);
#1464=LINE('',#2185,#2186);
#1465=VERTEX_POINT('',#2188);
#1466=CIRCLE('',#2189,2.30252952550376);
#1467=VERTEX_POINT('',#2193);
#1468=CIRCLE('',#2194,2.30252952550376);
#1469=LINE('',#2198,#2199);
#1470=VERTEX_POINT('',#2201);
#1471=CIRCLE('',#2202,2.30252952550376);
#1472=VERTEX_POINT('',#2206);
#1473=CIRCLE('',#2207,2.30252952550376);
#1474=LINE('',#2211,#2212);
#1475=VERTEX_POINT('',#2214);
#1476=VERTEX_POINT('',#2215);
#1477=LINE('',#2216,#2217);
#1478=LINE('',#2219,#2220);
#1479=LINE('',#2222,#2223);
#1480=VERTEX_POINT('',#2225);
#1481=VERTEX_POINT('',#2226);
#1482=LINE('',#2227,#2228);
#1483=CIRCLE('',#2230,2.6);
#1484=CIRCLE('',#2234,2.6);
#1485=CIRCLE('',#2238,11.);
#1486=CIRCLE('',#2242,11.);
#1487=(BOUNDED_CURVE()B_SPLINE_CURVE(3,
(#2246,#2247,#2248,#2249),
.UNSPECIFIED.,.F.,.F.)B_SPLINE_CURVE_WITH_KNOTS((4,4),
(0.,1.),
.UNSPECIFIED.)CURVE()GEOMETRIC_REPRESENTATION_ITEM()RATIONAL_B_SPLINE_CURVE((1.,
0.9999999955662,0.9999999955662,1.))REPRESENTATION_ITEM(''));
#1488=(BOUNDED_CURVE()B_SPLINE_CURVE(3,
(#2250,#2251,#2252,#2253),
.UNSPECIFIED.,.F.,.F.)B_SPLINE_CURVE_WITH_KNOTS((4,4),
(0.,1.),
.UNSPECIFIED.)CURVE()GEOMETRIC_REPRESENTATION_ITEM()RATIONAL_B_SPLINE_CURVE((1.,
0.9999999955662,0.9999999955662,1.))REPRESENTATION_ITEM(''));
#1489=CIRCLE('',#2254,11.);
#1490=CIRCLE('',#2258,11.);
#1491=(BOUNDED_CURVE()B_SPLINE_CURVE(3,
(#2262,#2263,#2264,#2265),
.UNSPECIFIED.,.F.,.F.)B_SPLINE_CURVE_WITH_KNOTS((4,4),
(0.,1.),
.UNSPECIFIED.)CURVE()GEOMETRIC_REPRESENTATION_ITEM()RATIONAL_B_SPLINE_CURVE((1.,
0.9999999955662,0.9999999955662,1.))REPRESENTATION_ITEM(''));
#1492=(BOUNDED_CURVE()B_SPLINE_CURVE(3,
(#2266,#2267,#2268,#2269),
.UNSPECIFIED.,.F.,.F.)B_SPLINE_CURVE_WITH_KNOTS((4,4),
(0.,1.),
.UNSPECIFIED.)CURVE()GEOMETRIC_REPRESENTATION_ITEM()RATIONAL_B_SPLINE_CURVE((1.,
0.9999999955662,0.9999999955662,1.))REPRESENTATION_ITEM(''));
#1493=CIRCLE('',#2270,11.);
#1494=CIRCLE('',#2274,11.);
#1495=(BOUNDED_CURVE()B_SPLINE_CURVE(3,
(#2278,#2279,#2280,#2281),
.UNSPECIFIED.,.F.,.F.)B_SPLINE_CURVE_WITH_KNOTS((4,4),
(0.,1.),
.UNSPECIFIED.)CURVE()GEOMETRIC_REPRESENTATION_ITEM()RATIONAL_B_SPLINE_CURVE((1.,
0.9999999955662,0.9999999955662,1.))REPRESENTATION_ITEM(''));
#1496=(BOUNDED_CURVE()B_SPLINE_CURVE(3,
(#2282,#2283,#2284,#2285),
.UNSPECIFIED.,.F.,.F.)B_SPLINE_CURVE_WITH_KNOTS((4,4),
(0.,1.),
.UNSPECIFIED.)CURVE()GEOMETRIC_REPRESENTATION_ITEM()RATIONAL_B_SPLINE_CURVE((1.,
0.9999999955662,0.9999999955662,1.))REPRESENTATION_ITEM(''));
#1497=CIRCLE('',#2286,11.);
#1498=CIRCLE('',#2290,11.);
#1499=(BOUNDED_CURVE()B_SPLINE_CURVE(3,
(#2294,#2295,#2296,#2297),
.UNSPECIFIED.,.F.,.F.)B_SPLINE_CURVE_WITH_KNOTS((4,4),
(0.,1.),
.UNSPECIFIED.)CURVE()GEOMETRIC_REPRESENTATION_ITEM()RATIONAL_B_SPLINE_CURVE((1.,
0.9999999955662,0.9999999955662,1.))REPRESENTATION_ITEM(''));
#1500=(BOUNDED_CURVE()B_SPLINE_CURVE(3,
(#2298,#2299,#2300,#2301),
.UNSPECIFIED.,.F.,.F.)B_SPLINE_CURVE_WITH_KNOTS((4,4),
(0.,1.),
.UNSPECIFIED.)CURVE()GEOMETRIC_REPRESENTATION_ITEM()RATIONAL_B_SPLINE_CURVE((1.,
0.9999999955662,0.9999999955662,1.))REPRESENTATION_ITEM(''));
#1501=CIRCLE('',#2302,11.);
#1502=CIRCLE('',#2306,11.);
#1503=CARTESIAN_POINT('',(-2.8776135212275,-2.920503453593,0.));
#1504=CARTESIAN_POINT('',(-2.87761352122751,-2.92050345359299,6.));
#1505=CARTESIAN_POINT('',(-2.8776135212275,-2.920503453593,0.));
#1506=VECTOR('',#1507,1.);
#1507=DIRECTION('',(-2.22044604925031E-16,0.,1.));
#1508=CARTESIAN_POINT('',(2.87761352122751,-2.920503453593,0.));
#1509=AXIS2_PLACEMENT_3D('',#1510,#1511,#1512);
#1510=CARTESIAN_POINT('',(8.47050928771412E-16,0.,0.));
#1511=DIRECTION('',(0.,0.,1.));
#1512=DIRECTION('',(0.701856956396952,-0.712317915510488,0.));
#1513=CARTESIAN_POINT('',(2.87761352122751,-2.920503453593,6.));
#1514=CARTESIAN_POINT('',(2.87761352122751,-2.920503453593,0.));
#1515=VECTOR('',#1516,1.);
#1516=DIRECTION('',(7.40148683083438E-17,0.,1.));
#1517=AXIS2_PLACEMENT_3D('',#1518,#1519,#1520);
#1518=CARTESIAN_POINT('',(0.,3.5527136788005E-15,6.));
#1519=DIRECTION('',(0.,0.,1.));
#1520=DIRECTION('',(0.701856956396952,-0.712317915510488,0.));
#1521=CARTESIAN_POINT('',(-2.8776135212275,-2.920503453593,0.));
#1522=VECTOR('',#1523,1.);
#1523=DIRECTION('',(1.,0.,0.));
#1524=CARTESIAN_POINT('',(-2.87761352122751,-2.920503453593,6.));
#1525=VECTOR('',#1526,1.);
#1526=DIRECTION('',(1.,0.,0.));
#1527=CARTESIAN_POINT('',(-3.76341369135719,-10.3361848564983,1.85037170770859E-16));
#1528=CARTESIAN_POINT('',(-3.76341369135718,-10.3361848564983,6.));
#1529=CARTESIAN_POINT('',(-3.7634136913572,-10.3361848564983,1.11022302462516E-15));
#1530=VECTOR('',#1531,1.);
#1531=DIRECTION('',(0.,0.,1.));
#1532=CARTESIAN_POINT('',(-6.64466338869642,-11.108035310122,6.));
#1533=AXIS2_PLACEMENT_3D('',#1534,#1535,#1536);
#1534=CARTESIAN_POINT('',(-4.65294783658708,-12.779283095307,6.));
#1535=DIRECTION('',(0.,0.,-1.));
#1536=DIRECTION('',(-0.766044443118978,0.642787609686539,0.));
#1537=CARTESIAN_POINT('',(-6.64466338869642,-11.108035310122,1.48029736616688E-16));
#1538=CARTESIAN_POINT('',(-6.64466338869642,-11.108035310122,4.44089209850063E-16));
#1539=VECTOR('',#1540,1.);
#1540=DIRECTION('',(1.48029736616688E-16,0.,1.));
#1541=AXIS2_PLACEMENT_3D('',#1542,#1543,#1544);
#1542=CARTESIAN_POINT('',(-4.65294783658708,-12.779283095307,0.));
#1543=DIRECTION('',(0.,0.,1.));
#1544=DIRECTION('',(0.342128517396114,0.939653168772573,0.));
#1545=CARTESIAN_POINT('',(-8.85007051593689,-13.7363371771437,6.));
#1546=CARTESIAN_POINT('',(-8.85007051593689,-13.7363371771437,6.));
#1547=VECTOR('',#1548,1.);
#1548=DIRECTION('',(0.64278760968654,0.766044443118978,0.));
#1549=CARTESIAN_POINT('',(-8.85007051593689,-13.7363371771437,0.));
#1550=CARTESIAN_POINT('',(-8.85007051593689,-13.7363371771437,0.));
#1551=VECTOR('',#1552,1.);
#1552=DIRECTION('',(0.,2.96059473233375E-16,1.));
#1553=CARTESIAN_POINT('',(-8.85007051593689,-13.7363371771437,0.));
#1554=VECTOR('',#1555,1.);
#1555=DIRECTION('',(0.64278760968654,0.766044443118978,0.));
#1556=CARTESIAN_POINT('',(-11.891570779201,-14.1718221977011,0.));
#1557=AXIS2_PLACEMENT_3D('',#1558,#1559,#1560);
#1558=CARTESIAN_POINT('',(-10.6139104640664,-12.2562997272125,0.));
#1559=DIRECTION('',(0.,0.,1.));
#1560=DIRECTION('',(-0.554894215680047,-0.831920915354834,0.));
#1561=CARTESIAN_POINT('',(-11.891570779201,-14.1718221977011,6.));
#1562=AXIS2_PLACEMENT_3D('',#1563,#1564,#1565);
#1563=CARTESIAN_POINT('',(-10.6139104640664,-12.2562997272125,6.));
#1564=DIRECTION('',(0.,0.,1.));
#1565=DIRECTION('',(-0.554894215680047,-0.831920915354834,0.));
#1566=CARTESIAN_POINT('',(-11.891570779201,-14.1718221977011,0.));
#1567=VECTOR('',#1568,1.);
#1568=DIRECTION('',(0.,0.,1.));
#1569=CARTESIAN_POINT('',(-11.9908527327247,-11.1009079774289,0.));
#1570=AXIS2_PLACEMENT_3D('',#1571,#1572,#1573);
#1571=CARTESIAN_POINT('',(-10.2270127845952,-12.5809454273601,0.));
#1572=DIRECTION('',(0.,0.,1.));
#1573=DIRECTION('',(-0.766044443118978,0.64278760968654,0.));
#1574=CARTESIAN_POINT('',(-11.9908527327247,-11.1009079774289,6.));
#1575=AXIS2_PLACEMENT_3D('',#1576,#1577,#1578);
#1576=CARTESIAN_POINT('',(-10.2270127845952,-12.5809454273601,6.));
#1577=DIRECTION('',(0.,0.,1.));
#1578=DIRECTION('',(-0.766044443118978,0.64278760968654,0.));
#1579=CARTESIAN_POINT('',(-11.9908527327247,-11.1009079774289,0.));
#1580=VECTOR('',#1581,1.);
#1581=DIRECTION('',(0.,-2.96059473233375E-16,1.));
#1582=CARTESIAN_POINT('',(-9.78544560548423,-8.4726061104072,6.));
#1583=CARTESIAN_POINT('',(-9.78544560548423,-8.4726061104072,1.48029736616688E-16));
#1584=CARTESIAN_POINT('',(-9.78544560548423,-8.4726061104072,4.44089209850063E-16));
#1585=VECTOR('',#1586,1.);
#1586=DIRECTION('',(2.368475785867E-15,2.66453525910038E-15,1.));
#1587=CARTESIAN_POINT('',(-9.78544560548423,-8.4726061104072,0.));
#1588=VECTOR('',#1589,1.);
#1589=DIRECTION('',(-0.64278760968654,-0.766044443118977,0.));
#1590=CARTESIAN_POINT('',(-9.78544560548423,-8.4726061104072,6.));
#1591=VECTOR('',#1592,1.);
#1592=DIRECTION('',(-0.64278760968654,-0.766044443118977,0.));
#1593=CARTESIAN_POINT('',(-9.52564505393597,-5.50109864540032,6.));
#1594=CARTESIAN_POINT('',(-9.52564505393597,-5.50109864540032,1.85037170770859E-16));
#1595=CARTESIAN_POINT('',(-9.52564505393597,-5.50109864540031,1.11022302462516E-15));
#1596=VECTOR('',#1597,1.);
#1597=DIRECTION('',(0.,0.,1.));
#1598=AXIS2_PLACEMENT_3D('',#1599,#1600,#1601);
#1599=CARTESIAN_POINT('',(-11.7771611575936,-6.8013583252222,0.));
#1600=DIRECTION('',(0.,0.,1.));
#1601=DIRECTION('',(0.766044443118979,-0.642787609686538,0.));
#1602=AXIS2_PLACEMENT_3D('',#1603,#1604,#1605);
#1603=CARTESIAN_POINT('',(-11.7771611575936,-6.8013583252222,6.));
#1604=DIRECTION('',(0.,0.,-1.));
#1605=DIRECTION('',(0.865967732176005,0.500099876854561,0.));
#1606=CARTESIAN_POINT('',(-9.52691370260882,-5.49890128144198,1.85037170770859E-16));
#1607=CARTESIAN_POINT('',(-9.52691370260881,-5.498901281442,6.));
#1608=CARTESIAN_POINT('',(-9.52691370260882,-5.49890128144198,1.11022302462516E-15));
#1609=VECTOR('',#1610,1.);
#1610=DIRECTION('',(0.,0.,1.));
#1611=CARTESIAN_POINT('',(-12.230214930614,-4.23814142649652,6.));
#1612=AXIS2_PLACEMENT_3D('',#1613,#1614,#1615);
#1613=CARTESIAN_POINT('',(-11.77872966868,-6.79864158432826,6.));
#1614=DIRECTION('',(0.,0.,-1.));
#1615=DIRECTION('',(-0.17364817766693,0.984807753012208,0.));
#1616=CARTESIAN_POINT('',(-12.230214930614,-4.23814142649653,1.48029736616688E-16));
#1617=CARTESIAN_POINT('',(-12.230214930614,-4.23814142649653,4.44089209850063E-16));
#1618=VECTOR('',#1619,1.);
#1619=DIRECTION('',(0.,0.,1.));
#1620=AXIS2_PLACEMENT_3D('',#1621,#1622,#1623);
#1621=CARTESIAN_POINT('',(-11.77872966868,-6.79864158432827,0.));
#1622=DIRECTION('',(0.,0.,1.));
#1623=DIRECTION('',(0.866083063873531,0.499900116494724,0.));
#1624=CARTESIAN_POINT('',(-15.6090946798891,-4.83392909086318,6.));
#1625=CARTESIAN_POINT('',(-15.6090946798891,-4.83392909086318,6.));
#1626=VECTOR('',#1627,1.);
#1627=DIRECTION('',(0.984807753012208,0.173648177666929,0.));
#1628=CARTESIAN_POINT('',(-15.6090946798891,-4.83392909086318,0.));
#1629=CARTESIAN_POINT('',(-15.6090946798891,-4.83392909086318,0.));
#1630=VECTOR('',#1631,1.);
#1631=DIRECTION('',(0.,0.,1.));
#1632=CARTESIAN_POINT('',(-15.6090946798891,-4.83392909086318,0.));
#1633=VECTOR('',#1634,1.);
#1634=DIRECTION('',(0.984807753012208,0.17364817766693,0.));
#1635=CARTESIAN_POINT('',(-18.2189434307259,-3.2124912868382,0.));
#1636=AXIS2_PLACEMENT_3D('',#1637,#1638,#1639);
#1637=CARTESIAN_POINT('',(-16.0089247360171,-2.56638016260755,0.));
#1638=DIRECTION('',(0.,0.,1.));
#1639=DIRECTION('',(-0.959822087069736,-0.28060926779616,0.));
#1640=CARTESIAN_POINT('',(-18.2189434307259,-3.2124912868382,6.));
#1641=AXIS2_PLACEMENT_3D('',#1642,#1643,#1644);
#1642=CARTESIAN_POINT('',(-16.0089247360171,-2.56638016260755,6.));
#1643=DIRECTION('',(0.,0.,1.));
#1644=DIRECTION('',(-0.959822087069736,-0.28060926779616,0.));
#1645=CARTESIAN_POINT('',(-18.2189434307259,-3.2124912868382,0.));
#1646=VECTOR('',#1647,1.);
#1647=DIRECTION('',(0.,0.,1.));
#1648=CARTESIAN_POINT('',(-16.3210522083235,-0.796217303513126,0.));
#1649=AXIS2_PLACEMENT_3D('',#1650,#1651,#1652);
#1650=CARTESIAN_POINT('',(-15.9212221521955,-3.06376623176875,0.));
#1651=DIRECTION('',(0.,0.,1.));
#1652=DIRECTION('',(-0.17364817766693,0.984807753012208,0.));
#1653=CARTESIAN_POINT('',(-16.3210522083235,-0.796217303513123,6.));
#1654=AXIS2_PLACEMENT_3D('',#1655,#1656,#1657);
#1655=CARTESIAN_POINT('',(-15.9212221521955,-3.06376623176875,6.));
#1656=DIRECTION('',(0.,0.,1.));
#1657=DIRECTION('',(-0.17364817766693,0.984807753012208,0.));
#1658=CARTESIAN_POINT('',(-16.3210522083235,-0.796217303513125,0.));
#1659=VECTOR('',#1660,1.);
#1660=DIRECTION('',(0.,-7.40148683083438E-17,1.));
#1661=CARTESIAN_POINT('',(-12.9421724590484,-0.200429639146474,6.));
#1662=CARTESIAN_POINT('',(-12.9421724590484,-0.200429639146476,1.48029736616688E-16));
#1663=CARTESIAN_POINT('',(-12.9421724590484,-0.200429639146477,4.44089209850063E-16));
#1664=VECTOR('',#1665,1.);
#1665=DIRECTION('',(1.77635683940025E-15,3.4231876592609E-16,1.));
#1666=CARTESIAN_POINT('',(-12.9421724590484,-0.200429639146474,0.));
#1667=VECTOR('',#1668,1.);
#1668=DIRECTION('',(-0.984807753012208,-0.17364817766693,0.));
#1669=CARTESIAN_POINT('',(-12.9421724590484,-0.200429639146474,6.));
#1670=VECTOR('',#1671,1.);
#1671=DIRECTION('',(-0.984807753012208,-0.173648177666929,0.));
#1672=CARTESIAN_POINT('',(-10.8331055096182,1.90888056658365,6.));
#1673=CARTESIAN_POINT('',(-10.8331055096182,1.90888056658367,1.85037170770859E-16));
#1674=CARTESIAN_POINT('',(-10.8331055096182,1.90888056658367,1.11022302462516E-15));
#1675=VECTOR('',#1676,1.);
#1676=DIRECTION('',(0.,0.,1.));
#1677=AXIS2_PLACEMENT_3D('',#1678,#1679,#1680);
#1678=CARTESIAN_POINT('',(-13.3936577209824,2.36007051868526,0.));
#1679=DIRECTION('',(0.,0.,1.));
#1680=DIRECTION('',(0.17364817766693,-0.984807753012208,0.));
#1681=AXIS2_PLACEMENT_3D('',#1682,#1683,#1684);
#1682=CARTESIAN_POINT('',(-13.3936577209824,2.36007051868526,6.));
#1683=DIRECTION('',(0.,0.,-1.));
#1684=DIRECTION('',(0.984827773601649,-0.173534596962161,0.));
#1685=CARTESIAN_POINT('',(-10.8326649125579,1.91137931668141,1.85037170770859E-16));
#1686=CARTESIAN_POINT('',(-10.8326649125579,1.91137931668141,6.));
#1687=CARTESIAN_POINT('',(-10.8326649125579,1.91137931668141,1.11022302462516E-15));
#1688=VECTOR('',#1689,1.);
#1689=DIRECTION('',(0.,0.,1.));
#1690=CARTESIAN_POINT('',(-12.0931129827988,4.61482593228201,6.));
#1691=AXIS2_PLACEMENT_3D('',#1692,#1693,#1694);
#1692=CARTESIAN_POINT('',(-13.3931129827988,2.36315988244247,6.));
#1693=DIRECTION('',(0.,0.,-1.));
#1694=DIRECTION('',(0.5,0.866025403784439,0.));
#1695=CARTESIAN_POINT('',(-12.0931129827988,4.614825932282,1.48029736616688E-16));
#1696=CARTESIAN_POINT('',(-12.0931129827988,4.614825932282,4.44089209850063E-16));
#1697=VECTOR('',#1698,1.);
#1698=DIRECTION('',(-2.96059473233375E-16,2.96059473233375E-16,1.));
#1699=AXIS2_PLACEMENT_3D('',#1700,#1701,#1702);
#1700=CARTESIAN_POINT('',(-13.3931129827988,2.36315988244246,0.));
#1701=DIRECTION('',(0.,0.,1.));
#1702=DIRECTION('',(0.984787719323444,-0.173761756061942,0.));
#1703=CARTESIAN_POINT('',(-15.0644499673572,6.33032814016989,6.));
#1704=CARTESIAN_POINT('',(-15.0644499673572,6.33032814016989,6.));
#1705=VECTOR('',#1706,1.);
#1706=DIRECTION('',(0.866025403784438,-0.5,0.));
#1707=CARTESIAN_POINT('',(-15.0644499673572,6.33032814016989,0.));
#1708=CARTESIAN_POINT('',(-15.0644499673572,6.33032814016989,0.));
#1709=VECTOR('',#1710,1.);
#1710=DIRECTION('',(0.,2.96059473233375E-16,1.));
#1711=CARTESIAN_POINT('',(-15.0644499673572,6.33032814016989,0.));
#1712=VECTOR('',#1713,1.);
#1713=DIRECTION('',(0.866025403784438,-0.500000000000001,0.));
#1714=CARTESIAN_POINT('',(-16.0214699700121,9.25000000000001,0.));
#1715=AXIS2_PLACEMENT_3D('',#1716,#1717,#1718);
#1716=CARTESIAN_POINT('',(-13.9131852046053,8.32437720221988,0.));
#1717=DIRECTION('',(0.,0.,1.));
#1718=DIRECTION('',(-0.915638536685214,0.402002574788968,0.));
#1719=CARTESIAN_POINT('',(-16.0214699700121,9.25000000000001,6.));
#1720=AXIS2_PLACEMENT_3D('',#1721,#1722,#1723);
#1721=CARTESIAN_POINT('',(-13.9131852046054,8.32437720221988,6.));
#1722=DIRECTION('',(0.,0.,1.));
#1723=DIRECTION('',(-0.915638536685214,0.402002574788968,0.));
#1724=CARTESIAN_POINT('',(-16.0214699700121,9.25000000000001,0.));
#1725=VECTOR('',#1726,1.);
#1726=DIRECTION('',(0.,0.,1.));
#1727=CARTESIAN_POINT('',(-13.0144499673572,9.88103229568609,0.));
#1728=AXIS2_PLACEMENT_3D('',#1729,#1730,#1731);
#1729=CARTESIAN_POINT('',(-14.1657147301091,7.8869832336361,0.));
#1730=DIRECTION('',(0.,0.,1.));
#1731=DIRECTION('',(0.500000000000001,0.866025403784438,0.));
#1732=CARTESIAN_POINT('',(-13.0144499673572,9.88103229568609,6.));
#1733=AXIS2_PLACEMENT_3D('',#1734,#1735,#1736);
#1734=CARTESIAN_POINT('',(-14.1657147301091,7.8869832336361,6.));
#1735=DIRECTION('',(0.,0.,1.));
#1736=DIRECTION('',(0.500000000000001,0.866025403784438,0.));
#1737=CARTESIAN_POINT('',(-13.0144499673572,9.88103229568609,0.));
#1738=VECTOR('',#1739,1.);
#1739=DIRECTION('',(-5.9211894646675E-16,2.96059473233375E-16,1.));
#1740=CARTESIAN_POINT('',(-10.0431129827988,8.16553008779821,6.));
#1741=CARTESIAN_POINT('',(-10.0431129827988,8.1655300877982,1.48029736616688E-16));
#1742=CARTESIAN_POINT('',(-10.0431129827988,8.1655300877982,4.44089209850063E-16));
#1743=VECTOR('',#1744,1.);
#1744=DIRECTION('',(1.1842378929335E-15,-5.9211894646675E-16,1.));
#1745=CARTESIAN_POINT('',(-10.0431129827988,8.1655300877982,0.));
#1746=VECTOR('',#1747,1.);
#1747=DIRECTION('',(-0.866025403784438,0.500000000000001,0.));
#1748=CARTESIAN_POINT('',(-10.0431129827988,8.1655300877982,6.));
#1749=VECTOR('',#1750,1.);
#1750=DIRECTION('',(-0.866025403784438,0.500000000000001,0.));
#1751=CARTESIAN_POINT('',(-7.07163550079318,8.42567334661876,6.));
#1752=CARTESIAN_POINT('',(-7.07163550079316,8.42567334661876,1.85037170770859E-16));
#1753=CARTESIAN_POINT('',(-7.07163550079316,8.42567334661877,1.11022302462516E-15));
#1754=VECTOR('',#1755,1.);
#1755=DIRECTION('',(0.,0.,1.));
#1756=AXIS2_PLACEMENT_3D('',#1757,#1758,#1759);
#1757=CARTESIAN_POINT('',(-8.74311298279882,10.4171961376377,0.));
#1758=DIRECTION('',(0.,0.,1.));
#1759=DIRECTION('',(-0.500000000000001,-0.866025403784438,0.));
#1760=AXIS2_PLACEMENT_3D('',#1761,#1762,#1763);
#1761=CARTESIAN_POINT('',(-8.74311298279882,10.4171961376377,6.));
#1762=DIRECTION('',(0.,0.,-1.));
#1763=DIRECTION('',(0.642875954617554,-0.765970304238074,0.));
#1764=CARTESIAN_POINT('',(-7.06969181826096,8.42730428991466,1.85037170770859E-16));
#1765=CARTESIAN_POINT('',(-7.06969181826097,8.42730428991466,6.));
#1766=CARTESIAN_POINT('',(-7.06969181826096,8.42730428991466,1.11022302462516E-15));
#1767=VECTOR('',#1768,1.);
#1768=DIRECTION('',(0.,0.,1.));
#1769=CARTESIAN_POINT('',(-6.29750907035201,11.3084649492685,6.));
#1770=AXIS2_PLACEMENT_3D('',#1771,#1772,#1773);
#1771=CARTESIAN_POINT('',(-8.74070988439537,10.4192125766218,6.));
#1772=DIRECTION('',(0.,0.,-1.));
#1773=DIRECTION('',(0.939692620785909,0.342020143325668,0.));
#1774=CARTESIAN_POINT('',(-6.29750907035201,11.3084649492685,1.48029736616688E-16));
#1775=CARTESIAN_POINT('',(-6.29750907035201,11.3084649492685,4.44089209850063E-16));
#1776=VECTOR('',#1777,1.);
#1777=DIRECTION('',(0.,0.,1.));
#1778=AXIS2_PLACEMENT_3D('',#1779,#1780,#1781);
#1779=CARTESIAN_POINT('',(-8.74070988439537,10.4192125766218,0.));
#1780=DIRECTION('',(0.,0.,1.));
#1781=DIRECTION('',(0.642699256205543,-0.766118571810423,0.));
#1782=CARTESIAN_POINT('',(-7.47098169238664,14.5325544806569,6.));
#1783=CARTESIAN_POINT('',(-7.47098169238664,14.5325544806569,6.));
#1784=VECTOR('',#1785,1.);
#1785=DIRECTION('',(0.342020143325669,-0.939692620785908,0.));
#1786=CARTESIAN_POINT('',(-7.47098169238664,14.5325544806569,0.));
#1787=CARTESIAN_POINT('',(-7.47098169238664,14.5325544806569,0.));
#1788=VECTOR('',#1789,1.);
#1789=DIRECTION('',(-1.48029736616688E-16,2.96059473233375E-16,1.));
#1790=CARTESIAN_POINT('',(-7.47098169238664,14.5325544806569,0.));
#1791=VECTOR('',#1792,1.);
#1792=DIRECTION('',(0.342020143325668,-0.939692620785909,0.));
#1793=CARTESIAN_POINT('',(-6.32737265152487,17.3843134845393,0.));
#1794=AXIS2_PLACEMENT_3D('',#1795,#1796,#1797);
#1795=CARTESIAN_POINT('',(-5.30731168812907,15.3200659589812,0.));
#1796=DIRECTION('',(0.,0.,1.));
#1797=DIRECTION('',(-0.443017538796867,0.896512944869379,0.));
#1798=CARTESIAN_POINT('',(-6.32737265152487,17.3843134845393,6.));
#1799=AXIS2_PLACEMENT_3D('',#1800,#1801,#1802);
#1800=CARTESIAN_POINT('',(-5.30731168812908,15.3200659589812,6.));
#1801=DIRECTION('',(0.,0.,1.));
#1802=DIRECTION('',(-0.443017538796867,0.896512944869379,0.));
#1803=CARTESIAN_POINT('',(-6.32737265152487,17.3843134845393,0.));
#1804=VECTOR('',#1805,1.);
#1805=DIRECTION('',(0.,0.,1.));
#1806=CARTESIAN_POINT('',(-3.61824194716441,15.9348370682921,0.));
#1807=AXIS2_PLACEMENT_3D('',#1808,#1809,#1810);
#1808=CARTESIAN_POINT('',(-5.78191195142198,15.1473255899677,0.));
#1809=DIRECTION('',(0.,0.,1.));
#1810=DIRECTION('',(0.939692620785909,0.342020143325668,0.));
#1811=CARTESIAN_POINT('',(-3.61824194716441,15.9348370682921,6.));
#1812=AXIS2_PLACEMENT_3D('',#1813,#1814,#1815);
#1813=CARTESIAN_POINT('',(-5.78191195142198,15.1473255899677,6.));
#1814=DIRECTION('',(0.,0.,1.));
#1815=DIRECTION('',(0.939692620785909,0.342020143325668,0.));
#1816=CARTESIAN_POINT('',(-3.61824194716441,15.9348370682921,0.));
#1817=VECTOR('',#1818,1.);
#1818=DIRECTION('',(-1.48029736616688E-16,5.9211894646675E-16,1.));
#1819=CARTESIAN_POINT('',(-2.44476932512978,12.7107475369037,6.));
#1820=CARTESIAN_POINT('',(-2.44476932512978,12.7107475369037,1.48029736616688E-16));
#1821=CARTESIAN_POINT('',(-2.44476932512978,12.7107475369037,4.44089209850063E-16));
#1822=VECTOR('',#1823,1.);
#1823=DIRECTION('',(-7.40148683083438E-17,2.96059473233375E-16,1.));
#1824=CARTESIAN_POINT('',(-2.44476932512978,12.7107475369037,0.));
#1825=VECTOR('',#1826,1.);
#1826=DIRECTION('',(-0.342020143325668,0.939692620785909,0.));
#1827=CARTESIAN_POINT('',(-2.44476932512978,12.7107475369037,6.));
#1828=VECTOR('',#1829,1.);
#1829=DIRECTION('',(-0.342020143325669,0.939692620785909,0.));
#1830=CARTESIAN_POINT('',(-0.00126864867284304,10.9999999268423,6.));
#1831=CARTESIAN_POINT('',(-0.00126864867283429,10.9999999268423,1.85037170770859E-16));
#1832=CARTESIAN_POINT('',(-0.00126864867283727,10.9999999268423,1.11022302462516E-15));
#1833=VECTOR('',#1834,1.);
#1834=DIRECTION('',(0.,0.,1.));
#1835=AXIS2_PLACEMENT_3D('',#1836,#1837,#1838);
#1836=CARTESIAN_POINT('',(-0.00156851108641898,13.5999999095505,0.));
#1837=DIRECTION('',(0.,0.,1.));
#1838=DIRECTION('',(-0.939692620785909,-0.342020143325667,0.));
#1839=AXIS2_PLACEMENT_3D('',#1840,#1841,#1842);
#1840=CARTESIAN_POINT('',(-0.00156851108642009,13.5999999095505,6.));
#1841=DIRECTION('',(0.,0.,-1.));
#1842=DIRECTION('',(0.000115331697527583,-0.9999999933493,0.));
#1843=CARTESIAN_POINT('',(0.00126864867284943,10.9999999268423,1.85037170770859E-16));
#1844=CARTESIAN_POINT('',(0.0012686486728466,10.9999999268423,6.));
#1845=CARTESIAN_POINT('',(0.00126864867284882,10.9999999268423,1.11022302462516E-15));
#1846=VECTOR('',#1847,1.);
#1847=DIRECTION('',(0.,0.,1.));
#1848=CARTESIAN_POINT('',(2.44476932512979,12.7107475369037,6.));
#1849=AXIS2_PLACEMENT_3D('',#1850,#1851,#1852);
#1850=CARTESIAN_POINT('',(0.00156851108642897,13.5999999095505,6.));
#1851=DIRECTION('',(0.,0.,-1.));
#1852=DIRECTION('',(0.939692620785908,-0.34202014332567,0.));
#1853=CARTESIAN_POINT('',(2.44476932512979,12.7107475369037,1.48029736616688E-16));
#1854=CARTESIAN_POINT('',(2.44476932512979,12.7107475369037,4.44089209850063E-16));
#1855=VECTOR('',#1856,1.);
#1856=DIRECTION('',(7.40148683083438E-17,2.96059473233375E-16,1.));
#1857=AXIS2_PLACEMENT_3D('',#1858,#1859,#1860);
#1858=CARTESIAN_POINT('',(0.00156851108643141,13.5999999095505,0.));
#1859=DIRECTION('',(0.,0.,1.));
#1860=DIRECTION('',(-0.000115331697529831,-0.9999999933493,0.));
#1861=CARTESIAN_POINT('',(3.61824194716443,15.9348370682921,6.));
#1862=CARTESIAN_POINT('',(3.61824194716443,15.9348370682921,6.));
#1863=VECTOR('',#1864,1.);
#1864=DIRECTION('',(-0.34202014332567,-0.939692620785908,0.));
#1865=CARTESIAN_POINT('',(3.61824194716443,15.9348370682921,0.));
#1866=CARTESIAN_POINT('',(3.61824194716443,15.9348370682921,0.));
#1867=VECTOR('',#1868,1.);
#1868=DIRECTION('',(7.40148683083438E-17,2.96059473233375E-16,1.));
#1869=CARTESIAN_POINT('',(3.61824194716443,15.9348370682921,0.));
#1870=VECTOR('',#1871,1.);
#1871=DIRECTION('',(-0.342020143325669,-0.939692620785908,0.));
#1872=CARTESIAN_POINT('',(6.32737265152488,17.3843134845393,0.));
#1873=AXIS2_PLACEMENT_3D('',#1874,#1875,#1876);
#1874=CARTESIAN_POINT('',(5.78191195142199,15.1473255899677,0.));
#1875=DIRECTION('',(0.,0.,1.));
#1876=DIRECTION('',(0.236896289086043,0.97153494441387,0.));
#1877=CARTESIAN_POINT('',(6.32737265152488,17.3843134845393,6.));
#1878=AXIS2_PLACEMENT_3D('',#1879,#1880,#1881);
#1879=CARTESIAN_POINT('',(5.78191195142199,15.1473255899677,6.));
#1880=DIRECTION('',(0.,0.,1.));
#1881=DIRECTION('',(0.236896289086043,0.97153494441387,0.));
#1882=CARTESIAN_POINT('',(6.32737265152488,17.3843134845393,0.));
#1883=VECTOR('',#1884,1.);
#1884=DIRECTION('',(0.,0.,1.));
#1885=CARTESIAN_POINT('',(7.47098169238665,14.5325544806569,0.));
#1886=AXIS2_PLACEMENT_3D('',#1887,#1888,#1889);
#1887=CARTESIAN_POINT('',(5.30731168812909,15.3200659589812,0.));
#1888=DIRECTION('',(0.,0.,1.));
#1889=DIRECTION('',(0.939692620785908,-0.342020143325669,0.));
#1890=CARTESIAN_POINT('',(7.47098169238665,14.5325544806569,6.));
#1891=AXIS2_PLACEMENT_3D('',#1892,#1893,#1894);
#1892=CARTESIAN_POINT('',(5.30731168812909,15.3200659589812,6.));
#1893=DIRECTION('',(0.,0.,1.));
#1894=DIRECTION('',(0.939692620785909,-0.342020143325669,0.));
#1895=CARTESIAN_POINT('',(7.47098169238665,14.5325544806569,0.));
#1896=VECTOR('',#1897,1.);
#1897=DIRECTION('',(2.96059473233375E-16,1.1842378929335E-15,1.));
#1898=CARTESIAN_POINT('',(6.29750907035202,11.3084649492685,6.));
#1899=CARTESIAN_POINT('',(6.29750907035202,11.3084649492685,1.48029736616688E-16));
#1900=CARTESIAN_POINT('',(6.29750907035202,11.3084649492685,4.44089209850063E-16));
#1901=VECTOR('',#1902,1.);
#1902=DIRECTION('',(4.44089209850063E-16,8.88178419700125E-16,1.));
#1903=CARTESIAN_POINT('',(6.29750907035202,11.3084649492685,0.));
#1904=VECTOR('',#1905,1.);
#1905=DIRECTION('',(0.342020143325669,0.939692620785909,0.));
#1906=CARTESIAN_POINT('',(6.29750907035202,11.3084649492685,6.));
#1907=VECTOR('',#1908,1.);
#1908=DIRECTION('',(0.342020143325669,0.939692620785908,0.));
#1909=CARTESIAN_POINT('',(7.06969181826097,8.42730428991466,6.));
#1910=CARTESIAN_POINT('',(7.06969181826097,8.42730428991465,1.85037170770859E-16));
#1911=CARTESIAN_POINT('',(7.06969181826097,8.42730428991465,1.11022302462516E-15));
#1912=VECTOR('',#1913,1.);
#1913=DIRECTION('',(0.,0.,1.));
#1914=AXIS2_PLACEMENT_3D('',#1915,#1916,#1917);
#1915=CARTESIAN_POINT('',(8.74070988439538,10.4192125766218,0.));
#1916=DIRECTION('',(0.,0.,1.));
#1917=DIRECTION('',(-0.939692620785908,0.342020143325669,0.));
#1918=AXIS2_PLACEMENT_3D('',#1919,#1920,#1921);
#1919=CARTESIAN_POINT('',(8.74070988439538,10.4192125766218,6.));
#1920=DIRECTION('',(0.,0.,-1.));
#1921=DIRECTION('',(-0.642699256205542,-0.766118571810423,0.));
#1922=CARTESIAN_POINT('',(7.07163550079318,8.42567334661875,1.85037170770859E-16));
#1923=CARTESIAN_POINT('',(7.07163550079318,8.42567334661876,6.));
#1924=CARTESIAN_POINT('',(7.07163550079318,8.42567334661875,1.11022302462516E-15));
#1925=VECTOR('',#1926,1.);
#1926=DIRECTION('',(0.,0.,1.));
#1927=CARTESIAN_POINT('',(10.0431129827988,8.1655300877982,6.));
#1928=AXIS2_PLACEMENT_3D('',#1929,#1930,#1931);
#1929=CARTESIAN_POINT('',(8.74311298279883,10.4171961376377,6.));
#1930=DIRECTION('',(0.,0.,-1.));
#1931=DIRECTION('',(0.5,-0.866025403784438,0.));
#1932=CARTESIAN_POINT('',(10.0431129827988,8.16553008779819,1.48029736616688E-16));
#1933=CARTESIAN_POINT('',(10.0431129827988,8.16553008779819,4.44089209850063E-16));
#1934=VECTOR('',#1935,1.);
#1935=DIRECTION('',(5.9211894646675E-16,0.,1.));
#1936=AXIS2_PLACEMENT_3D('',#1937,#1938,#1939);
#1937=CARTESIAN_POINT('',(8.74311298279883,10.4171961376377,0.));
#1938=DIRECTION('',(0.,0.,1.));
#1939=DIRECTION('',(-0.64287595461756,-0.76597030423807,0.));
#1940=CARTESIAN_POINT('',(13.0144499673572,9.88103229568608,6.));
#1941=CARTESIAN_POINT('',(13.0144499673572,9.88103229568608,6.));
#1942=VECTOR('',#1943,1.);
#1943=DIRECTION('',(-0.866025403784439,-0.5,0.));
#1944=CARTESIAN_POINT('',(13.0144499673572,9.88103229568607,0.));
#1945=CARTESIAN_POINT('',(13.0144499673572,9.88103229568608,0.));
#1946=VECTOR('',#1947,1.);
#1947=DIRECTION('',(5.9211894646675E-16,0.,1.));
#1948=CARTESIAN_POINT('',(13.0144499673572,9.88103229568607,0.));
#1949=VECTOR('',#1950,1.);
#1950=DIRECTION('',(-0.866025403784439,-0.499999999999999,0.));
#1951=CARTESIAN_POINT('',(16.0214699700121,9.25,0.));
#1952=AXIS2_PLACEMENT_3D('',#1953,#1954,#1955);
#1953=CARTESIAN_POINT('',(14.1657147301091,7.88698323363609,0.));
#1954=DIRECTION('',(0.,0.,1.));
#1955=DIRECTION('',(0.805963710496606,0.591964946058922,0.));
#1956=CARTESIAN_POINT('',(16.0214699700121,9.25,6.));
#1957=AXIS2_PLACEMENT_3D('',#1958,#1959,#1960);
#1958=CARTESIAN_POINT('',(14.1657147301091,7.88698323363609,6.));
#1959=DIRECTION('',(0.,0.,1.));
#1960=DIRECTION('',(0.805963710496607,0.591964946058921,0.));
#1961=CARTESIAN_POINT('',(16.0214699700121,9.25,0.));
#1962=VECTOR('',#1963,1.);
#1963=DIRECTION('',(0.,0.,1.));
#1964=CARTESIAN_POINT('',(15.0644499673572,6.33032814016988,0.));
#1965=AXIS2_PLACEMENT_3D('',#1966,#1967,#1968);
#1966=CARTESIAN_POINT('',(13.9131852046054,8.32437720221986,0.));
#1967=DIRECTION('',(0.,0.,1.));
#1968=DIRECTION('',(0.499999999999999,-0.866025403784439,0.));
#1969=CARTESIAN_POINT('',(15.0644499673572,6.33032814016988,6.));
#1970=AXIS2_PLACEMENT_3D('',#1971,#1972,#1973);
#1971=CARTESIAN_POINT('',(13.9131852046054,8.32437720221986,6.));
#1972=DIRECTION('',(0.,0.,1.));
#1973=DIRECTION('',(0.5,-0.866025403784439,0.));
#1974=CARTESIAN_POINT('',(15.0644499673572,6.33032814016988,0.));
#1975=VECTOR('',#1976,1.);
#1976=DIRECTION('',(5.9211894646675E-16,4.44089209850063E-16,1.));
#1977=CARTESIAN_POINT('',(12.0931129827988,4.614825932282,6.));
#1978=CARTESIAN_POINT('',(12.0931129827988,4.61482593228199,-1.03620815631681E-15));
#1979=CARTESIAN_POINT('',(12.0931129827988,4.61482593228199,-1.77635683940025E-15));
#1980=VECTOR('',#1981,1.);
#1981=DIRECTION('',(0.,2.96059473233375E-16,1.));
#1982=CARTESIAN_POINT('',(12.0931129827988,4.61482593228199,0.));
#1983=VECTOR('',#1984,1.);
#1984=DIRECTION('',(0.866025403784439,0.5,0.));
#1985=CARTESIAN_POINT('',(12.0931129827988,4.614825932282,6.));
#1986=VECTOR('',#1987,1.);
#1987=DIRECTION('',(0.866025403784439,0.5,0.));
#1988=CARTESIAN_POINT('',(10.8326649125579,1.9113793166814,6.));
#1989=CARTESIAN_POINT('',(10.8326649125579,1.9113793166814,-7.7715611723761E-16));
#1990=CARTESIAN_POINT('',(10.8326649125579,1.91137931668139,-1.11022302462516E-15));
#1991=VECTOR('',#1992,1.);
#1992=DIRECTION('',(0.,0.,1.));
#1993=AXIS2_PLACEMENT_3D('',#1994,#1995,#1996);
#1994=CARTESIAN_POINT('',(13.3931129827988,2.36315988244245,0.));
#1995=DIRECTION('',(0.,0.,1.));
#1996=DIRECTION('',(-0.5,0.866025403784439,0.));
#1997=AXIS2_PLACEMENT_3D('',#1998,#1999,#2000);
#1998=CARTESIAN_POINT('',(13.3931129827988,2.36315988244246,6.));
#1999=DIRECTION('',(0.,0.,-1.));
#2000=DIRECTION('',(-0.984787719323444,-0.173761756061944,0.));
#2001=CARTESIAN_POINT('',(10.8331055096182,1.90888056658366,1.85037170770859E-16));
#2002=CARTESIAN_POINT('',(10.8331055096182,1.90888056658367,6.));
#2003=CARTESIAN_POINT('',(10.8331055096182,1.90888056658366,1.11022302462516E-15));
#2004=VECTOR('',#2005,1.);
#2005=DIRECTION('',(0.,0.,1.));
#2006=CARTESIAN_POINT('',(12.9421724590484,-0.200429639146481,6.));
#2007=AXIS2_PLACEMENT_3D('',#2008,#2009,#2010);
#2008=CARTESIAN_POINT('',(13.3936577209824,2.36007051868526,6.));
#2009=DIRECTION('',(0.,0.,-1.));
#2010=DIRECTION('',(-0.173648177666931,-0.984807753012208,0.));
#2011=CARTESIAN_POINT('',(12.9421724590484,-0.200429639146485,1.48029736616688E-16));
#2012=CARTESIAN_POINT('',(12.9421724590484,-0.200429639146485,4.44089209850063E-16));
#2013=VECTOR('',#2014,1.);
#2014=DIRECTION('',(0.,0.,1.));
#2015=AXIS2_PLACEMENT_3D('',#2016,#2017,#2018);
#2016=CARTESIAN_POINT('',(13.3936577209824,2.36007051868526,0.));
#2017=DIRECTION('',(0.,0.,1.));
#2018=DIRECTION('',(-0.98482777360165,-0.173534596962152,0.));
#2019=CARTESIAN_POINT('',(16.3210522083235,-0.796217303513135,6.));
#2020=CARTESIAN_POINT('',(16.3210522083235,-0.796217303513138,6.));
#2021=VECTOR('',#2022,1.);
#2022=DIRECTION('',(-0.984807753012208,0.17364817766693,0.));
#2023=CARTESIAN_POINT('',(16.3210522083235,-0.79621730351314,0.));
#2024=CARTESIAN_POINT('',(16.3210522083235,-0.79621730351314,0.));
#2025=VECTOR('',#2026,1.);
#2026=DIRECTION('',(0.,0.,1.));
#2027=CARTESIAN_POINT('',(16.3210522083235,-0.79621730351314,0.));
#2028=VECTOR('',#2029,1.);
#2029=DIRECTION('',(-0.984807753012208,0.173648177666931,0.));
#2030=CARTESIAN_POINT('',(18.2189434307259,-3.21249128683821,0.));
#2031=AXIS2_PLACEMENT_3D('',#2032,#2033,#2034);
#2032=CARTESIAN_POINT('',(15.9212221521955,-3.06376623176876,0.));
#2033=DIRECTION('',(0.,0.,1.));
#2034=DIRECTION('',(0.997911754476914,-0.0645920295145452,0.));
#2035=CARTESIAN_POINT('',(18.2189434307259,-3.21249128683821,6.));
#2036=AXIS2_PLACEMENT_3D('',#2037,#2038,#2039);
#2037=CARTESIAN_POINT('',(15.9212221521955,-3.06376623176876,6.));
#2038=DIRECTION('',(0.,0.,1.));
#2039=DIRECTION('',(0.997911754476914,-0.0645920295145453,0.));
#2040=CARTESIAN_POINT('',(18.2189434307259,-3.21249128683822,0.));
#2041=VECTOR('',#2042,1.);
#2042=DIRECTION('',(0.,0.,1.));
#2043=CARTESIAN_POINT('',(15.6090946798891,-4.83392909086319,0.));
#2044=AXIS2_PLACEMENT_3D('',#2045,#2046,#2047);
#2045=CARTESIAN_POINT('',(16.0089247360171,-2.56638016260757,0.));
#2046=DIRECTION('',(0.,0.,1.));
#2047=DIRECTION('',(-0.17364817766693,-0.984807753012208,0.));
#2048=CARTESIAN_POINT('',(15.6090946798891,-4.83392909086319,6.));
#2049=AXIS2_PLACEMENT_3D('',#2050,#2051,#2052);
#2050=CARTESIAN_POINT('',(16.0089247360171,-2.56638016260757,6.));
#2051=DIRECTION('',(0.,0.,1.));
#2052=DIRECTION('',(-0.173648177666931,-0.984807753012208,0.));
#2053=CARTESIAN_POINT('',(15.6090946798891,-4.83392909086319,0.));
#2054=VECTOR('',#2055,1.);
#2055=DIRECTION('',(2.96059473233375E-16,-1.48029736616688E-16,1.));
#2056=CARTESIAN_POINT('',(12.230214930614,-4.23814142649654,6.));
#2057=CARTESIAN_POINT('',(12.230214930614,-4.23814142649654,1.48029736616688E-16));
#2058=CARTESIAN_POINT('',(12.230214930614,-4.23814142649654,4.44089209850063E-16));
#2059=VECTOR('',#2060,1.);
#2060=DIRECTION('',(5.9211894646675E-16,-1.48029736616688E-16,1.));
#2061=CARTESIAN_POINT('',(12.230214930614,-4.23814142649654,0.));
#2062=VECTOR('',#2063,1.);
#2063=DIRECTION('',(0.984807753012208,-0.17364817766693,0.));
#2064=CARTESIAN_POINT('',(12.230214930614,-4.23814142649654,6.));
#2065=VECTOR('',#2066,1.);
#2066=DIRECTION('',(0.984807753012208,-0.173648177666931,0.));
#2067=CARTESIAN_POINT('',(9.52691370260882,-5.49890128144199,6.));
#2068=CARTESIAN_POINT('',(9.52691370260882,-5.49890128144199,1.85037170770859E-16));
#2069=CARTESIAN_POINT('',(9.52691370260882,-5.49890128144199,1.11022302462516E-15));
#2070=VECTOR('',#2071,1.);
#2071=DIRECTION('',(0.,0.,1.));
#2072=AXIS2_PLACEMENT_3D('',#2073,#2074,#2075);
#2073=CARTESIAN_POINT('',(11.77872966868,-6.79864158432828,0.));
#2074=DIRECTION('',(0.,0.,1.));
#2075=DIRECTION('',(0.173648177666931,0.984807753012208,0.));
#2076=AXIS2_PLACEMENT_3D('',#2077,#2078,#2079);
#2077=CARTESIAN_POINT('',(11.77872966868,-6.79864158432828,6.));
#2078=DIRECTION('',(0.,0.,-1.));
#2079=DIRECTION('',(-0.866083063873529,0.499900116494726,0.));
#2080=CARTESIAN_POINT('',(9.52564505393597,-5.50109864540031,1.85037170770859E-16));
#2081=CARTESIAN_POINT('',(9.52564505393597,-5.5010986454003,6.));
#2082=CARTESIAN_POINT('',(9.52564505393597,-5.50109864540031,1.11022302462516E-15));
#2083=VECTOR('',#2084,1.);
#2084=DIRECTION('',(0.,0.,1.));
#2085=CARTESIAN_POINT('',(9.78544560548422,-8.4726061104072,6.));
#2086=AXIS2_PLACEMENT_3D('',#2087,#2088,#2089);
#2087=CARTESIAN_POINT('',(11.7771611575936,-6.8013583252222,6.));
#2088=DIRECTION('',(0.,0.,-1.));
#2089=DIRECTION('',(-0.766044443118979,-0.642787609686539,0.));
#2090=CARTESIAN_POINT('',(9.78544560548422,-8.47260611040721,1.48029736616688E-16));
#2091=CARTESIAN_POINT('',(9.78544560548422,-8.47260611040721,4.44089209850063E-16));
#2092=VECTOR('',#2093,1.);
#2093=DIRECTION('',(-2.96059473233375E-16,5.9211894646675E-16,1.));
#2094=AXIS2_PLACEMENT_3D('',#2095,#2096,#2097);
#2095=CARTESIAN_POINT('',(11.7771611575936,-6.8013583252222,0.));
#2096=DIRECTION('',(0.,0.,1.));
#2097=DIRECTION('',(-0.865967732175998,0.500099876854574,0.));
#2098=CARTESIAN_POINT('',(11.9908527327247,-11.1009079774289,6.));
#2099=CARTESIAN_POINT('',(11.9908527327247,-11.1009079774289,6.));
#2100=VECTOR('',#2101,1.);
#2101=DIRECTION('',(-0.642787609686539,0.766044443118978,0.));
#2102=CARTESIAN_POINT('',(11.9908527327247,-11.1009079774289,0.));
#2103=CARTESIAN_POINT('',(11.9908527327247,-11.1009079774289,0.));
#2104=VECTOR('',#2105,1.);
#2105=DIRECTION('',(-5.9211894646675E-16,5.9211894646675E-16,1.));
#2106=CARTESIAN_POINT('',(11.9908527327247,-11.1009079774289,0.));
#2107=VECTOR('',#2108,1.);
#2108=DIRECTION('',(-0.64278760968654,0.766044443118978,0.));
#2109=CARTESIAN_POINT('',(11.891570779201,-14.1718221977011,0.));
#2110=AXIS2_PLACEMENT_3D('',#2111,#2112,#2113);
#2111=CARTESIAN_POINT('',(10.2270127845952,-12.5809454273602,0.));
#2112=DIRECTION('',(0.,0.,1.));
#2113=DIRECTION('',(0.722925797983693,-0.69092567661771,0.));
#2114=CARTESIAN_POINT('',(11.891570779201,-14.1718221977011,6.));
#2115=AXIS2_PLACEMENT_3D('',#2116,#2117,#2118);
#2116=CARTESIAN_POINT('',(10.2270127845952,-12.5809454273602,6.));
#2117=DIRECTION('',(0.,0.,1.));
#2118=DIRECTION('',(0.722925797983693,-0.69092567661771,0.));
#2119=CARTESIAN_POINT('',(11.891570779201,-14.1718221977011,0.));
#2120=VECTOR('',#2121,1.);
#2121=DIRECTION('',(0.,0.,1.));
#2122=CARTESIAN_POINT('',(8.85007051593688,-13.7363371771437,0.));
#2123=AXIS2_PLACEMENT_3D('',#2124,#2125,#2126);
#2124=CARTESIAN_POINT('',(10.6139104640664,-12.2562997272125,0.));
#2125=DIRECTION('',(0.,0.,1.));
#2126=DIRECTION('',(-0.766044443118978,-0.642787609686539,0.));
#2127=CARTESIAN_POINT('',(8.85007051593688,-13.7363371771437,6.));
#2128=AXIS2_PLACEMENT_3D('',#2129,#2130,#2131);
#2129=CARTESIAN_POINT('',(10.6139104640664,-12.2562997272125,6.));
#2130=DIRECTION('',(0.,0.,1.));
#2131=DIRECTION('',(-0.766044443118978,-0.642787609686539,0.));
#2132=CARTESIAN_POINT('',(8.85007051593688,-13.7363371771437,0.));
#2133=VECTOR('',#2134,1.);
#2134=DIRECTION('',(0.,0.,1.));
#2135=CARTESIAN_POINT('',(6.64466338869641,-11.108035310122,6.));
#2136=CARTESIAN_POINT('',(6.64466338869641,-11.108035310122,1.48029736616688E-16));
#2137=CARTESIAN_POINT('',(6.64466338869641,-11.108035310122,4.44089209850063E-16));
#2138=VECTOR('',#2139,1.);
#2139=DIRECTION('',(0.,0.,1.));
#2140=CARTESIAN_POINT('',(6.64466338869641,-11.108035310122,0.));
#2141=VECTOR('',#2142,1.);
#2142=DIRECTION('',(0.642787609686539,-0.766044443118978,0.));
#2143=CARTESIAN_POINT('',(6.64466338869641,-11.108035310122,6.));
#2144=VECTOR('',#2145,1.);
#2145=DIRECTION('',(0.642787609686538,-0.766044443118979,0.));
#2146=CARTESIAN_POINT('',(3.76341369135719,-10.3361848564983,6.));
#2147=CARTESIAN_POINT('',(3.76341369135719,-10.3361848564983,1.85037170770859E-16));
#2148=CARTESIAN_POINT('',(3.76341369135719,-10.3361848564983,1.11022302462516E-15));
#2149=VECTOR('',#2150,1.);
#2150=DIRECTION('',(0.,0.,1.));
#2151=AXIS2_PLACEMENT_3D('',#2152,#2153,#2154);
#2152=CARTESIAN_POINT('',(4.65294783658707,-12.779283095307,0.));
#2153=DIRECTION('',(0.,0.,1.));
#2154=DIRECTION('',(0.766044443118978,0.642787609686539,0.));
#2155=AXIS2_PLACEMENT_3D('',#2156,#2157,#2158);
#2156=CARTESIAN_POINT('',(4.65294783658706,-12.779283095307,6.));
#2157=DIRECTION('',(0.,0.,-1.));
#2158=DIRECTION('',(-0.342128517396108,0.939653168772575,0.));
#2159=CARTESIAN_POINT('',(3.7610294117647,-10.3370526633002,1.85037170770859E-16));
#2160=CARTESIAN_POINT('',(3.7610294117647,-10.3370526633002,6.));
#2161=CARTESIAN_POINT('',(3.7610294117647,-10.3370526633002,1.11022302462516E-15));
#2162=VECTOR('',#2163,1.);
#2163=DIRECTION('',(0.,0.,1.));
#2164=CARTESIAN_POINT('',(2.05,-12.7803560200802,6.));
#2165=AXIS2_PLACEMENT_3D('',#2166,#2167,#2168);
#2166=CARTESIAN_POINT('',(4.65,-12.7803560200802,6.));
#2167=DIRECTION('',(0.,0.,-1.));
#2168=DIRECTION('',(-1.,0.,0.));
#2169=CARTESIAN_POINT('',(2.05,-12.7803560200802,1.48029736616688E-16));
#2170=CARTESIAN_POINT('',(2.05,-12.7803560200802,4.44089209850063E-16));
#2171=VECTOR('',#2172,1.);
#2172=DIRECTION('',(0.,2.96059473233375E-16,1.));
#2173=AXIS2_PLACEMENT_3D('',#2174,#2175,#2176);
#2174=CARTESIAN_POINT('',(4.65,-12.7803560200802,0.));
#2175=DIRECTION('',(0.,0.,1.));
#2176=DIRECTION('',(-0.341911764705883,0.939732060300014,0.));
#2177=CARTESIAN_POINT('',(2.05,-16.211360435856,6.));
#2178=CARTESIAN_POINT('',(2.05,-16.211360435856,6.));
#2179=VECTOR('',#2180,1.);
#2180=DIRECTION('',(6.47170851497798E-16,1.,0.));
#2181=CARTESIAN_POINT('',(2.05,-16.211360435856,0.));
#2182=CARTESIAN_POINT('',(2.05,-16.211360435856,0.));
#2183=VECTOR('',#2184,1.);
#2184=DIRECTION('',(0.,0.,1.));
#2185=CARTESIAN_POINT('',(2.05,-16.211360435856,0.));
#2186=VECTOR('',#2187,1.);
#2187=DIRECTION('',(1.2943417029956E-16,1.,0.));
#2188=CARTESIAN_POINT('',(-4.33728587791095E-16,-18.5,0.));
#2189=AXIS2_PLACEMENT_3D('',#2190,#2191,#2192);
#2190=CARTESIAN_POINT('',(-0.252529525503763,-16.211360435856,0.));
#2191=DIRECTION('',(0.,0.,1.));
#2192=DIRECTION('',(0.109674826188608,-0.993967520847889,0.));
#2193=CARTESIAN_POINT('',(-1.4432899320127E-15,-18.5,6.));
#2194=AXIS2_PLACEMENT_3D('',#2195,#2196,#2197);
#2195=CARTESIAN_POINT('',(-0.252529525503764,-16.211360435856,6.));
#2196=DIRECTION('',(0.,0.,1.));
#2197=DIRECTION('',(0.109674826188608,-0.993967520847889,0.));
#2198=CARTESIAN_POINT('',(-4.9960036108132E-16,-18.5,0.));
#2199=VECTOR('',#2200,1.);
#2200=DIRECTION('',(0.,0.,1.));
#2201=CARTESIAN_POINT('',(-2.05,-16.211360435856,0.));
#2202=AXIS2_PLACEMENT_3D('',#2203,#2204,#2205);
#2203=CARTESIAN_POINT('',(0.252529525503758,-16.211360435856,0.));
#2204=DIRECTION('',(0.,0.,1.));
#2205=DIRECTION('',(-1.,0.,0.));
#2206=CARTESIAN_POINT('',(-2.05,-16.211360435856,6.));
#2207=AXIS2_PLACEMENT_3D('',#2208,#2209,#2210);
#2208=CARTESIAN_POINT('',(0.252529525503757,-16.211360435856,6.));
#2209=DIRECTION('',(0.,0.,1.));
#2210=DIRECTION('',(-1.,0.,0.));
#2211=CARTESIAN_POINT('',(-2.05,-16.211360435856,0.));
#2212=VECTOR('',#2213,1.);
#2213=DIRECTION('',(0.,0.,1.));
#2214=CARTESIAN_POINT('',(-2.05,-12.7803560200802,6.));
#2215=CARTESIAN_POINT('',(-2.05,-12.7803560200802,1.48029736616688E-16));
#2216=CARTESIAN_POINT('',(-2.05,-12.7803560200802,4.44089209850063E-16));
#2217=VECTOR('',#2218,1.);
#2218=DIRECTION('',(0.,2.368475785867E-15,1.));
#2219=CARTESIAN_POINT('',(-2.05,-12.7803560200802,0.));
#2220=VECTOR('',#2221,1.);
#2221=DIRECTION('',(-1.2943417029956E-16,-1.,0.));
#2222=CARTESIAN_POINT('',(-2.05,-12.7803560200802,6.));
#2223=VECTOR('',#2224,1.);
#2224=DIRECTION('',(1.2943417029956E-16,-1.,0.));
#2225=CARTESIAN_POINT('',(-3.76102941176471,-10.3370526633001,6.));
#2226=CARTESIAN_POINT('',(-3.7610294117647,-10.3370526633002,1.85037170770859E-16));
#2227=CARTESIAN_POINT('',(-3.76102941176471,-10.3370526633002,1.11022302462516E-15));
#2228=VECTOR('',#2229,1.);
#2229=DIRECTION('',(0.,0.,1.));
#2230=AXIS2_PLACEMENT_3D('',#2231,#2232,#2233);
#2231=CARTESIAN_POINT('',(-4.65,-12.7803560200802,0.));
#2232=DIRECTION('',(0.,0.,1.));
#2233=DIRECTION('',(1.,1.36642833800019E-15,0.));
#2234=AXIS2_PLACEMENT_3D('',#2235,#2236,#2237);
#2235=CARTESIAN_POINT('',(-4.65,-12.7803560200802,6.));
#2236=DIRECTION('',(0.,0.,-1.));
#2237=DIRECTION('',(0.341911764705889,0.939732060300012,0.));
#2238=AXIS2_PLACEMENT_3D('',#2239,#2240,#2241);
#2239=CARTESIAN_POINT('',(0.,0.,0.));
#2240=DIRECTION('',(0.,0.,1.));
#2241=DIRECTION('',(-0.342128517396108,-0.939653168772575,0.));
#2242=AXIS2_PLACEMENT_3D('',#2243,#2244,#2245);
#2243=CARTESIAN_POINT('',(0.,5.32907051820075E-15,6.));
#2244=DIRECTION('',(0.,0.,1.));
#2245=DIRECTION('',(-0.342128517396109,-0.939653168772575,0.));
#2246=CARTESIAN_POINT('',(-9.52691370260882,-5.49890128144199,6.));
#2247=CARTESIAN_POINT('',(-9.52649090419404,-5.49963378486493,6.));
#2248=CARTESIAN_POINT('',(-9.52606802130123,-5.50036623952095,6.));
#2249=CARTESIAN_POINT('',(-9.52564505393598,-5.5010986454003,6.));
#2250=CARTESIAN_POINT('',(-9.52691370260882,-5.49890128144199,0.));
#2251=CARTESIAN_POINT('',(-9.52649090419404,-5.49963378486494,0.));
#2252=CARTESIAN_POINT('',(-9.52606802130122,-5.50036623952097,0.));
#2253=CARTESIAN_POINT('',(-9.52564505393596,-5.50109864540033,0.));
#2254=AXIS2_PLACEMENT_3D('',#2255,#2256,#2257);
#2255=CARTESIAN_POINT('',(0.,5.32907051820075E-15,6.));
#2256=DIRECTION('',(0.,0.,1.));
#2257=DIRECTION('',(-0.984787719323443,0.173761756061947,0.));
#2258=AXIS2_PLACEMENT_3D('',#2259,#2260,#2261);
#2259=CARTESIAN_POINT('',(0.,0.,0.));
#2260=DIRECTION('',(0.,0.,1.));
#2261=DIRECTION('',(-0.984787719323443,0.173761756061947,0.));
#2262=CARTESIAN_POINT('',(-7.06969181826096,8.42730428991467,6.));
#2263=CARTESIAN_POINT('',(-7.07033977513674,8.42676071687331,6.));
#2264=CARTESIAN_POINT('',(-7.07098766931702,8.4262170691056,6.));
#2265=CARTESIAN_POINT('',(-7.07163550079317,8.42567334661877,6.));
#2266=CARTESIAN_POINT('',(-7.06969181826096,8.42730428991466,0.));
#2267=CARTESIAN_POINT('',(-7.07033977513674,8.4267607168733,0.));
#2268=CARTESIAN_POINT('',(-7.07098766931702,8.42621706910559,0.));
#2269=CARTESIAN_POINT('',(-7.07163550079316,8.42567334661877,0.));
#2270=AXIS2_PLACEMENT_3D('',#2271,#2272,#2273);
#2271=CARTESIAN_POINT('',(0.,5.32907051820075E-15,6.));
#2272=DIRECTION('',(0.,0.,1.));
#2273=DIRECTION('',(0.000115331697531751,0.9999999933493,0.));
#2274=AXIS2_PLACEMENT_3D('',#2275,#2276,#2277);
#2275=CARTESIAN_POINT('',(0.,0.,0.));
#2276=DIRECTION('',(0.,0.,1.));
#2277=DIRECTION('',(0.000115331697532174,0.9999999933493,0.));
#2278=CARTESIAN_POINT('',(7.07163550079318,8.42567334661876,6.));
#2279=CARTESIAN_POINT('',(7.07098766931703,8.42621706910559,6.));
#2280=CARTESIAN_POINT('',(7.07033977513675,8.4267607168733,6.));
#2281=CARTESIAN_POINT('',(7.06969181826097,8.42730428991466,6.));
#2282=CARTESIAN_POINT('',(7.07163550079318,8.42567334661875,0.));
#2283=CARTESIAN_POINT('',(7.07098766931703,8.42621706910558,0.));
#2284=CARTESIAN_POINT('',(7.07033977513676,8.42676071687329,0.));
#2285=CARTESIAN_POINT('',(7.06969181826097,8.42730428991465,0.));
#2286=AXIS2_PLACEMENT_3D('',#2287,#2288,#2289);
#2287=CARTESIAN_POINT('',(0.,5.32907051820075E-15,6.));
#2288=DIRECTION('',(0.,0.,1.));
#2289=DIRECTION('',(0.984827773601651,0.173534596962151,0.));
#2290=AXIS2_PLACEMENT_3D('',#2291,#2292,#2293);
#2291=CARTESIAN_POINT('',(0.,0.,0.));
#2292=DIRECTION('',(0.,0.,1.));
#2293=DIRECTION('',(0.984827773601651,0.173534596962151,0.));
#2294=CARTESIAN_POINT('',(9.52564505393597,-5.5010986454003,6.));
#2295=CARTESIAN_POINT('',(9.52606802130122,-5.50036623952096,6.));
#2296=CARTESIAN_POINT('',(9.52649090419404,-5.49963378486494,6.));
#2297=CARTESIAN_POINT('',(9.52691370260882,-5.49890128144199,6.));
#2298=CARTESIAN_POINT('',(9.52564505393597,-5.50109864540031,0.));
#2299=CARTESIAN_POINT('',(9.52606802130122,-5.50036623952096,0.));
#2300=CARTESIAN_POINT('',(9.52649090419404,-5.49963378486494,0.));
#2301=CARTESIAN_POINT('',(9.52691370260882,-5.49890128144199,0.));
#2302=AXIS2_PLACEMENT_3D('',#2303,#2304,#2305);
#2303=CARTESIAN_POINT('',(0.,5.32907051820075E-15,6.));
#2304=DIRECTION('',(0.,0.,1.));
#2305=DIRECTION('',(0.341911764705882,-0.939732060300014,0.));
#2306=AXIS2_PLACEMENT_3D('',#2307,#2308,#2309);
#2307=CARTESIAN_POINT('',(0.,0.,0.));
#2308=DIRECTION('',(0.,0.,1.));
#2309=DIRECTION('',(0.341911764705882,-0.939732060300014,0.));
ENDSEC;
END-ISO-10303-21;
