ISO-10303-21;
HEADER;
FILE_DESCRIPTION(('STEP AP203'),
    '1');
FILE_NAME('крышка объектива',
    '',
    ('UNSPECIFIED'),
    ('UNSPECIFIED'),
    'C3D Converter',
    'C3D Toolkit',
    '');
FILE_SCHEMA(('CONFIG_CONTROL_DESIGN'));
ENDSEC;

DATA;
#1=PRODUCT_DEFINITION('','UNSPECIFIED',#31,#34);
#2=SHAPE_DEFINITION_REPRESENTATION(#29,#3);
#3=SHAPE_REPRESENTATION('NONE',(#4),#8);
#4=AXIS2_PLACEMENT_3D('',#5,#6,#7);
#5=CARTESIAN_POINT('',(0.,0.,0.));
#6=DIRECTION('',(0.,0.,1.));
#7=DIRECTION('',(1.,0.,0.));
#8=(GEOMETRIC_REPRESENTATION_CONTEXT(3)GLOBAL_UNCERTAINTY_ASSIGNED_CONTEXT((#10))
GLOBAL_UNIT_ASSIGNED_CONTEXT((#9,#11,#12))REPRESENTATION_CONTEXT('NONE','NONE'));
#9=(LENGTH_UNIT()NAMED_UNIT(*)SI_UNIT(.MILLI.,.METRE.));
#10=UNCERTAINTY_MEASURE_WITH_UNIT(LENGTH_MEASURE(1.E-5),#9,'NONE','NONE');
#11=(NAMED_UNIT(*)PLANE_ANGLE_UNIT()SI_UNIT($,.RADIAN.));
#12=(NAMED_UNIT(*)SI_UNIT($,.STERADIAN.)SOLID_ANGLE_UNIT());
#13=MANIFOLD_SOLID_BREP('',#14);
#14=CLOSED_SHELL('',(#56,#57,#58,#59,#60,#61,#62,#63,#64,#65,#66,#67,#68,#69,#70,
#71,#72,#73,#74,#75,#76,#77,#78,#79,#80,#81,#82,#83,#84,#85,#86,#87,#88,#89,#90,
#91,#92,#93,#94,#95,#96,#97,#98,#99,#100,#101,#102,#103,#104,#105,#106,#107,#108,
#109,#110,#111,#112,#113,#114,#115,#116,#117,#118,#119,#120,#121,#122,#123,#124,
#125,#126,#127,#128,#129,#130,#131,#132,#133,#134,#135,#136,#137,#138,#139));
#15=COLOUR_RGB('',0.564705882352941,0.564705882352941,0.564705882352941);
#16=FILL_AREA_STYLE_COLOUR('',#15);
#17=FILL_AREA_STYLE($,(#16));
#18=SURFACE_STYLE_FILL_AREA(#17);
#19=SURFACE_SIDE_STYLE('',(#18));
#20=SURFACE_STYLE_USAGE(.BOTH.,#19);
#21=PRESENTATION_STYLE_ASSIGNMENT((#20));
#22=MECHANICAL_DESIGN_GEOMETRIC_PRESENTATION_REPRESENTATION('NONE',(#23,#145,#152,
#158,#164),#8);
#23=STYLED_ITEM('',(#21),#13);
#24=ADVANCED_BREP_SHAPE_REPRESENTATION('NONE',(#13),#8);
#25=SHAPE_REPRESENTATION_RELATIONSHIP('','',#3,#24);
#26=GEOMETRIC_CURVE_SET('',(#140,#147,#153,#159));
#27=GEOMETRICALLY_BOUNDED_WIREFRAME_SHAPE_REPRESENTATION('NONE',(#26),#8);
#28=SHAPE_REPRESENTATION_RELATIONSHIP('','',#3,#27);
#29=PRODUCT_DEFINITION_SHAPE('NONE','NONE',#1);
#30=MECHANICAL_CONTEXT('NONE',#35,'mechanical');
#31=PRODUCT_DEFINITION_FORMATION_WITH_SPECIFIED_SOURCE('ANY','UNSPECIFIED',#32,.NOT_KNOWN.);
#32=PRODUCT('','\X2\043A0440044B0448043A0430\X0\ \X2\043E0431044A0435043A0442043804320430\X0\',
'NONE',(#30));
#33=PRODUCT_RELATED_PRODUCT_CATEGORY('detail','',(#32));
#34=DESIGN_CONTEXT('detailed design',#35,'design');
#35=APPLICATION_CONTEXT('configuration controlled 3d designs of mechanical parts and assemblies');
#36=APPLICATION_PROTOCOL_DEFINITION('international standard','config_control_design',
1994,#35);
#37=CC_DESIGN_DATE_AND_TIME_ASSIGNMENT(#38,#42,(#1));
#38=DATE_AND_TIME(#39,#40);
#39=CALENDAR_DATE(0,1,1);
#40=LOCAL_TIME(0,0,0.,#41);
#41=COORDINATED_UNIVERSAL_TIME_OFFSET(0,0,.AHEAD.);
#42=DATE_TIME_ROLE('creation_date');
#43=CC_DESIGN_APPROVAL(#44,(#1));
#44=APPROVAL(#45,'UNSPECIFIED');
#45=APPROVAL_STATUS('not_yet_approved');
#46=APPROVAL_DATE_TIME(#47,#44);
#47=DATE_AND_TIME(#48,#49);
#48=CALENDAR_DATE(0,1,1);
#49=LOCAL_TIME(0,0,0.,#50);
#50=COORDINATED_UNIVERSAL_TIME_OFFSET(0,0,.AHEAD.);
#51=PERSON('UNSPECIFIED','SavatneevVG','UNSPECIFIED',('UNSPECIFIED'),('UNSPECIFIED'),
('UNSPECIFIED'));
#52=ORGANIZATION('UNSPECIFIED','UNSPECIFIED','UNSPECIFIED');
#53=PERSON_AND_ORGANIZATION(#51,#52);
#54=PERSON_AND_ORGANIZATION_ROLE('creator');
#55=CC_DESIGN_PERSON_AND_ORGANIZATION_ASSIGNMENT(#53,#54,(#31,#1));
#56=ADVANCED_FACE('',(#165,#167),#169,.T.);
#57=ADVANCED_FACE('',(#174,#176),#178,.F.);
#58=ADVANCED_FACE('',(#183,#185),#187,.T.);
#59=ADVANCED_FACE('',(#192),#194,.F.);
#60=ADVANCED_FACE('',(#199),#201,.F.);
#61=ADVANCED_FACE('',(#630),#632,.F.);
#62=ADVANCED_FACE('',(#819),#821,.T.);
#63=ADVANCED_FACE('',(#826),#828,.F.);
#64=ADVANCED_FACE('',(#1007,#1009),#1011,.F.);
#65=ADVANCED_FACE('',(#1016),#1018,.F.);
#66=ADVANCED_FACE('',(#1023),#1025,.F.);
#67=ADVANCED_FACE('',(#1030),#1032,.T.);
#68=ADVANCED_FACE('',(#1037),#1039,.F.);
#69=ADVANCED_FACE('',(#1044),#1046,.T.);
#70=ADVANCED_FACE('',(#1051),#1053,.F.);
#71=ADVANCED_FACE('',(#1058),#1060,.T.);
#72=ADVANCED_FACE('',(#1065),#1067,.F.);
#73=ADVANCED_FACE('',(#1072),#1074,.T.);
#74=ADVANCED_FACE('',(#1079),#1081,.F.);
#75=ADVANCED_FACE('',(#1086),#1088,.T.);
#76=ADVANCED_FACE('',(#1093),#1095,.F.);
#77=ADVANCED_FACE('',(#1100),#1102,.T.);
#78=ADVANCED_FACE('',(#1107),#1109,.F.);
#79=ADVANCED_FACE('',(#1114),#1116,.T.);
#80=ADVANCED_FACE('',(#1121),#1123,.F.);
#81=ADVANCED_FACE('',(#1128),#1130,.T.);
#82=ADVANCED_FACE('',(#1135),#1137,.F.);
#83=ADVANCED_FACE('',(#1142),#1144,.T.);
#84=ADVANCED_FACE('',(#1149),#1151,.F.);
#85=ADVANCED_FACE('',(#1156),#1158,.T.);
#86=ADVANCED_FACE('',(#1163),#1165,.F.);
#87=ADVANCED_FACE('',(#1170),#1172,.T.);
#88=ADVANCED_FACE('',(#1177),#1179,.F.);
#89=ADVANCED_FACE('',(#1184),#1186,.T.);
#90=ADVANCED_FACE('',(#1191),#1193,.F.);
#91=ADVANCED_FACE('',(#1198),#1200,.T.);
#92=ADVANCED_FACE('',(#1205),#1207,.F.);
#93=ADVANCED_FACE('',(#1212),#1214,.T.);
#94=ADVANCED_FACE('',(#1219),#1221,.F.);
#95=ADVANCED_FACE('',(#1226),#1228,.T.);
#96=ADVANCED_FACE('',(#1233),#1235,.F.);
#97=ADVANCED_FACE('',(#1240),#1242,.T.);
#98=ADVANCED_FACE('',(#1247),#1249,.F.);
#99=ADVANCED_FACE('',(#1254),#1256,.T.);
#100=ADVANCED_FACE('',(#1261),#1263,.F.);
#101=ADVANCED_FACE('',(#1268),#1270,.T.);
#102=ADVANCED_FACE('',(#1275),#1277,.F.);
#103=ADVANCED_FACE('',(#1282),#1284,.T.);
#104=ADVANCED_FACE('',(#1289),#1291,.F.);
#105=ADVANCED_FACE('',(#1296),#1298,.T.);
#106=ADVANCED_FACE('',(#1303),#1305,.F.);
#107=ADVANCED_FACE('',(#1310),#1312,.T.);
#108=ADVANCED_FACE('',(#1317),#1319,.F.);
#109=ADVANCED_FACE('',(#1324),#1326,.T.);
#110=ADVANCED_FACE('',(#1331),#1333,.F.);
#111=ADVANCED_FACE('',(#1338),#1340,.T.);
#112=ADVANCED_FACE('',(#1345),#1347,.F.);
#113=ADVANCED_FACE('',(#1352),#1354,.T.);
#114=ADVANCED_FACE('',(#1359),#1361,.T.);
#115=ADVANCED_FACE('',(#1366),#1368,.T.);
#116=ADVANCED_FACE('',(#1373),#1375,.T.);
#117=ADVANCED_FACE('',(#1380),#1382,.T.);
#118=ADVANCED_FACE('',(#1387),#1389,.T.);
#119=ADVANCED_FACE('',(#1394),#1396,.T.);
#120=ADVANCED_FACE('',(#1401),#1403,.T.);
#121=ADVANCED_FACE('',(#1408),#1410,.T.);
#122=ADVANCED_FACE('',(#1415),#1417,.T.);
#123=ADVANCED_FACE('',(#1422),#1424,.T.);
#124=ADVANCED_FACE('',(#1429),#1431,.T.);
#125=ADVANCED_FACE('',(#1436),#1438,.T.);
#126=ADVANCED_FACE('',(#1443),#1445,.T.);
#127=ADVANCED_FACE('',(#1450),#1452,.T.);
#128=ADVANCED_FACE('',(#1457),#1459,.T.);
#129=ADVANCED_FACE('',(#1464),#1466,.T.);
#130=ADVANCED_FACE('',(#1471),#1473,.T.);
#131=ADVANCED_FACE('',(#1478),#1480,.T.);
#132=ADVANCED_FACE('',(#1485),#1487,.T.);
#133=ADVANCED_FACE('',(#1492),#1494,.T.);
#134=ADVANCED_FACE('',(#1499),#1501,.T.);
#135=ADVANCED_FACE('',(#1506),#1508,.T.);
#136=ADVANCED_FACE('',(#1513),#1515,.T.);
#137=ADVANCED_FACE('',(#1520),#1522,.T.);
#138=ADVANCED_FACE('',(#1527),#1529,.T.);
#139=ADVANCED_FACE('',(#1534,#1536),#1538,.F.);
#140=B_SPLINE_CURVE_WITH_KNOTS('',3,
(#1543,#1544,#1545,#1546,#1547,#1548,#1549,#1550,#1551,#1552,#1553,#1554,#1555,#1556,
#1557,#1558,#1559,#1560,#1561,#1562,#1563,#1564,#1565,#1566,#1567,#1568,#1569,#1570,
#1571,#1572,#1573,#1574,#1575,#1576,#1577,#1578,#1579,#1580,#1581,#1582,#1583,#1584,
#1585,#1586,#1587,#1588,#1589,#1590,#1591,#1592,#1593,#1594,#1595,#1596,#1597,#1598,
#1599,#1600,#1601,#1602,#1603,#1604,#1605,#1606,#1607,#1608,#1609,#1610,#1611,#1612,
#1613,#1614,#1615,#1616,#1617,#1618,#1619,#1620,#1621,#1622,#1623,#1624,#1625,#1626,
#1627,#1628,#1629,#1630,#1631,#1632,#1633,#1634,#1635,#1636,#1637,#1638,#1639,#1640,
#1641,#1642,#1643,#1644,#1645,#1646,#1647,#1648,#1649,#1650,#1651,#1652,#1653,#1654,
#1655,#1656,#1657,#1658,#1659,#1660,#1661),
.UNSPECIFIED.,.F.,.F.,
(4,1,1,1,1,1,1,1,1,1,1,1,1,1,1,1,1,1,1,1,1,1,1,1,1,1,1,1,1,1,1,1,1,1,1,1,1,1,1,1,
1,1,1,1,1,1,1,1,1,1,1,1,1,1,1,1,1,1,1,1,1,1,1,1,1,1,1,1,1,1,1,1,1,1,1,1,1,1,1,1,
1,1,1,1,1,1,1,1,1,1,1,1,1,1,1,1,1,1,1,1,1,1,1,1,1,1,1,1,1,1,1,1,1,1,1,1,4),
(0.,0.00862068965517242,0.0172413793103448,0.0258620689655172,0.0344827586206897,
0.0431034482758621,0.0517241379310345,0.0603448275862069,0.0689655172413793,0.0775862068965517,
0.0862068965517241,0.0948275862068965,0.103448275862069,0.112068965517241,0.120689655172414,
0.129310344827586,0.137931034482759,0.146551724137931,0.155172413793103,0.163793103448276,
0.172413793103448,0.181034482758621,0.189655172413793,0.198275862068965,0.206896551724138,
0.21551724137931,0.224137931034483,0.232758620689655,0.241379310344827,0.25,0.258620689655172,
0.267241379310345,0.275862068965517,0.28448275862069,0.293103448275862,0.301724137931034,
0.310344827586207,0.318965517241379,0.327586206896552,0.336206896551724,0.344827586206897,
0.353448275862069,0.362068965517242,0.370689655172414,0.379310344827586,0.387931034482759,
0.396551724137931,0.405172413793104,0.413793103448276,0.422413793103449,0.431034482758621,
0.439655172413793,0.448275862068966,0.456896551724138,0.465517241379311,0.474137931034483,
0.482758620689656,0.491379310344828,0.5,0.508620689655173,0.517241379310345,0.525862068965518,
0.53448275862069,0.543103448275863,0.551724137931035,0.560344827586207,0.56896551724138,
0.577586206896552,0.586206896551725,0.594827586206897,0.60344827586207,0.612068965517242,
0.620689655172415,0.629310344827587,0.637931034482759,0.646551724137932,0.655172413793104,
0.663793103448277,0.672413793103449,0.681034482758622,0.689655172413794,0.698275862068966,
0.706896551724139,0.715517241379311,0.724137931034484,0.732758620689656,0.741379310344829,
0.750000000000001,0.758620689655173,0.767241379310346,0.775862068965518,0.784482758620691,
0.793103448275863,0.801724137931036,0.810344827586208,0.818965517241381,0.827586206896553,
0.836206896551725,0.844827586206898,0.85344827586207,0.862068965517243,0.870689655172415,
0.879310344827588,0.88793103448276,0.896551724137933,0.905172413793105,0.913793103448277,
0.92241379310345,0.931034482758622,0.939655172413795,0.948275862068967,0.956896551724139,
0.965517241379312,0.974137931034484,0.982758620689657,0.991379310344829,1.),
.UNSPECIFIED.);
#141=COLOUR_RGB('',0.,0.,1.);
#142=PRESENTATION_STYLE_ASSIGNMENT((#143));
#143=CURVE_STYLE('',#144,POSITIVE_LENGTH_MEASURE(0.1),#141);
#144=PRE_DEFINED_CURVE_FONT('continuous');
#145=STYLED_ITEM('',(#142),#140);
#146=INVISIBILITY((#145,#152,#158,#164));
#147=B_SPLINE_CURVE_WITH_KNOTS('',3,
(#1662,#1663,#1664,#1665,#1666,#1667,#1668,#1669,#1670,#1671,#1672,#1673,#1674,#1675,
#1676,#1677,#1678,#1679,#1680,#1681,#1682,#1683,#1684,#1685,#1686,#1687,#1688,#1689,
#1690,#1691,#1692,#1693,#1694,#1695,#1696,#1697,#1698,#1699,#1700,#1701,#1702,#1703,
#1704,#1705,#1706,#1707,#1708,#1709,#1710,#1711,#1712,#1713,#1714,#1715,#1716,#1717,
#1718,#1719,#1720,#1721,#1722,#1723,#1724,#1725,#1726,#1727,#1728,#1729,#1730,#1731,
#1732,#1733,#1734,#1735,#1736,#1737,#1738,#1739,#1740,#1741,#1742,#1743,#1744,#1745,
#1746,#1747,#1748,#1749,#1750,#1751,#1752,#1753,#1754,#1755,#1756,#1757,#1758,#1759,
#1760,#1761,#1762,#1763,#1764,#1765,#1766,#1767,#1768,#1769,#1770,#1771,#1772,#1773,
#1774,#1775,#1776,#1777,#1778,#1779,#1780,#1781,#1782,#1783,#1784,#1785,#1786,#1787,
#1788,#1789,#1790),
.UNSPECIFIED.,.F.,.F.,
(4,1,1,1,1,1,1,1,1,1,1,1,1,1,1,1,1,1,1,1,1,1,1,1,1,1,1,1,1,1,1,1,1,1,1,1,1,1,1,1,
1,1,1,1,1,1,1,1,1,1,1,1,1,1,1,1,1,1,1,1,1,1,1,1,1,1,1,1,1,1,1,1,1,1,1,1,1,1,1,1,
1,1,1,1,1,1,1,1,1,1,1,1,1,1,1,1,1,1,1,1,1,1,1,1,1,1,1,1,1,1,1,1,1,1,1,1,1,1,1,1,
1,1,1,1,1,1,4),
(0.,0.00793650793650794,0.0158730158730159,0.0238095238095238,0.0317460317460317,
0.0396825396825397,0.0476190476190476,0.0555555555555556,0.0634920634920635,0.0714285714285714,
0.0793650793650794,0.0873015873015873,0.0952380952380953,0.103174603174603,0.111111111111111,
0.119047619047619,0.126984126984127,0.134920634920635,0.142857142857143,0.150793650793651,
0.158730158730159,0.166666666666667,0.174603174603175,0.182539682539683,0.190476190476191,
0.198412698412698,0.206349206349206,0.214285714285714,0.222222222222222,0.23015873015873,
0.238095238095238,0.246031746031746,0.253968253968254,0.261904761904762,0.26984126984127,
0.277777777777778,0.285714285714286,0.293650793650794,0.301587301587301,0.309523809523809,
0.317460317460317,0.325396825396825,0.333333333333333,0.341269841269841,0.349206349206349,
0.357142857142857,0.365079365079365,0.373015873015873,0.380952380952381,0.388888888888889,
0.396825396825396,0.404761904761904,0.412698412698412,0.42063492063492,0.428571428571428,
0.436507936507936,0.444444444444444,0.452380952380952,0.46031746031746,0.468253968253968,
0.476190476190476,0.484126984126983,0.492063492063491,0.499999999999999,0.507936507936507,
0.515873015873015,0.523809523809523,0.531746031746031,0.539682539682539,0.547619047619047,
0.555555555555555,0.563492063492063,0.57142857142857,0.579365079365078,0.587301587301586,
0.595238095238094,0.603174603174602,0.61111111111111,0.619047619047618,0.626984126984126,
0.634920634920634,0.642857142857142,0.65079365079365,0.658730158730157,0.666666666666665,
0.674603174603173,0.682539682539681,0.690476190476189,0.698412698412697,0.706349206349205,
0.714285714285713,0.722222222222221,0.730158730158729,0.738095238095237,0.746031746031745,
0.753968253968253,0.76190476190476,0.769841269841268,0.777777777777776,0.785714285714284,
0.793650793650792,0.8015873015873,0.809523809523808,0.817460317460316,0.825396825396824,
0.833333333333332,0.84126984126984,0.849206349206347,0.857142857142855,0.865079365079363,
0.873015873015871,0.880952380952379,0.888888888888887,0.896825396825395,0.904761904761903,
0.912698412698411,0.920634920634919,0.928571428571427,0.936507936507934,0.944444444444442,
0.95238095238095,0.960317460317458,0.968253968253966,0.976190476190474,0.984126984126982,
0.99206349206349,1.),
.UNSPECIFIED.);
#148=COLOUR_RGB('',0.,0.,1.);
#149=PRESENTATION_STYLE_ASSIGNMENT((#150));
#150=CURVE_STYLE('',#151,POSITIVE_LENGTH_MEASURE(0.1),#148);
#151=PRE_DEFINED_CURVE_FONT('continuous');
#152=STYLED_ITEM('',(#149),#147);
#153=B_SPLINE_CURVE_WITH_KNOTS('',3,
(#1791,#1792,#1793,#1794,#1795,#1796,#1797,#1798,#1799,#1800,#1801,#1802,#1803,#1804,
#1805,#1806,#1807,#1808,#1809,#1810,#1811,#1812,#1813,#1814,#1815,#1816,#1817,#1818,
#1819,#1820,#1821,#1822,#1823,#1824,#1825,#1826,#1827,#1828,#1829,#1830,#1831,#1832,
#1833,#1834,#1835,#1836,#1837,#1838,#1839,#1840,#1841,#1842,#1843,#1844,#1845,#1846,
#1847,#1848,#1849,#1850,#1851,#1852,#1853,#1854,#1855,#1856,#1857,#1858,#1859,#1860,
#1861,#1862,#1863,#1864,#1865,#1866,#1867,#1868,#1869,#1870,#1871,#1872,#1873,#1874,
#1875,#1876,#1877,#1878,#1879,#1880,#1881,#1882,#1883,#1884,#1885,#1886,#1887,#1888,
#1889,#1890,#1891,#1892,#1893,#1894,#1895,#1896,#1897,#1898,#1899,#1900,#1901,#1902,
#1903,#1904,#1905,#1906,#1907,#1908,#1909),
.UNSPECIFIED.,.F.,.F.,
(4,1,1,1,1,1,1,1,1,1,1,1,1,1,1,1,1,1,1,1,1,1,1,1,1,1,1,1,1,1,1,1,1,1,1,1,1,1,1,1,
1,1,1,1,1,1,1,1,1,1,1,1,1,1,1,1,1,1,1,1,1,1,1,1,1,1,1,1,1,1,1,1,1,1,1,1,1,1,1,1,
1,1,1,1,1,1,1,1,1,1,1,1,1,1,1,1,1,1,1,1,1,1,1,1,1,1,1,1,1,1,1,1,1,1,1,1,4),
(0.,0.00862068965517242,0.0172413793103448,0.0258620689655172,0.0344827586206897,
0.0431034482758621,0.0517241379310345,0.0603448275862069,0.0689655172413793,0.0775862068965517,
0.0862068965517241,0.0948275862068965,0.103448275862069,0.112068965517241,0.120689655172414,
0.129310344827586,0.137931034482759,0.146551724137931,0.155172413793103,0.163793103448276,
0.172413793103448,0.181034482758621,0.189655172413793,0.198275862068965,0.206896551724138,
0.21551724137931,0.224137931034483,0.232758620689655,0.241379310344827,0.25,0.258620689655172,
0.267241379310345,0.275862068965517,0.28448275862069,0.293103448275862,0.301724137931034,
0.310344827586207,0.318965517241379,0.327586206896552,0.336206896551724,0.344827586206897,
0.353448275862069,0.362068965517242,0.370689655172414,0.379310344827586,0.387931034482759,
0.396551724137931,0.405172413793104,0.413793103448276,0.422413793103449,0.431034482758621,
0.439655172413793,0.448275862068966,0.456896551724138,0.465517241379311,0.474137931034483,
0.482758620689656,0.491379310344828,0.5,0.508620689655173,0.517241379310345,0.525862068965518,
0.53448275862069,0.543103448275863,0.551724137931035,0.560344827586207,0.56896551724138,
0.577586206896552,0.586206896551725,0.594827586206897,0.60344827586207,0.612068965517242,
0.620689655172415,0.629310344827587,0.637931034482759,0.646551724137932,0.655172413793104,
0.663793103448277,0.672413793103449,0.681034482758622,0.689655172413794,0.698275862068966,
0.706896551724139,0.715517241379311,0.724137931034484,0.732758620689656,0.741379310344829,
0.750000000000001,0.758620689655173,0.767241379310346,0.775862068965518,0.784482758620691,
0.793103448275863,0.801724137931036,0.810344827586208,0.818965517241381,0.827586206896553,
0.836206896551725,0.844827586206898,0.85344827586207,0.862068965517243,0.870689655172415,
0.879310344827588,0.88793103448276,0.896551724137933,0.905172413793105,0.913793103448277,
0.92241379310345,0.931034482758622,0.939655172413795,0.948275862068967,0.956896551724139,
0.965517241379312,0.974137931034484,0.982758620689657,0.991379310344829,1.),
.UNSPECIFIED.);
#154=COLOUR_RGB('',0.,0.,1.);
#155=PRESENTATION_STYLE_ASSIGNMENT((#156));
#156=CURVE_STYLE('',#157,POSITIVE_LENGTH_MEASURE(0.1),#154);
#157=PRE_DEFINED_CURVE_FONT('continuous');
#158=STYLED_ITEM('',(#155),#153);
#159=B_SPLINE_CURVE_WITH_KNOTS('',3,
(#1910,#1911,#1912,#1913,#1914,#1915,#1916,#1917,#1918,#1919,#1920,#1921,#1922,#1923,
#1924,#1925,#1926,#1927,#1928,#1929,#1930,#1931,#1932,#1933,#1934,#1935,#1936,#1937,
#1938,#1939,#1940,#1941,#1942,#1943,#1944,#1945,#1946,#1947,#1948,#1949,#1950,#1951,
#1952,#1953,#1954,#1955,#1956,#1957,#1958,#1959,#1960,#1961,#1962,#1963,#1964,#1965,
#1966,#1967,#1968,#1969,#1970,#1971,#1972,#1973,#1974,#1975,#1976,#1977,#1978,#1979,
#1980,#1981,#1982,#1983,#1984,#1985,#1986,#1987,#1988,#1989,#1990,#1991,#1992,#1993,
#1994,#1995,#1996,#1997,#1998,#1999,#2000,#2001,#2002,#2003,#2004,#2005,#2006,#2007,
#2008,#2009,#2010,#2011,#2012,#2013,#2014,#2015,#2016,#2017,#2018,#2019,#2020,#2021,
#2022,#2023,#2024,#2025,#2026,#2027,#2028,#2029,#2030,#2031,#2032,#2033,#2034,#2035,
#2036,#2037,#2038),
.UNSPECIFIED.,.F.,.F.,
(4,1,1,1,1,1,1,1,1,1,1,1,1,1,1,1,1,1,1,1,1,1,1,1,1,1,1,1,1,1,1,1,1,1,1,1,1,1,1,1,
1,1,1,1,1,1,1,1,1,1,1,1,1,1,1,1,1,1,1,1,1,1,1,1,1,1,1,1,1,1,1,1,1,1,1,1,1,1,1,1,
1,1,1,1,1,1,1,1,1,1,1,1,1,1,1,1,1,1,1,1,1,1,1,1,1,1,1,1,1,1,1,1,1,1,1,1,1,1,1,1,
1,1,1,1,1,1,4),
(0.,0.00793650793650794,0.0158730158730159,0.0238095238095238,0.0317460317460317,
0.0396825396825397,0.0476190476190476,0.0555555555555556,0.0634920634920635,0.0714285714285714,
0.0793650793650794,0.0873015873015873,0.0952380952380953,0.103174603174603,0.111111111111111,
0.119047619047619,0.126984126984127,0.134920634920635,0.142857142857143,0.150793650793651,
0.158730158730159,0.166666666666667,0.174603174603175,0.182539682539683,0.190476190476191,
0.198412698412698,0.206349206349206,0.214285714285714,0.222222222222222,0.23015873015873,
0.238095238095238,0.246031746031746,0.253968253968254,0.261904761904762,0.26984126984127,
0.277777777777778,0.285714285714286,0.293650793650794,0.301587301587301,0.309523809523809,
0.317460317460317,0.325396825396825,0.333333333333333,0.341269841269841,0.349206349206349,
0.357142857142857,0.365079365079365,0.373015873015873,0.380952380952381,0.388888888888889,
0.396825396825396,0.404761904761904,0.412698412698412,0.42063492063492,0.428571428571428,
0.436507936507936,0.444444444444444,0.452380952380952,0.46031746031746,0.468253968253968,
0.476190476190476,0.484126984126983,0.492063492063491,0.499999999999999,0.507936507936507,
0.515873015873015,0.523809523809523,0.531746031746031,0.539682539682539,0.547619047619047,
0.555555555555555,0.563492063492063,0.57142857142857,0.579365079365078,0.587301587301586,
0.595238095238094,0.603174603174602,0.61111111111111,0.619047619047618,0.626984126984126,
0.634920634920634,0.642857142857142,0.65079365079365,0.658730158730157,0.666666666666665,
0.674603174603173,0.682539682539681,0.690476190476189,0.698412698412697,0.706349206349205,
0.714285714285713,0.722222222222221,0.730158730158729,0.738095238095237,0.746031746031745,
0.753968253968253,0.76190476190476,0.769841269841268,0.777777777777776,0.785714285714284,
0.793650793650792,0.8015873015873,0.809523809523808,0.817460317460316,0.825396825396824,
0.833333333333332,0.84126984126984,0.849206349206347,0.857142857142855,0.865079365079363,
0.873015873015871,0.880952380952379,0.888888888888887,0.896825396825395,0.904761904761903,
0.912698412698411,0.920634920634919,0.928571428571427,0.936507936507934,0.944444444444442,
0.95238095238095,0.960317460317458,0.968253968253966,0.976190476190474,0.984126984126982,
0.99206349206349,1.),
.UNSPECIFIED.);
#160=COLOUR_RGB('',0.,0.,1.);
#161=PRESENTATION_STYLE_ASSIGNMENT((#162));
#162=CURVE_STYLE('',#163,POSITIVE_LENGTH_MEASURE(0.1),#160);
#163=PRE_DEFINED_CURVE_FONT('continuous');
#164=STYLED_ITEM('',(#161),#159);
#165=FACE_BOUND('',#166,.T.);
#166=EDGE_LOOP('',(#2039));
#167=FACE_BOUND('',#168,.T.);
#168=EDGE_LOOP('',(#2040));
#169=PLANE('',#170);
#170=AXIS2_PLACEMENT_3D('',#171,#172,#173);
#171=CARTESIAN_POINT('',(0.,0.,4.));
#172=DIRECTION('',(0.,0.,1.));
#173=DIRECTION('',(0.,-1.,0.));
#174=FACE_OUTER_BOUND('',#175,.T.);
#175=EDGE_LOOP('',(#2041));
#176=FACE_OUTER_BOUND('',#177,.T.);
#177=EDGE_LOOP('',(#2042));
#178=CYLINDRICAL_SURFACE('',#179,29.9);
#179=AXIS2_PLACEMENT_3D('',#180,#181,#182);
#180=CARTESIAN_POINT('',(0.,0.,-5.));
#181=DIRECTION('',(0.,0.,1.));
#182=DIRECTION('',(-1.,1.22464679914735E-16,0.));
#183=FACE_BOUND('',#184,.T.);
#184=EDGE_LOOP('',(#2043,#2044,#2045,#2046,#2047));
#185=FACE_OUTER_BOUND('',#186,.T.);
#186=EDGE_LOOP('',(#2048));
#187=CONICAL_SURFACE('',#188,32.7,0.785398163397449);
#188=AXIS2_PLACEMENT_3D('',#189,#190,#191);
#189=CARTESIAN_POINT('',(0.,0.,3.2));
#190=DIRECTION('',(0.,0.,-1.));
#191=DIRECTION('',(0.,-1.,0.));
#192=FACE_BOUND('',#193,.T.);
#193=EDGE_LOOP('',(#2049));
#194=PLANE('',#195);
#195=AXIS2_PLACEMENT_3D('',#196,#197,#198);
#196=CARTESIAN_POINT('',(0.,0.,-2.));
#197=DIRECTION('',(0.,0.,-1.));
#198=DIRECTION('',(-1.,0.,0.));
#199=FACE_BOUND('',#200,.T.);
#200=EDGE_LOOP('',(#2050,#2051,#2052,#2053,#2054,#2055));
#201=(BOUNDED_SURFACE()B_SPLINE_SURFACE(3,3,(
(#202,#203,#204,#205,#206,#207,#208,#209,#210,#211,#212,#213,#214,#215,#216,#217,
#218,#219,#220,#221,#222,#223,#224,#225,#226,#227,#228,#229,#230,#231,#232,#233,
#234,#235,#236,#237,#238,#239,#240,#241,#242,#243,#244,#245,#246,#247,#248,#249,
#250,#251,#252,#253,#254,#255,#256,#257,#258,#259,#260,#261,#262,#263,#264,#265,
#266,#267,#268,#269,#270,#271,#272,#273,#274,#275,#276,#277,#278,#279,#280,#281,
#282,#283,#284,#285,#286,#287,#288,#289,#290,#291,#292,#293,#294,#295,#296,#297,
#298,#299,#300,#301,#302,#303,#304,#305,#306,#307,#308),
(#309,#310,#311,#312,#313,#314,#315,#316,#317,#318,#319,#320,#321,#322,#323,#324,
#325,#326,#327,#328,#329,#330,#331,#332,#333,#334,#335,#336,#337,#338,#339,#340,
#341,#342,#343,#344,#345,#346,#347,#348,#349,#350,#351,#352,#353,#354,#355,#356,
#357,#358,#359,#360,#361,#362,#363,#364,#365,#366,#367,#368,#369,#370,#371,#372,
#373,#374,#375,#376,#377,#378,#379,#380,#381,#382,#383,#384,#385,#386,#387,#388,
#389,#390,#391,#392,#393,#394,#395,#396,#397,#398,#399,#400,#401,#402,#403,#404,
#405,#406,#407,#408,#409,#410,#411,#412,#413,#414,#415),
(#416,#417,#418,#419,#420,#421,#422,#423,#424,#425,#426,#427,#428,#429,#430,#431,
#432,#433,#434,#435,#436,#437,#438,#439,#440,#441,#442,#443,#444,#445,#446,#447,
#448,#449,#450,#451,#452,#453,#454,#455,#456,#457,#458,#459,#460,#461,#462,#463,
#464,#465,#466,#467,#468,#469,#470,#471,#472,#473,#474,#475,#476,#477,#478,#479,
#480,#481,#482,#483,#484,#485,#486,#487,#488,#489,#490,#491,#492,#493,#494,#495,
#496,#497,#498,#499,#500,#501,#502,#503,#504,#505,#506,#507,#508,#509,#510,#511,
#512,#513,#514,#515,#516,#517,#518,#519,#520,#521,#522),
(#523,#524,#525,#526,#527,#528,#529,#530,#531,#532,#533,#534,#535,#536,#537,#538,
#539,#540,#541,#542,#543,#544,#545,#546,#547,#548,#549,#550,#551,#552,#553,#554,
#555,#556,#557,#558,#559,#560,#561,#562,#563,#564,#565,#566,#567,#568,#569,#570,
#571,#572,#573,#574,#575,#576,#577,#578,#579,#580,#581,#582,#583,#584,#585,#586,
#587,#588,#589,#590,#591,#592,#593,#594,#595,#596,#597,#598,#599,#600,#601,#602,
#603,#604,#605,#606,#607,#608,#609,#610,#611,#612,#613,#614,#615,#616,#617,#618,
#619,#620,#621,#622,#623,#624,#625,#626,#627,#628,#629)),
.UNSPECIFIED.,.F.,.F.,.F.)B_SPLINE_SURFACE_WITH_KNOTS((4,4),
(4,1,1,1,1,1,1,1,1,1,1,1,1,1,1,1,1,1,1,1,1,1,1,1,1,1,1,1,1,1,1,1,1,1,1,1,1,1,1,1,
1,1,1,1,1,1,1,1,1,1,1,1,1,1,1,1,1,1,1,1,1,1,1,1,1,1,1,1,1,1,1,1,1,1,1,1,1,1,1,1,
1,1,1,1,1,1,1,1,1,1,1,1,1,1,1,1,1,1,1,1,1,1,1,1,4),
(0.,2.09439510239317),
(4.65624981169502,4.74957016366344,4.84289051563186,4.93621086760028,5.0295312195687,
5.12285157153711,5.21617192350553,5.30949227547395,5.40281262744237,5.49613297941079,
5.5894533313792,5.68277368334762,5.77609403531604,5.86941438728446,5.96273473925288,
6.0560550912213,6.14937544318971,6.24269579515813,6.33601614712655,6.42933649909497,
6.52265685106339,6.61597720303181,6.70929755500022,6.80261790696864,6.89593825893706,
6.98925861090548,7.0825789628739,7.17589931484232,7.26921966681073,7.36254001877915,
7.45586037074757,7.54918072271599,7.64250107468441,7.73582142665282,7.82914177862124,
7.92246213058966,8.01578248255808,8.1091028345265,8.20242318649491,8.29574353846333,
8.38906389043175,8.48238424240017,8.57570459436858,8.669024946337,8.76234529830542,
8.85566565027383,8.94898600224225,9.04230635421067,9.13562670617909,9.2289470581475,
9.32226741011592,9.41558776208434,9.50890811405276,9.60222846602117,9.69554881798959,
9.78886916995801,9.88218952192643,9.97550987389484,10.0688302258633,10.1621505778317,
10.2554709298001,10.3487912817685,10.4421116337369,10.5354319857053,10.6287523376738,
10.7220726896422,10.8153930416106,10.908713393579,11.0020337455474,11.0953540975159,
11.1886744494843,11.2819948014527,11.3753151534211,11.4686355053895,11.5619558573579,
11.6552762093264,11.7485965612948,11.8419169132632,11.9352372652316,12.0285576172,
12.1218779691684,12.2151983211369,12.3085186731053,12.4018390250737,12.4951593770421,
12.5884797290105,12.6818000809789,12.7751204329474,12.8684407849158,12.9617611368842,
13.0550814888526,13.148401840821,13.2417221927895,13.3350425447579,13.4283628967263,
13.5216832486947,13.6150036006631,13.7083239526315,13.8016443046,13.8949646565684,
13.9882850085368,14.0816053605052,14.1749257124736,14.268246064442,14.3615664164105),
.UNSPECIFIED.)GEOMETRIC_REPRESENTATION_ITEM()RATIONAL_B_SPLINE_SURFACE((
(1.,1.,1.,1.,1.,1.,1.,1.,1.,1.,1.,1.,1.,1.,1.,1.,1.,1.,1.,1.,1.,1.,1.,1.,1.,1.,1.,
1.,1.,1.,1.,1.,1.,1.,1.,1.,1.,1.,1.,1.,1.,1.,1.,1.,1.,1.,1.,1.,1.,1.,1.,1.,1.,1.,
1.,1.,1.,1.,1.,1.,1.,1.,1.,1.,1.,1.,1.,1.,1.,1.,1.,1.,1.,1.,1.,1.,1.,1.,1.,1.,1.,
1.,1.,1.,1.,1.,1.,1.,1.,1.,1.,1.,1.,1.,1.,1.,1.,1.,1.,1.,1.,1.,1.,1.,1.,1.,1.),
(0.666666666666674,0.666666666666674,0.666666666666674,0.666666666666674,0.666666666666674,
0.666666666666674,0.666666666666674,0.666666666666674,0.666666666666674,0.666666666666674,
0.666666666666674,0.666666666666674,0.666666666666674,0.666666666666674,0.666666666666674,
0.666666666666674,0.666666666666674,0.666666666666674,0.666666666666674,0.666666666666674,
0.666666666666674,0.666666666666674,0.666666666666674,0.666666666666674,0.666666666666674,
0.666666666666674,0.666666666666674,0.666666666666674,0.666666666666674,0.666666666666674,
0.666666666666674,0.666666666666674,0.666666666666674,0.666666666666674,0.666666666666674,
0.666666666666674,0.666666666666674,0.666666666666674,0.666666666666674,0.666666666666674,
0.666666666666674,0.666666666666674,0.666666666666674,0.666666666666674,0.666666666666674,
0.666666666666674,0.666666666666674,0.666666666666674,0.666666666666674,0.666666666666674,
0.666666666666674,0.666666666666674,0.666666666666674,0.666666666666674,0.666666666666674,
0.666666666666674,0.666666666666674,0.666666666666674,0.666666666666674,0.666666666666674,
0.666666666666674,0.666666666666674,0.666666666666674,0.666666666666674,0.666666666666674,
0.666666666666674,0.666666666666674,0.666666666666674,0.666666666666674,0.666666666666674,
0.666666666666674,0.666666666666674,0.666666666666674,0.666666666666674,0.666666666666674,
0.666666666666674,0.666666666666674,0.666666666666674,0.666666666666674,0.666666666666674,
0.666666666666674,0.666666666666674,0.666666666666674,0.666666666666674,0.666666666666674,
0.666666666666674,0.666666666666674,0.666666666666674,0.666666666666674,0.666666666666674,
0.666666666666674,0.666666666666674,0.666666666666674,0.666666666666674,0.666666666666674,
0.666666666666674,0.666666666666674,0.666666666666674,0.666666666666674,0.666666666666674,
0.666666666666674,0.666666666666674,0.666666666666674,0.666666666666674,0.666666666666674,
0.666666666666674,0.666666666666674),
(0.666666666666674,0.666666666666674,0.666666666666674,0.666666666666674,0.666666666666674,
0.666666666666674,0.666666666666674,0.666666666666674,0.666666666666674,0.666666666666674,
0.666666666666674,0.666666666666674,0.666666666666674,0.666666666666674,0.666666666666674,
0.666666666666674,0.666666666666674,0.666666666666674,0.666666666666674,0.666666666666674,
0.666666666666674,0.666666666666674,0.666666666666674,0.666666666666674,0.666666666666674,
0.666666666666674,0.666666666666674,0.666666666666674,0.666666666666674,0.666666666666674,
0.666666666666674,0.666666666666674,0.666666666666674,0.666666666666674,0.666666666666674,
0.666666666666674,0.666666666666674,0.666666666666674,0.666666666666674,0.666666666666674,
0.666666666666674,0.666666666666674,0.666666666666674,0.666666666666674,0.666666666666674,
0.666666666666674,0.666666666666674,0.666666666666674,0.666666666666674,0.666666666666674,
0.666666666666674,0.666666666666674,0.666666666666674,0.666666666666674,0.666666666666674,
0.666666666666674,0.666666666666674,0.666666666666674,0.666666666666674,0.666666666666674,
0.666666666666674,0.666666666666674,0.666666666666674,0.666666666666674,0.666666666666674,
0.666666666666674,0.666666666666674,0.666666666666674,0.666666666666674,0.666666666666674,
0.666666666666674,0.666666666666674,0.666666666666674,0.666666666666674,0.666666666666674,
0.666666666666674,0.666666666666674,0.666666666666674,0.666666666666674,0.666666666666674,
0.666666666666674,0.666666666666674,0.666666666666674,0.666666666666674,0.666666666666674,
0.666666666666674,0.666666666666674,0.666666666666674,0.666666666666674,0.666666666666674,
0.666666666666674,0.666666666666674,0.666666666666674,0.666666666666674,0.666666666666674,
0.666666666666674,0.666666666666674,0.666666666666674,0.666666666666674,0.666666666666674,
0.666666666666674,0.666666666666674,0.666666666666674,0.666666666666674,0.666666666666674,
0.666666666666674,0.666666666666674),
(1.,1.,1.,1.,1.,1.,1.,1.,1.,1.,1.,1.,1.,1.,1.,1.,1.,1.,1.,1.,1.,1.,1.,1.,1.,1.,1.,
1.,1.,1.,1.,1.,1.,1.,1.,1.,1.,1.,1.,1.,1.,1.,1.,1.,1.,1.,1.,1.,1.,1.,1.,1.,1.,1.,
1.,1.,1.,1.,1.,1.,1.,1.,1.,1.,1.,1.,1.,1.,1.,1.,1.,1.,1.,1.,1.,1.,1.,1.,1.,1.,1.,
1.,1.,1.,1.,1.,1.,1.,1.,1.,1.,1.,1.,1.,1.,1.,1.,1.,1.,1.,1.,1.,1.,1.,1.,1.,1.)))
REPRESENTATION_ITEM('')SURFACE());
#202=CARTESIAN_POINT('',(1.82652652891556,-32.5015018463476,3.79688604783877));
#203=CARTESIAN_POINT('',(0.815509331647771,-32.5583192125336,3.78822215057644));
#204=CARTESIAN_POINT('',(-1.21182965138364,-32.5775368903795,3.77089435605178));
#205=CARTESIAN_POINT('',(-4.24229352184582,-32.3228616998771,3.74490266426479));
#206=CARTESIAN_POINT('',(-7.23583906747998,-31.7869009953069,3.71891097247781));
#207=CARTESIAN_POINT('',(-10.1664157507071,-30.9743189275688,3.69291928069082));
#208=CARTESIAN_POINT('',(-13.0085205014983,-29.8921868802608,3.66692758890384));
#209=CARTESIAN_POINT('',(-15.7374203021622,-28.54992196828,3.64093589711685));
#210=CARTESIAN_POINT('',(-18.329367249677,-26.9592050768539,3.61494420532986));
#211=CARTESIAN_POINT('',(-20.7618052652231,-25.1338792127703,3.58895251354288));
#212=CARTESIAN_POINT('',(-23.0135663730643,-23.0898290367126,3.56296082175589));
#213=CARTESIAN_POINT('',(-25.0650549154385,-20.8448426292556,3.53696912996891));
#214=CARTESIAN_POINT('',(-26.8984180803249,-18.4184566923598,3.51097743818192));
#215=CARTESIAN_POINT('',(-28.4977012634555,-15.8317865337793,3.48498574639493));
#216=CARTESIAN_POINT('',(-29.848986911118,-13.107342313841,3.45899405460795));
#217=CARTESIAN_POINT('',(-30.9405156358722,-10.268833153706,3.43300236282096));
#218=CARTESIAN_POINT('',(-31.7627885510839,-7.34096080982842,3.40701067103397));
#219=CARTESIAN_POINT('',(-32.3086499337505,-4.34920471013592,3.38101897924699));
#220=CARTESIAN_POINT('',(-32.5733494962485,-1.31960022262483,3.35502728746));
#221=CARTESIAN_POINT('',(-32.5545837250934,1.72148791404054,3.32903559567302));
#222=CARTESIAN_POINT('',(-32.2525159269658,4.74759502623407,3.30304390388603));
#223=CARTESIAN_POINT('',(-31.6697748075562,7.73238681074488,3.27705221209904));
#224=CARTESIAN_POINT('',(-30.8114315955962,10.6498885056229,3.25106052031206));
#225=CARTESIAN_POINT('',(-29.6849559111504,13.4747109321634,3.22506882852507));
#226=CARTESIAN_POINT('',(-28.30015076222,16.1822714409295,3.19907713673809));
#227=CARTESIAN_POINT('',(-26.6690672353423,18.7490078390589,3.1730854449511));
#228=CARTESIAN_POINT('',(-24.8058996225787,21.1525834371799,3.14709375316411));
#229=CARTESIAN_POINT('',(-22.7268618975353,23.3720814315427,3.12110206137713));
#230=CARTESIAN_POINT('',(-20.4500466153692,25.3881869297815,3.09511036959014));
#231=CARTESIAN_POINT('',(-17.9952674646819,27.1833550362509,3.06911867780315));
#232=CARTESIAN_POINT('',(-15.3838868414736,28.7419635341958,3.04312698601617));
#233=CARTESIAN_POINT('',(-12.6386299456731,30.0504488360597,3.01713529422918));
#234=CARTESIAN_POINT('',(-9.78338701804371,31.0974240188392,2.99114360244219));
#235=CARTESIAN_POINT('',(-6.8430054384729,31.8737779172996,2.96515191065521));
#236=CARTESIAN_POINT('',(-3.84307349488349,32.3727544127037,2.93916021886822));
#237=CARTESIAN_POINT('',(-0.809697704489011,32.5900112270562,2.91316852708124));
#238=CARTESIAN_POINT('',(2.23072437477384,32.5236577112122,2.88717683529425));
#239=CARTESIAN_POINT('',(5.25173386555675,32.1742712980056,2.86118514350727));
#240=CARTESIAN_POINT('',(8.22704082603559,31.5448924772149,2.83519345172028));
#241=CARTESIAN_POINT('',(11.1307530347067,30.6409983360966,2.80920175993329));
#242=CARTESIAN_POINT('',(13.937601314074,29.4704548957465,2.78321006814631));
#243=CARTESIAN_POINT('',(16.6231594323766,28.0434486580751,2.75721837635932));
#244=CARTESIAN_POINT('',(19.1640566696908,26.3723979591008,2.73122668457234));
#245=CARTESIAN_POINT('',(21.5381811985783,24.4718448999971,2.70523499278535));
#246=CARTESIAN_POINT('',(23.7248725093855,22.3583287963503,2.67924330099836));
#247=CARTESIAN_POINT('',(25.7051012056395,20.050242246919,2.65325160921138));
#248=CARTESIAN_POINT('',(27.4616346048937,17.567671074437,2.62725991742439));
#249=CARTESIAN_POINT('',(28.9791867039032,14.9322195313565,2.60126822563741));
#250=CARTESIAN_POINT('',(30.2445512030786,12.1668222916529,2.57527653385042));
#251=CARTESIAN_POINT('',(31.2467164325886,9.29554486481045,2.54928484206343));
#252=CARTESIAN_POINT('',(31.9769611799833,6.34337416885872,2.52329315027645));
#253=CARTESIAN_POINT('',(32.4289305854105,3.33600108497113,2.49730145848946));
#254=CARTESIAN_POINT('',(32.5986914439561,0.299596885915998,2.47130976670248));
#255=CARTESIAN_POINT('',(32.4847664338475,-2.73941451603786,2.44531807491549));
#256=CARTESIAN_POINT('',(32.0881469726548,-5.75458651977777,2.4193263831285));
#257=CARTESIAN_POINT('',(31.4122845896078,-8.71967998345069,2.39333469134152));
#258=CARTESIAN_POINT('',(30.4630608891125,-11.6088915671793,2.36734299955453));
#259=CARTESIAN_POINT('',(29.2487363668543,-14.3970782832685,2.34135130776755));
#260=CARTESIAN_POINT('',(27.7798785239095,-17.0599762997823,2.31535961598056));
#261=CARTESIAN_POINT('',(26.0692699044433,-19.5744120933833,2.28936792419357));
#262=CARTESIAN_POINT('',(24.1317968572827,-21.9185041139021,2.26337623240659));
#263=CARTESIAN_POINT('',(21.984319989404,-24.0718532056798,2.2373845406196));
#264=CARTESIAN_POINT('',(19.6455274386954,-26.015720128564,2.21139284883262));
#265=CARTESIAN_POINT('',(17.1357722428697,-27.7331886337075,2.18540115704563));
#266=CARTESIAN_POINT('',(14.4768952198033,-29.209312675021,2.15940946525865));
#267=CARTESIAN_POINT('',(11.6920349006619,-30.431246475194,2.13341777347166));
#268=CARTESIAN_POINT('',(8.80542616984485,-31.3883563143997,2.10742608168467));
#269=CARTESIAN_POINT('',(5.84218936405868,-32.0723130688571,2.08143438989769));
#270=CARTESIAN_POINT('',(2.82811166585712,-32.4771646939469,2.0554426981107));
#271=CARTESIAN_POINT('',(-0.210577305958243,-32.5993880211043,2.02945100632371));
#272=CARTESIAN_POINT('',(-3.24743375618107,-32.4379194177358,2.00345931453673));
#273=CARTESIAN_POINT('',(-6.25602983688561,-31.9941640433424,1.97746762274974));
#274=CARTESIAN_POINT('',(-9.21018363233297,-31.2719836213025,1.95147593096276));
#275=CARTESIAN_POINT('',(-12.0841870036845,-30.2776628327268,1.92548423917577));
#276=CARTESIAN_POINT('',(-14.8530293107335,-29.0198546248391,1.89949254738879));
#277=CARTESIAN_POINT('',(-17.4926150637455,-27.5095049098294,1.8735008556018));
#278=CARTESIAN_POINT('',(-19.9799736113213,-25.7597573094781,1.84750916381481));
#279=CARTESIAN_POINT('',(-22.2934590395003,-23.7858387744983,1.82151747202783));
#280=CARTESIAN_POINT('',(-24.4129385425091,-21.6049270739796,1.79552578024084));
#281=CARTESIAN_POINT('',(-26.3199676258827,-19.2360013080888,1.76953408845386));
#282=CARTESIAN_POINT('',(-27.9979506172763,-16.6996767449212,1.74354239666687));
#283=CARTESIAN_POINT('',(-29.4322850881442,-14.0180254188137,1.71755070487988));
#284=CARTESIAN_POINT('',(-30.6104889294726,-11.2143840513395,1.6915590130929));
#285=CARTESIAN_POINT('',(-31.5223089757088,-8.31315096652613,1.66556732130591));
#286=CARTESIAN_POINT('',(-32.1598102315993,-5.3395737676171,1.63957562951893));
#287=CARTESIAN_POINT('',(-32.5174449254536,-2.31952962309114,1.61358393773194));
#288=CARTESIAN_POINT('',(-32.5921007879046,0.720699926027722,1.58759224594495));
#289=CARTESIAN_POINT('',(-32.3831281360278,3.7546576778597,1.56160055415797));
#290=CARTESIAN_POINT('',(-31.8923455271226,6.75594101002445,1.53560886237098));
#291=CARTESIAN_POINT('',(-31.1240239329537,9.69843164502529,1.509617170584));
#292=CARTESIAN_POINT('',(-30.0848495721759,12.5565229411591,1.48362547879701));
#293=CARTESIAN_POINT('',(-28.7838657243859,15.3053427309822,1.45763378701002));
#294=CARTESIAN_POINT('',(-27.2323940321594,17.92096976811,1.43164209522304));
#295=CARTESIAN_POINT('',(-25.4439359759306,20.3806418987493,1.40565040343605));
#296=CARTESIAN_POINT('',(-23.4340553791149,22.6629541463786,1.37965871164907));
#297=CARTESIAN_POINT('',(-21.2202429659663,24.7480449857708,1.35366701986208));
#298=CARTESIAN_POINT('',(-18.82176415081,26.6177691853268,1.32767532807509));
#299=CARTESIAN_POINT('',(-16.2594913833441,28.2558557136062,1.30168363628811));
#300=CARTESIAN_POINT('',(-13.5557225086303,29.6480493358064,1.27569194450112));
#301=CARTESIAN_POINT('',(-10.7339867238723,30.7822346682875,1.24970025271414));
#302=CARTESIAN_POINT('',(-7.81883981538099,31.6485416103768,1.22370856092715));
#303=CARTESIAN_POINT('',(-4.83565047720656,32.2394312404122,1.19771686914016));
#304=CARTESIAN_POINT('',(-1.81037949797664,32.5497614118632,1.17172517735318));
#305=CARTESIAN_POINT('',(1.23064599003641,32.5768315408679,1.14573348556619));
#306=CARTESIAN_POINT('',(4.26096225175578,32.3204059633712,1.1197417937792));
#307=CARTESIAN_POINT('',(6.25645200816196,31.961946337556,1.10241399925455));
#308=CARTESIAN_POINT('',(7.24367615584798,31.7366188680863,1.09375010199221));
#309=CARTESIAN_POINT('',(1.81589693365531,-32.312357147649,3.68751099684266));
#310=CARTESIAN_POINT('',(0.810763419672698,-32.3688438613113,3.67884709958033));
#311=CARTESIAN_POINT('',(-1.20477732637514,-32.387949700575,3.66151930505567));
#312=CARTESIAN_POINT('',(-4.21760520640199,-32.1347566096507,3.63552761326869));
#313=CARTESIAN_POINT('',(-7.19372961030103,-31.601914964823,3.6095359214817));
#314=CARTESIAN_POINT('',(-10.1072516033669,-30.7940617736487,3.58354422969471));
#315=CARTESIAN_POINT('',(-12.9328165324201,-29.7182272673284,3.55755253790773));
#316=CARTESIAN_POINT('',(-15.6458353152463,-28.3837737572192,3.53156084612074));
#317=CARTESIAN_POINT('',(-18.2226982513591,-26.8023141508431,3.50556915433376));
#318=CARTESIAN_POINT('',(-20.6409805285726,-24.9876108946691,3.47957746254677));
#319=CARTESIAN_POINT('',(-22.8796373596238,-22.9554562075184,3.45358577075978));
#320=CARTESIAN_POINT('',(-24.9191871250127,-20.7235346510221,3.4275940789728));
#321=CARTESIAN_POINT('',(-26.7418809083713,-18.311269231976,3.40160238718581));
#322=CARTESIAN_POINT('',(-28.3318569543352,-15.7396523761656,3.37561069539882));
#323=CARTESIAN_POINT('',(-29.6752787033418,-13.0310632445103,3.34961900361184));
#324=CARTESIAN_POINT('',(-30.7604552025053,-10.2090729813291,3.32362731182485));
#325=CARTESIAN_POINT('',(-31.5779428446078,-7.29823958952611,3.29763562003787));
#326=CARTESIAN_POINT('',(-32.1206275498628,-4.32389421776647,3.27164392825088));
#327=CARTESIAN_POINT('',(-32.3837866752687,-1.31192071945322,3.24565223646389));
#328=CARTESIAN_POINT('',(-32.3651301127941,1.71146959813767,3.21966054467691));
#329=CARTESIAN_POINT('',(-32.0648202187453,4.7199660743467,3.19366885288992));
#330=CARTESIAN_POINT('',(-31.4854704008815,7.68738766023012,3.16767716110293));
#331=CARTESIAN_POINT('',(-30.6321223755739,10.5879107557302,3.14168546931595));
#332=CARTESIAN_POINT('',(-29.5122022929255,13.396293936193,3.11569377752896));
#333=CARTESIAN_POINT('',(-28.1354561116665,16.0880976125808,3.08970208574198));
#334=CARTESIAN_POINT('',(-26.5138647862171,18.6398967138136,3.06371039395499));
#335=CARTESIAN_POINT('',(-24.6615400039911,21.0294845404016,3.037718702168));
#336=CARTESIAN_POINT('',(-22.5946013802738,23.2360660153558,3.01172701038102));
#337=CARTESIAN_POINT('',(-20.3310361793677,25.2404386506392,2.98573531859403));
#338=CARTESIAN_POINT('',(-17.8905427827672,27.0251596543188,2.95974362680704));
#339=CARTESIAN_POINT('',(-15.2943592665572,28.5746977241916,2.93375193502006));
#340=CARTESIAN_POINT('',(-12.5650785798212,29.8755682069205,2.90776024323307));
#341=CARTESIAN_POINT('',(-9.7264519324428,30.9164504464746,2.88176855144609));
#342=CARTESIAN_POINT('',(-6.80318210329374,31.6882863006642,2.8557768596591));
#343=CARTESIAN_POINT('',(-3.82070846751636,32.1843589684444,2.82978516787211));
#344=CARTESIAN_POINT('',(-0.804985613673129,32.4003514420017,2.80379347608513));
#345=CARTESIAN_POINT('',(2.21774252268155,32.3343840749523,2.77780178429814));
#346=CARTESIAN_POINT('',(5.22117104343418,31.9870309397207,2.75181009251116));
#347=CARTESIAN_POINT('',(8.17916300286365,31.3613148317482,2.72581840072417));
#348=CARTESIAN_POINT('',(11.0659768610089,30.46268096401,2.69982670893718));
#349=CARTESIAN_POINT('',(13.8564904960695,29.2989495807576,2.6738350171502));
#350=CARTESIAN_POINT('',(16.5264198264002,27.8802479028614,2.64784332536321));
#351=CARTESIAN_POINT('',(19.0525301395702,26.2189219969893,2.62185163357623));
#352=CARTESIAN_POINT('',(21.4128382894235,24.3294293355689,2.59585994178924));
#353=CARTESIAN_POINT('',(23.5868040015465,22.2282129825155,2.56986825000225));
#354=CARTESIAN_POINT('',(25.5555086223323,19.9335584996092,2.54387655821527));
#355=CARTESIAN_POINT('',(27.3018197561008,17.4654348187735,2.51788486642828));
#356=CARTESIAN_POINT('',(28.8105403575419,14.8453204650453,2.4918931746413));
#357=CARTESIAN_POINT('',(30.068540982024,12.0960166425061,2.46590148285431));
#358=CARTESIAN_POINT('',(31.0648740428767,9.24144880977255,2.43990979106733));
#359=CARTESIAN_POINT('',(31.7908690813388,6.30645847180651,2.41391809928034));
#360=CARTESIAN_POINT('',(32.2402082200966,3.31658699995259,2.38792640749335));
#361=CARTESIAN_POINT('',(32.4089811437894,0.297853361478711,2.36193471570637));
#362=CARTESIAN_POINT('',(32.2957191280192,-2.72347230709944,2.33594302391938));
#363=CARTESIAN_POINT('',(31.901407820734,-5.72109731246162,2.3099513321324));
#364=CARTESIAN_POINT('',(31.2294786647547,-8.6689352132239,2.28395964034541));
#365=CARTESIAN_POINT('',(30.2857790360908,-11.5413328337989,2.25796794855842));
#366=CARTESIAN_POINT('',(29.0785213579116,-14.3132935078171,2.23197625677144));
#367=CARTESIAN_POINT('',(27.6182116330031,-16.9606946083613,2.20598456498445));
#368=CARTESIAN_POINT('',(25.9175580166456,-19.460497471988,2.17999287319746));
#369=CARTESIAN_POINT('',(23.9913602255478,-21.790947889696,2.15400118141048));
#370=CARTESIAN_POINT('',(21.8563807452377,-23.9317654200989,2.12800948962349));
#371=CARTESIAN_POINT('',(19.5311989567152,-25.8643198773261,2.10201779783651));
#372=CARTESIAN_POINT('',(17.036049451807,-27.57179345779,2.07602610604952));
#373=CARTESIAN_POINT('',(14.3926459442656,-29.0393270949321,2.05003441426254));
#374=CARTESIAN_POINT('',(11.6239923090022,-30.2541497683161,2.02404272247555));
#375=CARTESIAN_POINT('',(8.75418239385928,-31.2056896417702,1.99805103068856));
#376=CARTESIAN_POINT('',(5.80819034603701,-31.8856660634155,1.97205933890158));
#377=CARTESIAN_POINT('',(2.81165327782774,-32.2881616269605,1.94606764711459));
#378=CARTESIAN_POINT('',(-0.209351837016021,-32.4096736671596,1.92007595532761));
#379=CARTESIAN_POINT('',(-3.22853509475119,-32.2491447413013,1.89408426354062));
#380=CARTESIAN_POINT('',(-6.21962244610897,-31.8079718314654,1.86809257175363));
#381=CARTESIAN_POINT('',(-9.15658434278837,-31.0899941874688,1.84210087996665));
#382=CARTESIAN_POINT('',(-12.0138622562117,-30.1014599162933,1.81610918817966));
#383=CARTESIAN_POINT('',(-14.7665910972927,-28.8509716087483,1.79011749639268));
#384=CARTESIAN_POINT('',(-17.3908156016367,-27.3494114765439,1.76412580460569));
#385=CARTESIAN_POINT('',(-19.8636987971116,-25.6098466512603,1.73813411281871));
#386=CARTESIAN_POINT('',(-22.1637207396239,-23.6474154693364,1.71214242103172));
#387=CARTESIAN_POINT('',(-24.2708657876315,-21.479195732667,1.68615072924473));
#388=CARTESIAN_POINT('',(-26.1667967856584,-19.1240560912559,1.66015903745775));
#389=CARTESIAN_POINT('',(-27.835014641003,-16.6024918412446,1.63416734567076));
#390=CARTESIAN_POINT('',(-29.2610019049446,-13.9364465672663,1.60817565388378));
#391=CARTESIAN_POINT('',(-30.4323491089513,-11.1491211812571,1.58218396209679));
#392=CARTESIAN_POINT('',(-31.3388627564638,-8.26477201953983,1.5561922703098));
#393=CARTESIAN_POINT('',(-31.972654030473,-5.30849975521515,1.53020057852282));
#394=CARTESIAN_POINT('',(-32.3282074449226,-2.30603096282134,1.50420888673583));
#395=CARTESIAN_POINT('',(-32.4024288425087,0.716505763831615,1.47821719494885));
#396=CARTESIAN_POINT('',(-32.1946723211807,3.73280719234821,1.45222550316186));
#397=CARTESIAN_POINT('',(-31.7067458550201,6.71662435220328,1.42623381137487));
#398=CARTESIAN_POINT('',(-30.9428955605813,9.64199096299096,1.40024211958789));
#399=CARTESIAN_POINT('',(-29.9097687456151,12.4834494025997,1.3742504278009));
#400=CARTESIAN_POINT('',(-28.6163560617383,15.2162722488544,1.34825873601392));
#401=CARTESIAN_POINT('',(-27.0739132644581,17.8166774666895,1.32226704422693));
#402=CARTESIAN_POINT('',(-25.2958632614257,20.2620353682127,1.29627535243994));
#403=CARTESIAN_POINT('',(-23.2976793013286,22.5310655446179,1.27028366065296));
#404=CARTESIAN_POINT('',(-21.0967503199623,24.6040220561738,1.24429196886597));
#405=CARTESIAN_POINT('',(-18.7122296152641,26.4628652686897,1.21830027707899));
#406=CARTESIAN_POINT('',(-16.1648681682929,28.0914188410983,1.192308585292));
#407=CARTESIAN_POINT('',(-13.4768340602854,29.4755104979049,1.16631689350501));
#408=CARTESIAN_POINT('',(-10.6715195586834,30.6030953617677,1.14032520171803));
#409=CARTESIAN_POINT('',(-7.77333754573066,31.4643607717359,1.11433350993104));
#410=CARTESIAN_POINT('',(-4.80750908063827,32.0518116794143,1.08834181814406));
#411=CARTESIAN_POINT('',(-1.79984387146024,32.3603358633435,1.06235012635707));
#412=CARTESIAN_POINT('',(1.22348416206641,32.3872484558928,1.03635843457008));
#413=CARTESIAN_POINT('',(4.23616529236957,32.1323151644703,1.0103667427831));
#414=CARTESIAN_POINT('',(6.22004216053089,31.7759416188073,0.993038948258437));
#415=CARTESIAN_POINT('',(7.20152109020068,31.5519254578587,0.984375050996106));
#416=CARTESIAN_POINT('',(1.81589693365531,-32.312357147649,3.46876089485045));
#417=CARTESIAN_POINT('',(0.810763419672698,-32.3688438613113,3.46009699758812));
#418=CARTESIAN_POINT('',(-1.20477732637514,-32.3879497005749,3.44276920306346));
#419=CARTESIAN_POINT('',(-4.21760520640199,-32.1347566096507,3.41677751127647));
#420=CARTESIAN_POINT('',(-7.19372961030103,-31.601914964823,3.39078581948949));
#421=CARTESIAN_POINT('',(-10.1072516033669,-30.7940617736487,3.3647941277025));
#422=CARTESIAN_POINT('',(-12.9328165324201,-29.7182272673284,3.33880243591552));
#423=CARTESIAN_POINT('',(-15.6458353152463,-28.3837737572192,3.31281074412853));
#424=CARTESIAN_POINT('',(-18.2226982513591,-26.8023141508431,3.28681905234154));
#425=CARTESIAN_POINT('',(-20.6409805285726,-24.9876108946691,3.26082736055456));
#426=CARTESIAN_POINT('',(-22.8796373596238,-22.9554562075184,3.23483566876757));
#427=CARTESIAN_POINT('',(-24.9191871250127,-20.7235346510221,3.20884397698058));
#428=CARTESIAN_POINT('',(-26.7418809083713,-18.311269231976,3.1828522851936));
#429=CARTESIAN_POINT('',(-28.3318569543352,-15.7396523761656,3.15686059340661));
#430=CARTESIAN_POINT('',(-29.6752787033418,-13.0310632445103,3.13086890161963));
#431=CARTESIAN_POINT('',(-30.7604552025053,-10.2090729813291,3.10487720983264));
#432=CARTESIAN_POINT('',(-31.5779428446078,-7.29823958952611,3.07888551804565));
#433=CARTESIAN_POINT('',(-32.1206275498628,-4.32389421776647,3.05289382625867));
#434=CARTESIAN_POINT('',(-32.3837866752687,-1.31192071945322,3.02690213447168));
#435=CARTESIAN_POINT('',(-32.3651301127941,1.71146959813767,3.00091044268469));
#436=CARTESIAN_POINT('',(-32.0648202187453,4.71996607434669,2.97491875089771));
#437=CARTESIAN_POINT('',(-31.4854704008815,7.68738766023012,2.94892705911072));
#438=CARTESIAN_POINT('',(-30.6321223755739,10.5879107557302,2.92293536732374));
#439=CARTESIAN_POINT('',(-29.5122022929255,13.396293936193,2.89694367553675));
#440=CARTESIAN_POINT('',(-28.1354561116665,16.0880976125808,2.87095198374976));
#441=CARTESIAN_POINT('',(-26.5138647862171,18.6398967138136,2.84496029196278));
#442=CARTESIAN_POINT('',(-24.6615400039911,21.0294845404016,2.81896860017579));
#443=CARTESIAN_POINT('',(-22.5946013802738,23.2360660153558,2.79297690838881));
#444=CARTESIAN_POINT('',(-20.3310361793677,25.2404386506392,2.76698521660182));
#445=CARTESIAN_POINT('',(-17.8905427827672,27.0251596543187,2.74099352481483));
#446=CARTESIAN_POINT('',(-15.2943592665572,28.5746977241915,2.71500183302785));
#447=CARTESIAN_POINT('',(-12.5650785798212,29.8755682069205,2.68901014124086));
#448=CARTESIAN_POINT('',(-9.72645193244279,30.9164504464746,2.66301844945387));
#449=CARTESIAN_POINT('',(-6.80318210329374,31.6882863006642,2.63702675766689));
#450=CARTESIAN_POINT('',(-3.82070846751636,32.1843589684444,2.6110350658799));
#451=CARTESIAN_POINT('',(-0.804985613673129,32.4003514420017,2.58504337409292));
#452=CARTESIAN_POINT('',(2.21774252268155,32.3343840749523,2.55905168230593));
#453=CARTESIAN_POINT('',(5.22117104343418,31.9870309397207,2.53305999051894));
#454=CARTESIAN_POINT('',(8.17916300286365,31.3613148317482,2.50706829873196));
#455=CARTESIAN_POINT('',(11.0659768610089,30.46268096401,2.48107660694497));
#456=CARTESIAN_POINT('',(13.8564904960695,29.2989495807576,2.45508491515799));
#457=CARTESIAN_POINT('',(16.5264198264002,27.8802479028614,2.429093223371));
#458=CARTESIAN_POINT('',(19.0525301395702,26.2189219969894,2.40310153158401));
#459=CARTESIAN_POINT('',(21.4128382894235,24.3294293355689,2.37710983979703));
#460=CARTESIAN_POINT('',(23.5868040015465,22.2282129825155,2.35111814801004));
#461=CARTESIAN_POINT('',(25.5555086223323,19.9335584996092,2.32512645622306));
#462=CARTESIAN_POINT('',(27.3018197561008,17.4654348187735,2.29913476443607));
#463=CARTESIAN_POINT('',(28.8105403575419,14.8453204650453,2.27314307264908));
#464=CARTESIAN_POINT('',(30.068540982024,12.0960166425061,2.2471513808621));
#465=CARTESIAN_POINT('',(31.0648740428767,9.24144880977255,2.22115968907511));
#466=CARTESIAN_POINT('',(31.7908690813388,6.30645847180651,2.19516799728813));
#467=CARTESIAN_POINT('',(32.2402082200966,3.31658699995259,2.16917630550114));
#468=CARTESIAN_POINT('',(32.4089811437894,0.29785336147871,2.14318461371415));
#469=CARTESIAN_POINT('',(32.2957191280192,-2.72347230709944,2.11719292192717));
#470=CARTESIAN_POINT('',(31.901407820734,-5.72109731246162,2.09120123014018));
#471=CARTESIAN_POINT('',(31.2294786647547,-8.66893521322389,2.0652095383532));
#472=CARTESIAN_POINT('',(30.2857790360908,-11.5413328337989,2.03921784656621));
#473=CARTESIAN_POINT('',(29.0785213579116,-14.3132935078171,2.01322615477922));
#474=CARTESIAN_POINT('',(27.6182116330031,-16.9606946083613,1.98723446299224));
#475=CARTESIAN_POINT('',(25.9175580166456,-19.460497471988,1.96124277120525));
#476=CARTESIAN_POINT('',(23.9913602255478,-21.790947889696,1.93525107941827));
#477=CARTESIAN_POINT('',(21.8563807452377,-23.9317654200989,1.90925938763128));
#478=CARTESIAN_POINT('',(19.5311989567152,-25.8643198773261,1.88326769584429));
#479=CARTESIAN_POINT('',(17.036049451807,-27.5717934577899,1.85727600405731));
#480=CARTESIAN_POINT('',(14.3926459442656,-29.0393270949321,1.83128431227032));
#481=CARTESIAN_POINT('',(11.6239923090022,-30.2541497683161,1.80529262048334));
#482=CARTESIAN_POINT('',(8.75418239385928,-31.2056896417702,1.77930092869635));
#483=CARTESIAN_POINT('',(5.80819034603701,-31.8856660634155,1.75330923690937));
#484=CARTESIAN_POINT('',(2.81165327782774,-32.2881616269605,1.72731754512238));
#485=CARTESIAN_POINT('',(-0.209351837016022,-32.4096736671596,1.70132585333539));
#486=CARTESIAN_POINT('',(-3.22853509475119,-32.2491447413013,1.67533416154841));
#487=CARTESIAN_POINT('',(-6.21962244610897,-31.8079718314654,1.64934246976142));
#488=CARTESIAN_POINT('',(-9.15658434278837,-31.0899941874688,1.62335077797444));
#489=CARTESIAN_POINT('',(-12.0138622562117,-30.1014599162933,1.59735908618745));
#490=CARTESIAN_POINT('',(-14.7665910972927,-28.8509716087483,1.57136739440046));
#491=CARTESIAN_POINT('',(-17.3908156016367,-27.3494114765439,1.54537570261348));
#492=CARTESIAN_POINT('',(-19.8636987971116,-25.6098466512603,1.51938401082649));
#493=CARTESIAN_POINT('',(-22.1637207396239,-23.6474154693364,1.49339231903951));
#494=CARTESIAN_POINT('',(-24.2708657876315,-21.479195732667,1.46740062725252));
#495=CARTESIAN_POINT('',(-26.1667967856584,-19.1240560912558,1.44140893546553));
#496=CARTESIAN_POINT('',(-27.835014641003,-16.6024918412446,1.41541724367855));
#497=CARTESIAN_POINT('',(-29.2610019049446,-13.9364465672663,1.38942555189156));
#498=CARTESIAN_POINT('',(-30.4323491089513,-11.1491211812571,1.36343386010458));
#499=CARTESIAN_POINT('',(-31.3388627564638,-8.26477201953982,1.33744216831759));
#500=CARTESIAN_POINT('',(-31.972654030473,-5.30849975521515,1.3114504765306));
#501=CARTESIAN_POINT('',(-32.3282074449226,-2.30603096282133,1.28545878474362));
#502=CARTESIAN_POINT('',(-32.4024288425087,0.716505763831615,1.25946709295663));
#503=CARTESIAN_POINT('',(-32.1946723211806,3.73280719234821,1.23347540116965));
#504=CARTESIAN_POINT('',(-31.7067458550201,6.71662435220328,1.20748370938266));
#505=CARTESIAN_POINT('',(-30.9428955605813,9.64199096299096,1.18149201759567));
#506=CARTESIAN_POINT('',(-29.9097687456151,12.4834494025996,1.15550032580869));
#507=CARTESIAN_POINT('',(-28.6163560617383,15.2162722488544,1.1295086340217));
#508=CARTESIAN_POINT('',(-27.0739132644581,17.8166774666895,1.10351694223472));
#509=CARTESIAN_POINT('',(-25.2958632614257,20.2620353682127,1.07752525044773));
#510=CARTESIAN_POINT('',(-23.2976793013286,22.5310655446179,1.05153355866074));
#511=CARTESIAN_POINT('',(-21.0967503199623,24.6040220561738,1.02554186687376));
#512=CARTESIAN_POINT('',(-18.7122296152641,26.4628652686897,0.999550175086773));
#513=CARTESIAN_POINT('',(-16.1648681682929,28.0914188410983,0.973558483299787));
#514=CARTESIAN_POINT('',(-13.4768340602854,29.4755104979049,0.947566791512801));
#515=CARTESIAN_POINT('',(-10.6715195586834,30.6030953617677,0.921575099725816));
#516=CARTESIAN_POINT('',(-7.77333754573065,31.4643607717359,0.895583407938829));
#517=CARTESIAN_POINT('',(-4.80750908063827,32.0518116794143,0.869591716151843));
#518=CARTESIAN_POINT('',(-1.79984387146024,32.3603358633435,0.843600024364858));
#519=CARTESIAN_POINT('',(1.22348416206641,32.3872484558928,0.817608332577871));
#520=CARTESIAN_POINT('',(4.23616529236957,32.1323151644702,0.791616640790883));
#521=CARTESIAN_POINT('',(6.22004216053089,31.7759416188073,0.774288846266224));
#522=CARTESIAN_POINT('',(7.20152109020068,31.5519254578587,0.765624949003893));
#523=CARTESIAN_POINT('',(1.82652652891556,-32.5015018463476,3.35938584385434));
#524=CARTESIAN_POINT('',(0.815509331647771,-32.5583192125336,3.35072194659201));
#525=CARTESIAN_POINT('',(-1.21182965138364,-32.5775368903795,3.33339415206735));
#526=CARTESIAN_POINT('',(-4.24229352184582,-32.3228616998771,3.30740246028036));
#527=CARTESIAN_POINT('',(-7.23583906747998,-31.7869009953069,3.28141076849338));
#528=CARTESIAN_POINT('',(-10.1664157507071,-30.9743189275688,3.25541907670639));
#529=CARTESIAN_POINT('',(-13.0085205014983,-29.8921868802608,3.2294273849194));
#530=CARTESIAN_POINT('',(-15.7374203021622,-28.54992196828,3.20343569313242));
#531=CARTESIAN_POINT('',(-18.329367249677,-26.9592050768539,3.17744400134543));
#532=CARTESIAN_POINT('',(-20.7618052652231,-25.1338792127703,3.15145230955845));
#533=CARTESIAN_POINT('',(-23.0135663730643,-23.0898290367126,3.12546061777146));
#534=CARTESIAN_POINT('',(-25.0650549154385,-20.8448426292556,3.09946892598447));
#535=CARTESIAN_POINT('',(-26.8984180803249,-18.4184566923598,3.07347723419749));
#536=CARTESIAN_POINT('',(-28.4977012634555,-15.8317865337793,3.0474855424105));
#537=CARTESIAN_POINT('',(-29.848986911118,-13.107342313841,3.02149385062352));
#538=CARTESIAN_POINT('',(-30.9405156358722,-10.268833153706,2.99550215883653));
#539=CARTESIAN_POINT('',(-31.7627885510839,-7.34096080982842,2.96951046704954));
#540=CARTESIAN_POINT('',(-32.3086499337505,-4.34920471013592,2.94351877526256));
#541=CARTESIAN_POINT('',(-32.5733494962485,-1.31960022262483,2.91752708347557));
#542=CARTESIAN_POINT('',(-32.5545837250934,1.72148791404054,2.89153539168858));
#543=CARTESIAN_POINT('',(-32.2525159269658,4.74759502623407,2.8655436999016));
#544=CARTESIAN_POINT('',(-31.6697748075562,7.73238681074488,2.83955200811461));
#545=CARTESIAN_POINT('',(-30.8114315955962,10.6498885056229,2.81356031632763));
#546=CARTESIAN_POINT('',(-29.6849559111504,13.4747109321634,2.78756862454064));
#547=CARTESIAN_POINT('',(-28.30015076222,16.1822714409295,2.76157693275365));
#548=CARTESIAN_POINT('',(-26.6690672353423,18.7490078390589,2.73558524096667));
#549=CARTESIAN_POINT('',(-24.8058996225787,21.1525834371799,2.70959354917968));
#550=CARTESIAN_POINT('',(-22.7268618975353,23.3720814315427,2.68360185739269));
#551=CARTESIAN_POINT('',(-20.4500466153692,25.3881869297815,2.65761016560571));
#552=CARTESIAN_POINT('',(-17.9952674646819,27.1833550362509,2.63161847381872));
#553=CARTESIAN_POINT('',(-15.3838868414736,28.7419635341958,2.60562678203174));
#554=CARTESIAN_POINT('',(-12.6386299456731,30.0504488360597,2.57963509024475));
#555=CARTESIAN_POINT('',(-9.78338701804371,31.0974240188392,2.55364339845776));
#556=CARTESIAN_POINT('',(-6.8430054384729,31.8737779172996,2.52765170667078));
#557=CARTESIAN_POINT('',(-3.84307349488349,32.3727544127037,2.50166001488379));
#558=CARTESIAN_POINT('',(-0.809697704489011,32.5900112270562,2.47566832309681));
#559=CARTESIAN_POINT('',(2.23072437477384,32.5236577112122,2.44967663130982));
#560=CARTESIAN_POINT('',(5.25173386555675,32.1742712980056,2.42368493952283));
#561=CARTESIAN_POINT('',(8.22704082603559,31.5448924772149,2.39769324773585));
#562=CARTESIAN_POINT('',(11.1307530347067,30.6409983360966,2.37170155594886));
#563=CARTESIAN_POINT('',(13.937601314074,29.4704548957465,2.34570986416188));
#564=CARTESIAN_POINT('',(16.6231594323766,28.0434486580751,2.31971817237489));
#565=CARTESIAN_POINT('',(19.1640566696908,26.3723979591008,2.2937264805879));
#566=CARTESIAN_POINT('',(21.5381811985783,24.4718448999971,2.26773478880092));
#567=CARTESIAN_POINT('',(23.7248725093855,22.3583287963503,2.24174309701393));
#568=CARTESIAN_POINT('',(25.7051012056395,20.050242246919,2.21575140522695));
#569=CARTESIAN_POINT('',(27.4616346048937,17.567671074437,2.18975971343996));
#570=CARTESIAN_POINT('',(28.9791867039032,14.9322195313565,2.16376802165297));
#571=CARTESIAN_POINT('',(30.2445512030786,12.1668222916529,2.13777632986599));
#572=CARTESIAN_POINT('',(31.2467164325886,9.29554486481045,2.111784638079));
#573=CARTESIAN_POINT('',(31.9769611799833,6.34337416885872,2.08579294629202));
#574=CARTESIAN_POINT('',(32.4289305854105,3.33600108497113,2.05980125450503));
#575=CARTESIAN_POINT('',(32.5986914439561,0.299596885915998,2.03380956271804));
#576=CARTESIAN_POINT('',(32.4847664338475,-2.73941451603786,2.00781787093106));
#577=CARTESIAN_POINT('',(32.0881469726548,-5.75458651977777,1.98182617914407));
#578=CARTESIAN_POINT('',(31.4122845896078,-8.71967998345069,1.95583448735709));
#579=CARTESIAN_POINT('',(30.4630608891125,-11.6088915671793,1.9298427955701));
#580=CARTESIAN_POINT('',(29.2487363668543,-14.3970782832685,1.90385110378311));
#581=CARTESIAN_POINT('',(27.7798785239095,-17.0599762997823,1.87785941199613));
#582=CARTESIAN_POINT('',(26.0692699044433,-19.5744120933833,1.85186772020914));
#583=CARTESIAN_POINT('',(24.1317968572827,-21.9185041139021,1.82587602842216));
#584=CARTESIAN_POINT('',(21.984319989404,-24.0718532056798,1.79988433663517));
#585=CARTESIAN_POINT('',(19.6455274386954,-26.015720128564,1.77389264484818));
#586=CARTESIAN_POINT('',(17.1357722428697,-27.7331886337075,1.7479009530612));
#587=CARTESIAN_POINT('',(14.4768952198033,-29.209312675021,1.72190926127421));
#588=CARTESIAN_POINT('',(11.6920349006619,-30.431246475194,1.69591756948723));
#589=CARTESIAN_POINT('',(8.80542616984485,-31.3883563143997,1.66992587770024));
#590=CARTESIAN_POINT('',(5.84218936405868,-32.0723130688571,1.64393418591326));
#591=CARTESIAN_POINT('',(2.82811166585712,-32.4771646939469,1.61794249412627));
#592=CARTESIAN_POINT('',(-0.210577305958243,-32.5993880211043,1.59195080233928));
#593=CARTESIAN_POINT('',(-3.24743375618107,-32.4379194177358,1.5659591105523));
#594=CARTESIAN_POINT('',(-6.25602983688561,-31.9941640433424,1.53996741876531));
#595=CARTESIAN_POINT('',(-9.21018363233297,-31.2719836213025,1.51397572697833));
#596=CARTESIAN_POINT('',(-12.0841870036845,-30.2776628327268,1.48798403519134));
#597=CARTESIAN_POINT('',(-14.8530293107335,-29.0198546248391,1.46199234340435));
#598=CARTESIAN_POINT('',(-17.4926150637455,-27.5095049098294,1.43600065161737));
#599=CARTESIAN_POINT('',(-19.9799736113213,-25.7597573094781,1.41000895983038));
#600=CARTESIAN_POINT('',(-22.2934590395003,-23.7858387744983,1.3840172680434));
#601=CARTESIAN_POINT('',(-24.4129385425091,-21.6049270739796,1.35802557625641));
#602=CARTESIAN_POINT('',(-26.3199676258827,-19.2360013080888,1.33203388446942));
#603=CARTESIAN_POINT('',(-27.9979506172763,-16.6996767449212,1.30604219268244));
#604=CARTESIAN_POINT('',(-29.4322850881442,-14.0180254188137,1.28005050089545));
#605=CARTESIAN_POINT('',(-30.6104889294726,-11.2143840513395,1.25405880910847));
#606=CARTESIAN_POINT('',(-31.5223089757088,-8.31315096652613,1.22806711732148));
#607=CARTESIAN_POINT('',(-32.1598102315993,-5.3395737676171,1.20207542553449));
#608=CARTESIAN_POINT('',(-32.5174449254536,-2.31952962309114,1.17608373374751));
#609=CARTESIAN_POINT('',(-32.5921007879046,0.720699926027722,1.15009204196052));
#610=CARTESIAN_POINT('',(-32.3831281360278,3.7546576778597,1.12410035017354));
#611=CARTESIAN_POINT('',(-31.8923455271226,6.75594101002445,1.09810865838655));
#612=CARTESIAN_POINT('',(-31.1240239329537,9.69843164502529,1.07211696659956));
#613=CARTESIAN_POINT('',(-30.0848495721759,12.5565229411591,1.04612527481258));
#614=CARTESIAN_POINT('',(-28.7838657243859,15.3053427309822,1.02013358302559));
#615=CARTESIAN_POINT('',(-27.2323940321594,17.92096976811,0.994141891238606));
#616=CARTESIAN_POINT('',(-25.4439359759306,20.3806418987493,0.968150199451621));
#617=CARTESIAN_POINT('',(-23.4340553791149,22.6629541463786,0.942158507664634));
#618=CARTESIAN_POINT('',(-21.2202429659663,24.7480449857708,0.916166815877648));
#619=CARTESIAN_POINT('',(-18.82176415081,26.6177691853268,0.890175124090663));
#620=CARTESIAN_POINT('',(-16.2594913833441,28.2558557136062,0.864183432303676));
#621=CARTESIAN_POINT('',(-13.5557225086303,29.6480493358064,0.83819174051669));
#622=CARTESIAN_POINT('',(-10.7339867238723,30.7822346682875,0.812200048729705));
#623=CARTESIAN_POINT('',(-7.81883981538099,31.6485416103768,0.786208356942718));
#624=CARTESIAN_POINT('',(-4.83565047720656,32.2394312404122,0.760216665155732));
#625=CARTESIAN_POINT('',(-1.81037949797664,32.5497614118632,0.734224973368747));
#626=CARTESIAN_POINT('',(1.23064599003641,32.5768315408679,0.70823328158176));
#627=CARTESIAN_POINT('',(4.26096225175578,32.3204059633712,0.682241589794773));
#628=CARTESIAN_POINT('',(6.25645200816196,31.961946337556,0.664913795270113));
#629=CARTESIAN_POINT('',(7.24367615584798,31.7366188680863,0.656249898007783));
#630=FACE_BOUND('',#631,.T.);
#631=EDGE_LOOP('',(#2056,#2057,#2058,#2059));
#632=B_SPLINE_SURFACE_WITH_KNOTS('',1,3,(
(#633,#634,#635,#636,#637,#638,#639,#640,#641,#642,#643,#644,#645,#646,#647,#648,
#649,#650,#651,#652,#653,#654,#655,#656,#657,#658,#659,#660,#661,#662,#663,#664,
#665,#666,#667,#668,#669,#670,#671,#672,#673,#674,#675,#676,#677,#678,#679,#680,
#681,#682,#683,#684,#685,#686,#687,#688,#689,#690,#691,#692,#693,#694,#695,#696,
#697,#698,#699,#700,#701,#702,#703,#704,#705,#706,#707,#708,#709,#710,#711,#712,
#713,#714,#715,#716,#717,#718,#719,#720,#721,#722,#723,#724,#725),
(#726,#727,#728,#729,#730,#731,#732,#733,#734,#735,#736,#737,#738,#739,#740,#741,
#742,#743,#744,#745,#746,#747,#748,#749,#750,#751,#752,#753,#754,#755,#756,#757,
#758,#759,#760,#761,#762,#763,#764,#765,#766,#767,#768,#769,#770,#771,#772,#773,
#774,#775,#776,#777,#778,#779,#780,#781,#782,#783,#784,#785,#786,#787,#788,#789,
#790,#791,#792,#793,#794,#795,#796,#797,#798,#799,#800,#801,#802,#803,#804,#805,
#806,#807,#808,#809,#810,#811,#812,#813,#814,#815,#816,#817,#818)),
.UNSPECIFIED.,.F.,.F.,.F.,
(2,2),
(4,1,1,1,1,1,1,1,1,1,1,1,1,1,1,1,1,1,1,1,1,1,1,1,1,1,1,1,1,1,1,1,1,1,1,1,1,1,1,1,
1,1,1,1,1,1,1,1,1,1,1,1,1,1,1,1,1,1,1,1,1,1,1,1,1,1,1,1,1,1,1,1,1,1,1,1,1,1,1,1,
1,1,1,1,1,1,1,1,1,1,4),
(0.,1.),
(4.69994846828317,4.79358647348345,4.88722447868373,4.980862483884,5.07450048908428,
5.16813849428456,5.26177649948484,5.35541450468512,5.44905250988539,5.54269051508567,
5.63632852028595,5.72996652548623,5.82360453068651,5.91724253588678,6.01088054108706,
6.10451854628734,6.19815655148762,6.2917945566879,6.38543256188817,6.47907056708845,
6.57270857228873,6.66634657748901,6.75998458268928,6.85362258788956,6.94726059308984,
7.04089859829012,7.1345366034904,7.22817460869067,7.32181261389095,7.41545061909123,
7.50908862429151,7.60272662949179,7.69636463469206,7.79000263989234,7.88364064509262,
7.9772786502929,8.07091665549317,8.16455466069345,8.25819266589373,8.35183067109401,
8.44546867629429,8.53910668149456,8.63274468669484,8.72638269189512,8.8200206970954,
8.91365870229568,9.00729670749595,9.10093471269623,9.19457271789651,9.28821072309679,
9.38184872829707,9.47548673349734,9.56912473869762,9.6627627438979,9.75640074909818,
9.85003875429845,9.94367675949873,10.037314764699,10.1309527698993,10.2245907750996,
10.3182287802998,10.4118667855001,10.5055047907004,10.5991427959007,10.692780801101,
10.7864188063012,10.8800568115015,10.9736948167018,11.0673328219021,11.1609708271023,
11.2546088323026,11.3482468375029,11.4418848427032,11.5355228479035,11.6291608531037,
11.722798858304,11.8164368635043,11.9100748687046,12.0037128739048,12.0973508791051,
12.1909888843054,12.2846268895057,12.378264894706,12.4719028999062,12.5655409051065,
12.6591789103068,12.7528169155071,12.8464549207073,12.9400929259076,13.0337309311079,
13.1273689363082),
.UNSPECIFIED.);
#633=CARTESIAN_POINT('',(0.404962871715508,-32.5502661510087,3.34721484375));
#634=CARTESIAN_POINT('',(-0.611017791990686,-32.5629061228379,3.33852145543981));
#635=CARTESIAN_POINT('',(-2.64416206146076,-32.4929821126662,3.32113467881944));
#636=CARTESIAN_POINT('',(-5.67071239466275,-32.1034032838146,3.29505451388889));
#637=CARTESIAN_POINT('',(-8.6475774862259,-31.4325449839572,3.26897434895833));
#638=CARTESIAN_POINT('',(-11.5486754330866,-30.4862850581072,3.24289418402778));
#639=CARTESIAN_POINT('',(-14.3485876586899,-29.2729143233252,3.21681401909722));
#640=CARTESIAN_POINT('',(-17.022782281926,-27.8030639355134,3.19073385416667));
#641=CARTESIAN_POINT('',(-19.5478288806368,-26.0896122405222,3.16465368923611));
#642=CARTESIAN_POINT('',(-21.9016038286384,-24.147571938907,3.13857352430556));
#643=CARTESIAN_POINT('',(-24.0634841229705,-21.9939585494225,3.112493359375));
#644=CARTESIAN_POINT('',(-26.0145280792699,-19.6476413246827,3.08641319444444));
#645=CARTESIAN_POINT('',(-27.7376412916714,-17.129177924961,3.06033302951389));
#646=CARTESIAN_POINT('',(-29.2177264086171,-14.4606342987308,3.03425286458333));
#647=CARTESIAN_POINT('',(-30.4418154108229,-11.6653913480778,3.00817269965278));
#648=CARTESIAN_POINT('',(-31.3991832328181,-8.76794007292149,2.98209253472222));
#649=CARTESIAN_POINT('',(-32.081441732439,-5.79366698892403,2.95601236979167));
#650=CARTESIAN_POINT('',(-32.4826131849747,-2.7686316991849,2.92993220486111));
#651=CARTESIAN_POINT('',(-32.5991826580258,0.280661431435586,2.90385203993056));
#652=CARTESIAN_POINT('',(-32.4301288081865,3.32749549884904,2.877771875));
#653=CARTESIAN_POINT('',(-31.9769328297199,6.34517514447056,2.85169171006945));
#654=CARTESIAN_POINT('',(-31.2435654768211,9.30726045117577,2.82561154513889));
#655=CARTESIAN_POINT('',(-30.2364522731735,12.1877986011636,2.79953138020834));
#656=CARTESIAN_POINT('',(-28.9644172136231,14.9615512660152,2.77345121527778));
#657=CARTESIAN_POINT('',(-27.4386054512355,17.6042157366313,2.74737105034722));
#658=CARTESIAN_POINT('',(-25.6723856471288,20.0926378555809,2.72129088541667));
#659=CARTESIAN_POINT('',(-23.6812328386587,22.4050148862181,2.69521072048611));
#660=CARTESIAN_POINT('',(-21.4825928522286,24.5210865410936,2.66913055555556));
#661=CARTESIAN_POINT('',(-19.0957294486925,26.4223124959335,2.643050390625));
#662=CARTESIAN_POINT('',(-16.541555540615,28.0920348338666,2.61697022569445));
#663=CARTESIAN_POINT('',(-13.8424499602054,29.5156239966163,2.59089006076389));
#664=CARTESIAN_POINT('',(-11.0220613833461,30.6806069638815,2.56480989583334));
#665=CARTESIAN_POINT('',(-8.10510112766774,31.5767765378403,2.53872973090278));
#666=CARTESIAN_POINT('',(-5.11712664010717,32.1962807752624,2.51264956597223));
#667=CARTESIAN_POINT('',(-2.08431757095814,32.5336917836544,2.48656940104167));
#668=CARTESIAN_POINT('',(0.966753603619149,32.5860532786699,2.46048923611111));
#669=CARTESIAN_POINT('',(4.00935440089961,32.3529064861012,2.43440907118056));
#670=CARTESIAN_POINT('',(7.01682655281973,31.836294161508,2.40832890625));
#671=CARTESIAN_POINT('',(9.96281957695969,31.0407426922645,2.38224874131945));
#672=CARTESIAN_POINT('',(12.8215216508086,29.9732224388415,2.35616857638889));
#673=CARTESIAN_POINT('',(15.5678857664691,28.6430866627986,2.33008841145834));
#674=CARTESIAN_POINT('',(18.1778491843071,27.0619895765816,2.30400824652778));
#675=CARTESIAN_POINT('',(20.6285442627672,25.243784233143,2.27792808159723));
#676=CARTESIAN_POINT('',(22.8984988171309,23.2044011500466,2.25184791666667));
#677=CARTESIAN_POINT('',(24.9678242517414,20.961708731508,2.22576775173611));
#678=CARTESIAN_POINT('',(26.8183898173413,18.5353567113112,2.19968758680556));
#679=CARTESIAN_POINT('',(28.4339814667374,15.9466039882999,2.173607421875));
#680=CARTESIAN_POINT('',(29.8004439169528,13.2181323628935,2.14752725694445));
#681=CARTESIAN_POINT('',(30.905804673164,10.3738478066079,2.12144709201389));
#682=CARTESIAN_POINT('',(31.7403789277638,7.43867100579063,2.09536692708334));
#683=CARTESIAN_POINT('',(32.2968544154636,4.43831901475924,2.06928676215278));
#684=CARTESIAN_POINT('',(32.5703554809571,1.39907993142429,2.04320659722223));
#685=CARTESIAN_POINT('',(32.5584857978099,-1.6524174303833,2.01712643229167));
#686=CARTESIAN_POINT('',(32.2613493642842,-4.68943685382603,1.99104626736112));
#687=CARTESIAN_POINT('',(31.68154959214,-7.68536897300332,1.96496610243056));
#688=CARTESIAN_POINT('',(30.8241664963967,-10.6139644154689,1.93888593750001));
#689=CARTESIAN_POINT('',(29.6967121859121,-13.449563790604,1.91280577256945));
#690=CARTESIAN_POINT('',(28.3090650447532,-16.1673225087632,1.88672560763889));
#691=CARTESIAN_POINT('',(26.6733831810423,-18.7434284614026,1.86064544270834));
#692=CARTESIAN_POINT('',(24.8039979016103,-21.1553106549476,1.83456527777778));
#693=CARTESIAN_POINT('',(22.7172881457966,-23.3818369704195,1.80848511284723));
#694=CARTESIAN_POINT('',(20.4315369785669,-25.4034993161154,1.78240494791667));
#695=CARTESIAN_POINT('',(17.9667714003076,-27.2025845510958,1.75632478298612));
#696=CARTESIAN_POINT('',(15.344586876831,-28.7633296819025,1.73024461805556));
#697=CARTESIAN_POINT('',(12.5879581270032,-30.0720599727262,1.70416445312501));
#698=CARTESIAN_POINT('',(9.72103782580868,-31.1173087589467,1.67808428819445));
#699=CARTESIAN_POINT('',(6.76894498655156,-31.8899179142792,1.6520041232639));
#700=CARTESIAN_POINT('',(3.75754487631765,-32.3831180912661,1.62592395833334));
#701=CARTESIAN_POINT('',(0.713222393006409,-32.5925880320747,1.59984379340278));
#702=CARTESIAN_POINT('',(-2.33734911047161,-32.5164924299378,1.57376362847223));
#703=CARTESIAN_POINT('',(-5.36744152934523,-32.1554980095082,1.54768346354167));
#704=CARTESIAN_POINT('',(-8.35050618985098,-31.5127676852365,1.52160329861112));
#705=CARTESIAN_POINT('',(-11.2604064599859,-30.5939328489544,1.49552313368056));
#706=CARTESIAN_POINT('',(-14.0716467500858,-29.4070440294707,1.46944296875001));
#707=CARTESIAN_POINT('',(-16.7595958968015,-27.9625003564835,1.44336280381945));
#708=CARTESIAN_POINT('',(-19.3007029732554,-26.272958446825,1.4172826388889));
#709=CARTESIAN_POINT('',(-21.6727036345218,-24.3532215113444,1.39120247395834));
#710=CARTESIAN_POINT('',(-23.8548151904985,-22.2201096540406,1.36512230902779));
#711=CARTESIAN_POINT('',(-25.8279186970058,-19.8923124998398,1.33904214409723));
#712=CARTESIAN_POINT('',(-27.5747264696915,-17.3902254422455,1.31296197916667));
#713=CARTESIAN_POINT('',(-29.079933553038,-14.7357709456037,1.28688181423612));
#714=CARTESIAN_POINT('',(-30.3303518173535,-11.9522064676804,1.26080164930556));
#715=CARTESIAN_POINT('',(-31.3150255088209,-9.06392068544643,1.23472148437501));
#716=CARTESIAN_POINT('',(-32.0253272402455,-6.09621980956228,1.20864131944445));
#717=CARTESIAN_POINT('',(-32.4550335812567,-3.07510585947164,1.1825611545139));
#718=CARTESIAN_POINT('',(-32.6003795864433,-0.0270488430257393,1.15648098958334));
#719=CARTESIAN_POINT('',(-32.4600917807584,3.0212451679043,1.13040082465279));
#720=CARTESIAN_POINT('',(-32.0353993240424,6.04306801650353,1.10432065972223));
#721=CARTESIAN_POINT('',(-31.330023216326,9.01194350921319,1.07824049479168));
#722=CARTESIAN_POINT('',(-30.3501437897067,11.9018592417465,1.05216032986112));
#723=CARTESIAN_POINT('',(-29.1043462072897,14.6874950698727,1.02608016493056));
#724=CARTESIAN_POINT('',(-28.1038131043234,16.4587936041542,1.00869338831019));
#725=CARTESIAN_POINT('',(-27.5632372861995,17.3191157896017,1.));
#726=CARTESIAN_POINT('',(0.416746405487361,-33.4974076972161,2.80034009873053));
#727=CARTESIAN_POINT('',(-0.628797073228556,-33.5104154645775,2.79164671042034));
#728=CARTESIAN_POINT('',(-2.72110139374444,-33.438456818658,2.77425993379997));
#729=CARTESIAN_POINT('',(-5.83571772152125,-33.0375420980317,2.74817976886942));
#730=CARTESIAN_POINT('',(-8.89920307580648,-32.3471632890495,2.72209960393886));
#731=CARTESIAN_POINT('',(-11.8847166272076,-31.3733692691578,2.69601943900831));
#732=CARTESIAN_POINT('',(-14.7661001741912,-30.1246921000588,2.66993927407775));
#733=CARTESIAN_POINT('',(-17.518108011567,-28.6120722810371,2.6438591091472));
#734=CARTESIAN_POINT('',(-20.1166279431424,-26.8487628896382,2.61777894421664));
#735=CARTESIAN_POINT('',(-22.538892593604,-24.8502134631657,2.59169877928609));
#736=CARTESIAN_POINT('',(-24.7636788757148,-22.6339346347509,2.56561861435553));
#737=CARTESIAN_POINT('',(-26.7714939435288,-20.2193447109855,2.53953844942498));
#738=CARTESIAN_POINT('',(-28.5447459813615,-17.6275995350899,2.51345828449442));
#739=CARTESIAN_POINT('',(-30.0678983377479,-14.8814071263722,2.48737811956386));
#740=CARTESIAN_POINT('',(-31.3276056524082,-12.0048287200266,2.46129795463331));
#741=CARTESIAN_POINT('',(-32.312830783926,-9.02306795049994,2.43521778970275));
#742=CARTESIAN_POINT('',(-33.0149415135486,-5.96225002553095,2.4091376247722));
#743=CARTESIAN_POINT('',(-33.4277861778512,-2.84919282566785,2.38305745984164));
#744=CARTESIAN_POINT('',(-33.54774756759,0.288828065185905,2.35697729491109));
#745=CARTESIAN_POINT('',(-33.3737746205,3.42431833947212,2.33089712998053));
#746=CARTESIAN_POINT('',(-32.9073916303578,6.52980586206316,2.30481696504998));
#747=CARTESIAN_POINT('',(-32.1526848916198,9.57808137207962,2.27873680011942));
#748=CARTESIAN_POINT('',(-31.116266896654,12.5424368814903,2.25265663518887));
#749=CARTESIAN_POINT('',(-29.8072183992551,15.3968996817244,2.22657647025831));
#750=CARTESIAN_POINT('',(-28.2370088520646,18.1164599080063,2.20049630532775));
#751=CARTESIAN_POINT('',(-26.4193959149972,20.6772896675702,2.1744161403972));
#752=CARTESIAN_POINT('',(-24.3703049151465,23.0569518118237,2.14833597546664));
#753=CARTESIAN_POINT('',(-22.1076893143039,25.2345965232692,2.12225581053609));
#754=CARTESIAN_POINT('',(-19.6513734066278,27.1911439947505,2.09617564560553));
#755=CARTESIAN_POINT('',(-17.0228786246946,28.9094516004523,2.07009548067498));
#756=CARTESIAN_POINT('',(-14.2452349757806,30.3744640939519,2.04401531574442));
#757=CARTESIAN_POINT('',(-11.3427792605083,31.5733455173404,2.01793515081387));
#758=CARTESIAN_POINT('',(-8.34094184179931,32.4955916656659,1.99185498588331));
#759=CARTESIAN_POINT('',(-5.26602383239327,33.1331221213251,1.96577482095276));
#760=CARTESIAN_POINT('',(-2.1449666531434,33.4803510520257,1.9396946560222));
#761=CARTESIAN_POINT('',(0.994884018857092,33.5342361520134,1.91361449109164));
#762=CARTESIAN_POINT('',(4.12601784410908,33.2943052977543,1.88753432616109));
#763=CARTESIAN_POINT('',(7.22100085725936,32.7626606845268,1.86145416123053));
#764=CARTESIAN_POINT('',(10.2527158344874,31.9439604076769,1.83537399629998));
#765=CARTESIAN_POINT('',(13.1945998857066,30.8453776499184,1.80929383136942));
#766=CARTESIAN_POINT('',(16.0208771898765,29.4765378322637,1.78321366643887));
#767=CARTESIAN_POINT('',(18.7067848342731,27.8494342792486,1.75713350150831));
#768=CARTESIAN_POINT('',(21.2287897789913,25.9783231373653,1.73105333657776));
#769=CARTESIAN_POINT('',(23.5647950457045,23.879598467393,1.7049731716472));
#770=CARTESIAN_POINT('',(25.6943333241257,21.5716486050255,1.67889300671664));
#771=CARTESIAN_POINT('',(27.5987462998521,19.0746950483194,1.65281284178609));
#772=CARTESIAN_POINT('',(29.261348132383,16.4106152835737,1.62673267685553));
#773=CARTESIAN_POINT('',(30.6675716509697,13.6027511019872,1.60065251192498));
#774=CARTESIAN_POINT('',(31.805095987377,10.6757040865562,1.57457234699442));
#775=CARTESIAN_POINT('',(32.6639545272807,7.65512006109073,1.54849218206387));
#776=CARTESIAN_POINT('',(33.2366222344665,4.56746438993678,1.52241201713331));
#777=CARTESIAN_POINT('',(33.5180815827236,1.43979009715287,1.49633185220276));
#778=CARTESIAN_POINT('',(33.50586651776,-1.70049916319411,1.4702516872722));
#779=CARTESIAN_POINT('',(33.2000840639598,-4.8258892088381,1.44417152234165));
#780=CARTESIAN_POINT('',(32.6034133866705,-7.9089963995348,1.41809135741109));
#781=CARTESIAN_POINT('',(31.721082318237,-10.9228075635163,1.39201119248054));
#782=CARTESIAN_POINT('',(30.5608215534532,-13.8409166780228,1.36593102754998));
#783=CARTESIAN_POINT('',(29.1327969157549,-16.637756230194,1.33985086261942));
#784=CARTESIAN_POINT('',(27.4495202876168,-19.2888212312129,1.31377069768887));
#785=CARTESIAN_POINT('',(25.5257399855511,-21.7708839209623,1.28769053275831));
#786=CARTESIAN_POINT('',(23.3783115402054,-24.0621972820247,1.26161036782776));
#787=CARTESIAN_POINT('',(21.0260500137445,-26.1426855798996,1.2355302028972));
#788=CARTESIAN_POINT('',(18.4895651484599,-27.9941202599909,1.20945003796665));
#789=CARTESIAN_POINT('',(15.7910807909825,-29.60027966021,1.18336987303609));
#790=CARTESIAN_POINT('',(12.9542401742434,-30.947091139847,1.15728970810554));
#791=CARTESIAN_POINT('',(10.0038987632389,-32.0227543794228,1.13120954317498));
#792=CARTESIAN_POINT('',(6.96590647961624,-32.8178447712097,1.10512937824443));
#793=CARTESIAN_POINT('',(3.86688121315706,-33.3253959945461,1.07904921331387));
#794=CARTESIAN_POINT('',(0.733975604576721,-33.5409610524484,1.05296904838331));
#795=CARTESIAN_POINT('',(-2.40536085698847,-33.462651234737,1.02688888345276));
#796=CARTESIAN_POINT('',(-5.52362233738217,-33.0911526662936,1.0008087185222));
#797=CARTESIAN_POINT('',(-8.59348765450561,-32.429720295461,0.974728553591648));
#798=CARTESIAN_POINT('',(-11.5880596575345,-31.4841493752555,0.948648388661093));
#799=CARTESIAN_POINT('',(-14.4811008909131,-30.2627246872646,0.922568223730538));
#800=CARTESIAN_POINT('',(-17.2472634783158,-28.7761479531144,0.896488058799982));
#801=CARTESIAN_POINT('',(-19.8623112124069,-27.0374440695024,0.870407893869426));
#802=CARTESIAN_POINT('',(-22.3033319045233,-25.0618469883337,0.844327728938871));
#803=CARTESIAN_POINT('',(-24.5489381337396,-22.8666662418421,0.818247564008316));
#804=CARTESIAN_POINT('',(-26.5794546364206,-20.4711352821585,0.79216739907776));
#805=CARTESIAN_POINT('',(-28.3770906944136,-17.8962429641254,0.766087234147205));
#806=CARTESIAN_POINT('',(-29.9260960114724,-15.1645496478493,0.74000706921665));
#807=CARTESIAN_POINT('',(-31.2128987121786,-12.2999895322449,0.713926904286094));
#808=CARTESIAN_POINT('',(-32.2262242542428,-9.32766095143651,0.687846739355538));
#809=CARTESIAN_POINT('',(-32.9571942123743,-6.2736064714612,0.661766574424983));
#810=CARTESIAN_POINT('',(-33.3994040679912,-3.16458471365303,0.635686409494428));
#811=CARTESIAN_POINT('',(-33.5489793240063,-0.0278359051925322,0.609606244563872));
#812=CARTESIAN_POINT('',(-33.4046094500344,3.1091567937732,0.583526079633317));
#813=CARTESIAN_POINT('',(-32.9675593717785,6.21890807748597,0.557445914702762));
#814=CARTESIAN_POINT('',(-32.2416583622311,9.27417135306711,0.531365749772205));
#815=CARTESIAN_POINT('',(-31.2332665876354,12.2481773121633,0.50528558484165));
#816=CARTESIAN_POINT('',(-29.9512190205639,15.1148690497307,0.479205419911092));
#817=CARTESIAN_POINT('',(-28.9215725928162,16.9377084969119,0.461818643290718));
#818=CARTESIAN_POINT('',(-28.3652672008128,17.8230641761313,0.45312525498053));
#819=FACE_BOUND('',#820,.T.);
#820=EDGE_LOOP('',(#2060,#2061,#2062,#2063,#2064));
#821=CYLINDRICAL_SURFACE('',#822,33.5);
#822=AXIS2_PLACEMENT_3D('',#823,#824,#825);
#823=CARTESIAN_POINT('',(0.,0.,0.));
#824=DIRECTION('',(0.,0.,1.));
#825=DIRECTION('',(0.,-1.,0.));
#826=FACE_BOUND('',#827,.T.);
#827=EDGE_LOOP('',(#2065,#2066,#2067,#2068));
#828=B_SPLINE_SURFACE_WITH_KNOTS('',1,3,(
(#829,#830,#831,#832,#833,#834,#835,#836,#837,#838,#839,#840,#841,#842,#843,#844,
#845,#846,#847,#848,#849,#850,#851,#852,#853,#854,#855,#856,#857,#858,#859,#860,
#861,#862,#863,#864,#865,#866,#867,#868,#869,#870,#871,#872,#873,#874,#875,#876,
#877,#878,#879,#880,#881,#882,#883,#884,#885,#886,#887,#888,#889,#890,#891,#892,
#893,#894,#895,#896,#897,#898,#899,#900,#901,#902,#903,#904,#905,#906,#907,#908,
#909,#910,#911,#912,#913,#914,#915,#916,#917),
(#918,#919,#920,#921,#922,#923,#924,#925,#926,#927,#928,#929,#930,#931,#932,#933,
#934,#935,#936,#937,#938,#939,#940,#941,#942,#943,#944,#945,#946,#947,#948,#949,
#950,#951,#952,#953,#954,#955,#956,#957,#958,#959,#960,#961,#962,#963,#964,#965,
#966,#967,#968,#969,#970,#971,#972,#973,#974,#975,#976,#977,#978,#979,#980,#981,
#982,#983,#984,#985,#986,#987,#988,#989,#990,#991,#992,#993,#994,#995,#996,#997,
#998,#999,#1000,#1001,#1002,#1003,#1004,#1005,#1006)),
.UNSPECIFIED.,.F.,.F.,.F.,
(2,2),
(4,1,1,1,1,1,1,1,1,1,1,1,1,1,1,1,1,1,1,1,1,1,1,1,1,1,1,1,1,1,1,1,1,1,1,1,1,1,1,1,
1,1,1,1,1,1,1,1,1,1,1,1,1,1,1,1,1,1,1,1,1,1,1,1,1,1,1,1,1,1,1,1,1,1,1,1,1,1,1,1,
1,1,1,1,1,1,4),
(0.,1.),
(6.2707455274615,6.3648248401237,6.4589041527859,6.5529834654481,6.64706277811029,
6.74114209077249,6.83522140343469,6.92930071609689,7.02338002875908,7.11745934142128,
7.21153865408348,7.30561796674567,7.39969727940787,7.49377659207007,7.58785590473227,
7.68193521739446,7.77601453005666,7.87009384271886,7.96417315538106,8.05825246804325,
8.15233178070545,8.24641109336765,8.34049040602985,8.43456971869204,8.52864903135424,
8.62272834401644,8.71680765667863,8.81088696934083,8.90496628200303,8.99904559466523,
9.09312490732742,9.18720421998962,9.28128353265182,9.37536284531402,9.46944215797621,
9.56352147063841,9.65760078330061,9.7516800959628,9.845759408625,9.9398387212872,
10.0339180339494,10.1279973466116,10.2220766592738,10.316155971936,10.4102352845982,
10.5043145972604,10.5983939099226,10.6924732225848,10.786552535247,10.8806318479092,
10.9747111605714,11.0687904732336,11.1628697858958,11.256949098558,11.3510284112202,
11.4451077238824,11.5391870365446,11.6332663492067,11.7273456618689,11.8214249745311,
11.9155042871933,12.0095835998555,12.1036629125177,12.1977422251799,12.2918215378421,
12.3859008505043,12.4799801631665,12.5740594758287,12.6681387884909,12.7622181011531,
12.8562974138153,12.9503767264775,13.0444560391397,13.1385353518019,13.2326146644641,
13.3266939771263,13.4207732897885,13.5148526024507,13.6089319151129,13.7030112277751,
13.7970905404373,13.8911698530995,13.9852491657617,14.0793284784239,14.1734077910861,
14.2674871037483,14.3615664164105),
.UNSPECIFIED.);
#829=CARTESIAN_POINT('',(-33.4974080024253,-0.416721872540686,3.89408958876962));
#830=CARTESIAN_POINT('',(-33.5104763048719,0.6337491677371,3.88535522930544));
#831=CARTESIAN_POINT('',(-33.4377123822123,2.73592002689939,3.86788651037709));
#832=CARTESIAN_POINT('',(-33.0328303193251,5.86498004234632,3.84168343198455));
#833=CARTESIAN_POINT('',(-32.3357929926471,8.94216754147211,3.81548035359202));
#834=CARTESIAN_POINT('',(-31.3527652780543,11.9402671079034,3.78927727519949));
#835=CARTESIAN_POINT('',(-30.0924414553503,14.8327622616657,3.76307419680695));
#836=CARTESIAN_POINT('',(-28.5659683213046,17.5940706763623,3.73687111841442));
#837=CARTESIAN_POINT('',(-26.7868466007096,20.1997702530228,3.71066804002188));
#838=CARTESIAN_POINT('',(-24.7708115413155,22.6268151685932,3.68446496162935));
#839=CARTESIAN_POINT('',(-22.535693744984,24.8537396888292,3.65826188323681));
#840=CARTESIAN_POINT('',(-20.1012614669226,26.860848023221,3.63205880484428));
#841=CARTESIAN_POINT('',(-17.4890457774985,28.6303885213005,3.60585572645175));
#842=CARTESIAN_POINT('',(-14.722150133042,30.1467106754329,3.57965264805921));
#843=CARTESIAN_POINT('',(-11.8250460398495,31.3964035399521,3.55344956966668));
#844=CARTESIAN_POINT('',(-8.82335661861952,32.3684143428242,3.52724649127414));
#845=CARTESIAN_POINT('',(-5.74362998356057,33.0541462406764,3.50104341288161));
#846=CARTESIAN_POINT('',(-2.61310444049468,33.4475343526417,3.47484033448908));
#847=CARTESIAN_POINT('',(0.540532419363067,33.5450994005339,3.44863725609654));
#848=CARTESIAN_POINT('',(3.68938859928068,33.345978480944,3.42243417770401));
#849=CARTESIAN_POINT('',(6.80561438472769,32.8519326970951,3.39623109931147));
#850=CARTESIAN_POINT('',(9.86164865713329,32.0673315829575,3.37002802091894));
#851=CARTESIAN_POINT('',(12.830462655189,30.9991144573822,3.34382494252641));
#852=CARTESIAN_POINT('',(15.6857990277755,29.656729050054,3.31762186413387));
#853=CARTESIAN_POINT('',(18.402404064237,28.0520479420778,3.29141878574134));
#854=CARTESIAN_POINT('',(20.9562510480661,26.1992635602322,3.2652157073488));
#855=CARTESIAN_POINT('',(23.3247527585735,24.1147626536008,3.23901262895627));
#856=CARTESIAN_POINT('',(25.4869612410946,21.8169813627601,3.21280955056374));
#857=CARTESIAN_POINT('',(27.423753078886,19.326242163348,3.1866064721712));
#858=CARTESIAN_POINT('',(29.1179985280962,16.6645741261476,3.16040339377867));
#859=CARTESIAN_POINT('',(30.5547130199138,13.8555180833772,3.13420031538613));
#860=CARTESIAN_POINT('',(31.7211896899497,10.923918424371,3.1079972369936));
#861=CARTESIAN_POINT('',(32.6071117627112,7.89570336209131,3.08179415860106));
#862=CARTESIAN_POINT('',(33.2046437971961,4.79765561388148,3.05559108020853));
#863=CARTESIAN_POINT('',(33.5085009865943,1.65717552464757,3.029388001816));
#864=CARTESIAN_POINT('',(33.5159958991848,-1.49796127249909,3.00318492342346));
#865=CARTESIAN_POINT('',(33.227062247032,-4.63984951479499,2.97698184503093));
#866=CARTESIAN_POINT('',(32.6442554722617,-7.74070111487285,2.95077876663839));
#867=CARTESIAN_POINT('',(31.7727301457328,-10.773090929465,2.92457568824586));
#868=CARTESIAN_POINT('',(30.6201943779982,-13.7101993180874,2.89837260985333));
#869=CARTESIAN_POINT('',(29.196841645763,-16.5260493464203,2.87216953146079));
#870=CARTESIAN_POINT('',(27.5152606367931,-19.1957365364662,2.84596645306826));
#871=CARTESIAN_POINT('',(25.5903239106415,-21.6956491314856,2.81976337467572));
#872=CARTESIAN_POINT('',(23.4390563599198,-24.0036769275997,2.79356029628319));
#873=CARTESIAN_POINT('',(21.0804846354952,-26.0994068250742,2.76735721789065));
#874=CARTESIAN_POINT('',(18.5354688673552,-27.9643033697496,2.74115413949812));
#875=CARTESIAN_POINT('',(15.8265181694663,-29.581872687841,2.71495106110559));
#876=CARTESIAN_POINT('',(12.9775915603745,-30.9378083642034,2.68874798271305));
#877=CARTESIAN_POINT('',(10.0138860602828,-32.0201179738575,2.66254490432052));
#878=CARTESIAN_POINT('',(6.96161383875802,-32.8192291476825,2.63634182592798));
#879=CARTESIAN_POINT('',(3.84777038406065,-33.3280742341892,2.61013874753545));
#880=CARTESIAN_POINT('',(0.699895744497415,-33.5421528085917,2.58393566914292));
#881=CARTESIAN_POINT('',(-2.4541690465277,-33.4595714763227,2.55773259075038));
#882=CARTESIAN_POINT('',(-5.58652820749222,-33.081060618955,2.53152951235785));
#883=CARTESIAN_POINT('',(-8.66947792994784,-32.4099679344215,2.50532643396531));
#884=CARTESIAN_POINT('',(-11.6757514018281,-31.4522288286663,2.47912335557278));
#885=CARTESIAN_POINT('',(-14.5787599657893,-30.2163139205956,2.45292027718025));
#886=CARTESIAN_POINT('',(-17.3528282796862,-28.7131541246134,2.42671719878771));
#887=CARTESIAN_POINT('',(-19.9734213993307,-26.9560439733437,2.40051412039518));
#888=CARTESIAN_POINT('',(-22.4173617751264,-24.9605240355883,2.37431104200264));
#889=CARTESIAN_POINT('',(-24.6630342433736,-22.7442434694641,2.34810796361011));
#890=CARTESIAN_POINT('',(-26.6905771992241,-20.3268039263515,2.32190488521757));
#891=CARTESIAN_POINT('',(-28.4820582604755,-17.72958618623,2.29570180682504));
#892=CARTESIAN_POINT('',(-30.0216328685668,-14.9755610577056,2.26949872843251));
#893=CARTESIAN_POINT('',(-31.2956844240462,-12.0890862152023,2.24329565003997));
#894=CARTESIAN_POINT('',(-32.2929447170971,-9.09569077017212,2.21709257164744));
#895=CARTESIAN_POINT('',(-33.0045935879894,-6.02184948165684,2.1908894932549));
#896=CARTESIAN_POINT('',(-33.4243369360187,-2.8947486031739,2.16468641486237));
#897=CARTESIAN_POINT('',(-33.5484623869923,0.257954563133418,2.13848333646984));
#898=CARTESIAN_POINT('',(-33.3758721269175,3.40837627848375,2.1122802580773));
#899=CARTESIAN_POINT('',(-32.9080926114973,6.5286529821395,2.08607717968477));
#900=CARTESIAN_POINT('',(-32.1492610655597,9.59118772762625,2.05987410129223));
#901=CARTESIAN_POINT('',(-31.1060888918248,12.5688942609114,2.0336710228997));
#902=CARTESIAN_POINT('',(-29.7878023126366,15.4354365818192,2.00746794450717));
#903=CARTESIAN_POINT('',(-28.2060607696467,18.1654618699079,1.98126486611463));
#904=CARTESIAN_POINT('',(-26.374853803157,20.7348247147204,1.9550617877221));
#905=CARTESIAN_POINT('',(-24.3103773231573,23.1208006672298,1.92885870932956));
#906=CARTESIAN_POINT('',(-22.0308903663731,25.3022872237474,1.90265563093703));
#907=CARTESIAN_POINT('',(-19.5565536061915,27.2599904647077,1.87645255254449));
#908=CARTESIAN_POINT('',(-16.9092510438556,28.9765956976474,1.85024947415196));
#909=CARTESIAN_POINT('',(-14.1123964575543,30.4369205950546,1.82404639575943));
#910=CARTESIAN_POINT('',(-11.190726322755,31.6280494730202,1.79784331736689));
#911=CARTESIAN_POINT('',(-8.17008102965499,32.539447521795,1.77164023897436));
#912=CARTESIAN_POINT('',(-5.07717635371029,33.1630539827407,1.74543716058182));
#913=CARTESIAN_POINT('',(-1.93936712222151,33.4933534297228,1.71923408218929));
#914=CARTESIAN_POINT('',(1.21559454086063,33.5274245911414,1.69303100379675));
#915=CARTESIAN_POINT('',(4.35980534325816,33.2649660321191,1.66682792540422));
#916=CARTESIAN_POINT('',(6.43023850295168,32.8938549425595,1.64935920647586));
#917=CARTESIAN_POINT('',(7.45445128753651,32.6600850580911,1.64062484701168));
#918=CARTESIAN_POINT('',(-32.5502664475881,-0.404939032439616,3.34721484375015));
#919=CARTESIAN_POINT('',(-32.5629652428687,0.615829865680539,3.33848048428597));
#920=CARTESIAN_POINT('',(-32.492258725213,2.6585616967265,3.32101176535762));
#921=CARTESIAN_POINT('',(-32.0988247309806,5.69914732131922,3.29480868696508));
#922=CARTESIAN_POINT('',(-31.421496183481,8.68932712861892,3.26860560857255));
#923=CARTESIAN_POINT('',(-30.4662636462936,11.6026552200543,3.24240253018002));
#924=CARTESIAN_POINT('',(-29.2415755678522,14.4133648709772,3.21619945178748));
#925=CARTESIAN_POINT('',(-27.7582635684678,17.0965970970597,3.18999637339495));
#926=CARTESIAN_POINT('',(-26.0294466389948,19.6286203358884,3.16379329500241));
#927=CARTESIAN_POINT('',(-24.0704151119522,21.9870403866685,3.13759021660988));
#928=CARTESIAN_POINT('',(-21.8984954276869,24.1509984602932,3.11138713821734));
#929=CARTESIAN_POINT('',(-19.5328968926071,26.1013556661073,3.08518405982481));
#930=CARTESIAN_POINT('',(-16.9945417845591,27.8208622828019,3.05898098143228));
#931=CARTESIAN_POINT('',(-14.3058803080291,29.2943103219402,3.03277790303974));
#932=CARTESIAN_POINT('',(-11.4906920357607,30.5086680332832,3.00657482464721));
#933=CARTESIAN_POINT('',(-8.57387559292231,31.4531951626996,2.98037174625467));
#934=CARTESIAN_POINT('',(-5.58122844393561,32.1195379431644,2.95416866786214));
#935=CARTESIAN_POINT('',(-2.53921872961988,32.5018029787414,2.92796558946961));
#936=CARTESIAN_POINT('',(0.525248827388476,32.5966093680785,2.90176251107707));
#937=CARTESIAN_POINT('',(3.58507087851648,32.403118606421,2.87555943268454));
#938=CARTESIAN_POINT('',(6.61318516186045,31.9230420016753,2.849356354292));
#939=CARTESIAN_POINT('',(9.58280985140541,31.1606255389327,2.82315327589947));
#940=CARTESIAN_POINT('',(12.4676804259599,30.1226123273184,2.79695019750694));
#941=CARTESIAN_POINT('',(15.2422819628446,28.8181829612993,2.7707471191144));
#942=CARTESIAN_POINT('',(17.8820748018391,27.2588743239189,2.74454404072187));
#943=CARTESIAN_POINT('',(20.3637115835264,25.4584775500958,2.71834096232933));
#944=CARTESIAN_POINT('',(22.6652437424624,23.4329160524367,2.6921378839368));
#945=CARTESIAN_POINT('',(24.7663156288663,21.2001046883535,2.66593480554426));
#946=CARTESIAN_POINT('',(26.6483445419411,18.7797913140636,2.63973172715173));
#947=CARTESIAN_POINT('',(28.2946850825409,16.1933821268324,2.6135286487592));
#948=CARTESIAN_POINT('',(29.6907763715859,13.4637523402005,2.58732557036666));
#949=CARTESIAN_POINT('',(30.8242708321667,10.6150438666552,2.56112249197413));
#950=CARTESIAN_POINT('',(31.6851433963394,7.67245179712356,2.53491941358159));
#951=CARTESIAN_POINT('',(32.2657801707443,4.66200156574211,2.50871633518906));
#952=CARTESIAN_POINT('',(32.5610457768536,1.61031877074771,2.48251325679653));
#953=CARTESIAN_POINT('',(32.5683287702662,-1.45560631271778,2.45631017840399));
#954=CARTESIAN_POINT('',(32.2875647373426,-4.50865744514782,2.43010710001146));
#955=CARTESIAN_POINT('',(31.7212368649037,-7.52183224928958,2.40390402161892));
#956=CARTESIAN_POINT('',(30.8743539779567,-10.46848102972,2.37770094322639));
#957=CARTESIAN_POINT('',(29.7544062396893,-13.3225424731661,2.35149786483386));
#958=CARTESIAN_POINT('',(28.3712989055396,-16.0587741449434,2.32529478644132));
#959=CARTESIAN_POINT('',(26.7372647172462,-18.6529757429123,2.29909170804879));
#960=CARTESIAN_POINT('',(24.8667557117003,-21.0822031344069,2.27288862965625));
#961=CARTESIAN_POINT('',(22.7763154014837,-23.3249712831101,2.24668555126372));
#962=CARTESIAN_POINT('',(20.4844324575793,-25.3614442711106,2.22048247287118));
#963=CARTESIAN_POINT('',(18.0113771883395,-27.1736107355121,2.19427939447865));
#964=CARTESIAN_POINT('',(15.3790222609589,-28.745443167965,2.16807631608612));
#965=CARTESIAN_POINT('',(12.6106492510578,-30.0630396682134,2.14187323769358));
#966=CARTESIAN_POINT('',(9.73074273132991,-31.1147468979332,2.11567015930105));
#967=CARTESIAN_POINT('',(6.76477372041393,-31.8912631474103,2.08946708090851));
#968=CARTESIAN_POINT('',(3.73897440725099,-32.3857206034959,2.06326400251598));
#969=CARTESIAN_POINT('',(0.680106143355164,-32.5937460912296,2.03706092412345));
#970=CARTESIAN_POINT('',(-2.38477724503687,-32.5134997519081,2.01085784573091));
#971=CARTESIAN_POINT('',(-5.42856873157686,-32.1456913155142,1.98465476733838));
#972=CARTESIAN_POINT('',(-8.4243478349386,-31.4935738235873,1.95845168894584));
#973=CARTESIAN_POINT('',(-11.3456187140745,-30.5629148580534,1.93224861055331));
#974=CARTESIAN_POINT('',(-14.1665445077874,-29.3619455304763,1.90604553216078));
#975=CARTESIAN_POINT('',(-16.8621758460275,-27.9012876828906,1.87984245376824));
#976=CARTESIAN_POINT('',(-19.4086715118704,-26.1938599440801,1.85363937537571));
#977=CARTESIAN_POINT('',(-21.7835093025559,-24.2547634721767,1.82743629698317));
#978=CARTESIAN_POINT('',(-23.9656852246501,-22.1011483941166,1.80123321859064));
#979=CARTESIAN_POINT('',(-25.9358992615716,-19.7520621232161,1.7750301401981));
#980=CARTESIAN_POINT('',(-27.6767260704792,-17.2282808964049,1.74882706180557));
#981=CARTESIAN_POINT('',(-29.172769098814,-14.5521260210685,1.72262398341304));
#982=CARTESIAN_POINT('',(-30.4107967574261,-11.7472664566825,1.6964209050205));
#983=CARTESIAN_POINT('',(-31.37985944592,-8.83850947728654,1.67021782662797));
#984=CARTESIAN_POINT('',(-32.0713863951989,-5.85158126625822,1.64401474823543));
#985=CARTESIAN_POINT('',(-32.4792614706964,-2.81289938389477,1.6178116698429));
#986=CARTESIAN_POINT('',(-32.5998772658596,0.250660879813626,1.59160859145037));
#987=CARTESIAN_POINT('',(-32.4321670074633,3.31200420075046,1.56540551305783));
#988=CARTESIAN_POINT('',(-31.9776139905686,6.3440548623074,1.5392024346653));
#989=CARTESIAN_POINT('',(-31.2402384596823,9.31999622360235,1.51299935627276));
#990=CARTESIAN_POINT('',(-30.226562052143,12.2135078963305,1.48679627788023));
#991=CARTESIAN_POINT('',(-28.9455501182121,14.9989985325637,1.4605931994877));
#992=CARTESIAN_POINT('',(-27.4085324280131,17.6518321646317,1.43439012109516));
#993=CARTESIAN_POINT('',(-25.6291029666171,20.1485460952476,1.40818704270263));
#994=CARTESIAN_POINT('',(-23.6229997035258,22.4670584107706,1.38198396431009));
#995=CARTESIAN_POINT('',(-21.4079653999236,24.58686328228,1.35578088591756));
#996=CARTESIAN_POINT('',(-19.0035906847474,26.4892123271359,1.32957780752502));
#997=CARTESIAN_POINT('',(-16.431140787574,28.1572804270159,1.30337472913249));
#998=CARTESIAN_POINT('',(-13.7133674603757,29.5763145357807,1.27717165073996));
#999=CARTESIAN_POINT('',(-10.8743077530458,30.7337641613872,1.25096857234742));
#1000=CARTESIAN_POINT('',(-7.93907141694067,31.6193923665691,1.22476549395489));
#1001=CARTESIAN_POINT('',(-4.93361883709623,32.2253663112023,1.19856241556235));
#1002=CARTESIAN_POINT('',(-1.88453138115737,32.5463265182124,1.17235933716982));
#1003=CARTESIAN_POINT('',(1.18122352017153,32.5794343151582,1.14615625877729));
#1004=CARTESIAN_POINT('',(4.23653154215385,32.3243967902546,1.11995318038475));
#1005=CARTESIAN_POINT('',(6.24842305940396,31.9637788927162,1.10248446145639));
#1006=CARTESIAN_POINT('',(7.24367615584798,31.7366188680863,1.09375010199221));
#1007=FACE_BOUND('',#1008,.T.);
#1008=EDGE_LOOP('',(#2069,#2070,#2071,#2072,#2073,#2074,#2075,#2076,#2077,#2078,
#2079,#2080,#2081,#2082,#2083,#2084,#2085,#2086,#2087,#2088,#2089,#2090,#2091,#2092,
#2093,#2094,#2095,#2096,#2097,#2098,#2099,#2100,#2101,#2102,#2103,#2104,#2105,#2106,
#2107,#2108,#2109,#2110,#2111,#2112,#2113,#2114,#2115,#2116));
#1009=FACE_BOUND('',#1010,.T.);
#1010=EDGE_LOOP('',(#2117,#2118,#2119,#2120));
#1011=PLANE('',#1012);
#1012=AXIS2_PLACEMENT_3D('',#1013,#1014,#1015);
#1013=CARTESIAN_POINT('',(0.,0.,1.));
#1014=DIRECTION('',(0.,0.,-1.));
#1015=DIRECTION('',(-1.,0.,0.));
#1016=FACE_BOUND('',#1017,.T.);
#1017=EDGE_LOOP('',(#2121,#2122,#2123,#2124));
#1018=PLANE('',#1019);
#1019=AXIS2_PLACEMENT_3D('',#1020,#1021,#1022);
#1020=CARTESIAN_POINT('',(-1.77635683940025E-15,0.,-4.));
#1021=DIRECTION('',(0.974927912181824,-0.222520933956314,-3.46944695195361E-18));
#1022=DIRECTION('',(-1.73472347597681E-18,6.50521303491303E-19,-1.));
#1023=FACE_BOUND('',#1024,.T.);
#1024=EDGE_LOOP('',(#2125,#2126,#2127,#2128,#2129));
#1025=CYLINDRICAL_SURFACE('',#1026,5.);
#1026=AXIS2_PLACEMENT_3D('',#1027,#1028,#1029);
#1027=CARTESIAN_POINT('',(-35.0740288532698,20.25,2.));
#1028=DIRECTION('',(0.,0.,-1.));
#1029=DIRECTION('',(-0.5,-0.866025403784439,0.));
#1030=FACE_BOUND('',#1031,.T.);
#1031=EDGE_LOOP('',(#2130,#2131,#2132,#2133));
#1032=CYLINDRICAL_SURFACE('',#1033,36.25);
#1033=AXIS2_PLACEMENT_3D('',#1034,#1035,#1036);
#1034=CARTESIAN_POINT('',(0.,0.,1.));
#1035=DIRECTION('',(0.,0.,-1.));
#1036=DIRECTION('',(-1.,0.,0.));
#1037=FACE_BOUND('',#1038,.T.);
#1038=EDGE_LOOP('',(#2134,#2135,#2136,#2137,#2138));
#1039=CYLINDRICAL_SURFACE('',#1040,5.);
#1040=AXIS2_PLACEMENT_3D('',#1041,#1042,#1043);
#1041=CARTESIAN_POINT('',(-39.1199959647073,10.4821713266521,2.));
#1042=DIRECTION('',(0.,0.,-1.));
#1043=DIRECTION('',(-0.258819045102521,-0.965925826289068,0.));
#1044=FACE_BOUND('',#1045,.T.);
#1045=EDGE_LOOP('',(#2139,#2140,#2141,#2142));
#1046=CYLINDRICAL_SURFACE('',#1047,36.25);
#1047=AXIS2_PLACEMENT_3D('',#1048,#1049,#1050);
#1048=CARTESIAN_POINT('',(0.,0.,1.));
#1049=DIRECTION('',(0.,0.,-1.));
#1050=DIRECTION('',(-1.,0.,0.));
#1051=FACE_BOUND('',#1052,.T.);
#1052=EDGE_LOOP('',(#2143,#2144,#2145,#2146,#2147));
#1053=CYLINDRICAL_SURFACE('',#1054,5.);
#1054=AXIS2_PLACEMENT_3D('',#1055,#1056,#1057);
#1055=CARTESIAN_POINT('',(-40.5,-1.53080849893419E-17,2.));
#1056=DIRECTION('',(0.,0.,-1.));
#1057=DIRECTION('',(-6.12323399573677E-17,-1.,0.));
#1058=FACE_BOUND('',#1059,.T.);
#1059=EDGE_LOOP('',(#2148,#2149,#2150,#2151));
#1060=CYLINDRICAL_SURFACE('',#1061,36.25);
#1061=AXIS2_PLACEMENT_3D('',#1062,#1063,#1064);
#1062=CARTESIAN_POINT('',(0.,0.,1.));
#1063=DIRECTION('',(0.,0.,-1.));
#1064=DIRECTION('',(-1.,0.,0.));
#1065=FACE_BOUND('',#1066,.T.);
#1066=EDGE_LOOP('',(#2152,#2153,#2154,#2155,#2156));
#1067=CYLINDRICAL_SURFACE('',#1068,5.);
#1068=AXIS2_PLACEMENT_3D('',#1069,#1070,#1071);
#1069=CARTESIAN_POINT('',(-39.1199959647073,-10.4821713266521,2.));
#1070=DIRECTION('',(0.,0.,-1.));
#1071=DIRECTION('',(0.258819045102522,-0.965925826289068,0.));
#1072=FACE_BOUND('',#1073,.T.);
#1073=EDGE_LOOP('',(#2157,#2158,#2159,#2160));
#1074=CYLINDRICAL_SURFACE('',#1075,36.25);
#1075=AXIS2_PLACEMENT_3D('',#1076,#1077,#1078);
#1076=CARTESIAN_POINT('',(0.,0.,1.));
#1077=DIRECTION('',(0.,0.,-1.));
#1078=DIRECTION('',(-1.,0.,0.));
#1079=FACE_BOUND('',#1080,.T.);
#1080=EDGE_LOOP('',(#2161,#2162,#2163,#2164,#2165));
#1081=CYLINDRICAL_SURFACE('',#1082,5.);
#1082=AXIS2_PLACEMENT_3D('',#1083,#1084,#1085);
#1083=CARTESIAN_POINT('',(-35.0740288532698,-20.25,2.));
#1084=DIRECTION('',(0.,0.,-1.));
#1085=DIRECTION('',(0.500000000000001,-0.866025403784438,0.));
#1086=FACE_BOUND('',#1087,.T.);
#1087=EDGE_LOOP('',(#2166,#2167,#2168,#2169));
#1088=CYLINDRICAL_SURFACE('',#1089,36.25);
#1089=AXIS2_PLACEMENT_3D('',#1090,#1091,#1092);
#1090=CARTESIAN_POINT('',(0.,0.,1.));
#1091=DIRECTION('',(0.,0.,-1.));
#1092=DIRECTION('',(-1.,0.,0.));
#1093=FACE_BOUND('',#1094,.T.);
#1094=EDGE_LOOP('',(#2170,#2171,#2172,#2173,#2174));
#1095=CYLINDRICAL_SURFACE('',#1096,5.);
#1096=AXIS2_PLACEMENT_3D('',#1097,#1098,#1099);
#1097=CARTESIAN_POINT('',(-28.6378246380552,-28.6378246380552,2.));
#1098=DIRECTION('',(0.,0.,-1.));
#1099=DIRECTION('',(0.707106781186548,-0.707106781186547,0.));
#1100=FACE_BOUND('',#1101,.T.);
#1101=EDGE_LOOP('',(#2175,#2176,#2177,#2178));
#1102=CYLINDRICAL_SURFACE('',#1103,36.25);
#1103=AXIS2_PLACEMENT_3D('',#1104,#1105,#1106);
#1104=CARTESIAN_POINT('',(0.,0.,1.));
#1105=DIRECTION('',(0.,0.,-1.));
#1106=DIRECTION('',(-1.,0.,0.));
#1107=FACE_BOUND('',#1108,.T.);
#1108=EDGE_LOOP('',(#2179,#2180,#2181,#2182,#2183));
#1109=CYLINDRICAL_SURFACE('',#1110,5.);
#1110=AXIS2_PLACEMENT_3D('',#1111,#1112,#1113);
#1111=CARTESIAN_POINT('',(-20.25,-35.0740288532698,2.));
#1112=DIRECTION('',(0.,0.,-1.));
#1113=DIRECTION('',(0.866025403784439,-0.499999999999999,0.));
#1114=FACE_BOUND('',#1115,.T.);
#1115=EDGE_LOOP('',(#2184,#2185,#2186,#2187));
#1116=CYLINDRICAL_SURFACE('',#1117,36.25);
#1117=AXIS2_PLACEMENT_3D('',#1118,#1119,#1120);
#1118=CARTESIAN_POINT('',(0.,0.,1.));
#1119=DIRECTION('',(0.,0.,-1.));
#1120=DIRECTION('',(-1.,0.,0.));
#1121=FACE_BOUND('',#1122,.T.);
#1122=EDGE_LOOP('',(#2188,#2189,#2190,#2191,#2192));
#1123=CYLINDRICAL_SURFACE('',#1124,5.);
#1124=AXIS2_PLACEMENT_3D('',#1125,#1126,#1127);
#1125=CARTESIAN_POINT('',(-10.4821713266521,-39.1199959647073,2.));
#1126=DIRECTION('',(0.,0.,-1.));
#1127=DIRECTION('',(0.965925826289068,-0.25881904510252,0.));
#1128=FACE_BOUND('',#1129,.T.);
#1129=EDGE_LOOP('',(#2193,#2194,#2195,#2196));
#1130=CYLINDRICAL_SURFACE('',#1131,36.25);
#1131=AXIS2_PLACEMENT_3D('',#1132,#1133,#1134);
#1132=CARTESIAN_POINT('',(0.,0.,1.));
#1133=DIRECTION('',(0.,0.,-1.));
#1134=DIRECTION('',(-1.,0.,0.));
#1135=FACE_BOUND('',#1136,.T.);
#1136=EDGE_LOOP('',(#2197,#2198,#2199,#2200,#2201));
#1137=CYLINDRICAL_SURFACE('',#1138,5.);
#1138=AXIS2_PLACEMENT_3D('',#1139,#1140,#1141);
#1139=CARTESIAN_POINT('',(2.49772341019221E-14,-40.5,2.));
#1140=DIRECTION('',(0.,0.,-1.));
#1141=DIRECTION('',(1.,5.55111512312578E-16,0.));
#1142=FACE_BOUND('',#1143,.T.);
#1143=EDGE_LOOP('',(#2202,#2203,#2204,#2205));
#1144=CYLINDRICAL_SURFACE('',#1145,36.25);
#1145=AXIS2_PLACEMENT_3D('',#1146,#1147,#1148);
#1146=CARTESIAN_POINT('',(0.,0.,1.));
#1147=DIRECTION('',(0.,0.,-1.));
#1148=DIRECTION('',(-1.,0.,0.));
#1149=FACE_BOUND('',#1150,.T.);
#1150=EDGE_LOOP('',(#2206,#2207,#2208,#2209,#2210));
#1151=CYLINDRICAL_SURFACE('',#1152,5.);
#1152=AXIS2_PLACEMENT_3D('',#1153,#1154,#1155);
#1153=CARTESIAN_POINT('',(10.4821713266521,-39.1199959647073,2.));
#1154=DIRECTION('',(0.,0.,-1.));
#1155=DIRECTION('',(0.965925826289068,0.258819045102521,0.));
#1156=FACE_BOUND('',#1157,.T.);
#1157=EDGE_LOOP('',(#2211,#2212,#2213,#2214));
#1158=CYLINDRICAL_SURFACE('',#1159,36.25);
#1159=AXIS2_PLACEMENT_3D('',#1160,#1161,#1162);
#1160=CARTESIAN_POINT('',(0.,0.,1.));
#1161=DIRECTION('',(0.,0.,-1.));
#1162=DIRECTION('',(-1.,0.,0.));
#1163=FACE_BOUND('',#1164,.T.);
#1164=EDGE_LOOP('',(#2215,#2216,#2217,#2218,#2219));
#1165=CYLINDRICAL_SURFACE('',#1166,5.);
#1166=AXIS2_PLACEMENT_3D('',#1167,#1168,#1169);
#1167=CARTESIAN_POINT('',(20.25,-35.0740288532698,2.));
#1168=DIRECTION('',(0.,0.,-1.));
#1169=DIRECTION('',(0.866025403784438,0.5,0.));
#1170=FACE_BOUND('',#1171,.T.);
#1171=EDGE_LOOP('',(#2220,#2221,#2222,#2223));
#1172=CYLINDRICAL_SURFACE('',#1173,36.25);
#1173=AXIS2_PLACEMENT_3D('',#1174,#1175,#1176);
#1174=CARTESIAN_POINT('',(0.,0.,1.));
#1175=DIRECTION('',(0.,0.,-1.));
#1176=DIRECTION('',(-1.,0.,0.));
#1177=FACE_BOUND('',#1178,.T.);
#1178=EDGE_LOOP('',(#2224,#2225,#2226,#2227,#2228));
#1179=CYLINDRICAL_SURFACE('',#1180,5.);
#1180=AXIS2_PLACEMENT_3D('',#1181,#1182,#1183);
#1181=CARTESIAN_POINT('',(28.6378246380552,-28.6378246380552,2.));
#1182=DIRECTION('',(0.,0.,-1.));
#1183=DIRECTION('',(0.707106781186547,0.707106781186548,0.));
#1184=FACE_BOUND('',#1185,.T.);
#1185=EDGE_LOOP('',(#2229,#2230,#2231,#2232));
#1186=CYLINDRICAL_SURFACE('',#1187,36.25);
#1187=AXIS2_PLACEMENT_3D('',#1188,#1189,#1190);
#1188=CARTESIAN_POINT('',(0.,0.,1.));
#1189=DIRECTION('',(0.,0.,-1.));
#1190=DIRECTION('',(-1.,0.,0.));
#1191=FACE_BOUND('',#1192,.T.);
#1192=EDGE_LOOP('',(#2233,#2234,#2235,#2236,#2237));
#1193=CYLINDRICAL_SURFACE('',#1194,5.);
#1194=AXIS2_PLACEMENT_3D('',#1195,#1196,#1197);
#1195=CARTESIAN_POINT('',(35.0740288532698,-20.25,2.));
#1196=DIRECTION('',(0.,0.,-1.));
#1197=DIRECTION('',(0.5,0.866025403784439,0.));
#1198=FACE_BOUND('',#1199,.T.);
#1199=EDGE_LOOP('',(#2238,#2239,#2240,#2241));
#1200=CYLINDRICAL_SURFACE('',#1201,36.25);
#1201=AXIS2_PLACEMENT_3D('',#1202,#1203,#1204);
#1202=CARTESIAN_POINT('',(0.,0.,1.));
#1203=DIRECTION('',(0.,0.,-1.));
#1204=DIRECTION('',(-1.,0.,0.));
#1205=FACE_BOUND('',#1206,.T.);
#1206=EDGE_LOOP('',(#2242,#2243,#2244,#2245,#2246));
#1207=CYLINDRICAL_SURFACE('',#1208,5.);
#1208=AXIS2_PLACEMENT_3D('',#1209,#1210,#1211);
#1209=CARTESIAN_POINT('',(39.1199959647073,-10.4821713266521,2.));
#1210=DIRECTION('',(0.,0.,-1.));
#1211=DIRECTION('',(0.25881904510252,0.965925826289068,0.));
#1212=FACE_BOUND('',#1213,.T.);
#1213=EDGE_LOOP('',(#2247,#2248,#2249,#2250));
#1214=CYLINDRICAL_SURFACE('',#1215,36.25);
#1215=AXIS2_PLACEMENT_3D('',#1216,#1217,#1218);
#1216=CARTESIAN_POINT('',(0.,0.,1.));
#1217=DIRECTION('',(0.,0.,-1.));
#1218=DIRECTION('',(-1.,0.,0.));
#1219=FACE_BOUND('',#1220,.T.);
#1220=EDGE_LOOP('',(#2251,#2252,#2253,#2254,#2255));
#1221=CYLINDRICAL_SURFACE('',#1222,5.);
#1222=AXIS2_PLACEMENT_3D('',#1223,#1224,#1225);
#1223=CARTESIAN_POINT('',(40.5,1.59844276024584E-14,2.));
#1224=DIRECTION('',(0.,0.,-1.));
#1225=DIRECTION('',(-3.33066907387547E-16,1.,0.));
#1226=FACE_BOUND('',#1227,.T.);
#1227=EDGE_LOOP('',(#2256,#2257,#2258,#2259));
#1228=CYLINDRICAL_SURFACE('',#1229,36.25);
#1229=AXIS2_PLACEMENT_3D('',#1230,#1231,#1232);
#1230=CARTESIAN_POINT('',(0.,0.,1.));
#1231=DIRECTION('',(0.,0.,-1.));
#1232=DIRECTION('',(-1.,0.,0.));
#1233=FACE_BOUND('',#1234,.T.);
#1234=EDGE_LOOP('',(#2260,#2261,#2262,#2263,#2264));
#1235=CYLINDRICAL_SURFACE('',#1236,5.);
#1236=AXIS2_PLACEMENT_3D('',#1237,#1238,#1239);
#1237=CARTESIAN_POINT('',(39.1199959647073,10.4821713266521,2.));
#1238=DIRECTION('',(0.,0.,-1.));
#1239=DIRECTION('',(-0.258819045102521,0.965925826289068,0.));
#1240=FACE_BOUND('',#1241,.T.);
#1241=EDGE_LOOP('',(#2265,#2266,#2267,#2268));
#1242=CYLINDRICAL_SURFACE('',#1243,36.25);
#1243=AXIS2_PLACEMENT_3D('',#1244,#1245,#1246);
#1244=CARTESIAN_POINT('',(0.,0.,1.));
#1245=DIRECTION('',(0.,0.,-1.));
#1246=DIRECTION('',(-1.,0.,0.));
#1247=FACE_BOUND('',#1248,.T.);
#1248=EDGE_LOOP('',(#2269,#2270,#2271,#2272,#2273));
#1249=CYLINDRICAL_SURFACE('',#1250,5.);
#1250=AXIS2_PLACEMENT_3D('',#1251,#1252,#1253);
#1251=CARTESIAN_POINT('',(35.0740288532698,20.25,2.));
#1252=DIRECTION('',(0.,0.,-1.));
#1253=DIRECTION('',(-0.5,0.866025403784439,0.));
#1254=FACE_BOUND('',#1255,.T.);
#1255=EDGE_LOOP('',(#2274,#2275,#2276,#2277));
#1256=CYLINDRICAL_SURFACE('',#1257,36.25);
#1257=AXIS2_PLACEMENT_3D('',#1258,#1259,#1260);
#1258=CARTESIAN_POINT('',(0.,0.,1.));
#1259=DIRECTION('',(0.,0.,-1.));
#1260=DIRECTION('',(-1.,0.,0.));
#1261=FACE_BOUND('',#1262,.T.);
#1262=EDGE_LOOP('',(#2278,#2279,#2280,#2281,#2282));
#1263=CYLINDRICAL_SURFACE('',#1264,5.);
#1264=AXIS2_PLACEMENT_3D('',#1265,#1266,#1267);
#1265=CARTESIAN_POINT('',(28.6378246380552,28.6378246380552,2.));
#1266=DIRECTION('',(0.,0.,-1.));
#1267=DIRECTION('',(-0.707106781186548,0.707106781186547,0.));
#1268=FACE_BOUND('',#1269,.T.);
#1269=EDGE_LOOP('',(#2283,#2284,#2285,#2286));
#1270=CYLINDRICAL_SURFACE('',#1271,36.25);
#1271=AXIS2_PLACEMENT_3D('',#1272,#1273,#1274);
#1272=CARTESIAN_POINT('',(0.,0.,1.));
#1273=DIRECTION('',(0.,0.,-1.));
#1274=DIRECTION('',(-1.,0.,0.));
#1275=FACE_BOUND('',#1276,.T.);
#1276=EDGE_LOOP('',(#2287,#2288,#2289,#2290,#2291));
#1277=CYLINDRICAL_SURFACE('',#1278,5.);
#1278=AXIS2_PLACEMENT_3D('',#1279,#1280,#1281);
#1279=CARTESIAN_POINT('',(20.25,35.0740288532698,2.));
#1280=DIRECTION('',(0.,0.,-1.));
#1281=DIRECTION('',(-0.866025403784439,0.5,0.));
#1282=FACE_BOUND('',#1283,.T.);
#1283=EDGE_LOOP('',(#2292,#2293,#2294,#2295));
#1284=CYLINDRICAL_SURFACE('',#1285,36.25);
#1285=AXIS2_PLACEMENT_3D('',#1286,#1287,#1288);
#1286=CARTESIAN_POINT('',(0.,0.,1.));
#1287=DIRECTION('',(0.,0.,-1.));
#1288=DIRECTION('',(-1.,0.,0.));
#1289=FACE_BOUND('',#1290,.T.);
#1290=EDGE_LOOP('',(#2296,#2297,#2298,#2299,#2300));
#1291=CYLINDRICAL_SURFACE('',#1292,5.);
#1292=AXIS2_PLACEMENT_3D('',#1293,#1294,#1295);
#1293=CARTESIAN_POINT('',(10.4821713266521,39.1199959647073,2.));
#1294=DIRECTION('',(0.,0.,-1.));
#1295=DIRECTION('',(-0.965925826289068,0.258819045102521,0.));
#1296=FACE_BOUND('',#1297,.T.);
#1297=EDGE_LOOP('',(#2301,#2302,#2303,#2304));
#1298=CYLINDRICAL_SURFACE('',#1299,36.25);
#1299=AXIS2_PLACEMENT_3D('',#1300,#1301,#1302);
#1300=CARTESIAN_POINT('',(0.,0.,1.));
#1301=DIRECTION('',(0.,0.,-1.));
#1302=DIRECTION('',(-1.,0.,0.));
#1303=FACE_BOUND('',#1304,.T.);
#1304=EDGE_LOOP('',(#2305,#2306,#2307,#2308,#2309));
#1305=CYLINDRICAL_SURFACE('',#1306,5.);
#1306=AXIS2_PLACEMENT_3D('',#1307,#1308,#1309);
#1307=CARTESIAN_POINT('',(-8.11572191542759E-15,40.5,2.));
#1308=DIRECTION('',(0.,0.,-1.));
#1309=DIRECTION('',(-1.,-1.38777878078145E-16,0.));
#1310=FACE_BOUND('',#1311,.T.);
#1311=EDGE_LOOP('',(#2310,#2311,#2312,#2313));
#1312=CYLINDRICAL_SURFACE('',#1313,36.25);
#1313=AXIS2_PLACEMENT_3D('',#1314,#1315,#1316);
#1314=CARTESIAN_POINT('',(0.,0.,1.));
#1315=DIRECTION('',(0.,0.,-1.));
#1316=DIRECTION('',(-1.,0.,0.));
#1317=FACE_BOUND('',#1318,.T.);
#1318=EDGE_LOOP('',(#2314,#2315,#2316,#2317,#2318));
#1319=CYLINDRICAL_SURFACE('',#1320,5.);
#1320=AXIS2_PLACEMENT_3D('',#1321,#1322,#1323);
#1321=CARTESIAN_POINT('',(-10.4821713266521,39.1199959647073,2.));
#1322=DIRECTION('',(0.,0.,-1.));
#1323=DIRECTION('',(-0.965925826289068,-0.258819045102521,0.));
#1324=FACE_BOUND('',#1325,.T.);
#1325=EDGE_LOOP('',(#2319,#2320,#2321,#2322));
#1326=CYLINDRICAL_SURFACE('',#1327,36.25);
#1327=AXIS2_PLACEMENT_3D('',#1328,#1329,#1330);
#1328=CARTESIAN_POINT('',(0.,0.,1.));
#1329=DIRECTION('',(0.,0.,-1.));
#1330=DIRECTION('',(-1.,0.,0.));
#1331=FACE_BOUND('',#1332,.T.);
#1332=EDGE_LOOP('',(#2323,#2324,#2325,#2326,#2327));
#1333=CYLINDRICAL_SURFACE('',#1334,5.);
#1334=AXIS2_PLACEMENT_3D('',#1335,#1336,#1337);
#1335=CARTESIAN_POINT('',(-20.25,35.0740288532698,2.));
#1336=DIRECTION('',(0.,0.,-1.));
#1337=DIRECTION('',(-0.866025403784439,-0.5,0.));
#1338=FACE_BOUND('',#1339,.T.);
#1339=EDGE_LOOP('',(#2328,#2329,#2330,#2331));
#1340=CYLINDRICAL_SURFACE('',#1341,36.25);
#1341=AXIS2_PLACEMENT_3D('',#1342,#1343,#1344);
#1342=CARTESIAN_POINT('',(0.,0.,1.));
#1343=DIRECTION('',(0.,0.,-1.));
#1344=DIRECTION('',(-1.,0.,0.));
#1345=FACE_BOUND('',#1346,.T.);
#1346=EDGE_LOOP('',(#2332,#2333,#2334,#2335,#2336));
#1347=CYLINDRICAL_SURFACE('',#1348,5.);
#1348=AXIS2_PLACEMENT_3D('',#1349,#1350,#1351);
#1349=CARTESIAN_POINT('',(-28.6378246380552,28.6378246380552,2.));
#1350=DIRECTION('',(0.,0.,-1.));
#1351=DIRECTION('',(-0.707106781186548,-0.707106781186548,0.));
#1352=FACE_BOUND('',#1353,.T.);
#1353=EDGE_LOOP('',(#2337,#2338,#2339,#2340));
#1354=CYLINDRICAL_SURFACE('',#1355,36.25);
#1355=AXIS2_PLACEMENT_3D('',#1356,#1357,#1358);
#1356=CARTESIAN_POINT('',(0.,0.,1.));
#1357=DIRECTION('',(0.,0.,-1.));
#1358=DIRECTION('',(-1.,0.,0.));
#1359=FACE_BOUND('',#1360,.T.);
#1360=EDGE_LOOP('',(#2341,#2342,#2343,#2344));
#1361=CONICAL_SURFACE('',#1362,35.875,0.643501108793284);
#1362=AXIS2_PLACEMENT_3D('',#1363,#1364,#1365);
#1363=CARTESIAN_POINT('',(0.,0.,-3.5));
#1364=DIRECTION('',(0.,0.,1.));
#1365=DIRECTION('',(1.,0.,0.));
#1366=FACE_BOUND('',#1367,.T.);
#1367=EDGE_LOOP('',(#2345,#2346,#2347,#2348));
#1368=CONICAL_SURFACE('',#1369,35.875,0.643501108793284);
#1369=AXIS2_PLACEMENT_3D('',#1370,#1371,#1372);
#1370=CARTESIAN_POINT('',(0.,0.,-3.5));
#1371=DIRECTION('',(0.,0.,1.));
#1372=DIRECTION('',(1.,0.,0.));
#1373=FACE_BOUND('',#1374,.T.);
#1374=EDGE_LOOP('',(#2349,#2350,#2351,#2352));
#1375=CONICAL_SURFACE('',#1376,35.875,0.643501108793284);
#1376=AXIS2_PLACEMENT_3D('',#1377,#1378,#1379);
#1377=CARTESIAN_POINT('',(0.,0.,-3.5));
#1378=DIRECTION('',(0.,0.,1.));
#1379=DIRECTION('',(1.,0.,0.));
#1380=FACE_BOUND('',#1381,.T.);
#1381=EDGE_LOOP('',(#2353,#2354,#2355,#2356));
#1382=CONICAL_SURFACE('',#1383,35.875,0.643501108793284);
#1383=AXIS2_PLACEMENT_3D('',#1384,#1385,#1386);
#1384=CARTESIAN_POINT('',(0.,0.,-3.5));
#1385=DIRECTION('',(0.,0.,1.));
#1386=DIRECTION('',(1.,0.,0.));
#1387=FACE_BOUND('',#1388,.T.);
#1388=EDGE_LOOP('',(#2357,#2358,#2359,#2360));
#1389=CONICAL_SURFACE('',#1390,35.875,0.643501108793284);
#1390=AXIS2_PLACEMENT_3D('',#1391,#1392,#1393);
#1391=CARTESIAN_POINT('',(0.,0.,-3.5));
#1392=DIRECTION('',(0.,0.,1.));
#1393=DIRECTION('',(1.,0.,0.));
#1394=FACE_BOUND('',#1395,.T.);
#1395=EDGE_LOOP('',(#2361,#2362,#2363,#2364));
#1396=CONICAL_SURFACE('',#1397,35.875,0.643501108793284);
#1397=AXIS2_PLACEMENT_3D('',#1398,#1399,#1400);
#1398=CARTESIAN_POINT('',(0.,0.,-3.5));
#1399=DIRECTION('',(0.,0.,1.));
#1400=DIRECTION('',(1.,0.,0.));
#1401=FACE_BOUND('',#1402,.T.);
#1402=EDGE_LOOP('',(#2365,#2366,#2367,#2368));
#1403=CONICAL_SURFACE('',#1404,35.875,0.643501108793284);
#1404=AXIS2_PLACEMENT_3D('',#1405,#1406,#1407);
#1405=CARTESIAN_POINT('',(0.,0.,-3.5));
#1406=DIRECTION('',(0.,0.,1.));
#1407=DIRECTION('',(1.,0.,0.));
#1408=FACE_BOUND('',#1409,.T.);
#1409=EDGE_LOOP('',(#2369,#2370,#2371,#2372));
#1410=CONICAL_SURFACE('',#1411,35.875,0.643501108793284);
#1411=AXIS2_PLACEMENT_3D('',#1412,#1413,#1414);
#1412=CARTESIAN_POINT('',(0.,0.,-3.5));
#1413=DIRECTION('',(0.,0.,1.));
#1414=DIRECTION('',(1.,0.,0.));
#1415=FACE_BOUND('',#1416,.T.);
#1416=EDGE_LOOP('',(#2373,#2374,#2375,#2376));
#1417=CONICAL_SURFACE('',#1418,35.875,0.643501108793284);
#1418=AXIS2_PLACEMENT_3D('',#1419,#1420,#1421);
#1419=CARTESIAN_POINT('',(0.,0.,-3.5));
#1420=DIRECTION('',(0.,0.,1.));
#1421=DIRECTION('',(1.,0.,0.));
#1422=FACE_BOUND('',#1423,.T.);
#1423=EDGE_LOOP('',(#2377,#2378,#2379,#2380));
#1424=CONICAL_SURFACE('',#1425,35.875,0.643501108793284);
#1425=AXIS2_PLACEMENT_3D('',#1426,#1427,#1428);
#1426=CARTESIAN_POINT('',(0.,0.,-3.5));
#1427=DIRECTION('',(0.,0.,1.));
#1428=DIRECTION('',(1.,0.,0.));
#1429=FACE_BOUND('',#1430,.T.);
#1430=EDGE_LOOP('',(#2381,#2382,#2383,#2384));
#1431=CONICAL_SURFACE('',#1432,35.875,0.643501108793284);
#1432=AXIS2_PLACEMENT_3D('',#1433,#1434,#1435);
#1433=CARTESIAN_POINT('',(0.,0.,-3.5));
#1434=DIRECTION('',(0.,0.,1.));
#1435=DIRECTION('',(1.,0.,0.));
#1436=FACE_BOUND('',#1437,.T.);
#1437=EDGE_LOOP('',(#2385,#2386,#2387,#2388));
#1438=CONICAL_SURFACE('',#1439,35.875,0.643501108793284);
#1439=AXIS2_PLACEMENT_3D('',#1440,#1441,#1442);
#1440=CARTESIAN_POINT('',(0.,0.,-3.5));
#1441=DIRECTION('',(0.,0.,1.));
#1442=DIRECTION('',(1.,0.,0.));
#1443=FACE_BOUND('',#1444,.T.);
#1444=EDGE_LOOP('',(#2389,#2390,#2391,#2392));
#1445=CONICAL_SURFACE('',#1446,35.875,0.643501108793284);
#1446=AXIS2_PLACEMENT_3D('',#1447,#1448,#1449);
#1447=CARTESIAN_POINT('',(0.,0.,-3.5));
#1448=DIRECTION('',(0.,0.,1.));
#1449=DIRECTION('',(1.,0.,0.));
#1450=FACE_BOUND('',#1451,.T.);
#1451=EDGE_LOOP('',(#2393,#2394,#2395,#2396));
#1452=CONICAL_SURFACE('',#1453,35.875,0.643501108793284);
#1453=AXIS2_PLACEMENT_3D('',#1454,#1455,#1456);
#1454=CARTESIAN_POINT('',(0.,0.,-3.5));
#1455=DIRECTION('',(0.,0.,1.));
#1456=DIRECTION('',(1.,0.,0.));
#1457=FACE_BOUND('',#1458,.T.);
#1458=EDGE_LOOP('',(#2397,#2398,#2399,#2400));
#1459=CONICAL_SURFACE('',#1460,35.875,0.643501108793284);
#1460=AXIS2_PLACEMENT_3D('',#1461,#1462,#1463);
#1461=CARTESIAN_POINT('',(0.,0.,-3.5));
#1462=DIRECTION('',(0.,0.,1.));
#1463=DIRECTION('',(1.,0.,0.));
#1464=FACE_BOUND('',#1465,.T.);
#1465=EDGE_LOOP('',(#2401,#2402,#2403,#2404));
#1466=CONICAL_SURFACE('',#1467,35.875,0.643501108793284);
#1467=AXIS2_PLACEMENT_3D('',#1468,#1469,#1470);
#1468=CARTESIAN_POINT('',(0.,0.,-3.5));
#1469=DIRECTION('',(0.,0.,1.));
#1470=DIRECTION('',(1.,0.,0.));
#1471=FACE_BOUND('',#1472,.T.);
#1472=EDGE_LOOP('',(#2405,#2406,#2407,#2408));
#1473=CONICAL_SURFACE('',#1474,35.875,0.643501108793284);
#1474=AXIS2_PLACEMENT_3D('',#1475,#1476,#1477);
#1475=CARTESIAN_POINT('',(0.,0.,-3.5));
#1476=DIRECTION('',(0.,0.,1.));
#1477=DIRECTION('',(1.,0.,0.));
#1478=FACE_BOUND('',#1479,.T.);
#1479=EDGE_LOOP('',(#2409,#2410,#2411,#2412));
#1480=CONICAL_SURFACE('',#1481,35.875,0.643501108793284);
#1481=AXIS2_PLACEMENT_3D('',#1482,#1483,#1484);
#1482=CARTESIAN_POINT('',(0.,0.,-3.5));
#1483=DIRECTION('',(0.,0.,1.));
#1484=DIRECTION('',(1.,0.,0.));
#1485=FACE_BOUND('',#1486,.T.);
#1486=EDGE_LOOP('',(#2413,#2414,#2415,#2416));
#1487=CONICAL_SURFACE('',#1488,35.875,0.643501108793284);
#1488=AXIS2_PLACEMENT_3D('',#1489,#1490,#1491);
#1489=CARTESIAN_POINT('',(0.,0.,-3.5));
#1490=DIRECTION('',(0.,0.,1.));
#1491=DIRECTION('',(1.,0.,0.));
#1492=FACE_BOUND('',#1493,.T.);
#1493=EDGE_LOOP('',(#2417,#2418,#2419,#2420));
#1494=CONICAL_SURFACE('',#1495,35.875,0.643501108793284);
#1495=AXIS2_PLACEMENT_3D('',#1496,#1497,#1498);
#1496=CARTESIAN_POINT('',(0.,0.,-3.5));
#1497=DIRECTION('',(0.,0.,1.));
#1498=DIRECTION('',(1.,0.,0.));
#1499=FACE_BOUND('',#1500,.T.);
#1500=EDGE_LOOP('',(#2421,#2422,#2423,#2424));
#1501=CONICAL_SURFACE('',#1502,35.875,0.643501108793284);
#1502=AXIS2_PLACEMENT_3D('',#1503,#1504,#1505);
#1503=CARTESIAN_POINT('',(0.,0.,-3.5));
#1504=DIRECTION('',(0.,0.,1.));
#1505=DIRECTION('',(1.,0.,0.));
#1506=FACE_BOUND('',#1507,.T.);
#1507=EDGE_LOOP('',(#2425,#2426,#2427,#2428));
#1508=CONICAL_SURFACE('',#1509,35.875,0.643501108793284);
#1509=AXIS2_PLACEMENT_3D('',#1510,#1511,#1512);
#1510=CARTESIAN_POINT('',(0.,0.,-3.5));
#1511=DIRECTION('',(0.,0.,1.));
#1512=DIRECTION('',(1.,0.,0.));
#1513=FACE_BOUND('',#1514,.T.);
#1514=EDGE_LOOP('',(#2429,#2430,#2431,#2432));
#1515=CONICAL_SURFACE('',#1516,35.875,0.643501108793284);
#1516=AXIS2_PLACEMENT_3D('',#1517,#1518,#1519);
#1517=CARTESIAN_POINT('',(0.,0.,-3.5));
#1518=DIRECTION('',(0.,0.,1.));
#1519=DIRECTION('',(1.,0.,0.));
#1520=FACE_BOUND('',#1521,.T.);
#1521=EDGE_LOOP('',(#2433,#2434,#2435,#2436));
#1522=CONICAL_SURFACE('',#1523,35.875,0.643501108793284);
#1523=AXIS2_PLACEMENT_3D('',#1524,#1525,#1526);
#1524=CARTESIAN_POINT('',(0.,0.,-3.5));
#1525=DIRECTION('',(0.,0.,1.));
#1526=DIRECTION('',(1.,0.,0.));
#1527=FACE_BOUND('',#1528,.T.);
#1528=EDGE_LOOP('',(#2437,#2438,#2439,#2440,#2441,#2442,#2443,#2444,#2445,#2446,
#2447,#2448,#2449,#2450,#2451,#2452,#2453,#2454,#2455,#2456,#2457,#2458,#2459,#2460));
#1529=PLANE('',#1530);
#1530=AXIS2_PLACEMENT_3D('',#1531,#1532,#1533);
#1531=CARTESIAN_POINT('',(0.,0.,-4.));
#1532=DIRECTION('',(0.,0.,-1.));
#1533=DIRECTION('',(-1.,0.,0.));
#1534=FACE_OUTER_BOUND('',#1535,.T.);
#1535=EDGE_LOOP('',(#2461));
#1536=FACE_OUTER_BOUND('',#1537,.T.);
#1537=EDGE_LOOP('',(#2462));
#1538=TOROIDAL_SURFACE('',#1539,28.9,1.);
#1539=AXIS2_PLACEMENT_3D('',#1540,#1541,#1542);
#1540=CARTESIAN_POINT('',(0.,0.,-1.));
#1541=DIRECTION('',(0.,0.,1.));
#1542=DIRECTION('',(-1.,6.32802443037679E-17,0.));
#1543=CARTESIAN_POINT('',(33.5,-6.15385016571545E-15,4.));
#1544=CARTESIAN_POINT('',(33.5,-1.38250711192458,3.98850574712644));
#1545=CARTESIAN_POINT('',(33.3286177397865,-4.14751507319422,3.96551724137931));
#1546=CARTESIAN_POINT('',(32.5613329785662,-8.231539773763,3.93103448275862));
#1547=CARTESIAN_POINT('',(31.2955828304214,-12.1895505463732,3.89655172413793));
#1548=CARTESIAN_POINT('',(29.5507440400866,-15.9609578622173,3.86206896551724));
#1549=CARTESIAN_POINT('',(27.3535274840275,-19.4880266496871,3.82758620689655));
#1550=CARTESIAN_POINT('',(24.7375692668068,-22.7167628747918,3.79310344827586));
#1551=CARTESIAN_POINT('',(21.7429158025498,-25.5977393742937,3.75862068965517));
#1552=CARTESIAN_POINT('',(18.4154107641413,-28.0868527086884,3.72413793103448));
#1553=CARTESIAN_POINT('',(14.8059932850485,-30.1459982672442,3.68965517241379));
#1554=CARTESIAN_POINT('',(10.9699181572503,-31.7436536068321,3.6551724137931));
#1555=CARTESIAN_POINT('',(6.96590996287942,-32.8553610096721,3.62068965517241));
#1556=CARTESIAN_POINT('',(2.8552640885581,-33.4641018954872,3.58620689655173));
#1557=CARTESIAN_POINT('',(-1.29909161544408,-33.5605573502826,3.55172413793103));
#1558=CARTESIAN_POINT('',(-5.43356016663317,-33.1432507850771,3.51724137931035));
#1559=CARTESIAN_POINT('',(-9.48484902512904,-32.2185705402558,3.48275862068965));
#1560=CARTESIAN_POINT('',(-13.3909390079418,-30.8006720896236,3.44827586206896));
#1561=CARTESIAN_POINT('',(-17.0920337100554,-28.9112613412363,3.41379310344828));
#1562=CARTESIAN_POINT('',(-20.5314748981001,-26.5792623523607,3.37931034482759));
#1563=CARTESIAN_POINT('',(-23.6566098633023,-23.8403745453473,3.3448275862069));
#1564=CARTESIAN_POINT('',(-26.4195974558339,-20.7365262027811,3.31034482758621));
#1565=CARTESIAN_POINT('',(-28.7781404613801,-17.3152326080826,3.27586206896552));
#1566=CARTESIAN_POINT('',(-30.6961331083309,-13.6288686574698,3.24137931034483));
#1567=CARTESIAN_POINT('',(-32.1442137932314,-9.73386707850304,3.20689655172414));
#1568=CARTESIAN_POINT('',(-33.1002145630873,-5.68985452929277,3.17241379310345));
#1569=CARTESIAN_POINT('',(-33.5495004736242,-1.55873880339882,3.13793103448276));
#1570=CARTESIAN_POINT('',(-33.4851936284309,2.59623888604749,3.10344827586207));
#1571=CARTESIAN_POINT('',(-32.9082784692835,6.71147203488379,3.06896551724138));
#1572=CARTESIAN_POINT('',(-31.8275867058118,10.7239625685175,3.03448275862069));
#1573=CARTESIAN_POINT('',(-30.2596621152126,14.5722852483781,3.));
#1574=CARTESIAN_POINT('',(-28.228507281724,18.1975280005991,2.96551724137931));
#1575=CARTESIAN_POINT('',(-25.7652161529015,21.5441937719004,2.93103448275862));
#1576=CARTESIAN_POINT('',(-22.9074980377114,24.5610501066054,2.89655172413793));
#1577=CARTESIAN_POINT('',(-19.6991003333178,27.2019134390361,2.86206896551724));
#1578=CARTESIAN_POINT('',(-16.1891388177565,29.4263560949422,2.82758620689655));
#1579=CARTESIAN_POINT('',(-12.4313457607139,31.2003251788265,2.79310344827586));
#1580=CARTESIAN_POINT('',(-8.48324736271092,32.4966638729269,2.75862068965517));
#1581=CARTESIAN_POINT('',(-4.4052831148727,33.2955271675454,2.72413793103448));
#1582=CARTESIAN_POINT('',(-0.259880560567947,33.5846856585136,2.68965517241379));
#1583=CARTESIAN_POINT('',(3.88950037706229,33.35971276111,2.6551724137931));
#1584=CARTESIAN_POINT('',(7.97933887176884,32.6240524744614,2.62068965517241));
#1585=CARTESIAN_POINT('',(11.9470256031942,31.3889666590596,2.58620689655172));
#1586=CARTESIAN_POINT('',(15.7318212120781,29.6733626344933,2.55172413793103));
#1587=CARTESIAN_POINT('',(19.2757861291514,27.5035037366178,2.51724137931034));
#1588=CARTESIAN_POINT('',(22.5246675434249,24.9126072651,2.48275862068966));
#1589=CARTESIAN_POINT('',(25.4287299317154,21.9403359761608,2.44827586206896));
#1590=CARTESIAN_POINT('',(27.9435164352392,18.6321909050024,2.41379310344828));
#1591=CARTESIAN_POINT('',(30.030529427737,15.0388148129017,2.37931034482759));
#1592=CARTESIAN_POINT('',(31.657819856647,11.2152169221562,2.3448275862069));
#1593=CARTESIAN_POINT('',(32.8004763353922,7.21993080703043,2.31034482758621));
#1594=CARTESIAN_POINT('',(33.4410064995116,3.11411833213723,2.27586206896552));
#1595=CARTESIAN_POINT('',(33.56960478864,-1.03936664438172,2.24137931034483));
#1596=CARTESIAN_POINT('',(33.1843025549952,-5.17694046957007,2.20689655172414));
#1597=CARTESIAN_POINT('',(32.2909982004365,-9.23526306643959,2.17241379310345));
#1598=CARTESIAN_POINT('',(30.9033668807391,-13.1522075759687,2.13793103448276));
#1599=CARTESIAN_POINT('',(29.0426511593799,-16.8678114265456,2.10344827586207));
#1600=CARTESIAN_POINT('',(26.7373358156094,-20.3251942714027,2.06896551724138));
#1601=CARTESIAN_POINT('',(24.0227117850161,-23.4714287417912,2.03448275862069));
#1602=CARTESIAN_POINT('',(20.9403359079987,-26.2583506859649,2.));
#1603=CARTESIAN_POINT('',(17.5373947565934,-28.6432964904241,1.96551724137931));
#1604=CARTESIAN_POINT('',(13.8659822785152,-30.5897561961326,1.93103448275862));
#1605=CARTESIAN_POINT('',(9.98230231660581,-32.0679324114733,1.89655172413793));
#1606=CARTESIAN_POINT('',(5.94580821192405,-33.0551964658199,1.86206896551724));
#1607=CARTESIAN_POINT('',(1.81829266187066,-33.5364348206949,1.82758620689655));
#1608=CARTESIAN_POINT('',(-2.3370582337393,-33.5042804354764,1.79310344827586));
#1609=CARTESIAN_POINT('',(-6.45663225751442,-32.9592255457885,1.75862068965517));
#1610=CARTESIAN_POINT('',(-10.4773648825486,-31.9096141281099,1.72413793103448));
#1611=CARTESIAN_POINT('',(-14.3377046961592,-30.3715141659527,1.68965517241379));
#1612=CARTESIAN_POINT('',(-17.9785556601062,-28.3684716730281,1.6551724137931));
#1613=CARTESIAN_POINT('',(-21.3441817826943,-25.9311502389353,1.62068965517241));
#1614=CARTESIAN_POINT('',(-24.3830603535804,-23.0968616153924,1.58620689655172));
#1615=CARTESIAN_POINT('',(-27.0486706795346,-19.9089945290318,1.55172413793103));
#1616=CARTESIAN_POINT('',(-29.3002062467883,-16.4163504647837,1.51724137931034));
#1617=CARTESIAN_POINT('',(-31.1031994078268,-12.6723965880134,1.48275862068965));
#1618=CARTESIAN_POINT('',(-32.4300490296061,-8.73444724205684,1.44827586206896));
#1619=CARTESIAN_POINT('',(-33.2604430256847,-4.66278655120696,1.41379310344827));
#1620=CARTESIAN_POINT('',(-33.5816693039368,-0.519745560787522,1.37931034482758));
#1621=CARTESIAN_POINT('',(-33.3888103697016,3.6312519580772,1.34482758620689));
#1622=CARTESIAN_POINT('',(-32.6848186052828,7.72666043169322,1.3103448275862));
#1623=CARTESIAN_POINT('',(-31.4804710733846,11.7037852716431,1.27586206896551));
#1624=CARTESIAN_POINT('',(-29.7942045363741,15.5017426353182,1.24137931034482));
#1625=CARTESIAN_POINT('',(-27.6518332169792,19.0623914666366,1.20689655172413));
#1626=CARTESIAN_POINT('',(-25.086153621085,22.331223548795,1.17241379310344));
#1627=CARTESIAN_POINT('',(-22.1364424722008,25.2581979436751,1.13793103448276));
#1628=CARTESIAN_POINT('',(-18.8478554434717,27.7985070438851,1.10344827586206));
#1629=CARTESIAN_POINT('',(-15.2707358917492,29.913262510321,1.06896551724138));
#1630=CARTESIAN_POINT('',(-11.4598441759721,31.5700905945702,1.03448275862069));
#1631=CARTESIAN_POINT('',(-7.4735193578392,32.7436277326587,0.999999999999995));
#1632=CARTESIAN_POINT('',(-3.3727861178875,33.4159088233422,0.965517241379306));
#1633=CARTESIAN_POINT('',(0.77957944124393,33.5766422469806,0.931034482758616));
#1634=CARTESIAN_POINT('',(4.92001080320739,33.2233674148671,0.896551724137927));
#1635=CARTESIAN_POINT('',(8.98512414639355,32.3614924371672,0.862068965517236));
#1636=CARTESIAN_POINT('',(12.9126886555948,31.0042113328272,0.827586206896548));
#1637=CARTESIAN_POINT('',(16.6425791828621,29.1723020488459,0.793103448275857));
#1638=CARTESIAN_POINT('',(20.1176966737409,26.893808380932,0.758620689655168));
#1639=CARTESIAN_POINT('',(23.2848422685333,24.2036106648669,0.724137931034478));
#1640=CARTESIAN_POINT('',(26.0955316974034,21.1428918106475,0.689655172413789));
#1641=CARTESIAN_POINT('',(28.5067375021506,17.7585068536297,0.655172413793098));
#1642=CARTESIAN_POINT('',(30.481547722346,14.1022656739006,0.620689655172408));
#1643=CARTESIAN_POINT('',(31.9897309623291,10.2301398643781,0.586206896551719));
#1644=CARTESIAN_POINT('',(33.008199188733,6.20140588930097,0.551724137931029));
#1645=CARTESIAN_POINT('',(33.5213611738008,2.0777376500731,0.51724137931034));
#1646=CARTESIAN_POINT('',(33.5213611738008,-2.07773765007434,0.482758620689649));
#1647=CARTESIAN_POINT('',(33.0081991887327,-6.20140588930216,0.44827586206896));
#1648=CARTESIAN_POINT('',(31.9897309623291,-10.2301398643794,0.41379310344827));
#1649=CARTESIAN_POINT('',(30.481547722344,-14.1022656739013,0.379310344827581));
#1650=CARTESIAN_POINT('',(28.5067375021558,-17.7585068536321,0.34482758620689));
#1651=CARTESIAN_POINT('',(26.0955316973809,-21.1428918106435,0.310344827586201));
#1652=CARTESIAN_POINT('',(23.2848422686136,-24.2036106648862,0.275862068965511));
#1653=CARTESIAN_POINT('',(20.1176966734372,-26.8938083808636,0.241379310344821));
#1654=CARTESIAN_POINT('',(16.6425791839909,-29.1723020491044,0.206896551724132));
#1655=CARTESIAN_POINT('',(12.9126886513771,-31.0042113318652,0.172413793103442));
#1656=CARTESIAN_POINT('',(8.98512416212877,-32.3614924407592,0.137931034482752));
#1657=CARTESIAN_POINT('',(4.9200107444771,-33.2233674014628,0.103448275862062));
#1658=CARTESIAN_POINT('',(0.779579660422569,-33.576642297007,0.068965517241373));
#1659=CARTESIAN_POINT('',(-3.37278693587888,-33.4159086366411,0.0344827586206847));
#1660=CARTESIAN_POINT('',(-6.10660651533162,-32.9677218318377,0.0114942528735611));
#1661=CARTESIAN_POINT('',(-7.45445128753652,-32.6600850580911,0.));
#1662=CARTESIAN_POINT('',(-7.45445128753651,-32.6600850580911,0.));
#1663=CARTESIAN_POINT('',(-8.81269665183006,-32.3548709044899,-0.0115740740740741));
#1664=CARTESIAN_POINT('',(-11.4916523502693,-31.5747667637721,-0.0347222222222222));
#1665=CARTESIAN_POINT('',(-15.335009168869,-29.9133226778264,-0.0694444444444444));
#1666=CARTESIAN_POINT('',(-18.9434535481053,-27.785980907857,-0.104166666666667));
#1667=CARTESIAN_POINT('',(-22.2607558576205,-25.2253861617764,-0.138888888888889));
#1668=CARTESIAN_POINT('',(-25.2351584047585,-22.2709389662496,-0.173611111111111));
#1669=CARTESIAN_POINT('',(-27.8201857257319,-18.9681888631658,-0.208333333333333));
#1670=CARTESIAN_POINT('',(-29.9753699968606,-15.3681323481212,-0.243055555555556));
#1671=CARTESIAN_POINT('',(-31.6668846993346,-11.526425432863,-0.277777777777778));
#1672=CARTESIAN_POINT('',(-32.8680754221375,-7.50252324166531,-0.3125));
#1673=CARTESIAN_POINT('',(-33.5598797946999,-3.35875987528693,-0.347222222222222));
#1674=CARTESIAN_POINT('',(-33.7311298490934,0.840617199398259,-0.381944444444445));
#1675=CARTESIAN_POINT('',(-33.3787320409514,5.03044328083692,-0.416666666666667));
#1676=CARTESIAN_POINT('',(-32.5077220251248,9.14564763939773,-0.451388888888889));
#1677=CARTESIAN_POINT('',(-31.1311932326069,13.1222641078816,-0.486111111111111));
#1678=CARTESIAN_POINT('',(-29.2701002522964,16.8984253607285,-0.520833333333333));
#1679=CARTESIAN_POINT('',(-26.952939966906,20.4153254270718,-0.555555555555556));
#1680=CARTESIAN_POINT('',(-24.2153152931662,23.6181354632267,-0.590277777777778));
#1681=CARTESIAN_POINT('',(-21.0993882037612,26.4568585236466,-0.625));
#1682=CARTESIAN_POINT('',(-17.6532304334885,28.8871100048883,-0.659722222222222));
#1683=CARTESIAN_POINT('',(-13.9300818681353,30.8708115803764,-0.694444444444445));
#1684=CARTESIAN_POINT('',(-9.98752805660895,32.3767877771529,-0.729166666666667));
#1685=CARTESIAN_POINT('',(-5.88660955241967,33.3812558487934,-0.763888888888889));
#1686=CARTESIAN_POINT('',(-1.69087685989255,33.8682012480648,-0.798611111111111));
#1687=CARTESIAN_POINT('',(2.53459438329204,33.8296327731919,-0.833333333333334));
#1688=CARTESIAN_POINT('',(6.72421272593579,33.2657133254029,-0.868055555555556));
#1689=CARTESIAN_POINT('',(10.812889071047,32.1847641438625,-0.902777777777778));
#1690=CARTESIAN_POINT('',(14.737047886565,30.6031423472789,-0.9375));
#1691=CARTESIAN_POINT('',(18.4356157491362,28.5449935789347,-0.972222222222223));
#1692=CARTESIAN_POINT('',(21.8509718500034,26.0418834930709,-1.00694444444445));
#1693=CARTESIAN_POINT('',(24.9298456700744,23.1323137052975,-1.04166666666667));
#1694=CARTESIAN_POINT('',(27.6241478394743,19.8611296286788,-1.07638888888889));
#1695=CARTESIAN_POINT('',(29.8917212229793,16.2788293023455,-1.11111111111111));
#1696=CARTESIAN_POINT('',(31.6970005009295,12.4407838646443,-1.14583333333333));
#1697=CARTESIAN_POINT('',(33.0115699266198,8.406381703843,-1.18055555555556));
#1698=CARTESIAN_POINT('',(33.8146105139946,4.23810951467321,-1.21527777777778));
#1699=CARTESIAN_POINT('',(34.0932296194304,0.000584479802106852,-1.25));
#1700=CARTESIAN_POINT('',(33.8426677020475,-4.24044743388145,-1.28472222222222));
#1701=CARTESIAN_POINT('',(33.066378950145,-8.41913153565351,-1.31944444444444));
#1702=CARTESIAN_POINT('',(31.7759844175241,-12.4705270015984,-1.35416666666667));
#1703=CARTESIAN_POINT('',(29.991098292318,-16.3316161167399,-1.38888888888889));
#1704=CARTESIAN_POINT('',(27.7390298917519,-19.9422844841015,-1.42361111111111));
#1705=CARTESIAN_POINT('',(25.0543659084208,-23.2462569541036,-1.45833333333333));
#1706=CARTESIAN_POINT('',(21.9784392971327,-26.191974702817,-1.49305555555556));
#1707=CARTESIAN_POINT('',(18.5586929571427,-28.7333997895717,-1.52777777777778));
#1708=CARTESIAN_POINT('',(14.847948005179,-30.8307346394319,-1.5625));
#1709=CARTESIAN_POINT('',(10.9035879244609,-32.451045206964,-1.59722222222222));
#1710=CARTESIAN_POINT('',(6.78667119066757,-33.5687780643345,-1.63194444444444));
#1711=CARTESIAN_POINT('',(2.56098609695512,-34.1661632961398,-1.66666666666667));
#1712=CARTESIAN_POINT('',(-1.70793759093529,-34.2334968501593,-1.70138888888889));
#1713=CARTESIAN_POINT('',(-5.95384483596871,-33.7692978600876,-1.73611111111111));
#1714=CARTESIAN_POINT('',(-10.1107836288032,-32.7803383943477,-1.77083333333333));
#1715=CARTESIAN_POINT('',(-14.1141294249491,-31.2815450642566,-1.80555555555555));
#1716=CARTESIAN_POINT('',(-17.9015898074546,-29.2957739144144,-1.84027777777778));
#1717=CARTESIAN_POINT('',(-21.4141737565245,-26.853461987318,-1.875));
#1718=CARTESIAN_POINT('',(-24.5971104443331,-23.9921608722713,-1.90972222222222));
#1719=CARTESIAN_POINT('',(-27.4007032448205,-20.755959385831,-1.94444444444444));
#1720=CARTESIAN_POINT('',(-29.781105642669,-17.1948042587021,-1.97916666666666));
#1721=CARTESIAN_POINT('',(-31.7010069276744,-13.3637292952584,-2.01388888888889));
#1722=CARTESIAN_POINT('',(-33.130216951871,-9.32200490186955,-2.04861111111111));
#1723=CARTESIAN_POINT('',(-34.0461407855777,-5.13222112665267,-2.08333333333333));
#1724=CARTESIAN_POINT('',(-34.4341358109337,-0.859318396596469,-2.11805555555555));
#1725=CARTESIAN_POINT('',(-34.2877456111712,3.43041903811822,-2.15277777777778));
#1726=CARTESIAN_POINT('',(-33.6088069226536,7.67039135134453,-2.1875));
#1727=CARTESIAN_POINT('',(-32.4074278850264,11.7947171288639,-2.22222222222222));
#1728=CARTESIAN_POINT('',(-30.7018378221595,15.73925704389,-2.25694444444444));
#1729=CARTESIAN_POINT('',(-28.5181107819063,19.4426113141744,-2.29166666666666));
#1730=CARTESIAN_POINT('',(-25.8897670250833,22.8470754289027,-2.32638888888889));
#1731=CARTESIAN_POINT('',(-22.8572585529628,25.8995392690022,-2.36111111111111));
#1732=CARTESIAN_POINT('',(-19.4673465684513,28.5523156114615,-2.39583333333333));
#1733=CARTESIAN_POINT('',(-15.7723804508497,30.7638850935326,-2.43055555555555));
#1734=CARTESIAN_POINT('',(-11.8294893614159,32.4995459995504,-2.46527777777777));
#1735=CARTESIAN_POINT('',(-7.69969896286352,33.7319587017556,-2.5));
#1736=CARTESIAN_POINT('',(-3.44698690908754,34.4415762142758,-2.53472222222222));
#1737=CARTESIAN_POINT('',(0.862708276566091,34.6169540811559,-2.56944444444444));
#1738=CARTESIAN_POINT('',(5.16250958039938,34.2549346877836,-2.60416666666666));
#1739=CARTESIAN_POINT('',(9.38563928282341,33.3607030312924,-2.63888888888888));
#1740=CARTESIAN_POINT('',(13.4664560440457,31.9477129793835,-2.67361111111111));
#1741=CARTESIAN_POINT('',(17.3414751846182,30.037485057559,-2.70833333333333));
#1742=CARTESIAN_POINT('',(20.950356302389,27.659278800791,-2.74305555555555));
#1743=CARTESIAN_POINT('',(24.2368428617996,24.8496446561534,-2.77777777777777));
#1744=CARTESIAN_POINT('',(27.1496391248848,21.6518622975834,-2.81249999999999));
#1745=CARTESIAN_POINT('',(29.6432107545565,18.1152739835439,-2.84722222222222));
#1746=CARTESIAN_POINT('',(31.6784965950593,14.2945232253566,-2.88194444444444));
#1747=CARTESIAN_POINT('',(33.2235205037884,10.2487105128366,-2.91666666666666));
#1748=CARTESIAN_POINT('',(34.2538936518688,6.04047914148875,-2.95138888888888));
#1749=CARTESIAN_POINT('',(34.7531994041751,1.73504528162052,-2.98611111111111));
#1750=CARTESIAN_POINT('',(34.7132547066395,-2.60081269289684,-3.02083333333333));
#1751=CARTESIAN_POINT('',(34.1342438216498,-6.89978995363309,-3.05555555555555));
#1752=CARTESIAN_POINT('',(33.0247222314229,-11.0950999796571,-3.09027777777777));
#1753=CARTESIAN_POINT('',(31.4014905437887,-15.121512114974,-3.12499999999999));
#1754=CARTESIAN_POINT('',(29.2893402535654,-18.9163658024515,-3.15972222222222));
#1755=CARTESIAN_POINT('',(26.7206752043033,-22.4205457245436,-3.19444444444444));
#1756=CARTESIAN_POINT('',(23.7350145286667,-25.579402675507,-3.22916666666666));
#1757=CARTESIAN_POINT('',(20.3783846910408,-28.3436058203582,-3.26388888888888));
#1758=CARTESIAN_POINT('',(16.7026099843522,-30.6699130498155,-3.2986111111111));
#1759=CARTESIAN_POINT('',(12.7645124176559,-32.5218474017308,-3.33333333333333));
#1760=CARTESIAN_POINT('',(8.62503334702444,-33.8702689686192,-3.36805555555555));
#1761=CARTESIAN_POINT('',(4.34829042756594,-34.6938333254769,-3.40277777777777));
#1762=CARTESIAN_POINT('',(0.000584479802989035,-34.9793292672108,-3.43749999999999));
#1763=CARTESIAN_POINT('',(-4.35062834677243,-34.72189051353,-3.47222222222222));
#1764=CARTESIAN_POINT('',(-8.63778317883323,-33.9250779921448,-3.50694444444444));
#1765=CARTESIAN_POINT('',(-12.7942555546084,-32.6008313183261,-3.54166666666666));
#1766=CARTESIAN_POINT('',(-16.7553967987451,-30.7692901191549,-3.57638888888888));
#1767=CARTESIAN_POINT('',(-20.4595395464621,-28.4584878726368,-3.6111111111111));
#1768=CARTESIAN_POINT('',(-23.8489577774716,-25.7039229138546,-3.64583333333333));
#1769=CARTESIAN_POINT('',(-26.8707664140483,-22.5480131716742,-3.68055555555555));
#1770=CARTESIAN_POINT('',(-29.4777464642016,-19.0394430104595,-3.71527777777777));
#1771=CARTESIAN_POINT('',(-31.629082835941,-15.2324122335896,-3.74999999999999));
#1772=CARTESIAN_POINT('',(-33.2910032945239,-11.1857988330725,-3.78472222222222));
#1773=CARTESIAN_POINT('',(-34.437308560581,-6.96224841836648,-3.81944444444444));
#1774=CARTESIAN_POINT('',(-35.0497852295873,-2.62720440656154,-3.85416666666666));
#1775=CARTESIAN_POINT('',(-35.1184950062698,1.75210601266166,-3.88888888888888));
#1776=CARTESIAN_POINT('',(-34.6419356631632,6.10771442503619,-3.9236111111111));
#1777=CARTESIAN_POINT('',(-33.627071120984,10.3719660850294,-3.95833333333333));
#1778=CARTESIAN_POINT('',(-32.0892300789384,14.4785707821686,-3.99305555555555));
#1779=CARTESIAN_POINT('',(-30.0518746640897,18.36363335751,-4.02777777777777));
#1780=CARTESIAN_POINT('',(-27.5462425885333,21.9666478503405,-4.06249999999999));
#1781=CARTESIAN_POINT('',(-24.6108682709341,25.2314398073379,-4.09722222222221));
#1782=CARTESIAN_POINT('',(-21.2909902608182,28.1070420786345,-4.13194444444444));
#1783=CARTESIAN_POINT('',(-17.637854083829,30.5484904481922,-4.16666666666666));
#1784=CARTESIAN_POINT('',(-13.7079212268117,32.517526673475,-4.20138888888888));
#1785=CARTESIAN_POINT('',(-9.56199656250956,33.9831979616787,-4.2361111111111));
#1786=CARTESIAN_POINT('',(-5.26428736197708,34.922343418823,-4.27083333333333));
#1787=CARTESIAN_POINT('',(-0.881409713510777,35.3199600937023,-4.30555555555555));
#1788=CARTESIAN_POINT('',(3.51864696665849,35.1694418415088,-4.34027777777777));
#1789=CARTESIAN_POINT('',(6.41792481110268,34.7049412195155,-4.36342592592592));
#1790=CARTESIAN_POINT('',(7.8477825699176,34.3833820041794,-4.375));
#1791=CARTESIAN_POINT('',(33.5,-6.15385016571545E-15,4.));
#1792=CARTESIAN_POINT('',(33.5,-1.38250711192458,3.98850574712644));
#1793=CARTESIAN_POINT('',(33.3286177397865,-4.14751507319422,3.96551724137931));
#1794=CARTESIAN_POINT('',(32.5613329785662,-8.231539773763,3.93103448275862));
#1795=CARTESIAN_POINT('',(31.2955828304214,-12.1895505463732,3.89655172413793));
#1796=CARTESIAN_POINT('',(29.5507440400866,-15.9609578622173,3.86206896551724));
#1797=CARTESIAN_POINT('',(27.3535274840275,-19.4880266496871,3.82758620689655));
#1798=CARTESIAN_POINT('',(24.7375692668068,-22.7167628747918,3.79310344827586));
#1799=CARTESIAN_POINT('',(21.7429158025498,-25.5977393742937,3.75862068965517));
#1800=CARTESIAN_POINT('',(18.4154107641413,-28.0868527086884,3.72413793103448));
#1801=CARTESIAN_POINT('',(14.8059932850485,-30.1459982672442,3.68965517241379));
#1802=CARTESIAN_POINT('',(10.9699181572503,-31.7436536068321,3.6551724137931));
#1803=CARTESIAN_POINT('',(6.96590996287942,-32.8553610096721,3.62068965517241));
#1804=CARTESIAN_POINT('',(2.8552640885581,-33.4641018954872,3.58620689655173));
#1805=CARTESIAN_POINT('',(-1.29909161544408,-33.5605573502826,3.55172413793103));
#1806=CARTESIAN_POINT('',(-5.43356016663317,-33.1432507850771,3.51724137931035));
#1807=CARTESIAN_POINT('',(-9.48484902512904,-32.2185705402558,3.48275862068965));
#1808=CARTESIAN_POINT('',(-13.3909390079418,-30.8006720896236,3.44827586206896));
#1809=CARTESIAN_POINT('',(-17.0920337100554,-28.9112613412363,3.41379310344828));
#1810=CARTESIAN_POINT('',(-20.5314748981001,-26.5792623523607,3.37931034482759));
#1811=CARTESIAN_POINT('',(-23.6566098633023,-23.8403745453473,3.3448275862069));
#1812=CARTESIAN_POINT('',(-26.4195974558339,-20.7365262027811,3.31034482758621));
#1813=CARTESIAN_POINT('',(-28.7781404613801,-17.3152326080826,3.27586206896552));
#1814=CARTESIAN_POINT('',(-30.6961331083309,-13.6288686574698,3.24137931034483));
#1815=CARTESIAN_POINT('',(-32.1442137932314,-9.73386707850304,3.20689655172414));
#1816=CARTESIAN_POINT('',(-33.1002145630873,-5.68985452929277,3.17241379310345));
#1817=CARTESIAN_POINT('',(-33.5495004736242,-1.55873880339882,3.13793103448276));
#1818=CARTESIAN_POINT('',(-33.4851936284309,2.59623888604749,3.10344827586207));
#1819=CARTESIAN_POINT('',(-32.9082784692835,6.71147203488379,3.06896551724138));
#1820=CARTESIAN_POINT('',(-31.8275867058118,10.7239625685175,3.03448275862069));
#1821=CARTESIAN_POINT('',(-30.2596621152126,14.5722852483781,3.));
#1822=CARTESIAN_POINT('',(-28.228507281724,18.1975280005991,2.96551724137931));
#1823=CARTESIAN_POINT('',(-25.7652161529015,21.5441937719004,2.93103448275862));
#1824=CARTESIAN_POINT('',(-22.9074980377114,24.5610501066054,2.89655172413793));
#1825=CARTESIAN_POINT('',(-19.6991003333178,27.2019134390361,2.86206896551724));
#1826=CARTESIAN_POINT('',(-16.1891388177565,29.4263560949422,2.82758620689655));
#1827=CARTESIAN_POINT('',(-12.4313457607139,31.2003251788265,2.79310344827586));
#1828=CARTESIAN_POINT('',(-8.48324736271092,32.4966638729269,2.75862068965517));
#1829=CARTESIAN_POINT('',(-4.4052831148727,33.2955271675454,2.72413793103448));
#1830=CARTESIAN_POINT('',(-0.259880560567947,33.5846856585136,2.68965517241379));
#1831=CARTESIAN_POINT('',(3.88950037706229,33.35971276111,2.6551724137931));
#1832=CARTESIAN_POINT('',(7.97933887176884,32.6240524744614,2.62068965517241));
#1833=CARTESIAN_POINT('',(11.9470256031942,31.3889666590596,2.58620689655172));
#1834=CARTESIAN_POINT('',(15.7318212120781,29.6733626344933,2.55172413793103));
#1835=CARTESIAN_POINT('',(19.2757861291514,27.5035037366178,2.51724137931034));
#1836=CARTESIAN_POINT('',(22.5246675434249,24.9126072651,2.48275862068966));
#1837=CARTESIAN_POINT('',(25.4287299317154,21.9403359761608,2.44827586206896));
#1838=CARTESIAN_POINT('',(27.9435164352392,18.6321909050024,2.41379310344828));
#1839=CARTESIAN_POINT('',(30.030529427737,15.0388148129017,2.37931034482759));
#1840=CARTESIAN_POINT('',(31.657819856647,11.2152169221562,2.3448275862069));
#1841=CARTESIAN_POINT('',(32.8004763353922,7.21993080703043,2.31034482758621));
#1842=CARTESIAN_POINT('',(33.4410064995116,3.11411833213723,2.27586206896552));
#1843=CARTESIAN_POINT('',(33.56960478864,-1.03936664438172,2.24137931034483));
#1844=CARTESIAN_POINT('',(33.1843025549952,-5.17694046957007,2.20689655172414));
#1845=CARTESIAN_POINT('',(32.2909982004365,-9.23526306643959,2.17241379310345));
#1846=CARTESIAN_POINT('',(30.9033668807391,-13.1522075759687,2.13793103448276));
#1847=CARTESIAN_POINT('',(29.0426511593799,-16.8678114265456,2.10344827586207));
#1848=CARTESIAN_POINT('',(26.7373358156094,-20.3251942714027,2.06896551724138));
#1849=CARTESIAN_POINT('',(24.0227117850161,-23.4714287417912,2.03448275862069));
#1850=CARTESIAN_POINT('',(20.9403359079987,-26.2583506859649,2.));
#1851=CARTESIAN_POINT('',(17.5373947565934,-28.6432964904241,1.96551724137931));
#1852=CARTESIAN_POINT('',(13.8659822785152,-30.5897561961326,1.93103448275862));
#1853=CARTESIAN_POINT('',(9.98230231660581,-32.0679324114733,1.89655172413793));
#1854=CARTESIAN_POINT('',(5.94580821192405,-33.0551964658199,1.86206896551724));
#1855=CARTESIAN_POINT('',(1.81829266187066,-33.5364348206949,1.82758620689655));
#1856=CARTESIAN_POINT('',(-2.3370582337393,-33.5042804354764,1.79310344827586));
#1857=CARTESIAN_POINT('',(-6.45663225751442,-32.9592255457885,1.75862068965517));
#1858=CARTESIAN_POINT('',(-10.4773648825486,-31.9096141281099,1.72413793103448));
#1859=CARTESIAN_POINT('',(-14.3377046961592,-30.3715141659527,1.68965517241379));
#1860=CARTESIAN_POINT('',(-17.9785556601062,-28.3684716730281,1.6551724137931));
#1861=CARTESIAN_POINT('',(-21.3441817826943,-25.9311502389353,1.62068965517241));
#1862=CARTESIAN_POINT('',(-24.3830603535804,-23.0968616153924,1.58620689655172));
#1863=CARTESIAN_POINT('',(-27.0486706795346,-19.9089945290318,1.55172413793103));
#1864=CARTESIAN_POINT('',(-29.3002062467883,-16.4163504647837,1.51724137931034));
#1865=CARTESIAN_POINT('',(-31.1031994078268,-12.6723965880134,1.48275862068965));
#1866=CARTESIAN_POINT('',(-32.4300490296061,-8.73444724205684,1.44827586206896));
#1867=CARTESIAN_POINT('',(-33.2604430256847,-4.66278655120696,1.41379310344827));
#1868=CARTESIAN_POINT('',(-33.5816693039368,-0.519745560787522,1.37931034482758));
#1869=CARTESIAN_POINT('',(-33.3888103697016,3.6312519580772,1.34482758620689));
#1870=CARTESIAN_POINT('',(-32.6848186052828,7.72666043169322,1.3103448275862));
#1871=CARTESIAN_POINT('',(-31.4804710733846,11.7037852716431,1.27586206896551));
#1872=CARTESIAN_POINT('',(-29.7942045363741,15.5017426353182,1.24137931034482));
#1873=CARTESIAN_POINT('',(-27.6518332169792,19.0623914666366,1.20689655172413));
#1874=CARTESIAN_POINT('',(-25.086153621085,22.331223548795,1.17241379310344));
#1875=CARTESIAN_POINT('',(-22.1364424722008,25.2581979436751,1.13793103448276));
#1876=CARTESIAN_POINT('',(-18.8478554434717,27.7985070438851,1.10344827586206));
#1877=CARTESIAN_POINT('',(-15.2707358917492,29.913262510321,1.06896551724138));
#1878=CARTESIAN_POINT('',(-11.4598441759721,31.5700905945702,1.03448275862069));
#1879=CARTESIAN_POINT('',(-7.4735193578392,32.7436277326587,0.999999999999995));
#1880=CARTESIAN_POINT('',(-3.3727861178875,33.4159088233422,0.965517241379306));
#1881=CARTESIAN_POINT('',(0.77957944124393,33.5766422469806,0.931034482758616));
#1882=CARTESIAN_POINT('',(4.92001080320739,33.2233674148671,0.896551724137927));
#1883=CARTESIAN_POINT('',(8.98512414639355,32.3614924371672,0.862068965517236));
#1884=CARTESIAN_POINT('',(12.9126886555948,31.0042113328272,0.827586206896548));
#1885=CARTESIAN_POINT('',(16.6425791828621,29.1723020488459,0.793103448275857));
#1886=CARTESIAN_POINT('',(20.1176966737409,26.893808380932,0.758620689655168));
#1887=CARTESIAN_POINT('',(23.2848422685333,24.2036106648669,0.724137931034478));
#1888=CARTESIAN_POINT('',(26.0955316974034,21.1428918106475,0.689655172413789));
#1889=CARTESIAN_POINT('',(28.5067375021506,17.7585068536297,0.655172413793098));
#1890=CARTESIAN_POINT('',(30.481547722346,14.1022656739006,0.620689655172408));
#1891=CARTESIAN_POINT('',(31.9897309623291,10.2301398643781,0.586206896551719));
#1892=CARTESIAN_POINT('',(33.008199188733,6.20140588930097,0.551724137931029));
#1893=CARTESIAN_POINT('',(33.5213611738008,2.0777376500731,0.51724137931034));
#1894=CARTESIAN_POINT('',(33.5213611738008,-2.07773765007434,0.482758620689649));
#1895=CARTESIAN_POINT('',(33.0081991887327,-6.20140588930216,0.44827586206896));
#1896=CARTESIAN_POINT('',(31.9897309623291,-10.2301398643794,0.41379310344827));
#1897=CARTESIAN_POINT('',(30.481547722344,-14.1022656739013,0.379310344827581));
#1898=CARTESIAN_POINT('',(28.5067375021558,-17.7585068536321,0.34482758620689));
#1899=CARTESIAN_POINT('',(26.0955316973809,-21.1428918106435,0.310344827586201));
#1900=CARTESIAN_POINT('',(23.2848422686136,-24.2036106648862,0.275862068965511));
#1901=CARTESIAN_POINT('',(20.1176966734372,-26.8938083808636,0.241379310344821));
#1902=CARTESIAN_POINT('',(16.6425791839909,-29.1723020491044,0.206896551724132));
#1903=CARTESIAN_POINT('',(12.9126886513771,-31.0042113318652,0.172413793103442));
#1904=CARTESIAN_POINT('',(8.98512416212877,-32.3614924407592,0.137931034482752));
#1905=CARTESIAN_POINT('',(4.9200107444771,-33.2233674014628,0.103448275862062));
#1906=CARTESIAN_POINT('',(0.779579660422569,-33.576642297007,0.068965517241373));
#1907=CARTESIAN_POINT('',(-3.37278693587888,-33.4159086366411,0.0344827586206847));
#1908=CARTESIAN_POINT('',(-6.10660651533162,-32.9677218318377,0.0114942528735611));
#1909=CARTESIAN_POINT('',(-7.45445128753652,-32.6600850580911,0.));
#1910=CARTESIAN_POINT('',(-7.45445128753651,-32.6600850580911,0.));
#1911=CARTESIAN_POINT('',(-8.81269665183006,-32.3548709044899,-0.0115740740740741));
#1912=CARTESIAN_POINT('',(-11.4916523502693,-31.5747667637721,-0.0347222222222222));
#1913=CARTESIAN_POINT('',(-15.335009168869,-29.9133226778264,-0.0694444444444444));
#1914=CARTESIAN_POINT('',(-18.9434535481053,-27.785980907857,-0.104166666666667));
#1915=CARTESIAN_POINT('',(-22.2607558576205,-25.2253861617764,-0.138888888888889));
#1916=CARTESIAN_POINT('',(-25.2351584047585,-22.2709389662496,-0.173611111111111));
#1917=CARTESIAN_POINT('',(-27.8201857257319,-18.9681888631658,-0.208333333333333));
#1918=CARTESIAN_POINT('',(-29.9753699968606,-15.3681323481212,-0.243055555555556));
#1919=CARTESIAN_POINT('',(-31.6668846993346,-11.526425432863,-0.277777777777778));
#1920=CARTESIAN_POINT('',(-32.8680754221375,-7.50252324166531,-0.3125));
#1921=CARTESIAN_POINT('',(-33.5598797946999,-3.35875987528693,-0.347222222222222));
#1922=CARTESIAN_POINT('',(-33.7311298490934,0.840617199398259,-0.381944444444445));
#1923=CARTESIAN_POINT('',(-33.3787320409514,5.03044328083692,-0.416666666666667));
#1924=CARTESIAN_POINT('',(-32.5077220251248,9.14564763939773,-0.451388888888889));
#1925=CARTESIAN_POINT('',(-31.1311932326069,13.1222641078816,-0.486111111111111));
#1926=CARTESIAN_POINT('',(-29.2701002522964,16.8984253607285,-0.520833333333333));
#1927=CARTESIAN_POINT('',(-26.952939966906,20.4153254270718,-0.555555555555556));
#1928=CARTESIAN_POINT('',(-24.2153152931662,23.6181354632267,-0.590277777777778));
#1929=CARTESIAN_POINT('',(-21.0993882037612,26.4568585236466,-0.625));
#1930=CARTESIAN_POINT('',(-17.6532304334885,28.8871100048883,-0.659722222222222));
#1931=CARTESIAN_POINT('',(-13.9300818681353,30.8708115803764,-0.694444444444445));
#1932=CARTESIAN_POINT('',(-9.98752805660895,32.3767877771529,-0.729166666666667));
#1933=CARTESIAN_POINT('',(-5.88660955241967,33.3812558487934,-0.763888888888889));
#1934=CARTESIAN_POINT('',(-1.69087685989255,33.8682012480648,-0.798611111111111));
#1935=CARTESIAN_POINT('',(2.53459438329204,33.8296327731919,-0.833333333333334));
#1936=CARTESIAN_POINT('',(6.72421272593579,33.2657133254029,-0.868055555555556));
#1937=CARTESIAN_POINT('',(10.812889071047,32.1847641438625,-0.902777777777778));
#1938=CARTESIAN_POINT('',(14.737047886565,30.6031423472789,-0.9375));
#1939=CARTESIAN_POINT('',(18.4356157491362,28.5449935789347,-0.972222222222223));
#1940=CARTESIAN_POINT('',(21.8509718500034,26.0418834930709,-1.00694444444445));
#1941=CARTESIAN_POINT('',(24.9298456700744,23.1323137052975,-1.04166666666667));
#1942=CARTESIAN_POINT('',(27.6241478394743,19.8611296286788,-1.07638888888889));
#1943=CARTESIAN_POINT('',(29.8917212229793,16.2788293023455,-1.11111111111111));
#1944=CARTESIAN_POINT('',(31.6970005009295,12.4407838646443,-1.14583333333333));
#1945=CARTESIAN_POINT('',(33.0115699266198,8.406381703843,-1.18055555555556));
#1946=CARTESIAN_POINT('',(33.8146105139946,4.23810951467321,-1.21527777777778));
#1947=CARTESIAN_POINT('',(34.0932296194304,0.000584479802106852,-1.25));
#1948=CARTESIAN_POINT('',(33.8426677020475,-4.24044743388145,-1.28472222222222));
#1949=CARTESIAN_POINT('',(33.066378950145,-8.41913153565351,-1.31944444444444));
#1950=CARTESIAN_POINT('',(31.7759844175241,-12.4705270015984,-1.35416666666667));
#1951=CARTESIAN_POINT('',(29.991098292318,-16.3316161167399,-1.38888888888889));
#1952=CARTESIAN_POINT('',(27.7390298917519,-19.9422844841015,-1.42361111111111));
#1953=CARTESIAN_POINT('',(25.0543659084208,-23.2462569541036,-1.45833333333333));
#1954=CARTESIAN_POINT('',(21.9784392971327,-26.191974702817,-1.49305555555556));
#1955=CARTESIAN_POINT('',(18.5586929571427,-28.7333997895717,-1.52777777777778));
#1956=CARTESIAN_POINT('',(14.847948005179,-30.8307346394319,-1.5625));
#1957=CARTESIAN_POINT('',(10.9035879244609,-32.451045206964,-1.59722222222222));
#1958=CARTESIAN_POINT('',(6.78667119066757,-33.5687780643345,-1.63194444444444));
#1959=CARTESIAN_POINT('',(2.56098609695512,-34.1661632961398,-1.66666666666667));
#1960=CARTESIAN_POINT('',(-1.70793759093529,-34.2334968501593,-1.70138888888889));
#1961=CARTESIAN_POINT('',(-5.95384483596871,-33.7692978600876,-1.73611111111111));
#1962=CARTESIAN_POINT('',(-10.1107836288032,-32.7803383943477,-1.77083333333333));
#1963=CARTESIAN_POINT('',(-14.1141294249491,-31.2815450642566,-1.80555555555555));
#1964=CARTESIAN_POINT('',(-17.9015898074546,-29.2957739144144,-1.84027777777778));
#1965=CARTESIAN_POINT('',(-21.4141737565245,-26.853461987318,-1.875));
#1966=CARTESIAN_POINT('',(-24.5971104443331,-23.9921608722713,-1.90972222222222));
#1967=CARTESIAN_POINT('',(-27.4007032448205,-20.755959385831,-1.94444444444444));
#1968=CARTESIAN_POINT('',(-29.781105642669,-17.1948042587021,-1.97916666666666));
#1969=CARTESIAN_POINT('',(-31.7010069276744,-13.3637292952584,-2.01388888888889));
#1970=CARTESIAN_POINT('',(-33.130216951871,-9.32200490186955,-2.04861111111111));
#1971=CARTESIAN_POINT('',(-34.0461407855777,-5.13222112665267,-2.08333333333333));
#1972=CARTESIAN_POINT('',(-34.4341358109337,-0.859318396596469,-2.11805555555555));
#1973=CARTESIAN_POINT('',(-34.2877456111712,3.43041903811822,-2.15277777777778));
#1974=CARTESIAN_POINT('',(-33.6088069226536,7.67039135134453,-2.1875));
#1975=CARTESIAN_POINT('',(-32.4074278850264,11.7947171288639,-2.22222222222222));
#1976=CARTESIAN_POINT('',(-30.7018378221595,15.73925704389,-2.25694444444444));
#1977=CARTESIAN_POINT('',(-28.5181107819063,19.4426113141744,-2.29166666666666));
#1978=CARTESIAN_POINT('',(-25.8897670250833,22.8470754289027,-2.32638888888889));
#1979=CARTESIAN_POINT('',(-22.8572585529628,25.8995392690022,-2.36111111111111));
#1980=CARTESIAN_POINT('',(-19.4673465684513,28.5523156114615,-2.39583333333333));
#1981=CARTESIAN_POINT('',(-15.7723804508497,30.7638850935326,-2.43055555555555));
#1982=CARTESIAN_POINT('',(-11.8294893614159,32.4995459995504,-2.46527777777777));
#1983=CARTESIAN_POINT('',(-7.69969896286352,33.7319587017556,-2.5));
#1984=CARTESIAN_POINT('',(-3.44698690908754,34.4415762142758,-2.53472222222222));
#1985=CARTESIAN_POINT('',(0.862708276566091,34.6169540811559,-2.56944444444444));
#1986=CARTESIAN_POINT('',(5.16250958039938,34.2549346877836,-2.60416666666666));
#1987=CARTESIAN_POINT('',(9.38563928282341,33.3607030312924,-2.63888888888888));
#1988=CARTESIAN_POINT('',(13.4664560440457,31.9477129793835,-2.67361111111111));
#1989=CARTESIAN_POINT('',(17.3414751846182,30.037485057559,-2.70833333333333));
#1990=CARTESIAN_POINT('',(20.950356302389,27.659278800791,-2.74305555555555));
#1991=CARTESIAN_POINT('',(24.2368428617996,24.8496446561534,-2.77777777777777));
#1992=CARTESIAN_POINT('',(27.1496391248848,21.6518622975834,-2.81249999999999));
#1993=CARTESIAN_POINT('',(29.6432107545565,18.1152739835439,-2.84722222222222));
#1994=CARTESIAN_POINT('',(31.6784965950593,14.2945232253566,-2.88194444444444));
#1995=CARTESIAN_POINT('',(33.2235205037884,10.2487105128366,-2.91666666666666));
#1996=CARTESIAN_POINT('',(34.2538936518688,6.04047914148875,-2.95138888888888));
#1997=CARTESIAN_POINT('',(34.7531994041751,1.73504528162052,-2.98611111111111));
#1998=CARTESIAN_POINT('',(34.7132547066395,-2.60081269289684,-3.02083333333333));
#1999=CARTESIAN_POINT('',(34.1342438216498,-6.89978995363309,-3.05555555555555));
#2000=CARTESIAN_POINT('',(33.0247222314229,-11.0950999796571,-3.09027777777777));
#2001=CARTESIAN_POINT('',(31.4014905437887,-15.121512114974,-3.12499999999999));
#2002=CARTESIAN_POINT('',(29.2893402535654,-18.9163658024515,-3.15972222222222));
#2003=CARTESIAN_POINT('',(26.7206752043033,-22.4205457245436,-3.19444444444444));
#2004=CARTESIAN_POINT('',(23.7350145286667,-25.579402675507,-3.22916666666666));
#2005=CARTESIAN_POINT('',(20.3783846910408,-28.3436058203582,-3.26388888888888));
#2006=CARTESIAN_POINT('',(16.7026099843522,-30.6699130498155,-3.2986111111111));
#2007=CARTESIAN_POINT('',(12.7645124176559,-32.5218474017308,-3.33333333333333));
#2008=CARTESIAN_POINT('',(8.62503334702444,-33.8702689686192,-3.36805555555555));
#2009=CARTESIAN_POINT('',(4.34829042756594,-34.6938333254769,-3.40277777777777));
#2010=CARTESIAN_POINT('',(0.000584479802989035,-34.9793292672108,-3.43749999999999));
#2011=CARTESIAN_POINT('',(-4.35062834677243,-34.72189051353,-3.47222222222222));
#2012=CARTESIAN_POINT('',(-8.63778317883323,-33.9250779921448,-3.50694444444444));
#2013=CARTESIAN_POINT('',(-12.7942555546084,-32.6008313183261,-3.54166666666666));
#2014=CARTESIAN_POINT('',(-16.7553967987451,-30.7692901191549,-3.57638888888888));
#2015=CARTESIAN_POINT('',(-20.4595395464621,-28.4584878726368,-3.6111111111111));
#2016=CARTESIAN_POINT('',(-23.8489577774716,-25.7039229138546,-3.64583333333333));
#2017=CARTESIAN_POINT('',(-26.8707664140483,-22.5480131716742,-3.68055555555555));
#2018=CARTESIAN_POINT('',(-29.4777464642016,-19.0394430104595,-3.71527777777777));
#2019=CARTESIAN_POINT('',(-31.629082835941,-15.2324122335896,-3.74999999999999));
#2020=CARTESIAN_POINT('',(-33.2910032945239,-11.1857988330725,-3.78472222222222));
#2021=CARTESIAN_POINT('',(-34.437308560581,-6.96224841836648,-3.81944444444444));
#2022=CARTESIAN_POINT('',(-35.0497852295873,-2.62720440656154,-3.85416666666666));
#2023=CARTESIAN_POINT('',(-35.1184950062698,1.75210601266166,-3.88888888888888));
#2024=CARTESIAN_POINT('',(-34.6419356631632,6.10771442503619,-3.9236111111111));
#2025=CARTESIAN_POINT('',(-33.627071120984,10.3719660850294,-3.95833333333333));
#2026=CARTESIAN_POINT('',(-32.0892300789384,14.4785707821686,-3.99305555555555));
#2027=CARTESIAN_POINT('',(-30.0518746640897,18.36363335751,-4.02777777777777));
#2028=CARTESIAN_POINT('',(-27.5462425885333,21.9666478503405,-4.06249999999999));
#2029=CARTESIAN_POINT('',(-24.6108682709341,25.2314398073379,-4.09722222222221));
#2030=CARTESIAN_POINT('',(-21.2909902608182,28.1070420786345,-4.13194444444444));
#2031=CARTESIAN_POINT('',(-17.637854083829,30.5484904481922,-4.16666666666666));
#2032=CARTESIAN_POINT('',(-13.7079212268117,32.517526673475,-4.20138888888888));
#2033=CARTESIAN_POINT('',(-9.56199656250956,33.9831979616787,-4.2361111111111));
#2034=CARTESIAN_POINT('',(-5.26428736197708,34.922343418823,-4.27083333333333));
#2035=CARTESIAN_POINT('',(-0.881409713510777,35.3199600937023,-4.30555555555555));
#2036=CARTESIAN_POINT('',(3.51864696665849,35.1694418415088,-4.34027777777777));
#2037=CARTESIAN_POINT('',(6.41792481110268,34.7049412195155,-4.36342592592592));
#2038=CARTESIAN_POINT('',(7.8477825699176,34.3833820041794,-4.375));
#2039=ORIENTED_EDGE('',*,*,#2463,.T.);
#2040=ORIENTED_EDGE('',*,*,#2464,.T.);
#2041=ORIENTED_EDGE('',*,*,#2464,.F.);
#2042=ORIENTED_EDGE('',*,*,#2465,.T.);
#2043=ORIENTED_EDGE('',*,*,#2466,.T.);
#2044=ORIENTED_EDGE('',*,*,#2467,.F.);
#2045=ORIENTED_EDGE('',*,*,#2468,.T.);
#2046=ORIENTED_EDGE('',*,*,#2469,.T.);
#2047=ORIENTED_EDGE('',*,*,#2470,.T.);
#2048=ORIENTED_EDGE('',*,*,#2463,.F.);
#2049=ORIENTED_EDGE('',*,*,#2471,.F.);
#2050=ORIENTED_EDGE('',*,*,#2472,.F.);
#2051=ORIENTED_EDGE('',*,*,#2473,.F.);
#2052=ORIENTED_EDGE('',*,*,#2470,.F.);
#2053=ORIENTED_EDGE('',*,*,#2469,.F.);
#2054=ORIENTED_EDGE('',*,*,#2474,.T.);
#2055=ORIENTED_EDGE('',*,*,#2475,.T.);
#2056=ORIENTED_EDGE('',*,*,#2476,.F.);
#2057=ORIENTED_EDGE('',*,*,#2477,.F.);
#2058=ORIENTED_EDGE('',*,*,#2466,.F.);
#2059=ORIENTED_EDGE('',*,*,#2473,.T.);
#2060=ORIENTED_EDGE('',*,*,#2478,.F.);
#2061=ORIENTED_EDGE('',*,*,#2479,.T.);
#2062=ORIENTED_EDGE('',*,*,#2480,.T.);
#2063=ORIENTED_EDGE('',*,*,#2467,.T.);
#2064=ORIENTED_EDGE('',*,*,#2477,.T.);
#2065=ORIENTED_EDGE('',*,*,#2480,.F.);
#2066=ORIENTED_EDGE('',*,*,#2481,.T.);
#2067=ORIENTED_EDGE('',*,*,#2474,.F.);
#2068=ORIENTED_EDGE('',*,*,#2468,.F.);
#2069=ORIENTED_EDGE('',*,*,#2482,.T.);
#2070=ORIENTED_EDGE('',*,*,#2483,.F.);
#2071=ORIENTED_EDGE('',*,*,#2484,.T.);
#2072=ORIENTED_EDGE('',*,*,#2485,.F.);
#2073=ORIENTED_EDGE('',*,*,#2486,.T.);
#2074=ORIENTED_EDGE('',*,*,#2487,.F.);
#2075=ORIENTED_EDGE('',*,*,#2488,.T.);
#2076=ORIENTED_EDGE('',*,*,#2489,.F.);
#2077=ORIENTED_EDGE('',*,*,#2490,.T.);
#2078=ORIENTED_EDGE('',*,*,#2491,.F.);
#2079=ORIENTED_EDGE('',*,*,#2492,.T.);
#2080=ORIENTED_EDGE('',*,*,#2493,.F.);
#2081=ORIENTED_EDGE('',*,*,#2494,.T.);
#2082=ORIENTED_EDGE('',*,*,#2495,.F.);
#2083=ORIENTED_EDGE('',*,*,#2496,.T.);
#2084=ORIENTED_EDGE('',*,*,#2497,.F.);
#2085=ORIENTED_EDGE('',*,*,#2498,.T.);
#2086=ORIENTED_EDGE('',*,*,#2499,.F.);
#2087=ORIENTED_EDGE('',*,*,#2500,.T.);
#2088=ORIENTED_EDGE('',*,*,#2501,.F.);
#2089=ORIENTED_EDGE('',*,*,#2502,.T.);
#2090=ORIENTED_EDGE('',*,*,#2503,.F.);
#2091=ORIENTED_EDGE('',*,*,#2504,.T.);
#2092=ORIENTED_EDGE('',*,*,#2505,.F.);
#2093=ORIENTED_EDGE('',*,*,#2506,.T.);
#2094=ORIENTED_EDGE('',*,*,#2507,.F.);
#2095=ORIENTED_EDGE('',*,*,#2508,.T.);
#2096=ORIENTED_EDGE('',*,*,#2509,.F.);
#2097=ORIENTED_EDGE('',*,*,#2510,.T.);
#2098=ORIENTED_EDGE('',*,*,#2511,.F.);
#2099=ORIENTED_EDGE('',*,*,#2512,.T.);
#2100=ORIENTED_EDGE('',*,*,#2513,.F.);
#2101=ORIENTED_EDGE('',*,*,#2514,.T.);
#2102=ORIENTED_EDGE('',*,*,#2515,.F.);
#2103=ORIENTED_EDGE('',*,*,#2516,.T.);
#2104=ORIENTED_EDGE('',*,*,#2517,.F.);
#2105=ORIENTED_EDGE('',*,*,#2518,.T.);
#2106=ORIENTED_EDGE('',*,*,#2519,.F.);
#2107=ORIENTED_EDGE('',*,*,#2520,.T.);
#2108=ORIENTED_EDGE('',*,*,#2521,.F.);
#2109=ORIENTED_EDGE('',*,*,#2522,.T.);
#2110=ORIENTED_EDGE('',*,*,#2523,.F.);
#2111=ORIENTED_EDGE('',*,*,#2524,.T.);
#2112=ORIENTED_EDGE('',*,*,#2525,.F.);
#2113=ORIENTED_EDGE('',*,*,#2526,.T.);
#2114=ORIENTED_EDGE('',*,*,#2527,.F.);
#2115=ORIENTED_EDGE('',*,*,#2528,.T.);
#2116=ORIENTED_EDGE('',*,*,#2529,.F.);
#2117=ORIENTED_EDGE('',*,*,#2478,.T.);
#2118=ORIENTED_EDGE('',*,*,#2476,.T.);
#2119=ORIENTED_EDGE('',*,*,#2472,.T.);
#2120=ORIENTED_EDGE('',*,*,#2530,.T.);
#2121=ORIENTED_EDGE('',*,*,#2530,.F.);
#2122=ORIENTED_EDGE('',*,*,#2475,.F.);
#2123=ORIENTED_EDGE('',*,*,#2481,.F.);
#2124=ORIENTED_EDGE('',*,*,#2479,.F.);
#2125=ORIENTED_EDGE('',*,*,#2531,.F.);
#2126=ORIENTED_EDGE('',*,*,#2532,.F.);
#2127=ORIENTED_EDGE('',*,*,#2533,.F.);
#2128=ORIENTED_EDGE('',*,*,#2482,.F.);
#2129=ORIENTED_EDGE('',*,*,#2534,.F.);
#2130=ORIENTED_EDGE('',*,*,#2533,.T.);
#2131=ORIENTED_EDGE('',*,*,#2535,.F.);
#2132=ORIENTED_EDGE('',*,*,#2536,.T.);
#2133=ORIENTED_EDGE('',*,*,#2483,.T.);
#2134=ORIENTED_EDGE('',*,*,#2537,.F.);
#2135=ORIENTED_EDGE('',*,*,#2538,.F.);
#2136=ORIENTED_EDGE('',*,*,#2539,.F.);
#2137=ORIENTED_EDGE('',*,*,#2484,.F.);
#2138=ORIENTED_EDGE('',*,*,#2536,.F.);
#2139=ORIENTED_EDGE('',*,*,#2539,.T.);
#2140=ORIENTED_EDGE('',*,*,#2540,.F.);
#2141=ORIENTED_EDGE('',*,*,#2541,.T.);
#2142=ORIENTED_EDGE('',*,*,#2485,.T.);
#2143=ORIENTED_EDGE('',*,*,#2486,.F.);
#2144=ORIENTED_EDGE('',*,*,#2541,.F.);
#2145=ORIENTED_EDGE('',*,*,#2542,.F.);
#2146=ORIENTED_EDGE('',*,*,#2543,.F.);
#2147=ORIENTED_EDGE('',*,*,#2544,.F.);
#2148=ORIENTED_EDGE('',*,*,#2545,.T.);
#2149=ORIENTED_EDGE('',*,*,#2487,.T.);
#2150=ORIENTED_EDGE('',*,*,#2544,.T.);
#2151=ORIENTED_EDGE('',*,*,#2546,.F.);
#2152=ORIENTED_EDGE('',*,*,#2547,.F.);
#2153=ORIENTED_EDGE('',*,*,#2548,.F.);
#2154=ORIENTED_EDGE('',*,*,#2549,.F.);
#2155=ORIENTED_EDGE('',*,*,#2488,.F.);
#2156=ORIENTED_EDGE('',*,*,#2545,.F.);
#2157=ORIENTED_EDGE('',*,*,#2550,.T.);
#2158=ORIENTED_EDGE('',*,*,#2489,.T.);
#2159=ORIENTED_EDGE('',*,*,#2549,.T.);
#2160=ORIENTED_EDGE('',*,*,#2551,.F.);
#2161=ORIENTED_EDGE('',*,*,#2552,.F.);
#2162=ORIENTED_EDGE('',*,*,#2553,.F.);
#2163=ORIENTED_EDGE('',*,*,#2554,.F.);
#2164=ORIENTED_EDGE('',*,*,#2490,.F.);
#2165=ORIENTED_EDGE('',*,*,#2550,.F.);
#2166=ORIENTED_EDGE('',*,*,#2554,.T.);
#2167=ORIENTED_EDGE('',*,*,#2555,.F.);
#2168=ORIENTED_EDGE('',*,*,#2556,.T.);
#2169=ORIENTED_EDGE('',*,*,#2491,.T.);
#2170=ORIENTED_EDGE('',*,*,#2557,.F.);
#2171=ORIENTED_EDGE('',*,*,#2558,.F.);
#2172=ORIENTED_EDGE('',*,*,#2559,.F.);
#2173=ORIENTED_EDGE('',*,*,#2492,.F.);
#2174=ORIENTED_EDGE('',*,*,#2556,.F.);
#2175=ORIENTED_EDGE('',*,*,#2560,.T.);
#2176=ORIENTED_EDGE('',*,*,#2493,.T.);
#2177=ORIENTED_EDGE('',*,*,#2559,.T.);
#2178=ORIENTED_EDGE('',*,*,#2561,.F.);
#2179=ORIENTED_EDGE('',*,*,#2562,.F.);
#2180=ORIENTED_EDGE('',*,*,#2563,.F.);
#2181=ORIENTED_EDGE('',*,*,#2564,.F.);
#2182=ORIENTED_EDGE('',*,*,#2494,.F.);
#2183=ORIENTED_EDGE('',*,*,#2560,.F.);
#2184=ORIENTED_EDGE('',*,*,#2564,.T.);
#2185=ORIENTED_EDGE('',*,*,#2565,.F.);
#2186=ORIENTED_EDGE('',*,*,#2566,.T.);
#2187=ORIENTED_EDGE('',*,*,#2495,.T.);
#2188=ORIENTED_EDGE('',*,*,#2567,.F.);
#2189=ORIENTED_EDGE('',*,*,#2568,.F.);
#2190=ORIENTED_EDGE('',*,*,#2569,.F.);
#2191=ORIENTED_EDGE('',*,*,#2496,.F.);
#2192=ORIENTED_EDGE('',*,*,#2566,.F.);
#2193=ORIENTED_EDGE('',*,*,#2570,.T.);
#2194=ORIENTED_EDGE('',*,*,#2497,.T.);
#2195=ORIENTED_EDGE('',*,*,#2569,.T.);
#2196=ORIENTED_EDGE('',*,*,#2571,.F.);
#2197=ORIENTED_EDGE('',*,*,#2572,.F.);
#2198=ORIENTED_EDGE('',*,*,#2573,.F.);
#2199=ORIENTED_EDGE('',*,*,#2574,.F.);
#2200=ORIENTED_EDGE('',*,*,#2498,.F.);
#2201=ORIENTED_EDGE('',*,*,#2570,.F.);
#2202=ORIENTED_EDGE('',*,*,#2575,.T.);
#2203=ORIENTED_EDGE('',*,*,#2499,.T.);
#2204=ORIENTED_EDGE('',*,*,#2574,.T.);
#2205=ORIENTED_EDGE('',*,*,#2576,.F.);
#2206=ORIENTED_EDGE('',*,*,#2577,.F.);
#2207=ORIENTED_EDGE('',*,*,#2578,.F.);
#2208=ORIENTED_EDGE('',*,*,#2579,.F.);
#2209=ORIENTED_EDGE('',*,*,#2500,.F.);
#2210=ORIENTED_EDGE('',*,*,#2575,.F.);
#2211=ORIENTED_EDGE('',*,*,#2580,.T.);
#2212=ORIENTED_EDGE('',*,*,#2501,.T.);
#2213=ORIENTED_EDGE('',*,*,#2579,.T.);
#2214=ORIENTED_EDGE('',*,*,#2581,.F.);
#2215=ORIENTED_EDGE('',*,*,#2582,.F.);
#2216=ORIENTED_EDGE('',*,*,#2583,.F.);
#2217=ORIENTED_EDGE('',*,*,#2584,.F.);
#2218=ORIENTED_EDGE('',*,*,#2502,.F.);
#2219=ORIENTED_EDGE('',*,*,#2580,.F.);
#2220=ORIENTED_EDGE('',*,*,#2584,.T.);
#2221=ORIENTED_EDGE('',*,*,#2585,.F.);
#2222=ORIENTED_EDGE('',*,*,#2586,.T.);
#2223=ORIENTED_EDGE('',*,*,#2503,.T.);
#2224=ORIENTED_EDGE('',*,*,#2587,.F.);
#2225=ORIENTED_EDGE('',*,*,#2588,.F.);
#2226=ORIENTED_EDGE('',*,*,#2589,.F.);
#2227=ORIENTED_EDGE('',*,*,#2504,.F.);
#2228=ORIENTED_EDGE('',*,*,#2586,.F.);
#2229=ORIENTED_EDGE('',*,*,#2590,.T.);
#2230=ORIENTED_EDGE('',*,*,#2505,.T.);
#2231=ORIENTED_EDGE('',*,*,#2589,.T.);
#2232=ORIENTED_EDGE('',*,*,#2591,.F.);
#2233=ORIENTED_EDGE('',*,*,#2592,.F.);
#2234=ORIENTED_EDGE('',*,*,#2593,.F.);
#2235=ORIENTED_EDGE('',*,*,#2594,.F.);
#2236=ORIENTED_EDGE('',*,*,#2506,.F.);
#2237=ORIENTED_EDGE('',*,*,#2590,.F.);
#2238=ORIENTED_EDGE('',*,*,#2594,.T.);
#2239=ORIENTED_EDGE('',*,*,#2595,.F.);
#2240=ORIENTED_EDGE('',*,*,#2596,.T.);
#2241=ORIENTED_EDGE('',*,*,#2507,.T.);
#2242=ORIENTED_EDGE('',*,*,#2597,.F.);
#2243=ORIENTED_EDGE('',*,*,#2598,.F.);
#2244=ORIENTED_EDGE('',*,*,#2599,.F.);
#2245=ORIENTED_EDGE('',*,*,#2508,.F.);
#2246=ORIENTED_EDGE('',*,*,#2596,.F.);
#2247=ORIENTED_EDGE('',*,*,#2600,.T.);
#2248=ORIENTED_EDGE('',*,*,#2509,.T.);
#2249=ORIENTED_EDGE('',*,*,#2599,.T.);
#2250=ORIENTED_EDGE('',*,*,#2601,.F.);
#2251=ORIENTED_EDGE('',*,*,#2602,.F.);
#2252=ORIENTED_EDGE('',*,*,#2603,.F.);
#2253=ORIENTED_EDGE('',*,*,#2604,.F.);
#2254=ORIENTED_EDGE('',*,*,#2510,.F.);
#2255=ORIENTED_EDGE('',*,*,#2600,.F.);
#2256=ORIENTED_EDGE('',*,*,#2605,.T.);
#2257=ORIENTED_EDGE('',*,*,#2511,.T.);
#2258=ORIENTED_EDGE('',*,*,#2604,.T.);
#2259=ORIENTED_EDGE('',*,*,#2606,.F.);
#2260=ORIENTED_EDGE('',*,*,#2607,.F.);
#2261=ORIENTED_EDGE('',*,*,#2608,.F.);
#2262=ORIENTED_EDGE('',*,*,#2609,.F.);
#2263=ORIENTED_EDGE('',*,*,#2512,.F.);
#2264=ORIENTED_EDGE('',*,*,#2605,.F.);
#2265=ORIENTED_EDGE('',*,*,#2610,.T.);
#2266=ORIENTED_EDGE('',*,*,#2513,.T.);
#2267=ORIENTED_EDGE('',*,*,#2609,.T.);
#2268=ORIENTED_EDGE('',*,*,#2611,.F.);
#2269=ORIENTED_EDGE('',*,*,#2612,.F.);
#2270=ORIENTED_EDGE('',*,*,#2613,.F.);
#2271=ORIENTED_EDGE('',*,*,#2614,.F.);
#2272=ORIENTED_EDGE('',*,*,#2514,.F.);
#2273=ORIENTED_EDGE('',*,*,#2610,.F.);
#2274=ORIENTED_EDGE('',*,*,#2615,.T.);
#2275=ORIENTED_EDGE('',*,*,#2515,.T.);
#2276=ORIENTED_EDGE('',*,*,#2614,.T.);
#2277=ORIENTED_EDGE('',*,*,#2616,.F.);
#2278=ORIENTED_EDGE('',*,*,#2617,.F.);
#2279=ORIENTED_EDGE('',*,*,#2618,.F.);
#2280=ORIENTED_EDGE('',*,*,#2619,.F.);
#2281=ORIENTED_EDGE('',*,*,#2516,.F.);
#2282=ORIENTED_EDGE('',*,*,#2615,.F.);
#2283=ORIENTED_EDGE('',*,*,#2620,.T.);
#2284=ORIENTED_EDGE('',*,*,#2517,.T.);
#2285=ORIENTED_EDGE('',*,*,#2619,.T.);
#2286=ORIENTED_EDGE('',*,*,#2621,.F.);
#2287=ORIENTED_EDGE('',*,*,#2622,.F.);
#2288=ORIENTED_EDGE('',*,*,#2623,.F.);
#2289=ORIENTED_EDGE('',*,*,#2624,.F.);
#2290=ORIENTED_EDGE('',*,*,#2518,.F.);
#2291=ORIENTED_EDGE('',*,*,#2620,.F.);
#2292=ORIENTED_EDGE('',*,*,#2624,.T.);
#2293=ORIENTED_EDGE('',*,*,#2625,.F.);
#2294=ORIENTED_EDGE('',*,*,#2626,.T.);
#2295=ORIENTED_EDGE('',*,*,#2519,.T.);
#2296=ORIENTED_EDGE('',*,*,#2627,.F.);
#2297=ORIENTED_EDGE('',*,*,#2628,.F.);
#2298=ORIENTED_EDGE('',*,*,#2629,.F.);
#2299=ORIENTED_EDGE('',*,*,#2520,.F.);
#2300=ORIENTED_EDGE('',*,*,#2626,.F.);
#2301=ORIENTED_EDGE('',*,*,#2630,.T.);
#2302=ORIENTED_EDGE('',*,*,#2521,.T.);
#2303=ORIENTED_EDGE('',*,*,#2629,.T.);
#2304=ORIENTED_EDGE('',*,*,#2631,.F.);
#2305=ORIENTED_EDGE('',*,*,#2632,.F.);
#2306=ORIENTED_EDGE('',*,*,#2633,.F.);
#2307=ORIENTED_EDGE('',*,*,#2634,.F.);
#2308=ORIENTED_EDGE('',*,*,#2522,.F.);
#2309=ORIENTED_EDGE('',*,*,#2630,.F.);
#2310=ORIENTED_EDGE('',*,*,#2635,.T.);
#2311=ORIENTED_EDGE('',*,*,#2523,.T.);
#2312=ORIENTED_EDGE('',*,*,#2634,.T.);
#2313=ORIENTED_EDGE('',*,*,#2636,.F.);
#2314=ORIENTED_EDGE('',*,*,#2637,.F.);
#2315=ORIENTED_EDGE('',*,*,#2638,.F.);
#2316=ORIENTED_EDGE('',*,*,#2639,.F.);
#2317=ORIENTED_EDGE('',*,*,#2524,.F.);
#2318=ORIENTED_EDGE('',*,*,#2635,.F.);
#2319=ORIENTED_EDGE('',*,*,#2640,.T.);
#2320=ORIENTED_EDGE('',*,*,#2525,.T.);
#2321=ORIENTED_EDGE('',*,*,#2639,.T.);
#2322=ORIENTED_EDGE('',*,*,#2641,.F.);
#2323=ORIENTED_EDGE('',*,*,#2642,.F.);
#2324=ORIENTED_EDGE('',*,*,#2643,.F.);
#2325=ORIENTED_EDGE('',*,*,#2644,.F.);
#2326=ORIENTED_EDGE('',*,*,#2526,.F.);
#2327=ORIENTED_EDGE('',*,*,#2640,.F.);
#2328=ORIENTED_EDGE('',*,*,#2644,.T.);
#2329=ORIENTED_EDGE('',*,*,#2645,.F.);
#2330=ORIENTED_EDGE('',*,*,#2646,.T.);
#2331=ORIENTED_EDGE('',*,*,#2527,.T.);
#2332=ORIENTED_EDGE('',*,*,#2647,.F.);
#2333=ORIENTED_EDGE('',*,*,#2648,.F.);
#2334=ORIENTED_EDGE('',*,*,#2649,.F.);
#2335=ORIENTED_EDGE('',*,*,#2528,.F.);
#2336=ORIENTED_EDGE('',*,*,#2646,.F.);
#2337=ORIENTED_EDGE('',*,*,#2534,.T.);
#2338=ORIENTED_EDGE('',*,*,#2529,.T.);
#2339=ORIENTED_EDGE('',*,*,#2649,.T.);
#2340=ORIENTED_EDGE('',*,*,#2650,.F.);
#2341=ORIENTED_EDGE('',*,*,#2531,.T.);
#2342=ORIENTED_EDGE('',*,*,#2650,.T.);
#2343=ORIENTED_EDGE('',*,*,#2648,.T.);
#2344=ORIENTED_EDGE('',*,*,#2651,.F.);
#2345=ORIENTED_EDGE('',*,*,#2532,.T.);
#2346=ORIENTED_EDGE('',*,*,#2652,.F.);
#2347=ORIENTED_EDGE('',*,*,#2537,.T.);
#2348=ORIENTED_EDGE('',*,*,#2535,.T.);
#2349=ORIENTED_EDGE('',*,*,#2538,.T.);
#2350=ORIENTED_EDGE('',*,*,#2653,.F.);
#2351=ORIENTED_EDGE('',*,*,#2542,.T.);
#2352=ORIENTED_EDGE('',*,*,#2540,.T.);
#2353=ORIENTED_EDGE('',*,*,#2547,.T.);
#2354=ORIENTED_EDGE('',*,*,#2546,.T.);
#2355=ORIENTED_EDGE('',*,*,#2543,.T.);
#2356=ORIENTED_EDGE('',*,*,#2654,.F.);
#2357=ORIENTED_EDGE('',*,*,#2552,.T.);
#2358=ORIENTED_EDGE('',*,*,#2551,.T.);
#2359=ORIENTED_EDGE('',*,*,#2548,.T.);
#2360=ORIENTED_EDGE('',*,*,#2655,.F.);
#2361=ORIENTED_EDGE('',*,*,#2553,.T.);
#2362=ORIENTED_EDGE('',*,*,#2656,.F.);
#2363=ORIENTED_EDGE('',*,*,#2557,.T.);
#2364=ORIENTED_EDGE('',*,*,#2555,.T.);
#2365=ORIENTED_EDGE('',*,*,#2562,.T.);
#2366=ORIENTED_EDGE('',*,*,#2561,.T.);
#2367=ORIENTED_EDGE('',*,*,#2558,.T.);
#2368=ORIENTED_EDGE('',*,*,#2657,.F.);
#2369=ORIENTED_EDGE('',*,*,#2563,.T.);
#2370=ORIENTED_EDGE('',*,*,#2658,.F.);
#2371=ORIENTED_EDGE('',*,*,#2567,.T.);
#2372=ORIENTED_EDGE('',*,*,#2565,.T.);
#2373=ORIENTED_EDGE('',*,*,#2572,.T.);
#2374=ORIENTED_EDGE('',*,*,#2571,.T.);
#2375=ORIENTED_EDGE('',*,*,#2568,.T.);
#2376=ORIENTED_EDGE('',*,*,#2659,.F.);
#2377=ORIENTED_EDGE('',*,*,#2577,.T.);
#2378=ORIENTED_EDGE('',*,*,#2576,.T.);
#2379=ORIENTED_EDGE('',*,*,#2573,.T.);
#2380=ORIENTED_EDGE('',*,*,#2660,.F.);
#2381=ORIENTED_EDGE('',*,*,#2582,.T.);
#2382=ORIENTED_EDGE('',*,*,#2581,.T.);
#2383=ORIENTED_EDGE('',*,*,#2578,.T.);
#2384=ORIENTED_EDGE('',*,*,#2661,.F.);
#2385=ORIENTED_EDGE('',*,*,#2583,.T.);
#2386=ORIENTED_EDGE('',*,*,#2662,.F.);
#2387=ORIENTED_EDGE('',*,*,#2587,.T.);
#2388=ORIENTED_EDGE('',*,*,#2585,.T.);
#2389=ORIENTED_EDGE('',*,*,#2592,.T.);
#2390=ORIENTED_EDGE('',*,*,#2591,.T.);
#2391=ORIENTED_EDGE('',*,*,#2588,.T.);
#2392=ORIENTED_EDGE('',*,*,#2663,.F.);
#2393=ORIENTED_EDGE('',*,*,#2593,.T.);
#2394=ORIENTED_EDGE('',*,*,#2664,.F.);
#2395=ORIENTED_EDGE('',*,*,#2597,.T.);
#2396=ORIENTED_EDGE('',*,*,#2595,.T.);
#2397=ORIENTED_EDGE('',*,*,#2602,.T.);
#2398=ORIENTED_EDGE('',*,*,#2601,.T.);
#2399=ORIENTED_EDGE('',*,*,#2598,.T.);
#2400=ORIENTED_EDGE('',*,*,#2665,.F.);
#2401=ORIENTED_EDGE('',*,*,#2607,.T.);
#2402=ORIENTED_EDGE('',*,*,#2606,.T.);
#2403=ORIENTED_EDGE('',*,*,#2603,.T.);
#2404=ORIENTED_EDGE('',*,*,#2666,.F.);
#2405=ORIENTED_EDGE('',*,*,#2612,.T.);
#2406=ORIENTED_EDGE('',*,*,#2611,.T.);
#2407=ORIENTED_EDGE('',*,*,#2608,.T.);
#2408=ORIENTED_EDGE('',*,*,#2667,.F.);
#2409=ORIENTED_EDGE('',*,*,#2617,.T.);
#2410=ORIENTED_EDGE('',*,*,#2616,.T.);
#2411=ORIENTED_EDGE('',*,*,#2613,.T.);
#2412=ORIENTED_EDGE('',*,*,#2668,.F.);
#2413=ORIENTED_EDGE('',*,*,#2622,.T.);
#2414=ORIENTED_EDGE('',*,*,#2621,.T.);
#2415=ORIENTED_EDGE('',*,*,#2618,.T.);
#2416=ORIENTED_EDGE('',*,*,#2669,.F.);
#2417=ORIENTED_EDGE('',*,*,#2623,.T.);
#2418=ORIENTED_EDGE('',*,*,#2670,.F.);
#2419=ORIENTED_EDGE('',*,*,#2627,.T.);
#2420=ORIENTED_EDGE('',*,*,#2625,.T.);
#2421=ORIENTED_EDGE('',*,*,#2632,.T.);
#2422=ORIENTED_EDGE('',*,*,#2631,.T.);
#2423=ORIENTED_EDGE('',*,*,#2628,.T.);
#2424=ORIENTED_EDGE('',*,*,#2671,.F.);
#2425=ORIENTED_EDGE('',*,*,#2637,.T.);
#2426=ORIENTED_EDGE('',*,*,#2636,.T.);
#2427=ORIENTED_EDGE('',*,*,#2633,.T.);
#2428=ORIENTED_EDGE('',*,*,#2672,.F.);
#2429=ORIENTED_EDGE('',*,*,#2642,.T.);
#2430=ORIENTED_EDGE('',*,*,#2641,.T.);
#2431=ORIENTED_EDGE('',*,*,#2638,.T.);
#2432=ORIENTED_EDGE('',*,*,#2673,.F.);
#2433=ORIENTED_EDGE('',*,*,#2643,.T.);
#2434=ORIENTED_EDGE('',*,*,#2674,.F.);
#2435=ORIENTED_EDGE('',*,*,#2647,.T.);
#2436=ORIENTED_EDGE('',*,*,#2645,.T.);
#2437=ORIENTED_EDGE('',*,*,#2653,.T.);
#2438=ORIENTED_EDGE('',*,*,#2652,.T.);
#2439=ORIENTED_EDGE('',*,*,#2651,.T.);
#2440=ORIENTED_EDGE('',*,*,#2674,.T.);
#2441=ORIENTED_EDGE('',*,*,#2673,.T.);
#2442=ORIENTED_EDGE('',*,*,#2672,.T.);
#2443=ORIENTED_EDGE('',*,*,#2671,.T.);
#2444=ORIENTED_EDGE('',*,*,#2670,.T.);
#2445=ORIENTED_EDGE('',*,*,#2669,.T.);
#2446=ORIENTED_EDGE('',*,*,#2668,.T.);
#2447=ORIENTED_EDGE('',*,*,#2667,.T.);
#2448=ORIENTED_EDGE('',*,*,#2666,.T.);
#2449=ORIENTED_EDGE('',*,*,#2665,.T.);
#2450=ORIENTED_EDGE('',*,*,#2664,.T.);
#2451=ORIENTED_EDGE('',*,*,#2663,.T.);
#2452=ORIENTED_EDGE('',*,*,#2662,.T.);
#2453=ORIENTED_EDGE('',*,*,#2661,.T.);
#2454=ORIENTED_EDGE('',*,*,#2660,.T.);
#2455=ORIENTED_EDGE('',*,*,#2659,.T.);
#2456=ORIENTED_EDGE('',*,*,#2658,.T.);
#2457=ORIENTED_EDGE('',*,*,#2657,.T.);
#2458=ORIENTED_EDGE('',*,*,#2656,.T.);
#2459=ORIENTED_EDGE('',*,*,#2655,.T.);
#2460=ORIENTED_EDGE('',*,*,#2654,.T.);
#2461=ORIENTED_EDGE('',*,*,#2471,.T.);
#2462=ORIENTED_EDGE('',*,*,#2465,.F.);
#2463=EDGE_CURVE('',#2675,#2675,#2676,.F.);
#2464=EDGE_CURVE('',#2677,#2677,#2678,.F.);
#2465=EDGE_CURVE('',#2679,#2679,#2680,.F.);
#2466=EDGE_CURVE('',#2681,#2682,#2683,.T.);
#2467=EDGE_CURVE('',#2684,#2682,#2685,.T.);
#2468=EDGE_CURVE('',#2684,#2686,#2687,.T.);
#2469=EDGE_CURVE('',#2686,#2688,#2689,.T.);
#2470=EDGE_CURVE('',#2688,#2681,#2690,.T.);
#2471=EDGE_CURVE('',#2691,#2691,#2692,.F.);
#2472=EDGE_CURVE('',#2693,#2694,#2695,.F.);
#2473=EDGE_CURVE('',#2681,#2693,#2696,.T.);
#2474=EDGE_CURVE('',#2686,#2697,#2698,.T.);
#2475=EDGE_CURVE('',#2697,#2694,#2699,.T.);
#2476=EDGE_CURVE('',#2700,#2693,#2701,.F.);
#2477=EDGE_CURVE('',#2682,#2700,#2702,.F.);
#2478=EDGE_CURVE('',#2703,#2700,#2704,.F.);
#2479=EDGE_CURVE('',#2703,#2705,#2706,.T.);
#2480=EDGE_CURVE('',#2705,#2684,#2707,.T.);
#2481=EDGE_CURVE('',#2705,#2697,#2708,.T.);
#2482=EDGE_CURVE('',#2709,#2710,#2711,.T.);
#2483=EDGE_CURVE('',#2712,#2710,#2713,.T.);
#2484=EDGE_CURVE('',#2712,#2714,#2715,.T.);
#2485=EDGE_CURVE('',#2716,#2714,#2717,.T.);
#2486=EDGE_CURVE('',#2716,#2718,#2719,.T.);
#2487=EDGE_CURVE('',#2720,#2718,#2721,.T.);
#2488=EDGE_CURVE('',#2720,#2722,#2723,.T.);
#2489=EDGE_CURVE('',#2724,#2722,#2725,.T.);
#2490=EDGE_CURVE('',#2724,#2726,#2727,.T.);
#2491=EDGE_CURVE('',#2728,#2726,#2729,.T.);
#2492=EDGE_CURVE('',#2728,#2730,#2731,.T.);
#2493=EDGE_CURVE('',#2732,#2730,#2733,.T.);
#2494=EDGE_CURVE('',#2732,#2734,#2735,.T.);
#2495=EDGE_CURVE('',#2736,#2734,#2737,.T.);
#2496=EDGE_CURVE('',#2736,#2738,#2739,.T.);
#2497=EDGE_CURVE('',#2740,#2738,#2741,.T.);
#2498=EDGE_CURVE('',#2740,#2742,#2743,.T.);
#2499=EDGE_CURVE('',#2744,#2742,#2745,.T.);
#2500=EDGE_CURVE('',#2744,#2746,#2747,.T.);
#2501=EDGE_CURVE('',#2748,#2746,#2749,.T.);
#2502=EDGE_CURVE('',#2748,#2750,#2751,.T.);
#2503=EDGE_CURVE('',#2752,#2750,#2753,.T.);
#2504=EDGE_CURVE('',#2752,#2754,#2755,.T.);
#2505=EDGE_CURVE('',#2756,#2754,#2757,.T.);
#2506=EDGE_CURVE('',#2756,#2758,#2759,.T.);
#2507=EDGE_CURVE('',#2760,#2758,#2761,.T.);
#2508=EDGE_CURVE('',#2760,#2762,#2763,.T.);
#2509=EDGE_CURVE('',#2764,#2762,#2765,.T.);
#2510=EDGE_CURVE('',#2764,#2766,#2767,.T.);
#2511=EDGE_CURVE('',#2768,#2766,#2769,.T.);
#2512=EDGE_CURVE('',#2768,#2770,#2771,.T.);
#2513=EDGE_CURVE('',#2772,#2770,#2773,.T.);
#2514=EDGE_CURVE('',#2772,#2774,#2775,.T.);
#2515=EDGE_CURVE('',#2776,#2774,#2777,.T.);
#2516=EDGE_CURVE('',#2776,#2778,#2779,.T.);
#2517=EDGE_CURVE('',#2780,#2778,#2781,.T.);
#2518=EDGE_CURVE('',#2780,#2782,#2783,.T.);
#2519=EDGE_CURVE('',#2784,#2782,#2785,.T.);
#2520=EDGE_CURVE('',#2784,#2786,#2787,.T.);
#2521=EDGE_CURVE('',#2788,#2786,#2789,.T.);
#2522=EDGE_CURVE('',#2788,#2790,#2791,.T.);
#2523=EDGE_CURVE('',#2792,#2790,#2793,.T.);
#2524=EDGE_CURVE('',#2792,#2794,#2795,.T.);
#2525=EDGE_CURVE('',#2796,#2794,#2797,.T.);
#2526=EDGE_CURVE('',#2796,#2798,#2799,.T.);
#2527=EDGE_CURVE('',#2800,#2798,#2801,.T.);
#2528=EDGE_CURVE('',#2800,#2802,#2803,.T.);
#2529=EDGE_CURVE('',#2709,#2802,#2804,.T.);
#2530=EDGE_CURVE('',#2694,#2703,#2805,.T.);
#2531=EDGE_CURVE('',#2806,#2807,#2808,.F.);
#2532=EDGE_CURVE('',#2809,#2806,#2810,.F.);
#2533=EDGE_CURVE('',#2710,#2809,#2811,.T.);
#2534=EDGE_CURVE('',#2807,#2709,#2812,.F.);
#2535=EDGE_CURVE('',#2813,#2809,#2814,.T.);
#2536=EDGE_CURVE('',#2813,#2712,#2815,.F.);
#2537=EDGE_CURVE('',#2816,#2813,#2817,.F.);
#2538=EDGE_CURVE('',#2818,#2816,#2819,.F.);
#2539=EDGE_CURVE('',#2714,#2818,#2820,.T.);
#2540=EDGE_CURVE('',#2821,#2818,#2822,.T.);
#2541=EDGE_CURVE('',#2821,#2716,#2823,.F.);
#2542=EDGE_CURVE('',#2824,#2821,#2825,.F.);
#2543=EDGE_CURVE('',#2826,#2824,#2827,.F.);
#2544=EDGE_CURVE('',#2718,#2826,#2828,.T.);
#2545=EDGE_CURVE('',#2829,#2720,#2830,.F.);
#2546=EDGE_CURVE('',#2829,#2826,#2831,.T.);
#2547=EDGE_CURVE('',#2832,#2829,#2833,.F.);
#2548=EDGE_CURVE('',#2834,#2832,#2835,.F.);
#2549=EDGE_CURVE('',#2722,#2834,#2836,.T.);
#2550=EDGE_CURVE('',#2837,#2724,#2838,.F.);
#2551=EDGE_CURVE('',#2837,#2834,#2839,.T.);
#2552=EDGE_CURVE('',#2840,#2837,#2841,.F.);
#2553=EDGE_CURVE('',#2842,#2840,#2843,.F.);
#2554=EDGE_CURVE('',#2726,#2842,#2844,.T.);
#2555=EDGE_CURVE('',#2845,#2842,#2846,.T.);
#2556=EDGE_CURVE('',#2845,#2728,#2847,.F.);
#2557=EDGE_CURVE('',#2848,#2845,#2849,.F.);
#2558=EDGE_CURVE('',#2850,#2848,#2851,.F.);
#2559=EDGE_CURVE('',#2730,#2850,#2852,.T.);
#2560=EDGE_CURVE('',#2853,#2732,#2854,.F.);
#2561=EDGE_CURVE('',#2853,#2850,#2855,.T.);
#2562=EDGE_CURVE('',#2856,#2853,#2857,.F.);
#2563=EDGE_CURVE('',#2858,#2856,#2859,.F.);
#2564=EDGE_CURVE('',#2734,#2858,#2860,.T.);
#2565=EDGE_CURVE('',#2861,#2858,#2862,.T.);
#2566=EDGE_CURVE('',#2861,#2736,#2863,.F.);
#2567=EDGE_CURVE('',#2864,#2861,#2865,.F.);
#2568=EDGE_CURVE('',#2866,#2864,#2867,.F.);
#2569=EDGE_CURVE('',#2738,#2866,#2868,.T.);
#2570=EDGE_CURVE('',#2869,#2740,#2870,.F.);
#2571=EDGE_CURVE('',#2869,#2866,#2871,.T.);
#2572=EDGE_CURVE('',#2872,#2869,#2873,.F.);
#2573=EDGE_CURVE('',#2874,#2872,#2875,.F.);
#2574=EDGE_CURVE('',#2742,#2874,#2876,.T.);
#2575=EDGE_CURVE('',#2877,#2744,#2878,.F.);
#2576=EDGE_CURVE('',#2877,#2874,#2879,.T.);
#2577=EDGE_CURVE('',#2880,#2877,#2881,.F.);
#2578=EDGE_CURVE('',#2882,#2880,#2883,.F.);
#2579=EDGE_CURVE('',#2746,#2882,#2884,.T.);
#2580=EDGE_CURVE('',#2885,#2748,#2886,.F.);
#2581=EDGE_CURVE('',#2885,#2882,#2887,.T.);
#2582=EDGE_CURVE('',#2888,#2885,#2889,.F.);
#2583=EDGE_CURVE('',#2890,#2888,#2891,.F.);
#2584=EDGE_CURVE('',#2750,#2890,#2892,.T.);
#2585=EDGE_CURVE('',#2893,#2890,#2894,.T.);
#2586=EDGE_CURVE('',#2893,#2752,#2895,.F.);
#2587=EDGE_CURVE('',#2896,#2893,#2897,.F.);
#2588=EDGE_CURVE('',#2898,#2896,#2899,.F.);
#2589=EDGE_CURVE('',#2754,#2898,#2900,.T.);
#2590=EDGE_CURVE('',#2901,#2756,#2902,.F.);
#2591=EDGE_CURVE('',#2901,#2898,#2903,.T.);
#2592=EDGE_CURVE('',#2904,#2901,#2905,.F.);
#2593=EDGE_CURVE('',#2906,#2904,#2907,.F.);
#2594=EDGE_CURVE('',#2758,#2906,#2908,.T.);
#2595=EDGE_CURVE('',#2909,#2906,#2910,.T.);
#2596=EDGE_CURVE('',#2909,#2760,#2911,.F.);
#2597=EDGE_CURVE('',#2912,#2909,#2913,.F.);
#2598=EDGE_CURVE('',#2914,#2912,#2915,.F.);
#2599=EDGE_CURVE('',#2762,#2914,#2916,.T.);
#2600=EDGE_CURVE('',#2917,#2764,#2918,.F.);
#2601=EDGE_CURVE('',#2917,#2914,#2919,.T.);
#2602=EDGE_CURVE('',#2920,#2917,#2921,.F.);
#2603=EDGE_CURVE('',#2922,#2920,#2923,.F.);
#2604=EDGE_CURVE('',#2766,#2922,#2924,.T.);
#2605=EDGE_CURVE('',#2925,#2768,#2926,.F.);
#2606=EDGE_CURVE('',#2925,#2922,#2927,.T.);
#2607=EDGE_CURVE('',#2928,#2925,#2929,.F.);
#2608=EDGE_CURVE('',#2930,#2928,#2931,.F.);
#2609=EDGE_CURVE('',#2770,#2930,#2932,.T.);
#2610=EDGE_CURVE('',#2933,#2772,#2934,.F.);
#2611=EDGE_CURVE('',#2933,#2930,#2935,.T.);
#2612=EDGE_CURVE('',#2936,#2933,#2937,.F.);
#2613=EDGE_CURVE('',#2938,#2936,#2939,.F.);
#2614=EDGE_CURVE('',#2774,#2938,#2940,.T.);
#2615=EDGE_CURVE('',#2941,#2776,#2942,.F.);
#2616=EDGE_CURVE('',#2941,#2938,#2943,.T.);
#2617=EDGE_CURVE('',#2944,#2941,#2945,.F.);
#2618=EDGE_CURVE('',#2946,#2944,#2947,.F.);
#2619=EDGE_CURVE('',#2778,#2946,#2948,.T.);
#2620=EDGE_CURVE('',#2949,#2780,#2950,.F.);
#2621=EDGE_CURVE('',#2949,#2946,#2951,.T.);
#2622=EDGE_CURVE('',#2952,#2949,#2953,.F.);
#2623=EDGE_CURVE('',#2954,#2952,#2955,.F.);
#2624=EDGE_CURVE('',#2782,#2954,#2956,.T.);
#2625=EDGE_CURVE('',#2957,#2954,#2958,.T.);
#2626=EDGE_CURVE('',#2957,#2784,#2959,.F.);
#2627=EDGE_CURVE('',#2960,#2957,#2961,.F.);
#2628=EDGE_CURVE('',#2962,#2960,#2963,.F.);
#2629=EDGE_CURVE('',#2786,#2962,#2964,.T.);
#2630=EDGE_CURVE('',#2965,#2788,#2966,.F.);
#2631=EDGE_CURVE('',#2965,#2962,#2967,.T.);
#2632=EDGE_CURVE('',#2968,#2965,#2969,.F.);
#2633=EDGE_CURVE('',#2970,#2968,#2971,.F.);
#2634=EDGE_CURVE('',#2790,#2970,#2972,.T.);
#2635=EDGE_CURVE('',#2973,#2792,#2974,.F.);
#2636=EDGE_CURVE('',#2973,#2970,#2975,.T.);
#2637=EDGE_CURVE('',#2976,#2973,#2977,.F.);
#2638=EDGE_CURVE('',#2978,#2976,#2979,.F.);
#2639=EDGE_CURVE('',#2794,#2978,#2980,.T.);
#2640=EDGE_CURVE('',#2981,#2796,#2982,.F.);
#2641=EDGE_CURVE('',#2981,#2978,#2983,.T.);
#2642=EDGE_CURVE('',#2984,#2981,#2985,.F.);
#2643=EDGE_CURVE('',#2986,#2984,#2987,.F.);
#2644=EDGE_CURVE('',#2798,#2986,#2988,.T.);
#2645=EDGE_CURVE('',#2989,#2986,#2990,.T.);
#2646=EDGE_CURVE('',#2989,#2800,#2991,.F.);
#2647=EDGE_CURVE('',#2992,#2989,#2993,.F.);
#2648=EDGE_CURVE('',#2994,#2992,#2995,.F.);
#2649=EDGE_CURVE('',#2802,#2994,#2996,.T.);
#2650=EDGE_CURVE('',#2807,#2994,#2997,.T.);
#2651=EDGE_CURVE('',#2806,#2992,#2998,.T.);
#2652=EDGE_CURVE('',#2816,#2806,#2999,.T.);
#2653=EDGE_CURVE('',#2824,#2816,#3000,.T.);
#2654=EDGE_CURVE('',#2832,#2824,#3001,.T.);
#2655=EDGE_CURVE('',#2840,#2832,#3002,.T.);
#2656=EDGE_CURVE('',#2848,#2840,#3003,.T.);
#2657=EDGE_CURVE('',#2856,#2848,#3004,.T.);
#2658=EDGE_CURVE('',#2864,#2856,#3005,.T.);
#2659=EDGE_CURVE('',#2872,#2864,#3006,.T.);
#2660=EDGE_CURVE('',#2880,#2872,#3007,.T.);
#2661=EDGE_CURVE('',#2888,#2880,#3008,.T.);
#2662=EDGE_CURVE('',#2896,#2888,#3009,.T.);
#2663=EDGE_CURVE('',#2904,#2896,#3010,.T.);
#2664=EDGE_CURVE('',#2912,#2904,#3011,.T.);
#2665=EDGE_CURVE('',#2920,#2912,#3012,.T.);
#2666=EDGE_CURVE('',#2928,#2920,#3013,.T.);
#2667=EDGE_CURVE('',#2936,#2928,#3014,.T.);
#2668=EDGE_CURVE('',#2944,#2936,#3015,.T.);
#2669=EDGE_CURVE('',#2952,#2944,#3016,.T.);
#2670=EDGE_CURVE('',#2960,#2952,#3017,.T.);
#2671=EDGE_CURVE('',#2968,#2960,#3018,.T.);
#2672=EDGE_CURVE('',#2976,#2968,#3019,.T.);
#2673=EDGE_CURVE('',#2984,#2976,#3020,.T.);
#2674=EDGE_CURVE('',#2992,#2984,#3021,.T.);
#2675=VERTEX_POINT('',#3022);
#2676=CIRCLE('',#3023,31.9);
#2677=VERTEX_POINT('',#3027);
#2678=CIRCLE('',#3028,29.9);
#2679=VERTEX_POINT('',#3032);
#2680=CIRCLE('',#3033,29.9);
#2681=VERTEX_POINT('',#3037);
#2682=VERTEX_POINT('',#3038);
#2683=B_SPLINE_CURVE_WITH_KNOTS('',3,
(#3039,#3040,#3041,#3042,#3043,#3044,#3045,#3046,#3047,#3048,#3049,#3050,#3051,#3052,
#3053,#3054),
.UNSPECIFIED.,.F.,.F.,
(4,1,1,1,1,1,1,1,1,1,1,1,1,4),
(0.,0.076923076923077,0.153846153846154,0.230769230769231,0.307692307692308,0.384615384615385,
0.461538461538462,0.538461538461539,0.615384615384616,0.692307692307693,0.76923076923077,
0.846153846153847,0.923076923076924,1.),
.UNSPECIFIED.);
#2684=VERTEX_POINT('',#3055);
#2685=CIRCLE('',#3056,33.5);
#2686=VERTEX_POINT('',#3060);
#2687=B_SPLINE_CURVE_WITH_KNOTS('',3,
(#3061,#3062,#3063,#3064,#3065,#3066,#3067,#3068,#3069,#3070,#3071,#3072,#3073,#3074,
#3075,#3076,#3077,#3078,#3079,#3080,#3081,#3082,#3083,#3084,#3085,#3086,#3087,#3088,
#3089,#3090,#3091,#3092,#3093,#3094,#3095,#3096,#3097,#3098,#3099,#3100,#3101,#3102,
#3103,#3104,#3105,#3106,#3107),
.UNSPECIFIED.,.F.,.F.,
(4,1,1,1,1,1,1,1,1,1,1,1,1,1,1,1,1,1,1,1,1,1,1,1,1,1,1,1,1,1,1,1,1,1,1,1,1,1,1,1,
1,1,1,1,4),
(0.,0.0227272727272727,0.0454545454545454,0.0681818181818181,0.0909090909090908,
0.113636363636364,0.136363636363636,0.159090909090909,0.181818181818182,0.204545454545454,
0.227272727272727,0.25,0.272727272727272,0.295454545454545,0.318181818181818,0.34090909090909,
0.363636363636363,0.386363636363636,0.409090909090909,0.431818181818181,0.454545454545454,
0.477272727272727,0.499999999999999,0.522727272727272,0.545454545454545,0.568181818181818,
0.59090909090909,0.613636363636363,0.636363636363636,0.659090909090908,0.681818181818181,
0.704545454545454,0.727272727272726,0.749999999999999,0.772727272727272,0.795454545454545,
0.818181818181817,0.84090909090909,0.863636363636363,0.886363636363635,0.909090909090908,
0.931818181818181,0.954545454545453,0.977272727272726,1.),
.UNSPECIFIED.);
#2688=VERTEX_POINT('',#3108);
#2689=B_SPLINE_CURVE_WITH_KNOTS('',3,
(#3109,#3110,#3111,#3112,#3113,#3114,#3115,#3116,#3117,#3118,#3119,#3120,#3121,#3122,
#3123,#3124,#3125,#3126,#3127,#3128,#3129,#3130,#3131,#3132,#3133,#3134,#3135,#3136,
#3137,#3138,#3139,#3140,#3141,#3142,#3143,#3144,#3145,#3146,#3147,#3148,#3149,#3150,
#3151),
.UNSPECIFIED.,.F.,.F.,
(4,1,1,1,1,1,1,1,1,1,1,1,1,1,1,1,1,1,1,1,1,1,1,1,1,1,1,1,1,1,1,1,1,1,1,1,1,1,1,1,
4),
(0.,0.0185011390426466,0.0370327025977324,0.0555940374691085,0.0742108339674075,
0.0928553696725965,0.113683656076052,0.136668418958793,0.170308912278243,0.204068506902692,
0.237951473265986,0.267848821469637,0.302163137242584,0.336583679987814,0.366719684082059,
0.405336403937919,0.460661200602078,0.528136690694259,0.590502127709123,0.633491558946298,
0.66166555077892,0.679391417896525,0.697016453719007,0.714381782539654,0.73158852613034,
0.748579029268359,0.765512218988877,0.782225582751185,0.795167580636566,0.798776443289903,
0.815059963658892,0.831238118352939,0.847161451860187,0.862934888612488,0.883676056688822,
0.909352465822299,0.934846104807597,0.955039748777666,0.970071140765058,0.985057669227506,
1.),
.UNSPECIFIED.);
#2690=B_SPLINE_CURVE_WITH_KNOTS('',3,
(#3152,#3153,#3154,#3155,#3156,#3157,#3158,#3159,#3160,#3161,#3162,#3163,#3164,#3165,
#3166,#3167,#3168,#3169,#3170,#3171,#3172,#3173,#3174,#3175,#3176,#3177,#3178,#3179,
#3180,#3181,#3182,#3183,#3184,#3185,#3186,#3187,#3188,#3189,#3190,#3191,#3192,#3193,
#3194,#3195,#3196,#3197,#3198,#3199,#3200,#3201,#3202,#3203,#3204,#3205,#3206,#3207,
#3208,#3209,#3210,#3211,#3212,#3213,#3214,#3215,#3216,#3217,#3218,#3219,#3220,#3221,
#3222,#3223,#3224,#3225,#3226,#3227,#3228,#3229,#3230,#3231,#3232,#3233,#3234,#3235,
#3236,#3237,#3238,#3239,#3240,#3241,#3242,#3243,#3244,#3245,#3246,#3247,#3248,#3249,
#3250,#3251),
.UNSPECIFIED.,.F.,.F.,
(4,1,1,1,1,1,1,1,1,1,1,1,1,1,1,1,1,1,1,1,1,1,1,1,1,1,1,1,1,1,1,1,1,1,1,1,1,1,1,1,
1,1,1,1,1,1,1,1,1,1,1,1,1,1,1,1,1,1,1,1,1,1,1,1,1,1,1,1,1,1,1,1,1,1,1,1,1,1,1,1,
1,1,1,1,1,1,1,1,1,1,1,1,1,1,1,1,1,4),
(0.,0.0379563598674303,0.0753433193927192,0.112166316322263,0.115341147565936,0.14788605041011,
0.183057978513399,0.216610636690732,0.249091826593917,0.27997376831743,0.310334634149559,
0.3385506196314,0.365152065896621,0.389046446655878,0.411854857481952,0.431890986886234,
0.450232867243926,0.466303038868996,0.481764701931125,0.49529768702568,0.507500431289438,
0.517572167777201,0.524431916164101,0.526876445850859,0.534184276234309,0.540291199200728,
0.544859030032054,0.549069105819823,0.552358051740775,0.555062024154914,0.556861457490414,
0.558354440222422,0.559244534937274,0.55983624226067,0.560199142758934,0.560529274266149,
0.560823532247963,0.56101558549415,0.561172175042534,0.561287404001754,0.56135587124459,
0.561411277892952,0.561457700933036,0.561489460697683,0.561520221929835,0.561522925307648,
0.561563268766237,0.561609531260685,0.561678897758036,0.561748250464454,0.561817964860037,
0.561864837417539,0.561905972486752,0.561940078652182,0.561972723254095,0.562002531852045,
0.562030802242779,0.562057338291452,0.56208350819389,0.562109514015131,0.562135549753529,
0.562161864258801,0.562188225406282,0.562215066208834,0.562242066984625,0.562269120942264,
0.562295687396478,0.562332107095963,0.562369699778254,0.562409516339286,0.562444034529542,
0.562481695644881,0.562524738181572,0.562570783092818,0.562627178381317,0.562692497040148,
0.562773358982759,0.562862436557658,0.563041702887304,0.563362019884829,0.56394665111371,
0.564967121591682,0.566858904719665,0.570473602634711,0.576896515736991,0.586956786966207,
0.601056904040466,0.619433071346017,0.643687513263876,0.675806811426784,0.718919700294335,
0.773965706092428,0.83645903285441,0.889502609714542,0.929226261503952,0.954777088804569,
0.978368328817177,1.),
.UNSPECIFIED.);
#2691=VERTEX_POINT('',#3252);
#2692=CIRCLE('',#3253,28.9);
#2693=VERTEX_POINT('',#3257);
#2694=VERTEX_POINT('',#3258);
#2695=B_SPLINE_CURVE_WITH_KNOTS('',3,
(#3259,#3260,#3261,#3262,#3263,#3264,#3265,#3266,#3267,#3268,#3269,#3270,#3271,#3272,
#3273,#3274,#3275,#3276,#3277,#3278,#3279,#3280,#3281,#3282,#3283,#3284,#3285,#3286,
#3287,#3288,#3289,#3290,#3291,#3292,#3293,#3294,#3295,#3296,#3297,#3298,#3299,#3300,
#3301,#3302,#3303,#3304,#3305,#3306,#3307,#3308,#3309,#3310,#3311,#3312,#3313,#3314,
#3315),
.UNSPECIFIED.,.F.,.F.,
(4,1,1,1,1,1,1,1,1,1,1,1,1,1,1,1,1,1,1,1,1,1,1,1,1,1,1,1,1,1,1,1,1,1,1,1,1,1,1,1,
1,1,1,1,1,1,1,1,1,1,1,1,1,1,4),
(0.,0.0251054469396524,0.0502168166696718,0.0512193834063418,0.0753331061570171,
0.100452744491101,0.125574066454449,0.150917089339431,0.153476303668696,0.179972084673044,
0.184158522977708,0.228693694126157,0.249679991969609,0.273148264545315,0.317529101169516,
0.347915132482752,0.351001696938568,0.375454564686593,0.400116992811759,0.424749635333901,
0.449248749348138,0.453247224699465,0.473643893481834,0.497860933363379,0.522003362005187,
0.545953849130849,0.554262419121538,0.569786635602012,0.601319935959252,0.63248428241107,
0.653505298546608,0.663279531496983,0.685605328897155,0.707649183652561,0.728890692838616,
0.74961200219749,0.750996458295417,0.776070597893266,0.801602253072409,0.826206204163373,
0.843173857990809,0.845252298150533,0.859690020590791,0.875092141692009,0.889831357320838,
0.908176223133765,0.925885572032779,0.934737158203553,0.942959355922348,0.954917380913013,
0.966663818806457,0.977987107946378,0.989008198298982,0.989099124149482,1.),
.UNSPECIFIED.);
#2696=B_SPLINE_CURVE_WITH_KNOTS('',3,
(#3316,#3317,#3318,#3319,#3320,#3321,#3322,#3323,#3324,#3325,#3326,#3327,#3328,#3329,
#3330,#3331,#3332,#3333,#3334,#3335,#3336,#3337,#3338,#3339,#3340,#3341,#3342,#3343,
#3344,#3345,#3346,#3347,#3348,#3349,#3350,#3351,#3352,#3353,#3354,#3355,#3356,#3357,
#3358,#3359,#3360,#3361,#3362,#3363,#3364,#3365,#3366,#3367,#3368,#3369,#3370,#3371,
#3372,#3373,#3374,#3375,#3376,#3377,#3378,#3379,#3380,#3381,#3382,#3383,#3384,#3385,
#3386,#3387),
.UNSPECIFIED.,.F.,.F.,
(4,1,1,1,1,1,1,1,1,1,1,1,1,1,1,1,1,1,1,1,1,1,1,1,1,1,1,1,1,1,1,1,1,1,1,1,1,1,1,1,
1,1,1,1,1,1,1,1,1,1,1,1,1,1,1,1,1,1,1,1,1,1,1,1,1,1,1,1,1,4),
(0.,0.0144927536231884,0.0289855072463768,0.0434782608695652,0.0579710144927536,
0.072463768115942,0.0869565217391304,0.101449275362319,0.115942028985507,0.130434782608696,
0.144927536231884,0.159420289855072,0.173913043478261,0.188405797101449,0.202898550724638,
0.217391304347826,0.231884057971015,0.246376811594203,0.260869565217391,0.27536231884058,
0.289855072463768,0.304347826086957,0.318840579710145,0.333333333333333,0.347826086956522,
0.36231884057971,0.376811594202899,0.391304347826087,0.405797101449275,0.420289855072464,
0.434782608695652,0.449275362318841,0.463768115942029,0.478260869565218,0.492753623188406,
0.507246376811594,0.521739130434783,0.536231884057971,0.55072463768116,0.565217391304348,
0.579710144927536,0.594202898550725,0.608695652173913,0.623188405797102,0.63768115942029,
0.652173913043478,0.666666666666667,0.681159420289855,0.695652173913044,0.710144927536232,
0.72463768115942,0.739130434782609,0.753623188405797,0.768115942028986,0.782608695652174,
0.797101449275362,0.811594202898551,0.826086956521739,0.840579710144928,0.855072463768116,
0.869565217391304,0.884057971014493,0.898550724637681,0.91304347826087,0.927536231884058,
0.942028985507246,0.956521739130435,0.971014492753623,0.985507246376812,1.),
.UNSPECIFIED.);
#2697=VERTEX_POINT('',#3388);
#2698=B_SPLINE_CURVE_WITH_KNOTS('',3,
(#3389,#3390,#3391,#3392,#3393,#3394,#3395,#3396,#3397,#3398,#3399,#3400,#3401,#3402,
#3403,#3404,#3405,#3406,#3407,#3408,#3409,#3410,#3411,#3412,#3413,#3414,#3415,#3416,
#3417,#3418,#3419,#3420,#3421,#3422,#3423,#3424,#3425,#3426,#3427,#3428,#3429,#3430,
#3431,#3432,#3433,#3434,#3435,#3436,#3437,#3438,#3439,#3440,#3441,#3442,#3443,#3444,
#3445,#3446,#3447,#3448,#3449,#3450,#3451,#3452,#3453,#3454,#3455,#3456,#3457),
.UNSPECIFIED.,.F.,.F.,
(4,1,1,1,1,1,1,1,1,1,1,1,1,1,1,1,1,1,1,1,1,1,1,1,1,1,1,1,1,1,1,1,1,1,1,1,1,1,1,1,
1,1,1,1,1,1,1,1,1,1,1,1,1,1,1,1,1,1,1,1,1,1,1,1,1,1,4),
(0.,0.0151515151515152,0.0303030303030304,0.0454545454545455,0.0606060606060607,
0.0757575757575759,0.0909090909090911,0.106060606060606,0.121212121212121,0.136363636363637,
0.151515151515152,0.166666666666667,0.181818181818182,0.196969696969697,0.212121212121212,
0.227272727272728,0.242424242424243,0.257575757575758,0.272727272727273,0.287878787878788,
0.303030303030303,0.318181818181819,0.333333333333334,0.348484848484849,0.363636363636364,
0.378787878787879,0.393939393939395,0.40909090909091,0.424242424242425,0.43939393939394,
0.454545454545455,0.46969696969697,0.484848484848486,0.500000000000001,0.515151515151516,
0.530303030303031,0.545454545454546,0.560606060606061,0.575757575757577,0.590909090909092,
0.606060606060607,0.621212121212122,0.636363636363637,0.651515151515152,0.666666666666668,
0.681818181818183,0.696969696969698,0.712121212121213,0.727272727272728,0.742424242424244,
0.757575757575759,0.772727272727274,0.787878787878789,0.803030303030304,0.818181818181819,
0.833333333333335,0.84848484848485,0.863636363636365,0.87878787878788,0.893939393939395,
0.90909090909091,0.924242424242426,0.939393939393941,0.954545454545456,0.969696969696971,
0.984848484848486,1.),
.UNSPECIFIED.);
#2699=CIRCLE('',#3458,0.25259086054093);
#2700=VERTEX_POINT('',#3462);
#2701=B_SPLINE_CURVE_WITH_KNOTS('',3,
(#3463,#3464,#3465,#3466,#3467,#3468,#3469,#3470,#3471,#3472,#3473,#3474,#3475,#3476,
#3477,#3478,#3479,#3480,#3481,#3482,#3483,#3484,#3485,#3486,#3487,#3488,#3489,#3490,
#3491,#3492,#3493,#3494,#3495,#3496,#3497,#3498,#3499,#3500,#3501,#3502,#3503,#3504,
#3505,#3506,#3507,#3508,#3509,#3510,#3511,#3512,#3513),
.UNSPECIFIED.,.F.,.F.,
(4,1,1,1,1,1,1,1,1,1,1,1,1,1,1,1,1,1,1,1,1,1,1,1,1,1,1,1,1,1,1,1,1,1,1,1,1,1,1,1,
1,1,1,1,1,1,1,1,4),
(0.,0.00140094614193701,0.00490334144042369,0.00706964390876587,0.011120073447341,
0.0179399972693803,0.0232032951479339,0.0378800779330048,0.0466692700519322,0.0689396584612269,
0.0815250275639121,0.110029251907478,0.131166463798023,0.15591097062899,0.190402527382006,
0.204769650986596,0.247746939187926,0.256853801584744,0.29022603097532,0.307627847324235,
0.312627627012662,0.368365568269474,0.370260980927033,0.426599599438375,0.426934083709903,
0.480791580494246,0.484044481363829,0.531924774260285,0.537792441322868,0.581071621077411,
0.588376636260813,0.629744372392192,0.645285375564669,0.678714640083676,0.708512931056698,
0.728452973553622,0.771727226836573,0.778546426598003,0.828114454743054,0.828585920010103,
0.875459999247546,0.879062058421579,0.919879493794003,0.933630644746268,0.954551531743207,
0.980936816164249,0.981280156747845,0.999788542714616,1.),
.UNSPECIFIED.);
#2702=B_SPLINE_CURVE_WITH_KNOTS('',3,
(#3514,#3515,#3516,#3517,#3518,#3519,#3520,#3521,#3522,#3523,#3524,#3525,#3526,#3527,
#3528,#3529,#3530,#3531,#3532,#3533,#3534,#3535,#3536,#3537,#3538,#3539,#3540,#3541,
#3542,#3543,#3544,#3545,#3546,#3547,#3548,#3549,#3550,#3551,#3552,#3553,#3554,#3555,
#3556,#3557,#3558),
.UNSPECIFIED.,.F.,.F.,
(4,1,1,1,1,1,1,1,1,1,1,1,1,1,1,1,1,1,1,1,1,1,1,1,1,1,1,1,1,1,1,1,1,1,1,1,1,1,1,1,
1,1,4),
(0.,0.0238095238095238,0.0476190476190476,0.0714285714285714,0.0952380952380952,
0.119047619047619,0.142857142857143,0.166666666666667,0.19047619047619,0.214285714285714,
0.238095238095238,0.261904761904762,0.285714285714286,0.30952380952381,0.333333333333333,
0.357142857142857,0.380952380952381,0.404761904761905,0.428571428571429,0.452380952380952,
0.476190476190476,0.5,0.523809523809524,0.547619047619048,0.571428571428571,0.595238095238095,
0.619047619047619,0.642857142857143,0.666666666666666,0.69047619047619,0.714285714285714,
0.738095238095238,0.761904761904762,0.785714285714285,0.809523809523809,0.833333333333333,
0.857142857142857,0.880952380952381,0.904761904761905,0.928571428571428,0.952380952380952,
0.976190476190476,1.),
.UNSPECIFIED.);
#2703=VERTEX_POINT('',#3559);
#2704=CIRCLE('',#3560,33.5);
#2705=VERTEX_POINT('',#3564);
#2706=LINE('',#3565,#3566);
#2707=B_SPLINE_CURVE_WITH_KNOTS('',3,
(#3568,#3569,#3570,#3571,#3572,#3573,#3574,#3575,#3576,#3577,#3578,#3579,#3580,#3581,
#3582,#3583,#3584,#3585,#3586,#3587,#3588,#3589,#3590,#3591,#3592,#3593),
.UNSPECIFIED.,.F.,.F.,
(4,1,1,1,1,1,1,1,1,1,1,1,1,1,1,1,1,1,1,1,1,1,1,4),
(0.,0.0434782608695653,0.0869565217391305,0.130434782608696,0.173913043478261,0.217391304347826,
0.260869565217392,0.304347826086957,0.347826086956522,0.391304347826087,0.434782608695653,
0.478260869565218,0.521739130434783,0.565217391304348,0.608695652173913,0.652173913043478,
0.695652173913043,0.739130434782608,0.782608695652173,0.826086956521739,0.869565217391304,
0.913043478260869,0.956521739130434,1.),
.UNSPECIFIED.);
#2708=LINE('',#3594,#3595);
#2709=VERTEX_POINT('',#3597);
#2710=VERTEX_POINT('',#3598);
#2711=CIRCLE('',#3599,5.);
#2712=VERTEX_POINT('',#3603);
#2713=CIRCLE('',#3604,36.25);
#2714=VERTEX_POINT('',#3608);
#2715=CIRCLE('',#3609,5.);
#2716=VERTEX_POINT('',#3613);
#2717=CIRCLE('',#3614,36.25);
#2718=VERTEX_POINT('',#3618);
#2719=CIRCLE('',#3619,5.);
#2720=VERTEX_POINT('',#3623);
#2721=CIRCLE('',#3624,36.25);
#2722=VERTEX_POINT('',#3628);
#2723=CIRCLE('',#3629,5.);
#2724=VERTEX_POINT('',#3633);
#2725=CIRCLE('',#3634,36.25);
#2726=VERTEX_POINT('',#3638);
#2727=CIRCLE('',#3639,5.);
#2728=VERTEX_POINT('',#3643);
#2729=CIRCLE('',#3644,36.25);
#2730=VERTEX_POINT('',#3648);
#2731=CIRCLE('',#3649,5.);
#2732=VERTEX_POINT('',#3653);
#2733=CIRCLE('',#3654,36.25);
#2734=VERTEX_POINT('',#3658);
#2735=CIRCLE('',#3659,5.);
#2736=VERTEX_POINT('',#3663);
#2737=CIRCLE('',#3664,36.25);
#2738=VERTEX_POINT('',#3668);
#2739=CIRCLE('',#3669,5.);
#2740=VERTEX_POINT('',#3673);
#2741=CIRCLE('',#3674,36.25);
#2742=VERTEX_POINT('',#3678);
#2743=CIRCLE('',#3679,5.);
#2744=VERTEX_POINT('',#3683);
#2745=CIRCLE('',#3684,36.25);
#2746=VERTEX_POINT('',#3688);
#2747=CIRCLE('',#3689,5.);
#2748=VERTEX_POINT('',#3693);
#2749=CIRCLE('',#3694,36.25);
#2750=VERTEX_POINT('',#3698);
#2751=CIRCLE('',#3699,5.);
#2752=VERTEX_POINT('',#3703);
#2753=CIRCLE('',#3704,36.25);
#2754=VERTEX_POINT('',#3708);
#2755=CIRCLE('',#3709,5.);
#2756=VERTEX_POINT('',#3713);
#2757=CIRCLE('',#3714,36.25);
#2758=VERTEX_POINT('',#3718);
#2759=CIRCLE('',#3719,5.);
#2760=VERTEX_POINT('',#3723);
#2761=CIRCLE('',#3724,36.25);
#2762=VERTEX_POINT('',#3728);
#2763=CIRCLE('',#3729,5.);
#2764=VERTEX_POINT('',#3733);
#2765=CIRCLE('',#3734,36.25);
#2766=VERTEX_POINT('',#3738);
#2767=CIRCLE('',#3739,5.);
#2768=VERTEX_POINT('',#3743);
#2769=CIRCLE('',#3744,36.25);
#2770=VERTEX_POINT('',#3748);
#2771=CIRCLE('',#3749,5.);
#2772=VERTEX_POINT('',#3753);
#2773=CIRCLE('',#3754,36.25);
#2774=VERTEX_POINT('',#3758);
#2775=CIRCLE('',#3759,5.);
#2776=VERTEX_POINT('',#3763);
#2777=CIRCLE('',#3764,36.25);
#2778=VERTEX_POINT('',#3768);
#2779=CIRCLE('',#3769,5.);
#2780=VERTEX_POINT('',#3773);
#2781=CIRCLE('',#3774,36.25);
#2782=VERTEX_POINT('',#3778);
#2783=CIRCLE('',#3779,5.);
#2784=VERTEX_POINT('',#3783);
#2785=CIRCLE('',#3784,36.25);
#2786=VERTEX_POINT('',#3788);
#2787=CIRCLE('',#3789,5.);
#2788=VERTEX_POINT('',#3793);
#2789=CIRCLE('',#3794,36.25);
#2790=VERTEX_POINT('',#3798);
#2791=CIRCLE('',#3799,5.);
#2792=VERTEX_POINT('',#3803);
#2793=CIRCLE('',#3804,36.25);
#2794=VERTEX_POINT('',#3808);
#2795=CIRCLE('',#3809,5.);
#2796=VERTEX_POINT('',#3813);
#2797=CIRCLE('',#3814,36.25);
#2798=VERTEX_POINT('',#3818);
#2799=CIRCLE('',#3819,5.);
#2800=VERTEX_POINT('',#3823);
#2801=CIRCLE('',#3824,36.25);
#2802=VERTEX_POINT('',#3828);
#2803=CIRCLE('',#3829,5.);
#2804=CIRCLE('',#3833,36.25);
#2805=LINE('',#3837,#3838);
#2806=VERTEX_POINT('',#3840);
#2807=VERTEX_POINT('',#3841);
#2808=B_SPLINE_CURVE_WITH_KNOTS('',3,
(#3842,#3843,#3844,#3845,#3846,#3847,#3848,#3849,#3850,#3851,#3852,#3853,#3854,#3855,
#3856,#3857,#3858,#3859,#3860,#3861,#3862,#3863,#3864,#3865,#3866,#3867,#3868,#3869,
#3870,#3871,#3872,#3873,#3874,#3875),
.UNSPECIFIED.,.F.,.F.,
(4,1,1,1,1,1,1,1,1,1,1,1,1,1,1,1,1,1,1,1,1,1,1,1,1,1,1,1,1,1,1,4),
(0.,0.0397855023620944,0.0792471248414375,0.118367451445977,0.156735072267545,0.194609691427475,
0.231411884599914,0.267552690873184,0.302737068615679,0.337627659015063,0.371293963306551,
0.404021767835931,0.43518714310136,0.465730384714625,0.494680061832062,0.522667709849613,
0.55804095784157,0.600143718312215,0.640615921608918,0.67115929334922,0.70390006428703,
0.746261670243481,0.789312774881842,0.822548624188368,0.845907301431786,0.868344529842864,
0.896569387336394,0.924280439190719,0.951389274621134,0.969468576741007,0.985680092415889,
1.),
.UNSPECIFIED.);
#2809=VERTEX_POINT('',#3876);
#2810=B_SPLINE_CURVE_WITH_KNOTS('',3,
(#3877,#3878,#3879,#3880,#3881,#3882,#3883,#3884,#3885,#3886,#3887,#3888,#3889,#3890,
#3891,#3892,#3893,#3894,#3895,#3896,#3897,#3898,#3899,#3900,#3901,#3902,#3903,#3904,
#3905,#3906,#3907,#3908,#3909,#3910,#3911,#3912,#3913,#3914,#3915,#3916,#3917,#3918,
#3919),
.UNSPECIFIED.,.F.,.F.,
(4,1,1,1,1,1,1,1,1,1,1,1,1,1,1,1,1,1,1,1,1,1,1,1,1,1,1,1,1,1,1,1,1,1,1,1,1,1,1,1,
4),
(0.,0.02697452947508,0.0538733263400616,0.080616006742715,0.107332328397525,0.134096200417209,
0.160681291896477,0.187070594021252,0.21314716568155,0.239150688763622,0.264811783740939,
0.290207035332996,0.315224212761251,0.340118962600188,0.364759771177295,0.389243120938909,
0.413541096566236,0.437803334818636,0.461997247702262,0.486159341023992,0.510287890824074,
0.534408972243029,0.558542363627244,0.58270291395518,0.606915794449636,0.631149592696285,
0.655475248599103,0.679855760755327,0.704320547926144,0.728820936163682,0.753376398583099,
0.777937076470136,0.802525914913581,0.827119495072289,0.85172959256632,0.876370484418751,
0.901061064966557,0.925761362297895,0.950498353602507,0.975265933307757,1.),
.UNSPECIFIED.);
#2811=LINE('',#3920,#3921);
#2812=LINE('',#3923,#3924);
#2813=VERTEX_POINT('',#3926);
#2814=CIRCLE('',#3927,36.25);
#2815=LINE('',#3931,#3932);
#2816=VERTEX_POINT('',#3934);
#2817=B_SPLINE_CURVE_WITH_KNOTS('',3,
(#3935,#3936,#3937,#3938,#3939,#3940,#3941,#3942,#3943,#3944,#3945,#3946,#3947,#3948,
#3949,#3950,#3951,#3952,#3953,#3954,#3955,#3956,#3957,#3958,#3959,#3960,#3961,#3962,
#3963,#3964,#3965,#3966,#3967,#3968,#3969),
.UNSPECIFIED.,.F.,.F.,
(4,1,1,1,1,1,1,1,1,1,1,1,1,1,1,1,1,1,1,1,1,1,1,1,1,1,1,1,1,1,1,1,4),
(0.,0.0397855025237282,0.0792471251319422,0.118367451832753,0.156735072698077,0.194609691868982,
0.231411884978249,0.267552691126062,0.302737068645465,0.33762765875648,0.371293962735531,
0.404021766978845,0.435187142055853,0.465730383574241,0.49468006080865,0.522667709121024,
0.527689684433777,0.558040957942316,0.600143719629407,0.640615923965243,0.671159296082133,
0.703900065845436,0.746261668603763,0.789312769049888,0.822548615774771,0.845907293799047,
0.868344525289842,0.89656939136257,0.924280451805073,0.951389290767653,0.969468583465564,
0.985680092162955,1.),
.UNSPECIFIED.);
#2818=VERTEX_POINT('',#3970);
#2819=B_SPLINE_CURVE_WITH_KNOTS('',3,
(#3971,#3972,#3973,#3974,#3975,#3976,#3977,#3978,#3979,#3980,#3981,#3982,#3983,#3984,
#3985,#3986,#3987,#3988,#3989,#3990,#3991,#3992,#3993,#3994,#3995,#3996,#3997,#3998,
#3999,#4000,#4001,#4002,#4003,#4004,#4005,#4006,#4007,#4008,#4009,#4010,#4011,#4012,
#4013),
.UNSPECIFIED.,.F.,.F.,
(4,1,1,1,1,1,1,1,1,1,1,1,1,1,1,1,1,1,1,1,1,1,1,1,1,1,1,1,1,1,1,1,1,1,1,1,1,1,1,1,
4),
(0.,0.026974544651967,0.0538733597876231,0.0806160404255517,0.107332354953623,0.134096220035607,
0.160681304876178,0.187070601175667,0.213147168374838,0.239150688122263,0.264811781345845,
0.290207032072221,0.315224209606615,0.340118959897642,0.364759769258441,0.389243119881608,
0.413541096294886,0.437803335146527,0.461997248355124,0.486159341832174,0.510287891594605,
0.534408972895803,0.558542364084938,0.582702914199927,0.606915794500667,0.631149592599919,
0.655475248423576,0.679855760543043,0.704320547725231,0.728820935993882,0.753376398463743,
0.777937076405817,0.802525914899842,0.827119495098031,0.851729592614895,0.876370484479813,
0.901061065027845,0.925761362354013,0.950498353645271,0.975265933331749,1.),
.UNSPECIFIED.);
#2820=LINE('',#4014,#4015);
#2821=VERTEX_POINT('',#4017);
#2822=CIRCLE('',#4018,36.25);
#2823=LINE('',#4022,#4023);
#2824=VERTEX_POINT('',#4025);
#2825=B_SPLINE_CURVE_WITH_KNOTS('',3,
(#4026,#4027,#4028,#4029,#4030,#4031,#4032,#4033,#4034,#4035,#4036,#4037,#4038,#4039,
#4040,#4041,#4042,#4043,#4044,#4045,#4046,#4047,#4048,#4049,#4050,#4051,#4052,#4053,
#4054,#4055,#4056,#4057,#4058,#4059,#4060,#4061,#4062,#4063,#4064,#4065,#4066,#4067,
#4068),
.UNSPECIFIED.,.F.,.F.,
(4,1,1,1,1,1,1,1,1,1,1,1,1,1,1,1,1,1,1,1,1,1,1,1,1,1,1,1,1,1,1,1,1,1,1,1,1,1,1,1,
4),
(0.,0.0306498328414012,0.0612101917631663,0.0916085022492264,0.121693200630161,0.151604241382968,
0.180973306589552,0.209987903427534,0.238514085454685,0.266896639472388,0.294724719570351,
0.322156187491201,0.34894393810557,0.375488638747119,0.401435282150549,0.427032354334805,
0.452178079712701,0.477214706424818,0.501901895915702,0.526345093995644,0.550399426527799,
0.574305294103118,0.597862415921071,0.621197523954172,0.644272888197533,0.667300384774486,
0.69017967918121,0.712935457117507,0.735498697635724,0.757968486882584,0.780310921314387,
0.802585298940418,0.82474006100971,0.8468442639027,0.86883594630152,0.890793604119832,
0.912678560713638,0.934472724131416,0.95596946420357,0.977523375181055,1.),
.UNSPECIFIED.);
#2826=VERTEX_POINT('',#4069);
#2827=B_SPLINE_CURVE_WITH_KNOTS('',3,
(#4070,#4071,#4072,#4073,#4074,#4075,#4076,#4077,#4078,#4079,#4080,#4081,#4082,#4083,
#4084,#4085,#4086,#4087,#4088,#4089,#4090,#4091,#4092,#4093,#4094,#4095,#4096,#4097,
#4098,#4099,#4100,#4101,#4102,#4103,#4104,#4105,#4106,#4107,#4108,#4109,#4110),
.UNSPECIFIED.,.F.,.F.,
(4,1,1,1,1,1,1,1,1,1,1,1,1,1,1,1,1,1,1,1,1,1,1,1,1,1,1,1,1,1,1,1,1,1,1,1,1,1,4),
(0.,0.0314994856376879,0.0582090774691085,0.0818536886548085,0.103904817900299,0.126649262472437,
0.150739148146645,0.175135201388118,0.199766975444761,0.22443776564867,0.249067434327273,
0.27360141821761,0.298062920117251,0.322478087311047,0.346779706319988,0.370999782396842,
0.395148899898561,0.419303985425716,0.451525857456013,0.491839529208533,0.532214199037873,
0.564597006498632,0.588994361005885,0.613430968779412,0.638032734619614,0.662766337499723,
0.687725025401085,0.712770140936849,0.738070377914614,0.763534098351515,0.789225516989198,
0.814993269760973,0.840958949102859,0.86704655606593,0.89336549405267,0.919779279271599,
0.946396331660507,0.973145250205121,1.),
.UNSPECIFIED.);
#2828=LINE('',#4111,#4112);
#2829=VERTEX_POINT('',#4114);
#2830=LINE('',#4115,#4116);
#2831=CIRCLE('',#4118,36.25);
#2832=VERTEX_POINT('',#4122);
#2833=B_SPLINE_CURVE_WITH_KNOTS('',3,
(#4123,#4124,#4125,#4126,#4127,#4128,#4129,#4130,#4131,#4132,#4133,#4134,#4135,#4136,
#4137,#4138,#4139,#4140,#4141,#4142,#4143,#4144,#4145,#4146,#4147,#4148,#4149,#4150,
#4151,#4152,#4153,#4154,#4155,#4156),
.UNSPECIFIED.,.F.,.F.,
(4,1,1,1,1,1,1,1,1,1,1,1,1,1,1,1,1,1,1,1,1,1,1,1,1,1,1,1,1,1,1,4),
(0.,0.0397855025564506,0.0792471251811652,0.118367451858916,0.15673507268396,0.194609691813023,
0.231411884866734,0.267552690944255,0.302737068366665,0.337627658359512,0.371293962213927,
0.404021766343114,0.435187141340247,0.465730382809689,0.494680060065352,0.522667708456939,
0.558040957524693,0.600143719581451,0.640615924235834,0.671159296470419,0.703900065875953,
0.746261667655647,0.789312766820693,0.822548612768882,0.845907291068452,0.868344523558002,
0.896569392370646,0.924280455559622,0.95138929568994,0.969468585486864,0.985680092044553,
1.),
.UNSPECIFIED.);
#2834=VERTEX_POINT('',#4157);
#2835=B_SPLINE_CURVE_WITH_KNOTS('',3,
(#4158,#4159,#4160,#4161,#4162,#4163,#4164,#4165,#4166,#4167,#4168,#4169,#4170,#4171,
#4172,#4173,#4174,#4175,#4176,#4177,#4178,#4179,#4180,#4181,#4182,#4183,#4184,#4185,
#4186,#4187,#4188,#4189,#4190,#4191,#4192,#4193,#4194,#4195,#4196,#4197,#4198,#4199,
#4200,#4201),
.UNSPECIFIED.,.F.,.F.,
(4,1,1,1,1,1,1,1,1,1,1,1,1,1,1,1,1,1,1,1,1,1,1,1,1,1,1,1,1,1,1,1,1,1,1,1,1,1,1,1,
1,4),
(0.,0.0269745493884565,0.0538733702298264,0.0806160509313074,0.107332363220327,0.13409622612227,
0.16068130887663,0.187070603344643,0.213147169139783,0.239150687835795,0.26481178050334,
0.290207030951991,0.315224208513685,0.340118958940658,0.364759768542116,0.38924311943084,
0.413541096086764,0.4378033351228,0.461997248430765,0.472291833388723,0.486159341954702,
0.510287891704678,0.534408972968778,0.558542364097687,0.582702914147481,0.606915794389935,
0.631149592445608,0.655475248247947,0.679855760360061,0.704320547551063,0.728820935835184,
0.753376398327635,0.777937076294391,0.802525914812655,0.827119495031802,0.851729592565075,
0.876370484443748,0.901061065002311,0.925761362337447,0.950498353635844,0.975265933327817,
1.),
.UNSPECIFIED.);
#2836=LINE('',#4202,#4203);
#2837=VERTEX_POINT('',#4205);
#2838=LINE('',#4206,#4207);
#2839=CIRCLE('',#4209,36.25);
#2840=VERTEX_POINT('',#4213);
#2841=B_SPLINE_CURVE_WITH_KNOTS('',3,
(#4214,#4215,#4216,#4217,#4218,#4219,#4220,#4221,#4222,#4223,#4224,#4225,#4226,#4227,
#4228,#4229,#4230,#4231,#4232,#4233,#4234,#4235,#4236,#4237,#4238,#4239,#4240,#4241,
#4242,#4243,#4244,#4245,#4246,#4247),
.UNSPECIFIED.,.F.,.F.,
(4,1,1,1,1,1,1,1,1,1,1,1,1,1,1,1,1,1,1,1,1,1,1,1,1,1,1,1,1,1,1,4),
(0.,0.0397855019191042,0.0792471240432268,0.118367450380099,0.156735071074591,0.19460969019562,
0.23141188352821,0.267552690128619,0.302737068459991,0.337627659623043,0.371293964743342,
0.404021770031607,0.435187145795718,0.465730387657881,0.494680064458667,0.522667711684527,
0.558040957455405,0.600143714670331,0.640615915186808,0.671159285920501,0.703900060002753,
0.746261674519121,0.789312790378259,0.822548646597755,0.845907321760714,0.868344541943872,
0.896569376505897,0.924280405405591,0.951389231404619,0.969468558735515,0.985680093082719,
1.),
.UNSPECIFIED.);
#2842=VERTEX_POINT('',#4248);
#2843=B_SPLINE_CURVE_WITH_KNOTS('',3,
(#4249,#4250,#4251,#4252,#4253,#4254,#4255,#4256,#4257,#4258,#4259,#4260,#4261,#4262,
#4263,#4264,#4265,#4266,#4267,#4268,#4269,#4270,#4271,#4272,#4273,#4274,#4275,#4276,
#4277,#4278,#4279,#4280,#4281,#4282,#4283,#4284,#4285,#4286,#4287,#4288,#4289,#4290,
#4291),
.UNSPECIFIED.,.F.,.F.,
(4,1,1,1,1,1,1,1,1,1,1,1,1,1,1,1,1,1,1,1,1,1,1,1,1,1,1,1,1,1,1,1,1,1,1,1,1,1,1,1,
4),
(0.,0.0269744888809646,0.0538732368776518,0.0806159166485815,0.107332257362003,0.134096147934683,
0.160681257167306,0.187070574869988,0.21314715845985,0.23915069045869,0.264811790124711,
0.290207044030473,0.315224221173456,0.340118969801962,0.364759776281959,0.389243123738361,
0.413541097262874,0.437803333911852,0.461997245925799,0.486159338831707,0.510287888732327,
0.534408970466166,0.558542362372309,0.582702913270113,0.606915794283212,0.631149592924673,
0.655475249040042,0.679855761295543,0.704320548437192,0.728820936592858,0.753376398878982,
0.77793707662058,0.802525914930736,0.827119494985881,0.851729592421015,0.876370484242405,
0.901061064792082,0.925761362139753,0.95049835348272,0.97526593324086,1.),
.UNSPECIFIED.);
#2844=LINE('',#4292,#4293);
#2845=VERTEX_POINT('',#4295);
#2846=CIRCLE('',#4296,36.25);
#2847=LINE('',#4300,#4301);
#2848=VERTEX_POINT('',#4303);
#2849=B_SPLINE_CURVE_WITH_KNOTS('',3,
(#4304,#4305,#4306,#4307,#4308,#4309,#4310,#4311,#4312,#4313,#4314,#4315,#4316,#4317,
#4318,#4319,#4320,#4321,#4322,#4323,#4324,#4325,#4326,#4327,#4328,#4329,#4330,#4331,
#4332,#4333,#4334,#4335,#4336,#4337),
.UNSPECIFIED.,.F.,.F.,
(4,1,1,1,1,1,1,1,1,1,1,1,1,1,1,1,1,1,1,1,1,1,1,1,1,1,1,1,1,1,1,4),
(0.,0.0397855025004257,0.0792471250900591,0.118367451776979,0.156735072635976,0.194609691805268,
0.231411884923596,0.267552691089438,0.302737068640919,0.337627658793416,0.371293962817402,
0.404021767101862,0.435187142205972,0.465730383738001,0.494680060955564,0.522667709225501,
0.558040957927433,0.600143719439461,0.640615923625748,0.671159295688443,0.703900065620788,
0.746261668839343,0.789312769888774,0.822548616985203,0.845907294897129,0.868344525944782,
0.896569390782981,0.924280449989675,0.951389288444009,0.969468582497809,0.985680092199316,
1.),
.UNSPECIFIED.);
#2850=VERTEX_POINT('',#4338);
#2851=B_SPLINE_CURVE_WITH_KNOTS('',3,
(#4339,#4340,#4341,#4342,#4343,#4344,#4345,#4346,#4347,#4348,#4349,#4350,#4351,#4352,
#4353,#4354,#4355,#4356,#4357,#4358,#4359,#4360,#4361,#4362,#4363,#4364,#4365,#4366,
#4367,#4368,#4369,#4370,#4371,#4372,#4373,#4374,#4375,#4376,#4377,#4378,#4379,#4380,
#4381),
.UNSPECIFIED.,.F.,.F.,
(4,1,1,1,1,1,1,1,1,1,1,1,1,1,1,1,1,1,1,1,1,1,1,1,1,1,1,1,1,1,1,1,1,1,1,1,1,1,1,1,
4),
(0.,0.02697454246796,0.0538733549744033,0.0806160355784621,0.107332351132082,0.134096217212401,
0.160681303008286,0.187070600146035,0.213147167987164,0.239150688214447,0.264811781690395,
0.29020703254133,0.315224210060449,0.340118960286424,0.364759769534449,0.389243120033632,
0.413541096333823,0.437803335099231,0.461997248261062,0.486159341715753,0.510287891483607,
0.534408972801747,0.558542364018959,0.582702914164587,0.606915794493207,0.631149592613662,
0.655475248448716,0.67985576057348,0.704320547754036,0.728820936018216,0.753376398480822,
0.777937076414986,0.802525914901733,0.827119495094255,0.851729592607845,0.876370484470986,
0.901061065018994,0.925761362345918,0.9504983536391,0.975265933328295,1.),
.UNSPECIFIED.);
#2852=LINE('',#4382,#4383);
#2853=VERTEX_POINT('',#4385);
#2854=LINE('',#4386,#4387);
#2855=CIRCLE('',#4389,36.25);
#2856=VERTEX_POINT('',#4393);
#2857=B_SPLINE_CURVE_WITH_KNOTS('',3,
(#4394,#4395,#4396,#4397,#4398,#4399,#4400,#4401,#4402,#4403,#4404,#4405,#4406,#4407,
#4408,#4409,#4410,#4411,#4412,#4413,#4414,#4415,#4416,#4417,#4418,#4419,#4420,#4421,
#4422,#4423,#4424,#4425,#4426,#4427),
.UNSPECIFIED.,.F.,.F.,
(4,1,1,1,1,1,1,1,1,1,1,1,1,1,1,1,1,1,1,1,1,1,1,1,1,1,1,1,1,1,1,4),
(0.,0.0397855025922472,0.0792471252455046,0.118367451944574,0.156735072779309,0.194609691910796,
0.231411884950497,0.267552691000227,0.302737068373214,0.337627658302168,0.371293962087373,
0.404021766153171,0.435187141108568,0.465730382556988,0.494680059838576,0.522667708295482,
0.558040957546962,0.600143719873205,0.64061592475783,0.671159297075853,0.703900066221184,
0.746261667292316,0.789312765528575,0.822548610904805,0.845907289377386,0.868344522549266,
0.89656939326261,0.924280458354287,0.951389299267175,0.969468586976688,0.985680091988523,
1.),
.UNSPECIFIED.);
#2858=VERTEX_POINT('',#4428);
#2859=B_SPLINE_CURVE_WITH_KNOTS('',3,
(#4429,#4430,#4431,#4432,#4433,#4434,#4435,#4436,#4437,#4438,#4439,#4440,#4441,#4442,
#4443,#4444,#4445,#4446,#4447,#4448,#4449,#4450,#4451,#4452,#4453,#4454,#4455,#4456,
#4457,#4458,#4459,#4460,#4461,#4462,#4463,#4464,#4465,#4466,#4467,#4468,#4469,#4470,
#4471),
.UNSPECIFIED.,.F.,.F.,
(4,1,1,1,1,1,1,1,1,1,1,1,1,1,1,1,1,1,1,1,1,1,1,1,1,1,1,1,1,1,1,1,1,1,1,1,1,1,1,1,
4),
(0.,0.0269745527508658,0.0538733776400595,0.0806160583936824,0.107332369103795,0.134096230468717,
0.160681311752297,0.187070604929727,0.213147169736516,0.239150687693754,0.264811779972761,
0.290207030229628,0.315224207814839,0.340118958341962,0.364759768117053,0.389243119196652,
0.413541096026692,0.437803335195479,0.461997248575438,0.486159342133785,0.51028789187542,
0.534408973113427,0.558542364199103,0.582702914201731,0.606915794401247,0.631149592424273,
0.655475248209077,0.679855760313044,0.704320547506564,0.728820935797571,0.7533763983012,
0.777937076280148,0.802525914809614,0.827119495037522,0.851729592575847,0.876370484457282,
0.901061065015905,0.92576136234989,0.950498353645317,0.975265933333139,1.),
.UNSPECIFIED.);
#2860=LINE('',#4472,#4473);
#2861=VERTEX_POINT('',#4475);
#2862=CIRCLE('',#4476,36.25);
#2863=LINE('',#4480,#4481);
#2864=VERTEX_POINT('',#4483);
#2865=B_SPLINE_CURVE_WITH_KNOTS('',3,
(#4484,#4485,#4486,#4487,#4488,#4489,#4490,#4491,#4492,#4493,#4494,#4495,#4496,#4497,
#4498,#4499,#4500,#4501,#4502,#4503,#4504,#4505,#4506,#4507,#4508,#4509,#4510,#4511,
#4512,#4513,#4514,#4515,#4516,#4517,#4518),
.UNSPECIFIED.,.F.,.F.,
(4,1,1,1,1,1,1,1,1,1,1,1,1,1,1,1,1,1,1,1,1,1,1,1,1,1,1,1,1,1,1,1,4),
(0.,0.0397855026020547,0.079247125270656,0.118367452014231,0.156735072893468,0.194609692060677,
0.231411885126048,0.26755269119602,0.302737068584246,0.337627658528238,0.371293962327766,
0.404021766406721,0.435187141374318,0.465730382835373,0.49468006013051,0.5226677086025,
0.527689684267648,0.558040957878838,0.60014372023561,0.640615925144408,0.671159297469894,
0.70390006658764,0.746261667585831,0.789312765724787,0.822548611032001,0.845907289495752,
0.868344522696914,0.896569393523069,0.924280458724859,0.951389299654484,0.969468587159466,
0.985680092013352,1.),
.UNSPECIFIED.);
#2866=VERTEX_POINT('',#4519);
#2867=B_SPLINE_CURVE_WITH_KNOTS('',3,
(#4520,#4521,#4522,#4523,#4524,#4525,#4526,#4527,#4528,#4529,#4530,#4531,#4532,#4533,
#4534,#4535,#4536,#4537,#4538,#4539,#4540,#4541,#4542,#4543,#4544,#4545,#4546,#4547,
#4548,#4549,#4550,#4551,#4552,#4553,#4554,#4555,#4556,#4557,#4558,#4559,#4560,#4561,
#4562),
.UNSPECIFIED.,.F.,.F.,
(4,1,1,1,1,1,1,1,1,1,1,1,1,1,1,1,1,1,1,1,1,1,1,1,1,1,1,1,1,1,1,1,1,1,1,1,1,1,1,1,
4),
(0.,0.0269745530328935,0.0538733782587944,0.0806160590242624,0.107332369613245,0.134096230860537,
0.160681312031655,0.18707060511107,0.213147169843896,0.239150687747299,0.264811780000341,
0.290207030246848,0.315224207838457,0.340118958377904,0.364759768170537,0.389243119268666,
0.41354109611532,0.437803335297235,0.461997248684784,0.486159342247221,0.510287891988694,
0.534408973224778,0.558542364306343,0.582702914304038,0.606915794498331,0.631149592516775,
0.655475248297537,0.679855760397702,0.704320547587431,0.728820935874653,0.753376398374018,
0.777937076348297,0.802525914872285,0.827119495094355,0.851729592626059,0.876370484500243,
0.901061065050919,0.925761362376786,0.950498353663389,0.975265933342245,1.),
.UNSPECIFIED.);
#2868=LINE('',#4563,#4564);
#2869=VERTEX_POINT('',#4566);
#2870=LINE('',#4567,#4568);
#2871=CIRCLE('',#4570,36.25);
#2872=VERTEX_POINT('',#4574);
#2873=B_SPLINE_CURVE_WITH_KNOTS('',3,
(#4575,#4576,#4577,#4578,#4579,#4580,#4581,#4582,#4583,#4584,#4585,#4586,#4587,#4588,
#4589,#4590,#4591,#4592,#4593,#4594,#4595,#4596,#4597,#4598,#4599,#4600,#4601,#4602,
#4603,#4604,#4605,#4606,#4607,#4608),
.UNSPECIFIED.,.F.,.F.,
(4,1,1,1,1,1,1,1,1,1,1,1,1,1,1,1,1,1,1,1,1,1,1,1,1,1,1,1,1,1,1,4),
(0.,0.0397855024161192,0.0792471249385493,0.118367451575285,0.156735072411502,0.194609691575124,
0.231411884726484,0.267552690957874,0.302737068625876,0.337627658928957,0.371293963116107,
0.404021767549958,0.435187142752459,0.465730384334041,0.494680061490564,0.522667709606591,
0.558040957875584,0.600143718752546,0.640615922396344,0.671159294262424,0.703900064807927,
0.746261669696112,0.789312772934157,0.822548621378327,0.845907298882554,0.868344528322292,
0.896569388681423,0.924280443404345,0.951389280014531,0.969468578987213,0.985680092331422,
1.),
.UNSPECIFIED.);
#2874=VERTEX_POINT('',#4609);
#2875=B_SPLINE_CURVE_WITH_KNOTS('',3,
(#4610,#4611,#4612,#4613,#4614,#4615,#4616,#4617,#4618,#4619,#4620,#4621,#4622,#4623,
#4624,#4625,#4626,#4627,#4628,#4629,#4630,#4631,#4632,#4633,#4634,#4635,#4636,#4637,
#4638,#4639,#4640,#4641,#4642,#4643,#4644,#4645,#4646,#4647,#4648,#4649,#4650,#4651,
#4652),
.UNSPECIFIED.,.F.,.F.,
(4,1,1,1,1,1,1,1,1,1,1,1,1,1,1,1,1,1,1,1,1,1,1,1,1,1,1,1,1,1,1,1,1,1,1,1,1,1,1,1,
4),
(0.,0.0269745345445089,0.0538733375123158,0.0806160179935572,0.107332337267889,0.134096206970234,
0.160681296232039,0.187070596411038,0.213147166581226,0.239150688549452,0.264811782940985,
0.290207034243894,0.315224211707622,0.34011896169757,0.364759770536448,0.389243120585828,
0.413541096475682,0.437803334928243,0.46199724792042,0.486159341294031,0.51028789108153,
0.534408972461156,0.558542363780204,0.582702914037007,0.606915794466748,0.631149592664167,
0.655475248540541,0.679855760684478,0.704320547859093,0.728820936107023,0.753376398543285,
0.777937076448691,0.802525914909033,0.827119495080923,0.85172959258258,0.876370484439181,
0.901061064987057,0.92576136231666,0.950498353616804,0.975265933315771,1.),
.UNSPECIFIED.);
#2876=LINE('',#4653,#4654);
#2877=VERTEX_POINT('',#4656);
#2878=LINE('',#4657,#4658);
#2879=CIRCLE('',#4660,36.25);
#2880=VERTEX_POINT('',#4664);
#2881=B_SPLINE_CURVE_WITH_KNOTS('',3,
(#4665,#4666,#4667,#4668,#4669,#4670,#4671,#4672,#4673,#4674,#4675,#4676,#4677,#4678,
#4679,#4680,#4681,#4682,#4683,#4684,#4685,#4686,#4687,#4688,#4689,#4690,#4691,#4692,
#4693,#4694,#4695,#4696,#4697,#4698),
.UNSPECIFIED.,.F.,.F.,
(4,1,1,1,1,1,1,1,1,1,1,1,1,1,1,1,1,1,1,1,1,1,1,1,1,1,1,1,1,1,1,4),
(0.,0.0397855002689533,0.0792471210699737,0.118367446385553,0.15673506659183,0.194609685566229,
0.231411879514926,0.267552687369202,0.302737067950606,0.337627662026618,0.371293970304842,
0.404021778484487,0.435187156149483,0.465730398962462,0.494680074562328,0.522667718780179,
0.558040956106695,0.600143700941398,0.640615890884162,0.671159257787163,0.70390004382084,
0.746261690878187,0.78931284939516,0.822548731892902,0.845907399136759,0.868344588023901,
0.896569335374016,0.924280276973413,0.951389067095049,0.969468490284448,0.985680095626625,
1.),
.UNSPECIFIED.);
#2882=VERTEX_POINT('',#4699);
#2883=B_SPLINE_CURVE_WITH_KNOTS('',3,
(#4700,#4701,#4702,#4703,#4704,#4705,#4706,#4707,#4708,#4709,#4710,#4711,#4712,#4713,
#4714,#4715,#4716,#4717,#4718,#4719,#4720,#4721,#4722,#4723,#4724,#4725,#4726,#4727,
#4728,#4729,#4730,#4731,#4732,#4733,#4734,#4735,#4736,#4737,#4738,#4739,#4740,#4741,
#4742,#4743),
.UNSPECIFIED.,.F.,.F.,
(4,1,1,1,1,1,1,1,1,1,1,1,1,1,1,1,1,1,1,1,1,1,1,1,1,1,1,1,1,1,1,1,1,1,1,1,1,1,1,1,
1,4),
(0.,0.0269743345182785,0.0538728966882329,0.0806155740576188,0.107331987245658,0.134095948370199,
0.160681125113942,0.187070502055215,0.213147131010099,0.239150696917408,0.264811814413967,
0.290207077118907,0.315224253178,0.340118997204475,0.36475979571068,0.389243134401835,
0.413541099930536,0.437803330482742,0.461997239189955,0.472291828867808,0.486159330514937,
0.51028788079799,0.534408963729229,0.55854235761997,0.582702910684606,0.606915793669552,
0.631149593811987,0.655475250735035,0.679855763367469,0.704320550397411,0.728820938240897,
0.753376400019084,0.777937077206527,0.802525915008562,0.827119494668581,0.851729591878371,
0.876370483580173,0.901061064135397,0.925761361543547,0.950498353030719,0.975265932988242,
1.),
.UNSPECIFIED.);
#2884=LINE('',#4744,#4745);
#2885=VERTEX_POINT('',#4747);
#2886=LINE('',#4748,#4749);
#2887=CIRCLE('',#4751,36.25);
#2888=VERTEX_POINT('',#4755);
#2889=B_SPLINE_CURVE_WITH_KNOTS('',3,
(#4756,#4757,#4758,#4759,#4760,#4761,#4762,#4763,#4764,#4765,#4766,#4767,#4768,#4769,
#4770,#4771,#4772,#4773,#4774,#4775,#4776,#4777,#4778,#4779,#4780,#4781,#4782,#4783,
#4784,#4785,#4786,#4787,#4788,#4789),
.UNSPECIFIED.,.F.,.F.,
(4,1,1,1,1,1,1,1,1,1,1,1,1,1,1,1,1,1,1,1,1,1,1,1,1,1,1,1,1,1,1,4),
(0.,0.0397855027357934,0.0792471255110268,0.118367452334238,0.156735073249647,0.194609692425901,
0.231411885438934,0.267552691405003,0.302737068608525,0.337627658313765,0.371293961854634,
0.404021765696762,0.435187140508359,0.465730381890845,0.494680059282802,0.522667707998803,
0.55804095796166,0.600143721325388,0.640615927094373,0.6711592997316,0.703900067877097,
0.746261666227945,0.789312760896645,0.822548604066834,0.845907283177013,0.868344518927588,
0.896569396855588,0.924280469166657,0.951389313020227,0.969468592725869,0.985680091803932,
1.),
.UNSPECIFIED.);
#2890=VERTEX_POINT('',#4790);
#2891=B_SPLINE_CURVE_WITH_KNOTS('',3,
(#4791,#4792,#4793,#4794,#4795,#4796,#4797,#4798,#4799,#4800,#4801,#4802,#4803,#4804,
#4805,#4806,#4807,#4808,#4809,#4810,#4811,#4812,#4813,#4814,#4815,#4816,#4817,#4818,
#4819,#4820,#4821,#4822,#4823,#4824,#4825,#4826,#4827,#4828,#4829,#4830,#4831,#4832,
#4833),
.UNSPECIFIED.,.F.,.F.,
(4,1,1,1,1,1,1,1,1,1,1,1,1,1,1,1,1,1,1,1,1,1,1,1,1,1,1,1,1,1,1,1,1,1,1,1,1,1,1,1,
4),
(0.,0.0269745655961321,0.0538734059462639,0.0806160869064669,0.107332391596013,0.134096247100352,
0.160681322776026,0.18707061103332,0.213147172073269,0.239150687216259,0.264811778017582,
0.290207027547468,0.315224205226935,0.340118956140593,0.364759766581949,0.389243118393253,
0.413541095890508,0.43780333556847,0.461997249225021,0.486159342916023,0.51028789262633,
0.534408973764946,0.558542364685044,0.582702914506468,0.606915794540413,0.63114959243685,
0.655475248152087,0.679855760221819,0.704320547420972,0.728820935733962,0.753376398275097,
0.777937076294937,0.802525914860804,0.827119495115571,0.851729592666202,0.876370484550735,
0.901061065101605,0.925761362423208,0.950498353698775,0.975265933362099,1.),
.UNSPECIFIED.);
#2892=LINE('',#4834,#4835);
#2893=VERTEX_POINT('',#4837);
#2894=CIRCLE('',#4838,36.25);
#2895=LINE('',#4842,#4843);
#2896=VERTEX_POINT('',#4845);
#2897=B_SPLINE_CURVE_WITH_KNOTS('',3,
(#4846,#4847,#4848,#4849,#4850,#4851,#4852,#4853,#4854,#4855,#4856,#4857,#4858,#4859,
#4860,#4861,#4862,#4863,#4864,#4865,#4866,#4867,#4868,#4869,#4870,#4871,#4872,#4873,
#4874,#4875,#4876,#4877,#4878,#4879),
.UNSPECIFIED.,.F.,.F.,
(4,1,1,1,1,1,1,1,1,1,1,1,1,1,1,1,1,1,1,1,1,1,1,1,1,1,1,1,1,1,1,4),
(0.,0.0397855026258478,0.0792471253154638,0.118367452077071,0.156735072969997,0.194609692147766,
0.231411885217033,0.267552691285451,0.302737068663741,0.337627658592359,0.371293962373811,
0.404021766436195,0.435187141394018,0.465730382852388,0.494680060160736,0.522667708659504,
0.558040958005171,0.600143720461425,0.640615925454317,0.671159297809321,0.703900066830001,
0.746261667566151,0.789312765361529,0.822548610454058,0.84590728897214,0.868344522410356,
0.896569393907946,0.924280459781012,0.951389300977142,0.969468587717473,0.985680092002954,
1.),
.UNSPECIFIED.);
#2898=VERTEX_POINT('',#4880);
#2899=B_SPLINE_CURVE_WITH_KNOTS('',3,
(#4881,#4882,#4883,#4884,#4885,#4886,#4887,#4888,#4889,#4890,#4891,#4892,#4893,#4894,
#4895,#4896,#4897,#4898,#4899,#4900,#4901,#4902,#4903,#4904,#4905,#4906,#4907,#4908,
#4909,#4910,#4911,#4912,#4913,#4914,#4915,#4916,#4917,#4918,#4919,#4920,#4921,#4922,
#4923),
.UNSPECIFIED.,.F.,.F.,
(4,1,1,1,1,1,1,1,1,1,1,1,1,1,1,1,1,1,1,1,1,1,1,1,1,1,1,1,1,1,1,1,1,1,1,1,1,1,1,1,
4),
(0.,0.0269745542485484,0.0538733809370285,0.0806160617237012,0.107332371745416,0.13409623244057,
0.16068131308337,0.187070605699407,0.21314717007771,0.239150687716559,0.264811779831215,
0.290207030010177,0.315224207611673,0.340118958188555,0.364759768044885,0.389243119212832,
0.413541096123085,0.437803335353632,0.46199724876771,0.486159342342956,0.510287892081574,
0.534408973308315,0.558542364374109,0.582702914354446,0.606915794532708,0.631149592538768,
0.65547524831237,0.679855760408606,0.704320547597994,0.728820935886331,0.753376398388098,
0.777937076364988,0.802525914891013,0.827119495114188,0.851729592645504,0.876370484518328,
0.901061065066518,0.925761362389433,0.950498353672275,0.975265933346907,1.),
.UNSPECIFIED.);
#2900=LINE('',#4924,#4925);
#2901=VERTEX_POINT('',#4927);
#2902=LINE('',#4928,#4929);
#2903=CIRCLE('',#4931,36.25);
#2904=VERTEX_POINT('',#4935);
#2905=B_SPLINE_CURVE_WITH_KNOTS('',3,
(#4936,#4937,#4938,#4939,#4940,#4941,#4942,#4943,#4944,#4945,#4946,#4947,#4948,#4949,
#4950,#4951,#4952,#4953,#4954,#4955,#4956,#4957,#4958,#4959,#4960,#4961,#4962,#4963,
#4964,#4965,#4966,#4967,#4968,#4969),
.UNSPECIFIED.,.F.,.F.,
(4,1,1,1,1,1,1,1,1,1,1,1,1,1,1,1,1,1,1,1,1,1,1,1,1,1,1,1,1,1,1,4),
(0.,0.0397855023455302,0.079247124802097,0.118367451354255,0.156735072122258,0.194609691237069,
0.231411884373305,0.267552690614666,0.302737068328363,0.337627658697703,0.371293962960032,
0.404021767462704,0.43518714270584,0.465730384299167,0.49468006140216,0.522667709408906,
0.558040957394032,0.600143717862782,0.640615921160673,0.671159292903656,0.703900063842445,
0.746261669797038,0.789312774434746,0.822548623753056,0.845907301033217,0.868344529502306,
0.896569387115168,0.924280439092638,0.951389274611809,0.9694685767085,0.985680092374824,
1.),
.UNSPECIFIED.);
#2906=VERTEX_POINT('',#4970);
#2907=B_SPLINE_CURVE_WITH_KNOTS('',3,
(#4971,#4972,#4973,#4974,#4975,#4976,#4977,#4978,#4979,#4980,#4981,#4982,#4983,#4984,
#4985,#4986,#4987,#4988,#4989,#4990,#4991,#4992,#4993,#4994,#4995,#4996,#4997,#4998,
#4999,#5000,#5001,#5002,#5003,#5004,#5005,#5006,#5007,#5008,#5009,#5010,#5011,#5012,
#5013),
.UNSPECIFIED.,.F.,.F.,
(4,1,1,1,1,1,1,1,1,1,1,1,1,1,1,1,1,1,1,1,1,1,1,1,1,1,1,1,1,1,1,1,1,1,1,1,1,1,1,1,
4),
(0.,0.0269745295758835,0.0538733265659077,0.0806160069602744,0.107332328552878,0.134096200511627,
0.160681291932464,0.187070594005083,0.213147165624017,0.239150688673249,0.264811783630202,
0.290207035208977,0.315224212632127,0.340118962468931,0.364759771047326,0.389243120811347,
0.413541096441239,0.437803334695007,0.461997247578741,0.486159340899918,0.510287890699041,
0.53440897211687,0.558542363500422,0.582702913828208,0.606915794323525,0.631149592571618,
0.655475248477299,0.679855760637389,0.704320547813545,0.728820936057025,0.753376398483621,
0.777937076378522,0.802525914830736,0.827119494998338,0.851729592501779,0.876370484364132,
0.901061064922388,0.925761362264251,0.950498353580045,0.975265933296509,1.),
.UNSPECIFIED.);
#2908=LINE('',#5014,#5015);
#2909=VERTEX_POINT('',#5017);
#2910=CIRCLE('',#5018,36.25);
#2911=LINE('',#5022,#5023);
#2912=VERTEX_POINT('',#5025);
#2913=B_SPLINE_CURVE_WITH_KNOTS('',3,
(#5026,#5027,#5028,#5029,#5030,#5031,#5032,#5033,#5034,#5035,#5036,#5037,#5038,#5039,
#5040,#5041,#5042,#5043,#5044,#5045,#5046,#5047,#5048,#5049,#5050,#5051,#5052,#5053,
#5054,#5055,#5056,#5057,#5058,#5059,#5060),
.UNSPECIFIED.,.F.,.F.,
(4,1,1,1,1,1,1,1,1,1,1,1,1,1,1,1,1,1,1,1,1,1,1,1,1,1,1,1,1,1,1,1,4),
(0.,0.0397855029617911,0.0792471259171904,0.118367452874981,0.156735073851517,0.194609693043053,
0.231411885967672,0.267552691758224,0.302737068649666,0.337627657951532,0.371293961055365,
0.404021764497348,0.435187139045388,0.465730380295145,0.494680057850677,0.522667706979016,
0.527689683597052,0.558040958101787,0.600143723166886,0.640615930389241,0.671159303553182,
0.70390007005599,0.746261663933855,0.789312752739171,0.822548592298615,0.84590727250098,
0.868344512559048,0.896569402486418,0.924280486809421,0.951389335603353,0.969468602131064,
0.985680091450127,1.),
.UNSPECIFIED.);
#2914=VERTEX_POINT('',#5061);
#2915=B_SPLINE_CURVE_WITH_KNOTS('',3,
(#5062,#5063,#5064,#5065,#5066,#5067,#5068,#5069,#5070,#5071,#5072,#5073,#5074,#5075,
#5076,#5077,#5078,#5079,#5080,#5081,#5082,#5083,#5084,#5085,#5086,#5087,#5088,#5089,
#5090,#5091,#5092,#5093,#5094,#5095,#5096,#5097,#5098,#5099,#5100,#5101,#5102,#5103,
#5104),
.UNSPECIFIED.,.F.,.F.,
(4,1,1,1,1,1,1,1,1,1,1,1,1,1,1,1,1,1,1,1,1,1,1,1,1,1,1,1,1,1,1,1,1,1,1,1,1,1,1,1,
4),
(0.,0.0269745868232296,0.0538734527275612,0.0806161340167815,0.107332428738542,0.134096274539497,
0.160681340929974,0.187070621039751,0.213147175840152,0.239150686319143,0.264811774667599,
0.290207022986691,0.315224200814597,0.340118952360565,0.364759763898014,0.389243116914323,
0.413541095510834,0.437803336026924,0.461997250137984,0.486159344046228,0.510287893703868,
0.534408974677778,0.55854236532502,0.582702914848604,0.60691579461161,0.631149592301888,
0.655475247906408,0.679855759924748,0.704320547139815,0.728820935496333,0.753376398108019,
0.777937076204847,0.802525914841472,0.827119495151482,0.851729592734065,0.876370484636061,
0.90106106518726,0.925761362501642,0.95049835375856,0.975265933395656,1.),
.UNSPECIFIED.);
#2916=LINE('',#5105,#5106);
#2917=VERTEX_POINT('',#5108);
#2918=LINE('',#5109,#5110);
#2919=CIRCLE('',#5112,36.25);
#2920=VERTEX_POINT('',#5116);
#2921=B_SPLINE_CURVE_WITH_KNOTS('',3,
(#5117,#5118,#5119,#5120,#5121,#5122,#5123,#5124,#5125,#5126,#5127,#5128,#5129,#5130,
#5131,#5132,#5133,#5134,#5135,#5136,#5137,#5138,#5139,#5140,#5141,#5142,#5143,#5144,
#5145,#5146,#5147,#5148,#5149,#5150),
.UNSPECIFIED.,.F.,.F.,
(4,1,1,1,1,1,1,1,1,1,1,1,1,1,1,1,1,1,1,1,1,1,1,1,1,1,1,1,1,1,1,4),
(0.,0.039785502416121,0.0792471249385456,0.118367451575274,0.156735072411489,0.19460969157512,
0.231411884726482,0.267552690957873,0.302737068625879,0.337627658928967,0.371293963116115,
0.404021767549965,0.435187142752469,0.465730384334056,0.494680061490573,0.522667709606606,
0.558040957875594,0.600143718752558,0.640615922396348,0.671159294262439,0.703900064807937,
0.746261669696125,0.789312772934166,0.822548621378328,0.84590729888255,0.868344528322291,
0.896569388681426,0.924280443404358,0.951389280014551,0.969468578987232,0.985680092331437,
1.),
.UNSPECIFIED.);
#2922=VERTEX_POINT('',#5151);
#2923=B_SPLINE_CURVE_WITH_KNOTS('',3,
(#5152,#5153,#5154,#5155,#5156,#5157,#5158,#5159,#5160,#5161,#5162,#5163,#5164,#5165,
#5166,#5167,#5168,#5169,#5170,#5171,#5172,#5173,#5174,#5175,#5176,#5177,#5178,#5179,
#5180,#5181,#5182,#5183,#5184,#5185,#5186,#5187,#5188,#5189,#5190,#5191,#5192,#5193,
#5194),
.UNSPECIFIED.,.F.,.F.,
(4,1,1,1,1,1,1,1,1,1,1,1,1,1,1,1,1,1,1,1,1,1,1,1,1,1,1,1,1,1,1,1,1,1,1,1,1,1,1,1,
4),
(0.,0.0269745345445239,0.0538733375123478,0.0806160179935954,0.107332337267913,0.134096206970248,
0.160681296232042,0.187070596411044,0.213147166581222,0.239150688549451,0.264811782940993,
0.290207034243906,0.315224211707616,0.34011896169756,0.364759770536441,0.389243120585827,
0.413541096475685,0.437803334928255,0.461997247920432,0.486159341294039,0.510287891081545,
0.534408972461173,0.558542363780226,0.582702914037025,0.606915794466773,0.631149592664183,
0.65547524854056,0.679855760684497,0.704320547859108,0.728820936107032,0.753376398543296,
0.777937076448711,0.802525914909049,0.827119495080939,0.851729592582592,0.876370484439189,
0.901061064987066,0.925761362316672,0.950498353616805,0.975265933315777,1.),
.UNSPECIFIED.);
#2924=LINE('',#5195,#5196);
#2925=VERTEX_POINT('',#5198);
#2926=LINE('',#5199,#5200);
#2927=CIRCLE('',#5202,36.25);
#2928=VERTEX_POINT('',#5206);
#2929=B_SPLINE_CURVE_WITH_KNOTS('',3,
(#5207,#5208,#5209,#5210,#5211,#5212,#5213,#5214,#5215,#5216,#5217,#5218,#5219,#5220,
#5221,#5222,#5223,#5224,#5225,#5226,#5227,#5228,#5229,#5230,#5231,#5232,#5233,#5234,
#5235,#5236,#5237,#5238,#5239,#5240),
.UNSPECIFIED.,.F.,.F.,
(4,1,1,1,1,1,1,1,1,1,1,1,1,1,1,1,1,1,1,1,1,1,1,1,1,1,1,1,1,1,1,4),
(0.,0.0397854997682711,0.0792471201796929,0.118367445239629,0.156735065359569,0.194609684344127,
0.231411878531412,0.267552686819353,0.302737068143877,0.337627663173211,0.371293972480896,
0.404021781603143,0.435187159893695,0.465730403030407,0.494680078270293,0.522667721555197,
0.558040956233598,0.60014369717595,0.640615883790943,0.671159249485673,0.70390003927836,
0.746261696575762,0.789312868514082,0.822548759264638,0.845907423971826,0.868344602941559,
0.8965693227073,0.924280236689845,0.951389015414658,0.969468468789924,0.985680096477779,
1.),
.UNSPECIFIED.);
#2930=VERTEX_POINT('',#5241);
#2931=B_SPLINE_CURVE_WITH_KNOTS('',3,
(#5242,#5243,#5244,#5245,#5246,#5247,#5248,#5249,#5250,#5251,#5252,#5253,#5254,#5255,
#5256,#5257,#5258,#5259,#5260,#5261,#5262,#5263,#5264,#5265,#5266,#5267,#5268,#5269,
#5270,#5271,#5272,#5273,#5274,#5275,#5276,#5277,#5278,#5279,#5280,#5281,#5282,#5283,
#5284,#5285),
.UNSPECIFIED.,.F.,.F.,
(4,1,1,1,1,1,1,1,1,1,1,1,1,1,1,1,1,1,1,1,1,1,1,1,1,1,1,1,1,1,1,1,1,1,1,1,1,1,1,1,
1,4),
(0.,0.0269742858308962,0.053872789384804,0.0806154660086344,0.107331902074352,0.134095885470077,
0.160681083525272,0.187070479167679,0.213147122445691,0.239150699061288,0.264811822192575,
0.290207087682211,0.315224263406623,0.340119005987951,0.364759801984005,0.389243137914632,
0.413541100924683,0.437803329557161,0.461997237223938,0.472291827843125,0.486159328052234,
0.510287878456776,0.534408961766135,0.558542356282042,0.582702910028537,0.606915793632757,
0.631149594245599,0.655475251419202,0.679855764165417,0.704320551153604,0.72882093889151,
0.75337640050102,0.777937077504394,0.802525915135704,0.827119494660395,0.851729591787615,
0.876370483439497,0.90106106398352,0.925761361397669,0.950498352916343,0.975265932922702,
1.),
.UNSPECIFIED.);
#2932=LINE('',#5286,#5287);
#2933=VERTEX_POINT('',#5289);
#2934=LINE('',#5290,#5291);
#2935=CIRCLE('',#5293,36.25);
#2936=VERTEX_POINT('',#5297);
#2937=B_SPLINE_CURVE_WITH_KNOTS('',3,
(#5298,#5299,#5300,#5301,#5302,#5303,#5304,#5305,#5306,#5307,#5308,#5309,#5310,#5311,
#5312,#5313,#5314,#5315,#5316,#5317,#5318,#5319,#5320,#5321,#5322,#5323,#5324,#5325,
#5326,#5327,#5328,#5329,#5330,#5331),
.UNSPECIFIED.,.F.,.F.,
(4,1,1,1,1,1,1,1,1,1,1,1,1,1,1,1,1,1,1,1,1,1,1,1,1,1,1,1,1,1,1,4),
(0.,0.0397855022749282,0.0792471246847865,0.118367451237435,0.156735072035463,0.194609691189536,
0.231411884396141,0.267552690737192,0.302737068600177,0.337627659155292,0.371293963615493,
0.404021768299345,0.435187143666517,0.465730385331034,0.494680062385351,0.522667710243764,
0.558040957788027,0.600143717601974,0.640615920337704,0.671159291874704,0.703900063446558,
0.746261671129486,0.789312778031002,0.822548628731178,0.845907305552995,0.868344532301395,
0.896569385163281,0.924280432381105,0.951389265904547,0.969468573110846,0.985680092552501,
1.),
.UNSPECIFIED.);
#2938=VERTEX_POINT('',#5332);
#2939=B_SPLINE_CURVE_WITH_KNOTS('',3,
(#5333,#5334,#5335,#5336,#5337,#5338,#5339,#5340,#5341,#5342,#5343,#5344,#5345,#5346,
#5347,#5348,#5349,#5350,#5351,#5352,#5353,#5354,#5355,#5356,#5357,#5358,#5359,#5360,
#5361,#5362,#5363,#5364,#5365,#5366,#5367,#5368,#5369,#5370,#5371,#5372,#5373,#5374,
#5375),
.UNSPECIFIED.,.F.,.F.,
(4,1,1,1,1,1,1,1,1,1,1,1,1,1,1,1,1,1,1,1,1,1,1,1,1,1,1,1,1,1,1,1,1,1,1,1,1,1,1,1,
4),
(0.,0.0269745212817456,0.0538733082831922,0.0806159885588418,0.107332314061094,0.134096189826154,
0.16068128488939,0.187070590159002,0.213147164227678,0.239150689109995,0.264811785034098,
0.290207037093514,0.315224214464484,0.340118964059355,0.364759772213384,0.389243121509886,
0.413541096712922,0.437803334641831,0.461997247350036,0.486159340587913,0.510287890408319,
0.534408971890847,0.55854236338038,0.582702913823279,0.606915794422311,0.631149592748533,
0.655475248694079,0.679855760870142,0.704320548034818,0.728820936255545,0.753376398647715,
0.777937076505031,0.802525914921161,0.827119495058536,0.851729592540213,0.876370484385893,
0.901061064933559,0.925761362267673,0.950498353579459,0.975265933294817,1.),
.UNSPECIFIED.);
#2940=LINE('',#5376,#5377);
#2941=VERTEX_POINT('',#5379);
#2942=LINE('',#5380,#5381);
#2943=CIRCLE('',#5383,36.25);
#2944=VERTEX_POINT('',#5387);
#2945=B_SPLINE_CURVE_WITH_KNOTS('',3,
(#5388,#5389,#5390,#5391,#5392,#5393,#5394,#5395,#5396,#5397,#5398,#5399,#5400,#5401,
#5402,#5403,#5404,#5405,#5406,#5407,#5408,#5409,#5410,#5411,#5412,#5413,#5414,#5415,
#5416,#5417,#5418,#5419,#5420,#5421),
.UNSPECIFIED.,.F.,.F.,
(4,1,1,1,1,1,1,1,1,1,1,1,1,1,1,1,1,1,1,1,1,1,1,1,1,1,1,1,1,1,1,4),
(0.,0.0397855028403212,0.0792471257009332,0.11836745259027,0.15673507354123,0.194609692733536,
0.231411885718932,0.267552691620836,0.302737068703022,0.337627658248907,0.371293961615686,
0.404021765298404,0.435187140006171,0.465730381338612,0.494680058802187,0.522667707692216,
0.558040958138541,0.600143722209217,0.640615928581184,0.671159301435979,0.703900068897905,
0.746261665389658,0.789312757621285,0.82254859928758,0.845907278842004,0.868344516367544,
0.896569399251183,0.924280476522208,0.951389322406132,0.969468596642013,0.985680091667253,
1.),
.UNSPECIFIED.);
#2946=VERTEX_POINT('',#5422);
#2947=B_SPLINE_CURVE_WITH_KNOTS('',3,
(#5423,#5424,#5425,#5426,#5427,#5428,#5429,#5430,#5431,#5432,#5433,#5434,#5435,#5436,
#5437,#5438,#5439,#5440,#5441,#5442,#5443,#5444,#5445,#5446,#5447,#5448,#5449,#5450,
#5451,#5452,#5453,#5454,#5455,#5456,#5457,#5458,#5459,#5460,#5461,#5462,#5463,#5464,
#5465),
.UNSPECIFIED.,.F.,.F.,
(4,1,1,1,1,1,1,1,1,1,1,1,1,1,1,1,1,1,1,1,1,1,1,1,1,1,1,1,1,1,1,1,1,1,1,1,1,1,1,1,
4),
(0.,0.0269745743907471,0.0538734253273618,0.0806161064262613,0.107332406989635,0.13409625847733,
0.160681330309497,0.187070615194441,0.213147173652098,0.239150686865327,0.264811776652491,
0.290207025682557,0.315224203424916,0.340118954601789,0.364759765498215,0.389243117809569,
0.413541095762895,0.437803335788734,0.461997249634083,0.486159343415471,0.510287893104125,
0.534408974174589,0.558542364981479,0.582702914679203,0.606915794600373,0.631149592410811,
0.655475248079355,0.679855760126808,0.70432054733128,0.728820935660916,0.753376398229633,
0.77793707627957,0.802525914872719,0.8271194951483,0.851729592709937,0.876370484599332,
0.901061065147824,0.925761362463883,0.950498353729015,0.975265933378744,1.),
.UNSPECIFIED.);
#2948=LINE('',#5466,#5467);
#2949=VERTEX_POINT('',#5469);
#2950=LINE('',#5470,#5471);
#2951=CIRCLE('',#5473,36.25);
#2952=VERTEX_POINT('',#5477);
#2953=B_SPLINE_CURVE_WITH_KNOTS('',3,
(#5478,#5479,#5480,#5481,#5482,#5483,#5484,#5485,#5486,#5487,#5488,#5489,#5490,#5491,
#5492,#5493,#5494,#5495,#5496,#5497,#5498,#5499,#5500,#5501,#5502,#5503,#5504,#5505,
#5506,#5507,#5508,#5509,#5510,#5511),
.UNSPECIFIED.,.F.,.F.,
(4,1,1,1,1,1,1,1,1,1,1,1,1,1,1,1,1,1,1,1,1,1,1,1,1,1,1,1,1,1,1,4),
(0.,0.0397855026919239,0.0792471254342219,0.118367452235168,0.15673507314596,0.194609692328191,
0.231411885371576,0.26755269138865,0.302737068675648,0.337627658486277,0.371293962139893,
0.404021766085239,0.435187140965984,0.465730382385521,0.494680059741707,0.52266770836107,
0.558040958045993,0.600143720999874,0.640615926417842,0.671159298926896,0.703900067467102,
0.746261666894981,0.789312762975412,0.822548607011862,0.845907285849403,0.868344520547508,
0.896569395554778,0.924280464941179,0.951389307582317,0.96946859046831,0.985680091899446,
1.),
.UNSPECIFIED.);
#2954=VERTEX_POINT('',#5512);
#2955=B_SPLINE_CURVE_WITH_KNOTS('',3,
(#5513,#5514,#5515,#5516,#5517,#5518,#5519,#5520,#5521,#5522,#5523,#5524,#5525,#5526,
#5527,#5528,#5529,#5530,#5531,#5532,#5533,#5534,#5535,#5536,#5537,#5538,#5539,#5540,
#5541,#5542,#5543,#5544,#5545,#5546,#5547,#5548,#5549,#5550,#5551,#5552,#5553,#5554,
#5555),
.UNSPECIFIED.,.F.,.F.,
(4,1,1,1,1,1,1,1,1,1,1,1,1,1,1,1,1,1,1,1,1,1,1,1,1,1,1,1,1,1,1,1,1,1,1,1,1,1,1,1,
4),
(0.,0.0269745604571696,0.0538733946198907,0.0806160755028051,0.10733238260907,0.134096240466114,
0.160681318393116,0.187070608626116,0.213147171179436,0.239150687454123,0.264811778851352,
0.29020702867618,0.31522420632109,0.34011895708292,0.364759767259847,0.389243118780227,
0.413541096011992,0.437803335487681,0.461997249034683,0.486159342673479,0.5102878923967,
0.534408973575269,0.558542364561259,0.582702914454486,0.606915794553503,0.631149592499264,
0.655475248240491,0.679855760321694,0.704320547515739,0.728820935816801,0.753376398339221,
0.777937076338623,0.802525914885349,0.827119495124675,0.851729592665347,0.876370484543278,
0.901061065091569,0.925761362412377,0.950498353689756,0.975265933356718,1.),
.UNSPECIFIED.);
#2956=LINE('',#5556,#5557);
#2957=VERTEX_POINT('',#5559);
#2958=CIRCLE('',#5560,36.25);
#2959=LINE('',#5564,#5565);
#2960=VERTEX_POINT('',#5567);
#2961=B_SPLINE_CURVE_WITH_KNOTS('',3,
(#5568,#5569,#5570,#5571,#5572,#5573,#5574,#5575,#5576,#5577,#5578,#5579,#5580,#5581,
#5582,#5583,#5584,#5585,#5586,#5587,#5588,#5589,#5590,#5591,#5592,#5593,#5594,#5595,
#5596,#5597,#5598,#5599,#5600,#5601,#5602),
.UNSPECIFIED.,.F.,.F.,
(4,1,1,1,1,1,1,1,1,1,1,1,1,1,1,1,1,1,1,1,1,1,1,1,1,1,1,1,1,1,1,1,4),
(0.,0.0397855028514386,0.0792471257209154,0.118367452616875,0.156735073570847,0.194609692763908,
0.231411885744959,0.267552691638225,0.302737068705071,0.337627658231124,0.371293961576414,
0.404021765239455,0.435187139934266,0.465730381260181,0.494680058731804,0.522667707642119,
0.527689683822925,0.558040958145483,0.600143722299835,0.640615928743283,0.671159301623983,
0.70390006900511,0.746261665276878,0.789312757220149,0.82254859870887,0.845907278317005,
0.868344516054373,0.89656939952813,0.92428047738989,0.951389323516765,0.96946859710456,
0.985680091649851,1.),
.UNSPECIFIED.);
#2962=VERTEX_POINT('',#5603);
#2963=B_SPLINE_CURVE_WITH_KNOTS('',3,
(#5604,#5605,#5606,#5607,#5608,#5609,#5610,#5611,#5612,#5613,#5614,#5615,#5616,#5617,
#5618,#5619,#5620,#5621,#5622,#5623,#5624,#5625,#5626,#5627,#5628,#5629,#5630,#5631,
#5632,#5633,#5634,#5635,#5636,#5637,#5638,#5639,#5640,#5641,#5642,#5643,#5644,#5645,
#5646),
.UNSPECIFIED.,.F.,.F.,
(4,1,1,1,1,1,1,1,1,1,1,1,1,1,1,1,1,1,1,1,1,1,1,1,1,1,1,1,1,1,1,1,1,1,1,1,1,1,1,1,
4),
(0.,0.0269745754346779,0.0538734276280373,0.0806161087431126,0.107332408816275,0.13409625982677,
0.160681331202302,0.187070615686551,0.213147173837351,0.239150686821204,0.264811776487743,
0.290207025458253,0.315224203207911,0.340118954415882,0.364759765366207,0.389243117736824,
0.413541095744215,0.437803335811277,0.461997249678978,0.486159343471052,0.510287893157118,
0.53440897421948,0.558542365012953,0.582702914696028,0.606915794603871,0.631149592404169,
0.655475248067271,0.679855760112203,0.704320547317465,0.72882093564924,0.753376398221427,
0.777937076275146,0.802525914871774,0.827119495150071,0.851729592713279,0.876370484603534,
0.901061065152043,0.925761362467754,0.950498353731963,0.975265933380401,1.),
.UNSPECIFIED.);
#2964=LINE('',#5647,#5648);
#2965=VERTEX_POINT('',#5650);
#2966=LINE('',#5651,#5652);
#2967=CIRCLE('',#5654,36.25);
#2968=VERTEX_POINT('',#5658);
#2969=B_SPLINE_CURVE_WITH_KNOTS('',3,
(#5659,#5660,#5661,#5662,#5663,#5664,#5665,#5666,#5667,#5668,#5669,#5670,#5671,#5672,
#5673,#5674,#5675,#5676,#5677,#5678,#5679,#5680,#5681,#5682,#5683,#5684,#5685,#5686,
#5687,#5688,#5689,#5690,#5691,#5692),
.UNSPECIFIED.,.F.,.F.,
(4,1,1,1,1,1,1,1,1,1,1,1,1,1,1,1,1,1,1,1,1,1,1,1,1,1,1,1,1,1,1,4),
(0.,0.039785502416115,0.0792471249385388,0.11836745157527,0.15673507241149,0.194609691575116,
0.231411884726479,0.26755269095787,0.302737068625874,0.33762765892896,0.371293963116109,
0.404021767549957,0.435187142752463,0.465730384334051,0.494680061490571,0.522667709606608,
0.558040957875594,0.600143718752566,0.640615922396365,0.671159294262448,0.703900064807935,
0.746261669696119,0.789312772934151,0.82254862137832,0.845907298882538,0.868344528322285,
0.896569388681429,0.924280443404364,0.951389280014561,0.969468578987234,0.985680092331433,
1.),
.UNSPECIFIED.);
#2970=VERTEX_POINT('',#5693);
#2971=B_SPLINE_CURVE_WITH_KNOTS('',3,
(#5694,#5695,#5696,#5697,#5698,#5699,#5700,#5701,#5702,#5703,#5704,#5705,#5706,#5707,
#5708,#5709,#5710,#5711,#5712,#5713,#5714,#5715,#5716,#5717,#5718,#5719,#5720,#5721,
#5722,#5723,#5724,#5725,#5726,#5727,#5728,#5729,#5730,#5731,#5732,#5733,#5734,#5735,
#5736),
.UNSPECIFIED.,.F.,.F.,
(4,1,1,1,1,1,1,1,1,1,1,1,1,1,1,1,1,1,1,1,1,1,1,1,1,1,1,1,1,1,1,1,1,1,1,1,1,1,1,1,
4),
(0.,0.0269745345445336,0.0538733375123689,0.0806160179936174,0.107332337267931,0.134096206970258,
0.160681296232047,0.187070596411042,0.213147166581227,0.239150688549455,0.264811782940989,
0.290207034243896,0.315224211707615,0.340118961697559,0.364759770536445,0.38924312058584,
0.413541096475697,0.437803334928257,0.461997247920431,0.486159341294037,0.510287891081538,
0.534408972461165,0.558542363780225,0.582702914037031,0.60691579446678,0.631149592664193,
0.655475248540565,0.679855760684509,0.704320547859116,0.728820936107042,0.753376398543302,
0.777937076448722,0.802525914909059,0.827119495080944,0.851729592582591,0.876370484439189,
0.901061064987062,0.925761362316668,0.950498353616804,0.975265933315773,1.),
.UNSPECIFIED.);
#2972=LINE('',#5737,#5738);
#2973=VERTEX_POINT('',#5740);
#2974=LINE('',#5741,#5742);
#2975=CIRCLE('',#5744,36.25);
#2976=VERTEX_POINT('',#5748);
#2977=B_SPLINE_CURVE_WITH_KNOTS('',3,
(#5749,#5750,#5751,#5752,#5753,#5754,#5755,#5756,#5757,#5758,#5759,#5760,#5761,#5762,
#5763,#5764,#5765,#5766,#5767,#5768,#5769,#5770,#5771,#5772,#5773,#5774,#5775,#5776,
#5777,#5778,#5779,#5780,#5781,#5782),
.UNSPECIFIED.,.F.,.F.,
(4,1,1,1,1,1,1,1,1,1,1,1,1,1,1,1,1,1,1,1,1,1,1,1,1,1,1,1,1,1,1,4),
(0.,0.0397855030717965,0.0792471261169507,0.118367453144109,0.15673507415765,0.194609693365565,
0.231411886260328,0.26755269198235,0.302737068744758,0.337627657877324,0.371293960796311,
0.404021764069028,0.435187138506739,0.465730379703169,0.494680057334326,0.522667706646785,
0.558040958281502,0.600143724095324,0.640615931956351,0.671159305350798,0.703900071129685,
0.746261663038618,0.789312749262897,0.822548587229809,0.845907267903288,0.868344509842162,
0.896569405019956,0.924280494598021,0.951389345543695,0.96946860627806,0.985680091304696,
1.),
.UNSPECIFIED.);
#2978=VERTEX_POINT('',#5783);
#2979=B_SPLINE_CURVE_WITH_KNOTS('',3,
(#5784,#5785,#5786,#5787,#5788,#5789,#5790,#5791,#5792,#5793,#5794,#5795,#5796,#5797,
#5798,#5799,#5800,#5801,#5802,#5803,#5804,#5805,#5806,#5807,#5808,#5809,#5810,#5811,
#5812,#5813,#5814,#5815,#5816,#5817,#5818,#5819,#5820,#5821,#5822,#5823,#5824,#5825,
#5826,#5827),
.UNSPECIFIED.,.F.,.F.,
(4,1,1,1,1,1,1,1,1,1,1,1,1,1,1,1,1,1,1,1,1,1,1,1,1,1,1,1,1,1,1,1,1,1,1,1,1,1,1,1,
1,4),
(0.,0.0269745961391332,0.0538734732575147,0.0806161546934694,0.107332445044245,0.134096286590243,
0.160681348909175,0.18707062544648,0.21314717751134,0.239150685945997,0.264811773220049,
0.290207021009558,0.31522419890401,0.340118950728717,0.364759762748156,0.389243116294101,
0.413541095373678,0.437803336258214,0.461997250569232,0.472291834372149,0.486159344573191,
0.510287894207876,0.534408975109598,0.558542365636945,0.582702915029522,0.606915794673108,
0.631149592272335,0.655475247827449,0.679855759822245,0.704320547043036,0.728820935417278,
0.753376398058301,0.777937076187126,0.80252591485279,0.827119495184972,0.851729592779367,
0.876370484686675,0.901061065235517,0.925761362544204,0.95049835379024,0.975265933413105,
1.),
.UNSPECIFIED.);
#2980=LINE('',#5828,#5829);
#2981=VERTEX_POINT('',#5831);
#2982=LINE('',#5832,#5833);
#2983=CIRCLE('',#5835,36.25);
#2984=VERTEX_POINT('',#5839);
#2985=B_SPLINE_CURVE_WITH_KNOTS('',3,
(#5840,#5841,#5842,#5843,#5844,#5845,#5846,#5847,#5848,#5849,#5850,#5851,#5852,#5853,
#5854,#5855,#5856,#5857,#5858,#5859,#5860,#5861,#5862,#5863,#5864,#5865,#5866,#5867,
#5868,#5869,#5870,#5871,#5872,#5873),
.UNSPECIFIED.,.F.,.F.,
(4,1,1,1,1,1,1,1,1,1,1,1,1,1,1,1,1,1,1,1,1,1,1,1,1,1,1,1,1,1,1,4),
(0.,0.0397855029263495,0.0792471258555435,0.118367452796112,0.156735073770349,0.194609692968471,
0.23141188592021,0.267552691755294,0.302737068718684,0.337627658111018,0.371293961311441,
0.404021764841837,0.435187139449279,0.465730380731191,0.494680058257037,0.522667707304025,
0.558040958191898,0.600143722910239,0.640615929835465,0.671159302890765,0.703900069727339,
0.746261664516339,0.789312754515918,0.822548594807698,0.84590727477789,0.868344513943181,
0.896569401394683,0.924280483238348,0.951389331002935,0.969468600222317,0.985680091532557,
1.),
.UNSPECIFIED.);
#2986=VERTEX_POINT('',#5874);
#2987=B_SPLINE_CURVE_WITH_KNOTS('',3,
(#5875,#5876,#5877,#5878,#5879,#5880,#5881,#5882,#5883,#5884,#5885,#5886,#5887,#5888,
#5889,#5890,#5891,#5892,#5893,#5894,#5895,#5896,#5897,#5898,#5899,#5900,#5901,#5902,
#5903,#5904,#5905,#5906,#5907,#5908,#5909,#5910,#5911,#5912,#5913,#5914,#5915,#5916,
#5917),
.UNSPECIFIED.,.F.,.F.,
(4,1,1,1,1,1,1,1,1,1,1,1,1,1,1,1,1,1,1,1,1,1,1,1,1,1,1,1,1,1,1,1,1,1,1,1,1,1,1,1,
4),
(0.,0.02697458247135,0.0538734431357881,0.0806161243599281,0.107332421128823,0.1340962689227,
0.160681337220242,0.187070619003628,0.213147175086055,0.239150686523812,0.264811775377237,
0.290207023946367,0.315224201745239,0.340118953162826,0.364759764476504,0.389243117246571,
0.413541095618359,0.437803335963252,0.461997249981628,0.486159343845717,0.510287893514315,
0.534408974522083,0.558542365225113,0.582702914809455,0.606915794627489,0.631149592359447,
0.655475247985851,0.679855760013742,0.704320547224279,0.728820935570484,0.75337639816606,
0.777937076245303,0.802525914865391,0.827119495161992,0.851729592735788,0.876370484631833,
0.901061065180445,0.925761362493758,0.950498353751782,0.975265933391519,1.),
.UNSPECIFIED.);
#2988=LINE('',#5918,#5919);
#2989=VERTEX_POINT('',#5921);
#2990=CIRCLE('',#5922,36.25);
#2991=LINE('',#5926,#5927);
#2992=VERTEX_POINT('',#5929);
#2993=B_SPLINE_CURVE_WITH_KNOTS('',3,
(#5930,#5931,#5932,#5933,#5934,#5935,#5936,#5937,#5938,#5939,#5940,#5941,#5942,#5943,
#5944,#5945,#5946,#5947,#5948,#5949,#5950,#5951,#5952,#5953,#5954,#5955,#5956,#5957,
#5958,#5959,#5960,#5961,#5962,#5963),
.UNSPECIFIED.,.F.,.F.,
(4,1,1,1,1,1,1,1,1,1,1,1,1,1,1,1,1,1,1,1,1,1,1,1,1,1,1,1,1,1,1,4),
(0.,0.0397855025546998,0.0792471251876052,0.118367451906858,0.15673507278056,0.194609691953558,
0.231411885050708,0.267552691174456,0.302737068651081,0.337627658706804,0.37129396262595,
0.404021766814419,0.435187141855303,0.4657303833555,0.494680060612333,0.522667708981221,
0.558040957961505,0.600143719881811,0.640615924416866,0.67115929660595,0.703900066144089,
0.746261668289278,0.78931276793169,0.822548614161634,0.84590729233562,0.868344524416863,
0.896569392134401,0.924280454223435,0.95138929386321,0.969468584754766,0.985680092114455,
1.),
.UNSPECIFIED.);
#2994=VERTEX_POINT('',#5964);
#2995=B_SPLINE_CURVE_WITH_KNOTS('',3,
(#5965,#5966,#5967,#5968,#5969,#5970,#5971,#5972,#5973,#5974,#5975,#5976,#5977,#5978,
#5979,#5980,#5981,#5982,#5983,#5984,#5985,#5986,#5987,#5988,#5989,#5990,#5991,#5992,
#5993,#5994,#5995,#5996,#5997,#5998,#5999,#6000,#6001,#6002,#6003,#6004,#6005,#6006,
#6007),
.UNSPECIFIED.,.F.,.F.,
(4,1,1,1,1,1,1,1,1,1,1,1,1,1,1,1,1,1,1,1,1,1,1,1,1,1,1,1,1,1,1,1,1,1,1,1,1,1,1,1,
4),
(0.,0.0269745475616643,0.0538733662001476,0.0806160468831866,0.107332360044931,0.134096223796829,
0.160681307364636,0.187070602547299,0.213147168891176,0.239150687999273,0.264811780886633,
0.290207031447034,0.315224209001779,0.340118959379476,0.364759768890521,0.389243119678862,
0.413541096242824,0.437803335209348,0.461997248480242,0.486159341987067,0.510287891742278,
0.534408973020906,0.558542364172649,0.582702914246813,0.606915794510415,0.631149592581411,
0.655475248389898,0.679855760502321,0.704320547686691,0.728820935961306,0.753376398440838,
0.777937076393465,0.802525914897192,0.827119495102954,0.851729592624201,0.876370484491513,
0.901061065039585,0.925761362364767,0.950498353653468,0.975265933336348,1.),
.UNSPECIFIED.);
#2996=LINE('',#6008,#6009);
#2997=CIRCLE('',#6011,36.25);
#2998=CIRCLE('',#6015,35.5);
#2999=CIRCLE('',#6019,35.5);
#3000=CIRCLE('',#6023,35.5);
#3001=CIRCLE('',#6027,35.5);
#3002=CIRCLE('',#6031,35.5);
#3003=CIRCLE('',#6035,35.5);
#3004=CIRCLE('',#6039,35.5);
#3005=CIRCLE('',#6043,35.5);
#3006=CIRCLE('',#6047,35.5);
#3007=CIRCLE('',#6051,35.5);
#3008=CIRCLE('',#6055,35.5);
#3009=CIRCLE('',#6059,35.5);
#3010=CIRCLE('',#6063,35.5);
#3011=CIRCLE('',#6067,35.5);
#3012=CIRCLE('',#6071,35.5);
#3013=CIRCLE('',#6075,35.5);
#3014=CIRCLE('',#6079,35.5);
#3015=CIRCLE('',#6083,35.5);
#3016=CIRCLE('',#6087,35.5);
#3017=CIRCLE('',#6091,35.5);
#3018=CIRCLE('',#6095,35.5);
#3019=CIRCLE('',#6099,35.5);
#3020=CIRCLE('',#6103,35.5);
#3021=CIRCLE('',#6107,35.5);
#3022=CARTESIAN_POINT('',(0.,-31.9,4.));
#3023=AXIS2_PLACEMENT_3D('',#3024,#3025,#3026);
#3024=CARTESIAN_POINT('',(0.,0.,4.));
#3025=DIRECTION('',(0.,0.,-1.));
#3026=DIRECTION('',(0.,-1.,0.));
#3027=CARTESIAN_POINT('',(-29.9,7.32338785890117E-15,4.));
#3028=AXIS2_PLACEMENT_3D('',#3029,#3030,#3031);
#3029=CARTESIAN_POINT('',(0.,0.,4.));
#3030=DIRECTION('',(0.,0.,1.));
#3031=DIRECTION('',(-1.,1.22464679914735E-16,0.));
#3032=CARTESIAN_POINT('',(-29.9,6.43858054651721E-15,-1.));
#3033=AXIS2_PLACEMENT_3D('',#3034,#3035,#3036);
#3034=CARTESIAN_POINT('',(0.,0.,-1.));
#3035=DIRECTION('',(0.,0.,1.));
#3036=DIRECTION('',(-1.,1.22464679914735E-16,0.));
#3037=CARTESIAN_POINT('',(0.404962871715074,-32.5502661510087,3.34721484374999));
#3038=CARTESIAN_POINT('',(-33.1442770972498,-4.86897275621041,2.4));
#3039=CARTESIAN_POINT('',(0.404962871715509,-32.5502661510087,3.34721484375));
#3040=CARTESIAN_POINT('',(-0.79440236196204,-32.5894770781674,3.32292728365385));
#3041=CARTESIAN_POINT('',(-3.20016267134822,-32.5351860579253,3.27435216346154));
#3042=CARTESIAN_POINT('',(-6.785758160141,-32.0548279822651,3.20148948317308));
#3043=CARTESIAN_POINT('',(-10.3042431718859,-31.1796547461621,3.12862680288462));
#3044=CARTESIAN_POINT('',(-13.7121837501601,-29.9186357796958,3.05576412259615));
#3045=CARTESIAN_POINT('',(-16.9673079611751,-28.285514367319,2.98290144230769));
#3046=CARTESIAN_POINT('',(-20.0290316175248,-26.2986602150306,2.91003876201923));
#3047=CARTESIAN_POINT('',(-22.8589636564311,-23.9808642992195,2.83717608173077));
#3048=CARTESIAN_POINT('',(-25.4213873109497,-21.3590785319273,2.76431340144231));
#3049=CARTESIAN_POINT('',(-27.6837103855758,-18.4641031749109,2.69145072115385));
#3050=CARTESIAN_POINT('',(-29.6168791830105,-15.3302254624617,2.61858804086539));
#3051=CARTESIAN_POINT('',(-31.1957506236111,-11.9948143138242,2.54572536057692));
#3052=CARTESIAN_POINT('',(-32.3994184210559,-8.49787348410086,2.47286268028846));
#3053=CARTESIAN_POINT('',(-32.9407973598658,-6.08700288972172,2.42428756009615));
#3054=CARTESIAN_POINT('',(-33.1442770972498,-4.86897275621054,2.4));
#3055=CARTESIAN_POINT('',(-19.9936299105592,-26.879448710857,2.4));
#3056=AXIS2_PLACEMENT_3D('',#3057,#3058,#3059);
#3057=CARTESIAN_POINT('',(0.,0.,2.4));
#3058=DIRECTION('',(0.,0.,-1.));
#3059=DIRECTION('',(-0.596824773449529,-0.802371603309164,0.));
#3060=CARTESIAN_POINT('',(-32.5502664475881,-0.404939032439616,3.34721484375015));
#3061=CARTESIAN_POINT('',(-19.9936299105594,-26.8794487108569,2.4));
#3062=CARTESIAN_POINT('',(-18.8969894463098,-27.686214957236,2.40717587002841));
#3063=CARTESIAN_POINT('',(-16.6059370816454,-29.165354758198,2.42152761008523));
#3064=CARTESIAN_POINT('',(-12.9273935415492,-30.9484967658287,2.44305522017045));
#3065=CARTESIAN_POINT('',(-9.06178151104405,-32.2701701611241,2.46458283025568));
#3066=CARTESIAN_POINT('',(-5.06669658946516,-33.1113590784456,2.48611044034091));
#3067=CARTESIAN_POINT('',(-1.00158307507517,-33.4602005800889,2.50763805042614));
#3068=CARTESIAN_POINT('',(3.07315259600848,-33.3121529485837,2.52916566051136));
#3069=CARTESIAN_POINT('',(7.09703891615629,-32.6700532633117,2.55069327059659));
#3070=CARTESIAN_POINT('',(11.0104368881818,-31.5440658975986,2.57222088068182));
#3071=CARTESIAN_POINT('',(14.7554239071816,-29.9515222119282,2.59374849076705));
#3072=CARTESIAN_POINT('',(18.2766510819387,-27.9166541311734,2.61527610085227));
#3073=CARTESIAN_POINT('',(21.5221612425524,-25.4702256514546,2.6368037109375));
#3074=CARTESIAN_POINT('',(24.4441555622853,-22.6490678891969,2.65833132102273));
#3075=CARTESIAN_POINT('',(26.999697478038,-19.4955246939609,2.67985893110795));
#3076=CARTESIAN_POINT('',(29.1513435449108,-16.0568171690566,2.70138654119318));
#3077=CARTESIAN_POINT('',(30.8676919565583,-12.3843366356113,2.72291415127841));
#3078=CARTESIAN_POINT('',(32.1238406974272,-8.53287662575404,2.74444176136364));
#3079=CARTESIAN_POINT('',(32.9017486444617,-4.5598153817111,2.76596937144886));
#3080=CARTESIAN_POINT('',(33.1904943849392,-0.524261057354665,2.78749698153409));
#3081=CARTESIAN_POINT('',(32.9864290419363,3.51382764350404,2.80902459161932));
#3082=CARTESIAN_POINT('',(32.2932209768417,7.49453230972693,2.83055220170455));
#3083=CARTESIAN_POINT('',(31.1217918458239,11.3588639105899,2.85207981178977));
#3084=CARTESIAN_POINT('',(29.490145100335,15.0496369360993,2.873607421875));
#3085=CARTESIAN_POINT('',(27.42308961663,18.5123156363088,2.89513503196023));
#3086=CARTESIAN_POINT('',(24.9518626922555,21.6958198369963,2.91666264204545));
#3087=CARTESIAN_POINT('',(22.113658135519,24.5532784252979,2.93819025213068));
#3088=CARTESIAN_POINT('',(18.9510665750805,27.04271939106,2.95971786221591));
#3089=CARTESIAN_POINT('',(15.5114364103325,29.1276862657609,2.98124547230113));
#3090=CARTESIAN_POINT('',(11.8461649900893,30.77777190648,3.00277308238636));
#3091=CARTESIAN_POINT('',(8.00993063013837,31.9690618109313,3.02430069247159));
#3092=CARTESIAN_POINT('',(4.0598769444171,32.684480502491,3.04582830255682));
#3093=CARTESIAN_POINT('',(0.054761657344552,32.914035971191,3.06735591264204));
#3094=CARTESIAN_POINT('',(-3.94591742389479,32.654958676225,3.08888352272727));
#3095=CARTESIAN_POINT('',(-7.88280627590715,31.9117331849654,3.1104111328125));
#3096=CARTESIAN_POINT('',(-11.6975752342591,30.6960221194985,3.13193874289773));
#3097=CARTESIAN_POINT('',(-15.3337832130653,29.0264836803282,3.15346635298295));
#3098=CARTESIAN_POINT('',(-18.7377127646747,26.9284855952296,3.17499396306818));
#3099=CARTESIAN_POINT('',(-21.8591636246275,24.4337198728746,3.19652157315341));
#3100=CARTESIAN_POINT('',(-24.6521930196819,21.5797242142762,3.21804918323863));
#3101=CARTESIAN_POINT('',(-27.0757918211985,18.4093172868657,3.23957679332386));
#3102=CARTESIAN_POINT('',(-29.0944865964997,14.9699564316969,3.26110440340909));
#3103=CARTESIAN_POINT('',(-30.6788587094059,11.3130271532882,3.28263201349431));
#3104=CARTESIAN_POINT('',(-31.8059729172569,7.49307608886759,3.30415962357954));
#3105=CARTESIAN_POINT('',(-32.4597090658374,3.56699494986881,3.32568723366477));
#3106=CARTESIAN_POINT('',(-32.5738981373691,0.917786589153052,3.34003897372159));
#3107=CARTESIAN_POINT('',(-32.5502664474917,-0.404939040182947,3.34721484375));
#3108=CARTESIAN_POINT('',(3.9747166118674E-15,-32.4560241747641,3.44397582523586));
#3109=CARTESIAN_POINT('',(-32.5502664476,-0.404939031472836,3.34721484375015));
#3110=CARTESIAN_POINT('',(-32.5446918972941,-0.717043701590948,3.34890801359123));
#3111=CARTESIAN_POINT('',(-32.5245764477113,-1.34153875500228,3.3522638420167));
#3112=CARTESIAN_POINT('',(-32.4675167774692,-2.27762051577081,3.35720331880428));
#3113=CARTESIAN_POINT('',(-32.3834238352583,-3.21348672751225,3.36205616116084));
#3114=CARTESIAN_POINT('',(-32.2722027916097,-4.14833045101262,3.36682300214661));
#3115=CARTESIAN_POINT('',(-32.1284452706909,-5.11731389235399,3.37168485388967));
#3116=CARTESIAN_POINT('',(-31.9420919545618,-6.15393307846541,3.37680145293304));
#3117=CARTESIAN_POINT('',(-31.6674771377365,-7.43091087036844,3.38299581412484));
#3118=CARTESIAN_POINT('',(-31.2818308026753,-8.90598808375167,3.38999946898483));
#3119=CARTESIAN_POINT('',(-30.7638312677369,-10.5343466695498,3.39755034178318));
#3120=CARTESIAN_POINT('',(-30.1834327431971,-12.074138724502,3.4045342113012));
#3121=CARTESIAN_POINT('',(-29.5239370278698,-13.5917222246399,3.41128414138011));
#3122=CARTESIAN_POINT('',(-28.7856131749984,-15.0827844247519,3.4177925698264));
#3123=CARTESIAN_POINT('',(-27.9668412490648,-16.5358992134238,3.42401475087954));
#3124=CARTESIAN_POINT('',(-27.037618681968,-18.0074550826956,3.43020650891266));
#3125=CARTESIAN_POINT('',(-25.8270667612445,-19.7153749796606,3.43725937114052));
#3126=CARTESIAN_POINT('',(-24.0936404008042,-21.8176364939027,3.44571301960628));
#3127=CARTESIAN_POINT('',(-21.8837217777716,-24.0298260167176,3.45426322586652));
#3128=CARTESIAN_POINT('',(-19.6241222225683,-25.8762337807831,3.46099892796322));
#3129=CARTESIAN_POINT('',(-17.7687587532747,-27.1546629191576,3.46532485100741));
#3130=CARTESIAN_POINT('',(-16.488975621787,-27.9360096509104,3.46776751632486));
#3131=CARTESIAN_POINT('',(-15.5552249216707,-28.4614152330196,3.46929569621181));
#3132=CARTESIAN_POINT('',(-14.768704615858,-28.876017378659,3.47041737033754));
#3133=CARTESIAN_POINT('',(-13.9790988591746,-29.265259272825,3.47137622206659));
#3134=CARTESIAN_POINT('',(-13.189089911396,-29.6287321025477,3.47216625704016));
#3135=CARTESIAN_POINT('',(-12.3964524927285,-29.9682777509842,3.47278548047965));
#3136=CARTESIAN_POINT('',(-11.6029285133905,-30.2838103958967,3.47322621324764));
#3137=CARTESIAN_POINT('',(-10.8655433861701,-30.5550140975388,3.47346248417215));
#3138=CARTESIAN_POINT('',(-10.3347573688418,-30.7365298260212,3.47351609313691));
#3139=CARTESIAN_POINT('',(-9.80859611483064,-30.9089805317447,3.47350132763957));
#3140=CARTESIAN_POINT('',(-9.2276749281825,-31.0895413651975,3.47339410504764));
#3141=CARTESIAN_POINT('',(-8.44255637632148,-31.3121593797644,3.47303250231076));
#3142=CARTESIAN_POINT('',(-7.66047569894296,-31.5131420564441,3.4724399154523));
#3143=CARTESIAN_POINT('',(-6.7987304065453,-31.7123088853136,3.47150886253595));
#3144=CARTESIAN_POINT('',(-5.77045047170224,-31.9197427631941,3.46997301732054));
#3145=CARTESIAN_POINT('',(-4.57366413226718,-32.1171396166488,3.46744828026008));
#3146=CARTESIAN_POINT('',(-3.37922829288082,-32.2665323550927,3.46389414979216));
#3147=CARTESIAN_POINT('',(-2.35925209173669,-32.3584272867329,3.45978883455303));
#3148=CARTESIAN_POINT('',(-1.51411998460613,-32.4121773574059,3.45543830679195));
#3149=CARTESIAN_POINT('',(-0.75652571650459,-32.4435269828498,3.45059689368345));
#3150=CARTESIAN_POINT('',(-0.251928607626625,-32.4536075736799,3.44639347906107));
#3151=CARTESIAN_POINT('',(2.9810374589006E-15,-32.4560241747644,3.44397582523601));
#3152=CARTESIAN_POINT('',(6.95575407076782E-15,-32.4560241747634,3.44397582523785));
#3153=CARTESIAN_POINT('',(0.0410991155975996,-32.4564242038837,3.44357581603116));
#3154=CARTESIAN_POINT('',(0.122706968396203,-32.457083733845,3.44276128962372));
#3155=CARTESIAN_POINT('',(0.244259713914849,-32.4576755591555,3.44148011242334));
#3156=CARTESIAN_POINT('',(0.328149692428308,-32.4578234282163,3.44054465891725));
#3157=CARTESIAN_POINT('',(0.40679978400281,-32.457833596594,3.43963848494636));
#3158=CARTESIAN_POINT('',(0.483667415859906,-32.4577316935324,3.43872714272826));
#3159=CARTESIAN_POINT('',(0.593482481422939,-32.4572913301752,3.43734736011187));
#3160=CARTESIAN_POINT('',(0.703223441947837,-32.4565633604811,3.43587851461268));
#3161=CARTESIAN_POINT('',(0.808295719313963,-32.4556137147522,3.4343771852833));
#3162=CARTESIAN_POINT('',(0.909879895608626,-32.4544751707246,3.4328237005951));
#3163=CARTESIAN_POINT('',(1.00680497388667,-32.4532013038582,3.43123177051134));
#3164=CARTESIAN_POINT('',(1.09905610803314,-32.4518366349966,3.42959836439009));
#3165=CARTESIAN_POINT('',(1.18427009737896,-32.4504642995363,3.42796762449155));
#3166=CARTESIAN_POINT('',(1.26359089516554,-32.4491128574381,3.42632337845439));
#3167=CARTESIAN_POINT('',(1.33576348131839,-32.4478435644342,3.42469855796498));
#3168=CARTESIAN_POINT('',(1.40197287160677,-32.4466712916616,3.42307418721773));
#3169=CARTESIAN_POINT('',(1.46098037586295,-32.4456458386051,3.42149401261098));
#3170=CARTESIAN_POINT('',(1.51516501223691,-32.4447481909181,3.41990567862153));
#3171=CARTESIAN_POINT('',(1.56428718060034,-32.444001212784,3.41832118359117));
#3172=CARTESIAN_POINT('',(1.60919004896168,-32.4434119551085,3.4167137878813));
#3173=CARTESIAN_POINT('',(1.64811947157505,-32.4430126290888,3.41515849011791));
#3174=CARTESIAN_POINT('',(1.67962883801235,-32.4428080295039,3.41374607450968));
#3175=CARTESIAN_POINT('',(1.70044887543798,-32.442760157271,3.41270813236593));
#3176=CARTESIAN_POINT('',(1.71827072913575,-32.4427749274719,3.411755808071));
#3177=CARTESIAN_POINT('',(1.73526930708761,-32.4428511535689,3.41077723972777));
#3178=CARTESIAN_POINT('',(1.75457939524127,-32.4430806339134,3.40951015236001));
#3179=CARTESIAN_POINT('',(1.77067000914544,-32.4434158090861,3.40830208071788));
#3180=CARTESIAN_POINT('',(1.78383947042597,-32.4438339459755,3.40716395587116));
#3181=CARTESIAN_POINT('',(1.79494450677892,-32.4443526230803,3.40603422873012));
#3182=CARTESIAN_POINT('',(1.8033351442849,-32.4449056138924,3.40501730270222));
#3183=CARTESIAN_POINT('',(1.80973681387813,-32.4454878671346,3.40407993072826));
#3184=CARTESIAN_POINT('',(1.81417678239184,-32.446028540972,3.40329246256722));
#3185=CARTESIAN_POINT('',(1.81727716569375,-32.4465353845667,3.40261313538211));
#3186=CARTESIAN_POINT('',(1.81916310665918,-32.446928954754,3.40211464850526));
#3187=CARTESIAN_POINT('',(1.82044197802747,-32.4472580102427,3.4017144906881));
#3188=CARTESIAN_POINT('',(1.82139467788219,-32.4475538631579,3.40136572066858));
#3189=CARTESIAN_POINT('',(1.82215694079088,-32.4478498390572,3.40102747847015));
#3190=CARTESIAN_POINT('',(1.8227274334013,-32.4481345774767,3.40071119561856));
#3191=CARTESIAN_POINT('',(1.82311049025985,-32.4483835074059,3.40044117106054));
#3192=CARTESIAN_POINT('',(1.82333623368172,-32.4485790899505,3.40023323206291));
#3193=CARTESIAN_POINT('',(1.82346660847778,-32.4487237974449,3.40008143775434));
#3194=CARTESIAN_POINT('',(1.82354607085092,-32.4488331605922,3.39996778839594));
#3195=CARTESIAN_POINT('',(1.82359838667916,-32.4489235440411,3.39987461189604));
#3196=CARTESIAN_POINT('',(1.82363385932933,-32.4490002794773,3.39979600694452));
#3197=CARTESIAN_POINT('',(1.82365129296849,-32.449047617866,3.39974776490438));
#3198=CARTESIAN_POINT('',(1.82366852144557,-32.4491020085523,3.39969249318579));
#3199=CARTESIAN_POINT('',(1.82368544977426,-32.4491690995338,3.39962455801782));
#3200=CARTESIAN_POINT('',(1.82369990027964,-32.4492904909182,3.39950254703299));
#3201=CARTESIAN_POINT('',(1.82369093977641,-32.4494402773253,3.39935349942858));
#3202=CARTESIAN_POINT('',(1.82364269671516,-32.4496139412493,3.39918281612702));
#3203=CARTESIAN_POINT('',(1.82356806902277,-32.4497665668183,3.39903461833037));
#3204=CARTESIAN_POINT('',(1.82348545676424,-32.4498930149057,3.39891300452147));
#3205=CARTESIAN_POINT('',(1.82341144587176,-32.4499888422748,3.3988214804033));
#3206=CARTESIAN_POINT('',(1.8233393047707,-32.4500717831867,3.3987427173582));
#3207=CARTESIAN_POINT('',(1.82326992166736,-32.4501445645153,3.39867394300032));
#3208=CARTESIAN_POINT('',(1.82320095898867,-32.4502116038211,3.39861087787276));
#3209=CARTESIAN_POINT('',(1.82313373035905,-32.4502729145049,3.39855343491618));
#3210=CARTESIAN_POINT('',(1.82306706895379,-32.4503304557079,3.3984997235365));
#3211=CARTESIAN_POINT('',(1.82300036926497,-32.4503852932111,3.39844871359903));
#3212=CARTESIAN_POINT('',(1.82293249003537,-32.4504386660671,3.39839923201143));
#3213=CARTESIAN_POINT('',(1.82286313682163,-32.4504909923864,3.39835087782832));
#3214=CARTESIAN_POINT('',(1.82279235640102,-32.4505423719376,3.39830354880483));
#3215=CARTESIAN_POINT('',(1.82271995713213,-32.450593058067,3.39825700273167));
#3216=CARTESIAN_POINT('',(1.8226462385098,-32.4506429363652,3.39821133703192));
#3217=CARTESIAN_POINT('',(1.82257138743522,-32.4506919733615,3.39816657463357));
#3218=CARTESIAN_POINT('',(1.82249649940423,-32.4507395708476,3.39812325136713));
#3219=CARTESIAN_POINT('',(1.82241271634756,-32.450791344393,3.39807625719267));
#3220=CARTESIAN_POINT('',(1.82231894240094,-32.4508475150078,3.39802543280925));
#3221=CARTESIAN_POINT('',(1.82221267756495,-32.4509090553529,3.3979699471417));
#3222=CARTESIAN_POINT('',(1.82210813031415,-32.4509676531785,3.39791730269648));
#3223=CARTESIAN_POINT('',(1.82200354271533,-32.4510245946703,3.39786631388705));
#3224=CARTESIAN_POINT('',(1.82189606870994,-32.4510815745241,3.39781544823313));
#3225=CARTESIAN_POINT('',(1.82177810065625,-32.4511424026938,3.3977613281405));
#3226=CARTESIAN_POINT('',(1.82164320147928,-32.4512100024507,3.39770139560084));
#3227=CARTESIAN_POINT('',(1.82148831895101,-32.4512852799206,3.39763491674908));
#3228=CARTESIAN_POINT('',(1.8213019905472,-32.4513728650799,3.39755791090501));
#3229=CARTESIAN_POINT('',(1.82108612866689,-32.4514706687933,3.3974723561925));
#3230=CARTESIAN_POINT('',(1.82076544007744,-32.451610438219,3.39735077301872));
#3231=CARTESIAN_POINT('',(1.82022120519266,-32.4518347362509,3.39715731182712));
#3232=CARTESIAN_POINT('',(1.81919033634571,-32.452223822556,3.39682655659205));
#3233=CARTESIAN_POINT('',(1.81725637411483,-32.4528657036368,3.39629388824993));
#3234=CARTESIAN_POINT('',(1.81368274680234,-32.4538739896746,3.39548685222876));
#3235=CARTESIAN_POINT('',(1.80691751957696,-32.4554627794147,3.39427759677621));
#3236=CARTESIAN_POINT('',(1.7942896781074,-32.4578906511922,3.39255389735283));
#3237=CARTESIAN_POINT('',(1.77292087312999,-32.4612821613749,3.39034221463819));
#3238=CARTESIAN_POINT('',(1.74013310227637,-32.4656987543588,3.38770780240232));
#3239=CARTESIAN_POINT('',(1.69444822669562,-32.4710662270942,3.38476712353976));
#3240=CARTESIAN_POINT('',(1.63336275739869,-32.4774667375693,3.3815111853574));
#3241=CARTESIAN_POINT('',(1.55277248667389,-32.4850734921923,3.3778799378702));
#3242=CARTESIAN_POINT('',(1.44539419404205,-32.4942130960165,3.37373310376284));
#3243=CARTESIAN_POINT('',(1.30465353784972,-32.5049230402857,3.36903588923066));
#3244=CARTESIAN_POINT('',(1.13096877468469,-32.516549288974,3.36397543558035));
#3245=CARTESIAN_POINT('',(0.946419154965034,-32.5272154612561,3.35919981545925));
#3246=CARTESIAN_POINT('',(0.778354621076647,-32.5355875415652,3.35522065326742));
#3247=CARTESIAN_POINT('',(0.650243578930507,-32.5411993367997,3.35236321326815));
#3248=CARTESIAN_POINT('',(0.554010953771604,-32.5450221503577,3.35029543110678));
#3249=CARTESIAN_POINT('',(0.477365629220087,-32.5478359586078,3.34869123957087));
#3250=CARTESIAN_POINT('',(0.428389709425552,-32.5495002269805,3.34768927528838));
#3251=CARTESIAN_POINT('',(0.404962871607759,-32.55026615101,3.34721484374999));
#3252=CARTESIAN_POINT('',(-28.9,4.75842862312178E-15,-2.));
#3253=AXIS2_PLACEMENT_3D('',#3254,#3255,#3256);
#3254=CARTESIAN_POINT('',(0.,0.,-2.));
#3255=DIRECTION('',(0.,0.,1.));
#3256=DIRECTION('',(-1.,0.,0.));
#3257=CARTESIAN_POINT('',(-27.5632372861995,17.3191157896017,0.999999999999998));
#3258=CARTESIAN_POINT('',(7.22293776293544,31.6457580320078,1.));
#3259=CARTESIAN_POINT('',(7.22293776289503,31.6457580318308,0.999999999840567));
#3260=CARTESIAN_POINT('',(6.89559699640685,31.7187920518391,0.999999999996969));
#3261=CARTESIAN_POINT('',(6.23868720155478,31.8548509836465,1.00000000002764));
#3262=CARTESIAN_POINT('',(5.56487435406128,31.9730541308216,0.999999999944982));
#3263=CARTESIAN_POINT('',(4.90248262908272,32.0784181377433,1.00000000005415));
#3264=CARTESIAN_POINT('',(4.23843027054975,32.1736492515618,0.999999999970737));
#3265=CARTESIAN_POINT('',(3.25189277452722,32.2850237852583,1.00000000000358));
#3266=CARTESIAN_POINT('',(2.24614323589025,32.3674463652825,0.999999999997119));
#3267=CARTESIAN_POINT('',(1.53917393626108,32.4035102887674,1.00000000000368));
#3268=CARTESIAN_POINT('',(0.81343648408482,32.4281440080635,0.999999999998573));
#3269=CARTESIAN_POINT('',(0.369696064681532,32.4353276332163,1.00000000001225));
#3270=CARTESIAN_POINT('',(-0.634420416338867,32.4327596329934,0.999999999980068));
#3271=CARTESIAN_POINT('',(-1.56490967923959,32.4026720642578,1.00000000000777));
#3272=CARTESIAN_POINT('',(-2.7501126111577,32.3167301722088,0.999999999998735));
#3273=CARTESIAN_POINT('',(-3.93055892106949,32.1988026197274,1.00000000000274));
#3274=CARTESIAN_POINT('',(-5.22966589526779,32.0143084599298,0.999999999975971));
#3275=CARTESIAN_POINT('',(-6.25121058429385,31.8212207019162,1.00000000003704));
#3276=CARTESIAN_POINT('',(-7.00802693213037,31.6620562956222,0.999999999959729));
#3277=CARTESIAN_POINT('',(-7.68761318314792,31.507134721161,1.00000000166389));
#3278=CARTESIAN_POINT('',(-8.64067739672008,31.2595293412024,0.999999999552274));
#3279=CARTESIAN_POINT('',(-9.58644168555197,30.983127005189,1.00000000012216));
#3280=CARTESIAN_POINT('',(-10.2610915183332,30.7637503365126,0.999999999992866));
#3281=CARTESIAN_POINT('',(-10.8782784562607,30.5510954686911,1.00000000000017));
#3282=CARTESIAN_POINT('',(-11.4887332365415,30.3305178797217,0.999999999996085));
#3283=CARTESIAN_POINT('',(-12.3433618221558,29.9950831627962,0.999999999997758));
#3284=CARTESIAN_POINT('',(-13.2313661250796,29.6158838167884,0.999999999996849));
#3285=CARTESIAN_POINT('',(-13.9150243747683,29.2998736943701,1.00000000000092));
#3286=CARTESIAN_POINT('',(-14.4887784494508,29.0208102112983,0.99999999999534));
#3287=CARTESIAN_POINT('',(-15.1488265857924,28.6878044050836,1.00000000000634));
#3288=CARTESIAN_POINT('',(-16.0675689862906,28.190653956308,0.999999999996614));
#3289=CARTESIAN_POINT('',(-17.0297690896005,27.6213417590035,0.999999999991863));
#3290=CARTESIAN_POINT('',(-17.7280399442572,27.1775912156358,1.00000000000607));
#3291=CARTESIAN_POINT('',(-18.3194135652655,26.7859957690878,0.999999999994332));
#3292=CARTESIAN_POINT('',(-18.9142916805067,26.3751144482551,0.999999999999193));
#3293=CARTESIAN_POINT('',(-19.6214366513129,25.8579179032876,1.00000000000814));
#3294=CARTESIAN_POINT('',(-20.2977494405369,25.3353805980867,0.999999999990158));
#3295=CARTESIAN_POINT('',(-20.7465850084468,24.9699374694015,1.00000000000312));
#3296=CARTESIAN_POINT('',(-21.2296773563299,24.5656955434866,1.00000000000623));
#3297=CARTESIAN_POINT('',(-21.7548514719204,24.1116939468552,0.999999999999263));
#3298=CARTESIAN_POINT('',(-22.4940462762272,23.4319408317542,0.999999999994383));
#3299=CARTESIAN_POINT('',(-23.1348595662801,22.8057183693411,1.00000000001488));
#3300=CARTESIAN_POINT('',(-23.5413306758496,22.3880387683188,0.999999999962027));
#3301=CARTESIAN_POINT('',(-23.8494231217535,22.0640879756174,1.00000000003191));
#3302=CARTESIAN_POINT('',(-24.1400369128022,21.7523574122205,0.999999999974148));
#3303=CARTESIAN_POINT('',(-24.5380532309629,21.309742868259,1.00000000001963));
#3304=CARTESIAN_POINT('',(-24.962173722862,20.8205722804494,0.999999999986885));
#3305=CARTESIAN_POINT('',(-25.3962421666016,20.2994068493002,1.00000000000888));
#3306=CARTESIAN_POINT('',(-25.7699855485775,19.8305083906303,1.00000000001899));
#3307=CARTESIAN_POINT('',(-26.053698844809,19.4628023861952,0.999999999989378));
#3308=CARTESIAN_POINT('',(-26.2873823535625,19.1535177261843,1.00000000000157));
#3309=CARTESIAN_POINT('',(-26.5402949563903,18.810351260346,0.999999999979332));
#3310=CARTESIAN_POINT('',(-26.8124947202939,18.4300276743287,1.00000000007529));
#3311=CARTESIAN_POINT('',(-27.0723920595649,18.0563475049089,0.999999999713458));
#3312=CARTESIAN_POINT('',(-27.2402222220803,17.8082382545448,1.00000000063301));
#3313=CARTESIAN_POINT('',(-27.4033256485606,17.5637632860787,0.999999999381775));
#3314=CARTESIAN_POINT('',(-27.4839952763855,17.44117651667,0.999999998775573));
#3315=CARTESIAN_POINT('',(-27.5632372861996,17.3191157896016,0.999999999999998));
#3316=CARTESIAN_POINT('',(0.404962871715074,-32.5502661510087,3.34721484374999));
#3317=CARTESIAN_POINT('',(-0.920229298336487,-32.5667530707859,3.33587564160627));
#3318=CARTESIAN_POINT('',(-3.57262411276456,-32.4376711654948,3.31319723731883));
#3319=CARTESIAN_POINT('',(-7.4979930920177,-31.7607660890438,3.27917963088767));
#3320=CARTESIAN_POINT('',(-11.3116497733807,-30.610663793433,3.24516202445652));
#3321=CARTESIAN_POINT('',(-14.9567768092502,-29.0044994384704,3.21114441802536));
#3322=CARTESIAN_POINT('',(-18.3790657771706,-26.9662029355363,3.1771268115942));
#3323=CARTESIAN_POINT('',(-21.5275288000095,-24.5261424516729,3.14310920516304));
#3324=CARTESIAN_POINT('',(-24.3552575367855,-21.7206719521294,3.10909159873188));
#3325=CARTESIAN_POINT('',(-26.8201222392904,-18.5915895722409,3.07507399230072));
#3326=CARTESIAN_POINT('',(-28.8853993867488,-15.1855148749026,3.04105638586956));
#3327=CARTESIAN_POINT('',(-30.5203188349316,-11.5531942753294,3.0070387794384));
#3328=CARTESIAN_POINT('',(-31.7005222508474,-7.74874498047814,2.97302117300724));
#3329=CARTESIAN_POINT('',(-32.4084260235202,-3.82884870778327,2.93900356657608));
#3330=CARTESIAN_POINT('',(-32.6334832383914,0.148092804243687,2.90498596014492));
#3331=CARTESIAN_POINT('',(-32.3723408137245,4.122827911655,2.87096835371376));
#3332=CARTESIAN_POINT('',(-31.6288894574706,8.03613784327726,2.8369507472826));
#3333=CARTESIAN_POINT('',(-30.4142057004064,11.8297189891569,2.80293314085144));
#3334=CARTESIAN_POINT('',(-28.7463868691493,15.4470515542044,2.76891553442028));
#3335=CARTESIAN_POINT('',(-26.6502814577646,18.8342416351436,2.73489792798913));
#3336=CARTESIAN_POINT('',(-24.157118915098,21.9408241748314,2.70088032155797));
#3337=CARTESIAN_POINT('',(-21.3040443635594,24.7205148308959,2.66686271512681));
#3338=CARTESIAN_POINT('',(-18.133565181488,27.1318995567538,2.63284510869565));
#3339=CARTESIAN_POINT('',(-14.6929176943544,29.1390516210802,2.59882750226449));
#3340=CARTESIAN_POINT('',(-11.0333634103403,30.7120668728826,2.56480989583333));
#3341=CARTESIAN_POINT('',(-7.20942528553843,31.8275092773734,2.53079228940217));
#3342=CARTESIAN_POINT('',(-3.27807539750236,32.4687600846928,2.49677468297101));
#3343=CARTESIAN_POINT('',(0.702113870167321,32.6262654292882,2.46275707653985));
#3344=CARTESIAN_POINT('',(4.67184248587115,32.2976786710169,2.42873947010869));
#3345=CARTESIAN_POINT('',(8.57196626913894,31.4878953572606,2.39472186367753));
#3346=CARTESIAN_POINT('',(12.3443780677636,30.2089802851597,2.36070425724637));
#3347=CARTESIAN_POINT('',(15.9328734844613,28.4799877506505,2.32668665081521));
#3348=CARTESIAN_POINT('',(19.2839882547728,26.3266776623796,2.29266904438405));
#3349=CARTESIAN_POINT('',(22.3477948002818,23.7811317500565,2.25865143795289));
#3350=CARTESIAN_POINT('',(25.0786460894669,20.8812755852778,2.22463383152173));
#3351=CARTESIAN_POINT('',(27.4358557235535,17.6703135361376,2.19061622509058));
#3352=CARTESIAN_POINT('',(29.3843041149071,14.1960850741218,2.15659861865942));
#3353=CARTESIAN_POINT('',(30.8949617266372,10.5103520235373,2.12258101222826));
#3354=CARTESIAN_POINT('',(31.9453215777719,6.66802737260355,2.0885634057971));
#3355=CARTESIAN_POINT('',(32.5197345701971,2.7263571359929,2.05454579936594));
#3356=CARTESIAN_POINT('',(32.6096426413907,-1.25593254191644,2.02052819293478));
#3357=CARTESIAN_POINT('',(32.2137062692586,-5.2195103359394,1.98651058650362));
#3358=CARTESIAN_POINT('',(31.3378244294023,-9.10532370544892,1.95249298007246));
#3359=CARTESIAN_POINT('',(29.9950467074789,-12.8554787061863,1.9184753736413));
#3360=CARTESIAN_POINT('',(28.2053788760753,-16.4141025403795,1.88445776721014));
#3361=CARTESIAN_POINT('',(25.9954848327646,-19.7281759942108,1.85044016077898));
#3362=CARTESIAN_POINT('',(23.3982893401113,-22.7483233603157,1.81642255434782));
#3363=CARTESIAN_POINT('',(20.4524874863202,-25.4295480764202,1.78240494791666));
#3364=CARTESIAN_POINT('',(17.2019681749755,-27.7319031199841,1.7483873414855));
#3365=CARTESIAN_POINT('',(13.6951602331792,-29.621086170777,1.71436973505434));
#3366=CARTESIAN_POINT('',(9.98431088029119,-31.0689506741819,1.68035212862318));
#3367=CARTESIAN_POINT('',(6.12470730721839,-32.0539251909958,1.64633452219203));
#3368=CARTESIAN_POINT('',(2.17385296378508,-32.561334785922,1.61231691576087));
#3369=CARTESIAN_POINT('',(-1.80938917348814,-32.5836196664507,1.57829930932971));
#3370=CARTESIAN_POINT('',(-5.76567358891753,-32.1204478146727,1.54428170289855));
#3371=CARTESIAN_POINT('',(-9.63605640444255,-31.1787199339462,1.51026409646739));
#3372=CARTESIAN_POINT('',(-13.3628735724947,-29.7724666367195,1.47624649003623));
#3373=CARTESIAN_POINT('',(-16.8906000009316,-27.922639405285,1.44222888360507));
#3374=CARTESIAN_POINT('',(-20.1666768101095,-25.6567984399002,1.40821127717391));
#3375=CARTESIAN_POINT('',(-23.1422943969548,-23.0087020449575,1.37419367074275));
#3376=CARTESIAN_POINT('',(-25.7731196393374,-20.0178036708772,1.34017606431159));
#3377=CARTESIAN_POINT('',(-28.0199564062188,-16.7286641051062,1.30615845788043));
#3378=CARTESIAN_POINT('',(-29.8493295329803,-13.1902875702043,1.27214085144927));
#3379=CARTESIAN_POINT('',(-31.2339835606115,-9.45539161910369,1.23812324501811));
#3380=CARTESIAN_POINT('',(-32.1532888110895,-5.57962170990606,1.20410563858695));
#3381=CARTESIAN_POINT('',(-32.5935487379326,-1.62072214463402,1.17008803215579));
#3382=CARTESIAN_POINT('',(-32.5482040137526,2.36232421083463,1.13607042572463));
#3383=CARTESIAN_POINT('',(-32.01793016122,6.31017485189231,1.10205281929348));
#3384=CARTESIAN_POINT('',(-31.0106278435873,10.1640112021498,1.06803521286232));
#3385=CARTESIAN_POINT('',(-29.5413038294401,13.8664170479828,1.03401760643116));
#3386=CARTESIAN_POINT('',(-28.2683361794043,16.1969564172793,1.01133920214372));
#3387=CARTESIAN_POINT('',(-27.5632372861995,17.3191157896017,0.999999999999997));
#3388=CARTESIAN_POINT('',(7.24367615584798,31.7366188680863,1.09375010199221));
#3389=CARTESIAN_POINT('',(-32.5502664475881,-0.404939032439616,3.34721484375015));
#3390=CARTESIAN_POINT('',(-32.5668133626508,0.925153774201803,3.33583370869077));
#3391=CARTESIAN_POINT('',(-32.43664914614,3.58736459425046,3.313071438572));
#3392=CARTESIAN_POINT('',(-31.7545594177192,7.5268425143057,3.27892803339385));
#3393=CARTESIAN_POINT('',(-30.5958637348631,11.3533483944235,3.2447846282157));
#3394=CARTESIAN_POINT('',(-28.9779530448009,15.0094515738221,3.21064122303755));
#3395=CARTESIAN_POINT('',(-26.9251106533235,18.4402769748957,3.1764978178594));
#3396=CARTESIAN_POINT('',(-24.4681477868564,21.5943312626776,3.14235441268125));
#3397=CARTESIAN_POINT('',(-21.6439411366036,24.42427503153,3.1082110075031));
#3398=CARTESIAN_POINT('',(-18.4948793765145,26.8876335070068,3.07406760232495));
#3399=CARTESIAN_POINT('',(-15.0682269487245,28.947434003298,3.0399241971468));
#3400=CARTESIAN_POINT('',(-11.4154146690914,30.5727608613909,3.00578079196865));
#3401=CARTESIAN_POINT('',(-7.59126779919102,31.7392194604032,2.97163738679049));
#3402=CARTESIAN_POINT('',(-3.65318317094531,32.4293023587359,2.93749398161234));
#3403=CARTESIAN_POINT('',(0.3397322856065,32.6326520639815,2.90335057643419));
#3404=CARTESIAN_POINT('',(4.32754868148971,32.3462164891677,2.86920717125604));
#3405=CARTESIAN_POINT('',(8.25041265981332,31.5742947616816,2.83506376607789));
#3406=CARTESIAN_POINT('',(12.0494457381146,30.3284726974339,2.80092036089974));
#3407=CARTESIAN_POINT('',(15.6676280187597,28.6274489087054,2.76677695572159));
#3408=CARTESIAN_POINT('',(19.0506540037411,26.4967541556415,2.73263355054344));
#3409=CARTESIAN_POINT('',(22.1477476689021,23.9683681536604,2.69849014536529));
#3410=CARTESIAN_POINT('',(24.9124245640916,21.0802395881358,2.66434674018714));
#3411=CARTESIAN_POINT('',(27.3031895008484,17.8757165404782,2.63020333500899));
#3412=CARTESIAN_POINT('',(29.2841593559799,14.4028958743836,2.59605992983084));
#3413=CARTESIAN_POINT('',(30.8256016433438,10.7139013473451,2.56191652465269));
#3414=CARTESIAN_POINT('',(31.9043807703767,6.86410128229334,2.52777311947454));
#3415=CARTESIAN_POINT('',(32.5043052814831,2.91127754137498,2.49362971429639));
#3416=CARTESIAN_POINT('',(32.6163708764881,-1.08524172521315,2.45948630911824));
#3417=CARTESIAN_POINT('',(32.2388955566768,-5.06547253871221,2.42534290394009));
#3418=CARTESIAN_POINT('',(31.3775448700062,-8.96967539465682,2.39119949876193));
#3419=CARTESIAN_POINT('',(30.0452468765822,-12.7392518964024,2.35705609358378));
#3420=CARTESIAN_POINT('',(28.2619981106906,-16.317624261702,2.32291268840563));
#3421=CARTESIAN_POINT('',(26.0545634517076,-19.6510845017701,2.28876928322748));
#3422=CARTESIAN_POINT('',(23.4560744085447,-22.689600527457,2.25462587804933));
#3423=CARTESIAN_POINT('',(20.5055318469986,-25.3875670836433,2.22048247287118));
#3424=CARTESIAN_POINT('',(17.2472206235991,-27.704490241036,2.18633906769303));
#3425=CARTESIAN_POINT('',(13.7300449117473,-29.6055951717942,2.15219566251488));
#3426=CARTESIAN_POINT('',(10.0067941962717,-31.0623480868434,2.11805225733673));
#3427=CARTESIAN_POINT('',(6.13335095313037,-32.0528845010944,2.08390885215858));
#3428=CARTESIAN_POINT('',(2.16785190623781,-32.5623373987093,2.04976544698043));
#3429=CARTESIAN_POINT('',(-1.83018454984059,-32.5830603729651,2.01562204180228));
#3430=CARTESIAN_POINT('',(-5.80075166476501,-32.1147423915947,1.98147863662413));
#3431=CARTESIAN_POINT('',(-9.68425497705655,-31.1644124650878,1.94733523144598));
#3432=CARTESIAN_POINT('',(-13.4224067706664,-29.7463341478834,1.91319182626783));
#3433=CARTESIAN_POINT('',(-16.9591009185305,-27.8817914558921,1.87904842108967));
#3434=CARTESIAN_POINT('',(-20.2412549825344,-25.5987694135244,1.84490501591152));
#3435=CARTESIAN_POINT('',(-23.2196069307632,-22.9315340249103,1.81076161073337));
#3436=CARTESIAN_POINT('',(-25.8494545140642,-19.9201179735484,1.77661820555522));
#3437=CARTESIAN_POINT('',(-28.0913262045771,-16.6097197695447,1.74247480037707));
#3438=CARTESIAN_POINT('',(-29.9115736260789,-13.0500253626735,1.70833139519892));
#3439=CARTESIAN_POINT('',(-31.2828765843247,-9.29446240320924,1.67418799002077));
#3440=CARTESIAN_POINT('',(-32.184653117354,-5.39939834336738,1.64004458484262));
#3441=CARTESIAN_POINT('',(-32.6033684112964,-1.4232944150963,1.60590117966447));
#3442=CARTESIAN_POINT('',(-32.5327379451419,2.57417181778733,1.57175777448632));
#3443=CARTESIAN_POINT('',(-31.9738218154641,6.53300216345509,1.53761436930817));
#3444=CARTESIAN_POINT('',(-30.9350088253733,10.3937783182473,1.50347096413002));
#3445=CARTESIAN_POINT('',(-29.4318905765016,14.0985536792788,1.46932755895187));
#3446=CARTESIAN_POINT('',(-27.4870274538097,17.5917230682107,1.43518415377372));
#3447=CARTESIAN_POINT('',(-25.1296100154544,20.820857312434,1.40104074859557));
#3448=CARTESIAN_POINT('',(-22.3950208703326,23.7374901574767,1.36689734341741));
#3449=CARTESIAN_POINT('',(-19.3243036176309,26.2978456994903,1.33275393823927));
#3450=CARTESIAN_POINT('',(-15.9635468245913,28.4634954209911,1.29861053306111));
#3451=CARTESIAN_POINT('',(-12.3631922679076,30.2019349636961,1.26446712788296));
#3452=CARTESIAN_POINT('',(-8.57727789788413,31.487071999093,1.23032372270481));
#3453=CARTESIAN_POINT('',(-4.66262660229746,32.2996178091168,1.19618031752666));
#3454=CARTESIAN_POINT('',(-0.677994011165128,32.627376942829,1.16203691234851));
#3455=CARTESIAN_POINT('',(3.31681584274168,32.4654296941717,1.12789350717036));
#3456=CARTESIAN_POINT('',(5.94683121199699,32.0326152638161,1.1051312370516));
#3457=CARTESIAN_POINT('',(7.24367615584798,31.7366188680863,1.09375010199221));
#3458=AXIS2_PLACEMENT_3D('',#3459,#3460,#3461);
#3459=CARTESIAN_POINT('',(7.27177953294618,31.859747808238,0.874999999999998));
#3460=DIRECTION('',(0.974927912181824,-0.222520933956314,-1.83598494465823E-18));
#3461=DIRECTION('',(-0.111260466978158,-0.487463956090919,0.866025403784435));
#3462=CARTESIAN_POINT('',(-5.61147662186508,-33.0266760380493,1.));
#3463=CARTESIAN_POINT('',(-27.5632372861995,17.3191157896017,1.));
#3464=CARTESIAN_POINT('',(-27.5797283380279,17.2937139005925,1.));
#3465=CARTESIAN_POINT('',(-27.637323315682,17.2047261386484,1.));
#3466=CARTESIAN_POINT('',(-27.7197366942095,17.0760184795332,1.));
#3467=CARTESIAN_POINT('',(-27.8320349157119,16.8984385772979,0.999999999999996));
#3468=CARTESIAN_POINT('',(-27.9811883918153,16.6593135266507,0.999999999999983));
#3469=CARTESIAN_POINT('',(-28.1625633590733,16.3613958333727,0.999999999999953));
#3470=CARTESIAN_POINT('',(-28.4574302678197,15.8636775521753,0.99999999999988));
#3471=CARTESIAN_POINT('',(-28.7633550834244,15.3231037210572,0.999999999999758));
#3472=CARTESIAN_POINT('',(-29.2301222270824,14.451444492459,0.999999999999484));
#3473=CARTESIAN_POINT('',(-29.6497201834489,13.6061039852972,0.999999999999121));
#3474=CARTESIAN_POINT('',(-30.2158774279962,12.3587528008785,0.999999999998428));
#3475=CARTESIAN_POINT('',(-30.7215956274985,11.1116279634925,0.999999999997558));
#3476=CARTESIAN_POINT('',(-31.2518397118087,9.59310796118189,0.999999999996246));
#3477=CARTESIAN_POINT('',(-31.749531433484,7.92785140386318,0.999999999994561));
#3478=CARTESIAN_POINT('',(-32.1150784075253,6.37830631956857,0.999999999992706));
#3479=CARTESIAN_POINT('',(-32.4769278786216,4.42604728527359,0.999999999990077));
#3480=CARTESIAN_POINT('',(-32.658306364208,2.99967977055885,0.999999999987912));
#3481=CARTESIAN_POINT('',(-32.796676396819,1.15739180645019,0.999999999984833));
#3482=CARTESIAN_POINT('',(-32.8393674237534,-0.137114179276914,0.999999999982508));
#3483=CARTESIAN_POINT('',(-32.8186361631066,-1.3428281468468,0.999999999980165));
#3484=CARTESIAN_POINT('',(-32.752257386698,-3.03075401678587,0.999999999976775));
#3485=CARTESIAN_POINT('',(-32.617872781669,-4.38011509429793,0.999999999973825));
#3486=CARTESIAN_POINT('',(-32.2349035721462,-6.81402609449721,0.99999999996809));
#3487=CARTESIAN_POINT('',(-31.9662669339757,-8.05335274490866,0.999999999964952));
#3488=CARTESIAN_POINT('',(-31.3307166988057,-10.356731887934,0.99999999995872));
#3489=CARTESIAN_POINT('',(-30.9365300412164,-11.5361697696744,0.999999999955326));
#3490=CARTESIAN_POINT('',(-30.0975041344676,-13.6450969485809,0.999999999948862));
#3491=CARTESIAN_POINT('',(-29.5845027907353,-14.7669952102633,0.999999999945227));
#3492=CARTESIAN_POINT('',(-28.6129089511129,-16.6259814911702,0.999999999938845));
#3493=CARTESIAN_POINT('',(-27.9956207342397,-17.6799978162706,0.999999999935031));
#3494=CARTESIAN_POINT('',(-26.9072946405107,-19.3434780188798,0.999999999928676));
#3495=CARTESIAN_POINT('',(-26.09213106512,-20.4685133093914,0.999999999924144));
#3496=CARTESIAN_POINT('',(-24.8599202344927,-21.9839111683575,0.999999999917645));
#3497=CARTESIAN_POINT('',(-23.7230338504439,-23.2528288285935,0.999999999911893));
#3498=CARTESIAN_POINT('',(-22.4423698302137,-24.5158288418692,0.999999999905729));
#3499=CARTESIAN_POINT('',(-20.9436009850093,-25.8568666383946,0.999999999898774));
#3500=CARTESIAN_POINT('',(-19.7541934218097,-26.7957882286125,0.999999999893492));
#3501=CARTESIAN_POINT('',(-17.9999604833883,-28.0466667990746,0.999999999885955));
#3502=CARTESIAN_POINT('',(-16.9602881979354,-28.705046691486,0.999999999881645));
#3503=CARTESIAN_POINT('',(-15.1378488552515,-29.7384556311094,0.999999999874319));
#3504=CARTESIAN_POINT('',(-14.1547875415297,-30.2375482326532,0.999999999870477));
#3505=CARTESIAN_POINT('',(-12.3533043673583,-31.043659112922,0.999999999863643));
#3506=CARTESIAN_POINT('',(-11.1834003410288,-31.5076797169954,0.999999999859317));
#3507=CARTESIAN_POINT('',(-9.63661596832042,-32.0282690506717,0.999999999853774));
#3508=CARTESIAN_POINT('',(-8.371970594436,-32.4070760365049,0.99999999984933));
#3509=CARTESIAN_POINT('',(-7.37237345232045,-32.6571869916859,0.999999999845911));
#3510=CARTESIAN_POINT('',(-6.41783520934002,-32.8699265314906,0.999999999842696));
#3511=CARTESIAN_POINT('',(-6.0139414462341,-32.9522324441957,0.99999999984135));
#3512=CARTESIAN_POINT('',(-5.61597221034357,-33.0258454339458,0.999999999840037));
#3513=CARTESIAN_POINT('',(-5.61147662186509,-33.0266760380463,0.999999999840023));
#3514=CARTESIAN_POINT('',(-5.6114766218651,-33.0266760380493,1.));
#3515=CARTESIAN_POINT('',(-4.29393550677143,-33.2505360219356,1.01111111111111));
#3516=CARTESIAN_POINT('',(-1.63203499351151,-33.5403838518644,1.03333333333333));
#3517=CARTESIAN_POINT('',(2.38416808812904,-33.4953226343202,1.06666666666667));
#3518=CARTESIAN_POINT('',(6.36626179019247,-32.9710722065195,1.1));
#3519=CARTESIAN_POINT('',(10.2572791132489,-31.9751328135302,1.13333333333333));
#3520=CARTESIAN_POINT('',(14.0015542098569,-30.5217524463928,1.16666666666667));
#3521=CARTESIAN_POINT('',(17.5455210308216,-28.6317233960647,1.2));
#3522=CARTESIAN_POINT('',(20.8384790374059,-26.3320846919316,1.23333333333333));
#3523=CARTESIAN_POINT('',(23.8333186945795,-23.6557353053125,1.26666666666667));
#3524=CARTESIAN_POINT('',(26.4871953830571,-20.6409634844692,1.3));
#3525=CARTESIAN_POINT('',(28.7621423524994,-17.3308989992851,1.33333333333333));
#3526=CARTESIAN_POINT('',(30.625613876284,-13.7728961198878,1.36666666666667));
#3527=CARTESIAN_POINT('',(32.0509508563095,-10.0178561596282,1.4));
#3528=CARTESIAN_POINT('',(33.0177622117542,-6.11949927335495,1.43333333333333));
#3529=CARTESIAN_POINT('',(33.5122165969428,-2.13359592897499,1.46666666666667));
#3530=CARTESIAN_POINT('',(33.5272402745987,1.88283095307841,1.5));
#3531=CARTESIAN_POINT('',(33.0626183137764,5.87232177814534,1.53333333333333));
#3532=CARTESIAN_POINT('',(32.1249976646938,9.77780230276525,1.56666666666667));
#3533=CARTESIAN_POINT('',(30.7277920664835,13.5434001472119,1.6));
#3534=CARTESIAN_POINT('',(28.8909901482646,17.1152441139886,1.63333333333333));
#3535=CARTESIAN_POINT('',(26.6408694688702,20.4422348771157,1.66666666666667));
#3536=CARTESIAN_POINT('',(24.0096205862191,23.4767760166158,1.7));
#3537=CARTESIAN_POINT('',(21.0348865344525,26.1754549399099,1.73333333333333));
#3538=CARTESIAN_POINT('',(17.7592242971418,28.4996639487618,1.76666666666667));
#3539=CARTESIAN_POINT('',(14.2294959808126,30.4161525666969,1.8));
#3540=CARTESIAN_POINT('',(10.4961983987447,31.8975032252171,1.83333333333333));
#3541=CARTESIAN_POINT('',(6.61274065612309,32.9225235035743,1.86666666666667));
#3542=CARTESIAN_POINT('',(2.6346800715103,33.4765493106642,1.9));
#3543=CARTESIAN_POINT('',(-1.3810726343369,33.5516546716735,1.93333333333333));
#3544=CARTESIAN_POINT('',(-5.37706751162272,33.1467651182433,1.96666666666667));
#3545=CARTESIAN_POINT('',(-9.29613726895752,32.2676730599724,2.));
#3546=CARTESIAN_POINT('',(-13.0822151170495,30.9269549173484,2.03333333333333));
#3547=CARTESIAN_POINT('',(-16.6811368684543,29.1437912016394,2.06666666666667));
#3548=CARTESIAN_POINT('',(-20.0414158184108,26.9436921156137,2.1));
#3549=CARTESIAN_POINT('',(-23.1149793212578,24.3581326010477,2.13333333333333));
#3550=CARTESIAN_POINT('',(-25.85785652466,21.4241020527247,2.16666666666667));
#3551=CARTESIAN_POINT('',(-28.2308074235639,18.1835751458675,2.2));
#3552=CARTESIAN_POINT('',(-30.1998842317567,14.6829113284437,2.23333333333333));
#3553=CARTESIAN_POINT('',(-31.7369170503695,10.9721916401397,2.26666666666667));
#3554=CARTESIAN_POINT('',(-32.8199168464423,7.10450208117314,2.3));
#3555=CARTESIAN_POINT('',(-33.4333901214306,3.13517476991021,2.33333333333333));
#3556=CARTESIAN_POINT('',(-33.568560226988,-0.87900593714189,2.36666666666667));
#3557=CARTESIAN_POINT('',(-33.3385161961888,-3.54674015383244,2.38888888888889));
#3558=CARTESIAN_POINT('',(-33.1442770972498,-4.86897275621041,2.4));
#3559=CARTESIAN_POINT('',(7.45445128753652,32.6600850580911,0.999999999999999));
#3560=AXIS2_PLACEMENT_3D('',#3561,#3562,#3563);
#3561=CARTESIAN_POINT('',(0.,0.,1.));
#3562=DIRECTION('',(0.,0.,1.));
#3563=DIRECTION('',(-0.167506764831794,-0.985870926508935,0.));
#3564=CARTESIAN_POINT('',(7.45445128753651,32.6600850580911,1.64062484701168));
#3565=CARTESIAN_POINT('',(7.45445128753652,32.6600850580911,0.999999999999999));
#3566=VECTOR('',#3567,1.);
#3567=DIRECTION('',(0.,0.,1.));
#3568=CARTESIAN_POINT('',(7.45445128753654,32.6600850580911,1.64062484701168));
#3569=CARTESIAN_POINT('',(6.16392628436976,32.9546389686012,1.65163028401151));
#3570=CARTESIAN_POINT('',(3.54792342520954,33.3905856917301,1.67364115801118));
#3571=CARTESIAN_POINT('',(-0.425882166542645,33.5758485531299,1.70665746901067));
#3572=CARTESIAN_POINT('',(-4.39370917541855,33.2898527689444,1.73967378001016));
#3573=CARTESIAN_POINT('',(-8.29986796237751,32.5366127775273,1.77269009100965));
#3574=CARTESIAN_POINT('',(-12.0895327440323,31.3267006997204,1.80570640200914));
#3575=CARTESIAN_POINT('',(-15.7095132592401,29.6770984435485,1.83872271300864));
#3576=CARTESIAN_POINT('',(-19.1090007516918,27.6109592207315,1.87173902400813));
#3577=CARTESIAN_POINT('',(-22.2402812576394,25.1572826118835,1.90475533500762));
#3578=CARTESIAN_POINT('',(-25.05940526035,22.350507529493,1.93777164600711));
#3579=CARTESIAN_POINT('',(-27.526804560637,19.230028848398,1.9707879570066));
#3580=CARTESIAN_POINT('',(-29.6078476387494,15.8396444729663,2.0038042680061));
#3581=CARTESIAN_POINT('',(-31.2733257305864,12.2269406058103,2.03682057900559));
#3582=CARTESIAN_POINT('',(-32.4998627910912,8.44262384510702,2.06983689000508));
#3583=CARTESIAN_POINT('',(-33.270243591932,4.53980948519687,2.10285320100457));
#3584=CARTESIAN_POINT('',(-33.5736553483491,0.573276009748226,2.13586951200406));
#3585=CARTESIAN_POINT('',(-33.4058394828194,-3.40130375961255,2.16888582300356));
#3586=CARTESIAN_POINT('',(-32.7691513993479,-7.32814406496789,2.20190213400305));
#3587=CARTESIAN_POINT('',(-31.6725274147441,-11.1521292075179,2.23491844500254));
#3588=CARTESIAN_POINT('',(-30.131359365798,-14.8195871061508,2.26793475600203));
#3589=CARTESIAN_POINT('',(-28.1672784479041,-18.27904271384,2.30095106700152));
#3590=CARTESIAN_POINT('',(-25.8078520819956,-21.4819401497241,2.33396737800102));
#3591=CARTESIAN_POINT('',(-23.0861952172796,-24.3833255290901,2.36698368900051));
#3592=CARTESIAN_POINT('',(-21.0557398398812,-26.0894238454059,2.38899456300017));
#3593=CARTESIAN_POINT('',(-19.9936299105592,-26.879448710857,2.4));
#3594=CARTESIAN_POINT('',(7.45445128753651,32.6600850580911,1.64062484701168));
#3595=VECTOR('',#3596,1.);
#3596=DIRECTION('',(-0.192708781680008,-0.844312338807983,-0.5));
#3597=CARTESIAN_POINT('',(-30.0740410932968,20.2389365411994,1.));
#3598=CARTESIAN_POINT('',(-32.5644537369082,15.9254153106525,1.));
#3599=AXIS2_PLACEMENT_3D('',#3600,#3601,#3602);
#3600=CARTESIAN_POINT('',(-35.0740288532698,20.25,1.));
#3601=DIRECTION('',(0.,0.,-1.));
#3602=DIRECTION('',(0.999997551994591,-0.00221269176012697,0.));
#3603=CARTESIAN_POINT('',(-34.2875152223778,11.7655769036289,1.));
#3604=AXIS2_PLACEMENT_3D('',#3605,#3606,#3607);
#3605=CARTESIAN_POINT('',(0.,0.,1.));
#3606=DIRECTION('',(0.,0.,-1.));
#3607=DIRECTION('',(-0.945862488893182,0.324567638720798,0.));
#3608=CARTESIAN_POINT('',(-35.5766476670393,6.9544691224668,1.));
#3609=AXIS2_PLACEMENT_3D('',#3610,#3611,#3612);
#3610=CARTESIAN_POINT('',(-39.1199959647073,10.4821713266521,1.));
#3611=DIRECTION('',(0.,0.,-1.));
#3612=DIRECTION('',(0.966496148465884,0.25668111539537,0.));
#3613=CARTESIAN_POINT('',(-36.1643518518518,2.4904126436114,1.));
#3614=AXIS2_PLACEMENT_3D('',#3615,#3616,#3617);
#3615=CARTESIAN_POINT('',(0.,0.,1.));
#3616=DIRECTION('',(0.,0.,-1.));
#3617=DIRECTION('',(-0.997637292464879,0.0687010384444525,0.));
#3618=CARTESIAN_POINT('',(-36.1643518518518,-2.49041264361142,1.));
#3619=AXIS2_PLACEMENT_3D('',#3620,#3621,#3622);
#3620=CARTESIAN_POINT('',(-40.5,-1.53080849893419E-17,1.));
#3621=DIRECTION('',(0.,0.,-1.));
#3622=DIRECTION('',(0.867129629629629,0.498082528722281,0.));
#3623=CARTESIAN_POINT('',(-35.5766476670393,-6.95446912246688,1.));
#3624=AXIS2_PLACEMENT_3D('',#3625,#3626,#3627);
#3625=CARTESIAN_POINT('',(0.,0.,1.));
#3626=DIRECTION('',(0.,0.,-1.));
#3627=DIRECTION('',(-0.981424763228671,-0.191847424068051,0.));
#3628=CARTESIAN_POINT('',(-34.2875152223778,-11.7655769036289,1.));
#3629=AXIS2_PLACEMENT_3D('',#3630,#3631,#3632);
#3630=CARTESIAN_POINT('',(-39.1199959647073,-10.4821713266521,1.));
#3631=DIRECTION('',(0.,0.,-1.));
#3632=DIRECTION('',(0.708669659533593,0.705540440837051,0.));
#3633=CARTESIAN_POINT('',(-32.5644537369082,-15.9254153106525,1.));
#3634=AXIS2_PLACEMENT_3D('',#3635,#3636,#3637);
#3635=CARTESIAN_POINT('',(0.,0.,1.));
#3636=DIRECTION('',(0.,0.,-1.));
#3637=DIRECTION('',(-0.898329758259537,-0.439321801673172,0.));
#3638=CARTESIAN_POINT('',(-30.0740410932968,-20.2389365411994,1.));
#3639=AXIS2_PLACEMENT_3D('',#3640,#3641,#3642);
#3640=CARTESIAN_POINT('',(-35.0740288532698,-20.25,1.));
#3641=DIRECTION('',(0.,0.,-1.));
#3642=DIRECTION('',(0.501915023272314,0.8649169378695,0.));
#3643=CARTESIAN_POINT('',(-27.3330460999111,-23.8110707634104,1.));
#3644=AXIS2_PLACEMENT_3D('',#3645,#3646,#3647);
#3645=CARTESIAN_POINT('',(0.,0.,1.));
#3646=DIRECTION('',(0.,0.,-1.));
#3647=DIRECTION('',(-0.754015064825134,-0.656857124507871,0.));
#3648=CARTESIAN_POINT('',(-23.8110707634103,-27.3330460999111,1.));
#3649=AXIS2_PLACEMENT_3D('',#3650,#3651,#3652);
#3650=CARTESIAN_POINT('',(-28.6378246380552,-28.6378246380552,1.));
#3651=DIRECTION('',(0.,0.,-1.));
#3652=DIRECTION('',(0.260955707628822,0.965350774928958,0.));
#3653=CARTESIAN_POINT('',(-20.2389365411993,-30.0740410932968,1.));
#3654=AXIS2_PLACEMENT_3D('',#3655,#3656,#3657);
#3655=CARTESIAN_POINT('',(0.,0.,1.));
#3656=DIRECTION('',(0.,0.,-1.));
#3657=DIRECTION('',(-0.558315490791707,-0.829628719815084,0.));
#3658=CARTESIAN_POINT('',(-15.9254153106525,-32.5644537369082,1.));
#3659=AXIS2_PLACEMENT_3D('',#3660,#3661,#3662);
#3660=CARTESIAN_POINT('',(-20.25,-35.0740288532698,1.));
#3661=DIRECTION('',(0.,0.,-1.));
#3662=DIRECTION('',(0.00221269176012839,0.999997551994591,0.));
#3663=CARTESIAN_POINT('',(-11.765576903629,-34.2875152223778,1.));
#3664=AXIS2_PLACEMENT_3D('',#3665,#3666,#3667);
#3665=CARTESIAN_POINT('',(0.,0.,1.));
#3666=DIRECTION('',(0.,0.,-1.));
#3667=DIRECTION('',(-0.324567638720799,-0.945862488893182,0.));
#3668=CARTESIAN_POINT('',(-6.95446912246675,-35.5766476670394,1.));
#3669=AXIS2_PLACEMENT_3D('',#3670,#3671,#3672);
#3670=CARTESIAN_POINT('',(-10.4821713266521,-39.1199959647073,1.));
#3671=DIRECTION('',(0.,0.,-1.));
#3672=DIRECTION('',(-0.256681115395375,0.966496148465883,0.));
#3673=CARTESIAN_POINT('',(-2.49041264361135,-36.1643518518518,1.));
#3674=AXIS2_PLACEMENT_3D('',#3675,#3676,#3677);
#3675=CARTESIAN_POINT('',(0.,0.,1.));
#3676=DIRECTION('',(0.,0.,-1.));
#3677=DIRECTION('',(-0.0687010384444515,-0.997637292464879,0.));
#3678=CARTESIAN_POINT('',(2.4904126436114,-36.1643518518518,1.));
#3679=AXIS2_PLACEMENT_3D('',#3680,#3681,#3682);
#3680=CARTESIAN_POINT('',(2.49772341019221E-14,-40.5,1.));
#3681=DIRECTION('',(0.,0.,-1.));
#3682=DIRECTION('',(-0.498082528722277,0.867129629629632,0.));
#3683=CARTESIAN_POINT('',(6.95446912246683,-35.5766476670393,1.));
#3684=AXIS2_PLACEMENT_3D('',#3685,#3686,#3687);
#3685=CARTESIAN_POINT('',(0.,0.,1.));
#3686=DIRECTION('',(0.,0.,-1.));
#3687=DIRECTION('',(0.19184742406805,-0.981424763228672,0.));
#3688=CARTESIAN_POINT('',(11.765576903629,-34.2875152223778,1.));
#3689=AXIS2_PLACEMENT_3D('',#3690,#3691,#3692);
#3690=CARTESIAN_POINT('',(10.4821713266521,-39.1199959647073,1.));
#3691=DIRECTION('',(0.,0.,-1.));
#3692=DIRECTION('',(-0.705540440837057,0.708669659533588,0.));
#3693=CARTESIAN_POINT('',(15.9254153106525,-32.5644537369082,1.));
#3694=AXIS2_PLACEMENT_3D('',#3695,#3696,#3697);
#3695=CARTESIAN_POINT('',(0.,0.,1.));
#3696=DIRECTION('',(0.,0.,-1.));
#3697=DIRECTION('',(0.439321801673172,-0.898329758259537,0.));
#3698=CARTESIAN_POINT('',(20.2389365411994,-30.0740410932968,1.));
#3699=AXIS2_PLACEMENT_3D('',#3700,#3701,#3702);
#3700=CARTESIAN_POINT('',(20.25,-35.0740288532698,1.));
#3701=DIRECTION('',(0.,0.,-1.));
#3702=DIRECTION('',(-0.864916937869501,0.501915023272312,0.));
#3703=CARTESIAN_POINT('',(23.8110707634104,-27.333046099911,1.));
#3704=AXIS2_PLACEMENT_3D('',#3705,#3706,#3707);
#3705=CARTESIAN_POINT('',(0.,0.,1.));
#3706=DIRECTION('',(0.,0.,-1.));
#3707=DIRECTION('',(0.656857124507874,-0.754015064825132,0.));
#3708=CARTESIAN_POINT('',(27.333046099911,-23.8110707634104,1.));
#3709=AXIS2_PLACEMENT_3D('',#3710,#3711,#3712);
#3710=CARTESIAN_POINT('',(28.6378246380552,-28.6378246380552,1.));
#3711=DIRECTION('',(0.,0.,-1.));
#3712=DIRECTION('',(-0.965350774928955,0.260955707628834,0.));
#3713=CARTESIAN_POINT('',(30.0740410932968,-20.2389365411994,1.));
#3714=AXIS2_PLACEMENT_3D('',#3715,#3716,#3717);
#3715=CARTESIAN_POINT('',(0.,0.,1.));
#3716=DIRECTION('',(0.,0.,-1.));
#3717=DIRECTION('',(0.829628719815084,-0.558315490791707,0.));
#3718=CARTESIAN_POINT('',(32.5644537369082,-15.9254153106525,1.));
#3719=AXIS2_PLACEMENT_3D('',#3720,#3721,#3722);
#3720=CARTESIAN_POINT('',(35.0740288532698,-20.25,1.));
#3721=DIRECTION('',(0.,0.,-1.));
#3722=DIRECTION('',(-0.999997551994591,0.00221269176012484,0.));
#3723=CARTESIAN_POINT('',(34.2875152223779,-11.7655769036289,1.));
#3724=AXIS2_PLACEMENT_3D('',#3725,#3726,#3727);
#3725=CARTESIAN_POINT('',(0.,0.,1.));
#3726=DIRECTION('',(0.,0.,-1.));
#3727=DIRECTION('',(0.945862488893182,-0.324567638720798,0.));
#3728=CARTESIAN_POINT('',(35.5766476670393,-6.9544691224668,1.));
#3729=AXIS2_PLACEMENT_3D('',#3730,#3731,#3732);
#3730=CARTESIAN_POINT('',(39.1199959647073,-10.4821713266521,1.));
#3731=DIRECTION('',(0.,0.,-1.));
#3732=DIRECTION('',(-0.966496148465885,-0.256681115395368,0.));
#3733=CARTESIAN_POINT('',(36.1643518518518,-2.49041264361137,1.));
#3734=AXIS2_PLACEMENT_3D('',#3735,#3736,#3737);
#3735=CARTESIAN_POINT('',(0.,0.,1.));
#3736=DIRECTION('',(0.,0.,-1.));
#3737=DIRECTION('',(0.997637292464879,-0.0687010384444516,0.));
#3738=CARTESIAN_POINT('',(36.1643518518518,2.49041264361139,1.));
#3739=AXIS2_PLACEMENT_3D('',#3740,#3741,#3742);
#3740=CARTESIAN_POINT('',(40.5,1.59844276024584E-14,1.));
#3741=DIRECTION('',(0.,0.,-1.));
#3742=DIRECTION('',(-0.867129629629632,-0.498082528722277,0.));
#3743=CARTESIAN_POINT('',(35.5766476670393,6.95446912246684,1.));
#3744=AXIS2_PLACEMENT_3D('',#3745,#3746,#3747);
#3745=CARTESIAN_POINT('',(0.,0.,1.));
#3746=DIRECTION('',(0.,0.,-1.));
#3747=DIRECTION('',(0.981424763228672,0.191847424068051,0.));
#3748=CARTESIAN_POINT('',(34.2875152223778,11.7655769036289,1.));
#3749=AXIS2_PLACEMENT_3D('',#3750,#3751,#3752);
#3750=CARTESIAN_POINT('',(39.1199959647073,10.4821713266521,1.));
#3751=DIRECTION('',(0.,0.,-1.));
#3752=DIRECTION('',(-0.708669659533591,-0.705540440837054,0.));
#3753=CARTESIAN_POINT('',(32.5644537369082,15.9254153106525,1.));
#3754=AXIS2_PLACEMENT_3D('',#3755,#3756,#3757);
#3755=CARTESIAN_POINT('',(0.,0.,1.));
#3756=DIRECTION('',(0.,0.,-1.));
#3757=DIRECTION('',(0.898329758259538,0.43932180167317,0.));
#3758=CARTESIAN_POINT('',(30.0740410932968,20.2389365411994,1.));
#3759=AXIS2_PLACEMENT_3D('',#3760,#3761,#3762);
#3760=CARTESIAN_POINT('',(35.0740288532698,20.25,1.));
#3761=DIRECTION('',(0.,0.,-1.));
#3762=DIRECTION('',(-0.501915023272312,-0.864916937869501,0.));
#3763=CARTESIAN_POINT('',(27.333046099911,23.8110707634104,1.));
#3764=AXIS2_PLACEMENT_3D('',#3765,#3766,#3767);
#3765=CARTESIAN_POINT('',(0.,0.,1.));
#3766=DIRECTION('',(0.,0.,-1.));
#3767=DIRECTION('',(0.754015064825133,0.656857124507873,0.));
#3768=CARTESIAN_POINT('',(23.8110707634104,27.333046099911,1.));
#3769=AXIS2_PLACEMENT_3D('',#3770,#3771,#3772);
#3770=CARTESIAN_POINT('',(28.6378246380552,28.6378246380552,1.));
#3771=DIRECTION('',(0.,0.,-1.));
#3772=DIRECTION('',(-0.260955707628826,-0.965350774928958,0.));
#3773=CARTESIAN_POINT('',(20.2389365411994,30.0740410932968,1.));
#3774=AXIS2_PLACEMENT_3D('',#3775,#3776,#3777);
#3775=CARTESIAN_POINT('',(0.,0.,1.));
#3776=DIRECTION('',(0.,0.,-1.));
#3777=DIRECTION('',(0.558315490791706,0.829628719815084,0.));
#3778=CARTESIAN_POINT('',(15.9254153106525,32.5644537369082,1.));
#3779=AXIS2_PLACEMENT_3D('',#3780,#3781,#3782);
#3780=CARTESIAN_POINT('',(20.25,35.0740288532698,1.));
#3781=DIRECTION('',(0.,0.,-1.));
#3782=DIRECTION('',(-0.00221269176012839,-0.999997551994591,0.));
#3783=CARTESIAN_POINT('',(11.7655769036289,34.2875152223778,1.));
#3784=AXIS2_PLACEMENT_3D('',#3785,#3786,#3787);
#3785=CARTESIAN_POINT('',(0.,0.,1.));
#3786=DIRECTION('',(0.,0.,-1.));
#3787=DIRECTION('',(0.324567638720798,0.945862488893182,0.));
#3788=CARTESIAN_POINT('',(6.95446912246681,35.5766476670393,1.));
#3789=AXIS2_PLACEMENT_3D('',#3790,#3791,#3792);
#3790=CARTESIAN_POINT('',(10.4821713266521,39.1199959647073,1.));
#3791=DIRECTION('',(0.,0.,-1.));
#3792=DIRECTION('',(0.25668111539537,-0.966496148465884,0.));
#3793=CARTESIAN_POINT('',(2.49041264361137,36.1643518518518,1.));
#3794=AXIS2_PLACEMENT_3D('',#3795,#3796,#3797);
#3795=CARTESIAN_POINT('',(0.,0.,1.));
#3796=DIRECTION('',(0.,0.,-1.));
#3797=DIRECTION('',(0.0687010384444514,0.997637292464879,0.));
#3798=CARTESIAN_POINT('',(-2.49041264361139,36.1643518518518,1.));
#3799=AXIS2_PLACEMENT_3D('',#3800,#3801,#3802);
#3800=CARTESIAN_POINT('',(-8.11572191542759E-15,40.5,1.));
#3801=DIRECTION('',(0.,0.,-1.));
#3802=DIRECTION('',(0.498082528722277,-0.867129629629632,0.));
#3803=CARTESIAN_POINT('',(-6.9544691224668,35.5766476670393,1.));
#3804=AXIS2_PLACEMENT_3D('',#3805,#3806,#3807);
#3805=CARTESIAN_POINT('',(0.,0.,1.));
#3806=DIRECTION('',(0.,0.,-1.));
#3807=DIRECTION('',(-0.19184742406805,0.981424763228672,0.));
#3808=CARTESIAN_POINT('',(-11.765576903629,34.2875152223778,1.));
#3809=AXIS2_PLACEMENT_3D('',#3810,#3811,#3812);
#3810=CARTESIAN_POINT('',(-10.4821713266521,39.1199959647073,1.));
#3811=DIRECTION('',(0.,0.,-1.));
#3812=DIRECTION('',(0.70554044083706,-0.708669659533585,0.));
#3813=CARTESIAN_POINT('',(-15.9254153106525,32.5644537369082,1.));
#3814=AXIS2_PLACEMENT_3D('',#3815,#3816,#3817);
#3815=CARTESIAN_POINT('',(0.,0.,1.));
#3816=DIRECTION('',(0.,0.,-1.));
#3817=DIRECTION('',(-0.43932180167317,0.898329758259538,0.));
#3818=CARTESIAN_POINT('',(-20.2389365411994,30.0740410932968,1.));
#3819=AXIS2_PLACEMENT_3D('',#3820,#3821,#3822);
#3820=CARTESIAN_POINT('',(-20.25,35.0740288532698,1.));
#3821=DIRECTION('',(0.,0.,-1.));
#3822=DIRECTION('',(0.864916937869501,-0.501915023272312,0.));
#3823=CARTESIAN_POINT('',(-23.8110707634104,27.3330460999111,1.));
#3824=AXIS2_PLACEMENT_3D('',#3825,#3826,#3827);
#3825=CARTESIAN_POINT('',(0.,0.,1.));
#3826=DIRECTION('',(0.,0.,-1.));
#3827=DIRECTION('',(-0.656857124507872,0.754015064825133,0.));
#3828=CARTESIAN_POINT('',(-27.3330460999111,23.8110707634104,1.));
#3829=AXIS2_PLACEMENT_3D('',#3830,#3831,#3832);
#3830=CARTESIAN_POINT('',(-28.6378246380552,28.6378246380552,1.));
#3831=DIRECTION('',(0.,0.,-1.));
#3832=DIRECTION('',(0.965350774928958,-0.260955707628822,0.));
#3833=AXIS2_PLACEMENT_3D('',#3834,#3835,#3836);
#3834=CARTESIAN_POINT('',(0.,0.,1.));
#3835=DIRECTION('',(0.,0.,-1.));
#3836=DIRECTION('',(-0.829628719815084,0.558315490791707,0.));
#3837=CARTESIAN_POINT('',(7.22293776293544,31.6457580320078,1.));
#3838=VECTOR('',#3839,1.);
#3839=DIRECTION('',(0.222520933956313,0.974927912181824,-4.26839623758636E-16));
#3840=CARTESIAN_POINT('',(-30.7439018825233,17.7499999165572,-4.));
#3841=CARTESIAN_POINT('',(-30.0740410926629,20.2389365421413,-3.));
#3842=CARTESIAN_POINT('',(-30.0740410929788,20.2389365421691,-3.));
#3843=CARTESIAN_POINT('',(-30.0741074610297,20.208885568066,-3.02229712423482));
#3844=CARTESIAN_POINT('',(-30.0747806954271,20.1486111643579,-3.06635346109578));
#3845=CARTESIAN_POINT('',(-30.0774606595762,20.0573993477475,-3.13096583352438));
#3846=CARTESIAN_POINT('',(-30.0818123559952,19.9661773799186,-3.19350733918224));
#3847=CARTESIAN_POINT('',(-30.0878215047157,19.8751751149453,-3.25381613448938));
#3848=CARTESIAN_POINT('',(-30.0954197400803,19.7850715944904,-3.31146357785058));
#3849=CARTESIAN_POINT('',(-30.1045605585041,19.695902434729,-3.36647371123211));
#3850=CARTESIAN_POINT('',(-30.1151378892291,19.6081457645773,-3.41861617281616));
#3851=CARTESIAN_POINT('',(-30.1271631525924,19.5212643044602,-3.46827074571675));
#3852=CARTESIAN_POINT('',(-30.1405153426655,19.4358015979756,-3.51517842825693));
#3853=CARTESIAN_POINT('',(-30.1551230214685,19.3518191161137,-3.55937808228106));
#3854=CARTESIAN_POINT('',(-30.1706923266065,19.2704496763627,-3.60039160694748));
#3855=CARTESIAN_POINT('',(-30.1871890169587,19.1912702214097,-3.6385747437134));
#3856=CARTESIAN_POINT('',(-30.2043736336228,19.114899138795,-3.67376695869626));
#3857=CARTESIAN_POINT('',(-30.2222344017078,19.0408901659314,-3.70631437882076));
#3858=CARTESIAN_POINT('',(-30.2423960035562,18.9624964433549,-3.73918517966616));
#3859=CARTESIAN_POINT('',(-30.2671326479298,18.872571220045,-3.77480845427325));
#3860=CARTESIAN_POINT('',(-30.2971742283033,18.7715593953878,-3.81189784911205));
#3861=CARTESIAN_POINT('',(-30.3284474870738,18.6743764876471,-3.84449782580745));
#3862=CARTESIAN_POINT('',(-30.3590942249667,18.58509933373,-3.87194550127128));
#3863=CARTESIAN_POINT('',(-30.3920878376933,18.4941478104395,-3.89759346969977));
#3864=CARTESIAN_POINT('',(-30.4313690068235,18.3924744312791,-3.92312782780916));
#3865=CARTESIAN_POINT('',(-30.4735338957543,18.2905963182195,-3.94503784862033));
#3866=CARTESIAN_POINT('',(-30.5109709057753,18.2053408963515,-3.96054824700524));
#3867=CARTESIAN_POINT('',(-30.5418430349357,18.1379681155559,-3.97111322734773));
#3868=CARTESIAN_POINT('',(-30.5716436764053,18.0750885538786,-3.97967527955986));
#3869=CARTESIAN_POINT('',(-30.6042236840405,18.0088105015216,-3.98716261223469));
#3870=CARTESIAN_POINT('',(-30.6399302298243,17.9389865034752,-3.99322955459398));
#3871=CARTESIAN_POINT('',(-30.6722805638487,17.878080311134,-3.99693604578242));
#3872=CARTESIAN_POINT('',(-30.7002151436623,17.8270790170105,-3.99892651040237));
#3873=CARTESIAN_POINT('',(-30.7227392692858,17.7868905859334,-3.99982054533133));
#3874=CARTESIAN_POINT('',(-30.7371117319919,17.7617607699718,-4.00000002610598));
#3875=CARTESIAN_POINT('',(-30.7439018327256,17.7500000028093,-4.));
#3876=CARTESIAN_POINT('',(-32.564453737407,15.9254153096325,-3.));
#3877=CARTESIAN_POINT('',(-30.7439019331072,17.7499998289433,-4.));
#3878=CARTESIAN_POINT('',(-30.7567201444371,17.727797798473,-4.00000019638719));
#3879=CARTESIAN_POINT('',(-30.7826422459043,17.6836874159768,-3.99940083250568));
#3880=CARTESIAN_POINT('',(-30.8223677230625,17.6184009990938,-3.996723637814));
#3881=CARTESIAN_POINT('',(-30.86286973803,17.5540673513909,-3.99229921282852));
#3882=CARTESIAN_POINT('',(-30.9041762237363,17.4906096422973,-3.98614969322099));
#3883=CARTESIAN_POINT('',(-30.9462451604503,17.4280701327256,-3.97829895037285));
#3884=CARTESIAN_POINT('',(-30.9889525443608,17.3665991410606,-3.96879683197567));
#3885=CARTESIAN_POINT('',(-31.0320612682879,17.3064816850663,-3.95773982419867));
#3886=CARTESIAN_POINT('',(-31.0755816395156,17.2476370110129,-3.94517679923758));
#3887=CARTESIAN_POINT('',(-31.1193872872894,17.1901743682503,-3.93119221739478));
#3888=CARTESIAN_POINT('',(-31.1634514474468,17.1340646402595,-3.91584464754361));
#3889=CARTESIAN_POINT('',(-31.2075433267062,17.079526482664,-3.89927284850393));
#3890=CARTESIAN_POINT('',(-31.251734459174,17.0263946615585,-3.88150945652005));
#3891=CARTESIAN_POINT('',(-31.2959809031528,16.9746556940803,-3.86262374995344));
#3892=CARTESIAN_POINT('',(-31.3403686283623,16.9241517421296,-3.84262385047001));
#3893=CARTESIAN_POINT('',(-31.384816757957,16.8749204124251,-3.82158880598068));
#3894=CARTESIAN_POINT('',(-31.4294165447161,16.8268115746724,-3.79951398606622));
#3895=CARTESIAN_POINT('',(-31.4741848034607,16.7797669833435,-3.77642288006937));
#3896=CARTESIAN_POINT('',(-31.5191924646689,16.7336795308817,-3.75230506108899));
#3897=CARTESIAN_POINT('',(-31.564418311028,16.6885418280986,-3.72719546488728));
#3898=CARTESIAN_POINT('',(-31.6098783205334,16.6443111516767,-3.70110703459343));
#3899=CARTESIAN_POINT('',(-31.6555788279647,16.6009571914292,-3.67405598242356));
#3900=CARTESIAN_POINT('',(-31.7015367788543,16.5584426108088,-3.64604997620368));
#3901=CARTESIAN_POINT('',(-31.7477691672921,16.5167330686595,-3.61709439820937));
#3902=CARTESIAN_POINT('',(-31.7942606988154,16.4758255990082,-3.5872131919063));
#3903=CARTESIAN_POINT('',(-31.84103188147,16.4356861298544,-3.55640699620597));
#3904=CARTESIAN_POINT('',(-31.888072757706,16.3963090957348,-3.52469477574248));
#3905=CARTESIAN_POINT('',(-31.935412701104,16.3576577348639,-3.49206771778158));
#3906=CARTESIAN_POINT('',(-31.9830036017095,16.3197593592367,-3.45856981731924));
#3907=CARTESIAN_POINT('',(-32.0308335473458,16.2826106123913,-3.42422092994166));
#3908=CARTESIAN_POINT('',(-32.0788388491718,16.2462468460294,-3.38907917139184));
#3909=CARTESIAN_POINT('',(-32.1270020785256,16.2106657968762,-3.3531706327878));
#3910=CARTESIAN_POINT('',(-32.1752775891961,16.1758848778555,-3.31654325010563));
#3911=CARTESIAN_POINT('',(-32.2236599157175,16.1418915901355,-3.27921512568467));
#3912=CARTESIAN_POINT('',(-32.2721351117516,16.1086795169245,-3.24121076976186));
#3913=CARTESIAN_POINT('',(-32.3207169799365,16.0762241058807,-3.20253226515963));
#3914=CARTESIAN_POINT('',(-32.3693852530657,16.0445248737515,-3.16320784328071));
#3915=CARTESIAN_POINT('',(-32.4181278315426,16.0135753566413,-3.12325956053743));
#3916=CARTESIAN_POINT('',(-32.4669167888738,15.9833786731071,-3.0827227196558));
#3917=CARTESIAN_POINT('',(-32.5157082126806,15.9539471526321,-3.04164633829107));
#3918=CARTESIAN_POINT('',(-32.548218239201,15.9348368324922,-3.01392766282802));
#3919=CARTESIAN_POINT('',(-32.564453737589,15.9254153098922,-3.));
#3920=CARTESIAN_POINT('',(-32.5644537369082,15.9254153106525,1.));
#3921=VECTOR('',#3922,1.);
#3922=DIRECTION('',(0.,0.,-1.));
#3923=CARTESIAN_POINT('',(-30.0740410932968,20.2389365411994,1.));
#3924=VECTOR('',#3925,1.);
#3925=DIRECTION('',(0.,0.,-1.));
#3926=CARTESIAN_POINT('',(-34.2875152220093,11.7655769047029,-3.));
#3927=AXIS2_PLACEMENT_3D('',#3928,#3929,#3930);
#3928=CARTESIAN_POINT('',(0.,0.,-3.));
#3929=DIRECTION('',(0.,0.,-1.));
#3930=DIRECTION('',(-0.945862488883017,0.324567638750424,0.));
#3931=CARTESIAN_POINT('',(-34.2875152223779,11.7655769036289,1.));
#3932=VECTOR('',#3933,1.);
#3933=DIRECTION('',(0.,0.,-1.));
#3934=CARTESIAN_POINT('',(-34.2903668458799,9.18807605404873,-4.));
#3935=CARTESIAN_POINT('',(-34.2875152223216,11.765576904648,-3.));
#3936=CARTESIAN_POINT('',(-34.2798015644965,11.736532715274,-3.02229712428625));
#3937=CARTESIAN_POINT('',(-34.2648516953462,11.6781378660623,-3.06635346123774));
#3938=CARTESIAN_POINT('',(-34.2438329866161,11.5893403907893,-3.13096583379257));
#3939=CARTESIAN_POINT('',(-34.2244264199489,11.5001004340912,-3.19350733953307));
#3940=CARTESIAN_POINT('',(-34.2066776925645,11.4106437138889,-3.25381613487899));
#3941=CARTESIAN_POINT('',(-34.1906965172269,11.3216438284349,-3.31146357821481));
#3942=CARTESIAN_POINT('',(-34.1764471930607,11.2331472163189,-3.36647371151833));
#3943=CARTESIAN_POINT('',(-34.1639510124507,11.1456431677817,-3.41861617295592));
#3944=CARTESIAN_POINT('',(-34.1530799484018,11.058609754784,-3.4682707456603));
#3945=CARTESIAN_POINT('',(-34.1438577975805,10.9726033187234,-3.51517842799444));
#3946=CARTESIAN_POINT('',(-34.1362314660787,10.887701725477,-3.55937808179526));
#3947=CARTESIAN_POINT('',(-34.1302102992671,10.8050752498623,-3.60039160636963));
#3948=CARTESIAN_POINT('',(-34.1256517277821,10.7243241119422,-3.63857474280994));
#3949=CARTESIAN_POINT('',(-34.1224845014659,10.6461076051382,-3.67376695865248));
#3950=CARTESIAN_POINT('',(-34.1205817492485,10.569997718586,-3.70631437598942));
#3951=CARTESIAN_POINT('',(-34.1200345927877,10.5156699157355,-3.72837742322829));
#3952=CARTESIAN_POINT('',(-34.119960448098,10.4598659832431,-3.75033508647836));
#3953=CARTESIAN_POINT('',(-34.1205083452709,10.3913082117324,-3.77638764444686));
#3954=CARTESIAN_POINT('',(-34.1232601297566,10.2904483139814,-3.81189784834012));
#3955=CARTESIAN_POINT('',(-34.1283149893898,10.1884827180859,-3.84449782709617));
#3956=CARTESIAN_POINT('',(-34.1348108376169,10.0943156502356,-3.87194550198264));
#3957=CARTESIAN_POINT('',(-34.1431402335431,9.99792385276618,-3.8975934696098));
#3958=CARTESIAN_POINT('',(-34.1547679218224,9.88954820025824,-3.92312782659952));
#3959=CARTESIAN_POINT('',(-34.1691280804343,9.78022842692115,-3.94503784696174));
#3960=CARTESIAN_POINT('',(-34.1832237278513,9.68818860414226,-3.96054824527102));
#3961=CARTESIAN_POINT('',(-34.1956065559521,9.61512119894919,-3.97111322606787));
#3962=CARTESIAN_POINT('',(-34.2081173385845,9.54667122397579,-3.97967527954355));
#3963=CARTESIAN_POINT('',(-34.2224331894217,9.47421920380929,-3.98716261330633));
#3964=CARTESIAN_POINT('',(-34.2388512853366,9.39753286052288,-3.99322955564477));
#3965=CARTESIAN_POINT('',(-34.2543356215689,9.33032913317374,-3.99693604559434));
#3966=CARTESIAN_POINT('',(-34.2681182418781,9.27383568770093,-3.99892650930489));
#3967=CARTESIAN_POINT('',(-34.2794733291592,9.22918703107241,-3.99982054432285));
#3968=CARTESIAN_POINT('',(-34.286851996718,9.20119358830616,-4.0000000257133));
#3969=CARTESIAN_POINT('',(-34.2903668324265,9.18807610425724,-4.));
#3970=CARTESIAN_POINT('',(-35.5766476672572,6.95446912135251,-3.));
#3971=CARTESIAN_POINT('',(-34.2903668597443,9.18807600230587,-4.));
#3972=CARTESIAN_POINT('',(-34.297001998003,9.16331286912082,-4.00000019712843));
#3973=CARTESIAN_POINT('',(-34.3106242297677,9.11399633368495,-3.99940083366971));
#3974=CARTESIAN_POINT('',(-34.3320987400752,9.04065273981293,-3.99672363711078));
#3975=CARTESIAN_POINT('',(-34.3545699173324,8.96802849095601,-3.99229920953286));
#3976=CARTESIAN_POINT('',(-34.3780448554766,8.89604214672106,-3.9861496888115));
#3977=CARTESIAN_POINT('',(-34.4024939092741,8.82474538653103,-3.97829894599242));
#3978=CARTESIAN_POINT('',(-34.4278362079136,8.75431549379665,-3.96879682819503));
#3979=CARTESIAN_POINT('',(-34.4539164919024,8.68508914116407,-3.95773982143863));
#3980=CARTESIAN_POINT('',(-34.4807238171059,8.6169856578942,-3.94517679769225));
#3981=CARTESIAN_POINT('',(-34.5081643949637,8.55014327712461,-3.93119221697693));
#3982=CARTESIAN_POINT('',(-34.5362048374056,8.48454080171674,-3.91584464804219));
#3983=CARTESIAN_POINT('',(-34.5646788076163,8.42044917041489,-3.89927284953463));
#3984=CARTESIAN_POINT('',(-34.5936126362632,8.35769026597906,-3.88150945779415));
#3985=CARTESIAN_POINT('',(-34.6229603892314,8.29626243819292,-3.86262375117922));
#3986=CARTESIAN_POINT('',(-34.6527642551429,8.23599097713572,-3.84262385148721));
#3987=CARTESIAN_POINT('',(-34.6829558462244,8.17693314075972,-3.82158880666668));
#3988=CARTESIAN_POINT('',(-34.7135844491827,8.11892029663823,-3.79951398638673));
#3989=CARTESIAN_POINT('',(-34.7446512307675,8.06189183203585,-3.77642288004354));
#3990=CARTESIAN_POINT('',(-34.7761969830087,8.00572593095377,-3.75230506080013));
#3991=CARTESIAN_POINT('',(-34.8081992990555,7.95042094746804,-3.72719546445891));
#3992=CARTESIAN_POINT('',(-34.8406625549104,7.89593147849928,-3.70110703411683));
#3993=CARTESIAN_POINT('',(-34.8735850246574,7.84222660705917,-3.6740559819884));
#3994=CARTESIAN_POINT('',(-34.9069734130686,7.78926588288729,-3.64604997585892));
#3995=CARTESIAN_POINT('',(-34.9408352470505,7.73701173654018,-3.61709439798791));
#3996=CARTESIAN_POINT('',(-34.9751549856709,7.68546526155256,-3.5872131918119));
#3997=CARTESIAN_POINT('',(-35.0099436197157,7.6345882390016,-3.55640699622636));
#3998=CARTESIAN_POINT('',(-35.0451900905019,7.58437787024196,-3.52469477584652));
#3999=CARTESIAN_POINT('',(-35.0809132560891,7.53479104366494,-3.49206771792731));
#4000=CARTESIAN_POINT('',(-35.1170737146791,7.4858665924301,-3.45856981747685));
#4001=CARTESIAN_POINT('',(-35.1536590912735,7.43760435754964,-3.42422093008292));
#4002=CARTESIAN_POINT('',(-35.1906170168543,7.39005497005242,-3.38907917150202));
#4003=CARTESIAN_POINT('',(-35.2279300708423,7.34322075466138,-3.35317063285741));
#4004=CARTESIAN_POINT('',(-35.2655586691703,7.2971303450897,-3.31654325013408));
#4005=CARTESIAN_POINT('',(-35.3034942976635,7.25177308296519,-3.27921512567608));
#4006=CARTESIAN_POINT('',(-35.3417218244002,7.20714637972615,-3.24121076972581));
#4007=CARTESIAN_POINT('',(-35.3802482270888,7.16322294724825,-3.20253226510882));
#4008=CARTESIAN_POINT('',(-35.4190538040399,7.12000756427896,-3.16320784322443));
#4009=CARTESIAN_POINT('',(-35.4581251949605,7.07749711878121,-3.1232595604862));
#4010=CARTESIAN_POINT('',(-35.4974362320748,7.03570185095298,-3.08272271961653));
#4011=CARTESIAN_POINT('',(-35.5369476903877,6.99464503552,-3.04164633827041));
#4012=CARTESIAN_POINT('',(-35.5634038497944,6.96777166974089,-3.01392766282052));
#4013=CARTESIAN_POINT('',(-35.5766476675002,6.95446912155617,-3.));
#4014=CARTESIAN_POINT('',(-35.5766476670393,6.95446912246681,1.));
#4015=VECTOR('',#4016,1.);
#4016=DIRECTION('',(0.,0.,-1.));
#4017=CARTESIAN_POINT('',(-36.1643518518519,2.49041264361138,-3.));
#4018=AXIS2_PLACEMENT_3D('',#4019,#4020,#4021);
#4019=CARTESIAN_POINT('',(0.,0.,-3.));
#4020=DIRECTION('',(0.,0.,-1.));
#4021=DIRECTION('',(-0.997637292464879,0.0687010384444518,0.));
#4022=CARTESIAN_POINT('',(-36.1643518518519,2.49041264361138,1.));
#4023=VECTOR('',#4024,1.);
#4024=DIRECTION('',(0.,0.,-1.));
#4025=CARTESIAN_POINT('',(-35.5,-4.3474961369731E-15,-4.));
#4026=CARTESIAN_POINT('',(-36.1643518521003,2.49041264404391,-3.));
#4027=CARTESIAN_POINT('',(-36.1527818508723,2.47027007024674,-3.01723529621645));
#4028=CARTESIAN_POINT('',(-36.1298419375679,2.42968400892371,-3.05142629622282));
#4029=CARTESIAN_POINT('',(-36.0960418353359,2.36787171965765,-3.10185709092295));
#4030=CARTESIAN_POINT('',(-36.0630118910945,2.30538617804521,-3.15118986858189));
#4031=CARTESIAN_POINT('',(-36.0308044828483,2.24231209702253,-3.19934282352546));
#4032=CARTESIAN_POINT('',(-35.9995719222716,2.17894672138482,-3.2460844161174));
#4033=CARTESIAN_POINT('',(-35.9693389868645,2.11536056018583,-3.2913733659834));
#4034=CARTESIAN_POINT('',(-35.9402169720286,2.05182795594711,-3.33503855405114));
#4035=CARTESIAN_POINT('',(-35.9120748751741,1.98810273152855,-3.37727219410073));
#4036=CARTESIAN_POINT('',(-35.8849823516151,1.92437196893705,-3.41796589897023));
#4037=CARTESIAN_POINT('',(-35.8589092419423,1.86060271160239,-3.45716112337813));
#4038=CARTESIAN_POINT('',(-35.8340025006185,1.79721952975717,-3.49463297295811));
#4039=CARTESIAN_POINT('',(-35.8101543627232,1.73402739669056,-3.53053966297994));
#4040=CARTESIAN_POINT('',(-35.7874121089789,1.67122505376474,-3.56480642576162));
#4041=CARTESIAN_POINT('',(-35.7656790897945,1.60861777015641,-3.59757552422969));
#4042=CARTESIAN_POINT('',(-35.744998907135,1.54641063467528,-3.6287780315059));
#4043=CARTESIAN_POINT('',(-35.7252284762659,1.48423943539565,-3.65862695437871));
#4044=CARTESIAN_POINT('',(-35.7063629658207,1.42212787477537,-3.68712707647785));
#4045=CARTESIAN_POINT('',(-35.6883519824682,1.3599383061825,-3.71435219464181));
#4046=CARTESIAN_POINT('',(-35.6712611224944,1.29794137060534,-3.74020087352552));
#4047=CARTESIAN_POINT('',(-35.6550383612253,1.23600329684908,-3.76474959975053));
#4048=CARTESIAN_POINT('',(-35.6397027796442,1.17424721689128,-3.78796747345196));
#4049=CARTESIAN_POINT('',(-35.6252139653994,1.11256006023466,-3.80991377661659));
#4050=CARTESIAN_POINT('',(-35.611588237955,1.05106936686447,-3.8305620012555));
#4051=CARTESIAN_POINT('',(-35.5987626268268,0.98953803421226,-3.85000593386622));
#4052=CARTESIAN_POINT('',(-35.5867245751985,0.927922701811804,-3.86826315035546));
#4053=CARTESIAN_POINT('',(-35.5754573546017,0.866136698546958,-3.88535767416411));
#4054=CARTESIAN_POINT('',(-35.5649888974919,0.804345688454532,-3.90124584508919));
#4055=CARTESIAN_POINT('',(-35.5553118441844,0.742536047523682,-3.91593762172803));
#4056=CARTESIAN_POINT('',(-35.5464273036646,0.680746067925688,-3.92943020735602));
#4057=CARTESIAN_POINT('',(-35.5383207591607,0.618897472443311,-3.9417446336187));
#4058=CARTESIAN_POINT('',(-35.5309972911855,0.557049204214011,-3.9528722622067));
#4059=CARTESIAN_POINT('',(-35.5244497117488,0.495164394652789,-3.96282318140943));
#4060=CARTESIAN_POINT('',(-35.5186828828344,0.43331809856414,-3.97158925873008));
#4061=CARTESIAN_POINT('',(-35.5136884672692,0.371455028633488,-3.97918251201944));
#4062=CARTESIAN_POINT('',(-35.5094674152407,0.309619976259992,-3.98560093238666));
#4063=CARTESIAN_POINT('',(-35.5060174790298,0.247816795805038,-3.99084746091038));
#4064=CARTESIAN_POINT('',(-35.5033470181413,0.186318129954128,-3.99490899303254));
#4065=CARTESIAN_POINT('',(-35.5014389546874,0.125027608761885,-3.99781120067771));
#4066=CARTESIAN_POINT('',(-35.5002666592759,0.0630107524337424,-3.99959437144369));
#4067=CARTESIAN_POINT('',(-35.4999999291123,0.0212990189504116,-4.00000011522259));
#4068=CARTESIAN_POINT('',(-35.5,1.14007379035437E-14,-4.));
#4069=CARTESIAN_POINT('',(-36.1643518518518,-2.49041264361142,-3.));
#4070=CARTESIAN_POINT('',(-35.5,7.05324176657063E-15,-4.));
#4071=CARTESIAN_POINT('',(-35.4999998011743,-0.0299036195037276,-4.00000032653001));
#4072=CARTESIAN_POINT('',(-35.5004959040083,-0.0851239394802917,-3.99924564737776));
#4073=CARTESIAN_POINT('',(-35.5024746631603,-0.162620108975183,-3.99623583022511));
#4074=CARTESIAN_POINT('',(-35.5051999197459,-0.231019186094235,-3.99209084977153));
#4075=CARTESIAN_POINT('',(-35.5086066215632,-0.29551657147886,-3.98690993515967));
#4076=CARTESIAN_POINT('',(-35.5128493185257,-0.360256401681122,-3.98045840980487));
#4077=CARTESIAN_POINT('',(-35.5181090055578,-0.426983771530861,-3.97246164303502));
#4078=CARTESIAN_POINT('',(-35.5244261878639,-0.495221673151026,-3.96285886727344));
#4079=CARTESIAN_POINT('',(-35.5317189612756,-0.563711867323351,-3.95177551431019));
#4080=CARTESIAN_POINT('',(-35.5399568942381,-0.632099201419722,-3.93925885875844));
#4081=CARTESIAN_POINT('',(-35.5490906942857,-0.700038398099782,-3.92538489903862));
#4082=CARTESIAN_POINT('',(-35.5590848183595,-0.767392149214721,-3.91020878947692));
#4083=CARTESIAN_POINT('',(-35.5699136644433,-0.834123059786237,-3.89377063470756));
#4084=CARTESIAN_POINT('',(-35.5815492073611,-0.900183334029801,-3.87611426903406));
#4085=CARTESIAN_POINT('',(-35.5939631685666,-0.965538096528529,-3.85728393979491));
#4086=CARTESIAN_POINT('',(-35.6071228599877,-1.03014052786613,-3.83733059245824));
#4087=CARTESIAN_POINT('',(-35.6210224644359,-1.09407216295674,-3.81626445365674));
#4088=CARTESIAN_POINT('',(-35.6372816332837,-1.16442668326688,-3.79163338339365));
#4089=CARTESIAN_POINT('',(-35.6579338209012,-1.24800347042888,-3.76036462068248));
#4090=CARTESIAN_POINT('',(-35.6836895465075,-1.34421462481467,-3.7213982715782));
#4091=CARTESIAN_POINT('',(-35.711226606372,-1.43897535573474,-3.67977469570893));
#4092=CARTESIAN_POINT('',(-35.7361738128891,-1.51913116430385,-3.64209874161606));
#4093=CARTESIAN_POINT('',(-35.7578328150013,-1.58529345781126,-3.60941199008832));
#4094=CARTESIAN_POINT('',(-35.7780215111057,-1.64445027853254,-3.57896326066895));
#4095=CARTESIAN_POINT('',(-35.7988958853062,-1.70320731934796,-3.54750077768666));
#4096=CARTESIAN_POINT('',(-35.8205021205046,-1.76170235993503,-3.51495700839127));
#4097=CARTESIAN_POINT('',(-35.8428120825439,-1.81986104934526,-3.48137650540778));
#4098=CARTESIAN_POINT('',(-35.8658566727025,-1.87776691307541,-3.44671497848719));
#4099=CARTESIAN_POINT('',(-35.8896115640325,-1.93535900224342,-3.41101131203639));
#4100=CARTESIAN_POINT('',(-35.9141163739189,-1.99272897511602,-3.37420837608057));
#4101=CARTESIAN_POINT('',(-35.9393080198474,-2.0497274796668,-3.3364033410998));
#4102=CARTESIAN_POINT('',(-35.9651894802866,-2.10636716395003,-3.29759410185602));
#4103=CARTESIAN_POINT('',(-35.9917142213655,-2.16255525125924,-3.25785276557292));
#4104=CARTESIAN_POINT('',(-36.0189238956477,-2.21838700255505,-3.21711931697297));
#4105=CARTESIAN_POINT('',(-36.0467714457661,-2.27377121980389,-3.17546664074161));
#4106=CARTESIAN_POINT('',(-36.0752730643084,-2.32874775548693,-3.13287293570751));
#4107=CARTESIAN_POINT('',(-36.1043798476826,-2.38323179369072,-3.08941366050651));
#4108=CARTESIAN_POINT('',(-36.1340816233321,-2.43721514078986,-3.04510636326614));
#4109=CARTESIAN_POINT('',(-36.1542047975193,-2.47274729653019,-3.01511560338257));
#4110=CARTESIAN_POINT('',(-36.1643518521003,-2.49041264404392,-3.));
#4111=CARTESIAN_POINT('',(-36.1643518518519,-2.49041264361138,1.));
#4112=VECTOR('',#4113,1.);
#4113=DIRECTION('',(0.,0.,-1.));
#4114=CARTESIAN_POINT('',(-35.5766476673483,-6.9544691208862,-3.));
#4115=CARTESIAN_POINT('',(-35.5766476670393,-6.95446912246691,1.));
#4116=VECTOR('',#4117,1.);
#4117=DIRECTION('',(0.,0.,-1.));
#4118=AXIS2_PLACEMENT_3D('',#4119,#4120,#4121);
#4119=CARTESIAN_POINT('',(0.,0.,-3.));
#4120=DIRECTION('',(0.,0.,-1.));
#4121=DIRECTION('',(-0.981424763237195,-0.191847424024447,0.));
#4122=CARTESIAN_POINT('',(-34.2903668345084,-9.18807609648775,-4.));
#4123=CARTESIAN_POINT('',(-35.5766476676935,-6.95446912117463,-3.));
#4124=CARTESIAN_POINT('',(-35.555445349363,-6.97576529821647,-3.02229712417308));
#4125=CARTESIAN_POINT('',(-35.5133009582774,-7.0188617866219,-3.06635346102521));
#4126=CARTESIAN_POINT('',(-35.4506994849301,-7.08525330158275,-3.13096583362323));
#4127=CARTESIAN_POINT('',(-35.3892729268786,-7.15283408775134,-3.19350733932215));
#4128=CARTESIAN_POINT('',(-35.329173718033,-7.22143151621787,-3.25381613461904));
#4129=CARTESIAN_POINT('',(-35.2708336715455,-7.29051709019829,-3.31146357789525));
#4130=CARTESIAN_POINT('',(-35.2142450888406,-7.36003274225691,-3.36647371113891));
#4131=CARTESIAN_POINT('',(-35.1596710547952,-7.42956538079567,-3.4186161725054));
#4132=CARTESIAN_POINT('',(-35.1067397307577,-7.49950299525451,-3.46827074513171));
#4133=CARTESIAN_POINT('',(-35.0557498959406,-7.56937567819834,-3.51517842738055));
#4134=CARTESIAN_POINT('',(-35.0066945025874,-7.63908944883123,-3.55937808112604));
#4135=CARTESIAN_POINT('',(-34.9601667814743,-7.70763549222078,-3.60039160557898));
#4136=CARTESIAN_POINT('',(-34.9158433737403,-7.7752887429998,-3.63857474222545));
#4137=CARTESIAN_POINT('',(-34.8739922223133,-7.84144261227773,-3.67376695724491));
#4138=CARTESIAN_POINT('',(-34.8342894457884,-7.90640432927668,-3.7063143775495));
#4139=CARTESIAN_POINT('',(-34.7931131177788,-7.97609346835663,-3.73918517887656));
#4140=CARTESIAN_POINT('',(-34.7470178306875,-8.05717165401563,-3.77480845417582));
#4141=CARTESIAN_POINT('',(-34.6968342888889,-8.1498404069187,-3.81189784959864));
#4142=CARTESIAN_POINT('',(-34.6502291285164,-8.24067263469575,-3.84449782670128));
#4143=CARTESIAN_POINT('',(-34.6087711640446,-8.32547163139812,-3.87194550191759));
#4144=CARTESIAN_POINT('',(-34.5677887342203,-8.41311407389527,-3.89759346921191));
#4145=CARTESIAN_POINT('',(-34.5236707819519,-8.51278398483891,-3.9231278259543));
#4146=CARTESIAN_POINT('',(-34.481447157768,-8.61463776402204,-3.94503784622117));
#4147=CARTESIAN_POINT('',(-34.4476344352695,-8.70139441180702,-3.96054824455719));
#4148=CARTESIAN_POINT('',(-34.4218245761424,-8.77086405536967,-3.97111322553341));
#4149=CARTESIAN_POINT('',(-34.3984342432096,-8.83639886663982,-3.97967527943968));
#4150=CARTESIAN_POINT('',(-34.3746061224277,-8.90630208560755,-3.98716261357649));
#4151=CARTESIAN_POINT('',(-34.350481438349,-8.98092345707941,-3.99322955593778));
#4152=CARTESIAN_POINT('',(-34.3302894050097,-9.04686575453771,-3.99693604551874));
#4153=CARTESIAN_POINT('',(-34.3139787836389,-9.10268181667448,-3.9989265089555));
#4154=CARTESIAN_POINT('',(-34.3014882543117,-9.14702621268255,-3.99982054400633));
#4155=CARTESIAN_POINT('',(-34.2938816432064,-9.17495859076462,-4.00000002559046));
#4156=CARTESIAN_POINT('',(-34.290366834096,-9.18807609802665,-4.));
#4157=CARTESIAN_POINT('',(-34.2875152220093,-11.7655769047029,-3.));
#4158=CARTESIAN_POINT('',(-34.2903668144878,-9.18807617120557,-4.));
#4159=CARTESIAN_POINT('',(-34.2837314442621,-9.21283924933739,-4.0000001973603));
#4160=CARTESIAN_POINT('',(-34.2708703715284,-9.26235975150476,-3.99940083403434));
#4161=CARTESIAN_POINT('',(-34.2527960424102,-9.33661443722803,-3.99672363689344));
#4162=CARTESIAN_POINT('',(-34.2359445267939,-9.41074447811761,-3.99229920850788));
#4163=CARTESIAN_POINT('',(-34.2202812477585,-9.48482394978812,-3.98614968744266));
#4164=CARTESIAN_POINT('',(-34.205806370128,-9.55879327928102,-3.9782989446384));
#4165=CARTESIAN_POINT('',(-34.1925384989033,-9.63245850167494,-3.96879682703547));
#4166=CARTESIAN_POINT('',(-34.1805115116675,-9.70545042055988,-3.9577398206061));
#4167=CARTESIAN_POINT('',(-34.1696755951183,-9.77783342708482,-3.94517679724821));
#4168=CARTESIAN_POINT('',(-34.1600186425347,-9.84944091383826,-3.9311922168947));
#4169=CARTESIAN_POINT('',(-34.1515011404686,-9.92027454400093,-3.91584464825622));
#4170=CARTESIAN_POINT('',(-34.1441145064109,-9.99001650936968,-3.89927284992487));
#4171=CARTESIAN_POINT('',(-34.1377924848225,-10.0588342290578,-3.88150945827002));
#4172=CARTESIAN_POINT('',(-34.1324944705073,-10.1267061650508,-3.86262375165084));
#4173=CARTESIAN_POINT('',(-34.1281696449536,-10.1938047146913,-3.84262385189828));
#4174=CARTESIAN_POINT('',(-34.1247874115748,-10.2600460972016,-3.82158880700078));
#4175=CARTESIAN_POINT('',(-34.1223061377856,-10.3256009957677,-3.79951398655005));
#4176=CARTESIAN_POINT('',(-34.120696527348,-10.3905224860444,-3.77642288034936));
#4177=CARTESIAN_POINT('',(-34.1200788069011,-10.4426356756284,-3.75691070812471));
#4178=CARTESIAN_POINT('',(-34.1199626545336,-10.4853388047924,-3.74035779582753));
#4179=CARTESIAN_POINT('',(-34.1201189088944,-10.5278495199595,-3.72348654025382));
#4180=CARTESIAN_POINT('',(-34.1208645963586,-10.5822540306085,-3.70110703427178));
#4181=CARTESIAN_POINT('',(-34.1225238559522,-10.6452250483334,-3.67405598195867));
#4182=CARTESIAN_POINT('',(-34.1249586863758,-10.7077845750257,-3.64604997591617));
#4183=CARTESIAN_POINT('',(-34.1281568216546,-10.7699689101168,-3.61709439807215));
#4184=CARTESIAN_POINT('',(-34.1321053496465,-10.8317693361653,-3.58721319194182));
#4185=CARTESIAN_POINT('',(-34.136794679209,-10.8932244471227,-3.55640699639205));
#4186=CARTESIAN_POINT('',(-34.1422138339159,-10.9543311373572,-3.5246947760384));
#4187=CARTESIAN_POINT('',(-34.148357589524,-11.015136171651,-3.49206771813034));
#4188=CARTESIAN_POINT('',(-34.1552112396547,-11.0755862185926,-3.45856981768033));
#4189=CARTESIAN_POINT('',(-34.1627639877514,-11.135675228368,-3.42422093027629));
#4190=CARTESIAN_POINT('',(-34.1709957964282,-11.1953331687024,-3.38907917167917));
#4191=CARTESIAN_POINT('',(-34.1798927413821,-11.2545493160339,-3.35317063301352));
#4192=CARTESIAN_POINT('',(-34.1894348586612,-11.3132790808005,-3.31654325026753));
#4193=CARTESIAN_POINT('',(-34.1996094455873,-11.3715274363336,-3.27921512578674));
#4194=CARTESIAN_POINT('',(-34.2104021032506,-11.4292890584301,-3.24121076981538));
#4195=CARTESIAN_POINT('',(-34.221805230461,-11.4865910681522,-3.20253226517976));
#4196=CARTESIAN_POINT('',(-34.2338041544291,-11.5434194761402,-3.16320784327842));
#4197=CARTESIAN_POINT('',(-34.2463857487829,-11.5997702973503,-3.12325956052523));
#4198=CARTESIAN_POINT('',(-34.2595324716631,-11.6556215796247,-3.08272271964177));
#4199=CARTESIAN_POINT('',(-34.2732219905902,-11.7109335539622,-3.041646338283));
#4200=CARTESIAN_POINT('',(-34.2826970138363,-11.7474346511268,-3.01392766282458));
#4201=CARTESIAN_POINT('',(-34.2875152223216,-11.765576904648,-3.));
#4202=CARTESIAN_POINT('',(-34.2875152223779,-11.7655769036289,1.));
#4203=VECTOR('',#4204,1.);
#4204=DIRECTION('',(0.,0.,-1.));
#4205=CARTESIAN_POINT('',(-32.564453737407,-15.9254153096326,-3.));
#4206=CARTESIAN_POINT('',(-32.5644537369082,-15.9254153106526,1.));
#4207=VECTOR('',#4208,1.);
#4208=DIRECTION('',(0.,0.,-1.));
#4209=AXIS2_PLACEMENT_3D('',#4210,#4211,#4212);
#4210=CARTESIAN_POINT('',(0.,0.,-3.));
#4211=DIRECTION('',(0.,0.,-1.));
#4212=DIRECTION('',(-0.898329758273296,-0.439321801645038,0.));
#4213=CARTESIAN_POINT('',(-30.7439017225179,-17.7500001936946,-4.));
#4214=CARTESIAN_POINT('',(-32.564453737589,-15.9254153098922,-3.));
#4215=CARTESIAN_POINT('',(-32.5384620148,-15.9404982732647,-3.02229712409137));
#4216=CARTESIAN_POINT('',(-32.4865994674912,-15.9712185130274,-3.06635346069861));
#4217=CARTESIAN_POINT('',(-32.4089476996966,-16.0191453380767,-3.13096583277311));
#4218=CARTESIAN_POINT('',(-32.3321230066985,-16.0685250014081,-3.19350733819442));
#4219=CARTESIAN_POINT('',(-32.2563173079705,-16.119230209185,-3.25381613338358));
#4220=CARTESIAN_POINT('',(-32.1820844879332,-16.1708622342476,-3.31146357680008));
#4221=CARTESIAN_POINT('',(-32.1094321393316,-16.2233629952216,-3.36647371037889));
#4222=CARTESIAN_POINT('',(-32.0387212984981,-16.276401567752,-3.41861617234636));
#4223=CARTESIAN_POINT('',(-31.969492377896,-16.3302564819078,-3.46827074575991));
#4224=CARTESIAN_POINT('',(-31.9021555972258,-16.3845511716189,-3.51517842885883));
#4225=CARTESIAN_POINT('',(-31.8367284730194,-16.4391930342244,-3.55937808342501));
#4226=CARTESIAN_POINT('',(-31.7740451229591,-16.4933611685468,-3.60039160851276));
#4227=CARTESIAN_POINT('',(-31.7137220482131,-16.5472374494513,-3.63857474552012));
#4228=CARTESIAN_POINT('',(-31.6561750588856,-16.6003053054335,-3.67376696043782));
#4229=CARTESIAN_POINT('',(-31.6010117928049,-16.65277767038,-3.70631438021464));
#4230=CARTESIAN_POINT('',(-31.543201640064,-16.7094349895636,-3.73918518011111));
#4231=CARTESIAN_POINT('',(-31.4776924369287,-16.7758201611077,-3.77480845335865));
#4232=CARTESIAN_POINT('',(-31.4052344232539,-16.8523428425727,-3.81189784707912));
#4233=CARTESIAN_POINT('',(-31.3367081876721,-16.9280177306041,-3.84449782302688));
#4234=CARTESIAN_POINT('',(-31.2747152725199,-16.9991971617704,-3.87194549908512));
#4235=CARTESIAN_POINT('',(-31.2124457437106,-17.0732462365193,-3.89759346993238));
#4236=CARTESIAN_POINT('',(-31.1440345907444,-17.1581014269758,-3.92312783095733));
#4237=CARTESIAN_POINT('',(-31.0768879957756,-17.2455563562505,-3.94503785300896));
#4238=CARTESIAN_POINT('',(-31.0217731364527,-17.3206054741493,-3.96054825160235));
#4239=CARTESIAN_POINT('',(-30.9788626636321,-17.381027910287,-3.9711132307393));
#4240=CARTESIAN_POINT('',(-30.9393077004155,-17.4382757841513,-3.97967527958012));
#4241=CARTESIAN_POINT('',(-30.8981992440813,-17.4996298991371,-3.98716260935323));
#4242=CARTESIAN_POINT('',(-30.8555831693962,-17.5654646590419,-3.99322955177513));
#4243=CARTESIAN_POINT('',(-30.8190119981521,-17.6239340111967,-3.99693604628149));
#4244=CARTESIAN_POINT('',(-30.7888108387344,-17.6736267679562,-3.99892651333621));
#4245=CARTESIAN_POINT('',(-30.7652686169462,-17.7132275914267,-3.99982054802826));
#4246=CARTESIAN_POINT('',(-30.7506918419089,-17.7382393282423,-4.00000002715619));
#4247=CARTESIAN_POINT('',(-30.7439018359912,-17.7499999971532,-4.));
#4248=CARTESIAN_POINT('',(-30.0740410926629,-20.2389365421413,-3.));
#4249=CARTESIAN_POINT('',(-30.7439016082803,-17.7500003915601,-4.));
#4250=CARTESIAN_POINT('',(-30.7310832220436,-17.7722022532147,-4.00000019440473));
#4251=CARTESIAN_POINT('',(-30.7058436227409,-17.8167065373404,-3.99940082939257));
#4252=CARTESIAN_POINT('',(-30.6691667293249,-17.8837529015439,-3.9967236396954));
#4253=CARTESIAN_POINT('',(-30.6337031937526,-17.9509954378816,-3.99229922164434));
#4254=CARTESIAN_POINT('',(-30.599400445589,-18.0184967594509,-3.98614970501691));
#4255=CARTESIAN_POINT('',(-30.5662740970835,-18.0861993044666,-3.97829896209243));
#4256=CARTESIAN_POINT('',(-30.5343923355831,-18.1539205044519,-3.96879684209259));
#4257=CARTESIAN_POINT('',(-30.503883441628,-18.2213125065482,-3.9577398315878));
#4258=CARTESIAN_POINT('',(-30.4746826350392,-18.2884246115305,-3.94517680337992));
#4259=CARTESIAN_POINT('',(-30.4468213438821,-18.3550927521854,-3.93119221852375));
#4260=CARTESIAN_POINT('',(-30.4202609700156,-18.4213083086098,-3.91584464622375));
#4261=CARTESIAN_POINT('',(-30.3950754779917,-18.4867620797647,-3.89927284576323));
#4262=CARTESIAN_POINT('',(-30.3711575370563,-18.5515986351065,-3.88150945313061));
#4263=CARTESIAN_POINT('',(-30.3484734994658,-18.61578666211,-3.86262374669555));
#4264=CARTESIAN_POINT('',(-30.3269296576468,-18.6794795333384,-3.84262384777217));
#4265=CARTESIAN_POINT('',(-30.3065181413442,-18.7425884045183,-3.82158880417085));
#4266=CARTESIAN_POINT('',(-30.2871545600544,-18.8052673687573,-3.79951398523593));
#4267=CARTESIAN_POINT('',(-30.2687968789834,-18.867560111239,-3.77642288016737));
#4268=CARTESIAN_POINT('',(-30.2513878054289,-18.9295816136963,-3.75230506189228));
#4269=CARTESIAN_POINT('',(-30.2349103315074,-18.9913171961385,-3.72719546606554));
#4270=CARTESIAN_POINT('',(-30.219335446855,-19.0528020572591,-3.70110703590202));
#4271=CARTESIAN_POINT('',(-30.2046400695154,-19.1140568381468,-3.67405598362266));
#4272=CARTESIAN_POINT('',(-30.1908003379404,-19.175114882048,-3.64604997716193));
#4273=CARTESIAN_POINT('',(-30.1777950088957,-19.2360080767381,-3.6170943988386));
#4274=CARTESIAN_POINT('',(-30.1656138665787,-19.2967246596436,-3.5872131921962));
#4275=CARTESIAN_POINT('',(-30.1542376578073,-19.3572994271742,-3.55640699618905));
#4276=CARTESIAN_POINT('',(-30.1436565839833,-19.4177265384871,-3.5246947755018));
#4277=CARTESIAN_POINT('',(-30.1338534952542,-19.4780498127078,-3.49206771742896));
#4278=CARTESIAN_POINT('',(-30.1248279895048,-19.5382139294729,-3.45856981693404));
#4279=CARTESIAN_POINT('',(-30.116571203857,-19.5982102507858,-3.42422092959906));
#4280=CARTESIAN_POINT('',(-30.1090819093489,-19.6579659447118,-3.3890791711308));
#4281=CARTESIAN_POINT('',(-30.102349431591,-19.7174670492518,-3.35317063263326));
#4282=CARTESIAN_POINT('',(-30.0963660275072,-19.7766653272053,-3.31654325005897));
#4283=CARTESIAN_POINT('',(-30.0911181400576,-19.8355622947755,-3.27921512573433));
#4284=CARTESIAN_POINT('',(-30.0865932389679,-19.8941490824947,-3.24121076988201));
#4285=CARTESIAN_POINT('',(-30.0827769626067,-19.9524499199784,-3.20253226531598));
#4286=CARTESIAN_POINT('',(-30.0796587588646,-20.0104474969203,-3.16320784344812));
#4287=CARTESIAN_POINT('',(-30.0772269800468,-20.0681345667125,-3.12325956068743));
#4288=CARTESIAN_POINT('',(-30.0754703636577,-20.1254853850076,-3.08272271976972));
#4289=CARTESIAN_POINT('',(-30.0743776311548,-20.1824557578261,-3.04164633835081));
#4290=CARTESIAN_POINT('',(-30.0740826216988,-20.2201654267929,-3.01392766284958));
#4291=CARTESIAN_POINT('',(-30.0740410929788,-20.2389365421691,-3.));
#4292=CARTESIAN_POINT('',(-30.0740410932968,-20.2389365411994,1.));
#4293=VECTOR('',#4294,1.);
#4294=DIRECTION('',(0.,0.,-1.));
#4295=CARTESIAN_POINT('',(-27.3330461006568,-23.8110707625543,-3.));
#4296=AXIS2_PLACEMENT_3D('',#4297,#4298,#4299);
#4297=CARTESIAN_POINT('',(0.,0.,-3.));
#4298=DIRECTION('',(0.,0.,-1.));
#4299=DIRECTION('',(-0.754015064845705,-0.656857124484257,0.));
#4300=CARTESIAN_POINT('',(-27.3330460999111,-23.8110707634104,1.));
#4301=VECTOR('',#4302,1.);
#4302=DIRECTION('',(0.,0.,-1.));
#4303=CARTESIAN_POINT('',(-25.1022906928061,-25.1022907714388,-4.));
#4304=CARTESIAN_POINT('',(-27.3330461007654,-23.8110707628522,-3.));
#4305=CARTESIAN_POINT('',(-27.3040362660324,-23.8189126339039,-3.02229712427882));
#4306=CARTESIAN_POINT('',(-27.2459899086071,-23.8351630920373,-3.06635346121724));
#4307=CARTESIAN_POINT('',(-27.1585796848895,-23.8613590939503,-3.13096583375385));
#4308=CARTESIAN_POINT('',(-27.0715923320412,-23.8891724925581,-3.19350733948242));
#4309=CARTESIAN_POINT('',(-26.9852461761249,-23.9185300038543,-3.2538161348227));
#4310=CARTESIAN_POINT('',(-26.9001794267164,-23.9491898427559,-3.31146357816213));
#4311=CARTESIAN_POINT('',(-26.8164144503773,-23.981097872103,-3.36647371147691));
#4312=CARTESIAN_POINT('',(-26.7343856310738,-24.0140278865249,-3.41861617293522));
#4313=CARTESIAN_POINT('',(-26.6535769523701,-24.0481299754087,-3.46827074566904));
#4314=CARTESIAN_POINT('',(-26.5744821183898,-24.0831465765789,-3.51517842802831));
#4315=CARTESIAN_POINT('',(-26.4971420160096,-24.1189927763947,-3.55937808187735));
#4316=CARTESIAN_POINT('',(-26.4225748056535,-24.1550915308675,-3.60039160640785));
#4317=CARTESIAN_POINT('',(-26.3503629830399,-24.1915192609295,-3.6385747430959));
#4318=CARTESIAN_POINT('',(-26.2810418880474,-24.227884616625,-3.6737669580995));
#4319=CARTESIAN_POINT('',(-26.2141774165434,-24.2642917255548,-3.70631437833557));
#4320=CARTESIAN_POINT('',(-26.1436731012158,-24.3040561262241,-3.73918517948548));
#4321=CARTESIAN_POINT('',(-26.0632143192783,-24.3512242508834,-3.77480845452915));
#4322=CARTESIAN_POINT('',(-25.9734197212757,-24.4063859738458,-3.81189784972808));
#4323=CARTESIAN_POINT('',(-25.8876423549865,-24.4617464101219,-3.84449782666538));
#4324=CARTESIAN_POINT('',(-25.8093392060662,-24.5144555133367,-3.87194550194189));
#4325=CARTESIAN_POINT('',(-25.730026158338,-24.569864880881,-3.89759346959977));
#4326=CARTESIAN_POINT('',(-25.6419839336752,-24.6341225809727,-3.92312782678031));
#4327=CARTESIAN_POINT('',(-25.5544903117461,-24.7012187301386,-3.94503784719884));
#4328=CARTESIAN_POINT('',(-25.4818293105305,-24.7594458305,-3.96054824552068));
#4329=CARTESIAN_POINT('',(-25.4247424956484,-24.8067033767104,-3.9711132262519));
#4330=CARTESIAN_POINT('',(-25.3717184707418,-24.8517630189545,-3.97967527954585));
#4331=CARTESIAN_POINT('',(-25.3161311073751,-24.9003869184507,-3.98716261315206));
#4332=CARTESIAN_POINT('',(-25.2579278345747,-24.9529485775836,-3.99322955549355));
#4333=CARTESIAN_POINT('',(-25.2074698654756,-24.9999602717322,-3.99693604562139));
#4334=CARTESIAN_POINT('',(-25.1654364142393,-25.0401430961295,-3.99892650946282));
#4335=CARTESIAN_POINT('',(-25.1324470807255,-25.0723012247726,-3.99982054446797));
#4336=CARTESIAN_POINT('',(-25.1118933859048,-25.0926880558153,-4.00000002576981));
#4337=CARTESIAN_POINT('',(-25.1022907344064,-25.1022907298385,-4.));
#4338=CARTESIAN_POINT('',(-23.8110707625543,-27.3330461006568,-3.));
#4339=CARTESIAN_POINT('',(-25.1022906500842,-25.1022908141607,-4.));
#4340=CARTESIAN_POINT('',(-25.0841627190824,-25.1204185768575,-4.00000019702177));
#4341=CARTESIAN_POINT('',(-25.0482644671305,-25.1568740387168,-3.9994008335022));
#4342=CARTESIAN_POINT('',(-24.9954843117128,-25.2121433019365,-3.99672363721197));
#4343=CARTESIAN_POINT('',(-24.9438254583232,-25.2679160339531,-3.99229921000713));
#4344=CARTESIAN_POINT('',(-24.8932209243978,-25.324239098871,-3.98614968944603));
#4345=CARTESIAN_POINT('',(-24.8437006447865,-25.381060981635,-3.97829894662278));
#4346=CARTESIAN_POINT('',(-24.7953777167878,-25.438223003519,-3.96879682873908));
#4347=CARTESIAN_POINT('',(-24.7484660778418,-25.4954223693933,-3.95773982183583));
#4348=CARTESIAN_POINT('',(-24.7028903930559,-25.5526899366142,-3.94517679791465));
#4349=CARTESIAN_POINT('',(-24.6587234816281,-25.6098753652303,-3.93119221703709));
#4350=CARTESIAN_POINT('',(-24.6159302922373,-25.6669603389025,-3.9158446479705));
#4351=CARTESIAN_POINT('',(-24.5746622963097,-25.7236653363293,-3.89927284938637));
#4352=CARTESIAN_POINT('',(-24.53477840504,-25.7801022192549,-3.88150945761088));
#4353=CARTESIAN_POINT('',(-24.4962542222117,-25.8362320327064,-3.86262375100288));
#4354=CARTESIAN_POINT('',(-24.4589595388517,-25.8921786681344,-3.84262385134092));
#4355=CARTESIAN_POINT('',(-24.4229097478972,-25.9478542710363,-3.82158880656804));
#4356=CARTESIAN_POINT('',(-24.3879834527133,-26.0033858412004,-3.7995139863407));
#4357=CARTESIAN_POINT('',(-24.3541287444959,-26.0588046954465,-3.77642288004734));
#4358=CARTESIAN_POINT('',(-24.3212605235017,-26.1142070687259,-3.7523050608418));
#4359=CARTESIAN_POINT('',(-24.2893661608911,-26.1695743791059,-3.72719546452065));
#4360=CARTESIAN_POINT('',(-24.2584085244555,-26.224933117841,-3.70110703418552));
#4361=CARTESIAN_POINT('',(-24.2283599763434,-26.2802972487344,-3.67405598205112));
#4362=CARTESIAN_POINT('',(-24.1991888379958,-26.3356928034054,-3.64604997590867));
#4363=CARTESIAN_POINT('',(-24.1708663367773,-26.3911450850625,-3.6170943980199));
#4364=CARTESIAN_POINT('',(-24.1433856492547,-26.446640088088,-3.58721319182561));
#4365=CARTESIAN_POINT('',(-24.1167191722645,-26.5022064402392,-3.55640699622357));
#4366=CARTESIAN_POINT('',(-24.0908589527691,-26.5578359637342,-3.52469477583167));
#4367=CARTESIAN_POINT('',(-24.0657770840502,-26.6135665459342,-3.49206771790649));
#4368=CARTESIAN_POINT('',(-24.0414874957094,-26.6693446473049,-3.4585698174543));
#4369=CARTESIAN_POINT('',(-24.0179838625592,-26.7251596302782,-3.42422093006272));
#4370=CARTESIAN_POINT('',(-23.9952838478462,-26.7809408264432,-3.38907917148628));
#4371=CARTESIAN_POINT('',(-23.9733807545492,-26.8366719867756,-3.35317063284753));
#4372=CARTESIAN_POINT('',(-23.952279588157,-26.8923045136131,-3.3165432501301));
#4373=CARTESIAN_POINT('',(-23.9319668611605,-26.947836362651,-3.27921512567743));
#4374=CARTESIAN_POINT('',(-23.9124327658386,-27.0032557235428,-3.24121076973108));
#4375=CARTESIAN_POINT('',(-23.8936571588365,-27.0585822832237,-3.20253226511621));
#4376=CARTESIAN_POINT('',(-23.8756343278265,-27.1137965901557,-3.16320784323257));
#4377=CARTESIAN_POINT('',(-23.858354897559,-27.1688886300041,-3.12325956049362));
#4378=CARTESIAN_POINT('',(-23.8418146524181,-27.2238306207109,-3.08272271962221));
#4379=CARTESIAN_POINT('',(-23.82601413641,-27.2785769550706,-3.0416463382734));
#4380=CARTESIAN_POINT('',(-23.8159691986627,-27.3149253440954,-3.0139276628216));
#4381=CARTESIAN_POINT('',(-23.8110707628522,-27.3330461007655,-3.));
#4382=CARTESIAN_POINT('',(-23.8110707634103,-27.3330460999111,1.));
#4383=VECTOR('',#4384,1.);
#4384=DIRECTION('',(0.,0.,-1.));
#4385=CARTESIAN_POINT('',(-20.2389365425355,-30.0740410923976,-3.));
#4386=CARTESIAN_POINT('',(-20.2389365411993,-30.0740410932968,1.));
#4387=VECTOR('',#4388,1.);
#4388=DIRECTION('',(0.,0.,-1.));
#4389=AXIS2_PLACEMENT_3D('',#4390,#4391,#4392);
#4390=CARTESIAN_POINT('',(0.,0.,-3.));
#4391=DIRECTION('',(0.,0.,-1.));
#4392=DIRECTION('',(-0.558315490828566,-0.829628719790279,0.));
#4393=CARTESIAN_POINT('',(-17.750000004171,-30.7439018319395,-4.));
#4394=CARTESIAN_POINT('',(-20.2389365425756,-30.0740410928457,-3.));
#4395=CARTESIAN_POINT('',(-20.2088855682923,-30.074107460977,-3.02229712418445));
#4396=CARTESIAN_POINT('',(-20.148611164342,-30.0747806954487,-3.06635346105662));
#4397=CARTESIAN_POINT('',(-20.0573993475422,-30.0774606595771,-3.1309658336826));
#4398=CARTESIAN_POINT('',(-19.9661773795912,-30.081812356015,-3.19350733939979));
#4399=CARTESIAN_POINT('',(-19.8751751146145,-30.0878215047405,-3.25381613470529));
#4400=CARTESIAN_POINT('',(-19.7850715942887,-30.0954197401003,-3.31146357797581));
#4401=CARTESIAN_POINT('',(-19.6959024347744,-30.104560558501,-3.36647371120225));
#4402=CARTESIAN_POINT('',(-19.6081457650511,-30.1151378891708,-3.41861617253616));
#4403=CARTESIAN_POINT('',(-19.5212643055176,-30.1271631524406,-3.46827074511933));
#4404=CARTESIAN_POINT('',(-19.4358015997054,-30.1405153423844,-3.51517842732133));
#4405=CARTESIAN_POINT('',(-19.3518191185477,-30.1551230210283,-3.55937808102153));
#4406=CARTESIAN_POINT('',(-19.2704496794118,-30.1706923260006,-3.60039160543931));
#4407=CARTESIAN_POINT('',(-19.1912702248989,-30.1871890162046,-3.63857474206558));
#4408=CARTESIAN_POINT('',(-19.1148991423611,-30.2043736327913,-3.67376695709047));
#4409=CARTESIAN_POINT('',(-19.0408901691914,-30.2222344008925,-3.7063143774239));
#4410=CARTESIAN_POINT('',(-18.9624964454386,-30.2423960029915,-3.73918517882978));
#4411=CARTESIAN_POINT('',(-18.8725712201855,-30.2671326478722,-3.77480845424201));
#4412=CARTESIAN_POINT('',(-18.771559393615,-30.2971742288344,-3.81189784975803));
#4413=CARTESIAN_POINT('',(-18.6743764842271,-30.3284474881985,-3.84449782692327));
#4414=CARTESIAN_POINT('',(-18.585099330895,-30.3590942259796,-3.87194550209112));
#4415=CARTESIAN_POINT('',(-18.4941478121021,-30.3920878371245,-3.89759346918599));
#4416=CARTESIAN_POINT('',(-18.3924744400017,-30.4313690034005,-3.92312782568801));
#4417=CARTESIAN_POINT('',(-18.2905963317757,-30.4735338900306,-3.94503784585324));
#4418=CARTESIAN_POINT('',(-18.2053409128887,-30.5109708983793,-3.96054824417297));
#4419=CARTESIAN_POINT('',(-18.1379681301638,-30.5418430280953,-3.9711132252498));
#4420=CARTESIAN_POINT('',(-18.0750885558756,-30.5716436753462,-3.97967527943603));
#4421=CARTESIAN_POINT('',(-18.0088104876592,-30.6042236908448,-3.98716261381388));
#4422=CARTESIAN_POINT('',(-17.9389864809342,-30.6399302416414,-3.99322955617057));
#4423=CARTESIAN_POINT('',(-17.8780803154312,-30.6722805615995,-3.99693604547707));
#4424=CARTESIAN_POINT('',(-17.8270790530161,-30.7002151241574,-3.99892650871238));
#4425=CARTESIAN_POINT('',(-17.7868907037291,-30.7227392024518,-3.99982054378291));
#4426=CARTESIAN_POINT('',(-17.7617608360159,-30.7371116943186,-4.00000002550346));
#4427=CARTESIAN_POINT('',(-17.7500000027878,-30.743901832738,-4.));
#4428=CARTESIAN_POINT('',(-15.9254153096325,-32.564453737407,-3.));
#4429=CARTESIAN_POINT('',(-17.7499999554463,-30.7439018600707,-4.));
#4430=CARTESIAN_POINT('',(-17.7277978954259,-30.756720087598,-4.00000019752454));
#4431=CARTESIAN_POINT('',(-17.6836874519909,-30.7826422237554,-3.99940083429225));
#4432=CARTESIAN_POINT('',(-17.6184009701072,-30.822367740615,-3.99672363673766));
#4433=CARTESIAN_POINT('',(-17.5540672898326,-30.8628697774053,-3.99229920777776));
#4434=CARTESIAN_POINT('',(-17.4906095824968,-30.9041762633916,-3.98614968646578));
#4435=CARTESIAN_POINT('',(-17.4280700857288,-30.946245192676,-3.97829894366796));
#4436=CARTESIAN_POINT('',(-17.3665991076855,-30.9889525680189,-3.96879682619793));
#4437=CARTESIAN_POINT('',(-17.3064816644827,-31.0320612833661,-3.95773981999466));
#4438=CARTESIAN_POINT('',(-17.2476370012079,-31.0755816469488,-3.9451767969059));
#4439=CARTESIAN_POINT('',(-17.190174366201,-31.1193872889232,-3.93119221680216));
#4440=CARTESIAN_POINT('',(-17.13406464323,-31.1634514451059,-3.91584464836673));
#4441=CARTESIAN_POINT('',(-17.0795264878739,-31.2075433224436,-3.89927285015321));
#4442=CARTESIAN_POINT('',(-17.0263946673652,-31.2517344542747,-3.88150945855262));
#4443=CARTESIAN_POINT('',(-16.9746556992282,-31.2959808986825,-3.86262375192144));
#4444=CARTESIAN_POINT('',(-16.9241517461214,-31.3403686247953,-3.84262385212745));
#4445=CARTESIAN_POINT('',(-16.8749204150059,-31.3848167555843,-3.82158880713892));
#4446=CARTESIAN_POINT('',(-16.8268115759204,-31.4294165435333,-3.79951398667246));
#4447=CARTESIAN_POINT('',(-16.7797669834879,-31.4741848033139,-3.77642288015253));
#4448=CARTESIAN_POINT('',(-16.7336795302925,-31.5191924652475,-3.75230506077651));
#4449=CARTESIAN_POINT('',(-16.6885418271886,-31.56441831195,-3.72719546436776));
#4450=CARTESIAN_POINT('',(-16.6443111507106,-31.6098783215397,-3.70110703400628));
#4451=CARTESIAN_POINT('',(-16.6009571906248,-31.6555788288254,-3.67405598190518));
#4452=CARTESIAN_POINT('',(-16.5584426102592,-31.7015367794587,-3.64604997582834));
#4453=CARTESIAN_POINT('',(-16.5167330684074,-31.7477691675778,-3.61709439802624));
#4454=CARTESIAN_POINT('',(-16.4758255990311,-31.7942606987916,-3.58721319192014));
#4455=CARTESIAN_POINT('',(-16.4356861301001,-31.8410318811819,-3.55640699639686));
#4456=CARTESIAN_POINT('',(-16.3963090961231,-31.8880727572373,-3.52469477606144));
#4457=CARTESIAN_POINT('',(-16.3576577353054,-31.9354127005567,-3.4920677181627));
#4458=CARTESIAN_POINT('',(-16.3197593596743,-31.9830036011527,-3.45856981771531));
#4459=CARTESIAN_POINT('',(-16.2826106127776,-32.0308335468416,-3.42422093030765));
#4460=CARTESIAN_POINT('',(-16.2462468463439,-32.0788388487505,-3.38907917170362));
#4461=CARTESIAN_POINT('',(-16.210665797109,-32.1270020782056,-3.353170633029));
#4462=CARTESIAN_POINT('',(-16.1758848780109,-32.1752775889768,-3.31654325027387));
#4463=CARTESIAN_POINT('',(-16.1418915902242,-32.2236599155891,-3.27921512578489));
#4464=CARTESIAN_POINT('',(-16.108679516963,-32.2721351116943,-3.24121076980741));
#4465=CARTESIAN_POINT('',(-16.0762241058877,-32.3207169799256,-3.20253226516853));
#4466=CARTESIAN_POINT('',(-16.0445248737396,-32.3693852530839,-3.16320784326597));
#4467=CARTESIAN_POINT('',(-16.0135753566235,-32.4181278315712,-3.12325956051391));
#4468=CARTESIAN_POINT('',(-15.9833786730905,-32.466916788901,-3.08272271963308));
#4469=CARTESIAN_POINT('',(-15.9539471526233,-32.5157082126954,-3.04164633827844));
#4470=CARTESIAN_POINT('',(-15.9348368324887,-32.548218239207,-3.01392766282293));
#4471=CARTESIAN_POINT('',(-15.9254153098922,-32.564453737589,-3.));
#4472=CARTESIAN_POINT('',(-15.9254153106525,-32.5644537369082,1.));
#4473=VECTOR('',#4474,1.);
#4474=DIRECTION('',(0.,0.,-1.));
#4475=CARTESIAN_POINT('',(-11.7655769047029,-34.2875152220093,-3.));
#4476=AXIS2_PLACEMENT_3D('',#4477,#4478,#4479);
#4477=CARTESIAN_POINT('',(0.,0.,-3.));
#4478=DIRECTION('',(0.,0.,-1.));
#4479=DIRECTION('',(-0.324567638750424,-0.945862488883017,0.));
#4480=CARTESIAN_POINT('',(-11.7655769036289,-34.2875152223779,1.));
#4481=VECTOR('',#4482,1.);
#4482=DIRECTION('',(0.,0.,-1.));
#4483=CARTESIAN_POINT('',(-9.1880761057918,-34.2903668320153,-4.));
#4484=CARTESIAN_POINT('',(-11.765576904648,-34.2875152223216,-3.));
#4485=CARTESIAN_POINT('',(-11.7365327152449,-34.2798015644888,-3.0222971243086));
#4486=CARTESIAN_POINT('',(-11.6781378659816,-34.2648516953258,-3.06635346129827));
#4487=CARTESIAN_POINT('',(-11.5893403906314,-34.2438329865799,-3.1309658339059));
#4488=CARTESIAN_POINT('',(-11.5001004338835,-34.2244264199055,-3.19350733967621));
#4489=CARTESIAN_POINT('',(-11.4106437136618,-34.2066776925216,-3.253816135029));
#4490=CARTESIAN_POINT('',(-11.3216438282404,-34.1906965171941,-3.31146357833781));
#4491=CARTESIAN_POINT('',(-11.2331472162045,-34.1764471930439,-3.366473711587));
#4492=CARTESIAN_POINT('',(-11.1456431678168,-34.1639510124565,-3.4186161729339));
#4493=CARTESIAN_POINT('',(-11.0586097550272,-34.1530799484314,-3.46827074552259));
#4494=CARTESIAN_POINT('',(-10.9726033192089,-34.1438577976299,-3.51517842773346));
#4495=CARTESIAN_POINT('',(-10.887701726218,-34.1362314661405,-3.55937808141629));
#4496=CARTESIAN_POINT('',(-10.8050752508286,-34.1302102993308,-3.60039160589967));
#4497=CARTESIAN_POINT('',(-10.7243241130717,-34.1256517278375,-3.63857474228787));
#4498=CARTESIAN_POINT('',(-10.6461076062985,-34.1224845015038,-3.6737669581434));
#4499=CARTESIAN_POINT('',(-10.5699977196358,-34.120581749266,-3.70631437555323));
#4500=CARTESIAN_POINT('',(-10.5156699163888,-34.1200345927907,-3.72837742296805));
#4501=CARTESIAN_POINT('',(-10.4598659835341,-34.1199604480957,-3.75033508636784));
#4502=CARTESIAN_POINT('',(-10.3913082113418,-34.120508345275,-3.77638764459395));
#4503=CARTESIAN_POINT('',(-10.2904483131503,-34.1232601297824,-3.81189784862818));
#4504=CARTESIAN_POINT('',(-10.1884827166266,-34.128314989472,-3.84449782754848));
#4505=CARTESIAN_POINT('',(-10.0943156489917,-34.1348108377177,-3.87194550232337));
#4506=CARTESIAN_POINT('',(-9.99792385323787,-34.1431402335158,-3.89759346946469));
#4507=CARTESIAN_POINT('',(-9.88954820345851,-34.154767921463,-3.92312782586888));
#4508=CARTESIAN_POINT('',(-9.78022843202688,-34.1691280797273,-3.94503784599168));
#4509=CARTESIAN_POINT('',(-9.68818861045167,-34.1832237268413,-3.96054824427178));
#4510=CARTESIAN_POINT('',(-9.61512120454762,-34.1956065549555,-3.97111322532856));
#4511=CARTESIAN_POINT('',(-9.54667122466465,-34.2081173384223,-3.97967527951072));
#4512=CARTESIAN_POINT('',(-9.47421919826816,-34.2224331905142,-3.98716261388259));
#4513=CARTESIAN_POINT('',(-9.39753285151755,-34.2388512873603,-3.99322955621661));
#4514=CARTESIAN_POINT('',(-9.33032913483154,-34.2543356211982,-3.99693604548641));
#4515=CARTESIAN_POINT('',(-9.27383570201062,-34.2681182384574,-3.99892650869718));
#4516=CARTESIAN_POINT('',(-9.22918707824901,-34.2794733168976,-3.99982054376552));
#4517=CARTESIAN_POINT('',(-9.20119361477862,-34.2868519897724,-4.00000002549639));
#4518=CARTESIAN_POINT('',(-9.1880761042486,-34.2903668324288,-4.));
#4519=CARTESIAN_POINT('',(-6.95446912135248,-35.5766476672572,-3.));
#4520=CARTESIAN_POINT('',(-9.18807605310213,-34.2903668461335,-4.));
#4521=CARTESIAN_POINT('',(-9.1633129081307,-34.2970019872716,-4.00000019753789));
#4522=CARTESIAN_POINT('',(-9.11399634826894,-34.3106242254223,-3.99940083431284));
#4523=CARTESIAN_POINT('',(-9.04065272809055,-34.3320987434801,-3.99672363672297));
#4524=CARTESIAN_POINT('',(-8.96802846587048,-34.3545699252923,-3.99229920771383));
#4525=CARTESIAN_POINT('',(-8.89604212221768,-34.3780448636988,-3.98614968637828));
#4526=CARTESIAN_POINT('',(-8.82474536716942,-34.402493916107,-3.97829894357665));
#4527=CARTESIAN_POINT('',(-8.75431547996745,-34.4278362130376,-3.96879682611224));
#4528=CARTESIAN_POINT('',(-8.68508913257987,-34.4539164952361,-3.95773981992147));
#4529=CARTESIAN_POINT('',(-8.61698565376812,-34.4807238187867,-3.94517679684816));
#4530=CARTESIAN_POINT('',(-8.55014327623369,-34.5081643953518,-3.93119221675783));
#4531=CARTESIAN_POINT('',(-8.4845408029398,-34.5362048368806,-3.91584464833166));
#4532=CARTESIAN_POINT('',(-8.42044917259406,-34.5646788066329,-3.89927285012034));
#4533=CARTESIAN_POINT('',(-8.35769026842358,-34.5936126351152,-3.88150945851671));
#4534=CARTESIAN_POINT('',(-8.29626244036719,-34.6229603881722,-3.86262375187736));
#4535=CARTESIAN_POINT('',(-8.2359909788228,-34.6527642542912,-3.84262385207245));
#4536=CARTESIAN_POINT('',(-8.17693314184415,-34.6829558456575,-3.82158880707109));
#4537=CARTESIAN_POINT('',(-8.11892029714778,-34.7135844489063,-3.7995139865914));
#4538=CARTESIAN_POINT('',(-8.06189183206472,-34.7446512307492,-3.77642288005889));
#4539=CARTESIAN_POINT('',(-8.00572593065979,-34.7761969831751,-3.75230506067211));
#4540=CARTESIAN_POINT('',(-7.95042094703058,-34.8081992993119,-3.72719546425548));
#4541=CARTESIAN_POINT('',(-7.89593147803471,-34.8406625551914,-3.70110703388834));
#4542=CARTESIAN_POINT('',(-7.84222660666486,-34.8735850249031,-3.67405598178402));
#4543=CARTESIAN_POINT('',(-7.78926588260612,-34.906973413249,-3.64604997570556));
#4544=CARTESIAN_POINT('',(-7.73701173639308,-34.9408352471479,-3.61709439790337));
#4545=CARTESIAN_POINT('',(-7.68546526153091,-34.9751549856863,-3.58721319179802));
#4546=CARTESIAN_POINT('',(-7.63458823908324,-35.0099436196597,-3.55640699627613));
#4547=CARTESIAN_POINT('',(-7.58437787039129,-35.045190090396,-3.52469477594241));
#4548=CARTESIAN_POINT('',(-7.5347910438416,-35.0809132559603,-3.49206771804579));
#4549=CARTESIAN_POINT('',(-7.48586659260787,-35.1170737145459,-3.45856981760111));
#4550=CARTESIAN_POINT('',(-7.4376043577065,-35.153659091153,-3.42422093019694));
#4551=CARTESIAN_POINT('',(-7.39005497017852,-35.1906170167548,-3.38907917159729));
#4552=CARTESIAN_POINT('',(-7.34322075475169,-35.2279300707692,-3.35317063292828));
#4553=CARTESIAN_POINT('',(-7.29713034514587,-35.2655586691237,-3.31654325017982));
#4554=CARTESIAN_POINT('',(-7.25177308299187,-35.3034942976407,-3.27921512569869));
#4555=CARTESIAN_POINT('',(-7.20714637973105,-35.3417218243958,-3.24121076973025));
#4556=CARTESIAN_POINT('',(-7.16322294724019,-35.3802482270959,-3.20253226510171));
#4557=CARTESIAN_POINT('',(-7.12000756426396,-35.4190538040535,-3.16320784321062));
#4558=CARTESIAN_POINT('',(-7.07749711876548,-35.4581251949751,-3.12325956047121));
#4559=CARTESIAN_POINT('',(-7.0357018509402,-35.497436232087,-3.08272271960388));
#4560=CARTESIAN_POINT('',(-6.99464503551334,-35.5369476903943,-3.04164633826362));
#4561=CARTESIAN_POINT('',(-6.96777166973838,-35.5634038497969,-3.01392766281794));
#4562=CARTESIAN_POINT('',(-6.95446912155614,-35.5766476675002,-3.));
#4563=CARTESIAN_POINT('',(-6.95446912246673,-35.5766476670394,1.));
#4564=VECTOR('',#4565,1.);
#4565=DIRECTION('',(0.,0.,-1.));
#4566=CARTESIAN_POINT('',(-2.49041264474406,-36.1643518517739,-3.));
#4567=CARTESIAN_POINT('',(-2.49041264361134,-36.1643518518519,1.));
#4568=VECTOR('',#4569,1.);
#4569=DIRECTION('',(0.,0.,-1.));
#4570=AXIS2_PLACEMENT_3D('',#4571,#4572,#4573);
#4571=CARTESIAN_POINT('',(0.,0.,-3.));
#4572=DIRECTION('',(0.,0.,-1.));
#4573=DIRECTION('',(-0.0687010384756983,-0.997637292462727,0.));
#4574=CARTESIAN_POINT('',(8.04522199947639E-8,-35.5,-4.));
#4575=CARTESIAN_POINT('',(-2.49041264461024,-36.1643518520613,-3.));
#4576=CARTESIAN_POINT('',(-2.46435455358288,-36.1493838414163,-3.02229712425201));
#4577=CARTESIAN_POINT('',(-2.41181877153816,-36.1198296776329,-3.06635346114326));
#4578=CARTESIAN_POINT('',(-2.33148703909747,-36.0765446863337,-3.13096583361409));
#4579=CARTESIAN_POINT('',(-2.25031064932292,-36.0347023820493,-3.1935073392996));
#4580=CARTESIAN_POINT('',(-2.16849580166835,-35.9944053250011,-3.25381613461973));
#4581=CARTESIAN_POINT('',(-2.08666474630511,-35.9559338296291,-3.3114635779725));
#4582=CARTESIAN_POINT('',(-2.00487157953623,-35.9192654307323,-3.36647371132803));
#4583=CARTESIAN_POINT('',(-1.92358340854131,-35.8845473328011,-3.41861617286306));
#4584=CARTESIAN_POINT('',(-1.84232922538503,-35.8515207863457,-3.46827074569862));
#4585=CARTESIAN_POINT('',(-1.76164025558236,-35.8203527689497,-3.51517842816824));
#4586=CARTESIAN_POINT('',(-1.68160545355074,-35.7910121489977,-3.55937808212407));
#4587=CARTESIAN_POINT('',(-1.60335279918572,-35.763810842926,-3.60039160673748));
#4588=CARTESIAN_POINT('',(-1.52653303464877,-35.7385076683929,-3.63857474347302));
#4589=CARTESIAN_POINT('',(-1.4518014286695,-35.7152044416655,-3.67376695846398));
#4590=CARTESIAN_POINT('',(-1.37877739394955,-35.6936678340975,-3.70631437863198));
#4591=CARTESIAN_POINT('',(-1.30080563751875,-35.6719314321124,-3.7391851795962));
#4592=CARTESIAN_POINT('',(-1.21055978707443,-35.6483913827767,-3.77480845437359));
#4593=CARTESIAN_POINT('',(-1.10806019021969,-35.6239022421288,-3.8118978493529));
#4594=CARTESIAN_POINT('',(-1.00826069353756,-35.6023942247507,-3.84449782614263));
#4595=CARTESIAN_POINT('',(-0.915621041443451,-35.5842965013989,-3.87194550153332));
#4596=CARTESIAN_POINT('',(-0.820357906423337,-35.5673940467357,-3.89759346966109));
#4597=CARTESIAN_POINT('',(-0.71266559427055,-35.5505758477513,-3.92312782740805));
#4598=CARTESIAN_POINT('',(-0.603354116984748,-35.536152656284,-3.94503784806594));
#4599=CARTESIAN_POINT('',(-0.51080225158988,-35.525946347086,-3.96054824642621));
#4600=CARTESIAN_POINT('',(-0.437019646913461,-35.5189960047102,-3.9711132269203));
#4601=CARTESIAN_POINT('',(-0.367664025407294,-35.5133643361556,-3.97967527955452));
#4602=CARTESIAN_POINT('',(-0.293975540718398,-35.5084404240058,-3.98716261259268));
#4603=CARTESIAN_POINT('',(-0.215652909593905,-35.5044512007175,-3.99322955494499));
#4604=CARTESIAN_POINT('',(-0.146731439352495,-35.5020143159049,-3.99693604571962));
#4605=CARTESIAN_POINT('',(-0.088595741100309,-35.5007057248055,-3.99892651003579));
#4606=CARTESIAN_POINT('',(-0.0425294963386539,-35.5001179742354,-3.99982054499448));
#4607=CARTESIAN_POINT('',(-0.013580193715681,-35.4999999839378,-4.00000002597482));
#4608=CARTESIAN_POINT('',(-4.29618638219709E-9,-35.5,-4.));
#4609=CARTESIAN_POINT('',(2.49041264474411,-36.1643518517739,-3.));
#4610=CARTESIAN_POINT('',(1.65720660441076E-7,-35.5,-4.));
#4611=CARTESIAN_POINT('',(0.0256368011248962,-35.4999998812448,-4.00000019663479));
#4612=CARTESIAN_POINT('',(0.0767985789397505,-35.500393888294,-3.9994008328945));
#4613=CARTESIAN_POINT('',(0.153201029643746,-35.502153952659,-3.99672363757911));
#4614=CARTESIAN_POINT('',(0.229166618878336,-35.5050629032432,-3.99229921172769));
#4615=CARTESIAN_POINT('',(0.304775849577528,-35.5091065149039,-3.98614969174811));
#4616=CARTESIAN_POINT('',(0.379971118747049,-35.5142695280164,-3.97829894890967));
#4617=CARTESIAN_POINT('',(0.454560247585005,-35.520519711448,-3.96879683071281));
#4618=CARTESIAN_POINT('',(0.528177850310274,-35.5277942332723,-3.95773982327672));
#4619=CARTESIAN_POINT('',(0.600899015672602,-35.536061643044,-3.94517679872137));
#4620=CARTESIAN_POINT('',(0.672565945871628,-35.5452671252162,-3.93119221725516));
#4621=CARTESIAN_POINT('',(0.743190474414912,-35.5553729431119,-3.91584464771011));
#4622=CARTESIAN_POINT('',(0.812467843370209,-35.5662885517363,-3.89927284884815));
#4623=CARTESIAN_POINT('',(0.880576916252139,-35.577993284469,-3.88150945694555));
#4624=CARTESIAN_POINT('',(0.947507398616827,-35.5904423452533,-3.86262375036279));
#4625=CARTESIAN_POINT('',(1.01343896692081,-35.6036312669714,-3.84262385080971));
#4626=CARTESIAN_POINT('',(1.07829861430201,-35.6175088115717,-3.82158880620971));
#4627=CARTESIAN_POINT('',(1.14226198370407,-35.6320789411126,-3.7995139861732));
#4628=CARTESIAN_POINT('',(1.20538792459967,-35.6473270948806,-3.77642288006064));
#4629=CARTESIAN_POINT('',(1.2678046600493,-35.663261146679,-3.75230506099241));
#4630=CARTESIAN_POINT('',(1.32950798060549,-35.6798590271729,-3.72719546474409));
#4631=CARTESIAN_POINT('',(1.39054287478563,-35.6971132120606,-3.70110703443413));
#4632=CARTESIAN_POINT('',(1.45093875938322,-35.7150140323291,-3.67405598227809));
#4633=CARTESIAN_POINT('',(1.51073644159948,-35.7335574949753,-3.64604997608842));
#4634=CARTESIAN_POINT('',(1.5699741588076,-35.7527411467381,-3.6170943981353));
#4635=CARTESIAN_POINT('',(1.62864683240436,-35.7725502592444,-3.58721319187464));
#4636=CARTESIAN_POINT('',(1.68679422364041,-35.792985556986,-3.5564069962127));
#4637=CARTESIAN_POINT('',(1.74441617358262,-35.8140356337443,-3.52469477577712));
#4638=CARTESIAN_POINT('',(1.80155920566522,-35.8357075468959,-3.49206771783017));
#4639=CARTESIAN_POINT('',(1.85817561201968,-35.857973287993,-3.45856981737178));
#4640=CARTESIAN_POINT('',(1.91426234333649,-35.8808208625566,-3.42422092998874));
#4641=CARTESIAN_POINT('',(1.96975693971491,-35.9042127902802,-3.38907917142857));
#4642=CARTESIAN_POINT('',(2.02465264687389,-35.9281328458613,-3.35317063281096));
#4643=CARTESIAN_POINT('',(2.0789115616691,-35.9525502049814,-3.31654325011506));
#4644=CARTESIAN_POINT('',(2.13254177567131,-35.9774538849914,-3.27921512568173));
#4645=CARTESIAN_POINT('',(2.18554187281388,-36.002828599611,-3.24121076974974));
#4646=CARTESIAN_POINT('',(2.23794001736655,-36.0286740261038,-3.2025322651426));
#4647=CARTESIAN_POINT('',(2.28972649423727,-36.0549723709286,-3.16320784326186));
#4648=CARTESIAN_POINT('',(2.34090085152509,-36.0817099235794,-3.12325956052028));
#4649=CARTESIAN_POINT('',(2.39144642523593,-36.1088640582825,-3.08272271964268));
#4650=CARTESIAN_POINT('',(2.44133058153471,-36.1364029105443,-3.04164633828416));
#4651=CARTESIAN_POINT('',(2.47413561750526,-36.1550022593159,-3.01392766282551));
#4652=CARTESIAN_POINT('',(2.49041264461028,-36.1643518520613,-3.));
#4653=CARTESIAN_POINT('',(2.49041264361141,-36.1643518518518,1.));
#4654=VECTOR('',#4655,1.);
#4655=DIRECTION('',(0.,0.,-1.));
#4656=CARTESIAN_POINT('',(6.95446912088616,-35.5766476673483,-3.));
#4657=CARTESIAN_POINT('',(6.95446912246684,-35.5766476670393,1.));
#4658=VECTOR('',#4659,1.);
#4659=DIRECTION('',(0.,0.,-1.));
#4660=AXIS2_PLACEMENT_3D('',#4661,#4662,#4663);
#4661=CARTESIAN_POINT('',(0.,0.,-3.));
#4662=DIRECTION('',(0.,0.,-1.));
#4663=DIRECTION('',(0.191847424024446,-0.981424763237195,0.));
#4664=CARTESIAN_POINT('',(9.18807678478598,-34.2903666500794,-4.));
#4665=CARTESIAN_POINT('',(6.95446912117461,-35.5766476676935,-3.));
#4666=CARTESIAN_POINT('',(6.97576529752076,-35.5554453500551,-3.02229712344544));
#4667=CARTESIAN_POINT('',(7.0188617846433,-35.5133009602022,-3.06635345901666));
#4668=CARTESIAN_POINT('',(7.08525329761465,-35.4506994886236,-3.130965829829));
#4669=CARTESIAN_POINT('',(7.15283408226987,-35.3892729317831,-3.19350733435894));
#4670=CARTESIAN_POINT('',(7.22143150979165,-35.3291737235651,-3.25381612910779));
#4671=CARTESIAN_POINT('',(7.29051708385173,-35.2708336768023,-3.31146357274473));
#4672=CARTESIAN_POINT('',(7.36003273697307,-35.214245093047,-3.36647370709216));
#4673=CARTESIAN_POINT('',(7.4295653780419,-35.1596710568877,-3.41861617053839));
#4674=CARTESIAN_POINT('',(7.49950299631618,-35.106739729928,-3.46827074592282));
#4675=CARTESIAN_POINT('',(7.56937568389854,-35.0557498918114,-3.51517843116367));
#4676=CARTESIAN_POINT('',(7.6390894595713,-35.0066944951211,-3.55937808780486));
#4677=CARTESIAN_POINT('',(7.70763550749555,-34.9601667712543,-3.60039161450569));
#4678=CARTESIAN_POINT('',(7.77528876159014,-34.9158433617539,-3.63857475243983));
#4679=CARTESIAN_POINT('',(7.84144263140339,-34.8739922104239,-3.67376696711644));
#4680=CARTESIAN_POINT('',(7.90640434587482,-34.8342894358446,-3.70631438557603));
#4681=CARTESIAN_POINT('',(7.97609347525015,-34.7931131138861,-3.73918518186716));
#4682=CARTESIAN_POINT('',(8.05717164453755,-34.747017836121,-3.77480844994627));
#4683=CARTESIAN_POINT('',(8.14984038076277,-34.6968343028581,-3.81189783941324));
#4684=CARTESIAN_POINT('',(8.24067259367196,-34.6502291491959,-3.84449781251523));
#4685=CARTESIAN_POINT('',(8.32547159484481,-34.6087711814055,-3.87194549082908));
#4686=CARTESIAN_POINT('',(8.41311407715822,-34.5677887322146,-3.89759347086732));
#4687=CARTESIAN_POINT('',(8.51278405319026,-34.5236707520356,-3.92312784297039));
#4688=CARTESIAN_POINT('',(8.61463787953075,-34.4814471107982,-3.94503786973031));
#4689=CARTESIAN_POINT('',(8.70139455839819,-34.4476343792666,-3.96054826910918));
#4690=CARTESIAN_POINT('',(8.77086418653442,-34.4218245286554,-3.97111324365632));
#4691=CARTESIAN_POINT('',(8.83639887881385,-34.3984342397901,-3.97967527967207));
#4692=CARTESIAN_POINT('',(8.90630194426903,-34.3746061706275,-3.98716259840597));
#4693=CARTESIAN_POINT('',(8.98092322792991,-34.3504815098755,-3.9932295410615));
#4694=CARTESIAN_POINT('',(9.04686579372347,-34.3302893926971,-3.99693604818178));
#4695=CARTESIAN_POINT('',(9.10268217664851,-34.3139786766088,-3.99892652449346));
#4696=CARTESIAN_POINT('',(9.14702741621623,-34.3014879221086,-3.9998205582838));
#4697=CARTESIAN_POINT('',(9.17495926711389,-34.2938814581955,-4.0000000311497));
#4698=CARTESIAN_POINT('',(9.18807609780539,-34.2903668341553,-4.));
#4699=CARTESIAN_POINT('',(11.7655769047029,-34.2875152220093,-3.));
#4700=CARTESIAN_POINT('',(9.18807747308443,-34.2903664656505,-4.));
#4701=CARTESIAN_POINT('',(9.21284025264318,-34.283731182569,-4.00000018686611));
#4702=CARTESIAN_POINT('',(9.26236013070204,-34.2708702811394,-3.99940081755446));
#4703=CARTESIAN_POINT('',(9.33661413303176,-34.2527961171436,-3.9967236468493));
#4704=CARTESIAN_POINT('',(9.41074381877338,-34.2359446717041,-3.99229925516671));
#4705=CARTESIAN_POINT('',(9.48482329983591,-34.2202813794118,-3.98614974987099));
#4706=CARTESIAN_POINT('',(9.55879276109721,-34.2058064667468,-3.97829900665523));
#4707=CARTESIAN_POINT('',(9.6324581280274,-34.1925385625684,-3.96879688056021));
#4708=CARTESIAN_POINT('',(9.70545018612245,-34.1805115478655,-3.95773985968143));
#4709=CARTESIAN_POINT('',(9.7778333126373,-34.1696756108763,-3.94517681912586));
#4710=CARTESIAN_POINT('',(9.84944088763098,-34.1600186455243,-3.93119222280962));
#4711=CARTESIAN_POINT('',(9.92027457629461,-34.1515011366284,-3.91584464119613));
#4712=CARTESIAN_POINT('',(9.99001656864992,-34.1441145004799,-3.89927283533132));
#4713=CARTESIAN_POINT('',(10.0588342962412,-34.1377924791294,-3.88150944022994));
#4714=CARTESIAN_POINT('',(10.1267062250153,-34.1324944662866,-3.86262373429506));
#4715=CARTESIAN_POINT('',(10.1938047611154,-34.1281696423501,-3.84262383749507));
#4716=CARTESIAN_POINT('',(10.2600461265439,-34.1247874103494,-3.82158879728676));
#4717=CARTESIAN_POINT('',(10.3256010085821,-34.1223061374555,-3.79951398201022));
#4718=CARTESIAN_POINT('',(10.3905224848457,-34.1206965274212,-3.77642288071274));
#4719=CARTESIAN_POINT('',(10.4426356702451,-34.120078806943,-3.75691071017222));
#4720=CARTESIAN_POINT('',(10.4853387946981,-34.1199626545336,-3.74035779978009));
#4721=CARTESIAN_POINT('',(10.5278495088544,-34.1201189088176,-3.72348654471317));
#4722=CARTESIAN_POINT('',(10.5822540145843,-34.120864596033,-3.70110704101638));
#4723=CARTESIAN_POINT('',(10.6452250343337,-34.122523855483,-3.67405598811719));
#4724=CARTESIAN_POINT('',(10.7077845643987,-34.1249586858782,-3.64604998079425));
#4725=CARTESIAN_POINT('',(10.7699689035693,-34.1281568212595,-3.61709440120467));
#4726=CARTESIAN_POINT('',(10.8317693335028,-34.132105349444,-3.58721319327553));
#4727=CARTESIAN_POINT('',(10.893224447726,-34.1367946792474,-3.5564069961005));
#4728=CARTESIAN_POINT('',(10.95433114017,-34.1422138341765,-3.52469477456268));
#4729=CARTESIAN_POINT('',(11.0151361754445,-34.1483575899287,-3.49206771606431));
#4730=CARTESIAN_POINT('',(11.0755862225587,-34.15521124013,-3.45856981544608));
#4731=CARTESIAN_POINT('',(11.1356752318113,-34.1627639882084,-3.42422092827375));
#4732=CARTESIAN_POINT('',(11.1953331713065,-34.1709957968077,-3.38907917011665));
#4733=CARTESIAN_POINT('',(11.2545493176307,-34.179892741636,-3.35317063202543));
#4734=CARTESIAN_POINT('',(11.3132790814322,-34.1894348587716,-3.31654324986269));
#4735=CARTESIAN_POINT('',(11.3715274361436,-34.1996094455559,-3.2792151259061));
#4736=CARTESIAN_POINT('',(11.4292890576638,-34.2104021031044,-3.24121077032373));
#4737=CARTESIAN_POINT('',(11.4865910671008,-34.2218052302461,-3.20253226589742));
#4738=CARTESIAN_POINT('',(11.5434194750047,-34.2338041541824,-3.16320784407395));
#4739=CARTESIAN_POINT('',(11.5997702963423,-34.246385748551,-3.12325956124941));
#4740=CARTESIAN_POINT('',(11.6556215788707,-34.2595324714798,-3.08272272019722));
#4741=CARTESIAN_POINT('',(11.7109335535763,-34.2732219904908,-3.0416463385751));
#4742=CARTESIAN_POINT('',(11.7474346509886,-34.2826970137996,-3.01392766293061));
#4743=CARTESIAN_POINT('',(11.765576904648,-34.2875152223216,-3.));
#4744=CARTESIAN_POINT('',(11.765576903629,-34.2875152223778,1.));
#4745=VECTOR('',#4746,1.);
#4746=DIRECTION('',(0.,0.,-1.));
#4747=CARTESIAN_POINT('',(15.9254153096326,-32.564453737407,-3.));
#4748=CARTESIAN_POINT('',(15.9254153106525,-32.5644537369082,1.));
#4749=VECTOR('',#4750,1.);
#4750=DIRECTION('',(0.,0.,-1.));
#4751=AXIS2_PLACEMENT_3D('',#4752,#4753,#4754);
#4752=CARTESIAN_POINT('',(0.,0.,-3.));
#4753=DIRECTION('',(0.,0.,-1.));
#4754=DIRECTION('',(0.439321801645037,-0.898329758273296,0.));
#4755=CARTESIAN_POINT('',(17.7499999958293,-30.7439018367555,-4.));
#4756=CARTESIAN_POINT('',(15.9254153098922,-32.564453737589,-3.));
#4757=CARTESIAN_POINT('',(15.9404982734407,-32.538462014497,-3.02229712435116));
#4758=CARTESIAN_POINT('',(15.9712185135319,-32.4865994666446,-3.06635346141572));
#4759=CARTESIAN_POINT('',(16.0191453391038,-32.4089476980562,-3.13096583412774));
#4760=CARTESIAN_POINT('',(16.0685250028452,-32.3321230045006,-3.1935073399664));
#4761=CARTESIAN_POINT('',(16.1192302108899,-32.2563173054689,-3.25381613535125));
#4762=CARTESIAN_POINT('',(16.1708622359505,-32.1820844855339,-3.31146357863895));
#4763=CARTESIAN_POINT('',(16.223362996655,-32.1094321373928,-3.36647371182369));
#4764=CARTESIAN_POINT('',(16.2764015685083,-32.038721297522,-3.41861617304861));
#4765=CARTESIAN_POINT('',(16.3302564816184,-31.9694923782802,-3.46827074547745));
#4766=CARTESIAN_POINT('',(16.3845511700347,-31.9021555991765,-3.51517842750813));
#4767=CARTESIAN_POINT('',(16.4391930312105,-31.8367284765867,-3.55937808104045));
#4768=CARTESIAN_POINT('',(16.4933611642235,-31.7740451278951,-3.60039160532567));
#4769=CARTESIAN_POINT('',(16.5472374441477,-31.7137220540646,-3.63857474187326));
#4770=CARTESIAN_POINT('',(16.6003052999364,-31.6561750647531,-3.6737669569134));
#4771=CARTESIAN_POINT('',(16.6527776655748,-31.6010117977679,-3.70631437734892));
#4772=CARTESIAN_POINT('',(16.709434987546,-31.5432016420435,-3.73918517904337));
#4773=CARTESIAN_POINT('',(16.7758201638743,-31.4776924341791,-3.77480845486873));
#4774=CARTESIAN_POINT('',(16.8523428503021,-31.4052344160194,-3.81189785071562));
#4775=CARTESIAN_POINT('',(16.9280177428408,-31.3367081767496,-3.84449782809174));
#4776=CARTESIAN_POINT('',(16.9991971727721,-31.2747152631549,-3.87194550304407));
#4777=CARTESIAN_POINT('',(17.0732462355794,-31.2124457447038,-3.89759346934136));
#4778=CARTESIAN_POINT('',(17.1581014061682,-31.1440346073776,-3.92312782488207));
#4779=CARTESIAN_POINT('',(17.2455563207563,-31.0768880226473,-3.94503784461547));
#4780=CARTESIAN_POINT('',(17.3206054287689,-31.0217731693128,-3.96054824283653));
#4781=CARTESIAN_POINT('',(17.3810278694441,-30.9788626921274,-3.97111322426887));
#4782=CARTESIAN_POINT('',(17.4382757802568,-30.9393077027266,-3.97967527949718));
#4783=CARTESIAN_POINT('',(17.4996299434849,-30.8981992143642,-3.98716261476962));
#4784=CARTESIAN_POINT('',(17.5654647312473,-30.855583123676,-3.99322955708643));
#4785=CARTESIAN_POINT('',(17.6239339994817,-30.8190120056376,-3.99693604533071));
#4786=CARTESIAN_POINT('',(17.6736266521965,-30.7888109097796,-3.99892650778869));
#4787=CARTESIAN_POINT('',(17.7132272118682,-30.7652688399541,-3.99982054293073));
#4788=CARTESIAN_POINT('',(17.7382391029561,-30.7506919734847,-4.00000002517134));
#4789=CARTESIAN_POINT('',(17.7499999748226,-30.7439018488838,-4.));
#4790=CARTESIAN_POINT('',(20.2389365421413,-30.0740410926629,-3.));
#4791=CARTESIAN_POINT('',(17.7500000042648,-30.7439018318853,-4.));
#4792=CARTESIAN_POINT('',(17.7722019427055,-30.7310833984721,-4.00000019815146));
#4793=CARTESIAN_POINT('',(17.8167064096851,-30.7058436919762,-3.99940083527636));
#4794=CARTESIAN_POINT('',(17.8837530009374,-30.6691666746383,-3.99672363614083));
#4795=CARTESIAN_POINT('',(17.9509956515038,-30.6337030830653,-3.9922992049857));
#4796=CARTESIAN_POINT('',(18.0184969715303,-30.5994003400693,-3.98614968272812));
#4797=CARTESIAN_POINT('',(18.086199474215,-30.5662740158952,-3.97829893995056));
#4798=CARTESIAN_POINT('',(18.1539206274335,-30.5343922790959,-3.96879682298265));
#4799=CARTESIAN_POINT('',(18.2213125840505,-30.5038834074822,-3.95773981763675));
#4800=CARTESIAN_POINT('',(18.2884246495438,-30.4746826190289,-3.94517679556894));
#4801=CARTESIAN_POINT('',(18.3550927609469,-30.4468213404294,-3.93119221641194));
#4802=CARTESIAN_POINT('',(18.4213082978277,-30.4202609743241,-3.91584464874441));
#4803=CARTESIAN_POINT('',(18.4867620598691,-30.395075485515,-3.89927285097358));
#4804=CARTESIAN_POINT('',(18.5515986124634,-30.3711575452278,-3.88150945957146));
#4805=CARTESIAN_POINT('',(18.6157866418203,-30.3484735064625,-3.86262375289211));
#4806=CARTESIAN_POINT('',(18.6794795175689,-30.3269296628345,-3.84262385291455));
#4807=CARTESIAN_POINT('',(18.7425883945124,-30.3065181444783,-3.82158880763903));
#4808=CARTESIAN_POINT('',(18.8052673643686,-30.2871545613524,-3.79951398685682));
#4809=CARTESIAN_POINT('',(18.8675601116455,-30.2687968788474,-3.77642288003761));
#4810=CARTESIAN_POINT('',(18.929581617398,-30.2513878044051,-3.75230506043313));
#4811=CARTESIAN_POINT('',(18.9913172013583,-30.2349103301463,-3.72719546390099));
#4812=CARTESIAN_POINT('',(19.0528020628153,-30.2193354454866,-3.70110703349397));
#4813=CARTESIAN_POINT('',(19.1140568430181,-30.2046400683836,-3.67405598142392));
#4814=CARTESIAN_POINT('',(19.1751148857589,-30.19080033713,-3.6460499754203));
#4815=CARTESIAN_POINT('',(19.2360080790326,-30.1777950084269,-3.61709439772019));
#4816=CARTESIAN_POINT('',(19.2967246605806,-30.1656138664025,-3.58721319172));
#4817=CARTESIAN_POINT('',(19.3572994269626,-30.1542376578498,-3.55640699629313));
#4818=CARTESIAN_POINT('',(19.4177265374929,-30.1436565841533,-3.52469477602865));
#4819=CARTESIAN_POINT('',(19.4780498113622,-30.1338534954652,-3.49206771816658));
#4820=CARTESIAN_POINT('',(19.5382139280613,-30.1248279897074,-3.45856981773173));
#4821=CARTESIAN_POINT('',(19.5982102495561,-30.1165712040175,-3.42422093031401));
#4822=CARTESIAN_POINT('',(19.6579659437787,-30.1090819094586,-3.38907917168864));
#4823=CARTESIAN_POINT('',(19.7174670486777,-30.1023494316509,-3.35317063298603));
#4824=CARTESIAN_POINT('',(19.7766653269773,-30.0963660275275,-3.31654325020348));
#4825=CARTESIAN_POINT('',(19.8355622948439,-30.0911181400509,-3.2792151256917));
#4826=CARTESIAN_POINT('',(19.8941490827725,-30.0865932389475,-3.2412107697005));
#4827=CARTESIAN_POINT('',(19.9524499203609,-30.0827769625837,-3.20253226505973));
#4828=CARTESIAN_POINT('',(20.0104474973348,-30.0796587588448,-3.16320784316409));
#4829=CARTESIAN_POINT('',(20.0681345670816,-30.0772269800336,-3.12325956042884));
#4830=CARTESIAN_POINT('',(20.1254853852846,-30.0754703636513,-3.0827227195714));
#4831=CARTESIAN_POINT('',(20.1824557579684,-30.0743776311535,-3.04164633824652));
#4832=CARTESIAN_POINT('',(20.220165426844,-30.0740826216987,-3.01392766281172));
#4833=CARTESIAN_POINT('',(20.2389365421691,-30.0740410929788,-3.));
#4834=CARTESIAN_POINT('',(20.2389365411994,-30.0740410932968,1.));
#4835=VECTOR('',#4836,1.);
#4836=DIRECTION('',(0.,0.,-1.));
#4837=CARTESIAN_POINT('',(23.8110707625543,-27.3330461006568,-3.));
#4838=AXIS2_PLACEMENT_3D('',#4839,#4840,#4841);
#4839=CARTESIAN_POINT('',(0.,0.,-3.));
#4840=DIRECTION('',(0.,0.,-1.));
#4841=DIRECTION('',(0.656857124484257,-0.754015064845705,0.));
#4842=CARTESIAN_POINT('',(23.8110707634105,-27.333046099911,1.));
#4843=VECTOR('',#4844,1.);
#4844=DIRECTION('',(0.,0.,-1.));
#4845=CARTESIAN_POINT('',(25.1022907287169,-25.102290735528,-4.));
#4846=CARTESIAN_POINT('',(23.8110707628522,-27.3330461007654,-3.));
#4847=CARTESIAN_POINT('',(23.818912633918,-27.3040362659804,-3.02229712431872));
#4848=CARTESIAN_POINT('',(23.8351630920785,-27.2459899084615,-3.06635346132738));
#4849=CARTESIAN_POINT('',(23.8613590940374,-27.1585796846054,-3.13096583396188));
#4850=CARTESIAN_POINT('',(23.8891724926839,-27.0715923316581,-3.19350733975454));
#4851=CARTESIAN_POINT('',(23.9185300040078,-26.9852461756861,-3.25381613512487));
#4852=CARTESIAN_POINT('',(23.9491898429131,-26.9001794262928,-3.31146357844453));
#4853=CARTESIAN_POINT('',(23.9810978722386,-26.8164144500328,-3.3664737116988));
#4854=CARTESIAN_POINT('',(24.0140278865984,-26.734385630899,-3.41861617304307));
#4855=CARTESIAN_POINT('',(24.048129975381,-26.6535769524386,-3.46827074562567));
#4856=CARTESIAN_POINT('',(24.0831465764215,-26.5744821187421,-3.5151784278209));
#4857=CARTESIAN_POINT('',(24.1189927760894,-26.4971420166586,-3.55937808151117));
#4858=CARTESIAN_POINT('',(24.1550915304224,-26.4225748065575,-3.60039160591842));
#4859=CARTESIAN_POINT('',(24.1915192603754,-26.3503629841187,-3.63857474253586));
#4860=CARTESIAN_POINT('',(24.2278846160428,-26.2810418891362,-3.67376695755828));
#4861=CARTESIAN_POINT('',(24.2642917250393,-26.2141774174706,-3.70631437789547));
#4862=CARTESIAN_POINT('',(24.3040561260035,-26.1436731015896,-3.7391851793215));
#4863=CARTESIAN_POINT('',(24.3512242511844,-26.0632143187605,-3.77480845476103));
#4864=CARTESIAN_POINT('',(24.4063859747048,-25.9734197198955,-3.81189785028651));
#4865=CARTESIAN_POINT('',(24.4617464115029,-25.88764235288,-3.84449782744315));
#4866=CARTESIAN_POINT('',(24.5144555145964,-25.8093392042399,-3.87194550254984));
#4867=CARTESIAN_POINT('',(24.5698648807811,-25.7300261585226,-3.897593469509));
#4868=CARTESIAN_POINT('',(24.6341225785474,-25.6419839369694,-3.92312782584738));
#4869=CARTESIAN_POINT('',(24.7012187259417,-25.5544903171427,-3.9450378459099));
#4870=CARTESIAN_POINT('',(24.7594458250749,-25.4818293172082,-3.96054824417458));
#4871=CARTESIAN_POINT('',(24.8067033717843,-25.4247425014988,-3.97111322525828));
#4872=CARTESIAN_POINT('',(24.8517630184702,-25.3717184712379,-3.97967527953311));
#4873=CARTESIAN_POINT('',(24.9003869238403,-25.316131101212,-3.98716261398381));
#4874=CARTESIAN_POINT('',(24.9529485865032,-25.2579278248967,-3.99322955630916));
#4875=CARTESIAN_POINT('',(24.9999602702092,-25.2074698671345,-3.99693604547538));
#4876=CARTESIAN_POINT('',(25.0401430819715,-25.1654364291894,-3.99892650861092));
#4877=CARTESIAN_POINT('',(25.0723011767343,-25.1324471294916,-3.99982054368518));
#4878=CARTESIAN_POINT('',(25.0926880287731,-25.1118934132303,-4.00000002546501));
#4879=CARTESIAN_POINT('',(25.1022907298473,-25.1022907343976,-4.));
#4880=CARTESIAN_POINT('',(27.3330461006568,-23.8110707625543,-3.));
#4881=CARTESIAN_POINT('',(25.1022907619087,-25.1022907023362,-4.));
#4882=CARTESIAN_POINT('',(25.1204185363932,-25.0841627590118,-4.00000019759712));
#4883=CARTESIAN_POINT('',(25.15687402319,-25.0482644818172,-3.99940083440572));
#4884=CARTESIAN_POINT('',(25.2121433143314,-24.9954842998253,-3.99672363666613));
#4885=CARTESIAN_POINT('',(25.267916061287,-24.9438254333679,-3.99229920744897));
#4886=CARTESIAN_POINT('',(25.3242391261224,-24.8932209003295,-3.98614968602331));
#4887=CARTESIAN_POINT('',(25.3810610035902,-24.8437006259938,-3.97829894322261));
#4888=CARTESIAN_POINT('',(25.4382230195149,-24.7953777035221,-3.96879682580451));
#4889=CARTESIAN_POINT('',(25.4954223795323,-24.7484660696964,-3.95773981969346));
#4890=CARTESIAN_POINT('',(25.5526899416164,-24.7028903891704,-3.94517679671519));
#4891=CARTESIAN_POINT('',(25.6098753663926,-24.6587234807678,-3.9311922167128));
#4892=CARTESIAN_POINT('',(25.6669603374744,-24.615930293305,-3.91584464835757));
#4893=CARTESIAN_POINT('',(25.7236653336772,-24.5746622982164,-3.89927285018648));
#4894=CARTESIAN_POINT('',(25.780102216221,-24.534778407152,-3.88150945859995));
#4895=CARTESIAN_POINT('',(25.8362320299749,-24.4962542240559,-3.86262375195444));
#4896=CARTESIAN_POINT('',(25.8921786660015,-24.458959540248,-3.84262385213061));
#4897=CARTESIAN_POINT('',(25.9478542696766,-24.4229097487598,-3.82158880710062));
#4898=CARTESIAN_POINT('',(26.0033858406011,-24.3879834530803,-3.79951398658961));
#4899=CARTESIAN_POINT('',(26.0588046955014,-24.3541287444596,-3.77642288002743));
#4900=CARTESIAN_POINT('',(26.1142070692343,-24.3212605232028,-3.75230506061772));
#4901=CARTESIAN_POINT('',(26.1695743798261,-24.2893661604817,-3.72719546418826));
#4902=CARTESIAN_POINT('',(26.2249331186108,-24.2584085240317,-3.70110703381576));
#4903=CARTESIAN_POINT('',(26.280297249412,-24.2283599759819,-3.67405598171349));
#4904=CARTESIAN_POINT('',(26.3356928039235,-24.1991888377282,-3.64604997564121));
#4905=CARTESIAN_POINT('',(26.3911450853841,-24.1708663366166,-3.61709439784816));
#4906=CARTESIAN_POINT('',(26.4466400882199,-24.1433856491913,-3.58721319175248));
#4907=CARTESIAN_POINT('',(26.5022064402095,-24.1167191722793,-3.55640699623955));
#4908=CARTESIAN_POINT('',(26.5578359635935,-24.0908589528339,-3.52469477591257));
#4909=CARTESIAN_POINT('',(26.6135665457429,-24.065777084135,-3.49206771801976));
#4910=CARTESIAN_POINT('',(26.6693446471036,-24.0414874957956,-3.45856981757678));
#4911=CARTESIAN_POINT('',(26.7251596301022,-24.0179838626319,-3.4242209301725));
#4912=CARTESIAN_POINT('',(26.7809408263092,-23.9952838478996,-3.38907917157195));
#4913=CARTESIAN_POINT('',(26.8366719866929,-23.973380754581,-3.35317063290167));
#4914=CARTESIAN_POINT('',(26.8923045135801,-23.9522795881691,-3.31654325015227));
#4915=CARTESIAN_POINT('',(26.9478363626609,-23.9319668611568,-3.27921512567087));
#4916=CARTESIAN_POINT('',(27.0032557235832,-23.9124327658246,-3.2412107697032));
#4917=CARTESIAN_POINT('',(27.0585822832795,-23.8936571588179,-3.20253226507686));
#4918=CARTESIAN_POINT('',(27.1137965902163,-23.8756343278071,-3.16320784318898));
#4919=CARTESIAN_POINT('',(27.1688886300583,-23.8583548975424,-3.12325956045391));
#4920=CARTESIAN_POINT('',(27.2238306207517,-23.8418146524061,-3.08272271959177));
#4921=CARTESIAN_POINT('',(27.2785769550917,-23.8260141364041,-3.04164633825738));
#4922=CARTESIAN_POINT('',(27.314925344103,-23.8159691986607,-3.01392766281579));
#4923=CARTESIAN_POINT('',(27.3330461007655,-23.8110707628522,-3.));
#4924=CARTESIAN_POINT('',(27.333046099911,-23.8110707634104,1.));
#4925=VECTOR('',#4926,1.);
#4926=DIRECTION('',(0.,0.,-1.));
#4927=CARTESIAN_POINT('',(30.0740410923976,-20.2389365425355,-3.));
#4928=CARTESIAN_POINT('',(30.0740410932968,-20.2389365411994,1.));
#4929=VECTOR('',#4930,1.);
#4930=DIRECTION('',(0.,0.,-1.));
#4931=AXIS2_PLACEMENT_3D('',#4932,#4933,#4934);
#4932=CARTESIAN_POINT('',(0.,0.,-3.));
#4933=DIRECTION('',(0.,0.,-1.));
#4934=DIRECTION('',(0.829628719790279,-0.558315490828566,0.));
#4935=CARTESIAN_POINT('',(30.7439018823471,-17.7499999168623,-4.));
#4936=CARTESIAN_POINT('',(30.0740410928457,-20.2389365425756,-3.));
#4937=CARTESIAN_POINT('',(30.0741074609767,-20.2088855683981,-3.02229712410598));
#4938=CARTESIAN_POINT('',(30.0747806954446,-20.1486111646397,-3.06635346084));
#4939=CARTESIAN_POINT('',(30.0774606595561,-20.0573993481265,-3.13096583327337));
#4940=CARTESIAN_POINT('',(30.081812355971,-19.9661773803833,-3.19350733886449));
#4941=CARTESIAN_POINT('',(30.0878215046723,-19.8751751155265,-3.25381613411088));
#4942=CARTESIAN_POINT('',(30.0954197400172,-19.7850715951736,-3.31146357742034));
#4943=CARTESIAN_POINT('',(30.1045605584188,-19.6959024354981,-3.3664737107658));
#4944=CARTESIAN_POINT('',(30.1151378891204,-19.6081457654206,-3.41861617232403));
#4945=CARTESIAN_POINT('',(30.1271631524583,-19.5212643053733,-3.46827074520467));
#4946=CARTESIAN_POINT('',(30.1405153425042,-19.4358015989557,-3.51517842772938));
#4947=CARTESIAN_POINT('',(30.155123021278,-19.3518191171592,-3.5593780817419));
#4948=CARTESIAN_POINT('',(30.1706923263862,-19.2704496774675,-3.60039160640209));
#4949=CARTESIAN_POINT('',(30.1871890167083,-19.191270222567,-3.63857474316728));
#4950=CARTESIAN_POINT('',(30.2043736333432,-19.1148991399957,-3.67376695815515));
#4951=CARTESIAN_POINT('',(30.2222344014,-19.0408901671672,-3.70631437828961));
#4952=CARTESIAN_POINT('',(30.2423960032203,-18.962496444616,-3.73918517915233));
#4953=CARTESIAN_POINT('',(30.2671326475638,-18.8725712213228,-3.77480845378584));
#4954=CARTESIAN_POINT('',(30.297174227905,-18.7715593966751,-3.81189784865947));
#4955=CARTESIAN_POINT('',(30.3284474866469,-18.6743764889329,-3.84449782539324));
#4956=CARTESIAN_POINT('',(30.3590942245158,-18.5850993350068,-3.87194550089516));
#4957=CARTESIAN_POINT('',(30.3920878372204,-18.4941478117003,-3.89759346936454));
#4958=CARTESIAN_POINT('',(30.4313690063318,-18.3924744325072,-3.92312782752332));
#4959=CARTESIAN_POINT('',(30.4735338952578,-18.2905963193842,-3.94503784838885));
#4960=CARTESIAN_POINT('',(30.5109709052881,-18.2053408974378,-3.96054824682105));
#4961=CARTESIAN_POINT('',(30.541843034477,-18.1379681165389,-3.97111322720447));
#4962=CARTESIAN_POINT('',(30.5716436760138,-18.0750885546864,-3.97967527946109));
#4963=CARTESIAN_POINT('',(30.6042236837414,-18.0088105021146,-3.98716261217764));
#4964=CARTESIAN_POINT('',(30.6399302296201,-17.9389865038656,-3.99322955456607));
#4965=CARTESIAN_POINT('',(30.672280563649,-17.8780803115037,-3.99693604576429));
#4966=CARTESIAN_POINT('',(30.7002151434483,-17.8270790173998,-3.99892651038822));
#4967=CARTESIAN_POINT('',(30.7227392689041,-17.7868905866056,-3.99982054532283));
#4968=CARTESIAN_POINT('',(30.7371117317908,-17.7617607703238,-4.00000002610307));
#4969=CARTESIAN_POINT('',(30.7439018327257,-17.7500000028092,-4.));
#4970=CARTESIAN_POINT('',(32.564453737407,-15.9254153096325,-3.));
#4971=CARTESIAN_POINT('',(30.7439019327549,-17.7499998295536,-4.));
#4972=CARTESIAN_POINT('',(30.7567201441574,-17.7277977989502,-4.00000019639268));
#4973=CARTESIAN_POINT('',(30.7826422457813,-17.6836874161778,-3.99940083251481));
#4974=CARTESIAN_POINT('',(30.8223677231148,-17.6184009990066,-3.99672363781148));
#4975=CARTESIAN_POINT('',(30.8628697381717,-17.5540673511696,-3.99229921281022));
#4976=CARTESIAN_POINT('',(30.9041762238633,-17.4906096421063,-3.98614969319903));
#4977=CARTESIAN_POINT('',(30.9462451605252,-17.428070132617,-3.97829895035685));
#4978=CARTESIAN_POINT('',(30.9889525443779,-17.3665991410374,-3.96879683197088));
#4979=CARTESIAN_POINT('',(31.0320612682472,-17.3064816851229,-3.95773982420917));
#4980=CARTESIAN_POINT('',(31.0755816394221,-17.2476370111381,-3.94517679926556));
#4981=CARTESIAN_POINT('',(31.1193872871525,-17.1901743684277,-3.93119221744014));
#4982=CARTESIAN_POINT('',(31.1634514472758,-17.1340646404743,-3.91584464760528));
#4983=CARTESIAN_POINT('',(31.2075433265122,-17.0795264829007,-3.89927284857923));
#4984=CARTESIAN_POINT('',(31.2517344589642,-17.0263946618073,-3.88150945660692));
#4985=CARTESIAN_POINT('',(31.2959809029337,-16.9746556943331,-3.86262375004955));
#4986=CARTESIAN_POINT('',(31.3403686281372,-16.9241517423823,-3.84262385057401));
#4987=CARTESIAN_POINT('',(31.3848167577286,-16.8749204126747,-3.82158880609125));
#4988=CARTESIAN_POINT('',(31.4294165444853,-16.826811574918,-3.79951398618284));
#4989=CARTESIAN_POINT('',(31.474184803228,-16.7797669835849,-3.77642288019178));
#4990=CARTESIAN_POINT('',(31.5191924644337,-16.7336795311195,-3.75230506121735));
#4991=CARTESIAN_POINT('',(31.5644183107899,-16.6885418283332,-3.72719546502171));
#4992=CARTESIAN_POINT('',(31.6098783202927,-16.644311151908,-3.70110703473377));
#4993=CARTESIAN_POINT('',(31.6555788277218,-16.6009571916567,-3.67405598256946));
#4994=CARTESIAN_POINT('',(31.7015367786102,-16.5584426110318,-3.64604997635453));
#4995=CARTESIAN_POINT('',(31.7477691670482,-16.5167330688767,-3.61709439836415));
#4996=CARTESIAN_POINT('',(31.794260698573,-16.4758255992188,-3.58721319206404));
#4997=CARTESIAN_POINT('',(31.8410318812308,-16.4356861300571,-3.55640699636546));
#4998=CARTESIAN_POINT('',(31.8880727574716,-16.3963090959285,-3.52469477590232));
#4999=CARTESIAN_POINT('',(31.9354127008768,-16.357657735047,-3.4920677179399));
#5000=CARTESIAN_POINT('',(31.9830036014914,-16.3197593594081,-3.45856981747436));
#5001=CARTESIAN_POINT('',(32.030833547139,-16.2826106125498,-3.42422093009169));
#5002=CARTESIAN_POINT('',(32.078838848978,-16.2462468461742,-3.38907917153511));
#5003=CARTESIAN_POINT('',(32.1270020783467,-16.2106657970066,-3.35317063292244));
#5004=CARTESIAN_POINT('',(32.1752775890334,-16.1758848779711,-3.31654325023023));
#5005=CARTESIAN_POINT('',(32.2236599155722,-16.1418915902363,-3.27921512579776));
#5006=CARTESIAN_POINT('',(32.2721351116246,-16.1086795170103,-3.24121076986227));
#5007=CARTESIAN_POINT('',(32.320716979829,-16.0762241059515,-3.20253226524594));
#5008=CARTESIAN_POINT('',(32.3693852529785,-16.0445248738074,-3.16320784335179));
#5009=CARTESIAN_POINT('',(32.4181278314766,-16.0135753566826,-3.12325956059201));
#5010=CARTESIAN_POINT('',(32.4669167888295,-15.983378673134,-3.08272271969299));
#5011=CARTESIAN_POINT('',(32.5157082126584,-15.9539471526452,-3.04164633830994));
#5012=CARTESIAN_POINT('',(32.5482182391936,-15.9348368324965,-3.01392766283436));
#5013=CARTESIAN_POINT('',(32.564453737589,-15.9254153098922,-3.));
#5014=CARTESIAN_POINT('',(32.5644537369082,-15.9254153106524,1.));
#5015=VECTOR('',#5016,1.);
#5016=DIRECTION('',(0.,0.,-1.));
#5017=CARTESIAN_POINT('',(34.2875152220094,-11.7655769047028,-3.));
#5018=AXIS2_PLACEMENT_3D('',#5019,#5020,#5021);
#5019=CARTESIAN_POINT('',(0.,0.,-3.));
#5020=DIRECTION('',(0.,0.,-1.));
#5021=DIRECTION('',(0.945862488883017,-0.324567638750423,0.));
#5022=CARTESIAN_POINT('',(34.2875152223779,-11.7655769036289,1.));
#5023=VECTOR('',#5024,1.);
#5024=DIRECTION('',(0.,0.,-1.));
#5025=CARTESIAN_POINT('',(34.2903668116455,-9.18807618181313,-4.));
#5026=CARTESIAN_POINT('',(34.2875152223216,-11.765576904648,-3.));
#5027=CARTESIAN_POINT('',(34.2798015644492,-11.7365327150957,-3.02229712442304));
#5028=CARTESIAN_POINT('',(34.2648516952192,-11.6781378655608,-3.06635346161414));
#5029=CARTESIAN_POINT('',(34.2438329863889,-11.5893403898006,-3.13096583450258));
#5030=CARTESIAN_POINT('',(34.2244264196686,-11.5001004327513,-3.19350734045673));
#5031=CARTESIAN_POINT('',(34.2066776922735,-11.4106437123516,-3.25381613589573));
#5032=CARTESIAN_POINT('',(34.1906965169772,-11.3216438269627,-3.31146357914778));
#5033=CARTESIAN_POINT('',(34.1764471928865,-11.2331472151541,-3.3664737122234));
#5034=CARTESIAN_POINT('',(34.163951012388,-11.1456431672773,-3.41861617324325));
#5035=CARTESIAN_POINT('',(34.1530799484609,-11.058609755237,-3.46827074539817));
#5036=CARTESIAN_POINT('',(34.143857797744,-10.9726033203099,-3.51517842713853));
#5037=CARTESIAN_POINT('',(34.1362314663129,-10.8877017282678,-3.55937808036598));
#5038=CARTESIAN_POINT('',(34.1302102995216,-10.8050752537125,-3.60039160449584));
#5039=CARTESIAN_POINT('',(34.1256517280082,-10.724324116546,-3.63857474068155));
#5040=CARTESIAN_POINT('',(34.1224845016192,-10.6461076098381,-3.673766956591));
#5041=CARTESIAN_POINT('',(34.1205817493151,-10.5699977226782,-3.70631437429101));
#5042=CARTESIAN_POINT('',(34.1200345927989,-10.5156699182116,-3.72837742224254));
#5043=CARTESIAN_POINT('',(34.1199604480888,-10.459865983871,-3.75033508624578));
#5044=CARTESIAN_POINT('',(34.1205083453028,-10.3913082089086,-3.7763876455065));
#5045=CARTESIAN_POINT('',(34.1232601299365,-10.2904483084898,-3.81189785022996));
#5046=CARTESIAN_POINT('',(34.1283149898813,-10.1884827094135,-3.84449782977935));
#5047=CARTESIAN_POINT('',(34.1348108382275,-10.0943156426484,-3.87194550406716));
#5048=CARTESIAN_POINT('',(34.1431402335324,-9.99792385383971,-3.89759346920436));
#5049=CARTESIAN_POINT('',(34.1547679201627,-9.88954821512061,-3.92312782319295));
#5050=CARTESIAN_POINT('',(34.1691280770426,-9.78022845144788,-3.94503784229464));
#5051=CARTESIAN_POINT('',(34.1832237229397,-9.68818863482788,-3.96054824041077));
#5052=CARTESIAN_POINT('',(34.195606551115,-9.61512122612386,-3.97111322247855));
#5053=CARTESIAN_POINT('',(34.2081173379082,-9.5466712266753,-3.97967527947421));
#5054=CARTESIAN_POINT('',(34.2224331951711,-9.47421917482644,-3.98716261626832));
#5055=CARTESIAN_POINT('',(34.2388512952492,-9.39753281613262,-3.99322955855609));
#5056=CARTESIAN_POINT('',(34.2543356210081,-9.33032913660483,-3.9969360450676));
#5057=CARTESIAN_POINT('',(34.2681182219595,-9.2738357697883,-3.99892650625371));
#5058=CARTESIAN_POINT('',(34.2794732763264,-9.22918723536604,-3.99982054152022));
#5059=CARTESIAN_POINT('',(34.286851945006,-9.20119378406976,-4.00000002462212));
#5060=CARTESIAN_POINT('',(34.2903667912756,-9.18807625783464,-4.));
#5061=CARTESIAN_POINT('',(35.5766476672572,-6.95446912135251,-3.));
#5062=CARTESIAN_POINT('',(34.290366834543,-9.18807609635849,-4.));
#5063=CARTESIAN_POINT('',(34.2970019606483,-9.16331300329876,-4.00000019918819));
#5064=CARTESIAN_POINT('',(34.310624200221,-9.11399643573839,-3.99940083690443));
#5065=CARTESIAN_POINT('',(34.3320987592674,-9.04065267314852,-3.99672363515732));
#5066=CARTESIAN_POINT('',(34.3545699568546,-8.96802836671862,-3.99229920037626));
#5067=CARTESIAN_POINT('',(34.378044897021,-8.89604202280134,-3.98614967656085));
#5068=CARTESIAN_POINT('',(34.402493943654,-8.82474528914641,-3.97829893382393));
#5069=CARTESIAN_POINT('',(34.4278362337572,-8.75431542403563,-3.96879681769498));
#5070=CARTESIAN_POINT('',(34.4539165087373,-8.68508909781564,-3.95773981377652));
#5071=CARTESIAN_POINT('',(34.4807238256403,-8.61698563693965,-3.94517679340768));
#5072=CARTESIAN_POINT('',(34.5081643970052,-8.55014327243007,-3.93119221582764));
#5073=CARTESIAN_POINT('',(34.5362048348645,-8.48454080763959,-3.91584464944189));
#5074=CARTESIAN_POINT('',(34.5646788027795,-8.42044918113377,-3.8992728524153));
#5075=CARTESIAN_POINT('',(34.5936126306079,-8.35769027802086,-3.88150946135366));
#5076=CARTESIAN_POINT('',(34.6229603840321,-8.2962624488656,-3.8626237546067));
#5077=CARTESIAN_POINT('',(34.6527642509955,-8.23599098535001,-3.84262385433746));
#5078=CARTESIAN_POINT('',(34.6829558435172,-8.17693314593661,-3.82158880859871));
#5079=CARTESIAN_POINT('',(34.7135844479437,-8.11892029891892,-3.79951398730531));
#5080=CARTESIAN_POINT('',(34.7446512308335,-8.06189183189571,-3.77642288000173));
#5081=CARTESIAN_POINT('',(34.7761969840091,-8.00572592918792,-3.75230506002939));
#5082=CARTESIAN_POINT('',(34.8081993005138,-7.95042094498085,-3.72719546330205));
#5083=CARTESIAN_POINT('',(34.8406625564957,-7.89593147587794,-3.70110703282767));
#5084=CARTESIAN_POINT('',(34.8735850260678,-7.8422266047951,-3.67405598081551));
#5085=CARTESIAN_POINT('',(34.9069734141525,-7.78926588119791,-3.64604997493842));
#5086=CARTESIAN_POINT('',(34.9408352477166,-7.73701173553242,-3.61709439741073));
#5087=CARTESIAN_POINT('',(34.9751549859232,-7.68546526118421,-3.58721319158826));
#5088=CARTESIAN_POINT('',(35.009943619607,-7.63458823916237,-3.55640699632196));
#5089=CARTESIAN_POINT('',(35.0451900901393,-7.58437787075388,-3.52469477617446));
#5090=CARTESIAN_POINT('',(35.0809132556069,-7.53479104432639,-3.49206771837069));
#5091=CARTESIAN_POINT('',(35.1170737141694,-7.48586659311065,-3.45856981795244));
#5092=CARTESIAN_POINT('',(35.15365909082,-7.43760435813948,-3.42422093051185));
#5093=CARTESIAN_POINT('',(35.1906170164984,-7.39005497050333,-3.389079171843));
#5094=CARTESIAN_POINT('',(35.2279300706091,-7.34322075494921,-3.35317063308366));
#5095=CARTESIAN_POINT('',(35.265558669059,-7.29713034522322,-3.31654325024346));
#5096=CARTESIAN_POINT('',(35.3034942976599,-7.25177308296846,-3.27921512567991));
#5097=CARTESIAN_POINT('',(35.341721824476,-7.20714637963818,-3.24121076965027));
#5098=CARTESIAN_POINT('',(35.3802482272079,-7.16322294711386,-3.20253226498883));
#5099=CARTESIAN_POINT('',(35.4190538041764,-7.12000756412873,-3.16320784308548));
#5100=CARTESIAN_POINT('',(35.4581251950859,-7.07749711864644,-3.12325956035731));
#5101=CARTESIAN_POINT('',(35.4974362321713,-7.03570185085191,-3.08272271951653));
#5102=CARTESIAN_POINT('',(35.5369476904382,-6.99464503546862,-3.04164633821766));
#5103=CARTESIAN_POINT('',(35.5634038498127,-6.96777166972246,-3.01392766280124));
#5104=CARTESIAN_POINT('',(35.5766476675002,-6.95446912155615,-3.));
#5105=CARTESIAN_POINT('',(35.5766476670393,-6.9544691224668,1.));
#5106=VECTOR('',#5107,1.);
#5107=DIRECTION('',(0.,0.,-1.));
#5108=CARTESIAN_POINT('',(36.1643518517739,-2.49041264474408,-3.));
#5109=CARTESIAN_POINT('',(36.1643518518519,-2.49041264361135,1.));
#5110=VECTOR('',#5111,1.);
#5111=DIRECTION('',(0.,0.,-1.));
#5112=AXIS2_PLACEMENT_3D('',#5113,#5114,#5115);
#5113=CARTESIAN_POINT('',(0.,0.,-3.));
#5114=DIRECTION('',(0.,0.,-1.));
#5115=DIRECTION('',(0.997637292462727,-0.0687010384756988,0.));
#5116=CARTESIAN_POINT('',(35.5,8.0452159689166E-8,-4.));
#5117=CARTESIAN_POINT('',(36.1643518520613,-2.49041264461025,-3.));
#5118=CARTESIAN_POINT('',(36.1493838414163,-2.46435455358289,-3.02229712425201));
#5119=CARTESIAN_POINT('',(36.1198296776329,-2.41181877153817,-3.06635346114325));
#5120=CARTESIAN_POINT('',(36.0765446863337,-2.33148703909748,-3.13096583361406));
#5121=CARTESIAN_POINT('',(36.0347023820493,-2.25031064932295,-3.19350733929958));
#5122=CARTESIAN_POINT('',(35.9944053250011,-2.16849580166838,-3.25381613461972));
#5123=CARTESIAN_POINT('',(35.9559338296291,-2.08666474630514,-3.31146357797249));
#5124=CARTESIAN_POINT('',(35.9192654307323,-2.00487157953625,-3.36647371132804));
#5125=CARTESIAN_POINT('',(35.8845473328011,-1.92358340854131,-3.41861617286305));
#5126=CARTESIAN_POINT('',(35.8515207863457,-1.84232922538504,-3.46827074569861));
#5127=CARTESIAN_POINT('',(35.8203527689497,-1.76164025558236,-3.51517842816823));
#5128=CARTESIAN_POINT('',(35.7910121489977,-1.68160545355075,-3.55937808212408));
#5129=CARTESIAN_POINT('',(35.763810842926,-1.60335279918572,-3.60039160673748));
#5130=CARTESIAN_POINT('',(35.7385076683929,-1.52653303464878,-3.63857474347303));
#5131=CARTESIAN_POINT('',(35.7152044416655,-1.45180142866949,-3.67376695846397));
#5132=CARTESIAN_POINT('',(35.6936678340975,-1.37877739394956,-3.706314378632));
#5133=CARTESIAN_POINT('',(35.6719314321124,-1.30080563751874,-3.73918517959618));
#5134=CARTESIAN_POINT('',(35.6483913827767,-1.21055978707443,-3.7748084543736));
#5135=CARTESIAN_POINT('',(35.6239022421288,-1.1080601902197,-3.81189784935288));
#5136=CARTESIAN_POINT('',(35.6023942247507,-1.00826069353757,-3.84449782614264));
#5137=CARTESIAN_POINT('',(35.5842965013989,-0.915621041443458,-3.87194550153333));
#5138=CARTESIAN_POINT('',(35.5673940467357,-0.820357906423329,-3.8975934696611));
#5139=CARTESIAN_POINT('',(35.5505758477513,-0.712665594270545,-3.92312782740804));
#5140=CARTESIAN_POINT('',(35.536152656284,-0.603354116984741,-3.94503784806592));
#5141=CARTESIAN_POINT('',(35.525946347086,-0.510802251589891,-3.96054824642621));
#5142=CARTESIAN_POINT('',(35.5189960047102,-0.437019646913482,-3.9711132269203));
#5143=CARTESIAN_POINT('',(35.5133643361556,-0.367664025407313,-3.97967527955452));
#5144=CARTESIAN_POINT('',(35.5084404240058,-0.293975540718413,-3.98716261259268));
#5145=CARTESIAN_POINT('',(35.5044512007175,-0.215652909593914,-3.99322955494499));
#5146=CARTESIAN_POINT('',(35.5020143159049,-0.146731439352518,-3.99693604571962));
#5147=CARTESIAN_POINT('',(35.5007057248055,-0.088595741100341,-3.99892651003578));
#5148=CARTESIAN_POINT('',(35.5001179742354,-0.0425294963387647,-3.99982054499448));
#5149=CARTESIAN_POINT('',(35.4999999839378,-0.013580193715742,-4.00000002597482));
#5150=CARTESIAN_POINT('',(35.5,-4.29618918991681E-9,-4.));
#5151=CARTESIAN_POINT('',(36.1643518517739,2.49041264474407,-3.));
#5152=CARTESIAN_POINT('',(35.5,1.6572052229717E-7,-4.));
#5153=CARTESIAN_POINT('',(35.4999998812448,0.0256368011247823,-4.00000019663479));
#5154=CARTESIAN_POINT('',(35.500393888294,0.0767985789396854,-3.9994008328945));
#5155=CARTESIAN_POINT('',(35.502153952659,0.153201029643741,-3.99672363757911));
#5156=CARTESIAN_POINT('',(35.5050629032432,0.229166618878359,-3.99229921172768));
#5157=CARTESIAN_POINT('',(35.5091065149039,0.304775849577549,-3.98614969174812));
#5158=CARTESIAN_POINT('',(35.5142695280164,0.37997111874705,-3.97829894890967));
#5159=CARTESIAN_POINT('',(35.520519711448,0.454560247584999,-3.96879683071281));
#5160=CARTESIAN_POINT('',(35.5277942332722,0.528177850310259,-3.95773982327673));
#5161=CARTESIAN_POINT('',(35.5360616430441,0.60089901567259,-3.94517679872137));
#5162=CARTESIAN_POINT('',(35.5452671252162,0.672565945871621,-3.93119221725516));
#5163=CARTESIAN_POINT('',(35.555372943112,0.743190474414916,-3.91584464771009));
#5164=CARTESIAN_POINT('',(35.5662885517363,0.812467843370215,-3.89927284884815));
#5165=CARTESIAN_POINT('',(35.577993284469,0.880576916252127,-3.88150945694556));
#5166=CARTESIAN_POINT('',(35.5904423452533,0.947507398616793,-3.86262375036279));
#5167=CARTESIAN_POINT('',(35.6036312669714,1.01343896692078,-3.84262385080971));
#5168=CARTESIAN_POINT('',(35.6175088115717,1.078298614302,-3.82158880620972));
#5169=CARTESIAN_POINT('',(35.6320789411126,1.14226198370407,-3.79951398617319));
#5170=CARTESIAN_POINT('',(35.6473270948806,1.20538792459969,-3.77642288006064));
#5171=CARTESIAN_POINT('',(35.663261146679,1.26780466004932,-3.7523050609924));
#5172=CARTESIAN_POINT('',(35.6798590271729,1.3295079806055,-3.72719546474408));
#5173=CARTESIAN_POINT('',(35.6971132120606,1.39054287478565,-3.70110703443414));
#5174=CARTESIAN_POINT('',(35.7150140323291,1.45093875938324,-3.67405598227807));
#5175=CARTESIAN_POINT('',(35.7335574949753,1.51073644159951,-3.6460499760884));
#5176=CARTESIAN_POINT('',(35.7527411467381,1.56997415880763,-3.61709439813527));
#5177=CARTESIAN_POINT('',(35.7725502592444,1.62864683240439,-3.58721319187463));
#5178=CARTESIAN_POINT('',(35.792985556986,1.68679422364043,-3.55640699621266));
#5179=CARTESIAN_POINT('',(35.8140356337443,1.74441617358265,-3.52469477577711));
#5180=CARTESIAN_POINT('',(35.835707546896,1.80155920566523,-3.49206771783014));
#5181=CARTESIAN_POINT('',(35.857973287993,1.8581756120197,-3.45856981737178));
#5182=CARTESIAN_POINT('',(35.8808208625566,1.9142623433365,-3.42422092998874));
#5183=CARTESIAN_POINT('',(35.9042127902802,1.96975693971492,-3.38907917142855));
#5184=CARTESIAN_POINT('',(35.9281328458613,2.0246526468739,-3.35317063281095));
#5185=CARTESIAN_POINT('',(35.9525502049814,2.07891156166913,-3.31654325011506));
#5186=CARTESIAN_POINT('',(35.9774538849914,2.13254177567132,-3.27921512568172));
#5187=CARTESIAN_POINT('',(36.002828599611,2.18554187281389,-3.24121076974974));
#5188=CARTESIAN_POINT('',(36.0286740261038,2.23794001736655,-3.20253226514259));
#5189=CARTESIAN_POINT('',(36.0549723709286,2.28972649423728,-3.16320784326186));
#5190=CARTESIAN_POINT('',(36.0817099235794,2.34090085152509,-3.12325956052028));
#5191=CARTESIAN_POINT('',(36.1088640582826,2.39144642523592,-3.08272271964266));
#5192=CARTESIAN_POINT('',(36.1364029105443,2.44133058153471,-3.04164633828417));
#5193=CARTESIAN_POINT('',(36.1550022593159,2.47413561750525,-3.01392766282552));
#5194=CARTESIAN_POINT('',(36.1643518520613,2.49041264461027,-3.));
#5195=CARTESIAN_POINT('',(36.1643518518518,2.4904126436114,1.));
#5196=VECTOR('',#5197,1.);
#5197=DIRECTION('',(0.,0.,-1.));
#5198=CARTESIAN_POINT('',(35.5766476672572,6.95446912135252,-3.));
#5199=CARTESIAN_POINT('',(35.5766476670393,6.95446912246686,1.));
#5200=VECTOR('',#5201,1.);
#5201=DIRECTION('',(0.,0.,-1.));
#5202=AXIS2_PLACEMENT_3D('',#5203,#5204,#5205);
#5203=CARTESIAN_POINT('',(0.,0.,-3.));
#5204=DIRECTION('',(0.,0.,-1.));
#5205=DIRECTION('',(0.98142476323468,0.191847424037311,0.));
#5206=CARTESIAN_POINT('',(34.2903666105487,9.18807693231694,-4.));
#5207=CARTESIAN_POINT('',(35.5766476675002,6.95446912155619,-3.));
#5208=CARTESIAN_POINT('',(35.5554453500142,6.97576529763578,-3.02229712340974));
#5209=CARTESIAN_POINT('',(35.5133009604258,7.01886178438281,-3.06635345881826));
#5210=CARTESIAN_POINT('',(35.4506994892049,7.08525329699957,-3.13096582922204));
#5211=CARTESIAN_POINT('',(35.3892729325807,7.15283408137602,-3.19350733355442));
#5212=CARTESIAN_POINT('',(35.3291737244357,7.22143150878021,-3.25381612824007));
#5213=CARTESIAN_POINT('',(35.2708336775525,7.29051708294435,-3.31146357201036));
#5214=CARTESIAN_POINT('',(35.2142450935146,7.36003273638248,-3.36647370664344));
#5215=CARTESIAN_POINT('',(35.1596710568414,7.42956537809242,-3.41861617058579));
#5216=CARTESIAN_POINT('',(35.1067397291895,7.49950299729677,-3.46827074661381));
#5217=CARTESIAN_POINT('',(35.0557498902986,7.56937568599469,-3.51517843254667));
#5218=CARTESIAN_POINT('',(35.0066944928282,7.63908946287384,-3.55937808985428));
#5219=CARTESIAN_POINT('',(34.9601667683179,7.70763551188658,-3.60039161706958));
#5220=CARTESIAN_POINT('',(34.9158433584023,7.7752887667892,-3.63857475529567));
#5221=CARTESIAN_POINT('',(34.8739922070842,7.84144263677488,-3.67376696988969));
#5222=CARTESIAN_POINT('',(34.8342894329399,7.90640435071947,-3.70631438792215));
#5223=CARTESIAN_POINT('',(34.7931131123516,7.97609347793814,-3.73918518305724));
#5224=CARTESIAN_POINT('',(34.7470178367048,8.05717164355676,-3.77480844947726));
#5225=CARTESIAN_POINT('',(34.6968343053882,8.14984037604034,-3.8118978375627));
#5226=CARTESIAN_POINT('',(34.6502291532645,8.24067258560674,-3.84449780972171));
#5227=CARTESIAN_POINT('',(34.6087711847471,8.32547158780104,-3.87194548869787));
#5228=CARTESIAN_POINT('',(34.567788731204,8.41311407912202,-3.89759347157687));
#5229=CARTESIAN_POINT('',(34.5236707447502,8.51278406986201,-3.92312784710395));
#5230=CARTESIAN_POINT('',(34.4814470997048,8.61463790682428,-3.94503787527768));
#5231=CARTESIAN_POINT('',(34.4476343661796,8.70139459265807,-3.9605482748451));
#5232=CARTESIAN_POINT('',(34.421824517547,8.77086421721287,-3.97111324789755));
#5233=CARTESIAN_POINT('',(34.3984342387224,8.83639888241486,-3.97967527982343));
#5234=CARTESIAN_POINT('',(34.3746061813185,8.90630191294063,-3.9871625950327));
#5235=CARTESIAN_POINT('',(34.3504815259173,8.98092317653519,-3.9932295377256));
#5236=CARTESIAN_POINT('',(34.3302893897927,9.04686580298694,-3.99693604880209));
#5237=CARTESIAN_POINT('',(34.3139786522833,9.1026822584722,-3.99892652802104));
#5238=CARTESIAN_POINT('',(34.301487846785,9.14702768910576,-3.99982056152067));
#5239=CARTESIAN_POINT('',(34.2938814162541,9.17495942044107,-4.00000003240964));
#5240=CARTESIAN_POINT('',(34.2903668341687,9.18807609775522,-4.));
#5241=CARTESIAN_POINT('',(34.2875152220093,11.7655769047029,-3.));
#5242=CARTESIAN_POINT('',(34.2903663865889,9.18807776814642,-4.));
#5243=CARTESIAN_POINT('',(34.2837311232552,9.21284048004648,-4.00000018448766));
#5244=CARTESIAN_POINT('',(34.2708702606453,9.26236021667585,-3.99940081381891));
#5245=CARTESIAN_POINT('',(34.252796134067,9.33661406414833,-3.99672364910306));
#5246=CARTESIAN_POINT('',(34.2359447045276,9.41074366942528,-3.99229926573555));
#5247=CARTESIAN_POINT('',(34.2202814092267,9.48482315264302,-3.98614976400929));
#5248=CARTESIAN_POINT('',(34.2058064886183,9.55879264379504,-3.97829902069458));
#5249=CARTESIAN_POINT('',(34.1925385769688,9.63245804350922,-3.96879689266805));
#5250=CARTESIAN_POINT('',(34.1805115560394,9.70545013317983,-3.9577398685067));
#5251=CARTESIAN_POINT('',(34.1696756144171,9.77783328691284,-3.94517682404491));
#5252=CARTESIAN_POINT('',(34.1600186461717,9.84944088192711,-3.9311922241018));
#5253=CARTESIAN_POINT('',(34.151501135729,9.92027458386952,-3.91584463953805));
#5254=CARTESIAN_POINT('',(34.1441144991085,9.99001658235879,-3.89927283195615));
#5255=CARTESIAN_POINT('',(34.1377924778146,10.0588343117568,-3.88150943606384));
#5256=CARTESIAN_POINT('',(34.1324944653085,10.1267062389081,-3.86262373027448));
#5257=CARTESIAN_POINT('',(34.1281696417419,10.1938047719507,-3.84262383413423));
#5258=CARTESIAN_POINT('',(34.1247874100573,10.2600461335166,-3.82158879497969));
#5259=CARTESIAN_POINT('',(34.1223061373703,10.3256010118164,-3.79951398086707));
#5260=CARTESIAN_POINT('',(34.1206965274316,10.3905224849099,-3.77642288067256));
#5261=CARTESIAN_POINT('',(34.1200788069511,10.44263566925,-3.75691071055007));
#5262=CARTESIAN_POINT('',(34.1199626545336,10.4853387926382,-3.74035780058654));
#5263=CARTESIAN_POINT('',(34.1201189088017,10.5278495065668,-3.7234865456318));
#5264=CARTESIAN_POINT('',(34.120864595966,10.5822540112946,-3.70110704240118));
#5265=CARTESIAN_POINT('',(34.1225238553877,10.6452250315007,-3.67405598936387));
#5266=CARTESIAN_POINT('',(34.1249586857806,10.7077845623259,-3.64604998174649));
#5267=CARTESIAN_POINT('',(34.128156821189,10.7699689024148,-3.61709440175825));
#5268=CARTESIAN_POINT('',(34.1321053494207,10.8317693332209,-3.58721319341939));
#5269=CARTESIAN_POINT('',(34.1367946792819,10.8932244481749,-3.55640699587515));
#5270=CARTESIAN_POINT('',(34.1422138342642,10.9543311411087,-3.52469477406918));
#5271=CARTESIAN_POINT('',(34.1483575900514,11.0151361765923,-3.49206771543886));
#5272=CARTESIAN_POINT('',(34.1552112402704,11.0755862237308,-3.45856981478579));
#5273=CARTESIAN_POINT('',(34.1627639883459,11.1356752328482,-3.42422092767094));
#5274=CARTESIAN_POINT('',(34.1709957969281,11.1953331721348,-3.38907916962009));
#5275=CARTESIAN_POINT('',(34.1798927417277,11.2545493182105,-3.35317063166737));
#5276=CARTESIAN_POINT('',(34.1894348588298,11.3132790817718,-3.31654324964659));
#5277=CARTESIAN_POINT('',(34.1996094455803,11.3715274362746,-3.27921512582002));
#5278=CARTESIAN_POINT('',(34.2104021031005,11.429289057641,-3.24121077033828));
#5279=CARTESIAN_POINT('',(34.2218052302235,11.4865910669891,-3.20253226597344));
#5280=CARTESIAN_POINT('',(34.2338041541486,11.5434194748492,-3.1632078441828));
#5281=CARTESIAN_POINT('',(34.246385748516,11.5997702961902,-3.1232595613586));
#5282=CARTESIAN_POINT('',(34.2595324714506,11.6556215787506,-3.08272272028563));
#5283=CARTESIAN_POINT('',(34.2732219904747,11.710933553514,-3.04164633862229));
#5284=CARTESIAN_POINT('',(34.2826970137935,11.7474346509656,-3.01392766294825));
#5285=CARTESIAN_POINT('',(34.2875152223216,11.765576904648,-3.));
#5286=CARTESIAN_POINT('',(34.2875152223779,11.7655769036289,1.));
#5287=VECTOR('',#5288,1.);
#5288=DIRECTION('',(0.,0.,-1.));
#5289=CARTESIAN_POINT('',(32.564453737407,15.9254153096326,-3.));
#5290=CARTESIAN_POINT('',(32.5644537369082,15.9254153106524,1.));
#5291=VECTOR('',#5292,1.);
#5292=DIRECTION('',(0.,0.,-1.));
#5293=AXIS2_PLACEMENT_3D('',#5294,#5295,#5296);
#5294=CARTESIAN_POINT('',(0.,0.,-3.));
#5295=DIRECTION('',(0.,0.,-1.));
#5296=DIRECTION('',(0.898329758273296,0.439321801645037,0.));
#5297=CARTESIAN_POINT('',(30.7439017733232,17.7500001056974,-4.));
#5298=CARTESIAN_POINT('',(32.564453737589,15.9254153098922,-3.));
#5299=CARTESIAN_POINT('',(32.538462014665,15.9404982733431,-3.02229712420711));
#5300=CARTESIAN_POINT('',(32.4865994671126,15.971218513253,-3.06635346101929));
#5301=CARTESIAN_POINT('',(32.4089476989618,16.0191453385367,-3.13096583337989));
#5302=CARTESIAN_POINT('',(32.3321230057077,16.0685250020559,-3.19350733899326));
#5303=CARTESIAN_POINT('',(32.2563173068315,16.1192302099611,-3.25381613427955));
#5304=CARTESIAN_POINT('',(32.1820844868185,16.1708622350385,-3.31146357765461));
#5305=CARTESIAN_POINT('',(32.1094321383936,16.2233629959145,-3.36647371107827));
#5306=CARTESIAN_POINT('',(32.0387212979503,16.2764015681748,-3.41861617274167));
#5307=CARTESIAN_POINT('',(31.9694923779073,16.330256481905,-3.46827074574746));
#5308=CARTESIAN_POINT('',(31.9021555978846,16.3845511710851,-3.51517842840175));
#5309=CARTESIAN_POINT('',(31.8367284743481,16.4391930331025,-3.55937808253633));
#5310=CARTESIAN_POINT('',(31.7740451248548,16.4933611668867,-3.60039160728848));
#5311=CARTESIAN_POINT('',(31.713722050486,16.5472374473914,-3.6385747441035));
#5312=CARTESIAN_POINT('',(31.6561750611575,16.6003053033048,-3.67376695907331));
#5313=CARTESIAN_POINT('',(31.6010117946886,16.6527776685555,-3.70631437912744));
#5314=CARTESIAN_POINT('',(31.543201640683,16.7094349889278,-3.73918517978081));
#5315=CARTESIAN_POINT('',(31.4776924355475,16.7758201625038,-3.77480845411254));
#5316=CARTESIAN_POINT('',(31.4052344199775,16.8523428460757,-3.81189784872422));
#5317=CARTESIAN_POINT('',(31.3367081828395,16.9280177360191,-3.84449782526701));
#5318=CARTESIAN_POINT('',(31.2747152683499,16.9991971666679,-3.87194550084893));
#5319=CARTESIAN_POINT('',(31.2124457439244,17.0732462363724,-3.89759346976328));
#5320=CARTESIAN_POINT('',(31.1440345975778,17.1581014184316,-3.92312782845838));
#5321=CARTESIAN_POINT('',(31.0768880069504,17.2455563414918,-3.94503784951703));
#5322=CARTESIAN_POINT('',(31.0217731501735,17.3206054552013,-3.96054824794167));
#5323=CARTESIAN_POINT('',(30.9788626755271,17.3810278932367,-3.97111322803895));
#5324=CARTESIAN_POINT('',(30.939307701268,17.4382757826892,-3.97967527956885));
#5325=CARTESIAN_POINT('',(30.8981992314475,17.4996299179904,-3.98716261165629));
#5326=CARTESIAN_POINT('',(30.8555831499634,17.5654646897396,-3.99322955402678));
#5327=CARTESIAN_POINT('',(30.8190120014241,17.6239340060521,-3.99693604588399));
#5328=CARTESIAN_POINT('',(30.7888108683396,17.6736267197569,-3.99892651099486));
#5329=CARTESIAN_POINT('',(30.7652687122815,17.7132274291313,-3.99982054587574));
#5330=CARTESIAN_POINT('',(30.7506918952438,17.7382392369656,-4.00000002631796));
#5331=CARTESIAN_POINT('',(30.7439018359739,17.7499999971831,-4.));
#5332=CARTESIAN_POINT('',(30.0740410926629,20.2389365421413,-3.));
#5333=CARTESIAN_POINT('',(30.7439017098908,17.7500002155654,-4.));
#5334=CARTESIAN_POINT('',(30.7310832993092,17.7722021173063,-4.00000019598703));
#5335=CARTESIAN_POINT('',(30.7058436506995,17.8167064856477,-3.99940083187726));
#5336=CARTESIAN_POINT('',(30.6691667065623,17.8837529429444,-3.99672363819361));
#5337=CARTESIAN_POINT('',(30.6337031469069,17.9509955282739,-3.99229921460767));
#5338=CARTESIAN_POINT('',(30.5994004010381,18.0184968489986,-3.98614969560143));
#5339=CARTESIAN_POINT('',(30.5662740627749,18.0861993761965,-3.9782989527376));
#5340=CARTESIAN_POINT('',(30.5343923117123,18.1539205564231,-3.96879683401656));
#5341=CARTESIAN_POINT('',(30.5038834271883,18.2213125393221,-3.95773982568859));
#5342=CARTESIAN_POINT('',(30.4746826282574,18.2884246276319,-3.94517680007172));
#5343=CARTESIAN_POINT('',(30.4468213424022,18.3550927559386,-3.93119221762021));
#5344=CARTESIAN_POINT('',(30.4202609718125,18.4213083041141,-3.91584464727429));
#5345=CARTESIAN_POINT('',(30.3950754811455,18.4867620714245,-3.89927284794732));
#5346=CARTESIAN_POINT('',(30.3711575404835,18.5515986256098,-3.88150945583201));
#5347=CARTESIAN_POINT('',(30.3484735023967,18.6157866536103,-3.86262374929147));
#5348=CARTESIAN_POINT('',(30.3269296598139,18.6794795267505,-3.84262384992063));
#5349=CARTESIAN_POINT('',(30.3065181426443,18.7425884003669,-3.8215888056101));
#5350=CARTESIAN_POINT('',(30.2871545605796,18.8052673669801,-3.79951398589293));
#5351=CARTESIAN_POINT('',(30.2687968789036,18.8675601114884,-3.77642288008302));
#5352=CARTESIAN_POINT('',(30.2513878049749,18.9295816153386,-3.75230506124461));
#5353=CARTESIAN_POINT('',(30.2349103309118,18.9913171984227,-3.72719546511825));
#5354=CARTESIAN_POINT('',(30.2193354462574,19.0528020596856,-3.70110703485039));
#5355=CARTESIAN_POINT('',(30.2046400690188,19.1140568402838,-3.67405598265817));
#5356=CARTESIAN_POINT('',(30.1908003375808,19.1751148836943,-3.64604997638945));
#5357=CARTESIAN_POINT('',(30.1777950086816,19.236008077785,-3.61709439832858));
#5358=CARTESIAN_POINT('',(30.1656138664895,19.2967246601156,-3.58721319195689));
#5359=CARTESIAN_POINT('',(30.1542376578118,19.3572994271591,-3.55640699619461));
#5360=CARTESIAN_POINT('',(30.143656584043,19.4177265381391,-3.52469477568596));
#5361=CARTESIAN_POINT('',(30.1338534953325,19.4780498122085,-3.49206771770256));
#5362=CARTESIAN_POINT('',(30.1248279895809,19.5382139289424,-3.4585698172338));
#5363=CARTESIAN_POINT('',(30.1165712039167,19.5982102503283,-3.42422092986507));
#5364=CARTESIAN_POINT('',(30.1090819093884,19.6579659443753,-3.38907917133202));
#5365=CARTESIAN_POINT('',(30.1023494316107,19.7174670490622,-3.35317063274991));
#5366=CARTESIAN_POINT('',(30.0963660275113,19.7766653271569,-3.31654325009));
#5367=CARTESIAN_POINT('',(30.0911181400513,19.8355622948469,-3.27921512568903));
#5368=CARTESIAN_POINT('',(30.0865932389567,19.894149082649,-3.24121076978108));
#5369=CARTESIAN_POINT('',(30.0827769625952,19.952449920171,-3.20253226518686));
#5370=CARTESIAN_POINT('',(30.079658758855,20.0104474971205,-3.16320784331093));
#5371=CARTESIAN_POINT('',(30.0772269800406,20.0681345668873,-3.12325956056495));
#5372=CARTESIAN_POINT('',(30.0754703636547,20.1254853851372,-3.08272271967693));
#5373=CARTESIAN_POINT('',(30.0743776311542,20.1824557578925,-3.04164633830218));
#5374=CARTESIAN_POINT('',(30.0740826216987,20.2201654268165,-3.01392766283205));
#5375=CARTESIAN_POINT('',(30.0740410929788,20.2389365421691,-3.));
#5376=CARTESIAN_POINT('',(30.0740410932968,20.2389365411994,1.));
#5377=VECTOR('',#5378,1.);
#5378=DIRECTION('',(0.,0.,-1.));
#5379=CARTESIAN_POINT('',(27.3330461006568,23.8110707625543,-3.));
#5380=CARTESIAN_POINT('',(27.333046099911,23.8110707634104,1.));
#5381=VECTOR('',#5382,1.);
#5382=DIRECTION('',(0.,0.,-1.));
#5383=AXIS2_PLACEMENT_3D('',#5384,#5385,#5386);
#5384=CARTESIAN_POINT('',(0.,0.,-3.));
#5385=DIRECTION('',(0.,0.,-1.));
#5386=DIRECTION('',(0.754015064845706,0.656857124484257,0.));
#5387=CARTESIAN_POINT('',(25.102290735528,25.1022907287169,-4.));
#5388=CARTESIAN_POINT('',(27.3330461007655,23.8110707628522,-3.));
#5389=CARTESIAN_POINT('',(27.3040362658916,23.818912633942,-3.02229712438695));
#5390=CARTESIAN_POINT('',(27.2459899082124,23.835163092149,-3.06635346151572));
#5391=CARTESIAN_POINT('',(27.1585796841194,23.8613590941865,-3.13096583431769));
#5392=CARTESIAN_POINT('',(27.0715923310027,23.8891724928991,-3.19350734021998));
#5393=CARTESIAN_POINT('',(26.9852461749355,23.9185300042703,-3.25381613564174));
#5394=CARTESIAN_POINT('',(26.9001794255681,23.9491898431821,-3.31146357892762));
#5395=CARTESIAN_POINT('',(26.8164144494431,23.9810978724706,-3.36647371207847));
#5396=CARTESIAN_POINT('',(26.7343856305995,24.0140278867241,-3.41861617322782));
#5397=CARTESIAN_POINT('',(26.6535769525551,24.048129975334,-3.4682707455519));
#5398=CARTESIAN_POINT('',(26.5744821193438,24.0831465761526,-3.51517842746666));
#5399=CARTESIAN_POINT('',(26.4971420177673,24.1189927755678,-3.55937808088552));
#5400=CARTESIAN_POINT('',(26.4225748081023,24.1550915296618,-3.60039160508207));
#5401=CARTESIAN_POINT('',(26.3503629859622,24.1915192594284,-3.63857474157883));
#5402=CARTESIAN_POINT('',(26.2810418909969,24.2278846150479,-3.67376695663336));
#5403=CARTESIAN_POINT('',(26.2141774190549,24.2642917241584,-3.70631437714351));
#5404=CARTESIAN_POINT('',(26.1436731022277,24.3040561256268,-3.7391851790416));
#5405=CARTESIAN_POINT('',(26.0632143178742,24.3512242516998,-3.77480845515795));
#5406=CARTESIAN_POINT('',(25.9734197175345,24.4063859761741,-3.8118978512417));
#5407=CARTESIAN_POINT('',(25.8876423492774,24.4617464138647,-3.84449782877333));
#5408=CARTESIAN_POINT('',(25.8093392011162,24.5144555167508,-3.87194550358964));
#5409=CARTESIAN_POINT('',(25.7300261588374,24.569864880611,-3.89759346935412));
#5410=CARTESIAN_POINT('',(25.6419839426012,24.634122574401,-3.92312782425252));
#5411=CARTESIAN_POINT('',(25.5544903263677,24.7012187187679,-3.94503784370631));
#5412=CARTESIAN_POINT('',(25.4818293286278,24.7594458157967,-3.9605482418732));
#5413=CARTESIAN_POINT('',(25.4247425114931,24.8067033633702,-3.97111322355956));
#5414=CARTESIAN_POINT('',(25.3717184721167,24.8517630176114,-3.97967527951141));
#5415=CARTESIAN_POINT('',(25.3161310905236,24.900386933206,-3.987162615406));
#5416=CARTESIAN_POINT('',(25.257927808889,24.9529486012141,-3.99322955770373));
#5417=CARTESIAN_POINT('',(25.2074698682804,24.9999602692954,-3.99693604522575));
#5418=CARTESIAN_POINT('',(25.1654364586055,25.0401430539096,-3.99892650715439));
#5419=CARTESIAN_POINT('',(25.1324472005956,25.0723011068746,-3.99982054234677));
#5420=CARTESIAN_POINT('',(25.1118934833093,25.0926879591787,-4.00000002494386));
#5421=CARTESIAN_POINT('',(25.1022907916754,25.1022906725694,-4.));
#5422=CARTESIAN_POINT('',(23.8110707625543,27.3330461006568,-3.));
#5423=CARTESIAN_POINT('',(25.1022907286329,25.102290735612,-4.));
#5424=CARTESIAN_POINT('',(25.0841628030572,25.1204184914333,-4.00000019858086));
#5425=CARTESIAN_POINT('',(25.0482645181408,25.1568739854302,-3.99940083595056));
#5426=CARTESIAN_POINT('',(24.9954842765188,25.2121433385056,-3.99672363573283));
#5427=CARTESIAN_POINT('',(24.9438253914959,25.2679161072261,-3.9922992030751));
#5428=CARTESIAN_POINT('',(24.8932208589643,25.3242391729299,-3.9861496801712));
#5429=CARTESIAN_POINT('',(24.8437005939194,25.3810610410721,-3.97829893740909));
#5430=CARTESIAN_POINT('',(24.7953776808254,25.4382230468796,-3.96879682078702));
#5431=CARTESIAN_POINT('',(24.7484660557735,25.495422396864,-3.95773981603047));
#5432=CARTESIAN_POINT('',(24.7028903825257,25.5526899501701,-3.94517679466431));
#5433=CARTESIAN_POINT('',(24.6587234792968,25.60987536838,-3.93119221615827));
#5434=CARTESIAN_POINT('',(24.6159302951301,25.666960335033,-3.91584464901932));
#5435=CARTESIAN_POINT('',(24.5746623014762,25.7236653291429,-3.89927285155441));
#5436=CARTESIAN_POINT('',(24.5347784107629,25.7801022110341,-3.88150946029095));
#5437=CARTESIAN_POINT('',(24.4962542272089,25.836232025305,-3.86262375358129));
#5438=CARTESIAN_POINT('',(24.4589595426351,25.892178662355,-3.84262385348066));
#5439=CARTESIAN_POINT('',(24.4229097502344,25.9478542673523,-3.8215888080111));
#5440=CARTESIAN_POINT('',(24.3879834537075,26.0033858395765,-3.79951398701504));
#5441=CARTESIAN_POINT('',(24.3541287443973,26.0588046955956,-3.77642287999323));
#5442=CARTESIAN_POINT('',(24.3212605226914,26.1142070701038,-3.75230506023447));
#5443=CARTESIAN_POINT('',(24.2893661597816,26.1695743810577,-3.72719546361979));
#5444=CARTESIAN_POINT('',(24.2584085233069,26.2249331199273,-3.70110703318335));
#5445=CARTESIAN_POINT('',(24.2283599753636,26.2802972505708,-3.674055981136));
#5446=CARTESIAN_POINT('',(24.1991888372703,26.3356928048099,-3.64604997518377));
#5447=CARTESIAN_POINT('',(24.1708663363416,26.3911450859345,-3.61709439755434));
#5448=CARTESIAN_POINT('',(24.1433856490828,26.4466400884459,-3.58721319162729));
#5449=CARTESIAN_POINT('',(24.1167191723043,26.502206440159,-3.5564069962667));
#5450=CARTESIAN_POINT('',(24.0908589529444,26.5578359633532,-3.52469477605074));
#5451=CARTESIAN_POINT('',(24.0657770842798,26.6135665454163,-3.49206771821326));
#5452=CARTESIAN_POINT('',(24.0414874959428,26.6693446467596,-3.45856981778607));
#5453=CARTESIAN_POINT('',(24.0179838627561,26.7251596298015,-3.42422093036008));
#5454=CARTESIAN_POINT('',(23.9952838479907,26.7809408260802,-3.38907917171827));
#5455=CARTESIAN_POINT('',(23.9733807546351,26.8366719865515,-3.35317063299418));
#5456=CARTESIAN_POINT('',(23.9522795881897,26.8923045135239,-3.3165432501901));
#5457=CARTESIAN_POINT('',(23.9319668611504,26.947836362678,-3.27921512565957));
#5458=CARTESIAN_POINT('',(23.9124327658005,27.0032557236524,-3.24121076965545));
#5459=CARTESIAN_POINT('',(23.893657158786,27.0585822833751,-3.20253226500949));
#5460=CARTESIAN_POINT('',(23.8756343277739,27.1137965903201,-3.16320784311432));
#5461=CARTESIAN_POINT('',(23.858354897514,27.1688886301511,-3.12325956038598));
#5462=CARTESIAN_POINT('',(23.8418146523857,27.2238306208215,-3.08272271953966));
#5463=CARTESIAN_POINT('',(23.8260141363941,27.2785769551277,-3.04164633822998));
#5464=CARTESIAN_POINT('',(23.8159691986572,27.3149253441159,-3.01392766280584));
#5465=CARTESIAN_POINT('',(23.8110707628522,27.3330461007655,-3.));
#5466=CARTESIAN_POINT('',(23.8110707634104,27.333046099911,1.));
#5467=VECTOR('',#5468,1.);
#5468=DIRECTION('',(0.,0.,-1.));
#5469=CARTESIAN_POINT('',(20.2389365421413,30.0740410926629,-3.));
#5470=CARTESIAN_POINT('',(20.2389365411994,30.0740410932968,1.));
#5471=VECTOR('',#5472,1.);
#5472=DIRECTION('',(0.,0.,-1.));
#5473=AXIS2_PLACEMENT_3D('',#5474,#5475,#5476);
#5474=CARTESIAN_POINT('',(0.,0.,-3.));
#5475=DIRECTION('',(0.,0.,-1.));
#5476=DIRECTION('',(0.558315490817691,0.829628719797598,0.));
#5477=CARTESIAN_POINT('',(17.7500000041708,30.7439018319396,-4.));
#5478=CARTESIAN_POINT('',(20.2389365421691,30.0740410929788,-3.));
#5479=CARTESIAN_POINT('',(20.2088855679245,30.0741074610301,-3.02229712433973));
#5480=CARTESIAN_POINT('',(20.1486111639599,30.0747806954327,-3.06635346138538));
#5481=CARTESIAN_POINT('',(20.0573993469664,30.0774606596042,-3.13096583407147));
#5482=CARTESIAN_POINT('',(19.9661773788597,30.081812356054,-3.19350733989788));
#5483=CARTESIAN_POINT('',(19.875175113726,30.0878215048069,-3.25381613528402));
#5484=CARTESIAN_POINT('',(19.7850715933074,30.0954197401915,-3.31146357859325));
#5485=CARTESIAN_POINT('',(19.6959024337614,30.104560558614,-3.36647371181561));
#5486=CARTESIAN_POINT('',(19.6081457640832,30.1151378892965,-3.41861617309978));
#5487=CARTESIAN_POINT('',(19.521264304653,30.1271631525688,-3.46827074560268));
#5488=CARTESIAN_POINT('',(19.4358015989777,30.1405153425054,-3.51517842771143));
#5489=CARTESIAN_POINT('',(19.3518191179699,30.1551230211347,-3.55937808131804));
#5490=CARTESIAN_POINT('',(19.270449678962,30.1706923260912,-3.60039160566034));
#5491=CARTESIAN_POINT('',(19.1912702245272,30.1871890162854,-3.63857474224059));
#5492=CARTESIAN_POINT('',(19.1148991419573,30.204373632885,-3.67376695727289));
#5493=CARTESIAN_POINT('',(19.0408901686375,30.2222344010293,-3.70631437766342));
#5494=CARTESIAN_POINT('',(18.9624964444547,30.2423960032503,-3.73918517923495));
#5495=CARTESIAN_POINT('',(18.8725712185246,30.2671326483422,-3.77480845488312));
#5496=CARTESIAN_POINT('',(18.7715593912967,30.2971742295459,-3.81189785058069));
#5497=CARTESIAN_POINT('',(18.674376481356,30.3284474891481,-3.84449782785292));
#5498=CARTESIAN_POINT('',(18.585099328233,30.3590942269235,-3.87194550287013));
#5499=CARTESIAN_POINT('',(18.4941478109766,30.3920878375651,-3.89759346946108));
#5500=CARTESIAN_POINT('',(18.3924744412982,30.4313690029048,-3.92312782535563));
#5501=CARTESIAN_POINT('',(18.2905963347854,30.4735338887663,-3.94503784523054));
#5502=CARTESIAN_POINT('',(18.2053409170074,30.5109708965391,-3.96054824346512));
#5503=CARTESIAN_POINT('',(18.1379681337707,30.5418430264041,-3.97111322473458));
#5504=CARTESIAN_POINT('',(18.0750885554682,30.5716436755128,-3.97967527952638));
#5505=CARTESIAN_POINT('',(18.0088104821964,30.6042236935368,-3.98716261442216));
#5506=CARTESIAN_POINT('',(17.9389864728187,30.6399302458953,-3.99322955673901));
#5507=CARTESIAN_POINT('',(17.8780803163844,30.6722805611089,-3.99693604539843));
#5508=CARTESIAN_POINT('',(17.8270790646251,30.7002151178727,-3.99892650816196));
#5509=CARTESIAN_POINT('',(17.7868907425129,30.7227391804474,-3.99982054327263));
#5510=CARTESIAN_POINT('',(17.761760857794,30.7371116818962,-4.00000002530437));
#5511=CARTESIAN_POINT('',(17.7500000027807,30.7439018327421,-4.));
#5512=CARTESIAN_POINT('',(15.9254153096325,32.564453737407,-3.));
#5513=CARTESIAN_POINT('',(17.7499999957405,30.7439018368068,-4.));
#5514=CARTESIAN_POINT('',(17.7277979268704,30.7567200691582,-4.00000019790035));
#5515=CARTESIAN_POINT('',(17.6836874641221,30.7826422163037,-3.9994008348819));
#5516=CARTESIAN_POINT('',(17.6184009603875,30.8223677464994,-3.99672363637844));
#5517=CARTESIAN_POINT('',(17.5540672694099,30.8628697904696,-3.99229920610078));
#5518=CARTESIAN_POINT('',(17.4906095626016,30.9041762765838,-3.98614968421944));
#5519=CARTESIAN_POINT('',(17.4280700700432,30.9462452034313,-3.97829894143066));
#5520=CARTESIAN_POINT('',(17.3665990964729,30.9889525759662,-3.9687968242579));
#5521=CARTESIAN_POINT('',(17.306481657473,31.0320612884999,-3.95773981856439));
#5522=CARTESIAN_POINT('',(17.2476369977374,31.0755816495779,-3.94517679608304));
#5523=CARTESIAN_POINT('',(17.1901743652734,31.1193872896567,-3.93119221654186));
#5524=CARTESIAN_POINT('',(17.1340646439436,31.1634514445458,-3.91584464856156));
#5525=CARTESIAN_POINT('',(17.0795264893127,31.2075433212669,-3.89927285060815));
#5526=CARTESIAN_POINT('',(17.0263946689888,31.2517344529046,-3.88150945912121));
#5527=CARTESIAN_POINT('',(16.9746557006244,31.2959808974694,-3.86262375245593));
#5528=CARTESIAN_POINT('',(16.9241517471283,31.3403686238946,-3.84262385254678));
#5529=CARTESIAN_POINT('',(16.8749204155416,31.3848167550903,-3.82158880738129));
#5530=CARTESIAN_POINT('',(16.8268115760125,31.4294165434433,-3.79951398672078));
#5531=CARTESIAN_POINT('',(16.7797669832138,31.4741848035756,-3.77642288001693));
#5532=CARTESIAN_POINT('',(16.7336795297761,31.5191924657569,-3.75230506049963));
#5533=CARTESIAN_POINT('',(16.6885418265684,31.5644183125789,-3.72719546401309));
#5534=CARTESIAN_POINT('',(16.6443111500761,31.6098783222005,-3.70110703362088));
#5535=CARTESIAN_POINT('',(16.6009571900496,31.65557882944,-3.67405598153553));
#5536=CARTESIAN_POINT('',(16.558442609776,31.7015367799886,-3.64604997550027));
#5537=CARTESIAN_POINT('',(16.5167330680321,31.747769168,-3.61709439775766));
#5538=CARTESIAN_POINT('',(16.4758255987574,31.7942606991076,-3.58721319171394));
#5539=CARTESIAN_POINT('',(16.4356861299119,31.8410318814046,-3.55640699624798));
#5540=CARTESIAN_POINT('',(16.396309095995,31.8880727573927,-3.52469477595522));
#5541=CARTESIAN_POINT('',(16.3576577352093,31.935412700676,-3.49206771807944));
#5542=CARTESIAN_POINT('',(16.3197593595926,31.9830036012567,-3.45856981764135));
#5543=CARTESIAN_POINT('',(16.2826106126957,32.0308335469482,-3.42422093023036));
#5544=CARTESIAN_POINT('',(16.2462468462561,32.0788388488677,-3.38907917161709));
#5545=CARTESIAN_POINT('',(16.2106657970131,32.127002078337,-3.35317063293022));
#5546=CARTESIAN_POINT('',(16.1758848779086,32.1752775891205,-3.31654325016396));
#5547=CARTESIAN_POINT('',(16.1418915901194,32.2236599157402,-3.2792151256674));
#5548=CARTESIAN_POINT('',(16.1086795168613,32.2721351118447,-3.24121076968851));
#5549=CARTESIAN_POINT('',(16.0762241057954,32.3207169800656,-3.2025322650561));
#5550=CARTESIAN_POINT('',(16.0445248736608,32.3693852532067,-3.16320784316597));
#5551=CARTESIAN_POINT('',(16.0135753565622,32.4181278316691,-3.12325956043299));
#5552=CARTESIAN_POINT('',(15.9833786730489,32.4669167889694,-3.0827227195757));
#5553=CARTESIAN_POINT('',(15.9539471526029,32.5157082127301,-3.04164633824895));
#5554=CARTESIAN_POINT('',(15.9348368324818,32.5482182392189,-3.01392766281273));
#5555=CARTESIAN_POINT('',(15.9254153098922,32.564453737589,-3.));
#5556=CARTESIAN_POINT('',(15.9254153106525,32.5644537369082,1.));
#5557=VECTOR('',#5558,1.);
#5558=DIRECTION('',(0.,0.,-1.));
#5559=CARTESIAN_POINT('',(11.7655769047028,34.2875152220094,-3.));
#5560=AXIS2_PLACEMENT_3D('',#5561,#5562,#5563);
#5561=CARTESIAN_POINT('',(0.,0.,-3.));
#5562=DIRECTION('',(0.,0.,-1.));
#5563=DIRECTION('',(0.324567638750423,0.945862488883017,0.));
#5564=CARTESIAN_POINT('',(11.7655769036289,34.2875152223779,1.));
#5565=VECTOR('',#5566,1.);
#5566=DIRECTION('',(0.,0.,-1.));
#5567=CARTESIAN_POINT('',(9.18807610579166,34.2903668320154,-4.));
#5568=CARTESIAN_POINT('',(11.765576904648,34.2875152223216,-3.));
#5569=CARTESIAN_POINT('',(11.7365327151381,34.2798015644605,-3.02229712439049));
#5570=CARTESIAN_POINT('',(11.6781378656789,34.2648516952491,-3.0663534615255));
#5571=CARTESIAN_POINT('',(11.5893403900324,34.2438329864421,-3.13096583433613));
#5572=CARTESIAN_POINT('',(11.5001004330598,34.2244264197331,-3.19350734024411));
#5573=CARTESIAN_POINT('',(11.4106437126953,34.2066776923384,-3.25381613566853));
#5574=CARTESIAN_POINT('',(11.321643827271,34.1906965170293,-3.3114635789527));
#5575=CARTESIAN_POINT('',(11.233147215362,34.1764471929172,-3.36647371209805));
#5576=CARTESIAN_POINT('',(11.1456431672902,34.1639510123883,-3.41861617323771));
#5577=CARTESIAN_POINT('',(11.0586097549752,34.1530799484287,-3.46827074554695));
#5578=CARTESIAN_POINT('',(10.9726033197264,34.1438577976845,-3.51517842745244));
#5579=CARTESIAN_POINT('',(10.8877017273443,34.1362314662357,-3.55937808083843));
#5580=CARTESIAN_POINT('',(10.8050752524895,34.1302102994409,-3.60039160509077));
#5581=CARTESIAN_POINT('',(10.7243241151073,34.1256517279376,-3.63857474134661));
#5582=CARTESIAN_POINT('',(10.6461076083628,34.122484501571,-3.67376695723825));
#5583=CARTESIAN_POINT('',(10.5699977213576,34.1205817492933,-3.70631437483958));
#5584=CARTESIAN_POINT('',(10.515669917396,34.1200345927951,-3.72837742256737));
#5585=CARTESIAN_POINT('',(10.45986598355,34.1199604480918,-3.75033508636717));
#5586=CARTESIAN_POINT('',(10.3913082095157,34.1205083452963,-3.7763876452782));
#5587=CARTESIAN_POINT('',(10.2904483097357,34.123260129897,-3.81189784979935));
#5588=CARTESIAN_POINT('',(10.1884827115149,34.1283149897628,-3.84449782912847));
#5589=CARTESIAN_POINT('',(10.094315644457,34.1348108380813,-3.8719455035712));
#5590=CARTESIAN_POINT('',(9.99792385331457,34.1431402335582,-3.89759346937263));
#5591=CARTESIAN_POINT('',(9.88954821088198,34.1547679206379,-3.92312782416177));
#5592=CARTESIAN_POINT('',(9.78022844461477,34.1691280779883,-3.94503784359377));
#5593=CARTESIAN_POINT('',(9.68818862634576,34.1832237242978,-3.96054824175365));
#5594=CARTESIAN_POINT('',(9.61512121861256,34.1956065524514,-3.97111322347156));
#5595=CARTESIAN_POINT('',(9.54667122577727,34.2081173381244,-3.97967527951028));
#5596=CARTESIAN_POINT('',(9.4742191825992,34.2224331936253,-3.9871626154797));
#5597=CARTESIAN_POINT('',(9.39753282776602,34.2388512926631,-3.99322955777601));
#5598=CARTESIAN_POINT('',(9.3303291364222,34.2543356209582,-3.99693604521283));
#5599=CARTESIAN_POINT('',(9.27383574572112,34.2681182278467,-3.99892650707889));
#5600=CARTESIAN_POINT('',(9.22918718606523,34.2794732890212,-3.99982054227741));
#5601=CARTESIAN_POINT('',(9.20119371995991,34.2868519619836,-4.00000002491686));
#5602=CARTESIAN_POINT('',(9.18807618881564,34.2903668097692,-4.));
#5603=CARTESIAN_POINT('',(6.9544691213525,35.5766476672572,-3.));
#5604=CARTESIAN_POINT('',(9.18807609637152,34.2903668345395,-4.));
#5605=CARTESIAN_POINT('',(9.16331297682185,34.2970019681214,-4.00000019863186));
#5606=CARTESIAN_POINT('',(9.11399640364758,34.3106242094144,-3.99940083603065));
#5607=CARTESIAN_POINT('',(9.04065269234642,34.3320987537645,-3.99672363568447));
#5608=CARTESIAN_POINT('',(8.9680283999395,34.3545699462703,-3.99229920284845));
#5609=CARTESIAN_POINT('',(8.89604205633903,34.3780448857831,-3.9861496798679));
#5610=CARTESIAN_POINT('',(8.82474531540354,34.4024939343823,-3.9782989371078));
#5611=CARTESIAN_POINT('',(8.75431544285646,34.4278362267854,-3.96879682052701));
#5612=CARTESIAN_POINT('',(8.68508910949085,34.4539165042027,-3.95773981584065));
#5613=CARTESIAN_POINT('',(8.61698564256467,34.4807238233492,-3.94517679455805));
#5614=CARTESIAN_POINT('',(8.55014327365947,34.5081643964699,-3.93119221612956));
#5615=CARTESIAN_POINT('',(8.48454080599841,34.5362048355689,-3.91584464905365));
#5616=CARTESIAN_POINT('',(8.42044917819463,34.5646788041058,-3.89927285162535));
#5617=CARTESIAN_POINT('',(8.35769027472225,34.593612632157,-3.88150946037863));
#5618=CARTESIAN_POINT('',(8.29626244593504,34.6229603854597,-3.86262375366566));
#5619=CARTESIAN_POINT('',(8.23599098308205,34.6527642521405,-3.84262385355069));
#5620=CARTESIAN_POINT('',(8.176933144488,34.6829558442746,-3.82158880805834));
#5621=CARTESIAN_POINT('',(8.11892029825178,34.7135844483058,-3.79951398703713));
#5622=CARTESIAN_POINT('',(8.06189183188191,34.7446512308442,-3.77642287999149));
#5623=CARTESIAN_POINT('',(8.00572592961299,34.7761969837685,-3.75230506021463));
#5624=CARTESIAN_POINT('',(7.95042094560083,34.8081993001503,-3.72719546359036));
#5625=CARTESIAN_POINT('',(7.89593147653453,34.8406625560986,-3.70110703315061));
#5626=CARTESIAN_POINT('',(7.8422266053559,34.8735850257184,-3.67405598110612));
#5627=CARTESIAN_POINT('',(7.78926588160446,34.9069734138915,-3.6460499751601));
#5628=CARTESIAN_POINT('',(7.73701173575616,34.9408352475685,-3.61709439753915));
#5629=CARTESIAN_POINT('',(7.68546526123675,34.9751549858868,-3.58721319162083));
#5630=CARTESIAN_POINT('',(7.63458823907371,35.0099436196677,-3.55640699626817));
#5631=CARTESIAN_POINT('',(7.5843778705723,35.0451900902681,-3.52469477605793));
#5632=CARTESIAN_POINT('',(7.53479104410661,35.0809132557672,-3.49206771822331));
#5633=CARTESIAN_POINT('',(7.48586659288812,35.117073714336,-3.45856981779694));
#5634=CARTESIAN_POINT('',(7.43760435794412,35.1536590909702,-3.42422093036983));
#5635=CARTESIAN_POINT('',(7.39005497034833,35.1906170166207,-3.38907917172588));
#5636=CARTESIAN_POINT('',(7.34322075484132,35.2279300706964,-3.35317063299899));
#5637=CARTESIAN_POINT('',(7.29713034516017,35.2655586691114,-3.31654325019208));
#5638=CARTESIAN_POINT('',(7.25177308294388,35.303494297681,-3.27921512565899));
#5639=CARTESIAN_POINT('',(7.20714637964155,35.3417218244732,-3.241210769653));
#5640=CARTESIAN_POINT('',(7.16322294713319,35.3802482271908,-3.20253226500601));
#5641=CARTESIAN_POINT('',(7.12000756415575,35.4190538041519,-3.16320784311047));
#5642=CARTESIAN_POINT('',(7.07749711867277,35.4581251950615,-3.12325956038246));
#5643=CARTESIAN_POINT('',(7.03570185087255,35.4974362321516,-3.08272271953697));
#5644=CARTESIAN_POINT('',(6.99464503547924,35.5369476904278,-3.04164633822857));
#5645=CARTESIAN_POINT('',(6.96777166972637,35.5634038498089,-3.01392766280533));
#5646=CARTESIAN_POINT('',(6.95446912155617,35.5766476675002,-3.));
#5647=CARTESIAN_POINT('',(6.95446912246682,35.5766476670393,1.));
#5648=VECTOR('',#5649,1.);
#5649=DIRECTION('',(0.,0.,-1.));
#5650=CARTESIAN_POINT('',(2.49041264474409,36.1643518517739,-3.));
#5651=CARTESIAN_POINT('',(2.49041264361137,36.1643518518519,1.));
#5652=VECTOR('',#5653,1.);
#5653=DIRECTION('',(0.,0.,-1.));
#5654=AXIS2_PLACEMENT_3D('',#5655,#5656,#5657);
#5655=CARTESIAN_POINT('',(0.,0.,-3.));
#5656=DIRECTION('',(0.,0.,-1.));
#5657=DIRECTION('',(0.068701038475699,0.997637292462727,0.));
#5658=CARTESIAN_POINT('',(-8.04521274964968E-8,35.5,-4.));
#5659=CARTESIAN_POINT('',(2.49041264461026,36.1643518520613,-3.));
#5660=CARTESIAN_POINT('',(2.4643545535829,36.1493838414163,-3.02229712425201));
#5661=CARTESIAN_POINT('',(2.41181877153818,36.1198296776329,-3.06635346114325));
#5662=CARTESIAN_POINT('',(2.3314870390975,36.0765446863337,-3.13096583361406));
#5663=CARTESIAN_POINT('',(2.25031064932297,36.0347023820493,-3.19350733929959));
#5664=CARTESIAN_POINT('',(2.16849580166839,35.9944053250011,-3.2538161346197));
#5665=CARTESIAN_POINT('',(2.08666474630514,35.9559338296292,-3.31146357797249));
#5666=CARTESIAN_POINT('',(2.00487157953626,35.9192654307323,-3.36647371132803));
#5667=CARTESIAN_POINT('',(1.92358340854133,35.8845473328011,-3.41861617286305));
#5668=CARTESIAN_POINT('',(1.84232922538506,35.8515207863457,-3.46827074569861));
#5669=CARTESIAN_POINT('',(1.76164025558239,35.8203527689497,-3.51517842816823));
#5670=CARTESIAN_POINT('',(1.68160545355076,35.7910121489977,-3.55937808212406));
#5671=CARTESIAN_POINT('',(1.60335279918575,35.763810842926,-3.60039160673748));
#5672=CARTESIAN_POINT('',(1.5265330346488,35.7385076683929,-3.63857474347302));
#5673=CARTESIAN_POINT('',(1.45180142866952,35.7152044416655,-3.67376695846398));
#5674=CARTESIAN_POINT('',(1.37877739394956,35.6936678340975,-3.70631437863198));
#5675=CARTESIAN_POINT('',(1.30080563751875,35.6719314321124,-3.73918517959619));
#5676=CARTESIAN_POINT('',(1.21055978707444,35.6483913827767,-3.77480845437361));
#5677=CARTESIAN_POINT('',(1.10806019021968,35.6239022421288,-3.8118978493529));
#5678=CARTESIAN_POINT('',(1.00826069353754,35.6023942247507,-3.84449782614263));
#5679=CARTESIAN_POINT('',(0.915621041443441,35.5842965013989,-3.87194550153334));
#5680=CARTESIAN_POINT('',(0.820357906423331,35.5673940467357,-3.89759346966109));
#5681=CARTESIAN_POINT('',(0.712665594270565,35.5505758477513,-3.92312782740803));
#5682=CARTESIAN_POINT('',(0.603354116984766,35.536152656284,-3.94503784806594));
#5683=CARTESIAN_POINT('',(0.510802251589911,35.525946347086,-3.96054824642619));
#5684=CARTESIAN_POINT('',(0.437019646913499,35.5189960047102,-3.97111322692031));
#5685=CARTESIAN_POINT('',(0.367664025407314,35.5133643361556,-3.97967527955449));
#5686=CARTESIAN_POINT('',(0.293975540718408,35.5084404240058,-3.9871626125927));
#5687=CARTESIAN_POINT('',(0.215652909593901,35.5044512007174,-3.99322955494499));
#5688=CARTESIAN_POINT('',(0.146731439352519,35.5020143159049,-3.99693604571962));
#5689=CARTESIAN_POINT('',(0.0885957411003604,35.5007057248055,-3.99892651003578));
#5690=CARTESIAN_POINT('',(0.0425294963388142,35.5001179742354,-3.99982054499448));
#5691=CARTESIAN_POINT('',(0.0135801937157834,35.4999999839378,-4.00000002597482));
#5692=CARTESIAN_POINT('',(4.29621393148016E-9,35.5,-4.));
#5693=CARTESIAN_POINT('',(-2.49041264474409,36.1643518517739,-3.));
#5694=CARTESIAN_POINT('',(-1.65720467968163E-7,35.5,-4.));
#5695=CARTESIAN_POINT('',(-0.0256368011247422,35.4999998812448,-4.00000019663479));
#5696=CARTESIAN_POINT('',(-0.0767985789396744,35.500393888294,-3.9994008328945));
#5697=CARTESIAN_POINT('',(-0.153201029643762,35.502153952659,-3.99672363757911));
#5698=CARTESIAN_POINT('',(-0.229166618878399,35.5050629032432,-3.99229921172769));
#5699=CARTESIAN_POINT('',(-0.304775849577583,35.5091065149039,-3.9861496917481));
#5700=CARTESIAN_POINT('',(-0.379971118747082,35.5142695280164,-3.97829894890969));
#5701=CARTESIAN_POINT('',(-0.454560247585013,35.520519711448,-3.9687968307128));
#5702=CARTESIAN_POINT('',(-0.528177850310277,35.5277942332722,-3.95773982327672));
#5703=CARTESIAN_POINT('',(-0.600899015672607,35.536061643044,-3.94517679872137));
#5704=CARTESIAN_POINT('',(-0.672565945871642,35.5452671252162,-3.93119221725517));
#5705=CARTESIAN_POINT('',(-0.743190474414922,35.555372943112,-3.91584464771009));
#5706=CARTESIAN_POINT('',(-0.812467843370215,35.5662885517363,-3.89927284884814));
#5707=CARTESIAN_POINT('',(-0.88057691625213,35.5779932844691,-3.88150945694555));
#5708=CARTESIAN_POINT('',(-0.947507398616813,35.5904423452533,-3.86262375036279));
#5709=CARTESIAN_POINT('',(-1.0134389669208,35.6036312669714,-3.84262385080968));
#5710=CARTESIAN_POINT('',(-1.07829861430204,35.6175088115717,-3.82158880620972));
#5711=CARTESIAN_POINT('',(-1.1422619837041,35.6320789411126,-3.79951398617317));
#5712=CARTESIAN_POINT('',(-1.20538792459971,35.6473270948806,-3.77642288006064));
#5713=CARTESIAN_POINT('',(-1.26780466004932,35.663261146679,-3.75230506099239));
#5714=CARTESIAN_POINT('',(-1.3295079806055,35.6798590271729,-3.72719546474408));
#5715=CARTESIAN_POINT('',(-1.39054287478564,35.6971132120606,-3.70110703443413));
#5716=CARTESIAN_POINT('',(-1.45093875938323,35.7150140323292,-3.67405598227807));
#5717=CARTESIAN_POINT('',(-1.51073644159952,35.7335574949753,-3.6460499760884));
#5718=CARTESIAN_POINT('',(-1.56997415880763,35.7527411467381,-3.61709439813526));
#5719=CARTESIAN_POINT('',(-1.62864683240442,35.7725502592444,-3.58721319187462));
#5720=CARTESIAN_POINT('',(-1.68679422364043,35.792985556986,-3.55640699621264));
#5721=CARTESIAN_POINT('',(-1.74441617358267,35.8140356337443,-3.52469477577709));
#5722=CARTESIAN_POINT('',(-1.80155920566525,35.8357075468959,-3.49206771783014));
#5723=CARTESIAN_POINT('',(-1.85817561201972,35.857973287993,-3.45856981737176));
#5724=CARTESIAN_POINT('',(-1.91426234333651,35.8808208625566,-3.42422092998872));
#5725=CARTESIAN_POINT('',(-1.96975693971493,35.9042127902802,-3.38907917142854));
#5726=CARTESIAN_POINT('',(-2.02465264687391,35.9281328458613,-3.35317063281094));
#5727=CARTESIAN_POINT('',(-2.07891156166914,35.9525502049814,-3.31654325011504));
#5728=CARTESIAN_POINT('',(-2.13254177567132,35.9774538849915,-3.2792151256817));
#5729=CARTESIAN_POINT('',(-2.18554187281388,36.002828599611,-3.24121076974972));
#5730=CARTESIAN_POINT('',(-2.23794001736655,36.0286740261038,-3.20253226514259));
#5731=CARTESIAN_POINT('',(-2.28972649423726,36.0549723709286,-3.16320784326185));
#5732=CARTESIAN_POINT('',(-2.34090085152507,36.0817099235794,-3.12325956052027));
#5733=CARTESIAN_POINT('',(-2.39144642523591,36.1088640582825,-3.08272271964267));
#5734=CARTESIAN_POINT('',(-2.44133058153469,36.1364029105443,-3.04164633828416));
#5735=CARTESIAN_POINT('',(-2.47413561750524,36.1550022593159,-3.01392766282551));
#5736=CARTESIAN_POINT('',(-2.49041264461026,36.1643518520613,-3.));
#5737=CARTESIAN_POINT('',(-2.49041264361139,36.1643518518519,1.));
#5738=VECTOR('',#5739,1.);
#5739=DIRECTION('',(0.,0.,-1.));
#5740=CARTESIAN_POINT('',(-6.95446912135252,35.5766476672572,-3.));
#5741=CARTESIAN_POINT('',(-6.9544691224668,35.5766476670393,1.));
#5742=VECTOR('',#5743,1.);
#5743=DIRECTION('',(0.,0.,-1.));
#5744=AXIS2_PLACEMENT_3D('',#5745,#5746,#5747);
#5745=CARTESIAN_POINT('',(0.,0.,-3.));
#5746=DIRECTION('',(0.,0.,-1.));
#5747=DIRECTION('',(-0.191847424037311,0.98142476323468,0.));
#5748=CARTESIAN_POINT('',(-9.18807599225213,34.2903668624382,-4.));
#5749=CARTESIAN_POINT('',(-6.95446912155618,35.5766476675002,-3.));
#5750=CARTESIAN_POINT('',(-6.97576529864048,35.5554453490147,-3.02229712446057));
#5751=CARTESIAN_POINT('',(-7.01886178724023,35.5133009576461,-3.06635346171893));
#5752=CARTESIAN_POINT('',(-7.08525330273012,35.4506994838709,-3.13096583470156));
#5753=CARTESIAN_POINT('',(-7.15283408929221,35.3892729254977,-3.19350734072209));
#5754=CARTESIAN_POINT('',(-7.22143151806072,35.3291737164465,-3.25381613619926));
#5755=CARTESIAN_POINT('',(-7.2905170921098,35.2708336699609,-3.31146357944856));
#5756=CARTESIAN_POINT('',(-7.36003274401317,35.2142450874398,-3.36647371248763));
#5757=CARTESIAN_POINT('',(-7.4295653820693,35.1596710538195,-3.41861617342641));
#5758=CARTESIAN_POINT('',(-7.49950299576349,35.1067397303877,-3.46827074547131));
#5759=CARTESIAN_POINT('',(-7.56937567776262,35.0557498962619,-3.5151784270832));
#5760=CARTESIAN_POINT('',(-7.63908944736337,35.0066945036108,-3.55937808020894));
#5761=CARTESIAN_POINT('',(-7.70763548982722,34.9601667830773,-3.60039160417795));
#5762=CARTESIAN_POINT('',(-7.77528873994166,34.9158433757126,-3.63857474054435));
#5763=CARTESIAN_POINT('',(-7.84144260915421,34.8739922242545,-3.6737669556336));
#5764=CARTESIAN_POINT('',(-7.90640432674899,34.8342894473003,-3.70631437633052));
#5765=CARTESIAN_POINT('',(-7.97609346798276,34.7931131179733,-3.73918517873833));
#5766=CARTESIAN_POINT('',(-8.05717165724464,34.747017828858,-3.77480845558547));
#5767=CARTESIAN_POINT('',(-8.14984041381378,34.6968342852144,-3.81189785227212));
#5768=CARTESIAN_POINT('',(-8.24067264485188,34.6502291234,-3.84449783020871));
#5769=CARTESIAN_POINT('',(-8.32547164058997,34.6087711596751,-3.87194550471152));
#5770=CARTESIAN_POINT('',(-8.41311407440999,34.5677887341004,-3.89759346918619));
#5771=CARTESIAN_POINT('',(-8.51278397114983,34.5236707879547,-3.92312782252989));
#5772=CARTESIAN_POINT('',(-8.61463774001504,34.481447167536,-3.94503784132653));
#5773=CARTESIAN_POINT('',(-8.70139438094442,34.4476344470602,-3.96054823938794));
#5774=CARTESIAN_POINT('',(-8.77086402781768,34.4218245861184,-3.97111322172506));
#5775=CARTESIAN_POINT('',(-8.83639886471855,34.3984342436914,-3.97967527948778));
#5776=CARTESIAN_POINT('',(-8.90630211760708,34.3746061115626,-3.98716261694145));
#5777=CARTESIAN_POINT('',(-8.98092350548568,34.3504814231516,-3.99322955920942));
#5778=CARTESIAN_POINT('',(-9.04686575259208,34.330289405914,-3.9969360449562));
#5779=CARTESIAN_POINT('',(-9.10268172447546,34.3139788106398,-3.99892650558168));
#5780=CARTESIAN_POINT('',(-9.14702599600783,34.3014883144826,-3.99982054090164));
#5781=CARTESIAN_POINT('',(-9.17495835803954,34.2938817063879,-4.00000002438117));
#5782=CARTESIAN_POINT('',(-9.18807588801683,34.290366890368,-4.));
#5783=CARTESIAN_POINT('',(-11.7655769047029,34.2875152220093,-3.));
#5784=CARTESIAN_POINT('',(-9.18807610593113,34.290366831978,-4.));
#5785=CARTESIAN_POINT('',(-9.21283911484246,34.2837314787464,-4.00000019964303));
#5786=CARTESIAN_POINT('',(-9.26235963029427,34.2708704015672,-3.99940083761859));
#5787=CARTESIAN_POINT('',(-9.3366145137639,34.2527960233782,-3.99672363472516));
#5788=CARTESIAN_POINT('',(-9.41074461887601,34.2359444959905,-3.99229919835245));
#5789=CARTESIAN_POINT('',(-9.48482409202032,34.2202812188997,-3.98614967385246));
#5790=CARTESIAN_POINT('',(-9.55879339194166,34.2058063491373,-3.97829893113201));
#5791=CARTESIAN_POINT('',(-9.63245858317025,34.1925384850119,-3.96879681536949));
#5792=CARTESIAN_POINT('',(-9.70545047173248,34.1805115037671,-3.95773981207548));
#5793=CARTESIAN_POINT('',(-9.77783345219757,34.1696755916591,-3.94517679244999));
#5794=CARTESIAN_POINT('',(-9.84944091977365,34.1600186418545,-3.93119221555969));
#5795=CARTESIAN_POINT('',(-9.92027453723217,34.1515011412749,-3.915844649734));
#5796=CARTESIAN_POINT('',(-9.99001649674807,34.1441145076739,-3.89927285303172));
#5797=CARTESIAN_POINT('',(-10.0588342147328,34.1377924860362,-3.88150946211674));
#5798=CARTESIAN_POINT('',(-10.1267061523093,34.1324944714038,-3.86262375533916));
#5799=CARTESIAN_POINT('',(-10.1938047049064,34.1281696455018,-3.84262385493489));
#5800=CARTESIAN_POINT('',(-10.2600460911414,34.124787411827,-3.82158880900837));
#5801=CARTESIAN_POINT('',(-10.3256009933102,34.1223061378471,-3.79951398742337));
#5802=CARTESIAN_POINT('',(-10.3905224866408,34.1206965273259,-3.77642288014779));
#5803=CARTESIAN_POINT('',(-10.4426356770244,34.1200788068907,-3.75691070759315));
#5804=CARTESIAN_POINT('',(-10.4853388072159,34.1199626545337,-3.74035779487839));
#5805=CARTESIAN_POINT('',(-10.5278495226043,34.1201189089127,-3.72348653919181));
#5806=CARTESIAN_POINT('',(-10.5822540344362,34.1208645964363,-3.70110703266088));
#5807=CARTESIAN_POINT('',(-10.6452250517183,34.1225238560654,-3.67405598047001));
#5808=CARTESIAN_POINT('',(-10.707784577673,34.1249586864992,-3.64604997470176));
#5809=CARTESIAN_POINT('',(-10.7699689118703,34.1281568217596,-3.61709439723443));
#5810=CARTESIAN_POINT('',(-10.831769337066,34.1321053497131,-3.58721319149336));
#5811=CARTESIAN_POINT('',(-10.8932244473035,34.1367946792265,-3.55640699629623));
#5812=CARTESIAN_POINT('',(-10.9543311370465,34.1422138338878,-3.52469477620041));
#5813=CARTESIAN_POINT('',(-11.0151361711138,34.1483575894669,-3.49206771842257));
#5814=CARTESIAN_POINT('',(-11.0755862180031,34.155211239584,-3.45856981801246));
#5815=CARTESIAN_POINT('',(-11.1356752278755,34.1627639876859,-3.42422093056299));
#5816=CARTESIAN_POINT('',(-11.195333168374,34.1709957963801,-3.38907917187662));
#5817=CARTESIAN_POINT('',(-11.2545493159043,34.179892741361,-3.35317063309437));
#5818=CARTESIAN_POINT('',(-11.3132790808596,34.1894348586704,-3.31654325023125));
#5819=CARTESIAN_POINT('',(-11.371527436549,34.1996094456257,-3.27921512564762));
#5820=CARTESIAN_POINT('',(-11.4292890587476,34.2104021033116,-3.24121076960413));
#5821=CARTESIAN_POINT('',(-11.4865910685076,34.2218052305339,-3.20253226493695));
#5822=CARTESIAN_POINT('',(-11.543419476489,34.233804154505,-3.16320784303391));
#5823=CARTESIAN_POINT('',(-11.599770297646,34.246385748851,-3.12325956031275));
#5824=CARTESIAN_POINT('',(-11.6556215798395,34.2595324717154,-3.08272271948348));
#5825=CARTESIAN_POINT('',(-11.7109335540713,34.2732219906184,-3.04164633820045));
#5826=CARTESIAN_POINT('',(-11.7474346511652,34.2826970138465,-3.01392766279512));
#5827=CARTESIAN_POINT('',(-11.765576904648,34.2875152223216,-3.));
#5828=CARTESIAN_POINT('',(-11.765576903629,34.2875152223778,1.));
#5829=VECTOR('',#5830,1.);
#5830=DIRECTION('',(0.,0.,-1.));
#5831=CARTESIAN_POINT('',(-15.9254153096326,32.564453737407,-3.));
#5832=CARTESIAN_POINT('',(-15.9254153106524,32.5644537369082,1.));
#5833=VECTOR('',#5834,1.);
#5834=DIRECTION('',(0.,0.,-1.));
#5835=AXIS2_PLACEMENT_3D('',#5836,#5837,#5838);
#5836=CARTESIAN_POINT('',(0.,0.,-3.));
#5837=DIRECTION('',(0.,0.,-1.));
#5838=DIRECTION('',(-0.439321801645036,0.898329758273297,0.));
#5839=CARTESIAN_POINT('',(-17.749999939498,30.7439018692784,-4.));
#5840=CARTESIAN_POINT('',(-15.9254153098922,32.564453737589,-3.));
#5841=CARTESIAN_POINT('',(-15.9404982734834,32.5384620144234,-3.02229712441431));
#5842=CARTESIAN_POINT('',(-15.9712185136554,32.4865994664373,-3.06635346159126));
#5843=CARTESIAN_POINT('',(-16.019145339356,32.4089476976534,-3.13096583446038));
#5844=CARTESIAN_POINT('',(-16.0685250032022,32.3321230039547,-3.19350734040663));
#5845=CARTESIAN_POINT('',(-16.119230211321,32.2563173048361,-3.25381613584902));
#5846=CARTESIAN_POINT('',(-16.1708622363968,32.1820844849047,-3.31146357912134));
#5847=CARTESIAN_POINT('',(-16.2233629970579,32.1094321368471,-3.36647371223067));
#5848=CARTESIAN_POINT('',(-16.2764015687781,32.0387212971717,-3.41861617330181));
#5849=CARTESIAN_POINT('',(-16.3302564816741,31.9694923782138,-3.46827074552218));
#5850=CARTESIAN_POINT('',(-16.3845511698215,31.9021555994405,-3.51517842732442));
#5851=CARTESIAN_POINT('',(-16.4391930306986,31.8367284771934,-3.55937808063439));
#5852=CARTESIAN_POINT('',(-16.4933611634384,31.7740451287918,-3.6003916047464));
#5853=CARTESIAN_POINT('',(-16.5472374431612,31.7137220551532,-3.63857474119473));
#5854=CARTESIAN_POINT('',(-16.6003052989202,31.6561750658376,-3.67376695626216));
#5855=CARTESIAN_POINT('',(-16.6527776647227,31.6010117986472,-3.70631437684171));
#5856=CARTESIAN_POINT('',(-16.7094349873185,31.5432016422619,-3.73918517892917));
#5857=CARTESIAN_POINT('',(-16.7758201647105,31.4776924333543,-3.77480845531705));
#5858=CARTESIAN_POINT('',(-16.8523428522409,31.4052344142071,-3.81189785162476));
#5859=CARTESIAN_POINT('',(-16.9280177457793,31.3367081741275,-3.84449782930686));
#5860=CARTESIAN_POINT('',(-16.999197175443,31.2747152608802,-3.87194550400665));
#5861=CARTESIAN_POINT('',(-17.0732462356228,31.2124457447166,-3.89759346929188));
#5862=CARTESIAN_POINT('',(-17.1581014018343,31.1440346108452,-3.9231278236126));
#5863=CARTESIAN_POINT('',(-17.2455563131831,31.0768880283827,-3.94503784282221));
#5864=CARTESIAN_POINT('',(-17.3206054189997,31.0217731763864,-3.96054824094987));
#5865=CARTESIAN_POINT('',(-17.3810278606726,30.978862698248,-3.97111322287801));
#5866=CARTESIAN_POINT('',(-17.4382757795303,30.9393077031418,-3.97967527950268));
#5867=CARTESIAN_POINT('',(-17.4996299536151,30.898199207599,-3.98716261597652));
#5868=CARTESIAN_POINT('',(-17.5654647464256,30.8555831140195,-3.99322955826319));
#5869=CARTESIAN_POINT('',(-17.6239339995456,30.8190120057565,-3.99693604512561));
#5870=CARTESIAN_POINT('',(-17.673626620951,30.7888109287443,-3.99892650657006));
#5871=CARTESIAN_POINT('',(-17.7132271469995,30.7652688782569,-3.99982054180982));
#5872=CARTESIAN_POINT('',(-17.7382390180497,30.7506920228368,-4.00000002473479));
#5873=CARTESIAN_POINT('',(-17.7499998831668,30.7439019018013,-4.));
#5874=CARTESIAN_POINT('',(-20.2389365421413,30.0740410926629,-3.));
#5875=CARTESIAN_POINT('',(-17.7500000042821,30.7439018318753,-4.));
#5876=CARTESIAN_POINT('',(-17.7722019071539,30.7310834183723,-4.00000019897551));
#5877=CARTESIAN_POINT('',(-17.8167063664628,30.7058437159483,-3.99940083657031));
#5878=CARTESIAN_POINT('',(-17.88375302684,30.6691666602773,-3.99672363535842));
#5879=CARTESIAN_POINT('',(-17.9509956974305,30.6337030593323,-3.9922992013204));
#5880=CARTESIAN_POINT('',(-18.0184970184882,30.5994003166825,-3.98614967782347));
#5881=CARTESIAN_POINT('',(-18.086199511503,30.5662739980684,-3.97829893507681));
#5882=CARTESIAN_POINT('',(-18.153920654539,30.5343922666435,-3.96879681877411));
#5883=CARTESIAN_POINT('',(-18.2213126011332,30.5038833999565,-3.95773981456097));
#5884=CARTESIAN_POINT('',(-18.2884246579536,30.4746826154864,-3.94517679384154));
#5885=CARTESIAN_POINT('',(-18.3550927629266,30.4468213396485,-3.9311922159358));
#5886=CARTESIAN_POINT('',(-18.4213082955141,30.420260975249,-3.91584464928482));
#5887=CARTESIAN_POINT('',(-18.4867620555552,30.3950754871463,-3.89927285210322));
#5888=CARTESIAN_POINT('',(-18.5515986075491,30.3711575470013,-3.88150946096937));
#5889=CARTESIAN_POINT('',(-18.6157866374269,30.3484735079774,-3.86262375423397));
#5890=CARTESIAN_POINT('',(-18.6794795141725,30.3269296639517,-3.84262385402231));
#5891=CARTESIAN_POINT('',(-18.742588392386,30.3065181451441,-3.8215888083764));
#5892=CARTESIAN_POINT('',(-18.8052673634795,30.2871545616149,-3.79951398718576));
#5893=CARTESIAN_POINT('',(-18.8675601118128,30.2687968787951,-3.77642287997953));
#5894=CARTESIAN_POINT('',(-18.9295816182912,30.2513878041583,-3.75230506008074));
#5895=CARTESIAN_POINT('',(-18.9913172025861,30.2349103298261,-3.72719546339176));
#5896=CARTESIAN_POINT('',(-19.0528020641175,30.2193354451659,-3.70110703292967));
#5897=CARTESIAN_POINT('',(-19.1140568441694,30.204640068116,-3.67405598090437));
#5898=CARTESIAN_POINT('',(-19.1751148866542,30.1908003369344,-3.64604997500028));
#5899=CARTESIAN_POINT('',(-19.2360080796151,30.1777950083077,-3.6170943974365));
#5900=CARTESIAN_POINT('',(-19.2967246608629,30.165613866349,-3.58721319157709));
#5901=CARTESIAN_POINT('',(-19.3572994269904,30.1542376578457,-3.55640699627762));
#5902=CARTESIAN_POINT('',(-19.4177265373462,30.1436565841786,-3.5246947761062));
#5903=CARTESIAN_POINT('',(-19.4780498111352,30.1338534955008,-3.4920677182909));
#5904=CARTESIAN_POINT('',(-19.5382139278165,30.1248279897425,-3.45856981787004));
#5905=CARTESIAN_POINT('',(-19.5982102493475,30.1165712040447,-3.42422093043534));
#5906=CARTESIAN_POINT('',(-19.6579659436311,30.1090819094759,-3.38907917177698));
#5907=CARTESIAN_POINT('',(-19.7174670486043,30.1023494316585,-3.35317063303127));
#5908=CARTESIAN_POINT('',(-19.776665326975,30.0963660275275,-3.31654325020528));
#5909=CARTESIAN_POINT('',(-19.8355622949015,30.0911181400459,-3.27921512565502));
#5910=CARTESIAN_POINT('',(-19.8941490828705,30.0865932389404,-3.24121076963629));
#5911=CARTESIAN_POINT('',(-19.9524499204761,30.0827769625768,-3.20253226498247));
#5912=CARTESIAN_POINT('',(-20.010447497451,30.0796587588392,-3.16320784308438));
#5913=CARTESIAN_POINT('',(-20.0681345671817,30.0772269800301,-3.12325956035873));
#5914=CARTESIAN_POINT('',(-20.1254853853581,30.0754703636496,-3.08272271951875));
#5915=CARTESIAN_POINT('',(-20.1824557580059,30.0743776311531,-3.04164633821899));
#5916=CARTESIAN_POINT('',(-20.2201654268573,30.0740826216986,-3.01392766280185));
#5917=CARTESIAN_POINT('',(-20.2389365421691,30.0740410929788,-3.));
#5918=CARTESIAN_POINT('',(-20.2389365411994,30.0740410932968,1.));
#5919=VECTOR('',#5920,1.);
#5920=DIRECTION('',(0.,0.,-1.));
#5921=CARTESIAN_POINT('',(-23.8110707625543,27.3330461006568,-3.));
#5922=AXIS2_PLACEMENT_3D('',#5923,#5924,#5925);
#5923=CARTESIAN_POINT('',(0.,0.,-3.));
#5924=DIRECTION('',(0.,0.,-1.));
#5925=DIRECTION('',(-0.656857124484257,0.754015064845706,0.));
#5926=CARTESIAN_POINT('',(-23.8110707634104,27.3330460999111,1.));
#5927=VECTOR('',#5928,1.);
#5928=DIRECTION('',(0.,0.,-1.));
#5929=CARTESIAN_POINT('',(-25.1022907287168,25.102290735528,-4.));
#5930=CARTESIAN_POINT('',(-23.8110707628522,27.3330461007655,-3.));
#5931=CARTESIAN_POINT('',(-23.81891263391,27.3040362660099,-3.02229712429609));
#5932=CARTESIAN_POINT('',(-23.8351630920552,27.2459899085441,-3.06635346126493));
#5933=CARTESIAN_POINT('',(-23.861359093988,27.1585796847665,-3.13096583384393));
#5934=CARTESIAN_POINT('',(-23.8891724926125,27.0715923318753,-3.19350733960028));
#5935=CARTESIAN_POINT('',(-23.9185300039208,26.9852461759348,-3.25381613495359));
#5936=CARTESIAN_POINT('',(-23.949189842824,26.9001794265328,-3.31146357828452));
#5937=CARTESIAN_POINT('',(-23.9810978721618,26.8164144502279,-3.36647371157318));
#5938=CARTESIAN_POINT('',(-24.0140278865569,26.7343856309976,-3.41861617298221));
#5939=CARTESIAN_POINT('',(-24.048129975397,26.6535769523991,-3.46827074565069));
#5940=CARTESIAN_POINT('',(-24.0831465765111,26.5744821185415,-3.51517842793904));
#5941=CARTESIAN_POINT('',(-24.118992776263,26.4971420162895,-3.55937808171946));
#5942=CARTESIAN_POINT('',(-24.1550915306755,26.4225748060435,-3.60039160619668));
#5943=CARTESIAN_POINT('',(-24.1915192606903,26.3503629835055,-3.6385747428542));
#5944=CARTESIAN_POINT('',(-24.2278846163738,26.2810418885173,-3.67376695786595));
#5945=CARTESIAN_POINT('',(-24.2642917253324,26.2141774169434,-3.70631437814574));
#5946=CARTESIAN_POINT('',(-24.3040561261293,26.1436731013765,-3.73918517941501));
#5947=CARTESIAN_POINT('',(-24.3512242510141,26.0632143190534,-3.77480845462985));
#5948=CARTESIAN_POINT('',(-24.4063859742179,25.973419720678,-3.81189784996994));
#5949=CARTESIAN_POINT('',(-24.4617464107197,25.8876423540747,-3.84449782700204));
#5950=CARTESIAN_POINT('',(-24.514455513882,25.8093392052756,-3.8719455022051));
#5951=CARTESIAN_POINT('',(-24.5698648808385,25.7300261584169,-3.89759346956081));
#5952=CARTESIAN_POINT('',(-24.6341225799247,25.6419839350987,-3.92312782637717));
#5953=CARTESIAN_POINT('',(-24.7012187283246,25.5544903140787,-3.94503784664172));
#5954=CARTESIAN_POINT('',(-24.7594458281549,25.4818293134171,-3.9605482449388));
#5955=CARTESIAN_POINT('',(-24.8067033745809,25.4247424981774,-3.9711132258224));
#5956=CARTESIAN_POINT('',(-24.8517630187456,25.3717184709557,-3.97967527954042));
#5957=CARTESIAN_POINT('',(-24.9003869207814,25.3161311047099,-3.98716261351176));
#5958=CARTESIAN_POINT('',(-24.9529485814405,25.2579278303898,-3.99322955584623));
#5959=CARTESIAN_POINT('',(-24.9999602710738,25.2074698661927,-3.99693604555828));
#5960=CARTESIAN_POINT('',(-25.040143090008,25.1654364207033,-3.99892650909448));
#5961=CARTESIAN_POINT('',(-25.0723012040018,25.132447101811,-3.99982054412952));
#5962=CARTESIAN_POINT('',(-25.0926880441228,25.1118933977198,-4.00000002563803));
#5963=CARTESIAN_POINT('',(-25.1022907298423,25.1022907344026,-4.));
#5964=CARTESIAN_POINT('',(-27.3330461006568,23.8110707625543,-3.));
#5965=CARTESIAN_POINT('',(-25.1022907915679,25.102290672677,-4.));
#5966=CARTESIAN_POINT('',(-25.1204185593615,25.0841627363472,-4.00000019727053));
#5967=CARTESIAN_POINT('',(-25.1568740320033,25.0482644734808,-3.99940083389286));
#5968=CARTESIAN_POINT('',(-25.2121433072958,24.9954843065729,-3.99672363697597));
#5969=CARTESIAN_POINT('',(-25.2679160457718,24.943825447533,-3.99229920890103));
#5970=CARTESIAN_POINT('',(-25.324239110654,24.8932209139912,-3.98614968796611));
#5971=CARTESIAN_POINT('',(-25.381060991128,24.8437006366609,-3.97829894515261));
#5972=CARTESIAN_POINT('',(-25.4382230104354,24.7953777110519,-3.96879682747021));
#5973=CARTESIAN_POINT('',(-25.4954223737773,24.7484660743198,-3.95773982090949));
#5974=CARTESIAN_POINT('',(-25.5526899387772,24.7028903913758,-3.945176797396));
#5975=CARTESIAN_POINT('',(-25.609875365733,24.6587234812561,-3.93119221689683));
#5976=CARTESIAN_POINT('',(-25.6669603382852,24.6159302926988,-3.91584464813782));
#5977=CARTESIAN_POINT('',(-25.7236653351828,24.574662297134,-3.89927284973225));
#5978=CARTESIAN_POINT('',(-25.7801022179433,24.534778405953,-3.88150945803847));
#5979=CARTESIAN_POINT('',(-25.8362320315256,24.4962542230089,-3.86262375141425));
#5980=CARTESIAN_POINT('',(-25.8921786672124,24.4589595394553,-3.84262385168228));
#5981=CARTESIAN_POINT('',(-25.9478542704486,24.4229097482701,-3.82158880679822));
#5982=CARTESIAN_POINT('',(-26.0033858409415,24.3879834528718,-3.79951398644822));
#5983=CARTESIAN_POINT('',(-26.0588046954705,24.3541287444801,-3.77642288003864));
#5984=CARTESIAN_POINT('',(-26.1142070689459,24.3212605233723,-3.7523050607448));
#5985=CARTESIAN_POINT('',(-26.1695743794175,24.2893661607139,-3.72719546437682));
#5986=CARTESIAN_POINT('',(-26.2249331181741,24.2584085242721,-3.70110703402552));
#5987=CARTESIAN_POINT('',(-26.2802972490276,24.2283599761869,-3.67405598190501));
#5988=CARTESIAN_POINT('',(-26.3356928036297,24.19918883788,-3.64604997579289));
#5989=CARTESIAN_POINT('',(-26.3911450852018,24.1708663367077,-3.6170943979455));
#5990=CARTESIAN_POINT('',(-26.4466400881453,24.1433856492272,-3.58721319179384));
#5991=CARTESIAN_POINT('',(-26.5022064402266,24.1167191722708,-3.55640699623032));
#5992=CARTESIAN_POINT('',(-26.5578359636736,24.090858952797,-3.5246947758665));
#5993=CARTESIAN_POINT('',(-26.6135665458517,24.0657770840868,-3.49206771795529));
#5994=CARTESIAN_POINT('',(-26.6693446472181,24.0414874957466,-3.45856981750711));
#5995=CARTESIAN_POINT('',(-26.7251596302023,24.0179838625905,-3.42422093011005));
#5996=CARTESIAN_POINT('',(-26.7809408263855,23.9952838478692,-3.38907917152318));
#5997=CARTESIAN_POINT('',(-26.83667198674,23.9733807545629,-3.3531706328708));
#5998=CARTESIAN_POINT('',(-26.8923045135991,23.9522795881622,-3.31654325013956));
#5999=CARTESIAN_POINT('',(-26.9478363626555,23.9319668611589,-3.27921512567447));
#6000=CARTESIAN_POINT('',(-27.0032557235604,23.9124327658325,-3.24121076971893));
#6001=CARTESIAN_POINT('',(-27.0585822832479,23.8936571588284,-3.2025322650991));
#6002=CARTESIAN_POINT('',(-27.113796590182,23.8756343278181,-3.16320784321366));
#6003=CARTESIAN_POINT('',(-27.1688886300276,23.8583548975518,-3.1232595604764));
#6004=CARTESIAN_POINT('',(-27.2238306207285,23.8418146524129,-3.08272271960901));
#6005=CARTESIAN_POINT('',(-27.2785769550797,23.8260141364075,-3.04164633826645));
#6006=CARTESIAN_POINT('',(-27.3149253440987,23.8159691986618,-3.01392766281908));
#6007=CARTESIAN_POINT('',(-27.3330461007655,23.8110707628522,-3.));
#6008=CARTESIAN_POINT('',(-27.3330460999111,23.8110707634104,1.));
#6009=VECTOR('',#6010,1.);
#6010=DIRECTION('',(0.,0.,-1.));
#6011=AXIS2_PLACEMENT_3D('',#6012,#6013,#6014);
#6012=CARTESIAN_POINT('',(0.,0.,-3.));
#6013=DIRECTION('',(0.,0.,-1.));
#6014=DIRECTION('',(-0.829628719797598,0.558315490817691,0.));
#6015=AXIS2_PLACEMENT_3D('',#6016,#6017,#6018);
#6016=CARTESIAN_POINT('',(0.,0.,-4.));
#6017=DIRECTION('',(0.,0.,-1.));
#6018=DIRECTION('',(-0.866025403716603,0.500000000117494,0.));
#6019=AXIS2_PLACEMENT_3D('',#6020,#6021,#6022);
#6020=CARTESIAN_POINT('',(0.,0.,-4.));
#6021=DIRECTION('',(0.,0.,-1.));
#6022=DIRECTION('',(-0.965925826253955,0.258819045233566,0.));
#6023=AXIS2_PLACEMENT_3D('',#6024,#6025,#6026);
#6024=CARTESIAN_POINT('',(0.,0.,-4.));
#6025=DIRECTION('',(0.,0.,-1.));
#6026=DIRECTION('',(-1.,0.,0.));
#6027=AXIS2_PLACEMENT_3D('',#6028,#6029,#6030);
#6028=CARTESIAN_POINT('',(0.,0.,-4.));
#6029=DIRECTION('',(0.,0.,-1.));
#6030=DIRECTION('',(-0.965925826324179,-0.258819044971485,0.));
#6031=AXIS2_PLACEMENT_3D('',#6032,#6033,#6034);
#6032=CARTESIAN_POINT('',(0.,0.,-4.));
#6033=DIRECTION('',(0.,0.,-1.));
#6034=DIRECTION('',(-0.866025403852272,-0.49999999988251,0.));
#6035=AXIS2_PLACEMENT_3D('',#6036,#6037,#6038);
#6036=CARTESIAN_POINT('',(0.,0.,-4.));
#6037=DIRECTION('',(0.,0.,-1.));
#6038=DIRECTION('',(-0.707106781282478,-0.707106781090617,0.));
#6039=AXIS2_PLACEMENT_3D('',#6040,#6041,#6042);
#6040=CARTESIAN_POINT('',(0.,0.,-4.));
#6041=DIRECTION('',(0.,0.,-1.));
#6042=DIRECTION('',(-0.500000000117493,-0.866025403716604,0.));
#6043=AXIS2_PLACEMENT_3D('',#6044,#6045,#6046);
#6044=CARTESIAN_POINT('',(0.,0.,-4.));
#6045=DIRECTION('',(0.,0.,-1.));
#6046=DIRECTION('',(-0.258819045233573,-0.965925826253953,0.));
#6047=AXIS2_PLACEMENT_3D('',#6048,#6049,#6050);
#6048=CARTESIAN_POINT('',(0.,0.,-4.));
#6049=DIRECTION('',(0.,0.,-1.));
#6050=DIRECTION('',(-1.35669069912174E-10,-1.,0.));
#6051=AXIS2_PLACEMENT_3D('',#6052,#6053,#6054);
#6052=CARTESIAN_POINT('',(0.,0.,-4.));
#6053=DIRECTION('',(0.,0.,-1.));
#6054=DIRECTION('',(0.258819044971479,-0.965925826324181,0.));
#6055=AXIS2_PLACEMENT_3D('',#6056,#6057,#6058);
#6056=CARTESIAN_POINT('',(0.,0.,-4.));
#6057=DIRECTION('',(0.,0.,-1.));
#6058=DIRECTION('',(0.499999999882514,-0.866025403852269,0.));
#6059=AXIS2_PLACEMENT_3D('',#6060,#6061,#6062);
#6060=CARTESIAN_POINT('',(0.,0.,-4.));
#6061=DIRECTION('',(0.,0.,-1.));
#6062=DIRECTION('',(0.707106781090617,-0.707106781282478,0.));
#6063=AXIS2_PLACEMENT_3D('',#6064,#6065,#6066);
#6064=CARTESIAN_POINT('',(0.,0.,-4.));
#6065=DIRECTION('',(0.,0.,-1.));
#6066=DIRECTION('',(0.866025403716603,-0.500000000117495,0.));
#6067=AXIS2_PLACEMENT_3D('',#6068,#6069,#6070);
#6068=CARTESIAN_POINT('',(0.,0.,-4.));
#6069=DIRECTION('',(0.,0.,-1.));
#6070=DIRECTION('',(0.965925826253955,-0.258819045233566,0.));
#6071=AXIS2_PLACEMENT_3D('',#6072,#6073,#6074);
#6072=CARTESIAN_POINT('',(0.,0.,-4.));
#6073=DIRECTION('',(0.,0.,-1.));
#6074=DIRECTION('',(1.,-1.35667798876885E-10,0.));
#6075=AXIS2_PLACEMENT_3D('',#6076,#6077,#6078);
#6076=CARTESIAN_POINT('',(0.,0.,-4.));
#6077=DIRECTION('',(0.,0.,-1.));
#6078=DIRECTION('',(0.965925826324181,0.258819044971478,0.));
#6079=AXIS2_PLACEMENT_3D('',#6080,#6081,#6082);
#6080=CARTESIAN_POINT('',(0.,0.,-4.));
#6081=DIRECTION('',(0.,0.,-1.));
#6082=DIRECTION('',(0.866025403852269,0.499999999882515,0.));
#6083=AXIS2_PLACEMENT_3D('',#6084,#6085,#6086);
#6084=CARTESIAN_POINT('',(0.,0.,-4.));
#6085=DIRECTION('',(0.,0.,-1.));
#6086=DIRECTION('',(0.707106781282478,0.707106781090617,0.));
#6087=AXIS2_PLACEMENT_3D('',#6088,#6089,#6090);
#6088=CARTESIAN_POINT('',(0.,0.,-4.));
#6089=DIRECTION('',(0.,0.,-1.));
#6090=DIRECTION('',(0.500000000117487,0.866025403716607,0.));
#6091=AXIS2_PLACEMENT_3D('',#6092,#6093,#6094);
#6092=CARTESIAN_POINT('',(0.,0.,-4.));
#6093=DIRECTION('',(0.,0.,-1.));
#6094=DIRECTION('',(0.258819045233568,0.965925826253954,0.));
#6095=AXIS2_PLACEMENT_3D('',#6096,#6097,#6098);
#6096=CARTESIAN_POINT('',(0.,0.,-4.));
#6097=DIRECTION('',(0.,0.,-1.));
#6098=DIRECTION('',(1.3566808215383E-10,1.,0.));
#6099=AXIS2_PLACEMENT_3D('',#6100,#6101,#6102);
#6100=CARTESIAN_POINT('',(0.,0.,-4.));
#6101=DIRECTION('',(0.,0.,-1.));
#6102=DIRECTION('',(-0.258819044971477,0.965925826324181,0.));
#6103=AXIS2_PLACEMENT_3D('',#6104,#6105,#6106);
#6104=CARTESIAN_POINT('',(0.,0.,-4.));
#6105=DIRECTION('',(0.,0.,-1.));
#6106=DIRECTION('',(-0.499999999882511,0.866025403852271,0.));
#6107=AXIS2_PLACEMENT_3D('',#6108,#6109,#6110);
#6108=CARTESIAN_POINT('',(0.,0.,-4.));
#6109=DIRECTION('',(0.,0.,-1.));
#6110=DIRECTION('',(-0.707106781090615,0.70710678128248,0.));
ENDSEC;
END-ISO-10303-21;
